Time,TS outlet pressure (Mean),Pump outlet pressure (Mean),Differential pressure (Mean),Differential pressure (Std Dev),Pressure before pump (Std Dev),Pressure after pump (Std Dev),Plug,Plug_future,LogId
2021-09-01 10:59:21.171,0.138025,0.00027,0.012027,0.016481,0.03155,0.00584,0,0,3
2021-09-01 10:59:22.670,0.138058,0.000206,0.012667,0.017171,0.028503,0.005704,0,0,3
2021-09-01 10:59:24.169,0.139616,0.000178,0.013188,0.015886,0.030005,0.005745,0,0,3
2021-09-01 10:59:25.670,0.139463,0.000284,0.013233,0.017722,0.029836,0.005793,0,0,3
2021-09-01 10:59:27.169,0.139763,0.000413,0.013059,0.015764,0.030131,0.005739,0,0,3
2021-09-01 10:59:28.670,0.139144,0.000242,0.012829,0.017292,0.029336,0.005716,0,0,3
2021-09-01 10:59:30.169,0.139693,0.00028,0.012869,0.016297,0.028373,0.005453,0,0,3
2021-09-01 10:59:31.670,0.13912,0.000403,0.012859,0.017964,0.026847,0.005837,0,0,3
2021-09-01 10:59:33.169,0.14072,0.000388,0.013231,0.016206,0.029151,0.005682,0,0,3
2021-09-01 10:59:34.670,0.141369,0.000298,0.013576,0.017221,0.029636,0.00563,0,0,3
2021-09-01 10:59:36.169,0.14031,0.000171,0.013175,0.017883,0.02908,0.005652,0,0,3
2021-09-01 10:59:37.669,0.139946,0.000583,0.012619,0.016901,0.031529,0.005765,0,0,3
2021-09-01 10:59:39.169,0.139848,0.000443,0.012631,0.016421,0.029057,0.005783,0,0,3
2021-09-01 10:59:40.669,0.140075,0.000373,0.012981,0.016968,0.030998,0.005625,0,0,3
2021-09-01 10:59:42.169,0.139525,0.00018,0.012411,0.017774,0.030099,0.00572,0,0,3
2021-09-01 10:59:43.669,0.13843,0.000257,0.01268,0.016733,0.027988,0.005747,0,0,3
2021-09-01 10:59:45.169,0.139795,0.00053,0.012717,0.015982,0.031258,0.005682,0,0,3
2021-09-01 10:59:46.669,0.139914,0.000425,0.012644,0.015799,0.03001,0.005625,0,0,3
2021-09-01 10:59:48.169,0.13996,0.000264,0.012521,0.016359,0.030804,0.005762,0,0,3
2021-09-01 10:59:49.669,0.140229,0.000275,0.012938,0.017245,0.027772,0.005571,0,0,3
2021-09-01 10:59:51.169,0.139095,0.000527,0.012858,0.016642,0.028453,0.005643,0,0,3
2021-09-01 10:59:52.669,0.1399,0.000324,0.012546,0.016428,0.028888,0.00569,0,0,3
2021-09-01 10:59:54.169,0.140128,0.00053,0.012974,0.017261,0.030454,0.005721,0,0,3
2021-09-01 10:59:55.669,0.140012,0.000471,0.012601,0.017162,0.030718,0.00566,0,0,3
2021-09-01 10:59:57.169,0.13989,0.000369,0.013152,0.017369,0.028943,0.005585,0,0,3
2021-09-01 10:59:58.670,0.138924,0.000326,0.012431,0.016388,0.028932,0.005665,0,0,3
2021-09-01 11:00:00.169,0.13941,0.000494,0.012238,0.017109,0.029449,0.005728,0,0,3
2021-09-01 11:00:01.669,0.139935,0.000509,0.012625,0.017149,0.030029,0.005782,0,0,3
2021-09-01 11:00:03.168,0.140019,0.000518,0.012501,0.017061,0.029261,0.005694,0,0,3
2021-09-01 11:00:04.669,0.141156,0.000455,0.012596,0.016749,0.031539,0.005695,0,0,3
2021-09-01 11:00:06.168,0.139515,0.000402,0.012281,0.016837,0.028233,0.005698,0,0,3
2021-09-01 11:00:07.669,0.139585,0.00056,0.012339,0.016707,0.028474,0.005801,0,0,3
2021-09-01 11:00:09.168,0.14072,0.000567,0.01255,0.016181,0.030801,0.005739,0,0,3
2021-09-01 11:00:10.669,0.138714,0.000518,0.012339,0.016089,0.025851,0.005693,0,0,3
2021-09-01 11:00:12.168,0.139557,0.000518,0.012281,0.01654,0.027161,0.005706,0,0,3
2021-09-01 11:00:13.667,0.139487,0.000683,0.012587,0.016132,0.027561,0.005785,0,0,3
2021-09-01 11:00:15.168,0.139882,0.00055,0.012468,0.01581,0.029196,0.005736,0,0,3
2021-09-01 11:00:16.667,0.140723,0.000346,0.012471,0.015773,0.029488,0.005799,0,0,3
2021-09-01 11:00:18.166,0.139368,0.000269,0.012673,0.016443,0.02753,0.005661,0,0,3
2021-09-01 11:00:19.667,0.140649,0.000277,0.012829,0.016175,0.028421,0.005585,0,0,3
2021-09-01 11:00:21.166,0.139672,0.000381,0.012391,0.017597,0.029842,0.005706,0,0,3
2021-09-01 11:00:22.667,0.140963,0.000413,0.012817,0.016837,0.029639,0.005713,0,0,3
2021-09-01 11:00:24.168,0.139589,0.000361,0.012333,0.016287,0.027613,0.005609,0,0,3
2021-09-01 11:00:25.667,0.139529,0.000459,0.012526,0.017114,0.027929,0.005786,0,0,3
2021-09-01 11:00:27.166,0.139725,0.000336,0.012409,0.016761,0.027743,0.005681,0,0,3
2021-09-01 11:00:28.667,0.14004,0.00048,0.012358,0.016398,0.030086,0.005674,0,0,3
2021-09-01 11:00:30.166,0.140121,0.000392,0.012685,0.016312,0.031486,0.005565,0,0,3
2021-09-01 11:00:31.667,0.139645,0.000382,0.012235,0.016362,0.027869,0.005933,0,0,3
2021-09-01 11:00:33.166,0.139571,0.000301,0.012679,0.016872,0.028526,0.005723,0,0,3
2021-09-01 11:00:34.667,0.139767,0.000336,0.012088,0.016834,0.030675,0.005706,0,0,3
2021-09-01 11:00:36.166,0.139459,0.00035,0.01225,0.016744,0.030799,0.005698,0,0,3
2021-09-01 11:00:37.662,0.138833,0.000165,0.012097,0.017418,0.028438,0.005424,0,0,3
2021-09-01 11:00:39.165,0.138915,0.000344,0.012226,0.017123,0.029223,0.005733,0,0,3
2021-09-01 11:00:40.665,0.140443,0.000107,0.012466,0.016849,0.030074,0.005572,0,0,3
2021-09-01 11:00:42.166,0.139683,0.000144,0.012431,0.016251,0.031375,0.005548,0,0,3
2021-09-01 11:00:43.665,0.140541,0.000259,0.012612,0.016437,0.030616,0.005735,0,0,3
2021-09-01 11:00:45.166,0.139232,0.000263,0.012217,0.016683,0.0292,0.005606,0,0,3
2021-09-01 11:00:46.665,0.14024,0.000448,0.012783,0.017249,0.031853,0.005695,0,0,3
2021-09-01 11:00:48.166,0.140456,0.000431,0.012572,0.016368,0.030718,0.005729,0,0,3
2021-09-01 11:00:49.665,0.141819,0.000441,0.01274,0.017156,0.030523,0.005693,0,0,3
2021-09-01 11:00:51.166,0.140012,0.000522,0.012241,0.016713,0.02821,0.005694,0,0,3
2021-09-01 11:00:52.665,0.140397,0.000487,0.012103,0.01625,0.029882,0.00565,0,0,3
2021-09-01 11:00:54.165,0.140394,0.000562,0.011994,0.016403,0.030979,0.005673,0,0,3
2021-09-01 11:00:55.665,0.139557,0.000191,0.012135,0.016107,0.030129,0.005594,0,0,3
2021-09-01 11:00:57.165,0.13935,0.000369,0.011958,0.016891,0.030138,0.00569,0,0,3
2021-09-01 11:00:58.665,0.139571,0.000289,0.012478,0.017042,0.02959,0.005615,0,0,3
2021-09-01 11:01:00.165,0.139035,0.000341,0.012203,0.016201,0.028965,0.005682,0,0,3
2021-09-01 11:01:01.665,0.139935,0.000436,0.011945,0.016829,0.028387,0.005692,0,0,3
2021-09-01 11:01:03.165,0.139879,0.000313,0.012356,0.016622,0.028413,0.005635,0,0,3
2021-09-01 11:01:04.665,0.140443,0.000467,0.012558,0.017432,0.030081,0.005838,0,0,3
2021-09-01 11:01:06.165,0.139718,0.000376,0.01257,0.017139,0.030393,0.005768,0,0,3
2021-09-01 11:01:07.665,0.139378,0.000404,0.012246,0.01662,0.028378,0.005698,0,0,3
2021-09-01 11:01:09.165,0.139333,0.000429,0.012172,0.016962,0.029579,0.005729,0,0,3
2021-09-01 11:01:10.664,0.139459,0.000441,0.012728,0.016022,0.029242,0.005628,0,0,3
2021-09-01 11:01:12.163,0.14031,0.000466,0.01274,0.017169,0.03045,0.005838,0,0,3
2021-09-01 11:01:13.664,0.139599,0.000532,0.012437,0.01608,0.030882,0.005669,0,0,3
2021-09-01 11:01:15.163,0.140436,0.000616,0.012397,0.016123,0.031534,0.005653,0,0,3
2021-09-01 11:01:16.664,0.140288,0.000599,0.012517,0.016467,0.030147,0.005625,0,0,3
2021-09-01 11:01:18.165,0.140547,0.000683,0.012437,0.016604,0.029206,0.005784,0,0,3
2021-09-01 11:01:19.664,0.139693,0.000665,0.012287,0.01674,0.030071,0.005898,0,0,3
2021-09-01 11:01:21.163,0.140159,0.000571,0.012422,0.016755,0.02993,0.005687,0,0,3
2021-09-01 11:01:22.664,0.140358,0.00055,0.012572,0.016749,0.02946,0.005593,0,0,3
2021-09-01 11:01:24.163,0.139508,0.000686,0.012422,0.017389,0.030112,0.005823,0,0,3
2021-09-01 11:01:25.664,0.139767,0.000525,0.012315,0.015488,0.030804,0.005771,0,0,3
2021-09-01 11:01:27.163,0.139939,0.000532,0.01214,0.017231,0.027561,0.00576,0,0,3
2021-09-01 11:01:28.664,0.139508,0.000623,0.012076,0.017012,0.029706,0.005705,0,0,3
2021-09-01 11:01:30.163,0.140755,0.000427,0.012238,0.016587,0.029655,0.005793,0,0,3
2021-09-01 11:01:31.662,0.140068,0.000413,0.012066,0.01669,0.031216,0.00553,0,0,3
2021-09-01 11:01:33.163,0.139277,0.000315,0.012094,0.016965,0.029951,0.005866,0,0,3
2021-09-01 11:01:34.662,0.140061,0.00048,0.012422,0.017259,0.028925,0.005803,0,0,3
2021-09-01 11:01:36.161,0.140191,0.000476,0.01206,0.017014,0.031521,0.005789,0,0,3
2021-09-01 11:01:37.662,0.139323,0.000476,0.012168,0.016665,0.027539,0.005699,0,0,3
2021-09-01 11:01:39.163,0.139508,0.000361,0.011831,0.017979,0.02886,0.005713,0,0,3
2021-09-01 11:01:40.662,0.13962,0.000462,0.01206,0.01672,0.029532,0.005658,0,0,3
2021-09-01 11:01:42.163,0.138672,0.000448,0.011648,0.01639,0.028392,0.005822,0,0,3
2021-09-01 11:01:43.662,0.138748,0.000367,0.012023,0.016546,0.02885,0.005676,0,0,3
2021-09-01 11:01:45.163,0.140565,0.000218,0.012272,0.016966,0.02915,0.005746,0,0,3
2021-09-01 11:01:46.662,0.139826,0.000294,0.012084,0.01707,0.028871,0.00581,0,0,3
2021-09-01 11:01:48.161,0.140152,0.000511,0.012201,0.016686,0.029294,0.005731,0,0,3
2021-09-01 11:01:49.662,0.139669,0.000382,0.012229,0.017078,0.029125,0.005679,0,0,3
2021-09-01 11:01:51.161,0.139059,0.000266,0.012281,0.015513,0.029696,0.005763,0,0,3
2021-09-01 11:01:52.662,0.139102,0.000347,0.012241,0.016509,0.030483,0.005683,0,0,3
2021-09-01 11:01:54.161,0.138695,0.000371,0.012256,0.017088,0.027255,0.005586,0,0,3
2021-09-01 11:01:55.662,0.138686,8.1e-05,0.012003,0.016546,0.028085,0.005717,0,0,3
2021-09-01 11:01:57.161,0.140853,0.000385,0.012262,0.016939,0.031652,0.005655,0,0,3
2021-09-01 11:01:58.662,0.139316,0.000144,0.011954,0.01767,0.028153,0.005653,0,0,3
2021-09-01 11:02:00.161,0.140618,0.000413,0.01236,0.016839,0.030669,0.00594,0,0,3
2021-09-01 11:02:01.661,0.140607,0.000275,0.012595,0.016249,0.029196,0.005518,0,0,3
2021-09-01 11:02:03.161,0.140471,0.000229,0.01246,0.016865,0.030453,0.005621,0,0,3
2021-09-01 11:02:04.661,0.138944,0.000492,0.011786,0.017349,0.030142,0.005905,0,0,3
2021-09-01 11:02:06.161,0.139158,0.000583,0.011511,0.016229,0.029999,0.005544,0,0,3
2021-09-01 11:02:07.661,0.139897,0.00031,0.011854,0.018372,0.029334,0.005608,0,0,3
2021-09-01 11:02:09.160,0.140594,0.000269,0.012164,0.017128,0.030267,0.005739,0,0,3
2021-09-01 11:02:10.661,0.140197,0.000333,0.012413,0.016845,0.031209,0.005718,0,0,3
2021-09-01 11:02:12.161,0.139179,0.000285,0.012148,0.016087,0.02908,0.00582,0,0,3
2021-09-01 11:02:13.661,0.139217,0.000212,0.01205,0.016653,0.029571,0.005576,0,0,3
2021-09-01 11:02:15.160,0.140425,0.000518,0.012201,0.018073,0.031457,0.005821,0,0,3
2021-09-01 11:02:16.661,0.139994,0.000263,0.012468,0.017305,0.02961,0.005787,0,0,3
2021-09-01 11:02:18.160,0.139984,0.000466,0.012115,0.01667,0.030738,0.005711,0,0,3
2021-09-01 11:02:19.659,0.139774,0.000161,0.01236,0.017903,0.029027,0.005543,0,0,3
2021-09-01 11:02:21.160,0.139277,0.000357,0.012094,0.016643,0.029336,0.005673,0,0,3
2021-09-01 11:02:22.659,0.139634,0.000346,0.011864,0.016891,0.030117,0.005761,0,0,3
2021-09-01 11:02:24.160,0.140078,0.000396,0.011892,0.016247,0.029526,0.005836,0,0,3
2021-09-01 11:02:25.661,0.139869,0.00013,0.012125,0.017137,0.030799,0.005712,0,0,3
2021-09-01 11:02:27.157,0.138763,0.000319,0.012257,0.017492,0.028083,0.00569,0,0,3
2021-09-01 11:02:28.659,0.140326,0.000601,0.012316,0.017795,0.031502,0.005715,0,0,3
2021-09-01 11:02:30.160,0.139575,0.000487,0.012131,0.017173,0.03022,0.005778,0,0,3
2021-09-01 11:02:31.659,0.139967,0.000395,0.011888,0.017918,0.029905,0.005592,0,0,3
2021-09-01 11:02:33.160,0.140355,0.000557,0.012455,0.017824,0.030235,0.005838,0,0,3
2021-09-01 11:02:34.659,0.139399,0.000494,0.012097,0.017726,0.029307,0.00583,0,0,3
2021-09-01 11:02:36.160,0.139795,0.000368,0.012578,0.01589,0.02845,0.005753,0,0,3
2021-09-01 11:02:37.659,0.139091,0.000154,0.011784,0.015675,0.029639,0.005774,0,0,3
2021-09-01 11:02:39.158,0.138597,0.000367,0.012134,0.018038,0.028079,0.005754,0,0,3
2021-09-01 11:02:40.659,0.13948,0.000361,0.012302,0.017215,0.030839,0.005674,0,0,3
2021-09-01 11:02:42.659,0.14054,0.000548,0.012396,0.01788,0.031805,0.005761,0,0,3
2021-09-01 11:02:44.158,0.138779,0.000308,0.012348,0.017071,0.02893,0.00575,0,0,3
2021-09-01 11:02:45.659,0.139284,0.000263,0.012027,0.016725,0.029606,0.005761,0,0,3
2021-09-01 11:02:47.160,0.140005,0.000249,0.012192,0.016354,0.029125,0.005654,0,0,3
2021-09-01 11:02:48.659,0.13997,0.000308,0.012158,0.017184,0.031006,0.005789,0,0,3
2021-09-01 11:02:50.158,0.138653,0.000322,0.011974,0.017531,0.027936,0.005754,0,0,3
2021-09-01 11:02:51.659,0.139655,9.9e-05,0.012088,0.017695,0.031613,0.005608,0,0,3
2021-09-01 11:02:53.158,0.139115,0.00021,0.011778,0.017369,0.028684,0.005795,0,0,3
2021-09-01 11:02:54.659,0.138844,0.000228,0.011966,0.017409,0.026672,0.005698,0,0,3
2021-09-01 11:02:56.158,0.139977,0.000248,0.012189,0.017534,0.030481,0.005667,0,0,3
2021-09-01 11:02:57.657,0.139063,0.000304,0.012091,0.016788,0.030328,0.005788,0,0,3
2021-09-01 11:02:59.158,0.138994,0.000329,0.011745,0.016764,0.030322,0.005692,0,0,3
2021-09-01 11:03:00.657,0.139557,0.00022,0.011919,0.017201,0.030546,0.005735,0,0,3
2021-09-01 11:03:02.158,0.139942,0.00048,0.012113,0.01681,0.02887,0.005751,0,0,3
2021-09-01 11:03:03.657,0.13921,0.000483,0.011754,0.016458,0.028511,0.005803,0,0,3
2021-09-01 11:03:05.157,0.140173,0.000397,0.01167,0.016262,0.029238,0.005657,0,0,3
2021-09-01 11:03:06.657,0.138843,0.000394,0.011547,0.016912,0.029971,0.005631,0,0,3
2021-09-01 11:03:08.158,0.139123,0.000224,0.01158,0.017241,0.028808,0.00558,0,0,3
2021-09-01 11:03:09.656,0.138954,6.4e-05,0.011629,0.016088,0.030059,0.005566,0,0,3
2021-09-01 11:03:11.157,0.139162,0.00035,0.011862,0.01675,0.029241,0.005723,0,0,3
2021-09-01 11:03:12.657,0.139298,0.000254,0.011952,0.017211,0.028092,0.005772,0,0,3
2021-09-01 11:03:14.157,0.139168,0.000369,0.01178,0.016904,0.028542,0.005893,0,0,3
2021-09-01 11:03:15.657,0.139179,0.000369,0.011774,0.018202,0.028461,0.005754,0,0,3
2021-09-01 11:03:17.157,0.139263,0.000352,0.01137,0.016933,0.028386,0.005876,0,0,3
2021-09-01 11:03:18.656,0.139469,0.000476,0.011239,0.017232,0.030187,0.005815,0,0,3
2021-09-01 11:03:20.157,0.139088,0.000375,0.011752,0.017042,0.030724,0.005793,0,0,3
2021-09-01 11:03:21.656,0.140275,0.000245,0.011625,0.01646,0.03157,0.005705,0,0,3
2021-09-01 11:03:23.157,0.139106,0.000466,0.011556,0.01713,0.028314,0.005825,0,0,3
2021-09-01 11:03:24.653,0.139963,0.000295,0.011416,0.017783,0.030596,0.005657,0,0,3
2021-09-01 11:03:26.155,0.139627,0.000321,0.011797,0.017062,0.029557,0.005637,0,0,3
2021-09-01 11:03:27.656,0.140474,0.000532,0.01185,0.015914,0.029058,0.005695,0,0,3
2021-09-01 11:03:29.157,0.140774,0.000427,0.01185,0.016781,0.031012,0.005918,0,0,3
2021-09-01 11:03:30.656,0.139371,0.000378,0.011606,0.017084,0.028421,0.005731,0,0,3
2021-09-01 11:03:32.155,0.140737,0.00043,0.011754,0.017247,0.029541,0.00573,0,0,3
2021-09-01 11:03:33.656,0.141093,0.000501,0.011911,0.017533,0.029058,0.005918,0,0,3
2021-09-01 11:03:35.155,0.142362,0.000416,0.011962,0.015961,0.029842,0.005854,0,0,3
2021-09-01 11:03:36.656,0.143055,0.000515,0.012217,0.016964,0.028238,0.005731,0,0,3
2021-09-01 11:03:38.157,0.142163,0.000501,0.012021,0.016579,0.028964,0.005805,0,0,3
2021-09-01 11:03:39.656,0.143581,0.000451,0.012379,0.017175,0.029542,0.005772,0,0,3
2021-09-01 11:03:41.155,0.144912,0.000644,0.012428,0.016522,0.029167,0.005922,0,0,3
2021-09-01 11:03:42.654,0.144587,0.000483,0.01244,0.017079,0.027824,0.005727,0,0,3
2021-09-01 11:03:44.155,0.144912,0.000522,0.012804,0.017031,0.028355,0.005758,0,0,3
2021-09-01 11:03:45.656,0.144223,0.000455,0.012492,0.0175,0.029559,0.005734,0,0,3
2021-09-01 11:03:47.155,0.144926,0.000413,0.012152,0.017421,0.030673,0.005713,0,0,3
2021-09-01 11:03:48.656,0.144367,0.000368,0.012241,0.016887,0.028513,0.005791,0,0,3
2021-09-01 11:03:50.153,0.145571,0.000213,0.012572,0.017491,0.03018,0.005563,0,0,3
2021-09-01 11:03:51.654,0.145395,0.000399,0.012725,0.017325,0.030658,0.005735,0,0,3
2021-09-01 11:03:53.155,0.144961,0.000245,0.012205,0.017115,0.029947,0.005704,0,0,3
2021-09-01 11:03:54.654,0.143981,0.000311,0.012366,0.016634,0.02812,0.005777,0,0,3
2021-09-01 11:03:56.153,0.14424,0.000364,0.012299,0.016775,0.028344,0.005623,0,0,3
2021-09-01 11:03:57.654,0.143898,0.000357,0.012266,0.016929,0.027798,0.00566,0,0,3
2021-09-01 11:03:59.153,0.144643,1.7e-05,0.012146,0.016871,0.028968,0.005687,0,0,3
2021-09-01 11:04:00.654,0.145752,0.00013,0.012137,0.017275,0.030706,0.005738,0,0,3
2021-09-01 11:04:02.155,0.145441,0.000158,0.012241,0.017984,0.029012,0.0058,0,0,3
2021-09-01 11:04:03.654,0.145129,0.000157,0.01206,0.016814,0.029877,0.005711,0,0,3
2021-09-01 11:04:05.155,0.144314,0.000347,0.012217,0.017806,0.02774,0.005722,0,0,3
2021-09-01 11:04:06.654,0.144439,0.000343,0.012232,0.017386,0.026079,0.005747,0,0,3
2021-09-01 11:04:08.153,0.144065,0.00043,0.012189,0.016678,0.029113,0.005907,0,0,3
2021-09-01 11:04:09.653,0.145073,0.000264,0.012252,0.016122,0.029548,0.005737,0,0,3
2021-09-01 11:04:11.153,0.145101,0.000219,0.012001,0.016981,0.031901,0.00567,0,0,3
2021-09-01 11:04:12.653,0.144356,0.000401,0.01205,0.016707,0.02787,0.00571,0,0,3
2021-09-01 11:04:14.153,0.144835,0.000275,0.01216,0.016847,0.031693,0.005597,0,0,3
2021-09-01 11:04:15.653,0.145322,0.000411,0.012613,0.016784,0.026673,0.005738,0,0,3
2021-09-01 11:04:17.153,0.144513,0.000222,0.012129,0.017309,0.029564,0.005645,0,0,3
2021-09-01 11:04:18.654,0.144241,0.000305,0.012217,0.017705,0.028689,0.0058,0,0,3
2021-09-01 11:04:20.153,0.146163,0.000287,0.012256,0.016875,0.028034,0.005757,0,0,3
2021-09-01 11:04:21.653,0.144709,0.000205,0.012148,0.01657,0.031291,0.005678,0,0,3
2021-09-01 11:04:23.153,0.144051,0.000334,0.012227,0.017043,0.029547,0.005667,0,0,3
2021-09-01 11:04:24.653,0.144699,0.000264,0.01227,0.016609,0.029101,0.005659,0,0,3
2021-09-01 11:04:26.152,0.144594,8.4e-05,0.012311,0.017141,0.029574,0.005808,0,0,3
2021-09-01 11:04:27.653,0.144685,0.000266,0.012504,0.016891,0.030919,0.005938,0,0,3
2021-09-01 11:04:29.153,0.144408,0.000233,0.012282,0.016872,0.027729,0.005662,0,0,3
2021-09-01 11:04:30.653,0.144692,0.000173,0.011964,0.015425,0.028032,0.005561,0,0,3
2021-09-01 11:04:32.152,0.144716,0.000199,0.012213,0.017225,0.029302,0.005663,0,0,3
2021-09-01 11:04:33.653,0.143961,0.000123,0.012058,0.017046,0.027015,0.005709,0,0,3
2021-09-01 11:04:35.152,0.145105,0.000241,0.012458,0.016506,0.027729,0.005691,0,0,3
2021-09-01 11:04:36.653,0.144493,0.000162,0.01196,0.016726,0.027111,0.005661,0,0,3
2021-09-01 11:04:38.152,0.14521,0.000119,0.012152,0.016842,0.029094,0.005695,0,0,3
2021-09-01 11:04:39.653,0.144577,0.000204,0.011911,0.016114,0.026476,0.00583,0,0,3
2021-09-01 11:04:41.152,0.14383,0.000241,0.011901,0.016662,0.026994,0.005869,0,0,3
2021-09-01 11:04:42.653,0.144167,0.000186,0.012094,0.017215,0.02749,0.005696,0,0,3
2021-09-01 11:04:44.152,0.144849,0.000318,0.012048,0.017243,0.02927,0.005637,0,0,3
2021-09-01 11:04:45.651,0.144418,0.000276,0.011545,0.017454,0.030075,0.005715,0,0,3
2021-09-01 11:04:47.152,0.143804,0.000207,0.011801,0.017117,0.028652,0.005613,0,0,3
2021-09-01 11:04:48.651,0.146222,0.000339,0.012654,0.017733,0.0271,0.005759,0,0,3
2021-09-01 11:04:50.152,0.146525,0.000462,0.012535,0.017542,0.029614,0.005912,0,0,3
2021-09-01 11:04:51.651,0.146982,0.00036,0.012605,0.017138,0.029718,0.005891,0,0,3
2021-09-01 11:04:53.152,0.145647,0.000343,0.012358,0.016832,0.028186,0.005747,0,0,3
2021-09-01 11:04:54.653,0.146102,0.000501,0.012223,0.017212,0.029155,0.005906,0,0,3
2021-09-01 11:04:56.152,0.145084,0.000294,0.011882,0.015922,0.026585,0.005643,0,0,3
2021-09-01 11:04:57.651,0.14679,0.000294,0.012673,0.017363,0.028183,0.005708,0,0,3
2021-09-01 11:04:59.150,0.146902,0.000136,0.01274,0.017037,0.02873,0.005792,0,0,3
2021-09-01 11:05:00.651,0.146522,5.3e-05,0.012566,0.016576,0.028511,0.005781,0,0,3
2021-09-01 11:05:02.150,0.147206,-2.1e-05,0.012802,0.017868,0.030437,0.005641,0,0,3
2021-09-01 11:05:03.651,0.146088,-0.000104,0.012535,0.017375,0.027695,0.005541,0,0,3
2021-09-01 11:05:05.150,0.145868,0.000206,0.012471,0.018014,0.028104,0.005794,0,0,3
2021-09-01 11:05:06.651,0.146833,4.3e-05,0.012358,0.016684,0.030539,0.005725,0,0,3
2021-09-01 11:05:08.152,0.146441,6.4e-05,0.012278,0.017318,0.02881,0.005618,0,0,3
2021-09-01 11:05:09.646,0.147614,0.000284,0.012333,0.017723,0.029409,0.00568,0,0,3
2021-09-01 11:05:11.149,0.146013,-1.6e-05,0.012147,0.017572,0.02864,0.005694,0,0,3
2021-09-01 11:05:12.649,0.146466,7.9e-05,0.012362,0.017152,0.02859,0.005703,0,0,3
2021-09-01 11:05:14.150,0.148005,0.000158,0.012431,0.01632,0.030575,0.005711,0,0,3
2021-09-01 11:05:15.646,0.146674,0.00027,0.012288,0.017046,0.028622,0.005557,0,0,3
2021-09-01 11:05:17.149,0.145217,8.5e-05,0.012239,0.016906,0.028923,0.005509,0,0,3
2021-09-01 11:05:18.646,0.147188,0.000104,0.012504,0.016353,0.029198,0.005651,0,0,3
2021-09-01 11:05:20.149,0.149168,-5.4e-05,0.012825,0.017036,0.028133,0.005569,0,0,3
2021-09-01 11:05:21.649,0.148801,8.9e-05,0.012423,0.016777,0.02941,0.005759,0,0,3
2021-09-01 11:05:23.149,0.148098,-2.3e-05,0.012399,0.016437,0.028838,0.005508,0,0,3
2021-09-01 11:05:24.649,0.147587,0.000117,0.012454,0.017186,0.028556,0.005682,0,0,3
2021-09-01 11:05:26.150,0.146675,0.000116,0.012498,0.016312,0.027429,0.005745,0,0,3
2021-09-01 11:05:27.649,0.14714,0.00014,0.012415,0.017392,0.028179,0.0056,0,0,3
2021-09-01 11:05:29.145,0.147421,1.8e-05,0.012435,0.016748,0.027322,0.005727,0,0,3
2021-09-01 11:05:30.648,0.14834,0.000225,0.013058,0.016771,0.02885,0.005735,0,0,3
2021-09-01 11:05:32.149,0.148211,0.000176,0.012908,0.015985,0.030529,0.00564,0,0,3
2021-09-01 11:05:33.649,0.147069,8.9e-05,0.012589,0.018361,0.034603,0.005747,0,0,3
2021-09-01 11:05:35.149,0.148318,0.000201,0.012797,0.018931,0.030821,0.005492,0,0,3
2021-09-01 11:05:36.648,0.14638,0.000374,0.01217,0.016427,0.029049,0.005652,0,0,3
2021-09-01 11:05:38.149,0.147931,0.000277,0.012645,0.016464,0.029104,0.00574,0,0,3
2021-09-01 11:05:39.649,0.148665,0.000243,0.012631,0.017185,0.0306,0.00573,0,0,3
2021-09-01 11:05:41.149,0.148654,0.000159,0.01235,0.017341,0.028954,0.005725,0,0,3
2021-09-01 11:05:42.649,0.147373,0.00018,0.012288,0.016842,0.028477,0.005629,0,0,3
2021-09-01 11:05:44.149,0.147818,0.000198,0.012307,0.017567,0.028964,0.005688,0,0,3
2021-09-01 11:05:45.648,0.148152,0.000161,0.012305,0.017223,0.028199,0.0057,0,0,3
2021-09-01 11:05:47.149,0.148641,0.00012,0.012266,0.015943,0.030523,0.005695,0,0,3
2021-09-01 11:05:48.648,0.147788,-7e-06,0.012612,0.016587,0.02782,0.005503,0,0,3
2021-09-01 11:05:50.147,0.147721,0.000255,0.012446,0.01681,0.028345,0.005644,0,0,3
2021-09-01 11:05:51.648,0.147833,0.000207,0.012474,0.016679,0.027852,0.005704,0,0,3
2021-09-01 11:05:53.147,0.148345,0.000248,0.012513,0.016215,0.028512,0.005667,0,0,3
2021-09-01 11:05:54.648,0.147501,0.0002,0.012523,0.017355,0.028743,0.005675,0,0,3
2021-09-01 11:05:56.147,0.148124,1.4e-05,0.012513,0.017498,0.028695,0.00562,0,0,3
2021-09-01 11:05:57.648,0.148438,0.000137,0.01256,0.016389,0.028187,0.005817,0,0,3
2021-09-01 11:05:59.147,0.148247,0.000206,0.012759,0.016719,0.028028,0.005704,0,0,3
2021-09-01 11:06:00.646,0.148257,0.000276,0.012262,0.016065,0.028418,0.005728,0,0,3
2021-09-01 11:06:02.147,0.148148,0.000186,0.01259,0.01644,0.02804,0.005786,0,0,3
2021-09-01 11:06:03.648,0.149148,0.000144,0.012823,0.017438,0.029344,0.005744,0,0,3
2021-09-01 11:06:05.147,0.148051,0.00022,0.012274,0.016813,0.028977,0.005735,0,0,3
2021-09-01 11:06:06.648,0.147032,0.000287,0.011935,0.016883,0.028297,0.005744,0,0,3
2021-09-01 11:06:08.147,0.147833,0.000231,0.012005,0.015801,0.029634,0.005739,0,0,3
2021-09-01 11:06:09.646,0.148944,0.000224,0.012256,0.016277,0.029619,0.005825,0,0,3
2021-09-01 11:06:11.147,0.148596,-2e-05,0.01259,0.01719,0.028957,0.005693,0,0,3
2021-09-01 11:06:12.648,0.148173,0.000266,0.012309,0.016694,0.028898,0.005621,0,0,3
2021-09-01 11:06:14.147,0.147938,0.000185,0.012336,0.017712,0.028636,0.005644,0,0,3
2021-09-01 11:06:15.646,0.148261,9.1e-05,0.012434,0.017174,0.028622,0.005836,0,0,3
2021-09-01 11:06:17.145,0.147952,0.000154,0.012299,0.016721,0.028605,0.005761,0,0,3
2021-09-01 11:06:18.646,0.14869,0.000165,0.012578,0.017288,0.029811,0.00561,0,0,3
2021-09-01 11:06:20.145,0.149683,0.00036,0.012783,0.016853,0.027125,0.00579,0,0,3
2021-09-01 11:06:21.646,0.149093,5.7e-05,0.0124,0.016944,0.028356,0.005693,0,0,3
2021-09-01 11:06:23.145,0.149823,0.000301,0.012679,0.017707,0.028412,0.005774,0,0,3
2021-09-01 11:06:24.646,0.149981,0.000315,0.012437,0.016806,0.028587,0.005815,0,0,3
2021-09-01 11:06:26.147,0.150359,0.000218,0.012878,0.016854,0.027739,0.005484,0,0,3
2021-09-01 11:06:27.646,0.149543,0.000346,0.012814,0.017658,0.026867,0.005837,0,0,3
2021-09-01 11:06:29.145,0.151553,0.000206,0.012802,0.017107,0.028548,0.005717,0,0,3
2021-09-01 11:06:30.646,0.150096,0.000231,0.012425,0.016254,0.029377,0.005516,0,0,3
2021-09-01 11:06:32.145,0.149515,0.000157,0.012569,0.016309,0.02747,0.005685,0,0,3
2021-09-01 11:06:33.645,0.14975,0.000285,0.01265,0.016092,0.02872,0.005907,0,0,3
2021-09-01 11:06:35.142,0.149748,0.000286,0.01259,0.015785,0.029372,0.005628,0,0,3
2021-09-01 11:06:36.645,0.149789,0.000285,0.012459,0.015934,0.027475,0.005703,0,0,3
2021-09-01 11:06:38.145,0.150089,4.4e-05,0.01284,0.017186,0.027446,0.005726,0,0,3
2021-09-01 11:06:39.645,0.149673,9e-06,0.01265,0.016561,0.027162,0.005618,0,0,3
2021-09-01 11:06:41.145,0.149207,0.000121,0.012711,0.017181,0.026519,0.005605,0,0,3
2021-09-01 11:06:42.645,0.149015,0.000327,0.012429,0.016283,0.026919,0.005691,0,0,3
2021-09-01 11:06:44.145,0.148945,0.00052,0.012589,0.016527,0.026154,0.005758,0,0,3
2021-09-01 11:06:45.645,0.149897,0.000121,0.012301,0.016485,0.027704,0.005592,0,0,3
2021-09-01 11:06:47.145,0.149221,6.8e-05,0.011994,0.015943,0.028662,0.005711,0,0,3
2021-09-01 11:06:48.645,0.149956,0.000194,0.012999,0.016403,0.02665,0.005635,0,0,3
2021-09-01 11:06:50.145,0.149963,0.000268,0.01254,0.016307,0.027928,0.005582,0,0,3
2021-09-01 11:06:51.643,0.149062,0.000113,0.012297,0.017165,0.025992,0.005693,0,0,3
2021-09-01 11:06:53.144,0.149201,8.5e-05,0.011886,0.01611,0.027935,0.005641,0,0,3
2021-09-01 11:06:54.645,0.150327,0.000301,0.012455,0.017194,0.029738,0.005773,0,0,3
2021-09-01 11:06:56.144,0.149136,0.000241,0.012011,0.016659,0.028929,0.005729,0,0,3
2021-09-01 11:06:57.645,0.148543,0.000179,0.011709,0.017083,0.028373,0.005693,0,0,3
2021-09-01 11:06:59.144,0.148916,0.000318,0.011649,0.016328,0.027912,0.005766,0,0,3
2021-09-01 11:07:00.645,0.149068,0.000616,0.012064,0.017704,0.026163,0.005931,0,0,3
2021-09-01 11:07:02.142,0.150846,0.000283,0.01232,0.017368,0.029057,0.005679,0,0,3
2021-09-01 11:07:03.645,0.149657,2.6e-05,0.012361,0.016539,0.028458,0.005638,0,0,3
2021-09-01 11:07:05.144,0.149161,0.000224,0.011956,0.016816,0.02701,0.005762,0,0,3
2021-09-01 11:07:06.643,0.150285,0.000147,0.011778,0.016311,0.030057,0.005681,0,0,3
2021-09-01 11:07:08.144,0.151468,0.000228,0.01185,0.016592,0.030413,0.005711,0,0,3
2021-09-01 11:07:09.643,0.150289,0.000311,0.011858,0.017445,0.028765,0.005713,0,0,3
2021-09-01 11:07:11.144,0.149841,0.000176,0.011801,0.017222,0.026836,0.005731,0,0,3
2021-09-01 11:07:12.643,0.150604,0.000168,0.012029,0.017066,0.028697,0.005728,0,0,3
2021-09-01 11:07:14.142,0.150117,0.000199,0.011882,0.01711,0.028425,0.005676,0,0,3
2021-09-01 11:07:15.643,0.151405,0.000172,0.01229,0.016445,0.028236,0.005639,0,0,3
2021-09-01 11:07:17.142,0.151665,0.000126,0.012422,0.017697,0.028688,0.005851,0,0,3
2021-09-01 11:07:18.643,0.151384,0.00027,0.012315,0.01624,0.028023,0.005661,0,0,3
2021-09-01 11:07:20.142,0.151802,0.000105,0.012379,0.017096,0.027354,0.005855,0,0,3
2021-09-01 11:07:21.643,0.152384,8e-06,0.012376,0.017036,0.029634,0.005643,0,0,3
2021-09-01 11:07:23.142,0.153448,-9.1e-05,0.012851,0.016295,0.027313,0.005694,0,0,3
2021-09-01 11:07:24.643,0.153189,0.000231,0.012706,0.017516,0.028776,0.005712,0,0,3
2021-09-01 11:07:26.142,0.153847,0.000108,0.012354,0.017855,0.030372,0.005691,0,0,3
2021-09-01 11:07:27.641,0.153259,0.000273,0.012728,0.01588,0.02823,0.005714,0,0,3
2021-09-01 11:07:29.142,0.153126,0.000211,0.012382,0.016564,0.027189,0.005679,0,0,3
2021-09-01 11:07:30.641,0.153504,0.000259,0.012489,0.015976,0.029261,0.006023,0,0,3
2021-09-01 11:07:32.142,0.153787,0.000431,0.013068,0.016841,0.028531,0.005818,0,0,3
2021-09-01 11:07:33.641,0.153907,0.000273,0.012912,0.01746,0.028075,0.005688,0,0,3
2021-09-01 11:07:35.142,0.154318,0.000193,0.012915,0.016315,0.027819,0.005621,0,0,3
2021-09-01 11:07:36.641,0.154397,0.000322,0.01274,0.016891,0.027882,0.005767,0,0,3
2021-09-01 11:07:38.142,0.152451,6e-05,0.012584,0.017062,0.027061,0.005758,0,0,3
2021-09-01 11:07:39.641,0.153627,-8.4e-05,0.012753,0.01699,0.027938,0.005672,0,0,3
2021-09-01 11:07:41.141,0.15151,0.000163,0.012527,0.017396,0.026317,0.005764,0,0,3
2021-09-01 11:07:42.641,0.1529,-6.5e-05,0.012742,0.01663,0.026724,0.005512,0,0,3
2021-09-01 11:07:44.142,0.152874,4e-06,0.012853,0.016855,0.029684,0.005667,0,0,3
2021-09-01 11:07:45.641,0.152562,3.1e-05,0.012918,0.018115,0.027784,0.005429,0,0,3
2021-09-01 11:07:47.141,0.153271,0.000187,0.012638,0.01705,0.028808,0.005825,0,0,3
2021-09-01 11:07:48.641,0.153215,5.8e-05,0.012883,0.016856,0.026549,0.005616,0,0,3
2021-09-01 11:07:50.141,0.153666,6.8e-05,0.012815,0.017121,0.028858,0.005634,0,0,3
2021-09-01 11:07:51.641,0.153012,-3.3e-05,0.013134,0.016613,0.025625,0.005635,0,0,3
2021-09-01 11:07:53.141,0.153162,0.000191,0.012736,0.016041,0.027495,0.005568,0,0,3
2021-09-01 11:07:54.641,0.153085,0.000278,0.012582,0.017054,0.031258,0.005779,0,0,3
2021-09-01 11:07:56.141,0.153036,0.000401,0.01276,0.016374,0.028896,0.00585,0,0,3
2021-09-01 11:07:57.641,0.153208,0.000373,0.012938,0.015757,0.028536,0.005716,0,0,3
2021-09-01 11:07:59.141,0.151902,0.000334,0.012815,0.015794,0.029241,0.005745,0,0,3
2021-09-01 11:08:00.640,0.153052,0.000364,0.012808,0.016731,0.028935,0.005904,0,0,3
2021-09-01 11:08:02.141,0.151842,0.000445,0.012762,0.016736,0.026318,0.005808,0,0,3
2021-09-01 11:08:03.640,0.153024,0.00042,0.012838,0.016672,0.028282,0.005867,0,0,3
2021-09-01 11:08:05.141,0.152353,0.000284,0.012492,0.018144,0.027787,0.005717,0,0,3
2021-09-01 11:08:06.640,0.153928,0.000522,0.01255,0.016319,0.028383,0.00586,0,0,3
2021-09-01 11:08:08.139,0.153742,0.000441,0.012777,0.016803,0.028366,0.005757,0,0,3
2021-09-01 11:08:09.640,0.152741,0.00027,0.012572,0.016989,0.03007,0.005687,0,0,3
2021-09-01 11:08:11.141,0.153206,0.000144,0.012382,0.016123,0.028221,0.005718,0,0,3
2021-09-01 11:08:12.637,0.154275,0.000393,0.012773,0.016912,0.028433,0.005825,0,0,3
2021-09-01 11:08:14.139,0.153687,0.000331,0.012628,0.017732,0.027641,0.005743,0,0,3
2021-09-01 11:08:15.640,0.153255,0.000155,0.012541,0.016657,0.028076,0.005632,0,0,3
2021-09-01 11:08:17.141,0.153252,0.000109,0.012278,0.01641,0.027694,0.005639,0,0,3
2021-09-01 11:08:18.640,0.154145,0.00029,0.012599,0.016661,0.029207,0.005707,0,0,3
2021-09-01 11:08:20.139,0.152387,0.000371,0.012281,0.016716,0.02775,0.00569,0,0,3
2021-09-01 11:08:21.638,0.153255,0.000374,0.012593,0.017066,0.027361,0.005717,0,0,3
2021-09-01 11:08:23.139,0.153766,0.000141,0.012455,0.016238,0.028554,0.005587,0,0,3
2021-09-01 11:08:24.640,0.153584,0.000319,0.012645,0.016049,0.029001,0.005689,0,0,3
2021-09-01 11:08:26.139,0.153269,0.00022,0.012544,0.016812,0.027812,0.005761,0,0,3
2021-09-01 11:08:27.640,0.154402,0.000326,0.012676,0.016045,0.028518,0.005691,0,0,3
2021-09-01 11:08:29.139,0.153557,0.000143,0.012703,0.017668,0.029093,0.005706,0,0,3
2021-09-01 11:08:30.638,0.153753,3e-06,0.012532,0.016912,0.030498,0.005757,0,0,3
2021-09-01 11:08:32.139,0.153605,0.000165,0.012547,0.016559,0.02908,0.005623,0,0,3
2021-09-01 11:08:33.638,0.153129,0.000266,0.012495,0.016568,0.027702,0.005776,0,0,3
2021-09-01 11:08:35.139,0.153853,7.8e-05,0.012719,0.017277,0.028366,0.005702,0,0,3
2021-09-01 11:08:36.638,0.153511,0.000192,0.01233,0.017014,0.029028,0.005673,0,0,3
2021-09-01 11:08:38.137,0.153956,0.000171,0.012802,0.016895,0.028498,0.005819,0,0,3
2021-09-01 11:08:39.638,0.154203,0.000319,0.012205,0.017128,0.029549,0.005904,0,0,3
2021-09-01 11:08:41.137,0.153833,0.000455,0.012483,0.016858,0.028055,0.005836,0,0,3
2021-09-01 11:08:42.638,0.153521,0.000312,0.012407,0.017746,0.028225,0.005595,0,0,3
2021-09-01 11:08:44.137,0.153522,0.000269,0.012348,0.016965,0.027709,0.005674,0,0,3
2021-09-01 11:08:45.638,0.152968,0.000284,0.012315,0.017222,0.027,0.0056,0,0,3
2021-09-01 11:08:47.137,0.152979,0.000508,0.011919,0.016091,0.02756,0.005895,0,0,3
2021-09-01 11:08:48.638,0.154178,0.000455,0.012064,0.017666,0.026967,0.005578,0,0,3
2021-09-01 11:08:50.137,0.153648,0.000529,0.012464,0.016283,0.026478,0.005734,0,0,3
2021-09-01 11:08:51.638,0.154269,0.000322,0.01229,0.017416,0.028429,0.005855,0,0,3
2021-09-01 11:08:53.134,0.15391,0.000168,0.012226,0.016968,0.029774,0.005678,0,0,3
2021-09-01 11:08:54.637,0.153174,0.00012,0.012037,0.017527,0.028183,0.005797,0,0,3
2021-09-01 11:08:56.137,0.15291,0.000499,0.011786,0.016456,0.027074,0.005767,0,0,3
2021-09-01 11:08:57.638,0.153349,0.000214,0.012058,0.01723,0.027761,0.005615,0,0,3
2021-09-01 11:08:59.137,0.154093,0.000276,0.012373,0.01644,0.028103,0.005805,0,0,3
2021-09-01 11:09:00.637,0.153204,0.000163,0.012129,0.015856,0.028139,0.005635,0,0,3
2021-09-01 11:09:02.137,0.153278,0.000135,0.012007,0.017255,0.027869,0.005753,0,0,3
2021-09-01 11:09:03.637,0.153439,-6.8e-05,0.012197,0.016342,0.026873,0.00551,0,0,3
2021-09-01 11:09:05.137,0.153708,0.000264,0.012031,0.017127,0.027824,0.005633,0,0,3
2021-09-01 11:09:06.633,0.152486,0.000123,0.012238,0.016896,0.027569,0.005581,0,0,3
2021-09-01 11:09:08.136,0.153332,0.000246,0.011915,0.017316,0.026687,0.005831,0,0,3
2021-09-01 11:09:09.637,0.152919,0.000214,0.012039,0.016353,0.026773,0.005783,0,0,3
2021-09-01 11:09:11.136,0.153329,0.000252,0.012305,0.016985,0.029394,0.005629,0,0,3
2021-09-01 11:09:12.637,0.152377,0.000308,0.01218,0.017631,0.02709,0.005763,0,0,3
2021-09-01 11:09:14.136,0.155213,0.000189,0.012293,0.016683,0.02855,0.005567,0,0,3
2021-09-01 11:09:16.136,0.155396,0.000246,0.012373,0.016608,0.027705,0.005882,0,0,3
2021-09-01 11:09:17.637,0.155098,0.000141,0.012125,0.016832,0.027068,0.005869,0,0,3
2021-09-01 11:09:19.133,0.155199,0.000242,0.012546,0.017727,0.028138,0.005871,0,0,3
2021-09-01 11:09:20.635,0.155336,0.000244,0.012292,0.01759,0.027453,0.005993,0,0,3
2021-09-01 11:09:22.136,0.154993,0.0002,0.012205,0.016823,0.027696,0.005854,0,0,3
2021-09-01 11:09:23.637,0.156477,0.000169,0.012137,0.016907,0.028074,0.005842,0,0,3
2021-09-01 11:09:25.136,0.156723,0.000304,0.011999,0.017991,0.028337,0.005826,0,0,3
2021-09-01 11:09:26.635,0.157276,0.000553,0.012176,0.01838,0.028875,0.005988,0,0,3
2021-09-01 11:09:28.136,0.157474,0.000298,0.012455,0.017246,0.028586,0.005823,0,0,3
2021-09-01 11:09:29.635,0.156022,6.6e-05,0.012268,0.016559,0.027287,0.005901,0,0,3
2021-09-01 11:09:31.136,0.157599,0.000259,0.012866,0.017542,0.027047,0.005924,0,0,3
2021-09-01 11:09:32.635,0.158527,0.000353,0.012795,0.016093,0.029223,0.005964,0,0,3
2021-09-01 11:09:34.134,0.157406,0.000311,0.012814,0.017349,0.028148,0.005865,0,0,3
2021-09-01 11:09:35.635,0.156753,0.000158,0.012517,0.017241,0.028174,0.005788,0,0,3
2021-09-01 11:09:37.134,0.15715,0.000262,0.012826,0.01676,0.026898,0.005749,0,0,3
2021-09-01 11:09:38.635,0.156872,0.000473,0.012731,0.016346,0.026839,0.005839,0,0,3
2021-09-01 11:09:40.134,0.157087,0.000378,0.012458,0.017162,0.026709,0.005744,0,0,3
2021-09-01 11:09:41.635,0.157575,0.000399,0.012719,0.015878,0.028064,0.005912,0,0,3
2021-09-01 11:09:43.134,0.157217,0.00028,0.012507,0.017242,0.028186,0.005844,0,0,3
2021-09-01 11:09:44.633,0.156548,0.000199,0.012483,0.017526,0.026763,0.005753,0,0,3
2021-09-01 11:09:46.134,0.157876,0.000392,0.012988,0.017404,0.025933,0.00581,0,0,3
2021-09-01 11:09:47.635,0.157743,0.000127,0.012639,0.016576,0.027243,0.005724,0,0,3
2021-09-01 11:09:49.134,0.15674,0.000206,0.012471,0.016784,0.027692,0.005626,0,0,3
2021-09-01 11:09:51.133,0.157161,0.000195,0.012716,0.016902,0.028011,0.005789,0,0,3
2021-09-01 11:09:52.633,0.157363,0.000229,0.012442,0.016633,0.0278,0.005621,0,0,3
2021-09-01 11:09:54.131,0.15739,0.000383,0.012089,0.0169,0.0278,0.005796,0,0,3
2021-09-01 11:09:55.633,0.157574,0.000272,0.012531,0.016913,0.027521,0.005789,0,0,3
2021-09-01 11:09:57.134,0.156784,0.000424,0.012327,0.017321,0.028267,0.005637,0,0,3
2021-09-01 11:09:58.633,0.157336,0.00036,0.012936,0.018004,0.029555,0.005816,0,0,3
2021-09-01 11:10:00.134,0.15669,0.000403,0.012584,0.017022,0.026118,0.005761,0,0,3
2021-09-01 11:10:01.633,0.156572,0.000416,0.012569,0.016087,0.026571,0.005829,0,0,3
2021-09-01 11:10:03.133,0.156761,0.000327,0.012497,0.01698,0.02717,0.0056,0,0,3
2021-09-01 11:10:05.133,0.157808,0.000367,0.012446,0.016894,0.026808,0.005679,0,0,3
2021-09-01 11:10:06.633,0.158224,0.000289,0.012772,0.017146,0.027743,0.005808,0,0,3
2021-09-01 11:10:08.133,0.15653,0.000254,0.012154,0.016403,0.027642,0.005797,0,0,3
2021-09-01 11:10:09.633,0.15731,0.000541,0.012331,0.017569,0.028891,0.005773,0,0,3
2021-09-01 11:10:11.133,0.156936,0.000341,0.012638,0.017182,0.027799,0.005682,0,0,3
2021-09-01 11:10:12.632,0.157532,0.000441,0.012703,0.017833,0.028229,0.005871,0,0,3
2021-09-01 11:10:14.133,0.158107,0.000613,0.01256,0.016607,0.028671,0.005806,0,0,3
2021-09-01 11:10:15.633,0.156852,0.00031,0.012546,0.017477,0.025866,0.005814,0,0,3
2021-09-01 11:10:17.133,0.157387,0.000156,0.012527,0.016736,0.027397,0.005659,0,0,3
2021-09-01 11:10:18.632,0.155994,0.000494,0.012434,0.016546,0.025478,0.005754,0,0,3
2021-09-01 11:10:20.131,0.157599,0.000294,0.012373,0.018541,0.027818,0.00591,0,0,3
2021-09-01 11:10:21.632,0.157001,0.000291,0.012498,0.016801,0.028584,0.005732,0,0,3
2021-09-01 11:10:23.133,0.156414,0.000378,0.0127,0.017507,0.026264,0.005819,0,0,3
2021-09-01 11:10:24.632,0.157592,4.9e-05,0.012673,0.017075,0.028324,0.005767,0,0,3
2021-09-01 11:10:26.632,0.157651,0.000133,0.012157,0.017538,0.027927,0.005774,0,0,3
2021-09-01 11:10:28.131,0.157395,0.000252,0.012403,0.01754,0.028549,0.005935,0,0,3
2021-09-01 11:10:29.632,0.157404,0.00027,0.012272,0.017617,0.02857,0.005661,0,0,3
2021-09-01 11:10:31.632,0.157609,0.000201,0.012396,0.017059,0.030018,0.005763,0,0,3
2021-09-01 11:10:33.133,0.157246,0.00034,0.012823,0.0167,0.02734,0.005897,0,0,3
2021-09-01 11:10:34.632,0.157476,0.000437,0.012305,0.017262,0.028205,0.005769,0,0,3
2021-09-01 11:10:36.131,0.157413,0.000515,0.012409,0.01668,0.028204,0.005884,0,0,3
2021-09-01 11:10:37.632,0.157456,0.000487,0.011911,0.017064,0.02734,0.005829,0,0,3
2021-09-01 11:10:39.133,0.157369,0.000536,0.011984,0.016168,0.028612,0.00596,0,0,3
2021-09-01 11:10:40.632,0.156905,0.000185,0.012213,0.016788,0.02842,0.005644,0,0,3
2021-09-01 11:10:42.131,0.157,0.000322,0.012262,0.016912,0.028505,0.005793,0,0,3
2021-09-01 11:10:44.129,0.156796,0.000243,0.012481,0.017328,0.027716,0.005787,0,0,3
2021-09-01 11:10:45.630,0.156081,0.000389,0.012431,0.017556,0.026974,0.005668,0,0,3
2021-09-01 11:10:47.131,0.156728,0.000343,0.012413,0.016466,0.027482,0.005578,0,0,3
2021-09-01 11:10:48.630,0.156247,0.000322,0.01236,0.016226,0.028546,0.005599,0,0,3
2021-09-01 11:10:50.129,0.15653,0.000294,0.012379,0.016614,0.0281,0.005733,0,0,3
2021-09-01 11:10:51.630,0.156036,0.000263,0.012302,0.016952,0.027746,0.0058,0,0,3
2021-09-01 11:10:53.131,0.157589,0.000123,0.012651,0.016115,0.026613,0.005761,0,0,3
2021-09-01 11:10:54.630,0.156811,0.000185,0.012648,0.016484,0.028714,0.005671,0,0,3
2021-09-01 11:10:56.129,0.156793,0.000273,0.012648,0.018188,0.027754,0.005778,0,0,3
2021-09-01 11:10:57.630,0.156854,0.000298,0.012192,0.017523,0.027859,0.005708,0,0,3
2021-09-01 11:10:59.129,0.155255,0.000322,0.012183,0.017134,0.025296,0.005677,0,0,3
2021-09-01 11:11:00.630,0.156872,0.000109,0.011788,0.016736,0.026781,0.005678,0,0,3
2021-09-01 11:11:02.129,0.157245,8e-05,0.012477,0.016821,0.026997,0.005794,0,0,3
2021-09-01 11:11:03.630,0.157386,0.000165,0.012253,0.017458,0.028172,0.005803,0,0,3
2021-09-01 11:11:05.129,0.156506,0.000101,0.012274,0.016282,0.026194,0.00561,0,0,3
2021-09-01 11:11:06.629,0.157632,0.000117,0.012613,0.016971,0.027934,0.005746,0,0,3
2021-09-01 11:11:08.129,0.158931,0.00024,0.012668,0.016686,0.030606,0.005843,0,0,3
2021-09-01 11:11:09.629,0.156285,0.000156,0.011835,0.017267,0.027705,0.0058,0,0,3
2021-09-01 11:11:11.129,0.157072,0.000184,0.012552,0.016424,0.026582,0.005604,0,0,3
2021-09-01 11:11:12.629,0.156586,0.000205,0.012497,0.016234,0.027834,0.005768,0,0,3
2021-09-01 11:11:14.129,0.155455,-5.4e-05,0.011982,0.017892,0.027103,0.005544,0,0,3
2021-09-01 11:11:15.629,0.156876,0.000124,0.012466,0.017722,0.026578,0.005736,0,0,3
2021-09-01 11:11:17.129,0.156687,0.000142,0.012325,0.016664,0.027235,0.005692,0,0,3
2021-09-01 11:11:18.629,0.157555,0.000121,0.012497,0.016793,0.02719,0.005722,0,0,3
2021-09-01 11:11:20.129,0.157412,0.000292,0.012405,0.016433,0.02766,0.005694,0,0,3
2021-09-01 11:11:21.629,0.155476,0.000236,0.011976,0.017513,0.028721,0.005829,0,0,3
2021-09-01 11:11:23.128,0.155742,0.000161,0.011772,0.016723,0.027652,0.005596,0,0,3
2021-09-01 11:11:24.629,0.157407,0.000197,0.012511,0.017733,0.029332,0.005726,0,0,3
2021-09-01 11:11:26.128,0.156537,9.4e-05,0.012213,0.017993,0.027386,0.005711,0,0,3
2021-09-01 11:11:27.629,0.156036,0.000144,0.011923,0.016207,0.026784,0.005535,0,0,3
2021-09-01 11:11:29.128,0.157308,0.000157,0.012201,0.016793,0.027796,0.005737,0,0,3
2021-09-01 11:11:30.629,0.156728,0.000235,0.011727,0.017208,0.026835,0.00557,0,0,3
2021-09-01 11:11:32.128,0.1568,2.1e-05,0.011852,0.016936,0.026507,0.005598,0,0,3
2021-09-01 11:11:33.629,0.158194,8.1e-05,0.011917,0.017049,0.030251,0.005717,0,0,3
2021-09-01 11:11:35.128,0.155872,0.000217,0.012005,0.018568,0.025995,0.005656,0,0,3
2021-09-01 11:11:36.629,0.157599,0.000127,0.012088,0.0167,0.028593,0.005711,0,0,3
2021-09-01 11:11:38.128,0.157494,0.000182,0.011809,0.01707,0.027378,0.005695,0,0,3
2021-09-01 11:11:40.126,0.156073,0.000198,0.011657,0.01763,0.026913,0.005724,0,0,3
2021-09-01 11:11:41.627,0.156214,0.00012,0.011574,0.016913,0.027993,0.005721,0,0,3
2021-09-01 11:11:43.128,0.156459,0.000169,0.011709,0.01699,0.027717,0.005715,0,0,3
2021-09-01 11:11:44.627,0.15686,0.000199,0.011631,0.017181,0.026752,0.005637,0,0,3
2021-09-01 11:11:46.128,0.157204,7.4e-05,0.012137,0.016074,0.025867,0.005726,0,0,3
2021-09-01 11:11:47.627,0.159213,0.000133,0.012403,0.017294,0.026263,0.005636,0,0,3
2021-09-01 11:11:49.128,0.160335,0.00034,0.012358,0.017189,0.027549,0.005733,0,0,3
2021-09-01 11:11:50.624,0.159428,0.000323,0.012005,0.016053,0.026599,0.005781,0,0,3
2021-09-01 11:11:52.126,0.159825,0.000447,0.012219,0.017559,0.026366,0.005693,0,0,3
2021-09-01 11:11:54.126,0.16041,0.000314,0.012561,0.017416,0.027496,0.005655,0,0,3
2021-09-01 11:11:55.627,0.159558,0.00027,0.012266,0.017362,0.027821,0.005802,0,0,3
2021-09-01 11:11:57.126,0.160443,0.000266,0.012244,0.017689,0.028552,0.005738,0,0,3
2021-09-01 11:11:58.627,0.159324,0.00035,0.012364,0.016735,0.026307,0.005736,0,0,3
2021-09-01 11:12:00.126,0.159858,0.000248,0.012544,0.017891,0.026328,0.005859,0,0,3
2021-09-01 11:12:01.625,0.160614,0.000371,0.01301,0.017465,0.02685,0.005806,0,0,3
2021-09-01 11:12:03.126,0.160345,0.000277,0.012547,0.016409,0.028418,0.005942,0,0,3
2021-09-01 11:12:04.625,0.161641,0.000332,0.012458,0.016519,0.027944,0.005808,0,0,3
2021-09-01 11:12:06.126,0.159191,0.000266,0.012566,0.017883,0.027643,0.005851,0,0,3
2021-09-01 11:12:07.625,0.159865,0.000108,0.012219,0.017196,0.027758,0.005781,0,0,3
2021-09-01 11:12:09.126,0.160209,0.000315,0.0124,0.016797,0.027159,0.005828,0,0,3
2021-09-01 11:12:10.625,0.160134,0.000143,0.012317,0.015825,0.027713,0.005667,0,0,3
2021-09-01 11:12:12.126,0.159989,0.000113,0.012266,0.016634,0.027244,0.005522,0,0,3
2021-09-01 11:12:13.625,0.159872,0.000126,0.01206,0.015933,0.027153,0.005672,0,0,3
2021-09-01 11:12:15.125,0.160429,0.000145,0.012288,0.017678,0.027728,0.005523,0,0,3
2021-09-01 11:12:16.625,0.160408,0.000208,0.012595,0.016808,0.0267,0.005705,0,0,3
2021-09-01 11:12:18.125,0.160261,0.000187,0.01257,0.016781,0.026319,0.005619,0,0,3
2021-09-01 11:12:19.625,0.160254,0.000152,0.012711,0.016237,0.028415,0.005722,0,0,3
2021-09-01 11:12:21.125,0.160597,0.000215,0.012166,0.016246,0.026712,0.005694,0,0,3
2021-09-01 11:12:22.625,0.160261,4e-05,0.012442,0.01714,0.027591,0.00575,0,0,3
2021-09-01 11:12:24.624,0.160793,0.000121,0.01267,0.017077,0.027683,0.005644,0,0,3
2021-09-01 11:12:26.125,0.161374,0.000158,0.012364,0.018067,0.027398,0.005762,0,0,3
2021-09-01 11:12:27.624,0.160453,0.000451,0.012544,0.016772,0.026372,0.005708,0,0,3
2021-09-01 11:12:29.125,0.159558,0.00035,0.012278,0.017779,0.028134,0.00571,0,0,3
2021-09-01 11:12:30.625,0.160341,1.9e-05,0.012344,0.016789,0.029189,0.005739,0,0,3
2021-09-01 11:12:32.125,0.159323,5.1e-05,0.012484,0.016185,0.027659,0.005664,0,0,3
2021-09-01 11:12:33.624,0.15991,0.000199,0.012728,0.016737,0.026999,0.005545,0,0,3
2021-09-01 11:12:35.125,0.159828,0.00019,0.012364,0.017459,0.026811,0.005812,0,0,3
2021-09-01 11:12:36.624,0.160618,0.00022,0.012765,0.018001,0.028755,0.005722,0,0,3
2021-09-01 11:12:38.125,0.161237,0.000137,0.012566,0.017858,0.029781,0.005766,0,0,3
2021-09-01 11:12:39.624,0.159476,9.4e-05,0.012556,0.018197,0.026336,0.005723,0,0,3
2021-09-01 11:12:41.125,0.160769,0.000109,0.013012,0.017036,0.028138,0.005703,0,0,3
2021-09-01 11:12:42.624,0.160502,4.9e-05,0.012936,0.016733,0.028341,0.005664,0,0,3
2021-09-01 11:12:44.624,0.15958,0.000243,0.012276,0.016482,0.027199,0.005671,0,0,3
2021-09-01 11:12:46.123,0.159465,8.7e-05,0.012458,0.016258,0.027011,0.005537,0,0,3
2021-09-01 11:12:47.624,0.159401,0.000179,0.012449,0.017469,0.026494,0.005871,0,0,3
2021-09-01 11:12:49.123,0.159371,0.000143,0.012458,0.016574,0.025833,0.005858,0,0,3
2021-09-01 11:12:50.624,0.159663,1e-06,0.012358,0.016398,0.025838,0.005717,0,0,3
2021-09-01 11:12:52.123,0.159987,-7.7e-05,0.012691,0.016839,0.026384,0.005597,0,0,3
2021-09-01 11:12:54.123,0.160223,0.000186,0.012442,0.016937,0.027206,0.005699,0,0,3
2021-09-01 11:12:55.624,0.160611,1.8e-05,0.012553,0.016651,0.02838,0.005802,0,0,3
2021-09-01 11:12:57.123,0.160814,0.00021,0.012612,0.016816,0.028064,0.005757,0,0,3
2021-09-01 11:12:58.622,0.160022,0.000332,0.012501,0.017414,0.028481,0.005896,0,0,3
2021-09-01 11:13:00.123,0.160849,0.000224,0.01256,0.017349,0.027843,0.005606,0,0,3
2021-09-01 11:13:01.622,0.160891,0.000273,0.012844,0.016843,0.029387,0.005636,0,0,3
2021-09-01 11:13:03.622,0.160302,0.000152,0.012451,0.016751,0.028907,0.005782,0,0,3
2021-09-01 11:13:05.123,0.160191,0.000155,0.012578,0.016461,0.027039,0.005566,0,0,3
2021-09-01 11:13:07.121,0.160535,0.000133,0.012812,0.016464,0.028358,0.005727,0,0,3
2021-09-01 11:13:08.622,0.160181,0.000186,0.013019,0.016739,0.027186,0.005552,0,0,3
2021-09-01 11:13:10.621,0.160735,0.00036,0.012803,0.017081,0.027298,0.005726,0,0,3
2021-09-01 11:13:12.123,0.159783,0.000157,0.012439,0.016145,0.026192,0.005748,0,0,3
2021-09-01 11:13:14.121,0.160767,0.00029,0.012986,0.016682,0.027521,0.005677,0,0,3
2021-09-01 11:13:15.622,0.159555,0.000134,0.012388,0.016723,0.026039,0.005491,0,0,3
2021-09-01 11:13:17.121,0.160166,0.000276,0.012593,0.016406,0.027488,0.005754,0,0,3
2021-09-01 11:13:18.622,0.160104,0.000176,0.012455,0.017246,0.028101,0.005692,0,0,3
2021-09-01 11:13:20.121,0.161294,0.000374,0.012593,0.018054,0.028214,0.005932,0,0,3
2021-09-01 11:13:21.621,0.160072,0.000397,0.012589,0.016865,0.027638,0.005644,0,0,3
2021-09-01 11:13:23.121,0.160002,0.000261,0.012393,0.016261,0.029805,0.005787,0,0,3
2021-09-01 11:13:24.621,0.159935,0.000177,0.012166,0.016978,0.0293,0.005871,0,0,3
2021-09-01 11:13:26.121,0.160499,0.000292,0.012631,0.016612,0.028153,0.005681,0,0,3
2021-09-01 11:13:27.622,0.16037,0.000266,0.012719,0.017471,0.02659,0.00566,0,0,3
2021-09-01 11:13:29.121,0.160909,0.00014,0.012802,0.017107,0.029126,0.00573,0,0,3
2021-09-01 11:13:31.120,0.160557,0.000147,0.012353,0.017171,0.028296,0.006005,0,0,3
2021-09-01 11:13:32.621,0.159957,5e-05,0.012596,0.016021,0.025291,0.005532,0,0,3
2021-09-01 11:13:34.120,0.159392,-7.7e-05,0.012532,0.017884,0.026808,0.005689,0,0,3
2021-09-01 11:13:36.120,0.160386,0.000141,0.012772,0.016897,0.028372,0.005613,0,0,3
2021-09-01 11:13:37.621,0.160873,0.000263,0.012608,0.017556,0.028494,0.00571,0,0,3
2021-09-01 11:13:39.120,0.159686,0.000252,0.012391,0.016958,0.026869,0.005784,0,0,3
2021-09-01 11:13:40.621,0.15953,0.000326,0.012553,0.017248,0.027123,0.005704,0,0,3
2021-09-01 11:13:42.120,0.161154,0.000189,0.012446,0.016139,0.027655,0.005711,0,0,3
2021-09-01 11:13:43.621,0.160538,0.000179,0.012529,0.016664,0.026809,0.00568,0,0,3
2021-09-01 11:13:45.120,0.161024,3e-06,0.012605,0.017243,0.028036,0.005719,0,0,3
2021-09-01 11:13:47.120,0.160176,0.000128,0.012341,0.017056,0.02822,0.005801,0,0,3
2021-09-01 11:13:48.621,0.160373,6.4e-05,0.012553,0.016569,0.02518,0.00567,0,0,3
2021-09-01 11:13:50.120,0.160548,5.6e-05,0.012287,0.016619,0.0279,0.005795,0,0,3
2021-09-01 11:13:51.621,0.160016,-4.8e-05,0.0124,0.016211,0.027604,0.005652,0,0,3
2021-09-01 11:13:53.120,0.160012,0.000255,0.012716,0.017313,0.028892,0.005734,0,0,3
2021-09-01 11:13:54.619,0.159276,6.6e-05,0.01233,0.016706,0.025872,0.005659,0,0,3
2021-09-01 11:13:56.120,0.160146,0.000169,0.01256,0.016607,0.026842,0.00565,0,0,3
2021-09-01 11:13:57.619,0.159434,0.000161,0.012636,0.01656,0.026932,0.005713,0,0,3
2021-09-01 11:13:59.120,0.160237,7.8e-05,0.012664,0.016219,0.027666,0.005702,0,0,3
2021-09-01 11:14:00.619,0.159437,-4e-06,0.012605,0.016454,0.026499,0.005611,0,0,3
2021-09-01 11:14:02.120,0.159744,3.9e-05,0.012639,0.016604,0.02661,0.005553,0,0,3
2021-09-01 11:14:03.619,0.159707,4.5e-05,0.012771,0.016631,0.025955,0.005636,0,0,3
2021-09-01 11:14:05.120,0.16073,-6.2e-05,0.012529,0.016852,0.029917,0.005773,0,0,3
2021-09-01 11:14:06.619,0.160057,0.000105,0.012673,0.017246,0.027424,0.005702,0,0,3
2021-09-01 11:14:08.120,0.160352,5e-05,0.012817,0.017273,0.028395,0.005792,0,0,3
2021-09-01 11:14:09.619,0.160099,0.000133,0.012654,0.017321,0.025403,0.005701,0,0,3
2021-09-01 11:14:11.118,0.161147,0.000154,0.012869,0.017094,0.029622,0.005671,0,0,3
2021-09-01 11:14:12.619,0.160912,0.000221,0.013055,0.017594,0.028371,0.005657,0,0,3
2021-09-01 11:14:14.118,0.160229,0.00015,0.012624,0.017141,0.029011,0.005773,0,0,3
2021-09-01 11:14:15.619,0.160254,9.2e-05,0.012523,0.017329,0.027899,0.005605,0,0,3
2021-09-01 11:14:17.617,0.159876,3.8e-05,0.012577,0.016395,0.02577,0.005616,0,0,3
2021-09-01 11:14:19.118,0.159674,8.8e-05,0.012492,0.016602,0.029199,0.005668,0,0,3
2021-09-01 11:14:20.619,0.159716,-3.1e-05,0.012762,0.01788,0.027274,0.00557,0,0,3
2021-09-01 11:14:22.118,0.160961,0.000203,0.012863,0.016246,0.02716,0.00578,0,0,3
2021-09-01 11:14:24.117,0.159695,0.000137,0.01267,0.016026,0.02681,0.005719,0,0,3
2021-09-01 11:14:26.117,0.159297,8.3e-05,0.012566,0.016508,0.026768,0.005685,0,0,3
2021-09-01 11:14:27.617,0.160383,-9e-06,0.012613,0.017378,0.027468,0.005503,0,0,3
2021-09-01 11:14:29.117,0.160471,0.00017,0.012613,0.016418,0.027119,0.005843,0,0,3
2021-09-01 11:14:30.617,0.159848,8.9e-05,0.012687,0.016581,0.027247,0.00581,0,0,3
2021-09-01 11:14:32.617,0.160029,0.000149,0.012639,0.016922,0.028226,0.005857,0,0,3
2021-09-01 11:14:34.617,0.159446,8.6e-05,0.012501,0.01763,0.027368,0.005628,0,0,3
2021-09-01 11:14:36.117,0.158826,0.000177,0.012521,0.01674,0.02641,0.005744,0,0,3
2021-09-01 11:14:37.617,0.159893,0.00017,0.012601,0.016466,0.027417,0.005729,0,0,3
2021-09-01 11:14:39.117,0.160796,4.4e-05,0.012846,0.015945,0.027822,0.005713,0,0,3
2021-09-01 11:14:41.117,0.16015,0.000241,0.012745,0.016702,0.027021,0.005767,0,0,3
2021-09-01 11:14:42.617,0.160877,0.000233,0.01268,0.016652,0.027203,0.005765,0,0,3
2021-09-01 11:14:44.117,0.159683,0.00024,0.012656,0.017303,0.028744,0.005664,0,0,3
2021-09-01 11:14:46.117,0.160171,4.9e-05,0.012864,0.016198,0.027621,0.005561,0,0,3
2021-09-01 11:14:48.117,0.160281,7.3e-05,0.012671,0.017133,0.027852,0.005719,0,0,3
2021-09-01 11:14:49.617,0.159778,2.3e-05,0.012944,0.016602,0.026285,0.005638,0,0,3
2021-09-01 11:14:51.616,0.160031,-3.4e-05,0.012551,0.017023,0.026631,0.005539,0,0,3
2021-09-01 11:14:53.117,0.160405,-2e-05,0.012327,0.016645,0.028087,0.005549,0,0,3
2021-09-01 11:14:55.115,0.160123,1.7e-05,0.012756,0.017444,0.027674,0.005536,0,0,3
2021-09-01 11:14:56.616,0.160671,-1.7e-05,0.012676,0.017533,0.028453,0.005848,0,0,3
2021-09-01 11:14:58.115,0.160527,-0.000144,0.012795,0.016657,0.028203,0.005491,0,0,3
2021-09-01 11:14:59.616,0.160933,0.000113,0.012908,0.017192,0.02822,0.005705,0,0,3
2021-09-01 11:15:01.117,0.160202,-8.3e-05,0.012657,0.016607,0.028785,0.005697,0,0,3
2021-09-01 11:15:02.614,0.160018,1.3e-05,0.012811,0.017151,0.026811,0.005621,0,0,3
2021-09-01 11:15:04.614,0.159822,5.7e-05,0.012322,0.017857,0.028282,0.00577,0,0,3
2021-09-01 11:15:06.115,0.160384,1.1e-05,0.012321,0.017049,0.027038,0.005722,0,0,3
2021-09-01 11:15:07.616,0.160027,4.3e-05,0.01259,0.016358,0.02732,0.005621,0,0,3
2021-09-01 11:15:09.112,0.160196,9.1e-05,0.012238,0.016816,0.02798,0.005762,0,0,3
2021-09-01 11:15:11.113,0.160882,6.9e-05,0.012466,0.01604,0.028704,0.005698,0,0,3
2021-09-01 11:15:12.616,0.159808,3e-05,0.012239,0.016746,0.027442,0.005627,0,0,3
2021-09-01 11:15:14.614,0.160517,5.1e-05,0.012237,0.016176,0.027615,0.005777,0,0,3
2021-09-01 11:15:16.115,0.160055,-4.5e-05,0.012333,0.016817,0.026714,0.005455,0,0,3
2021-09-01 11:15:17.614,0.159077,-0.000112,0.012219,0.017262,0.026099,0.005655,0,0,3
2021-09-01 11:15:19.115,0.160436,1.5e-05,0.012394,0.016907,0.028824,0.005876,0,0,3
2021-09-01 11:15:20.614,0.160891,7e-05,0.013237,0.016587,0.028172,0.005635,0,0,3
2021-09-01 11:15:22.115,0.159719,0.000179,0.012939,0.017575,0.026499,0.005693,0,0,3
2021-09-01 11:15:23.614,0.159627,0.000241,0.012483,0.016858,0.027321,0.005586,0,0,3
2021-09-01 11:15:25.113,0.159718,5.9e-05,0.012507,0.018134,0.027412,0.005682,0,0,3
2021-09-01 11:15:26.614,0.160167,4.6e-05,0.012847,0.017359,0.026787,0.005662,0,0,3
2021-09-01 11:15:28.115,0.158628,4.6e-05,0.012345,0.017609,0.026271,0.005675,0,0,3
2021-09-01 11:15:29.614,0.159679,-3.5e-05,0.012581,0.017164,0.027143,0.005634,0,0,3
2021-09-01 11:15:31.613,0.161095,9.7e-05,0.012537,0.016608,0.02772,0.005604,0,0,3
2021-09-01 11:15:33.614,0.160019,-5.7e-05,0.012429,0.015449,0.027521,0.005555,0,0,3
2021-09-01 11:15:35.113,0.159063,0.000185,0.012581,0.016806,0.026601,0.005631,0,0,3
2021-09-01 11:15:36.614,0.160685,0.000127,0.012682,0.01662,0.027596,0.005788,0,0,3
2021-09-01 11:15:38.613,0.160029,-5e-05,0.012666,0.016007,0.027554,0.005745,0,0,3
2021-09-01 11:15:40.613,0.159433,0.000117,0.012492,0.017315,0.026591,0.0057,0,0,3
2021-09-01 11:15:42.113,0.160604,0.000271,0.012785,0.016767,0.027948,0.005675,0,0,3
2021-09-01 11:15:44.113,0.160208,8.6e-05,0.01286,0.015552,0.027557,0.005687,0,0,3
2021-09-01 11:15:46.112,0.1599,8.2e-05,0.012367,0.017125,0.028035,0.005704,0,0,3
2021-09-01 11:15:48.113,0.159953,6.4e-05,0.012672,0.017614,0.027656,0.005773,0,0,3
2021-09-01 11:15:50.112,0.159808,-1.8e-05,0.012041,0.017201,0.02724,0.005606,0,0,3
2021-09-01 11:15:52.112,0.160236,-0.000135,0.012566,0.017111,0.028143,0.005686,0,0,3
2021-09-01 11:15:53.613,0.159719,0.000221,0.01237,0.017508,0.026195,0.005644,0,0,3
2021-09-01 11:15:55.112,0.15942,0.000259,0.012624,0.016223,0.026293,0.005887,0,0,3
2021-09-01 11:15:56.613,0.160447,7.1e-05,0.012413,0.016494,0.029703,0.005621,0,0,3
2021-09-01 11:15:58.613,0.159717,8.9e-05,0.012584,0.016842,0.028489,0.005717,0,0,3
2021-09-01 11:16:00.112,0.160198,0.00021,0.012599,0.016916,0.027923,0.005628,0,0,3
2021-09-01 11:16:02.110,0.160572,0.000133,0.01289,0.01723,0.029217,0.005832,0,0,3
2021-09-01 11:16:04.112,0.160759,0.000105,0.012839,0.01699,0.027402,0.005665,0,0,3
2021-09-01 11:16:06.112,0.159924,0.000107,0.012345,0.016325,0.027867,0.005549,0,0,3
2021-09-01 11:16:08.112,0.159425,0.00011,0.012478,0.016183,0.02721,0.00551,0,0,3
2021-09-01 11:16:09.613,0.160527,5.7e-05,0.012535,0.016701,0.028791,0.005601,0,0,3
2021-09-01 11:16:11.611,0.160677,8.8e-05,0.012545,0.01685,0.027995,0.00557,0,0,3
2021-09-01 11:16:13.112,0.15896,0.000354,0.012192,0.016048,0.027687,0.005775,0,0,3
2021-09-01 11:16:15.110,0.160433,0.000206,0.012664,0.017212,0.029107,0.005726,0,0,3
2021-09-01 11:16:17.110,0.160444,0.00027,0.012901,0.017019,0.025771,0.005699,0,0,3
2021-09-01 11:16:19.110,0.160011,0.000299,0.012782,0.01605,0.027666,0.005689,0,0,3
2021-09-01 11:16:20.611,0.160184,0.000127,0.012713,0.017241,0.029421,0.005711,0,0,3
2021-09-01 11:16:22.110,0.158691,0.000287,0.012507,0.017281,0.027635,0.005782,0,0,3
2021-09-01 11:16:23.611,0.160408,0.00013,0.0127,0.016878,0.028541,0.005674,0,0,3
2021-09-01 11:16:25.611,0.160318,0.000191,0.012561,0.016201,0.02807,0.005662,0,0,3
2021-09-01 11:16:27.611,0.160355,0.000272,0.01252,0.016337,0.028581,0.005787,0,0,3
2021-09-01 11:16:29.609,0.160341,0.00024,0.012255,0.016209,0.028243,0.00568,0,0,3
2021-09-01 11:16:31.110,0.15966,0.000137,0.012339,0.017341,0.027191,0.005766,0,0,3
2021-09-01 11:16:33.110,0.160003,0.000262,0.012501,0.017321,0.027966,0.005868,0,0,3
2021-09-01 11:16:34.609,0.159371,0.000189,0.012281,0.016251,0.027663,0.005711,0,0,3
2021-09-01 11:16:36.110,0.15881,0.000263,0.012327,0.016039,0.028386,0.005749,0,0,3
2021-09-01 11:16:38.110,0.16041,1.8e-05,0.012653,0.017465,0.027423,0.005732,0,0,3
2021-09-01 11:16:40.109,0.159614,8.4e-05,0.012468,0.016675,0.026619,0.005647,0,0,3
2021-09-01 11:16:41.609,0.160159,0.000159,0.01235,0.0168,0.026836,0.005712,0,0,3
2021-09-01 11:16:43.609,0.16011,0.000317,0.012396,0.016749,0.027104,0.005723,0,0,3
2021-09-01 11:16:45.611,0.160533,0.000291,0.012563,0.016716,0.028325,0.005715,0,0,3
2021-09-01 11:16:47.110,0.159816,-4.9e-05,0.012238,0.017743,0.027191,0.005756,0,0,3
2021-09-01 11:16:49.109,0.157909,0.000134,0.011939,0.01655,0.027697,0.005679,0,0,3
2021-09-01 11:16:51.109,0.160213,0.000341,0.012386,0.017113,0.027905,0.005633,0,0,3
2021-09-01 11:16:53.109,0.159717,0.000112,0.012331,0.01701,0.028532,0.005794,0,0,3
2021-09-01 11:16:54.609,0.158938,0.00017,0.012711,0.017518,0.026267,0.005742,0,0,3
2021-09-01 11:16:56.109,0.159242,0.000121,0.01216,0.017152,0.027941,0.005899,0,0,3
2021-09-01 11:16:58.109,0.159349,8.3e-05,0.012295,0.017439,0.027585,0.005743,0,0,3
2021-09-01 11:17:00.109,0.160764,0.00028,0.012272,0.016859,0.028359,0.005703,0,0,3
2021-09-01 11:17:02.109,0.159305,0.00028,0.012543,0.017172,0.026213,0.005693,0,0,3
2021-09-01 11:17:04.109,0.15979,0.000183,0.012405,0.016714,0.027737,0.005775,0,0,3
2021-09-01 11:17:06.109,0.160347,-9e-06,0.012547,0.016912,0.028504,0.005699,0,0,3
2021-09-01 11:17:07.608,0.159896,0.000133,0.012753,0.017319,0.027079,0.005791,0,0,3
2021-09-01 11:17:09.608,0.159499,-1.1e-05,0.012625,0.016289,0.026693,0.0056,0,0,3
2021-09-01 11:17:11.608,0.158942,0.000215,0.012451,0.016528,0.027034,0.005642,0,0,3
2021-09-01 11:17:13.608,0.159761,6e-05,0.012561,0.0165,0.027412,0.005713,0,0,3
2021-09-01 11:17:15.107,0.160155,9.1e-05,0.012814,0.017113,0.028768,0.005811,0,0,3
2021-09-01 11:17:17.107,0.159914,4.9e-05,0.012984,0.016015,0.025867,0.005689,0,0,3
2021-09-01 11:17:19.107,0.160507,8.6e-05,0.012579,0.016367,0.028056,0.005802,0,0,3
2021-09-01 11:17:20.608,0.161311,7.4e-05,0.012841,0.01573,0.029463,0.005778,0,0,3
2021-09-01 11:17:22.606,0.160341,2.7e-05,0.012651,0.016882,0.028632,0.005669,0,0,3
2021-09-01 11:17:24.606,0.160735,0.000243,0.012635,0.016169,0.028469,0.005603,0,0,3
2021-09-01 11:17:26.606,0.159832,0.000188,0.012143,0.017006,0.028081,0.005729,0,0,3
2021-09-01 11:17:28.606,0.16052,0.000117,0.012543,0.016653,0.028417,0.005872,0,0,3
2021-09-01 11:17:30.606,0.159423,8.3e-05,0.012662,0.017216,0.025778,0.005695,0,0,3
2021-09-01 11:17:32.606,0.160759,-1e-06,0.01274,0.01782,0.02756,0.005625,0,0,3
2021-09-01 11:17:34.606,0.159578,0.000123,0.012391,0.017228,0.0267,0.005683,0,0,3
2021-09-01 11:17:36.606,0.161182,0.000117,0.012814,0.017741,0.027823,0.005872,0,0,3
2021-09-01 11:17:38.606,0.159449,4.7e-05,0.012667,0.016665,0.028196,0.005707,0,0,3
2021-09-01 11:17:40.606,0.159378,0.00023,0.012419,0.017851,0.028356,0.005706,0,0,3
2021-09-01 11:17:42.606,0.159877,0.000204,0.012956,0.016644,0.026381,0.005696,0,0,3
2021-09-01 11:17:44.606,0.160586,0.000304,0.012759,0.016814,0.02831,0.005777,0,0,3
2021-09-01 11:17:46.606,0.160192,0.000243,0.012896,0.016782,0.026944,0.005806,0,0,3
2021-09-01 11:17:48.605,0.160446,0.000226,0.012753,0.01671,0.027418,0.005656,0,0,3
2021-09-01 11:17:50.605,0.16021,0.000264,0.01252,0.017972,0.028048,0.005916,0,0,3
2021-09-01 11:17:52.605,0.159593,0.000133,0.012616,0.016784,0.027415,0.005841,0,0,3
2021-09-01 11:17:54.605,0.160152,0.000188,0.012607,0.016393,0.028182,0.005632,0,0,3
2021-09-01 11:17:56.605,0.159664,0.000146,0.012809,0.017667,0.027269,0.00577,0,0,3
2021-09-01 11:17:58.605,0.15942,0.000215,0.012515,0.017147,0.026442,0.005767,0,0,3
2021-09-01 11:18:00.605,0.159181,0.000257,0.012382,0.017802,0.026972,0.005782,0,0,3
2021-09-01 11:18:02.605,0.159932,0.000246,0.012533,0.017019,0.02814,0.005882,0,0,3
2021-09-01 11:18:04.605,0.160024,0.000435,0.01286,0.017513,0.028008,0.005885,0,0,3
2021-09-01 11:18:06.605,0.160326,0.000236,0.012804,0.016483,0.026823,0.005727,0,0,3
2021-09-01 11:18:08.605,0.160835,0.000446,0.012648,0.017194,0.026708,0.005924,0,0,3
2021-09-01 11:18:10.605,0.159979,0.000398,0.012547,0.017501,0.026976,0.005858,0,0,3
2021-09-01 11:18:12.605,0.159428,0.000338,0.012262,0.0172,0.026347,0.005739,0,0,3
2021-09-01 11:18:14.605,0.15915,0.000341,0.012556,0.016182,0.026523,0.005938,0,0,3
2021-09-01 11:18:16.603,0.160231,0.000101,0.012467,0.016709,0.027541,0.005704,0,0,3
2021-09-01 11:18:18.605,0.159894,0.000147,0.012752,0.017854,0.02764,0.005902,0,0,3
2021-09-01 11:18:20.603,0.159758,0.000214,0.012729,0.016998,0.027843,0.005768,0,0,3
2021-09-01 11:18:22.605,0.159844,0.000304,0.012361,0.016749,0.028509,0.005748,0,0,3
2021-09-01 11:18:24.603,0.159981,0.000151,0.012559,0.016374,0.027017,0.005753,0,0,3
2021-09-01 11:18:26.603,0.16026,9.4e-05,0.012598,0.015832,0.027369,0.005767,0,0,3
2021-09-01 11:18:28.603,0.16037,0.000301,0.012938,0.016077,0.029602,0.00589,0,0,3
2021-09-01 11:18:30.603,0.1599,0.000369,0.012533,0.017236,0.026753,0.005795,0,0,3
2021-09-01 11:18:32.603,0.160536,0.000393,0.012478,0.017067,0.027565,0.005743,0,0,3
2021-09-01 11:18:34.104,0.159187,0.000396,0.012627,0.016529,0.026109,0.005849,0,0,3
2021-09-01 11:18:35.603,0.15977,0.00014,0.012415,0.016999,0.027769,0.00573,0,0,3
2021-09-01 11:18:37.601,0.159413,0.000148,0.012329,0.017623,0.027472,0.005781,0,0,3
2021-09-01 11:18:39.603,0.15956,0.000278,0.01255,0.016904,0.027305,0.00575,0,0,3
2021-09-01 11:18:41.601,0.15997,0.000138,0.012641,0.016908,0.028045,0.005641,0,0,3
2021-09-01 11:18:43.601,0.159494,0.000249,0.012749,0.017344,0.027634,0.005817,0,0,3
2021-09-01 11:18:45.601,0.15947,0.000351,0.012708,0.017073,0.026166,0.005931,0,0,3
2021-09-01 11:18:47.601,0.160187,0.000212,0.012409,0.016219,0.02722,0.00565,0,0,3
2021-09-01 11:18:49.603,0.15971,0.000262,0.012692,0.016665,0.027648,0.005849,0,0,3
2021-09-01 11:18:51.603,0.160856,0.000104,0.012653,0.016315,0.028166,0.005838,0,0,3
2021-09-01 11:18:53.601,0.160982,0.000243,0.01295,0.017194,0.027619,0.005816,0,0,3
2021-09-01 11:18:55.601,0.160712,0.000167,0.012777,0.016397,0.028751,0.005682,0,0,3
2021-09-01 11:18:57.601,0.159635,0.000243,0.012676,0.016882,0.027701,0.005729,0,0,3
2021-09-01 11:18:59.601,0.159819,-7.4e-05,0.012478,0.017126,0.028202,0.005789,0,0,3
2021-09-01 11:19:01.601,0.160082,0.000175,0.012579,0.015725,0.026987,0.005627,0,0,3
2021-09-01 11:19:03.601,0.160557,0.000173,0.012754,0.017679,0.028772,0.00579,0,0,3
2021-09-01 11:19:05.601,0.160061,0.000243,0.012602,0.016333,0.0282,0.005844,0,0,3
2021-09-01 11:19:07.601,0.160053,0.000188,0.012529,0.017731,0.027804,0.005796,0,0,3
2021-09-01 11:19:09.600,0.160567,0.000284,0.012381,0.017217,0.02823,0.00579,0,0,3
2021-09-01 11:19:11.102,0.159328,0.000359,0.012451,0.016401,0.02715,0.005802,0,0,3
2021-09-01 11:19:13.101,0.159703,0.000355,0.012624,0.017043,0.027527,0.005801,0,0,3
2021-09-01 11:19:15.101,0.160315,0.000125,0.01251,0.016466,0.028102,0.005959,0,0,3
2021-09-01 11:19:17.101,0.159767,0.000293,0.012667,0.016523,0.026475,0.005697,0,0,3
2021-09-01 11:19:19.101,0.159352,0.00023,0.012483,0.016855,0.027194,0.005763,0,0,3
2021-09-01 11:19:21.099,0.159726,0.000303,0.012513,0.017302,0.028005,0.005853,0,0,3
2021-09-01 11:19:23.101,0.159768,0.000233,0.01216,0.017042,0.029211,0.005802,0,0,3
2021-09-01 11:19:25.099,0.160204,0.000201,0.01283,0.017207,0.026317,0.005627,0,0,3
2021-09-01 11:19:27.099,0.160491,0.000154,0.012616,0.016684,0.027913,0.005868,0,0,3
2021-09-01 11:19:29.099,0.159557,0.000419,0.01263,0.017419,0.026641,0.005768,0,0,3
2021-09-01 11:19:31.099,0.159953,0.000367,0.012322,0.016274,0.027744,0.005907,0,0,3
2021-09-01 11:19:33.099,0.159121,0.000314,0.011987,0.016842,0.026122,0.005674,0,0,3
2021-09-01 11:19:35.099,0.160391,0.000304,0.012226,0.01688,0.028279,0.005748,0,0,3
2021-09-01 11:19:37.099,0.160362,7.5e-05,0.01207,0.016697,0.029254,0.005788,0,0,3
2021-09-01 11:19:39.099,0.159559,0.000264,0.012354,0.017207,0.027224,0.005813,0,0,3
2021-09-01 11:19:41.099,0.160231,0.000157,0.012092,0.016948,0.028795,0.005746,0,0,3
2021-09-01 11:19:43.099,0.159795,0.00027,0.011923,0.017165,0.027568,0.005805,0,0,3
2021-09-01 11:19:45.099,0.15984,0.000338,0.012097,0.017076,0.02692,0.005853,0,0,3
2021-09-01 11:19:47.099,0.160226,0.000246,0.012184,0.017449,0.027671,0.005807,0,0,3
2021-09-01 11:19:49.099,0.160462,0.000267,0.012056,0.017474,0.028307,0.00587,0,0,3
2021-09-01 11:19:51.097,0.158788,0.000372,0.011851,0.017364,0.024816,0.005815,0,0,3
2021-09-01 11:19:53.097,0.160061,0.000443,0.011913,0.018004,0.02871,0.005942,0,0,3
2021-09-01 11:19:55.097,0.159793,0.000314,0.012299,0.016735,0.028833,0.005865,0,0,3
2021-09-01 11:19:57.099,0.160489,0.000257,0.011921,0.016851,0.028502,0.005922,0,0,3
2021-09-01 11:19:59.097,0.159934,0.000345,0.012044,0.016805,0.028512,0.005693,0,0,3
2021-09-01 11:20:01.097,0.159877,0.000401,0.012198,0.016732,0.02717,0.00584,0,0,3
2021-09-01 11:20:03.097,0.159365,0.000443,0.011844,0.017281,0.028208,0.005696,0,0,3
2021-09-01 11:20:05.097,0.159803,0.000233,0.012042,0.016979,0.027052,0.005745,0,0,3
2021-09-01 11:20:07.097,0.159457,0.000243,0.012115,0.01788,0.026044,0.005768,0,0,3
2021-09-01 11:20:09.097,0.159431,0.000314,0.011647,0.015968,0.027825,0.005828,0,0,3
2021-09-01 11:20:11.097,0.160011,-1.1e-05,0.012152,0.01722,0.028144,0.005727,0,0,3
2021-09-01 11:20:13.097,0.159853,0.000207,0.011789,0.016108,0.027784,0.005784,0,0,3
2021-09-01 11:20:15.096,0.160144,0.000323,0.012004,0.015695,0.029056,0.005706,0,0,3
2021-09-01 11:20:17.097,0.160352,0.000164,0.01202,0.017074,0.026712,0.005602,0,0,3
2021-09-01 11:20:19.096,0.160294,0.000174,0.01193,0.016937,0.028239,0.005762,0,0,3
2021-09-01 11:20:21.096,0.159599,0.000194,0.011863,0.016739,0.028578,0.005769,0,0,3
2021-09-01 11:20:23.097,0.160811,0.000305,0.012365,0.01749,0.028697,0.005872,0,0,3
2021-09-01 11:20:25.096,0.159947,0.000265,0.012013,0.016127,0.026578,0.00564,0,0,3
2021-09-01 11:20:27.096,0.160546,0.000291,0.012056,0.016854,0.02938,0.005811,0,0,3
2021-09-01 11:20:29.096,0.160189,4.9e-05,0.012235,0.01814,0.026844,0.005542,0,0,3
2021-09-01 11:20:31.096,0.159475,0.000291,0.011978,0.016429,0.02787,0.005792,0,0,3
2021-09-01 11:20:33.096,0.159935,0.000243,0.012134,0.016568,0.026642,0.005758,0,0,3
2021-09-01 11:20:35.096,0.159819,0.00033,0.01207,0.017028,0.028712,0.005765,0,0,3
2021-09-01 11:20:37.096,0.159935,0.000222,0.011886,0.017227,0.027904,0.005818,0,0,3
2021-09-01 11:20:39.096,0.160042,5.7e-05,0.012033,0.01656,0.027902,0.005779,0,0,3
2021-09-01 11:20:41.096,0.159509,5.2e-05,0.01206,0.01717,0.027413,0.005738,0,0,3
2021-09-01 11:20:43.096,0.16004,8.9e-05,0.011909,0.017883,0.028853,0.005765,0,0,3
2021-09-01 11:20:45.096,0.160433,7.8e-05,0.012088,0.01673,0.028493,0.005693,0,0,3
2021-09-01 11:20:47.096,0.159606,0.00033,0.01212,0.016986,0.028121,0.005804,0,0,3
2021-09-01 11:20:49.096,0.160583,0.000312,0.012409,0.018025,0.027692,0.005634,0,0,3
2021-09-01 11:20:51.096,0.159711,0.00028,0.012419,0.016748,0.026414,0.00578,0,0,3
2021-09-01 11:20:53.094,0.16063,0.000188,0.012287,0.01742,0.029081,0.005806,0,0,3
2021-09-01 11:20:55.094,0.160948,0.00012,0.012115,0.017498,0.029104,0.005769,0,0,3
2021-09-01 11:20:57.094,0.160444,0.000291,0.012129,0.016732,0.026487,0.005802,0,0,3
2021-09-01 11:20:59.094,0.160572,0.000191,0.012676,0.016982,0.027644,0.005633,0,0,3
2021-09-01 11:21:01.094,0.160271,0.000128,0.012547,0.017423,0.027161,0.005858,0,0,3
2021-09-01 11:21:03.094,0.159824,0.000154,0.011955,0.016221,0.028034,0.005783,0,0,3
2021-09-01 11:21:05.094,0.160782,0.000228,0.012239,0.016366,0.028285,0.005772,0,0,3
2021-09-01 11:21:07.094,0.160656,0.000194,0.012409,0.01601,0.028863,0.005683,0,0,3
2021-09-01 11:21:09.093,0.159981,0.000231,0.012266,0.016995,0.027179,0.005628,0,0,3
2021-09-01 11:21:11.093,0.160478,0.000306,0.012249,0.016454,0.02806,0.005701,0,0,3
2021-09-01 11:21:13.093,0.158611,0.000107,0.012299,0.015726,0.025896,0.005637,0,0,3
2021-09-01 11:21:15.093,0.159522,8.6e-05,0.012304,0.01654,0.02704,0.005764,0,0,3
2021-09-01 11:21:17.093,0.160614,0.000112,0.012497,0.016878,0.02813,0.005679,0,0,3
2021-09-01 11:21:19.094,0.159439,0.000402,0.012379,0.015907,0.025891,0.005677,0,0,3
2021-09-01 11:21:21.093,0.159973,0.000276,0.012086,0.016934,0.027798,0.005721,0,0,3
2021-09-01 11:21:23.093,0.16004,0.000191,0.012203,0.016475,0.027137,0.005816,0,0,3
2021-09-01 11:21:25.093,0.159136,0.000262,0.012354,0.01589,0.027728,0.005706,0,0,3
2021-09-01 11:21:27.093,0.159806,0.000117,0.012152,0.016732,0.027018,0.005691,0,0,3
2021-09-01 11:21:29.093,0.15968,0.000138,0.012037,0.016435,0.028267,0.005786,0,0,3
2021-09-01 11:21:31.093,0.159373,0.000175,0.012249,0.018096,0.026452,0.005867,0,0,3
2021-09-01 11:21:33.093,0.160633,0.000159,0.012106,0.016385,0.028558,0.005708,0,0,3
2021-09-01 11:21:35.093,0.160181,0.000312,0.01201,0.015829,0.027012,0.005751,0,0,3
2021-09-01 11:21:37.091,0.160517,0.000106,0.011874,0.016931,0.029024,0.00583,0,0,3
2021-09-01 11:21:39.091,0.159638,1.8e-05,0.012129,0.016641,0.026925,0.005693,0,0,3
2021-09-01 11:21:41.091,0.159866,0.000123,0.011849,0.017133,0.028291,0.005644,0,0,3
2021-09-01 11:21:43.093,0.160324,0.000102,0.012059,0.017696,0.027416,0.005625,0,0,3
2021-09-01 11:21:45.091,0.159505,2.5e-05,0.011947,0.017348,0.027213,0.005678,0,0,3
2021-09-01 11:21:47.091,0.16053,0.000196,0.011858,0.015207,0.027301,0.005684,0,0,3
2021-09-01 11:21:49.093,0.159303,3.4e-05,0.011825,0.017095,0.026376,0.00571,0,0,3
2021-09-01 11:21:51.091,0.159807,-0.000149,0.012186,0.015958,0.027745,0.005669,0,0,3
2021-09-01 11:21:53.091,0.159935,-0.000108,0.012207,0.016687,0.027741,0.005663,0,0,3
2021-09-01 11:21:55.091,0.160252,-2.2e-05,0.0124,0.015369,0.027971,0.005614,0,0,3
2021-09-01 11:21:57.091,0.159641,0.000141,0.012171,0.017103,0.027292,0.005681,0,0,3
2021-09-01 11:21:59.091,0.160654,5e-06,0.011996,0.017176,0.028404,0.005569,0,0,3
2021-09-01 11:22:01.091,0.159809,9.4e-05,0.01206,0.016072,0.027393,0.005651,0,0,3
2021-09-01 11:22:03.091,0.159538,0.00018,0.01223,0.017126,0.027347,0.005609,0,0,3
2021-09-01 11:22:05.091,0.159381,0.000249,0.011886,0.01706,0.0279,0.005789,0,0,3
2021-09-01 11:22:07.091,0.15947,0.000207,0.012207,0.016194,0.026299,0.005599,0,0,3
2021-09-01 11:22:09.089,0.159568,0.000112,0.011984,0.016278,0.027447,0.005679,0,0,3
2021-09-01 11:22:11.089,0.159698,0.000201,0.011959,0.016447,0.02754,0.005753,0,0,3
2021-09-01 11:22:13.089,0.159869,0.000257,0.012033,0.016773,0.026979,0.005695,0,0,3
2021-09-01 11:22:15.089,0.160076,1e-05,0.012102,0.016541,0.02866,0.00565,0,0,3
2021-09-01 11:22:17.089,0.159347,5.7e-05,0.011982,0.016427,0.027421,0.005712,0,0,3
2021-09-01 11:22:19.089,0.160236,0.000128,0.012028,0.016212,0.028233,0.005743,0,0,3
2021-09-01 11:22:21.089,0.160302,2.8e-05,0.01207,0.017057,0.026086,0.00564,0,0,3
2021-09-01 11:22:23.089,0.160549,7e-05,0.01207,0.016646,0.029178,0.005631,0,0,3
2021-09-01 11:22:25.089,0.160769,-8.2e-05,0.01206,0.017179,0.02896,0.00563,0,0,3
2021-09-01 11:22:27.089,0.159373,-0.000203,0.012074,0.016926,0.028189,0.005454,0,0,3
2021-09-01 11:22:29.089,0.15941,0.000146,0.012056,0.017043,0.027937,0.005856,0,0,3
2021-09-01 11:22:31.088,0.160543,8.7e-05,0.011659,0.017012,0.029035,0.005764,0,0,3
2021-09-01 11:22:33.088,0.159714,-9.8e-05,0.012226,0.016393,0.026158,0.005581,0,0,3
2021-09-01 11:22:35.088,0.160158,2.6e-05,0.011941,0.016759,0.029216,0.005619,0,0,3
2021-09-01 11:22:37.088,0.160063,3.3e-05,0.012184,0.016555,0.028878,0.005672,0,0,3
2021-09-01 11:22:39.089,0.159888,-7e-06,0.012057,0.016362,0.027859,0.005709,0,0,3
2021-09-01 11:22:41.088,0.160428,0.000129,0.01261,0.016578,0.028618,0.005608,0,0,3
2021-09-01 11:22:43.088,0.160659,-2.4e-05,0.012607,0.015954,0.027885,0.005514,0,0,3
2021-09-01 11:22:45.088,0.160349,5.7e-05,0.012364,0.016885,0.02668,0.005634,0,0,3
2021-09-01 11:22:47.088,0.159953,9.4e-05,0.012171,0.016734,0.026713,0.00569,0,0,3
2021-09-01 11:22:49.088,0.159738,0.000175,0.011904,0.016723,0.027391,0.005508,0,0,3
2021-09-01 11:22:51.088,0.159483,-3.7e-05,0.012065,0.016372,0.027504,0.005713,0,0,3
2021-09-01 11:22:53.088,0.16084,9.4e-05,0.012088,0.015569,0.029529,0.005671,0,0,3
2021-09-01 11:22:55.088,0.159357,5.4e-05,0.012102,0.015948,0.027116,0.005768,0,0,3
2021-09-01 11:22:57.086,0.158785,4.1e-05,0.012108,0.017343,0.027168,0.005558,0,0,3
2021-09-01 11:22:59.086,0.159341,7.8e-05,0.012019,0.016909,0.027661,0.005673,0,0,3
2021-09-01 11:23:01.086,0.15895,-0.000132,0.012079,0.016642,0.026487,0.005707,0,0,3
2021-09-01 11:23:03.088,0.159424,0.000118,0.012132,0.017329,0.027254,0.005729,0,0,3
2021-09-01 11:23:05.086,0.160283,0.000196,0.011952,0.015891,0.029437,0.005856,0,0,3
2021-09-01 11:23:07.086,0.159725,6.5e-05,0.012106,0.016529,0.028203,0.005735,0,0,3
2021-09-01 11:23:09.086,0.159567,3.3e-05,0.011826,0.015925,0.027571,0.005672,0,0,3
2021-09-01 11:23:11.086,0.158777,-3.7e-05,0.012033,0.01724,0.02625,0.005655,0,0,3
2021-09-01 11:23:13.086,0.15994,-3.7e-05,0.012258,0.016491,0.028211,0.005546,0,0,3
2021-09-01 11:23:15.086,0.160504,0.000138,0.012391,0.016374,0.029599,0.005748,0,0,3
2021-09-01 11:23:17.086,0.160032,6.5e-05,0.012194,0.017339,0.027585,0.005657,0,0,3
2021-09-01 11:23:19.086,0.160551,0.000165,0.012322,0.016955,0.029412,0.0057,0,0,3
2021-09-01 11:23:21.086,0.15953,0.00012,0.012529,0.017413,0.027644,0.005721,0,0,3
2021-09-01 11:23:23.086,0.159903,2.3e-05,0.012189,0.016887,0.026674,0.005588,0,0,3
2021-09-01 11:23:25.086,0.159759,0.000241,0.012111,0.01701,0.027661,0.005852,0,0,3
2021-09-01 11:23:27.086,0.160108,0.00018,0.012331,0.01701,0.027704,0.005697,0,0,3
2021-09-01 11:23:29.086,0.159648,0.00027,0.012304,0.0162,0.028186,0.005612,0,0,3
2021-09-01 11:23:31.086,0.158926,3.3e-05,0.012051,0.016745,0.027901,0.005534,0,0,3
2021-09-01 11:23:33.085,0.159259,9e-05,0.012183,0.016852,0.02846,0.005718,0,0,3
2021-09-01 11:23:35.085,0.161166,-5.8e-05,0.012455,0.01631,0.02849,0.005495,0,0,3
2021-09-01 11:23:37.086,0.159064,-8e-05,0.012094,0.017599,0.026956,0.00563,0,0,3
2021-09-01 11:23:39.085,0.159619,-3.9e-05,0.012431,0.016086,0.026332,0.005644,0,0,3
2021-09-01 11:23:41.085,0.159924,-9.3e-05,0.011904,0.016438,0.02993,0.005505,0,0,3
2021-09-01 11:23:43.085,0.159583,-0.000158,0.011812,0.015706,0.026772,0.005484,0,0,3
2021-09-01 11:23:45.085,0.160247,4.7e-05,0.012129,0.016261,0.027653,0.00555,0,0,3
2021-09-01 11:23:47.085,0.160323,-2.7e-05,0.011927,0.016875,0.027576,0.005651,0,0,3
2021-09-01 11:23:49.085,0.159625,-8.5e-05,0.012092,0.016401,0.027794,0.005628,0,0,3
2021-09-01 11:23:51.085,0.159958,1.5e-05,0.011771,0.016731,0.02852,0.005633,0,0,3
2021-09-01 11:23:53.085,0.159546,0.000146,0.011707,0.016824,0.027313,0.005732,0,0,3
2021-09-01 11:23:55.083,0.15884,2.2e-05,0.012076,0.017327,0.026076,0.005598,0,0,3
2021-09-01 11:23:57.085,0.159668,6.6e-05,0.01193,0.017096,0.026731,0.005648,0,0,3
2021-09-01 11:23:59.083,0.159934,5.4e-05,0.011556,0.016726,0.027963,0.005826,0,0,3
2021-09-01 11:24:01.083,0.159622,1.8e-05,0.011711,0.016812,0.02851,0.005732,0,0,3
2021-09-01 11:24:03.083,0.160499,-1.4e-05,0.012262,0.016943,0.027647,0.005696,0,0,3
2021-09-01 11:24:05.085,0.162131,2.4e-05,0.012334,0.01718,0.028654,0.005686,0,0,3
2021-09-01 11:24:07.083,0.161615,0.000114,0.012439,0.017638,0.027049,0.00568,0,0,3
2021-09-01 11:24:09.083,0.161119,-4.3e-05,0.012272,0.017048,0.027858,0.005768,0,0,3
2021-09-01 11:24:11.083,0.161192,-3.7e-05,0.012175,0.016251,0.027708,0.005828,0,0,3
2021-09-01 11:24:13.083,0.163087,-0.000108,0.012134,0.016901,0.030708,0.005505,0,0,3
2021-09-01 11:24:15.083,0.161636,-0.000311,0.012331,0.016506,0.027806,0.005558,0,0,3
2021-09-01 11:24:17.083,0.161413,-0.000177,0.012203,0.016175,0.026877,0.005641,0,0,3
2021-09-01 11:24:19.083,0.161987,-5.3e-05,0.011941,0.016699,0.027772,0.005695,0,0,3
2021-09-01 11:24:21.083,0.161691,-0.000245,0.01201,0.015808,0.027574,0.005466,0,0,3
2021-09-01 11:24:23.081,0.161523,-0.000238,0.012094,0.01555,0.027308,0.005471,0,0,3
2021-09-01 11:24:25.081,0.160108,9.4e-05,0.011633,0.016817,0.028149,0.0057,0,0,3
2021-09-01 11:24:27.081,0.161371,9.1e-05,0.012102,0.016428,0.027251,0.00565,0,0,3
2021-09-01 11:24:29.081,0.162108,8.6e-05,0.011913,0.017325,0.027233,0.005773,0,0,3
2021-09-01 11:24:31.081,0.161882,4.9e-05,0.012262,0.017618,0.027841,0.005591,0,0,3
2021-09-01 11:24:33.081,0.161231,0.000207,0.011932,0.01721,0.027641,0.005707,0,0,3
2021-09-01 11:24:35.081,0.161791,-4.8e-05,0.011638,0.016624,0.028217,0.00556,0,0,3
2021-09-01 11:24:37.081,0.162113,2.8e-05,0.011821,0.016894,0.0276,0.00561,0,0,3
2021-09-01 11:24:39.081,0.16126,-0.00014,0.011964,0.017198,0.027628,0.005625,0,0,3
2021-09-01 11:24:41.081,0.161586,-9.8e-05,0.012097,0.017697,0.026985,0.005611,0,0,3
2021-09-01 11:24:43.081,0.162205,0.000141,0.012143,0.016025,0.028303,0.005672,0,0,3
2021-09-01 11:24:45.081,0.160819,0.000196,0.012166,0.016827,0.02638,0.005674,0,0,3
2021-09-01 11:24:47.081,0.161615,0.000112,0.012175,0.016292,0.025815,0.005688,0,0,3
2021-09-01 11:24:49.080,0.161696,6.1e-05,0.012128,0.016573,0.026573,0.005617,0,0,3
2021-09-01 11:24:51.081,0.160788,0.000229,0.011906,0.01748,0.027974,0.005705,0,0,3
2021-09-01 11:24:53.080,0.160948,0.00016,0.012551,0.016682,0.027545,0.005738,0,0,3
2021-09-01 11:24:55.080,0.161069,0.000173,0.012037,0.017462,0.028468,0.005771,0,0,3
2021-09-01 11:24:57.081,0.161415,0.000172,0.011933,0.017069,0.028808,0.005684,0,0,3
2021-09-01 11:24:59.081,0.160796,0.000162,0.011803,0.017606,0.029666,0.005767,0,0,3
2021-09-01 11:25:01.080,0.161478,0.000166,0.012312,0.016963,0.027278,0.00574,0,0,3
2021-09-01 11:25:03.080,0.161184,0.000417,0.012175,0.016251,0.028718,0.005834,0,0,3
2021-09-01 11:25:05.080,0.161662,0.000236,0.01229,0.017099,0.028597,0.005907,0,0,3
2021-09-01 11:25:07.080,0.161344,0.00027,0.012295,0.016908,0.027428,0.005862,0,0,3
2021-09-01 11:25:09.080,0.161686,0.000125,0.012239,0.016753,0.029161,0.005809,0,0,3
2021-09-01 11:25:11.080,0.16193,0.000191,0.0124,0.016266,0.027595,0.005584,0,0,3
2021-09-01 11:25:13.080,0.161462,0.000351,0.011872,0.017025,0.026539,0.005742,0,0,3
2021-09-01 11:25:15.080,0.161599,0.000136,0.012364,0.017005,0.027695,0.005698,0,0,3
2021-09-01 11:25:17.078,0.161006,8.5e-05,0.012071,0.016509,0.026715,0.00584,0,0,3
2021-09-01 11:25:19.078,0.161861,1.8e-05,0.012276,0.016937,0.026809,0.005732,0,0,3
2021-09-01 11:25:21.078,0.161617,6e-05,0.012033,0.016863,0.029148,0.005771,0,0,3
2021-09-01 11:25:23.078,0.161019,5.7e-05,0.011844,0.016856,0.026916,0.005731,0,0,3
2021-09-01 11:25:25.080,0.161171,0.000118,0.012026,0.017245,0.027844,0.005739,0,0,3
2021-09-01 11:25:27.080,0.161588,0.000233,0.012184,0.017642,0.027329,0.005831,0,0,3
2021-09-01 11:25:29.078,0.161455,7.2e-05,0.012218,0.016392,0.026728,0.005661,0,0,3
2021-09-01 11:25:31.078,0.161092,3.6e-05,0.011941,0.01693,0.028028,0.005692,0,0,3
2021-09-01 11:25:33.078,0.162153,-1.6e-05,0.0119,0.016409,0.027538,0.005578,0,0,3
2021-09-01 11:25:35.078,0.161738,4.7e-05,0.012014,0.016619,0.027433,0.005629,0,0,3
2021-09-01 11:25:37.078,0.161573,-0.000179,0.011854,0.017151,0.029238,0.005668,0,0,3
2021-09-01 11:25:39.078,0.161473,-0.000192,0.011192,0.016313,0.028972,0.005552,0,0,3
2021-09-01 11:25:41.078,0.161168,-9.5e-05,0.011821,0.017162,0.028162,0.005642,0,0,3
2021-09-01 11:25:43.078,0.163224,-2.4e-05,0.012322,0.016139,0.028773,0.005623,0,0,3
2021-09-01 11:25:45.077,0.164436,-7.3e-05,0.012339,0.01705,0.02894,0.005694,0,0,3
2021-09-01 11:25:47.078,0.164569,-3.3e-05,0.012291,0.017046,0.028261,0.005647,0,0,3
2021-09-01 11:25:49.077,0.164911,3.4e-05,0.012376,0.016374,0.028443,0.00575,0,0,3
2021-09-01 11:25:51.078,0.164553,0.000182,0.012305,0.017489,0.02753,0.005793,0,0,3
2021-09-01 11:25:53.078,0.164505,-8.2e-05,0.012465,0.017271,0.026982,0.00563,0,0,3
2021-09-01 11:25:55.077,0.165043,-0.000163,0.012459,0.01629,0.028851,0.005591,0,0,3
2021-09-01 11:25:57.077,0.164229,4.7e-05,0.012207,0.017186,0.028075,0.005746,0,0,3
2021-09-01 11:25:59.077,0.164626,-0.000166,0.012235,0.017678,0.027483,0.005657,0,0,3
2021-09-01 11:26:01.077,0.164529,-6.6e-05,0.012207,0.017381,0.027246,0.00549,0,0,3
2021-09-01 11:26:03.077,0.166372,-0.00015,0.012143,0.017155,0.028944,0.005608,0,0,3
2021-09-01 11:26:05.077,0.166316,-8.5e-05,0.012437,0.017048,0.029074,0.005589,0,0,3
2021-09-01 11:26:07.075,0.167439,-4.1e-05,0.012614,0.01723,0.028508,0.005585,0,0,3
2021-09-01 11:26:09.077,0.166314,0.00021,0.012426,0.016205,0.028859,0.005765,0,0,3
2021-09-01 11:26:11.075,0.166501,9.1e-05,0.012674,0.015953,0.027279,0.00568,0,0,3
2021-09-01 11:26:13.075,0.167303,-6.1e-05,0.012621,0.015967,0.028146,0.005767,0,0,3
2021-09-01 11:26:15.075,0.167282,-1e-06,0.012703,0.016378,0.029083,0.00577,0,0,3
2021-09-01 11:26:17.077,0.167224,-8.9e-05,0.012664,0.017257,0.028379,0.005664,0,0,3
2021-09-01 11:26:19.077,0.166631,6.8e-05,0.012653,0.017638,0.027676,0.005659,0,0,3
2021-09-01 11:26:21.075,0.16751,2.2e-05,0.012789,0.017299,0.027854,0.005667,0,0,3
2021-09-01 11:26:23.075,0.166755,4.4e-05,0.012428,0.016923,0.027926,0.005821,0,0,3
2021-09-01 11:26:25.075,0.166251,-1e-06,0.012354,0.017383,0.028226,0.005751,0,0,3
2021-09-01 11:26:27.075,0.166526,0.000115,0.012869,0.016556,0.026835,0.005805,0,0,3
2021-09-01 11:26:29.075,0.166637,-0.000103,0.012708,0.016773,0.02805,0.005772,0,0,3
2021-09-01 11:26:31.075,0.167117,0.000146,0.012759,0.017202,0.0272,0.005732,0,0,3
2021-09-01 11:26:33.075,0.166925,6.2e-05,0.012639,0.016822,0.027495,0.005656,0,0,3
2021-09-01 11:26:35.075,0.166626,4.1e-05,0.01263,0.017056,0.028928,0.005685,0,0,3
2021-09-01 11:26:37.075,0.166448,0.000104,0.01229,0.017089,0.027737,0.005848,0,0,3
2021-09-01 11:26:39.075,0.167587,-7.4e-05,0.012671,0.01599,0.028623,0.005702,0,0,3
2021-09-01 11:26:41.075,0.166763,-2.4e-05,0.012106,0.016282,0.027529,0.005671,0,0,3
2021-09-01 11:26:43.073,0.167491,0.000164,0.012251,0.016985,0.027849,0.005863,0,0,3
2021-09-01 11:26:45.075,0.16715,0.000115,0.012325,0.017934,0.027191,0.00568,0,0,3
2021-09-01 11:26:47.073,0.16629,0.00028,0.01237,0.016596,0.026847,0.005837,0,0,3
2021-09-01 11:26:49.073,0.1675,1.8e-05,0.012442,0.016907,0.028744,0.005751,0,0,3
2021-09-01 11:26:51.073,0.166781,0.000222,0.012552,0.017614,0.02805,0.005703,0,0,3
2021-09-01 11:26:53.073,0.166043,0.000306,0.0124,0.017096,0.027284,0.005749,0,0,3
2021-09-01 11:26:55.073,0.166568,0.000128,0.012405,0.016613,0.028912,0.005763,0,0,3
2021-09-01 11:26:57.073,0.166957,0.000333,0.012685,0.01643,0.027097,0.00565,0,0,3
2021-09-01 11:26:59.073,0.167267,0.000301,0.01235,0.018052,0.029658,0.005795,0,0,3
2021-09-01 11:27:01.073,0.167246,0.00023,0.012341,0.017428,0.03026,0.005734,0,0,3
2021-09-01 11:27:03.073,0.16666,0.000173,0.012198,0.017722,0.027593,0.005713,0,0,3
2021-09-01 11:27:05.073,0.166986,0.000233,0.012262,0.016973,0.027867,0.005716,0,0,3
2021-09-01 11:27:07.073,0.166182,0.000238,0.012184,0.017488,0.026996,0.005795,0,0,3
2021-09-01 11:27:09.073,0.166343,0.000146,0.012014,0.016901,0.027676,0.005654,0,0,3
2021-09-01 11:27:11.072,0.166981,0.000339,0.012261,0.016276,0.028274,0.005844,0,0,3
2021-09-01 11:27:13.072,0.166603,0.000322,0.012157,0.016144,0.028083,0.005754,0,0,3
2021-09-01 11:27:15.072,0.165836,0.000333,0.011867,0.016349,0.027183,0.005757,0,0,3
2021-09-01 11:27:17.072,0.166676,0.000285,0.012092,0.017526,0.028415,0.005752,0,0,3
2021-09-01 11:27:19.072,0.166773,4.4e-05,0.012203,0.01696,0.027727,0.005569,0,0,3
2021-09-01 11:27:21.072,0.166332,8.1e-05,0.012276,0.017621,0.026455,0.005752,0,0,3
2021-09-01 11:27:23.072,0.167865,-4.3e-05,0.012391,0.016691,0.028193,0.005493,0,0,3
2021-09-01 11:27:25.072,0.165689,6.8e-05,0.012143,0.016887,0.026234,0.00562,0,0,3
2021-09-01 11:27:27.072,0.166668,3.6e-05,0.0124,0.017593,0.027235,0.00575,0,0,3
2021-09-01 11:27:29.072,0.166739,0.000128,0.012345,0.017053,0.027185,0.005695,0,0,3
2021-09-01 11:27:31.072,0.166721,0.000228,0.012791,0.016388,0.027877,0.00581,0,0,3
2021-09-01 11:27:33.072,0.166807,0.00023,0.012382,0.016726,0.027979,0.005734,0,0,3
2021-09-01 11:27:35.072,0.166574,2e-06,0.012276,0.017341,0.026189,0.005548,0,0,3
2021-09-01 11:27:37.072,0.166259,0.000246,0.012083,0.016772,0.026634,0.005613,0,0,3
2021-09-01 11:27:39.072,0.166697,0.000251,0.012235,0.016347,0.02704,0.005761,0,0,3
2021-09-01 11:27:41.072,0.166505,0.00023,0.012088,0.015493,0.027226,0.005734,0,0,3
2021-09-01 11:27:43.072,0.167561,0.000125,0.0124,0.017888,0.027329,0.005645,0,0,3
2021-09-01 11:27:45.070,0.167565,0.000201,0.012444,0.016353,0.028939,0.005705,0,0,3
2021-09-01 11:27:47.070,0.166692,0.000194,0.012313,0.016648,0.027159,0.005769,0,0,3
2021-09-01 11:27:49.070,0.165904,0.000259,0.012125,0.016521,0.028123,0.005598,0,0,3
2021-09-01 11:27:51.070,0.166182,9.4e-05,0.012506,0.01726,0.026744,0.005553,0,0,3
2021-09-01 11:27:53.070,0.165896,0.000283,0.012313,0.017304,0.027583,0.005732,0,0,3
2021-09-01 11:27:55.070,0.167453,0.000343,0.012184,0.016929,0.028452,0.005653,0,0,3
2021-09-01 11:27:57.070,0.166547,0.000419,0.012106,0.017032,0.027682,0.005835,0,0,3
2021-09-01 11:27:59.069,0.167336,0.000342,0.01222,0.016399,0.029269,0.005816,0,0,3
2021-09-01 11:28:01.070,0.165765,0.00024,0.012333,0.016726,0.026533,0.005795,0,0,3
2021-09-01 11:28:03.070,0.166366,0.000136,0.012207,0.017342,0.02832,0.005861,0,0,3
2021-09-01 11:28:05.070,0.167217,0.000411,0.01229,0.016506,0.027558,0.005795,0,0,3
2021-09-01 11:28:07.070,0.166327,0.000404,0.012221,0.016681,0.02777,0.005717,0,0,3
2021-09-01 11:28:09.070,0.166936,0.000551,0.012547,0.017482,0.027886,0.005771,0,0,3
2021-09-01 11:28:11.070,0.166582,0.000488,0.012322,0.016885,0.027031,0.005771,0,0,3
2021-09-01 11:28:13.069,0.166816,0.00026,0.012086,0.017407,0.027242,0.005667,0,0,3
2021-09-01 11:28:15.069,0.167214,7.5e-05,0.012249,0.017098,0.028237,0.005701,0,0,3
2021-09-01 11:28:17.069,0.166681,0.000159,0.012455,0.017441,0.027328,0.005708,0,0,3
2021-09-01 11:28:19.069,0.167143,0.000209,0.012428,0.016334,0.028364,0.005688,0,0,3
2021-09-01 11:28:21.069,0.167429,0.000304,0.012451,0.017317,0.027358,0.005974,0,0,3
2021-09-01 11:28:23.069,0.179014,0.000443,0.014513,0.017091,0.029777,0.005896,0,0,3
2021-09-01 11:36:51.040,0.149107,0.000176,0.011765,0.017273,0.027958,0.005847,0,0,3
2021-09-01 11:36:53.040,0.148856,0.000183,0.011904,0.017338,0.026789,0.005649,0,0,3
2021-09-01 11:36:55.038,0.148773,0.000209,0.0118,0.017264,0.026076,0.00565,0,0,3
2021-09-01 11:36:57.038,0.149478,0.00012,0.011757,0.016917,0.026908,0.005769,0,0,3
2021-09-01 11:36:59.038,0.149058,1.2e-05,0.011674,0.017484,0.026149,0.005593,0,0,3
2021-09-01 11:37:01.038,0.150006,6.2e-05,0.011812,0.016888,0.027606,0.005627,0,0,3
2021-09-01 11:37:03.038,0.149736,6e-05,0.011812,0.016318,0.027863,0.005596,0,0,3
2021-09-01 11:37:05.038,0.148617,1.8e-05,0.01156,0.01589,0.027115,0.005712,0,0,3
2021-09-01 11:37:07.038,0.149103,4.4e-05,0.011463,0.017897,0.027113,0.005657,0,0,3
2021-09-01 11:37:09.038,0.151371,-1.4e-05,0.011743,0.016558,0.027023,0.005716,0,0,3
2021-09-01 11:37:11.038,0.150762,0.000149,0.011357,0.017014,0.028016,0.005704,0,0,3
2021-09-01 11:37:13.038,0.151397,7.3e-05,0.011991,0.016393,0.025517,0.005739,0,0,3
2021-09-01 11:37:15.038,0.151093,-3.7e-05,0.011656,0.015901,0.026932,0.005742,0,0,3
2021-09-01 11:37:17.038,0.150983,-9.8e-05,0.011532,0.016524,0.028031,0.005512,0,0,3
2021-09-01 11:37:19.038,0.150754,-9.3e-05,0.011504,0.016816,0.027583,0.005692,0,0,3
2021-09-01 11:37:21.038,0.152303,1.8e-05,0.011647,0.016783,0.02809,0.00576,0,0,3
2021-09-01 11:37:23.037,0.151338,6.3e-05,0.012022,0.017109,0.026299,0.005735,0,0,3
2021-09-01 11:37:25.037,0.15139,7.5e-05,0.011578,0.017686,0.027408,0.005623,0,0,3
2021-09-01 11:37:27.037,0.150762,3.9e-05,0.011932,0.016803,0.02581,0.005655,0,0,3
2021-09-01 11:37:29.037,0.151411,1.8e-05,0.011895,0.017496,0.026946,0.005693,0,0,3
2021-09-01 11:37:31.037,0.150573,6.8e-05,0.011693,0.016422,0.026377,0.005717,0,0,3
2021-09-01 11:37:33.037,0.151749,-3e-06,0.01172,0.016839,0.029647,0.005614,0,0,3
2021-09-01 11:37:35.037,0.151432,3.6e-05,0.011794,0.016824,0.02794,0.005721,0,0,3
2021-09-01 11:37:37.035,0.150035,4.1e-05,0.011561,0.016825,0.026302,0.005676,0,0,3
2021-09-01 11:37:39.035,0.15135,-3e-06,0.011812,0.017155,0.026606,0.005692,0,0,3
2021-09-01 11:37:41.035,0.150993,-3.7e-05,0.011647,0.017425,0.027314,0.005506,0,0,3
2021-09-01 11:37:43.037,0.151069,-8e-06,0.011907,0.01642,0.027041,0.005699,0,0,3
2021-09-01 11:37:45.035,0.152418,-1e-06,0.011823,0.016059,0.027386,0.005546,0,0,3
2021-09-01 11:37:47.035,0.151403,0.000102,0.011569,0.016967,0.028409,0.005713,0,0,3
2021-09-01 11:37:49.035,0.152046,0.000217,0.01167,0.017301,0.027778,0.005787,0,0,3
2021-09-01 11:37:51.035,0.15067,0.000167,0.011293,0.017644,0.02661,0.005653,0,0,3
2021-09-01 11:37:53.035,0.149841,-0.000116,0.011642,0.017044,0.024478,0.00546,0,0,3
2021-09-01 11:37:55.035,0.151712,0.000125,0.011881,0.017219,0.028739,0.005616,0,0,3
2021-09-01 11:37:57.035,0.151227,-4.8e-05,0.011991,0.017662,0.027641,0.0056,0,0,3
2021-09-01 11:37:59.035,0.150949,2e-06,0.011766,0.016793,0.027319,0.005743,0,0,3
2021-09-01 11:38:01.035,0.151229,1e-05,0.011895,0.017185,0.027371,0.005571,0,0,3
2021-09-01 11:38:03.035,0.151321,8.6e-05,0.011629,0.01743,0.028935,0.005744,0,0,3
2021-09-01 11:38:05.035,0.15109,0.000107,0.012102,0.017465,0.029433,0.005578,0,0,3
2021-09-01 11:38:07.035,0.150371,0.000173,0.011803,0.015912,0.027092,0.005606,0,0,3
2021-09-01 11:38:09.033,0.150889,-0.000135,0.011791,0.01606,0.026148,0.005608,0,0,3
2021-09-01 11:38:11.035,0.151593,-1.6e-05,0.011994,0.016962,0.028913,0.005675,0,0,3
2021-09-01 11:38:13.035,0.151093,9.1e-05,0.011955,0.01652,0.02685,0.005591,0,0,3
2021-09-01 11:38:15.033,0.153143,0.000101,0.011938,0.01641,0.036596,0.005674,0,0,3
2021-09-01 11:38:17.033,0.152747,0.000115,0.011707,0.016622,0.036004,0.005651,0,0,3
2021-09-01 11:38:19.033,0.151308,8.1e-05,0.011477,0.016509,0.028298,0.005576,0,0,3
2021-09-01 11:38:21.033,0.150972,3.3e-05,0.01167,0.017114,0.028136,0.005768,0,0,3
2021-09-01 11:38:23.033,0.151253,-5.6e-05,0.01155,0.017655,0.028171,0.005566,0,0,3
2021-09-01 11:38:25.033,0.150943,0.000107,0.0115,0.016317,0.028006,0.005667,0,0,3
2021-09-01 11:38:27.033,0.152104,0.000243,0.01167,0.016796,0.028632,0.00571,0,0,3
2021-09-01 11:38:29.033,0.151014,5.4e-05,0.011573,0.016725,0.027215,0.005633,0,0,3
2021-09-01 11:38:31.033,0.150954,3.3e-05,0.011757,0.015919,0.027704,0.005623,0,0,3
2021-09-01 11:38:33.032,0.151193,-5.5e-05,0.011645,0.017726,0.028343,0.005684,0,0,3
2021-09-01 11:38:35.033,0.150384,-1.5e-05,0.011405,0.015859,0.027021,0.005734,0,0,3
2021-09-01 11:38:37.033,0.150941,8.3e-05,0.011587,0.016281,0.029155,0.005714,0,0,3
2021-09-01 11:38:39.032,0.152097,-0.000102,0.011797,0.017783,0.028876,0.005677,0,0,3
2021-09-01 11:38:41.032,0.151681,-1.9e-05,0.011518,0.01665,0.028858,0.005664,0,0,3
2021-09-01 11:38:43.032,0.151539,-0.000124,0.01173,0.017242,0.027834,0.005595,0,0,3
2021-09-01 11:38:45.032,0.150844,-5.1e-05,0.01155,0.016832,0.026719,0.005509,0,0,3
2021-09-01 11:38:47.032,0.15181,-9.5e-05,0.012037,0.017169,0.02807,0.005523,0,0,3
2021-09-01 11:38:49.032,0.150649,-6.1e-05,0.011661,0.016226,0.026288,0.005719,0,0,3
2021-09-01 11:38:51.032,0.150925,0.000123,0.011693,0.016606,0.027874,0.005595,0,0,3
2021-09-01 11:38:53.032,0.149998,-6.9e-05,0.011394,0.015971,0.02663,0.005627,0,0,3
2021-09-01 11:38:55.032,0.150925,-6.6e-05,0.011449,0.01711,0.02702,0.00558,0,0,3
2021-09-01 11:38:57.032,0.150914,7e-05,0.011573,0.015981,0.026466,0.005795,0,0,3
2021-09-01 11:38:59.032,0.151169,7.8e-05,0.011546,0.017416,0.026617,0.005575,0,0,3
2021-09-01 11:39:01.032,0.151271,1.8e-05,0.011426,0.017017,0.028258,0.005635,0,0,3
2021-09-01 11:39:03.030,0.151165,6.9e-05,0.010867,0.016571,0.028051,0.005621,0,0,3
2021-09-01 11:39:05.030,0.150712,0.000167,0.011137,0.016397,0.026752,0.005643,0,0,3
2021-09-01 11:39:07.032,0.151208,-9.4e-05,0.011338,0.016064,0.0272,0.005612,0,0,3
2021-09-01 11:39:09.032,0.15161,0.000138,0.011504,0.016725,0.028988,0.00568,0,0,3
2021-09-01 11:39:11.030,0.151015,-0.000217,0.011506,0.017041,0.027653,0.005595,0,0,3
2021-09-01 11:39:13.030,0.150988,3.1e-05,0.011307,0.017125,0.02763,0.005757,0,0,3
2021-09-01 11:39:15.030,0.150744,-0.000148,0.011739,0.016631,0.027517,0.005491,0,0,3
2021-09-01 11:39:17.030,0.151411,-6.9e-05,0.011537,0.016816,0.02737,0.005627,0,0,3
2021-09-01 11:39:19.030,0.150796,4.4e-05,0.01133,0.01668,0.027524,0.005539,0,0,3
2021-09-01 11:39:21.030,0.150741,2e-06,0.011344,0.016828,0.026462,0.005617,0,0,3
2021-09-01 11:39:23.030,0.151048,-1.1e-05,0.011629,0.016939,0.028079,0.005678,0,0,3
2021-09-01 11:39:25.030,0.150534,0.000157,0.011243,0.016446,0.027735,0.005746,0,0,3
2021-09-01 11:39:27.030,0.1502,0.00011,0.011413,0.016506,0.027264,0.005639,0,0,3
2021-09-01 11:39:29.029,0.152233,-5.8e-05,0.011976,0.016515,0.027088,0.005615,0,0,3
2021-09-01 11:39:31.030,0.150605,6.7e-05,0.011281,0.015656,0.026797,0.005609,0,0,3
2021-09-01 11:39:33.029,0.151787,0.000363,0.011691,0.016882,0.027719,0.005658,0,0,3
2021-09-01 11:39:35.029,0.1516,0.000338,0.01122,0.016296,0.026926,0.0057,0,0,3
2021-09-01 11:39:37.029,0.149838,5.2e-05,0.011367,0.015925,0.026801,0.005632,0,0,3
2021-09-01 11:39:39.030,0.151326,0.000187,0.011217,0.016884,0.027593,0.00569,0,0,3
2021-09-01 11:39:41.029,0.150733,0.000216,0.011489,0.016923,0.02639,0.005806,0,0,3
2021-09-01 11:39:43.029,0.150421,5.7e-05,0.011449,0.016801,0.027513,0.005731,0,0,3
2021-09-01 11:39:45.029,0.150563,0.000128,0.01105,0.015944,0.027841,0.00581,0,0,3
2021-09-01 11:39:47.029,0.150578,0.00011,0.011298,0.016839,0.028136,0.005831,0,0,3
2021-09-01 11:39:49.029,0.150505,0.000201,0.011394,0.01645,0.026306,0.005588,0,0,3
2021-09-01 11:39:51.029,0.151012,-5.1e-05,0.010981,0.016951,0.028141,0.005773,0,0,3
2021-09-01 11:39:53.029,0.150996,4.4e-05,0.011233,0.016262,0.027676,0.005559,0,0,3
2021-09-01 11:39:55.027,0.152045,9.1e-05,0.011078,0.01674,0.030665,0.005776,0,0,3
2021-09-01 11:39:57.029,0.15089,2.1e-05,0.011026,0.015524,0.026943,0.005537,0,0,3
2021-09-01 11:39:59.027,0.151233,5.4e-05,0.010867,0.016622,0.028443,0.005682,0,0,3
2021-09-01 11:40:01.027,0.150497,0.000199,0.010894,0.017044,0.026824,0.005714,0,0,3
2021-09-01 11:40:03.027,0.152343,0.000157,0.011091,0.016641,0.030189,0.005619,0,0,3
2021-09-01 11:40:05.027,0.153293,0.00011,0.011803,0.0163,0.028804,0.005859,0,0,3
2021-09-01 11:40:07.027,0.154989,0.000183,0.012134,0.016113,0.028967,0.005841,0,0,3
2021-09-01 11:40:09.027,0.154579,0.000117,0.012221,0.015988,0.027305,0.005533,0,0,3
2021-09-01 11:40:11.027,0.153957,-2.4e-05,0.012189,0.016746,0.026485,0.005642,0,0,3
2021-09-01 11:40:13.027,0.15422,2.6e-05,0.01246,0.017253,0.028557,0.005638,0,0,3
2021-09-01 11:40:15.027,0.154115,0.000136,0.012364,0.016905,0.027328,0.005747,0,0,3
2021-09-01 11:40:17.027,0.15444,0.000196,0.01229,0.016588,0.027935,0.005635,0,0,3
2021-09-01 11:40:19.027,0.155149,0.000154,0.012047,0.017077,0.027699,0.005677,0,0,3
2021-09-01 11:40:21.027,0.154052,0.000128,0.011964,0.017218,0.029844,0.005676,0,0,3
2021-09-01 11:40:23.027,0.153899,0.000152,0.01201,0.016832,0.026473,0.005617,0,0,3
2021-09-01 11:40:25.027,0.154167,0.000241,0.012019,0.016979,0.027224,0.005767,0,0,3
2021-09-01 11:40:27.027,0.154752,0.000301,0.011881,0.016962,0.027672,0.005631,0,0,3
2021-09-01 11:40:29.025,0.154972,0.000122,0.012085,0.016287,0.028243,0.005654,0,0,3
2021-09-01 11:40:31.025,0.153642,0.000102,0.012143,0.016067,0.026908,0.005664,0,0,3
2021-09-01 11:40:33.025,0.153952,0.00022,0.012129,0.01657,0.027308,0.005594,0,0,3
2021-09-01 11:40:35.025,0.153889,0.000411,0.012083,0.01719,0.026174,0.005747,0,0,3
2021-09-01 11:40:37.027,0.154541,0.000199,0.012036,0.016317,0.029072,0.005752,0,0,3
2021-09-01 11:40:39.025,0.154773,9.6e-05,0.012324,0.01703,0.027681,0.005574,0,0,3
2021-09-01 11:40:41.025,0.15413,0.00017,0.011867,0.016036,0.029019,0.005575,0,0,3
2021-09-01 11:40:43.025,0.154094,6e-05,0.012304,0.017013,0.026626,0.005694,0,0,3
2021-09-01 11:40:45.025,0.153681,0.000144,0.012024,0.016887,0.027526,0.005663,0,0,3
2021-09-01 11:40:47.025,0.154721,-1.6e-05,0.012106,0.017072,0.028289,0.005762,0,0,3
2021-09-01 11:40:49.025,0.153713,-3.5e-05,0.012042,0.015932,0.027182,0.005685,0,0,3
2021-09-01 11:40:51.025,0.1534,8.1e-05,0.011748,0.01679,0.025932,0.005761,0,0,3
2021-09-01 11:40:53.025,0.154154,7.3e-05,0.012396,0.015975,0.027518,0.005573,0,0,3
2021-09-01 11:40:55.025,0.153322,0.000207,0.012281,0.016012,0.027443,0.005764,0,0,3
2021-09-01 11:40:57.025,0.154516,9.6e-05,0.012465,0.017005,0.027304,0.00574,0,0,3
2021-09-01 11:40:59.024,0.154516,0.000239,0.012302,0.016004,0.02827,0.005738,0,0,3
2021-09-01 11:41:01.025,0.154582,0.000114,0.012213,0.017052,0.028141,0.005756,0,0,3
2021-09-01 11:41:03.024,0.154424,0.000247,0.012739,0.016749,0.028038,0.005836,0,0,3
2021-09-01 11:41:05.024,0.154191,-6.4e-05,0.012442,0.016223,0.027008,0.00565,0,0,3
2021-09-01 11:41:07.024,0.154269,3.1e-05,0.01257,0.01633,0.029143,0.005612,0,0,3
2021-09-01 11:41:09.024,0.154004,-4.8e-05,0.01229,0.01685,0.027118,0.00559,0,0,3
2021-09-01 11:41:11.024,0.15459,6.5e-05,0.012341,0.016655,0.028543,0.005754,0,0,3
2021-09-01 11:41:13.024,0.154395,3.1e-05,0.012451,0.01711,0.028245,0.005709,0,0,3
2021-09-01 11:41:15.024,0.15397,0.000149,0.012235,0.016624,0.02628,0.005838,0,0,3
2021-09-01 11:41:17.024,0.153868,-4.3e-05,0.012097,0.016897,0.028712,0.005642,0,0,3
2021-09-01 11:41:19.024,0.154075,0.000167,0.012281,0.016356,0.027679,0.005711,0,0,3
2021-09-01 11:41:21.024,0.154443,0.000133,0.012382,0.016471,0.02841,0.005831,0,0,3
2021-09-01 11:41:23.024,0.154716,1.8e-05,0.012561,0.015617,0.027729,0.005605,0,0,3
2021-09-01 11:41:25.022,0.154733,0.00014,0.012494,0.017065,0.027438,0.005787,0,0,3
2021-09-01 11:41:27.022,0.154091,0.000272,0.012148,0.016551,0.028385,0.00569,0,0,3
2021-09-01 11:41:29.022,0.153729,0.000262,0.012014,0.01707,0.028163,0.005812,0,0,3
2021-09-01 11:41:31.022,0.154283,5.7e-05,0.012272,0.016195,0.027585,0.005741,0,0,3
2021-09-01 11:41:33.022,0.154823,4.9e-05,0.012175,0.01658,0.027118,0.005552,0,0,3
2021-09-01 11:41:35.022,0.153668,3.6e-05,0.011877,0.015948,0.027325,0.005485,0,0,3
2021-09-01 11:41:37.022,0.153463,0.000201,0.012134,0.016321,0.026343,0.005676,0,0,3
2021-09-01 11:41:39.022,0.15328,0.000257,0.01195,0.016389,0.027193,0.005676,0,0,3
2021-09-01 11:41:41.022,0.153621,-5.6e-05,0.012198,0.015978,0.026898,0.005664,0,0,3
2021-09-01 11:41:43.022,0.154393,4.1e-05,0.012079,0.016954,0.02731,0.005656,0,0,3
2021-09-01 11:41:45.022,0.155109,7e-05,0.012005,0.016138,0.029202,0.005621,0,0,3
2021-09-01 11:41:47.021,0.153623,0.000105,0.0117,0.016738,0.026003,0.005657,0,0,3
2021-09-01 11:41:49.021,0.153705,8.3e-05,0.012083,0.01625,0.026172,0.005617,0,0,3
2021-09-01 11:41:51.021,0.154094,0.00018,0.011803,0.01679,0.027598,0.005619,0,0,3
2021-09-01 11:41:53.021,0.154934,5.4e-05,0.012083,0.016732,0.026699,0.005594,0,0,3
2021-09-01 11:41:55.022,0.153583,-1.2e-05,0.011979,0.016771,0.028387,0.00557,0,0,3
2021-09-01 11:41:57.022,0.154309,3.1e-05,0.011826,0.016292,0.029283,0.005572,0,0,3
2021-09-01 11:41:59.021,0.154652,-3.9e-05,0.011769,0.016347,0.027883,0.005565,0,0,3
2021-09-01 11:42:01.021,0.15387,-6.1e-05,0.011881,0.015582,0.027315,0.005553,0,0,3
2021-09-01 11:42:03.021,0.153676,8.9e-05,0.011821,0.016376,0.026264,0.005659,0,0,3
2021-09-01 11:42:05.021,0.15407,0.000233,0.011656,0.01681,0.02709,0.005716,0,0,3
2021-09-01 11:42:07.021,0.154122,0.000222,0.011817,0.01646,0.027773,0.005644,0,0,3
2021-09-01 11:42:09.021,0.153471,9.9e-05,0.011702,0.016378,0.026686,0.005515,0,0,3
2021-09-01 11:42:11.021,0.154839,0.000225,0.011821,0.015616,0.028733,0.005752,0,0,3
2021-09-01 11:42:13.019,0.154442,0.000182,0.011267,0.016882,0.028106,0.005571,0,0,3
2021-09-01 11:42:15.021,0.15457,0.000165,0.011568,0.01708,0.026965,0.005622,0,0,3
2021-09-01 11:42:17.021,0.154033,0.00012,0.011518,0.017041,0.029238,0.005633,0,0,3
2021-09-01 11:42:19.021,0.154259,0.000117,0.011688,0.017118,0.027597,0.005739,0,0,3
2021-09-01 11:42:21.019,0.15524,0.000154,0.011685,0.017293,0.028156,0.005793,0,0,3
2021-09-01 11:42:23.021,0.154132,0.000157,0.011632,0.01662,0.026794,0.005629,0,0,3
2021-09-01 11:42:25.019,0.154244,0.000261,0.01117,0.016953,0.028744,0.005726,0,0,3
2021-09-01 11:42:27.019,0.154025,0.000215,0.01122,0.015823,0.029408,0.005671,0,0,3
2021-09-01 11:42:29.019,0.154346,0.000201,0.011518,0.016302,0.029035,0.005714,0,0,3
2021-09-01 11:42:31.019,0.152967,0.000215,0.011339,0.015805,0.025973,0.00571,0,0,3
2021-09-01 11:42:33.019,0.154745,4.4e-05,0.011454,0.016331,0.028252,0.005539,0,0,3
2021-09-01 11:42:35.019,0.154049,-5.1e-05,0.011114,0.016401,0.027786,0.005479,0,0,3
2021-09-01 11:42:37.019,0.154199,7e-06,0.011128,0.016755,0.027602,0.00558,0,0,3
2021-09-01 11:42:39.019,0.153989,0.000215,0.011353,0.016996,0.027742,0.005612,0,0,3
2021-09-01 11:42:41.019,0.153889,5.2e-05,0.011289,0.016921,0.0267,0.005651,0,0,3
2021-09-01 11:42:43.019,0.15443,0.000283,0.011174,0.016776,0.028187,0.005752,0,0,3
2021-09-01 11:42:45.019,0.153852,0.000201,0.01172,0.016586,0.027247,0.005656,0,0,3
2021-09-01 11:42:47.017,0.152967,9e-06,0.011027,0.01574,0.02731,0.005611,0,0,3
2021-09-01 11:42:49.017,0.153789,0.000152,0.010953,0.016034,0.027982,0.005695,0,0,3
2021-09-01 11:42:51.017,0.153379,1.5e-05,0.011587,0.017041,0.026841,0.005816,0,0,3
2021-09-01 11:42:53.017,0.153382,-7.9e-05,0.01172,0.016899,0.028874,0.005709,0,0,3
2021-09-01 11:42:55.017,0.154608,0.00018,0.011555,0.016639,0.028485,0.005745,0,0,3
2021-09-01 11:42:57.017,0.153217,2e-05,0.011546,0.016713,0.028201,0.005577,0,0,3
2021-09-01 11:42:59.017,0.153288,0.000209,0.011509,0.015948,0.02666,0.005708,0,0,3
2021-09-01 11:43:01.017,0.153613,-3e-05,0.011968,0.017068,0.026699,0.005649,0,0,3
2021-09-01 11:43:03.017,0.153156,-1.1e-05,0.011794,0.016448,0.026315,0.00558,0,0,3
2021-09-01 11:43:05.017,0.152894,0.000144,0.011849,0.016418,0.027197,0.005817,0,0,3
2021-09-01 11:43:07.017,0.153689,-6.1e-05,0.011587,0.016156,0.026916,0.005513,0,0,3
2021-09-01 11:43:09.017,0.154204,-1.9e-05,0.011973,0.016635,0.029802,0.005903,0,0,3
2021-09-01 11:43:11.016,0.152995,0.000137,0.011544,0.016276,0.026902,0.005728,0,0,3
2021-09-01 11:43:13.017,0.153415,6.9e-05,0.011538,0.016314,0.029084,0.0056,0,0,3
2021-09-01 11:43:15.017,0.153797,-0.000187,0.011674,0.016561,0.02635,0.005624,0,0,3
2021-09-01 11:43:17.017,0.152991,1e-05,0.011362,0.016241,0.027361,0.005621,0,0,3
2021-09-01 11:43:19.016,0.153339,5.3e-05,0.011121,0.01691,0.028322,0.005701,0,0,3
2021-09-01 11:43:21.016,0.153574,-6.9e-05,0.011619,0.017051,0.02724,0.005715,0,0,3
2021-09-01 11:43:23.016,0.15307,6.5e-05,0.011514,0.016873,0.027519,0.005589,0,0,3
2021-09-01 11:43:25.016,0.153658,-9e-06,0.011335,0.01683,0.028163,0.005631,0,0,3
2021-09-01 11:43:27.016,0.152621,0.000175,0.011252,0.01688,0.027839,0.005753,0,0,3
2021-09-01 11:43:29.016,0.153222,-1.6e-05,0.011293,0.017,0.028217,0.005724,0,0,3
2021-09-01 11:43:31.016,0.153902,-1.6e-05,0.0115,0.017145,0.027556,0.005568,0,0,3
2021-09-01 11:43:33.016,0.154262,0.000238,0.01133,0.016281,0.027178,0.00565,0,0,3
2021-09-01 11:43:35.016,0.154343,0.000136,0.011555,0.016008,0.02829,0.005679,0,0,3
2021-09-01 11:43:37.016,0.154332,0.000131,0.011711,0.016539,0.027148,0.005677,0,0,3
2021-09-01 11:43:39.016,0.15606,3.1e-05,0.011835,0.016688,0.028584,0.005532,0,0,3
2021-09-01 11:43:41.014,0.156893,7.2e-05,0.012108,0.016788,0.026847,0.005691,0,0,3
2021-09-01 11:43:43.016,0.15639,-0.000186,0.011875,0.016596,0.026664,0.005485,0,0,3
2021-09-01 11:43:45.016,0.156818,-0.000135,0.011762,0.016805,0.027717,0.005598,0,0,3
2021-09-01 11:43:47.014,0.157574,-0.000248,0.011993,0.016572,0.02763,0.005484,0,0,3
2021-09-01 11:43:49.014,0.157013,-3.2e-05,0.01189,0.017157,0.027962,0.005608,0,0,3
2021-09-01 11:43:51.014,0.156674,-0.000242,0.011923,0.016004,0.027492,0.005548,0,0,3
2021-09-01 11:43:53.014,0.156519,3.9e-05,0.01173,0.016916,0.027791,0.005456,0,0,3
2021-09-01 11:43:55.016,0.157006,9.7e-05,0.01193,0.016514,0.026666,0.00573,0,0,3
2021-09-01 11:43:57.014,0.157766,-6.7e-05,0.01203,0.016352,0.028856,0.005649,0,0,3
2021-09-01 11:43:59.014,0.157231,4.7e-05,0.011945,0.016256,0.028454,0.005688,0,0,3
2021-09-01 11:44:01.014,0.15633,5.2e-05,0.011941,0.01687,0.026075,0.005592,0,0,3
2021-09-01 11:44:03.014,0.157273,-3.5e-05,0.011895,0.01639,0.028951,0.005508,0,0,3
2021-09-01 11:44:05.014,0.157354,7.8e-05,0.011472,0.016865,0.028184,0.005846,0,0,3
2021-09-01 11:44:07.014,0.156259,-0.000142,0.011541,0.017045,0.026885,0.005474,0,0,3
2021-09-01 11:44:09.013,0.15741,9.5e-05,0.011893,0.01677,0.028518,0.005543,0,0,3
2021-09-01 11:44:11.014,0.157112,2.5e-05,0.011993,0.017398,0.027398,0.005677,0,0,3
2021-09-01 11:44:13.013,0.156669,0.000195,0.011553,0.017094,0.02834,0.00576,0,0,3
2021-09-01 11:44:15.014,0.15686,5.3e-05,0.011612,0.017159,0.027475,0.005739,0,0,3
2021-09-01 11:44:17.013,0.15663,-8e-06,0.011604,0.016485,0.027318,0.005671,0,0,3
2021-09-01 11:44:19.013,0.156461,2.8e-05,0.011771,0.016972,0.028379,0.005746,0,0,3
2021-09-01 11:44:21.013,0.15696,0.000138,0.011743,0.017169,0.027649,0.005592,0,0,3
2021-09-01 11:44:23.013,0.157212,0.000162,0.011812,0.016747,0.028167,0.005814,0,0,3
2021-09-01 11:44:25.013,0.156874,0.000217,0.011877,0.016764,0.02749,0.005633,0,0,3
2021-09-01 11:44:27.013,0.156724,-1.6e-05,0.011927,0.016253,0.026074,0.005705,0,0,3
2021-09-01 11:44:29.013,0.155994,0.00012,0.011688,0.016351,0.025825,0.005682,0,0,3
2021-09-01 11:44:31.013,0.15707,4.9e-05,0.011762,0.016915,0.027133,0.005621,0,0,3
2021-09-01 11:44:33.011,0.15734,0.000122,0.011933,0.016058,0.027604,0.005732,0,0,3
2021-09-01 11:44:35.013,0.156282,0.000236,0.012114,0.016833,0.027533,0.005897,0,0,3
2021-09-01 11:44:37.013,0.156884,0.000275,0.011936,0.017462,0.028125,0.005759,0,0,3
2021-09-01 11:44:39.011,0.156557,0.000175,0.011717,0.016685,0.028104,0.005772,0,0,3
2021-09-01 11:44:41.011,0.156144,0.000367,0.011555,0.016971,0.027161,0.00561,0,0,3
2021-09-01 11:44:43.011,0.155976,-1.9e-05,0.011821,0.016744,0.027515,0.005596,0,0,3
2021-09-01 11:44:45.011,0.157078,0.000191,0.012226,0.016689,0.027632,0.005825,0,0,3
2021-09-01 11:44:47.011,0.15648,0.00017,0.011927,0.016284,0.02693,0.005654,0,0,3
2021-09-01 11:44:49.011,0.156889,2.8e-05,0.011895,0.016937,0.028795,0.005669,0,0,3
2021-09-01 11:44:51.011,0.156708,0.000186,0.011693,0.016858,0.027902,0.005738,0,0,3
2021-09-01 11:44:53.011,0.155944,0.000204,0.011629,0.017147,0.027758,0.005792,0,0,3
2021-09-01 11:44:55.009,0.155908,0.000143,0.011777,0.016846,0.026739,0.005575,0,0,3
2021-09-01 11:44:57.011,0.156896,-9.7e-05,0.011503,0.01696,0.027808,0.00566,0,0,3
2021-09-01 11:44:59.011,0.156173,0.000115,0.01156,0.01687,0.027212,0.00569,0,0,3
2021-09-01 11:45:01.011,0.15706,0.000304,0.01195,0.016655,0.027698,0.005853,0,0,3
2021-09-01 11:45:03.011,0.156068,8.3e-05,0.011537,0.017056,0.026632,0.005734,0,0,3
2021-09-01 11:45:05.011,0.156314,9.4e-05,0.01172,0.016819,0.027207,0.005612,0,0,3
2021-09-01 11:45:07.009,0.15555,0.000104,0.011786,0.016702,0.026025,0.005637,0,0,3
2021-09-01 11:45:09.009,0.156338,0.000278,0.01139,0.016645,0.02808,0.00575,0,0,3
2021-09-01 11:45:11.009,0.155716,6.5e-05,0.011693,0.017057,0.025686,0.005509,0,0,3
2021-09-01 11:45:13.009,0.156532,1.8e-05,0.011638,0.016634,0.026129,0.005575,0,0,3
2021-09-01 11:45:15.009,0.156367,9.9e-05,0.011527,0.016919,0.028568,0.005769,0,0,3
2021-09-01 11:45:17.009,0.155747,3.6e-05,0.011348,0.016767,0.026381,0.005515,0,0,3
2021-09-01 11:45:19.009,0.156755,0.000259,0.011858,0.017129,0.02676,0.005715,0,0,3
2021-09-01 11:45:21.009,0.155976,0.000217,0.011541,0.016755,0.028521,0.005872,0,0,3
2021-09-01 11:45:23.009,0.155755,0.000338,0.01167,0.016796,0.026163,0.005787,0,0,3
2021-09-01 11:45:25.009,0.15727,5.2e-05,0.011665,0.016307,0.028492,0.005592,0,0,3
2021-09-01 11:45:27.009,0.156771,0.000262,0.011573,0.016634,0.028165,0.005697,0,0,3
2021-09-01 11:45:29.009,0.156076,0.000162,0.011596,0.016859,0.026711,0.005661,0,0,3
2021-09-01 11:45:31.009,0.157204,0.000314,0.011679,0.016813,0.026731,0.005625,0,0,3
2021-09-01 11:45:33.009,0.157267,0.000249,0.011624,0.016506,0.026865,0.005702,0,0,3
2021-09-01 11:45:35.008,0.157652,0.000289,0.011857,0.017014,0.02726,0.00584,0,0,3
2021-09-01 11:45:37.008,0.157753,0.000359,0.011587,0.016456,0.027818,0.005696,0,0,3
2021-09-01 11:45:39.008,0.157722,0.00012,0.011491,0.017009,0.029128,0.005702,0,0,3
2021-09-01 11:45:41.008,0.157627,0.000262,0.011578,0.016894,0.028552,0.005648,0,0,3
2021-09-01 11:45:43.008,0.158079,0.000438,0.011849,0.016774,0.028121,0.005753,0,0,3
2021-09-01 11:45:45.008,0.157456,0.000215,0.011518,0.016802,0.027523,0.005671,0,0,3
2021-09-01 11:45:47.008,0.157987,0.000196,0.011803,0.01709,0.027032,0.00577,0,0,3
2021-09-01 11:45:49.008,0.158291,0.000159,0.011606,0.017164,0.02804,0.00562,0,0,3
2021-09-01 11:45:51.006,0.157448,9.8e-05,0.011542,0.016791,0.027297,0.005555,0,0,3
2021-09-01 11:45:53.008,0.157381,0.000254,0.011136,0.017312,0.026041,0.00579,0,0,3
2021-09-01 11:45:55.008,0.157656,0.000212,0.011188,0.017191,0.02824,0.005889,0,0,3
2021-09-01 11:45:57.006,0.158412,2.5e-05,0.01168,0.016838,0.028568,0.005765,0,0,3
2021-09-01 11:45:59.008,0.157756,8.7e-05,0.011669,0.016217,0.027526,0.005706,0,0,3
2021-09-01 11:46:01.006,0.157193,4.1e-05,0.011336,0.01596,0.026164,0.005753,0,0,3
2021-09-01 11:46:03.008,0.158105,0.000226,0.011531,0.016365,0.027636,0.005771,0,0,3
2021-09-01 11:46:05.006,0.157795,0.000196,0.011777,0.016826,0.027973,0.005703,0,0,3
2021-09-01 11:46:07.008,0.15768,9.4e-05,0.011288,0.017005,0.027227,0.00568,0,0,3
2021-09-01 11:46:09.006,0.157592,3.8e-05,0.011225,0.016507,0.027498,0.005761,0,0,3
2021-09-01 11:46:11.006,0.157451,0.000159,0.011422,0.016586,0.02603,0.005708,0,0,3
2021-09-01 11:46:13.006,0.157609,0.000133,0.011004,0.016777,0.028883,0.005736,0,0,3
2021-09-01 11:46:15.008,0.157906,-8.1e-05,0.011347,0.016518,0.027268,0.005698,0,0,3
2021-09-01 11:46:17.005,0.157985,-0.000116,0.011297,0.016978,0.027596,0.005669,0,0,3
2021-09-01 11:46:19.006,0.158547,-4.6e-05,0.011382,0.016674,0.028578,0.005601,0,0,3
2021-09-01 11:46:21.006,0.158189,-0.000121,0.011197,0.016991,0.02802,0.005665,0,0,3
2021-09-01 11:46:23.006,0.157225,-0.000161,0.011394,0.016805,0.02743,0.005562,0,0,3
2021-09-01 11:46:25.006,0.158086,-4.3e-05,0.011339,0.016433,0.027573,0.005563,0,0,3
2021-09-01 11:46:27.006,0.157157,-3.7e-05,0.011413,0.016811,0.02624,0.005596,0,0,3
2021-09-01 11:46:29.005,0.157867,-0.000142,0.01119,0.016806,0.027011,0.005604,0,0,3
2021-09-01 11:46:31.005,0.157467,-0.000127,0.011031,0.016499,0.027207,0.005662,0,0,3
2021-09-01 11:46:33.005,0.158396,-4.5e-05,0.011376,0.016598,0.026957,0.005591,0,0,3
2021-09-01 11:46:35.005,0.158,-0.000106,0.010967,0.01654,0.027319,0.005537,0,0,3
2021-09-01 11:46:37.005,0.157498,-0.000245,0.010939,0.017429,0.027437,0.005693,0,0,3
2021-09-01 11:46:39.005,0.158107,2.6e-05,0.011155,0.017089,0.029418,0.005793,0,0,3
2021-09-01 11:46:41.005,0.157496,-8.7e-05,0.011206,0.016699,0.028494,0.00581,0,0,3
2021-09-01 11:46:43.005,0.156855,-0.000114,0.010889,0.016845,0.026282,0.005532,0,0,3
2021-09-01 11:46:45.005,0.157467,-2.7e-05,0.010985,0.016961,0.026737,0.005766,0,0,3
2021-09-01 11:46:47.005,0.157162,0.000131,0.011073,0.016896,0.025868,0.005792,0,0,3
2021-09-01 11:46:49.005,0.157401,-2.7e-05,0.01088,0.016726,0.027082,0.005621,0,0,3
2021-09-01 11:46:51.005,0.157181,0.000123,0.011119,0.016141,0.027311,0.005635,0,0,3
2021-09-01 11:46:53.005,0.15743,0.000107,0.01133,0.017169,0.027626,0.005773,0,0,3
2021-09-01 11:46:55.003,0.156486,0.000154,0.010949,0.016952,0.026285,0.005687,0,0,3
2021-09-01 11:46:57.003,0.15779,6e-05,0.010999,0.016738,0.029026,0.005742,0,0,3
2021-09-01 11:46:59.003,0.156858,9.6e-05,0.011004,0.015941,0.028165,0.005662,0,0,3
2021-09-01 11:47:01.003,0.156637,9.6e-05,0.010838,0.015945,0.027718,0.005711,0,0,3
2021-09-01 11:47:03.003,0.156309,5.4e-05,0.011027,0.01653,0.027323,0.005623,0,0,3
2021-09-01 11:47:05.003,0.157154,1e-05,0.01088,0.016916,0.028009,0.005621,0,0,3
2021-09-01 11:47:07.003,0.157149,-3.2e-05,0.011022,0.01648,0.026923,0.005549,0,0,3
2021-09-01 11:47:09.003,0.157063,-2.7e-05,0.010857,0.016658,0.027144,0.005641,0,0,3
2021-09-01 11:47:11.003,0.156742,-0.0001,0.010792,0.016564,0.027385,0.005736,0,0,3
2021-09-01 11:47:13.003,0.15664,5.2e-05,0.010875,0.016441,0.027015,0.00571,0,0,3
2021-09-01 11:47:15.003,0.15701,-0.000132,0.01054,0.016058,0.02773,0.00544,0,0,3
2021-09-01 11:47:17.001,0.157059,0.000112,0.010853,0.016542,0.026616,0.005581,0,0,3
2021-09-01 11:47:19.001,0.15743,0.000102,0.010949,0.016275,0.028685,0.005635,0,0,3
2021-09-01 11:47:21.003,0.15676,7.3e-05,0.010645,0.016634,0.027163,0.005748,0,0,3
2021-09-01 11:47:23.003,0.157911,-0.000142,0.010912,0.01603,0.028781,0.005662,0,0,3
2021-09-01 11:47:25.003,0.156275,-8.2e-05,0.010526,0.016247,0.027029,0.00559,0,0,3
2021-09-01 11:47:27.001,0.157056,-0.000138,0.011032,0.017177,0.028148,0.005507,0,0,3
2021-09-01 11:47:29.001,0.157262,-0.000213,0.010815,0.01758,0.028072,0.005607,0,0,3
2021-09-01 11:47:31.001,0.157598,-0.000245,0.010581,0.016614,0.028525,0.005674,0,0,3
2021-09-01 11:47:33.001,0.157735,-0.000108,0.010944,0.016767,0.028925,0.005673,0,0,3
2021-09-01 11:47:35.001,0.157422,-2.4e-05,0.01059,0.016855,0.028082,0.005796,0,0,3
2021-09-01 11:47:37.001,0.157307,-0.000234,0.010595,0.016985,0.026857,0.005443,0,0,3
2021-09-01 11:47:39.001,0.156674,-0.000198,0.010544,0.016555,0.026853,0.005488,0,0,3
2021-09-01 11:47:41.001,0.156091,-0.000142,0.010457,0.016812,0.027051,0.005564,0,0,3
2021-09-01 11:47:43.001,0.157018,-1.4e-05,0.010319,0.017074,0.027649,0.005638,0,0,3
2021-09-01 11:47:45.000,0.15647,0.000108,0.01045,0.01647,0.026646,0.005579,0,0,3
2021-09-01 11:47:47.000,0.156616,-0.000169,0.010448,0.016436,0.028342,0.005656,0,0,3
2021-09-01 11:47:49.000,0.15648,-8.7e-05,0.009998,0.01654,0.027687,0.005548,0,0,3
2021-09-01 11:47:51.000,0.157154,9.1e-05,0.010218,0.016221,0.026971,0.005737,0,0,3
2021-09-01 11:47:53.000,0.157328,0.000112,0.010195,0.016355,0.028333,0.005591,0,0,3
2021-09-01 11:47:55.001,0.155886,-2.3e-05,0.009674,0.016325,0.024913,0.005682,0,0,3
2021-09-01 11:47:57.000,0.157231,-9.4e-05,0.009614,0.01682,0.026764,0.005593,0,0,3
2021-09-01 11:47:59.000,0.156931,-0.000221,0.0102,0.016105,0.028026,0.005532,0,0,3
2021-09-01 11:48:01.000,0.157556,-0.000221,0.010296,0.016602,0.027471,0.005532,0,0,3
2021-09-01 11:48:03.000,0.157341,-9e-05,0.009938,0.016131,0.027245,0.005566,0,0,3
2021-09-01 11:48:05.000,0.15784,7.3e-05,0.010204,0.016427,0.026537,0.005739,0,0,3
2021-09-01 11:48:07.000,0.157139,-7.2e-05,0.010223,0.016581,0.029206,0.005866,0,0,3
2021-09-01 11:48:09.000,0.156614,-5.3e-05,0.010434,0.016529,0.027242,0.005567,0,0,3
2021-09-01 11:48:11.000,0.157958,-0.000169,0.010425,0.016293,0.029502,0.005537,0,0,3
2021-09-01 11:48:12.998,0.156856,-2.2e-05,0.010319,0.017218,0.02703,0.005644,0,0,3
2021-09-01 11:48:14.998,0.157955,-2.7e-05,0.009952,0.016403,0.029322,0.005592,0,0,3
2021-09-01 11:48:16.998,0.15768,-6.6e-05,0.010365,0.016864,0.028107,0.005609,0,0,3
2021-09-01 11:48:19.000,0.157712,-2.6e-05,0.010218,0.016381,0.028319,0.005532,0,0,3
2021-09-01 11:48:20.998,0.156644,-8.8e-05,0.00974,0.016782,0.026969,0.005538,0,0,3
2021-09-01 11:48:23.000,0.157528,5.2e-05,0.010016,0.016423,0.028129,0.005612,0,0,3
2021-09-01 11:48:24.998,0.157876,-6.5e-05,0.009823,0.017259,0.026971,0.005512,0,0,3
2021-09-01 11:48:26.998,0.157428,-3e-05,0.009869,0.016812,0.028047,0.00557,0,0,3
2021-09-01 11:48:28.998,0.15789,-3.2e-05,0.010002,0.017122,0.027931,0.005677,0,0,3
2021-09-01 11:48:30.998,0.156608,-1.4e-05,0.009534,0.016773,0.025403,0.005589,0,0,3
2021-09-01 11:48:32.998,0.15696,4.4e-05,0.009543,0.016865,0.027911,0.005667,0,0,3
2021-09-01 11:48:34.998,0.156929,1.2e-05,0.009102,0.016548,0.028343,0.005602,0,0,3
2021-09-01 11:48:36.998,0.158131,5.4e-05,0.009612,0.017056,0.027567,0.005701,0,0,3
2021-09-01 11:48:38.998,0.157766,-3e-06,0.009828,0.016737,0.027204,0.005702,0,0,3
2021-09-01 11:48:40.998,0.157015,0.000102,0.009538,0.017024,0.027505,0.005616,0,0,3
2021-09-01 11:48:42.998,0.157488,-1e-06,0.009332,0.016394,0.02682,0.005596,0,0,3
2021-09-01 11:48:44.997,0.157612,5.8e-05,0.009485,0.017136,0.02821,0.005635,0,0,3
2021-09-01 11:48:46.998,0.15781,0.000213,0.009087,0.016622,0.027313,0.00569,0,0,3
2021-09-01 11:48:48.998,0.157561,-8.2e-05,0.009084,0.017085,0.028963,0.005737,0,0,3
2021-09-01 11:48:50.997,0.157195,1.9e-05,0.009232,0.016526,0.026855,0.005655,0,0,3
2021-09-01 11:48:52.997,0.158362,3.1e-05,0.009221,0.017484,0.029485,0.006029,0,0,3
2021-09-01 11:48:54.997,0.158346,5.4e-05,0.009139,0.017042,0.026897,0.005662,0,0,3
2021-09-01 11:48:56.997,0.167926,0.000194,0.010788,0.017166,0.027451,0.00575,0,0,3
2021-09-01 11:48:58.997,0.17032,0.000291,0.010875,0.017263,0.028114,0.005792,0,0,3
2021-09-01 11:49:00.997,0.174153,-7.4e-05,0.0119,0.016945,0.026842,0.005634,0,0,3
2021-09-01 11:49:02.997,0.177345,8.1e-05,0.012111,0.016537,0.027594,0.005818,0,0,3
2021-09-01 11:49:04.997,0.176009,0.000102,0.012336,0.017225,0.026183,0.006292,0,0,3
2021-09-01 11:49:06.997,0.175662,0.000131,0.011913,0.017528,0.026025,0.005989,0,0,3
2021-09-01 11:49:08.997,0.175715,0.000314,0.012184,0.017147,0.025636,0.006132,0,0,3
2021-09-01 11:49:10.997,0.176268,8.6e-05,0.012138,0.017117,0.025876,0.005725,0,0,3
2021-09-01 11:49:12.997,0.176255,0.000299,0.012166,0.01642,0.026129,0.005699,0,0,3
2021-09-01 11:49:14.995,0.176665,0.000395,0.01226,0.016931,0.026907,0.005811,0,0,3
2021-09-01 11:49:16.995,0.176077,0.00028,0.011491,0.017757,0.026392,0.005722,0,0,3
2021-09-01 11:49:18.997,0.175506,8.4e-05,0.011724,0.01663,0.026531,0.005488,0,0,3
2021-09-01 11:49:20.995,0.175769,5.1e-05,0.011754,0.016448,0.025404,0.005563,0,0,3
2021-09-01 11:49:22.995,0.17567,6.8e-05,0.011776,0.016196,0.026131,0.00548,0,0,3
2021-09-01 11:49:24.995,0.176552,0.000131,0.011872,0.016108,0.026732,0.005579,0,0,3
2021-09-01 11:49:26.995,0.175741,0.000165,0.012143,0.01613,0.026325,0.005652,0,0,3
2021-09-01 11:49:28.995,0.176127,-1.1e-05,0.01207,0.015814,0.02606,0.005649,0,0,3
2021-09-01 11:49:30.995,0.177245,-5.6e-05,0.012047,0.016421,0.028456,0.005654,0,0,3
2021-09-01 11:49:32.995,0.176211,0.000212,0.011978,0.016623,0.0275,0.005757,0,0,3
2021-09-01 11:49:34.993,0.176176,0.000175,0.011671,0.016751,0.027942,0.005666,0,0,3
2021-09-01 11:49:36.995,0.176028,0.000323,0.011517,0.016645,0.026063,0.005801,0,0,3
2021-09-01 11:49:38.995,0.176704,7e-06,0.011762,0.016408,0.02637,0.0056,0,0,3
2021-09-01 11:49:40.995,0.176975,9.9e-05,0.011422,0.016758,0.026445,0.005644,0,0,3
2021-09-01 11:49:42.993,0.177254,5.9e-05,0.011317,0.017462,0.027245,0.005762,0,0,3
2021-09-01 11:49:44.993,0.17682,0.000144,0.011762,0.016531,0.027315,0.005929,0,0,3
2021-09-01 11:49:46.993,0.176717,0.000133,0.011449,0.017364,0.027172,0.005793,0,0,3
2021-09-01 11:49:48.993,0.177051,-4e-05,0.011371,0.016951,0.026537,0.00574,0,0,3
2021-09-01 11:49:50.993,0.176342,7e-05,0.011661,0.017313,0.026206,0.00567,0,0,3
2021-09-01 11:49:52.993,0.177718,0.000196,0.011808,0.016769,0.028835,0.005722,0,0,3
2021-09-01 11:49:54.993,0.179022,0.000115,0.011702,0.016775,0.026458,0.00566,0,0,3
2021-09-01 11:49:56.993,0.178547,0.000278,0.011932,0.016883,0.026982,0.005798,0,0,3
2021-09-01 11:49:58.993,0.178891,0.000196,0.011895,0.017086,0.025151,0.005751,0,0,3
2021-09-01 11:50:00.993,0.179521,0.000217,0.011945,0.017116,0.028238,0.005844,0,0,3
2021-09-01 11:50:02.993,0.178833,0.00017,0.01184,0.017007,0.02748,0.005808,0,0,3
2021-09-01 11:50:04.993,0.178203,0.000243,0.011523,0.016649,0.027168,0.005758,0,0,3
2021-09-01 11:50:06.992,0.178359,0.000205,0.011714,0.017054,0.026131,0.005831,0,0,3
2021-09-01 11:50:08.992,0.177954,8.3e-05,0.011601,0.016666,0.024862,0.005538,0,0,3
2021-09-01 11:50:10.993,0.178473,9e-05,0.011502,0.016864,0.026191,0.005727,0,0,3
2021-09-01 11:50:12.993,0.178571,0.000228,0.011766,0.016632,0.026244,0.005685,0,0,3
2021-09-01 11:50:14.992,0.178924,4e-05,0.011604,0.017431,0.026196,0.005743,0,0,3
2021-09-01 11:50:16.992,0.178256,-9e-06,0.011629,0.017556,0.026289,0.005718,0,0,3
2021-09-01 11:50:18.992,0.177988,0.00023,0.011716,0.016629,0.027624,0.005811,0,0,3
2021-09-01 11:50:20.992,0.177655,2e-06,0.011619,0.017616,0.02611,0.005781,0,0,3
2021-09-01 11:50:22.992,0.178484,5e-06,0.011679,0.016983,0.025949,0.005589,0,0,3
2021-09-01 11:50:24.992,0.17834,6e-05,0.01167,0.017466,0.026077,0.005675,0,0,3
2021-09-01 11:50:26.992,0.178938,0.000104,0.011403,0.017102,0.02666,0.005819,0,0,3
2021-09-01 11:50:28.992,0.178258,-6.4e-05,0.01077,0.01699,0.027338,0.005621,0,0,3
2021-09-01 11:50:30.992,0.178615,-6e-06,0.010967,0.017043,0.026585,0.005787,0,0,3
2021-09-01 11:50:32.992,0.178361,0.000144,0.010673,0.016658,0.026724,0.005779,0,0,3
2021-09-01 11:50:34.990,0.177416,5.6e-05,0.010857,0.016945,0.026093,0.005827,0,0,3
2021-09-01 11:50:36.990,0.179676,7e-05,0.011059,0.017196,0.027568,0.005737,0,0,3
2021-09-01 11:50:38.990,0.180928,9.9e-05,0.011413,0.01671,0.025054,0.005663,0,0,3
2021-09-01 11:50:40.990,0.181952,0.000131,0.011661,0.016889,0.024826,0.005687,0,0,3
2021-09-01 11:50:42.990,0.183761,0.000212,0.011403,0.017003,0.025717,0.005852,0,0,3
2021-09-01 11:50:44.990,0.185864,9.6e-05,0.012042,0.016869,0.026245,0.005544,0,0,3
2021-09-01 11:50:46.990,0.184661,0.000154,0.011348,0.017185,0.026348,0.005849,0,0,3
2021-09-01 11:50:48.990,0.185021,0.000288,0.011431,0.017085,0.026514,0.005858,0,0,3
2021-09-01 11:50:50.990,0.185299,6e-05,0.011486,0.016517,0.026121,0.005694,0,0,3
2021-09-01 11:50:52.990,0.186181,1e-05,0.011376,0.01691,0.025576,0.005728,0,0,3
2021-09-01 11:50:54.990,0.184932,7.3e-05,0.011633,0.016977,0.027589,0.005739,0,0,3
2021-09-01 11:50:56.990,0.184669,0.000165,0.011238,0.016549,0.025682,0.005777,0,0,3
2021-09-01 11:50:58.990,0.185619,0.000165,0.011289,0.016791,0.026543,0.005768,0,0,3
2021-09-01 11:51:00.989,0.185416,0.000318,0.011383,0.017199,0.025394,0.005734,0,0,3
2021-09-01 11:51:02.989,0.186872,0.00017,0.011831,0.016649,0.026955,0.005605,0,0,3
2021-09-01 11:51:04.990,0.187016,-5.9e-05,0.011603,0.016763,0.026342,0.005681,0,0,3
2021-09-01 11:51:06.989,0.187336,-0.000289,0.011328,0.016965,0.027458,0.005769,0,0,3
2021-09-01 11:51:08.989,0.189486,-7.4e-05,0.011422,0.01637,0.026664,0.005722,0,0,3
2021-09-01 11:51:10.989,0.190271,5e-06,0.011711,0.01659,0.027241,0.005686,0,0,3
2021-09-01 11:51:12.990,0.189742,-0.000101,0.011387,0.016693,0.025865,0.005657,0,0,3
2021-09-01 11:51:14.989,0.189724,-0.000147,0.011351,0.017246,0.02642,0.005601,0,0,3
2021-09-01 11:51:16.989,0.192634,-1.6e-05,0.011569,0.016767,0.025273,0.005791,0,0,3
2021-09-01 11:51:19.488,0.192558,0.000196,0.011143,0.018331,0.026447,0.005774,0,0,3
2021-09-01 11:51:21.488,0.19172,-2.4e-05,0.010691,0.018418,0.025856,0.005652,0,0,3
2021-09-01 11:51:23.488,0.192206,6.8e-05,0.010241,0.018571,0.025895,0.00559,0,0,3
2021-09-01 11:51:25.488,0.191715,5.7e-05,0.010283,0.018869,0.025318,0.005615,0,0,3
2021-09-01 11:51:27.488,0.192629,0.00011,0.011449,0.016649,0.025743,0.005726,0,0,3
2021-09-01 11:51:29.488,0.191865,-0.000237,0.01127,0.016573,0.025372,0.005521,0,0,3
2021-09-01 11:51:31.488,0.19256,0.000149,0.011665,0.017224,0.025856,0.005733,0,0,3
2021-09-01 11:51:33.488,0.191602,-2.2e-05,0.011739,0.016519,0.025411,0.005779,0,0,3
2021-09-01 11:51:35.488,0.190828,-0.000114,0.011573,0.016664,0.024897,0.005601,0,0,3
2021-09-01 11:51:37.987,0.192856,9e-06,0.011665,0.016631,0.026158,0.005677,0,0,3
2021-09-01 11:51:39.987,0.192119,0.000138,0.01167,0.016634,0.026402,0.005631,0,0,3
2021-09-01 11:51:41.987,0.19224,-0.000108,0.011711,0.016892,0.025541,0.005663,0,0,3
2021-09-01 11:51:43.987,0.191731,2e-06,0.011463,0.017047,0.02581,0.005829,0,0,3
2021-09-01 11:51:45.987,0.191495,-1.4e-05,0.011316,0.017475,0.025237,0.005657,0,0,3
2021-09-01 11:51:47.987,0.192361,0.000199,0.011472,0.017504,0.025408,0.005762,0,0,3
2021-09-01 11:51:49.987,0.1926,7.3e-05,0.011165,0.017196,0.025404,0.005872,0,0,3
2021-09-01 11:51:51.987,0.191799,5.2e-05,0.011371,0.016881,0.025805,0.005881,0,0,3
2021-09-01 11:51:53.985,0.19153,-5.1e-05,0.011542,0.017238,0.025894,0.005696,0,0,3
2021-09-01 11:51:55.987,0.1918,-5.8e-05,0.011834,0.016459,0.025126,0.005604,0,0,3
2021-09-01 11:51:57.987,0.192308,-0.000142,0.011408,0.016731,0.027076,0.005778,0,0,3
2021-09-01 11:51:59.987,0.191652,-0.000213,0.011165,0.016616,0.025876,0.005617,0,0,3
2021-09-01 11:52:01.985,0.192208,-0.000128,0.010958,0.017218,0.026051,0.005807,0,0,3
2021-09-01 11:52:03.985,0.192298,-0.000129,0.011463,0.017047,0.024393,0.00567,0,0,3
2021-09-01 11:52:05.985,0.191676,-0.000161,0.011008,0.017036,0.024738,0.005562,0,0,3
2021-09-01 11:52:07.985,0.191985,-3.5e-05,0.010981,0.016771,0.024738,0.005656,0,0,3
2021-09-01 11:52:09.985,0.193064,4.9e-05,0.011426,0.016595,0.025507,0.005699,0,0,3
2021-09-01 11:52:11.985,0.192253,-1e-06,0.011472,0.016531,0.025796,0.005818,0,0,3
2021-09-01 11:52:13.985,0.192182,0.000112,0.011229,0.016694,0.026198,0.005688,0,0,3
2021-09-01 11:52:15.985,0.192426,-4.5e-05,0.011151,0.016851,0.025811,0.005641,0,0,3
2021-09-01 11:52:17.985,0.192159,-0.000187,0.011275,0.016804,0.024888,0.005731,0,0,3
2021-09-01 11:52:19.985,0.191093,2.3e-05,0.011132,0.016984,0.025094,0.005676,0,0,3
2021-09-01 11:52:21.984,0.191368,-7.3e-05,0.011296,0.017032,0.024981,0.005645,0,0,3
2021-09-01 11:52:23.984,0.192571,-0.000169,0.011165,0.017048,0.025648,0.005597,0,0,3
2021-09-01 11:52:26.483,0.192434,-0.000224,0.01108,0.016828,0.026118,0.005538,0,0,3
2021-09-01 11:52:28.485,0.192411,-0.000113,0.011265,0.016941,0.02644,0.00565,0,0,3
2021-09-01 11:52:30.485,0.19197,2.8e-05,0.011146,0.01715,0.026239,0.00563,0,0,3
2021-09-01 11:52:32.485,0.19229,-8.7e-05,0.01099,0.017207,0.02516,0.005772,0,0,3
2021-09-01 11:52:34.483,0.191199,-0.000133,0.010977,0.016998,0.02577,0.005775,0,0,3
2021-09-01 11:52:36.485,0.192363,-0.000205,0.011086,0.017096,0.026546,0.00569,0,0,3
2021-09-01 11:52:38.483,0.191869,4.1e-05,0.011115,0.016345,0.025578,0.005607,0,0,3
2021-09-01 11:52:40.483,0.19234,0.000243,0.011151,0.0171,0.026448,0.00572,0,0,3
2021-09-01 11:52:42.483,0.192715,-9e-06,0.01133,0.017238,0.027082,0.00568,0,0,3
2021-09-01 11:52:44.483,0.190644,0.000173,0.010981,0.016941,0.026052,0.005809,0,0,3
2021-09-01 11:52:46.483,0.191327,0.000136,0.011041,0.017061,0.02658,0.006019,0,0,3
2021-09-01 11:52:48.483,0.190069,0.000141,0.010912,0.017002,0.025657,0.00573,0,0,3
2021-09-01 11:52:50.483,0.19009,9.9e-05,0.011132,0.016845,0.024622,0.005864,0,0,3
2021-09-01 11:52:52.483,0.19087,0.000201,0.011229,0.017143,0.025679,0.005886,0,0,3
2021-09-01 11:52:54.483,0.190878,0.000157,0.011105,0.016567,0.025342,0.005793,0,0,3
2021-09-01 11:52:56.483,0.190983,0.000157,0.010554,0.016646,0.026295,0.005726,0,0,3
2021-09-01 11:52:58.483,0.190752,7e-05,0.010866,0.016596,0.025483,0.005766,0,0,3
2021-09-01 11:53:00.982,0.190867,8.2e-05,0.011147,0.016466,0.02557,0.005673,0,0,3
2021-09-01 11:53:02.982,0.190339,-4.5e-05,0.011215,0.016697,0.025804,0.005621,0,0,3
2021-09-01 11:53:05.481,0.190785,0.000146,0.010841,0.017001,0.02538,0.005831,0,0,3
2021-09-01 11:53:07.483,0.190837,-5e-06,0.010751,0.016461,0.026381,0.005533,0,0,3
2021-09-01 11:53:09.483,0.190888,-4.3e-05,0.010714,0.016572,0.026788,0.005543,0,0,3
2021-09-01 11:53:11.481,0.190519,8.5e-05,0.011087,0.016759,0.025435,0.005831,0,0,3
2021-09-01 11:53:13.481,0.191095,8.3e-05,0.010825,0.016682,0.025492,0.005597,0,0,3
2021-09-01 11:53:15.481,0.191227,6.5e-05,0.010641,0.016862,0.026603,0.005618,0,0,3
2021-09-01 11:53:17.481,0.190513,7e-06,0.010618,0.016672,0.026227,0.00551,0,0,3
2021-09-01 11:53:19.981,0.190416,-0.000124,0.011071,0.016528,0.025593,0.005626,0,0,3
2021-09-01 11:53:21.982,0.190996,6e-06,0.01079,0.016673,0.025591,0.005628,0,0,3
2021-09-01 11:53:23.981,0.190872,4.5e-05,0.011356,0.017235,0.026109,0.005589,0,0,3
2021-09-01 11:53:25.981,0.19114,-3.7e-05,0.010857,0.016278,0.026961,0.005732,0,0,3
2021-09-01 11:53:27.981,0.190581,0.000123,0.011086,0.017122,0.025426,0.005654,0,0,3
2021-09-01 11:53:29.981,0.19062,7.3e-05,0.010719,0.016501,0.025349,0.005719,0,0,3
2021-09-01 11:53:31.981,0.190185,-7.7e-05,0.010866,0.017136,0.02566,0.005564,0,0,3
2021-09-01 11:53:33.981,0.190757,-9e-05,0.010871,0.016068,0.025247,0.005556,0,0,3
2021-09-01 11:53:36.480,0.191163,-0.000136,0.011088,0.016754,0.027847,0.005548,0,0,3
2021-09-01 11:53:38.480,0.190641,-6.4e-05,0.010976,0.016518,0.025636,0.0054,0,0,3
2021-09-01 11:53:40.480,0.190413,8.9e-05,0.010806,0.016562,0.0252,0.005639,0,0,3
2021-09-01 11:53:42.480,0.191516,-0.000161,0.011266,0.01641,0.025856,0.005512,0,0,3
2021-09-01 11:53:44.480,0.190397,4.7e-05,0.010834,0.016569,0.025197,0.005668,0,0,3
2021-09-01 11:53:46.480,0.190993,-3e-05,0.010742,0.017002,0.027334,0.005698,0,0,3
2021-09-01 11:53:48.480,0.19078,-4.3e-05,0.01088,0.017154,0.025722,0.005768,0,0,3
2021-09-01 11:53:50.979,0.193346,0.000141,0.010794,0.01675,0.025778,0.005581,0,0,3
2021-09-01 11:53:52.981,0.195198,6.6e-05,0.011132,0.016474,0.025076,0.005773,0,0,3
2021-09-01 11:53:54.979,0.195136,-0.000114,0.010917,0.016223,0.025196,0.005814,0,0,3
2021-09-01 11:53:56.979,0.196012,-8.7e-05,0.011137,0.016814,0.02603,0.005637,0,0,3
2021-09-01 11:53:58.979,0.195493,5.4e-05,0.011068,0.016736,0.026743,0.00573,0,0,3
2021-09-01 11:54:01.478,0.19539,3e-05,0.011099,0.016728,0.025369,0.005757,0,0,3
2021-09-01 11:54:03.478,0.195687,-5.1e-05,0.0111,0.016588,0.02532,0.005638,0,0,3
2021-09-01 11:54:05.480,0.195802,-0.000231,0.010494,0.017014,0.026558,0.005663,0,0,3
2021-09-01 11:54:07.478,0.196013,-2e-05,0.010558,0.01658,0.024897,0.005694,0,0,3
2021-09-01 11:54:09.478,0.197721,-6.1e-05,0.010076,0.016504,0.024769,0.005602,0,0,3
2021-09-01 11:54:11.977,0.200271,-2.9e-05,0.009944,0.016875,0.024615,0.005594,0,0,3
2021-09-01 11:54:13.977,0.204077,-2.7e-05,0.010324,0.016294,0.02511,0.005795,0,0,3
2021-09-01 11:54:15.977,0.205663,-6.9e-05,0.010425,0.016712,0.025967,0.005725,0,0,3
2021-09-01 11:54:18.477,0.208214,2.5e-05,0.010887,0.016639,0.025623,0.005808,0,0,3
2021-09-01 11:54:20.478,0.212242,1.7e-05,0.011465,0.016499,0.026006,0.00574,0,0,3
2021-09-01 11:54:22.977,0.215112,-2.5e-05,0.011621,0.016449,0.0248,0.005605,0,0,3
2021-09-01 11:54:25.477,0.21579,-5.1e-05,0.011747,0.01665,0.025372,0.00563,0,0,3
2021-09-01 11:54:27.977,0.215454,-5.7e-05,0.011626,0.016971,0.025447,0.005665,0,0,3
2021-09-01 11:54:29.977,0.215565,-0.000129,0.011275,0.016683,0.025872,0.005612,0,0,3
2021-09-01 11:54:31.977,0.215961,-0.000114,0.011482,0.016457,0.026965,0.005785,0,0,3
2021-09-01 11:54:33.977,0.215667,-3.5e-05,0.011785,0.016797,0.026042,0.005695,0,0,3
2021-09-01 11:54:35.977,0.216053,0.000125,0.011789,0.017427,0.025813,0.005742,0,0,3
2021-09-01 11:54:37.976,0.214988,5.5e-05,0.011521,0.017142,0.024819,0.005712,0,0,3
2021-09-01 11:54:40.477,0.216777,-1.4e-05,0.009952,0.016918,0.025864,0.005704,0,0,3
2021-09-01 11:54:42.477,0.217791,0.000131,0.009943,0.017632,0.025043,0.005792,0,0,3
2021-09-01 11:54:44.478,0.219077,6.9e-05,0.009918,0.01653,0.025875,0.005649,0,0,3
2021-09-01 11:54:46.477,0.224793,4.7e-05,0.010574,0.016536,0.026103,0.00565,0,0,3
2021-09-01 11:54:48.976,0.227449,4.5e-05,0.010849,0.015848,0.026661,0.005687,0,0,3
2021-09-01 11:54:50.976,0.23198,4.7e-05,0.011224,0.016399,0.025736,0.005668,0,0,3
2021-09-01 11:54:52.976,0.235493,-6.4e-05,0.011137,0.016499,0.027335,0.005747,0,0,3
2021-09-01 11:54:54.976,0.236876,-0.0001,0.011463,0.017145,0.024483,0.005609,0,0,3
2021-09-01 11:54:57.475,0.238593,-0.000102,0.011599,0.016846,0.025359,0.005786,0,0,3
2021-09-01 11:54:59.475,0.240656,-0.00015,0.01178,0.016809,0.026266,0.005706,0,0,3
2021-09-01 11:55:01.974,0.240954,-7.5e-05,0.011536,0.017174,0.025994,0.005553,0,0,3
2021-09-01 11:55:03.976,0.240608,-0.000142,0.01148,0.016836,0.025975,0.005633,0,0,3
2021-09-01 11:55:05.976,0.240331,2.8e-05,0.011256,0.017038,0.025363,0.005679,0,0,3
2021-09-01 11:55:07.976,0.239903,-7.2e-05,0.011316,0.017202,0.025466,0.005567,0,0,3
2021-09-01 11:55:10.473,0.240697,-0.000141,0.011195,0.01685,0.025831,0.00564,0,0,3
2021-09-01 11:55:12.974,0.240512,3.1e-05,0.011091,0.017163,0.026198,0.005764,0,0,3
2021-09-01 11:55:14.974,0.239971,7.8e-05,0.011394,0.01646,0.025369,0.005798,0,0,3
2021-09-01 11:55:16.974,0.239906,1.5e-05,0.011527,0.016668,0.02613,0.00573,0,0,3
2021-09-01 11:55:19.473,0.241685,-0.000123,0.011518,0.017021,0.025841,0.005743,0,0,3
2021-09-01 11:55:21.973,0.240386,-0.000168,0.011181,0.016547,0.026361,0.005599,0,0,3
2021-09-01 11:55:24.473,0.240164,-0.000139,0.011078,0.01685,0.025647,0.005672,0,0,3
2021-09-01 11:55:26.973,0.240454,-4.2e-05,0.011111,0.017067,0.026173,0.005909,0,0,3
2021-09-01 11:55:28.974,0.240958,-9.6e-05,0.01102,0.016792,0.025875,0.005719,0,0,3
2021-09-01 11:55:30.974,0.241042,-0.0002,0.010953,0.017134,0.024624,0.005546,0,0,3
2021-09-01 11:55:32.974,0.241633,-0.000119,0.011146,0.016932,0.02593,0.005638,0,0,3
2021-09-01 11:55:35.473,0.240944,-9.8e-05,0.011113,0.017053,0.026002,0.005735,0,0,3
2021-09-01 11:55:37.973,0.241136,-7.6e-05,0.011269,0.016995,0.026068,0.005608,0,0,3
2021-09-01 11:55:40.473,0.241052,-0.000135,0.011185,0.017552,0.028235,0.005675,0,0,3
2021-09-01 11:55:42.473,0.240777,-3.5e-05,0.010949,0.016887,0.025301,0.005676,0,0,3
2021-09-01 11:55:44.472,0.24104,-0.000207,0.01079,0.017208,0.027267,0.005786,0,0,3
2021-09-01 11:55:46.973,0.240199,-0.000102,0.01101,0.016763,0.02564,0.005671,0,0,3
2021-09-01 11:55:49.472,0.24104,-0.000157,0.010944,0.016568,0.026328,0.005551,0,0,3
2021-09-01 11:55:51.473,0.240559,-0.000117,0.011006,0.017083,0.02573,0.005812,0,0,3
2021-09-01 11:55:53.971,0.24098,-0.000114,0.011241,0.01662,0.02542,0.005514,0,0,3
2021-09-01 11:55:56.472,0.240514,-0.000102,0.011186,0.017121,0.025749,0.005608,0,0,3
2021-09-01 11:55:58.473,0.240496,3.2e-05,0.011419,0.017272,0.026417,0.005671,0,0,3
2021-09-01 11:56:00.971,0.239933,-8.1e-05,0.010932,0.016983,0.026157,0.005799,0,0,3
2021-09-01 11:56:02.973,0.240286,0.000102,0.011077,0.016175,0.024921,0.005732,0,0,3
2021-09-01 11:56:05.470,0.240865,3.2e-05,0.011291,0.017313,0.027391,0.005673,0,0,3
2021-09-01 11:56:07.472,0.240789,5.8e-05,0.010893,0.016525,0.026392,0.005605,0,0,3
2021-09-01 11:56:09.472,0.240971,-9.8e-05,0.011132,0.016346,0.025952,0.005571,0,0,3
2021-09-01 11:56:11.971,0.240761,-1e-05,0.010834,0.016786,0.026055,0.005768,0,0,3
2021-09-01 11:56:14.470,0.240767,5.7e-05,0.011025,0.017172,0.026613,0.005754,0,0,3
2021-09-01 11:56:16.971,0.240617,7e-06,0.011124,0.01722,0.026677,0.005645,0,0,3
2021-09-01 11:56:19.470,0.240345,4e-05,0.010889,0.017208,0.025223,0.005739,0,0,3
2021-09-01 11:56:21.969,0.240778,0.000139,0.01126,0.01667,0.026642,0.005866,0,0,3
2021-09-01 11:56:24.470,0.240432,-2.4e-05,0.011072,0.016712,0.025654,0.005714,0,0,3
2021-09-01 11:56:26.470,0.240843,0.00012,0.011197,0.01716,0.025701,0.005854,0,0,3
2021-09-01 11:56:28.969,0.24071,4.9e-05,0.011198,0.017005,0.02553,0.005789,0,0,3
2021-09-01 11:56:31.470,0.241073,0.000154,0.011311,0.016637,0.027386,0.00578,0,0,3
2021-09-01 11:56:33.969,0.241086,0.000133,0.011488,0.016225,0.025707,0.005703,0,0,3
2021-09-01 11:56:36.469,0.240769,0.000141,0.011674,0.016707,0.02674,0.00579,0,0,3
2021-09-01 11:56:38.969,0.240433,-3.8e-05,0.01117,0.01684,0.026694,0.005737,0,0,3
2021-09-01 11:56:40.971,0.240527,0.000157,0.011099,0.017113,0.024425,0.005745,0,0,3
2021-09-01 11:56:43.469,0.240513,8.1e-05,0.011215,0.016658,0.025998,0.005766,0,0,3
2021-09-01 11:56:45.969,0.240458,2.9e-05,0.011295,0.016423,0.026609,0.005687,0,0,3
2021-09-01 11:56:47.969,0.240675,8.6e-05,0.011238,0.016712,0.025141,0.005725,0,0,3
2021-09-01 11:56:50.469,0.240374,-9.5e-05,0.011545,0.01669,0.026437,0.005737,0,0,3
2021-09-01 11:56:52.968,0.240511,-1e-05,0.011397,0.016863,0.026149,0.005628,0,0,3
2021-09-01 11:56:55.469,0.241159,-7e-06,0.011296,0.016477,0.025838,0.005745,0,0,3
2021-09-01 11:56:57.968,0.240857,-0.000134,0.011169,0.016995,0.025872,0.005699,0,0,3
2021-09-01 11:57:00.469,0.241043,-0.000135,0.011418,0.017551,0.025317,0.005697,0,0,3
2021-09-01 11:57:02.968,0.240702,-2.5e-05,0.01126,0.016839,0.025504,0.005675,0,0,3
2021-09-01 11:57:04.968,0.241323,-1.4e-05,0.011555,0.017001,0.02711,0.005608,0,0,3
2021-09-01 11:57:07.467,0.240601,5e-06,0.011426,0.016669,0.026309,0.005698,0,0,3
2021-09-01 11:57:09.469,0.240792,-9.7e-05,0.01115,0.017015,0.026145,0.005718,0,0,3
2021-09-01 11:57:11.966,0.240736,7.6e-05,0.011482,0.017139,0.025444,0.005608,0,0,3
2021-09-01 11:57:14.467,0.240451,-6.4e-05,0.011359,0.016899,0.026332,0.0057,0,0,3
2021-09-01 11:57:16.968,0.241457,-1.8e-05,0.011506,0.016868,0.02593,0.005725,0,0,3
2021-09-01 11:57:19.467,0.240778,-0.000128,0.011621,0.016943,0.025587,0.005656,0,0,3
2021-09-01 11:57:21.966,0.240412,-0.000115,0.011371,0.016973,0.025398,0.005577,0,0,3
2021-09-01 11:57:24.465,0.241454,3.2e-05,0.011507,0.016517,0.026279,0.005719,0,0,3
2021-09-01 11:57:26.966,0.240636,2.6e-05,0.011454,0.017034,0.025978,0.00577,0,0,3
2021-09-01 11:57:29.467,0.239859,0.000222,0.011487,0.016312,0.02542,0.005706,0,0,3
2021-09-01 11:57:31.966,0.240553,4.3e-05,0.011191,0.016506,0.025269,0.005724,0,0,3
2021-09-01 11:57:34.465,0.241137,5.5e-05,0.011161,0.016667,0.025769,0.005723,0,0,3
2021-09-01 11:57:36.966,0.241482,-0.000106,0.011164,0.016839,0.026398,0.005613,0,0,3
2021-09-01 11:57:39.465,0.239891,7.2e-05,0.011036,0.016063,0.024996,0.005574,0,0,3
2021-09-01 11:57:41.966,0.240539,3.5e-05,0.011131,0.016749,0.025165,0.005681,0,0,3
2021-09-01 11:57:44.465,0.240544,0.000116,0.011077,0.016381,0.025401,0.005649,0,0,3
2021-09-01 11:57:46.965,0.240336,-3e-05,0.011199,0.01748,0.026053,0.005506,0,0,3
2021-09-01 11:57:48.966,0.239937,-0.00013,0.010969,0.01671,0.0252,0.00563,0,0,3
2021-09-01 11:57:51.464,0.241343,-0.000152,0.011174,0.017249,0.02566,0.005641,0,0,3
2021-09-01 11:57:53.965,0.240363,-0.000259,0.011179,0.017028,0.025734,0.005616,0,0,3
2021-09-01 11:57:56.464,0.240343,9e-06,0.010944,0.016486,0.025554,0.005654,0,0,3
2021-09-01 11:57:58.965,0.241108,-6.4e-05,0.011098,0.016414,0.026065,0.005471,0,0,3
2021-09-01 11:58:01.464,0.240135,8.5e-05,0.011135,0.016378,0.025768,0.005682,0,0,3
2021-09-01 11:58:03.965,0.24132,0.000104,0.011201,0.016442,0.026546,0.005667,0,0,3
2021-09-01 11:58:06.464,0.240147,8.5e-05,0.011352,0.017009,0.025255,0.005759,0,0,3
2021-09-01 11:58:08.465,0.240567,0.000187,0.011593,0.016996,0.025145,0.005757,0,0,3
2021-09-01 11:58:10.963,0.240169,9.6e-05,0.011612,0.016272,0.02531,0.005633,0,0,3
2021-09-01 11:58:13.464,0.239756,-6.8e-05,0.011708,0.016457,0.025098,0.005666,0,0,3
2021-09-01 11:58:15.965,0.241075,1.6e-05,0.01169,0.015938,0.025323,0.005562,0,0,3
2021-09-01 11:58:18.464,0.241263,4.3e-05,0.01147,0.016004,0.025489,0.005623,0,0,3
2021-09-01 11:58:20.963,0.2412,0.000104,0.011518,0.016611,0.026704,0.005604,0,0,3
2021-09-01 11:58:22.965,0.240564,-3.7e-05,0.011177,0.017098,0.025384,0.005674,0,0,3
2021-09-01 11:58:25.462,0.241039,-1.3e-05,0.011449,0.016627,0.026422,0.005744,0,0,3
2021-09-01 11:58:27.963,0.241476,2.2e-05,0.011285,0.016692,0.025898,0.00566,0,0,3
2021-09-01 11:58:30.462,0.241185,-0.00013,0.011158,0.016829,0.025881,0.005678,0,0,3
2021-09-01 11:58:32.963,0.240449,-6.2e-05,0.011227,0.017136,0.025173,0.005607,0,0,3
2021-09-01 11:58:35.462,0.241074,9.7e-05,0.01118,0.016451,0.025872,0.005757,0,0,3
2021-09-01 11:58:37.963,0.241083,7.7e-05,0.011131,0.016538,0.025596,0.005552,0,0,3
2021-09-01 11:58:40.462,0.241683,0.000339,0.011444,0.017121,0.026583,0.005712,0,0,3
2021-09-01 11:58:42.462,0.241139,2.8e-05,0.01161,0.01759,0.02661,0.005708,0,0,3
2021-09-01 11:58:44.961,0.24057,-7.3e-05,0.011316,0.017349,0.02538,0.00568,0,0,3
2021-09-01 11:58:47.462,0.240523,-0.00011,0.011186,0.01697,0.025195,0.005603,0,0,3
2021-09-01 11:58:49.961,0.240578,6.6e-05,0.011169,0.016462,0.025545,0.005812,0,0,3
2021-09-01 11:58:52.461,0.2402,-2.3e-05,0.011339,0.016453,0.026195,0.005494,0,0,3
2021-09-01 11:58:54.961,0.240712,-5.7e-05,0.011354,0.016887,0.025677,0.00561,0,0,3
2021-09-01 11:58:57.461,0.240296,8e-05,0.011427,0.016659,0.025475,0.005625,0,0,3
2021-09-01 11:58:59.961,0.240846,9.9e-05,0.011431,0.016883,0.026118,0.005742,0,0,3
2021-09-01 11:59:02.461,0.240968,0.000111,0.011449,0.016862,0.025977,0.005748,0,0,3
2021-09-01 11:59:04.960,0.241616,8.9e-05,0.011459,0.016399,0.025528,0.005845,0,0,3
2021-09-01 11:59:07.461,0.239975,-8.7e-05,0.01119,0.016493,0.026181,0.005617,0,0,3
2021-09-01 11:59:09.960,0.240626,0.000173,0.0114,0.01687,0.025337,0.00568,0,0,3
2021-09-01 11:59:12.461,0.241068,7.3e-05,0.011219,0.017106,0.025635,0.005707,0,0,3
2021-09-01 11:59:14.960,0.24058,3.6e-05,0.011249,0.016842,0.026149,0.005659,0,0,3
2021-09-01 11:59:17.461,0.24073,-1.8e-05,0.011289,0.016585,0.026463,0.005732,0,0,3
2021-09-01 11:59:19.960,0.241028,-3.1e-05,0.01122,0.017095,0.025534,0.005617,0,0,3
2021-09-01 11:59:22.461,0.241453,8.3e-05,0.01112,0.016352,0.026136,0.005727,0,0,3
2021-09-01 11:59:24.960,0.24142,-4e-06,0.01093,0.016447,0.026778,0.005748,0,0,3
2021-09-01 11:59:27.461,0.240733,-0.000123,0.011352,0.016869,0.025658,0.005759,0,0,3
2021-09-01 11:59:29.960,0.240359,9.5e-05,0.01093,0.016965,0.025274,0.005756,0,0,3
2021-09-01 11:59:32.459,0.240971,0.000158,0.011062,0.016815,0.027095,0.005682,0,0,3
2021-09-01 11:59:34.958,0.241767,1.7e-05,0.010985,0.016659,0.025698,0.005728,0,0,3
2021-09-01 11:59:37.459,0.24199,7.9e-05,0.010848,0.016544,0.026236,0.005825,0,0,3
2021-09-01 11:59:39.958,0.24154,0.000148,0.010639,0.017367,0.026321,0.005732,0,0,3
2021-09-01 11:59:42.459,0.241631,9.8e-05,0.011102,0.016923,0.026993,0.005833,0,0,3
2021-09-01 11:59:44.958,0.240996,0.000135,0.010992,0.016503,0.027056,0.005665,0,0,3
2021-09-01 11:59:47.457,0.241549,6.1e-05,0.010838,0.016369,0.025365,0.005695,0,0,3
2021-09-01 11:59:49.958,0.240371,5.4e-05,0.010995,0.016918,0.025523,0.005659,0,0,3
2021-09-01 11:59:52.457,0.240883,-0.000113,0.01143,0.017085,0.025531,0.005633,0,0,3
2021-09-01 11:59:54.957,0.240909,6.9e-05,0.011306,0.01693,0.025516,0.005783,0,0,3
2021-09-01 11:59:57.457,0.241661,4e-05,0.011218,0.01695,0.027302,0.005661,0,0,3
2021-09-01 11:59:59.957,0.241124,-9e-06,0.011405,0.017128,0.024984,0.005722,0,0,3
2021-09-01 12:00:02.457,0.240991,0.000109,0.011119,0.01701,0.025352,0.005654,0,0,3
2021-09-01 12:00:04.958,0.241406,4.9e-05,0.011271,0.016992,0.027748,0.005727,0,0,3
2021-09-01 12:00:07.457,0.240597,-4.1e-05,0.011216,0.016509,0.025579,0.005697,0,0,3
2021-09-01 12:00:09.957,0.240888,-5.3e-05,0.010957,0.017046,0.025065,0.005621,0,0,3
2021-09-01 12:00:12.456,0.24092,-7.9e-05,0.011268,0.016854,0.026328,0.005574,0,0,3
2021-09-01 12:00:14.957,0.240288,3e-06,0.01112,0.01663,0.025624,0.005728,0,0,3
2021-09-01 12:00:17.456,0.241429,6.4e-05,0.011297,0.016629,0.026337,0.005765,0,0,3
2021-09-01 12:00:19.955,0.24116,0.00019,0.011246,0.016665,0.026177,0.005893,0,0,3
2021-09-01 12:00:22.456,0.240972,1.2e-05,0.011127,0.016334,0.02661,0.005755,0,0,3
2021-09-01 12:00:24.955,0.24071,-8e-06,0.011003,0.017277,0.026212,0.005614,0,0,3
2021-09-01 12:00:27.456,0.240917,0.000106,0.011502,0.016611,0.026341,0.005707,0,0,3
2021-09-01 12:00:29.957,0.241052,1.6e-05,0.011403,0.016856,0.026492,0.005617,0,0,3
2021-09-01 12:00:32.456,0.24124,9.9e-05,0.011433,0.016837,0.026046,0.005758,0,0,3
2021-09-01 12:00:34.955,0.241097,0.000179,0.011393,0.017055,0.024768,0.005791,0,0,3
2021-09-01 12:00:37.454,0.241017,0.000137,0.011371,0.016821,0.024395,0.00565,0,0,3
2021-09-01 12:00:39.955,0.241442,-6.2e-05,0.011267,0.016857,0.026433,0.005755,0,0,3
2021-09-01 12:00:42.454,0.240971,1.3e-05,0.01122,0.016944,0.025918,0.005741,0,0,3
2021-09-01 12:00:44.955,0.241482,-3.2e-05,0.011355,0.017107,0.025783,0.005592,0,0,3
2021-09-01 12:00:47.454,0.241727,-0.000119,0.01126,0.016491,0.025827,0.005574,0,0,3
2021-09-01 12:00:49.955,0.241142,-4.9e-05,0.011554,0.01635,0.025441,0.005535,0,0,3
2021-09-01 12:00:52.454,0.241393,-8.8e-05,0.011367,0.016225,0.026213,0.005545,0,0,3
2021-09-01 12:00:54.955,0.241155,-5.3e-05,0.01148,0.016536,0.025393,0.005509,0,0,3
2021-09-01 12:00:57.454,0.240916,-0.000115,0.01151,0.016991,0.026518,0.00564,0,0,3
2021-09-01 12:00:59.953,0.241526,-1.8e-05,0.011305,0.017218,0.02709,0.005671,0,0,3
2021-09-01 12:01:02.454,0.240922,6.4e-05,0.011341,0.016622,0.026417,0.005726,0,0,3
2021-09-01 12:01:04.953,0.242017,0.000179,0.01168,0.016796,0.026277,0.005706,0,0,3
2021-09-01 12:01:07.453,0.241846,0.000141,0.011832,0.016789,0.026568,0.005652,0,0,3
2021-09-01 12:01:09.953,0.240956,0.000122,0.011773,0.016754,0.026032,0.005659,0,0,3
2021-09-01 12:01:12.454,0.242231,0.000243,0.01209,0.01703,0.026111,0.00582,0,0,3
2021-09-01 12:01:14.953,0.24141,3.2e-05,0.011816,0.016774,0.026521,0.005727,0,0,3
2021-09-01 12:01:17.453,0.241758,0.000239,0.011846,0.016236,0.02521,0.005704,0,0,3
2021-09-01 12:01:19.953,0.241565,0.000172,0.011798,0.016713,0.026823,0.005719,0,0,3
2021-09-01 12:01:22.453,0.240609,-5.5e-05,0.011828,0.016201,0.025311,0.005619,0,0,3
2021-09-01 12:01:24.953,0.240855,-0.000124,0.011648,0.016495,0.026362,0.005689,0,0,3
2021-09-01 12:01:27.453,0.241199,-9.1e-05,0.012155,0.016917,0.025724,0.005654,0,0,3
2021-09-01 12:01:29.952,0.240412,1.3e-05,0.012073,0.016436,0.025741,0.005772,0,0,3
2021-09-01 12:01:32.453,0.241442,7.7e-05,0.011756,0.017234,0.025711,0.005686,0,0,3
2021-09-01 12:01:34.952,0.239941,-4.4e-05,0.011617,0.016516,0.026089,0.005563,0,0,3
2021-09-01 12:01:37.451,0.241355,-9.4e-05,0.011834,0.016276,0.02535,0.005683,0,0,3
2021-09-01 12:01:39.952,0.239994,-0.000121,0.011914,0.016406,0.025025,0.005612,0,0,3
2021-09-01 12:01:42.451,0.240412,-0.000113,0.01193,0.016038,0.02621,0.005538,0,0,3
2021-09-01 12:01:44.952,0.240789,-8.9e-05,0.012024,0.016411,0.026583,0.005375,0,0,3
2021-09-01 12:01:47.451,0.241097,7.8e-05,0.011915,0.017025,0.027694,0.00571,0,0,3
2021-09-01 12:01:49.952,0.241224,-8.9e-05,0.01198,0.016593,0.031096,0.005647,0,0,3
2021-09-01 12:01:52.451,0.241173,-0.000277,0.011768,0.016333,0.027719,0.005509,0,0,3
2021-09-01 12:01:54.950,0.240845,-0.000178,0.011926,0.016765,0.024947,0.005632,0,0,3
2021-09-01 12:01:57.451,0.241396,-0.00019,0.012079,0.016811,0.025992,0.005513,0,0,3
2021-09-01 12:01:59.950,0.241731,-0.000184,0.012172,0.016638,0.025302,0.005541,0,0,3
2021-09-01 12:02:02.449,0.240383,-1.2e-05,0.011992,0.016674,0.025779,0.005651,0,0,3
2021-09-01 12:02:04.950,0.240665,-6.6e-05,0.012274,0.016521,0.025507,0.005566,0,0,3
2021-09-01 12:02:07.449,0.24103,2.8e-05,0.012007,0.016546,0.025505,0.005663,0,0,3
2021-09-01 12:02:09.950,0.241898,5.6e-05,0.01241,0.016827,0.026339,0.005715,0,0,3
2021-09-01 12:02:12.449,0.241668,1e-06,0.012062,0.017329,0.025786,0.005673,0,0,3
2021-09-01 12:02:14.950,0.240569,-0.000146,0.012046,0.016776,0.02502,0.005652,0,0,3
2021-09-01 12:02:17.449,0.240231,-2e-05,0.011874,0.0168,0.026068,0.005739,0,0,3
2021-09-01 12:02:19.949,0.242224,-7.8e-05,0.012442,0.016846,0.026551,0.005669,0,0,3
2021-09-01 12:02:22.449,0.240861,-0.000145,0.011934,0.017039,0.025951,0.005745,0,0,3
2021-09-01 12:02:24.949,0.240422,-0.000151,0.011732,0.017331,0.0253,0.005586,0,0,3
2021-09-01 12:02:27.449,0.240344,-0.000208,0.011802,0.016557,0.025893,0.005557,0,0,3
2021-09-01 12:02:29.949,0.24087,-0.000172,0.012122,0.016947,0.027494,0.005698,0,0,3
2021-09-01 12:02:32.448,0.242183,-0.00014,0.012084,0.01666,0.030374,0.005433,0,0,3
2021-09-01 12:02:34.949,0.241574,-0.000169,0.011991,0.017172,0.028653,0.005653,0,0,3
2021-09-01 12:02:37.448,0.241194,-0.000102,0.012106,0.016479,0.025567,0.005592,0,0,3
2021-09-01 12:02:39.949,0.241526,5e-06,0.012479,0.017039,0.027219,0.005698,0,0,3
2021-09-01 12:02:42.448,0.241448,-5.8e-05,0.012481,0.017241,0.025819,0.005618,0,0,3
2021-09-01 12:02:44.947,0.241652,-0.00013,0.012981,0.016603,0.026474,0.005701,0,0,3
2021-09-01 12:02:47.448,0.241306,-7.2e-05,0.013526,0.016908,0.026129,0.005594,0,0,3
2021-09-01 12:02:49.947,0.241471,-0.000117,0.01358,0.016727,0.025706,0.005646,0,0,3
2021-09-01 12:02:52.448,0.240661,-4.7e-05,0.01349,0.016434,0.025892,0.005513,0,0,3
2021-09-01 12:02:54.947,0.241166,-0.000126,0.013407,0.017199,0.025571,0.005578,0,0,3
2021-09-01 12:02:57.448,0.240252,6.4e-05,0.01349,0.016943,0.025362,0.005765,0,0,3
2021-09-01 12:02:59.947,0.241584,-7.5e-05,0.013124,0.017064,0.02613,0.005561,0,0,3
2021-09-01 12:03:02.446,0.240607,-8.3e-05,0.013176,0.016934,0.025312,0.005524,0,0,3
2021-09-01 12:03:04.947,0.240856,-0.000125,0.013324,0.016945,0.025974,0.005641,0,0,3
2021-09-01 12:03:07.446,0.241074,-4.8e-05,0.013327,0.016941,0.026639,0.005592,0,0,3
2021-09-01 12:03:09.947,0.24064,5.2e-05,0.01357,0.017033,0.026646,0.005674,0,0,3
2021-09-01 12:03:12.446,0.240046,-0.000123,0.013371,0.016406,0.024845,0.005508,0,0,3
2021-09-01 12:03:14.947,0.24097,-4.7e-05,0.013585,0.016894,0.024549,0.005521,0,0,3
2021-09-01 12:03:17.446,0.241364,-4e-06,0.013529,0.016759,0.02563,0.005794,0,0,3
2021-09-01 12:03:19.945,0.240706,-9e-05,0.013514,0.016994,0.024973,0.005576,0,0,3
2021-09-01 12:03:22.446,0.240437,-0.000257,0.0136,0.015945,0.025958,0.005578,0,0,3
2021-09-01 12:03:24.945,0.240177,-9.8e-05,0.013669,0.016379,0.025672,0.005704,0,0,3
2021-09-01 12:03:27.446,0.242099,4.1e-05,0.013666,0.016662,0.025678,0.005646,0,0,3
2021-09-01 12:03:29.945,0.241864,3.6e-05,0.013867,0.016776,0.026814,0.005652,0,0,3
2021-09-01 12:03:32.445,0.241451,9.2e-05,0.013981,0.016779,0.026339,0.005884,0,0,3
2021-09-01 12:03:34.945,0.241059,6.3e-05,0.01389,0.016898,0.026001,0.005601,0,0,3
2021-09-01 12:03:37.445,0.241497,8.2e-05,0.013673,0.01698,0.0264,0.005909,0,0,3
2021-09-01 12:03:39.945,0.241875,6.5e-05,0.013853,0.016753,0.026219,0.005758,0,0,3
2021-09-01 12:03:42.445,0.240928,0.000267,0.01404,0.017165,0.026082,0.005813,0,0,3
2021-09-01 12:03:44.945,0.241008,0.000166,0.014132,0.016909,0.025918,0.005716,0,0,3
2021-09-01 12:03:47.445,0.24213,0.000231,0.014117,0.016543,0.025957,0.005694,0,0,3
2021-09-01 12:03:49.944,0.240668,0.000139,0.014165,0.016625,0.02554,0.005798,0,0,3
2021-09-01 12:03:52.443,0.241734,0.000106,0.01401,0.016724,0.025909,0.005684,0,0,3
2021-09-01 12:03:54.944,0.242435,3.5e-05,0.013916,0.017143,0.025591,0.00572,0,0,3
2021-09-01 12:03:57.443,0.24129,0.000125,0.014032,0.016753,0.026509,0.005692,0,0,3
2021-09-01 12:03:59.942,0.242479,-2e-06,0.014051,0.017128,0.026761,0.005679,0,0,3
2021-09-01 12:04:02.443,0.240963,3.3e-05,0.014037,0.016532,0.026392,0.00575,0,0,3
2021-09-01 12:04:04.944,0.240649,6e-05,0.014136,0.017046,0.025178,0.005655,0,0,3
2021-09-01 12:04:07.443,0.241118,9.5e-05,0.014213,0.017086,0.025704,0.005663,0,0,3
2021-09-01 12:04:09.942,0.240729,6.8e-05,0.014099,0.017352,0.025849,0.005805,0,0,3
2021-09-01 12:04:12.443,0.240781,1.4e-05,0.014154,0.016465,0.026356,0.005601,0,0,3
2021-09-01 12:04:14.942,0.241523,7e-05,0.014058,0.016754,0.025676,0.005683,0,0,3
2021-09-01 12:04:17.443,0.241178,-2.2e-05,0.014276,0.017053,0.025275,0.005598,0,0,3
2021-09-01 12:04:19.942,0.24187,6.6e-05,0.014113,0.017033,0.025396,0.005689,0,0,3
2021-09-01 12:04:22.441,0.241385,0.000185,0.014327,0.01682,0.026388,0.005646,0,0,3
2021-09-01 12:04:24.942,0.240449,0.000115,0.014496,0.01704,0.025514,0.005795,0,0,3
2021-09-01 12:04:27.443,0.240336,2.2e-05,0.014525,0.01713,0.024999,0.005494,0,0,3
2021-09-01 12:04:29.942,0.24116,0.000188,0.014599,0.017087,0.025015,0.005663,0,0,3
2021-09-01 12:04:32.441,0.241885,1.7e-05,0.014566,0.016558,0.026427,0.005571,0,0,3
2021-09-01 12:04:34.941,0.241292,-9e-06,0.014599,0.016829,0.025872,0.005581,0,0,3
2021-09-01 12:04:37.441,0.241042,3.1e-05,0.014551,0.016909,0.025697,0.005773,0,0,3
2021-09-01 12:04:39.941,0.241479,8e-05,0.014647,0.016148,0.026539,0.005726,0,0,3
2021-09-01 12:04:42.441,0.241371,0.000183,0.015143,0.016993,0.027058,0.005723,0,0,3
2021-09-01 12:04:44.941,0.241348,-0.000118,0.014992,0.016641,0.025554,0.005559,0,0,3
2021-09-01 12:04:47.441,0.241886,4.4e-05,0.015367,0.016321,0.025865,0.005663,0,0,3
2021-09-01 12:04:49.941,0.242474,1e-05,0.014838,0.01665,0.026787,0.005708,0,0,3
2021-09-01 12:04:52.440,0.240521,7.2e-05,0.014768,0.017308,0.025986,0.005715,0,0,3
2021-09-01 12:04:54.941,0.241757,7.5e-05,0.015069,0.017355,0.026076,0.005739,0,0,3
2021-09-01 12:04:57.440,0.24179,5.3e-05,0.014926,0.016301,0.025629,0.005644,0,0,3
2021-09-01 12:04:59.941,0.240907,-7.2e-05,0.014952,0.016788,0.025705,0.00549,0,0,3
2021-09-01 12:05:02.440,0.240654,-3.5e-05,0.015168,0.017329,0.025935,0.005654,0,0,3
2021-09-01 12:05:04.939,0.241206,-4.4e-05,0.014782,0.016672,0.025739,0.005594,0,0,3
2021-09-01 12:05:07.440,0.241476,-3.2e-05,0.015113,0.016491,0.025665,0.005608,0,0,3
2021-09-01 12:05:09.939,0.241009,-8e-06,0.014415,0.01658,0.025739,0.00573,0,0,3
2021-09-01 12:05:12.440,0.241469,0.000102,0.01522,0.016925,0.026326,0.005635,0,0,3
2021-09-01 12:05:14.939,0.240897,9.7e-05,0.015382,0.016659,0.025715,0.005672,0,0,3
2021-09-01 12:05:17.438,0.241523,5e-06,0.015135,0.017147,0.026596,0.005698,0,0,3
2021-09-01 12:05:19.939,0.241639,-0.000127,0.015594,0.016912,0.025523,0.005624,0,0,3
2021-09-01 12:05:22.438,0.240721,-0.000121,0.015257,0.016244,0.02571,0.005597,0,0,3
2021-09-01 12:05:24.937,0.240368,-0.000216,0.015282,0.016649,0.024304,0.005447,0,0,3
2021-09-01 12:05:27.438,0.240082,1.4e-05,0.014915,0.016463,0.025651,0.005809,0,0,3
2021-09-01 12:05:29.937,0.240887,-4.6e-05,0.015305,0.016912,0.026086,0.00571,0,0,3
2021-09-01 12:05:32.438,0.240332,-7.4e-05,0.015051,0.016717,0.025184,0.005616,0,0,3
2021-09-01 12:05:34.937,0.241282,-0.000157,0.015389,0.016843,0.026557,0.005715,0,0,3
2021-09-01 12:05:37.438,0.240535,-0.000165,0.015422,0.016266,0.025808,0.005609,0,0,3
2021-09-01 12:05:39.937,0.241257,-9e-05,0.015661,0.016747,0.026337,0.005592,0,0,3
2021-09-01 12:05:42.437,0.241281,-0.000162,0.015525,0.01651,0.025797,0.005547,0,0,3
2021-09-01 12:05:44.937,0.240981,-0.000273,0.015672,0.016922,0.02578,0.005535,0,0,3
2021-09-01 12:05:47.437,0.240508,-0.000187,0.015639,0.015767,0.024837,0.005602,0,0,3
2021-09-01 12:05:49.937,0.240788,-0.00013,0.015495,0.016942,0.025939,0.005638,0,0,3
2021-09-01 12:05:52.437,0.241462,-0.000242,0.015933,0.016309,0.02602,0.00555,0,0,3
2021-09-01 12:05:54.937,0.240126,-0.000154,0.01608,0.016343,0.025881,0.005608,0,0,3
2021-09-01 12:05:57.437,0.241382,-0.000235,0.015973,0.017408,0.027612,0.005562,0,0,3
2021-09-01 12:05:59.937,0.241726,-0.000233,0.016513,0.016582,0.025877,0.005378,0,0,3
2021-09-01 12:06:02.437,0.240632,-8.4e-05,0.016363,0.016552,0.0263,0.005571,0,0,3
2021-09-01 12:06:04.936,0.240124,-0.0001,0.016179,0.016616,0.025563,0.005601,0,0,3
2021-09-01 12:06:07.437,0.240285,-0.000179,0.016281,0.016747,0.025936,0.00567,0,0,3
2021-09-01 12:06:09.936,0.240874,-0.000126,0.01647,0.016829,0.025705,0.005563,0,0,3
2021-09-01 12:06:12.435,0.24116,5e-06,0.016702,0.016893,0.025695,0.005636,0,0,3
2021-09-01 12:06:14.936,0.242009,-7.4e-05,0.016693,0.01668,0.026345,0.005663,0,0,3
2021-09-01 12:06:17.437,0.241358,1e-05,0.016796,0.01643,0.025245,0.005754,0,0,3
2021-09-01 12:06:19.934,0.240606,-0.000267,0.01667,0.017005,0.02617,0.005444,0,0,3
2021-09-01 12:06:22.435,0.23988,-0.000186,0.016627,0.016933,0.025001,0.005603,0,0,3
2021-09-01 12:06:24.934,0.240444,-0.000121,0.016672,0.016435,0.025065,0.005517,0,0,3
2021-09-01 12:06:27.435,0.240989,-0.000236,0.016755,0.016657,0.02567,0.005457,0,0,3
2021-09-01 12:06:29.934,0.24079,-0.0001,0.017043,0.016785,0.026141,0.00553,0,0,3
2021-09-01 12:06:32.435,0.241035,-4.9e-05,0.016862,0.016862,0.025747,0.005614,0,0,3
2021-09-01 12:06:34.934,0.240937,-2.3e-05,0.01679,0.01691,0.025714,0.005684,0,0,3
2021-09-01 12:06:37.435,0.240829,3.3e-05,0.017266,0.017141,0.02635,0.005696,0,0,3
2021-09-01 12:06:39.934,0.24087,-9.8e-05,0.017117,0.016454,0.026219,0.00565,0,0,3
2021-09-01 12:06:42.433,0.241326,-0.000117,0.01708,0.017038,0.026026,0.005464,0,0,3
2021-09-01 12:06:44.934,0.240728,-0.000253,0.017516,0.016812,0.02496,0.005453,0,0,3
2021-09-01 12:06:47.433,0.240977,-9e-05,0.017529,0.016572,0.025741,0.0056,0,0,3
2021-09-01 12:06:49.934,0.240787,-0.000156,0.017688,0.017136,0.025636,0.005527,0,0,3
2021-09-01 12:06:52.433,0.239731,0.000146,0.017474,0.016546,0.025148,0.005754,0,0,3
2021-09-01 12:06:54.933,0.240393,4.6e-05,0.017605,0.016343,0.024912,0.005679,0,0,3
2021-09-01 12:06:57.433,0.240466,-1.9e-05,0.017594,0.016657,0.025578,0.005528,0,0,3
2021-09-01 12:06:59.933,0.241157,0.000107,0.017623,0.016767,0.025736,0.00573,0,0,3
2021-09-01 12:07:02.433,0.241174,-4.6e-05,0.017921,0.016526,0.025866,0.005802,0,0,3
2021-09-01 12:07:04.933,0.2416,7.8e-05,0.017925,0.016939,0.025694,0.005756,0,0,3
2021-09-01 12:07:07.432,0.241221,-6.9e-05,0.01779,0.016517,0.026558,0.005596,0,0,3
2021-09-01 12:07:09.933,0.241736,-0.000247,0.017795,0.015999,0.025874,0.005554,0,0,3
2021-09-01 12:07:12.432,0.241605,-0.000155,0.018352,0.016629,0.026324,0.005678,0,0,3
2021-09-01 12:07:14.931,0.241383,-0.000134,0.017764,0.016942,0.0252,0.005461,0,0,3
2021-09-01 12:07:17.432,0.241127,-9.3e-05,0.017652,0.016599,0.025692,0.005683,0,0,3
2021-09-01 12:07:19.931,0.241126,-5e-05,0.017955,0.016418,0.025858,0.005551,0,0,3
2021-09-01 12:07:22.432,0.242013,-0.00014,0.017909,0.01673,0.027191,0.005553,0,0,3
2021-09-01 12:07:24.931,0.241654,-0.000107,0.018143,0.016785,0.026527,0.00559,0,0,3
2021-09-01 12:07:27.432,0.241037,-0.000114,0.017967,0.016703,0.02612,0.005663,0,0,3
2021-09-01 12:07:29.931,0.240904,-0.000111,0.017882,0.01629,0.0264,0.005766,0,0,3
2021-09-01 12:07:32.432,0.241478,-0.000102,0.017989,0.016418,0.025822,0.005561,0,0,3
2021-09-01 12:07:34.931,0.241631,-0.000203,0.017702,0.016884,0.025518,0.005488,0,0,3
2021-09-01 12:07:37.430,0.241458,-0.000107,0.017764,0.016806,0.026399,0.005598,0,0,3
2021-09-01 12:07:39.931,0.240873,-5.8e-05,0.017993,0.016672,0.025949,0.005546,0,0,3
2021-09-01 12:07:42.430,0.241124,-5.6e-05,0.017775,0.016296,0.026286,0.005804,0,0,3
2021-09-01 12:07:44.931,0.241249,-6e-05,0.017916,0.016901,0.026068,0.005663,0,0,3
2021-09-01 12:07:47.430,0.24087,-0.00017,0.018003,0.016518,0.025178,0.005519,0,0,3
2021-09-01 12:07:49.931,0.241904,-0.000163,0.018287,0.016679,0.026114,0.005563,0,0,3
2021-09-01 12:07:52.430,0.241742,-8.3e-05,0.018135,0.017141,0.026002,0.005643,0,0,3
2021-09-01 12:07:54.931,0.241131,-9.8e-05,0.018291,0.01708,0.025491,0.005626,0,0,3
2021-09-01 12:07:57.430,0.242387,-0.000111,0.018481,0.016557,0.027068,0.005492,0,0,3
2021-09-01 12:07:59.929,0.241881,-0.00013,0.018253,0.0166,0.025514,0.005544,0,0,3
2021-09-01 12:08:02.429,0.23833,-0.000126,0.018031,0.016311,0.026691,0.00557,0,0,3
2021-09-01 12:08:04.929,0.239807,-0.000298,0.017535,0.016483,0.026841,0.005436,0,0,3
2021-09-01 12:08:07.429,0.240292,-0.000374,0.018016,0.016748,0.025675,0.005426,0,0,3
2021-09-01 12:08:09.928,0.242097,-0.000312,0.018187,0.017015,0.025153,0.005594,0,0,3
2021-09-01 12:08:12.429,0.241816,-0.000205,0.017659,0.01674,0.02599,0.005487,0,0,3
2021-09-01 12:08:14.929,0.24121,-0.000185,0.017722,0.016321,0.025064,0.005524,0,0,3
2021-09-01 12:08:17.429,0.242117,-0.000324,0.018027,0.016508,0.026673,0.005351,0,0,3
2021-09-01 12:08:19.933,0.241044,-0.000133,0.018044,0.016422,0.026291,0.005572,0,0,3
2021-09-01 12:08:22.430,0.241763,-0.000208,0.018388,0.0167,0.026088,0.005573,0,0,3
2021-09-01 12:08:24.929,0.242112,-0.000134,0.018492,0.016986,0.02544,0.005509,0,0,3
2021-09-01 12:08:27.429,0.241153,-0.000271,0.01813,0.016625,0.025684,0.005537,0,0,3
2021-09-01 12:08:29.928,0.24157,-0.000113,0.017863,0.017038,0.025538,0.00561,0,0,3
2021-09-01 12:08:32.427,0.240639,-0.000243,0.017955,0.017151,0.024814,0.005557,0,0,3
2021-09-01 12:08:34.928,0.241306,-0.000223,0.01814,0.016462,0.02659,0.005426,0,0,3
2021-09-01 12:08:37.427,0.240971,-9.8e-05,0.017933,0.016944,0.024868,0.005531,0,0,3
2021-09-01 12:08:39.928,0.240208,-0.000215,0.017843,0.016344,0.024849,0.005504,0,0,3
2021-09-01 12:08:42.427,0.241011,-0.000163,0.018051,0.017042,0.02513,0.005571,0,0,3
2021-09-01 12:08:44.926,0.241633,1e-06,0.017793,0.016494,0.025659,0.005483,0,0,3
2021-09-01 12:08:47.427,0.240172,-0.0001,0.017876,0.016701,0.024661,0.005609,0,0,3
2021-09-01 12:08:49.926,0.241906,6.8e-05,0.017904,0.016692,0.026786,0.005651,0,0,3
2021-09-01 12:08:52.427,0.241868,-2.2e-05,0.018067,0.016478,0.025491,0.005629,0,0,3
2021-09-01 12:08:54.926,0.241942,2.6e-05,0.018088,0.016734,0.026178,0.005678,0,0,3
2021-09-01 12:08:57.427,0.241329,-1.8e-05,0.01807,0.016373,0.025794,0.005694,0,0,3
2021-09-01 12:08:59.926,0.24145,-4.1e-05,0.017944,0.016893,0.027294,0.005751,0,0,3
2021-09-01 12:09:02.425,0.241332,-6.7e-05,0.018143,0.016303,0.025724,0.005707,0,0,3
2021-09-01 12:09:04.926,0.242798,-0.000188,0.018037,0.016744,0.027557,0.005625,0,0,3
2021-09-01 12:09:07.425,0.241826,-7.3e-05,0.017724,0.016619,0.027069,0.005617,0,0,3
2021-09-01 12:09:09.926,0.241975,-5.6e-05,0.018052,0.016563,0.02752,0.005564,0,0,3
2021-09-01 12:09:12.425,0.241315,-6.2e-05,0.01779,0.01659,0.025903,0.00574,0,0,3
2021-09-01 12:09:14.925,0.241424,-1.9e-05,0.018046,0.016596,0.024921,0.005686,0,0,3
2021-09-01 12:09:17.425,0.241197,-0.000183,0.018149,0.016582,0.025727,0.005605,0,0,3
2021-09-01 12:09:19.925,0.240846,-0.00012,0.017936,0.016523,0.025175,0.005829,0,0,3
2021-09-01 12:09:22.424,0.241393,-0.000168,0.018352,0.017345,0.025648,0.005709,0,0,3
2021-09-01 12:09:24.925,0.241925,-3.5e-05,0.018618,0.016146,0.02522,0.005677,0,0,3
2021-09-01 12:09:27.424,0.241238,-5.2e-05,0.018371,0.016536,0.024824,0.005715,0,0,3
2021-09-01 12:09:29.925,0.241784,-0.000135,0.018518,0.016005,0.025552,0.005674,0,0,3
2021-09-01 12:09:32.425,0.241128,-3.2e-05,0.018454,0.016678,0.024978,0.005577,0,0,3
2021-09-01 12:09:34.923,0.241457,-5.1e-05,0.018177,0.016175,0.02632,0.005638,0,0,3
2021-09-01 12:09:37.424,0.24136,-0.000114,0.018684,0.016895,0.026496,0.005553,0,0,3
2021-09-01 12:09:39.925,0.241679,0.000133,0.018776,0.016368,0.026449,0.005687,0,0,3
2021-09-01 12:09:42.424,0.241185,7.6e-05,0.018569,0.01694,0.026302,0.005702,0,0,3
2021-09-01 12:09:44.923,0.2419,0.000198,0.018543,0.016498,0.02607,0.005667,0,0,3
2021-09-01 12:09:47.424,0.242143,-4.3e-05,0.018651,0.016435,0.026267,0.005742,0,0,3
2021-09-01 12:09:49.923,0.241448,-2.5e-05,0.018885,0.016612,0.025282,0.005597,0,0,3
2021-09-01 12:09:52.424,0.240592,-0.0001,0.01868,0.016563,0.025343,0.005695,0,0,3
2021-09-01 12:09:54.923,0.241511,-0.000102,0.018804,0.016921,0.025671,0.005756,0,0,3
2021-09-01 12:09:57.422,0.242118,-9.2e-05,0.018621,0.017376,0.025759,0.00563,0,0,3
2021-09-01 12:09:59.923,0.241369,-0.000121,0.018757,0.017028,0.026048,0.005659,0,0,3
2021-09-01 12:10:02.422,0.241792,-0.000151,0.01836,0.017009,0.026192,0.005642,0,0,3
2021-09-01 12:10:04.921,0.241845,5e-06,0.018716,0.016237,0.026097,0.005628,0,0,3
2021-09-01 12:10:07.422,0.240571,-1.1e-05,0.018511,0.016486,0.025589,0.005728,0,0,3
2021-09-01 12:10:09.921,0.241376,-7.9e-05,0.018786,0.01703,0.025304,0.005653,0,0,3
2021-09-01 12:10:12.422,0.242137,-0.000182,0.01922,0.01657,0.025828,0.005598,0,0,3
2021-09-01 12:10:14.921,0.241696,-0.000159,0.019437,0.017002,0.02547,0.005613,0,0,3
2021-09-01 12:10:17.422,0.242162,-0.000133,0.020256,0.016753,0.025108,0.005691,0,0,3
2021-09-01 12:10:19.921,0.241612,-2.5e-05,0.019738,0.016747,0.025271,0.005589,0,0,3
2021-09-01 12:10:22.421,0.241676,0.000107,0.020137,0.016975,0.026342,0.005699,0,0,3
2021-09-01 12:10:24.921,0.241552,-4.2e-05,0.020012,0.016929,0.025708,0.005563,0,0,3
2021-09-01 12:10:27.421,0.241376,2.7e-05,0.019729,0.017167,0.025625,0.005662,0,0,3
2021-09-01 12:10:29.921,0.241315,-3.6e-05,0.019023,0.016757,0.025072,0.005822,0,0,3
2021-09-01 12:10:32.421,0.242052,0.00013,0.019791,0.01695,0.02663,0.005801,0,0,3
2021-09-01 12:10:34.920,0.240937,6.4e-05,0.019977,0.016564,0.025695,0.005688,0,0,3
2021-09-01 12:10:37.421,0.241497,4.3e-05,0.019474,0.016399,0.026455,0.005793,0,0,3
2021-09-01 12:10:39.920,0.24149,-0.000109,0.019569,0.01712,0.026152,0.005557,0,0,3
2021-09-01 12:10:42.421,0.241278,-7.2e-05,0.019918,0.017182,0.025156,0.005734,0,0,3
2021-09-01 12:10:44.920,0.240775,-8e-06,0.019481,0.016882,0.026913,0.005723,0,0,3
2021-09-01 12:10:47.421,0.241864,-2.4e-05,0.019492,0.016797,0.026619,0.005659,0,0,3
2021-09-01 12:10:49.920,0.240948,-0.000111,0.019654,0.016613,0.025956,0.005634,0,0,3
2021-09-01 12:10:52.419,0.241049,-1.4e-05,0.019863,0.016786,0.026323,0.005626,0,0,3
2021-09-01 12:10:54.920,0.241299,-0.000211,0.019992,0.016303,0.025682,0.005571,0,0,3
2021-09-01 12:10:57.419,0.24153,3e-06,0.019808,0.016629,0.025854,0.005643,0,0,3
2021-09-01 12:10:59.923,0.241161,-0.000135,0.019802,0.017121,0.02648,0.005587,0,0,3
2021-09-01 12:11:02.421,0.24198,-6.4e-05,0.020251,0.016525,0.025522,0.005708,0,0,3
2021-09-01 12:11:04.920,0.241465,5.7e-05,0.020146,0.016936,0.024869,0.005677,0,0,3
2021-09-01 12:11:07.417,0.241338,5.5e-05,0.020081,0.017086,0.026429,0.005715,0,0,3
2021-09-01 12:11:09.918,0.241518,8.5e-05,0.019911,0.016881,0.025684,0.005751,0,0,3
2021-09-01 12:11:12.419,0.241255,1.8e-05,0.020245,0.016819,0.025352,0.005619,0,0,3
2021-09-01 12:11:14.918,0.242303,-4.6e-05,0.0204,0.01681,0.026292,0.005554,0,0,3
2021-09-01 12:11:17.417,0.241124,-8e-06,0.020404,0.016825,0.025453,0.005637,0,0,3
2021-09-01 12:11:19.918,0.241553,8.9e-05,0.020271,0.01671,0.026599,0.005653,0,0,3
2021-09-01 12:11:22.417,0.241103,4e-05,0.020584,0.016742,0.025842,0.005614,0,0,3
2021-09-01 12:11:24.918,0.241606,-9.3e-05,0.020535,0.016669,0.026048,0.005518,0,0,3
2021-09-01 12:11:27.417,0.242068,-9.6e-05,0.020698,0.016499,0.026788,0.005682,0,0,3
2021-09-01 12:11:29.917,0.241531,-7e-06,0.02067,0.016603,0.02476,0.005761,0,0,3
2021-09-01 12:11:32.417,0.241516,5e-05,0.020493,0.016665,0.025589,0.005872,0,0,3
2021-09-01 12:11:34.917,0.241422,5e-05,0.020412,0.016472,0.025816,0.005564,0,0,3
2021-09-01 12:11:37.417,0.241926,0.000124,0.020504,0.016767,0.025993,0.005738,0,0,3
2021-09-01 12:11:39.917,0.241355,-1.1e-05,0.020644,0.016528,0.026169,0.005705,0,0,3
2021-09-01 12:11:42.417,0.241382,-5.9e-05,0.020677,0.016827,0.02627,0.005656,0,0,3
2021-09-01 12:11:44.917,0.242058,-5.9e-05,0.020512,0.016644,0.026397,0.005601,0,0,3
2021-09-01 12:11:47.417,0.241775,-7.6e-05,0.02035,0.016866,0.026523,0.00567,0,0,3
2021-09-01 12:11:49.917,0.241521,-4.9e-05,0.020526,0.016437,0.025383,0.005701,0,0,3
2021-09-01 12:11:52.416,0.240967,-0.000117,0.020212,0.016685,0.025105,0.005623,0,0,3
2021-09-01 12:11:54.917,0.24136,3.3e-05,0.020311,0.016678,0.025994,0.00568,0,0,3
2021-09-01 12:11:57.416,0.2415,-7.7e-05,0.020249,0.016879,0.025462,0.005607,0,0,3
2021-09-01 12:11:59.915,0.241002,-0.000111,0.020102,0.01658,0.025934,0.005658,0,0,3
2021-09-01 12:12:02.416,0.241455,-0.000213,0.020311,0.016597,0.026321,0.005679,0,0,3
2021-09-01 12:12:04.915,0.241658,-0.000249,0.020437,0.017073,0.024907,0.005496,0,0,3
2021-09-01 12:12:07.416,0.241927,-0.0002,0.020219,0.017039,0.026966,0.005578,0,0,3
2021-09-01 12:12:09.915,0.24067,-4.4e-05,0.019819,0.016854,0.025266,0.005571,0,0,3
2021-09-01 12:12:12.416,0.241505,-5e-06,0.020171,0.017063,0.025365,0.0058,0,0,3
2021-09-01 12:12:14.915,0.241068,8e-05,0.020084,0.017025,0.025009,0.00575,0,0,3
2021-09-01 12:12:17.414,0.241351,-4e-06,0.020411,0.016799,0.025337,0.005755,0,0,3
2021-09-01 12:12:19.913,0.241614,-8.3e-05,0.020404,0.016069,0.026318,0.005682,0,0,3
2021-09-01 12:12:22.414,0.241152,-0.000112,0.020212,0.016493,0.026397,0.00568,0,0,3
2021-09-01 12:12:24.913,0.242248,-0.000144,0.020231,0.016535,0.026556,0.005762,0,0,3
2021-09-01 12:12:27.414,0.240903,-5.1e-05,0.020579,0.016519,0.025364,0.005668,0,0,3
2021-09-01 12:12:29.913,0.241836,-9.6e-05,0.019974,0.016727,0.02573,0.005596,0,0,3
2021-09-01 12:12:32.414,0.241816,-0.000146,0.020138,0.016764,0.025507,0.005429,0,0,3
2021-09-01 12:12:34.913,0.241851,-5.2e-05,0.020429,0.016795,0.025748,0.005753,0,0,3
2021-09-01 12:12:37.413,0.241329,-0.000101,0.020449,0.016996,0.026032,0.005702,0,0,3
2021-09-01 12:12:39.913,0.242386,8.8e-05,0.020556,0.016706,0.026503,0.005699,0,0,3
2021-09-01 12:12:42.414,0.240382,8.7e-05,0.020487,0.017033,0.025599,0.005691,0,0,3
2021-09-01 12:12:44.913,0.241234,-4e-06,0.02058,0.016831,0.024979,0.005702,0,0,3
2021-09-01 12:12:47.413,0.241405,0.00025,0.020144,0.016333,0.025742,0.005723,0,0,3
2021-09-01 12:12:49.912,0.241866,9.5e-05,0.020415,0.016694,0.026083,0.005695,0,0,3
2021-09-01 12:12:52.413,0.241451,6.2e-05,0.020601,0.016382,0.026284,0.005725,0,0,3
2021-09-01 12:12:54.913,0.241237,3.3e-05,0.020997,0.016473,0.025838,0.005595,0,0,3
2021-09-01 12:12:57.413,0.240981,2.9e-05,0.020611,0.016266,0.0258,0.005569,0,0,3
2021-09-01 12:12:59.912,0.241828,-7.7e-05,0.020687,0.016535,0.026475,0.005607,0,0,3
2021-09-01 12:13:02.411,0.241601,-5.2e-05,0.020529,0.016455,0.026488,0.005753,0,0,3
2021-09-01 12:13:04.912,0.241648,9.6e-05,0.020594,0.016895,0.026962,0.005756,0,0,3
2021-09-01 12:13:07.411,0.241618,-0.000199,0.020602,0.016648,0.024711,0.005603,0,0,3
2021-09-01 12:13:09.915,0.242052,-0.000163,0.020756,0.016617,0.026812,0.005482,0,0,3
2021-09-01 12:13:12.413,0.240765,-0.000179,0.020593,0.016927,0.026395,0.005592,0,0,3
2021-09-01 12:13:14.910,0.241529,-0.000147,0.020393,0.01654,0.025515,0.005652,0,0,3
2021-09-01 12:13:17.411,0.241033,-6e-05,0.020623,0.016807,0.025091,0.005702,0,0,3
2021-09-01 12:13:19.910,0.241496,-0.000132,0.020576,0.017016,0.025887,0.00583,0,0,3
2021-09-01 12:13:22.411,0.240124,-0.000163,0.020039,0.016665,0.024759,0.005673,0,0,3
2021-09-01 12:13:24.910,0.241168,-0.000134,0.020117,0.016627,0.025892,0.005605,0,0,3
2021-09-01 12:13:27.409,0.241372,1.5e-05,0.020304,0.016845,0.026329,0.005796,0,0,3
2021-09-01 12:13:29.910,0.240848,-0.000196,0.020502,0.016636,0.025275,0.005428,0,0,3
2021-09-01 12:13:32.411,0.242387,-0.000209,0.020792,0.016284,0.025695,0.005532,0,0,3
2021-09-01 12:13:34.910,0.241194,-2e-06,0.020227,0.016811,0.026098,0.005672,0,0,3
2021-09-01 12:13:37.409,0.241318,2.6e-05,0.020323,0.016882,0.025031,0.005724,0,0,3
2021-09-01 12:13:39.910,0.241396,3e-06,0.020333,0.016576,0.026247,0.005635,0,0,3
2021-09-01 12:13:42.409,0.241734,-0.00021,0.020235,0.017128,0.026615,0.005674,0,0,3
2021-09-01 12:13:44.910,0.2414,-3.7e-05,0.020818,0.017306,0.0249,0.005653,0,0,3
2021-09-01 12:13:47.409,0.241719,-3.1e-05,0.020367,0.0165,0.026196,0.005609,0,0,3
2021-09-01 12:13:49.909,0.241458,-4e-06,0.020442,0.016628,0.024502,0.005568,0,0,3
2021-09-01 12:13:52.409,0.241508,0.000201,0.02042,0.016625,0.026581,0.005683,0,0,3
2021-09-01 12:13:54.909,0.241273,8.8e-05,0.020688,0.016549,0.025645,0.005652,0,0,3
2021-09-01 12:13:57.409,0.241479,-3.8e-05,0.020629,0.016573,0.025406,0.005629,0,0,3
2021-09-01 12:13:59.909,0.241483,0.000254,0.020214,0.016987,0.025702,0.005733,0,0,3
2021-09-01 12:14:02.408,0.240624,-0.000218,0.020415,0.01662,0.025681,0.00555,0,0,3
2021-09-01 12:14:04.909,0.241906,2.8e-05,0.020476,0.016747,0.025421,0.005733,0,0,3
2021-09-01 12:14:07.408,0.241349,-7.3e-05,0.020536,0.016403,0.026884,0.005672,0,0,3
2021-09-01 12:14:09.909,0.24131,0.000106,0.020609,0.01669,0.026102,0.005699,0,0,3
2021-09-01 12:14:12.408,0.241704,-2.9e-05,0.020481,0.016719,0.026428,0.005681,0,0,3
2021-09-01 12:14:14.909,0.24085,-6.4e-05,0.020513,0.016883,0.025125,0.005638,0,0,3
2021-09-01 12:14:17.408,0.240759,-3.1e-05,0.02061,0.016824,0.025242,0.005664,0,0,3
2021-09-01 12:14:19.907,0.241053,0.000114,0.020701,0.016539,0.024784,0.005734,0,0,3
2021-09-01 12:14:22.408,0.241839,-7.9e-05,0.020425,0.017094,0.025581,0.005668,0,0,3
2021-09-01 12:14:24.907,0.240977,3.2e-05,0.020286,0.016897,0.025114,0.005719,0,0,3
2021-09-01 12:14:27.406,0.24146,-3.1e-05,0.020687,0.016899,0.025802,0.005664,0,0,3
2021-09-01 12:14:29.907,0.240804,4.7e-05,0.02055,0.0166,0.025655,0.00557,0,0,3
2021-09-01 12:14:32.408,0.241778,-8.5e-05,0.020825,0.016643,0.024479,0.005633,0,0,3
2021-09-01 12:14:34.905,0.240894,6.5e-05,0.020375,0.016948,0.025469,0.005611,0,0,3
2021-09-01 12:14:37.406,0.241528,1.4e-05,0.020682,0.017125,0.025611,0.00584,0,0,3
2021-09-01 12:14:39.905,0.24162,-0.00017,0.020893,0.017264,0.025749,0.005559,0,0,3
2021-09-01 12:14:42.406,0.241549,-4.7e-05,0.020689,0.01666,0.024912,0.0056,0,0,3
2021-09-01 12:14:44.907,0.240489,3.1e-05,0.020425,0.016442,0.0265,0.005795,0,0,3
2021-09-01 12:14:47.406,0.24207,6.1e-05,0.020679,0.016925,0.025091,0.005625,0,0,3
2021-09-01 12:14:49.905,0.240847,-5.2e-05,0.020209,0.016661,0.025815,0.005629,0,0,3
2021-09-01 12:14:52.405,0.241718,-2.1e-05,0.020795,0.016849,0.025794,0.005606,0,0,3
2021-09-01 12:14:54.905,0.242564,0.000256,0.020953,0.016821,0.02575,0.005794,0,0,3
2021-09-01 12:14:57.406,0.241549,0.000115,0.020847,0.016765,0.025333,0.005687,0,0,3
2021-09-01 12:14:59.905,0.242036,0.000118,0.02069,0.016794,0.025827,0.005781,0,0,3
2021-09-01 12:15:02.405,0.241346,0.000128,0.020751,0.016669,0.026007,0.005747,0,0,3
2021-09-01 12:15:04.904,0.24178,0.000139,0.020466,0.016698,0.025113,0.005682,0,0,3
2021-09-01 12:15:07.405,0.241831,0.000104,0.0207,0.016978,0.026298,0.005651,0,0,3
2021-09-01 12:15:09.904,0.240853,0.000158,0.020518,0.017196,0.026097,0.005675,0,0,3
2021-09-01 12:15:12.405,0.242152,9.1e-05,0.020234,0.016869,0.025297,0.005739,0,0,3
2021-09-01 12:15:14.904,0.241028,-5.4e-05,0.020525,0.016973,0.025463,0.005698,0,0,3
2021-09-01 12:15:17.405,0.241816,5.8e-05,0.02066,0.016781,0.026112,0.005591,0,0,3
2021-09-01 12:15:19.904,0.240868,0.000133,0.020617,0.017085,0.025961,0.005757,0,0,3
2021-09-01 12:15:22.405,0.241587,0.00028,0.0208,0.016877,0.025417,0.005718,0,0,3
2021-09-01 12:15:24.904,0.24136,0.000257,0.020701,0.017125,0.025736,0.005703,0,0,3
2021-09-01 12:15:27.405,0.241404,5.6e-05,0.020557,0.016848,0.025847,0.005676,0,0,3
2021-09-01 12:15:29.904,0.242217,6.6e-05,0.020698,0.01692,0.025767,0.005751,0,0,3
2021-09-01 12:15:32.403,0.241267,0.000154,0.020584,0.016588,0.024308,0.005727,0,0,3
2021-09-01 12:15:34.902,0.241444,4.7e-05,0.020301,0.017172,0.025578,0.005649,0,0,3
2021-09-01 12:15:37.403,0.241138,0.000159,0.020642,0.016697,0.025388,0.005659,0,0,3
2021-09-01 12:15:39.902,0.240996,6.1e-05,0.020404,0.016969,0.026158,0.005702,0,0,3
2021-09-01 12:15:42.403,0.240504,-7.2e-05,0.020451,0.016656,0.025804,0.005803,0,0,3
2021-09-01 12:15:44.904,0.240455,-4.7e-05,0.020656,0.016726,0.025336,0.00574,0,0,3
2021-09-01 12:15:47.403,0.240876,9.1e-05,0.02065,0.016893,0.024083,0.005724,0,0,3
2021-09-01 12:15:49.902,0.241004,9.9e-05,0.020547,0.017008,0.025223,0.005727,0,0,3
2021-09-01 12:15:52.403,0.241142,1e-05,0.020454,0.017111,0.025964,0.005622,0,0,3
2021-09-01 12:15:54.902,0.241971,0.000171,0.020712,0.014148,0.026183,0.00536,0,0,3
2021-09-01 12:15:57.403,0.241289,3.7e-05,0.020726,0.01387,0.025889,0.005297,0,0,3
2021-09-01 12:15:59.902,0.241757,-1.4e-05,0.021047,0.013998,0.02595,0.005303,0,0,3
2021-09-01 12:16:02.401,0.241397,-6.7e-05,0.02051,0.01425,0.026261,0.005256,0,0,3
2021-09-01 12:16:04.902,0.24094,-7.4e-05,0.020377,0.01431,0.026196,0.005301,0,0,3
2021-09-01 12:16:07.401,0.241355,2.4e-05,0.020455,0.013891,0.025811,0.00529,0,0,3
2021-09-01 12:16:09.901,0.242094,1.7e-05,0.020548,0.01419,0.026393,0.005295,0,0,3
2021-09-01 12:16:12.401,0.241871,6.9e-05,0.020596,0.014031,0.025347,0.005322,0,0,3
2021-09-01 12:16:14.901,0.240983,0.000227,0.02053,0.013848,0.026733,0.005422,0,0,3
2021-09-01 12:16:17.400,0.241101,0.000167,0.020878,0.013982,0.025991,0.005366,0,0,3
2021-09-01 12:16:19.901,0.24084,7e-05,0.020689,0.014038,0.025864,0.005281,0,0,3
2021-09-01 12:16:22.400,0.241282,-5e-05,0.020635,0.013639,0.026345,0.005232,0,0,3
2021-09-01 12:16:24.899,0.242389,4.3e-05,0.02072,0.013729,0.027155,0.005317,0,0,3
2021-09-01 12:16:27.400,0.24105,1.8e-05,0.020381,0.013936,0.0264,0.005279,0,0,3
2021-09-01 12:16:29.901,0.240863,3.3e-05,0.020153,0.01387,0.025331,0.005253,0,0,3
2021-09-01 12:16:32.400,0.241694,0.000179,0.020727,0.013598,0.026909,0.005355,0,0,3
2021-09-01 12:16:34.899,0.240796,8e-05,0.020462,0.013801,0.027019,0.005235,0,0,3
2021-09-01 12:16:37.400,0.242047,0.000152,0.020407,0.013988,0.026423,0.005393,0,0,3
2021-09-01 12:16:39.899,0.242328,0.000188,0.020547,0.014173,0.02672,0.005367,0,0,3
2021-09-01 12:16:42.400,0.241165,5.8e-05,0.020697,0.013665,0.02541,0.005316,0,0,3
2021-09-01 12:16:44.899,0.241057,0.000148,0.020779,0.014381,0.025751,0.005342,0,0,3
2021-09-01 12:16:47.400,0.24166,4.3e-05,0.020745,0.013961,0.025356,0.0053,0,0,3
2021-09-01 12:16:49.899,0.241513,0.000167,0.020716,0.01373,0.026518,0.00535,0,0,3
2021-09-01 12:16:52.398,0.241154,0.000106,0.020672,0.014085,0.026659,0.005405,0,0,3
2021-09-01 12:16:54.897,0.241143,9.1e-05,0.020845,0.014196,0.025912,0.005282,0,0,3
2021-09-01 12:16:57.398,0.241432,4.5e-05,0.020748,0.013998,0.025742,0.005251,0,0,3
2021-09-01 12:16:59.899,0.240938,7.5e-05,0.020693,0.014036,0.025639,0.005241,0,0,3
2021-09-01 12:17:02.398,0.242023,2.8e-05,0.020933,0.013882,0.025883,0.00525,0,0,3
2021-09-01 12:17:04.897,0.24095,6.6e-05,0.020426,0.01386,0.024543,0.005203,0,0,3
2021-09-01 12:17:07.398,0.241081,7.7e-05,0.020546,0.013929,0.026142,0.005259,0,0,3
2021-09-01 12:17:09.897,0.240988,0.000101,0.020558,0.014188,0.026863,0.005254,0,0,3
2021-09-01 12:17:12.397,0.240689,3.8e-05,0.020288,0.014162,0.02632,0.005297,0,0,3
2021-09-01 12:17:14.897,0.241815,0.000105,0.020633,0.014154,0.026608,0.005306,0,0,3
2021-09-01 12:17:17.398,0.241245,0.000173,0.020653,0.015754,0.026233,0.00545,0,0,3
2021-09-01 12:17:19.897,0.240687,2.4e-05,0.020551,0.016791,0.026658,0.005769,0,0,3
2021-09-01 12:17:22.397,0.240166,-4.9e-05,0.020424,0.016584,0.025153,0.005654,0,0,3
2021-09-01 12:17:24.897,0.24185,-1.5e-05,0.020633,0.016629,0.026865,0.005617,0,0,3
2021-09-01 12:17:27.397,0.241378,-5.1e-05,0.020398,0.016654,0.025764,0.005614,0,0,3
2021-09-01 12:17:29.896,0.241103,5.7e-05,0.020352,0.016511,0.026314,0.005654,0,0,3
2021-09-01 12:17:32.397,0.240861,-5.8e-05,0.02023,0.016448,0.025405,0.00557,0,0,3
2021-09-01 12:17:34.896,0.241601,-6.5e-05,0.020882,0.016759,0.025915,0.005591,0,0,3
2021-09-01 12:17:37.395,0.242301,3.4e-05,0.020639,0.016646,0.027081,0.005643,0,0,3
2021-09-01 12:17:39.896,0.240571,0.000211,0.020895,0.01615,0.025485,0.00564,0,0,3
2021-09-01 12:17:42.397,0.240525,8.5e-05,0.020543,0.016537,0.025395,0.005619,0,0,3
2021-09-01 12:17:44.896,0.240986,0.000339,0.02061,0.016711,0.025676,0.005571,0,0,3
2021-09-01 12:17:47.395,0.241023,0.000217,0.020426,0.016828,0.026807,0.005556,0,0,3
2021-09-01 12:17:49.896,0.240779,0.000211,0.020763,0.016401,0.025418,0.005687,0,0,3
2021-09-01 12:17:52.397,0.24118,0.000276,0.020554,0.016254,0.026585,0.00577,0,0,3
2021-09-01 12:17:54.896,0.24158,0.00011,0.020532,0.016478,0.026415,0.005568,0,0,3
2021-09-01 12:17:57.395,0.241486,0.000209,0.020617,0.016862,0.026111,0.005786,0,0,3
2021-09-01 12:17:59.894,0.241834,0.000215,0.020749,0.016352,0.025661,0.005594,0,0,3
2021-09-01 12:18:02.395,0.241005,7.9e-05,0.020774,0.016996,0.025059,0.005725,0,0,3
2021-09-01 12:18:04.896,0.242007,5.4e-05,0.020245,0.016891,0.025653,0.005775,0,0,3
2021-09-01 12:18:07.393,0.240879,-8e-06,0.020051,0.016287,0.025502,0.005676,0,0,3
2021-09-01 12:18:09.894,0.242034,0.000198,0.020418,0.016696,0.026616,0.005635,0,0,3
2021-09-01 12:18:12.395,0.24166,0.000161,0.020421,0.016525,0.025692,0.005698,0,0,3
2021-09-01 12:18:14.894,0.240099,0.000118,0.020227,0.016396,0.024799,0.005705,0,0,3
2021-09-01 12:18:17.393,0.241047,5.1e-05,0.020768,0.016495,0.025473,0.005666,0,0,3
2021-09-01 12:18:19.894,0.240489,8.9e-05,0.020498,0.016871,0.02424,0.005637,0,0,3
2021-09-01 12:18:22.393,0.24142,4.9e-05,0.020819,0.01713,0.026213,0.005642,0,0,3
2021-09-01 12:18:24.893,0.240313,-8.8e-05,0.020387,0.016914,0.025791,0.005748,0,0,3
2021-09-01 12:18:27.393,0.240363,6e-06,0.020225,0.017104,0.026041,0.005644,0,0,3
2021-09-01 12:18:29.893,0.241376,0.000105,0.020508,0.016367,0.026121,0.005729,0,0,3
2021-09-01 12:18:32.393,0.242968,6.5e-05,0.020876,0.016927,0.025912,0.005657,0,0,3
2021-09-01 12:18:34.893,0.241004,-0.000139,0.020593,0.017002,0.026041,0.005514,0,0,3
2021-09-01 12:18:37.392,0.242011,-4.1e-05,0.020602,0.017199,0.025653,0.005736,0,0,3
2021-09-01 12:18:39.893,0.240361,-0.000146,0.020359,0.016456,0.025067,0.005549,0,0,3
2021-09-01 12:18:42.392,0.242078,-1.4e-05,0.020587,0.017344,0.025672,0.005665,0,0,3
2021-09-01 12:18:44.893,0.241354,-0.000142,0.020818,0.016458,0.025648,0.00552,0,0,3
2021-09-01 12:18:47.392,0.241002,5.1e-05,0.02047,0.017129,0.026448,0.005759,0,0,3
2021-09-01 12:18:49.893,0.241606,-3.9e-05,0.020565,0.017368,0.026376,0.005737,0,0,3
2021-09-01 12:18:52.392,0.241084,6.4e-05,0.020834,0.016919,0.025425,0.005773,0,0,3
2021-09-01 12:18:54.893,0.241457,-2.6e-05,0.020972,0.016585,0.026006,0.005759,0,0,3
2021-09-01 12:18:57.392,0.241414,0.000137,0.020562,0.016956,0.02581,0.005789,0,0,3
2021-09-01 12:18:59.891,0.240622,7.6e-05,0.020474,0.016985,0.025519,0.005663,0,0,3
2021-09-01 12:19:02.390,0.241626,0.000139,0.02072,0.017308,0.02715,0.005775,0,0,3
2021-09-01 12:19:04.891,0.241257,4.7e-05,0.020359,0.016636,0.025553,0.005672,0,0,3
2021-09-01 12:19:07.392,0.241539,0.000106,0.020697,0.016963,0.026356,0.005714,0,0,3
2021-09-01 12:19:09.891,0.241212,0.000274,0.020712,0.017279,0.026197,0.005716,0,0,3
2021-09-01 12:19:12.390,0.241297,8.9e-05,0.020536,0.017066,0.02507,0.005653,0,0,3
2021-09-01 12:19:14.889,0.242576,-1.2e-05,0.020418,0.01662,0.026059,0.0055,0,0,3
2021-09-01 12:19:17.390,0.240703,-1.6e-05,0.020396,0.016612,0.025052,0.005601,0,0,3
2021-09-01 12:19:19.889,0.241143,-3.3e-05,0.020433,0.016891,0.025352,0.005647,0,0,3
2021-09-01 12:19:22.390,0.240972,0.0001,0.020594,0.016879,0.025219,0.005626,0,0,3
2021-09-01 12:19:24.889,0.24038,0.000106,0.02047,0.016697,0.026342,0.005605,0,0,3
2021-09-01 12:19:27.390,0.240945,0.000125,0.020076,0.017328,0.025666,0.005676,0,0,3
2021-09-01 12:19:29.889,0.241599,4.9e-05,0.019962,0.016784,0.026191,0.005704,0,0,3
2021-09-01 12:19:32.390,0.240766,-6.6e-05,0.020278,0.01739,0.025004,0.005621,0,0,3
2021-09-01 12:19:34.889,0.241454,-5e-05,0.020216,0.016829,0.026096,0.005754,0,0,3
2021-09-01 12:19:37.389,0.24117,0.000122,0.020368,0.017045,0.026003,0.005659,0,0,3
2021-09-01 12:19:39.889,0.241004,-9.3e-05,0.020438,0.016839,0.02658,0.005542,0,0,3
2021-09-01 12:19:42.389,0.24063,6.5e-05,0.020258,0.01752,0.025714,0.005665,0,0,3
2021-09-01 12:19:44.889,0.240441,-1.9e-05,0.020346,0.017255,0.025206,0.005693,0,0,3
2021-09-01 12:19:47.389,0.240853,-7.4e-05,0.020567,0.01719,0.025276,0.00571,0,0,3
2021-09-01 12:19:49.893,0.240916,-0.000163,0.020389,0.017384,0.025305,0.005609,0,0,3
2021-09-01 12:19:52.390,0.241182,-0.000267,0.020452,0.016738,0.025453,0.005564,0,0,3
2021-09-01 12:19:54.888,0.241453,-6.4e-05,0.020549,0.016509,0.025221,0.005685,0,0,3
2021-09-01 12:19:57.387,0.242219,-0.000182,0.02026,0.016521,0.026705,0.005692,0,0,3
2021-09-01 12:19:59.888,0.240747,-9.8e-05,0.020274,0.01687,0.025263,0.005665,0,0,3
2021-09-01 12:20:02.387,0.241572,2.2e-05,0.020389,0.017083,0.025591,0.005644,0,0,3
2021-09-01 12:20:04.886,0.241122,-4e-06,0.020198,0.016581,0.025802,0.005824,0,0,3
2021-09-01 12:20:07.387,0.241889,-2.2e-05,0.020293,0.017042,0.025741,0.005614,0,0,3
2021-09-01 12:20:09.886,0.24092,-0.000107,0.020264,0.017304,0.026539,0.00566,0,0,3
2021-09-01 12:20:12.387,0.241291,-0.000129,0.020267,0.01645,0.025532,0.005536,0,0,3
2021-09-01 12:20:14.886,0.240853,-0.000153,0.020183,0.017034,0.025288,0.00564,0,0,3
2021-09-01 12:20:17.387,0.240739,-0.000127,0.020186,0.016757,0.024911,0.005569,0,0,3
2021-09-01 12:20:19.886,0.241288,-0.000138,0.020407,0.01704,0.025279,0.005579,0,0,3
2021-09-01 12:20:22.387,0.240682,-0.000198,0.020028,0.016594,0.025188,0.005595,0,0,3
2021-09-01 12:20:24.886,0.240914,-0.000205,0.019782,0.016426,0.025022,0.005606,0,0,3
2021-09-01 12:20:27.387,0.242662,-0.000316,0.020021,0.016893,0.025633,0.005599,0,0,3
2021-09-01 12:20:29.886,0.24128,-0.000195,0.01983,0.016813,0.025138,0.005645,0,0,3
2021-09-01 12:20:32.385,0.240763,-0.000159,0.019683,0.016918,0.025528,0.005644,0,0,3
2021-09-01 12:20:34.886,0.241085,-9.8e-05,0.019797,0.017113,0.025448,0.005727,0,0,3
2021-09-01 12:20:37.385,0.241244,-0.000161,0.020084,0.016993,0.026082,0.005619,0,0,3
2021-09-01 12:20:39.886,0.240892,-0.000108,0.020142,0.016916,0.025429,0.005604,0,0,3
2021-09-01 12:20:42.385,0.241141,9e-06,0.020095,0.016928,0.025845,0.005754,0,0,3
2021-09-01 12:20:44.885,0.240443,-0.00029,0.020361,0.016359,0.025459,0.005483,0,0,3
2021-09-01 12:20:47.385,0.241353,-0.000252,0.020196,0.01662,0.025406,0.005637,0,0,3
2021-09-01 12:20:49.885,0.240628,-0.000238,0.020236,0.016702,0.02516,0.005505,0,0,3
2021-09-01 12:20:52.385,0.241602,-2e-06,0.020111,0.016987,0.026179,0.00564,0,0,3
2021-09-01 12:20:54.885,0.24171,0.000126,0.019861,0.017291,0.026684,0.005708,0,0,3
2021-09-01 12:20:57.384,0.24074,0.000215,0.019981,0.016831,0.025651,0.005819,0,0,3
2021-09-01 12:20:59.885,0.240548,7e-05,0.02037,0.016955,0.025185,0.005613,0,0,3
2021-09-01 12:21:02.384,0.240868,9.7e-05,0.020341,0.016669,0.026126,0.005772,0,0,3
2021-09-01 12:21:04.885,0.240594,0.000169,0.02005,0.016929,0.025352,0.005779,0,0,3
2021-09-01 12:21:07.384,0.241357,7.4e-05,0.020014,0.017688,0.025758,0.005754,0,0,3
2021-09-01 12:21:09.883,0.241553,-1.8e-05,0.020135,0.017049,0.025341,0.005553,0,0,3
2021-09-01 12:21:12.384,0.241066,-8.7e-05,0.020098,0.016762,0.026374,0.005522,0,0,3
2021-09-01 12:21:14.883,0.241347,-6e-05,0.020573,0.016897,0.024885,0.005513,0,0,3
2021-09-01 12:21:17.382,0.241084,7.6e-05,0.020341,0.016966,0.025848,0.005639,0,0,3
2021-09-01 12:21:19.883,0.240199,0.000198,0.020175,0.016775,0.024652,0.005805,0,0,3
2021-09-01 12:21:22.382,0.240876,0.000106,0.02026,0.016917,0.026148,0.005829,0,0,3
2021-09-01 12:21:24.883,0.241264,0.000123,0.020036,0.016827,0.026598,0.005729,0,0,3
2021-09-01 12:21:27.382,0.241418,0.000148,0.020654,0.017107,0.024959,0.005694,0,0,3
2021-09-01 12:21:29.883,0.241566,8.1e-05,0.020212,0.017308,0.026017,0.005695,0,0,3
2021-09-01 12:21:32.382,0.241297,0.000129,0.020183,0.016633,0.026171,0.005701,0,0,3
2021-09-01 12:21:34.881,0.241458,9.5e-05,0.020076,0.017145,0.026414,0.005749,0,0,3
2021-09-01 12:21:37.382,0.241493,2.8e-05,0.020366,0.017841,0.025881,0.00574,0,0,3
2021-09-01 12:21:39.881,0.241544,2.4e-05,0.020507,0.016769,0.026316,0.00559,0,0,3
2021-09-01 12:21:42.382,0.240909,-0.000198,0.02037,0.01709,0.025972,0.005634,0,0,3
2021-09-01 12:21:44.881,0.241544,-0.000123,0.020242,0.016768,0.027018,0.005674,0,0,3
2021-09-01 12:21:47.382,0.241677,4.9e-05,0.020447,0.016657,0.025377,0.005773,0,0,3
2021-09-01 12:21:49.881,0.241458,0.000181,0.020657,0.016955,0.026486,0.005645,0,0,3
2021-09-01 12:21:52.381,0.240557,4.4e-05,0.020387,0.017121,0.025628,0.005725,0,0,3
2021-09-01 12:21:54.881,0.240685,3.8e-05,0.020254,0.0169,0.026027,0.005605,0,0,3
2021-09-01 12:21:57.381,0.240718,2e-06,0.020479,0.017021,0.025407,0.005673,0,0,3
2021-09-01 12:21:59.880,0.241259,-0.000119,0.0204,0.017293,0.025392,0.005614,0,0,3
2021-09-01 12:22:02.381,0.241597,-3e-06,0.020263,0.016565,0.025321,0.005655,0,0,3
2021-09-01 12:22:04.881,0.241758,8.2e-05,0.020493,0.017073,0.026357,0.005712,0,0,3
2021-09-01 12:22:07.381,0.24093,0.000109,0.020288,0.017195,0.025461,0.005591,0,0,3
2021-09-01 12:22:09.880,0.24067,-3.7e-05,0.020337,0.01658,0.025334,0.005645,0,0,3
2021-09-01 12:22:12.379,0.241345,5.9e-05,0.020433,0.017137,0.025574,0.00567,0,0,3
2021-09-01 12:22:14.880,0.241828,5.6e-05,0.020969,0.016989,0.025275,0.00566,0,0,3
2021-09-01 12:22:17.379,0.240681,2.2e-05,0.020337,0.01658,0.026009,0.005629,0,0,3
2021-09-01 12:22:19.880,0.241812,5.8e-05,0.020756,0.017049,0.026776,0.005747,0,0,3
2021-09-01 12:22:22.379,0.242068,0.000206,0.020481,0.017023,0.025606,0.005724,0,0,3
2021-09-01 12:22:24.883,0.241413,0.000211,0.02055,0.016851,0.026209,0.005663,0,0,3
2021-09-01 12:22:27.381,0.240526,0.000186,0.020395,0.017179,0.026736,0.005623,0,0,3
2021-09-01 12:22:29.880,0.241366,5.3e-05,0.02026,0.017273,0.025577,0.00566,0,0,3
2021-09-01 12:22:32.379,0.24174,4.9e-05,0.020451,0.016871,0.025826,0.005642,0,0,3
2021-09-01 12:22:34.878,0.241061,9e-06,0.020345,0.017021,0.025654,0.005661,0,0,3
2021-09-01 12:22:37.377,0.2415,9.3e-05,0.020521,0.016693,0.025365,0.005616,0,0,3
2021-09-01 12:22:39.878,0.241268,-9e-06,0.020568,0.016846,0.025993,0.005604,0,0,3
2021-09-01 12:22:42.377,0.240773,-4.8e-05,0.020466,0.016714,0.025772,0.005529,0,0,3
2021-09-01 12:22:44.878,0.240546,8.9e-05,0.020579,0.016947,0.024796,0.005668,0,0,3
2021-09-01 12:22:47.379,0.240989,2e-05,0.020392,0.016935,0.025369,0.005643,0,0,3
2021-09-01 12:22:49.878,0.241273,2.4e-05,0.02072,0.016897,0.025519,0.005575,0,0,3
2021-09-01 12:22:52.377,0.241439,7.2e-05,0.020698,0.017055,0.025721,0.005754,0,0,3
2021-09-01 12:22:54.878,0.241612,0.000161,0.020645,0.017136,0.026928,0.005729,0,0,3
2021-09-01 12:22:57.377,0.241194,-7.9e-05,0.020356,0.01705,0.025094,0.005692,0,0,3
2021-09-01 12:22:59.877,0.241911,0.000141,0.020552,0.017209,0.025759,0.005729,0,0,3
2021-09-01 12:23:02.377,0.241523,0.000107,0.020578,0.017092,0.026312,0.00573,0,0,3
2021-09-01 12:23:04.877,0.240987,0.000237,0.020582,0.017319,0.025273,0.005811,0,0,3
2021-09-01 12:23:07.376,0.241511,0.000122,0.020661,0.01677,0.025924,0.005652,0,0,3
2021-09-01 12:23:09.877,0.24039,0.000203,0.020414,0.016834,0.025889,0.005768,0,0,3
2021-09-01 12:23:12.376,0.241988,0.000194,0.020808,0.017125,0.025358,0.005735,0,0,3
2021-09-01 12:23:14.877,0.241016,0.00018,0.020579,0.016625,0.025406,0.005775,0,0,3
2021-09-01 12:23:17.377,0.240657,0.000166,0.020607,0.016934,0.025225,0.005693,0,0,3
2021-09-01 12:23:19.877,0.241266,0.000273,0.020626,0.016961,0.025476,0.005769,0,0,3
2021-09-01 12:23:22.376,0.240702,0.00012,0.020584,0.016693,0.025481,0.005736,0,0,3
2021-09-01 12:23:24.875,0.240691,-6e-05,0.020624,0.017146,0.025158,0.005695,0,0,3
2021-09-01 12:23:27.376,0.241392,3.5e-05,0.020682,0.016847,0.026189,0.005782,0,0,3
2021-09-01 12:23:29.875,0.24038,9.9e-05,0.020341,0.017085,0.02535,0.00565,0,0,3
2021-09-01 12:23:32.376,0.240584,5.4e-05,0.020557,0.016459,0.026036,0.005613,0,0,3
2021-09-01 12:23:34.875,0.241824,0.000135,0.020562,0.017412,0.026387,0.005773,0,0,3
2021-09-01 12:23:37.374,0.24107,-0.000155,0.020518,0.016831,0.025907,0.0056,0,0,3
2021-09-01 12:23:39.875,0.24097,1.4e-05,0.020524,0.016921,0.025331,0.005553,0,0,3
2021-09-01 12:23:42.376,0.24102,-3.5e-05,0.020693,0.017334,0.025741,0.005583,0,0,3
2021-09-01 12:23:44.875,0.240599,5.7e-05,0.020341,0.016918,0.02519,0.005731,0,0,3
2021-09-01 12:23:47.374,0.241013,2.4e-05,0.020378,0.017006,0.02571,0.005582,0,0,3
2021-09-01 12:23:49.873,0.241002,-7.3e-05,0.020602,0.017112,0.025849,0.005749,0,0,3
2021-09-01 12:23:52.374,0.240697,5.8e-05,0.020502,0.017029,0.02628,0.005685,0,0,3
2021-09-01 12:23:54.873,0.241698,1.5e-05,0.020576,0.017354,0.027252,0.005665,0,0,3
2021-09-01 12:23:57.374,0.241576,5.6e-05,0.020517,0.016858,0.026246,0.005566,0,0,3
2021-09-01 12:23:59.873,0.241586,0.000112,0.02065,0.016724,0.025582,0.005756,0,0,3
2021-09-01 12:24:02.374,0.240829,5.8e-05,0.020498,0.016758,0.025259,0.005723,0,0,3
2021-09-01 12:24:04.873,0.241652,3e-06,0.020621,0.016821,0.025918,0.005658,0,0,3
2021-09-01 12:24:07.373,0.241256,3.1e-05,0.020438,0.017531,0.024992,0.005602,0,0,3
2021-09-01 12:24:09.873,0.240718,-0.000109,0.020515,0.017202,0.024902,0.005666,0,0,3
2021-09-01 12:24:12.373,0.241287,-8.4e-05,0.020431,0.017103,0.026235,0.00565,0,0,3
2021-09-01 12:24:14.872,0.241137,1.7e-05,0.020753,0.016928,0.026051,0.005743,0,0,3
2021-09-01 12:24:17.373,0.240695,2.4e-05,0.020616,0.016881,0.02576,0.005746,0,0,3
2021-09-01 12:24:19.872,0.241376,2.6e-05,0.020565,0.016609,0.026281,0.005678,0,0,3
2021-09-01 12:24:22.373,0.241301,-2.6e-05,0.020796,0.016997,0.02663,0.005619,0,0,3
2021-09-01 12:24:24.872,0.241406,0.000143,0.02076,0.017195,0.025292,0.005731,0,0,3
2021-09-01 12:24:27.373,0.241163,0.000131,0.020891,0.016662,0.025502,0.00564,0,0,3
2021-09-01 12:24:29.872,0.241305,0.000196,0.020532,0.01669,0.025324,0.005812,0,0,3
2021-09-01 12:24:32.371,0.241656,0.000164,0.020863,0.016619,0.02477,0.005716,0,0,3
2021-09-01 12:24:34.872,0.241696,9.4e-05,0.020789,0.017244,0.026189,0.005701,0,0,3
2021-09-01 12:24:37.371,0.241458,1.9e-05,0.020617,0.01718,0.025972,0.005713,0,0,3
2021-09-01 12:24:39.872,0.240915,5.6e-05,0.020899,0.017107,0.02592,0.005699,0,0,3
2021-09-01 12:24:42.371,0.241223,-0.000159,0.02086,0.017006,0.026047,0.005461,0,0,3
2021-09-01 12:24:44.872,0.240892,0.000106,0.020403,0.016298,0.025707,0.00573,0,0,3
2021-09-01 12:24:47.371,0.241607,5.3e-05,0.020492,0.016611,0.025736,0.005745,0,0,3
2021-09-01 12:24:49.870,0.241231,7.8e-05,0.020885,0.016774,0.025415,0.005632,0,0,3
2021-09-01 12:24:52.371,0.241499,0.000108,0.02077,0.016473,0.025768,0.0058,0,0,3
2021-09-01 12:24:54.870,0.241616,4.5e-05,0.020477,0.016508,0.02594,0.005537,0,0,3
2021-09-01 12:24:57.371,0.241576,0.000156,0.02062,0.016695,0.026009,0.005634,0,0,3
2021-09-01 12:24:59.870,0.241179,0.000177,0.02061,0.016277,0.025531,0.005767,0,0,3
2021-09-01 12:25:02.371,0.241969,6.6e-05,0.021075,0.016506,0.025223,0.005735,0,0,3
2021-09-01 12:25:04.870,0.240326,2.2e-05,0.020411,0.016751,0.025117,0.005722,0,0,3
2021-09-01 12:25:07.369,0.240679,3.8e-05,0.02086,0.016927,0.025279,0.005707,0,0,3
2021-09-01 12:25:09.870,0.242278,-8.1e-05,0.020789,0.016335,0.026514,0.005597,0,0,3
2021-09-01 12:25:12.369,0.240883,3.6e-05,0.02083,0.016638,0.025818,0.005573,0,0,3
2021-09-01 12:25:14.869,0.241594,-1.5e-05,0.020706,0.01618,0.025936,0.00561,0,0,3
2021-09-01 12:25:17.369,0.240647,-4.2e-05,0.020747,0.016839,0.024737,0.005587,0,0,3
2021-09-01 12:25:19.869,0.241088,7.5e-05,0.020622,0.016188,0.025609,0.005639,0,0,3
2021-09-01 12:25:22.369,0.240943,0.000122,0.020905,0.01634,0.024932,0.005698,0,0,3
2021-09-01 12:25:24.869,0.241439,-5.5e-05,0.021173,0.016552,0.025914,0.00554,0,0,3
2021-09-01 12:25:27.369,0.241277,-0.000149,0.020953,0.017108,0.025208,0.005634,0,0,3
2021-09-01 12:25:29.869,0.241229,0.0,0.021085,0.017343,0.025503,0.005609,0,0,3
2021-09-01 12:25:32.369,0.241936,-1.3e-05,0.020887,0.016923,0.025758,0.005491,0,0,3
2021-09-01 12:25:34.869,0.24129,0.000191,0.020861,0.017059,0.025115,0.005679,0,0,3
2021-09-01 12:25:37.368,0.241603,0.000141,0.021271,0.017037,0.025112,0.005629,0,0,3
2021-09-01 12:25:39.869,0.241555,-3.5e-05,0.020851,0.016964,0.026161,0.005685,0,0,3
2021-09-01 12:25:42.368,0.241179,0.000114,0.020742,0.016762,0.024807,0.005749,0,0,3
2021-09-01 12:25:44.867,0.241065,8.7e-05,0.020826,0.016785,0.026446,0.005644,0,0,3
2021-09-01 12:25:47.368,0.241942,6.8e-05,0.021071,0.016912,0.026215,0.005705,0,0,3
2021-09-01 12:25:49.867,0.240883,-2.3e-05,0.020959,0.016949,0.026024,0.005637,0,0,3
2021-09-01 12:25:52.366,0.242122,3.8e-05,0.020973,0.017103,0.026281,0.005707,0,0,3
2021-09-01 12:25:54.867,0.241113,6.6e-05,0.020869,0.017006,0.025998,0.005665,0,0,3
2021-09-01 12:25:57.368,0.24114,1.4e-05,0.021071,0.01696,0.025805,0.00571,0,0,3
2021-09-01 12:25:59.867,0.240778,-5.4e-05,0.020646,0.016604,0.025742,0.005714,0,0,3
2021-09-01 12:26:02.368,0.241194,-4.9e-05,0.020708,0.017369,0.025893,0.005622,0,0,3
2021-09-01 12:26:04.867,0.241313,1.9e-05,0.020856,0.016613,0.026016,0.005744,0,0,3
2021-09-01 12:26:07.366,0.241009,-0.000247,0.021036,0.016922,0.025047,0.005633,0,0,3
2021-09-01 12:26:09.867,0.241631,2.4e-05,0.020719,0.016829,0.026498,0.005746,0,0,3
2021-09-01 12:26:12.366,0.241076,-7.1e-05,0.020521,0.016457,0.025871,0.005523,0,0,3
2021-09-01 12:26:14.865,0.241021,-4e-06,0.02097,0.017081,0.025269,0.005647,0,0,3
2021-09-01 12:26:17.366,0.241759,-0.000137,0.020954,0.017223,0.026037,0.00575,0,0,3
2021-09-01 12:26:19.865,0.241183,3.4e-05,0.020742,0.017286,0.025367,0.005588,0,0,3
2021-09-01 12:26:22.366,0.24114,-4.7e-05,0.020943,0.01679,0.025879,0.005472,0,0,3
2021-09-01 12:26:24.865,0.241383,1e-06,0.02101,0.016706,0.026021,0.005665,0,0,3
2021-09-01 12:26:27.365,0.242209,-2e-06,0.021078,0.016475,0.026728,0.005771,0,0,3
2021-09-01 12:26:29.865,0.240914,-8.8e-05,0.021092,0.016818,0.025489,0.005686,0,0,3
2021-09-01 12:26:32.365,0.240748,-0.000179,0.021111,0.016948,0.024631,0.005663,0,0,3
2021-09-01 12:26:34.865,0.241859,-0.000109,0.021151,0.01694,0.02625,0.005651,0,0,3
2021-09-01 12:26:37.365,0.241119,-0.000118,0.021147,0.016925,0.025087,0.005583,0,0,3
2021-09-01 12:26:39.865,0.241502,-0.000172,0.020765,0.016648,0.025527,0.005667,0,0,3
2021-09-01 12:26:42.365,0.24088,-0.000175,0.020526,0.017018,0.025453,0.005618,0,0,3
2021-09-01 12:26:44.864,0.241227,-0.000113,0.020907,0.01722,0.025963,0.005625,0,0,3
2021-09-01 12:26:47.365,0.240911,-1e-06,0.020678,0.017047,0.025499,0.005632,0,0,3
2021-09-01 12:26:49.864,0.240662,0.000114,0.020492,0.016829,0.025426,0.00578,0,0,3
2021-09-01 12:26:52.365,0.241784,-0.000121,0.020991,0.016749,0.026464,0.005525,0,0,3
2021-09-01 12:26:54.864,0.241341,-3.3e-05,0.020915,0.016651,0.025656,0.0056,0,0,3
2021-09-01 12:26:57.365,0.240829,1.6e-05,0.020642,0.016842,0.025449,0.005586,0,0,3
2021-09-01 12:26:59.864,0.241391,-0.000136,0.020587,0.016862,0.025809,0.005532,0,0,3
2021-09-01 12:27:02.363,0.24149,-2.9e-05,0.020852,0.017064,0.025881,0.005727,0,0,3
2021-09-01 12:27:04.864,0.241432,2.8e-05,0.020756,0.016518,0.026492,0.005748,0,0,3
2021-09-01 12:27:07.363,0.241965,0.0002,0.020518,0.017054,0.026527,0.005675,0,0,3
2021-09-01 12:27:09.862,0.242129,0.000169,0.020808,0.016515,0.025473,0.005748,0,0,3
2021-09-01 12:27:12.363,0.2414,-4.1e-05,0.020414,0.016713,0.025558,0.005611,0,0,3
2021-09-01 12:27:14.862,0.241883,3e-05,0.020275,0.017176,0.026038,0.005672,0,0,3
2021-09-01 12:27:17.361,0.240702,0.00011,0.020201,0.017197,0.024821,0.005678,0,0,3
2021-09-01 12:27:19.862,0.242024,2.2e-05,0.02052,0.016817,0.026156,0.00566,0,0,3
2021-09-01 12:27:22.361,0.241692,-1.6e-05,0.020139,0.016753,0.02539,0.005664,0,0,3
2021-09-01 12:27:24.862,0.242282,8.1e-05,0.020149,0.016747,0.025661,0.005757,0,0,3
2021-09-01 12:27:27.361,0.241937,9e-06,0.020426,0.016892,0.02611,0.005661,0,0,3
2021-09-01 12:27:29.861,0.241768,7.1e-05,0.020453,0.017035,0.025779,0.005668,0,0,3
2021-09-01 12:27:32.361,0.241311,-1.1e-05,0.020372,0.016538,0.024784,0.005628,0,0,3
2021-09-01 12:27:34.861,0.241829,3.8e-05,0.020328,0.016918,0.026818,0.00566,0,0,3
2021-09-01 12:27:37.361,0.240943,8e-06,0.020288,0.01699,0.025341,0.005723,0,0,3
2021-09-01 12:27:39.861,0.240962,5.7e-05,0.020401,0.016847,0.025029,0.00559,0,0,3
2021-09-01 12:27:42.360,0.241677,-2e-05,0.020455,0.016814,0.025001,0.005607,0,0,3
2021-09-01 12:27:44.861,0.2414,-1e-06,0.020146,0.016739,0.026535,0.005561,0,0,3
2021-09-01 12:27:47.361,0.24301,4e-05,0.019428,0.01707,0.027083,0.005707,0,0,3
2021-09-01 12:27:49.861,0.241554,-4.6e-05,0.019023,0.016757,0.026563,0.00571,0,0,3
2021-09-01 12:27:52.360,0.241614,-8.3e-05,0.019224,0.01734,0.02663,0.00554,0,0,3
2021-09-01 12:27:54.859,0.242217,-1.2e-05,0.019352,0.01726,0.024664,0.005603,0,0,3
2021-09-01 12:27:57.360,0.242223,3.5e-05,0.019496,0.017289,0.025927,0.005697,0,0,3
2021-09-01 12:27:59.859,0.241836,6.1e-05,0.019084,0.016814,0.026939,0.00571,0,0,3
2021-09-01 12:28:02.360,0.24199,0.000106,0.019136,0.017109,0.027369,0.005676,0,0,3
2021-09-01 12:28:04.859,0.242028,-2e-05,0.01958,0.016937,0.026171,0.005739,0,0,3
2021-09-01 12:28:07.360,0.242015,5e-06,0.019294,0.016435,0.026964,0.005659,0,0,3
2021-09-01 12:28:09.859,0.241463,-6e-06,0.019032,0.016043,0.026139,0.005646,0,0,3
2021-09-01 12:28:12.360,0.242769,-5.6e-05,0.019507,0.016366,0.026618,0.005666,0,0,3
2021-09-01 12:28:14.859,0.242231,-6e-06,0.019418,0.016737,0.025593,0.005677,0,0,3
2021-09-01 12:28:17.358,0.24191,-6.2e-05,0.019113,0.016647,0.026611,0.00544,0,0,3
2021-09-01 12:28:19.859,0.241562,-1.6e-05,0.019595,0.016298,0.025373,0.005538,0,0,3
2021-09-01 12:28:22.358,0.241998,-0.000134,0.019051,0.01651,0.025092,0.005714,0,0,3
2021-09-01 12:28:24.859,0.242538,-0.000171,0.018882,0.016153,0.027279,0.005605,0,0,3
2021-09-01 12:28:27.358,0.24207,-0.000178,0.01911,0.016161,0.026414,0.005489,0,0,3
2021-09-01 12:28:29.859,0.241795,-0.000135,0.019205,0.016658,0.025742,0.005627,0,0,3
2021-09-01 12:28:32.358,0.240981,-0.000226,0.019238,0.01642,0.025572,0.005529,0,0,3
2021-09-01 12:28:34.857,0.242145,-2.5e-05,0.019047,0.015935,0.025967,0.005565,0,0,3
2021-09-01 12:28:37.358,0.242019,-3.5e-05,0.01904,0.016107,0.02576,0.005471,0,0,3
2021-09-01 12:28:39.857,0.241502,-0.000134,0.019301,0.016448,0.025437,0.005429,0,0,3
2021-09-01 12:28:42.357,0.241741,-9.9e-05,0.019203,0.016333,0.026371,0.005539,0,0,3
2021-09-01 12:28:44.857,0.242522,6.7e-05,0.019406,0.016734,0.025776,0.005627,0,0,3
2021-09-01 12:28:47.357,0.240636,6.1e-05,0.019413,0.016218,0.025037,0.005748,0,0,3
2021-09-01 12:28:49.857,0.242455,-5.5e-05,0.018836,0.016594,0.024775,0.005713,0,0,3
2021-09-01 12:28:52.357,0.242478,-0.000107,0.019141,0.016647,0.025976,0.005668,0,0,3
2021-09-01 12:28:54.856,0.241452,0.000137,0.019058,0.017146,0.025804,0.005705,0,0,3
2021-09-01 12:28:57.357,0.2416,0.000106,0.019264,0.016474,0.025158,0.005629,0,0,3
2021-09-01 12:28:59.856,0.241902,0.000175,0.019507,0.01681,0.025158,0.005595,0,0,3
2021-09-01 12:29:02.357,0.2419,3.1e-05,0.019136,0.016175,0.025931,0.005672,0,0,3
2021-09-01 12:29:04.856,0.242332,7.2e-05,0.019076,0.016439,0.02579,0.005566,0,0,3
2021-09-01 12:29:07.357,0.241906,-2.4e-05,0.019448,0.016733,0.025692,0.00569,0,0,3
2021-09-01 12:29:09.856,0.241097,-1.4e-05,0.019617,0.016695,0.024853,0.005673,0,0,3
2021-09-01 12:29:12.355,0.241038,8.7e-05,0.019393,0.017417,0.026376,0.005613,0,0,3
2021-09-01 12:29:14.856,0.242513,0.000135,0.019639,0.016795,0.025891,0.005649,0,0,3
2021-09-01 12:29:17.355,0.242351,-4.1e-05,0.019587,0.016476,0.025344,0.005689,0,0,3
2021-09-01 12:29:19.856,0.242681,0.0001,0.019136,0.017266,0.025747,0.005681,0,0,3
2021-09-01 12:29:22.355,0.242089,0.000154,0.018929,0.016536,0.026188,0.005742,0,0,3
2021-09-01 12:29:24.854,0.241223,5e-06,0.018974,0.016345,0.025403,0.005485,0,0,3
2021-09-01 12:29:27.355,0.241948,-6.6e-05,0.019356,0.016835,0.027545,0.005706,0,0,3
2021-09-01 12:29:29.854,0.241906,-0.0001,0.019418,0.017167,0.025612,0.005594,0,0,3
2021-09-01 12:29:32.355,0.241671,0.000209,0.019345,0.016851,0.024721,0.005748,0,0,3
2021-09-01 12:29:34.854,0.241736,1.9e-05,0.019315,0.017676,0.024859,0.005705,0,0,3
2021-09-01 12:29:37.353,0.241689,6.6e-05,0.01911,0.017008,0.025863,0.005658,0,0,3
2021-09-01 12:29:39.854,0.242515,8.3e-05,0.019345,0.016955,0.026248,0.005743,0,0,3
2021-09-01 12:29:42.353,0.241635,5.7e-05,0.019323,0.016774,0.02532,0.005708,0,0,3
2021-09-01 12:29:44.854,0.242374,9.4e-05,0.019536,0.017045,0.026308,0.005747,0,0,3
2021-09-01 12:29:47.353,0.242687,6.6e-05,0.019525,0.017113,0.026078,0.005658,0,0,3
2021-09-01 12:29:49.853,0.242195,0.000157,0.019042,0.016597,0.02607,0.00558,0,0,3
2021-09-01 12:29:52.353,0.241823,0.00022,0.018781,0.017302,0.025431,0.005752,0,0,3
2021-09-01 12:29:54.853,0.241294,6e-06,0.018784,0.016446,0.024421,0.005589,0,0,3
2021-09-01 12:29:57.353,0.242287,-0.000143,0.018781,0.016738,0.026702,0.005463,0,0,3
2021-09-01 12:29:59.853,0.242268,6.3e-05,0.019229,0.017259,0.025425,0.00578,0,0,3
2021-09-01 12:30:02.353,0.241703,2.3e-05,0.019523,0.016928,0.025415,0.005653,0,0,3
2021-09-01 12:30:04.853,0.241875,5.7e-05,0.01985,0.016704,0.026411,0.005692,0,0,3
2021-09-01 12:30:07.352,0.242198,-4e-06,0.019349,0.016896,0.025288,0.005732,0,0,3
2021-09-01 12:30:09.853,0.241358,6.6e-05,0.019187,0.016551,0.025322,0.00565,0,0,3
2021-09-01 12:30:12.352,0.241767,-3.7e-05,0.018812,0.016673,0.02495,0.005582,0,0,3
2021-09-01 12:30:14.853,0.241356,-1.6e-05,0.019121,0.016643,0.024042,0.005648,0,0,3
2021-09-01 12:30:17.352,0.241376,-9.8e-05,0.019378,0.016976,0.025826,0.005626,0,0,3
2021-09-01 12:30:19.853,0.241362,-1.8e-05,0.0194,0.017036,0.024947,0.005584,0,0,3
2021-09-01 12:30:22.352,0.241797,1.7e-05,0.019378,0.016434,0.025479,0.005681,0,0,3
2021-09-01 12:30:24.851,0.241828,0.00011,0.019643,0.016589,0.025466,0.005631,0,0,3
2021-09-01 12:30:27.350,0.241009,3e-06,0.018985,0.016706,0.025551,0.00565,0,0,3
2021-09-01 12:30:29.851,0.241499,-4.3e-05,0.019286,0.016992,0.025793,0.005657,0,0,3
2021-09-01 12:30:32.352,0.241719,-8.9e-05,0.01929,0.016679,0.025382,0.005576,0,0,3
2021-09-01 12:30:34.851,0.241091,-0.000104,0.019554,0.016761,0.025227,0.005583,0,0,3
2021-09-01 12:30:37.350,0.241635,1.7e-05,0.019161,0.016845,0.025215,0.005666,0,0,3
2021-09-01 12:30:39.851,0.241451,0.000249,0.019301,0.016881,0.026136,0.005761,0,0,3
2021-09-01 12:30:42.350,0.24286,-2.7e-05,0.019635,0.016727,0.026724,0.005658,0,0,3
2021-09-01 12:30:44.849,0.242328,3.4e-05,0.019525,0.016802,0.026025,0.005651,0,0,3
2021-09-01 12:30:47.350,0.240684,0.00011,0.019488,0.017281,0.024764,0.005583,0,0,3
2021-09-01 12:30:49.849,0.241425,3e-06,0.019521,0.01701,0.025455,0.005705,0,0,3
2021-09-01 12:30:52.350,0.241984,3.3e-05,0.019411,0.016996,0.025563,0.005711,0,0,3
2021-09-01 12:30:54.849,0.241513,3.8e-05,0.019341,0.017094,0.025073,0.005746,0,0,3
2021-09-01 12:30:57.349,0.242197,0.000243,0.019082,0.016876,0.025763,0.005767,0,0,3
2021-09-01 12:30:59.849,0.241999,2.7e-05,0.019203,0.016497,0.025649,0.005584,0,0,3
2021-09-01 12:31:02.350,0.241476,0.000108,0.01922,0.016868,0.025837,0.005708,0,0,3
2021-09-01 12:31:04.849,0.241731,0.000179,0.019106,0.016663,0.025733,0.005706,0,0,3
2021-09-01 12:31:07.349,0.242478,0.000103,0.019589,0.016847,0.027221,0.005635,0,0,3
2021-09-01 12:31:09.849,0.241823,9.2e-05,0.019468,0.016687,0.02664,0.005724,0,0,3
2021-09-01 12:31:12.349,0.242275,9.9e-05,0.019553,0.016662,0.026247,0.005773,0,0,3
2021-09-01 12:31:14.849,0.241508,-1.1e-05,0.019659,0.016981,0.024846,0.005557,0,0,3
2021-09-01 12:31:17.349,0.241995,-4.2e-05,0.019516,0.017213,0.026645,0.005681,0,0,3
2021-09-01 12:31:19.849,0.242161,-7e-06,0.01953,0.01688,0.025669,0.005645,0,0,3
2021-09-01 12:31:22.349,0.242237,-9.7e-05,0.019262,0.016745,0.025748,0.00565,0,0,3
2021-09-01 12:31:24.848,0.242368,-1.6e-05,0.01958,0.017073,0.026067,0.005833,0,0,3
2021-09-01 12:31:27.347,0.241526,7.4e-05,0.019293,0.016949,0.025871,0.005638,0,0,3
2021-09-01 12:31:29.848,0.241845,0.000222,0.019385,0.017217,0.025199,0.005729,0,0,3
2021-09-01 12:31:32.349,0.242227,0.000211,0.019701,0.016857,0.024992,0.005802,0,0,3
2021-09-01 12:31:34.848,0.241612,5.3e-05,0.019374,0.016937,0.02537,0.005714,0,0,3
2021-09-01 12:31:37.347,0.241654,-6.2e-05,0.019815,0.016886,0.025715,0.0056,0,0,3
2021-09-01 12:31:39.848,0.242496,0.000138,0.019433,0.016901,0.025805,0.005781,0,0,3
2021-09-01 12:31:42.347,0.241887,9e-06,0.019632,0.016952,0.02536,0.005614,0,0,3
2021-09-01 12:31:44.846,0.241641,-1.8e-05,0.019341,0.016959,0.026816,0.005663,0,0,3
2021-09-01 12:31:47.347,0.241463,5.2e-05,0.019345,0.016835,0.025269,0.005611,0,0,3
2021-09-01 12:31:49.846,0.241839,0.000118,0.019808,0.017022,0.026424,0.005674,0,0,3
2021-09-01 12:31:52.347,0.241749,0.000173,0.019565,0.017139,0.025355,0.005833,0,0,3
2021-09-01 12:31:54.846,0.241927,0.000156,0.019352,0.016442,0.025933,0.005619,0,0,3
2021-09-01 12:31:57.347,0.242513,0.000198,0.019676,0.016761,0.025622,0.005713,0,0,3
2021-09-01 12:31:59.846,0.242065,0.000125,0.019565,0.016411,0.025967,0.005723,0,0,3
2021-09-01 12:32:02.345,0.242297,9.1e-05,0.019757,0.0172,0.026783,0.005846,0,0,3
2021-09-01 12:32:04.846,0.242118,0.000198,0.019628,0.017177,0.025563,0.005674,0,0,3
2021-09-01 12:32:07.345,0.243093,0.000204,0.019543,0.01689,0.025444,0.005769,0,0,3
2021-09-01 12:32:09.845,0.241825,0.000315,0.019512,0.016792,0.025896,0.005713,0,0,3
2021-09-01 12:32:12.345,0.242426,0.000334,0.019648,0.016877,0.026042,0.005787,0,0,3
2021-09-01 12:32:14.845,0.241155,0.000388,0.019442,0.016507,0.025272,0.005839,0,0,3
2021-09-01 12:32:17.344,0.242231,0.000444,0.019565,0.016624,0.026375,0.005783,0,0,3
2021-09-01 12:32:19.845,0.242448,0.000345,0.019745,0.017383,0.025943,0.005752,0,0,3
2021-09-01 12:32:22.345,0.241224,0.00017,0.019655,0.016684,0.025049,0.005695,0,0,3
2021-09-01 12:32:24.845,0.241504,0.000172,0.019358,0.017359,0.024851,0.005788,0,0,3
2021-09-01 12:32:27.345,0.242692,4.6e-05,0.01978,0.017243,0.02497,0.00578,0,0,3
2021-09-01 12:32:29.843,0.242106,7.1e-05,0.019593,0.016601,0.026398,0.005668,0,0,3
2021-09-01 12:32:32.344,0.241893,0.000192,0.019716,0.016816,0.025724,0.005772,0,0,3
2021-09-01 12:32:34.845,0.24187,0.000253,0.019723,0.016799,0.025379,0.00567,0,0,3
2021-09-01 12:32:37.344,0.24149,0.000282,0.019599,0.017033,0.025249,0.005734,0,0,3
2021-09-01 12:32:39.843,0.241925,0.000204,0.019514,0.016738,0.026223,0.005746,0,0,3
2021-09-01 12:32:42.344,0.241707,0.000285,0.019775,0.016578,0.025504,0.005742,0,0,3
2021-09-01 12:32:44.843,0.241759,0.000267,0.019536,0.016826,0.025611,0.005745,0,0,3
2021-09-01 12:32:47.344,0.241877,0.000205,0.01958,0.017864,0.02603,0.00583,0,0,3
2021-09-01 12:32:49.843,0.242065,0.000354,0.019724,0.01706,0.026537,0.005708,0,0,3
2021-09-01 12:32:52.344,0.242269,0.000192,0.019411,0.017147,0.025999,0.005734,0,0,3
2021-09-01 12:32:54.843,0.242332,0.000389,0.019349,0.017416,0.025759,0.005832,0,0,3
2021-09-01 12:32:57.342,0.24157,0.000242,0.019562,0.016477,0.024858,0.005752,0,0,3
2021-09-01 12:32:59.843,0.242479,0.000259,0.019327,0.01681,0.025116,0.005749,0,0,3
2021-09-01 12:33:02.342,0.241715,0.000248,0.019007,0.017148,0.024888,0.0057,0,0,3
2021-09-01 12:33:04.841,0.242084,0.000316,0.018779,0.017171,0.026369,0.005767,0,0,3
2021-09-01 12:33:07.342,0.242819,0.000476,0.019194,0.016875,0.02515,0.005757,0,0,3
2021-09-01 12:33:09.841,0.242849,0.000368,0.019051,0.016722,0.025394,0.005766,0,0,3
2021-09-01 12:33:12.342,0.242082,0.000268,0.019128,0.016636,0.025381,0.005752,0,0,3
2021-09-01 12:33:14.841,0.241294,9.5e-05,0.018915,0.016994,0.024763,0.005741,0,0,3
2021-09-01 12:33:17.342,0.241889,5.6e-05,0.019011,0.017104,0.025378,0.005791,0,0,3
2021-09-01 12:33:19.841,0.241658,7e-05,0.019076,0.017273,0.024592,0.00576,0,0,3
2021-09-01 12:33:22.342,0.241633,1.2e-05,0.01911,0.016569,0.026424,0.005717,0,0,3
2021-09-01 12:33:24.841,0.241862,2.4e-05,0.019194,0.017299,0.024765,0.005723,0,0,3
2021-09-01 12:33:27.341,0.242113,4.4e-05,0.018851,0.016902,0.025762,0.005756,0,0,3
2021-09-01 12:33:29.840,0.242538,3.6e-05,0.018988,0.017051,0.024895,0.005729,0,0,3
2021-09-01 12:33:32.341,0.241889,0.000354,0.018941,0.017111,0.025807,0.005785,0,0,3
2021-09-01 12:33:34.841,0.241924,0.000157,0.019225,0.017251,0.025418,0.00569,0,0,3
2021-09-01 12:33:37.341,0.241989,6.5e-05,0.019071,0.017018,0.025657,0.005727,0,0,3
2021-09-01 12:33:39.840,0.241534,0.000104,0.018698,0.016887,0.025817,0.005667,0,0,3
2021-09-01 12:33:42.341,0.242628,-3e-05,0.019055,0.016862,0.025717,0.005718,0,0,3
2021-09-01 12:33:44.840,0.241689,1.9e-05,0.019069,0.0167,0.02499,0.005705,0,0,3
2021-09-01 12:33:47.339,0.241788,0.000154,0.019382,0.017,0.024397,0.005626,0,0,3
2021-09-01 12:33:49.840,0.242357,-1.8e-05,0.019058,0.017235,0.024676,0.005647,0,0,3
2021-09-01 12:33:52.339,0.242198,-2.5e-05,0.018996,0.016909,0.025211,0.00562,0,0,3
2021-09-01 12:33:54.840,0.242328,-4.5e-05,0.018717,0.016472,0.026007,0.005656,0,0,3
2021-09-01 12:33:57.339,0.241883,-0.000235,0.018849,0.016888,0.026315,0.00541,0,0,3
2021-09-01 12:33:59.838,0.241378,-0.000121,0.018701,0.016589,0.025718,0.005722,0,0,3
2021-09-01 12:34:02.339,0.24262,2.6e-05,0.019132,0.016781,0.025146,0.005724,0,0,3
2021-09-01 12:34:04.838,0.242044,0.000106,0.019198,0.017338,0.02606,0.005753,0,0,3
2021-09-01 12:34:07.337,0.242576,0.00019,0.018981,0.016255,0.026242,0.005749,0,0,3
2021-09-01 12:34:09.838,0.241845,0.000303,0.018871,0.016613,0.025839,0.005755,0,0,3
2021-09-01 12:34:12.339,0.241828,0.000184,0.019069,0.016695,0.024718,0.005738,0,0,3
2021-09-01 12:34:15.837,0.242121,0.00039,0.019022,0.016609,0.0249,0.005765,0,0,3
2021-09-01 12:34:18.337,0.243196,0.000151,0.019159,0.017137,0.025929,0.005825,0,0,3
2021-09-01 12:34:20.838,0.242001,0.000182,0.019014,0.016882,0.025111,0.005691,0,0,3
2021-09-01 12:34:23.337,0.242839,0.000211,0.019014,0.01679,0.025742,0.005855,0,0,3
2021-09-01 12:34:25.837,0.242046,0.00022,0.018818,0.016704,0.026177,0.005744,0,0,3
2021-09-01 12:34:28.337,0.24277,0.00021,0.018987,0.017104,0.027182,0.005725,0,0,3
2021-09-01 12:34:30.837,0.242741,0.000233,0.019123,0.01671,0.025563,0.00571,0,0,3
2021-09-01 12:34:33.336,0.241551,0.000274,0.019257,0.017381,0.025458,0.005846,0,0,3
2021-09-01 12:34:35.837,0.242227,0.000188,0.019014,0.016665,0.025415,0.00567,0,0,3
2021-09-01 12:34:38.336,0.240962,0.000263,0.01944,0.016922,0.024825,0.005743,0,0,3
2021-09-01 12:34:40.837,0.241705,0.000303,0.0194,0.016924,0.025179,0.005824,0,0,3
2021-09-01 12:34:43.336,0.242574,0.000314,0.019062,0.017319,0.026543,0.005865,0,0,3
2021-09-01 12:34:45.837,0.241858,0.000209,0.019125,0.01728,0.025233,0.005694,0,0,3
2021-09-01 12:34:48.336,0.241671,0.000158,0.019231,0.016938,0.025989,0.005706,0,0,3
2021-09-01 12:34:50.837,0.241791,0.000165,0.019268,0.017031,0.02504,0.005746,0,0,3
2021-09-01 12:34:53.336,0.242494,0.000202,0.019282,0.016562,0.025458,0.00566,0,0,3
2021-09-01 12:34:55.835,0.242009,0.000209,0.019201,0.016872,0.025903,0.005809,0,0,3
2021-09-01 12:34:58.336,0.243187,0.00014,0.019698,0.016237,0.025801,0.005767,0,0,3
2021-09-01 12:35:00.835,0.241828,0.000108,0.019117,0.01655,0.025635,0.005646,0,0,3
2021-09-01 12:35:03.336,0.242404,0.000106,0.019139,0.017172,0.025413,0.005699,0,0,3
2021-09-01 12:35:05.835,0.241721,0.000175,0.019319,0.017157,0.025953,0.00572,0,0,3
2021-09-01 12:35:08.334,0.242551,-3.9e-05,0.019363,0.017198,0.025826,0.005691,0,0,3
2021-09-01 12:35:10.835,0.242152,0.000184,0.01929,0.017416,0.026216,0.005807,0,0,3
2021-09-01 12:35:13.334,0.243032,7e-06,0.019095,0.016425,0.026872,0.00573,0,0,3
2021-09-01 12:35:15.835,0.24208,1e-06,0.019323,0.016534,0.02778,0.005688,0,0,3
2021-09-01 12:35:18.334,0.242028,0.000148,0.019404,0.016533,0.025081,0.005663,0,0,3
2021-09-01 12:35:20.833,0.241563,9e-06,0.019242,0.016931,0.025031,0.005762,0,0,3
2021-09-01 12:35:23.334,0.242047,8.5e-05,0.019323,0.016994,0.025752,0.005812,0,0,3
2021-09-01 12:35:25.835,0.241411,4.1e-05,0.019139,0.01683,0.025721,0.005677,0,0,3
2021-09-01 12:35:28.334,0.242631,5.5e-05,0.019613,0.016549,0.025235,0.005653,0,0,3
2021-09-01 12:35:30.833,0.242778,0.000129,0.019382,0.016992,0.026396,0.00574,0,0,3
2021-09-01 12:35:33.333,0.241743,0.000199,0.019406,0.016556,0.0273,0.005744,0,0,3
2021-09-01 12:35:35.833,0.242195,0.000136,0.019545,0.016928,0.026191,0.005735,0,0,3
2021-09-01 12:35:38.333,0.241836,0.000107,0.019064,0.017199,0.025487,0.00559,0,0,3
2021-09-01 12:35:40.833,0.242753,-4e-05,0.019395,0.016871,0.030361,0.005767,0,0,3
2021-09-01 12:35:43.333,0.242724,-7.4e-05,0.019553,0.016719,0.025866,0.005664,0,0,3
2021-09-01 12:35:45.832,0.241788,4.9e-05,0.019551,0.016345,0.025267,0.005618,0,0,3
2021-09-01 12:35:48.333,0.24203,1e-06,0.019279,0.017063,0.026035,0.00568,0,0,3
2021-09-01 12:35:50.832,0.241969,0.000217,0.019602,0.017548,0.025605,0.005697,0,0,3
2021-09-01 12:35:53.333,0.242005,7.9e-05,0.019316,0.016842,0.02615,0.00571,0,0,3
2021-09-01 12:35:55.832,0.242355,0.000211,0.019459,0.017026,0.025652,0.00564,0,0,3
2021-09-01 12:35:58.832,0.24248,0.000126,0.019093,0.017017,0.025964,0.005671,0,0,3
2021-09-01 12:36:01.331,0.242494,3.4e-05,0.019275,0.016724,0.025936,0.005682,0,0,3
2021-09-01 12:36:04.331,0.242375,0.000112,0.019335,0.017152,0.026173,0.005659,0,0,3
2021-09-01 12:36:06.832,0.242855,1e-06,0.019499,0.017037,0.029543,0.005649,0,0,3
2021-09-01 12:36:09.331,0.24282,0.000139,0.018951,0.016799,0.031513,0.005721,0,0,3
2021-09-01 12:36:11.832,0.242796,0.000219,0.019103,0.016527,0.031319,0.00569,0,0,3
2021-09-01 12:36:14.331,0.243263,0.000108,0.019407,0.016889,0.030928,0.005598,0,0,3
2021-09-01 12:36:16.830,0.242576,0.000206,0.019271,0.016545,0.031258,0.005685,0,0,3
2021-09-01 12:36:19.331,0.243816,0.000125,0.019117,0.016699,0.031683,0.005653,0,0,3
2021-09-01 12:36:21.830,0.243246,6.8e-05,0.019301,0.016974,0.032703,0.005643,0,0,3
2021-09-01 12:36:24.331,0.243355,-7e-06,0.018831,0.016386,0.031814,0.005558,0,0,3
2021-09-01 12:36:27.329,0.243118,0.000203,0.01905,0.016884,0.031533,0.005734,0,0,3
2021-09-01 12:36:29.830,0.243567,9.6e-05,0.019139,0.016669,0.032767,0.005585,0,0,3
2021-09-01 12:36:32.329,0.24291,0.000129,0.01919,0.016645,0.031153,0.005709,0,0,3
2021-09-01 12:36:34.830,0.243777,0.000278,0.018842,0.017317,0.032741,0.005824,0,0,3
2021-09-01 12:36:37.329,0.244597,0.000227,0.019231,0.017176,0.033167,0.005677,0,0,3
2021-09-01 12:36:39.829,0.243862,0.000168,0.019332,0.016716,0.032976,0.005755,0,0,3
2021-09-01 12:36:42.329,0.242884,0.000105,0.019112,0.016918,0.031296,0.005691,0,0,3
2021-09-01 12:36:44.830,0.244602,1.4e-05,0.019389,0.01661,0.032008,0.005694,0,0,3
2021-09-01 12:36:47.331,0.2439,-2.6e-05,0.019496,0.017013,0.03129,0.005627,0,0,3
2021-09-01 12:36:50.328,0.243601,-1.9e-05,0.019039,0.01728,0.031394,0.005603,0,0,3
2021-09-01 12:36:52.829,0.243766,5.4e-05,0.019268,0.016678,0.032119,0.005683,0,0,3
2021-09-01 12:36:55.328,0.243255,-0.000142,0.019488,0.016922,0.031364,0.005536,0,0,3
2021-09-01 12:36:57.829,0.242834,7e-05,0.019121,0.017139,0.031527,0.005613,0,0,3
2021-09-01 12:37:00.328,0.243986,2.8e-05,0.019253,0.017114,0.032654,0.005616,0,0,3
2021-09-01 12:37:02.829,0.242991,0.000224,0.019117,0.016844,0.032454,0.005806,0,0,3
2021-09-01 12:37:05.328,0.243284,-6e-05,0.019227,0.016993,0.031076,0.005537,0,0,3
2021-09-01 12:37:07.829,0.24325,0.000112,0.019558,0.016595,0.031169,0.005545,0,0,3
2021-09-01 12:37:10.328,0.244385,6.4e-05,0.019036,0.016153,0.032066,0.00557,0,0,3
2021-09-01 12:37:12.829,0.243481,8.9e-05,0.019055,0.016886,0.033241,0.005715,0,0,3
2021-09-01 12:37:15.328,0.244047,3.8e-05,0.019117,0.016897,0.031928,0.005629,0,0,3
2021-09-01 12:37:18.326,0.242815,2.1e-05,0.019228,0.017005,0.031314,0.005636,0,0,3
2021-09-01 12:37:20.827,0.244104,-0.000127,0.01944,0.016349,0.032162,0.005513,0,0,3
2021-09-01 12:37:23.326,0.242988,3.4e-05,0.019132,0.016387,0.030842,0.005548,0,0,3
2021-09-01 12:37:25.827,0.243436,3.7e-05,0.019378,0.016683,0.031896,0.005729,0,0,3
2021-09-01 12:37:28.326,0.242715,-4e-06,0.019187,0.016855,0.030741,0.005725,0,0,3
2021-09-01 12:37:31.326,0.243462,3.7e-05,0.019249,0.016464,0.032363,0.005618,0,0,3
2021-09-01 12:37:33.825,0.243379,7.6e-05,0.019135,0.016379,0.031841,0.005521,0,0,3
2021-09-01 12:37:36.825,0.243488,0.000116,0.019341,0.016861,0.031675,0.005731,0,0,3
2021-09-01 12:37:39.326,0.24308,0.000173,0.019294,0.016328,0.031963,0.005742,0,0,3
2021-09-01 12:37:41.827,0.243096,0.000106,0.019088,0.017088,0.032089,0.005806,0,0,3
2021-09-01 12:37:44.326,0.242454,2.2e-05,0.019216,0.016549,0.030934,0.005573,0,0,3
2021-09-01 12:37:46.825,0.243818,6.6e-05,0.019209,0.016327,0.0303,0.005827,0,0,3
2021-09-01 12:37:49.325,0.243667,5.7e-05,0.019442,0.01626,0.032001,0.005684,0,0,3
2021-09-01 12:37:51.825,0.243854,0.000275,0.019527,0.016458,0.032022,0.005869,0,0,3
2021-09-01 12:37:54.325,0.244301,0.000128,0.019207,0.016579,0.03198,0.005724,0,0,3
2021-09-01 12:37:56.825,0.243768,-1.9e-05,0.01945,0.016832,0.032805,0.005623,0,0,3
2021-09-01 12:37:59.325,0.243709,-3.6e-05,0.0196,0.01679,0.031739,0.005638,0,0,3
2021-09-01 12:38:01.825,0.242888,0.000212,0.019369,0.017029,0.032795,0.005802,0,0,3
2021-09-01 12:38:04.824,0.243442,6.9e-05,0.019239,0.016663,0.032054,0.005737,0,0,3
2021-09-01 12:38:07.325,0.243911,0.00011,0.019609,0.016764,0.031489,0.005732,0,0,3
2021-09-01 12:38:09.825,0.243308,6.9e-05,0.019112,0.016465,0.03099,0.005589,0,0,3
2021-09-01 12:38:12.325,0.243927,9.6e-05,0.019295,0.016859,0.033109,0.005625,0,0,3
2021-09-01 12:38:14.824,0.244603,-4.6e-05,0.01929,0.016537,0.032655,0.005546,0,0,3
2021-09-01 12:38:17.325,0.243367,5.4e-05,0.019154,0.016434,0.032134,0.005581,0,0,3
2021-09-01 12:38:19.824,0.243137,5.9e-05,0.019157,0.01674,0.031907,0.005732,0,0,3
2021-09-01 12:38:22.323,0.242912,7.4e-05,0.019179,0.016653,0.030644,0.005958,0,0,3
2021-09-01 12:38:24.824,0.242557,0.000234,0.019125,0.016431,0.031515,0.005908,0,0,3
2021-09-01 12:38:27.323,0.243395,0.00029,0.018764,0.017263,0.031909,0.005744,0,0,3
2021-09-01 12:38:30.323,0.244206,0.000187,0.019136,0.016994,0.032979,0.005638,0,0,3
2021-09-01 12:38:32.822,0.242811,0.000272,0.019021,0.016702,0.031541,0.005807,0,0,3
2021-09-01 12:38:35.822,0.243516,0.000214,0.019148,0.016795,0.032059,0.00568,0,0,3
2021-09-01 12:38:38.323,0.243882,0.000106,0.019209,0.016852,0.032825,0.005722,0,0,3
2021-09-01 12:38:40.822,0.244059,0.000141,0.019065,0.01661,0.032215,0.00573,0,0,3
2021-09-01 12:38:43.321,0.243942,5e-06,0.019095,0.016855,0.033259,0.005775,0,0,3
2021-09-01 12:38:45.822,0.243634,0.0001,0.018945,0.016558,0.031664,0.005657,0,0,3
2021-09-01 12:38:48.321,0.242994,0.000206,0.019323,0.016564,0.032065,0.005831,0,0,3
2021-09-01 12:38:50.822,0.243523,0.000148,0.019264,0.01707,0.032938,0.005724,0,0,3
2021-09-01 12:38:53.321,0.2434,0.000255,0.019102,0.016597,0.031895,0.00571,0,0,3
2021-09-01 12:38:55.822,0.243659,9.4e-05,0.01911,0.016454,0.031651,0.005615,0,0,3
2021-09-01 12:38:58.821,0.24329,0.000204,0.019239,0.016931,0.032174,0.005773,0,0,3
2021-09-01 12:39:01.321,0.243098,0.000216,0.019218,0.016895,0.032436,0.005909,0,0,3
2021-09-01 12:39:03.821,0.242659,0.00033,0.019067,0.016786,0.032734,0.005892,0,0,3
2021-09-01 12:39:06.321,0.24293,0.000159,0.019071,0.016874,0.030804,0.005783,0,0,3
2021-09-01 12:39:08.821,0.243841,0.000241,0.019461,0.016928,0.032351,0.005835,0,0,3
2021-09-01 12:39:11.321,0.243927,0.000168,0.019174,0.01647,0.032925,0.005717,0,0,3
2021-09-01 12:39:14.320,0.242973,0.000297,0.019275,0.017164,0.032767,0.005784,0,0,3
2021-09-01 12:39:16.821,0.243737,0.000217,0.019103,0.016609,0.032558,0.005812,0,0,3
2021-09-01 12:39:19.320,0.242429,0.000368,0.018985,0.016843,0.03074,0.005704,0,0,3
2021-09-01 12:39:21.821,0.243441,0.000198,0.019069,0.016768,0.032076,0.005774,0,0,3
2021-09-01 12:39:24.320,0.243381,0.000198,0.018918,0.016947,0.031611,0.005713,0,0,3
2021-09-01 12:39:26.821,0.243749,0.000257,0.018919,0.016741,0.032281,0.005772,0,0,3
2021-09-01 12:39:29.320,0.243545,0.000135,0.018617,0.016531,0.031745,0.005673,0,0,3
2021-09-01 12:39:32.323,0.243003,0.000198,0.019,0.016881,0.031694,0.005801,0,0,3
2021-09-01 12:39:35.320,0.243234,0.000119,0.018867,0.016836,0.031286,0.005558,0,0,3
2021-09-01 12:39:37.819,0.244482,0.000152,0.018885,0.017274,0.033468,0.00568,0,0,3
2021-09-01 12:39:40.320,0.242691,2.2e-05,0.018816,0.016879,0.031761,0.005636,0,0,3
2021-09-01 12:39:43.318,0.243373,8.5e-05,0.018986,0.016856,0.031883,0.005789,0,0,3
2021-09-01 12:39:45.819,0.243499,2e-05,0.01882,0.016646,0.03205,0.005713,0,0,3
2021-09-01 12:39:48.817,0.244006,0.00017,0.018857,0.016899,0.031452,0.005805,0,0,3
2021-09-01 12:39:51.318,0.243287,0.000159,0.019044,0.016781,0.031732,0.00585,0,0,3
2021-09-01 12:39:54.318,0.243688,-5.8e-05,0.018808,0.016503,0.032069,0.005646,0,0,3
2021-09-01 12:39:56.817,0.243278,0.000101,0.019029,0.016152,0.033233,0.005682,0,0,3
2021-09-01 12:39:59.318,0.242794,2.4e-05,0.018798,0.016585,0.031655,0.005622,0,0,3
2021-09-01 12:40:01.817,0.243421,0.000171,0.019143,0.017011,0.032296,0.005741,0,0,3
2021-09-01 12:40:04.318,0.243785,0.000203,0.019036,0.01648,0.031617,0.005699,0,0,3
2021-09-01 12:40:07.317,0.243174,0.000179,0.018871,0.016952,0.030991,0.005674,0,0,3
2021-09-01 12:40:10.317,0.24325,7.4e-05,0.018851,0.017158,0.033311,0.005726,0,0,3
2021-09-01 12:40:13.317,0.243871,0.000103,0.019151,0.016856,0.032254,0.005745,0,0,3
2021-09-01 12:40:15.817,0.243997,9e-05,0.019222,0.016758,0.031106,0.005723,0,0,3
2021-09-01 12:40:18.816,0.242653,0.000235,0.018558,0.016686,0.031701,0.005765,0,0,3
2021-09-01 12:40:21.816,0.243035,0.000228,0.019041,0.016745,0.032646,0.005755,0,0,3
2021-09-01 12:40:24.816,0.242699,0.000212,0.018968,0.017076,0.032581,0.005724,0,0,3
2021-09-01 12:40:27.816,0.24331,0.000151,0.019164,0.016843,0.032923,0.005752,0,0,3
2021-09-01 12:40:30.317,0.243468,0.000188,0.018889,0.017089,0.031987,0.005732,0,0,3
2021-09-01 12:40:32.816,0.243072,0.000192,0.018999,0.01674,0.032174,0.005795,0,0,3
2021-09-01 12:40:35.317,0.243128,6.4e-05,0.019073,0.016573,0.031111,0.005726,0,0,3
2021-09-01 12:40:37.816,0.243135,0.000314,0.018768,0.016851,0.032728,0.005736,0,0,3
2021-09-01 12:40:40.317,0.24291,0.000192,0.018717,0.016797,0.032351,0.005757,0,0,3
2021-09-01 12:40:43.315,0.243079,0.000268,0.019065,0.016818,0.032153,0.005814,0,0,3
2021-09-01 12:40:45.814,0.243164,0.000116,0.01897,0.017112,0.031723,0.005727,0,0,3
2021-09-01 12:40:48.315,0.243191,0.000203,0.019235,0.0167,0.031734,0.005714,0,0,3
2021-09-01 12:40:50.816,0.243365,7.7e-05,0.018981,0.016846,0.033122,0.005647,0,0,3
2021-09-01 12:40:53.315,0.242696,0.00015,0.01904,0.016849,0.032482,0.005577,0,0,3
2021-09-01 12:40:55.816,0.242483,0.000152,0.019117,0.01661,0.031095,0.005764,0,0,3
2021-09-01 12:40:58.814,0.243608,0.000201,0.018894,0.016417,0.030422,0.005766,0,0,3
2021-09-01 12:41:01.315,0.24296,0.000264,0.018904,0.016723,0.031665,0.005781,0,0,3
2021-09-01 12:41:04.313,0.244174,0.000161,0.019145,0.016212,0.032381,0.005776,0,0,3
2021-09-01 12:41:06.814,0.243369,0.000167,0.018798,0.016446,0.032327,0.005778,0,0,3
2021-09-01 12:41:09.814,0.244206,9.1e-05,0.018989,0.017138,0.031644,0.005597,0,0,3
2021-09-01 12:41:12.814,0.242804,5.4e-05,0.018888,0.016583,0.031953,0.005659,0,0,3
2021-09-01 12:41:15.813,0.243206,0.000228,0.018935,0.016332,0.031479,0.005666,0,0,3
2021-09-01 12:41:18.813,0.243087,6.3e-05,0.019044,0.016846,0.03239,0.005695,0,0,3
2021-09-01 12:41:21.313,0.243887,0.000143,0.018957,0.016611,0.033459,0.005776,0,0,3
2021-09-01 12:41:23.813,0.246515,9.6e-05,0.019586,0.016226,0.032813,0.005749,0,0,3
2021-09-01 12:41:26.313,0.249909,9.4e-05,0.020453,0.016747,0.031382,0.0056,0,0,3
2021-09-01 12:41:28.813,0.253485,5.7e-05,0.020618,0.016658,0.032997,0.005575,0,0,3
2021-09-01 12:41:31.312,0.255905,0.00028,0.021223,0.016509,0.030855,0.005718,0,0,3
