Time,TS outlet pressure (Mean),TS inlet pressure (Mean),Pump outlet pressure (Mean),Flow rate (Mean),Plug,Plug_future,LogId
1900-01-01 13:14:36.498,-0.000603,-9.3e-05,0.032626,1.051984,0,0.0,23
1900-01-01 13:14:37.498,-0.000609,-1.4e-05,0.032488,1.146281,0,0.0,23
1900-01-01 13:14:38.498,-0.000157,0.000343,0.032745,1.320729,0,0.0,23
1900-01-01 13:14:39.498,-0.000393,0.000301,0.032681,1.169855,0,0.0,23
1900-01-01 13:14:40.498,-0.000614,9.6e-05,0.032286,1.150995,0,0.0,23
1900-01-01 13:14:41.498,-0.000693,-0.000114,0.032847,1.070844,0,0.0,23
1900-01-01 13:14:42.498,-0.00054,0.000443,0.032681,1.108562,0,0.0,23
1900-01-01 13:14:43.498,-0.000388,-9e-06,0.032516,1.099133,0,0.0,23
1900-01-01 13:14:44.498,-0.00074,0.000285,0.032451,1.17457,0,0.0,23
1900-01-01 13:14:45.498,-0.00043,0.000369,0.032571,1.339588,0,0.0,23
1900-01-01 13:14:46.498,-0.000372,0.000375,0.032644,1.259436,0,0.0,23
1900-01-01 13:14:47.498,-0.000362,0.000123,0.032663,1.113277,0,0.0,23
1900-01-01 13:14:48.498,-0.000619,-0.000287,0.032488,0.976548,0,0.0,23
1900-01-01 13:14:49.498,-0.00042,0.000138,0.032507,1.051984,0,0.0,23
1900-01-01 13:14:50.498,-6.8e-05,0.000537,0.032617,1.316014,0,0.0,23
1900-01-01 13:14:51.498,-0.000267,0.000632,0.03315,1.386736,0,0.0,23
1900-01-01 13:14:52.498,-0.000677,0.000259,0.032663,1.108562,0,0.0,23
1900-01-01 13:14:53.498,-0.000572,7.5e-05,0.032902,1.103847,0,0.0,23
1900-01-01 13:14:54.498,-0.000483,0.000448,0.032534,1.316014,0,0.0,23
1900-01-01 13:14:55.498,-0.00011,0.0007,0.032975,1.443314,0,0.0,23
1900-01-01 13:14:56.498,-0.000215,0.000138,0.032589,1.127421,0,0.0,23
1900-01-01 13:14:57.498,-0.000477,-0.000145,0.032286,0.891681,0,0.0,23
1900-01-01 13:14:58.498,-0.000336,-2.4e-05,0.032488,1.202858,0,0.0,23
1900-01-01 13:14:59.498,-7.8e-05,0.000438,0.032442,1.28301,0,0.0,23
1900-01-01 13:15:00.498,-0.000246,0.000175,0.032451,1.188714,0,0.0,23
1900-01-01 13:15:01.498,-0.00042,0.000154,0.032681,1.056699,0,0.0,23
1900-01-01 13:15:02.498,-0.000661,0.000201,0.032773,1.066129,0,0.0,23
1900-01-01 13:15:03.498,-0.000393,0.000343,0.032654,1.311299,0,0.0,23
1900-01-01 13:15:04.498,-0.00043,0.000217,0.032516,1.28301,0,0.0,23
1900-01-01 13:15:05.498,-0.00054,6.5e-05,0.032892,1.179284,0,0.0,23
1900-01-01 13:15:06.498,-0.000131,0.000275,0.03269,1.132136,0,0.0,23
1900-01-01 13:15:07.498,1.1e-05,0.000291,0.032718,1.278295,0,0.0,23
1900-01-01 13:15:08.498,-0.000225,0.000165,0.032847,1.198144,0,0.0,23
1900-01-01 13:15:09.498,-0.00063,9.6e-05,0.032764,0.934114,0,0.0,23
1900-01-01 13:15:10.498,-0.000451,0.000128,0.032745,1.141566,0,0.0,23
1900-01-01 13:15:11.498,-7.8e-05,0.000763,0.033168,1.17457,0,0.0,23
1900-01-01 13:15:12.498,-9.9e-05,0.000663,0.032837,1.311299,0,0.0,23
1900-01-01 13:15:13.498,-0.000472,0.000816,0.033003,1.198144,0,0.0,23
1900-01-01 13:15:14.498,-0.000698,0.000438,0.033205,1.004836,0,0.0,23
1900-01-01 13:15:15.498,-0.000656,0.000485,0.033021,0.995407,0,0.0,23
1900-01-01 13:15:16.498,-0.000519,0.00059,0.032966,1.325443,0,0.0,23
1900-01-01 13:15:17.498,-0.000393,0.00059,0.032975,1.382021,0,0.0,23
1900-01-01 13:15:18.498,-0.00053,0.00039,0.034859,1.212288,0,0.0,23
1900-01-01 13:15:19.498,-0.000619,1.2e-05,0.039829,1.259436,0,0.0,23
1900-01-01 13:15:20.498,-0.000525,-3e-05,0.04321,1.169855,0,0.0,23
1900-01-01 13:15:21.498,-1.5e-05,0.000469,0.045663,1.113277,0,0.0,23
1900-01-01 13:15:22.498,-0.00074,0.000317,0.049953,1.169855,0,0.0,23
1900-01-01 13:15:23.498,-0.000787,0.000249,0.050367,1.334873,0,0.0,23
1900-01-01 13:15:24.498,-0.000262,0.001304,0.05168,1.287725,0,0.0,23
1900-01-01 13:15:25.498,-0.000372,0.00322,0.051442,1.146281,0,0.0,23
1900-01-01 13:15:26.498,0.002647,0.00594,0.050394,1.084988,0,0.0,23
1900-01-01 13:15:27.498,0.007629,0.008865,0.054042,1.089703,0,0.0,23
1900-01-01 13:15:28.498,0.009005,0.009862,0.05462,1.254721,0,0.0,23
1900-01-01 13:15:29.498,0.010002,0.011385,0.058497,1.235862,0,0.0,23
1900-01-01 13:15:30.498,0.01268,0.014414,0.062926,1.339588,0,0.0,23
1900-01-01 13:15:31.498,0.017673,0.018993,0.066509,1.018981,0,0.0,23
1900-01-01 13:15:32.498,0.023176,0.024747,0.070919,0.985977,0,0.0,23
1900-01-01 13:15:33.498,0.025533,0.026543,0.070974,1.457458,0,0.0,23
1900-01-01 13:15:34.498,0.025512,0.026653,0.071553,1.117992,0,0.0,23
1900-01-01 13:15:35.498,0.025344,0.026002,0.072536,0.934114,0,0.0,23
1900-01-01 13:15:36.498,0.025312,0.026154,0.072683,1.033125,0,0.0,23
1900-01-01 13:15:37.498,0.026126,0.026958,0.072977,1.320729,0,0.0,23
1900-01-01 13:15:38.498,0.02662,0.027645,0.07339,1.301869,0,0.0,23
1900-01-01 13:15:39.498,0.026788,0.027966,0.073169,1.183999,0,0.0,23
1900-01-01 13:15:40.498,0.026924,0.028128,0.073583,1.16514,0,0.0,23
1900-01-01 13:15:41.498,0.02693,0.028144,0.073859,1.367877,0,0.0,23
1900-01-01 13:15:42.498,0.027827,0.028937,0.075126,1.264151,0,0.0,23
1900-01-01 13:15:43.498,0.029576,0.030664,0.077313,1.080273,0,0.0,23
1900-01-01 13:15:44.498,0.031954,0.032801,0.07848,1.240577,0,0.0,23
1900-01-01 13:15:45.498,0.033897,0.034497,0.080023,1.386736,0,0.0,23
1900-01-01 13:15:46.498,0.035167,0.035426,0.08108,1.122707,0,0.0,23
1900-01-01 13:15:47.498,0.035509,0.035867,0.081971,0.957688,0,0.0,23
1900-01-01 13:15:48.498,0.035645,0.036272,0.082715,1.198144,0,0.0,23
1900-01-01 13:15:49.498,0.037478,0.03812,0.083781,1.40088,0,0.0,23
1900-01-01 13:15:50.498,0.038092,0.038745,0.084681,1.363162,0,0.0,23
1900-01-01 13:15:51.498,0.03805,0.038808,0.085113,1.117992,0,0.0,23
1900-01-01 13:15:52.498,0.038533,0.03918,0.085618,1.113277,0,0.0,23
1900-01-01 13:15:53.498,0.04035,0.040372,0.086372,1.231147,0,0.0,23
1900-01-01 13:15:54.498,0.040649,0.041123,0.087107,1.339588,0,0.0,23
1900-01-01 13:15:55.498,0.040696,0.041359,0.086693,1.301869,0,0.0,23
1900-01-01 13:15:56.498,0.040444,0.040756,0.087033,1.103847,0,0.0,23
1900-01-01 13:15:57.498,0.040523,0.041139,0.086803,1.023696,0,0.0,23
1900-01-01 13:15:58.498,0.047217,0.049078,0.095118,1.405595,0,0.0,23
1900-01-01 13:15:59.498,0.096066,0.125413,0.214727,1.193429,0,0.0,23
1900-01-01 13:16:00.498,0.182724,0.28993,0.442617,1.094418,0,0.0,23
1900-01-01 13:16:01.498,0.194175,0.312375,0.469527,0.967118,0,0.0,23
1900-01-01 13:16:02.498,0.196947,0.316502,0.475894,1.141566,0,0.0,23
1900-01-01 13:16:03.498,0.19701,0.316549,0.476454,1.023696,0,0.0,23
1900-01-01 13:16:04.498,0.198905,0.319222,0.478255,1.075559,0,0.0,23
1900-01-01 13:16:05.498,0.198296,0.318083,0.477511,1.193429,0,0.0,23
1900-01-01 13:16:06.498,0.197519,0.316906,0.476206,1.443314,0,0.0,23
1900-01-01 13:16:07.498,0.19669,0.315751,0.473955,1.245292,0,0.0,23
1900-01-01 13:16:08.498,0.195997,0.313719,0.471879,1.344303,0,0.0,23
1900-01-01 13:16:09.498,0.19606,0.314218,0.471465,1.353732,0,0.0,23
1900-01-01 13:16:10.498,0.194952,0.31268,0.469665,1.122707,0,0.0,23
1900-01-01 13:16:11.498,0.195377,0.312081,0.468581,1.014266,0,0.0,23
1900-01-01 13:16:12.498,0.193781,0.310417,0.4661,1.367877,0,0.0,23
1900-01-01 13:16:13.498,0.193335,0.307303,0.462646,1.122707,0,0.0,23
1900-01-01 13:16:14.498,0.192537,0.307093,0.461892,1.056699,0,0.0,23
1900-01-01 13:16:15.498,0.19093,0.303486,0.456555,1.207573,0,0.0,23
1900-01-01 13:16:16.498,0.189176,0.301675,0.453863,1.433884,0,0.0,23
1900-01-01 13:16:17.498,0.188111,0.298625,0.450767,1.424454,0,0.0,23
1900-01-01 13:16:18.498,0.186856,0.297385,0.448387,1.099133,0,0.0,23
1900-01-01 13:16:19.498,0.185921,0.295742,0.445557,1.268866,0,0.0,23
1900-01-01 13:16:20.498,0.186331,0.296661,0.446779,1.183999,0,0.0,23
1900-01-01 13:16:21.498,0.186961,0.297758,0.445805,1.311299,0,0.0,23
1900-01-01 13:16:22.498,0.185674,0.294729,0.443104,1.188714,0,0.0,23
1900-01-01 13:16:23.498,0.185496,0.294592,0.44304,1.339588,0,0.0,23
1900-01-01 13:16:24.498,0.184341,0.292429,0.439916,1.287725,0,0.0,23
1900-01-01 13:16:25.498,0.184603,0.292671,0.440881,1.207573,0,0.0,23
1900-01-01 13:16:26.498,0.183947,0.291274,0.438685,1.108562,0,0.0,23
1900-01-01 13:16:27.498,0.184283,0.291909,0.438116,1.367877,0,0.0,23
1900-01-01 13:16:28.498,0.184294,0.292891,0.439494,1.485747,0,0.0,23
1900-01-01 13:16:29.498,0.184409,0.29277,0.440073,1.160425,0,0.0,23
1900-01-01 13:16:30.498,0.184624,0.293274,0.44067,1.349017,0,0.0,23
1900-01-01 13:16:31.498,0.183023,0.289541,0.436324,1.014266,0,0.0,23
1900-01-01 13:16:32.498,0.182666,0.288559,0.434983,1.268866,0,0.0,23
1900-01-01 13:16:33.498,0.183811,0.291794,0.439255,1.462173,0,0.0,23
1900-01-01 13:16:34.498,0.184876,0.293962,0.440532,1.17457,0,0.0,23
1900-01-01 13:16:35.498,0.184383,0.292802,0.439062,1.344303,0,0.0,23
1900-01-01 13:16:36.498,0.184609,0.293353,0.440559,1.231147,0,0.0,23
1900-01-01 13:16:37.498,0.184619,0.292692,0.440247,1.358447,0,0.0,23
1900-01-01 13:16:38.498,0.183223,0.290964,0.43728,1.316014,0,0.0,23
1900-01-01 13:16:39.498,0.182088,0.288675,0.434873,1.41031,0,0.0,23
1900-01-01 13:16:40.498,0.182262,0.288276,0.434257,1.481032,0,0.0,23
1900-01-01 13:16:41.498,0.180839,0.287331,0.431106,1.103847,0,0.0,23
1900-01-01 13:16:42.498,0.181212,0.287677,0.432805,1.070844,0,0.0,23
1900-01-01 13:16:43.498,0.182377,0.289274,0.435608,1.179284,0,0.0,23
1900-01-01 13:16:44.498,0.183658,0.291573,0.438189,1.504606,0,0.0,23
1900-01-01 13:16:45.498,0.184635,0.293962,0.441377,1.278295,0,0.0,23
1900-01-01 13:16:46.498,0.184866,0.295002,0.443885,1.04727,0,0.0,23
1900-01-01 13:16:47.498,0.185065,0.295144,0.443003,1.217003,0,0.0,23
1900-01-01 13:16:48.498,0.185233,0.295028,0.442397,1.301869,0,0.0,23
1900-01-01 13:16:49.498,0.184745,0.293463,0.440725,1.316014,0,0.0,23
1900-01-01 13:16:50.498,0.179516,0.300273,0.44315,1.386736,0,0.0,23
1900-01-01 13:16:51.498,0.171898,0.308249,0.445144,0.924685,0,0.0,23
1900-01-01 13:16:52.498,0.17164,0.307456,0.447477,1.40088,0,0.0,23
1900-01-01 13:16:53.498,0.172606,0.308112,0.443692,1.490462,0,0.0,23
1900-01-01 13:16:54.498,0.173042,0.308632,0.446614,1.000122,0,0.0,23
1900-01-01 13:16:55.498,0.173725,0.31038,0.450794,1.066129,0,0.0,23
1900-01-01 13:16:56.498,0.174061,0.311919,0.453541,1.169855,0,0.0,23
1900-01-01 13:16:57.498,0.179211,0.308789,0.452282,1.122707,0,0.0,23
1900-01-01 13:16:58.498,0.186672,0.297454,0.447128,1.306584,0,0.0,23
1900-01-01 13:16:59.498,0.186399,0.297112,0.446981,1.03784,0,0.0,23
1900-01-01 13:17:00.498,0.187087,0.297438,0.44767,1.169855,0,0.0,23
1900-01-01 13:17:01.498,0.185674,0.295779,0.445612,0.915255,0,0.0,23
1900-01-01 13:17:02.498,0.18559,0.295868,0.444942,1.094418,0,0.0,23
1900-01-01 13:17:03.498,0.185785,0.295427,0.444372,1.53761,0,0.0,23
1900-01-01 13:17:04.498,0.185727,0.294666,0.444207,1.259436,0,0.0,23
1900-01-01 13:17:05.498,0.183979,0.292135,0.438318,1.141566,0,0.0,23
1900-01-01 13:17:06.498,0.183989,0.292482,0.437022,1.160425,0,0.0,23
1900-01-01 13:17:07.498,0.178313,0.300436,0.441818,1.518751,0,0.0,23
1900-01-01 13:17:08.498,0.185081,0.295128,0.443564,1.014266,0,0.0,23
1900-01-01 13:17:09.498,0.184693,0.294482,0.444887,1.146281,0,0.0,23
1900-01-01 13:17:10.498,0.183763,0.293138,0.441533,1.231147,0,0.0,23
1900-01-01 13:17:11.498,0.178949,0.283005,0.427523,0.806814,0,0.0,23
1900-01-01 13:17:12.498,0.175358,0.277691,0.418804,1.150995,0,0.0,23
1900-01-01 13:17:13.498,0.172906,0.272955,0.411858,1.28301,0,0.0,23
1900-01-01 13:17:14.498,0.17236,0.272913,0.411546,1.094418,0,0.0,23
1900-01-01 13:17:15.498,0.172853,0.274131,0.411436,1.02841,0,0.0,23
1900-01-01 13:17:16.498,0.17519,0.277607,0.420347,1.28301,0,0.0,23
1900-01-01 13:17:17.498,0.177116,0.281078,0.425226,1.367877,0,0.0,23
1900-01-01 13:17:18.498,0.178865,0.2847,0.430463,0.882251,0,0.0,23
1900-01-01 13:17:19.498,0.180351,0.288985,0.43513,1.146281,0,0.0,23
1900-01-01 13:17:20.498,0.182582,0.291873,0.438759,1.264151,0,0.0,23
1900-01-01 13:17:21.498,0.184246,0.293752,0.442737,1.363162,0,0.0,23
1900-01-01 13:17:22.498,0.185722,0.297249,0.448167,1.113277,0,0.0,23
1900-01-01 13:17:23.498,0.186242,0.298856,0.44915,1.363162,0,0.0,23
1900-01-01 13:17:24.498,0.187565,0.300798,0.449563,1.070844,0,0.0,23
1900-01-01 13:17:25.498,0.187743,0.301633,0.453615,1.117992,0,0.0,23
1900-01-01 13:17:26.498,0.188447,0.302919,0.456711,1.150995,0,0.0,23
1900-01-01 13:17:27.498,0.188788,0.302552,0.453624,1.287725,0,0.0,23
1900-01-01 13:17:28.498,0.189691,0.304006,0.453835,1.438599,0,0.0,23
1900-01-01 13:17:29.498,0.189239,0.30315,0.455865,1.103847,0,0.0,23
1900-01-01 13:17:30.498,0.187197,0.300231,0.448782,0.934114,0,0.0,23
1900-01-01 13:17:31.498,0.182755,0.294309,0.446338,1.325443,0,0.0,23
1900-01-01 13:17:32.498,0.172759,0.279098,0.420798,1.259436,0,0.0,23
1900-01-01 13:17:33.498,0.169692,0.27201,0.41365,1.202858,0,0.0,23
1900-01-01 13:17:34.498,0.161134,0.256957,0.390333,1.099133,0,0.0,23
1900-01-01 13:17:35.498,0.158084,0.250342,0.382092,1.070844,0,0.0,23
1900-01-01 13:17:36.498,0.154472,0.242891,0.371793,0.816244,0,0.0,23
1900-01-01 13:17:37.498,0.152161,0.238744,0.365022,1.339588,0,0.0,23
1900-01-01 13:17:38.498,0.153311,0.240219,0.36843,1.334873,0,0.0,23
1900-01-01 13:17:39.498,0.155553,0.246367,0.374742,1.122707,0,0.0,23
1900-01-01 13:17:40.498,0.151148,0.236318,0.361769,0.985977,0,0.0,23
1900-01-01 13:17:41.498,0.154057,0.242566,0.370506,0.957688,0,0.0,23
1900-01-01 13:17:42.498,0.154818,0.24317,0.370947,1.712058,0,0.0,23
1900-01-01 13:17:43.498,0.153763,0.241826,0.368697,1.061414,0,0.0,23
1900-01-01 13:17:44.498,0.14993,0.234186,0.358104,1.160425,0,0.0,23
1900-01-01 13:17:45.498,0.154745,0.243154,0.371591,1.051984,0,0.0,23
1900-01-01 13:17:46.498,0.156005,0.243947,0.374328,1.108562,0,0.0,23
1900-01-01 13:17:47.498,0.169026,0.268608,0.407926,1.198144,0,0.0,23
1900-01-01 13:17:48.498,0.184089,0.295327,0.445962,1.339588,0,0.0,23
1900-01-01 13:17:49.498,0.175205,0.314733,0.45921,1.53761,0,0.0,23
1900-01-01 13:17:50.498,0.178618,0.336884,0.485458,1.084988,0,0.0,23
1900-01-01 13:17:51.498,0.170884,0.322661,0.464492,1.094418,0,0.0,23
1900-01-01 13:17:52.498,0.173126,0.323758,0.467092,1.264151,0,0.0,23
1900-01-01 13:17:53.498,0.174223,0.327875,0.470997,1.150995,0,0.0,23
1900-01-01 13:17:54.498,0.172407,0.323916,0.467451,1.150995,0,0.0,23
1900-01-01 13:17:55.498,0.169797,0.317096,0.457014,0.976548,0,0.0,23
1900-01-01 13:17:56.498,0.167456,0.31414,0.452705,0.929399,0,0.0,23
1900-01-01 13:17:57.498,0.167256,0.313656,0.453118,0.886966,0,0.0,23
1900-01-01 13:17:58.498,0.169057,0.315673,0.454754,1.103847,0,0.0,23
1900-01-01 13:17:59.498,0.165072,0.306799,0.44281,1.462173,0,0.0,23
1900-01-01 13:18:00.498,0.169383,0.31572,0.455553,1.051984,0,0.0,23
1900-01-01 13:18:01.498,0.17173,0.319563,0.458769,0.924685,0,0.0,23
1900-01-01 13:18:02.498,0.171435,0.321065,0.461635,1.245292,0,0.0,23
1900-01-01 13:18:03.498,0.173998,0.326725,0.469656,1.033125,0,0.0,23
1900-01-01 13:18:04.498,0.175851,0.331881,0.476509,1.297155,0,0.0,23
1900-01-01 13:18:05.498,0.174517,0.32903,0.472448,0.971833,0,0.0,23
1900-01-01 13:18:06.498,0.179049,0.336034,0.482453,1.198144,0,0.0,23
1900-01-01 13:18:07.498,0.18232,0.345133,0.493359,1.259436,0,0.0,23
1900-01-01 13:18:08.498,0.181548,0.341998,0.489537,1.240577,0,0.0,23
1900-01-01 13:18:09.498,0.180251,0.33984,0.486827,0.962403,0,0.0,23
1900-01-01 13:18:10.498,0.180177,0.341484,0.488811,1.17457,0,0.0,23
1900-01-01 13:18:11.498,0.181112,0.342623,0.490354,1.476317,0,0.0,23
1900-01-01 13:18:12.498,0.17783,0.335692,0.481967,1.150995,0,0.0,23
1900-01-01 13:18:13.498,0.177946,0.336008,0.48113,1.051984,0,0.0,23
1900-01-01 13:18:14.498,0.176124,0.331938,0.476032,1.094418,0,0.0,23
1900-01-01 13:18:15.498,0.161134,0.353696,0.483041,1.297155,0,0.0,23
1900-01-01 13:18:16.498,0.12928,0.370429,0.476427,1.193429,0,0.0,23
1900-01-01 13:18:17.498,0.126891,0.362664,0.466431,1.070844,0,0.0,23
1900-01-01 13:18:18.498,0.127033,0.356342,0.459182,1.051984,0,0.0,23
1900-01-01 13:18:19.498,0.124592,0.348514,0.448975,1.160425,0,0.0,23
1900-01-01 13:18:20.498,0.125831,0.346697,0.44711,1.330158,0,0.0,23
1900-01-01 13:18:21.498,0.125484,0.361383,0.46361,1.278295,0,0.0,23
1900-01-01 13:18:22.498,0.121231,0.381481,0.479458,1.075559,0,0.0,23
1900-01-01 13:18:23.498,0.12288,0.398304,0.497438,1.070844,0,0.0,23
1900-01-01 13:18:24.498,0.120565,0.398351,0.495325,1.117992,0,0.0,23
1900-01-01 13:18:25.498,0.112101,0.348834,0.438878,1.221718,0,0.0,23
1900-01-01 13:18:26.498,0.112868,0.350199,0.439301,0.891681,0,0.0,23
1900-01-01 13:18:27.498,0.110195,0.333955,0.421018,1.448028,0,0.0,23
1900-01-01 13:18:28.498,0.10253,0.294666,0.376607,1.16514,0,0.0,23
1900-01-01 13:18:29.498,0.090853,0.304421,0.377002,1.169855,0,0.0,23
1900-01-01 13:18:30.498,0.089404,0.321222,0.392786,1.40088,0,0.0,23
1900-01-01 13:18:31.498,0.081665,0.361619,0.425667,1.320729,0,0.0,23
1900-01-01 13:18:32.498,0.078551,0.336601,0.398528,1.080273,0,0.0,23
1900-01-01 13:18:33.498,0.080016,0.351627,0.413521,1.231147,0,0.0,23
1900-01-01 13:18:34.498,0.078976,0.350546,0.413558,0.905825,0,0.0,23
1900-01-01 13:18:35.498,0.083072,0.379397,0.445355,1.306584,0,0.0,23
1900-01-01 13:18:36.498,0.083849,0.396666,0.46452,1.448028,0,0.0,23
1900-01-01 13:18:37.498,0.086248,0.419489,0.487644,1.264151,0,0.0,23
1900-01-01 13:18:38.498,0.086253,0.431754,0.501021,1.287725,0,0.0,23
1900-01-01 13:18:39.498,0.087907,0.44288,0.513121,1.056699,0,0.0,23
1900-01-01 13:18:40.498,0.089309,0.462642,0.533287,1.268866,0,0.0,23
1900-01-01 13:18:41.498,0.090281,0.469263,0.54094,1.217003,0,0.0,23
1900-01-01 13:18:42.498,0.091042,0.476776,0.548188,1.084988,0,0.0,23
1900-01-01 13:18:43.498,0.090275,0.481712,0.553214,1.094418,0,0.0,23
1900-01-01 13:18:44.498,0.090338,0.477769,0.548335,0.91997,0,0.0,23
1900-01-01 13:18:45.498,0.09111,0.481927,0.553903,1.103847,0,0.0,23
1900-01-01 13:18:46.498,0.092197,0.491656,0.563329,1.481032,0,0.0,23
1900-01-01 13:18:47.498,0.094796,0.525947,0.600372,1.136851,0,0.0,23
1900-01-01 13:18:48.498,0.093972,0.516407,0.590367,1.094418,0,0.0,23
1900-01-01 13:18:49.498,0.094014,0.51711,0.591166,1.358447,0,0.0,23
1900-01-01 13:18:50.498,0.092349,0.509087,0.582521,1.141566,0,0.0,23
1900-01-01 13:18:51.498,0.092066,0.500393,0.57338,1.103847,0,0.0,23
1900-01-01 13:18:52.498,0.092144,0.500876,0.573959,1.235862,0,0.0,23
1900-01-01 13:18:53.498,0.09173,0.496833,0.569227,1.551754,0,0.0,23
1900-01-01 13:18:54.498,0.093247,0.506362,0.580178,1.353732,0,0.0,23
1900-01-01 13:18:55.498,0.093945,0.52706,0.602393,1.226432,0,0.0,23
1900-01-01 13:18:56.498,0.095085,0.534226,0.608429,1.094418,0,0.0,23
1900-01-01 13:18:57.498,0.09404,0.525763,0.599812,1.160425,0,0.0,23
1900-01-01 13:18:58.498,0.09332,0.513787,0.587418,1.264151,0,0.0,23
1900-01-01 13:18:59.498,0.091782,0.511902,0.586215,1.325443,0,0.0,23
1900-01-01 13:19:00.498,0.094318,0.51596,0.590248,1.250006,0,0.0,23
1900-01-01 13:19:01.498,0.095116,0.532153,0.608145,1.264151,0,0.0,23
1900-01-01 13:19:02.498,0.096833,0.55034,0.624838,1.264151,0,0.0,23
1900-01-01 13:19:03.498,0.095862,0.547636,0.622238,1.448028,0,0.0,23
1900-01-01 13:19:04.498,0.093688,0.529575,0.603431,1.113277,0,0.0,23
1900-01-01 13:19:05.498,0.09173,0.501154,0.572838,0.811529,0,0.0,23
1900-01-01 13:19:06.498,0.092192,0.501658,0.573398,1.212288,0,0.0,23
1900-01-01 13:19:07.498,0.092659,0.503559,0.577266,1.495176,0,0.0,23
1900-01-01 13:19:08.498,0.093163,0.51344,0.586343,1.014266,0,0.0,23
1900-01-01 13:19:09.498,0.093005,0.512395,0.586775,1.070844,0,0.0,23
1900-01-01 13:19:10.498,0.094229,0.520901,0.595108,1.099133,0,0.0,23
1900-01-01 13:19:11.498,0.09531,0.528693,0.603817,1.094418,0,0.0,23
1900-01-01 13:19:12.498,0.095116,0.52884,0.604157,0.830388,0,0.0,23
1900-01-01 13:19:13.498,0.095914,0.530598,0.604369,1.367877,0,0.0,23
1900-01-01 13:19:14.498,0.096744,0.532835,0.606721,1.259436,0,0.0,23
1900-01-01 13:19:15.498,0.095982,0.530467,0.604019,1.485747,0,0.0,23
1900-01-01 13:19:16.498,0.095604,0.521405,0.594869,0.820959,0,0.0,23
1900-01-01 13:19:17.498,0.09519,0.513918,0.587712,1.113277,0,0.0,23
1900-01-01 13:19:18.498,0.095872,0.517698,0.590303,1.193429,0,0.0,23
1900-01-01 13:19:19.498,0.096775,0.521048,0.594805,1.17457,0,0.0,23
1900-01-01 13:19:20.498,0.098539,0.546192,0.621916,1.056699,0,0.0,23
1900-01-01 13:19:21.498,0.099742,0.562479,0.63883,1.103847,0,0.0,23
1900-01-01 13:19:22.498,0.101779,0.575888,0.651628,1.339588,0,0.0,23
1900-01-01 13:19:23.498,0.101075,0.577427,0.654099,1.344303,0,0.0,23
1900-01-01 13:19:24.498,0.101254,0.575447,0.651949,1.094418,0,0.0,23
1900-01-01 13:19:25.498,0.099873,0.564338,0.639482,1.099133,0,0.0,23
1900-01-01 13:19:26.498,0.098119,0.554603,0.629863,1.212288,0,0.0,23
1900-01-01 13:19:27.498,0.098639,0.541561,0.617332,1.311299,0,0.0,23
1900-01-01 13:19:28.498,0.098623,0.537786,0.612766,1.056699,0,0.0,23
1900-01-01 13:19:29.498,0.098308,0.536841,0.612472,1.254721,0,0.0,23
1900-01-01 13:19:30.498,0.100162,0.55002,0.625637,1.212288,0,0.0,23
1900-01-01 13:19:31.498,0.098959,0.555622,0.631113,1.481032,0,0.0,23
1900-01-01 13:19:32.498,0.098991,0.549306,0.62425,0.967118,0,0.0,23
1900-01-01 13:19:33.498,0.098062,0.544213,0.61973,1.061414,0,0.0,23
1900-01-01 13:19:34.498,0.100188,0.549747,0.625352,1.297155,0,0.0,23
1900-01-01 13:19:35.498,0.100303,0.556257,0.631921,1.136851,0,0.0,23
1900-01-01 13:19:36.498,0.100015,0.558588,0.634264,1.726202,0,0.0,23
1900-01-01 13:19:37.498,0.099815,0.559092,0.634466,0.835103,0,0.0,23
1900-01-01 13:19:38.498,0.100088,0.5669,0.643212,1.160425,0,0.0,23
1900-01-01 13:19:39.498,0.101317,0.567719,0.64381,1.160425,0,0.0,23
1900-01-01 13:19:40.498,0.102173,0.575584,0.652032,1.108562,0,0.0,23
1900-01-01 13:19:41.498,0.103469,0.582793,0.659171,1.353732,0,0.0,23
1900-01-01 13:19:42.498,0.103422,0.589188,0.66585,1.254721,0,0.0,23
1900-01-01 13:19:43.498,0.104404,0.592448,0.668836,1.198144,0,0.0,23
1900-01-01 13:19:44.498,0.103763,0.595011,0.671564,0.995407,0,0.0,23
1900-01-01 13:19:45.498,0.106814,0.600124,0.677086,1.278295,0,0.0,23
1900-01-01 13:19:46.498,0.105512,0.60359,0.681707,1.051984,0,0.0,23
1900-01-01 13:19:47.498,0.105596,0.603605,0.681634,1.033125,0,0.0,23
1900-01-01 13:19:48.498,0.105291,0.601217,0.678381,1.443314,0,0.0,23
1900-01-01 13:19:49.498,0.103963,0.588327,0.665198,1.136851,0,0.0,23
1900-01-01 13:19:50.498,0.103186,0.571625,0.647613,1.250006,0,0.0,23
1900-01-01 13:19:51.498,0.102593,0.565314,0.641614,0.976548,0,0.0,23
1900-01-01 13:19:52.498,0.102593,0.561103,0.636405,1.16514,0,0.0,23
1900-01-01 13:19:53.498,0.101737,0.553695,0.628605,1.490462,0,0.0,23
1900-01-01 13:19:54.498,0.102057,0.549899,0.625205,1.009551,0,0.0,23
1900-01-01 13:19:55.498,0.102367,0.55412,0.629459,1.202858,0,0.0,23
1900-01-01 13:19:56.498,0.101968,0.556247,0.631296,1.320729,0,0.0,23
1900-01-01 13:19:57.498,0.101947,0.560458,0.636313,1.424454,0,0.0,23
1900-01-01 13:19:58.498,0.102335,0.559675,0.636349,1.099133,0,0.0,23
1900-01-01 13:19:59.498,0.103212,0.56387,0.640337,1.075559,0,0.0,23
1900-01-01 13:20:00.498,0.103028,0.567288,0.643488,1.136851,0,0.0,23
1900-01-01 13:20:01.498,0.103763,0.572218,0.649846,1.070844,0,0.0,23
1900-01-01 13:20:02.498,0.106116,0.595683,0.672786,1.099133,0,0.0,23
1900-01-01 13:20:03.498,0.106677,0.603931,0.681165,1.136851,0,0.0,23
1900-01-01 13:20:04.498,0.106845,0.609754,0.687863,1.268866,0,0.0,23
1900-01-01 13:20:05.498,0.107433,0.61607,0.694257,1.316014,0,0.0,23
1900-01-01 13:20:06.498,0.108452,0.622544,0.70078,1.04727,0,0.0,23
1900-01-01 13:20:07.498,0.107953,0.622208,0.700275,1.193429,0,0.0,23
1900-01-01 13:20:08.498,0.109555,0.623221,0.701487,1.066129,0,0.0,23
1900-01-01 13:20:09.498,0.108515,0.623898,0.702388,1.316014,0,0.0,23
1900-01-01 13:20:10.498,0.10957,0.623478,0.701653,1.207573,0,0.0,23
1900-01-01 13:20:11.498,0.109187,0.625683,0.704942,1.051984,0,0.0,23
1900-01-01 13:20:12.498,0.10904,0.629017,0.708249,1.113277,0,0.0,23
1900-01-01 13:20:13.498,0.110416,0.633234,0.712347,1.301869,0,0.0,23
1900-01-01 13:20:14.498,0.110027,0.635917,0.714882,1.377306,0,0.0,23
1900-01-01 13:20:15.498,0.110804,0.640978,0.72146,1.070844,0,0.0,23
1900-01-01 13:20:16.498,0.11093,0.641466,0.721295,0.995407,0,0.0,23
1900-01-01 13:20:17.498,0.111718,0.641419,0.721396,1.613047,0,0.0,23
1900-01-01 13:20:18.498,0.111592,0.639214,0.718723,1.41974,0,0.0,23
1900-01-01 13:20:19.498,0.109602,0.630425,0.70982,0.773811,0,0.0,23
1900-01-01 13:20:20.498,0.110179,0.62866,0.707689,1.207573,0,0.0,23
1900-01-01 13:20:21.498,0.11008,0.624938,0.703536,1.306584,0,0.0,23
1900-01-01 13:20:22.498,0.1104,0.623342,0.702277,1.52818,0,0.0,23
1900-01-01 13:20:23.498,0.110379,0.62562,0.704207,0.995407,0,0.0,23
1900-01-01 13:20:24.498,0.110993,0.633102,0.711878,1.226432,0,0.0,23
1900-01-01 13:20:25.498,0.110788,0.63431,0.714625,1.311299,0,0.0,23
1900-01-01 13:20:26.498,0.111377,0.63158,0.710665,1.27358,0,0.0,23
1900-01-01 13:20:27.498,0.110626,0.625426,0.704326,1.396165,0,0.0,23
1900-01-01 13:20:28.498,0.109644,0.621572,0.700238,0.976548,0,0.0,23
1900-01-01 13:20:29.498,0.109581,0.618055,0.696205,1.169855,0,0.0,23
1900-01-01 13:20:30.498,0.109198,0.620213,0.698373,1.127421,0,0.0,23
1900-01-01 13:20:31.498,0.109124,0.621499,0.69988,1.127421,0,0.0,23
1900-01-01 13:20:32.498,0.110269,0.626277,0.705162,1.250006,0,0.0,23
1900-01-01 13:20:33.498,0.110248,0.627595,0.707257,0.797385,0,0.0,23
1900-01-01 13:20:34.498,0.11071,0.632919,0.71186,1.004836,0,0.0,23
1900-01-01 13:20:35.498,0.111597,0.636148,0.715296,1.457458,0,0.0,23
1900-01-01 13:20:36.498,0.111398,0.634263,0.713642,1.226432,0,0.0,23
1900-01-01 13:20:37.498,0.111907,0.633795,0.712089,1.212288,0,0.0,23
1900-01-01 13:20:38.498,0.1102,0.630377,0.709793,1.306584,0,0.0,23
1900-01-01 13:20:39.498,0.111208,0.630902,0.71152,1.344303,0,0.0,23
1900-01-01 13:20:40.498,0.111881,0.634326,0.71344,1.084988,0,0.0,23
1900-01-01 13:20:41.498,0.111471,0.638746,0.718842,1.207573,0,0.0,23
1900-01-01 13:20:42.498,0.113177,0.654414,0.736004,1.358447,0,0.0,23
1900-01-01 13:20:43.498,0.114931,0.678445,0.76114,1.127421,0,0.0,23
1900-01-01 13:20:44.498,0.119168,0.72363,0.810889,1.136851,0,0.0,23
1900-01-01 13:20:45.498,0.128015,0.828108,0.921798,1.306584,0,0.0,23
1900-01-01 13:20:46.498,0.135239,0.934665,1.034829,1.316014,0,0.0,23
1900-01-01 13:20:47.498,0.137828,0.961112,1.059699,1.466888,0,0.0,23
1900-01-01 13:20:48.498,0.137355,0.962739,1.06285,1.004836,0,0.0,23
1900-01-01 13:20:49.498,0.13672,0.959557,1.060416,1.042555,0,0.0,23
1900-01-01 13:20:50.498,0.138174,0.967517,1.068528,1.042555,0,0.0,23
1900-01-01 13:20:51.498,0.13713,0.976532,1.076833,1.278295,0,0.0,23
1900-01-01 13:20:52.498,0.137781,0.983468,1.083963,1.231147,0,0.0,23
1900-01-01 13:20:53.498,0.138778,0.986445,1.089402,1.250006,0,0.0,23
1900-01-01 13:20:54.498,0.138678,0.987757,1.089236,1.183999,0,0.0,23
1900-01-01 13:20:55.498,0.139392,0.991553,1.09383,0.995407,0,0.0,23
1900-01-01 13:20:56.498,0.139251,0.9964,1.097248,1.150995,0,0.0,23
1900-01-01 13:20:57.498,0.141283,1.005525,1.107905,1.457458,0,0.0,23
1900-01-01 13:20:58.498,0.140217,1.00469,1.107179,0.613507,0,0.0,23
1900-01-01 13:20:59.498,0.139272,1.010124,1.112903,1.03784,0,0.0,23
1900-01-01 13:21:00.498,0.140968,1.0136,1.117551,1.198144,0,0.0,23
1900-01-01 13:21:01.498,0.141519,1.015369,1.117496,0.896396,0,0.0,23
1900-01-01 13:21:02.498,0.140002,1.018562,1.122467,1.146281,0,0.0,23
1900-01-01 13:21:03.498,0.141519,1.022022,1.126316,1.363162,0,0.0,23
1900-01-01 13:21:04.498,0.141162,1.024993,1.128659,1.146281,0,0.0,23
1900-01-01 13:21:05.498,0.141466,1.021649,1.126169,1.084988,0,0.0,23
1900-01-01 13:21:06.498,0.141724,1.02439,1.128585,1.108562,0,0.0,23
1900-01-01 13:21:07.498,0.143278,1.028102,1.132995,1.099133,0,0.0,23
1900-01-01 13:21:08.498,0.141944,1.026778,1.130083,1.358447,0,0.0,23
1900-01-01 13:21:09.498,0.141608,1.027991,1.131387,1.113277,0,0.0,23
1900-01-01 13:21:10.498,0.142186,1.028259,1.132674,1.150995,0,0.0,23
1900-01-01 13:21:11.498,0.141398,1.028653,1.131994,0.962403,0,0.0,23
1900-01-01 13:21:12.498,0.142159,1.029188,1.132848,1.136851,0,0.0,23
1900-01-01 13:21:13.498,0.140737,1.029593,1.133115,1.358447,0,0.0,23
1900-01-01 13:21:14.498,0.141834,1.031504,1.135568,1.316014,0,0.0,23
1900-01-01 13:21:15.498,0.14239,1.030013,1.134989,1.339588,0,0.0,23
1900-01-01 13:21:16.498,0.141834,1.030291,1.133785,0.985977,0,0.0,23
1900-01-01 13:21:17.498,0.142039,1.035657,1.140272,1.202858,0,0.0,23
1900-01-01 13:21:18.498,0.141655,1.037211,1.141209,0.877537,0,0.0,23
1900-01-01 13:21:19.498,0.142044,1.033189,1.137488,1.16514,0,0.0,23
1900-01-01 13:21:20.498,0.142154,1.032564,1.136192,1.235862,0,0.0,23
1900-01-01 13:21:21.498,0.142569,1.034297,1.138912,1.443314,0,0.0,23
1900-01-01 13:21:22.498,0.14123,1.035767,1.140657,1.306584,0,0.0,23
1900-01-01 13:21:23.498,0.141886,1.034827,1.138416,1.202858,0,0.0,23
1900-01-01 13:21:24.498,0.142243,1.033357,1.137975,1.061414,0,0.0,23
1900-01-01 13:21:25.498,0.142469,1.034407,1.138949,1.264151,0,0.0,23
1900-01-01 13:21:26.498,0.141682,1.036077,1.139904,0.967118,0,0.0,23
1900-01-01 13:21:27.498,0.142259,1.033504,1.137387,1.169855,0,0.0,23
1900-01-01 13:21:28.498,0.141435,1.036135,1.140648,1.009551,0,0.0,23
1900-01-01 13:21:29.498,0.142159,1.035793,1.139656,0.990692,0,0.0,23
1900-01-01 13:21:30.498,0.142196,1.034617,1.138278,1.212288,0,0.0,23
1900-01-01 13:21:31.498,0.141666,1.027918,1.133501,1.320729,0,0.0,23
1900-01-01 13:21:32.498,0.14248,1.029068,1.132481,0.990692,0,0.0,23
1900-01-01 13:21:33.498,0.141335,1.030821,1.13509,1.353732,0,0.0,23
1900-01-01 13:21:34.498,0.142721,1.02797,1.131874,1.27358,0,0.0,23
1900-01-01 13:21:35.498,0.141797,1.030816,1.135228,1.056699,0,0.0,23
1900-01-01 13:21:36.498,0.141687,1.029524,1.13215,1.061414,0,0.0,23
1900-01-01 13:21:37.498,0.142207,1.028348,1.133317,1.146281,0,0.0,23
1900-01-01 13:21:38.498,0.14197,1.03101,1.135715,1.245292,0,0.0,23
1900-01-01 13:21:39.498,0.142212,1.03143,1.135503,1.452743,0,0.0,23
1900-01-01 13:21:40.498,0.14175,1.030779,1.13566,1.264151,0,0.0,23
1900-01-01 13:21:41.498,0.141718,1.033851,1.137139,1.377306,0,0.0,23
1900-01-01 13:21:42.498,0.141472,1.030254,1.134346,1.386736,0,0.0,23
1900-01-01 13:21:43.498,0.141687,1.033867,1.137424,1.221718,0,0.0,23
1900-01-01 13:21:44.498,0.141571,1.035935,1.140419,1.117992,0,0.0,23
1900-01-01 13:21:45.498,0.141645,1.032423,1.135954,1.41031,0,0.0,23
1900-01-01 13:21:46.498,0.14133,1.034911,1.138627,1.443314,0,0.0,23
1900-01-01 13:21:47.498,0.140338,1.030275,1.134079,1.264151,0,0.0,23
1900-01-01 13:21:48.498,0.140826,1.030816,1.134612,1.099133,0,0.0,23
1900-01-01 13:21:49.498,0.142249,1.032759,1.13645,1.245292,0,0.0,23
1900-01-01 13:21:50.498,0.140899,1.032003,1.136689,1.415025,0,0.0,23
1900-01-01 13:21:51.498,0.142721,1.033305,1.13622,1.198144,0,0.0,23
1900-01-01 13:21:52.498,0.142417,1.036019,1.140713,0.967118,0,0.0,23
1900-01-01 13:21:53.498,0.141881,1.034917,1.139252,0.938829,0,0.0,23
1900-01-01 13:21:54.498,0.141503,1.031698,1.135788,0.868107,0,0.0,23
1900-01-01 13:21:55.498,0.141424,1.031635,1.135678,1.113277,0,0.0,23
1900-01-01 13:21:56.498,0.142595,1.031005,1.134833,1.179284,0,0.0,23
1900-01-01 13:21:57.498,0.141288,1.032018,1.136238,1.17457,0,0.0,23
1900-01-01 13:21:58.498,0.141729,1.035741,1.140253,1.17457,0,0.0,23
1900-01-01 13:21:59.498,0.141892,1.036145,1.139601,1.051984,0,0.0,23
1900-01-01 13:22:00.498,0.142086,1.034308,1.138149,1.212288,0,0.0,23
1900-01-01 13:22:01.498,0.141498,1.034617,1.138995,1.325443,0,0.0,23
1900-01-01 13:22:02.498,0.142474,1.036644,1.140226,0.943544,0,0.0,23
1900-01-01 13:22:03.498,0.142737,1.034754,1.138278,1.17457,0,0.0,23
1900-01-01 13:22:04.498,0.14092,1.034565,1.138673,1.207573,0,0.0,23
1900-01-01 13:22:05.498,0.142259,1.034838,1.139766,1.122707,0,0.0,23
1900-01-01 13:22:06.498,0.143971,1.03446,1.138535,1.443314,0,0.0,23
1900-01-01 13:22:07.498,0.142485,1.0374,1.141025,1.542325,0,0.0,23
1900-01-01 13:22:08.498,0.142018,1.036014,1.139711,1.693198,0,0.0,23
1900-01-01 13:22:09.498,0.142753,1.03467,1.139142,0.901111,0,0.0,23
1900-01-01 13:22:10.498,0.143351,1.037132,1.141567,1.221718,0,0.0,23
1900-01-01 13:22:11.498,0.141209,1.034743,1.139656,1.212288,0,0.0,23
1900-01-01 13:22:12.498,0.142952,1.039668,1.143625,1.056699,0,0.0,23
1900-01-01 13:22:13.498,0.142117,1.03635,1.140694,0.967118,0,0.0,23
1900-01-01 13:22:14.498,0.142243,1.035788,1.14233,1.04727,0,0.0,23
1900-01-01 13:22:15.498,0.141283,1.035888,1.140299,0.981262,0,0.0,23
1900-01-01 13:22:16.498,0.141372,1.035463,1.139831,1.084988,0,0.0,23
1900-01-01 13:22:17.498,0.142543,1.038455,1.142522,1.565899,0,0.0,23
1900-01-01 13:22:18.498,0.142018,1.039253,1.143542,1.03784,0,0.0,23
1900-01-01 13:22:19.498,0.141802,1.035158,1.139941,1.306584,0,0.0,23
1900-01-01 13:22:20.498,0.141802,1.039427,1.143698,1.15571,0,0.0,23
1900-01-01 13:22:21.498,0.141556,1.039726,1.144057,0.872822,0,0.0,23
1900-01-01 13:22:22.498,0.142574,1.03781,1.143368,1.051984,0,0.0,23
1900-01-01 13:22:23.498,0.142548,1.038875,1.143992,1.15571,0,0.0,23
1900-01-01 13:22:24.498,0.142543,1.038119,1.143028,0.91054,0,0.0,23
1900-01-01 13:22:25.498,0.141902,1.036308,1.141723,1.009551,0,0.0,23
1900-01-01 13:22:26.498,0.141881,1.036822,1.140814,1.070844,0,0.0,23
1900-01-01 13:22:27.498,0.142873,1.039694,1.144139,1.245292,0,0.0,23
1900-01-01 13:22:28.498,0.142411,1.038492,1.143864,0.995407,0,0.0,23
1900-01-01 13:22:29.498,0.142632,1.040703,1.144847,1.278295,0,0.0,23
1900-01-01 13:22:30.498,0.142579,1.040277,1.144415,1.344303,0,0.0,23
1900-01-01 13:22:31.498,0.142259,1.039547,1.144544,0.985977,0,0.0,23
1900-01-01 13:22:32.498,0.141529,1.040939,1.145793,1.580043,0,0.0,23
1900-01-01 13:22:33.498,0.141981,1.039925,1.14447,1.066129,0,0.0,23
1900-01-01 13:22:34.498,0.142317,1.038644,1.142844,1.089703,0,0.0,23
1900-01-01 13:22:35.498,0.142354,1.04139,1.146041,1.382021,0,0.0,23
1900-01-01 13:22:36.498,0.141687,1.042089,1.14617,1.325443,0,0.0,23
1900-01-01 13:22:37.498,0.142212,1.04002,1.144167,0.787955,0,0.0,23
1900-01-01 13:22:38.498,0.140863,1.040094,1.144002,0.78324,0,0.0,23
1900-01-01 13:22:39.498,0.143157,1.039096,1.142614,1.66491,0,0.0,23
1900-01-01 13:22:40.498,0.142527,1.040162,1.144939,1.15571,0,0.0,23
1900-01-01 13:22:41.498,0.14302,1.0396,1.143257,0.915255,0,0.0,23
1900-01-01 13:22:42.498,0.142758,1.041086,1.145692,1.179284,0,0.0,23
1900-01-01 13:22:43.498,0.14281,1.039878,1.143652,1.108562,0,0.0,23
1900-01-01 13:22:44.498,0.142448,1.038917,1.143698,1.160425,0,0.0,23
1900-01-01 13:22:45.498,0.142264,1.041396,1.145306,1.287725,0,0.0,23
1900-01-01 13:22:46.498,0.14228,1.039196,1.144038,1.094418,0,0.0,23
1900-01-01 13:22:47.498,0.143036,1.041648,1.145049,1.396165,0,0.0,23
1900-01-01 13:22:48.498,0.141109,1.039631,1.144452,0.613507,0,0.0,23
1900-01-01 13:22:49.498,0.141351,1.041081,1.145315,1.117992,0,0.0,23
1900-01-01 13:22:50.498,0.140936,1.040078,1.145003,1.103847,0,0.0,23
1900-01-01 13:22:51.498,0.143188,1.043543,1.146795,1.056699,0,0.0,23
1900-01-01 13:22:52.498,0.142359,1.040209,1.144139,1.250006,0,0.0,23
1900-01-01 13:22:53.498,0.142128,1.044415,1.149312,1.099133,0,0.0,23
1900-01-01 13:22:54.498,0.141834,1.039826,1.144893,1.132136,0,0.0,23
1900-01-01 13:22:55.498,0.143041,1.046084,1.149707,0.943544,0,0.0,23
1900-01-01 13:22:56.498,0.142364,1.044509,1.148908,1.386736,0,0.0,23
1900-01-01 13:22:57.498,0.141886,1.042425,1.147089,0.896396,0,0.0,23
1900-01-01 13:22:58.498,0.140989,1.041464,1.145591,1.146281,0,0.0,23
1900-01-01 13:22:59.498,0.14186,1.04065,1.145426,1.042555,0,0.0,23
1900-01-01 13:23:00.498,0.142973,1.042782,1.146501,1.287725,0,0.0,23
1900-01-01 13:23:01.498,0.142679,1.042461,1.146528,1.136851,0,0.0,23
1900-01-01 13:23:02.498,0.142879,1.042514,1.147079,0.91997,0,0.0,23
1900-01-01 13:23:03.498,0.141398,1.041532,1.146014,1.042555,0,0.0,23
1900-01-01 13:23:04.498,0.142165,1.039017,1.143561,1.009551,0,0.0,23
1900-01-01 13:23:05.498,0.142984,1.042246,1.145922,1.424454,0,0.0,23
1900-01-01 13:23:06.498,0.141472,1.041238,1.145168,1.325443,0,0.0,23
1900-01-01 13:23:07.498,0.143026,1.041726,1.144277,1.377306,0,0.0,23
1900-01-01 13:23:08.498,0.142831,1.040676,1.144608,1.009551,0,0.0,23
1900-01-01 13:23:09.498,0.142186,1.040519,1.144645,0.872822,0,0.0,23
1900-01-01 13:23:10.498,0.141487,1.041065,1.14549,1.349017,0,0.0,23
1900-01-01 13:23:11.498,0.141603,1.039983,1.144231,1.52818,0,0.0,23
1900-01-01 13:23:12.498,0.141419,1.041574,1.146703,1.207573,0,0.0,23
1900-01-01 13:23:13.498,0.141834,1.040802,1.144746,0.901111,0,0.0,23
1900-01-01 13:23:14.498,0.142133,1.042808,1.14605,1.448028,0,0.0,23
1900-01-01 13:23:15.498,0.14176,1.042923,1.146252,1.245292,0,0.0,23
1900-01-01 13:23:16.498,0.141902,1.042414,1.145692,0.971833,0,0.0,23
1900-01-01 13:23:17.498,0.141676,1.043606,1.148503,0.952974,0,0.0,23
1900-01-01 13:23:18.498,0.142338,1.04285,1.146262,1.382021,0,0.0,23
1900-01-01 13:23:19.498,0.141829,1.043711,1.14775,1.287725,0,0.0,23
1900-01-01 13:23:20.498,0.141608,1.041774,1.145637,1.056699,0,0.0,23
1900-01-01 13:23:21.498,0.141876,1.042309,1.146776,1.146281,0,0.0,23
1900-01-01 13:23:22.498,0.141823,1.040267,1.144957,1.386736,0,0.0,23
1900-01-01 13:23:23.498,0.141839,1.043228,1.1473,1.000122,0,0.0,23
1900-01-01 13:23:24.498,0.142149,1.043375,1.147263,0.981262,0,0.0,23
1900-01-01 13:23:25.498,0.142968,1.0438,1.148356,1.443314,0,0.0,23
1900-01-01 13:23:26.498,0.142375,1.045097,1.148402,1.443314,0,0.0,23
1900-01-01 13:23:27.498,0.14206,1.043354,1.147355,1.033125,0,0.0,23
1900-01-01 13:23:28.498,0.142616,1.043433,1.147566,1.02841,0,0.0,23
1900-01-01 13:23:29.498,0.142705,1.043764,1.14684,1.250006,0,0.0,23
1900-01-01 13:23:30.498,0.141519,1.043769,1.148219,1.452743,0,0.0,23
1900-01-01 13:23:31.498,0.142264,1.041952,1.146344,1.179284,0,0.0,23
1900-01-01 13:23:32.498,0.140679,1.041438,1.145857,0.896396,0,0.0,23
1900-01-01 13:23:33.498,0.142186,1.043559,1.147199,1.070844,0,0.0,23
1900-01-01 13:23:34.498,0.141535,1.044031,1.147851,1.339588,0,0.0,23
1900-01-01 13:23:35.498,0.141493,1.04222,1.145857,1.287725,0,0.0,23
1900-01-01 13:23:36.498,0.142627,1.043527,1.146712,1.424454,0,0.0,23
1900-01-01 13:23:37.498,0.141829,1.040855,1.145021,0.938829,0,0.0,23
1900-01-01 13:23:38.498,0.141907,1.043286,1.147024,1.221718,0,0.0,23
1900-01-01 13:23:39.498,0.14207,1.043895,1.14809,1.396165,0,0.0,23
1900-01-01 13:23:40.498,0.141603,1.041028,1.144865,1.188714,0,0.0,23
1900-01-01 13:23:41.498,0.142306,1.043386,1.148145,1.108562,0,0.0,23
1900-01-01 13:23:42.498,0.140936,1.041259,1.143818,1.27358,0,0.0,23
1900-01-01 13:23:43.498,0.141498,1.041212,1.145619,1.127421,0,0.0,23
1900-01-01 13:23:44.498,0.141797,1.043601,1.14877,1.075559,0,0.0,23
1900-01-01 13:23:45.498,0.141934,1.043296,1.147677,1.353732,0,0.0,23
1900-01-01 13:23:46.498,0.142989,1.042687,1.146703,1.495176,0,0.0,23
1900-01-01 13:23:47.498,0.141997,1.043669,1.147419,0.971833,0,0.0,23
1900-01-01 13:23:48.498,0.14207,1.044367,1.147667,1.15571,0,0.0,23
1900-01-01 13:23:49.498,0.141241,1.041259,1.144737,1.056699,0,0.0,23
1900-01-01 13:23:50.498,0.142558,1.041973,1.144342,1.499891,0,0.0,23
1900-01-01 13:23:51.498,0.14207,1.044814,1.148503,1.415025,0,0.0,23
1900-01-01 13:23:52.498,0.14123,1.042682,1.145894,1.132136,0,0.0,23
1900-01-01 13:23:53.498,0.142285,1.042902,1.146859,1.240577,0,0.0,23
1900-01-01 13:23:54.498,0.140737,1.042099,1.145573,1.150995,0,0.0,23
1900-01-01 13:23:55.498,0.142375,1.044325,1.149018,1.183999,0,0.0,23
1900-01-01 13:23:56.498,0.142012,1.044735,1.147842,1.301869,0,0.0,23
1900-01-01 13:23:57.498,0.141676,1.043517,1.146877,1.136851,0,0.0,23
1900-01-01 13:23:58.498,0.142333,1.043317,1.148568,1.485747,0,0.0,23
1900-01-01 13:23:59.498,0.142705,1.041322,1.144084,1.080273,0,0.0,23
1900-01-01 13:24:00.498,0.142039,1.043548,1.147217,1.613047,0,0.0,23
1900-01-01 13:24:01.498,0.14133,1.042813,1.147052,1.429169,0,0.0,23
1900-01-01 13:24:02.498,0.141881,1.042997,1.147566,1.438599,0,0.0,23
1900-01-01 13:24:03.498,0.141645,1.043386,1.147107,1.004836,0,0.0,23
1900-01-01 13:24:04.498,0.141907,1.044457,1.148237,1.278295,0,0.0,23
1900-01-01 13:24:05.498,0.141876,1.041522,1.145958,1.386736,0,0.0,23
1900-01-01 13:24:06.498,0.140763,1.04296,1.145214,1.042555,0,0.0,23
1900-01-01 13:24:07.498,0.141409,1.041417,1.144167,1.349017,0,0.0,23
1900-01-01 13:24:08.498,0.142333,1.041096,1.145481,1.141566,0,0.0,23
1900-01-01 13:24:09.498,0.142301,1.043627,1.148081,0.797385,0,0.0,23
1900-01-01 13:24:10.498,0.142443,1.045444,1.148843,1.150995,0,0.0,23
1900-01-01 13:24:11.498,0.142485,1.044735,1.148007,1.231147,0,0.0,23
1900-01-01 13:24:12.498,0.141934,1.044341,1.147925,1.160425,0,0.0,23
1900-01-01 13:24:13.498,0.142096,1.044714,1.147594,1.471602,0,0.0,23
1900-01-01 13:24:14.498,0.142091,1.043879,1.14786,1.051984,0,0.0,23
1900-01-01 13:24:15.498,0.140962,1.041868,1.146096,1.160425,0,0.0,23
1900-01-01 13:24:16.498,0.142984,1.043412,1.146666,1.250006,0,0.0,23
1900-01-01 13:24:17.498,0.143593,1.042572,1.146464,1.231147,0,0.0,23
1900-01-01 13:24:18.498,0.141036,1.043186,1.147364,1.372591,0,0.0,23
1900-01-01 13:24:19.498,0.142296,1.04579,1.150175,0.943544,0,0.0,23
1900-01-01 13:24:20.498,0.142553,1.045239,1.148972,0.915255,0,0.0,23
1900-01-01 13:24:21.498,0.142191,1.043459,1.147805,1.471602,0,0.0,23
1900-01-01 13:24:22.498,0.142196,1.042829,1.14684,1.075559,0,0.0,23
1900-01-01 13:24:23.498,0.142259,1.044772,1.148402,1.089703,0,0.0,23
1900-01-01 13:24:24.498,0.142527,1.041637,1.145931,1.264151,0,0.0,23
1900-01-01 13:24:25.498,0.141209,1.044283,1.148053,1.179284,0,0.0,23
1900-01-01 13:24:26.498,0.141115,1.04337,1.1473,1.448028,0,0.0,23
1900-01-01 13:24:27.498,0.140884,1.044714,1.148118,1.160425,0,0.0,23
1900-01-01 13:24:28.498,0.141535,1.043433,1.147649,1.183999,0,0.0,23
1900-01-01 13:24:29.498,0.14197,1.043165,1.146914,1.122707,0,0.0,23
1900-01-01 13:24:30.498,0.141776,1.045029,1.149045,1.193429,0,0.0,23
1900-01-01 13:24:31.498,0.14176,1.045039,1.148531,0.703089,0,0.0,23
1900-01-01 13:24:32.498,0.142663,1.041947,1.145462,1.023696,0,0.0,23
1900-01-01 13:24:33.498,0.141813,1.041926,1.145444,1.481032,0,0.0,23
1900-01-01 13:24:34.498,0.14196,1.041012,1.144553,1.462173,0,0.0,23
1900-01-01 13:24:35.498,0.140632,1.040839,1.144406,1.075559,0,0.0,23
1900-01-01 13:24:36.498,0.142212,1.044089,1.148632,0.816244,0,0.0,23
1900-01-01 13:24:37.498,0.142779,1.044194,1.147695,1.28301,0,0.0,23
1900-01-01 13:24:38.498,0.141419,1.044231,1.147474,1.250006,0,0.0,23
1900-01-01 13:24:39.498,0.141529,1.044457,1.14786,1.250006,0,0.0,23
1900-01-01 13:24:40.498,0.141372,1.043302,1.146041,1.27358,0,0.0,23
1900-01-01 13:24:41.498,0.141666,1.043669,1.147061,1.570613,0,0.0,23
1900-01-01 13:24:42.498,0.14122,1.045895,1.149385,1.405595,0,0.0,23
1900-01-01 13:24:43.498,0.141913,1.043774,1.147915,1.589473,0,0.0,23
1900-01-01 13:24:44.498,0.142296,1.046042,1.149716,1.231147,0,0.0,23
1900-01-01 13:24:45.498,0.141928,1.044751,1.147621,1.523465,0,0.0,23
1900-01-01 13:24:46.498,0.14144,1.043207,1.146703,1.584758,0,0.0,23
1900-01-01 13:24:47.498,0.141577,1.046179,1.149836,1.183999,0,0.0,23
1900-01-01 13:24:48.498,0.140642,1.042325,1.145958,1.183999,0,0.0,23
1900-01-01 13:24:49.498,0.1427,1.045391,1.148393,1.28301,0,0.0,23
1900-01-01 13:24:50.498,0.141167,1.043328,1.145913,1.405595,0,0.0,23
1900-01-01 13:24:51.498,0.140962,1.040892,1.143928,1.136851,0,0.0,23
1900-01-01 13:24:52.498,0.142306,1.04233,1.146455,0.967118,0,0.0,23
1900-01-01 13:24:53.498,0.14081,1.044667,1.147539,1.29244,0,0.0,23
1900-01-01 13:24:54.498,0.141834,1.045601,1.147667,1.396165,0,0.0,23
1900-01-01 13:24:55.498,0.141802,1.043155,1.147879,1.235862,0,0.0,23
1900-01-01 13:24:56.498,0.141603,1.044698,1.148347,1.132136,0,0.0,23
1900-01-01 13:24:57.498,0.140506,1.04442,1.146923,1.103847,0,0.0,23
1900-01-01 13:24:58.498,0.141708,1.044971,1.147153,1.580043,0,0.0,23
1900-01-01 13:24:59.498,0.141907,1.04368,1.145931,1.382021,0,0.0,23
1900-01-01 13:25:00.498,0.142102,1.042372,1.145591,1.707343,0,0.0,23
1900-01-01 13:25:01.498,0.141151,1.042992,1.145453,1.334873,0,0.0,23
1900-01-01 13:25:02.498,0.142238,1.043443,1.145949,0.929399,0,0.0,23
1900-01-01 13:25:03.498,0.141629,1.03918,1.142238,1.02841,0,0.0,23
1900-01-01 13:25:04.498,0.14227,1.041317,1.143809,0.962403,0,0.0,23
1900-01-01 13:25:05.498,0.141036,1.043254,1.146602,1.179284,0,0.0,23
1900-01-01 13:25:06.498,0.140842,1.043007,1.145628,1.396165,0,0.0,23
1900-01-01 13:25:07.498,0.141167,1.042409,1.145334,1.02841,0,0.0,23
1900-01-01 13:25:08.498,0.140873,1.043632,1.145995,1.297155,0,0.0,23
1900-01-01 13:25:09.498,0.140915,1.041742,1.144048,1.386736,0,0.0,23
1900-01-01 13:25:10.498,0.141377,1.040624,1.142596,1.245292,0,0.0,23
1900-01-01 13:25:11.498,0.141692,1.042341,1.144764,1.471602,0,0.0,23
1900-01-01 13:25:12.498,0.141897,1.040834,1.142844,1.169855,0,0.0,23
1900-01-01 13:25:13.498,0.140999,1.040855,1.142697,1.009551,0,0.0,23
1900-01-01 13:25:14.498,0.140889,1.040682,1.14379,1.136851,0,0.0,23
1900-01-01 13:25:15.498,0.140768,1.039989,1.142495,1.41031,0,0.0,23
1900-01-01 13:25:16.498,0.141535,1.040277,1.143386,1.217003,0,0.0,23
1900-01-01 13:25:17.498,0.141267,1.04211,1.144838,0.839818,0,0.0,23
1900-01-01 13:25:18.498,0.140894,1.038671,1.141007,1.113277,0,0.0,23
1900-01-01 13:25:19.498,0.140815,1.037736,1.140409,1.41031,0,0.0,23
1900-01-01 13:25:20.498,0.140206,1.039206,1.141677,1.179284,0,0.0,23
1900-01-01 13:25:21.498,0.141277,1.039164,1.14153,1.542325,0,0.0,23
1900-01-01 13:25:22.498,0.141393,1.039626,1.142807,0.901111,0,0.0,23
1900-01-01 13:25:23.498,0.141193,1.038818,1.141925,1.245292,0,0.0,23
1900-01-01 13:25:24.498,0.141892,1.03982,1.143607,1.207573,0,0.0,23
1900-01-01 13:25:25.498,0.141204,1.037962,1.141916,1.466888,0,0.0,23
1900-01-01 13:25:26.498,0.140248,1.036812,1.139573,0.981262,0,0.0,23
1900-01-01 13:25:27.498,0.141865,1.039017,1.142798,1.240577,0,0.0,23
1900-01-01 13:25:28.498,0.141356,1.039789,1.141907,1.136851,0,0.0,23
1900-01-01 13:25:29.498,0.141041,1.038728,1.142311,1.221718,0,0.0,23
1900-01-01 13:25:30.498,0.140915,1.037153,1.141328,0.929399,0,0.0,23
1900-01-01 13:25:31.498,0.141482,1.040104,1.143065,1.179284,0,0.0,23
1900-01-01 13:25:32.498,0.141424,1.039322,1.142146,1.386736,0,0.0,23
1900-01-01 13:25:33.498,0.141115,1.033389,1.136321,1.084988,0,0.0,23
1900-01-01 13:25:34.498,0.140548,1.037211,1.14074,0.868107,0,0.0,23
1900-01-01 13:25:35.498,0.140863,1.038629,1.141843,1.080273,0,0.0,23
1900-01-01 13:25:36.498,0.141393,1.040403,1.143065,1.297155,0,0.0,23
1900-01-01 13:25:37.498,0.141125,1.038975,1.142219,0.976548,0,0.0,23
1900-01-01 13:25:38.498,0.141776,1.040046,1.142164,1.099133,0,0.0,23
1900-01-01 13:25:39.498,0.140947,1.039547,1.141475,1.014266,0,0.0,23
1900-01-01 13:25:40.498,0.14206,1.039253,1.140988,1.330158,0,0.0,23
1900-01-01 13:25:41.498,0.142327,1.039369,1.142826,1.146281,0,0.0,23
1900-01-01 13:25:42.498,0.140831,1.038014,1.140942,1.03784,0,0.0,23
1900-01-01 13:25:43.498,0.140521,1.039054,1.142063,1.023696,0,0.0,23
1900-01-01 13:25:44.498,0.142207,1.039285,1.142183,1.306584,0,0.0,23
1900-01-01 13:25:45.498,0.141314,1.039647,1.14232,1.391451,0,0.0,23
1900-01-01 13:25:46.498,0.141703,1.040603,1.143285,1.061414,0,0.0,23
1900-01-01 13:25:47.498,0.141057,1.037411,1.139858,1.259436,0,0.0,23
1900-01-01 13:25:48.498,0.141283,1.037526,1.139803,1.217003,0,0.0,23
1900-01-01 13:25:49.498,0.140784,1.039983,1.143313,1.745061,0,0.0,23
1900-01-01 13:25:50.498,0.141246,1.038513,1.141337,1.358447,0,0.0,23
1900-01-01 13:25:51.498,0.140716,1.038571,1.141154,0.896396,0,0.0,23
1900-01-01 13:25:52.498,0.141078,1.039248,1.142192,1.084988,0,0.0,23
1900-01-01 13:25:53.498,0.141582,1.039584,1.142559,1.471602,0,0.0,23
1900-01-01 13:25:54.498,0.140952,1.039805,1.141852,1.160425,0,0.0,23
1900-01-01 13:25:55.498,0.141115,1.039159,1.141346,1.033125,0,0.0,23
1900-01-01 13:25:56.498,0.140332,1.042388,1.144231,1.330158,0,0.0,23
1900-01-01 13:25:57.498,0.141031,1.040687,1.142486,1.339588,0,0.0,23
1900-01-01 13:25:58.498,0.142359,1.040146,1.142017,1.405595,0,0.0,23
1900-01-01 13:25:59.498,0.141025,1.039967,1.141677,1.136851,0,0.0,23
1900-01-01 13:26:00.498,0.141445,1.038398,1.141209,0.896396,0,0.0,23
1900-01-01 13:26:01.498,0.141571,1.03718,1.140262,1.15571,0,0.0,23
1900-01-01 13:26:02.498,0.141939,1.038744,1.141255,1.514036,0,0.0,23
1900-01-01 13:26:03.498,0.141456,1.040624,1.143634,1.084988,0,0.0,23
1900-01-01 13:26:04.498,0.139482,1.038917,1.140373,1.438599,0,0.0,23
1900-01-01 13:26:05.498,0.141645,1.040466,1.142541,1.070844,0,0.0,23
1900-01-01 13:26:06.498,0.140737,1.041212,1.143542,1.009551,0,0.0,23
1900-01-01 13:26:07.498,0.142002,1.040718,1.14289,0.948259,0,0.0,23
1900-01-01 13:26:08.498,0.141487,1.04001,1.142026,0.938829,0,0.0,23
1900-01-01 13:26:09.498,0.140915,1.038739,1.140097,1.349017,0,0.0,23
1900-01-01 13:26:10.498,0.141078,1.039894,1.141448,1.193429,0,0.0,23
1900-01-01 13:26:11.498,0.140863,1.039096,1.141227,1.160425,0,0.0,23
1900-01-01 13:26:12.498,0.142081,1.041448,1.143478,1.146281,0,0.0,23
1900-01-01 13:26:13.498,0.140789,1.038881,1.139922,1.146281,0,0.0,23
1900-01-01 13:26:14.498,0.140868,1.039799,1.14153,1.033125,0,0.0,23
1900-01-01 13:26:15.498,0.141078,1.040797,1.14278,1.344303,0,0.0,23
1900-01-01 13:26:16.498,0.14154,1.03887,1.140363,1.066129,0,0.0,23
1900-01-01 13:26:17.498,0.141025,1.03971,1.14198,0.820959,0,0.0,23
1900-01-01 13:26:18.498,0.14175,1.041658,1.143928,1.217003,0,0.0,23
1900-01-01 13:26:19.498,0.141309,1.0395,1.141181,1.264151,0,0.0,23
1900-01-01 13:26:20.498,0.140096,1.040865,1.142412,1.259436,0,0.0,23
1900-01-01 13:26:21.498,0.140779,1.040104,1.142624,1.04727,0,0.0,23
1900-01-01 13:26:22.498,0.140569,1.038949,1.140841,1.28301,0,0.0,23
1900-01-01 13:26:23.498,0.141687,1.040613,1.14232,1.504606,0,0.0,23
1900-01-01 13:26:24.498,0.141435,1.040928,1.143285,1.231147,0,0.0,23
1900-01-01 13:26:25.498,0.140842,1.040745,1.143065,1.235862,0,0.0,23
1900-01-01 13:26:26.498,0.142117,1.039789,1.141503,1.02841,0,0.0,23
1900-01-01 13:26:27.498,0.140836,1.040703,1.142743,1.056699,0,0.0,23
1900-01-01 13:26:28.498,0.141246,1.039495,1.140979,1.353732,0,0.0,23
1900-01-01 13:26:29.498,0.140936,1.041086,1.142789,0.981262,0,0.0,23
1900-01-01 13:26:30.498,0.141241,1.03991,1.141549,1.490462,0,0.0,23
1900-01-01 13:26:31.498,0.142254,1.0395,1.141356,1.268866,0,0.0,23
1900-01-01 13:26:32.498,0.142081,1.039768,1.141815,1.023696,0,0.0,23
1900-01-01 13:26:33.498,0.140248,1.039122,1.140538,0.759666,0,0.0,23
1900-01-01 13:26:34.498,0.1407,1.038755,1.140657,0.811529,0,0.0,23
1900-01-01 13:26:35.498,0.14123,1.039768,1.141126,1.217003,0,0.0,23
1900-01-01 13:26:36.498,0.141325,1.040393,1.141824,1.103847,0,0.0,23
1900-01-01 13:26:37.498,0.140469,1.039169,1.141686,1.061414,0,0.0,23
1900-01-01 13:26:38.498,0.141251,1.038986,1.140391,1.033125,0,0.0,23
1900-01-01 13:26:39.498,0.140716,1.038193,1.140244,1.259436,0,0.0,23
1900-01-01 13:26:40.498,0.141319,1.041285,1.143671,1.424454,0,0.0,23
1900-01-01 13:26:41.498,0.141004,1.040115,1.142375,0.820959,0,0.0,23
1900-01-01 13:26:42.498,0.141193,1.040193,1.142348,1.108562,0,0.0,23
1900-01-01 13:26:43.498,0.141199,1.038739,1.140915,1.363162,0,0.0,23
1900-01-01 13:26:44.498,0.142081,1.042005,1.143193,1.424454,0,0.0,23
1900-01-01 13:26:45.498,0.140815,1.038256,1.140409,0.952974,0,0.0,23
1900-01-01 13:26:46.498,0.140338,1.038665,1.140676,1.070844,0,0.0,23
1900-01-01 13:26:47.498,0.141535,1.038844,1.140979,1.429169,0,0.0,23
1900-01-01 13:26:48.498,0.141424,1.036429,1.139178,1.188714,0,0.0,23
1900-01-01 13:26:49.498,0.141592,1.04076,1.142449,1.320729,0,0.0,23
1900-01-01 13:26:50.498,0.142527,1.038366,1.14018,1.250006,0,0.0,23
1900-01-01 13:26:51.498,0.141913,1.040136,1.141199,1.094418,0,0.0,23
1900-01-01 13:26:52.498,0.141545,1.041453,1.143404,1.443314,0,0.0,23
1900-01-01 13:26:53.498,0.142065,1.03961,1.141089,1.254721,0,0.0,23
1900-01-01 13:26:54.498,0.141367,1.040776,1.14289,1.254721,0,0.0,23
1900-01-01 13:26:55.498,0.140443,1.037946,1.140198,1.372591,0,0.0,23
1900-01-01 13:26:56.498,0.140863,1.041711,1.143386,0.938829,0,0.0,23
1900-01-01 13:26:57.498,0.140773,1.041186,1.143138,1.198144,0,0.0,23
1900-01-01 13:26:58.498,0.141036,1.041049,1.142587,1.231147,0,0.0,23
1900-01-01 13:26:59.498,0.14227,1.041915,1.144553,1.245292,0,0.0,23
1900-01-01 13:27:00.498,0.142096,1.039553,1.141025,1.377306,0,0.0,23
1900-01-01 13:27:01.498,0.142595,1.041149,1.142293,1.297155,0,0.0,23
1900-01-01 13:27:02.498,0.140863,1.040582,1.142467,0.740807,0,0.0,23
1900-01-01 13:27:03.498,0.141755,1.03898,1.140501,0.8021,0,0.0,23
1900-01-01 13:27:04.498,0.141918,1.041417,1.143239,1.254721,0,0.0,23
1900-01-01 13:27:05.498,0.141514,1.038471,1.140373,1.462173,0,0.0,23
1900-01-01 13:27:06.498,0.141041,1.03991,1.141751,1.099133,0,0.0,23
1900-01-01 13:27:07.498,0.141561,1.040115,1.141402,0.863392,0,0.0,23
1900-01-01 13:27:08.498,0.141235,1.040319,1.142449,1.245292,0,0.0,23
1900-01-01 13:27:09.498,0.141755,1.041553,1.142302,0.981262,0,0.0,23
1900-01-01 13:27:10.498,0.142558,1.041196,1.142026,1.198144,0,0.0,23
1900-01-01 13:27:11.498,0.141241,1.039143,1.141062,1.117992,0,0.0,23
1900-01-01 13:27:12.498,0.13966,1.037757,1.139454,0.985977,0,0.0,23
1900-01-01 13:27:13.498,0.142747,1.041705,1.143478,1.103847,0,0.0,23
1900-01-01 13:27:14.498,0.140227,1.039007,1.140281,1.136851,0,0.0,23
1900-01-01 13:27:15.498,0.141304,1.041726,1.142697,1.113277,0,0.0,23
1900-01-01 13:27:16.498,0.141351,1.041732,1.142725,1.485747,0,0.0,23
1900-01-01 13:27:17.498,0.141083,1.041495,1.143763,1.29244,0,0.0,23
1900-01-01 13:27:18.498,0.140957,1.039532,1.140795,1.254721,0,0.0,23
1900-01-01 13:27:19.498,0.141997,1.040409,1.141705,1.344303,0,0.0,23
1900-01-01 13:27:20.498,0.14071,1.037831,1.139748,1.04727,0,0.0,23
1900-01-01 13:27:21.498,0.140805,1.036313,1.138168,1.16514,0,0.0,23
1900-01-01 13:27:22.498,0.140432,1.036738,1.138085,1.316014,0,0.0,23
1900-01-01 13:27:23.498,0.142443,1.038996,1.140272,1.235862,0,0.0,23
1900-01-01 13:27:24.498,0.141199,1.038812,1.141236,1.070844,0,0.0,23
1900-01-01 13:27:25.498,0.141382,1.035216,1.137451,1.056699,0,0.0,23
1900-01-01 13:27:26.498,0.141781,1.038739,1.139399,1.598902,0,0.0,23
1900-01-01 13:27:27.498,0.140968,1.037164,1.138214,0.976548,0,0.0,23
1900-01-01 13:27:28.498,0.142054,1.03814,1.139766,1.481032,0,0.0,23
1900-01-01 13:27:29.498,0.140926,1.039442,1.140538,0.990692,0,0.0,23
1900-01-01 13:27:30.498,0.141193,1.041112,1.14232,1.334873,0,0.0,23
1900-01-01 13:27:31.498,0.140359,1.036907,1.138305,1.358447,0,0.0,23
1900-01-01 13:27:32.498,0.141902,1.038067,1.138958,1.245292,0,0.0,23
1900-01-01 13:27:33.498,0.141482,1.035578,1.136826,1.301869,0,0.0,23
1900-01-01 13:27:34.498,0.140868,1.039805,1.140299,1.221718,0,0.0,23
1900-01-01 13:27:35.498,0.141372,1.039028,1.140786,1.136851,0,0.0,23
1900-01-01 13:27:36.498,0.140054,1.0376,1.139114,0.882251,0,0.0,23
1900-01-01 13:27:37.498,0.141482,1.042257,1.143891,1.080273,0,0.0,23
1900-01-01 13:27:38.498,0.140763,1.040739,1.141732,1.382021,0,0.0,23
1900-01-01 13:27:39.498,0.140989,1.036912,1.138958,1.259436,0,0.0,23
1900-01-01 13:27:40.498,0.140343,1.03572,1.137865,1.259436,0,0.0,23
1900-01-01 13:27:41.498,0.141214,1.037699,1.140042,1.103847,0,0.0,23
1900-01-01 13:27:42.498,0.141346,1.039521,1.140575,1.240577,0,0.0,23
1900-01-01 13:27:43.498,0.140679,1.038728,1.140538,1.29244,0,0.0,23
1900-01-01 13:27:44.498,0.14134,1.038503,1.139206,1.132136,0,0.0,23
1900-01-01 13:27:45.498,0.140395,1.03802,1.140657,0.759666,0,0.0,23
1900-01-01 13:27:46.498,0.141508,1.040361,1.141301,1.066129,0,0.0,23
1900-01-01 13:27:47.498,0.142212,1.038198,1.139803,1.311299,0,0.0,23
1900-01-01 13:27:48.498,0.140931,1.038571,1.139766,1.518751,0,0.0,23
1900-01-01 13:27:49.498,0.141151,1.037216,1.138186,1.132136,0,0.0,23
1900-01-01 13:27:50.498,0.141267,1.037883,1.139187,1.193429,0,0.0,23
1900-01-01 13:27:51.498,0.141178,1.038713,1.139812,0.990692,0,0.0,23
1900-01-01 13:27:52.498,0.14112,1.039154,1.140804,1.070844,0,0.0,23
1900-01-01 13:27:53.498,0.142117,1.038413,1.141034,1.287725,0,0.0,23
1900-01-01 13:27:54.498,0.140269,1.039715,1.142807,1.259436,0,0.0,23
1900-01-01 13:27:55.498,0.140721,1.038298,1.141493,1.28301,0,0.0,23
1900-01-01 13:27:56.498,0.140527,1.038833,1.14244,0.79267,0,0.0,23
1900-01-01 13:27:57.498,0.141235,1.038739,1.140942,1.084988,0,0.0,23
1900-01-01 13:27:58.498,0.141073,1.039721,1.14233,1.570613,0,0.0,23
1900-01-01 13:27:59.498,0.141897,1.039028,1.141999,1.259436,0,0.0,23
1900-01-01 13:28:00.498,0.140847,1.038529,1.140593,1.03784,0,0.0,23
1900-01-01 13:28:01.498,0.1407,1.038455,1.140786,1.15571,0,0.0,23
1900-01-01 13:28:02.498,0.141461,1.03824,1.140961,1.000122,0,0.0,23
1900-01-01 13:28:03.498,0.140868,1.039537,1.14164,1.193429,0,0.0,23
1900-01-01 13:28:04.498,0.141267,1.036896,1.139334,1.235862,0,0.0,23
1900-01-01 13:28:05.498,0.140532,1.040241,1.14266,1.169855,0,0.0,23
1900-01-01 13:28:06.498,0.141031,1.038613,1.141585,0.858677,0,0.0,23
1900-01-01 13:28:07.498,0.141309,1.038755,1.143101,1.127421,0,0.0,23
1900-01-01 13:28:08.498,0.140794,1.039001,1.141843,1.438599,0,0.0,23
1900-01-01 13:28:09.498,0.140427,1.03856,1.141521,1.268866,0,0.0,23
1900-01-01 13:28:10.498,0.141519,1.037668,1.139619,1.245292,0,0.0,23
1900-01-01 13:28:11.498,0.140826,1.039994,1.142725,1.259436,0,0.0,23
1900-01-01 13:28:12.498,0.141834,1.037999,1.139987,1.217003,0,0.0,23
1900-01-01 13:28:13.498,0.140962,1.033909,1.136376,1.250006,0,0.0,23
1900-01-01 13:28:14.498,0.141398,1.037185,1.13871,0.915255,0,0.0,23
1900-01-01 13:28:15.498,0.142406,1.040393,1.142605,1.146281,0,0.0,23
1900-01-01 13:28:16.498,0.140563,1.039096,1.141971,0.6748,0,0.0,23
1900-01-01 13:28:17.498,0.141078,1.037395,1.140722,0.839818,0,0.0,23
1900-01-01 13:28:18.498,0.140605,1.043065,1.146583,1.443314,0,0.0,23
1900-01-01 13:28:19.498,0.141991,1.040298,1.142596,1.117992,0,0.0,23
1900-01-01 13:28:20.498,0.141298,1.040414,1.145655,1.221718,0,0.0,23
1900-01-01 13:28:21.498,0.142007,1.039133,1.143542,1.207573,0,0.0,23
1900-01-01 13:28:22.498,0.140579,1.039343,1.143166,1.15571,0,0.0,23
1900-01-01 13:28:23.498,0.140474,1.039007,1.143726,1.221718,0,0.0,23
1900-01-01 13:28:24.498,0.14007,1.038655,1.142679,1.235862,0,0.0,23
1900-01-01 13:28:25.498,0.14081,1.038707,1.142127,1.382021,0,0.0,23
1900-01-01 13:28:26.498,0.140847,1.038392,1.142238,1.532895,0,0.0,23
1900-01-01 13:28:27.498,0.140185,1.039973,1.143267,1.29244,0,0.0,23
1900-01-01 13:28:28.498,0.142075,1.041753,1.144103,1.04727,0,0.0,23
1900-01-01 13:28:29.498,0.140458,1.041165,1.144149,1.429169,0,0.0,23
1900-01-01 13:28:30.498,0.140406,1.039883,1.144112,1.264151,0,0.0,23
1900-01-01 13:28:31.498,0.141319,1.038403,1.142568,1.245292,0,0.0,23
1900-01-01 13:28:32.498,0.140642,1.039101,1.142688,1.372591,0,0.0,23
1900-01-01 13:28:33.498,0.140989,1.039164,1.142541,1.02841,0,0.0,23
1900-01-01 13:28:34.498,0.140842,1.038702,1.142477,1.372591,0,0.0,23
1900-01-01 13:28:35.498,0.140889,1.039059,1.143368,1.344303,0,0.0,23
1900-01-01 13:28:36.498,0.141346,1.039915,1.14413,0.778526,0,0.0,23
1900-01-01 13:28:37.498,0.141655,1.039967,1.143625,1.41974,0,0.0,23
1900-01-01 13:28:38.498,0.140831,1.039301,1.143845,1.268866,0,0.0,23
1900-01-01 13:28:39.498,0.141519,1.041039,1.143689,0.943544,0,0.0,23
1900-01-01 13:28:40.498,0.140931,1.0397,1.143974,1.254721,0,0.0,23
1900-01-01 13:28:41.498,0.140899,1.038492,1.142853,1.504606,0,0.0,23
1900-01-01 13:28:42.498,0.141393,1.041096,1.144002,1.367877,0,0.0,23
1900-01-01 13:28:43.498,0.14122,1.039043,1.142624,1.235862,0,0.0,23
1900-01-01 13:28:44.498,0.140873,1.035557,1.139812,1.330158,0,0.0,23
1900-01-01 13:28:45.498,0.140973,1.038492,1.142036,1.117992,0,0.0,23
1900-01-01 13:28:46.498,0.141267,1.038749,1.143331,1.240577,0,0.0,23
1900-01-01 13:28:47.498,0.1407,1.037542,1.141631,1.405595,0,0.0,23
1900-01-01 13:28:48.498,0.140994,1.038209,1.14131,1.235862,0,0.0,23
1900-01-01 13:28:49.498,0.141088,1.037216,1.140694,1.259436,0,0.0,23
1900-01-01 13:28:50.498,0.141519,1.039463,1.143046,1.061414,0,0.0,23
1900-01-01 13:28:51.498,0.140511,1.038896,1.1421,1.033125,0,0.0,23
1900-01-01 13:28:52.498,0.141246,1.040808,1.144626,1.29244,0,0.0,23
1900-01-01 13:28:53.498,0.140737,1.039253,1.142752,1.04727,0,0.0,23
1900-01-01 13:28:54.498,0.140248,1.038802,1.142366,1.27358,0,0.0,23
1900-01-01 13:28:55.498,0.141755,1.04117,1.144534,0.79267,0,0.0,23
1900-01-01 13:28:56.498,0.14101,1.042283,1.145453,1.02841,0,0.0,23
1900-01-01 13:28:57.498,0.142065,1.041023,1.143487,1.325443,0,0.0,23
1900-01-01 13:28:58.498,0.141645,1.041212,1.145159,1.433884,0,0.0,23
1900-01-01 13:28:59.498,0.141309,1.041159,1.144608,1.04727,0,0.0,23
1900-01-01 13:29:00.498,0.140332,1.036886,1.14051,0.839818,0,0.0,23
1900-01-01 13:29:01.498,0.141214,1.03813,1.141475,1.627191,0,0.0,23
1900-01-01 13:29:02.498,0.140259,1.040199,1.144038,1.349017,0,0.0,23
1900-01-01 13:29:03.498,0.140632,1.039805,1.143551,1.207573,0,0.0,23
1900-01-01 13:29:04.498,0.141682,1.037888,1.141282,1.103847,0,0.0,23
1900-01-01 13:29:05.498,0.1408,1.039159,1.142835,1.188714,0,0.0,23
1900-01-01 13:29:06.498,0.1407,1.038986,1.142669,1.339588,0,0.0,23
1900-01-01 13:29:07.498,0.140616,1.03845,1.142091,0.825674,0,0.0,23
1900-01-01 13:29:08.498,0.139697,1.038476,1.142357,1.132136,0,0.0,23
1900-01-01 13:29:09.498,0.141041,1.039012,1.141944,1.245292,0,0.0,23
1900-01-01 13:29:10.498,0.141178,1.037888,1.14119,1.108562,0,0.0,23
1900-01-01 13:29:11.498,0.140957,1.041296,1.14402,1.127421,0,0.0,23
1900-01-01 13:29:12.498,0.140574,1.042031,1.145012,0.882251,0,0.0,23
1900-01-01 13:29:13.498,0.141083,1.040094,1.143074,1.16514,0,0.0,23
1900-01-01 13:29:14.498,0.141256,1.041768,1.146115,1.183999,0,0.0,23
1900-01-01 13:29:15.498,0.139981,1.038356,1.141723,0.835103,0,0.0,23
1900-01-01 13:29:16.498,0.140805,1.04181,1.144902,1.278295,0,0.0,23
1900-01-01 13:29:17.498,0.140758,1.041648,1.144323,1.278295,0,0.0,23
1900-01-01 13:29:18.498,0.141598,1.040461,1.143588,1.27358,0,0.0,23
1900-01-01 13:29:19.498,0.140495,1.040839,1.143515,1.17457,0,0.0,23
1900-01-01 13:29:20.498,0.141151,1.040146,1.14402,1.306584,0,0.0,23
1900-01-01 13:29:21.498,0.140469,1.039684,1.142798,0.995407,0,0.0,23
1900-01-01 13:29:22.498,0.140899,1.039736,1.143019,1.344303,0,0.0,23
1900-01-01 13:29:23.498,0.140941,1.042797,1.145903,1.235862,0,0.0,23
1900-01-01 13:29:24.498,0.14134,1.039689,1.14244,1.235862,0,0.0,23
1900-01-01 13:29:25.498,0.140569,1.043139,1.146574,0.91054,0,0.0,23
1900-01-01 13:29:26.498,0.140233,1.037479,1.140667,1.226432,0,0.0,23
1900-01-01 13:29:27.498,0.141456,1.039553,1.142008,1.542325,0,0.0,23
1900-01-01 13:29:28.498,0.140385,1.041564,1.144939,1.183999,0,0.0,23
1900-01-01 13:29:29.498,0.141545,1.038387,1.140887,1.075559,0,0.0,23
1900-01-01 13:29:30.498,0.140684,1.040409,1.143074,1.372591,0,0.0,23
1900-01-01 13:29:31.498,0.141262,1.039416,1.142072,1.235862,0,0.0,23
1900-01-01 13:29:32.498,0.141456,1.041191,1.144397,1.183999,0,0.0,23
1900-01-01 13:29:33.498,0.140453,1.04097,1.143744,1.193429,0,0.0,23
1900-01-01 13:29:34.498,0.140884,1.040577,1.142771,1.297155,0,0.0,23
1900-01-01 13:29:35.498,0.13944,1.036329,1.140106,1.325443,0,0.0,23
1900-01-01 13:29:36.498,0.140737,1.04023,1.143358,0.91997,0,0.0,23
1900-01-01 13:29:37.498,0.140905,1.039532,1.142265,0.995407,0,0.0,23
1900-01-01 13:29:38.498,0.140427,1.03961,1.142844,0.901111,0,0.0,23
1900-01-01 13:29:39.498,0.140164,1.039406,1.142008,1.183999,0,0.0,23
1900-01-01 13:29:40.498,0.140485,1.041333,1.143864,1.235862,0,0.0,23
1900-01-01 13:29:41.498,0.140133,1.037978,1.141199,0.952974,0,0.0,23
1900-01-01 13:29:42.498,0.140878,1.040036,1.142385,1.080273,0,0.0,23
1900-01-01 13:29:43.498,0.140642,1.0417,1.144314,1.396165,0,0.0,23
1900-01-01 13:29:44.498,0.139555,1.039448,1.142899,1.094418,0,0.0,23
1900-01-01 13:29:45.498,0.140632,1.041375,1.14391,1.150995,0,0.0,23
1900-01-01 13:29:46.498,0.140653,1.039726,1.142302,1.009551,0,0.0,23
1900-01-01 13:29:47.498,0.141073,1.041348,1.144048,1.415025,0,0.0,23
1900-01-01 13:29:48.498,0.140416,1.040304,1.143083,1.485747,0,0.0,23
1900-01-01 13:29:49.498,0.140548,1.040907,1.14436,1.264151,0,0.0,23
1900-01-01 13:29:50.498,0.139161,1.038954,1.141264,0.849248,0,0.0,23
1900-01-01 13:29:51.498,0.141608,1.042577,1.145233,1.250006,0,0.0,23
1900-01-01 13:29:52.498,0.141183,1.040876,1.142761,1.41031,0,0.0,23
1900-01-01 13:29:53.498,0.139655,1.039054,1.141705,1.136851,0,0.0,23
1900-01-01 13:29:54.498,0.140243,1.037915,1.140749,1.061414,0,0.0,23
1900-01-01 13:29:55.498,0.140978,1.039001,1.143046,1.089703,0,0.0,23
1900-01-01 13:29:56.498,0.141886,1.041159,1.143358,1.415025,0,0.0,23
1900-01-01 13:29:57.498,0.1407,1.042708,1.145224,1.264151,0,0.0,23
1900-01-01 13:29:58.498,0.140647,1.040997,1.144084,1.061414,0,0.0,23
1900-01-01 13:29:59.498,0.140511,1.039736,1.143065,1.075559,0,0.0,23
1900-01-01 13:30:00.498,0.140532,1.039358,1.142311,1.240577,0,0.0,23
1900-01-01 13:30:01.498,0.141178,1.038392,1.141879,1.146281,0,0.0,23
1900-01-01 13:30:02.498,0.140353,1.03928,1.142743,1.268866,0,0.0,23
1900-01-01 13:30:03.498,0.141031,1.040409,1.14391,1.042555,0,0.0,23
1900-01-01 13:30:04.498,0.141703,1.040582,1.143276,1.29244,0,0.0,23
1900-01-01 13:30:05.498,0.141676,1.040477,1.143607,1.136851,0,0.0,23
1900-01-01 13:30:06.498,0.139996,1.040503,1.14436,0.778526,0,0.0,23
1900-01-01 13:30:07.498,0.140028,1.038702,1.141861,1.240577,0,0.0,23
1900-01-01 13:30:08.498,0.140836,1.039936,1.143588,1.405595,0,0.0,23
1900-01-01 13:30:09.498,0.141288,1.039778,1.142541,1.476317,0,0.0,23
1900-01-01 13:30:10.498,0.140521,1.040083,1.143625,0.952974,0,0.0,23
1900-01-01 13:30:11.498,0.13955,1.04075,1.144424,0.830388,0,0.0,23
1900-01-01 13:30:12.498,0.140448,1.036886,1.139546,1.202858,0,0.0,23
1900-01-01 13:30:13.498,0.140185,1.039175,1.142173,1.160425,0,0.0,23
1900-01-01 13:30:14.498,0.140233,1.042068,1.145462,0.745522,0,0.0,23
1900-01-01 13:30:15.498,0.139807,1.038949,1.14232,1.033125,0,0.0,23
1900-01-01 13:30:16.498,0.139786,1.038608,1.141622,0.853963,0,0.0,23
1900-01-01 13:30:17.498,0.141015,1.038256,1.141549,1.377306,0,0.0,23
1900-01-01 13:30:18.498,0.139634,1.036922,1.141025,1.080273,0,0.0,23
1900-01-01 13:30:19.498,0.140038,1.039579,1.143129,0.868107,0,0.0,23
1900-01-01 13:30:20.498,0.140311,1.036954,1.139941,1.240577,0,0.0,23
1900-01-01 13:30:21.498,0.141256,1.040624,1.143864,1.207573,0,0.0,23
1900-01-01 13:30:22.498,0.139545,1.038776,1.141843,1.226432,0,0.0,23
1900-01-01 13:30:23.498,0.141183,1.038518,1.141062,1.141566,0,0.0,23
1900-01-01 13:30:24.498,0.13902,1.03573,1.138967,1.188714,0,0.0,23
1900-01-01 13:30:25.498,0.139991,1.038954,1.142495,1.04727,0,0.0,23
1900-01-01 13:30:26.498,0.141104,1.041968,1.144296,1.259436,0,0.0,23
1900-01-01 13:30:27.498,0.140569,1.041018,1.14402,1.103847,0,0.0,23
1900-01-01 13:30:28.498,0.141871,1.039285,1.144002,1.108562,0,0.0,23
1900-01-01 13:30:29.498,0.14017,1.039117,1.143404,0.981262,0,0.0,23
1900-01-01 13:30:30.498,0.139539,1.03603,1.139592,1.122707,0,0.0,23
1900-01-01 13:30:31.498,0.139902,1.037636,1.140905,1.264151,0,0.0,23
1900-01-01 13:30:32.498,0.140443,1.036219,1.139454,1.02841,0,0.0,23
1900-01-01 13:30:33.498,0.139818,1.040314,1.14323,1.212288,0,0.0,23
1900-01-01 13:30:34.498,0.140395,1.037852,1.141126,1.316014,0,0.0,23
1900-01-01 13:30:35.498,0.139902,1.038613,1.142146,1.17457,0,0.0,23
1900-01-01 13:30:36.498,0.141015,1.037579,1.140033,1.259436,0,0.0,23
1900-01-01 13:30:37.498,0.140647,1.038686,1.141595,1.532895,0,0.0,23
1900-01-01 13:30:38.498,0.139503,1.037972,1.141457,1.235862,0,0.0,23
1900-01-01 13:30:39.498,0.140548,1.039238,1.143074,1.358447,0,0.0,23
1900-01-01 13:30:40.498,0.140185,1.037615,1.141328,1.226432,0,0.0,23
1900-01-01 13:30:41.498,0.140747,1.037143,1.140299,1.462173,0,0.0,23
1900-01-01 13:30:42.498,0.141057,1.038062,1.140896,1.278295,0,0.0,23
1900-01-01 13:30:43.498,0.140521,1.040146,1.143588,1.221718,0,0.0,23
1900-01-01 13:30:44.498,0.13976,1.037416,1.141686,1.547039,0,0.0,23
1900-01-01 13:30:45.498,0.140112,1.038776,1.142183,1.306584,0,0.0,23
1900-01-01 13:30:46.498,0.139975,1.038471,1.141034,1.000122,0,0.0,23
1900-01-01 13:30:47.498,0.141645,1.040073,1.142844,1.320729,0,0.0,23
1900-01-01 13:30:48.498,0.140742,1.036497,1.139592,1.287725,0,0.0,23
1900-01-01 13:30:49.498,0.140101,1.037059,1.140979,0.811529,0,0.0,23
1900-01-01 13:30:50.498,0.13924,1.037579,1.141043,1.188714,0,0.0,23
1900-01-01 13:30:51.498,0.141886,1.038518,1.14085,1.04727,0,0.0,23
1900-01-01 13:30:52.498,0.140542,1.037237,1.141172,1.075559,0,0.0,23
1900-01-01 13:30:53.498,0.139897,1.037584,1.14074,1.198144,0,0.0,23
1900-01-01 13:30:54.498,0.140002,1.037201,1.14018,0.957688,0,0.0,23
1900-01-01 13:30:55.498,0.139886,1.039605,1.142293,1.193429,0,0.0,23
1900-01-01 13:30:56.498,0.140185,1.036759,1.140419,1.377306,0,0.0,23
1900-01-01 13:30:57.498,0.140049,1.036985,1.139877,0.995407,0,0.0,23
1900-01-01 13:30:58.498,0.141445,1.040766,1.143065,1.080273,0,0.0,23
1900-01-01 13:30:59.498,0.140243,1.036644,1.13961,1.066129,0,0.0,23
1900-01-01 13:31:00.498,0.140721,1.037579,1.140777,1.179284,0,0.0,23
1900-01-01 13:31:01.498,0.140175,1.039049,1.142311,0.891681,0,0.0,23
1900-01-01 13:31:02.498,0.140254,1.03845,1.142036,1.334873,0,0.0,23
1900-01-01 13:31:03.498,0.13965,1.039001,1.141742,1.547039,0,0.0,23
1900-01-01 13:31:04.498,0.139965,1.037237,1.139812,0.750237,0,0.0,23
1900-01-01 13:31:05.498,0.139083,1.039899,1.143597,1.193429,0,0.0,23
1900-01-01 13:31:06.498,0.139681,1.038482,1.141089,1.193429,0,0.0,23
1900-01-01 13:31:07.498,0.140164,1.036875,1.140979,0.962403,0,0.0,23
1900-01-01 13:31:08.498,0.140679,1.038471,1.141392,1.448028,0,0.0,23
1900-01-01 13:31:09.498,0.140437,1.038114,1.140171,1.094418,0,0.0,23
1900-01-01 13:31:10.498,0.140731,1.038114,1.142026,1.018981,0,0.0,23
1900-01-01 13:31:11.498,0.139797,1.035877,1.139821,1.03784,0,0.0,23
1900-01-01 13:31:12.498,0.140385,1.038597,1.141604,1.547039,0,0.0,23
1900-01-01 13:31:13.498,0.13987,1.038492,1.141815,1.367877,0,0.0,23
1900-01-01 13:31:14.498,0.139844,1.039012,1.142385,0.990692,0,0.0,23
1900-01-01 13:31:15.498,0.139807,1.038461,1.142118,1.056699,0,0.0,23
1900-01-01 13:31:16.498,0.140416,1.038161,1.140079,1.495176,0,0.0,23
1900-01-01 13:31:17.498,0.140395,1.03982,1.142826,1.443314,0,0.0,23
1900-01-01 13:31:18.498,0.139088,1.037967,1.141558,0.764381,0,0.0,23
1900-01-01 13:31:19.498,0.13924,1.038886,1.142008,1.212288,0,0.0,23
1900-01-01 13:31:20.498,0.140947,1.039301,1.142495,1.231147,0,0.0,23
1900-01-01 13:31:21.498,0.140574,1.038492,1.141117,1.372591,0,0.0,23
1900-01-01 13:31:22.498,0.141094,1.03793,1.14086,1.183999,0,0.0,23
1900-01-01 13:31:23.498,0.140395,1.040797,1.144819,0.981262,0,0.0,23
1900-01-01 13:31:24.498,0.140374,1.036408,1.138958,1.424454,0,0.0,23
1900-01-01 13:31:25.498,0.140495,1.038949,1.142183,1.415025,0,0.0,23
1900-01-01 13:31:26.498,0.13944,1.036975,1.1404,1.198144,0,0.0,23
1900-01-01 13:31:27.498,0.139639,1.039899,1.14266,1.179284,0,0.0,23
1900-01-01 13:31:28.498,0.139382,1.038245,1.14119,1.146281,0,0.0,23
1900-01-01 13:31:29.498,0.140117,1.037731,1.14085,1.429169,0,0.0,23
1900-01-01 13:31:30.498,0.13945,1.039222,1.141824,1.235862,0,0.0,23
1900-01-01 13:31:31.498,0.13956,1.039395,1.142881,1.014266,0,0.0,23
1900-01-01 13:31:32.498,0.139083,1.038986,1.142495,1.117992,0,0.0,23
1900-01-01 13:31:33.498,0.141382,1.037894,1.140768,0.901111,0,0.0,23
1900-01-01 13:31:34.498,0.140075,1.037894,1.141539,1.547039,0,0.0,23
1900-01-01 13:31:35.498,0.140007,1.039395,1.142164,1.122707,0,0.0,23
1900-01-01 13:31:36.498,0.140206,1.039038,1.141567,1.287725,0,0.0,23
1900-01-01 13:31:37.498,0.13934,1.036775,1.140198,0.995407,0,0.0,23
1900-01-01 13:31:38.498,0.139797,1.03772,1.140602,1.396165,0,0.0,23
1900-01-01 13:31:39.498,0.140154,1.03772,1.140079,1.499891,0,0.0,23
1900-01-01 13:31:40.498,0.139466,1.03803,1.141466,1.03784,0,0.0,23
1900-01-01 13:31:41.498,0.140185,1.036681,1.140024,1.363162,0,0.0,23
1900-01-01 13:31:42.498,0.140065,1.036066,1.13938,1.15571,0,0.0,23
1900-01-01 13:31:43.498,0.140784,1.040519,1.143992,1.268866,0,0.0,23
1900-01-01 13:31:44.498,0.139209,1.038014,1.141512,1.009551,0,0.0,23
1900-01-01 13:31:45.498,0.139539,1.037012,1.1404,1.349017,0,0.0,23
1900-01-01 13:31:46.498,0.14091,1.035956,1.13859,1.377306,0,0.0,23
1900-01-01 13:31:47.498,0.139492,1.038902,1.143,1.28301,0,0.0,23
1900-01-01 13:31:48.498,0.139902,1.041191,1.143836,0.868107,0,0.0,23
1900-01-01 13:31:49.498,0.140196,1.039337,1.141925,1.466888,0,0.0,23
1900-01-01 13:31:50.498,0.139755,1.040561,1.144093,1.051984,0,0.0,23
1900-01-01 13:31:51.498,0.140794,1.039232,1.141585,1.570613,0,0.0,23
1900-01-01 13:31:52.498,0.140117,1.03751,1.141466,1.316014,0,0.0,23
1900-01-01 13:31:53.498,0.139361,1.039091,1.142412,1.207573,0,0.0,23
1900-01-01 13:31:54.498,0.139482,1.040146,1.142339,1.056699,0,0.0,23
1900-01-01 13:31:55.498,0.140364,1.038839,1.142026,1.523465,0,0.0,23
1900-01-01 13:31:56.498,0.139513,1.038377,1.141448,1.000122,0,0.0,23
1900-01-01 13:31:57.498,0.140054,1.037227,1.140942,0.924685,0,0.0,23
1900-01-01 13:31:58.498,0.139702,1.038083,1.142054,0.835103,0,0.0,23
1900-01-01 13:31:59.498,0.140343,1.038261,1.140905,1.221718,0,0.0,23
1900-01-01 13:32:00.498,0.140227,1.037962,1.141475,1.169855,0,0.0,23
1900-01-01 13:32:01.498,0.139466,1.038508,1.142467,1.014266,0,0.0,23
1900-01-01 13:32:02.498,0.140175,1.03635,1.139362,1.485747,0,0.0,23
1900-01-01 13:32:03.498,0.139471,1.036492,1.139436,1.40088,0,0.0,23
1900-01-01 13:32:04.498,0.140653,1.037006,1.139564,0.707803,0,0.0,23
1900-01-01 13:32:05.498,0.141046,1.038812,1.142532,0.721948,0,0.0,23
1900-01-01 13:32:06.498,0.139996,1.038928,1.142614,1.250006,0,0.0,23
1900-01-01 13:32:07.498,0.139529,1.039243,1.141925,1.316014,0,0.0,23
1900-01-01 13:32:08.498,0.140453,1.037584,1.140777,1.386736,0,0.0,23
1900-01-01 13:32:09.498,0.139676,1.03802,1.140804,1.075559,0,0.0,23
1900-01-01 13:32:10.498,0.139797,1.038634,1.14153,0.868107,0,0.0,23
1900-01-01 13:32:11.498,0.14038,1.040083,1.142862,1.202858,0,0.0,23
1900-01-01 13:32:12.498,0.140343,1.040393,1.142771,1.320729,0,0.0,23
1900-01-01 13:32:13.498,0.140049,1.037185,1.140621,0.717233,0,0.0,23
1900-01-01 13:32:14.498,0.140065,1.038912,1.141622,0.896396,0,0.0,23
1900-01-01 13:32:15.498,0.139755,1.038434,1.140896,1.245292,0,0.0,23
1900-01-01 13:32:16.498,0.139571,1.036119,1.139509,1.386736,0,0.0,23
1900-01-01 13:32:17.498,0.139734,1.037274,1.140299,0.962403,0,0.0,23
1900-01-01 13:32:18.498,0.139839,1.037652,1.141723,1.122707,0,0.0,23
1900-01-01 13:32:19.498,0.139755,1.037222,1.140611,1.02841,0,0.0,23
1900-01-01 13:32:20.498,0.139476,1.037783,1.140933,1.268866,0,0.0,23
1900-01-01 13:32:21.498,0.140112,1.040508,1.142816,0.985977,0,0.0,23
1900-01-01 13:32:22.498,0.139933,1.039253,1.14153,1.089703,0,0.0,23
1900-01-01 13:32:23.498,0.140663,1.039427,1.14255,1.27358,0,0.0,23
1900-01-01 13:32:24.498,0.140238,1.037894,1.141429,1.099133,0,0.0,23
1900-01-01 13:32:25.498,0.140385,1.035457,1.13848,1.132136,0,0.0,23
1900-01-01 13:32:26.498,0.139308,1.037416,1.140768,1.122707,0,0.0,23
1900-01-01 13:32:27.498,0.139986,1.040251,1.142908,1.150995,0,0.0,23
1900-01-01 13:32:28.498,0.139098,1.036129,1.139674,1.41031,0,0.0,23
1900-01-01 13:32:29.498,0.140348,1.038125,1.140611,1.066129,0,0.0,23
1900-01-01 13:32:30.498,0.138825,1.039253,1.14153,1.433884,0,0.0,23
1900-01-01 13:32:31.498,0.139293,1.037636,1.140492,1.117992,0,0.0,23
1900-01-01 13:32:32.498,0.139687,1.041522,1.144185,1.339588,0,0.0,23
1900-01-01 13:32:33.498,0.141094,1.040577,1.142587,1.018981,0,0.0,23
1900-01-01 13:32:34.498,0.139865,1.038424,1.141429,1.108562,0,0.0,23
1900-01-01 13:32:35.498,0.139849,1.039563,1.143138,0.971833,0,0.0,23
1900-01-01 13:32:36.498,0.140327,1.035678,1.139518,1.490462,0,0.0,23
1900-01-01 13:32:37.498,0.140059,1.039763,1.143083,1.16514,0,0.0,23
1900-01-01 13:32:38.498,0.139713,1.037117,1.140437,0.990692,0,0.0,23
1900-01-01 13:32:39.498,0.138972,1.03751,1.141475,1.061414,0,0.0,23
1900-01-01 13:32:40.498,0.140458,1.037458,1.140713,1.009551,0,0.0,23
1900-01-01 13:32:41.498,0.140007,1.037647,1.140566,1.594187,0,0.0,23
1900-01-01 13:32:42.498,0.140847,1.036591,1.139233,1.53761,0,0.0,23
1900-01-01 13:32:43.498,0.139314,1.036108,1.139022,0.924685,0,0.0,23
1900-01-01 13:32:44.498,0.140658,1.03929,1.14142,1.075559,0,0.0,23
1900-01-01 13:32:45.498,0.139555,1.037295,1.139224,0.882251,0,0.0,23
1900-01-01 13:32:46.498,0.141078,1.037936,1.140152,1.499891,0,0.0,23
1900-01-01 13:32:47.498,0.139293,1.037332,1.14051,1.297155,0,0.0,23
1900-01-01 13:32:48.498,0.139025,1.035048,1.138664,1.344303,0,0.0,23
1900-01-01 13:32:49.498,0.14007,1.035216,1.136615,1.476317,0,0.0,23
1900-01-01 13:32:50.498,0.139881,1.035967,1.138342,1.448028,0,0.0,23
1900-01-01 13:32:51.498,0.140065,1.037521,1.140465,1.136851,0,0.0,23
1900-01-01 13:32:52.498,0.139739,1.034775,1.137488,0.891681,0,0.0,23
1900-01-01 13:32:53.498,0.140327,1.036949,1.13995,1.146281,0,0.0,23
1900-01-01 13:32:54.498,0.14081,1.036066,1.138397,1.438599,0,0.0,23
1900-01-01 13:32:55.498,0.138747,1.034071,1.137056,0.901111,0,0.0,23
1900-01-01 13:32:56.498,0.139545,1.034449,1.137433,1.018981,0,0.0,23
1900-01-01 13:32:57.498,0.139361,1.038156,1.142183,1.014266,0,0.0,23
1900-01-01 13:32:58.498,0.14028,1.033798,1.136707,1.415025,0,0.0,23
1900-01-01 13:32:59.498,0.140233,1.036628,1.139702,1.000122,0,0.0,23
1900-01-01 13:33:00.498,0.139949,1.035809,1.138967,0.952974,0,0.0,23
1900-01-01 13:33:01.498,0.139093,1.033751,1.136091,1.075559,0,0.0,23
1900-01-01 13:33:02.498,0.139734,1.034838,1.138581,1.330158,0,0.0,23
1900-01-01 13:33:03.498,0.14018,1.035956,1.139785,1.04727,0,0.0,23
1900-01-01 13:33:04.498,0.139067,1.032753,1.137001,0.707803,0,0.0,23
1900-01-01 13:33:05.498,0.139461,1.03856,1.14187,1.377306,0,0.0,23
1900-01-01 13:33:06.498,0.140411,1.038471,1.141824,1.070844,0,0.0,23
1900-01-01 13:33:07.498,0.139398,1.03698,1.139601,1.122707,0,0.0,23
1900-01-01 13:33:08.498,0.139702,1.03341,1.136881,1.108562,0,0.0,23
1900-01-01 13:33:09.498,0.139329,1.033993,1.136973,1.014266,0,0.0,23
1900-01-01 13:33:10.498,0.139466,1.03477,1.137672,1.287725,0,0.0,23
1900-01-01 13:33:11.498,0.138663,1.03582,1.139344,1.207573,0,0.0,23
1900-01-01 13:33:12.498,0.140275,1.036586,1.139922,1.066129,0,0.0,23
1900-01-01 13:33:13.498,0.13903,1.035048,1.138048,0.929399,0,0.0,23
1900-01-01 13:33:14.498,0.139529,1.036486,1.139289,1.330158,0,0.0,23
1900-01-01 13:33:15.498,0.139907,1.035363,1.13814,1.099133,0,0.0,23
1900-01-01 13:33:16.498,0.139403,1.034554,1.13871,1.287725,0,0.0,23
1900-01-01 13:33:17.498,0.139471,1.035557,1.138554,1.16514,0,0.0,23
1900-01-01 13:33:18.498,0.140469,1.037568,1.140703,1.014266,0,0.0,23
1900-01-01 13:33:19.498,0.138447,1.033541,1.136321,1.466888,0,0.0,23
1900-01-01 13:33:20.498,0.139198,1.03478,1.1378,1.127421,0,0.0,23
1900-01-01 13:33:21.498,0.139261,1.038655,1.141539,1.377306,0,0.0,23
1900-01-01 13:33:22.498,0.139508,1.035694,1.138995,1.160425,0,0.0,23
1900-01-01 13:33:23.498,0.140306,1.033746,1.136624,1.108562,0,0.0,23
1900-01-01 13:33:24.498,0.140626,1.036198,1.139334,1.179284,0,0.0,23
1900-01-01 13:33:25.498,0.139797,1.034108,1.13712,1.150995,0,0.0,23
1900-01-01 13:33:26.498,0.139361,1.034875,1.138204,1.27358,0,0.0,23
1900-01-01 13:33:27.498,0.138384,1.031772,1.135384,1.033125,0,0.0,23
1900-01-01 13:33:28.498,0.1385,1.033478,1.137056,1.136851,0,0.0,23
1900-01-01 13:33:29.498,0.140721,1.035415,1.138572,1.084988,0,0.0,23
1900-01-01 13:33:30.498,0.139256,1.036849,1.139362,1.193429,0,0.0,23
1900-01-01 13:33:31.498,0.139104,1.035799,1.138342,1.146281,0,0.0,23
1900-01-01 13:33:32.498,0.140159,1.03353,1.138351,0.882251,0,0.0,23
1900-01-01 13:33:33.498,0.138993,1.036381,1.139656,1.023696,0,0.0,23
1900-01-01 13:33:34.498,0.13966,1.036465,1.139674,1.150995,0,0.0,23
1900-01-01 13:33:35.498,0.13882,1.036313,1.139298,1.334873,0,0.0,23
1900-01-01 13:33:36.498,0.139602,1.035069,1.138452,1.363162,0,0.0,23
1900-01-01 13:33:37.498,0.139865,1.034113,1.137763,1.179284,0,0.0,23
1900-01-01 13:33:38.498,0.138421,1.036387,1.140409,1.03784,0,0.0,23
1900-01-01 13:33:39.498,0.138463,1.034486,1.13882,1.150995,0,0.0,23
1900-01-01 13:33:40.498,0.139944,1.035121,1.137571,1.099133,0,0.0,23
1900-01-01 13:33:41.498,0.139602,1.036859,1.140216,1.320729,0,0.0,23
1900-01-01 13:33:42.498,0.140332,1.036822,1.139527,1.231147,0,0.0,23
1900-01-01 13:33:43.498,0.138699,1.035557,1.138627,1.009551,0,0.0,23
1900-01-01 13:33:44.498,0.140222,1.034287,1.136413,1.325443,0,0.0,23
1900-01-01 13:33:45.498,0.139813,1.035646,1.139417,1.29244,0,0.0,23
1900-01-01 13:33:46.498,0.140511,1.03551,1.138535,1.325443,0,0.0,23
1900-01-01 13:33:47.498,0.139482,1.036129,1.140547,1.202858,0,0.0,23
1900-01-01 13:33:48.498,0.139098,1.035163,1.137791,0.948259,0,0.0,23
1900-01-01 13:33:49.498,0.139765,1.036224,1.138802,1.330158,0,0.0,23
1900-01-01 13:33:50.498,0.140689,1.040015,1.14334,1.202858,0,0.0,23
1900-01-01 13:33:51.498,0.139539,1.037605,1.139904,1.240577,0,0.0,23
1900-01-01 13:33:52.498,0.13986,1.036607,1.140354,1.198144,0,0.0,23
1900-01-01 13:33:53.498,0.139718,1.038996,1.142036,1.023696,0,0.0,23
1900-01-01 13:33:54.498,0.140479,1.04002,1.143974,1.108562,0,0.0,23
1900-01-01 13:33:55.498,0.140768,1.037878,1.141291,1.28301,0,0.0,23
1900-01-01 13:33:56.498,0.139939,1.038072,1.142219,1.41031,0,0.0,23
1900-01-01 13:33:57.498,0.139849,1.037615,1.141806,0.990692,0,0.0,23
1900-01-01 13:33:58.498,0.139907,1.037127,1.141043,1.169855,0,0.0,23
1900-01-01 13:33:59.498,0.139371,1.036444,1.139904,1.316014,0,0.0,23
1900-01-01 13:34:00.498,0.13986,1.038539,1.142477,0.971833,0,0.0,23
1900-01-01 13:34:01.498,0.140542,1.041669,1.144498,0.957688,0,0.0,23
1900-01-01 13:34:02.498,0.139897,1.033215,1.136633,1.254721,0,0.0,23
1900-01-01 13:34:03.498,0.139776,1.034754,1.137488,1.103847,0,0.0,23
1900-01-01 13:34:04.498,0.139051,1.035431,1.138701,1.117992,0,0.0,23
1900-01-01 13:34:05.498,0.139529,1.033945,1.136422,1.198144,0,0.0,23
1900-01-01 13:34:06.498,0.139981,1.035263,1.138774,1.438599,0,0.0,23
1900-01-01 13:34:07.498,0.139461,1.036928,1.139555,1.099133,0,0.0,23
1900-01-01 13:34:08.498,0.140002,1.034229,1.137699,0.863392,0,0.0,23
1900-01-01 13:34:09.498,0.139062,1.036282,1.139959,1.089703,0,0.0,23
1900-01-01 13:34:10.498,0.139461,1.036182,1.13904,1.15571,0,0.0,23
1900-01-01 13:34:11.498,0.139818,1.037846,1.141163,1.367877,0,0.0,23
1900-01-01 13:34:12.498,0.139939,1.035006,1.138122,0.971833,0,0.0,23
1900-01-01 13:34:13.498,0.140133,1.035358,1.138866,1.344303,0,0.0,23
1900-01-01 13:34:14.498,0.139676,1.036822,1.140933,0.929399,0,0.0,23
1900-01-01 13:34:15.498,0.140353,1.036591,1.139803,0.924685,0,0.0,23
1900-01-01 13:34:16.498,0.140731,1.036334,1.139665,1.004836,0,0.0,23
1900-01-01 13:34:17.498,0.140117,1.036087,1.139527,1.264151,0,0.0,23
1900-01-01 13:34:18.498,0.140138,1.036791,1.140253,0.877537,0,0.0,23
1900-01-01 13:34:19.498,0.139928,1.036665,1.140547,1.075559,0,0.0,23
1900-01-01 13:34:20.498,0.140464,1.036654,1.139831,1.245292,0,0.0,23
1900-01-01 13:34:21.498,0.140406,1.035925,1.139178,1.099133,0,0.0,23
1900-01-01 13:34:22.498,0.138999,1.035431,1.139812,0.995407,0,0.0,23
1900-01-01 13:34:23.498,0.139329,1.033998,1.137662,0.943544,0,0.0,23
1900-01-01 13:34:24.498,0.139324,1.035489,1.139105,1.160425,0,0.0,23
1900-01-01 13:34:25.498,0.14008,1.039301,1.141604,0.990692,0,0.0,23
1900-01-01 13:34:26.498,0.139182,1.035247,1.138563,1.127421,0,0.0,23
1900-01-01 13:34:27.498,0.138925,1.036471,1.140253,1.15571,0,0.0,23
1900-01-01 13:34:28.498,0.139356,1.034344,1.137819,1.132136,0,0.0,23
1900-01-01 13:34:29.498,0.140091,1.03772,1.14097,1.023696,0,0.0,23
1900-01-01 13:34:30.498,0.139151,1.032003,1.135421,1.042555,0,0.0,23
1900-01-01 13:34:31.498,0.139734,1.035678,1.139968,1.150995,0,0.0,23
1900-01-01 13:34:32.498,0.140458,1.035473,1.138572,1.438599,0,0.0,23
1900-01-01 13:34:33.498,0.140621,1.036817,1.140308,1.349017,0,0.0,23
1900-01-01 13:34:34.498,0.140521,1.03656,1.139445,1.457458,0,0.0,23
1900-01-01 13:34:35.498,0.139298,1.033415,1.13724,1.259436,0,0.0,23
1900-01-01 13:34:36.498,0.139413,1.035652,1.139362,0.868107,0,0.0,23
1900-01-01 13:34:37.498,0.139214,1.035568,1.139233,1.344303,0,0.0,23
1900-01-01 13:34:38.498,0.140983,1.036024,1.139628,1.056699,0,0.0,23
1900-01-01 13:34:39.498,0.139697,1.035258,1.138627,1.358447,0,0.0,23
1900-01-01 13:34:40.498,0.139524,1.03415,1.138342,1.051984,0,0.0,23
1900-01-01 13:34:41.498,0.140364,1.035741,1.139518,0.971833,0,0.0,23
1900-01-01 13:34:42.498,0.139933,1.037374,1.140896,1.169855,0,0.0,23
1900-01-01 13:34:43.498,0.139634,1.036061,1.13995,1.03784,0,0.0,23
1900-01-01 13:34:44.498,0.139928,1.035263,1.139224,1.235862,0,0.0,23
1900-01-01 13:34:45.498,0.13903,1.033861,1.137157,1.551754,0,0.0,23
1900-01-01 13:34:46.498,0.140059,1.036303,1.13995,1.221718,0,0.0,23
1900-01-01 13:34:47.498,0.139277,1.035904,1.140538,0.938829,0,0.0,23
1900-01-01 13:34:48.498,0.139461,1.036234,1.14052,1.193429,0,0.0,23
1900-01-01 13:34:49.498,0.140028,1.03572,1.139132,0.905825,0,0.0,23
1900-01-01 13:34:50.498,0.140464,1.035247,1.138361,1.141566,0,0.0,23
1900-01-01 13:34:51.498,0.140028,1.034003,1.137727,1.250006,0,0.0,23
1900-01-01 13:34:52.498,0.139697,1.035064,1.138912,1.179284,0,0.0,23
1900-01-01 13:34:53.498,0.140311,1.032323,1.135954,1.377306,0,0.0,23
1900-01-01 13:34:54.498,0.140878,1.035237,1.138195,0.853963,0,0.0,23
1900-01-01 13:34:55.498,0.139797,1.034449,1.137506,1.429169,0,0.0,23
1900-01-01 13:34:56.498,0.139492,1.032092,1.135705,1.146281,0,0.0,23
1900-01-01 13:34:57.498,0.139408,1.033583,1.137966,1.075559,0,0.0,23
1900-01-01 13:34:58.498,0.139602,1.031929,1.135558,1.188714,0,0.0,23
1900-01-01 13:34:59.498,0.140311,1.035736,1.138884,0.967118,0,0.0,23
1900-01-01 13:35:00.498,0.139823,1.035499,1.138388,1.221718,0,0.0,23
1900-01-01 13:35:01.498,0.139734,1.033793,1.138122,0.886966,0,0.0,23
1900-01-01 13:35:02.498,0.140243,1.038146,1.141595,0.952974,0,0.0,23
1900-01-01 13:35:03.498,0.139035,1.035914,1.13995,1.226432,0,0.0,23
1900-01-01 13:35:04.498,0.139876,1.035358,1.138351,1.212288,0,0.0,23
1900-01-01 13:35:05.498,0.139823,1.037699,1.141291,1.160425,0,0.0,23
1900-01-01 13:35:06.498,0.139755,1.036051,1.139307,1.358447,0,0.0,23
1900-01-01 13:35:07.498,0.140049,1.036507,1.139674,1.117992,0,0.0,23
1900-01-01 13:35:08.498,0.139161,1.032249,1.134998,0.769096,0,0.0,23
1900-01-01 13:35:09.498,0.140191,1.03625,1.139831,1.15571,0,0.0,23
1900-01-01 13:35:10.498,0.13955,1.035804,1.138517,1.245292,0,0.0,23
1900-01-01 13:35:11.498,0.141109,1.036492,1.139279,1.075559,0,0.0,23
1900-01-01 13:35:12.498,0.139623,1.037311,1.140455,1.235862,0,0.0,23
1900-01-01 13:35:13.498,0.138831,1.033646,1.13633,0.905825,0,0.0,23
1900-01-01 13:35:14.498,0.139912,1.035211,1.138802,1.41031,0,0.0,23
1900-01-01 13:35:15.498,0.139534,1.034833,1.138627,1.466888,0,0.0,23
1900-01-01 13:35:16.498,0.13976,1.035358,1.138113,1.278295,0,0.0,23
1900-01-01 13:35:17.498,0.139581,1.035379,1.138967,0.886966,0,0.0,23
1900-01-01 13:35:18.498,0.138059,1.033431,1.137708,0.929399,0,0.0,23
1900-01-01 13:35:19.498,0.139419,1.036996,1.139748,1.17457,0,0.0,23
1900-01-01 13:35:20.498,0.140159,1.035022,1.138535,1.127421,0,0.0,23
1900-01-01 13:35:21.498,0.139944,1.036145,1.140538,0.967118,0,0.0,23
1900-01-01 13:35:22.498,0.140737,1.036875,1.139987,1.193429,0,0.0,23
1900-01-01 13:35:23.498,0.139434,1.03519,1.138627,0.995407,0,0.0,23
1900-01-01 13:35:24.498,0.139928,1.033914,1.136413,1.29244,0,0.0,23
1900-01-01 13:35:25.498,0.139434,1.034764,1.139187,1.084988,0,0.0,23
1900-01-01 13:35:26.498,0.139687,1.035037,1.138976,1.202858,0,0.0,23
1900-01-01 13:35:27.498,0.140059,1.036072,1.138535,1.259436,0,0.0,23
1900-01-01 13:35:28.498,0.140149,1.035048,1.138388,1.264151,0,0.0,23
1900-01-01 13:35:29.498,0.139524,1.034308,1.137552,0.990692,0,0.0,23
1900-01-01 13:35:30.498,0.140453,1.033683,1.137469,1.198144,0,0.0,23
1900-01-01 13:35:31.498,0.139534,1.03332,1.136339,1.188714,0,0.0,23
1900-01-01 13:35:32.498,0.140479,1.035736,1.13893,1.226432,0,0.0,23
1900-01-01 13:35:33.498,0.140012,1.035673,1.139307,1.018981,0,0.0,23
1900-01-01 13:35:34.498,0.139818,1.035116,1.139289,0.896396,0,0.0,23
1900-01-01 13:35:35.498,0.140936,1.035347,1.138701,1.287725,0,0.0,23
1900-01-01 13:35:36.498,0.139644,1.035116,1.138627,1.330158,0,0.0,23
1900-01-01 13:35:37.498,0.140915,1.037117,1.140915,1.221718,0,0.0,23
1900-01-01 13:35:38.498,0.139125,1.034098,1.138462,0.905825,0,0.0,23
1900-01-01 13:35:39.498,0.140563,1.03467,1.138673,1.27358,0,0.0,23
1900-01-01 13:35:40.498,0.140752,1.03362,1.137956,1.179284,0,0.0,23
1900-01-01 13:35:41.498,0.139371,1.036014,1.139849,1.193429,0,0.0,23
1900-01-01 13:35:42.498,0.139981,1.035363,1.138848,1.080273,0,0.0,23
1900-01-01 13:35:43.498,0.141046,1.033783,1.136891,0.594648,0,0.0,23
1900-01-01 13:35:44.498,0.140238,1.033725,1.138232,1.405595,0,0.0,23
1900-01-01 13:35:45.498,0.140721,1.034491,1.137837,1.169855,0,0.0,23
1900-01-01 13:35:46.498,0.139256,1.033284,1.137552,1.188714,0,0.0,23
1900-01-01 13:35:47.498,0.140532,1.037027,1.140106,0.773811,0,0.0,23
1900-01-01 13:35:48.498,0.140779,1.037558,1.140786,0.943544,0,0.0,23
1900-01-01 13:35:49.498,0.139729,1.035321,1.138682,1.339588,0,0.0,23
1900-01-01 13:35:50.498,0.140679,1.036103,1.138921,0.778526,0,0.0,23
1900-01-01 13:35:51.498,0.139897,1.035646,1.13939,0.976548,0,0.0,23
1900-01-01 13:35:52.498,0.140122,1.033672,1.13735,1.29244,0,0.0,23
1900-01-01 13:35:53.498,0.140962,1.036959,1.140602,1.325443,0,0.0,23
1900-01-01 13:35:54.498,0.141598,1.036297,1.140033,0.863392,0,0.0,23
1900-01-01 13:35:55.498,0.140537,1.034444,1.138131,1.316014,0,0.0,23
1900-01-01 13:35:56.498,0.140233,1.033672,1.13792,0.882251,0,0.0,23
1900-01-01 13:35:57.498,0.140296,1.033242,1.136799,1.122707,0,0.0,23
1900-01-01 13:35:58.498,0.141424,1.035442,1.139068,0.750237,0,0.0,23
1900-01-01 13:35:59.498,0.139613,1.033604,1.137277,1.358447,0,0.0,23
1900-01-01 13:36:00.498,0.141456,1.036082,1.139812,1.264151,0,0.0,23
1900-01-01 13:36:01.498,0.14029,1.038198,1.141255,0.948259,0,0.0,23
1900-01-01 13:36:02.498,0.139308,1.033226,1.137019,1.391451,0,0.0,23
1900-01-01 13:36:03.498,0.140422,1.034171,1.138296,1.476317,0,0.0,23
1900-01-01 13:36:04.498,0.141298,1.034938,1.139674,0.985977,0,0.0,23
1900-01-01 13:36:05.498,0.139907,1.036933,1.140336,1.02841,0,0.0,23
1900-01-01 13:36:06.498,0.141361,1.036292,1.139619,1.53761,0,0.0,23
1900-01-01 13:36:07.498,0.140548,1.033704,1.137258,1.193429,0,0.0,23
1900-01-01 13:36:08.498,0.141157,1.033357,1.136248,0.622937,0,0.0,23
1900-01-01 13:36:09.498,0.140747,1.036928,1.141034,1.287725,0,0.0,23
1900-01-01 13:36:10.498,0.141713,1.036964,1.139619,1.532895,0,0.0,23
1900-01-01 13:36:11.498,0.14028,1.034938,1.138158,1.221718,0,0.0,23
1900-01-01 13:36:12.498,0.14071,1.034528,1.137543,1.070844,0,0.0,23
1900-01-01 13:36:13.498,0.139912,1.035148,1.138949,1.193429,0,0.0,23
1900-01-01 13:36:14.498,0.140894,1.03604,1.138673,1.231147,0,0.0,23
1900-01-01 13:36:15.498,0.140437,1.034066,1.138223,1.198144,0,0.0,23
1900-01-01 13:36:16.498,0.14018,1.032921,1.137304,1.075559,0,0.0,23
1900-01-01 13:36:17.498,0.140789,1.035263,1.138719,1.02841,0,0.0,23
1900-01-01 13:36:18.498,0.14071,1.036387,1.139895,1.433884,0,0.0,23
1900-01-01 13:36:19.498,0.140763,1.03447,1.13792,1.438599,0,0.0,23
1900-01-01 13:36:20.498,0.140742,1.032864,1.135797,1.231147,0,0.0,23
1900-01-01 13:36:21.498,0.140395,1.035694,1.138848,0.938829,0,0.0,23
1900-01-01 13:36:22.498,0.140495,1.036024,1.139601,1.075559,0,0.0,23
1900-01-01 13:36:23.498,0.139975,1.033909,1.137047,1.127421,0,0.0,23
1900-01-01 13:36:24.498,0.140348,1.035137,1.137635,1.080273,0,0.0,23
1900-01-01 13:36:25.498,0.139986,1.0351,1.138452,0.962403,0,0.0,23
1900-01-01 13:36:26.498,0.140306,1.031845,1.134998,1.457458,0,0.0,23
1900-01-01 13:36:27.498,0.139918,1.03551,1.138912,1.334873,0,0.0,23
1900-01-01 13:36:28.498,0.140689,1.033777,1.13713,0.976548,0,0.0,23
1900-01-01 13:36:29.498,0.141304,1.03499,1.1378,1.099133,0,0.0,23
1900-01-01 13:36:30.498,0.141267,1.035568,1.138893,1.089703,0,0.0,23
1900-01-01 13:36:31.498,0.141088,1.034848,1.137525,1.424454,0,0.0,23
1900-01-01 13:36:32.498,0.139692,1.03257,1.137074,0.91054,0,0.0,23
1900-01-01 13:36:33.498,0.140154,1.033851,1.13791,0.901111,0,0.0,23
1900-01-01 13:36:34.498,0.140915,1.034119,1.136679,1.03784,0,0.0,23
1900-01-01 13:36:35.498,0.140175,1.034575,1.137231,1.198144,0,0.0,23
1900-01-01 13:36:36.498,0.140201,1.032192,1.135384,1.089703,0,0.0,23
1900-01-01 13:36:37.498,0.141871,1.034234,1.13792,1.04727,0,0.0,23
1900-01-01 13:36:38.498,0.139666,1.033515,1.13701,1.070844,0,0.0,23
1900-01-01 13:36:39.498,0.140878,1.034355,1.137718,1.584758,0,0.0,23
1900-01-01 13:36:40.498,0.141671,1.035284,1.139132,1.259436,0,0.0,23
1900-01-01 13:36:41.498,0.140632,1.034014,1.137616,1.075559,0,0.0,23
1900-01-01 13:36:42.498,0.140842,1.034476,1.138342,1.141566,0,0.0,23
1900-01-01 13:36:43.498,0.14059,1.034586,1.137901,0.877537,0,0.0,23
1900-01-01 13:36:44.498,0.141892,1.03636,1.139996,1.03784,0,0.0,23
1900-01-01 13:36:45.498,0.140878,1.035888,1.139068,1.051984,0,0.0,23
1900-01-01 13:36:46.498,0.140206,1.035284,1.138636,1.136851,0,0.0,23
1900-01-01 13:36:47.498,0.140836,1.036387,1.139996,1.235862,0,0.0,23
1900-01-01 13:36:48.498,0.141655,1.036035,1.138204,1.358447,0,0.0,23
1900-01-01 13:36:49.498,0.140836,1.034901,1.138765,1.316014,0,0.0,23
1900-01-01 13:36:50.498,0.141277,1.034449,1.136799,1.16514,0,0.0,23
1900-01-01 13:36:51.498,0.141052,1.033945,1.138462,1.117992,0,0.0,23
1900-01-01 13:36:52.498,0.1406,1.033977,1.137754,1.221718,0,0.0,23
1900-01-01 13:36:53.498,0.140716,1.034607,1.137929,1.217003,0,0.0,23
1900-01-01 13:36:54.498,0.140448,1.035373,1.139922,1.363162,0,0.0,23
1900-01-01 13:36:55.498,0.140952,1.033299,1.137515,1.02841,0,0.0,23
1900-01-01 13:36:56.498,0.140143,1.034906,1.138498,1.17457,0,0.0,23
1900-01-01 13:36:57.498,0.140978,1.034801,1.13893,0.934114,0,0.0,23
1900-01-01 13:36:58.498,0.140926,1.036796,1.13972,1.136851,0,0.0,23
1900-01-01 13:36:59.498,0.141776,1.034019,1.137681,1.391451,0,0.0,23
1900-01-01 13:37:00.498,0.141839,1.034224,1.136661,1.150995,0,0.0,23
1900-01-01 13:37:01.498,0.141078,1.035011,1.138287,1.259436,0,0.0,23
1900-01-01 13:37:02.498,0.140306,1.036681,1.14006,1.070844,0,0.0,23
1900-01-01 13:37:03.498,0.140427,1.034728,1.137515,1.146281,0,0.0,23
1900-01-01 13:37:04.498,0.140574,1.033567,1.137635,1.193429,0,0.0,23
1900-01-01 13:37:05.498,0.140311,1.035725,1.139261,1.240577,0,0.0,23
1900-01-01 13:37:06.498,0.141361,1.035599,1.138912,1.042555,0,0.0,23
1900-01-01 13:37:07.498,0.139944,1.033163,1.137368,0.915255,0,0.0,23
1900-01-01 13:37:08.498,0.141839,1.035925,1.140318,1.070844,0,0.0,23
1900-01-01 13:37:09.498,0.141193,1.034764,1.137754,1.127421,0,0.0,23
1900-01-01 13:37:10.498,0.141209,1.035856,1.139371,1.212288,0,0.0,23
1900-01-01 13:37:11.498,0.140322,1.034869,1.138489,1.27358,0,0.0,23
1900-01-01 13:37:12.498,0.139524,1.033972,1.138746,0.618222,0,0.0,23
1900-01-01 13:37:13.498,0.140821,1.03552,1.138315,1.353732,0,0.0,23
1900-01-01 13:37:14.498,0.141209,1.034743,1.138875,1.250006,0,0.0,23
1900-01-01 13:37:15.498,0.141629,1.035106,1.138958,1.212288,0,0.0,23
1900-01-01 13:37:16.498,0.139198,1.03248,1.136101,1.094418,0,0.0,23
1900-01-01 13:37:17.498,0.141598,1.035342,1.138875,1.15571,0,0.0,23
1900-01-01 13:37:18.498,0.141162,1.03405,1.136698,1.344303,0,0.0,23
1900-01-01 13:37:19.498,0.140416,1.03541,1.138508,0.811529,0,0.0,23
1900-01-01 13:37:20.498,0.140432,1.033903,1.137047,1.108562,0,0.0,23
1900-01-01 13:37:21.498,0.141199,1.034581,1.138691,1.056699,0,0.0,23
1900-01-01 13:37:22.498,0.140269,1.032969,1.13712,1.15571,0,0.0,23
1900-01-01 13:37:23.498,0.140968,1.035006,1.138076,1.17457,0,0.0,23
1900-01-01 13:37:24.498,0.14028,1.032748,1.136248,1.117992,0,0.0,23
1900-01-01 13:37:25.498,0.140905,1.032874,1.137515,1.41974,0,0.0,23
1900-01-01 13:37:26.498,0.141718,1.03405,1.137378,1.28301,0,0.0,23
1900-01-01 13:37:27.498,0.140668,1.037563,1.14164,1.221718,0,0.0,23
1900-01-01 13:37:28.498,0.140485,1.031961,1.136156,0.731378,0,0.0,23
1900-01-01 13:37:29.498,0.141692,1.034953,1.139132,1.04727,0,0.0,23
1900-01-01 13:37:30.498,0.140395,1.034491,1.13769,1.429169,0,0.0,23
1900-01-01 13:37:31.498,0.140227,1.035715,1.139132,1.179284,0,0.0,23
1900-01-01 13:37:32.498,0.140569,1.032533,1.137019,1.17457,0,0.0,23
1900-01-01 13:37:33.498,0.138668,1.028695,1.133335,0.79267,0,0.0,23
1900-01-01 13:37:34.498,0.13809,1.002569,1.10445,1.325443,0,0.0,23
1900-01-01 13:37:35.498,0.137067,0.973366,1.074316,1.226432,0,0.0,23
1900-01-01 13:37:36.498,0.132809,0.942205,1.041959,0.948259,0,0.0,23
1900-01-01 13:37:37.498,0.131522,0.912209,1.009638,0.825674,0,0.0,23
1900-01-01 13:37:38.498,0.128797,0.880833,0.97638,1.141566,0,0.0,23
1900-01-01 13:37:39.498,0.126802,0.849272,0.942883,0.943544,0,0.0,23
1900-01-01 13:37:40.498,0.124954,0.819692,0.912096,0.825674,0,0.0,23
1900-01-01 13:37:41.498,0.122324,0.791849,0.884029,0.962403,0,0.0,23
1900-01-01 13:37:42.498,0.120628,0.766752,0.855879,1.188714,0,0.0,23
1900-01-01 13:37:43.498,0.117682,0.742027,0.830844,1.476317,0,0.0,23
1900-01-01 13:37:44.498,0.11795,0.71871,0.805579,1.231147,0,0.0,23
1900-01-01 13:37:45.498,0.114768,0.695971,0.781554,0.891681,0,0.0,23
1900-01-01 13:37:46.498,0.113639,0.675274,0.759679,1.183999,0,0.0,23
1900-01-01 13:37:47.498,0.11198,0.652282,0.73548,1.141566,0,0.0,23
1900-01-01 13:37:48.498,0.110767,0.631658,0.713302,1.136851,0,0.0,23
1900-01-01 13:37:49.498,0.109707,0.610909,0.69162,1.03784,0,0.0,23
1900-01-01 13:37:50.498,0.107234,0.590742,0.670765,0.769096,0,0.0,23
1900-01-01 13:37:51.498,0.106179,0.571578,0.651417,1.070844,0,0.0,23
1900-01-01 13:37:52.498,0.104394,0.551637,0.631085,1.358447,0,0.0,23
1900-01-01 13:37:53.498,0.103396,0.533953,0.61238,1.433884,0,0.0,23
1900-01-01 13:37:54.498,0.102367,0.518459,0.596045,1.514036,0,0.0,23
1900-01-01 13:37:55.498,0.101007,0.500015,0.577808,1.316014,0,0.0,23
1900-01-01 13:37:56.498,0.099532,0.483486,0.559709,1.03784,0,0.0,23
1900-01-01 13:37:57.498,0.098681,0.469295,0.544964,1.080273,0,0.0,23
1900-01-01 13:37:58.498,0.097804,0.455822,0.531302,1.066129,0,0.0,23
1900-01-01 13:37:59.498,0.096759,0.444507,0.518366,1.598902,0,0.0,23
1900-01-01 13:38:00.498,0.096255,0.4301,0.504025,1.122707,0,0.0,23
1900-01-01 13:38:01.498,0.094623,0.414653,0.486487,0.971833,0,0.0,23
1900-01-01 13:38:02.498,0.093693,0.398823,0.469747,0.764381,0,0.0,23
1900-01-01 13:38:03.498,0.092738,0.385241,0.455489,1.018981,0,0.0,23
1900-01-01 13:38:04.498,0.091336,0.370739,0.440798,1.358447,0,0.0,23
1900-01-01 13:38:05.498,0.09058,0.360742,0.428699,1.330158,0,0.0,23
1900-01-01 13:38:06.498,0.090107,0.347999,0.415322,0.849248,0,0.0,23
1900-01-01 13:38:07.498,0.089341,0.339746,0.405877,1.04727,0,0.0,23
1900-01-01 13:38:08.498,0.088175,0.327617,0.392464,1.259436,0,0.0,23
1900-01-01 13:38:09.498,0.086857,0.315977,0.381421,1.391451,0,0.0,23
1900-01-01 13:38:10.498,0.086994,0.304573,0.369128,1.330158,0,0.0,23
1900-01-01 13:38:11.498,0.084747,0.291915,0.356753,0.660655,0,0.0,23
1900-01-01 13:38:12.498,0.083838,0.281309,0.345609,0.976548,0,0.0,23
1900-01-01 13:38:13.498,0.083655,0.271643,0.334492,1.518751,0,0.0,23
1900-01-01 13:38:14.498,0.082757,0.261326,0.323238,1.396165,0,0.0,23
1900-01-01 13:38:15.498,0.082274,0.25177,0.312737,1.018981,0,0.0,23
1900-01-01 13:38:16.498,0.081528,0.243154,0.30468,1.15571,0,0.0,23
1900-01-01 13:38:17.498,0.08147,0.235247,0.295162,1.495176,0,0.0,23
1900-01-01 13:38:18.498,0.08126,0.229545,0.288832,1.16514,0,0.0,23
1900-01-01 13:38:19.498,0.080861,0.230238,0.289971,1.018981,0,0.0,23
1900-01-01 13:38:20.498,0.081644,0.230873,0.290577,1.198144,0,0.0,23
1900-01-01 13:38:21.498,0.080609,0.229361,0.289907,1.02841,0,0.0,23
1900-01-01 13:38:22.498,0.080657,0.229015,0.28953,1.075559,0,0.0,23
1900-01-01 13:38:23.498,0.079759,0.228258,0.288712,1.000122,0,0.0,23
1900-01-01 13:38:24.498,0.080562,0.227796,0.287996,1.146281,0,0.0,23
1900-01-01 13:38:25.498,0.081129,0.222147,0.28116,1.452743,0,0.0,23
1900-01-01 13:38:26.498,0.080048,0.213347,0.272129,1.042555,0,0.0,23
1900-01-01 13:38:27.498,0.078871,0.20575,0.264568,0.891681,0,0.0,23
1900-01-01 13:38:28.498,0.078315,0.198767,0.257071,0.684229,0,0.0,23
1900-01-01 13:38:29.498,0.078367,0.195055,0.252312,1.03784,0,0.0,23
1900-01-01 13:38:30.498,0.07873,0.192766,0.249721,1.438599,0,0.0,23
1900-01-01 13:38:31.498,0.077869,0.190634,0.248784,1.316014,0,0.0,23
1900-01-01 13:38:32.498,0.077737,0.182055,0.2399,1.320729,0,0.0,23
1900-01-01 13:38:33.498,0.077428,0.175072,0.231659,0.957688,0,0.0,23
1900-01-01 13:38:34.498,0.077134,0.166251,0.222371,1.226432,0,0.0,23
1900-01-01 13:38:35.498,0.076871,0.161688,0.217887,1.023696,0,0.0,23
1900-01-01 13:38:36.498,0.076283,0.159216,0.215242,1.146281,0,0.0,23
1900-01-01 13:38:37.498,0.076908,0.156884,0.212393,0.787955,0,0.0,23
1900-01-01 13:38:38.498,0.076729,0.153041,0.209398,1.000122,0,0.0,23
1900-01-01 13:38:39.498,0.076294,0.147523,0.203831,1.207573,0,0.0,23
1900-01-01 13:38:40.498,0.07538,0.142152,0.196738,1.108562,0,0.0,23
1900-01-01 13:38:41.498,0.075779,0.137899,0.191832,1.212288,0,0.0,23
1900-01-01 13:38:42.498,0.075191,0.130464,0.184538,1.311299,0,0.0,23
1900-01-01 13:38:43.498,0.074503,0.122919,0.177326,1.188714,0,0.0,23
1900-01-01 13:38:44.498,0.073989,0.117732,0.170711,1.353732,0,0.0,23
1900-01-01 13:38:45.498,0.073453,0.111846,0.164739,1.113277,0,0.0,23
1900-01-01 13:38:46.498,0.072933,0.105808,0.158786,1.146281,0,0.0,23
1900-01-01 13:38:47.498,0.072881,0.102012,0.154789,1.17457,0,0.0,23
1900-01-01 13:38:48.498,0.071925,0.096872,0.148147,0.853963,0,0.0,23
1900-01-01 13:38:49.498,0.070376,0.091989,0.143452,1.217003,0,0.0,23
1900-01-01 13:38:50.498,0.070649,0.09169,0.14223,1.132136,0,0.0,23
1900-01-01 13:38:51.498,0.070718,0.091879,0.142533,1.02841,0,0.0,23
1900-01-01 13:38:52.498,0.070271,0.091322,0.141541,1.103847,0,0.0,23
1900-01-01 13:38:53.498,0.069825,0.090829,0.140742,1.226432,0,0.0,23
1900-01-01 13:38:54.498,0.070403,0.091522,0.140944,1.179284,0,0.0,23
1900-01-01 13:38:55.498,0.069883,0.090645,0.141073,1.056699,0,0.0,23
1900-01-01 13:38:56.498,0.06961,0.091249,0.140696,0.934114,0,0.0,23
1900-01-01 13:38:57.498,0.070198,0.091291,0.141256,0.985977,0,0.0,23
1900-01-01 13:38:58.498,0.070009,0.091422,0.141155,0.962403,0,0.0,23
1900-01-01 13:38:59.498,0.069731,0.090866,0.140907,1.150995,0,0.0,23
1900-01-01 13:39:00.498,0.070051,0.091784,0.142368,1.250006,0,0.0,23
1900-01-01 13:39:01.498,0.069237,0.089947,0.140825,0.995407,0,0.0,23
1900-01-01 13:39:02.498,0.069778,0.09127,0.141789,1.080273,0,0.0,23
1900-01-01 13:39:03.498,0.069657,0.091275,0.141137,1.17457,0,0.0,23
1900-01-01 13:39:04.498,0.068707,0.091102,0.142396,1.217003,0,0.0,23
1900-01-01 13:39:05.498,0.068964,0.089978,0.140347,1.033125,0,0.0,23
1900-01-01 13:39:06.498,0.06866,0.089863,0.14042,1.03784,0,0.0,23
1900-01-01 13:39:07.498,0.069227,0.09053,0.141063,1.226432,0,0.0,23
1900-01-01 13:39:08.498,0.069211,0.090356,0.140384,1.349017,0,0.0,23
1900-01-01 13:39:09.498,0.069127,0.089453,0.141247,1.231147,0,0.0,23
1900-01-01 13:39:10.498,0.068518,0.088818,0.140218,1.089703,0,0.0,23
1900-01-01 13:39:11.498,0.068681,0.089831,0.141955,1.018981,0,0.0,23
1900-01-01 13:39:12.498,0.068933,0.088582,0.1402,1.179284,0,0.0,23
1900-01-01 13:39:13.498,0.06888,0.08886,0.140301,1.462173,0,0.0,23
1900-01-01 13:39:14.498,0.068969,0.088996,0.14088,1.16514,0,0.0,23
1900-01-01 13:39:15.498,0.069668,0.089511,0.140916,1.009551,0,0.0,23
1900-01-01 13:39:16.498,0.06941,0.089254,0.140742,1.141566,0,0.0,23
1900-01-01 13:39:17.498,0.069647,0.089926,0.141201,1.146281,0,0.0,23
1900-01-01 13:39:18.498,0.069584,0.088314,0.140264,0.8021,0,0.0,23
1900-01-01 13:39:19.498,0.069505,0.08907,0.140172,0.868107,0,0.0,23
1900-01-01 13:39:20.498,0.069636,0.088765,0.140071,1.254721,0,0.0,23
1900-01-01 13:39:21.498,0.069662,0.089311,0.141348,0.957688,0,0.0,23
1900-01-01 13:39:22.498,0.069258,0.089122,0.140769,1.117992,0,0.0,23
1900-01-01 13:39:23.498,0.069484,0.089884,0.141743,1.004836,0,0.0,23
1900-01-01 13:39:24.498,0.069148,0.088603,0.140641,1.264151,0,0.0,23
1900-01-01 13:39:25.498,0.069122,0.087931,0.140365,1.122707,0,0.0,23
1900-01-01 13:39:26.498,0.068906,0.089002,0.140586,0.891681,0,0.0,23
1900-01-01 13:39:27.498,0.069027,0.089212,0.141192,0.839818,0,0.0,23
1900-01-01 13:39:28.498,0.06972,0.089957,0.141844,0.896396,0,0.0,23
1900-01-01 13:39:29.498,0.069248,0.090629,0.142304,1.202858,0,0.0,23
1900-01-01 13:39:30.498,0.069584,0.090593,0.142827,0.778526,0,0.0,23
1900-01-01 13:39:31.498,0.069452,0.089443,0.141137,0.91054,0,0.0,23
1900-01-01 13:39:32.498,0.068596,0.089553,0.140926,1.127421,0,0.0,23
1900-01-01 13:39:33.498,0.069983,0.089322,0.140889,1.141566,0,0.0,23
1900-01-01 13:39:34.498,0.069746,0.089705,0.141918,1.212288,0,0.0,23
1900-01-01 13:39:35.498,0.069647,0.089858,0.14178,0.957688,0,0.0,23
1900-01-01 13:39:36.498,0.068927,0.089795,0.141385,1.051984,0,0.0,23
1900-01-01 13:39:37.498,0.068723,0.088744,0.140724,1.198144,0,0.0,23
1900-01-01 13:39:38.498,0.068817,0.088471,0.140843,1.188714,0,0.0,23
1900-01-01 13:39:39.498,0.069668,0.090467,0.142129,1.099133,0,0.0,23
1900-01-01 13:39:40.498,0.069069,0.089028,0.14167,1.169855,0,0.0,23
1900-01-01 13:39:41.498,0.069216,0.088912,0.141119,0.901111,0,0.0,23
1900-01-01 13:39:42.498,0.06835,0.088177,0.14076,1.080273,0,0.0,23
1900-01-01 13:39:43.498,0.068833,0.087994,0.139777,1.146281,0,0.0,23
1900-01-01 13:39:44.498,0.070235,0.089852,0.141661,1.339588,0,0.0,23
1900-01-01 13:39:45.498,0.068906,0.089038,0.140531,1.000122,0,0.0,23
1900-01-01 13:39:46.498,0.069242,0.090335,0.141945,0.712518,0,0.0,23
1900-01-01 13:39:47.498,0.070203,0.089863,0.142285,1.113277,0,0.0,23
1900-01-01 13:39:48.498,0.069862,0.090183,0.141817,1.28301,0,0.0,23
1900-01-01 13:39:49.498,0.069326,0.089422,0.142258,1.113277,0,0.0,23
1900-01-01 13:39:50.498,0.069143,0.088765,0.140558,0.740807,0,0.0,23
1900-01-01 13:39:51.498,0.069279,0.0896,0.142331,0.915255,0,0.0,23
1900-01-01 13:39:52.498,0.069778,0.089049,0.141063,1.221718,0,0.0,23
1900-01-01 13:39:53.498,0.069689,0.089301,0.140999,1.301869,0,0.0,23
1900-01-01 13:39:54.498,0.069011,0.088802,0.140916,1.240577,0,0.0,23
1900-01-01 13:39:55.498,0.06909,0.089689,0.141936,1.004836,0,0.0,23
1900-01-01 13:39:56.498,0.069284,0.088534,0.140347,1.264151,0,0.0,23
1900-01-01 13:39:57.498,0.069085,0.088666,0.141266,1.325443,0,0.0,23
1900-01-01 13:39:58.498,0.069158,0.089338,0.141376,1.15571,0,0.0,23
1900-01-01 13:39:59.498,0.069589,0.08939,0.140512,1.325443,0,0.0,23
1900-01-01 13:40:00.498,0.069284,0.089485,0.142239,1.146281,0,0.0,23
1900-01-01 13:40:01.498,0.068938,0.088755,0.141403,0.877537,0,0.0,23
1900-01-01 13:40:02.498,0.069416,0.08928,0.141633,0.976548,0,0.0,23
1900-01-01 13:40:03.498,0.06909,0.090257,0.142506,0.91997,0,0.0,23
1900-01-01 13:40:04.498,0.069048,0.08823,0.140475,1.358447,0,0.0,23
1900-01-01 13:40:05.498,0.06899,0.088713,0.140733,1.103847,0,0.0,23
1900-01-01 13:40:06.498,0.068828,0.087978,0.14043,1.132136,0,0.0,23
1900-01-01 13:40:07.498,0.068812,0.088477,0.140411,1.103847,0,0.0,23
1900-01-01 13:40:08.498,0.069038,0.088965,0.141679,1.28301,0,0.0,23
1900-01-01 13:40:09.498,0.068612,0.089002,0.141982,1.245292,0,0.0,23
1900-01-01 13:40:10.498,0.068229,0.08771,0.141174,1.089703,0,0.0,23
1900-01-01 13:40:11.498,0.06825,0.088356,0.141587,1.320729,0,0.0,23
1900-01-01 13:40:12.498,0.068518,0.086408,0.139612,1.113277,0,0.0,23
1900-01-01 13:40:13.498,0.068896,0.087511,0.140797,1.325443,0,1.0,23
1900-01-01 13:40:14.498,0.069353,0.087862,0.14144,1.504606,1,1.0,23
1900-01-01 13:40:15.498,0.069085,0.088267,0.142258,0.863392,1,1.0,23
1900-01-01 13:40:16.498,0.068927,0.088046,0.141909,0.924685,1,1.0,23
1900-01-01 13:40:17.498,0.069116,0.087673,0.141854,1.188714,1,1.0,23
1900-01-01 13:40:18.498,0.067977,0.087521,0.141284,0.971833,1,1.0,23
1900-01-01 13:40:19.498,0.068586,0.086996,0.140145,1.339588,1,1.0,23
1900-01-01 13:40:20.498,0.068334,0.088015,0.140953,1.268866,1,1.0,23
1900-01-01 13:40:21.498,0.068822,0.087883,0.141431,1.160425,1,1.0,23
1900-01-01 13:40:22.498,0.067977,0.086886,0.141027,1.075559,1,1.0,23
1900-01-01 13:40:23.498,0.06898,0.086912,0.140255,1.000122,1,1.0,23
1900-01-01 13:40:24.498,0.068649,0.087259,0.141403,1.16514,1,1.0,23
1900-01-01 13:40:25.498,0.068481,0.08719,0.141174,1.066129,1,1.0,23
1900-01-01 13:40:26.498,0.069489,0.087306,0.140448,1.15571,1,1.0,23
1900-01-01 13:40:27.498,0.069657,0.08823,0.142478,1.066129,1,1.0,23
1900-01-01 13:40:28.498,0.069137,0.0877,0.141109,1.382021,1,1.0,23
1900-01-01 13:40:29.498,0.069941,0.088093,0.141734,0.769096,1,1.0,23
1900-01-01 13:40:30.498,0.068822,0.088487,0.143204,0.962403,1,1.0,23
1900-01-01 13:40:31.498,0.069515,0.08897,0.142598,1.363162,1,1.0,23
1900-01-01 13:40:32.498,0.06972,0.088219,0.142322,1.080273,1,1.0,23
1900-01-01 13:40:33.498,0.068817,0.0874,0.141376,1.339588,1,1.0,23
1900-01-01 13:40:34.498,0.068912,0.087784,0.141247,1.122707,1,1.0,23
1900-01-01 13:40:35.498,0.069101,0.088456,0.142092,1.014266,1,1.0,23
1900-01-01 13:40:36.498,0.068917,0.0874,0.140825,1.160425,1,1.0,23
1900-01-01 13:40:37.498,0.069127,0.088272,0.142221,0.769096,1,1.0,23
1900-01-01 13:40:38.498,0.068738,0.087022,0.14144,1.28301,1,1.0,23
1900-01-01 13:40:39.498,0.069127,0.08698,0.140797,0.985977,1,1.0,23
1900-01-01 13:40:40.498,0.069269,0.08749,0.141835,0.901111,1,1.0,23
1900-01-01 13:40:41.498,0.06856,0.08824,0.142781,1.04727,1,1.0,23
1900-01-01 13:40:42.498,0.068922,0.087878,0.140512,1.330158,1,1.0,23
1900-01-01 13:40:43.498,0.069158,0.0876,0.141495,1.622476,1,1.0,23
1900-01-01 13:40:44.498,0.06899,0.087668,0.141357,0.901111,1,1.0,23
1900-01-01 13:40:45.498,0.068481,0.087857,0.142267,0.985977,1,1.0,23
1900-01-01 13:40:46.498,0.06866,0.088624,0.142736,1.27358,1,1.0,23
1900-01-01 13:40:47.498,0.069363,0.089254,0.142892,1.316014,1,1.0,23
1900-01-01 13:40:48.498,0.069799,0.088429,0.142322,1.042555,1,1.0,23
1900-01-01 13:40:49.498,0.068103,0.087243,0.141753,0.985977,1,1.0,23
1900-01-01 13:40:50.498,0.068969,0.088471,0.142285,1.306584,1,1.0,23
1900-01-01 13:40:51.498,0.069316,0.088324,0.141789,1.193429,1,1.0,23
1900-01-01 13:40:52.498,0.069463,0.088713,0.142616,1.349017,1,1.0,23
1900-01-01 13:40:53.498,0.069405,0.087616,0.141697,1.325443,1,1.0,23
1900-01-01 13:40:54.498,0.068838,0.087574,0.142046,1.212288,1,1.0,23
1900-01-01 13:40:55.498,0.069095,0.088246,0.142138,1.117992,1,1.0,23
1900-01-01 13:40:56.498,0.069725,0.0899,0.143268,1.198144,1,1.0,23
1900-01-01 13:40:57.498,0.068628,0.088282,0.141734,1.02841,1,1.0,23
1900-01-01 13:40:58.498,0.069694,0.088492,0.142634,1.306584,1,1.0,23
1900-01-01 13:40:59.498,0.069311,0.088771,0.142717,1.250006,1,1.0,23
1900-01-01 13:41:00.498,0.069857,0.089994,0.14325,0.872822,1,1.0,23
1900-01-01 13:41:01.498,0.067961,0.087805,0.141431,1.15571,1,1.0,23
1900-01-01 13:41:02.498,0.068927,0.08876,0.14155,1.254721,1,1.0,23
1900-01-01 13:41:03.498,0.069568,0.088713,0.140861,1.334873,1,1.0,23
1900-01-01 13:41:04.498,0.069011,0.087857,0.141155,1.240577,1,1.0,23
1900-01-01 13:41:05.498,0.068486,0.087957,0.141927,1.15571,1,1.0,23
1900-01-01 13:41:06.498,0.068665,0.088041,0.141697,1.056699,1,1.0,23
1900-01-01 13:41:07.498,0.069059,0.088561,0.141569,1.40088,1,1.0,23
1900-01-01 13:41:08.498,0.069347,0.088645,0.142065,1.02841,1,1.0,23
1900-01-01 13:41:09.498,0.069153,0.088844,0.143158,1.009551,1,1.0,23
1900-01-01 13:41:10.498,0.068801,0.087999,0.141504,0.844533,1,1.0,23
1900-01-01 13:41:11.498,0.069132,0.088319,0.141357,1.188714,1,1.0,23
1900-01-01 13:41:12.498,0.068449,0.087616,0.141486,1.089703,1,1.0,23
1900-01-01 13:41:13.498,0.069053,0.088361,0.141651,1.099133,1,1.0,23
1900-01-01 13:41:14.498,0.069321,0.089101,0.14201,1.075559,1,1.0,23
1900-01-01 13:41:15.498,0.068407,0.089227,0.142736,1.198144,1,1.0,23
1900-01-01 13:41:16.498,0.068927,0.088576,0.142478,1.325443,1,1.0,23
1900-01-01 13:41:17.498,0.067951,0.08803,0.141973,1.287725,1,1.0,23
1900-01-01 13:41:18.498,0.069547,0.088839,0.143177,1.518751,1,1.0,23
1900-01-01 13:41:19.498,0.068906,0.088891,0.141734,1.117992,1,1.0,23
1900-01-01 13:41:20.498,0.068885,0.088587,0.142046,1.240577,1,1.0,23
1900-01-01 13:41:21.498,0.068308,0.088072,0.141339,1.02841,1,1.0,23
1900-01-01 13:41:22.498,0.069332,0.089143,0.141844,1.056699,1,1.0,23
1900-01-01 13:41:23.498,0.068082,0.087999,0.140586,1.103847,1,1.0,23
1900-01-01 13:41:24.498,0.069032,0.088855,0.141936,1.089703,1,1.0,23
1900-01-01 13:41:25.498,0.069059,0.088561,0.141027,1.481032,1,1.0,23
1900-01-01 13:41:26.498,0.069221,0.088015,0.140898,1.094418,1,1.0,23
1900-01-01 13:41:27.498,0.068444,0.088424,0.141578,0.971833,1,1.0,23
1900-01-01 13:41:28.498,0.068381,0.086996,0.140402,1.221718,1,1.0,23
1900-01-01 13:41:29.498,0.068759,0.08823,0.141312,1.29244,1,1.0,23
1900-01-01 13:41:30.498,0.068985,0.087915,0.141109,1.099133,1,1.0,23
1900-01-01 13:41:31.498,0.069431,0.088519,0.141679,1.17457,1,1.0,23
1900-01-01 13:41:32.498,0.067972,0.087584,0.141459,1.183999,1,1.0,23
1900-01-01 13:41:33.498,0.068807,0.08897,0.142193,1.221718,1,1.0,23
1900-01-01 13:41:34.498,0.069358,0.089322,0.14201,1.160425,1,1.0,23
1900-01-01 13:41:35.498,0.06866,0.088561,0.14178,1.41031,1,1.0,23
1900-01-01 13:41:36.498,0.068266,0.087196,0.140797,1.344303,1,1.0,23
1900-01-01 13:41:37.498,0.06877,0.088282,0.141256,1.202858,1,1.0,23
1900-01-01 13:41:38.498,0.068959,0.088645,0.141137,1.471602,1,1.0,23
1900-01-01 13:41:39.498,0.069552,0.088046,0.140668,1.16514,1,1.0,23
1900-01-01 13:41:40.498,0.067877,0.087285,0.141459,0.957688,1,1.0,23
1900-01-01 13:41:41.498,0.069447,0.088839,0.141018,0.830388,1,1.0,23
1900-01-01 13:41:42.498,0.068954,0.08887,0.141762,1.415025,1,1.0,23
1900-01-01 13:41:43.498,0.068822,0.08865,0.141468,1.65548,1,1.0,23
1900-01-01 13:41:44.498,0.068749,0.088545,0.142157,0.698374,1,1.0,23
1900-01-01 13:41:45.498,0.06857,0.087978,0.141789,1.136851,1,1.0,23
1900-01-01 13:41:46.498,0.068738,0.088991,0.142864,1.297155,1,1.0,23
1900-01-01 13:41:47.498,0.069216,0.088708,0.141449,1.188714,1,1.0,23
1900-01-01 13:41:48.498,0.068418,0.088571,0.14212,0.608793,1,1.0,23
1900-01-01 13:41:49.498,0.068523,0.088151,0.141624,1.009551,1,1.0,23
1900-01-01 13:41:50.498,0.069253,0.088382,0.14156,1.193429,1,1.0,23
1900-01-01 13:41:51.498,0.069158,0.088345,0.141302,1.198144,1,1.0,23
1900-01-01 13:41:52.498,0.068765,0.087248,0.140788,0.967118,1,1.0,23
1900-01-01 13:41:53.498,0.069017,0.087957,0.14156,1.193429,1,1.0,23
1900-01-01 13:41:54.498,0.068901,0.088534,0.142037,1.179284,1,1.0,23
1900-01-01 13:41:55.498,0.068696,0.088424,0.141725,1.04727,1,1.0,23
1900-01-01 13:41:56.498,0.069384,0.08823,0.14189,0.981262,1,1.0,23
1900-01-01 13:41:57.498,0.068229,0.087364,0.141275,1.080273,1,1.0,23
1900-01-01 13:41:58.498,0.06898,0.088062,0.140972,1.066129,1,1.0,23
1900-01-01 13:41:59.498,0.069059,0.08854,0.142258,1.240577,1,1.0,23
1900-01-01 13:42:00.498,0.068733,0.088487,0.14268,1.363162,1,1.0,23
1900-01-01 13:42:01.498,0.068313,0.088734,0.14235,0.901111,1,1.0,23
1900-01-01 13:42:02.498,0.069211,0.088645,0.141798,1.075559,1,1.0,23
1900-01-01 13:42:03.498,0.068623,0.087715,0.141063,1.287725,1,1.0,23
1900-01-01 13:42:04.498,0.068234,0.087616,0.141091,1.367877,1,1.0,23
1900-01-01 13:42:05.498,0.068649,0.087736,0.141771,0.929399,1,1.0,23
1900-01-01 13:42:06.498,0.068486,0.087831,0.141174,1.40088,1,1.0,23
1900-01-01 13:42:07.498,0.069452,0.088015,0.141312,1.297155,1,1.0,23
1900-01-01 13:42:08.498,0.068969,0.088965,0.142046,1.04727,1,1.0,23
1900-01-01 13:42:09.498,0.068544,0.087112,0.141615,1.136851,1,1.0,23
1900-01-01 13:42:10.498,0.068355,0.088802,0.142579,1.16514,1,1.0,23
1900-01-01 13:42:11.498,0.068891,0.089632,0.142074,1.127421,1,1.0,23
1900-01-01 13:42:12.498,0.068675,0.089096,0.14268,1.358447,1,1.0,23
1900-01-01 13:42:13.498,0.069148,0.089044,0.142781,1.113277,1,1.0,23
1900-01-01 13:42:14.498,0.069253,0.088587,0.141991,1.29244,1,1.0,23
1900-01-01 13:42:15.498,0.068728,0.088209,0.14201,1.169855,1,1.0,23
1900-01-01 13:42:16.498,0.068465,0.088503,0.142736,0.924685,1,1.0,23
1900-01-01 13:42:17.498,0.068733,0.08833,0.141385,1.367877,1,1.0,23
1900-01-01 13:42:18.498,0.06888,0.087873,0.141422,1.150995,1,1.0,23
1900-01-01 13:42:19.498,0.069011,0.088513,0.141762,1.245292,1,1.0,23
1900-01-01 13:42:20.498,0.069232,0.089049,0.141357,1.141566,1,1.0,23
1900-01-01 13:42:21.498,0.069746,0.0895,0.141844,1.382021,1,1.0,23
1900-01-01 13:42:22.498,0.068617,0.088729,0.141569,1.056699,1,1.0,23
1900-01-01 13:42:23.498,0.068702,0.087768,0.140926,1.132136,1,1.0,23
1900-01-01 13:42:24.498,0.068828,0.088618,0.142579,1.259436,1,1.0,23
1900-01-01 13:42:25.498,0.068849,0.088849,0.141826,1.52818,1,1.0,23
1900-01-01 13:42:26.498,0.068533,0.088461,0.142589,1.136851,1,1.0,23
1900-01-01 13:42:27.498,0.068964,0.088172,0.141357,1.127421,1,1.0,23
1900-01-01 13:42:28.498,0.069589,0.089795,0.142552,1.28301,1,1.0,23
1900-01-01 13:42:29.498,0.069783,0.089521,0.142331,1.316014,1,1.0,23
1900-01-01 13:42:30.498,0.069017,0.089264,0.142634,0.995407,1,1.0,23
1900-01-01 13:42:31.498,0.068528,0.088876,0.142827,1.235862,1,1.0,23
1900-01-01 13:42:32.498,0.069027,0.088986,0.142267,1.28301,1,1.0,23
1900-01-01 13:42:33.498,0.069584,0.08875,0.141707,1.287725,1,1.0,23
1900-01-01 13:42:34.498,0.069374,0.088823,0.142313,1.29244,1,1.0,23
1900-01-01 13:42:35.498,0.069106,0.089086,0.14269,0.990692,1,1.0,23
1900-01-01 13:42:36.498,0.069426,0.088608,0.141661,1.193429,1,1.0,23
1900-01-01 13:42:37.498,0.069195,0.089322,0.142056,1.471602,1,1.0,23
1900-01-01 13:42:38.498,0.069248,0.088792,0.141716,0.91054,1,1.0,23
1900-01-01 13:42:39.498,0.068733,0.088235,0.142928,0.957688,1,1.0,23
1900-01-01 13:42:40.498,0.068239,0.089033,0.142469,1.150995,1,1.0,23
1900-01-01 13:42:41.498,0.069326,0.089968,0.142607,1.108562,1,1.0,23
1900-01-01 13:42:42.498,0.068528,0.08845,0.141376,1.212288,1,1.0,23
1900-01-01 13:42:43.498,0.06878,0.088928,0.141697,0.938829,1,1.0,23
1900-01-01 13:42:44.498,0.06929,0.088954,0.141955,0.872822,1,1.0,23
1900-01-01 13:42:45.498,0.069074,0.088944,0.142368,1.160425,1,1.0,23
1900-01-01 13:42:46.498,0.0694,0.088309,0.141183,1.070844,1,1.0,23
1900-01-01 13:42:47.498,0.06908,0.087621,0.140834,0.778526,1,1.0,23
1900-01-01 13:42:48.498,0.067615,0.088009,0.141964,1.179284,1,1.0,23
1900-01-01 13:42:49.498,0.068812,0.089096,0.142405,1.433884,1,1.0,23
1900-01-01 13:42:50.498,0.068245,0.08812,0.141798,0.905825,1,1.0,23
1900-01-01 13:42:51.498,0.068176,0.087868,0.142193,0.896396,1,1.0,23
1900-01-01 13:42:52.498,0.068329,0.088918,0.142928,1.070844,1,1.0,23
1900-01-01 13:42:53.498,0.068602,0.088897,0.141899,1.490462,1,1.0,23
1900-01-01 13:42:54.498,0.069253,0.089611,0.142791,1.188714,1,1.0,23
1900-01-01 13:42:55.498,0.069074,0.088351,0.141872,0.736092,1,1.0,23
1900-01-01 13:42:56.498,0.069206,0.089758,0.142763,0.905825,1,1.0,23
1900-01-01 13:42:57.498,0.069326,0.0898,0.143471,1.551754,1,1.0,23
1900-01-01 13:42:58.498,0.068875,0.088933,0.142405,1.504606,1,1.0,23
1900-01-01 13:42:59.498,0.068549,0.087988,0.141045,1.17457,1,1.0,23
1900-01-01 13:43:00.498,0.069132,0.088498,0.142221,0.990692,1,1.0,23
1900-01-01 13:43:01.498,0.068954,0.087873,0.141321,1.217003,1,1.0,23
1900-01-01 13:43:02.498,0.069568,0.088655,0.14189,1.344303,1,1.0,23
1900-01-01 13:43:03.498,0.068917,0.089212,0.143553,1.405595,1,1.0,23
1900-01-01 13:43:04.498,0.068444,0.088382,0.141826,0.929399,1,1.0,23
1900-01-01 13:43:05.498,0.069106,0.088986,0.142432,1.02841,1,1.0,23
1900-01-01 13:43:06.498,0.068686,0.088645,0.141716,1.320729,1,1.0,23
1900-01-01 13:43:07.498,0.068402,0.088566,0.142285,1.250006,1,1.0,23
1900-01-01 13:43:08.498,0.068003,0.088324,0.142019,1.235862,1,1.0,23
1900-01-01 13:43:09.498,0.068612,0.088928,0.142818,0.703089,1,1.0,23
1900-01-01 13:43:10.498,0.068245,0.087899,0.142634,1.018981,1,1.0,23
1900-01-01 13:43:11.498,0.068759,0.088519,0.142193,1.108562,1,1.0,23
1900-01-01 13:43:12.498,0.0692,0.088844,0.142028,1.04727,1,1.0,23
1900-01-01 13:43:13.498,0.06866,0.08929,0.141854,0.976548,1,1.0,23
1900-01-01 13:43:14.498,0.068339,0.088099,0.141523,1.316014,1,1.0,23
1900-01-01 13:43:15.498,0.068491,0.088529,0.142524,1.188714,1,1.0,23
1900-01-01 13:43:16.498,0.069284,0.089684,0.14257,1.070844,1,1.0,23
1900-01-01 13:43:17.498,0.068439,0.088645,0.141514,1.042555,1,1.0,23
1900-01-01 13:43:18.498,0.068938,0.089122,0.141808,1.457458,1,1.0,23
1900-01-01 13:43:19.498,0.06877,0.088975,0.142258,1.349017,1,1.0,23
1900-01-01 13:43:20.498,0.069599,0.08854,0.141982,1.15571,1,1.0,23
1900-01-01 13:43:21.498,0.068765,0.088634,0.142331,0.934114,1,1.0,23
1900-01-01 13:43:22.498,0.068502,0.089101,0.1437,1.066129,1,1.0,23
1900-01-01 13:43:23.498,0.068828,0.089805,0.143167,1.28301,1,1.0,23
1900-01-01 13:43:24.498,0.068796,0.089553,0.14359,1.306584,1,1.0,23
1900-01-01 13:43:25.498,0.068187,0.088198,0.143553,1.084988,1,1.0,23
1900-01-01 13:43:26.498,0.067809,0.088104,0.142837,0.981262,1,1.0,23
1900-01-01 13:43:27.498,0.069274,0.088802,0.142184,1.108562,1,1.0,23
1900-01-01 13:43:28.498,0.068386,0.08782,0.141918,1.452743,1,1.0,23
1900-01-01 13:43:29.498,0.068891,0.088314,0.14234,1.023696,1,1.0,23
1900-01-01 13:43:30.498,0.068308,0.088471,0.142377,1.202858,1,1.0,23
1900-01-01 13:43:31.498,0.068833,0.088424,0.142634,0.745522,1,1.0,23
1900-01-01 13:43:32.498,0.069206,0.089653,0.143351,1.150995,1,1.0,23
1900-01-01 13:43:33.498,0.069557,0.088498,0.142956,1.320729,1,1.0,23
1900-01-01 13:43:34.498,0.067877,0.087101,0.14235,0.971833,1,1.0,23
1900-01-01 13:43:35.498,0.067914,0.087337,0.141734,1.481032,1,1.0,23
1900-01-01 13:43:36.498,0.068628,0.088004,0.141743,1.311299,1,1.0,23
1900-01-01 13:43:37.498,0.068197,0.087238,0.141918,0.995407,1,1.0,23
1900-01-01 13:43:38.498,0.067809,0.085988,0.139989,1.018981,1,1.0,23
1900-01-01 13:43:39.498,0.069048,0.088214,0.142561,1.254721,1,1.0,23
1900-01-01 13:43:40.498,0.068586,0.087448,0.141927,1.363162,1,1.0,23
1900-01-01 13:43:41.498,0.069311,0.087463,0.141863,1.264151,1,1.0,23
1900-01-01 13:43:42.498,0.068171,0.087301,0.141486,0.79267,1,1.0,23
1900-01-01 13:43:43.498,0.068996,0.087332,0.141679,1.084988,1,1.0,23
1900-01-01 13:43:44.498,0.068964,0.089012,0.142625,1.27358,1,1.0,23
1900-01-01 13:43:45.498,0.068586,0.088697,0.143342,1.03784,1,1.0,23
1900-01-01 13:43:46.498,0.068407,0.088036,0.143085,1.259436,1,1.0,23
1900-01-01 13:43:47.498,0.067457,0.086812,0.14223,1.070844,1,1.0,23
1900-01-01 13:43:48.498,0.068817,0.087012,0.141275,1.014266,1,1.0,23
1900-01-01 13:43:49.498,0.068917,0.087857,0.141973,1.16514,1,1.0,23
1900-01-01 13:43:50.498,0.068959,0.087957,0.142579,1.113277,1,1.0,23
1900-01-01 13:43:51.498,0.067914,0.086965,0.142304,0.957688,1,1.0,23
1900-01-01 13:43:52.498,0.068828,0.088025,0.142442,1.122707,1,1.0,23
1900-01-01 13:43:53.498,0.069269,0.08823,0.142148,1.377306,1,1.0,23
1900-01-01 13:43:54.498,0.068707,0.088251,0.143471,1.056699,1,1.0,23
1900-01-01 13:43:55.498,0.069185,0.088151,0.14268,0.868107,1,1.0,23
1900-01-01 13:43:56.498,0.068681,0.08646,0.140751,1.212288,1,1.0,23
1900-01-01 13:43:57.498,0.068896,0.088387,0.142919,1.311299,1,1.0,23
1900-01-01 13:43:58.498,0.068192,0.086938,0.141716,0.849248,1,1.0,23
1900-01-01 13:43:59.498,0.068077,0.087505,0.14201,0.948259,1,1.0,23
1900-01-01 13:44:00.498,0.068129,0.087437,0.142249,0.952974,1,1.0,23
1900-01-01 13:44:01.498,0.068786,0.088288,0.142111,1.320729,1,1.0,23
1900-01-01 13:44:02.498,0.068449,0.087673,0.141945,1.03784,1,1.0,23
1900-01-01 13:44:03.498,0.068796,0.088524,0.143627,1.051984,1,1.0,23
1900-01-01 13:44:04.498,0.067825,0.088099,0.14223,1.084988,1,1.0,23
1900-01-01 13:44:05.498,0.06826,0.086434,0.141027,1.113277,1,1.0,23
1900-01-01 13:44:06.498,0.067909,0.08719,0.141256,1.344303,1,1.0,23
1900-01-01 13:44:07.498,0.068901,0.086944,0.141054,1.320729,1,1.0,23
1900-01-01 13:44:08.498,0.068234,0.087222,0.141899,1.061414,1,1.0,23
1900-01-01 13:44:09.498,0.068728,0.087988,0.142166,0.957688,1,1.0,23
1900-01-01 13:44:10.498,0.068082,0.086959,0.140935,1.070844,1,1.0,23
1900-01-01 13:44:11.498,0.068008,0.086781,0.141945,1.004836,1,1.0,23
1900-01-01 13:44:12.498,0.069069,0.08845,0.142157,1.287725,1,1.0,23
1900-01-01 13:44:13.498,0.068092,0.087374,0.141495,1.278295,1,1.0,23
1900-01-01 13:44:14.498,0.067924,0.086933,0.141734,1.306584,1,1.0,23
1900-01-01 13:44:15.498,0.068423,0.086802,0.141054,1.084988,1,1.0,23
1900-01-01 13:44:16.498,0.068035,0.087122,0.142285,1.113277,1,1.0,23
1900-01-01 13:44:17.498,0.06877,0.088692,0.14223,1.349017,1,1.0,23
1900-01-01 13:44:18.498,0.068344,0.087836,0.142258,1.424454,1,1.0,23
1900-01-01 13:44:19.498,0.068791,0.088356,0.142993,0.990692,1,1.0,23
1900-01-01 13:44:20.498,0.067835,0.087925,0.14291,0.929399,1,1.0,23
1900-01-01 13:44:21.498,0.067867,0.086959,0.141817,0.872822,1,1.0,23
1900-01-01 13:44:22.498,0.068507,0.087946,0.142589,1.334873,1,1.0,23
1900-01-01 13:44:23.498,0.067804,0.087169,0.141927,1.226432,1,1.0,23
1900-01-01 13:44:24.498,0.068733,0.08708,0.141312,1.207573,1,1.0,23
1900-01-01 13:44:25.498,0.068313,0.088471,0.142984,0.934114,1,1.0,23
1900-01-01 13:44:26.498,0.06773,0.087621,0.142423,1.03784,1,1.0,23
1900-01-01 13:44:27.498,0.069332,0.089474,0.142818,1.471602,1,1.0,23
1900-01-01 13:44:28.498,0.069305,0.088545,0.143232,1.424454,1,1.0,23
1900-01-01 13:44:29.498,0.068838,0.087757,0.141743,1.108562,1,1.0,23
1900-01-01 13:44:30.498,0.067956,0.086818,0.141716,1.004836,1,1.0,23
1900-01-01 13:44:31.498,0.068465,0.087689,0.142818,1.094418,1,1.0,23
1900-01-01 13:44:32.498,0.068696,0.088466,0.142772,1.183999,1,1.0,23
1900-01-01 13:44:33.498,0.068024,0.0876,0.141532,1.231147,1,1.0,23
1900-01-01 13:44:34.498,0.06857,0.088482,0.142616,0.6748,1,1.0,23
1900-01-01 13:44:35.498,0.06866,0.087726,0.142543,1.240577,1,1.0,23
1900-01-01 13:44:36.498,0.068376,0.088954,0.142432,1.245292,1,1.0,23
1900-01-01 13:44:37.498,0.06835,0.087805,0.142386,0.896396,1,1.0,23
1900-01-01 13:44:38.498,0.068449,0.088067,0.142138,1.17457,1,1.0,23
1900-01-01 13:44:39.498,0.06826,0.0874,0.141771,1.207573,1,1.0,23
1900-01-01 13:44:40.498,0.068329,0.087495,0.141422,1.499891,1,1.0,23
1900-01-01 13:44:41.498,0.067751,0.087558,0.142221,1.301869,1,1.0,23
1900-01-01 13:44:42.498,0.067851,0.08677,0.14144,1.193429,1,1.0,23
1900-01-01 13:44:43.498,0.068413,0.088561,0.142791,1.217003,1,1.0,23
1900-01-01 13:44:44.498,0.068339,0.087574,0.141651,1.160425,1,1.0,23
1900-01-01 13:44:45.498,0.068024,0.08718,0.141789,1.358447,1,1.0,23
1900-01-01 13:44:46.498,0.068434,0.087269,0.142276,1.367877,1,1.0,23
1900-01-01 13:44:47.498,0.06804,0.087931,0.141753,0.995407,1,1.0,23
1900-01-01 13:44:48.498,0.068266,0.087442,0.141385,1.28301,1,1.0,23
1900-01-01 13:44:49.498,0.068334,0.088671,0.14302,1.16514,1,1.0,23
1900-01-01 13:44:50.498,0.068287,0.087652,0.141762,1.179284,1,1.0,23
1900-01-01 13:44:51.498,0.068586,0.088177,0.141863,1.245292,1,1.0,23
1900-01-01 13:44:52.498,0.067153,0.08677,0.142037,1.122707,1,1.0,23
1900-01-01 13:44:53.498,0.068334,0.087579,0.141606,1.146281,1,1.0,23
1900-01-01 13:44:54.498,0.068066,0.088319,0.141973,1.070844,1,1.0,23
1900-01-01 13:44:55.498,0.067982,0.087637,0.141624,1.160425,1,1.0,23
1900-01-01 13:44:56.498,0.068035,0.087652,0.141716,1.268866,1,1.0,23
1900-01-01 13:44:57.498,0.068171,0.087159,0.141174,0.929399,1,1.0,23
1900-01-01 13:44:58.498,0.06793,0.087358,0.141459,0.905825,1,1.0,23
1900-01-01 13:44:59.498,0.068654,0.087925,0.141477,1.188714,1,1.0,23
1900-01-01 13:45:00.498,0.068502,0.087343,0.141762,1.268866,1,1.0,23
1900-01-01 13:45:01.498,0.068476,0.087327,0.141541,1.438599,1,1.0,23
1900-01-01 13:45:02.498,0.068843,0.087967,0.142671,1.023696,1,1.0,23
1900-01-01 13:45:03.498,0.068292,0.087232,0.14212,1.061414,1,1.0,23
1900-01-01 13:45:04.498,0.067966,0.087101,0.142221,1.160425,1,1.0,23
1900-01-01 13:45:05.498,0.067909,0.087306,0.14235,1.316014,1,1.0,23
1900-01-01 13:45:06.498,0.068497,0.087773,0.142699,1.15571,1,1.0,23
1900-01-01 13:45:07.498,0.067415,0.087484,0.142203,1.221718,1,1.0,23
1900-01-01 13:45:08.498,0.067709,0.086902,0.141385,1.02841,1,1.0,23
1900-01-01 13:45:09.498,0.068224,0.088162,0.14189,1.254721,1,1.0,23
1900-01-01 13:45:10.498,0.068003,0.087957,0.14223,1.02841,1,1.0,23
1900-01-01 13:45:11.498,0.068649,0.087679,0.141578,1.584758,1,1.0,23
1900-01-01 13:45:12.498,0.069017,0.088823,0.143608,1.193429,1,1.0,23
1900-01-01 13:45:13.498,0.068098,0.087274,0.141854,0.981262,1,1.0,23
1900-01-01 13:45:14.498,0.06887,0.087621,0.141606,1.382021,1,1.0,23
1900-01-01 13:45:15.498,0.068276,0.087369,0.14121,1.066129,1,1.0,23
1900-01-01 13:45:16.498,0.068996,0.087852,0.141523,0.934114,1,1.0,23
1900-01-01 13:45:17.498,0.067678,0.086896,0.142046,1.179284,1,1.0,23
1900-01-01 13:45:18.498,0.068082,0.087605,0.1428,1.193429,1,1.0,23
1900-01-01 13:45:19.498,0.067982,0.086875,0.141587,0.868107,1,1.0,23
1900-01-01 13:45:20.498,0.067578,0.086665,0.141321,0.882251,1,1.0,23
1900-01-01 13:45:21.498,0.06825,0.088093,0.142313,1.330158,1,1.0,23
1900-01-01 13:45:22.498,0.067888,0.087327,0.142028,1.16514,1,1.0,23
1900-01-01 13:45:23.498,0.068775,0.088309,0.141964,1.17457,1,1.0,23
1900-01-01 13:45:24.498,0.068208,0.087337,0.141312,1.099133,1,1.0,23
1900-01-01 13:45:25.498,0.067877,0.086949,0.14155,0.853963,1,1.0,23
1900-01-01 13:45:26.498,0.068082,0.087301,0.141725,1.226432,1,1.0,23
1900-01-01 13:45:27.498,0.068276,0.089212,0.143103,0.858677,1,1.0,23
1900-01-01 13:45:28.498,0.068728,0.088062,0.142708,1.443314,1,1.0,23
1900-01-01 13:45:29.498,0.06763,0.086949,0.142074,0.896396,1,1.0,23
1900-01-01 13:45:30.498,0.068239,0.087763,0.142175,1.080273,1,1.0,23
1900-01-01 13:45:31.498,0.068407,0.088025,0.142322,1.353732,1,1.0,23
1900-01-01 13:45:32.498,0.06804,0.087883,0.141606,1.188714,1,1.0,23
1900-01-01 13:45:33.498,0.067935,0.087532,0.142487,0.8021,1,1.0,23
1900-01-01 13:45:34.498,0.068182,0.087306,0.141514,1.207573,1,1.0,23
1900-01-01 13:45:35.498,0.068234,0.087957,0.142193,1.051984,1,1.0,23
1900-01-01 13:45:36.498,0.068124,0.08823,0.142285,1.40088,1,1.0,23
1900-01-01 13:45:37.498,0.068518,0.08824,0.142552,1.334873,1,1.0,23
1900-01-01 13:45:38.498,0.068423,0.087679,0.142239,1.221718,1,1.0,23
1900-01-01 13:45:39.498,0.067872,0.088335,0.142625,1.212288,1,1.0,23
1900-01-01 13:45:40.498,0.068523,0.087694,0.142276,1.141566,1,1.0,23
1900-01-01 13:45:41.498,0.068948,0.088293,0.142148,1.108562,1,1.0,23
1900-01-01 13:45:42.498,0.068134,0.087243,0.141909,1.250006,1,1.0,23
1900-01-01 13:45:43.498,0.06731,0.087112,0.141753,1.259436,1,1.0,23
1900-01-01 13:45:44.498,0.06836,0.087957,0.142579,1.051984,1,1.0,23
1900-01-01 13:45:45.498,0.06814,0.086996,0.143075,1.000122,1,1.0,23
1900-01-01 13:45:46.498,0.067867,0.087169,0.142129,1.268866,1,1.0,23
1900-01-01 13:45:47.498,0.068224,0.087295,0.141679,1.075559,1,1.0,23
1900-01-01 13:45:48.498,0.067625,0.087595,0.141863,1.089703,1,1.0,23
1900-01-01 13:45:49.498,0.066985,0.086975,0.142111,1.014266,1,1.0,23
1900-01-01 13:45:50.498,0.06825,0.088277,0.143305,1.014266,1,1.0,23
1900-01-01 13:45:51.498,0.067452,0.086634,0.141936,1.15571,1,1.0,23
1900-01-01 13:45:52.498,0.067804,0.087301,0.141624,1.113277,1,1.0,23
1900-01-01 13:45:53.498,0.067541,0.087847,0.142809,1.103847,1,1.0,23
1900-01-01 13:45:54.498,0.068344,0.087799,0.14189,1.113277,1,1.0,23
1900-01-01 13:45:55.498,0.068665,0.088162,0.142662,1.179284,1,1.0,23
1900-01-01 13:45:56.498,0.068371,0.08792,0.142745,1.386736,1,1.0,23
1900-01-01 13:45:57.498,0.067069,0.087348,0.142589,1.217003,1,1.0,23
1900-01-01 13:45:58.498,0.067389,0.087799,0.143305,0.943544,1,1.0,23
1900-01-01 13:45:59.498,0.067231,0.087563,0.142717,0.91054,1,1.0,23
1900-01-01 13:46:00.498,0.06784,0.086776,0.141312,1.29244,1,1.0,23
1900-01-01 13:46:01.498,0.068423,0.087988,0.142267,1.320729,1,1.0,23
1900-01-01 13:46:02.498,0.067447,0.087411,0.142111,1.17457,1,1.0,23
1900-01-01 13:46:03.498,0.067583,0.08635,0.141486,0.948259,1,1.0,23
1900-01-01 13:46:04.498,0.067709,0.087038,0.14223,1.02841,1,1.0,23
1900-01-01 13:46:05.498,0.068071,0.087652,0.141964,0.863392,1,1.0,23
1900-01-01 13:46:06.498,0.068255,0.087211,0.141835,1.268866,1,1.0,23
1900-01-01 13:46:07.498,0.067788,0.087343,0.141798,1.367877,1,1.0,23
1900-01-01 13:46:08.498,0.068129,0.086644,0.141569,1.382021,1,1.0,23
1900-01-01 13:46:09.498,0.06783,0.08729,0.141633,0.717233,1,1.0,23
1900-01-01 13:46:10.498,0.068245,0.086823,0.140871,1.198144,1,1.0,23
1900-01-01 13:46:11.498,0.068985,0.08802,0.142368,1.221718,1,1.0,23
1900-01-01 13:46:12.498,0.067924,0.087138,0.141422,1.202858,1,1.0,23
1900-01-01 13:46:13.498,0.067872,0.087154,0.14167,0.835103,1,1.0,23
1900-01-01 13:46:14.498,0.068822,0.087574,0.141798,1.320729,1,1.0,23
1900-01-01 13:46:15.498,0.068203,0.087043,0.142873,0.981262,1,1.0,23
1900-01-01 13:46:16.498,0.067462,0.087133,0.141651,0.886966,1,1.0,23
1900-01-01 13:46:17.498,0.068082,0.087301,0.142138,1.113277,1,1.0,23
1900-01-01 13:46:18.498,0.069158,0.088309,0.142938,1.278295,1,1.0,23
1900-01-01 13:46:19.498,0.067945,0.086466,0.141054,0.806814,1,1.0,23
1900-01-01 13:46:20.498,0.068029,0.086077,0.141018,0.858677,1,1.0,23
1900-01-01 13:46:21.498,0.067741,0.087154,0.141863,0.967118,1,1.0,23
1900-01-01 13:46:22.498,0.068549,0.087589,0.143039,1.240577,1,1.0,23
1900-01-01 13:46:23.498,0.068313,0.0875,0.141991,1.066129,1,1.0,23
1900-01-01 13:46:24.498,0.067945,0.086623,0.142331,1.089703,1,1.0,23
1900-01-01 13:46:25.498,0.06783,0.088282,0.143829,1.122707,1,1.0,23
1900-01-01 13:46:26.498,0.067741,0.087542,0.142993,1.29244,1,1.0,23
1900-01-01 13:46:27.498,0.068418,0.08665,0.141229,1.16514,1,1.0,23
1900-01-01 13:46:28.498,0.068686,0.087516,0.142598,1.023696,1,1.0,23
1900-01-01 13:46:29.498,0.068313,0.085773,0.140889,1.146281,1,1.0,23
1900-01-01 13:46:30.498,0.068413,0.087196,0.142111,1.033125,1,1.0,23
1900-01-01 13:46:31.498,0.068166,0.08687,0.141743,1.254721,1,1.0,23
1900-01-01 13:46:32.498,0.068491,0.086917,0.141808,0.985977,1,1.0,23
1900-01-01 13:46:33.498,0.068507,0.086665,0.142129,1.070844,1,1.0,23
1900-01-01 13:46:34.498,0.068765,0.086823,0.142166,1.051984,1,1.0,23
1900-01-01 13:46:35.498,0.068402,0.087621,0.142524,0.957688,1,1.0,23
1900-01-01 13:46:36.498,0.06825,0.086902,0.141854,1.061414,1,1.0,23
1900-01-01 13:46:37.498,0.067804,0.08686,0.141688,1.16514,1,1.0,23
1900-01-01 13:46:38.498,0.068738,0.086886,0.142671,0.943544,1,1.0,23
1900-01-01 13:46:39.498,0.068507,0.086912,0.142092,0.905825,1,1.0,23
1900-01-01 13:46:40.498,0.068229,0.087364,0.141964,1.396165,1,1.0,23
1900-01-01 13:46:41.498,0.068449,0.087101,0.141615,0.769096,1,1.0,23
1900-01-01 13:46:42.498,0.068308,0.086755,0.14269,1.108562,1,1.0,23
1900-01-01 13:46:43.498,0.067966,0.086854,0.142212,1.070844,1,1.0,23
1900-01-01 13:46:44.498,0.068145,0.086933,0.142249,1.245292,1,1.0,23
1900-01-01 13:46:45.498,0.068255,0.087626,0.142928,1.207573,1,1.0,23
1900-01-01 13:46:46.498,0.067777,0.087353,0.142846,1.169855,1,1.0,23
1900-01-01 13:46:47.498,0.068045,0.088083,0.143112,0.764381,1,1.0,23
1900-01-01 13:46:48.498,0.067525,0.086692,0.142423,1.056699,1,1.0,23
1900-01-01 13:46:49.498,0.067798,0.087327,0.142524,1.250006,1,1.0,23
1900-01-01 13:46:50.498,0.068591,0.08802,0.142304,1.641336,1,1.0,23
1900-01-01 13:46:51.498,0.067373,0.085515,0.140503,1.103847,1,1.0,23
1900-01-01 13:46:52.498,0.067562,0.087133,0.142359,0.863392,1,1.0,23
1900-01-01 13:46:53.498,0.067258,0.086739,0.141293,1.108562,1,1.0,23
1900-01-01 13:46:54.498,0.068071,0.087763,0.142414,1.278295,1,1.0,23
1900-01-01 13:46:55.498,0.067672,0.087421,0.142625,1.231147,1,1.0,23
1900-01-01 13:46:56.498,0.067762,0.086655,0.141459,1.113277,1,1.0,23
1900-01-01 13:46:57.498,0.068717,0.087154,0.141734,0.886966,1,1.0,23
1900-01-01 13:46:58.498,0.068455,0.086597,0.141229,0.934114,1,1.0,23
1900-01-01 13:46:59.498,0.067819,0.086403,0.141844,0.934114,1,1.0,23
1900-01-01 13:47:00.498,0.067877,0.086875,0.141697,1.042555,1,1.0,23
1900-01-01 13:47:01.498,0.067998,0.086734,0.141606,1.452743,1,1.0,23
1900-01-01 13:47:02.498,0.068098,0.087962,0.143075,1.240577,1,1.0,23
1900-01-01 13:47:03.498,0.067247,0.086655,0.141321,1.051984,1,1.0,23
1900-01-01 13:47:04.498,0.068397,0.088209,0.143682,1.02841,1,1.0,23
1900-01-01 13:47:05.498,0.067819,0.088477,0.143186,1.532895,1,1.0,23
1900-01-01 13:47:06.498,0.068749,0.086791,0.141266,1.004836,1,1.0,23
1900-01-01 13:47:07.498,0.068134,0.087862,0.142763,1.268866,1,1.0,23
1900-01-01 13:47:08.498,0.067777,0.087007,0.141991,0.91997,1,1.0,23
1900-01-01 13:47:09.498,0.068145,0.087358,0.141266,1.367877,1,1.0,23
1900-01-01 13:47:10.498,0.067636,0.085778,0.141927,1.183999,1,1.0,23
1900-01-01 13:47:11.498,0.068486,0.08707,0.141146,1.547039,1,1.0,23
1900-01-01 13:47:12.498,0.067672,0.08645,0.141183,1.051984,1,1.0,23
1900-01-01 13:47:13.498,0.068276,0.088834,0.143434,1.023696,1,1.0,23
1900-01-01 13:47:14.498,0.068339,0.087883,0.141826,1.372591,1,1.0,23
1900-01-01 13:47:15.498,0.069027,0.087012,0.141302,1.188714,1,1.0,23
1900-01-01 13:47:16.498,0.069074,0.086397,0.140898,1.41974,1,1.0,23
1900-01-01 13:47:17.498,0.069416,0.087605,0.142138,1.250006,1,1.0,23
1900-01-01 13:47:18.498,0.068817,0.088114,0.143085,1.240577,1,1.0,23
1900-01-01 13:47:19.498,0.068035,0.086387,0.141587,1.245292,1,1.0,23
1900-01-01 13:47:20.498,0.068119,0.08666,0.141835,0.990692,1,1.0,23
1900-01-01 13:47:21.498,0.070056,0.087484,0.141973,1.306584,1,1.0,23
1900-01-01 13:47:22.498,0.068696,0.087899,0.142396,1.226432,1,1.0,23
1900-01-01 13:47:23.498,0.068922,0.087621,0.142377,1.061414,1,1.0,23
1900-01-01 13:47:24.498,0.068591,0.087101,0.142671,0.882251,1,1.0,23
1900-01-01 13:47:25.498,0.069274,0.086865,0.141357,1.113277,1,1.0,23
1900-01-01 13:47:26.498,0.068875,0.086424,0.141339,1.217003,1,1.0,23
1900-01-01 13:47:27.498,0.068796,0.087511,0.142166,1.259436,1,1.0,23
1900-01-01 13:47:28.498,0.068271,0.087705,0.14336,1.103847,1,1.0,23
1900-01-01 13:47:29.498,0.067846,0.086424,0.141863,1.217003,1,1.0,23
1900-01-01 13:47:30.498,0.068891,0.08676,0.141321,1.254721,1,1.0,23
1900-01-01 13:47:31.498,0.068407,0.088041,0.143241,0.976548,1,1.0,23
1900-01-01 13:47:32.498,0.068208,0.087332,0.142662,1.448028,1,1.0,23
1900-01-01 13:47:33.498,0.068854,0.086644,0.142074,1.250006,1,1.0,23
1900-01-01 13:47:34.498,0.06793,0.087138,0.142809,1.136851,1,1.0,23
1900-01-01 13:47:35.498,0.06805,0.086513,0.142083,1.278295,1,1.0,23
1900-01-01 13:47:36.498,0.069531,0.087469,0.142239,1.349017,1,1.0,23
1900-01-01 13:47:37.498,0.068297,0.086287,0.142322,1.231147,1,1.0,23
1900-01-01 13:47:38.498,0.069006,0.086833,0.142074,1.245292,1,1.0,23
1900-01-01 13:47:39.498,0.068581,0.086875,0.142506,1.339588,1,1.0,23
1900-01-01 13:47:40.498,0.068985,0.086865,0.141918,1.221718,1,1.0,23
1900-01-01 13:47:41.498,0.068245,0.086439,0.14201,0.971833,1,1.0,23
1900-01-01 13:47:42.498,0.068045,0.085841,0.141679,1.259436,1,1.0,23
1900-01-01 13:47:43.498,0.068922,0.087631,0.142579,1.245292,1,1.0,23
1900-01-01 13:47:44.498,0.068476,0.086886,0.142111,1.589473,1,1.0,23
1900-01-01 13:47:45.498,0.069731,0.086481,0.141716,0.91054,1,1.0,23
1900-01-01 13:47:46.498,0.068702,0.086345,0.141945,1.15571,1,1.0,23
1900-01-01 13:47:47.498,0.069011,0.086828,0.14235,1.023696,1,1.0,23
1900-01-01 13:47:48.498,0.069095,0.086145,0.142001,1.542325,1,1.0,23
1900-01-01 13:47:49.498,0.06951,0.086497,0.141606,0.990692,1,1.0,23
1900-01-01 13:47:50.498,0.069353,0.087038,0.143397,1.217003,1,1.0,23
1900-01-01 13:47:51.498,0.069064,0.086886,0.142487,1.099133,1,1.0,23
1900-01-01 13:47:52.498,0.068838,0.085977,0.141734,1.330158,1,1.0,23
1900-01-01 13:47:53.498,0.069678,0.086807,0.142515,1.212288,1,1.0,23
1900-01-01 13:47:54.498,0.068439,0.08729,0.143167,0.896396,1,1.0,23
1900-01-01 13:47:55.498,0.068649,0.086025,0.142864,0.934114,1,1.0,23
1900-01-01 13:47:56.498,0.069347,0.086229,0.14257,1.471602,1,1.0,23
1900-01-01 13:47:57.498,0.069836,0.087012,0.142736,1.301869,1,1.0,23
1900-01-01 13:47:58.498,0.068917,0.085484,0.142469,1.089703,1,1.0,23
1900-01-01 13:47:59.498,0.068649,0.08656,0.142919,1.061414,1,1.0,23
1900-01-01 13:48:00.498,0.069311,0.086928,0.142919,1.179284,1,1.0,23
1900-01-01 13:48:01.498,0.069515,0.085557,0.140815,1.320729,1,1.0,23
1900-01-01 13:48:02.498,0.069405,0.086891,0.143066,1.080273,1,1.0,23
1900-01-01 13:48:03.498,0.068523,0.085883,0.141844,1.207573,1,1.0,23
1900-01-01 13:48:04.498,0.06962,0.086261,0.142203,1.193429,1,1.0,23
1900-01-01 13:48:05.498,0.069106,0.086476,0.142405,1.117992,1,1.0,23
1900-01-01 13:48:06.498,0.069683,0.085662,0.141909,0.971833,1,1.0,23
1900-01-01 13:48:07.498,0.06898,0.085626,0.142515,1.084988,1,1.0,23
1900-01-01 13:48:08.498,0.06878,0.085384,0.140668,1.075559,1,1.0,23
1900-01-01 13:48:09.498,0.070025,0.087248,0.141716,1.565899,1,1.0,23
1900-01-01 13:48:10.498,0.069074,0.08676,0.142763,1.29244,1,1.0,23
1900-01-01 13:48:11.498,0.068943,0.086187,0.141835,1.080273,1,1.0,23
1900-01-01 13:48:12.498,0.068754,0.085998,0.141734,1.108562,1,1.0,23
1900-01-01 13:48:13.498,0.069773,0.087621,0.142616,1.04727,1,1.0,23
1900-01-01 13:48:14.498,0.068875,0.08613,0.142175,1.254721,1,1.0,23
1900-01-01 13:48:15.498,0.069038,0.086539,0.142322,0.868107,1,1.0,23
1900-01-01 13:48:16.498,0.069437,0.085899,0.14122,1.339588,1,1.0,23
1900-01-01 13:48:17.498,0.069279,0.086313,0.142074,1.03784,1,1.0,23
1900-01-01 13:48:18.498,0.069164,0.086266,0.142772,1.099133,1,1.0,23
1900-01-01 13:48:19.498,0.069027,0.086098,0.142267,0.957688,1,1.0,23
1900-01-01 13:48:20.498,0.069153,0.086587,0.141459,1.084988,1,1.0,23
1900-01-01 13:48:21.498,0.070103,0.086371,0.142368,1.103847,1,1.0,23
1900-01-01 13:48:22.498,0.069452,0.0874,0.143443,1.264151,1,1.0,23
1900-01-01 13:48:23.498,0.069337,0.086208,0.14201,1.075559,1,1.0,23
1900-01-01 13:48:24.498,0.069599,0.085893,0.140944,1.169855,1,1.0,23
1900-01-01 13:48:25.498,0.069694,0.087526,0.143994,1.297155,1,1.0,23
1900-01-01 13:48:26.498,0.069531,0.086172,0.142634,1.183999,1,1.0,23
1900-01-01 13:48:27.498,0.069242,0.087773,0.144343,1.02841,1,1.0,23
1900-01-01 13:48:28.498,0.069568,0.086418,0.143241,1.245292,1,1.0,23
1900-01-01 13:48:29.498,0.068922,0.085148,0.14133,1.113277,1,1.0,23
1900-01-01 13:48:30.498,0.070009,0.085962,0.141844,1.179284,1,1.0,23
1900-01-01 13:48:31.498,0.069174,0.086151,0.142368,1.084988,1,1.0,23
1900-01-01 13:48:32.498,0.069851,0.086492,0.143131,1.141566,1,1.0,23
1900-01-01 13:48:33.498,0.069836,0.087175,0.143222,1.179284,1,1.0,23
1900-01-01 13:48:34.498,0.069048,0.085479,0.141872,1.136851,1,1.0,23
1900-01-01 13:48:35.498,0.06972,0.085248,0.141707,1.207573,1,1.0,23
1900-01-01 13:48:36.498,0.069148,0.085573,0.142221,1.132136,1,1.0,23
1900-01-01 13:48:37.498,0.069809,0.085258,0.141367,1.089703,1,1.0,23
1900-01-01 13:48:38.498,0.069384,0.08665,0.142368,0.891681,1,1.0,23
1900-01-01 13:48:39.498,0.069295,0.086182,0.142699,1.150995,1,1.0,23
1900-01-01 13:48:40.498,0.068596,0.08572,0.141367,1.056699,1,1.0,23
1900-01-01 13:48:41.498,0.069316,0.086019,0.143232,0.806814,1,1.0,23
1900-01-01 13:48:42.498,0.069347,0.085867,0.14178,1.103847,1,1.0,23
1900-01-01 13:48:43.498,0.069279,0.085652,0.142148,1.132136,1,1.0,23
1900-01-01 13:48:44.498,0.069557,0.084864,0.141743,1.061414,1,1.0,23
1900-01-01 13:48:45.498,0.069946,0.086151,0.142717,1.004836,1,1.0,23
1900-01-01 13:48:46.498,0.06899,0.086728,0.142745,1.485747,1,1.0,23
1900-01-01 13:48:47.498,0.069788,0.086219,0.142524,1.27358,1,1.0,23
1900-01-01 13:48:48.498,0.069158,0.08561,0.141936,1.254721,1,1.0,23
1900-01-01 13:48:49.498,0.069678,0.086035,0.141826,0.877537,1,1.0,23
1900-01-01 13:48:50.498,0.068386,0.084234,0.140861,1.113277,1,1.0,23
1900-01-01 13:48:51.498,0.069547,0.085421,0.141321,1.250006,1,1.0,23
1900-01-01 13:48:52.498,0.070319,0.086082,0.142717,1.122707,1,1.0,23
1900-01-01 13:48:53.498,0.069605,0.086119,0.143149,0.877537,1,1.0,23
1900-01-01 13:48:54.498,0.070156,0.085326,0.142193,1.231147,1,1.0,23
1900-01-01 13:48:55.498,0.070838,0.087001,0.143489,1.405595,1,1.0,23
1900-01-01 13:48:56.498,0.069977,0.087007,0.142736,1.29244,1,1.0,23
1900-01-01 13:48:57.498,0.070613,0.085589,0.141541,0.924685,1,1.0,23
1900-01-01 13:48:58.498,0.069683,0.085179,0.141762,1.094418,1,1.0,23
1900-01-01 13:48:59.498,0.069767,0.085783,0.141872,1.183999,1,1.0,23
1900-01-01 13:49:00.498,0.070854,0.086802,0.14291,1.325443,1,1.0,23
1900-01-01 13:49:01.498,0.069962,0.08665,0.143268,1.235862,1,1.0,23
1900-01-01 13:49:02.498,0.069342,0.085038,0.142138,0.91997,1,1.0,23
1900-01-01 13:49:03.498,0.070534,0.085505,0.142313,0.811529,1,1.0,23
1900-01-01 13:49:04.498,0.070208,0.085347,0.141771,1.509321,1,1.0,23
1900-01-01 13:49:05.498,0.070502,0.085573,0.141633,1.245292,1,1.0,23
1900-01-01 13:49:06.498,0.069573,0.085127,0.14201,0.806814,1,1.0,23
1900-01-01 13:49:07.498,0.070114,0.085573,0.142625,1.014266,1,1.0,23
1900-01-01 13:49:08.498,0.071342,0.087311,0.142938,1.41974,1,1.0,23
1900-01-01 13:49:09.498,0.069416,0.085017,0.142469,1.198144,1,1.0,23
1900-01-01 13:49:10.498,0.070166,0.085374,0.142543,0.863392,1,1.0,23
1900-01-01 13:49:11.498,0.07182,0.086403,0.141826,0.943544,1,1.0,23
1900-01-01 13:49:12.498,0.07014,0.085221,0.14257,0.934114,1,1.0,23
1900-01-01 13:49:13.498,0.070807,0.085935,0.141918,0.891681,1,1.0,23
1900-01-01 13:49:14.498,0.07056,0.085731,0.143011,1.132136,1,1.0,23
1900-01-01 13:49:15.498,0.070665,0.085337,0.141376,0.915255,1,1.0,23
1900-01-01 13:49:16.498,0.072062,0.086781,0.142497,1.367877,1,1.0,23
1900-01-01 13:49:17.498,0.071327,0.087658,0.144509,1.349017,1,1.0,23
1900-01-01 13:49:18.498,0.071253,0.086445,0.142791,0.825674,1,1.0,23
1900-01-01 13:49:19.498,0.070345,0.084801,0.141817,0.886966,1,1.0,23
1900-01-01 13:49:20.498,0.072104,0.085841,0.141688,1.532895,1,1.0,23
1900-01-01 13:49:21.498,0.071248,0.085552,0.141642,1.235862,1,1.0,23
1900-01-01 13:49:22.498,0.071001,0.085048,0.141146,1.15571,1,1.0,23
1900-01-01 13:49:23.498,0.070959,0.085253,0.14201,0.849248,1,1.0,23
1900-01-01 13:49:24.498,0.070455,0.085011,0.141376,1.349017,1,1.0,23
1900-01-01 13:49:25.498,0.07109,0.086523,0.142386,1.264151,1,1.0,23
1900-01-01 13:49:26.498,0.071185,0.086166,0.14246,1.108562,1,1.0,23
1900-01-01 13:49:27.498,0.071363,0.086145,0.142662,1.311299,1,1.0,23
1900-01-01 13:49:28.498,0.071311,0.086077,0.142928,1.250006,1,1.0,23
1900-01-01 13:49:29.498,0.070628,0.085867,0.14088,1.117992,1,1.0,23
1900-01-01 13:49:30.498,0.071027,0.085673,0.142533,1.084988,1,1.0,23
1900-01-01 13:49:31.498,0.070949,0.085536,0.142524,0.882251,1,1.0,23
1900-01-01 13:49:32.498,0.071048,0.085762,0.141872,1.372591,1,1.0,23
1900-01-01 13:49:33.498,0.07109,0.085626,0.141606,1.297155,1,1.0,23
1900-01-01 13:49:34.498,0.071143,0.085384,0.141991,1.136851,1,1.0,23
1900-01-01 13:49:35.498,0.072088,0.086187,0.142313,0.745522,1,1.0,23
1900-01-01 13:49:36.498,0.070581,0.085106,0.142129,1.089703,1,1.0,23
1900-01-01 13:49:37.498,0.071248,0.086429,0.142543,1.41031,1,1.0,23
1900-01-01 13:49:38.498,0.070812,0.085636,0.142864,1.523465,1,1.0,23
1900-01-01 13:49:39.498,0.070529,0.08508,0.142506,1.066129,1,1.0,23
1900-01-01 13:49:40.498,0.070917,0.084397,0.142037,0.995407,1,1.0,23
1900-01-01 13:49:41.498,0.069888,0.085206,0.14201,0.736092,1,1.0,23
1900-01-01 13:49:42.498,0.07108,0.084801,0.141348,1.202858,1,1.0,23
1900-01-01 13:49:43.498,0.071615,0.085683,0.142754,1.415025,1,1.0,23
1900-01-01 13:49:44.498,0.071216,0.084486,0.141449,1.009551,1,1.0,23
1900-01-01 13:49:45.498,0.071012,0.084696,0.141762,1.146281,1,1.0,23
1900-01-01 13:49:46.498,0.070408,0.084539,0.141606,1.217003,1,1.0,23
1900-01-01 13:49:47.498,0.070313,0.08457,0.141247,0.91054,1,1.0,23
1900-01-01 13:49:48.498,0.070691,0.084334,0.141394,1.15571,1,1.0,23
1900-01-01 13:49:49.498,0.071185,0.084948,0.141321,1.17457,1,1.0,23
1900-01-01 13:49:50.498,0.071285,0.084497,0.14144,0.957688,1,1.0,23
1900-01-01 13:49:51.498,0.070754,0.084355,0.141495,0.844533,1,1.0,23
1900-01-01 13:49:52.498,0.071337,0.084602,0.142295,1.122707,1,1.0,23
1900-01-01 13:49:53.498,0.070985,0.084182,0.142184,0.938829,1,1.0,23
1900-01-01 13:49:54.498,0.071936,0.08561,0.142414,1.415025,1,1.0,23
1900-01-01 13:49:55.498,0.072272,0.084765,0.142285,1.136851,1,1.0,23
1900-01-01 13:49:56.498,0.070886,0.083484,0.141899,1.188714,1,1.0,23
1900-01-01 13:49:57.498,0.070959,0.084371,0.142892,0.820959,1,1.0,23
1900-01-01 13:49:58.498,0.071358,0.083242,0.141697,0.849248,1,1.0,23
1900-01-01 13:49:59.498,0.071757,0.084355,0.142414,1.231147,1,1.0,23
1900-01-01 13:50:00.498,0.071421,0.083867,0.142405,1.29244,1,1.0,23
1900-01-01 13:50:01.498,0.071232,0.084156,0.142148,1.033125,1,1.0,23
1900-01-01 13:50:02.498,0.07098,0.083058,0.141835,0.816244,1,1.0,23
1900-01-01 13:50:03.498,0.071605,0.084492,0.142625,1.146281,1,1.0,23
1900-01-01 13:50:04.498,0.072587,0.084177,0.142616,1.334873,1,1.0,23
1900-01-01 13:50:05.498,0.070718,0.083615,0.141357,1.023696,1,1.0,23
1900-01-01 13:50:06.498,0.071258,0.083132,0.14076,0.967118,1,1.0,23
1900-01-01 13:50:07.498,0.072188,0.083573,0.141247,1.202858,1,1.0,23
1900-01-01 13:50:08.498,0.072214,0.083294,0.142396,1.023696,1,1.0,23
1900-01-01 13:50:09.498,0.071537,0.082601,0.1411,0.816244,1,1.0,23
1900-01-01 13:50:10.498,0.072587,0.082601,0.141523,1.240577,1,1.0,23
1900-01-01 13:50:11.498,0.07171,0.081945,0.141459,1.438599,1,1.0,23
1900-01-01 13:50:12.498,0.071741,0.083158,0.143544,0.91054,1,1.0,23
1900-01-01 13:50:13.498,0.071631,0.082748,0.142671,1.183999,1,1.0,23
1900-01-01 13:50:14.498,0.071757,0.08215,0.141854,0.934114,1,1.0,23
1900-01-01 13:50:15.498,0.072592,0.082328,0.14155,1.391451,1,1.0,23
1900-01-01 13:50:16.498,0.071164,0.081394,0.141165,1.212288,1,1.0,23
1900-01-01 13:50:17.498,0.072513,0.082622,0.142442,0.731378,1,1.0,23
1900-01-01 13:50:18.498,0.072372,0.080843,0.141018,0.943544,1,1.0,23
1900-01-01 13:50:19.498,0.07255,0.082113,0.140834,0.967118,1,1.0,23
1900-01-01 13:50:20.498,0.072093,0.081362,0.139419,0.924685,1,1.0,23
1900-01-01 13:50:21.498,0.071164,0.079834,0.138555,1.061414,1,1.0,23
1900-01-01 13:50:22.498,0.070329,0.078821,0.135845,0.915255,1,1.0,23
1900-01-01 13:50:23.498,0.069473,0.078018,0.13398,1.051984,1,1.0,23
1900-01-01 13:50:24.498,0.069872,0.077808,0.132584,1.150995,1,1.0,23
1900-01-01 13:50:25.498,0.068828,0.076196,0.130627,1.136851,1,1.0,23
1900-01-01 13:50:26.498,0.067594,0.074584,0.128238,1.04727,1,1.0,23
1900-01-01 13:50:27.498,0.066764,0.073854,0.126584,0.8021,1,1.0,23
1900-01-01 13:50:28.498,0.06658,0.072563,0.125289,0.962403,1,1.0,23
1900-01-01 13:50:29.498,0.065929,0.072342,0.124131,1.03784,1,1.0,23
1900-01-01 13:50:30.498,0.065966,0.071602,0.123167,0.948259,0,1.0,23
1900-01-01 13:50:31.498,0.066155,0.071791,0.123406,1.193429,0,1.0,23
1900-01-01 13:50:32.498,0.065242,0.072221,0.123157,0.990692,0,1.0,23
1900-01-01 13:50:33.498,0.066376,0.071628,0.122955,1.561184,0,1.0,23
1900-01-01 13:50:34.498,0.065305,0.071313,0.122625,0.8021,0,1.0,23
1900-01-01 13:50:35.498,0.065399,0.07114,0.122533,1.316014,0,1.0,23
1900-01-01 13:50:36.498,0.065861,0.071985,0.122184,1.127421,0,1.0,23
1900-01-01 13:50:37.498,0.065478,0.07094,0.121522,1.367877,0,1.0,23
1900-01-01 13:50:38.498,0.066113,0.071838,0.121844,1.014266,0,1.0,23
1900-01-01 13:50:39.498,0.06552,0.072431,0.122588,0.769096,0,1.0,23
1900-01-01 13:50:40.498,0.067174,0.074306,0.126116,1.207573,0,1.0,23
1900-01-01 13:50:41.498,0.070355,0.077498,0.131242,1.499891,0,1.0,23
1900-01-01 13:50:42.498,0.081995,0.093717,0.159631,1.202858,0,1.0,23
1900-01-01 13:50:43.498,0.096182,0.11612,0.202122,1.136851,0,1.0,23
1900-01-01 13:50:44.498,0.144622,0.179886,0.283108,1.301869,0,1.0,23
1900-01-01 13:50:45.498,0.262902,0.308028,0.383424,1.169855,0,1.0,23
1900-01-01 13:50:46.498,0.264231,0.278442,0.383681,1.250006,0,1.0,23
1900-01-01 13:50:47.498,0.220721,0.234212,0.381136,1.136851,0,1.0,23
1900-01-01 13:50:48.498,0.21966,0.233771,0.390443,1.070844,0,1.0,23
1900-01-01 13:50:49.498,0.22826,0.242151,0.40302,1.094418,0,1.0,23
1900-01-01 13:50:50.498,0.256003,0.272708,0.451667,1.122707,0,1.0,23
1900-01-01 13:50:51.498,0.309678,0.331429,0.52432,0.915255,0,1.0,23
1900-01-01 13:50:52.498,0.36289,0.387609,0.618903,0.670085,0,1.0,23
1900-01-01 13:50:53.498,0.579169,0.622286,0.823458,1.014266,0,1.0,23
1900-01-01 13:50:54.498,0.633121,0.68526,0.938501,1.287725,0,1.0,23
1900-01-01 13:50:55.498,0.619114,0.671551,0.943048,1.316014,0,1.0,23
1900-01-01 13:50:56.498,0.629073,0.682519,0.963371,0.849248,0,1.0,23
1900-01-01 13:50:57.498,0.646263,0.701846,0.994029,1.287725,0,1.0,23
1900-01-01 13:50:58.498,0.711236,0.773929,1.100454,1.29244,0,1.0,23
1900-01-01 13:50:59.498,0.795841,0.869859,1.222985,1.03784,0,1.0,23
1900-01-01 13:51:00.498,0.917881,1.018887,1.409606,1.278295,0,1.0,23
1900-01-01 13:51:01.498,1.167105,1.296534,1.695394,0.952974,0,1.0,23
1900-01-01 13:51:02.498,1.205522,1.330599,1.715643,1.443314,0,1.0,23
1900-01-01 13:51:03.498,1.197473,1.31887,1.698252,1.221718,0,1.0,23
1900-01-01 13:51:04.498,1.170124,1.287257,1.654805,1.193429,0,1.0,23
1900-01-01 13:51:05.498,1.124945,1.235146,1.586498,0.948259,0,1.0,23
1900-01-01 13:51:06.498,1.027907,1.125544,1.445335,1.117992,0,1.0,23
1900-01-01 13:51:07.498,0.924118,1.009856,1.295334,0.952974,0,1.0,23
1900-01-01 13:51:08.498,0.802042,0.873451,1.117065,0.637081,0,1.0,23
1900-01-01 13:51:09.498,0.634172,0.686814,0.878581,1.127421,0,1.0,23
1900-01-01 13:51:10.498,0.491703,0.530325,0.682424,1.179284,0,1.0,23
1900-01-01 13:51:11.498,0.447626,0.4844,0.632537,1.193429,0,1.0,23
1900-01-01 13:51:12.498,0.431513,0.465819,0.610083,0.985977,0,1.0,23
1900-01-01 13:51:13.498,0.411104,0.442307,0.579094,1.212288,0,1.0,23
1900-01-01 13:51:14.498,0.359582,0.384469,0.50453,1.04727,0,1.0,23
1900-01-01 13:51:15.498,0.316928,0.338234,0.447294,1.226432,0,1.0,23
1900-01-01 13:51:16.498,0.307336,0.328106,0.435984,1.066129,0,1.0,23
1900-01-01 13:51:17.498,0.295087,0.315536,0.4193,0.839818,0,1.0,23
1900-01-01 13:51:18.498,0.279462,0.297548,0.395955,1.051984,0,1.0,23
1900-01-01 13:51:19.498,0.243444,0.258065,0.344506,1.433884,0,1.0,23
1900-01-01 13:51:20.498,0.205384,0.217632,0.294886,1.094418,0,1.0,23
1900-01-01 13:51:21.498,0.190431,0.200715,0.277164,0.745522,0,1.0,23
1900-01-01 13:51:22.498,0.189665,0.199812,0.276401,0.929399,0,1.0,23
1900-01-01 13:51:23.498,0.188457,0.197696,0.27416,1.080273,0,1.0,23
1900-01-01 13:51:24.498,0.186887,0.196514,0.272056,1.042555,0,1.0,23
1900-01-01 13:51:25.498,0.186121,0.195764,0.271082,1.245292,0,1.0,23
1900-01-01 13:51:26.498,0.185438,0.194672,0.271119,0.901111,0,1.0,23
1900-01-01 13:51:27.498,0.183679,0.193537,0.269263,1.004836,0,1.0,23
1900-01-01 13:51:28.498,0.182619,0.192818,0.268013,1.004836,0,1.0,23
1900-01-01 13:51:29.498,0.184845,0.193884,0.270053,1.127421,0,1.0,23
1900-01-01 13:51:30.498,0.189565,0.200011,0.277568,1.198144,0,1.0,23
1900-01-01 13:51:31.498,0.196884,0.208517,0.288822,0.995407,0,1.0,23
1900-01-01 13:51:32.498,0.21556,0.229823,0.318185,1.363162,0,1.0,23
1900-01-01 13:51:33.498,0.26442,0.281524,0.38573,1.382021,0,1.0,23
1900-01-01 13:51:34.498,0.310486,0.331545,0.451281,1.433884,0,1.0,23
1900-01-01 13:51:35.498,0.403355,0.434243,0.590863,1.212288,0,1.0,23
1900-01-01 13:51:36.498,0.551447,0.596848,0.804513,1.179284,0,1.0,23
1900-01-01 13:51:37.498,0.783944,0.856644,1.133877,1.268866,0,1.0,23
1900-01-01 13:51:38.498,1.127675,1.248062,1.613168,1.117992,0,1.0,23
1900-01-01 13:51:39.498,1.204719,1.315263,1.659968,1.254721,0,1.0,23
1900-01-01 13:51:40.498,1.189787,1.296907,1.632976,1.320729,0,1.0,23
1900-01-01 13:51:41.498,1.165924,1.269899,1.597495,1.099133,0,1.0,23
1900-01-01 13:51:42.498,1.085005,1.180238,1.481662,1.193429,0,1.0,23
1900-01-01 13:51:43.498,0.973897,1.056895,1.326176,1.405595,0,1.0,23
1900-01-01 13:51:44.498,0.85254,0.922757,1.154622,1.080273,0,1.0,23
1900-01-01 13:51:45.498,0.673849,0.725856,0.908477,0.91997,0,1.0,23
1900-01-01 13:51:46.498,0.516973,0.55484,0.696067,0.929399,0,1.0,23
1900-01-01 13:51:47.498,0.366014,0.388564,0.488453,1.250006,0,1.0,23
1900-01-01 13:51:48.498,0.188153,0.196556,0.255473,1.424454,0,1.0,23
1900-01-01 13:51:49.498,0.131008,0.137684,0.194396,1.27358,0,1.0,23
1900-01-01 13:51:50.498,0.117147,0.122116,0.178079,1.358447,0,1.0,23
1900-01-01 13:51:51.498,0.075343,0.0768,0.124967,1.02841,0,1.0,23
1900-01-01 13:51:52.498,0.058369,0.060009,0.106556,1.02841,0,1.0,23
1900-01-01 13:51:53.498,0.056631,0.057788,0.104774,1.02841,0,1.0,23
1900-01-01 13:51:54.498,0.056725,0.05814,0.104893,1.415025,0,1.0,23
1900-01-01 13:51:55.498,0.05671,0.058129,0.105178,1.056699,0,1.0,23
1900-01-01 13:51:56.498,0.056647,0.058219,0.105849,1.070844,0,1.0,23
1900-01-01 13:51:57.498,0.056736,0.058224,0.105463,1.117992,0,1.0,23
1900-01-01 13:51:58.498,0.056967,0.058276,0.104801,1.325443,0,1.0,23
1900-01-01 13:51:59.498,0.05714,0.058124,0.104507,1.15571,0,1.0,23
1900-01-01 13:52:00.498,0.056836,0.05836,0.105251,1.070844,0,1.0,23
1900-01-01 13:52:01.498,0.057103,0.058355,0.105591,1.202858,0,1.0,23
1900-01-01 13:52:02.498,0.057082,0.058397,0.105095,1.169855,0,1.0,23
1900-01-01 13:52:03.498,0.056899,0.05793,0.105463,0.938829,0,1.0,23
1900-01-01 13:52:04.498,0.056678,0.058402,0.105077,1.301869,0,1.0,23
1900-01-01 13:52:05.498,0.056773,0.058387,0.104324,1.367877,0,1.0,23
1900-01-01 13:52:06.498,0.057208,0.058434,0.105307,1.268866,0,1.0,23
1900-01-01 13:52:07.498,0.057382,0.058723,0.106014,1.070844,0,1.0,23
1900-01-01 13:52:08.498,0.056641,0.057741,0.104921,1.004836,0,1.0,23
1900-01-01 13:52:09.498,0.057103,0.058444,0.105564,1.481032,0,1.0,23
