Time,TS outlet pressure (Mean),Pump outlet pressure (Mean),Differential pressure (Mean),Flow rate (Mean),Differential pressure (Std Dev),Pressure before pump (Std Dev),Pressure after pump (Std Dev),Plug,Plug_future,LogId
1900-01-01 11:42:28.036,0.645331,0.993827,1.102425,1997.612909,0.18093,0.019371,0.020451,0,0.0,19
1900-01-01 11:42:28.186,0.654391,0.9982,1.099002,1996.586745,0.184619,0.023051,0.023298,0,0.0,19
1900-01-01 11:42:28.284,0.64839,0.996805,1.099284,1995.871505,0.181793,0.022466,0.027068,0,0.0,19
1900-01-01 11:42:28.385,0.653351,1.002438,1.102732,1995.626667,0.172978,0.037186,0.035184,0,0.0,19
1900-01-01 11:42:28.484,0.649936,0.995998,1.096682,1996.248612,0.177204,0.020697,0.024504,0,0.0,19
1900-01-01 11:42:28.585,0.654911,1.002646,1.10537,1996.46693,0.174737,0.027201,0.028838,0,0.0,19
1900-01-01 11:42:28.684,0.652375,0.999234,1.100209,1996.200988,0.184655,0.021463,0.023328,0,0.0,19
1900-01-01 11:42:28.785,0.654339,0.998799,1.10164,1996.933742,0.194516,0.03056,0.02682,0,0.0,19
1900-01-01 11:42:28.884,0.64983,0.996476,1.096311,1998.248834,0.172912,0.027889,0.029064,0,0.0,19
1900-01-01 11:42:28.983,0.652959,1.001302,1.104385,1998.677453,0.17404,0.023327,0.02638,0,0.0,19
1900-01-01 11:42:29.084,0.653923,0.999527,1.101367,1998.660949,0.185695,0.024586,0.021769,0,0.0,19
1900-01-01 11:42:29.183,0.651898,0.998279,1.100858,1999.915685,0.178785,0.022064,0.022868,0,0.0,19
1900-01-01 11:42:29.284,0.64992,0.99542,1.097183,2000.061387,0.176032,0.021022,0.024822,0,0.0,19
1900-01-01 11:42:29.383,0.65402,1.002946,1.101137,1999.534691,0.18609,0.027873,0.030253,0,0.0,19
1900-01-01 11:42:29.484,0.65174,0.996772,1.099548,1999.174443,0.184421,0.023227,0.020161,0,0.0,19
1900-01-01 11:42:29.583,0.653277,0.998173,1.099466,1999.677564,0.185692,0.023826,0.022767,0,0.0,19
1900-01-01 11:42:29.684,0.65148,0.997708,1.100094,1999.734619,0.182256,0.02215,0.020414,0,0.0,19
1900-01-01 11:42:29.783,0.652216,0.99987,1.102714,2000.201431,0.1692,0.025325,0.025545,0,0.0,19
1900-01-01 11:42:29.884,0.645969,0.994952,1.094272,1999.968025,0.178822,0.033539,0.038669,0,0.0,19
1900-01-01 11:42:29.983,0.649777,0.994301,1.097146,2000.63005,0.171607,0.03144,0.033764,0,0.0,19
1900-01-01 11:42:30.084,0.65751,1.002074,1.101004,2000.248113,0.178765,0.042295,0.041358,0,0.0,19
1900-01-01 11:42:30.183,0.65455,0.999499,1.101879,2000.058558,0.179278,0.032468,0.034136,0,0.0,19
1900-01-01 11:42:30.284,0.654391,1.003322,1.101094,1999.127762,0.184642,0.022423,0.02438,0,0.0,19
1900-01-01 11:42:30.383,0.656035,1.001037,1.101322,2000.391929,0.173947,0.026862,0.025633,0,0.0,19
1900-01-01 11:42:30.484,0.654287,1.002022,1.103369,1998.707631,0.17047,0.022026,0.025649,0,0.0,19
1900-01-01 11:42:30.583,0.65386,0.999923,1.097982,1998.963199,0.163314,0.030761,0.026737,0,0.0,19
1900-01-01 11:42:30.684,0.654079,1.003634,1.106643,1998.614268,0.178054,0.046603,0.053412,0,0.0,19
1900-01-01 11:42:30.783,0.649671,0.994779,1.094919,1999.344193,0.179731,0.038142,0.036284,0,0.0,19
1900-01-01 11:42:30.937,0.645458,0.988896,1.093037,1999.680965,0.176574,0.034129,0.036434,0,0.0,19
1900-01-01 11:42:31.034,0.650223,0.994489,1.097676,1999.375125,0.165753,0.029659,0.027303,0,0.0,19
1900-01-01 11:42:31.134,0.64683,0.99022,1.091101,1999.777099,0.182161,0.031176,0.03426,0,0.0,19
1900-01-01 11:42:31.234,0.647303,0.992688,1.093214,1999.682802,0.183943,0.042827,0.052753,0,0.0,19
1900-01-01 11:42:31.334,0.655021,1.004133,1.103872,1999.211322,0.191871,0.03927,0.041494,0,0.0,19
1900-01-01 11:42:31.434,0.653078,1.000773,1.097716,1999.117025,0.188925,0.030601,0.031466,0,0.0,19
1900-01-01 11:42:31.534,0.654076,1.000196,1.104055,1996.853917,0.182617,0.028857,0.027803,0,0.0,19
1900-01-01 11:42:31.634,0.648248,0.992898,1.099094,1997.04251,0.179967,0.023364,0.0245,0,0.0,19
1900-01-01 11:42:31.734,0.654443,0.9982,1.099921,1997.608287,0.186115,0.026678,0.027862,0,0.0,19
1900-01-01 11:42:31.834,0.654286,1.002821,1.100197,1996.853917,0.171886,0.022927,0.025527,0,0.0,19
1900-01-01 11:42:31.934,0.646988,0.99085,1.091928,1997.702583,0.181352,0.02607,0.02549,0,0.0,19
1900-01-01 11:42:32.034,0.651713,0.997938,1.102402,1997.183954,0.184776,0.04124,0.042432,0,0.0,19
1900-01-01 11:42:32.134,0.656753,1.003031,1.10378,1997.04251,0.195079,0.036203,0.040298,0,0.0,19
1900-01-01 11:42:32.234,0.651188,0.99862,1.101759,1997.749731,0.193323,0.031053,0.031461,0,0.0,19
1900-01-01 11:42:32.334,0.64956,0.996468,1.098819,1997.372546,0.178931,0.019726,0.021389,0,0.0,19
1900-01-01 11:42:32.434,0.649928,0.993895,1.09496,1995.769511,0.163751,0.027169,0.024625,0,0.0,19
1900-01-01 11:42:32.534,0.652396,1.002558,1.102126,1996.571029,0.200659,0.030397,0.029727,0,0.0,19
1900-01-01 11:42:32.634,0.650295,0.998095,1.097716,1997.136806,0.182049,0.020979,0.021906,0,0.0,19
1900-01-01 11:42:32.734,0.651766,0.997255,1.102953,1997.136806,0.177212,0.023433,0.024043,0,0.0,19
1900-01-01 11:42:32.834,0.659326,1.007389,1.103596,1997.372546,0.182713,0.026775,0.02541,0,0.0,19
1900-01-01 11:42:32.934,0.654076,1.002663,1.104974,1998.362656,0.184881,0.024697,0.028556,0,0.0,19
1900-01-01 11:42:33.034,0.652763,1.002086,1.102493,1998.598396,0.179289,0.023059,0.028341,0,0.0,19
1900-01-01 11:42:33.134,0.650925,0.999041,1.098175,1997.466842,0.183394,0.020036,0.023386,0,0.0,19
1900-01-01 11:42:33.234,0.650243,0.994893,1.10038,1999.069877,0.180909,0.020911,0.022406,0,0.0,19
1900-01-01 11:42:33.334,0.653971,1.002611,1.104515,1999.918543,0.165629,0.03262,0.034292,0,0.0,19
1900-01-01 11:42:33.434,0.650085,0.996835,1.098727,2001.050097,0.182842,0.026631,0.028381,0,0.0,19
1900-01-01 11:42:33.534,0.653131,0.997885,1.098267,2000.531468,0.176989,0.028284,0.025293,0,0.0,19
1900-01-01 11:42:33.633,0.649989,0.997006,1.093434,1999.915685,0.180679,0.033196,0.040038,0,0.0,19
1900-01-01 11:42:33.734,0.649296,0.995992,1.096819,2000.014706,0.167524,0.022049,0.023093,0,0.0,19
1900-01-01 11:42:33.833,0.652535,1.000665,1.103457,2000.29668,0.174718,0.034934,0.036357,0,0.0,19
1900-01-01 11:42:33.986,0.651268,0.99695,1.099182,2000.602036,0.181648,0.022709,0.023635,0,0.0,19
1900-01-01 11:42:34.084,0.651551,0.997823,1.101065,2000.826865,0.176549,0.028892,0.028162,0,0.0,19
1900-01-01 11:42:34.183,0.643784,0.987619,1.083226,2000.010934,0.175361,0.028815,0.033821,0,0.0,19
1900-01-01 11:42:34.284,0.659381,1.006753,1.107553,1999.734619,0.163735,0.032919,0.033037,0,0.0,19
1900-01-01 11:42:34.383,0.660596,1.006924,1.106798,1999.487066,0.181583,0.026042,0.030115,0,0.0,19
1900-01-01 11:42:34.484,0.653091,1.001139,1.101185,1999.734619,0.185813,0.022639,0.021362,0,0.0,19
1900-01-01 11:42:34.583,0.653012,1.0004,1.100858,1999.248945,0.182598,0.021975,0.023312,0,0.0,19
1900-01-01 11:42:34.684,0.654443,1.001191,1.102004,1998.660949,0.185266,0.028274,0.028887,0,0.0,19
1900-01-01 11:42:34.783,0.652694,0.998544,1.100116,1998.296458,0.16939,0.028965,0.027915,0,0.0,19
1900-01-01 11:42:34.937,0.651697,0.99701,1.094051,1998.517571,0.177517,0.01903,0.021089,0,0.0,19
1900-01-01 11:42:35.082,0.651096,0.995173,1.095961,1999.551113,0.160289,0.026684,0.024355,0,0.0,19
1900-01-01 11:42:35.236,0.646481,0.990157,1.092321,1999.956506,0.191038,0.026745,0.027738,0,0.0,19
1900-01-01 11:42:35.386,0.657086,1.004046,1.101207,1999.855679,0.178525,0.029318,0.028715,0,0.0,19
1900-01-01 11:42:35.537,0.649662,0.996132,1.097299,1999.139819,0.190321,0.027617,0.027057,0,0.0,19
1900-01-01 11:42:35.634,0.649194,0.993299,1.096256,1998.500212,0.187294,0.023011,0.023773,0,0.0,19
1900-01-01 11:42:35.734,0.653708,1.000983,1.101483,1997.844027,0.187618,0.026094,0.024547,0,0.0,19
1900-01-01 11:42:35.882,0.653362,1.000931,1.103596,1997.493602,0.173239,0.023325,0.024771,0,0.0,19
1900-01-01 11:42:36.036,0.655754,1.00376,1.103417,1997.078636,0.180635,0.027997,0.029509,0,0.0,19
1900-01-01 11:42:36.186,0.647985,0.993825,1.098267,1997.372546,0.181269,0.03207,0.033053,0,0.0,19
1900-01-01 11:42:36.332,0.654283,1.00165,1.101331,1997.617975,0.183299,0.031235,0.031288,0,0.0,19
1900-01-01 11:42:36.486,0.650845,0.997078,1.0959,1998.395109,0.174091,0.032033,0.034714,0,0.0,19
1900-01-01 11:42:36.636,0.647845,0.994,1.096675,1999.289902,0.1722,0.02114,0.022111,0,0.0,19
1900-01-01 11:42:36.786,0.64942,0.997045,1.096552,1999.069877,0.162916,0.02024,0.022381,0,0.0,19
1900-01-01 11:42:36.932,0.649104,0.994458,1.096234,2000.362897,0.184282,0.025825,0.023979,0,0.0,19
1900-01-01 11:42:37.086,0.655039,1.002294,1.103536,1999.007421,0.185124,0.035924,0.039815,0,0.0,19
1900-01-01 11:42:37.236,0.650435,0.99869,1.096859,1999.352766,0.186115,0.024871,0.022674,0,0.0,19
1900-01-01 11:42:37.386,0.655301,1.003101,1.10378,1998.472668,0.176547,0.029669,0.029929,0,0.0,19
1900-01-01 11:42:37.532,0.651406,0.998162,1.100198,1997.87632,0.175915,0.029208,0.027081,0,0.0,19
1900-01-01 11:42:37.686,0.65064,0.997317,1.096556,1998.45634,0.177105,0.027606,0.026208,0,0.0,19
1900-01-01 11:42:37.836,0.651766,0.997885,1.099002,1998.912717,0.182434,0.029343,0.029053,0,0.0,19
1900-01-01 11:42:37.986,0.64613,0.99358,1.096246,1999.698518,0.183693,0.035435,0.036172,0,0.0,19
1900-01-01 11:42:38.137,0.655503,1.003921,1.105087,2000.419999,0.170529,0.026023,0.026468,0,0.0,19
1900-01-01 11:42:38.282,0.650915,0.998903,1.10236,2000.819234,0.192785,0.027539,0.027594,0,0.0,19
1900-01-01 11:42:38.436,0.650743,0.997828,1.098048,1999.742197,0.180879,0.035601,0.039118,0,0.0,19
1900-01-01 11:42:38.585,0.651889,0.998675,1.098016,1999.252141,0.180187,0.025182,0.027001,0,0.0,19
1900-01-01 11:42:38.732,0.651319,0.999288,1.09819,1999.399593,0.184134,0.025481,0.027723,0,0.0,19
1900-01-01 11:42:38.886,0.650368,0.99626,1.09763,1999.834044,0.19294,0.023459,0.022383,0,0.0,19
1900-01-01 11:42:39.036,0.653516,1.000826,1.099676,1999.447062,0.193267,0.02198,0.024224,0,0.0,19
1900-01-01 11:42:39.186,0.652571,0.998725,1.103167,1999.289902,0.184196,0.025519,0.024522,0,0.0,19
1900-01-01 11:42:39.332,0.657412,1.003915,1.103848,1999.426394,0.174999,0.030876,0.03309,0,0.0,19
1900-01-01 11:42:39.486,0.65272,0.999703,1.100076,1999.711581,0.183529,0.027475,0.02792,0,0.0,19
1900-01-01 11:42:39.636,0.64844,0.994035,1.098574,2000.012839,0.187062,0.027946,0.030709,0,0.0,19
1900-01-01 11:42:39.786,0.654426,0.998865,1.098451,1999.321334,0.194461,0.033217,0.028347,0,0.0,19
1900-01-01 11:42:39.932,0.655038,1.000175,1.100513,2000.653536,0.190172,0.036436,0.03837,0,0.0,19
1900-01-01 11:42:40.086,0.653129,0.999806,1.100971,1999.864659,0.181291,0.024193,0.026656,0,0.0,19
1900-01-01 11:42:40.231,0.653956,1.000641,1.100903,1999.421049,0.181691,0.033493,0.030484,0,0.0,19
1900-01-01 11:42:40.385,0.652584,1.001306,1.100136,1999.221731,0.18454,0.024053,0.026416,0,0.0,19
1900-01-01 11:42:40.532,0.654784,0.999466,1.097877,1998.180799,0.175808,0.038633,0.038861,0,0.0,19
1900-01-01 11:42:40.686,0.650879,0.996328,1.096795,1998.762496,0.19397,0.033121,0.034218,0,0.0,19
1900-01-01 11:42:40.836,0.64697,0.992775,1.094347,1998.944149,0.177099,0.031212,0.028364,0,0.0,19
1900-01-01 11:42:40.986,0.656841,1.004361,1.101207,1998.881285,0.175968,0.035732,0.034194,0,0.0,19
1900-01-01 11:42:41.132,0.648889,0.995141,1.098562,1998.102373,0.183395,0.024737,0.028836,0,0.0,19
1900-01-01 11:42:41.286,0.658005,1.003351,1.101508,1998.486956,0.182338,0.035948,0.035374,0,0.0,19
1900-01-01 11:42:41.436,0.652151,0.999741,1.100472,1998.126916,0.174642,0.031709,0.032896,0,0.0,19
1900-01-01 11:42:41.586,0.658066,1.003906,1.109353,1998.944149,0.193128,0.029644,0.028954,0,0.0,19
1900-01-01 11:42:41.732,0.653959,0.999492,1.100135,1998.845117,0.185522,0.031671,0.033081,0,0.0,19
1900-01-01 11:42:41.886,0.649788,0.997692,1.101031,1999.527887,0.174357,0.025646,0.025304,0,0.0,19
1900-01-01 11:42:42.036,0.653306,0.999566,1.101269,1999.352766,0.182817,0.029508,0.029512,0,0.0,19
1900-01-01 11:42:42.186,0.653341,0.999881,1.099431,2000.295727,0.189684,0.024604,0.023147,0,0.0,19
1900-01-01 11:42:42.332,0.65511,1.000787,1.104225,2000.330604,0.175155,0.026063,0.027046,0,0.0,19
1900-01-01 11:42:42.486,0.653811,0.999124,1.098346,1999.956506,0.187927,0.031159,0.031864,0,0.0,19
1900-01-01 11:42:42.631,0.648163,0.99072,1.094377,2000.103884,0.177186,0.027892,0.029566,0,0.0,19
1900-01-01 11:42:42.785,0.658141,1.004749,1.104849,2000.415741,0.185453,0.037348,0.036599,0,0.0,19
1900-01-01 11:42:42.935,0.651311,0.995855,1.095205,1999.887111,0.194239,0.046457,0.048365,0,0.0,19
1900-01-01 11:42:43.086,0.653556,0.999575,1.10101,2000.419999,0.190634,0.029229,0.026853,0,0.0,19
1900-01-01 11:42:43.236,0.655301,1.002821,1.101146,1999.321334,0.188499,0.027709,0.028925,0,0.0,19
1900-01-01 11:42:43.386,0.648895,0.99428,1.094899,1999.25847,0.184993,0.036565,0.035919,0,0.0,19
1900-01-01 11:42:43.532,0.657376,1.001506,1.101142,1999.329515,0.189498,0.028709,0.028475,0,0.0,19
1900-01-01 11:42:43.686,0.649686,0.99643,1.09775,2000.078969,0.181341,0.025977,0.023783,0,0.0,19
1900-01-01 11:42:43.831,0.652906,0.997636,1.098369,1999.713692,0.179232,0.022775,0.023674,0,0.0,19
1900-01-01 11:42:43.985,0.651152,0.99626,1.097988,1999.742197,0.170613,0.025417,0.025821,0,0.0,19
1900-01-01 11:42:44.135,0.6483,0.99421,1.09643,1999.447062,0.184559,0.026877,0.032873,0,0.0,19
1900-01-01 11:42:44.286,0.654912,0.999575,1.097664,1999.327162,0.187353,0.040917,0.044641,0,0.0,19
1900-01-01 11:42:44.436,0.647075,0.99029,1.092204,1998.441236,0.179244,0.027282,0.026289,0,0.0,19
1900-01-01 11:42:44.582,0.648781,0.992983,1.096737,1999.555567,0.174497,0.029512,0.033734,0,0.0,19
1900-01-01 11:42:44.735,0.655008,1.002509,1.103446,1999.061249,0.183771,0.02211,0.024422,0,0.0,19
1900-01-01 11:42:44.886,0.655469,1.00107,1.101193,1997.828415,0.183141,0.033566,0.033623,0,0.0,19
1900-01-01 11:42:45.031,0.65392,0.999989,1.10103,1996.754744,0.177548,0.036437,0.038056,0,0.0,19
1900-01-01 11:42:45.185,0.650402,0.995987,1.098525,1996.77248,0.185738,0.037527,0.037126,0,0.0,19
1900-01-01 11:42:45.335,0.656806,1.003801,1.104698,1997.655435,0.169233,0.033707,0.034616,0,0.0,19
1900-01-01 11:42:45.486,0.652583,0.999679,1.099915,1998.296774,0.184366,0.023071,0.025339,0,0.0,19
1900-01-01 11:42:45.631,0.657686,1.003864,1.102424,1999.518597,0.186418,0.038402,0.043664,0,0.0,19
1900-01-01 11:42:45.785,0.650129,0.996294,1.098704,1999.038037,0.194859,0.030861,0.033935,0,0.0,19
1900-01-01 11:42:45.935,0.654286,1.000791,1.100166,1999.981407,0.196916,0.024768,0.027338,0,0.0,19
1900-01-01 11:42:46.086,0.650601,0.996828,1.098637,2000.045312,0.185524,0.024103,0.024638,0,0.0,19
1900-01-01 11:42:46.236,0.655896,0.999881,1.099247,2000.32716,0.196567,0.023222,0.02276,0,0.0,19
1900-01-01 11:42:46.382,0.655326,1.002117,1.103848,2000.782709,0.188007,0.031603,0.036371,0,0.0,19
1900-01-01 11:42:46.535,0.652572,0.998906,1.103326,2001.279982,0.171776,0.028992,0.03026,0,0.0,19
1900-01-01 11:42:46.686,0.6514,0.997175,1.098637,2001.138148,0.182564,0.024326,0.02596,0,0.0,19
1900-01-01 11:42:46.836,0.658206,1.004186,1.10378,2000.32716,0.174611,0.037966,0.037728,0,0.0,19
1900-01-01 11:42:46.982,0.650291,0.995069,1.095982,2001.848385,0.172181,0.02904,0.032195,0,0.0,19
1900-01-01 11:42:47.135,0.650616,0.995852,1.097561,2001.310798,0.16976,0.02892,0.032398,0,0.0,19
1900-01-01 11:42:47.286,0.654843,1.000548,1.101984,2001.700178,0.189612,0.021654,0.023137,0,0.0,19
1900-01-01 11:42:47.436,0.652431,0.999391,1.099676,2001.427281,0.180034,0.028906,0.030598,0,0.0,19
1900-01-01 11:42:47.582,0.650831,0.994601,1.094472,2000.49207,0.193019,0.029979,0.025808,0,0.0,19
1900-01-01 11:42:47.735,0.65041,0.997122,1.100443,1999.862458,0.182546,0.022276,0.02251,0,0.0,19
1900-01-01 11:42:47.881,0.656225,1.002369,1.103659,2001.557746,0.184065,0.035925,0.03846,0,0.0,19
1900-01-01 11:42:48.034,0.654219,1.002097,1.104226,2001.834666,0.194364,0.034438,0.036321,0,0.0,19
1900-01-01 11:42:48.185,0.653521,0.99954,1.100706,2000.201431,0.183714,0.028985,0.028788,0,0.0,19
1900-01-01 11:42:48.335,0.653131,0.996555,1.097349,2000.295727,0.174005,0.023391,0.024526,0,0.0,19
1900-01-01 11:42:48.481,0.653204,0.997694,1.101645,2001.331694,0.195461,0.028197,0.030215,0,0.0,19
1900-01-01 11:42:48.634,0.653533,1.002132,1.103506,2000.201431,0.189543,0.028794,0.03222,0,0.0,19
1900-01-01 11:42:48.785,0.653382,1.000896,1.099489,2000.045312,0.183816,0.023188,0.024597,0,0.0,19
1900-01-01 11:42:48.935,0.654356,1.000406,1.10133,1998.724125,0.185735,0.032199,0.02972,0,0.0,19
1900-01-01 11:42:49.086,0.651122,0.995228,1.096569,1999.233491,0.187717,0.033112,0.033338,0,0.0,19
1900-01-01 11:42:49.231,0.651784,0.997056,1.100523,1999.778724,0.182478,0.030316,0.02683,0,0.0,19
1900-01-01 11:42:49.385,0.651493,0.99909,1.098227,1999.680965,0.189224,0.02114,0.022733,0,0.0,19
1900-01-01 11:42:49.535,0.650925,0.995715,1.095327,2000.201431,0.179907,0.032253,0.036243,0,0.0,19
1900-01-01 11:42:49.686,0.648514,0.992412,1.09304,1999.38961,0.186604,0.038609,0.041007,0,0.0,19
1900-01-01 11:42:49.836,0.656281,1.001351,1.102432,2000.924369,0.193916,0.032764,0.03661,0,0.0,19
1900-01-01 11:42:49.985,0.651255,0.999415,1.103565,1999.885001,0.181869,0.026881,0.027167,0,0.0,19
1900-01-01 11:42:50.135,0.651941,0.999146,1.100779,1999.195606,0.181633,0.027465,0.028965,0,0.0,19
1900-01-01 11:42:50.286,0.649871,0.994985,1.098941,1999.046147,0.179651,0.022194,0.021882,0,0.0,19
1900-01-01 11:42:50.436,0.652886,0.997325,1.098145,1999.007013,0.180578,0.027375,0.030757,0,0.0,19
1900-01-01 11:42:50.582,0.6536,1.003484,1.102463,1999.426394,0.174171,0.025938,0.030887,0,0.0,19
1900-01-01 11:42:50.735,0.651337,0.997774,1.098882,1999.461854,0.182447,0.025654,0.027608,0,0.0,19
1900-01-01 11:42:50.881,0.653743,1.000715,1.103596,1998.715944,0.187363,0.026158,0.023654,0,0.0,19
1900-01-01 11:42:51.034,0.653293,1.000038,1.098942,1997.921066,0.193341,0.021703,0.02256,0,0.0,19
1900-01-01 11:42:51.185,0.653521,0.997523,1.096873,1998.82758,0.178658,0.029137,0.028724,0,0.0,19
1900-01-01 11:42:51.335,0.653271,1.000021,1.102004,1999.132741,0.181344,0.038656,0.03994,0,0.0,19
1900-01-01 11:42:51.481,0.651586,0.999852,1.09938,1998.296132,0.179889,0.029705,0.03192,0,0.0,19
1900-01-01 11:42:51.634,0.657445,1.005907,1.107769,1999.338591,0.17901,0.026269,0.026521,0,0.0,19
1900-01-01 11:42:51.785,0.653556,0.999644,1.102835,1998.702684,0.176668,0.027088,0.027622,0,0.0,19
1900-01-01 11:42:51.935,0.651276,0.996135,1.096185,1998.818421,0.182172,0.022237,0.025226,0,0.0,19
1900-01-01 11:42:52.084,0.655941,1.001142,1.102147,2000.391289,0.189271,0.026506,0.025544,0,0.0,19
1900-01-01 11:42:52.234,0.64774,0.995295,1.09643,2000.32716,0.178531,0.022356,0.025667,0,0.0,19
1900-01-01 11:42:52.385,0.654669,1.003643,1.102714,2000.295103,0.177352,0.026393,0.024186,0,0.0,19
1900-01-01 11:42:52.535,0.653131,0.997045,1.09839,2001.270121,0.185972,0.022652,0.020482,0,0.0,19
1900-01-01 11:42:52.684,0.651325,0.998957,1.097522,2000.391289,0.174735,0.02683,0.031749,0,0.0,19
1900-01-01 11:42:52.834,0.655721,1.001456,1.103596,2000.295727,0.187671,0.0321,0.034769,0,0.0,19
1900-01-01 11:42:52.985,0.660371,1.005938,1.105269,2000.732238,0.181916,0.035724,0.037162,0,0.0,19
1900-01-01 11:42:53.130,0.653123,0.998722,1.098622,2001.209425,0.18433,0.0282,0.028075,0,0.0,19
1900-01-01 11:42:53.284,0.651493,0.998169,1.09775,2000.415741,0.191911,0.026874,0.028744,0,0.0,19
1900-01-01 11:42:53.434,0.653096,0.99771,1.098084,2000.735776,0.189115,0.031956,0.032114,0,0.0,19
1900-01-01 11:42:53.585,0.65446,0.999366,1.102044,2001.263044,0.192219,0.038054,0.041205,0,0.0,19
1900-01-01 11:42:53.730,0.650951,0.999482,1.100776,2000.591622,0.191998,0.018824,0.021771,0,0.0,19
1900-01-01 11:42:53.884,0.651288,0.995305,1.095363,2000.017737,0.185591,0.031137,0.030893,0,0.0,19
1900-01-01 11:42:54.034,0.652466,0.997675,1.095572,1999.541358,0.180881,0.026218,0.028601,0,0.0,19
1900-01-01 11:42:54.185,0.650149,0.998462,1.099063,1999.420834,0.180526,0.029545,0.033158,0,0.0,19
1900-01-01 11:42:54.330,0.649937,0.994666,1.090956,2000.396527,0.188082,0.0374,0.040656,0,0.0,19
1900-01-01 11:42:54.484,0.649243,0.994794,1.098048,1999.129884,0.186489,0.025791,0.026078,0,0.0,19
1900-01-01 11:42:54.634,0.654881,1.001141,1.102248,1998.535532,0.177193,0.028122,0.026567,0,0.0,19
1900-01-01 11:42:54.785,0.647402,0.99262,1.09237,1998.640236,0.188619,0.036551,0.037907,0,0.0,19
1900-01-01 11:42:54.930,0.652834,0.998613,1.099382,1998.120412,0.180031,0.025092,0.028541,0,0.0,19
1900-01-01 11:42:55.084,0.649038,0.99326,1.094946,1997.96649,0.183565,0.021526,0.023653,0,0.0,19
1900-01-01 11:42:55.234,0.651731,0.994035,1.097226,1998.284076,0.184345,0.030578,0.030853,0,0.0,19
1900-01-01 11:42:55.385,0.651748,0.99641,1.098272,1998.546565,0.192065,0.035844,0.036739,0,0.0,19
1900-01-01 11:42:55.530,0.65602,0.999446,1.097292,1999.193438,0.174987,0.028665,0.030103,0,0.0,19
1900-01-01 11:42:55.684,0.651868,0.996635,1.097869,1998.395109,0.185423,0.02793,0.028245,0,0.0,19
1900-01-01 11:42:55.834,0.64802,0.99617,1.101207,1999.101309,0.182926,0.039075,0.041137,0,0.0,19
1900-01-01 11:42:55.985,0.658216,1.005729,1.102166,1998.765132,0.182529,0.042159,0.045368,0,0.0,19
1900-01-01 11:42:56.130,0.648344,0.990611,1.094377,1998.250476,0.189588,0.039219,0.04362,0,0.0,19
1900-01-01 11:42:56.284,0.650572,0.995851,1.099957,1999.405425,0.183267,0.022597,0.025817,0,0.0,19
1900-01-01 11:42:56.434,0.653551,1.000196,1.101269,1999.981407,0.190013,0.024636,0.025491,0,0.0,19
1900-01-01 11:42:56.633,0.652438,0.998371,1.098356,1999.490656,0.173163,0.022739,0.023501,0,0.0,19
1900-01-01 11:42:56.785,0.650108,0.99682,1.097733,1997.875046,0.174995,0.02579,0.030187,0,0.0,19
1900-01-01 11:42:56.930,0.651892,0.996115,1.099573,1998.510603,0.185917,0.027059,0.026032,0,0.0,19
1900-01-01 11:42:57.084,0.651595,0.997453,1.097332,1999.099268,0.180124,0.025388,0.023225,0,0.0,19
1900-01-01 11:42:57.234,0.656911,1.003731,1.105556,1998.284076,0.182264,0.03065,0.03218,0,0.0,19
1900-01-01 11:42:57.385,0.650288,0.99575,1.096264,1999.264714,0.188412,0.037272,0.03842,0,0.0,19
1900-01-01 11:42:57.530,0.65287,0.996513,1.099382,1999.453565,0.175681,0.040022,0.043006,0,0.0,19
1900-01-01 11:42:57.684,0.658618,1.00809,1.107474,1999.925891,0.186671,0.030493,0.027399,0,0.0,19
1900-01-01 11:42:57.834,0.650085,0.99792,1.098819,1999.949975,0.188379,0.025924,0.026103,0,0.0,19
1900-01-01 11:42:57.985,0.652096,1.000513,1.100523,2000.357551,0.19657,0.025652,0.02919,0,0.0,19
1900-01-01 11:42:58.134,0.651255,0.998499,1.099002,2000.201431,0.185057,0.024865,0.026507,0,0.0,19
1900-01-01 11:42:58.284,0.651836,0.99666,1.098022,2000.452888,0.193373,0.033423,0.038403,0,0.0,19
1900-01-01 11:42:58.482,0.654842,1.001488,1.101879,2001.17773,0.188881,0.029125,0.030489,0,0.0,19
1900-01-01 11:42:58.682,0.652002,0.998594,1.099462,2000.272153,0.191271,0.031595,0.033451,0,0.0,19
1900-01-01 11:42:58.882,0.651739,0.997098,1.09914,2000.767208,0.193702,0.031808,0.030578,0,0.0,19
1900-01-01 11:42:59.082,0.64998,0.992688,1.096384,2000.201431,0.177608,0.023667,0.023172,0,0.0,19
1900-01-01 11:42:59.282,0.649665,0.994971,1.095281,2000.272153,0.18855,0.032034,0.033583,0,0.0,19
1900-01-01 11:42:59.434,0.653942,0.998893,1.100211,2000.108376,0.176162,0.025117,0.02468,0,0.0,19
1900-01-01 11:42:59.585,0.652235,0.99881,1.098941,1998.609013,0.189801,0.022169,0.024796,0,0.0,19
1900-01-01 11:42:59.783,0.654788,1.002442,1.102111,1998.20121,0.184213,0.023892,0.025267,0,0.0,19
1900-01-01 11:42:59.935,0.651144,0.99872,1.098096,1997.750972,0.186616,0.024853,0.025307,0,0.0,19
1900-01-01 11:43:00.084,0.65432,1.000543,1.099064,1997.859849,0.177975,0.022141,0.021565,0,0.0,19
1900-01-01 11:43:00.234,0.647355,0.991235,1.096675,1998.755557,0.179859,0.026426,0.026978,0,0.0,19
1900-01-01 11:43:00.385,0.656373,1.000687,1.099367,1998.515341,0.189557,0.023504,0.023709,0,0.0,19
1900-01-01 11:43:00.530,0.650589,0.997672,1.10065,1999.193438,0.18957,0.022016,0.02272,0,0.0,19
1900-01-01 11:43:00.732,0.652883,0.999085,1.09782,1998.68429,0.181652,0.022797,0.025118,0,0.0,19
1900-01-01 11:43:00.934,0.650388,0.995576,1.095091,1998.707631,0.184436,0.025855,0.023793,0,0.0,19
1900-01-01 11:43:01.134,0.648878,0.992215,1.094317,1999.447062,0.18056,0.032494,0.03348,0,0.0,19
1900-01-01 11:43:01.332,0.653436,0.999976,1.099884,1999.534691,0.192932,0.025232,0.027217,0,0.0,19
1900-01-01 11:43:01.534,0.651662,0.996954,1.098138,1999.244465,0.185017,0.025144,0.027145,0,0.0,19
1900-01-01 11:43:01.734,0.649875,0.997623,1.097946,1998.551248,0.179336,0.022283,0.022951,0,0.0,19
1900-01-01 11:43:01.932,0.651686,0.996741,1.097842,1998.367895,0.182434,0.027666,0.027852,0,0.0,19
1900-01-01 11:43:02.132,0.648878,0.993948,1.096843,1998.621971,0.185629,0.023533,0.023706,0,0.0,19
1900-01-01 11:43:02.332,0.651083,0.995601,1.095741,1997.419694,0.180004,0.025162,0.025559,0,0.0,19
1900-01-01 11:43:02.534,0.654079,0.999527,1.101731,1997.703983,0.184212,0.030907,0.032821,0,0.0,19
1900-01-01 11:43:02.732,0.656777,1.004219,1.102018,1997.391596,0.18783,0.031944,0.03519,0,0.0,19
1900-01-01 11:43:02.934,0.652571,0.999449,1.101094,1998.147455,0.18882,0.027671,0.027404,0,0.0,19
1900-01-01 11:43:03.132,0.654523,0.998836,1.099791,1998.558392,0.190961,0.033599,0.033303,0,0.0,19
1900-01-01 11:43:03.332,0.649534,0.9961,1.095695,1998.716267,0.193917,0.029587,0.031885,0,0.0,19
1900-01-01 11:43:03.534,0.650986,0.997032,1.095728,1999.80464,0.185149,0.025871,0.026318,0,0.0,19
1900-01-01 11:43:03.734,0.652317,0.997465,1.098819,1999.61208,0.181805,0.025285,0.027115,0,0.0,19
1900-01-01 11:43:03.932,0.651288,0.997696,1.096868,2000.653862,0.187601,0.030074,0.033197,0,0.0,19
1900-01-01 11:43:04.132,0.653472,0.999513,1.099691,1998.904859,0.186349,0.021764,0.023814,0,0.0,19
1900-01-01 11:43:04.332,0.649613,0.99547,1.096797,1998.716267,0.189869,0.028349,0.031561,0,0.0,19
1900-01-01 11:43:04.532,0.65594,1.001613,1.102402,1999.069877,0.183564,0.025261,0.025469,0,0.0,19
1900-01-01 11:43:04.732,0.650689,0.996757,1.097532,1999.211322,0.1942,0.022696,0.022314,0,0.0,19
1900-01-01 11:43:04.932,0.654076,0.998699,1.099599,1998.810563,0.194354,0.038415,0.04327,0,0.0,19
1900-01-01 11:43:05.132,0.653419,1.001561,1.102402,1999.824247,0.181154,0.036362,0.039551,0,0.0,19
1900-01-01 11:43:05.332,0.652737,0.999172,1.102723,2000.154283,0.18204,0.027684,0.027497,0,0.0,19
1900-01-01 11:43:05.532,0.654469,0.999959,1.101437,2000.012839,0.193553,0.034523,0.036575,0,0.0,19
1900-01-01 11:43:05.732,0.651451,0.996022,1.094868,2000.295727,0.186456,0.032286,0.033191,0,0.0,19
1900-01-01 11:43:05.934,0.65148,0.997864,1.099048,2000.971672,0.188212,0.021182,0.023691,0,0.0,19
1900-01-01 11:43:06.134,0.656386,1.002637,1.102172,2000.083561,0.188383,0.027923,0.027044,0,0.0,19
1900-01-01 11:43:06.332,0.651845,0.996237,1.097332,1999.987122,0.181406,0.026339,0.024822,0,0.0,19
1900-01-01 11:43:06.532,0.651634,0.996652,1.097762,1999.423488,0.185003,0.031174,0.036438,0,0.0,19
1900-01-01 11:43:06.732,0.655756,1.002453,1.102493,1999.918543,0.193615,0.028271,0.031115,0,0.0,19
1900-01-01 11:43:06.932,0.654076,0.999303,1.100289,1998.763415,0.180664,0.028063,0.030427,0,0.0,19
1900-01-01 11:43:07.132,0.657856,1.004422,1.103642,1998.079768,0.182857,0.027115,0.026408,0,0.0,19
1900-01-01 11:43:07.332,0.652317,0.99715,1.098956,1999.022729,0.185093,0.03453,0.033591,0,0.0,19
1900-01-01 11:43:07.532,0.654995,1.000983,1.101299,1999.588506,0.191404,0.025961,0.028228,0,0.0,19
1900-01-01 11:43:07.732,0.652133,0.997623,1.098819,2000.342876,0.193855,0.037405,0.041074,0,0.0,19
1900-01-01 11:43:07.932,0.654023,0.998227,1.09643,2000.625764,0.180928,0.033843,0.035465,0,0.0,19
1900-01-01 11:43:08.132,0.653761,0.999749,1.100243,2000.342876,0.182147,0.025969,0.02558,0,0.0,19
1900-01-01 11:43:08.332,0.652894,0.997728,1.098267,2000.083561,0.181426,0.028721,0.028145,0,0.0,19
1900-01-01 11:43:08.532,0.652264,0.996625,1.09744,2000.248579,0.178216,0.024031,0.023791,0,0.0,19
1900-01-01 11:43:08.732,0.652028,0.997754,1.100702,1999.588506,0.185958,0.025952,0.025698,0,0.0,19
1900-01-01 11:43:08.932,0.652684,0.998174,1.100426,1999.423488,0.20136,0.024096,0.022577,0,0.0,19
1900-01-01 11:43:09.132,0.650558,0.995654,1.09519,1999.187748,0.192664,0.023626,0.023809,0,0.0,19
1900-01-01 11:43:09.332,0.652107,0.997465,1.09744,1999.635654,0.186778,0.023973,0.0239,0,0.0,19
1900-01-01 11:43:09.532,0.653078,0.998568,1.100151,1999.517784,0.181515,0.036675,0.036296,0,0.0,19
1900-01-01 11:43:09.732,0.65061,0.996599,1.098543,1998.38623,0.191626,0.027676,0.028781,0,0.0,19
1900-01-01 11:43:09.932,0.657567,1.004291,1.10231,1998.126916,0.190207,0.02753,0.026819,0,0.0,19
1900-01-01 11:43:10.132,0.651582,0.996862,1.095879,1998.103342,0.176227,0.027287,0.030519,0,0.0,19
1900-01-01 11:43:10.332,0.652343,0.997833,1.099094,1998.433378,0.191336,0.027122,0.030241,0,0.0,19
1900-01-01 11:43:10.532,0.654417,1.002375,1.10231,1998.739841,0.185711,0.024474,0.023935,0,0.0,19
1900-01-01 11:43:10.732,0.653157,0.998962,1.099416,1998.409804,0.182795,0.030979,0.036443,0,0.0,19
1900-01-01 11:43:10.932,0.6504,0.994971,1.095833,1999.72995,0.201877,0.034391,0.039045,0,0.0,19
1900-01-01 11:43:11.132,0.651634,0.99736,1.098359,2000.342876,0.186336,0.039402,0.041908,0,0.0,19
1900-01-01 11:43:11.332,0.651162,0.995496,1.094638,2000.578616,0.182503,0.026014,0.02778,0,0.0,19
1900-01-01 11:43:11.532,0.650479,0.99547,1.095144,1998.244786,0.192576,0.035962,0.037127,0,0.0,19
1900-01-01 11:43:11.732,0.65468,1.00227,1.101207,1998.032619,0.19148,0.036348,0.039305,0,0.0,19
1900-01-01 11:43:11.932,0.648537,0.993606,1.096614,1996.688899,0.19209,0.030659,0.033004,0,0.0,19
1900-01-01 11:43:12.132,0.652186,0.998594,1.099875,1996.358863,0.188149,0.025686,0.024479,0,0.0,19
1900-01-01 11:43:12.332,0.653944,1.002086,1.10332,1996.995362,0.179532,0.026544,0.026131,0,0.0,19
1900-01-01 11:43:12.532,0.651844,0.999198,1.098543,1997.655435,0.185151,0.022504,0.024511,0,0.0,19
1900-01-01 11:43:12.732,0.650847,0.998017,1.097532,1997.820453,0.188472,0.023134,0.025887,0,0.0,19
1900-01-01 11:43:12.932,0.651346,0.999461,1.099599,1998.15049,0.187195,0.021711,0.023164,0,0.0,19
1900-01-01 11:43:13.132,0.652448,0.999854,1.098175,1998.598396,0.185859,0.030661,0.03452,0,0.0,19
1900-01-01 11:43:13.332,0.651687,0.998148,1.100013,1998.763415,0.182502,0.030273,0.028206,0,0.0,19
1900-01-01 11:43:13.532,0.651241,0.996625,1.098405,1999.117025,0.186868,0.025979,0.026875,0,0.0,19
1900-01-01 11:43:13.732,0.650794,0.997072,1.096568,1998.952007,0.196009,0.027056,0.028897,0,0.0,19
1900-01-01 11:43:13.932,0.650033,0.997885,1.097716,1998.904859,0.189527,0.028503,0.028352,0,0.0,19
1900-01-01 11:43:14.132,0.651634,0.997492,1.099645,1999.140599,0.189728,0.025935,0.025583,0,0.0,19
1900-01-01 11:43:14.332,0.649534,0.993869,1.09744,1997.961897,0.187612,0.029096,0.029786,0,0.0,19
1900-01-01 11:43:14.532,0.647802,0.993055,1.096384,1997.443268,0.195887,0.037736,0.042502,0,0.0,19
1900-01-01 11:43:14.732,0.653393,1.000196,1.099508,1997.655435,0.190404,0.037462,0.040142,0,0.0,19
1900-01-01 11:43:14.932,0.652606,0.997544,1.096292,1997.443268,0.180304,0.022564,0.022844,0,0.0,19
1900-01-01 11:43:15.132,0.656071,1.004606,1.104653,1997.914749,0.192235,0.032765,0.035057,0,0.0,19
1900-01-01 11:43:15.332,0.652474,1.001797,1.103412,1998.197638,0.189088,0.021834,0.025695,0,0.0,19
1900-01-01 11:43:15.532,0.651687,0.998594,1.099416,1998.645545,0.187993,0.026838,0.027324,0,0.0,19
1900-01-01 11:43:15.732,0.653341,0.999119,1.099599,2000.36645,0.188333,0.034403,0.03795,0,0.0,19
1900-01-01 11:43:15.932,0.651136,0.996547,1.098084,2000.48432,0.18381,0.043155,0.046935,0,0.0,19
1900-01-01 11:43:16.132,0.650374,0.99694,1.095603,2001.002949,0.189896,0.034273,0.034197,0,0.0,19
1900-01-01 11:43:16.332,0.649403,0.995286,1.095465,2000.36645,0.193335,0.03869,0.041244,0,0.0,19
1900-01-01 11:43:16.532,0.6504,0.994998,1.096614,2000.083561,0.185695,0.027737,0.027336,0,0.0,19
1900-01-01 11:43:16.732,0.653341,1.000301,1.100656,1999.329192,0.194761,0.028675,0.030412,0,0.0,19
1900-01-01 11:43:16.932,0.654522,1.002532,1.104561,1998.975581,0.189239,0.025231,0.027995,0,0.0,19
1900-01-01 11:43:17.132,0.653944,1.001062,1.10038,1997.513991,0.196245,0.025479,0.024899,0,0.0,19
1900-01-01 11:43:17.332,0.655388,1.004475,1.104377,1997.419694,0.198561,0.020985,0.022821,0,0.0,19
1900-01-01 11:43:17.532,0.650085,0.994499,1.096614,1998.716267,0.188866,0.029207,0.03276,0,0.0,19
1900-01-01 11:43:17.732,0.648957,0.995706,1.097854,2000.272153,0.178889,0.032978,0.036913,0,0.0,19
1900-01-01 11:43:17.932,0.652711,0.998305,1.098221,2001.191541,0.194412,0.025587,0.025001,0,0.0,19
1900-01-01 11:43:18.132,0.650742,0.997255,1.097349,2000.790782,0.189319,0.02709,0.028208,0,0.0,19
1900-01-01 11:43:18.330,0.651659,0.997245,1.09826,2000.558614,0.184688,0.032052,0.033886,0,0.0,19
1900-01-01 11:43:18.530,0.653813,1.000826,1.101161,2001.097245,0.191946,0.042303,0.041472,0,0.0,19
1900-01-01 11:43:18.732,0.649504,0.996304,1.096228,2000.341475,0.178207,0.02334,0.025152,0,0.0,19
1900-01-01 11:43:18.930,0.649777,0.996025,1.095894,2000.558614,0.186543,0.0236,0.024245,0,0.0,19
1900-01-01 11:43:19.130,0.649272,0.996022,1.095695,2000.130709,0.190082,0.028158,0.030293,0,0.0,19
1900-01-01 11:43:19.330,0.651057,0.999434,1.096522,1999.447062,0.196227,0.028563,0.029238,0,0.0,19
1900-01-01 11:43:19.530,0.653341,1.001351,1.102677,1999.211322,0.184556,0.025462,0.025251,0,0.0,19
1900-01-01 11:43:19.730,0.650847,0.999198,1.099599,1998.975581,0.196705,0.027571,0.028851,0,0.0,19
1900-01-01 11:43:19.930,0.652711,1.001429,1.102402,1999.423488,0.186024,0.027947,0.029431,0,0.0,19
1900-01-01 11:43:20.130,0.649245,0.996468,1.095098,2000.319301,0.195593,0.034338,0.037718,0,0.0,19
1900-01-01 11:43:20.330,0.650742,0.994446,1.095787,2000.437172,0.1949,0.030821,0.03403,0,0.0,19
1900-01-01 11:43:20.530,0.657147,1.002138,1.102126,2000.743634,0.18858,0.027691,0.025823,0,0.0,19
1900-01-01 11:43:20.730,0.650453,0.997098,1.099691,2000.342876,0.184206,0.03003,0.032339,0,0.0,19
1900-01-01 11:43:20.930,0.652002,0.997623,1.09914,1999.800673,0.188508,0.028826,0.026638,0,0.0,19
1900-01-01 11:43:21.130,0.649875,0.996704,1.096935,1999.234896,0.184505,0.033224,0.032832,0,0.0,19
1900-01-01 11:43:21.330,0.65489,1.001876,1.103045,1999.399914,0.181942,0.024589,0.024548,0,0.0,19
1900-01-01 11:43:21.530,0.651661,0.998174,1.098956,1999.022729,0.18535,0.022131,0.021624,0,0.0,19
1900-01-01 11:43:21.730,0.651844,1.000012,1.100794,1999.329192,0.181017,0.028636,0.029144,0,0.0,19
1900-01-01 11:43:21.930,0.654968,1.000826,1.103274,1998.174064,0.186603,0.025587,0.02412,0,0.0,19
1900-01-01 11:43:22.130,0.649534,0.997282,1.096797,1999.49421,0.189637,0.024348,0.024782,0,0.0,19
1900-01-01 11:43:22.330,0.64998,0.995208,1.093628,2000.036413,0.189001,0.028334,0.03055,0,0.0,19
1900-01-01 11:43:22.530,0.647959,0.995628,1.095144,1999.847821,0.184265,0.02746,0.030728,0,0.0,19
1900-01-01 11:43:22.730,0.651293,0.996914,1.0979,1999.918543,0.195594,0.035934,0.036905,0,0.0,19
1900-01-01 11:43:22.930,0.652002,0.99757,1.100059,1998.5041,0.183766,0.026979,0.025787,0,0.0,19
1900-01-01 11:43:23.130,0.6504,0.995995,1.094868,1997.16038,0.181738,0.02833,0.033483,0,0.0,19
1900-01-01 11:43:23.330,0.650453,0.994446,1.094592,1997.702583,0.181908,0.033152,0.035104,0,0.0,19
1900-01-01 11:43:23.530,0.652081,0.99694,1.096568,1997.584713,0.188868,0.047297,0.048793,0,0.0,19
1900-01-01 11:43:23.730,0.653603,0.998594,1.099783,1997.961897,0.184508,0.044236,0.046124,0,0.0,19
1900-01-01 11:43:23.930,0.645938,0.992084,1.09225,1997.04251,0.191118,0.040413,0.040191,0,0.0,19
1900-01-01 11:43:24.130,0.651503,0.997623,1.101069,1996.406011,0.192524,0.033567,0.035031,0,0.0,19
1900-01-01 11:43:24.330,0.650637,0.997623,1.100059,1996.311714,0.192654,0.043664,0.042727,0,0.0,19
1900-01-01 11:43:24.530,0.649928,0.993029,1.093077,1996.500307,0.187003,0.033435,0.035715,0,0.0,19
1900-01-01 11:43:24.730,0.651871,0.997255,1.0979,1996.853917,0.188293,0.036192,0.035962,0,0.0,19
1900-01-01 11:43:24.930,0.653288,0.999224,1.10185,1998.621971,0.18247,0.028994,0.032565,0,0.0,19
1900-01-01 11:43:25.130,0.649587,0.994236,1.094271,1997.27825,0.18714,0.023768,0.024709,0,0.0,19
1900-01-01 11:43:25.330,0.646069,0.991244,1.092617,1997.04251,0.18943,0.039393,0.04138,0,0.0,19
1900-01-01 11:43:25.530,0.652474,0.998909,1.100564,1997.089658,0.181694,0.023917,0.025082,0,0.0,19
1900-01-01 11:43:25.730,0.648458,0.994788,1.094592,1996.736047,0.191681,0.023874,0.024443,0,0.0,19
1900-01-01 11:43:25.930,0.647303,0.992609,1.092296,1996.500307,0.186883,0.026439,0.026112,0,0.0,19
1900-01-01 11:43:26.130,0.647854,0.991926,1.09078,1997.136806,0.189091,0.042089,0.043012,0,0.0,19
1900-01-01 11:43:26.330,0.651556,0.997124,1.095236,1996.240992,0.180975,0.039945,0.042683,0,0.0,19
1900-01-01 11:43:26.530,0.649403,0.992346,1.094822,1996.240992,0.188096,0.030067,0.028192,0,0.0,19
1900-01-01 11:43:26.730,0.652002,0.997964,1.097808,1996.146696,0.192108,0.030012,0.032491,0,0.0,19
1900-01-01 11:43:26.930,0.647513,0.992556,1.093536,1995.958104,0.191008,0.028294,0.031052,0,0.0,19
1900-01-01 11:43:27.130,0.653131,0.999303,1.099645,1995.321605,0.187769,0.036758,0.03786,0,0.0,19
1900-01-01 11:43:27.330,0.65061,0.995838,1.095603,1995.345179,0.189771,0.028524,0.029512,0,0.0,19
1900-01-01 11:43:27.530,0.649403,0.994735,1.095925,1995.109438,0.184889,0.023907,0.02526,0,0.0,19
1900-01-01 11:43:27.730,0.654496,1.003661,1.103826,1995.651641,0.182986,0.022156,0.026506,0,0.0,19
1900-01-01 11:43:27.930,0.653183,1.000012,1.099094,1996.146696,0.180588,0.021847,0.023026,0,0.0,19
1900-01-01 11:43:28.130,0.650742,0.997912,1.096706,1997.16038,0.19854,0.022778,0.022515,0,0.0,19
1900-01-01 11:43:28.378,0.654073,1.003514,1.103929,1999.517024,0.187193,0.029611,0.031651,0,0.0,19
1900-01-01 11:43:28.580,0.652545,0.998799,1.09782,2000.108069,0.186804,0.022997,0.022596,0,0.0,19
1900-01-01 11:43:28.780,0.649403,0.995943,1.100243,2000.437172,0.188294,0.030433,0.031171,0,0.0,19
1900-01-01 11:43:28.980,0.657042,1.005341,1.104607,2000.578616,0.1916,0.029287,0.029634,0,0.0,19
1900-01-01 11:43:29.180,0.652212,0.997465,1.09643,2000.955801,0.191204,0.027417,0.026369,0,0.0,19
1900-01-01 11:43:29.380,0.654575,1.001534,1.101069,2001.875188,0.183629,0.02766,0.030387,0,0.0,19
1900-01-01 11:43:29.580,0.650742,0.999067,1.100426,2001.568726,0.196187,0.02649,0.02789,0,0.0,19
1900-01-01 11:43:29.780,0.653157,0.999959,1.100151,2000.885078,0.183458,0.028714,0.030873,0,0.0,19
1900-01-01 11:43:29.980,0.650164,0.996888,1.099048,2001.120819,0.187117,0.03543,0.037155,0,0.0,19
1900-01-01 11:43:30.180,0.650217,0.998148,1.097486,2002.181651,0.186411,0.041046,0.040593,0,0.0,19
1900-01-01 11:43:30.380,0.649088,0.995523,1.097257,2001.733744,0.196881,0.041539,0.042916,0,0.0,19
1900-01-01 11:43:30.580,0.651766,0.998804,1.099094,2000.625764,0.188531,0.026128,0.026362,0,0.0,19
1900-01-01 11:43:30.780,0.651582,0.99862,1.099232,2001.002949,0.191526,0.028904,0.026457,0,0.0,19
1900-01-01 11:43:30.980,0.651424,0.996415,1.09666,2000.531468,0.188261,0.026309,0.026984,0,0.0,19
1900-01-01 11:43:31.180,0.650295,0.997177,1.098221,1999.399914,0.189784,0.025746,0.027012,0,0.0,19
1900-01-01 11:43:31.380,0.653813,1.000799,1.10185,1999.282044,0.19248,0.025781,0.028781,0,0.0,19
1900-01-01 11:43:31.580,0.649508,0.99694,1.097303,1998.716267,0.183728,0.03237,0.032246,0,0.0,19
1900-01-01 11:43:31.828,0.651003,0.997416,1.097261,1999.250865,0.182619,0.024319,0.024466,0,0.0,19
1900-01-01 11:43:32.082,0.651414,0.996404,1.096651,1999.161946,0.189883,0.027062,0.027317,0,0.0,19
1900-01-01 11:43:32.329,0.652308,0.997763,1.097924,1999.304282,0.192228,0.025991,0.024881,0,0.0,19
1900-01-01 11:43:32.578,0.650511,0.997789,1.09808,1998.573024,0.180043,0.023233,0.023403,0,0.0,19
1900-01-01 11:43:32.828,0.654055,1.00196,1.101575,1997.221672,0.195953,0.024961,0.025526,0,0.0,19
1900-01-01 11:43:33.082,0.650525,0.996631,1.097302,1997.045851,0.185417,0.025081,0.026618,0,0.0,19
1900-01-01 11:43:33.329,0.651394,0.997636,1.09744,1997.395452,0.191846,0.023694,0.022937,0,0.0,19
1900-01-01 11:43:33.530,0.646267,0.99137,1.091963,1997.715015,0.180679,0.034041,0.036312,0,0.0,19
1900-01-01 11:43:33.730,0.649482,0.995523,1.094822,1998.716267,0.181962,0.032482,0.03385,0,0.0,19
1900-01-01 11:43:33.978,0.650919,0.995299,1.095631,1998.300299,0.185727,0.033684,0.035081,0,0.0,19
1900-01-01 11:43:34.228,0.64998,0.997402,1.098194,1998.145775,0.202238,0.029653,0.031587,0,0.0,19
1900-01-01 11:43:34.482,0.64914,0.995225,1.095783,1997.491345,0.188718,0.032342,0.036039,0,0.0,19
1900-01-01 11:43:34.732,0.649728,0.995575,1.098525,1997.202813,0.192363,0.033132,0.033807,0,0.0,19
1900-01-01 11:43:34.978,0.650336,0.996982,1.096836,1997.211553,0.174973,0.025059,0.025279,0,0.0,19
1900-01-01 11:43:35.180,0.646879,0.99108,1.092817,1995.930095,0.175882,0.022484,0.021644,0,0.0,19
1900-01-01 11:43:35.380,0.652028,0.998095,1.098865,1996.335288,0.181146,0.02915,0.031736,0,0.0,19
1900-01-01 11:43:35.628,0.649458,0.994135,1.096113,1995.771793,0.186241,0.024495,0.023485,0,0.0,19
1900-01-01 11:43:35.878,0.649392,0.995407,1.096944,1995.109438,0.188932,0.026895,0.02736,0,0.0,19
1900-01-01 11:43:36.132,0.652572,0.999711,1.101209,1995.282438,0.188868,0.030436,0.030833,0,0.0,19
1900-01-01 11:43:36.378,0.653153,0.998071,1.099002,1995.946604,0.181671,0.032022,0.032598,0,0.0,19
1900-01-01 11:43:36.628,0.652396,0.998074,1.098267,1997.466842,0.180554,0.027038,0.029551,0,0.0,19
1900-01-01 11:43:36.878,0.651955,0.997864,1.097863,1997.730872,0.179373,0.036908,0.038302,0,0.0,19
1900-01-01 11:43:37.132,0.650567,0.997169,1.096977,1998.36377,0.187533,0.027714,0.0298,0,0.0,19
1900-01-01 11:43:37.378,0.651552,0.999287,1.102251,1998.380672,0.200941,0.030853,0.029994,0,0.0,19
1900-01-01 11:43:37.628,0.653845,1.002443,1.100436,1998.089197,0.179728,0.026496,0.029305,0,0.0,19
1900-01-01 11:43:37.878,0.649413,0.996163,1.098304,1998.541819,0.184068,0.034103,0.03475,0,0.0,19
1900-01-01 11:43:38.132,0.654019,0.999835,1.0977,1999.626002,0.194283,0.047085,0.049191,0,0.0,19
1900-01-01 11:43:38.378,0.654903,1.000995,1.100571,1999.875611,0.188239,0.042491,0.04853,0,0.0,19
1900-01-01 11:43:38.628,0.649644,0.994378,1.095915,1999.597936,0.193759,0.036301,0.035267,0,0.0,19
1900-01-01 11:43:38.878,0.6529,0.999146,1.100987,1999.673373,0.193452,0.02566,0.027632,0,0.0,19
1900-01-01 11:43:39.132,0.652696,0.99876,1.101607,1999.514629,0.192137,0.028176,0.0283,0,0.0,19
1900-01-01 11:43:39.378,0.649204,0.996192,1.093587,1999.300635,0.187397,0.029311,0.03012,0,0.0,19
1900-01-01 11:43:39.628,0.650358,0.996079,1.099002,1999.597936,0.196876,0.026422,0.026026,0,0.0,19
1900-01-01 11:43:39.878,0.650442,0.995029,1.09507,1999.352766,0.187331,0.025519,0.02491,0,0.0,19
1900-01-01 11:43:40.127,0.650279,0.996629,1.095866,1999.065333,0.186598,0.03395,0.037937,0,0.0,19
1900-01-01 11:43:40.382,0.650499,0.996524,1.097994,1998.426445,0.190351,0.03223,0.030225,0,0.0,19
1900-01-01 11:43:40.628,0.651275,0.9979,1.098031,1998.572331,0.184998,0.025575,0.025669,0,0.0,19
1900-01-01 11:43:40.878,0.646767,0.992929,1.094703,1998.730411,0.188755,0.030524,0.031301,0,0.0,19
1900-01-01 11:43:41.127,0.653843,1.001605,1.100072,1999.122138,0.193959,0.025888,0.024078,0,0.0,19
1900-01-01 11:43:41.382,0.648152,0.994795,1.095255,1998.740765,0.187851,0.02669,0.02655,0,0.0,19
1900-01-01 11:43:41.628,0.648137,0.993354,1.097434,1998.955649,0.204478,0.030714,0.033882,0,0.0,19
1900-01-01 11:43:41.878,0.652627,1.000616,1.099848,1999.579077,0.200368,0.028806,0.030292,0,0.0,19
1900-01-01 11:43:42.127,0.654074,1.000783,1.098633,1998.970658,0.188028,0.027719,0.026944,0,0.0,19
1900-01-01 11:43:42.382,0.648255,0.995186,1.098714,1999.683727,0.19171,0.030019,0.032585,0,0.0,19
1900-01-01 11:43:42.628,0.652171,1.00315,1.104044,2000.143934,0.1919,0.024485,0.025774,0,0.0,19
1900-01-01 11:43:42.878,0.651493,0.999545,1.097643,2000.672912,0.18919,0.032654,0.031189,0,0.0,19
1900-01-01 11:43:43.132,0.650071,0.996693,1.097158,2000.498427,0.188367,0.023629,0.025479,0,0.0,19
1900-01-01 11:43:43.382,0.651493,0.996625,1.098488,2000.578616,0.184714,0.033058,0.035181,0,0.0,19
1900-01-01 11:43:43.628,0.650336,0.997174,1.099376,1999.913943,0.187103,0.031675,0.034037,0,0.0,19
1900-01-01 11:43:43.878,0.652144,1.000511,1.101979,1999.74881,0.196348,0.038546,0.042633,0,0.0,19
1900-01-01 11:43:44.127,0.651628,0.995701,1.098412,1999.557642,0.185453,0.026202,0.02621,0,0.0,19
1900-01-01 11:43:44.382,0.650273,0.99778,1.099831,2001.088925,0.183648,0.025494,0.025933,0,0.0,19
1900-01-01 11:43:44.628,0.653729,1.002553,1.102027,2001.198057,0.189841,0.025836,0.026973,0,0.0,19
1900-01-01 11:43:44.878,0.652648,1.000889,1.102934,2000.955801,0.193119,0.026697,0.025756,0,0.0,19
1900-01-01 11:43:45.127,0.651671,1.000003,1.099962,2000.84522,0.18862,0.026032,0.025775,0,0.0,19
1900-01-01 11:43:45.382,0.648729,0.993498,1.094066,2001.846992,0.18933,0.033689,0.032785,0,0.0,19
1900-01-01 11:43:45.628,0.647902,0.992095,1.094073,2002.003025,0.192002,0.047873,0.049487,0,0.0,19
1900-01-01 11:43:45.878,0.651199,0.99757,1.098561,2001.200971,0.189491,0.039186,0.039948,0,0.0,19
1900-01-01 11:43:46.132,0.647466,0.993903,1.096,1999.347568,0.199872,0.035313,0.037745,0,0.0,19
1900-01-01 11:43:46.382,0.648804,0.995533,1.096797,1998.862426,0.199101,0.026825,0.028489,0,0.0,19
1900-01-01 11:43:46.628,0.652043,0.998348,1.097919,1998.572331,0.197306,0.037907,0.039562,0,0.0,19
1900-01-01 11:43:46.878,0.651661,0.998957,1.098819,1997.994901,0.185687,0.030015,0.030631,0,0.0,19
1900-01-01 11:43:47.127,0.649836,0.995027,1.096678,1997.948169,0.191783,0.027465,0.027824,0,0.0,19
1900-01-01 11:43:47.382,0.651405,0.997739,1.098354,1999.720706,0.191596,0.028633,0.027028,0,0.0,19
1900-01-01 11:43:47.628,0.651894,0.999821,1.100646,1998.917317,0.198116,0.023465,0.024622,0,0.0,19
1900-01-01 11:43:47.878,0.652774,0.999608,1.099774,1999.390484,0.194253,0.027221,0.030197,0,0.0,19
1900-01-01 11:43:48.127,0.64933,0.993234,1.094833,1999.292553,0.188094,0.03501,0.03517,0,0.0,19
1900-01-01 11:43:48.382,0.652023,0.999222,1.098426,1999.166022,0.196616,0.026983,0.0275,0,0.0,19
1900-01-01 11:43:48.628,0.652918,0.999607,1.101915,1998.783156,0.195473,0.025009,0.025672,0,0.0,19
1900-01-01 11:43:48.878,0.64788,0.994546,1.093269,1997.862886,0.189252,0.026946,0.028548,0,0.0,19
1900-01-01 11:43:49.127,0.65127,0.997936,1.099039,1998.781308,0.188561,0.029954,0.033254,0,0.0,19
1900-01-01 11:43:49.382,0.647514,0.993271,1.094895,1998.962639,0.180479,0.028934,0.02918,0,0.0,19
1900-01-01 11:43:49.628,0.646878,0.992714,1.09411,1999.166473,0.18241,0.035298,0.038763,0,0.0,19
1900-01-01 11:43:49.878,0.653782,1.000994,1.099884,1999.409343,0.185156,0.033694,0.034004,0,0.0,19
1900-01-01 11:43:50.127,0.65321,1.001373,1.100109,1998.970658,0.175973,0.027488,0.027422,0,0.0,19
1900-01-01 11:43:50.382,0.649779,0.997533,1.10084,1998.666807,0.187883,0.023436,0.023409,0,0.0,19
1900-01-01 11:43:50.628,0.65676,1.004431,1.104679,1999.300635,0.187009,0.032707,0.033441,0,0.0,19
1900-01-01 11:43:50.878,0.648447,0.996919,1.099333,1999.409343,0.194174,0.026971,0.028005,0,0.0,19
1900-01-01 11:43:51.127,0.651144,0.997262,1.098744,2000.447586,0.189375,0.02867,0.033938,0,0.0,19
1900-01-01 11:43:51.382,0.650829,0.998069,1.099435,2001.273819,0.19274,0.025344,0.026644,0,0.0,19
1900-01-01 11:43:51.628,0.649951,0.997751,1.098928,2000.795574,0.196032,0.024941,0.023971,0,0.0,19
1900-01-01 11:43:51.878,0.650001,0.996688,1.097937,2001.21983,0.178671,0.026117,0.024942,0,0.0,19
1900-01-01 11:43:52.127,0.650131,0.997979,1.099519,2000.864155,0.189635,0.024861,0.025819,0,0.0,19
1900-01-01 11:43:52.382,0.652394,1.00091,1.100047,2000.441794,0.190744,0.025176,0.025982,0,0.0,19
1900-01-01 11:43:52.628,0.649482,0.99758,1.098778,2000.297261,0.191868,0.02559,0.026942,0,0.0,19
1900-01-01 11:43:52.878,0.649959,0.996226,1.096944,1999.390484,0.182945,0.028738,0.032596,0,0.0,19
1900-01-01 11:43:53.127,0.647032,0.993635,1.095054,1999.595512,0.186354,0.030859,0.033654,0,0.0,19
1900-01-01 11:43:53.382,0.652002,0.998954,1.10066,1998.92566,0.19473,0.023529,0.025805,0,0.0,19
1900-01-01 11:43:53.628,0.648137,0.995424,1.097247,1997.844027,0.190455,0.029776,0.030885,0,0.0,19
1900-01-01 11:43:53.878,0.65248,0.99944,1.100766,1998.164634,0.190331,0.028929,0.031739,0,0.0,19
1900-01-01 11:43:54.127,0.647981,0.994647,1.094538,1997.967104,0.192983,0.030138,0.030914,0,0.0,19
1900-01-01 11:43:54.382,0.64984,0.996195,1.094931,1997.464994,0.185391,0.034309,0.036236,0,0.0,19
1900-01-01 11:43:54.628,0.648927,0.995019,1.095903,1996.94323,0.203337,0.028821,0.028519,0,0.0,19
1900-01-01 11:43:54.878,0.653131,0.999629,1.100252,1995.769511,0.196557,0.03343,0.032876,0,0.0,19
1900-01-01 11:43:55.127,0.64874,0.995554,1.097047,1996.452307,0.196477,0.029168,0.028242,0,0.0,19
1900-01-01 11:43:55.382,0.648255,0.995104,1.094787,1995.59756,0.199783,0.023699,0.026297,0,0.0,19
1900-01-01 11:43:55.628,0.653793,1.000931,1.103559,1996.483249,0.182698,0.025903,0.023413,0,0.0,19
1900-01-01 11:43:55.878,0.651031,0.99799,1.098157,1997.372546,0.188348,0.03152,0.033982,0,0.0,19
1900-01-01 11:43:56.127,0.65146,1.000425,1.101511,1997.56947,0.202037,0.042526,0.04634,0,0.0,19
1900-01-01 11:43:56.382,0.651817,0.999057,1.100588,1999.092065,0.193617,0.031542,0.033092,0,0.0,19
1900-01-01 11:43:56.628,0.650826,0.997089,1.099787,2000.201431,0.187499,0.032157,0.032744,0,0.0,19
1900-01-01 11:43:56.878,0.649875,0.997738,1.097606,2000.371164,0.190905,0.023491,0.023373,0,0.0,19
1900-01-01 11:43:57.127,0.652113,0.999244,1.097859,2001.470074,0.189455,0.030521,0.033542,0,0.0,19
1900-01-01 11:43:57.382,0.648914,0.993148,1.094643,2001.088925,0.184588,0.031547,0.031223,0,0.0,19
1900-01-01 11:43:57.628,0.65057,0.999842,1.100832,2000.891403,0.185608,0.032554,0.033907,0,0.0,19
1900-01-01 11:43:57.878,0.651409,0.998242,1.098488,1999.72995,0.192563,0.026412,0.026953,0,0.0,19
1900-01-01 11:43:58.127,0.650152,0.996123,1.097711,1998.989593,0.185735,0.025555,0.026195,0,0.0,19
1900-01-01 11:43:58.382,0.651426,0.997554,1.098642,2000.108984,0.189261,0.029308,0.027202,0,0.0,19
1900-01-01 11:43:58.628,0.648735,0.992159,1.094409,2000.124768,0.192404,0.033176,0.034171,0,0.0,19
1900-01-01 11:43:58.878,0.648363,0.993307,1.09485,1999.899684,0.179391,0.030404,0.032952,0,0.0,19
1900-01-01 11:43:59.127,0.64971,0.996692,1.098892,1998.875983,0.19402,0.032393,0.036356,0,0.0,19
1900-01-01 11:43:59.377,0.651094,0.997906,1.09948,1997.636576,0.191657,0.035677,0.034406,0,0.0,19
1900-01-01 11:43:59.631,0.650773,0.997851,1.099364,1997.28716,0.191225,0.036748,0.038425,0,0.0,19
1900-01-01 11:43:59.878,0.651075,0.99804,1.098742,1998.636191,0.195811,0.026337,0.026605,0,0.0,19
1900-01-01 11:44:00.127,0.650912,0.998147,1.099261,1998.913853,0.181857,0.025159,0.025003,0,0.0,19
1900-01-01 11:44:00.377,0.65101,0.996835,1.098378,1998.579537,0.189048,0.026311,0.027606,0,0.0,19
1900-01-01 11:44:00.631,0.649864,0.997706,1.097375,1999.291882,0.193326,0.024419,0.025296,0,0.0,19
1900-01-01 11:44:00.878,0.653052,0.998635,1.096696,1999.09431,0.18579,0.027854,0.027513,0,0.0,19
1900-01-01 11:44:01.127,0.650469,0.996882,1.09808,1999.368292,0.176684,0.024905,0.02697,0,0.0,19
1900-01-01 11:44:01.377,0.651346,0.997129,1.099664,1998.126916,0.191155,0.028937,0.028123,0,0.0,19
1900-01-01 11:44:01.631,0.652117,1.000062,1.09969,1997.751216,0.187019,0.030996,0.029884,0,0.0,19
1900-01-01 11:44:01.878,0.651436,0.997678,1.099411,1998.025366,0.182864,0.025057,0.022448,0,0.0,19
1900-01-01 11:44:02.127,0.649119,0.996186,1.097748,1998.762373,0.187767,0.029468,0.029996,0,0.0,19
1900-01-01 11:44:02.377,0.651388,0.998641,1.097753,1999.541358,0.197253,0.028132,0.025054,0,0.0,19
1900-01-01 11:44:02.626,0.649077,0.995891,1.095719,1999.444032,0.189778,0.030139,0.029713,0,0.0,19
1900-01-01 11:44:02.876,0.647208,0.993433,1.094629,1999.673373,0.188194,0.027374,0.029829,0,0.0,19
1900-01-01 11:44:03.130,0.650773,0.99661,1.097085,2000.516989,0.182653,0.030827,0.032106,0,0.0,19
1900-01-01 11:44:03.377,0.652541,0.997657,1.099077,1998.712544,0.181127,0.029779,0.028278,0,0.0,19
1900-01-01 11:44:03.626,0.648107,0.994942,1.095128,1997.83456,0.187888,0.026128,0.022945,0,0.0,19
1900-01-01 11:44:03.876,0.651745,0.997129,1.098414,1998.183493,0.194343,0.036597,0.036205,0,0.0,19
1900-01-01 11:44:04.130,0.652324,0.999628,1.100377,1997.992525,0.188585,0.032494,0.031533,0,0.0,19
1900-01-01 11:44:04.377,0.65082,0.996871,1.09811,1998.273514,0.197489,0.033433,0.035599,0,0.0,19
1900-01-01 11:44:04.626,0.650764,0.99568,1.098412,1999.406162,0.19015,0.024871,0.023931,0,0.0,19
1900-01-01 11:44:04.876,0.648174,0.994084,1.093416,1998.919003,0.195486,0.025838,0.026325,0,0.0,19
1900-01-01 11:44:05.130,0.64976,0.995887,1.095711,1999.254757,0.194919,0.035284,0.036731,0,0.0,19
1900-01-01 11:44:05.377,0.652924,0.999953,1.099337,1997.777218,0.190827,0.023535,0.02256,0,0.0,19
1900-01-01 11:44:05.626,0.650279,0.997072,1.096346,1996.471242,0.186281,0.024247,0.024972,0,0.0,19
1900-01-01 11:44:05.876,0.648342,0.993958,1.09485,1996.919925,0.191655,0.031581,0.031769,0,0.0,19
1900-01-01 11:44:06.130,0.651455,0.996962,1.09846,1997.324284,0.186442,0.031166,0.029868,0,0.0,19
1900-01-01 11:44:06.377,0.648524,0.994702,1.095804,1997.433629,0.184409,0.025805,0.026608,0,0.0,19
1900-01-01 11:44:06.626,0.650933,0.996397,1.097268,1998.004974,0.187581,0.024716,0.026667,0,0.0,19
1900-01-01 11:44:06.876,0.649077,0.996583,1.097202,1998.711552,0.186497,0.026842,0.026026,0,0.0,19
1900-01-01 11:44:07.130,0.648438,0.993241,1.094517,1998.085336,0.197824,0.04446,0.049267,0,0.0,19
1900-01-01 11:44:07.377,0.653285,0.998677,1.100044,1998.368955,0.194877,0.033469,0.032898,0,0.0,19
1900-01-01 11:44:07.626,0.648803,0.993867,1.095571,1998.459414,0.198649,0.02609,0.028605,0,0.0,19
1900-01-01 11:44:07.876,0.652648,0.999188,1.100031,1998.447523,0.195947,0.027802,0.027866,0,0.0,19
1900-01-01 11:44:08.130,0.650381,0.997768,1.098134,1997.973963,0.183766,0.029714,0.031914,0,0.0,19
1900-01-01 11:44:08.377,0.651564,0.99855,1.099225,1998.502573,0.189199,0.029726,0.031254,0,0.0,19
1900-01-01 11:44:08.626,0.65011,0.997283,1.097748,1999.387227,0.19329,0.038209,0.039102,0,0.0,19
1900-01-01 11:44:08.876,0.650463,0.995596,1.096173,1999.145314,0.189669,0.03695,0.039872,0,0.0,19
1900-01-01 11:44:09.130,0.650815,0.997479,1.098387,1999.310444,0.195238,0.025527,0.024231,0,0.0,19
1900-01-01 11:44:09.380,0.653719,1.000364,1.100803,1999.99398,0.198507,0.041674,0.044898,0,0.0,19
1900-01-01 11:44:09.626,0.650037,0.996705,1.098218,2000.124768,0.185868,0.034028,0.033414,0,0.0,19
1900-01-01 11:44:09.876,0.65269,0.999314,1.099002,1999.654514,0.193065,0.027152,0.029411,0,0.0,19
1900-01-01 11:44:10.126,0.650232,0.994588,1.096062,2000.144854,0.190059,0.030547,0.029844,0,0.0,19
1900-01-01 11:44:10.380,0.650649,0.99661,1.096977,1999.848749,0.188724,0.023304,0.022534,0,0.0,19
1900-01-01 11:44:10.626,0.650848,0.995083,1.095044,1999.664786,0.18765,0.028256,0.026942,0,0.0,19
1900-01-01 11:44:10.876,0.648972,0.994483,1.095254,1999.899684,0.186791,0.04435,0.047589,0,0.0,19
1900-01-01 11:44:11.126,0.65143,0.996499,1.100031,1999.579077,0.19344,0.025283,0.02759,0,0.0,19
1900-01-01 11:44:11.380,0.649802,0.996362,1.096073,1997.342847,0.185405,0.02589,0.027097,0,0.0,19
1900-01-01 11:44:11.626,0.652022,0.996064,1.096986,1997.939857,0.190014,0.024511,0.026179,0,0.0,19
1900-01-01 11:44:11.876,0.653383,0.999146,1.100362,1999.918543,0.196178,0.024906,0.026031,0,0.0,19
1900-01-01 11:44:12.126,0.650631,0.996415,1.098672,1999.23961,0.19524,0.026625,0.026999,0,0.0,19
1900-01-01 11:44:12.380,0.65005,0.996838,1.096941,2000.201431,0.180744,0.032223,0.033283,0,0.0,19
1900-01-01 11:44:12.626,0.65215,0.99743,1.098405,2000.642247,0.185221,0.031094,0.031314,0,0.0,19
1900-01-01 11:44:12.876,0.650379,0.996163,1.097569,2000.163713,0.183557,0.023688,0.025031,0,0.0,19
1900-01-01 11:44:13.126,0.648153,0.993475,1.095511,1999.72995,0.193532,0.033841,0.036949,0,0.0,19
1900-01-01 11:44:13.380,0.655259,1.001716,1.102041,1999.570315,0.194459,0.032295,0.030428,0,0.0,19
1900-01-01 11:44:13.626,0.653537,1.001165,1.101841,1999.473128,0.206289,0.026578,0.026005,0,0.0,19
1900-01-01 11:44:13.876,0.65143,1.000028,1.100693,1998.919003,0.187845,0.032434,0.033667,0,0.0,19
1900-01-01 11:44:14.126,0.654097,1.000343,1.099443,2000.163713,0.189233,0.045277,0.046415,0,0.0,19
1900-01-01 11:44:14.375,0.647095,0.994436,1.094907,2001.432205,0.186326,0.048577,0.048098,0,0.0,19
1900-01-01 11:44:14.678,0.65115,0.998539,1.099942,2001.881957,0.191322,0.027502,0.02956,0,0.0,19
1900-01-01 11:44:14.978,0.651836,0.998725,1.100197,2001.757318,0.189052,0.02509,0.026226,0,0.0,19
1900-01-01 11:44:15.279,0.65092,0.997477,1.099582,2001.658166,0.191112,0.037664,0.03746,0,0.0,19
1900-01-01 11:44:15.580,0.652559,0.998925,1.099277,2002.723306,0.186737,0.030352,0.034032,0,0.0,19
1900-01-01 11:44:15.879,0.650492,0.995417,1.096391,2003.292075,0.194571,0.029845,0.030995,0,0.0,19
1900-01-01 11:44:16.130,0.64935,0.993944,1.097282,2002.436739,0.2008,0.03539,0.036987,0,0.0,19
1900-01-01 11:44:16.430,0.651013,0.996573,1.099155,2001.050097,0.189514,0.036044,0.039198,0,0.0,19
1900-01-01 11:44:16.676,0.653067,1.000781,1.100534,1999.588123,0.195018,0.024359,0.025483,0,0.0,19
1900-01-01 11:44:16.978,0.650792,0.996584,1.09742,1999.405222,0.195198,0.024831,0.024519,0,0.0,19
1900-01-01 11:44:17.279,0.650135,0.995593,1.099308,2000.436389,0.195657,0.026302,0.028429,0,0.0,19
1900-01-01 11:44:17.527,0.652104,0.99676,1.098521,2000.638692,0.192282,0.034698,0.039599,0,0.0,19
1900-01-01 11:44:17.830,0.649487,0.991989,1.093969,2000.808288,0.188441,0.035495,0.039436,0,0.0,19
1900-01-01 11:44:18.129,0.649228,0.994065,1.09593,1999.413002,0.18718,0.027601,0.028334,0,0.0,19
1900-01-01 11:44:18.430,0.652141,0.998384,1.096622,1998.713369,0.191365,0.025576,0.02704,0,0.0,19
1900-01-01 11:44:18.729,0.653337,0.999069,1.100784,1997.851911,0.19499,0.024133,0.024697,0,0.0,19
1900-01-01 11:44:19.028,0.649228,0.993275,1.093594,1999.42877,0.190492,0.038457,0.041739,0,0.0,19
1900-01-01 11:44:19.329,0.651303,0.997634,1.098514,1999.982138,0.193271,0.035262,0.038008,0,0.0,19
1900-01-01 11:44:19.628,0.653039,0.997542,1.098634,1999.413002,0.197199,0.028292,0.026448,0,0.0,19
1900-01-01 11:44:19.929,0.651391,0.996221,1.097446,1999.653198,0.192557,0.025068,0.027139,0,0.0,19
1900-01-01 11:44:20.228,0.649334,0.995048,1.094977,1999.349927,0.191077,0.028235,0.031418,0,0.0,19
1900-01-01 11:44:20.529,0.651146,0.995977,1.099124,1999.653198,0.196444,0.024828,0.026579,0,0.0,19
1900-01-01 11:44:20.828,0.650844,0.99561,1.093502,1999.176473,0.190793,0.036515,0.037389,0,0.0,19
1900-01-01 11:44:21.129,0.647501,0.993099,1.095736,1998.63505,0.193416,0.028324,0.031369,0,0.0,19
1900-01-01 11:44:21.428,0.652529,0.996523,1.098419,1998.813795,0.186863,0.026082,0.028378,0,0.0,19
1900-01-01 11:44:21.729,0.651827,0.997302,1.098819,1998.509739,0.188826,0.031004,0.031667,0,0.0,19
1900-01-01 11:44:22.028,0.647314,0.991501,1.091597,1998.451118,0.183557,0.025182,0.025349,0,0.0,19
1900-01-01 11:44:22.329,0.649088,0.993639,1.093752,1998.337437,0.191041,0.030476,0.030792,0,0.0,19
1900-01-01 11:44:22.628,0.650036,0.994012,1.094117,1998.593035,0.191252,0.027422,0.02744,0,0.0,19
1900-01-01 11:44:22.929,0.648565,0.993779,1.093936,1998.447084,0.19145,0.030479,0.030792,0,0.0,19
1900-01-01 11:44:23.228,0.653425,0.999947,1.100877,1998.388043,0.185643,0.026881,0.025458,0,0.0,19
1900-01-01 11:44:23.529,0.64921,0.994006,1.095431,1996.802383,0.196414,0.028111,0.028626,0,0.0,19
1900-01-01 11:44:23.828,0.648491,0.991922,1.095223,1997.678457,0.192868,0.0375,0.037836,0,0.0,19
1900-01-01 11:44:24.129,0.651687,0.996779,1.096744,1998.697705,0.194544,0.036973,0.041198,0,0.0,19
1900-01-01 11:44:24.428,0.653039,0.997981,1.099709,1997.694226,0.184303,0.03813,0.041273,0,0.0,19
1900-01-01 11:44:24.729,0.651111,0.99493,1.097018,1998.916998,0.186502,0.029852,0.027375,0,0.0,19
1900-01-01 11:44:25.028,0.649158,0.994644,1.095192,1999.744142,0.180857,0.029819,0.031942,0,0.0,19
1900-01-01 11:44:25.329,0.649629,0.994477,1.09653,1999.543551,0.193044,0.026058,0.024769,0,0.0,19
1900-01-01 11:44:25.628,0.653144,0.999807,1.099709,1999.491845,0.200226,0.032927,0.034434,0,0.0,19
1900-01-01 11:44:25.929,0.648216,0.995244,1.095981,1999.339921,0.183918,0.026032,0.026335,0,0.0,19
1900-01-01 11:44:26.228,0.650545,0.996172,1.09762,2000.942555,0.201379,0.023454,0.025282,0,0.0,19
1900-01-01 11:44:26.527,0.651845,0.995961,1.09679,2000.674489,0.192986,0.032964,0.03627,0,0.0,19
1900-01-01 11:44:26.828,0.651059,0.997355,1.098148,2000.452052,0.192069,0.028896,0.029536,0,0.0,19
1900-01-01 11:44:27.127,0.649351,0.993907,1.094455,2000.706026,0.19881,0.027023,0.027762,0,0.0,19
1900-01-01 11:44:27.428,0.646384,0.990412,1.093752,2000.68701,0.189652,0.033378,0.035913,0,0.0,19
1900-01-01 11:44:27.729,0.652175,0.995837,1.096652,1999.982138,0.183982,0.034206,0.035303,0,0.0,19
1900-01-01 11:44:28.028,0.650247,0.994697,1.097927,1998.861101,0.19568,0.025416,0.027214,0,0.0,19
1900-01-01 11:44:28.329,0.651216,0.995,1.096255,1998.243454,0.195782,0.029176,0.028885,0,0.0,19
1900-01-01 11:44:28.628,0.650229,0.994785,1.094639,1997.410391,0.194966,0.02662,0.026905,0,0.0,19
1900-01-01 11:44:28.929,0.649105,0.994198,1.096805,1998.024161,0.192342,0.029898,0.030027,0,0.0,19
1900-01-01 11:44:29.228,0.651845,0.997506,1.09977,1997.410391,0.192911,0.03015,0.030292,0,0.0,19
1900-01-01 11:44:29.529,0.651548,0.996849,1.098728,1998.008497,0.193613,0.026845,0.027597,0,0.0,19
1900-01-01 11:44:29.828,0.649685,0.992748,1.094301,1998.65611,0.18464,0.028763,0.029923,0,0.0,19
1900-01-01 11:44:30.127,0.651704,0.996523,1.097036,1999.602225,0.195168,0.032501,0.036306,0,0.0,19
1900-01-01 11:44:30.428,0.653484,0.999256,1.100895,1999.574879,0.195443,0.023441,0.023444,0,0.0,19
1900-01-01 11:44:30.727,0.650001,0.995347,1.097097,1997.568077,0.190845,0.022703,0.024467,0,0.0,19
1900-01-01 11:44:31.028,0.650745,0.997512,1.099369,1999.198947,0.188252,0.029213,0.029078,0,0.0,19
1900-01-01 11:44:31.327,0.6513,0.998244,1.102014,1999.286853,0.192614,0.025667,0.025568,0,0.0,19
1900-01-01 11:44:31.628,0.65071,0.997826,1.09885,1999.449568,0.184415,0.025572,0.03016,0,0.0,19
1900-01-01 11:44:31.927,0.650809,0.996804,1.097558,2000.879481,0.190114,0.031271,0.03175,0,0.0,19
1900-01-01 11:44:32.228,0.647762,0.993343,1.094882,2001.062941,0.190601,0.029316,0.028773,0,0.0,19
1900-01-01 11:44:32.527,0.649773,0.994539,1.098234,1999.838754,0.193912,0.031418,0.031307,0,0.0,19
1900-01-01 11:44:32.828,0.652263,0.996744,1.098087,1998.494075,0.186798,0.03825,0.038652,0,0.0,19
1900-01-01 11:44:33.129,0.652699,0.998175,1.101017,1999.026645,0.198257,0.046983,0.04925,0,0.0,19
1900-01-01 11:44:33.428,0.650299,0.994486,1.095592,1998.577267,0.194434,0.031745,0.031211,0,0.0,19
1900-01-01 11:44:33.727,0.651862,0.996172,1.096974,1997.993829,0.191622,0.029265,0.029232,0,0.0,19
1900-01-01 11:44:34.028,0.651722,0.997564,1.100254,1998.525403,0.195829,0.025298,0.024306,0,0.0,19
1900-01-01 11:44:34.329,0.649786,0.994599,1.095126,1997.992833,0.187785,0.02454,0.025153,0,0.0,19
1900-01-01 11:44:34.628,0.651967,0.997647,1.099801,1999.413002,0.19164,0.024531,0.025621,0,0.0,19
1900-01-01 11:44:34.927,0.649843,0.99403,1.096575,1999.42877,0.192102,0.023674,0.02656,0,0.0,19
1900-01-01 11:44:35.228,0.650082,0.994477,1.095584,1999.966474,0.199329,0.02598,0.026337,0,0.0,19
1900-01-01 11:44:35.527,0.648104,0.993099,1.094608,1999.712605,0.193572,0.030532,0.031318,0,0.0,19
1900-01-01 11:44:35.828,0.648373,0.992331,1.095095,1999.073637,0.189835,0.023098,0.021207,0,0.0,19
1900-01-01 11:44:36.127,0.651054,0.994363,1.097896,1998.482655,0.185029,0.028029,0.028636,0,0.0,19
1900-01-01 11:44:36.428,0.650449,0.995645,1.096408,1997.585574,0.194906,0.030605,0.032023,0,0.0,19
1900-01-01 11:44:36.727,0.649351,0.993942,1.096022,1997.031945,0.191846,0.035068,0.03571,0,0.0,19
1900-01-01 11:44:37.026,0.651546,0.997401,1.098234,1997.962292,0.192793,0.026334,0.026528,0,0.0,19
1900-01-01 11:44:37.327,0.651007,0.996797,1.099399,1998.948326,0.190637,0.028636,0.02928,0,0.0,19
1900-01-01 11:44:37.626,0.648139,0.992994,1.094701,1999.854522,0.190973,0.032234,0.031283,0,0.0,19
1900-01-01 11:44:37.927,0.650344,0.994093,1.098453,1999.574879,0.191774,0.027935,0.027326,0,0.0,19
1900-01-01 11:44:38.228,0.651635,0.996675,1.09885,1999.731517,0.195546,0.027309,0.027263,0,0.0,19
1900-01-01 11:44:38.527,0.649053,0.994767,1.097005,1998.908407,0.185985,0.024611,0.02491,0,0.0,19
1900-01-01 11:44:38.828,0.649489,0.993552,1.096744,1999.355585,0.195058,0.032954,0.033737,0,0.0,19
1900-01-01 11:44:39.127,0.653513,0.998543,1.09974,1999.870291,0.195179,0.031781,0.031585,0,0.0,19
1900-01-01 11:44:39.426,0.650633,0.99489,1.096483,1999.791448,0.194282,0.028602,0.029665,0,0.0,19
1900-01-01 11:44:39.727,0.652908,0.999082,1.101078,2000.405061,0.198311,0.025004,0.025712,0,0.0,19
1900-01-01 11:44:40.028,0.647797,0.991738,1.093447,2000.311078,0.194203,0.026972,0.025552,0,0.0,19
1900-01-01 11:44:40.327,0.65037,0.996435,1.100108,2000.075283,0.196301,0.025415,0.025914,0,0.0,19
1900-01-01 11:44:40.626,0.650844,0.997296,1.098419,2000.579877,0.177299,0.031499,0.033427,0,0.0,19
1900-01-01 11:44:40.927,0.650449,0.996221,1.100589,2000.217095,0.195281,0.03046,0.033128,0,0.0,19
1900-01-01 11:44:41.228,0.650449,0.995541,1.097904,2001.156924,0.18584,0.025795,0.026605,0,0.0,19
1900-01-01 11:44:41.527,0.650282,0.995575,1.097896,2001.289464,0.191101,0.038476,0.038625,0,0.0,19
1900-01-01 11:44:41.826,0.650405,0.995259,1.096606,2000.138357,0.197251,0.042955,0.044792,0,0.0,19
1900-01-01 11:44:42.127,0.646681,0.990901,1.092776,2000.514708,0.204015,0.037091,0.041415,0,0.0,19
1900-01-01 11:44:42.428,0.650239,0.993535,1.096713,2000.201431,0.190748,0.035036,0.035871,0,0.0,19
1900-01-01 11:44:42.727,0.650528,0.995891,1.097712,1998.529961,0.189561,0.031737,0.031955,0,0.0,19
1900-01-01 11:44:43.026,0.651476,0.996295,1.09805,1997.189631,0.193236,0.029349,0.027695,0,0.0,19
1900-01-01 11:44:43.327,0.650065,0.994023,1.095767,1997.334953,0.189025,0.040423,0.039417,0,0.0,19
1900-01-01 11:44:43.626,0.648508,0.993626,1.095991,1997.394622,0.18818,0.030967,0.030349,0,0.0,19
1900-01-01 11:44:43.927,0.649908,0.998593,1.099002,1998.086816,0.184863,0.027299,0.027825,0,0.0,19
1900-01-01 11:44:44.226,0.650861,0.997067,1.100231,1997.694226,0.193309,0.03206,0.033694,0,0.0,19
1900-01-01 11:44:44.527,0.649821,0.996186,1.095767,1999.574879,0.189655,0.033394,0.033713,0,0.0,19
1900-01-01 11:44:44.828,0.647902,0.993744,1.09711,2000.373733,0.188454,0.030096,0.033581,0,0.0,19
1900-01-01 11:44:45.127,0.650686,0.99554,1.095899,1999.99644,0.194052,0.02879,0.028125,0,0.0,19
1900-01-01 11:44:45.426,0.652178,0.997067,1.100139,1998.87687,0.195122,0.029719,0.033174,0,0.0,19
1900-01-01 11:44:45.727,0.64996,0.997198,1.097415,1999.261602,0.186194,0.035629,0.037793,0,0.0,19
1900-01-01 11:44:46.023,0.65024,0.996212,1.098785,1999.978434,0.195991,0.029833,0.031703,0,0.0,19
1900-01-01 11:44:46.326,0.652398,0.997361,1.100155,2000.185871,0.198648,0.031184,0.030597,0,0.0,19
1900-01-01 11:44:46.626,0.64823,0.99456,1.097747,2000.87722,0.186555,0.025469,0.026847,0,0.0,19
1900-01-01 11:44:46.927,0.649332,0.994389,1.096103,2001.595511,0.190981,0.026389,0.026784,0,0.0,19
1900-01-01 11:44:47.226,0.64965,0.993222,1.094854,2001.210621,0.192149,0.031256,0.03032,0,0.0,19
1900-01-01 11:44:47.527,0.648251,0.992767,1.096133,2000.655682,0.192119,0.03795,0.037766,0,0.0,19
1900-01-01 11:44:47.826,0.649175,0.993801,1.09553,1998.687647,0.188494,0.030981,0.032387,0,0.0,19
1900-01-01 11:44:48.127,0.649856,0.995698,1.098056,1998.572395,0.193139,0.03269,0.033597,0,0.0,19
1900-01-01 11:44:48.426,0.649948,0.996488,1.097374,1998.971481,0.193224,0.021411,0.023971,0,0.0,19
1900-01-01 11:44:48.727,0.647762,0.992994,1.09421,1999.637534,0.193446,0.028165,0.027804,0,0.0,19
1900-01-01 11:44:49.026,0.651757,0.997823,1.100754,2000.847943,0.187602,0.027236,0.027246,0,0.0,19
1900-01-01 11:44:49.327,0.652175,0.9995,1.102329,2000.890639,0.196809,0.02829,0.027688,0,0.0,19
1900-01-01 11:44:49.626,0.648614,0.994714,1.096667,2000.579877,0.198479,0.02886,0.030213,0,0.0,19
1900-01-01 11:44:49.927,0.652298,0.998192,1.098667,2000.405061,0.202811,0.031782,0.031984,0,0.0,19
1900-01-01 11:44:50.226,0.650405,0.995663,1.098019,2000.579877,0.192027,0.03331,0.031473,0,0.0,19
1900-01-01 11:44:50.527,0.648094,0.995,1.096499,2000.48338,0.196484,0.026841,0.028215,0,0.0,19
1900-01-01 11:44:50.826,0.650317,0.996049,1.09679,2000.232968,0.197024,0.023338,0.025502,0,0.0,19
1900-01-01 11:44:51.127,0.649036,0.995366,1.097079,2000.248423,0.196776,0.025906,0.024529,0,0.0,19
1900-01-01 11:44:51.426,0.649017,0.99561,1.096513,1999.570688,0.196582,0.025365,0.02562,0,0.0,19
1900-01-01 11:44:51.726,0.652816,1.000791,1.100472,1999.635654,0.193382,0.029143,0.027655,0,0.0,19
1900-01-01 11:44:52.026,0.650575,0.995925,1.097624,2000.390024,0.192357,0.033226,0.034998,0,0.0,19
1900-01-01 11:44:52.326,0.647443,0.9926,1.09496,2001.521578,0.185944,0.041772,0.043499,0,0.0,19
1900-01-01 11:44:52.626,0.651976,0.998568,1.099615,2001.647306,0.181223,0.033541,0.036245,0,0.0,19
1900-01-01 11:44:52.927,0.649193,0.997023,1.097934,2001.235243,0.184287,0.025484,0.026959,0,0.0,19
1900-01-01 11:44:53.226,0.650405,0.996102,1.096882,2001.368307,0.197599,0.040021,0.038703,0,0.0,19
1900-01-01 11:44:53.526,0.649,0.993318,1.096154,2001.160109,0.193282,0.027279,0.028666,0,0.0,19
1900-01-01 11:44:53.826,0.651276,0.99589,1.099615,2000.594332,0.187115,0.02995,0.031855,0,0.0,19
1900-01-01 11:44:54.126,0.652308,0.998813,1.0994,1999.164173,0.196487,0.027946,0.030823,0,0.0,19
1900-01-01 11:44:54.426,0.653446,0.999548,1.103473,2000.059987,0.197074,0.030365,0.029327,0,0.0,19
1900-01-01 11:44:54.727,0.650763,0.997808,1.09885,1999.480896,0.187471,0.024404,0.027773,0,0.0,19
1900-01-01 11:44:55.074,0.647642,0.99332,1.095534,1999.970446,0.191417,0.026758,0.027073,0,0.0,19
1900-01-01 11:44:55.377,0.650769,0.997326,1.098062,2000.823848,0.195718,0.02662,0.029238,0,0.0,19
1900-01-01 11:44:55.676,0.650475,0.997261,1.098449,2000.989861,0.198234,0.025827,0.02446,0,0.0,19
1900-01-01 11:44:55.977,0.649297,0.995279,1.096835,2000.827984,0.200494,0.025798,0.027162,0,0.0,19
1900-01-01 11:44:56.276,0.647542,0.99403,1.098019,2000.895249,0.190997,0.046267,0.049052,0,0.0,19
1900-01-01 11:44:56.575,0.64907,0.996312,1.095315,1999.507613,0.189924,0.035997,0.036718,0,0.0,19
1900-01-01 11:44:56.876,0.651565,0.999465,1.099338,1998.666377,0.18859,0.030989,0.033562,0,0.0,19
1900-01-01 11:44:57.175,0.649825,0.996962,1.099371,1999.886059,0.190471,0.02505,0.025788,0,0.0,19
1900-01-01 11:44:57.476,0.654251,1.002413,1.103031,2000.264087,0.203629,0.0231,0.023457,0,0.0,19
1900-01-01 11:44:57.777,0.65296,1.000372,1.102238,2001.438873,0.198821,0.039975,0.043094,0,0.0,19
1900-01-01 11:44:58.076,0.65274,0.999701,1.09974,2002.582488,0.195649,0.041749,0.043226,0,0.0,19
1900-01-01 11:44:58.377,0.650763,0.998,1.102573,2003.72579,0.19738,0.030217,0.029203,0,0.0,19
1900-01-01 11:44:58.676,0.64763,0.993275,1.094731,2003.355149,0.185441,0.03775,0.039582,0,0.0,19
1900-01-01 11:44:58.975,0.651704,0.997261,1.099002,2004.048967,0.197447,0.027303,0.028641,0,0.0,19
1900-01-01 11:44:59.276,0.648181,0.993587,1.096377,2001.783477,0.19746,0.032867,0.030544,0,0.0,19
1900-01-01 11:44:59.625,0.647606,0.992957,1.094211,2001.511851,0.193686,0.035557,0.036259,0,0.0,19
1900-01-01 11:44:59.974,0.651111,0.996508,1.098634,2000.525659,0.196373,0.034808,0.035317,0,0.0,19
1900-01-01 11:45:00.324,0.647385,0.991945,1.092571,1998.65228,0.196111,0.02741,0.026614,0,0.0,19
1900-01-01 11:45:00.626,0.648845,0.995367,1.097968,1998.577789,0.197276,0.030755,0.032622,0,0.0,19
1900-01-01 11:45:00.974,0.650317,0.994971,1.096204,1998.331766,0.202117,0.033151,0.033713,0,0.0,19
1900-01-01 11:45:01.324,0.649575,0.99628,1.098241,1999.864659,0.195679,0.029693,0.02857,0,0.0,19
1900-01-01 11:45:01.674,0.651226,0.998455,1.100131,1999.905072,0.189039,0.024807,0.023469,0,0.0,19
1900-01-01 11:45:01.977,0.652658,0.999752,1.103793,2000.948332,0.192312,0.03084,0.029693,0,0.0,19
1900-01-01 11:45:02.276,0.651195,0.998244,1.099279,2001.652142,0.187411,0.02771,0.029076,0,0.0,19
1900-01-01 11:45:02.623,0.649034,0.997284,1.098287,2003.109123,0.195646,0.023227,0.023882,0,0.0,19
1900-01-01 11:45:02.974,0.65092,0.996383,1.095364,2003.237177,0.180365,0.028843,0.029374,0,0.0,19
1900-01-01 11:45:03.324,0.64926,0.997015,1.099554,2001.683228,0.197287,0.032318,0.031918,0,0.0,19
1900-01-01 11:45:03.674,0.65064,0.99649,1.099212,2000.861504,0.194174,0.03063,0.031284,0,0.0,19
1900-01-01 11:45:04.023,0.649125,0.995078,1.096449,2001.633436,0.194991,0.02884,0.029192,0,0.0,19
1900-01-01 11:45:04.374,0.648333,0.994663,1.094867,2001.611844,0.188516,0.024758,0.026019,0,0.0,19
1900-01-01 11:45:04.724,0.65034,0.995755,1.098136,2001.508107,0.194796,0.026411,0.027782,0,0.0,19
1900-01-01 11:45:05.074,0.650175,0.996685,1.09727,2001.211747,0.191938,0.027487,0.028706,0,0.0,19
1900-01-01 11:45:05.423,0.650509,0.995485,1.09766,2000.539168,0.20827,0.029137,0.02766,0,0.0,19
1900-01-01 11:45:05.774,0.649185,0.995964,1.097746,2000.456649,0.197767,0.023952,0.02476,0,0.0,19
1900-01-01 11:45:06.124,0.651661,0.99796,1.098792,2000.605558,0.188008,0.026564,0.027249,0,0.0,19
1900-01-01 11:45:06.474,0.65013,0.999131,1.100551,2001.306044,0.197487,0.027176,0.025935,0,0.0,19
1900-01-01 11:45:06.823,0.652495,1.001893,1.102819,2003.09246,0.186202,0.025774,0.025944,0,0.0,19
1900-01-01 11:45:07.174,0.649066,0.996069,1.097877,2003.881937,0.195684,0.030921,0.032048,0,0.0,19
1900-01-01 11:45:07.524,0.64854,0.995545,1.096456,2004.31005,0.194612,0.039432,0.0407,0,0.0,19
1900-01-01 11:45:07.873,0.649186,0.99574,1.097686,2003.484235,0.199815,0.028195,0.028856,0,0.0,19
1900-01-01 11:45:08.223,0.649905,0.997735,1.098871,2002.262476,0.199601,0.040594,0.045364,0,0.0,19
1900-01-01 11:45:08.574,0.649484,0.995531,1.096699,2002.350632,0.192468,0.030638,0.032689,0,0.0,19
1900-01-01 11:45:08.924,0.64902,0.99451,1.096141,2001.993058,0.194172,0.027696,0.02795,0,0.0,19
1900-01-01 11:45:09.274,0.64749,0.993325,1.094356,2000.619029,0.192738,0.036745,0.038669,0,0.0,19
1900-01-01 11:45:09.623,0.646101,0.989482,1.091868,1999.958261,0.190202,0.033619,0.034607,0,0.0,19
1900-01-01 11:45:09.974,0.649694,0.997894,1.097301,1999.314886,0.193785,0.029907,0.032115,0,0.0,19
1900-01-01 11:45:10.324,0.650685,0.998005,1.099554,1997.13007,0.191484,0.027552,0.027366,0,0.0,19
1900-01-01 11:45:10.674,0.650115,0.996445,1.100919,1999.447062,0.194423,0.03574,0.035504,0,0.0,19
1900-01-01 11:45:11.023,0.653037,1.000855,1.101793,2001.322718,0.194263,0.030223,0.030087,0,0.0,19
1900-01-01 11:45:11.374,0.645924,0.992928,1.094998,2001.410356,0.199329,0.029919,0.032456,0,0.0,19
1900-01-01 11:45:11.724,0.651376,0.995605,1.097375,2002.181651,0.201607,0.028802,0.028155,0,0.0,19
1900-01-01 11:45:12.073,0.648268,0.996056,1.096344,2001.241661,0.190633,0.022349,0.022581,0,0.0,19
1900-01-01 11:45:12.423,0.646725,0.99325,1.094829,2001.211747,0.198185,0.026845,0.02793,0,0.0,19
1900-01-01 11:45:12.774,0.649828,0.996024,1.09772,2000.443216,0.201662,0.026267,0.024859,0,0.0,19
1900-01-01 11:45:13.124,0.6495,0.995905,1.097139,1999.783834,0.193061,0.030645,0.030697,0,0.0,19
1900-01-01 11:45:13.474,0.64833,0.994525,1.095879,1999.554829,0.190448,0.027351,0.027249,0,0.0,19
1900-01-01 11:45:13.823,0.648539,0.996357,1.099002,2000.471621,0.198995,0.027745,0.026577,0,0.0,19
1900-01-01 11:45:14.174,0.648123,0.99592,1.09772,2000.926786,0.193783,0.027832,0.028061,0,0.0,19
1900-01-01 11:45:14.524,0.649455,0.995605,1.09895,2001.427281,0.19403,0.031924,0.031612,0,0.0,19
1900-01-01 11:45:14.873,0.648644,0.994612,1.095659,2002.05223,0.195262,0.025745,0.025713,0,0.0,19
1900-01-01 11:45:15.223,0.650385,0.997045,1.099212,2001.844879,0.205403,0.027966,0.029612,0,0.0,19
1900-01-01 11:45:15.574,0.650546,0.99927,1.0995,2000.953651,0.200361,0.028833,0.028521,0,0.0,19
1900-01-01 11:45:15.924,0.64686,0.991495,1.093306,2001.427281,0.194056,0.032143,0.030934,0,0.0,19
1900-01-01 11:45:16.273,0.650555,0.998343,1.099739,2002.430495,0.196542,0.02728,0.029461,0,0.0,19
1900-01-01 11:45:16.623,0.649305,0.997345,1.100551,2000.659441,0.206509,0.026926,0.025424,0,0.0,19
1900-01-01 11:45:16.972,0.650494,0.996794,1.099345,2002.268382,0.200119,0.032074,0.035254,0,0.0,19
1900-01-01 11:45:17.322,0.650235,0.99886,1.101155,2002.504952,0.192967,0.030929,0.032889,0,0.0,19
1900-01-01 11:45:17.673,0.64748,0.995306,1.096463,2003.290907,0.195882,0.027531,0.029021,0,0.0,19
1900-01-01 11:45:18.023,0.647835,0.99394,1.093201,2003.434443,0.196476,0.03831,0.039265,0,0.0,19
1900-01-01 11:45:18.374,0.647585,0.994244,1.098453,2002.887932,0.201028,0.027539,0.029272,0,0.0,19
1900-01-01 11:45:18.722,0.64914,0.995288,1.09792,2000.878846,0.202128,0.065249,0.069509,0,0.0,19
1900-01-01 11:45:19.073,0.645251,0.991986,1.095652,2000.349189,0.190922,0.029011,0.030086,0,0.0,19
1900-01-01 11:45:19.423,0.63957,0.979719,1.074065,2000.295727,0.223154,0.13559,0.145976,0,0.0,19
1900-01-01 11:45:19.774,0.642215,0.982457,1.084423,1999.946214,0.195731,0.087543,0.09717,0,0.0,19
1900-01-01 11:45:20.122,0.649759,0.996902,1.097392,1991.408585,0.191854,0.036455,0.03863,0,0.0,19
1900-01-01 11:45:20.473,0.64582,0.991597,1.093741,1990.26138,0.192448,0.026084,0.026794,0,0.0,19
1900-01-01 11:45:20.823,0.648885,0.994615,1.0979,1994.759195,0.201031,0.027457,0.027962,0,0.0,19
1900-01-01 11:45:21.174,0.649694,0.998148,1.098086,1996.695548,0.208351,0.027423,0.02681,0,0.0,19
1900-01-01 11:45:21.522,0.650347,0.996344,1.09924,1999.754337,0.191683,0.029376,0.029467,0,0.0,19
1900-01-01 11:45:21.873,0.647794,0.994843,1.095443,2000.765596,0.194203,0.027548,0.030367,0,0.0,19
1900-01-01 11:45:22.223,0.64848,0.99418,1.095275,2002.141238,0.201298,0.030584,0.03063,0,0.0,19
1900-01-01 11:45:22.572,0.649486,0.993634,1.096475,2001.606417,0.194437,0.031969,0.032174,0,0.0,19
1900-01-01 11:45:22.922,0.64992,0.99778,1.099632,2000.080193,0.189051,0.031287,0.032977,0,0.0,19
1900-01-01 11:45:23.273,0.649709,0.997266,1.09717,2000.093971,0.193249,0.03066,0.029424,0,0.0,19
1900-01-01 11:45:23.622,0.650946,0.997591,1.09766,2000.822867,0.196551,0.028762,0.028696,0,0.0,19
1900-01-01 11:45:23.972,0.648765,0.994915,1.09664,2001.306044,0.193493,0.034846,0.035272,0,0.0,19
1900-01-01 11:45:24.322,0.64998,0.998635,1.100709,2002.073884,0.200046,0.045813,0.04851,0,0.0,19
1900-01-01 11:45:24.673,0.64733,0.993721,1.095731,2001.343194,0.191434,0.035646,0.037812,0,0.0,19
1900-01-01 11:45:25.022,0.650254,0.995665,1.096133,2000.822867,0.203185,0.027486,0.029157,0,0.0,19
1900-01-01 11:45:25.372,0.65019,0.997195,1.098057,2000.928859,0.189755,0.032543,0.032181,0,0.0,19
1900-01-01 11:45:25.722,0.652081,0.998695,1.100577,2001.292573,0.195712,0.029241,0.030538,0,0.0,19
1900-01-01 11:45:26.073,0.652656,0.999913,1.102326,2002.095414,0.191793,0.030935,0.031437,0,0.0,19
1900-01-01 11:45:26.423,0.648945,0.99457,1.095222,2003.932865,0.193487,0.03643,0.036628,0,0.0,19
1900-01-01 11:45:26.774,0.649275,0.995291,1.095076,2005.493837,0.191604,0.029072,0.026919,0,0.0,19
1900-01-01 11:45:27.122,0.650257,0.994986,1.097894,2004.008504,0.203171,0.026321,0.028521,0,0.0,19
1900-01-01 11:45:27.473,0.650397,0.998133,1.098714,2002.471524,0.192691,0.028828,0.029951,0,0.0,19
1900-01-01 11:45:27.823,0.648345,0.993355,1.097401,2002.828253,0.198257,0.030545,0.031819,0,0.0,19
1900-01-01 11:45:28.172,0.649306,0.996463,1.096344,2003.335631,0.190842,0.030773,0.032901,0,0.0,19
1900-01-01 11:45:28.522,0.650775,0.99721,1.098792,2002.222063,0.194885,0.028744,0.028762,0,0.0,19
1900-01-01 11:45:28.873,0.652102,0.99743,1.098531,2002.202874,0.206947,0.038856,0.03857,0,0.0,19
1900-01-01 11:45:29.222,0.649291,0.996553,1.098713,2002.200834,0.194135,0.033262,0.03371,0,0.0,19
1900-01-01 11:45:29.572,0.65034,0.998365,1.100184,2002.801311,0.191352,0.031825,0.03255,0,0.0,19
1900-01-01 11:45:29.922,0.64932,0.99673,1.099895,2003.259321,0.200143,0.026695,0.027191,0,0.0,19
1900-01-01 11:45:30.273,0.650561,0.996638,1.098924,2003.062554,0.196489,0.029707,0.032692,0,0.0,19
1900-01-01 11:45:30.623,0.64785,0.99529,1.096876,2003.367088,0.1895,0.028918,0.028329,0,0.0,19
1900-01-01 11:45:30.972,0.651247,0.997726,1.098765,2002.444005,0.188491,0.027884,0.027096,0,0.0,19
1900-01-01 11:45:31.322,0.648465,0.99571,1.09664,2002.545365,0.199572,0.03206,0.033623,0,0.0,19
1900-01-01 11:45:31.671,0.648087,0.993002,1.094869,2002.984384,0.195861,0.02914,0.030194,0,0.0,19
1900-01-01 11:45:32.022,0.647061,0.992464,1.094343,2002.350632,0.194045,0.037927,0.039758,0,0.0,19
1900-01-01 11:45:32.372,0.649635,0.993985,1.09664,2000.79415,0.200109,0.024642,0.025478,0,0.0,19
1900-01-01 11:45:32.722,0.65028,0.99622,1.096902,1998.948639,0.204089,0.029963,0.031429,0,0.0,19
1900-01-01 11:45:33.071,0.648569,0.996237,1.097449,1998.566784,0.186396,0.031076,0.033676,0,0.0,19
1900-01-01 11:45:33.422,0.64742,0.992659,1.093453,1999.543239,0.19413,0.027275,0.028409,0,0.0,19
1900-01-01 11:45:33.772,0.648075,0.995815,1.098766,2000.659441,0.200852,0.028187,0.029991,0,0.0,19
1900-01-01 11:45:34.122,0.64896,0.993955,1.095826,2000.834563,0.194943,0.03257,0.032433,0,0.0,19
1900-01-01 11:45:34.471,0.649953,0.996162,1.09687,2001.930645,0.196661,0.028356,0.029059,0,0.0,19
1900-01-01 11:45:34.822,0.645835,0.991881,1.091595,2001.638709,0.200122,0.034252,0.035313,0,0.0,19
1900-01-01 11:45:35.172,0.648285,0.99181,1.093726,2002.087355,0.198645,0.027489,0.030007,0,0.0,19
1900-01-01 11:45:35.522,0.64863,0.994855,1.096299,1999.285411,0.193562,0.042529,0.044346,0,0.0,19
1900-01-01 11:45:35.871,0.64726,0.993153,1.096265,1998.566784,0.194386,0.046793,0.046782,0,0.0,19
1900-01-01 11:45:36.222,0.65122,0.996563,1.098217,1998.038798,0.19785,0.028981,0.028172,0,0.0,19
1900-01-01 11:45:36.572,0.64956,0.99724,1.097296,1999.25847,0.196539,0.026696,0.028435,0,0.0,19
1900-01-01 11:45:36.922,0.65052,0.996205,1.097322,2001.050097,0.200045,0.030497,0.032706,0,0.0,19
1900-01-01 11:45:37.271,0.649998,0.99726,1.099055,2002.173815,0.195041,0.026232,0.025804,0,0.0,19
1900-01-01 11:45:37.622,0.649813,0.995949,1.098453,2002.686444,0.200558,0.027378,0.026866,0,0.0,19
1900-01-01 11:45:37.972,0.646995,0.99394,1.094907,2003.380559,0.193472,0.024479,0.026302,0,0.0,19
1900-01-01 11:45:38.321,0.647877,0.994537,1.096107,2002.362948,0.192732,0.025831,0.027145,0,0.0,19
1900-01-01 11:45:38.671,0.64752,0.99394,1.093201,2002.060413,0.191509,0.026333,0.02799,0,0.0,19
1900-01-01 11:45:39.022,0.650846,0.998448,1.097667,2001.477519,0.191533,0.026152,0.028441,0,0.0,19
1900-01-01 11:45:39.372,0.65031,0.997045,1.099764,2000.551674,0.200157,0.029178,0.032945,0,0.0,19
1900-01-01 11:45:39.721,0.649893,0.995124,1.096054,2001.390265,0.197222,0.033057,0.0296,0,0.0,19
1900-01-01 11:45:40.071,0.653311,1.002071,1.101969,2002.006529,0.19565,0.025295,0.025197,0,0.0,19
1900-01-01 11:45:40.422,0.650008,0.99592,1.096359,2002.981959,0.19112,0.025192,0.025272,0,0.0,19
1900-01-01 11:45:40.770,0.651373,0.997672,1.099293,2003.95431,0.191678,0.028225,0.026727,0,0.0,19
1900-01-01 11:45:41.121,0.649918,0.998163,1.097249,2004.244614,0.195181,0.030269,0.032937,0,0.0,19
1900-01-01 11:45:41.471,0.649455,0.99628,1.099029,2004.606409,0.195527,0.031795,0.03213,0,0.0,19
1900-01-01 11:45:41.822,0.651519,0.999495,1.102614,2004.96997,0.196397,0.027754,0.026504,0,0.0,19
1900-01-01 11:45:42.172,0.649725,1.000331,1.10189,2005.07789,0.201195,0.021818,0.023644,0,0.0,19
1900-01-01 11:45:42.521,0.649321,0.996342,1.099029,2006.132093,0.204148,0.029193,0.029628,0,0.0,19
1900-01-01 11:45:42.871,0.647385,0.994165,1.093962,2007.260173,0.202282,0.025965,0.026087,0,0.0,19
1900-01-01 11:45:43.222,0.649365,0.995217,1.095861,2005.66846,0.191788,0.026709,0.025353,0,0.0,19
1900-01-01 11:45:43.572,0.649005,0.995455,1.097296,2001.831408,0.197236,0.027357,0.03048,0,0.0,19
1900-01-01 11:45:43.922,0.65055,0.997285,1.097244,2001.036626,0.192302,0.028041,0.028408,0,0.0,19
1900-01-01 11:45:44.271,0.651698,0.999727,1.101556,2001.430794,0.202566,0.02444,0.02754,0,0.0,19
1900-01-01 11:45:44.622,0.650098,0.998657,1.099395,2002.162577,0.19256,0.029081,0.028434,0,0.0,19
1900-01-01 11:45:45.023,0.648957,0.995942,1.09749,2003.117323,0.196747,0.029475,0.028638,0,0.0,19
1900-01-01 11:45:45.370,0.649034,0.996482,1.098499,2003.027599,0.192825,0.02569,0.02729,0,0.0,19
1900-01-01 11:45:45.721,0.646971,0.994259,1.093872,2002.055117,0.200107,0.029483,0.031966,0,0.0,19
1900-01-01 11:45:46.071,0.648885,0.99565,1.096955,2001.346456,0.195422,0.029348,0.029711,0,0.0,19
1900-01-01 11:45:46.422,0.648856,0.994214,1.094186,2000.967084,0.194858,0.024836,0.026969,0,0.0,19
1900-01-01 11:45:46.770,0.649699,0.996857,1.096706,2001.000781,0.200225,0.029427,0.029087,0,0.0,19
1900-01-01 11:45:47.121,0.648632,0.996204,1.097641,2000.282026,0.202192,0.031406,0.030442,0,0.0,19
1900-01-01 11:45:47.471,0.651451,0.9982,1.097979,2000.94233,0.201275,0.030819,0.029983,0,0.0,19
1900-01-01 11:45:47.822,0.648363,0.995052,1.097537,2002.028252,0.212603,0.030363,0.031865,0,0.0,19
1900-01-01 11:45:48.170,0.651132,0.999256,1.098606,2001.827227,0.193073,0.02694,0.029006,0,0.0,19
1900-01-01 11:45:48.521,0.651025,0.997715,1.098845,2002.431227,0.206338,0.029905,0.031698,0,0.0,19
1900-01-01 11:45:48.871,0.64734,0.9931,1.094776,2003.043787,0.198249,0.038922,0.039119,0,0.0,19
1900-01-01 11:45:49.222,0.651564,1.000781,1.098557,2003.519259,0.197119,0.027007,0.027905,0,0.0,19
1900-01-01 11:45:49.570,0.649201,0.99743,1.098448,2003.249799,0.196121,0.037999,0.04243,0,0.0,19
1900-01-01 11:45:49.921,0.648168,0.994828,1.096097,2004.325209,0.193702,0.037337,0.039497,0,0.0,19
1900-01-01 11:45:50.271,0.64983,0.997525,1.09979,2004.067574,0.188197,0.032698,0.033348,0,0.0,19
1900-01-01 11:45:50.622,0.650861,0.997969,1.098976,2003.505827,0.198496,0.029463,0.030714,0,0.0,19
1900-01-01 11:45:50.970,0.648899,0.997491,1.099557,2003.182057,0.2041,0.030676,0.031207,0,0.0,19
1900-01-01 11:45:51.321,0.648931,0.996443,1.096751,2003.452097,0.198846,0.023139,0.023705,0,0.0,19
1900-01-01 11:45:51.724,0.64703,0.99297,1.096198,2003.769711,0.201778,0.028785,0.026554,0,0.0,19
1900-01-01 11:45:52.124,0.64939,0.998148,1.097463,2002.888872,0.195754,0.037777,0.040035,0,0.0,19
1900-01-01 11:45:52.524,0.649324,0.996599,1.097969,2001.533365,0.196785,0.026377,0.026835,0,0.0,19
1900-01-01 11:45:52.924,0.64914,0.998397,1.098543,2002.275947,0.192329,0.026609,0.027607,0,0.0,19
1900-01-01 11:45:53.271,0.648127,0.994621,1.098102,2003.000424,0.197783,0.033207,0.03419,0,0.0,19
1900-01-01 11:45:53.622,0.651549,0.999854,1.100704,2003.344637,0.20424,0.032376,0.033674,0,0.0,19
1900-01-01 11:45:53.970,0.646364,0.991682,1.093854,2003.656248,0.19369,0.028077,0.030923,0,0.0,19
1900-01-01 11:45:54.321,0.645087,0.991896,1.093349,2003.237177,0.205694,0.027849,0.028124,0,0.0,19
1900-01-01 11:45:54.719,0.648916,0.996129,1.09741,2001.883599,0.200158,0.029655,0.029994,0,0.0,19
1900-01-01 11:45:55.122,0.651485,0.99856,1.099139,2000.049341,0.197492,0.034652,0.034311,0,0.0,19
1900-01-01 11:45:55.522,0.647972,0.994735,1.09496,2000.778995,0.19707,0.037102,0.037701,0,0.0,19
1900-01-01 11:45:55.922,0.647447,0.992753,1.093766,2001.780892,0.186874,0.02673,0.02791,0,0.0,19
1900-01-01 11:45:56.270,0.648507,0.995454,1.097392,2000.634977,0.197871,0.026614,0.024651,0,0.0,19
1900-01-01 11:45:56.620,0.64776,0.99376,1.095957,2000.699854,0.195751,0.029109,0.028909,0,0.0,19
1900-01-01 11:45:56.970,0.649035,0.99703,1.097847,2000.861504,0.189536,0.034708,0.0383,0,0.0,19
1900-01-01 11:45:57.374,0.6471,0.993471,1.09425,2001.193408,0.199873,0.032431,0.03365,0,0.0,19
1900-01-01 11:45:57.774,0.648852,0.996035,1.095236,2001.545152,0.206186,0.031334,0.032573,0,0.0,19
1900-01-01 11:45:58.169,0.647705,0.993779,1.09335,2000.177559,0.195393,0.030713,0.029117,0,0.0,19
1900-01-01 11:45:58.572,0.648437,0.997022,1.098432,2000.201431,0.200643,0.027538,0.028002,0,0.0,19
1900-01-01 11:45:58.921,0.646944,0.994086,1.096501,2000.24196,0.20157,0.035729,0.038852,0,0.0,19
1900-01-01 11:45:59.270,0.650705,0.997245,1.098476,2002.808761,0.195916,0.032536,0.033704,0,0.0,19
1900-01-01 11:45:59.620,0.648135,0.995335,1.094986,2004.134929,0.205629,0.030427,0.033347,0,0.0,19
1900-01-01 11:46:00.023,0.650626,0.997752,1.098341,2004.015395,0.195747,0.032689,0.034781,0,0.0,19
1900-01-01 11:46:00.423,0.650676,0.998135,1.099416,2003.796473,0.19493,0.035291,0.035823,0,0.0,19
1900-01-01 11:46:00.823,0.649075,0.995746,1.096223,2003.690389,0.200251,0.037714,0.040967,0,0.0,19
1900-01-01 11:46:01.223,0.648432,0.996573,1.09767,2003.466436,0.197454,0.025314,0.026818,0,0.0,19
1900-01-01 11:46:01.623,0.649114,0.996258,1.096246,2003.159974,0.200803,0.026939,0.02808,0,0.0,19
1900-01-01 11:46:02.023,0.647552,0.993514,1.094753,2003.690389,0.197329,0.025367,0.025228,0,0.0,19
1900-01-01 11:46:02.423,0.649534,0.995444,1.097096,2003.92613,0.19754,0.036504,0.035883,0,0.0,19
1900-01-01 11:46:02.823,0.647683,0.992806,1.093789,2002.994955,0.192802,0.029071,0.02918,0,0.0,19
1900-01-01 11:46:03.223,0.648878,0.994315,1.096728,2002.158077,0.189848,0.028625,0.028837,0,0.0,19
1900-01-01 11:46:03.623,0.650309,0.998305,1.097463,2000.201431,0.201224,0.028403,0.030006,0,0.0,19
1900-01-01 11:46:04.023,0.648957,0.99547,1.096728,2000.92044,0.198801,0.026345,0.027151,0,0.0,19
1900-01-01 11:46:04.423,0.648838,0.995864,1.097257,2001.556939,0.188984,0.031715,0.032396,0,0.0,19
1900-01-01 11:46:04.823,0.64956,0.996691,1.097831,2001.47443,0.201616,0.025197,0.027155,0,0.0,19
1900-01-01 11:46:05.223,0.649442,0.997334,1.099439,2001.509791,0.198054,0.025655,0.025884,0,0.0,19
1900-01-01 11:46:05.623,0.651608,1.000301,1.103366,2001.627661,0.199373,0.026135,0.026652,0,0.0,19
1900-01-01 11:46:06.023,0.646555,0.992281,1.09225,2003.277844,0.196113,0.032813,0.033847,0,0.0,19
1900-01-01 11:46:06.423,0.650414,0.997229,1.096935,2003.702176,0.195122,0.041385,0.042873,0,0.0,19
1900-01-01 11:46:06.823,0.649455,0.99547,1.096591,2001.651235,0.197993,0.029999,0.030542,0,0.0,19
1900-01-01 11:46:07.223,0.645649,0.990115,1.09078,2001.804466,0.202665,0.027342,0.025682,0,0.0,19
1900-01-01 11:46:07.623,0.644874,0.992359,1.09287,2000.342876,0.199804,0.032015,0.033236,0,0.0,19
1900-01-01 11:46:08.023,0.649364,0.996665,1.099255,1999.399914,0.19254,0.027155,0.027169,0,0.0,19
1900-01-01 11:46:08.423,0.646961,0.993711,1.09372,1999.942117,0.195213,0.02428,0.025483,0,0.0,19
1900-01-01 11:46:08.823,0.649075,0.995693,1.097165,2001.521578,0.199565,0.02799,0.029312,0,0.0,19
1900-01-01 11:46:09.223,0.647224,0.993882,1.095052,2000.802569,0.188654,0.025237,0.026254,0,0.0,19
1900-01-01 11:46:09.623,0.648707,0.996743,1.098061,2000.826143,0.198371,0.024971,0.025671,0,0.0,19
1900-01-01 11:46:10.023,0.649652,0.998542,1.101276,1999.918543,0.199409,0.028198,0.027704,0,0.0,19
1900-01-01 11:46:10.423,0.648445,0.996665,1.09581,2002.558835,0.196274,0.033849,0.033992,0,0.0,19
1900-01-01 11:46:10.822,0.649285,0.998259,1.098818,2002.95469,0.195146,0.028814,0.029867,0,0.0,19
1900-01-01 11:46:11.223,0.650987,0.998456,1.100377,2003.669931,0.199224,0.032063,0.03273,0,0.0,19
1900-01-01 11:46:11.622,0.64893,0.997115,1.098427,2004.809891,0.1958,0.031323,0.031234,0,0.0,19
1900-01-01 11:46:12.018,0.646953,0.995402,1.096659,2005.725853,0.199168,0.031241,0.029521,0,0.0,19
1900-01-01 11:46:12.422,0.647828,0.995017,1.095,2004.92791,0.18672,0.031523,0.031142,0,0.0,19
1900-01-01 11:46:12.818,0.648756,0.996794,1.098701,2003.082703,0.196414,0.036233,0.036728,0,0.0,19
1900-01-01 11:46:13.222,0.646307,0.991729,1.092771,2002.558835,0.187197,0.026571,0.025169,0,0.0,19
1900-01-01 11:46:13.622,0.64515,0.99039,1.09117,2002.14629,0.195201,0.029546,0.029293,0,0.0,19
1900-01-01 11:46:14.018,0.645733,0.991146,1.094084,2000.761017,0.191563,0.028028,0.027599,0,0.0,19
1900-01-01 11:46:14.422,0.648634,0.994082,1.0955,1999.501212,0.194564,0.029382,0.028601,0,0.0,19
1900-01-01 11:46:14.822,0.643273,0.989695,1.091262,1999.25847,0.194713,0.026967,0.02944,0,0.0,19
1900-01-01 11:46:15.222,0.647473,0.994,1.095925,2000.036413,0.198534,0.030782,0.030486,0,0.0,19
1900-01-01 11:46:15.622,0.647631,0.995536,1.095075,1998.987368,0.206311,0.02996,0.031237,0,0.0,19
1900-01-01 11:46:16.022,0.646226,0.992136,1.094202,1999.72995,0.203199,0.028313,0.025699,0,0.0,19
1900-01-01 11:46:16.422,0.649022,0.995549,1.098084,2001.309411,0.194419,0.025736,0.025144,0,0.0,19
1900-01-01 11:46:16.822,0.646528,0.992674,1.093536,2000.448959,0.192754,0.030098,0.028426,0,0.0,19
1900-01-01 11:46:17.222,0.648235,0.993685,1.095603,2000.543255,0.202702,0.049256,0.050204,0,0.0,19
1900-01-01 11:46:17.622,0.647802,0.993488,1.093306,1999.859608,0.194284,0.02861,0.02937,0,0.0,19
1900-01-01 11:46:18.022,0.647775,0.994538,1.094455,1999.659228,0.199535,0.028265,0.028134,0,0.0,19
1900-01-01 11:46:18.422,0.648182,0.995995,1.096522,1999.647441,0.195202,0.024633,0.025992,0,0.0,19
1900-01-01 11:46:18.822,0.647802,0.99421,1.09473,2000.472533,0.203248,0.024601,0.026194,0,0.0,19
1900-01-01 11:46:19.222,0.645793,0.992766,1.093812,2001.332985,0.198873,0.024994,0.026571,0,0.0,19
1900-01-01 11:46:19.622,0.644205,0.990272,1.093054,2000.225005,0.203077,0.042326,0.046278,0,0.0,19
1900-01-01 11:46:20.022,0.648668,0.997163,1.098704,1999.777099,0.193255,0.030385,0.031239,0,0.0,19
1900-01-01 11:46:20.422,0.649915,0.998122,1.099714,2000.071774,0.19895,0.026621,0.026617,0,0.0,19
1900-01-01 11:46:20.822,0.647355,0.993081,1.095167,2000.708273,0.194199,0.029164,0.030089,0,0.0,19
1900-01-01 11:46:21.222,0.647893,0.994866,1.0962,2002.464539,0.194821,0.02767,0.029054,0,0.0,19
1900-01-01 11:46:21.622,0.649613,0.996337,1.097509,2001.816253,0.197961,0.031193,0.031889,0,0.0,19
1900-01-01 11:46:22.022,0.6483,0.993304,1.095006,2001.934123,0.190267,0.026825,0.027882,0,0.0,19
1900-01-01 11:46:22.422,0.6496,0.99614,1.097096,2001.344772,0.199492,0.037549,0.037358,0,0.0,19
1900-01-01 11:46:22.822,0.647552,0.994801,1.094891,2000.566829,0.186613,0.042735,0.042804,0,0.0,19
1900-01-01 11:46:23.222,0.648392,0.993291,1.095672,2000.437172,0.200783,0.034444,0.036623,0,0.0,19
1900-01-01 11:46:23.622,0.649009,0.996691,1.096751,2001.627661,0.202937,0.032191,0.032932,0,0.0,19
1900-01-01 11:46:24.022,0.647788,0.993344,1.094868,2001.250476,0.197705,0.030915,0.031281,0,0.0,19
1900-01-01 11:46:24.422,0.648537,0.995444,1.096981,2001.450855,0.189737,0.025564,0.02561,0,0.0,19
1900-01-01 11:46:24.822,0.648405,0.994709,1.095419,2000.944014,0.193925,0.030427,0.0312,0,0.0,19
1900-01-01 11:46:25.222,0.646778,0.992609,1.093903,2001.120819,0.198017,0.036387,0.03773,0,0.0,19
1900-01-01 11:46:25.622,0.647828,0.993777,1.095006,2000.507894,0.198161,0.034676,0.034168,0,0.0,19
1900-01-01 11:46:26.022,0.647303,0.995917,1.097165,2000.189644,0.195513,0.023656,0.024063,0,0.0,19
1900-01-01 11:46:26.422,0.648563,0.995746,1.096039,2000.342876,0.201966,0.028119,0.027673,0,0.0,19
1900-01-01 11:46:26.822,0.648615,0.996678,1.098175,2000.72006,0.204231,0.041159,0.041936,0,0.0,19
1900-01-01 11:46:27.222,0.648261,0.994696,1.095259,2002.004845,0.199566,0.032473,0.031756,0,0.0,19
1900-01-01 11:46:27.622,0.648327,0.996376,1.098382,2002.417391,0.196323,0.027074,0.027276,0,0.0,19
1900-01-01 11:46:28.022,0.647959,0.994053,1.094317,2001.215115,0.199212,0.029202,0.031205,0,0.0,19
1900-01-01 11:46:28.422,0.649587,0.997282,1.098221,2001.332985,0.199427,0.02878,0.028039,0,0.0,19
1900-01-01 11:46:28.822,0.650597,0.996442,1.09643,2001.509791,0.194128,0.027649,0.027626,0,0.0,19
1900-01-01 11:46:29.222,0.648353,0.992858,1.094937,2002.193438,0.199358,0.030468,0.028589,0,0.0,19
1900-01-01 11:46:29.718,0.650347,0.997501,1.098799,2002.083552,0.197373,0.034112,0.034793,0,0.0,19
1900-01-01 11:46:30.121,0.648098,0.994221,1.093713,2002.857167,0.19477,0.032607,0.032187,0,0.0,19
1900-01-01 11:46:30.521,0.64935,0.99572,1.09852,2003.324992,0.19594,0.024474,0.022921,0,0.0,19
1900-01-01 11:46:30.921,0.650952,1.000222,1.100036,2001.898762,0.197587,0.02689,0.027208,0,0.0,19
1900-01-01 11:46:31.321,0.647867,0.994013,1.095144,2003.030316,0.190131,0.034797,0.032858,0,0.0,19
1900-01-01 11:46:31.721,0.649705,0.997505,1.099163,2004.150083,0.196193,0.028115,0.029159,0,0.0,19
1900-01-01 11:46:32.121,0.647001,0.992779,1.092594,2004.880879,0.189674,0.026746,0.026489,0,0.0,19
1900-01-01 11:46:32.521,0.647487,0.994092,1.095511,2003.407501,0.191777,0.029148,0.02913,0,0.0,19
1900-01-01 11:46:32.921,0.647959,0.992688,1.094363,2002.051994,0.194066,0.030894,0.030527,0,0.0,19
1900-01-01 11:46:33.321,0.64767,0.994932,1.095925,2000.814356,0.195112,0.027761,0.027792,0,0.0,19
1900-01-01 11:46:33.721,0.650676,0.996547,1.098336,2000.507894,0.191928,0.037212,0.038549,0,0.0,19
1900-01-01 11:46:34.121,0.648169,0.995129,1.09666,2000.531468,0.198336,0.03142,0.031444,0,0.0,19
1900-01-01 11:46:34.521,0.64939,0.99778,1.095971,2001.179754,0.206308,0.033057,0.032897,0,0.0,19
1900-01-01 11:46:34.921,0.65191,0.998305,1.099714,2003.301418,0.19405,0.031715,0.033488,0,0.0,19
1900-01-01 11:46:35.321,0.650256,0.996192,1.096843,2004.16187,0.192089,0.030513,0.029445,0,0.0,19
1900-01-01 11:46:35.721,0.647224,0.992976,1.094271,2004.27974,0.195265,0.025434,0.027407,0,0.0,19
1900-01-01 11:46:36.121,0.648812,0.996402,1.097326,2003.006742,0.193764,0.025252,0.025198,0,0.0,19
1900-01-01 11:46:36.521,0.650492,0.996953,1.097578,2001.851614,0.194676,0.030393,0.030397,0,0.0,19
1900-01-01 11:46:36.921,0.651346,0.999566,1.100495,2002.323095,0.199362,0.027904,0.029397,0,0.0,19
1900-01-01 11:46:37.321,0.649022,0.996638,1.0979,2002.240586,0.196394,0.03211,0.033479,0,0.0,19
1900-01-01 11:46:37.721,0.648025,0.99488,1.095925,2004.562629,0.208057,0.025887,0.026835,0,0.0,19
1900-01-01 11:46:38.121,0.649377,0.99778,1.098658,2003.796473,0.191888,0.027664,0.028251,0,0.0,19
1900-01-01 11:46:38.617,0.64913,0.99478,1.096391,2004.250843,0.194572,0.031068,0.029717,0,0.0,19
1900-01-01 11:46:39.020,0.648437,0.994143,1.094922,2003.758011,0.198564,0.031783,0.032822,0,0.0,19
1900-01-01 11:46:39.521,0.648941,0.995942,1.09748,2003.278761,0.195129,0.034809,0.036982,0,0.0,19
1900-01-01 11:46:39.921,0.648458,0.995391,1.096315,2002.582409,0.191442,0.02991,0.029611,0,0.0,19
1900-01-01 11:46:40.369,0.646281,0.99193,1.094429,2002.821939,0.196013,0.032837,0.035286,0,0.0,19
1900-01-01 11:46:40.770,0.646731,0.992878,1.094855,2002.858655,0.196164,0.027239,0.028127,0,0.0,19
1900-01-01 11:46:41.170,0.650637,0.99698,1.097073,2000.861504,0.195976,0.027555,0.027075,0,0.0,19
1900-01-01 11:46:41.570,0.649495,0.997006,1.097946,2000.790782,0.197362,0.026343,0.0248,0,0.0,19
1900-01-01 11:46:41.970,0.647893,0.993856,1.095557,2002.14629,0.197741,0.027227,0.026173,0,0.0,19
1900-01-01 11:46:42.370,0.649062,0.994788,1.095925,2003.690389,0.198845,0.033881,0.036317,0,0.0,19
1900-01-01 11:46:42.770,0.649954,0.995838,1.09767,2001.769105,0.196875,0.030673,0.031759,0,0.0,19
1900-01-01 11:46:43.170,0.646843,0.992333,1.093789,2001.886975,0.198728,0.026797,0.026486,0,0.0,19
1900-01-01 11:46:43.570,0.647631,0.992543,1.093237,2001.615874,0.202355,0.02984,0.031332,0,0.0,19
1900-01-01 11:46:43.970,0.647171,0.992989,1.09558,2000.059987,0.195208,0.023997,0.02509,0,0.0,19
1900-01-01 11:46:44.370,0.649324,0.995956,1.095741,1999.458849,0.189485,0.034686,0.035646,0,0.0,19
1900-01-01 11:46:44.770,0.648602,0.995483,1.096591,1999.505997,0.193772,0.027066,0.027339,0,0.0,19
1900-01-01 11:46:45.170,0.650138,0.995785,1.097004,2000.213218,0.198788,0.028858,0.029876,0,0.0,19
1900-01-01 11:46:45.570,0.64998,0.996665,1.096315,2000.543255,0.198823,0.026441,0.024696,0,0.0,19
1900-01-01 11:46:45.970,0.649429,0.996323,1.096361,2002.617771,0.199076,0.023818,0.024108,0,0.0,19
1900-01-01 11:46:46.370,0.650125,0.99736,1.097716,2004.232592,0.191472,0.030522,0.030802,0,0.0,19
1900-01-01 11:46:46.770,0.64876,0.9953,1.095649,2004.267953,0.194568,0.029835,0.031868,0,0.0,19
1900-01-01 11:46:47.266,0.646812,0.992515,1.093872,2003.005602,0.197621,0.027032,0.027378,0,0.0,19
1900-01-01 11:46:47.718,0.647154,0.994449,1.096624,2001.786942,0.198803,0.029446,0.029199,0,0.0,19
1900-01-01 11:46:48.167,0.647866,0.993844,1.093723,2000.589957,0.199526,0.030024,0.030145,0,0.0,19
1900-01-01 11:46:48.570,0.648307,0.993648,1.095355,2001.394757,0.195308,0.031874,0.030698,0,0.0,19
1900-01-01 11:46:48.970,0.647762,0.996428,1.096338,2001.356559,0.200652,0.024293,0.028634,0,0.0,19
1900-01-01 11:46:49.418,0.648004,0.994602,1.094286,2002.369401,0.203113,0.027787,0.028554,0,0.0,19
1900-01-01 11:46:49.868,0.648405,0.994875,1.09594,2003.742776,0.194968,0.027117,0.027397,0,0.0,19
1900-01-01 11:46:50.270,0.647665,0.995119,1.095986,2002.124885,0.198369,0.025546,0.026095,0,0.0,19
1900-01-01 11:46:50.718,0.650594,0.998739,1.100315,2002.432546,0.201502,0.028702,0.032626,0,0.0,19
1900-01-01 11:46:51.167,0.650754,0.99609,1.097529,2002.543084,0.200677,0.025882,0.024205,0,0.0,19
1900-01-01 11:46:51.618,0.649909,0.99589,1.097943,2002.992681,0.192842,0.033303,0.032922,0,0.0,19
1900-01-01 11:46:52.020,0.648762,0.994936,1.095483,2003.227353,0.199664,0.0271,0.025769,0,0.0,19
1900-01-01 11:46:52.516,0.647044,0.993034,1.095131,2003.414345,0.201732,0.029591,0.029588,0,0.0,19
1900-01-01 11:46:52.967,0.649187,0.99639,1.097556,2002.794053,0.196389,0.027809,0.027458,0,0.0,19
1900-01-01 11:46:53.466,0.647331,0.994712,1.095302,2003.177713,0.194754,0.027173,0.028096,0,0.0,19
1900-01-01 11:46:53.918,0.646213,0.992242,1.094897,2002.871765,0.202388,0.032916,0.034916,0,0.0,19
1900-01-01 11:46:54.319,0.648669,0.995418,1.09481,2002.447138,0.197446,0.031549,0.031976,0,0.0,19
1900-01-01 11:46:54.719,0.647697,0.993108,1.091836,2001.627661,0.202308,0.027112,0.027777,0,0.0,19
1900-01-01 11:46:55.167,0.647347,0.994004,1.097095,2000.127762,0.197724,0.029778,0.028598,0,0.0,19
1900-01-01 11:46:55.618,0.650258,0.997426,1.098921,1999.793721,0.194083,0.025985,0.024261,0,0.0,19
1900-01-01 11:46:56.020,0.651374,0.999546,1.100259,2000.846492,0.198761,0.03163,0.032206,0,0.0,19
1900-01-01 11:46:56.420,0.64914,0.995759,1.096935,2002.26416,0.197085,0.027092,0.026442,0,0.0,19
1900-01-01 11:46:56.820,0.649744,0.994315,1.094822,2004.503694,0.198781,0.031997,0.0328,0,0.0,19
1900-01-01 11:46:57.268,0.648015,0.99636,1.098367,2004.589992,0.194145,0.02969,0.028534,0,0.0,19
1900-01-01 11:46:57.766,0.650574,0.997146,1.097342,2003.732804,0.197095,0.041377,0.042104,0,0.0,19
1900-01-01 11:46:58.217,0.648081,0.995028,1.096395,2003.996277,0.200176,0.038409,0.038912,0,0.0,19
1900-01-01 11:46:58.668,0.648302,0.994761,1.097189,2003.734924,0.196468,0.027052,0.027522,0,0.0,19
1900-01-01 11:46:59.118,0.64942,0.995085,1.095389,2002.171173,0.19016,0.033474,0.035207,0,0.0,19
1900-01-01 11:46:59.567,0.648638,0.995493,1.097079,2001.818537,0.19576,0.030197,0.030813,0,0.0,19
1900-01-01 11:47:00.017,0.647705,0.99533,1.096695,2001.039619,0.193805,0.025947,0.028964,0,0.0,19
1900-01-01 11:47:00.468,0.646474,0.991315,1.091404,2000.556871,0.19865,0.031035,0.033144,0,0.0,19
1900-01-01 11:47:00.918,0.648732,0.996812,1.096552,2000.002362,0.200883,0.030973,0.032109,0,0.0,19
1900-01-01 11:47:01.367,0.646404,0.99209,1.0936,2000.390444,0.192895,0.026689,0.027224,0,0.0,19
1900-01-01 11:47:01.817,0.645675,0.991713,1.093225,2000.400501,0.195862,0.035073,0.037523,0,0.0,19
1900-01-01 11:47:02.266,0.649351,0.996826,1.097979,2000.285437,0.197432,0.025391,0.025144,0,0.0,19
1900-01-01 11:47:02.718,0.64849,0.995773,1.096766,2000.117983,0.199942,0.025698,0.025654,0,0.0,19
1900-01-01 11:47:03.167,0.647082,0.992663,1.094624,2000.705464,0.203043,0.028873,0.031626,0,0.0,19
1900-01-01 11:47:03.617,0.648265,0.994502,1.095899,2000.99771,0.193054,0.026872,0.027549,0,0.0,19
1900-01-01 11:47:04.066,0.649748,0.998019,1.097693,2001.314504,0.194161,0.036213,0.038605,0,0.0,19
1900-01-01 11:47:04.566,0.647439,0.994557,1.095787,2002.756857,0.19443,0.035445,0.036394,0,0.0,19
1900-01-01 11:47:05.065,0.647604,0.994712,1.096885,2003.092676,0.19599,0.03389,0.034131,0,0.0,19
1900-01-01 11:47:05.569,0.648161,0.996545,1.097107,2003.063993,0.186574,0.028727,0.028577,0,0.0,19
1900-01-01 11:47:06.070,0.647296,0.992473,1.093281,2003.175243,0.198686,0.030019,0.029993,0,0.0,19
1900-01-01 11:47:06.566,0.646113,0.992272,1.093131,2002.98659,0.194609,0.026283,0.027224,0,0.0,19
1900-01-01 11:47:07.070,0.648859,0.995816,1.096687,2000.846911,0.199866,0.028339,0.02786,0,0.0,19
1900-01-01 11:47:07.566,0.647701,0.99513,1.095113,2001.161503,0.199542,0.028029,0.026584,0,0.0,19
1900-01-01 11:47:08.070,0.648463,0.996024,1.097416,2002.100451,0.193981,0.030554,0.03267,0,0.0,19
1900-01-01 11:47:08.518,0.647886,0.9937,1.095332,2001.47485,0.193014,0.028477,0.029481,0,0.0,19
1900-01-01 11:47:09.015,0.648718,0.996198,1.09647,2001.339816,0.198235,0.024657,0.025826,0,0.0,19
1900-01-01 11:47:09.466,0.64921,0.995692,1.098249,2000.682321,0.199339,0.0291,0.030066,0,0.0,19
1900-01-01 11:47:09.969,0.648076,0.995555,1.096591,2001.016915,0.200237,0.029698,0.029402,0,0.0,19
1900-01-01 11:47:10.465,0.649289,0.997056,1.096983,2002.634881,0.194379,0.030005,0.030514,0,0.0,19
1900-01-01 11:47:10.916,0.64836,0.996833,1.098187,2003.36903,0.204999,0.026726,0.028243,0,0.0,19
1900-01-01 11:47:11.367,0.647813,0.993969,1.094154,2004.96851,0.204145,0.047873,0.04938,0,0.0,19
1900-01-01 11:47:11.865,0.647179,0.994109,1.095479,2003.524519,0.195117,0.025836,0.025077,0,0.0,19
1900-01-01 11:47:12.316,0.648535,0.994761,1.096436,2001.800912,0.197795,0.028539,0.029315,0,0.0,19
1900-01-01 11:47:12.766,0.648102,0.994677,1.096552,2001.657783,0.202248,0.028004,0.027483,0,0.0,19
1900-01-01 11:47:13.217,0.647033,0.993713,1.095865,2002.88814,0.19288,0.027033,0.029567,0,0.0,19
1900-01-01 11:47:13.666,0.646965,0.993552,1.094951,2002.312069,0.204114,0.032262,0.033737,0,0.0,19
1900-01-01 11:47:14.169,0.649078,0.9964,1.098199,2001.410597,0.196464,0.03211,0.032839,0,0.0,19
1900-01-01 11:47:14.617,0.649926,0.997989,1.099248,2001.895816,0.201496,0.028665,0.02778,0,0.0,19
1900-01-01 11:47:15.066,0.649877,0.997154,1.09755,2002.984113,0.203835,0.028861,0.032208,0,0.0,19
1900-01-01 11:47:15.516,0.64921,0.996415,1.099656,2004.444759,0.199119,0.029725,0.027946,0,0.0,19
1900-01-01 11:47:15.966,0.649945,0.996544,1.098676,2005.419152,0.199884,0.034669,0.033376,0,0.0,19
1900-01-01 11:47:16.417,0.648395,0.994237,1.096069,2005.522579,0.199448,0.025878,0.02714,0,0.0,19
1900-01-01 11:47:16.866,0.647562,0.994055,1.096404,2004.664223,0.193228,0.033059,0.033303,0,0.0,19
1900-01-01 11:47:17.316,0.647507,0.994735,1.095185,2003.040794,0.203685,0.027594,0.028349,0,0.0,19
1900-01-01 11:47:17.767,0.647592,0.993783,1.095458,2002.208622,0.188818,0.030586,0.03215,0,0.0,19
1900-01-01 11:47:18.265,0.648329,0.995259,1.09618,2002.558835,0.204727,0.026865,0.027485,0,0.0,19
1900-01-01 11:47:18.764,0.649845,0.997195,1.098818,2002.299001,0.200767,0.032184,0.034631,0,0.0,19
1900-01-01 11:47:19.215,0.648814,0.995098,1.0956,2003.72447,0.1934,0.033632,0.032964,0,0.0,19
1900-01-01 11:47:19.666,0.64914,0.996344,1.09613,2004.414442,0.191034,0.026324,0.026903,0,0.0,19
1900-01-01 11:47:20.116,0.64865,0.995552,1.098124,2004.895285,0.197715,0.026437,0.027993,0,0.0,19
1900-01-01 11:47:20.566,0.649024,0.996637,1.097573,2004.392372,0.199129,0.028767,0.029993,0,0.0,19
1900-01-01 11:47:21.065,0.646478,0.993755,1.094455,2004.330432,0.192261,0.030323,0.031127,0,0.0,19
1900-01-01 11:47:21.516,0.648558,0.994563,1.094439,2003.964915,0.194494,0.029346,0.030003,0,0.0,19
1900-01-01 11:47:21.966,0.647484,0.993557,1.094531,2003.250341,0.199204,0.028196,0.028166,0,0.0,19
1900-01-01 11:47:22.415,0.648965,0.99609,1.09536,2002.532584,0.204554,0.028562,0.029752,0,0.0,19
1900-01-01 11:47:22.865,0.647857,0.994478,1.096512,2001.689215,0.208561,0.026848,0.028945,0,0.0,19
1900-01-01 11:47:23.316,0.64857,0.996763,1.097597,2001.82182,0.190175,0.028504,0.025939,0,0.0,19
1900-01-01 11:47:23.766,0.646095,0.992285,1.093163,2003.061748,0.191411,0.025967,0.026039,0,0.0,19
1900-01-01 11:47:24.268,0.647624,0.993317,1.094756,2002.267682,0.198798,0.029264,0.029628,0,0.0,19
1900-01-01 11:47:24.764,0.646558,0.993754,1.095187,2000.75276,0.2005,0.030243,0.031567,0,0.0,19
1900-01-01 11:47:25.268,0.648911,0.995889,1.097653,2000.444656,0.201362,0.028767,0.029683,0,0.0,19
1900-01-01 11:47:25.764,0.650389,0.998697,1.09891,2000.743254,0.200105,0.030492,0.030322,0,0.0,19
1900-01-01 11:47:26.215,0.646533,0.992653,1.094806,2002.720874,0.192499,0.028551,0.031705,0,0.0,19
1900-01-01 11:47:26.666,0.646684,0.994237,1.095234,2003.745378,0.204697,0.027114,0.028376,0,0.0,19
1900-01-01 11:47:27.116,0.649117,0.997092,1.097655,2003.522752,0.196872,0.026943,0.026744,0,0.0,19
1900-01-01 11:47:27.614,0.647011,0.993709,1.094077,2002.625108,0.191394,0.032749,0.032198,0,0.0,19
1900-01-01 11:47:28.065,0.647802,0.994155,1.096232,2002.313164,0.197465,0.029376,0.03047,0,0.0,19
1900-01-01 11:47:28.516,0.648046,0.996309,1.095865,2001.685916,0.201081,0.033237,0.034536,0,0.0,19
1900-01-01 11:47:28.966,0.647542,0.995564,1.09692,2002.38072,0.199886,0.03869,0.040113,0,0.0,19
1900-01-01 11:47:29.463,0.649447,0.99698,1.098078,2003.426853,0.194757,0.024803,0.02453,0,0.0,19
1900-01-01 11:47:29.967,0.64938,0.996295,1.096213,2003.756247,0.199233,0.028449,0.029014,0,0.0,19
1900-01-01 11:47:30.415,0.650312,0.997391,1.096664,2002.348353,0.199627,0.024502,0.027789,0,0.0,19
1900-01-01 11:47:30.865,0.649152,0.995634,1.095572,2002.632177,0.204451,0.02867,0.028717,0,0.0,19
1900-01-01 11:47:31.364,0.647941,0.995901,1.09718,2002.166722,0.196451,0.033866,0.035638,0,0.0,19
1900-01-01 11:47:31.815,0.648628,0.995482,1.096762,2003.389938,0.190267,0.034007,0.035463,0,0.0,19
1900-01-01 11:47:32.318,0.649516,0.998008,1.099057,2002.83535,0.203647,0.029691,0.028716,0,0.0,19
1900-01-01 11:47:32.817,0.647499,0.994281,1.095081,2002.780876,0.197622,0.027191,0.028388,0,0.0,19
1900-01-01 11:47:33.318,0.647275,0.993584,1.093281,2003.476388,0.198373,0.029005,0.030738,0,0.0,19
1900-01-01 11:47:33.814,0.647447,0.993489,1.095038,2002.055035,0.193561,0.028138,0.028774,0,0.0,19
1900-01-01 11:47:34.318,0.650599,0.999514,1.098164,2000.332398,0.197496,0.028213,0.027338,0,0.0,19
1900-01-01 11:47:34.814,0.646621,0.993182,1.094464,2001.579752,0.194216,0.028863,0.030754,0,0.0,19
1900-01-01 11:47:35.318,0.64963,0.995837,1.094591,2003.110767,0.198834,0.033596,0.035862,0,0.0,19
1900-01-01 11:47:35.814,0.648484,0.994749,1.097354,2001.769866,0.195722,0.038011,0.038921,0,0.0,19
1900-01-01 11:47:36.313,0.648898,0.996269,1.096406,2001.325804,0.197538,0.031698,0.0319,0,0.0,19
1900-01-01 11:47:36.817,0.650015,0.998066,1.099768,2002.474642,0.198009,0.026642,0.028127,0,0.0,19
1900-01-01 11:47:37.318,0.648019,0.995135,1.095977,2003.909285,0.193449,0.03144,0.031209,0,0.0,19
1900-01-01 11:47:37.814,0.64588,0.993203,1.093834,2004.003696,0.202392,0.032715,0.035943,0,0.0,19
1900-01-01 11:47:38.313,0.649593,0.996343,1.098781,2003.498963,0.196748,0.029503,0.030016,0,0.0,19
1900-01-01 11:47:38.817,0.648224,0.994836,1.096578,2002.78335,0.198807,0.031633,0.03347,0,0.0,19
1900-01-01 11:47:39.265,0.646457,0.992082,1.092727,2003.10609,0.191402,0.037962,0.041229,0,0.0,19
1900-01-01 11:47:39.762,0.648073,0.994666,1.094732,2001.358789,0.198154,0.027888,0.029496,0,0.0,19
1900-01-01 11:47:40.266,0.648026,0.994711,1.09625,2000.865621,0.200404,0.032708,0.033449,0,0.0,19
1900-01-01 11:47:40.767,0.646017,0.993626,1.093428,2000.737847,0.187394,0.027738,0.030511,0,0.0,19
1900-01-01 11:47:41.263,0.648145,0.99532,1.096854,2001.323099,0.196143,0.028725,0.029299,0,0.0,19
1900-01-01 11:47:41.762,0.649603,0.997111,1.097971,2001.86437,0.190978,0.030343,0.031569,0,0.0,19
1900-01-01 11:47:42.266,0.647734,0.994472,1.094226,2002.483997,0.196954,0.042322,0.045146,0,0.0,19
1900-01-01 11:47:42.762,0.646833,0.993627,1.094242,2002.387734,0.201574,0.026532,0.026186,0,0.0,19
1900-01-01 11:47:43.266,0.647536,0.99468,1.094773,2001.913356,0.200911,0.028507,0.031078,0,0.0,19
1900-01-01 11:47:43.767,0.645996,0.992557,1.092822,2002.921151,0.195166,0.027561,0.027618,0,0.0,19
1900-01-01 11:47:44.316,0.647792,0.994628,1.095622,2002.795005,0.196591,0.031562,0.033243,0,0.0,19
1900-01-01 11:47:44.814,0.648223,0.995195,1.095017,2003.164755,0.195695,0.04065,0.041535,0,0.0,19
1900-01-01 11:47:45.313,0.647636,0.994575,1.095449,2002.365141,0.191812,0.029536,0.031081,0,0.0,19
1900-01-01 11:47:45.764,0.648407,0.995715,1.097189,2001.989086,0.197766,0.033347,0.035027,0,0.0,19
1900-01-01 11:47:46.214,0.647892,0.993918,1.095144,2001.940672,0.201767,0.029316,0.030494,0,0.0,19
1900-01-01 11:47:46.665,0.646207,0.99334,1.095641,2002.313164,0.207028,0.033129,0.033359,0,0.0,19
1900-01-01 11:47:47.162,0.64763,0.992701,1.093494,2002.9715,0.195939,0.029782,0.028843,0,0.0,19
1900-01-01 11:47:47.614,0.648722,0.996772,1.097701,2002.579697,0.196558,0.030923,0.034882,0,0.0,19
1900-01-01 11:47:48.113,0.649309,0.997101,1.096351,2001.750988,0.204783,0.029035,0.030058,0,0.0,19
1900-01-01 11:47:48.617,0.646109,0.993618,1.094172,2003.821731,0.19288,0.031992,0.034048,0,0.0,19
1900-01-01 11:47:49.065,0.649386,0.996993,1.098223,2003.506007,0.201615,0.02509,0.0263,0,0.0,19
1900-01-01 11:47:49.514,0.649643,0.997388,1.099043,2003.047117,0.195444,0.028304,0.028982,0,0.0,19
1900-01-01 11:47:49.964,0.647017,0.993603,1.093674,2004.381895,0.194778,0.035183,0.037446,0,0.0,19
1900-01-01 11:47:50.466,0.64685,0.992658,1.095214,2005.038336,0.196639,0.027689,0.028701,0,0.0,19
1900-01-01 11:47:50.962,0.64823,0.993637,1.095464,2002.54933,0.183726,0.02607,0.027244,0,0.0,19
1900-01-01 11:47:51.466,0.648182,0.994034,1.09594,2002.268837,0.191726,0.031993,0.032535,0,0.0,19
1900-01-01 11:47:51.962,0.647404,0.993129,1.093557,2001.769866,0.200206,0.027528,0.028176,0,0.0,19
1900-01-01 11:47:52.466,0.646692,0.994159,1.094773,2002.006904,0.196636,0.028035,0.03027,0,0.0,19
1900-01-01 11:47:52.962,0.648495,0.994982,1.095965,2001.40865,0.188943,0.031227,0.030723,0,0.0,19
1900-01-01 11:47:53.466,0.64764,0.994347,1.095083,2002.025613,0.197134,0.038447,0.03975,0,0.0,19
1900-01-01 11:47:53.962,0.648643,0.995797,1.098113,2003.290771,0.194643,0.030487,0.032483,0,0.0,19
1900-01-01 11:47:54.466,0.645744,0.992305,1.095466,2003.241734,0.19116,0.030913,0.03163,0,0.0,19
1900-01-01 11:47:54.962,0.649606,0.995543,1.096835,2003.366817,0.190763,0.033294,0.034788,0,0.0,19
1900-01-01 11:47:55.466,0.645973,0.991847,1.094536,2002.792705,0.198381,0.032257,0.033526,0,0.0,19
1900-01-01 11:47:55.962,0.648325,0.994399,1.095187,2003.27176,0.205396,0.030802,0.032321,0,0.0,19
1900-01-01 11:47:56.466,0.64889,0.995826,1.096614,2001.352069,0.205257,0.028174,0.028724,0,0.0,19
1900-01-01 11:47:56.962,0.646685,0.992685,1.093334,2002.70142,0.190463,0.036655,0.038936,0,0.0,19
1900-01-01 11:47:57.414,0.647816,0.99388,1.095953,2003.54978,0.190794,0.032088,0.031976,0,0.0,19
1900-01-01 11:47:57.916,0.64867,0.994791,1.095964,2002.408563,0.195986,0.027311,0.02771,0,0.0,19
1900-01-01 11:47:58.412,0.64714,0.993426,1.095816,2001.427662,0.196371,0.029129,0.030469,0,0.0,19
1900-01-01 11:47:58.863,0.643983,0.990872,1.092484,2001.236389,0.198197,0.027896,0.030822,0,0.0,19
1900-01-01 11:47:59.314,0.648349,0.996041,1.096436,2000.901857,0.194995,0.032534,0.034033,0,0.0,19
1900-01-01 11:47:59.865,0.647654,0.994222,1.096418,2001.296704,0.191592,0.029524,0.030861,0,0.0,19
1900-01-01 11:48:00.313,0.646878,0.993184,1.093793,2002.011581,0.199019,0.027875,0.028077,0,0.0,19
1900-01-01 11:48:00.865,0.64857,0.99665,1.098936,2001.94386,0.199528,0.032325,0.034718,0,0.0,19
1900-01-01 11:48:01.362,0.647587,0.99474,1.09549,2002.886121,0.198088,0.027198,0.028034,0,0.0,19
1900-01-01 11:48:01.862,0.647838,0.993034,1.093398,2004.642781,0.199478,0.033284,0.034387,0,0.0,19
1900-01-01 11:48:02.366,0.644546,0.990357,1.091984,2002.661738,0.197895,0.0359,0.040648,0,0.0,19
1900-01-01 11:48:02.862,0.648473,0.995776,1.098002,2000.305994,0.189664,0.032374,0.033008,0,0.0,19
1900-01-01 11:48:03.366,0.64739,0.995493,1.097526,2000.02369,0.198736,0.027059,0.027097,0,0.0,19
1900-01-01 11:48:03.862,0.64805,0.996696,1.097798,2001.940967,0.194399,0.029669,0.031835,0,0.0,19
1900-01-01 11:48:04.366,0.64788,0.994909,1.096523,2004.018181,0.198826,0.024766,0.024505,0,0.0,19
1900-01-01 11:48:04.862,0.646992,0.993171,1.094501,2003.661492,0.205146,0.029232,0.029602,0,0.0,19
1900-01-01 11:48:05.313,0.64921,0.995354,1.096334,2003.379484,0.193369,0.033095,0.03456,0,0.0,19
1900-01-01 11:48:05.865,0.648446,0.995357,1.097255,2003.951071,0.199385,0.036467,0.036562,0,0.0,19
1900-01-01 11:48:06.361,0.647987,0.99513,1.096946,2004.155787,0.190743,0.027573,0.02956,0,0.0,19
1900-01-01 11:48:06.812,0.647988,0.995797,1.094724,2004.268084,0.196156,0.028407,0.026739,0,0.0,19
1900-01-01 11:48:07.311,0.648162,0.995154,1.096793,2003.867455,0.202544,0.027677,0.027723,0,0.0,19
1900-01-01 11:48:07.815,0.647911,0.99593,1.097489,2004.158503,0.193762,0.029959,0.032204,0,0.0,19
1900-01-01 11:48:08.311,0.646145,0.994219,1.096335,2003.766055,0.197649,0.037721,0.040928,0,0.0,19
1900-01-01 11:48:08.815,0.649557,0.997524,1.099221,2004.280115,0.189092,0.036027,0.034915,0,0.0,19
1900-01-01 11:48:09.311,0.645033,0.991785,1.092056,2003.880122,0.197215,0.031705,0.032146,0,0.0,19
1900-01-01 11:48:09.815,0.649005,0.997097,1.099258,2003.438185,0.190048,0.030647,0.031308,0,0.0,19
1900-01-01 11:48:10.311,0.647531,0.995511,1.09565,2003.480885,0.195065,0.028753,0.029253,0,0.0,19
1900-01-01 11:48:10.815,0.646557,0.994388,1.094318,2003.718828,0.192358,0.025815,0.027315,0,0.0,19
1900-01-01 11:48:11.311,0.647912,0.993796,1.096854,2004.269855,0.201721,0.028798,0.028601,0,0.0,19
1900-01-01 11:48:11.815,0.649536,0.997045,1.098182,2003.316572,0.199748,0.031019,0.031828,0,0.0,19
1900-01-01 11:48:12.311,0.644377,0.992547,1.093946,2002.824994,0.193735,0.027721,0.028707,0,0.0,19
1900-01-01 11:48:12.815,0.648922,0.997482,1.097635,2004.0556,0.198106,0.026136,0.026076,0,0.0,19
1900-01-01 11:48:13.311,0.647881,0.995087,1.097094,2002.292677,0.191317,0.026575,0.029139,0,0.0,19
1900-01-01 11:48:13.815,0.647432,0.994222,1.095776,2002.970446,0.190494,0.030259,0.032456,0,0.0,19
1900-01-01 11:48:14.311,0.648717,0.996898,1.098521,2003.357311,0.202184,0.024217,0.025619,0,0.0,19
1900-01-01 11:48:14.810,0.646847,0.994155,1.094694,2003.687933,0.196946,0.026927,0.028119,0,0.0,19
1900-01-01 11:48:15.314,0.646505,0.993524,1.096359,2004.205276,0.194225,0.033226,0.032761,0,0.0,19
1900-01-01 11:48:15.810,0.646378,0.992928,1.094112,2003.899134,0.197032,0.028215,0.029474,0,0.0,19
1900-01-01 11:48:16.314,0.648276,0.996691,1.099039,2003.980762,0.195618,0.02508,0.026677,0,0.0,19
1900-01-01 11:48:16.815,0.645881,0.994475,1.095481,2002.723524,0.190111,0.037797,0.040898,0,0.0,19
1900-01-01 11:48:17.311,0.648526,0.99513,1.097558,2003.034119,0.19734,0.02862,0.030282,0,0.0,19
1900-01-01 11:48:17.810,0.64773,0.995954,1.097456,2002.75253,0.195116,0.030064,0.030751,0,0.0,19
1900-01-01 11:48:18.314,0.648703,0.99693,1.096323,2003.391411,0.198557,0.027415,0.027824,0,0.0,19
1900-01-01 11:48:18.815,0.649203,0.997577,1.097077,2004.624505,0.1897,0.031974,0.033212,0,0.0,19
1900-01-01 11:48:19.314,0.646363,0.992692,1.095375,2004.954034,0.199179,0.025402,0.025245,0,0.0,19
1900-01-01 11:48:19.815,0.648616,0.994339,1.095133,2004.624505,0.200156,0.029398,0.031444,0,0.0,19
1900-01-01 11:48:20.314,0.649382,0.995186,1.096848,2003.064331,0.194767,0.027023,0.02705,0,0.0,19
1900-01-01 11:48:20.810,0.648124,0.993976,1.095335,2003.357311,0.200759,0.028055,0.027878,0,0.0,19
1900-01-01 11:48:21.314,0.646182,0.992701,1.09357,2003.01722,0.191529,0.029299,0.029544,0,0.0,19
1900-01-01 11:48:21.810,0.644769,0.991404,1.09213,2001.551235,0.19655,0.031707,0.031679,0,0.0,19
1900-01-01 11:48:22.314,0.648317,0.99592,1.097508,2000.90304,0.193073,0.032053,0.032201,0,0.0,19
1900-01-01 11:48:22.810,0.648251,0.997257,1.096983,2001.323099,0.193887,0.031843,0.032673,0,0.0,19
1900-01-01 11:48:23.362,0.646782,0.994976,1.096955,2004.873533,0.195156,0.034969,0.037991,0,0.0,19
1900-01-01 11:48:23.865,0.648076,0.995273,1.096043,2004.925613,0.198612,0.028374,0.030904,0,0.0,19
1900-01-01 11:48:24.361,0.646949,0.993108,1.093168,2004.41244,0.199645,0.028179,0.027674,0,0.0,19
1900-01-01 11:48:24.860,0.646836,0.994228,1.095909,2003.565102,0.195347,0.026788,0.028138,0,0.0,19
1900-01-01 11:48:25.364,0.647046,0.993253,1.094737,2003.176251,0.192539,0.02558,0.025158,0,0.0,19
1900-01-01 11:48:25.860,0.646494,0.992621,1.095835,2003.442862,0.195752,0.035727,0.034537,0,0.0,19
1900-01-01 11:48:26.364,0.647974,0.995743,1.095721,2003.615925,0.192309,0.036983,0.038427,0,0.0,19
1900-01-01 11:48:26.860,0.646176,0.992568,1.094668,2003.918145,0.191972,0.03259,0.0321,0,0.0,19
1900-01-01 11:48:27.364,0.646026,0.991805,1.093315,2003.035929,0.1959,0.032893,0.032619,0,0.0,19
1900-01-01 11:48:27.913,0.646472,0.992792,1.093463,2001.807386,0.205736,0.03212,0.031902,0,0.0,19
1900-01-01 11:48:28.410,0.648749,0.995987,1.098485,2001.159571,0.200263,0.031141,0.031231,0,0.0,19
1900-01-01 11:48:28.910,0.648573,0.995817,1.097073,2001.163252,0.186829,0.027013,0.027089,0,0.0,19
1900-01-01 11:48:29.414,0.646953,0.993899,1.096031,2002.736576,0.198327,0.027069,0.028229,0,0.0,19
1900-01-01 11:48:29.914,0.647807,0.995596,1.096485,2003.294346,0.196884,0.036287,0.038009,0,0.0,19
1900-01-01 11:48:30.410,0.649543,0.996972,1.098836,2004.041719,0.198469,0.03256,0.033494,0,0.0,19
1900-01-01 11:48:30.914,0.646921,0.993722,1.096031,2004.570113,0.196481,0.028345,0.029006,0,0.0,19
1900-01-01 11:48:31.414,0.646463,0.994315,1.095419,2003.812974,0.196302,0.029897,0.030495,0,0.0,19
1900-01-01 11:48:31.910,0.645552,0.991626,1.093501,2002.786971,0.191349,0.034182,0.036484,0,0.0,19
1900-01-01 11:48:32.414,0.648599,0.994722,1.09625,2002.437223,0.1937,0.029659,0.0306,0,0.0,19
1900-01-01 11:48:32.910,0.648304,0.996898,1.099725,2001.427662,0.202964,0.028571,0.029665,0,0.0,19
1900-01-01 11:48:33.414,0.65064,0.999035,1.099513,2003.793666,0.202023,0.028888,0.029196,0,0.0,19
1900-01-01 11:48:33.910,0.647108,0.995299,1.096242,2005.534108,0.193011,0.027218,0.027944,0,0.0,19
1900-01-01 11:48:34.414,0.647817,0.99242,1.09419,2005.468172,0.196384,0.027624,0.026439,0,0.0,19
1900-01-01 11:48:34.910,0.648516,0.996019,1.098799,2003.509402,0.189802,0.030353,0.031864,0,0.0,19
1900-01-01 11:48:35.414,0.644713,0.991503,1.093151,2003.606571,0.195313,0.027749,0.028855,0,0.0,19
1900-01-01 11:48:35.962,0.649351,0.997031,1.099371,2002.696494,0.19535,0.028816,0.030328,0,0.0,19
1900-01-01 11:48:36.511,0.648767,0.996761,1.098132,2002.966765,0.200275,0.025652,0.02491,0,0.0,19
1900-01-01 11:48:37.062,0.648492,0.996176,1.097235,2003.615603,0.194918,0.030135,0.031873,0,0.0,19
1900-01-01 11:48:37.559,0.647999,0.99455,1.096581,2003.294042,0.197811,0.027808,0.027598,0,0.0,19
1900-01-01 11:48:38.111,0.646934,0.993474,1.094608,2004.46355,0.195576,0.031424,0.031393,0,0.0,19
1900-01-01 11:48:38.662,0.647435,0.995575,1.096851,2003.401682,0.197451,0.0337,0.034471,0,0.0,19
1900-01-01 11:48:39.159,0.64969,0.997973,1.100185,2002.060792,0.193756,0.027211,0.02654,0,0.0,19
1900-01-01 11:48:39.663,0.648828,0.998305,1.099914,2003.831085,0.194443,0.026387,0.026733,0,0.0,19
1900-01-01 11:48:40.159,0.646483,0.994357,1.094742,2006.180493,0.192099,0.029543,0.029714,0,0.0,19
1900-01-01 11:48:40.663,0.647255,0.995514,1.097344,2005.30914,0.193958,0.029493,0.030665,0,0.0,19
1900-01-01 11:48:41.164,0.644666,0.991824,1.093538,2003.165832,0.19481,0.026503,0.026078,0,0.0,19
1900-01-01 11:48:41.663,0.64611,0.993828,1.095836,2001.439187,0.204658,0.040505,0.042365,0,0.0,19
1900-01-01 11:48:42.159,0.645647,0.991457,1.092038,2001.028424,0.191743,0.028703,0.028833,0,0.0,19
1900-01-01 11:48:42.663,0.644348,0.989794,1.0912,2000.425946,0.200566,0.035175,0.037759,0,0.0,19
1900-01-01 11:48:43.159,0.646314,0.993796,1.095483,1999.716643,0.201356,0.028039,0.02921,0,0.0,19
1900-01-01 11:48:43.658,0.646342,0.994965,1.095504,2000.088049,0.189001,0.03002,0.03191,0,0.0,19
1900-01-01 11:48:44.162,0.647536,0.995816,1.09676,2001.754325,0.195952,0.028576,0.029481,0,0.0,19
1900-01-01 11:48:44.658,0.64841,0.996686,1.098187,2003.585447,0.18961,0.028962,0.028132,0,0.0,19
1900-01-01 11:48:45.162,0.647588,0.995211,1.097052,2005.645912,0.197687,0.026761,0.028484,0,0.0,19
1900-01-01 11:48:45.658,0.646208,0.992081,1.093371,2005.229926,0.18958,0.029829,0.030254,0,0.0,19
1900-01-01 11:48:46.162,0.64439,0.990149,1.091091,2004.121083,0.19826,0.029809,0.029721,0,0.0,19
1900-01-01 11:48:46.658,0.645891,0.99297,1.09565,2002.273666,0.18982,0.039632,0.03955,0,0.0,19
1900-01-01 11:48:47.162,0.646796,0.99468,1.096523,2002.259483,0.194871,0.028925,0.030972,0,0.0,19
1900-01-01 11:48:47.711,0.646625,0.992467,1.093932,2002.580305,0.188783,0.031448,0.034875,0,0.0,19
1900-01-01 11:48:48.262,0.648054,0.995804,1.097152,2002.794148,0.197087,0.035586,0.036328,0,0.0,19
1900-01-01 11:48:48.762,0.64535,0.991952,1.092645,2003.473508,0.193769,0.031479,0.033927,0,0.0,19
1900-01-01 11:48:49.311,0.646539,0.994198,1.097245,2003.035469,0.197929,0.036429,0.037286,0,0.0,19
1900-01-01 11:48:49.860,0.647266,0.99502,1.095689,2003.018293,0.193344,0.029836,0.029985,0,0.0,19
1900-01-01 11:48:50.410,0.644911,0.992559,1.09521,2004.187587,0.18902,0.030875,0.031647,0,0.0,19
1900-01-01 11:48:50.961,0.643852,0.99003,1.090332,2003.358898,0.189267,0.033049,0.034604,0,0.0,19
1900-01-01 11:48:51.458,0.64558,0.992014,1.094362,2002.051306,0.193053,0.032374,0.034874,0,0.0,19
1900-01-01 11:48:51.962,0.64764,0.994222,1.096268,2000.753363,0.200219,0.037447,0.03693,0,0.0,19
1900-01-01 11:48:52.511,0.645908,0.992802,1.095036,2000.862707,0.19592,0.031483,0.032933,0,0.0,19
1900-01-01 11:48:53.062,0.647797,0.995061,1.097135,2001.510625,0.195197,0.026478,0.028167,0,0.0,19
1900-01-01 11:48:53.562,0.645266,0.992299,1.094684,2002.417391,0.193702,0.031808,0.031878,0,0.0,19
1900-01-01 11:48:54.111,0.647935,0.994839,1.095689,2003.387577,0.194218,0.03502,0.035576,0,0.0,19
1900-01-01 11:48:54.609,0.64778,0.99354,1.095386,2003.316234,0.190731,0.025564,0.023787,0,0.0,19
1900-01-01 11:48:55.161,0.648075,0.995538,1.097305,2003.822951,0.19992,0.02834,0.030131,0,0.0,19
1900-01-01 11:48:55.658,0.647598,0.995025,1.095971,2003.493259,0.193953,0.026417,0.026236,0,0.0,19
1900-01-01 11:48:56.210,0.647352,0.994967,1.095507,2003.993777,0.188542,0.029989,0.029851,0,0.0,19
1900-01-01 11:48:56.761,0.648388,0.99548,1.098102,2003.684057,0.196178,0.028885,0.02888,0,0.0,19
1900-01-01 11:48:57.262,0.648564,0.996099,1.098214,2005.876141,0.195375,0.02997,0.030014,0,0.0,19
1900-01-01 11:48:57.762,0.646263,0.993832,1.095383,2005.87806,0.197738,0.027586,0.029168,0,0.0,19
1900-01-01 11:48:58.311,0.646539,0.994236,1.095555,2005.422931,0.193258,0.029941,0.030203,0,0.0,19
1900-01-01 11:48:58.862,0.648264,0.994575,1.095701,2003.384569,0.193113,0.030085,0.029134,0,0.0,19
1900-01-01 11:48:59.410,0.64411,0.990621,1.093118,2001.294097,0.19388,0.034813,0.036062,0,0.0,19
1900-01-01 11:48:59.961,0.64753,0.994518,1.095884,2000.654943,0.189909,0.037465,0.039638,0,0.0,19
1900-01-01 11:49:00.510,0.647323,0.994925,1.097881,2000.536363,0.200121,0.036525,0.038404,0,0.0,19
1900-01-01 11:49:01.060,0.647336,0.994172,1.095144,2003.553231,0.193862,0.033261,0.035782,0,0.0,19
1900-01-01 11:49:01.610,0.647059,0.994993,1.097282,2004.933384,0.200152,0.028094,0.028678,0,0.0,19
1900-01-01 11:49:02.108,0.644607,0.99004,1.090645,2004.660617,0.196517,0.029755,0.030102,0,0.0,19
1900-01-01 11:49:02.660,0.645726,0.992446,1.093793,2002.669873,0.198144,0.028192,0.028751,0,0.0,19
1900-01-01 11:49:03.258,0.647016,0.994249,1.096068,2000.769101,0.192503,0.028247,0.028079,0,0.0,19
1900-01-01 11:49:03.858,0.648773,0.995033,1.094991,2001.435139,0.194741,0.029191,0.02902,0,0.0,19
1900-01-01 11:49:04.458,0.644371,0.991524,1.093214,2002.991026,0.194742,0.029707,0.031753,0,0.0,19
1900-01-01 11:49:05.010,0.647257,0.995119,1.097105,2002.644249,0.192314,0.026325,0.026866,0,0.0,19
1900-01-01 11:49:05.561,0.646958,0.99406,1.095618,2003.530035,0.196896,0.02463,0.026646,0,0.0,19
1900-01-01 11:49:06.159,0.647358,0.995136,1.096498,2004.183,0.202706,0.031599,0.032148,0,0.0,19
1900-01-01 11:49:06.711,0.646097,0.992228,1.094192,2003.643583,0.191898,0.030891,0.032129,0,0.0,19
1900-01-01 11:49:07.260,0.645172,0.992123,1.09353,2002.43431,0.195343,0.032765,0.034827,0,0.0,19
1900-01-01 11:49:07.810,0.646515,0.994029,1.093707,2002.524546,0.196957,0.030801,0.031367,0,0.0,19
1900-01-01 11:49:08.359,0.644244,0.990315,1.091405,2002.520189,0.194183,0.031324,0.032662,0,0.0,19
1900-01-01 11:49:08.862,0.644506,0.990837,1.094162,2001.823025,0.187667,0.028967,0.028159,0,0.0,19
1900-01-01 11:49:09.410,0.645212,0.992672,1.09404,2001.242475,0.191674,0.027783,0.027989,0,0.0,19
1900-01-01 11:49:09.959,0.644416,0.990927,1.09271,2001.146111,0.193789,0.030659,0.033331,0,0.0,19
1900-01-01 11:49:10.510,0.645386,0.991745,1.094417,2000.381125,0.194015,0.036111,0.038584,0,0.0,19
1900-01-01 11:49:11.060,0.646544,0.994888,1.094626,1999.498496,0.190811,0.035423,0.035284,0,0.0,19
1900-01-01 11:49:11.610,0.645494,0.992282,1.093356,2002.893158,0.199248,0.032001,0.032736,0,0.0,19
1900-01-01 11:49:12.111,0.644152,0.990482,1.093886,2002.770578,0.194019,0.027049,0.025965,0,0.0,19
1900-01-01 11:49:12.660,0.646223,0.993538,1.094702,2000.802591,0.198907,0.026763,0.027705,0,0.0,19
1900-01-01 11:49:13.209,0.646377,0.992381,1.094032,2001.730094,0.191489,0.029452,0.028926,0,0.0,19
1900-01-01 11:49:13.759,0.645551,0.992358,1.094158,2001.761604,0.199437,0.032759,0.033423,0,0.0,19
1900-01-01 11:49:14.257,0.646304,0.993941,1.095719,2001.649957,0.195573,0.031314,0.031373,0,0.0,19
1900-01-01 11:49:14.809,0.646125,0.993806,1.094791,2001.542418,0.186944,0.030964,0.033377,0,0.0,19
1900-01-01 11:49:15.359,0.647012,0.996186,1.09643,2002.198796,0.196395,0.031673,0.031365,0,0.0,19
1900-01-01 11:49:15.910,0.646387,0.994642,1.096935,2004.56541,0.193439,0.032779,0.034653,0,0.0,19
1900-01-01 11:49:16.508,0.647147,0.995531,1.094547,2005.972735,0.196477,0.033197,0.034496,0,0.0,19
1900-01-01 11:49:17.060,0.646201,0.99374,1.094825,2004.027942,0.196038,0.036622,0.038118,0,0.0,19
1900-01-01 11:49:17.609,0.644502,0.992256,1.09435,2003.713921,0.192043,0.029546,0.029142,0,0.0,19
1900-01-01 11:49:18.159,0.645236,0.99127,1.091135,2001.590157,0.200192,0.027271,0.028703,0,0.0,19
1900-01-01 11:49:18.710,0.646463,0.99163,1.091616,2000.569375,0.194349,0.036971,0.037721,0,0.0,19
1900-01-01 11:49:19.207,0.645929,0.993071,1.093771,2000.277324,0.193204,0.028858,0.029814,0,0.0,19
1900-01-01 11:49:19.759,0.645345,0.992361,1.093227,2000.32101,0.189017,0.032765,0.031854,0,0.0,19
1900-01-01 11:49:20.308,0.644636,0.989875,1.091254,2001.481042,0.19604,0.027757,0.02927,0,0.0,19
1900-01-01 11:49:20.858,0.645226,0.993408,1.093874,2000.724346,0.18956,0.029763,0.030327,0,0.0,19
1900-01-01 11:49:21.409,0.645948,0.993632,1.093567,2000.808966,0.199914,0.029133,0.027144,0,0.0,19
1900-01-01 11:49:21.959,0.64536,0.992205,1.095027,2001.538722,0.19277,0.028531,0.028679,0,0.0,19
1900-01-01 11:49:22.510,0.64572,0.992707,1.091899,2001.322375,0.192329,0.028223,0.028238,0,0.0,19
1900-01-01 11:49:23.058,0.646927,0.995287,1.095079,2002.266311,0.198473,0.034257,0.036198,0,0.0,19
1900-01-01 11:49:23.609,0.644824,0.993203,1.094617,2001.690318,0.19884,0.030607,0.033319,0,0.0,19
1900-01-01 11:49:24.159,0.645732,0.994926,1.095645,2002.876013,0.19208,0.032575,0.032785,0,0.0,19
1900-01-01 11:49:24.657,0.649699,0.997915,1.099224,2002.975405,0.196908,0.03001,0.030822,0,0.0,19
1900-01-01 11:49:25.161,0.645213,0.992295,1.0947,2004.280115,0.204367,0.032851,0.033807,0,0.0,19
1900-01-01 11:49:25.710,0.646434,0.994829,1.094451,2003.937208,0.193498,0.028253,0.028415,0,0.0,19
1900-01-01 11:49:26.258,0.644906,0.993601,1.095465,2003.513842,0.190361,0.032306,0.033064,0,0.0,19
1900-01-01 11:49:26.809,0.64814,0.996319,1.097602,2003.769626,0.199123,0.028023,0.0278,0,0.0,19
1900-01-01 11:49:27.359,0.645446,0.993905,1.095678,2004.830516,0.193493,0.034432,0.033143,0,0.0,19
1900-01-01 11:49:27.958,0.646186,0.994926,1.095751,2004.113384,0.198593,0.033979,0.034646,0,0.0,19
1900-01-01 11:49:28.556,0.646471,0.993301,1.094655,2004.167232,0.195064,0.030412,0.031004,0,0.0,19
1900-01-01 11:49:29.108,0.647904,0.995899,1.096988,2004.702707,0.200531,0.028705,0.028902,0,0.0,19
1900-01-01 11:49:29.658,0.645713,0.994315,1.095595,2002.910303,0.19866,0.030543,0.033453,0,0.0,19
1900-01-01 11:49:30.257,0.647791,0.995689,1.095168,2003.798539,0.19455,0.04322,0.044673,0,0.0,19
1900-01-01 11:49:30.857,0.644363,0.991209,1.093475,2004.020426,0.191375,0.032769,0.034227,0,0.0,19
1900-01-01 11:49:31.409,0.647685,0.996137,1.096239,2001.901154,0.196801,0.027418,0.028285,0,0.0,19
1900-01-01 11:49:31.959,0.648816,0.994897,1.098601,2002.816007,0.20055,0.025517,0.026762,0,0.0,19
1900-01-01 11:49:32.508,0.647017,0.994753,1.093982,2003.147113,0.197164,0.027272,0.025986,0,0.0,19
1900-01-01 11:49:33.058,0.645742,0.992616,1.095327,2002.404533,0.193621,0.027052,0.026821,0,0.0,19
1900-01-01 11:49:33.609,0.647644,0.995013,1.093617,2002.494659,0.190529,0.027977,0.028131,0,0.0,19
1900-01-01 11:49:34.158,0.645956,0.994207,1.098082,2002.786417,0.196069,0.03048,0.030525,0,0.0,19
1900-01-01 11:49:34.708,0.647059,0.995136,1.096146,2004.01614,0.192793,0.026746,0.027235,0,0.0,19
1900-01-01 11:49:35.258,0.64684,0.994048,1.095578,2005.019108,0.198134,0.026805,0.028843,0,0.0,19
1900-01-01 11:49:35.807,0.644521,0.992209,1.094233,2004.409548,0.185967,0.030011,0.030873,0,0.0,19
1900-01-01 11:49:36.358,0.645567,0.992602,1.094234,2003.187762,0.187131,0.027803,0.027477,0,0.0,19
1900-01-01 11:49:36.908,0.644988,0.992425,1.09501,2002.198796,0.195696,0.03022,0.032521,0,0.0,19
1900-01-01 11:49:37.458,0.644701,0.991413,1.091402,2003.184619,0.194936,0.034702,0.034581,0,0.0,19
1900-01-01 11:49:38.009,0.64652,0.994394,1.096134,2002.768478,0.200774,0.027411,0.028983,0,0.0,19
1900-01-01 11:49:38.558,0.647036,0.995508,1.094902,2001.712918,0.199867,0.033537,0.035597,0,0.0,19
1900-01-01 11:49:39.108,0.645188,0.993866,1.094993,2003.124612,0.202227,0.030915,0.031507,0,0.0,19
1900-01-01 11:49:39.658,0.644577,0.992368,1.093072,2003.690389,0.194008,0.026667,0.027158,0,0.0,19
1900-01-01 11:49:40.260,0.645948,0.993509,1.094668,2001.767813,0.198331,0.035882,0.037268,0,0.0,19
1900-01-01 11:49:40.857,0.646256,0.993613,1.095309,2002.783914,0.198608,0.030915,0.032697,0,0.0,19
1900-01-01 11:49:41.455,0.645892,0.992739,1.09384,2003.441876,0.192575,0.029322,0.030442,0,0.0,19
1900-01-01 11:49:42.055,0.647189,0.995391,1.098344,2002.771002,0.202121,0.037483,0.038027,0,0.0,19
1900-01-01 11:49:42.607,0.643234,0.99003,1.09078,2003.148186,0.196149,0.031052,0.033257,0,0.0,19
1900-01-01 11:49:43.158,0.647196,0.994318,1.097185,2002.999512,0.196364,0.036569,0.035421,0,0.0,19
1900-01-01 11:49:43.708,0.643661,0.991003,1.091803,2001.427281,0.192365,0.029609,0.031953,0,0.0,19
1900-01-01 11:49:44.257,0.645085,0.991883,1.09338,2001.31787,0.193658,0.026365,0.028164,0,0.0,19
1900-01-01 11:49:44.807,0.64515,0.992902,1.094726,2002.155934,0.196576,0.031665,0.032771,0,0.0,19
1900-01-01 11:49:45.358,0.646167,0.993022,1.091466,2002.255068,0.190599,0.028626,0.029272,0,0.0,19
1900-01-01 11:49:45.908,0.646706,0.993704,1.095895,2001.521578,0.190349,0.032475,0.032741,0,0.0,19
1900-01-01 11:49:46.458,0.645761,0.993093,1.096647,2001.993058,0.197032,0.029944,0.030944,0,0.0,19
1900-01-01 11:49:47.007,0.645812,0.992343,1.093513,2003.069821,0.186547,0.029847,0.030195,0,0.0,19
1900-01-01 11:49:47.558,0.648473,0.9973,1.096718,2002.220841,0.19514,0.032858,0.034403,0,0.0,19
1900-01-01 11:49:48.108,0.645532,0.993055,1.09202,2004.590489,0.202578,0.024416,0.024822,0,0.0,19
1900-01-01 11:49:48.657,0.648337,0.995518,1.09686,2003.756861,0.183803,0.033529,0.032093,0,0.0,19
1900-01-01 11:49:49.207,0.646773,0.993924,1.096764,2003.673245,0.192086,0.032504,0.034032,0,0.0,19
1900-01-01 11:49:49.758,0.645491,0.991488,1.091632,2004.317262,0.200154,0.027444,0.028722,0,0.0,19
1900-01-01 11:49:50.308,0.645284,0.991843,1.091636,2002.953165,0.197566,0.030234,0.031134,0,0.0,19
1900-01-01 11:49:50.857,0.647142,0.995632,1.099521,2002.614657,0.198166,0.032611,0.032917,0,0.0,19
1900-01-01 11:49:51.407,0.646658,0.99442,1.096346,2002.618842,0.190042,0.032096,0.03367,0,0.0,19
1900-01-01 11:49:51.958,0.647196,0.993717,1.097368,2005.344081,0.195906,0.03377,0.035525,0,0.0,19
1900-01-01 11:49:52.559,0.647349,0.995357,1.096602,2005.167278,0.197923,0.036525,0.037458,0,0.0,19
1900-01-01 11:49:53.154,0.644975,0.99388,1.092131,2004.242696,0.184151,0.035244,0.038849,0,0.0,19
1900-01-01 11:49:53.706,0.645212,0.99218,1.095008,2003.242141,0.194505,0.030162,0.030455,0,0.0,19
1900-01-01 11:49:54.257,0.644709,0.992402,1.094584,2003.581376,0.191278,0.026755,0.027204,0,0.0,19
1900-01-01 11:49:54.807,0.645675,0.995241,1.099019,2002.858869,0.20074,0.035958,0.037593,0,0.0,19
1900-01-01 11:49:55.406,0.646265,0.994392,1.096916,2004.388874,0.191735,0.033506,0.034809,0,0.0,19
1900-01-01 11:49:56.006,0.64592,0.993956,1.097333,2005.26985,0.197497,0.031301,0.032114,0,0.0,19
1900-01-01 11:49:56.609,0.645527,0.992075,1.092009,2004.322002,0.19418,0.02874,0.029039,0,0.0,19
1900-01-01 11:49:57.258,0.645281,0.992169,1.091471,2002.286408,0.186036,0.027716,0.028238,0,0.0,19
1900-01-01 11:49:57.855,0.64688,0.995179,1.097109,2002.657554,0.193127,0.027482,0.027654,0,0.0,19
1900-01-01 11:49:58.455,0.645763,0.993808,1.096399,2003.96542,0.189466,0.026628,0.027996,0,0.0,19
1900-01-01 11:49:59.055,0.645229,0.993501,1.095879,2002.881014,0.192492,0.028434,0.028627,0,0.0,19
1900-01-01 11:49:59.607,0.644432,0.992656,1.096339,2002.968819,0.201149,0.026778,0.026612,0,0.0,19
1900-01-01 11:50:00.206,0.64403,0.989965,1.090214,2002.602127,0.194311,0.027109,0.027261,0,0.0,19
1900-01-01 11:50:00.804,0.644829,0.991571,1.090353,2001.376191,0.196982,0.027765,0.027971,0,0.0,19
1900-01-01 11:50:01.356,0.646991,0.995433,1.097871,2000.38934,0.185873,0.027143,0.028493,0,0.0,19
1900-01-01 11:50:01.954,0.645365,0.992168,1.094347,2002.495761,0.197069,0.029359,0.030238,0,0.0,19
1900-01-01 11:50:02.554,0.648449,0.997395,1.101054,2002.653132,0.191505,0.02907,0.030784,0,0.0,19
1900-01-01 11:50:03.154,0.644713,0.992539,1.09424,2004.91624,0.196315,0.028696,0.031535,0,0.0,19
1900-01-01 11:50:03.754,0.645789,0.99309,1.095925,2004.837659,0.186343,0.036001,0.035825,0,0.0,19
1900-01-01 11:50:04.354,0.647705,0.995138,1.096629,2002.849582,0.19578,0.034695,0.036732,0,0.0,19
1900-01-01 11:50:05.007,0.645233,0.992786,1.094964,2003.486635,0.196594,0.028911,0.028461,0,0.0,19
1900-01-01 11:50:05.556,0.645439,0.99371,1.096827,2004.263552,0.196066,0.031317,0.032591,0,0.0,19
1900-01-01 11:50:06.106,0.644902,0.992645,1.095595,2001.770177,0.200353,0.026459,0.027136,0,0.0,19
1900-01-01 11:50:06.705,0.645818,0.993445,1.095797,2001.334874,0.194025,0.026419,0.026722,0,0.0,19
1900-01-01 11:50:07.257,0.646934,0.996574,1.099052,2002.148852,0.203934,0.033805,0.032886,0,0.0,19
1900-01-01 11:50:07.806,0.643555,0.991147,1.092861,2003.902856,0.198899,0.03333,0.032585,0,0.0,19
1900-01-01 11:50:08.356,0.644281,0.991881,1.094676,2004.127581,0.193124,0.025823,0.026362,0,0.0,19
1900-01-01 11:50:08.906,0.647594,0.995575,1.09633,2003.244626,0.191487,0.031614,0.033112,0,0.0,19
1900-01-01 11:50:09.457,0.648426,0.997472,1.100019,2004.103342,0.188586,0.02922,0.031291,0,0.0,19
1900-01-01 11:50:10.007,0.644701,0.990344,1.093156,2006.176379,0.195114,0.030362,0.031655,0,0.0,19
1900-01-01 11:50:10.556,0.644703,0.992754,1.095622,2004.770244,0.1901,0.032956,0.034078,0,0.0,19
1900-01-01 11:50:11.153,0.645174,0.992804,1.095001,2003.012942,0.196701,0.030239,0.031502,0,0.0,19
1900-01-01 11:50:11.758,0.644914,0.993224,1.094356,2003.388798,0.196661,0.035314,0.036126,0,0.0,19
1900-01-01 11:50:12.354,0.645625,0.993575,1.094748,2002.598389,0.193616,0.029744,0.029736,0,0.0,19
1900-01-01 11:50:12.954,0.643076,0.988575,1.088483,2003.92613,0.195164,0.031623,0.03125,0,0.0,19
1900-01-01 11:50:13.554,0.644608,0.991436,1.089371,2002.77886,0.189418,0.029684,0.030703,0,0.0,19
1900-01-01 11:50:14.105,0.646015,0.992345,1.091566,2001.082784,0.194715,0.031255,0.032448,0,0.0,19
1900-01-01 11:50:14.655,0.643814,0.990516,1.093924,2001.881618,0.189878,0.031562,0.032196,0,0.0,19
1900-01-01 11:50:15.206,0.645586,0.994394,1.096601,2000.355454,0.197257,0.031062,0.032176,0,0.0,19
1900-01-01 11:50:15.756,0.6443,0.993017,1.092187,2000.441458,0.191252,0.032962,0.033864,0,0.0,19
1900-01-01 11:50:16.305,0.647056,0.995518,1.094902,2001.858914,0.188508,0.029372,0.031041,0,0.0,19
1900-01-01 11:50:16.855,0.642916,0.988702,1.087593,2003.244626,0.196592,0.032096,0.032166,0,0.0,19
1900-01-01 11:50:17.406,0.645996,0.99306,1.09345,2003.470137,0.187482,0.032177,0.032019,0,0.0,19
1900-01-01 11:50:18.004,0.645909,0.993942,1.094701,2003.347265,0.195813,0.027517,0.027627,0,0.0,19
1900-01-01 11:50:18.604,0.646253,0.99337,1.094057,2004.869092,0.199086,0.030786,0.029395,0,0.0,19
1900-01-01 11:50:19.156,0.644356,0.990344,1.090997,2004.395219,0.190385,0.026125,0.027638,0,0.0,19
1900-01-01 11:50:19.753,0.645007,0.994124,1.09731,2003.186687,0.188328,0.030675,0.030184,0,0.0,19
1900-01-01 11:50:20.353,0.645036,0.993213,1.096629,2004.499765,0.191442,0.028917,0.02994,0,0.0,19
1900-01-01 11:50:20.953,0.64529,0.993676,1.096522,2003.92613,0.19556,0.029123,0.029594,0,0.0,19
1900-01-01 11:50:21.553,0.645763,0.995278,1.098359,2002.841724,0.191604,0.030088,0.029196,0,0.0,19
1900-01-01 11:50:22.153,0.64501,0.994149,1.09692,2004.036142,0.196965,0.027874,0.029125,0,0.0,19
1900-01-01 11:50:22.753,0.646541,0.995286,1.098221,2004.884808,0.193995,0.033608,0.034845,0,0.0,19
1900-01-01 11:50:23.305,0.646705,0.99433,1.094825,2005.573921,0.189729,0.03451,0.035865,0,0.0,19
1900-01-01 11:50:23.903,0.645506,0.992695,1.091428,2004.175116,0.190097,0.027583,0.027339,0,0.0,19
1900-01-01 11:50:24.503,0.645885,0.994499,1.096996,2003.069606,0.199008,0.03059,0.030042,0,0.0,19
1900-01-01 11:50:25.103,0.644231,0.992898,1.09617,2004.295457,0.197906,0.032901,0.033999,0,0.0,19
1900-01-01 11:50:25.703,0.645203,0.993064,1.095006,2003.784686,0.189721,0.02893,0.029483,0,0.0,19
1900-01-01 11:50:26.303,0.645763,0.995426,1.098711,2001.812324,0.191794,0.030063,0.030609,0,0.0,19
1900-01-01 11:50:26.903,0.646856,0.994858,1.09594,2002.613842,0.192104,0.02572,0.02594,0,0.0,19
1900-01-01 11:50:27.503,0.646288,0.994114,1.093857,2006.118516,0.190294,0.032058,0.032748,0,0.0,19
1900-01-01 11:50:28.103,0.646069,0.993878,1.097609,2006.605713,0.190515,0.030561,0.030632,0,0.0,19
1900-01-01 11:50:28.703,0.645938,0.994376,1.096491,2006.912175,0.193949,0.034974,0.036903,0,0.0,19
1900-01-01 11:50:29.356,0.644831,0.992199,1.094514,2006.049815,0.186938,0.030449,0.032444,0,0.0,19
1900-01-01 11:50:29.953,0.645403,0.992127,1.093585,2005.129472,0.191293,0.029053,0.028798,0,0.0,19
1900-01-01 11:50:30.553,0.644476,0.992294,1.091392,2003.148186,0.186343,0.026146,0.026082,0,0.0,19
1900-01-01 11:50:31.153,0.643321,0.991489,1.094562,2003.195335,0.19486,0.031464,0.032372,0,0.0,19
1900-01-01 11:50:31.753,0.64473,0.991821,1.094592,2003.690389,0.192072,0.032513,0.033791,0,0.0,19
1900-01-01 11:50:32.353,0.643514,0.990412,1.093444,2002.315237,0.190498,0.035655,0.035846,0,0.0,19
1900-01-01 11:50:32.953,0.646165,0.993458,1.096445,2002.000916,0.193872,0.035916,0.037904,0,0.0,19
1900-01-01 11:50:33.553,0.644721,0.991795,1.089371,2002.613842,0.198619,0.026773,0.026467,0,0.0,19
1900-01-01 11:50:34.105,0.644461,0.991276,1.089299,2003.532546,0.189335,0.028572,0.030078,0,0.0,19
1900-01-01 11:50:34.702,0.643011,0.991204,1.093616,2001.773034,0.190048,0.032534,0.034835,0,0.0,19
1900-01-01 11:50:35.402,0.64659,0.994878,1.097926,2001.723641,0.19751,0.029069,0.030088,0,0.0,19
1900-01-01 11:50:36.055,0.643721,0.99055,1.093628,2003.053421,0.194789,0.028391,0.030384,0,0.0,19
1900-01-01 11:50:36.652,0.645262,0.99262,1.090985,2001.599289,0.188614,0.028845,0.031335,0,0.0,19
1900-01-01 11:50:37.252,0.645106,0.995085,1.095542,2002.912446,0.198172,0.027775,0.027754,0,0.0,19
1900-01-01 11:50:37.852,0.644144,0.991646,1.093337,2003.737538,0.191199,0.031015,0.031706,0,0.0,19
1900-01-01 11:50:38.505,0.645892,0.992303,1.095865,2002.952338,0.194187,0.032287,0.032636,0,0.0,19
1900-01-01 11:50:39.102,0.645025,0.99488,1.093632,2001.417646,0.200388,0.026146,0.028078,0,0.0,19
1900-01-01 11:50:39.654,0.646287,0.995062,1.096772,2003.746079,0.194195,0.026597,0.026539,0,0.0,19
1900-01-01 11:50:40.252,0.646155,0.994513,1.093487,2004.387992,0.190977,0.029422,0.029468,0,0.0,19
1900-01-01 11:50:40.852,0.644861,0.994035,1.095986,2005.010536,0.190233,0.028847,0.029896,0,0.0,19
1900-01-01 11:50:41.505,0.643617,0.991982,1.094078,2004.374723,0.189984,0.034091,0.036695,0,0.0,19
1900-01-01 11:50:42.102,0.646291,0.995399,1.095524,2003.589459,0.197709,0.033847,0.034044,0,0.0,19
1900-01-01 11:50:42.654,0.643757,0.991961,1.093826,2004.113356,0.192701,0.025074,0.025377,0,0.0,19
1900-01-01 11:50:43.252,0.645225,0.992686,1.093241,2004.608752,0.1961,0.027362,0.028484,0,0.0,19
1900-01-01 11:50:43.852,0.645185,0.994184,1.097165,2003.933988,0.191802,0.031766,0.03245,0,0.0,19
1900-01-01 11:50:44.505,0.645723,0.994024,1.094331,2003.515516,0.193461,0.026398,0.027276,0,0.0,19
1900-01-01 11:50:45.102,0.644523,0.993147,1.096278,2003.889564,0.193562,0.031388,0.033243,0,0.0,19
1900-01-01 11:50:45.702,0.644249,0.992723,1.093322,2004.08329,0.190788,0.033936,0.035024,0,0.0,19
1900-01-01 11:50:46.302,0.647583,0.997894,1.098987,2004.154012,0.190731,0.034509,0.035444,0,0.0,19
1900-01-01 11:50:46.902,0.645063,0.993755,1.093459,2004.303315,0.19942,0.03977,0.043131,0,0.0,19
1900-01-01 11:50:47.502,0.644748,0.992075,1.092709,2004.766937,0.184299,0.028082,0.028849,0,0.0,19
1900-01-01 11:50:48.102,0.64627,0.99491,1.096078,2004.256166,0.193202,0.026486,0.026832,0,0.0,19
1900-01-01 11:50:48.702,0.645763,0.992416,1.093521,2003.525371,0.191285,0.032009,0.032898,0,0.0,19
1900-01-01 11:50:49.302,0.645439,0.99449,1.096568,2003.706105,0.189982,0.031705,0.032668,0,0.0,19
1900-01-01 11:50:49.854,0.643376,0.99042,1.089499,2004.933322,0.186398,0.028563,0.029277,0,0.0,19
1900-01-01 11:50:50.404,0.643537,0.991108,1.094392,2003.604666,0.193925,0.03159,0.033218,0,0.0,19
1900-01-01 11:50:51.002,0.645058,0.991519,1.093364,2001.186968,0.192631,0.030696,0.031931,0,0.0,19
1900-01-01 11:50:51.602,0.645369,0.992723,1.096399,2001.285837,0.194182,0.027962,0.02887,0,0.0,19
1900-01-01 11:50:52.201,0.645853,0.994146,1.097008,2000.524148,0.191107,0.031614,0.033389,0,0.0,19
1900-01-01 11:50:52.801,0.644091,0.991611,1.092954,2002.582409,0.189646,0.030284,0.031408,0,0.0,19
1900-01-01 11:50:53.502,0.645995,0.992617,1.096263,2002.420956,0.191424,0.029944,0.030394,0,0.0,19
1900-01-01 11:50:54.202,0.646448,0.994308,1.095905,2001.353192,0.184405,0.027086,0.027851,0,0.0,19
1900-01-01 11:50:54.802,0.646323,0.99589,1.097716,2003.242483,0.189693,0.027816,0.027862,0,0.0,19
1900-01-01 11:50:55.401,0.644092,0.992288,1.093481,2005.514446,0.194103,0.030995,0.033364,0,0.0,19
1900-01-01 11:50:55.953,0.645678,0.994063,1.096256,2004.933322,0.192006,0.028398,0.029874,0,0.0,19
1900-01-01 11:50:56.551,0.644083,0.991633,1.094501,2002.464224,0.192099,0.029723,0.030473,0,0.0,19
1900-01-01 11:50:57.151,0.646323,0.993029,1.095879,2003.030316,0.190846,0.030439,0.030089,0,0.0,19
1900-01-01 11:50:57.751,0.643873,0.993125,1.09617,2001.898762,0.192234,0.033636,0.034729,0,0.0,19
1900-01-01 11:50:58.351,0.645308,0.993694,1.097027,2002.97531,0.194112,0.030569,0.030312,0,0.0,19
1900-01-01 11:50:58.951,0.645028,0.994901,1.096629,2004.138296,0.187785,0.027739,0.027884,0,0.0,19
1900-01-01 11:50:59.551,0.644993,0.994289,1.097517,2005.277708,0.19734,0.027431,0.028066,0,0.0,19
1900-01-01 11:51:00.151,0.644389,0.993248,1.094623,2005.592029,0.186793,0.029432,0.031486,0,0.0,19
1900-01-01 11:51:00.751,0.643654,0.992302,1.094026,2004.264024,0.189492,0.032562,0.03206,0,0.0,19
1900-01-01 11:51:01.354,0.645649,0.993599,1.098454,2003.305542,0.190354,0.029584,0.029615,0,0.0,19
1900-01-01 11:51:02.004,0.644447,0.992215,1.095737,2004.045813,0.195209,0.029064,0.029803,0,0.0,19
1900-01-01 11:51:02.654,0.643858,0.99278,1.094253,2004.241659,0.194,0.027986,0.028944,0,0.0,19
1900-01-01 11:51:03.303,0.645265,0.993002,1.094614,2004.371385,0.189155,0.027528,0.027857,0,0.0,19
1900-01-01 11:51:03.953,0.645732,0.993419,1.097024,2003.168134,0.197036,0.033583,0.035255,0,0.0,19
1900-01-01 11:51:04.554,0.642422,0.989486,1.092827,2003.904242,0.188886,0.026589,0.028218,0,0.0,19
1900-01-01 11:51:05.151,0.644638,0.991749,1.093555,2002.618067,0.193283,0.030551,0.033168,0,0.0,19
1900-01-01 11:51:05.804,0.644742,0.992368,1.095063,2002.367499,0.189281,0.034911,0.034958,0,0.0,19
1900-01-01 11:51:06.454,0.646741,0.99606,1.097645,2002.950527,0.190539,0.026352,0.027197,0,0.0,19
1900-01-01 11:51:07.103,0.646835,0.996182,1.097912,2004.952563,0.189928,0.028472,0.0281,0,0.0,19
1900-01-01 11:51:07.700,0.64732,0.996401,1.098879,2005.540142,0.186028,0.031535,0.031598,0,0.0,19
1900-01-01 11:51:08.353,0.645273,0.993421,1.095738,2007.443319,0.189015,0.027936,0.029271,0,0.0,19
1900-01-01 11:51:09.002,0.645492,0.992671,1.0946,2005.5628,0.186716,0.026872,0.027693,0,0.0,19
1900-01-01 11:51:09.601,0.641033,0.986968,1.091717,2003.672601,0.186148,0.030901,0.032032,0,0.0,19
1900-01-01 11:51:10.201,0.644424,0.99295,1.095006,2001.144393,0.196344,0.036292,0.039135,0,0.0,19
1900-01-01 11:51:10.801,0.64494,0.991436,1.093888,2002.228799,0.190182,0.0387,0.039624,0,0.0,19
1900-01-01 11:51:11.401,0.644861,0.993143,1.096598,2002.173793,0.19054,0.030618,0.031557,0,0.0,19
1900-01-01 11:51:12.001,0.644188,0.992416,1.094256,2003.894698,0.190688,0.032398,0.034568,0,0.0,19
1900-01-01 11:51:12.601,0.64585,0.994228,1.097502,2003.501797,0.194162,0.032039,0.033587,0,0.0,19
1900-01-01 11:51:13.201,0.64641,0.995006,1.097303,2004.696215,0.188025,0.030723,0.032464,0,0.0,19
1900-01-01 11:51:13.801,0.64613,0.993519,1.094409,2005.411294,0.190525,0.034572,0.036752,0,0.0,19
1900-01-01 11:51:14.452,0.645366,0.992454,1.094712,2004.8583,0.188222,0.030316,0.031004,0,0.0,19
1900-01-01 11:51:15.103,0.643116,0.989575,1.093597,2002.975274,0.187009,0.026995,0.02736,0,0.0,19
1900-01-01 11:51:15.753,0.644003,0.991997,1.094677,2001.434535,0.188025,0.030328,0.030413,0,0.0,19
1900-01-01 11:51:16.350,0.648753,0.997096,1.097925,2002.839197,0.188968,0.033419,0.033917,0,0.0,19
1900-01-01 11:51:16.950,0.643969,0.992206,1.09421,2004.986962,0.193356,0.030679,0.031606,0,0.0,19
1900-01-01 11:51:17.550,0.6448,0.994543,1.095572,2006.275676,0.190218,0.029843,0.030826,0,0.0,19
1900-01-01 11:51:18.202,0.644558,0.991501,1.094155,2005.928622,0.188023,0.031613,0.029905,0,0.0,19
1900-01-01 11:51:18.852,0.644779,0.991771,1.094536,2004.270674,0.196947,0.031825,0.033052,0,0.0,19
1900-01-01 11:51:19.503,0.645906,0.993938,1.09546,2002.707305,0.1887,0.024664,0.024451,0,0.0,19
1900-01-01 11:51:20.153,0.646459,0.994291,1.09643,2004.742154,0.18578,0.034086,0.035474,0,0.0,19
1900-01-01 11:51:20.802,0.647425,0.994475,1.095209,2005.671771,0.194604,0.032889,0.033752,0,0.0,19
1900-01-01 11:51:21.399,0.646704,0.994414,1.097833,2005.07419,0.195501,0.030767,0.031787,0,0.0,19
1900-01-01 11:51:21.999,0.646008,0.994569,1.095435,2004.232592,0.198043,0.027313,0.027833,0,0.0,19
1900-01-01 11:51:22.599,0.644931,0.992232,1.093995,2003.674673,0.188459,0.030878,0.031263,0,0.0,19
1900-01-01 11:51:23.252,0.645651,0.993389,1.095513,2003.436093,0.196067,0.034729,0.034182,0,0.0,19
1900-01-01 11:51:23.951,0.645715,0.992623,1.09477,2003.297421,0.185148,0.02937,0.030123,0,0.0,19
1900-01-01 11:51:24.602,0.645471,0.993825,1.096279,2003.069425,0.192382,0.029133,0.028957,0,0.0,19
1900-01-01 11:51:25.199,0.643591,0.990351,1.092801,2005.089985,0.192936,0.027367,0.027839,0,0.0,19
1900-01-01 11:51:25.799,0.646699,0.994858,1.09793,2003.918272,0.193478,0.033502,0.035128,0,0.0,19
1900-01-01 11:51:26.452,0.644059,0.992601,1.093642,2005.010103,0.197676,0.027814,0.028588,0,0.0,19
1900-01-01 11:51:27.102,0.647008,0.994549,1.095949,2005.605327,0.192614,0.029919,0.030652,0,0.0,19
1900-01-01 11:51:27.751,0.645403,0.993609,1.096242,2004.422238,0.184131,0.027028,0.028908,0,0.0,19
1900-01-01 11:51:28.401,0.644528,0.991876,1.093773,2003.530811,0.192632,0.033307,0.034328,0,0.0,19
1900-01-01 11:51:29.052,0.643866,0.991107,1.092638,2004.010938,0.19472,0.036578,0.038924,0,0.0,19
1900-01-01 11:51:29.702,0.645295,0.994008,1.096204,2002.645878,0.196016,0.028484,0.029852,0,0.0,19
1900-01-01 11:51:30.351,0.644537,0.992145,1.093736,2001.944966,0.188552,0.024124,0.024952,0,0.0,19
1900-01-01 11:51:31.001,0.644262,0.989695,1.091667,2003.03757,0.187018,0.031588,0.030514,0,0.0,19
1900-01-01 11:51:31.700,0.643514,0.991016,1.093916,2000.862449,0.193966,0.030901,0.031178,0,0.0,19
1900-01-01 11:51:32.351,0.645108,0.993616,1.096067,2001.186399,0.186959,0.028978,0.029447,0,0.0,19
1900-01-01 11:51:32.948,0.644629,0.991951,1.093078,2002.815504,0.191931,0.027636,0.027739,0,0.0,19
1900-01-01 11:51:33.553,0.644419,0.990751,1.093247,2003.279695,0.19342,0.025367,0.026459,0,0.0,19
1900-01-01 11:51:34.198,0.644411,0.992261,1.093291,2002.423605,0.19282,0.03014,0.030414,0,0.0,19
1900-01-01 11:51:34.850,0.645766,0.992572,1.094395,2003.448285,0.189423,0.034877,0.036741,0,0.0,19
1900-01-01 11:51:35.502,0.644124,0.991839,1.092718,2002.479291,0.191221,0.032169,0.030979,0,0.0,19
1900-01-01 11:51:36.098,0.644322,0.992571,1.094794,2002.266138,0.187502,0.026631,0.028157,0,0.0,19
1900-01-01 11:51:36.698,0.645089,0.992714,1.094011,2002.613842,0.195589,0.036213,0.038278,0,0.0,19
1900-01-01 11:51:37.298,0.647066,0.996704,1.099048,2003.038174,0.189914,0.028021,0.027747,0,0.0,19
1900-01-01 11:51:37.951,0.646013,0.994756,1.095654,2005.25559,0.194888,0.031975,0.033999,0,0.0,19
1900-01-01 11:51:38.601,0.646257,0.994146,1.096868,2007.201108,0.188855,0.031989,0.031818,0,0.0,19
1900-01-01 11:51:39.252,0.644697,0.99272,1.094754,2006.741327,0.1977,0.03454,0.03492,0,0.0,19
1900-01-01 11:51:39.902,0.644682,0.991674,1.095299,2004.343209,0.182539,0.031712,0.032565,0,0.0,19
1900-01-01 11:51:40.551,0.643971,0.991862,1.093269,2003.252617,0.195266,0.031765,0.031795,0,0.0,19
1900-01-01 11:51:41.201,0.647945,0.995494,1.096501,2002.732921,0.186866,0.026161,0.027361,0,0.0,19
1900-01-01 11:51:41.799,0.647349,0.995803,1.098833,2004.285496,0.192483,0.025259,0.025125,0,0.0,19
1900-01-01 11:51:42.500,0.644766,0.991329,1.093445,2006.469907,0.192079,0.02827,0.029137,0,0.0,19
1900-01-01 11:51:43.151,0.646374,0.994083,1.096533,2005.017633,0.19012,0.034549,0.032509,0,0.0,19
1900-01-01 11:51:43.801,0.645094,0.992829,1.09349,2003.697643,0.187706,0.025519,0.027203,0,0.0,19
1900-01-01 11:51:44.450,0.645815,0.993229,1.096284,2003.950031,0.195787,0.036675,0.036412,0,0.0,19
1900-01-01 11:51:45.049,0.646546,0.995961,1.097285,2002.995683,0.194154,0.02572,0.024706,0,0.0,19
1900-01-01 11:51:45.700,0.645205,0.991196,1.093202,2006.495085,0.183765,0.028932,0.028841,0,0.0,19
1900-01-01 11:51:46.298,0.645119,0.9923,1.096083,2004.632405,0.188962,0.028284,0.029335,0,0.0,19
1900-01-01 11:51:46.898,0.645771,0.993283,1.094822,2004.193302,0.189503,0.030192,0.030625,0,0.0,19
1900-01-01 11:51:47.551,0.647347,0.995696,1.097609,2003.688801,0.18923,0.02918,0.030282,0,0.0,19
1900-01-01 11:51:48.201,0.645562,0.994057,1.097094,2004.850958,0.186668,0.028827,0.028177,0,0.0,19
1900-01-01 11:51:48.850,0.645031,0.992371,1.094798,2006.434568,0.195382,0.031751,0.032306,0,0.0,19
1900-01-01 11:51:49.497,0.646203,0.993846,1.09585,2005.725117,0.190526,0.02963,0.030671,0,0.0,19
1900-01-01 11:51:50.198,0.644871,0.992654,1.094586,2005.306338,0.185752,0.029866,0.033105,0,0.0,19
1900-01-01 11:51:50.850,0.644687,0.992991,1.095085,2003.02887,0.189834,0.029563,0.029284,0,0.0,19
1900-01-01 11:51:51.500,0.644488,0.993249,1.093546,2004.36497,0.193343,0.032245,0.032975,0,0.0,19
1900-01-01 11:51:52.198,0.64565,0.992935,1.094672,2003.87601,0.19068,0.028988,0.030224,0,0.0,19
1900-01-01 11:51:52.850,0.645235,0.992008,1.093422,2003.180727,0.191062,0.026023,0.026846,0,0.0,19
1900-01-01 11:51:53.500,0.645724,0.993257,1.095723,2002.515314,0.199138,0.032266,0.034799,0,0.0,19
1900-01-01 11:51:54.199,0.643334,0.989093,1.090301,2002.400326,0.190417,0.032226,0.033275,0,0.0,19
1900-01-01 11:51:54.850,0.645027,0.992527,1.093781,2000.838763,0.194781,0.028099,0.027538,0,0.0,19
1900-01-01 11:51:55.500,0.644997,0.992231,1.093603,2001.354746,0.19267,0.028889,0.028743,0,0.0,19
1900-01-01 11:51:56.150,0.645126,0.993136,1.094451,2002.508061,0.197205,0.027332,0.026854,0,0.0,19
1900-01-01 11:51:56.847,0.645502,0.993089,1.094389,2003.022199,0.186554,0.034231,0.035801,0,0.0,19
1900-01-01 11:51:57.500,0.64512,0.992054,1.093459,2004.28086,0.192456,0.034601,0.036393,0,0.0,19
1900-01-01 11:51:58.199,0.646098,0.993269,1.095151,2003.007383,0.189512,0.027133,0.027753,0,0.0,19
1900-01-01 11:51:58.850,0.644519,0.992333,1.093527,2002.497275,0.192877,0.031569,0.033203,0,0.0,19
1900-01-01 11:51:59.500,0.644552,0.99152,1.093971,2003.944264,0.187633,0.027729,0.02905,0,0.0,19
1900-01-01 11:52:00.150,0.644472,0.99148,1.093122,2002.965034,0.191125,0.03165,0.032649,0,0.0,19
1900-01-01 11:52:00.847,0.64551,0.993481,1.094745,2002.873381,0.185191,0.028175,0.027707,0,0.0,19
1900-01-01 11:52:01.500,0.643641,0.990896,1.091419,2003.33501,0.184204,0.034455,0.036591,0,0.0,19
1900-01-01 11:52:02.198,0.643882,0.989903,1.090302,2002.714194,0.196422,0.03044,0.032792,0,0.0,19
1900-01-01 11:52:02.850,0.644035,0.992451,1.092901,2001.409059,0.18566,0.028129,0.030082,0,0.0,19
1900-01-01 11:52:03.548,0.6448,0.99143,1.090973,2001.876607,0.187005,0.039169,0.039651,0,0.0,19
1900-01-01 11:52:04.199,0.647084,0.995342,1.095488,2002.490033,0.193971,0.029509,0.030671,0,0.0,19
1900-01-01 11:52:04.846,0.645821,0.993514,1.093308,2004.304116,0.187781,0.027219,0.027687,0,0.0,19
1900-01-01 11:52:05.498,0.645356,0.991839,1.091534,2007.071167,0.188806,0.027347,0.028041,0,0.0,19
1900-01-01 11:52:06.150,0.644325,0.992733,1.093746,2004.569137,0.187517,0.029904,0.030105,0,0.0,19
1900-01-01 11:52:06.799,0.645071,0.992541,1.090693,2004.211561,0.187028,0.032295,0.034508,0,0.0,19
1900-01-01 11:52:07.449,0.643228,0.990818,1.092105,2002.863485,0.194597,0.028728,0.029113,0,0.0,19
1900-01-01 11:52:08.100,0.644551,0.992825,1.092553,2002.547972,0.19676,0.030494,0.031122,0,0.0,19
1900-01-01 11:52:08.750,0.64536,0.991674,1.092161,2003.342219,0.192953,0.033737,0.035183,0,0.0,19
1900-01-01 11:52:09.399,0.644926,0.991805,1.092448,2003.288941,0.194521,0.025994,0.025977,0,0.0,19
1900-01-01 11:52:10.050,0.644648,0.99243,1.092017,2003.50397,0.190181,0.033269,0.033672,0,0.0,19
1900-01-01 11:52:10.748,0.644033,0.990686,1.091184,2003.328876,0.185687,0.034433,0.036843,0,0.0,19
1900-01-01 11:52:11.399,0.643366,0.990438,1.091621,2002.410366,0.18996,0.036428,0.03864,0,0.0,19
1900-01-01 11:52:12.049,0.644867,0.993483,1.093448,2002.457286,0.193457,0.031295,0.031055,0,0.0,19
1900-01-01 11:52:12.646,0.644189,0.990491,1.091092,2003.028737,0.18777,0.034037,0.034755,0,0.0,19
1900-01-01 11:52:13.298,0.645243,0.992306,1.092196,2002.428672,0.188223,0.029451,0.03158,0,0.0,19
1900-01-01 11:52:13.950,0.64331,0.989584,1.090252,2002.276815,0.188565,0.030444,0.030854,0,0.0,19
1900-01-01 11:52:14.646,0.644524,0.992316,1.092059,2002.274321,0.190432,0.027365,0.027516,0,0.0,19
1900-01-01 11:52:15.298,0.645331,0.992258,1.093253,2000.678697,0.193657,0.034941,0.035514,0,0.0,19
1900-01-01 11:52:15.950,0.64443,0.991742,1.09121,2003.072258,0.187553,0.031842,0.034192,0,0.0,19
1900-01-01 11:52:16.647,0.644357,0.991748,1.092491,2004.293912,0.189549,0.028096,0.027706,0,0.0,19
1900-01-01 11:52:17.399,0.644644,0.992259,1.092222,2003.762616,0.189822,0.035667,0.038472,0,0.0,19
1900-01-01 11:52:18.097,0.646162,0.992912,1.0935,2002.511552,0.187513,0.029932,0.031535,0,0.0,19
1900-01-01 11:52:18.695,0.64375,0.99036,1.089999,2003.536488,0.190521,0.028174,0.028925,0,0.0,19
1900-01-01 11:52:19.449,0.643737,0.990792,1.090985,2002.114868,0.19101,0.029738,0.030995,0,0.0,19
1900-01-01 11:52:20.146,0.641947,0.988306,1.089841,2001.168745,0.188409,0.031878,0.034378,0,0.0,19
1900-01-01 11:52:20.799,0.645313,0.992424,1.092868,2001.262805,0.191575,0.028094,0.027946,0,0.0,19
1900-01-01 11:52:21.449,0.645053,0.993063,1.093759,2002.573343,0.191885,0.028029,0.029072,0,0.0,19
1900-01-01 11:52:22.146,0.646481,0.995055,1.095206,2003.881282,0.194417,0.028664,0.030143,0,0.0,19
1900-01-01 11:52:22.794,0.646305,0.994092,1.095217,2005.498315,0.185198,0.031969,0.032592,0,0.0,19
1900-01-01 11:52:23.447,0.645313,0.99326,1.094753,2004.822377,0.181757,0.035693,0.037017,0,0.0,19
1900-01-01 11:52:24.146,0.647473,0.994599,1.09661,2006.332706,0.185512,0.032914,0.035328,0,0.0,19
1900-01-01 11:52:24.798,0.642457,0.989641,1.090562,2007.100093,0.192777,0.029424,0.032174,0,0.0,19
1900-01-01 11:52:25.495,0.645306,0.99266,1.093176,2005.369456,0.192013,0.034866,0.036741,0,0.0,19
1900-01-01 11:52:26.148,0.644863,0.992448,1.092756,2003.183385,0.188588,0.028941,0.030815,0,0.0,19
1900-01-01 11:52:26.798,0.643502,0.991213,1.092741,2003.83546,0.185598,0.033916,0.035108,0,0.0,19
1900-01-01 11:52:27.495,0.645728,0.993548,1.093822,2003.198074,0.1828,0.029941,0.032091,0,0.0,19
1900-01-01 11:52:28.196,0.644654,0.99195,1.092987,2004.243656,0.184082,0.030271,0.03006,0,0.0,19
1900-01-01 11:52:28.847,0.644455,0.992043,1.091777,2004.445483,0.175648,0.027303,0.03113,0,0.0,19
1900-01-01 11:52:29.498,0.644922,0.992567,1.092369,2004.068878,0.183795,0.031272,0.031365,0,0.0,19
1900-01-01 11:52:30.148,0.64456,0.993209,1.093928,2003.153627,0.180959,0.027231,0.028777,0,0.0,19
1900-01-01 11:52:30.798,0.647,0.994396,1.094776,2004.517294,0.179155,0.030287,0.031403,0,0.0,19
1900-01-01 11:52:31.447,0.645217,0.991587,1.091981,2005.250417,0.186851,0.028646,0.029354,0,0.0,19
1900-01-01 11:52:32.098,0.643801,0.991583,1.091833,2005.039361,0.189273,0.024321,0.026391,0,0.0,19
1900-01-01 11:52:32.748,0.644665,0.990939,1.090649,2003.371233,0.185273,0.042693,0.044785,0,0.0,19
1900-01-01 11:52:33.398,0.643696,0.989396,1.091483,2001.60862,0.174001,0.029681,0.030643,0,0.0,19
1900-01-01 11:52:34.047,0.644472,0.99136,1.091457,2001.523612,0.184268,0.026561,0.027265,0,0.0,19
1900-01-01 11:52:34.698,0.644842,0.991873,1.093061,2001.208126,0.17786,0.02793,0.029769,0,0.0,19
1900-01-01 11:52:35.396,0.646049,0.99404,1.094685,2002.471024,0.184032,0.032418,0.032494,0,0.0,19
1900-01-01 11:52:36.047,0.643914,0.990857,1.091763,2005.075573,0.187452,0.033209,0.033861,0,0.0,19
1900-01-01 11:52:36.746,0.644333,0.990963,1.091327,2003.695381,0.185391,0.031522,0.033197,0,0.0,19
1900-01-01 11:52:37.398,0.645589,0.992749,1.093535,2002.703461,0.188239,0.031528,0.03395,0,0.0,19
1900-01-01 11:52:38.047,0.644917,0.991894,1.091754,2003.724824,0.188703,0.027082,0.02957,0,0.0,19
1900-01-01 11:52:38.697,0.64578,0.993225,1.094084,2002.421018,0.186399,0.033139,0.03392,0,0.0,19
1900-01-01 11:52:39.348,0.645237,0.993075,1.094133,2005.06833,0.182623,0.032749,0.034668,0,0.0,19
1900-01-01 11:52:39.998,0.644116,0.991197,1.09161,2005.757652,0.191753,0.026779,0.02828,0,0.0,19
1900-01-01 11:52:40.647,0.644909,0.992954,1.093397,2004.64018,0.186644,0.029406,0.030731,0,0.0,19
1900-01-01 11:52:41.297,0.645998,0.992966,1.093419,2004.756661,0.186395,0.03266,0.034772,0,0.0,19
1900-01-01 11:52:41.996,0.644987,0.992616,1.093048,2003.850518,0.187845,0.030388,0.033154,0,0.0,19
1900-01-01 11:52:42.695,0.642959,0.988665,1.089394,2003.277186,0.186552,0.034297,0.034043,0,0.0,19
1900-01-01 11:52:43.444,0.645607,0.991776,1.091753,2001.775132,0.181345,0.035425,0.036825,0,0.0,19
1900-01-01 11:52:44.145,0.644931,0.993111,1.093773,2000.551175,0.188104,0.025287,0.024688,0,0.0,19
1900-01-01 11:52:44.846,0.645935,0.993583,1.094337,2002.501666,0.183508,0.031659,0.031498,0,0.0,19
1900-01-01 11:52:45.497,0.643922,0.991156,1.092002,2004.278908,0.188595,0.027629,0.029152,0,0.0,19
1900-01-01 11:52:46.194,0.644907,0.99336,1.093624,2003.935397,0.184487,0.02763,0.029961,0,0.0,19
1900-01-01 11:52:46.847,0.644115,0.992231,1.093951,2003.999271,0.189792,0.027791,0.029641,0,0.0,19
1900-01-01 11:52:47.497,0.645231,0.993427,1.094027,2004.350463,0.182922,0.026921,0.028069,0,0.0,19
1900-01-01 11:52:48.194,0.646436,0.99278,1.093703,2003.989513,0.188376,0.028044,0.027863,0,0.0,19
1900-01-01 11:52:48.895,0.646504,0.994766,1.094913,2004.445431,0.192755,0.026438,0.027534,0,0.0,19
1900-01-01 11:52:49.546,0.646205,0.992212,1.092511,2004.959694,0.188868,0.02865,0.030418,0,0.0,19
1900-01-01 11:52:50.198,0.645138,0.990229,1.091605,2001.495834,0.187576,0.031922,0.032359,0,0.0,19
1900-01-01 11:52:50.847,0.645751,0.992857,1.093637,2000.884316,0.186103,0.024483,0.024995,0,0.0,19
1900-01-01 11:52:51.497,0.645756,0.992061,1.093066,2002.616864,0.185224,0.031133,0.031308,0,0.0,19
1900-01-01 11:52:52.194,0.647415,0.995695,1.096076,2002.014299,0.187699,0.035216,0.03836,0,0.0,19
1900-01-01 11:52:52.895,0.644879,0.992115,1.092829,2004.539593,0.187156,0.033797,0.033908,0,0.0,19
1900-01-01 11:52:53.642,0.645584,0.99244,1.091721,2004.49967,0.181997,0.029664,0.031551,0,0.0,19
1900-01-01 11:52:54.343,0.645073,0.991988,1.092633,2002.279713,0.179697,0.029258,0.031065,0,0.0,19
1900-01-01 11:52:54.996,0.645369,0.991162,1.091855,2002.548005,0.178811,0.029004,0.029742,0,0.0,19
1900-01-01 11:52:55.642,0.645841,0.993608,1.092873,2002.274195,0.186018,0.02741,0.027971,0,0.0,19
1900-01-01 11:52:56.295,0.643046,0.987937,1.088056,2002.490243,0.190391,0.03078,0.032253,0,0.0,19
1900-01-01 11:52:56.994,0.645355,0.992263,1.092733,2001.368329,0.184244,0.031141,0.031424,0,0.0,19
1900-01-01 11:52:57.694,0.64329,0.989125,1.088384,2000.848034,0.181864,0.026342,0.027231,0,0.0,19
1900-01-01 11:52:58.394,0.644303,0.991322,1.091981,2000.383288,0.190701,0.027074,0.029655,0,0.0,19
1900-01-01 11:52:59.094,0.646343,0.992582,1.093227,2000.41023,0.184322,0.03137,0.034012,0,0.0,19
1900-01-01 11:52:59.746,0.645428,0.992395,1.092929,2002.913169,0.180387,0.029163,0.030828,0,0.0,19
1900-01-01 11:53:00.444,0.645838,0.994635,1.096041,2003.457216,0.188593,0.028849,0.029254,0,0.0,19
1900-01-01 11:53:01.095,0.646076,0.992349,1.093371,2005.582541,0.189395,0.027959,0.03005,0,0.0,19
1900-01-01 11:53:01.746,0.644406,0.99039,1.090182,2004.800361,0.188094,0.026869,0.028407,0,0.0,19
1900-01-01 11:53:02.444,0.646139,0.992205,1.093435,2003.180271,0.1833,0.028441,0.029412,0,0.0,19
1900-01-01 11:53:03.145,0.645141,0.991576,1.092449,2003.234782,0.190738,0.027701,0.029407,0,0.0,19
1900-01-01 11:53:03.844,0.645573,0.993156,1.092983,2002.987148,0.186006,0.03118,0.031624,0,0.0,19
1900-01-01 11:53:04.543,0.643529,0.989836,1.090183,2002.467777,0.182908,0.032477,0.033392,0,0.0,19
1900-01-01 11:53:05.196,0.644252,0.990028,1.090912,2002.735731,0.193787,0.03133,0.034545,0,0.0,19
1900-01-01 11:53:05.894,0.646132,0.993025,1.092948,2001.424039,0.187015,0.030595,0.032892,0,0.0,19
1900-01-01 11:53:06.542,0.645194,0.991159,1.092254,2002.951736,0.182143,0.030395,0.032631,0,0.0,19
1900-01-01 11:53:07.242,0.645713,0.993918,1.093792,2002.363508,0.186029,0.030385,0.032925,0,0.0,19
1900-01-01 11:53:07.943,0.645568,0.991785,1.093354,2002.299891,0.184482,0.037808,0.039439,0,0.0,19
1900-01-01 11:53:08.596,0.644847,0.992046,1.091813,2003.544396,0.195318,0.030574,0.033113,0,0.0,19
1900-01-01 11:53:09.246,0.644795,0.992328,1.091879,2003.538065,0.190396,0.02598,0.027161,0,0.0,19
1900-01-01 11:53:09.943,0.644726,0.990806,1.09228,2003.4213,0.181617,0.025946,0.027248,0,0.0,19
1900-01-01 11:53:10.596,0.643898,0.990727,1.090279,2002.836814,0.18772,0.030122,0.030711,0,0.0,19
1900-01-01 11:53:11.246,0.644867,0.992134,1.092472,2002.210665,0.184384,0.026905,0.028242,0,0.0,19
1900-01-01 11:53:11.943,0.645939,0.99223,1.092662,2003.488945,0.186288,0.031204,0.033323,0,0.0,19
1900-01-01 11:53:12.642,0.644528,0.989964,1.089684,2003.007383,0.181425,0.030717,0.029856,0,0.0,19
1900-01-01 11:53:13.343,0.643306,0.989591,1.089946,2001.277564,0.184515,0.025676,0.027777,0,0.0,19
1900-01-01 11:53:14.044,0.644587,0.991696,1.093183,2000.362851,0.185284,0.028528,0.028998,0,0.0,19
1900-01-01 11:53:14.743,0.645392,0.992405,1.093364,2001.051311,0.185808,0.028492,0.028717,0,0.0,19
1900-01-01 11:53:15.444,0.645178,0.992332,1.09359,2003.180975,0.192478,0.027382,0.028008,0,0.0,19
1900-01-01 11:53:16.196,0.645,0.99235,1.093553,2004.841003,0.182118,0.031989,0.03352,0,0.0,19
1900-01-01 11:53:16.894,0.644086,0.990197,1.091079,2004.26103,0.185643,0.032878,0.035069,0,0.0,19
1900-01-01 11:53:17.593,0.646264,0.991722,1.093535,2003.304166,0.183316,0.031289,0.031174,0,0.0,19
1900-01-01 11:53:18.342,0.644892,0.990367,1.091238,2002.341665,0.188178,0.0296,0.02999,0,0.0,19
1900-01-01 11:53:19.042,0.645885,0.991652,1.092387,2001.63608,0.18417,0.02965,0.029915,0,0.0,19
1900-01-01 11:53:19.743,0.644676,0.99198,1.092069,2001.365,0.187124,0.024534,0.0255,0,0.0,19
1900-01-01 11:53:20.391,0.644554,0.990827,1.092126,2001.481997,0.189156,0.035718,0.03604,0,0.0,19
1900-01-01 11:53:21.092,0.644766,0.991913,1.092816,2001.916518,0.186683,0.031088,0.033007,0,0.0,19
1900-01-01 11:53:21.745,0.645305,0.992754,1.092249,2002.186994,0.1862,0.032456,0.033624,0,0.0,19
1900-01-01 11:53:22.495,0.647649,0.99442,1.093612,2003.979564,0.18748,0.034362,0.035687,0,0.0,19
1900-01-01 11:53:23.193,0.645545,0.994259,1.09483,2005.274241,0.185654,0.031776,0.034533,0,0.0,19
1900-01-01 11:53:23.892,0.646602,0.99387,1.093022,2006.541803,0.180217,0.031029,0.031517,0,0.0,19
1900-01-01 11:53:24.593,0.644774,0.991261,1.09089,2005.595549,0.179371,0.02696,0.029625,0,0.0,19
1900-01-01 11:53:25.244,0.644882,0.992374,1.092962,2002.229306,0.188758,0.028511,0.027873,0,0.0,19
1900-01-01 11:53:25.894,0.644399,0.992595,1.092147,2000.948547,0.188849,0.025338,0.027053,0,0.0,19
1900-01-01 11:53:26.545,0.644067,0.991228,1.09069,2003.033213,0.179496,0.030073,0.031216,0,0.0,19
1900-01-01 11:53:27.242,0.644199,0.990716,1.091832,2002.203703,0.187552,0.031579,0.030723,0,0.0,19
1900-01-01 11:53:27.942,0.64374,0.99076,1.088975,2001.25216,0.189096,0.026683,0.026877,0,0.0,19
1900-01-01 11:53:28.695,0.644483,0.991992,1.092365,2001.178204,0.184627,0.025845,0.026206,0,0.0,19
1900-01-01 11:53:29.393,0.645094,0.991317,1.091618,2002.612873,0.184616,0.025964,0.026245,0,0.0,19
1900-01-01 11:53:30.145,0.645684,0.993383,1.093957,2002.935017,0.18045,0.02924,0.029225,0,0.0,19
1900-01-01 11:53:30.842,0.64438,0.991206,1.091476,2003.597176,0.185209,0.032088,0.034931,0,0.0,19
1900-01-01 11:53:31.542,0.6453,0.99379,1.093372,2003.878982,0.180815,0.030517,0.031956,0,0.0,19
1900-01-01 11:53:32.242,0.645998,0.993633,1.094291,2004.970123,0.200004,0.026602,0.026515,0,0.0,19
1900-01-01 11:53:32.942,0.645458,0.993498,1.093569,2005.892878,0.183681,0.025477,0.027061,0,0.0,19
1900-01-01 11:53:33.690,0.645575,0.993139,1.092468,2004.229189,0.187398,0.028194,0.028454,0,0.0,19
1900-01-01 11:53:34.391,0.646189,0.994497,1.095044,2003.893913,0.186964,0.031423,0.033217,0,0.0,19
1900-01-01 11:53:35.092,0.646931,0.995059,1.093459,2005.763694,0.180821,0.033113,0.03383,0,0.0,19
1900-01-01 11:53:35.793,0.645111,0.99207,1.09241,2005.4005,0.186727,0.030782,0.030415,0,0.0,19
1900-01-01 11:53:36.492,0.644724,0.99218,1.091918,2004.187771,0.187211,0.027638,0.028444,0,0.0,19
1900-01-01 11:53:37.191,0.645182,0.991849,1.092615,2003.60095,0.188935,0.03133,0.030306,0,0.0,19
1900-01-01 11:53:37.892,0.644909,0.992235,1.092869,2002.185552,0.189057,0.035226,0.036909,0,0.0,19
1900-01-01 11:53:38.591,0.645911,0.992593,1.093245,2002.872481,0.183526,0.027305,0.027729,0,0.0,19
1900-01-01 11:53:39.292,0.645583,0.992609,1.092358,2003.443282,0.184869,0.027409,0.027851,0,0.0,19
1900-01-01 11:53:39.943,0.644382,0.991696,1.09165,2003.887818,0.184519,0.030875,0.031859,0,0.0,19
1900-01-01 11:53:40.641,0.643454,0.991709,1.091855,2003.105969,0.185653,0.027714,0.029284,0,0.0,19
1900-01-01 11:53:41.342,0.645777,0.993538,1.093039,2003.597977,0.179294,0.029153,0.03022,0,0.0,19
1900-01-01 11:53:42.041,0.64588,0.993645,1.09452,2004.160791,0.182571,0.028207,0.028556,0,0.0,19
1900-01-01 11:53:42.742,0.647163,0.99604,1.097325,2004.795175,0.184866,0.031081,0.031818,0,0.0,19
1900-01-01 11:53:43.442,0.645713,0.99316,1.092781,2006.189238,0.183457,0.028394,0.027974,0,0.0,19
1900-01-01 11:53:44.142,0.645158,0.993258,1.094186,2004.896033,0.183531,0.023505,0.022933,0,0.0,19
1900-01-01 11:53:44.841,0.645265,0.991955,1.092693,2005.388395,0.188661,0.029804,0.029781,0,0.0,19
1900-01-01 11:53:45.542,0.64425,0.991591,1.091729,2004.828804,0.188595,0.035664,0.036966,0,0.0,19
1900-01-01 11:53:46.241,0.644806,0.992285,1.09314,2003.452558,0.189874,0.034381,0.035143,0,0.0,19
1900-01-01 11:53:46.942,0.644212,0.99189,1.091951,2003.994801,0.191137,0.028704,0.029623,0,0.0,19
1900-01-01 11:53:47.641,0.644611,0.99197,1.092746,2003.472793,0.187967,0.028949,0.029312,0,0.0,19
1900-01-01 11:53:48.342,0.644115,0.990602,1.089605,2003.308766,0.183393,0.025558,0.026696,0,0.0,19
1900-01-01 11:53:49.041,0.646151,0.99375,1.093048,2002.683619,0.183468,0.029826,0.030505,0,0.0,19
1900-01-01 11:53:49.742,0.644167,0.990175,1.089684,2002.306617,0.185948,0.029238,0.030086,0,0.0,19
1900-01-01 11:53:50.393,0.644261,0.991494,1.091678,2001.968579,0.177097,0.032693,0.035213,0,0.0,19
1900-01-01 11:53:51.090,0.644342,0.991258,1.090896,2000.573475,0.181835,0.031625,0.032786,0,0.0,19
1900-01-01 11:53:51.791,0.645897,0.993059,1.092279,2001.876163,0.188013,0.032684,0.0333,0,0.0,19
1900-01-01 11:53:52.543,0.645635,0.991742,1.092979,2003.229692,0.186149,0.03166,0.031085,0,0.0,19
1900-01-01 11:53:53.193,0.645295,0.993717,1.093419,2004.393984,0.184211,0.028407,0.030741,0,0.0,19
1900-01-01 11:53:53.890,0.645404,0.993089,1.093124,2004.747129,0.182065,0.027814,0.028852,0,0.0,19
1900-01-01 11:53:54.591,0.643733,0.989965,1.089278,2004.156221,0.186508,0.027766,0.028912,0,0.0,19
1900-01-01 11:53:55.343,0.642312,0.988258,1.08929,2001.724966,0.185337,0.033768,0.03615,0,0.0,19
1900-01-01 11:53:56.094,0.642296,0.988444,1.089473,1998.644477,0.18516,0.029489,0.029563,0,0.0,19
1900-01-01 11:53:56.839,0.642657,0.988689,1.088631,1999.828044,0.182192,0.028762,0.030125,0,0.0,19
1900-01-01 11:53:57.593,0.643333,0.990186,1.090339,1999.576125,0.184698,0.02814,0.031228,0,0.0,19
1900-01-01 11:53:58.290,0.64151,0.987628,1.0871,1999.849681,0.1873,0.031277,0.032079,0,0.0,19
1900-01-01 11:53:59.042,0.645042,0.993271,1.093602,1999.875407,0.183045,0.029429,0.030723,0,0.0,19
1900-01-01 11:53:59.740,0.644236,0.991987,1.091316,2001.626681,0.183491,0.033308,0.034293,0,0.0,19
1900-01-01 11:54:00.441,0.644804,0.992025,1.091807,2003.073362,0.185536,0.03056,0.033359,0,0.0,19
1900-01-01 11:54:01.092,0.644011,0.991067,1.092172,2002.93182,0.190832,0.030335,0.032135,0,0.0,19
1900-01-01 11:54:01.839,0.641943,0.987126,1.087392,2001.741476,0.183118,0.026924,0.027842,0,0.0,19
1900-01-01 11:54:02.540,0.64174,0.988056,1.087875,1999.99293,0.191343,0.026717,0.027639,0,0.0,19
1900-01-01 11:54:03.289,0.643981,0.989582,1.090539,2000.006292,0.18796,0.027848,0.02613,0,0.0,19
1900-01-01 11:54:03.990,0.641733,0.988145,1.089225,2000.43011,0.187282,0.030016,0.030295,0,0.0,19
1900-01-01 11:54:04.738,0.645203,0.992486,1.091608,2000.636353,0.188005,0.027233,0.026155,0,0.0,19
1900-01-01 11:54:05.492,0.644287,0.991029,1.090558,2002.346231,0.184901,0.031441,0.032754,0,0.0,19
1900-01-01 11:54:06.190,0.643424,0.989399,1.089723,2002.538571,0.18421,0.028143,0.027193,0,0.0,19
1900-01-01 11:54:06.938,0.64448,0.991272,1.091596,2001.953726,0.18559,0.028747,0.029827,0,0.0,19
1900-01-01 11:54:07.692,0.644802,0.992338,1.092703,2001.864746,0.186305,0.030112,0.03177,0,0.0,19
1900-01-01 11:54:08.438,0.645009,0.991809,1.092303,2003.133966,0.18582,0.03478,0.035362,0,0.0,19
1900-01-01 11:54:09.191,0.643402,0.989203,1.090144,2002.461784,0.182594,0.025981,0.025604,0,0.0,19
1900-01-01 11:54:09.889,0.645793,0.994228,1.094725,2001.484832,0.182968,0.026786,0.026722,0,0.0,19
1900-01-01 11:54:10.590,0.644676,0.992437,1.092646,2004.230205,0.186618,0.031625,0.033395,0,0.0,19
1900-01-01 11:54:11.238,0.643849,0.990989,1.091077,2005.207277,0.180278,0.029966,0.030093,0,0.0,19
1900-01-01 11:54:11.938,0.643485,0.990782,1.090721,2003.683654,0.189282,0.028191,0.029316,0,0.0,19
1900-01-01 11:54:12.692,0.64451,0.990249,1.090412,2002.13988,0.185665,0.02934,0.031016,0,0.0,19
1900-01-01 11:54:13.442,0.643393,0.990647,1.091457,2000.836359,0.185986,0.030041,0.030089,0,0.0,19
1900-01-01 11:54:14.188,0.644587,0.991859,1.092093,2002.773719,0.188081,0.028145,0.028717,0,0.0,19
1900-01-01 11:54:14.889,0.646392,0.994684,1.093459,2004.203301,0.18233,0.028896,0.02916,0,0.0,19
1900-01-01 11:54:15.638,0.645264,0.991685,1.093421,2005.501656,0.18322,0.02808,0.028423,0,0.0,19
1900-01-01 11:54:16.338,0.645495,0.993625,1.093608,2004.646822,0.177591,0.027781,0.0276,0,0.0,19
1900-01-01 11:54:17.140,0.643144,0.991242,1.092427,2005.292484,0.183655,0.030155,0.033013,0,0.0,19
1900-01-01 11:54:17.839,0.645002,0.993209,1.093009,2004.949965,0.187207,0.028685,0.030307,0,0.0,19
1900-01-01 11:54:18.588,0.645131,0.992827,1.092869,2004.57632,0.184202,0.027352,0.02803,0,0.0,19
1900-01-01 11:54:19.342,0.645025,0.990938,1.090802,2005.110085,0.183382,0.031191,0.033268,0,0.0,19
1900-01-01 11:54:20.092,0.643449,0.99064,1.090979,2003.772113,0.186302,0.029606,0.031455,0,0.0,19
1900-01-01 11:54:20.790,0.645394,0.993063,1.093816,2003.09246,0.190481,0.027736,0.028843,0,0.0,19
1900-01-01 11:54:21.542,0.643583,0.990967,1.092026,2004.082371,0.182894,0.026914,0.028103,0,0.0,19
1900-01-01 11:54:22.292,0.644639,0.990178,1.091383,2004.400754,0.186637,0.03004,0.030373,0,0.0,19
1900-01-01 11:54:23.041,0.644002,0.990135,1.090698,2002.133936,0.17962,0.030906,0.031272,0,0.0,19
1900-01-01 11:54:23.738,0.644297,0.991658,1.09141,2002.041356,0.185194,0.026653,0.027825,0,0.0,19
1900-01-01 11:54:24.439,0.642931,0.989112,1.090051,2001.223758,0.188016,0.030698,0.034523,0,0.0,19
1900-01-01 11:54:25.191,0.643953,0.991554,1.09188,2001.204582,0.183901,0.029564,0.031253,0,0.0,19
1900-01-01 11:54:25.942,0.643953,0.990898,1.091038,2002.643589,0.18162,0.028655,0.029629,0,0.0,19
1900-01-01 11:54:26.692,0.645164,0.991298,1.090734,2003.130899,0.18387,0.031913,0.032606,0,0.0,19
1900-01-01 11:54:27.390,0.64307,0.989873,1.090618,2002.862799,0.186048,0.0355,0.038604,0,0.0,19
1900-01-01 11:54:28.137,0.644206,0.989945,1.09011,2002.038124,0.188686,0.02615,0.025683,0,0.0,19
1900-01-01 11:54:28.890,0.643911,0.991169,1.092536,2002.34908,0.180415,0.028235,0.028822,0,0.0,19
1900-01-01 11:54:29.588,0.644236,0.991017,1.091355,2004.065142,0.185584,0.029046,0.030741,0,0.0,19
1900-01-01 11:54:30.342,0.644447,0.991857,1.091716,2003.871978,0.186396,0.027321,0.027503,0,0.0,19
1900-01-01 11:54:31.087,0.645483,0.993171,1.093638,2003.574576,0.182843,0.02715,0.029075,0,0.0,19
1900-01-01 11:54:31.841,0.645255,0.992895,1.092581,2005.75415,0.184824,0.026559,0.028084,0,0.0,19
1900-01-01 11:54:32.586,0.644355,0.991036,1.091455,2005.175712,0.191015,0.030895,0.031214,0,0.0,19
1900-01-01 11:54:33.340,0.641843,0.989392,1.089559,2002.615113,0.18348,0.030617,0.030174,0,0.0,19
1900-01-01 11:54:34.087,0.645092,0.991674,1.093394,2002.423135,0.184131,0.035946,0.037138,0,0.0,19
1900-01-01 11:54:34.841,0.644426,0.992797,1.093604,2003.903244,0.189058,0.02691,0.026783,0,0.0,19
1900-01-01 11:54:35.586,0.644003,0.990951,1.091221,2004.701067,0.183432,0.030715,0.033083,0,0.0,19
1900-01-01 11:54:36.340,0.642894,0.989525,1.089693,2004.628599,0.184384,0.029077,0.030589,0,0.0,19
1900-01-01 11:54:37.090,0.644345,0.992082,1.093147,2003.086894,0.17845,0.032929,0.035278,0,0.0,19
1900-01-01 11:54:37.841,0.642128,0.990024,1.090806,2003.114442,0.183066,0.02776,0.029506,0,0.0,19
1900-01-01 11:54:38.538,0.642474,0.989556,1.088892,2003.712171,0.187688,0.033032,0.03466,0,0.0,19
1900-01-01 11:54:39.238,0.642967,0.99022,1.090931,2003.185231,0.180498,0.031842,0.033694,0,0.0,19
1900-01-01 11:54:39.990,0.644155,0.991882,1.092039,2001.599573,0.184193,0.035761,0.038499,0,0.0,19
1900-01-01 11:54:40.740,0.643323,0.989695,1.090611,2003.897841,0.186687,0.032499,0.032535,0,0.0,19
1900-01-01 11:54:41.490,0.642056,0.989534,1.088909,2002.841724,0.18473,0.03145,0.033445,0,0.0,19
1900-01-01 11:54:42.236,0.644798,0.99164,1.091724,2002.059546,0.183796,0.028755,0.028512,0,0.0,19
1900-01-01 11:54:42.937,0.642789,0.989995,1.091034,2002.111568,0.182862,0.029717,0.033927,0,0.0,19
1900-01-01 11:54:43.690,0.643235,0.988993,1.089644,2003.532478,0.187789,0.034302,0.036888,0,0.0,19
1900-01-01 11:54:44.436,0.641328,0.988044,1.087512,2000.460556,0.18145,0.036025,0.036333,0,0.0,19
1900-01-01 11:54:45.137,0.644781,0.991853,1.092253,2000.517545,0.192915,0.031005,0.031882,0,0.0,19
1900-01-01 11:54:45.890,0.643011,0.989335,1.08929,2002.436739,0.18715,0.031369,0.031349,0,0.0,19
1900-01-01 11:54:46.641,0.644869,0.992227,1.091173,2001.350313,0.185873,0.032372,0.034418,0,0.0,19
1900-01-01 11:54:47.386,0.644729,0.991797,1.09058,2001.948125,0.180163,0.032852,0.034732,0,0.0,19
1900-01-01 11:54:48.087,0.646144,0.994751,1.093799,2001.190129,0.184947,0.028531,0.029876,0,0.0,19
1900-01-01 11:54:48.839,0.643688,0.991379,1.092368,2003.919359,0.185041,0.031907,0.035612,0,0.0,19
1900-01-01 11:54:49.586,0.645134,0.992482,1.091377,2004.821565,0.184683,0.031046,0.031063,0,0.0,19
1900-01-01 11:54:50.340,0.642797,0.989859,1.089376,2004.691129,0.179272,0.029073,0.030197,0,0.0,19
1900-01-01 11:54:51.086,0.644432,0.99188,1.092968,2002.192269,0.179786,0.028352,0.030422,0,0.0,19
1900-01-01 11:54:51.786,0.643777,0.991255,1.091088,2002.808047,0.19194,0.024945,0.025712,0,0.0,19
1900-01-01 11:54:52.588,0.643425,0.991634,1.091339,2004.939755,0.18649,0.030112,0.031748,0,0.0,19
1900-01-01 11:54:53.335,0.644677,0.992714,1.093136,2004.594345,0.18892,0.028973,0.029898,0,0.0,19
1900-01-01 11:54:54.089,0.643632,0.990075,1.089364,2004.541056,0.180711,0.031507,0.032474,0,0.0,19
1900-01-01 11:54:54.839,0.645451,0.993132,1.092865,2002.885729,0.186268,0.0325,0.034505,0,0.0,19
1900-01-01 11:54:55.638,0.644383,0.991672,1.092402,2003.399712,0.191538,0.032226,0.034373,0,0.0,19
1900-01-01 11:54:56.390,0.644707,0.991428,1.090695,2004.834734,0.184272,0.032678,0.032868,0,0.0,19
1900-01-01 11:54:57.135,0.644792,0.9932,1.093034,2004.245408,0.187415,0.029177,0.031661,0,0.0,19
1900-01-01 11:54:57.836,0.644879,0.993051,1.092567,2006.073083,0.184859,0.031848,0.033502,0,0.0,19
1900-01-01 11:54:58.590,0.642268,0.990653,1.091423,2005.879211,0.185797,0.028392,0.029325,0,0.0,19
1900-01-01 11:54:59.335,0.644101,0.991875,1.092183,2005.188369,0.185271,0.024934,0.02548,0,0.0,19
1900-01-01 11:55:00.036,0.64386,0.993111,1.092213,2004.99695,0.185162,0.027986,0.02843,0,0.0,19
1900-01-01 11:55:00.785,0.643063,0.989133,1.089079,2005.910819,0.182463,0.030464,0.032623,0,0.0,19
1900-01-01 11:55:01.586,0.644434,0.990777,1.091123,2003.197483,0.185676,0.03075,0.032543,0,0.0,19
1900-01-01 11:55:02.287,0.642737,0.988408,1.088609,2001.68784,0.181782,0.031598,0.033254,0,0.0,19
1900-01-01 11:55:03.087,0.644054,0.991854,1.092537,2002.010739,0.187058,0.030304,0.031553,0,0.0,19
1900-01-01 11:55:03.887,0.643772,0.990325,1.091009,2003.949704,0.184901,0.027247,0.027465,0,0.0,19
1900-01-01 11:55:04.639,0.644065,0.991945,1.091599,2003.47421,0.188057,0.031426,0.033252,0,0.0,19
1900-01-01 11:55:05.385,0.643362,0.990585,1.090739,2003.987182,0.186654,0.027115,0.027943,0,0.0,19
1900-01-01 11:55:06.138,0.642377,0.989858,1.08973,2004.421592,0.190326,0.030303,0.03182,0,0.0,19
1900-01-01 11:55:06.889,0.643778,0.991437,1.092396,2004.231933,0.187967,0.029211,0.028771,0,0.0,19
1900-01-01 11:55:07.634,0.643284,0.99136,1.091899,2004.061878,0.183262,0.030837,0.030915,0,0.0,19
1900-01-01 11:55:08.388,0.6435,0.990694,1.091228,2005.14135,0.18802,0.030694,0.030379,0,0.0,19
1900-01-01 11:55:09.138,0.645122,0.991256,1.091432,2003.288059,0.184691,0.031651,0.033829,0,0.0,19
1900-01-01 11:55:09.889,0.645771,0.992171,1.091418,2002.298297,0.186288,0.026528,0.028016,0,0.0,19
1900-01-01 11:55:10.634,0.644743,0.991057,1.089729,2002.770844,0.189426,0.030341,0.032058,0,0.0,19
1900-01-01 11:55:11.388,0.645067,0.99146,1.091155,2001.870999,0.182253,0.027518,0.028454,0,0.0,19
1900-01-01 11:55:12.138,0.644968,0.991718,1.092694,2000.3083,0.180268,0.028554,0.028292,0,0.0,19
1900-01-01 11:55:12.889,0.643827,0.990143,1.090304,2001.695605,0.183373,0.028716,0.030696,0,0.0,19
1900-01-01 11:55:13.634,0.645398,0.991698,1.092146,2001.030478,0.186942,0.031952,0.034097,0,0.0,19
1900-01-01 11:55:14.335,0.64371,0.990385,1.088819,2000.584804,0.188968,0.034471,0.037236,0,0.0,19
1900-01-01 11:55:15.089,0.647469,0.995652,1.095067,2000.145154,0.185785,0.028197,0.028642,0,0.0,19
1900-01-01 11:55:15.834,0.645751,0.992826,1.091985,2002.093683,0.187881,0.027816,0.029713,0,0.0,19
1900-01-01 11:55:16.588,0.647163,0.993403,1.093556,2001.589611,0.182261,0.031058,0.030478,0,0.0,19
1900-01-01 11:55:17.338,0.646529,0.991473,1.091604,2001.77932,0.186407,0.031004,0.031137,0,0.0,19
1900-01-01 11:55:18.137,0.643318,0.990371,1.090873,2002.408363,0.186907,0.025314,0.027313,0,0.0,19
1900-01-01 11:55:18.884,0.642857,0.990226,1.09,2003.515052,0.181758,0.028919,0.031361,0,0.0,19
1900-01-01 11:55:19.638,0.643806,0.991391,1.09302,2003.171635,0.183649,0.033818,0.033746,0,0.0,19
1900-01-01 11:55:20.383,0.644743,0.992389,1.093243,2004.536523,0.183023,0.033102,0.036066,0,0.0,19
1900-01-01 11:55:21.137,0.643277,0.990548,1.091509,2004.797431,0.183488,0.033078,0.035099,0,0.0,19
1900-01-01 11:55:21.937,0.643713,0.992228,1.092778,2004.150083,0.185292,0.033352,0.03402,0,0.0,19
1900-01-01 11:55:22.735,0.644186,0.990575,1.090794,2005.176204,0.184601,0.030741,0.03127,0,0.0,19
1900-01-01 11:55:23.537,0.642528,0.989723,1.089964,2004.010902,0.188355,0.030069,0.03254,0,0.0,19
1900-01-01 11:55:24.284,0.644783,0.99173,1.091709,2003.597103,0.183336,0.032179,0.034502,0,0.0,19
1900-01-01 11:55:25.038,0.645241,0.992881,1.093312,2004.647358,0.182204,0.027917,0.029027,0,0.0,19
1900-01-01 11:55:25.836,0.644357,0.992134,1.09183,2005.879289,0.187985,0.029005,0.029652,0,0.0,19
1900-01-01 11:55:26.636,0.645111,0.992661,1.093031,2005.599887,0.186799,0.029698,0.029853,0,0.0,19
1900-01-01 11:55:27.436,0.643877,0.992064,1.092525,2006.012433,0.19752,0.027815,0.027918,0,0.0,19
1900-01-01 11:55:28.183,0.642836,0.988623,1.090184,2005.042473,0.183544,0.030056,0.031738,0,0.0,19
1900-01-01 11:55:28.937,0.643291,0.990938,1.091533,2003.60935,0.186019,0.028364,0.03156,0,0.0,19
1900-01-01 11:55:29.687,0.643148,0.990759,1.089987,2004.40704,0.184499,0.028945,0.030915,0,0.0,19
1900-01-01 11:55:30.385,0.643063,0.98976,1.089907,2003.936802,0.187822,0.037381,0.038848,0,0.0,19
1900-01-01 11:55:31.137,0.64315,0.990074,1.089058,2003.261041,0.184922,0.028379,0.029734,0,0.0,19
1900-01-01 11:55:31.887,0.644373,0.991795,1.091849,2002.565122,0.177137,0.025946,0.027018,0,0.0,19
1900-01-01 11:55:32.638,0.64375,0.990744,1.090476,2004.570947,0.191079,0.02967,0.031466,0,0.0,19
1900-01-01 11:55:33.436,0.64541,0.994167,1.093303,2005.081671,0.183999,0.030255,0.032208,0,0.0,19
1900-01-01 11:55:34.236,0.643752,0.990627,1.091411,2006.265853,0.186762,0.030998,0.032925,0,0.0,19
1900-01-01 11:55:34.986,0.64459,0.992285,1.092436,2005.7209,0.184979,0.026233,0.02748,0,0.0,19
1900-01-01 11:55:35.737,0.64245,0.988822,1.08913,2006.561086,0.184513,0.033658,0.033828,0,0.0,19
1900-01-01 11:55:36.487,0.643414,0.990507,1.091383,2003.33835,0.181745,0.031223,0.033239,0,0.0,19
1900-01-01 11:55:37.286,0.643312,0.990364,1.089758,2002.372958,0.181679,0.034453,0.038043,0,0.0,19
1900-01-01 11:55:38.033,0.644206,0.991245,1.092484,2004.65115,0.182975,0.030003,0.030057,0,0.0,19
1900-01-01 11:55:38.786,0.644776,0.992166,1.092768,2005.273137,0.183491,0.029467,0.030158,0,0.0,19
1900-01-01 11:55:39.537,0.6431,0.990269,1.090035,2005.663326,0.185175,0.026582,0.027496,0,0.0,19
1900-01-01 11:55:40.282,0.644708,0.991205,1.091862,2004.473237,0.187046,0.031913,0.033513,0,0.0,19
1900-01-01 11:55:41.036,0.644656,0.992839,1.093117,2004.128354,0.18229,0.031027,0.029,0,0.0,19
1900-01-01 11:55:41.786,0.643904,0.992691,1.092314,2005.500876,0.186295,0.033418,0.035768,0,0.0,19
1900-01-01 11:55:42.537,0.643652,0.989514,1.090463,2006.429247,0.185699,0.028741,0.030957,0,0.0,19
1900-01-01 11:55:43.334,0.643897,0.991767,1.093043,2004.431153,0.18375,0.027835,0.028514,0,0.0,19
1900-01-01 11:55:44.086,0.645091,0.992224,1.092906,2006.446044,0.183584,0.030641,0.031405,0,0.0,19
1900-01-01 11:55:44.886,0.645406,0.992937,1.094007,2005.440762,0.18575,0.028948,0.029042,0,0.0,19
1900-01-01 11:55:45.633,0.644277,0.991632,1.091967,2006.797114,0.181784,0.028144,0.028057,0,0.0,19
1900-01-01 11:55:46.386,0.64442,0.994348,1.095354,2006.938661,0.1832,0.027132,0.029063,0,0.0,19
1900-01-01 11:55:47.185,0.644409,0.991514,1.092529,2007.660152,0.189426,0.027536,0.029116,0,0.0,19
1900-01-01 11:55:47.985,0.643063,0.990614,1.089827,2006.248173,0.182401,0.027879,0.029921,0,0.0,19
1900-01-01 11:55:48.785,0.643286,0.989787,1.089631,2003.242483,0.183612,0.027524,0.02668,0,0.0,19
1900-01-01 11:55:49.537,0.642745,0.989355,1.089888,2002.176384,0.176082,0.029854,0.031093,0,0.0,19
1900-01-01 11:55:50.282,0.644376,0.991776,1.092294,2002.777172,0.178965,0.027147,0.02841,0,0.0,19
1900-01-01 11:55:51.036,0.642219,0.98855,1.090229,2004.484778,0.17748,0.030106,0.030822,0,0.0,19
1900-01-01 11:55:51.782,0.642447,0.989416,1.090542,2003.949261,0.184919,0.034558,0.035474,0,0.0,19
1900-01-01 11:55:52.583,0.644067,0.991557,1.092705,2003.109191,0.187579,0.028801,0.030182,0,0.0,19
1900-01-01 11:55:53.383,0.64475,0.992714,1.092376,2005.918136,0.185495,0.028154,0.029874,0,0.0,19
1900-01-01 11:55:54.185,0.642424,0.988636,1.089941,2005.562909,0.184689,0.030621,0.031348,0,0.0,19
1900-01-01 11:55:54.932,0.641774,0.988947,1.090614,2003.767518,0.182328,0.027766,0.028104,0,0.0,19
1900-01-01 11:55:55.686,0.643284,0.990096,1.090985,2003.840713,0.180297,0.031474,0.033067,0,0.0,19
1900-01-01 11:55:56.431,0.643242,0.990049,1.089001,2003.068288,0.181272,0.036181,0.038352,0,0.0,19
1900-01-01 11:55:57.185,0.64451,0.990423,1.091094,2003.046574,0.179984,0.027087,0.027422,0,0.0,19
1900-01-01 11:55:57.983,0.643831,0.991983,1.092463,2002.61201,0.185423,0.02987,0.031045,0,0.0,19
1900-01-01 11:55:58.783,0.643404,0.989609,1.089918,2005.063577,0.180875,0.032414,0.033892,0,0.0,19
1900-01-01 11:55:59.583,0.643155,0.989609,1.090251,2004.315102,0.184942,0.029937,0.03066,0,0.0,19
1900-01-01 11:56:00.335,0.644197,0.990758,1.092283,2003.210883,0.18782,0.030262,0.033034,0,0.0,19
1900-01-01 11:56:01.086,0.643827,0.991793,1.092017,2003.836417,0.184612,0.03471,0.036292,0,0.0,19
1900-01-01 11:56:01.831,0.644426,0.991656,1.092639,2005.125083,0.188789,0.036474,0.037105,0,0.0,19
1900-01-01 11:56:02.633,0.642319,0.989251,1.090766,2006.333034,0.180991,0.027953,0.029574,0,0.0,19
1900-01-01 11:56:03.433,0.641869,0.987851,1.088621,2005.446656,0.185508,0.027614,0.03058,0,0.0,19
1900-01-01 11:56:04.182,0.642032,0.988166,1.089607,2003.109631,0.182793,0.035641,0.036464,0,0.0,19
1900-01-01 11:56:04.983,0.643726,0.989335,1.0911,2002.243926,0.183155,0.031402,0.033738,0,0.0,19
1900-01-01 11:56:05.735,0.642724,0.990967,1.090878,2003.179535,0.190599,0.026179,0.027287,0,0.0,19
1900-01-01 11:56:06.481,0.642201,0.987924,1.088657,2004.088304,0.184884,0.028869,0.029229,0,0.0,19
1900-01-01 11:56:07.234,0.644413,0.991664,1.091889,2003.939467,0.183882,0.027124,0.027436,0,0.0,19
1900-01-01 11:56:07.985,0.642667,0.990136,1.09039,2003.315339,0.182679,0.030299,0.032841,0,0.0,19
1900-01-01 11:56:08.783,0.642436,0.990219,1.090989,2004.083172,0.189626,0.028278,0.029313,0,0.0,19
1900-01-01 11:56:09.583,0.642623,0.988664,1.089976,2004.385824,0.186844,0.027275,0.028098,0,0.0,19
1900-01-01 11:56:10.383,0.642282,0.988389,1.090033,2002.81815,0.183916,0.0299,0.030084,0,0.0,19
1900-01-01 11:56:11.183,0.64368,0.990745,1.090975,2002.558835,0.186084,0.030328,0.033457,0,0.0,19
1900-01-01 11:56:11.983,0.645071,0.993501,1.09473,2004.368143,0.188164,0.029415,0.029445,0,0.0,19
1900-01-01 11:56:12.783,0.643857,0.990029,1.090711,2006.460339,0.185255,0.039957,0.041548,0,0.0,19
1900-01-01 11:56:13.530,0.643468,0.990156,1.090319,2004.790006,0.189236,0.031571,0.032851,0,0.0,19
1900-01-01 11:56:14.385,0.643626,0.99113,1.090976,2003.377723,0.181359,0.028277,0.028441,0,0.0,19
1900-01-01 11:56:15.183,0.644054,0.991279,1.092555,2004.278145,0.18921,0.032448,0.032998,0,0.0,19
1900-01-01 11:56:15.983,0.643549,0.991664,1.092847,2005.316998,0.177236,0.030377,0.032129,0,0.0,19
1900-01-01 11:56:16.730,0.640833,0.98648,1.087134,2005.875612,0.186271,0.032289,0.034226,0,0.0,19
1900-01-01 11:56:17.532,0.644538,0.991405,1.092942,2003.064413,0.179054,0.033204,0.03457,0,0.0,19
1900-01-01 11:56:18.284,0.643394,0.988147,1.089143,2003.141917,0.183617,0.027659,0.028992,0,0.0,19
1900-01-01 11:56:19.082,0.643331,0.98893,1.091024,2002.854249,0.182871,0.031601,0.032111,0,0.0,19
1900-01-01 11:56:19.882,0.642577,0.988848,1.089126,2003.507691,0.184846,0.027919,0.030272,0,0.0,19
1900-01-01 11:56:20.630,0.640977,0.986415,1.087616,2003.78166,0.180171,0.031944,0.033658,0,0.0,19
1900-01-01 11:56:21.431,0.644401,0.991472,1.092648,2001.943732,0.183721,0.029534,0.02969,0,0.0,19
1900-01-01 11:56:22.233,0.643589,0.990325,1.091201,2003.540597,0.18074,0.030196,0.031808,0,0.0,19
1900-01-01 11:56:23.033,0.641836,0.987476,1.088529,2004.93392,0.189098,0.026495,0.028005,0,0.0,19
1900-01-01 11:56:23.780,0.642948,0.989277,1.090405,2002.921756,0.182615,0.029651,0.030032,0,0.0,19
1900-01-01 11:56:24.534,0.643563,0.992038,1.093349,2002.765186,0.188646,0.026961,0.029824,0,0.0,19
1900-01-01 11:56:25.284,0.642917,0.990661,1.091702,2004.143011,0.179004,0.02837,0.029789,0,0.0,19
1900-01-01 11:56:26.082,0.641771,0.988555,1.0881,2004.597192,0.184297,0.033542,0.037101,0,0.0,19
1900-01-01 11:56:26.830,0.641567,0.988591,1.091105,2002.634474,0.191425,0.030195,0.03322,0,0.0,19
1900-01-01 11:56:27.583,0.641903,0.988408,1.088815,2002.818682,0.183493,0.028085,0.028702,0,0.0,19
1900-01-01 11:56:28.334,0.642457,0.989402,1.088836,2002.712647,0.181663,0.029772,0.030627,0,0.0,19
1900-01-01 11:56:29.132,0.642666,0.989272,1.090437,2002.251605,0.186787,0.02828,0.029177,0,0.0,19
1900-01-01 11:56:29.879,0.642751,0.988616,1.089176,2002.315837,0.176996,0.035002,0.036556,0,0.0,19
1900-01-01 11:56:30.681,0.644669,0.993166,1.093229,2002.217864,0.181923,0.025364,0.026052,0,0.0,19
1900-01-01 11:56:31.481,0.64175,0.988349,1.088322,2005.582206,0.177821,0.029773,0.032614,0,0.0,19
1900-01-01 11:56:32.281,0.644573,0.991966,1.091136,2003.655028,0.188363,0.03273,0.033889,0,0.0,19
1900-01-01 11:56:33.082,0.644008,0.990974,1.092029,2003.945024,0.183973,0.029378,0.031773,0,0.0,19
1900-01-01 11:56:33.882,0.642538,0.989649,1.089884,2003.855408,0.183031,0.036852,0.038748,0,0.0,19
1900-01-01 11:56:34.681,0.642825,0.988951,1.089965,2004.674303,0.185844,0.035039,0.035809,0,0.0,19
1900-01-01 11:56:35.481,0.642801,0.990102,1.090814,2004.975175,0.182943,0.029653,0.031799,0,0.0,19
1900-01-01 11:56:36.230,0.642011,0.988614,1.090244,2004.985482,0.181189,0.03423,0.034826,0,0.0,19
1900-01-01 11:56:36.983,0.642398,0.988199,1.089522,2004.534296,0.18326,0.03157,0.031914,0,0.0,19
1900-01-01 11:56:37.782,0.64368,0.991875,1.092448,2004.096016,0.180902,0.028096,0.028503,0,0.0,19
1900-01-01 11:56:38.534,0.64322,0.989781,1.090377,2005.819075,0.184402,0.03254,0.036124,0,0.0,19
1900-01-01 11:56:39.279,0.643312,0.991705,1.092442,2004.833968,0.188312,0.031335,0.033066,0,0.0,19
1900-01-01 11:56:40.081,0.642915,0.989297,1.090766,2005.921517,0.184536,0.028962,0.030446,0,0.0,19
1900-01-01 11:56:40.881,0.643326,0.991454,1.091779,2004.910346,0.186277,0.028782,0.030088,0,0.0,19
1900-01-01 11:56:41.729,0.642478,0.990535,1.091256,2004.371368,0.181212,0.032849,0.033991,0,0.0,19
1900-01-01 11:56:42.530,0.642474,0.98927,1.089953,2004.922126,0.180606,0.029867,0.031327,0,0.0,19
1900-01-01 11:56:43.279,0.641682,0.989547,1.089741,2003.468435,0.186336,0.029518,0.03078,0,0.0,19
1900-01-01 11:56:44.081,0.643641,0.991628,1.091728,2003.934478,0.189345,0.030479,0.031196,0,0.0,19
1900-01-01 11:56:44.881,0.642459,0.989458,1.090286,2004.592097,0.185352,0.029734,0.03162,0,0.0,19
1900-01-01 11:56:45.681,0.64324,0.990239,1.090516,2004.998749,0.18121,0.035742,0.0352,0,0.0,19
1900-01-01 11:56:46.529,0.642943,0.989613,1.09118,2003.798697,0.188903,0.031991,0.031354,0,0.0,19
1900-01-01 11:56:47.378,0.64321,0.990869,1.091135,2004.566378,0.186621,0.029502,0.030254,0,0.0,19
1900-01-01 11:56:48.132,0.642198,0.988557,1.089718,2004.422248,0.181933,0.029054,0.030231,0,0.0,19
1900-01-01 11:56:48.930,0.641232,0.989555,1.090932,2002.40522,0.18276,0.032765,0.033823,0,0.0,19
1900-01-01 11:56:49.778,0.64142,0.989111,1.090281,2004.287969,0.18331,0.030315,0.033331,0,0.0,19
1900-01-01 11:56:50.580,0.643085,0.989042,1.090651,2004.357752,0.182371,0.029678,0.031939,0,0.0,19
1900-01-01 11:56:51.380,0.643864,0.991618,1.092755,2004.83373,0.184688,0.03139,0.033211,0,0.0,19
1900-01-01 11:56:52.228,0.641964,0.989619,1.089133,2006.417417,0.18177,0.027376,0.027987,0,0.0,19
1900-01-01 11:56:53.030,0.642358,0.990188,1.0908,2005.51,0.18637,0.027193,0.027157,0,0.0,19
1900-01-01 11:56:53.831,0.642428,0.989361,1.089895,2004.980987,0.181649,0.031648,0.03426,0,0.0,19
1900-01-01 11:56:54.630,0.644107,0.991271,1.091977,2004.38516,0.182576,0.032959,0.03382,0,0.0,19
1900-01-01 11:56:55.430,0.643011,0.991316,1.09148,2004.851411,0.185037,0.028354,0.029585,0,0.0,19
1900-01-01 11:56:56.230,0.642814,0.989603,1.089046,2003.932023,0.186117,0.030908,0.032994,0,0.0,19
1900-01-01 11:56:57.030,0.641449,0.990102,1.090895,2003.183548,0.18371,0.032583,0.033728,0,0.0,19
1900-01-01 11:56:57.830,0.642131,0.989754,1.090228,2004.320995,0.188017,0.028506,0.028539,0,0.0,19
1900-01-01 11:56:58.631,0.642409,0.989899,1.089528,2003.150394,0.184676,0.032066,0.032171,0,0.0,19
1900-01-01 11:56:59.430,0.643115,0.990542,1.090654,2003.647549,0.182535,0.031952,0.032022,0,0.0,19
1900-01-01 11:57:00.278,0.642194,0.98856,1.089273,2003.59298,0.184104,0.031387,0.032506,0,0.0,19
1900-01-01 11:57:01.132,0.643085,0.990571,1.091407,2003.878319,0.182054,0.028394,0.028325,0,0.0,19
1900-01-01 11:57:01.929,0.643047,0.990884,1.090195,2004.715106,0.18759,0.028823,0.02946,0,0.0,19
1900-01-01 11:57:02.729,0.642741,0.99018,1.090022,2003.973278,0.175285,0.031528,0.033273,0,0.0,19
1900-01-01 11:57:03.529,0.641921,0.990535,1.090791,2004.509587,0.189875,0.029986,0.030005,0,0.0,19
1900-01-01 11:57:04.329,0.641383,0.988435,1.088931,2004.745328,0.184599,0.034204,0.035532,0,0.0,19
1900-01-01 11:57:05.129,0.642906,0.990902,1.092525,2003.855408,0.185947,0.030701,0.030678,0,0.0,19
1900-01-01 11:57:05.982,0.642893,0.991248,1.091064,2005.043368,0.185519,0.0259,0.026593,0,0.0,19
1900-01-01 11:57:06.828,0.640806,0.988264,1.088251,2006.276066,0.182317,0.030739,0.032292,0,0.0,19
1900-01-01 11:57:07.678,0.642815,0.989238,1.08962,2004.361556,0.182472,0.02665,0.025527,0,0.0,19
1900-01-01 11:57:08.479,0.642396,0.990941,1.091776,2003.780212,0.18295,0.034539,0.037175,0,0.0,19
1900-01-01 11:57:09.279,0.642545,0.990909,1.091469,2005.440762,0.187531,0.032881,0.034988,0,0.0,19
1900-01-01 11:57:10.079,0.641803,0.989281,1.089356,2005.087151,0.180755,0.032227,0.032832,0,0.0,19
1900-01-01 11:57:10.879,0.642932,0.990213,1.091021,2004.757115,0.186789,0.031151,0.033123,0,0.0,19
1900-01-01 11:57:11.679,0.640615,0.987713,1.087461,2003.761112,0.187689,0.026226,0.02687,0,0.0,19
1900-01-01 11:57:12.479,0.641554,0.989616,1.090539,2004.344569,0.179725,0.030334,0.031541,0,0.0,19
1900-01-01 11:57:13.279,0.642269,0.990942,1.090435,2004.138296,0.178397,0.029272,0.030635,0,0.0,19
1900-01-01 11:57:14.079,0.642315,0.98997,1.089275,2004.939814,0.184515,0.02989,0.030143,0,0.0,19
1900-01-01 11:57:14.879,0.641495,0.989924,1.090378,2004.721754,0.181794,0.028829,0.029203,0,0.0,19
1900-01-01 11:57:15.727,0.642051,0.989241,1.089208,2002.614435,0.18448,0.029283,0.030997,0,0.0,19
1900-01-01 11:57:16.529,0.640813,0.98859,1.088509,2001.918045,0.186959,0.028851,0.030185,0,0.0,19
1900-01-01 11:57:17.377,0.641166,0.988331,1.090021,2002.475437,0.186228,0.029453,0.029365,0,0.0,19
1900-01-01 11:57:18.178,0.641176,0.987749,1.088439,2001.084354,0.186379,0.028695,0.030001,0,0.0,19
1900-01-01 11:57:18.978,0.641291,0.989262,1.089367,2002.199331,0.186443,0.031355,0.033567,0,0.0,19
1900-01-01 11:57:19.778,0.642039,0.989393,1.090516,2002.81815,0.180806,0.027876,0.028039,0,0.0,19
1900-01-01 11:57:20.578,0.64158,0.990174,1.089689,2003.790579,0.184758,0.030054,0.031296,0,0.0,19
1900-01-01 11:57:21.378,0.642486,0.991001,1.091882,2004.645138,0.184232,0.030195,0.031271,0,0.0,19
1900-01-01 11:57:22.178,0.641737,0.990351,1.090596,2005.676502,0.183055,0.024415,0.024692,0,0.0,19
1900-01-01 11:57:23.026,0.641748,0.988913,1.08884,2005.199795,0.181241,0.032366,0.03318,0,0.0,19
1900-01-01 11:57:23.828,0.642005,0.989199,1.089827,2003.099686,0.187399,0.037348,0.039906,0,0.0,19
1900-01-01 11:57:24.628,0.641652,0.989708,1.090355,2003.236589,0.180972,0.029391,0.030586,0,0.0,19
1900-01-01 11:57:25.476,0.642181,0.989873,1.091299,2004.704963,0.188205,0.027169,0.02787,0,0.0,19
1900-01-01 11:57:26.330,0.643152,0.991776,1.091579,2004.678843,0.180119,0.033553,0.034689,0,0.0,19
1900-01-01 11:57:27.129,0.642089,0.989694,1.090298,2005.771868,0.180718,0.031428,0.03138,0,0.0,19
1900-01-01 11:57:27.980,0.642773,0.991849,1.091974,2005.553376,0.189673,0.028593,0.029078,0,0.0,19
1900-01-01 11:57:28.778,0.642061,0.989574,1.090149,2005.761124,0.178616,0.027245,0.027487,0,0.0,19
1900-01-01 11:57:29.578,0.643129,0.990896,1.090918,2005.045897,0.186492,0.028639,0.030391,0,0.0,19
1900-01-01 11:57:30.378,0.641593,0.989419,1.088575,2003.814153,0.182198,0.030301,0.031597,0,0.0,19
1900-01-01 11:57:31.178,0.642341,0.990745,1.090584,2003.755218,0.182804,0.029678,0.030438,0,0.0,19
1900-01-01 11:57:31.978,0.643726,0.991992,1.092043,2003.94381,0.183014,0.03267,0.035214,0,0.0,19
1900-01-01 11:57:32.777,0.641833,0.989221,1.089194,2006.025606,0.187921,0.030131,0.029723,0,0.0,19
1900-01-01 11:57:33.626,0.642066,0.989477,1.089642,2005.871419,0.185601,0.027751,0.028025,0,0.0,19
1900-01-01 11:57:34.476,0.642346,0.989892,1.090064,2004.849678,0.181534,0.030166,0.030884,0,0.0,19
1900-01-01 11:57:35.278,0.642771,0.991451,1.091052,2004.745754,0.185246,0.02836,0.03041,0,0.0,19
1900-01-01 11:57:36.078,0.642709,0.99045,1.090056,2004.827837,0.186757,0.028383,0.029916,0,0.0,19
1900-01-01 11:57:36.878,0.64112,0.98787,1.088403,2003.908449,0.184686,0.027099,0.027268,0,0.0,19
1900-01-01 11:57:37.726,0.643735,0.992789,1.092459,2002.825711,0.181132,0.032115,0.033112,0,0.0,19
1900-01-01 11:57:38.527,0.643824,0.992547,1.092143,2005.916886,0.186171,0.03052,0.031891,0,0.0,19
1900-01-01 11:57:39.327,0.643293,0.990922,1.091744,2006.065474,0.184947,0.033406,0.034403,0,0.0,19
1900-01-01 11:57:40.127,0.642085,0.989124,1.089459,2005.652928,0.187357,0.028719,0.029061,0,0.0,19
1900-01-01 11:57:40.927,0.643759,0.992195,1.092066,2005.405401,0.188905,0.025123,0.025334,0,0.0,19
1900-01-01 11:57:41.775,0.642051,0.990133,1.089815,2006.650933,0.185389,0.027613,0.028632,0,0.0,19
1900-01-01 11:57:42.630,0.642238,0.989496,1.090277,2004.519203,0.184753,0.030069,0.031096,0,0.0,19
1900-01-01 11:57:43.476,0.643691,0.992465,1.092302,2005.51813,0.183065,0.028016,0.029451,0,0.0,19
1900-01-01 11:57:44.329,0.641225,0.988602,1.089481,2008.315545,0.177892,0.030345,0.030034,0,0.0,19
1900-01-01 11:57:45.175,0.640681,0.988773,1.088664,2006.025278,0.183985,0.031215,0.033204,0,0.0,19
1900-01-01 11:57:46.126,0.643001,0.991043,1.091399,2005.312859,0.185163,0.033094,0.031992,0,0.0,19
1900-01-01 11:57:46.874,0.641553,0.988928,1.090073,2005.672626,0.182596,0.034928,0.036769,0,0.0,19
1900-01-01 11:57:47.676,0.64351,0.992531,1.092484,2007.355947,0.182963,0.030685,0.031637,0,0.0,19
1900-01-01 11:57:48.526,0.640944,0.988781,1.090247,2006.863178,0.186659,0.027183,0.02723,0,0.0,19
1900-01-01 11:57:49.378,0.641795,0.989493,1.089793,2004.822165,0.184747,0.027883,0.029633,0,0.0,19
1900-01-01 11:57:50.225,0.643357,0.991322,1.09193,2005.094367,0.187831,0.029646,0.02994,0,0.0,19
1900-01-01 11:57:51.074,0.64201,0.990003,1.090789,2005.932506,0.18727,0.028391,0.028838,0,0.0,19
1900-01-01 11:57:51.876,0.641684,0.988891,1.089196,2005.445333,0.18598,0.02901,0.02959,0,0.0,19
1900-01-01 11:57:52.676,0.64116,0.987575,1.088747,2004.992855,0.191292,0.02768,0.028873,0,0.0,19
1900-01-01 11:57:53.476,0.643562,0.990509,1.09194,2004.138296,0.187858,0.034272,0.032994,0,0.0,19
1900-01-01 11:57:54.278,0.642993,0.990037,1.090686,2006.380064,0.191853,0.030832,0.031218,0,0.0,19
1900-01-01 11:57:55.076,0.641048,0.988476,1.08909,2005.371177,0.182371,0.032825,0.033162,0,0.0,19
1900-01-01 11:57:55.876,0.642702,0.990003,1.089792,2002.753321,0.179288,0.028617,0.029354,0,0.0,19
1900-01-01 11:57:56.724,0.642763,0.990597,1.090227,2004.093372,0.186378,0.029074,0.030343,0,0.0,19
1900-01-01 11:57:57.574,0.642692,0.990275,1.091296,2006.375057,0.18592,0.028454,0.028565,0,0.0,19
1900-01-01 11:57:58.428,0.643792,0.991254,1.090514,2007.555207,0.189629,0.030166,0.030881,0,0.0,19
1900-01-01 11:57:59.274,0.64227,0.988984,1.09038,2006.376381,0.184709,0.030529,0.033129,0,0.0,19
1900-01-01 11:58:00.124,0.6425,0.990794,1.092377,2005.376627,0.181657,0.029542,0.030616,0,0.0,19
1900-01-01 11:58:00.926,0.64154,0.989801,1.089907,2006.109639,0.184437,0.03133,0.033394,0,0.0,19
1900-01-01 11:58:01.726,0.644553,0.992609,1.093272,2005.381827,0.180876,0.032476,0.033591,0,0.0,19
1900-01-01 11:58:02.574,0.641203,0.988653,1.089013,2005.355473,0.189825,0.034172,0.036923,0,0.0,19
1900-01-01 11:58:03.428,0.640484,0.986514,1.086663,2004.441446,0.182049,0.031657,0.033735,0,0.0,19
1900-01-01 11:58:04.226,0.642153,0.989443,1.090644,2003.297371,0.190998,0.029105,0.028657,0,0.0,19
1900-01-01 11:58:05.078,0.642731,0.989888,1.090257,2004.257716,0.179042,0.032153,0.033208,0,0.0,19
1900-01-01 11:58:05.924,0.641631,0.990287,1.091129,2005.200466,0.182808,0.026088,0.027894,0,0.0,19
1900-01-01 11:58:06.774,0.642346,0.989917,1.089912,2006.291854,0.181047,0.03029,0.031572,0,0.0,19
1900-01-01 11:58:07.575,0.645044,0.990463,1.090675,2004.786744,0.190795,0.03147,0.032686,0,0.0,19
1900-01-01 11:58:08.423,0.644107,0.991266,1.091018,2002.91467,0.179457,0.027028,0.027577,0,0.0,19
1900-01-01 11:58:09.278,0.644682,0.990547,1.08917,2002.655337,0.183894,0.036304,0.039406,0,0.0,19
1900-01-01 11:58:10.074,0.64323,0.989401,1.089146,2001.0899,0.178155,0.028923,0.030401,0,0.0,19
1900-01-01 11:58:10.876,0.643955,0.989579,1.090079,1999.895733,0.182879,0.029756,0.030656,0,0.0,19
1900-01-01 11:58:11.676,0.643824,0.990469,1.090676,2001.085458,0.184535,0.029724,0.029937,0,0.0,19
1900-01-01 11:58:12.474,0.642844,0.988844,1.088664,2002.765625,0.178769,0.028728,0.030264,0,0.0,19
1900-01-01 11:58:13.274,0.643608,0.990443,1.090722,2002.0461,0.186241,0.032625,0.033086,0,0.0,19
1900-01-01 11:58:14.076,0.645887,0.993651,1.094031,2003.734598,0.180982,0.030826,0.031295,0,0.0,19
1900-01-01 11:58:14.876,0.642249,0.988284,1.087828,2004.651032,0.187303,0.029345,0.029912,0,0.0,19
1900-01-01 11:58:15.724,0.64358,0.990015,1.089891,2002.347559,0.1839,0.030766,0.03187,0,0.0,19
1900-01-01 11:58:16.526,0.643504,0.989762,1.089185,1999.819308,0.193497,0.027498,0.029796,0,0.0,19
1900-01-01 11:58:17.324,0.643068,0.990298,1.089573,1999.858751,0.185734,0.027704,0.030258,0,0.0,19
1900-01-01 11:58:18.174,0.642865,0.989781,1.088713,2000.573069,0.18269,0.031346,0.033179,0,0.0,19
1900-01-01 11:58:18.975,0.644113,0.992121,1.09157,2000.436877,0.18349,0.025437,0.027556,0,0.0,19
1900-01-01 11:58:19.876,0.64357,0.990465,1.08957,2003.466737,0.181558,0.033805,0.035819,0,0.0,19
1900-01-01 11:58:20.724,0.644744,0.991259,1.091288,2004.426967,0.182518,0.030491,0.032169,0,0.0,19
1900-01-01 11:58:21.574,0.643402,0.990078,1.091209,2002.076261,0.187655,0.030211,0.032099,0,0.0,19
1900-01-01 11:58:22.374,0.643102,0.990069,1.090183,2002.246479,0.186653,0.03093,0.031428,0,0.0,19
1900-01-01 11:58:23.175,0.643136,0.989571,1.089482,2003.638944,0.185137,0.031297,0.031523,0,0.0,19
1900-01-01 11:58:24.026,0.643002,0.989597,1.089232,2001.863526,0.187792,0.036938,0.038771,0,0.0,19
1900-01-01 11:58:24.873,0.642285,0.989754,1.089208,2001.465022,0.190981,0.029218,0.03255,0,0.0,19
1900-01-01 11:58:25.674,0.642625,0.988752,1.087682,2002.338105,0.186321,0.032007,0.032848,0,0.0,19
1900-01-01 11:58:26.474,0.642814,0.988763,1.089333,2001.427281,0.182332,0.030236,0.032179,0,0.0,19
1900-01-01 11:58:27.322,0.642336,0.988938,1.088775,2002.642234,0.182143,0.028163,0.029711,0,0.0,19
1900-01-01 11:58:28.124,0.642077,0.988976,1.089391,2002.164955,0.183646,0.031336,0.0323,0,0.0,19
1900-01-01 11:58:28.972,0.638924,0.984876,1.084268,2002.608875,0.188841,0.032624,0.035631,0,0.0,19
1900-01-01 11:58:29.826,0.640927,0.989169,1.090019,2001.957062,0.186591,0.0292,0.028542,0,0.0,19
1900-01-01 11:58:30.673,0.64128,0.988576,1.089023,2004.020036,0.185079,0.031311,0.031683,0,0.0,19
1900-01-01 11:58:31.522,0.640458,0.988451,1.088571,2004.322029,0.184167,0.032658,0.035624,0,0.0,19
1900-01-01 11:58:32.372,0.64132,0.990745,1.09109,2003.218909,0.176715,0.031377,0.033132,0,0.0,19
1900-01-01 11:58:33.174,0.642064,0.991196,1.090445,2004.598784,0.183829,0.031351,0.033545,0,0.0,19
1900-01-01 11:58:33.974,0.64286,0.991001,1.090217,2006.201025,0.182181,0.031884,0.031191,0,0.0,19
1900-01-01 11:58:34.774,0.640399,0.988474,1.088448,2005.82384,0.190989,0.029237,0.03056,0,0.0,19
1900-01-01 11:58:35.622,0.64194,0.990554,1.090411,2006.367378,0.182753,0.028597,0.029835,0,0.0,19
1900-01-01 11:58:36.471,0.639153,0.986286,1.08619,2005.371616,0.184852,0.027535,0.029289,0,0.0,19
1900-01-01 11:58:37.273,0.640525,0.987942,1.088532,2003.534718,0.186078,0.029343,0.03205,0,0.0,19
1900-01-01 11:58:38.121,0.641723,0.989538,1.089902,2005.044118,0.183622,0.030695,0.032732,0,0.0,19
1900-01-01 11:58:38.975,0.64057,0.988284,1.08776,2005.363429,0.186136,0.027236,0.030373,0,0.0,19
1900-01-01 11:58:39.774,0.642195,0.990962,1.091252,2004.798222,0.180415,0.031301,0.032714,0,0.0,19
1900-01-01 11:58:40.574,0.642381,0.989662,1.088724,2007.138093,0.182397,0.027075,0.029209,0,0.0,19
1900-01-01 11:58:41.422,0.642082,0.989291,1.089555,2006.523055,0.183051,0.030864,0.031813,0,0.0,19
1900-01-01 11:58:42.223,0.640973,0.988345,1.089379,2004.71611,0.19027,0.030147,0.031247,0,0.0,19
1900-01-01 11:58:43.071,0.641977,0.990721,1.091223,2005.622349,0.182328,0.029349,0.030253,0,0.0,19
1900-01-01 11:58:43.921,0.639189,0.986019,1.086821,2006.302948,0.183601,0.028068,0.030487,0,0.0,19
1900-01-01 11:58:44.775,0.641603,0.988801,1.088696,2003.232379,0.183676,0.028973,0.030539,0,0.0,19
1900-01-01 11:58:45.674,0.639615,0.985845,1.085809,2003.222265,0.184157,0.030042,0.030868,0,0.0,19
1900-01-01 11:58:46.574,0.642286,0.989823,1.090315,2002.370243,0.184232,0.034252,0.036098,0,0.0,19
1900-01-01 11:58:47.422,0.641915,0.990399,1.089382,2005.233155,0.186927,0.031274,0.034014,0,0.0,19
1900-01-01 11:58:48.223,0.641799,0.990574,1.090136,2007.323676,0.181779,0.031366,0.034001,0,0.0,19
1900-01-01 11:58:49.023,0.642243,0.989708,1.089608,2006.165664,0.19138,0.033685,0.035646,0,0.0,19
1900-01-01 11:58:49.871,0.640466,0.987928,1.088656,2005.57231,0.188004,0.031252,0.031417,0,0.0,19
1900-01-01 11:58:50.721,0.640351,0.987397,1.087664,2005.310065,0.184385,0.031262,0.032701,0,0.0,19
1900-01-01 11:58:51.522,0.641707,0.989152,1.090377,2005.393018,0.189111,0.032587,0.033006,0,0.0,19
1900-01-01 11:58:52.375,0.641077,0.988793,1.089524,2005.104169,0.186987,0.030142,0.032167,0,0.0,19
1900-01-01 11:58:53.222,0.642737,0.990021,1.090531,2006.324559,0.184924,0.030717,0.032155,0,0.0,19
1900-01-01 11:58:54.074,0.641511,0.987903,1.088446,2006.233287,0.183302,0.034223,0.036324,0,0.0,19
1900-01-01 11:58:54.974,0.642017,0.989701,1.091316,2004.224734,0.185125,0.03088,0.031449,0,0.0,19
1900-01-01 11:58:55.825,0.643507,0.992885,1.092503,2005.425949,0.187351,0.029643,0.031383,0,0.0,19
1900-01-01 11:58:56.671,0.641792,0.989772,1.0895,2008.828527,0.182994,0.028067,0.029808,0,0.0,19
1900-01-01 11:58:57.473,0.641343,0.987922,1.088017,2008.067284,0.186007,0.03255,0.033937,0,0.0,19
1900-01-01 11:58:58.321,0.64163,0.988579,1.089913,2004.376928,0.189808,0.037074,0.040654,0,0.0,19
1900-01-01 11:58:59.170,0.642449,0.988494,1.08803,2004.460864,0.187098,0.027813,0.03035,0,0.0,19
1900-01-01 11:59:00.020,0.641333,0.989034,1.09001,2004.217339,0.187163,0.028701,0.030804,0,0.0,19
1900-01-01 11:59:00.874,0.641302,0.987571,1.087545,2005.462804,0.18399,0.027503,0.028228,0,0.0,19
1900-01-01 11:59:01.774,0.640314,0.986912,1.087171,2003.124612,0.186748,0.036094,0.039032,0,0.0,19
1900-01-01 11:59:02.620,0.641072,0.988183,1.087969,2003.227603,0.176847,0.030784,0.033712,0,0.0,19
1900-01-01 11:59:03.474,0.639974,0.986882,1.087298,2004.20405,0.183741,0.027956,0.028349,0,0.0,19
1900-01-01 11:59:04.420,0.643302,0.991013,1.091175,2004.53746,0.182991,0.031475,0.033008,0,0.0,19
1900-01-01 11:59:05.274,0.641855,0.990067,1.090106,2006.865101,0.184245,0.030096,0.031735,0,0.0,19
1900-01-01 11:59:06.073,0.640887,0.989162,1.090183,2006.603893,0.185374,0.031685,0.034212,0,0.0,19
1900-01-01 11:59:06.919,0.641302,0.988084,1.088023,2006.014132,0.177821,0.03304,0.034869,0,0.0,19
1900-01-01 11:59:07.721,0.642136,0.99115,1.091132,2004.545874,0.185113,0.028091,0.029865,0,0.0,19
1900-01-01 11:59:08.574,0.64112,0.988934,1.089417,2007.21008,0.182185,0.028592,0.0305,0,0.0,19
1900-01-01 11:59:09.420,0.641972,0.989418,1.08899,2007.21234,0.188728,0.027907,0.02928,0,0.0,19
1900-01-01 11:59:10.270,0.642006,0.990047,1.09055,2005.099285,0.189077,0.035206,0.037569,0,0.0,19
1900-01-01 11:59:11.119,0.640779,0.989515,1.089198,2007.892844,0.18411,0.028719,0.031258,0,0.0,19
1900-01-01 11:59:12.022,0.641547,0.988232,1.087933,2006.842889,0.189527,0.034181,0.036062,0,0.0,19
1900-01-01 11:59:12.922,0.641113,0.989076,1.089509,2005.560597,0.182325,0.03056,0.030302,0,0.0,19
1900-01-01 11:59:13.822,0.640693,0.988166,1.087845,2004.523339,0.190954,0.027169,0.028076,0,0.0,19
1900-01-01 11:59:14.722,0.641533,0.988137,1.088447,2003.119374,0.182525,0.027733,0.027938,0,0.0,19
1900-01-01 11:59:15.569,0.642074,0.990802,1.089945,2005.116633,0.186492,0.032977,0.036005,0,0.0,19
1900-01-01 11:59:16.423,0.640711,0.986194,1.08634,2006.986559,0.184846,0.035136,0.03712,0,0.0,19
1900-01-01 11:59:17.270,0.640165,0.987008,1.087147,2003.379891,0.188616,0.034742,0.036373,0,0.0,19
1900-01-01 11:59:18.119,0.637112,0.979929,1.079394,2003.36685,0.185885,0.06632,0.071448,0,0.0,19
1900-01-01 11:59:18.969,0.639838,0.985056,1.086962,1996.912159,0.178592,0.029458,0.031355,0,0.0,19
1900-01-01 11:59:19.871,0.640799,0.988294,1.089,2000.504601,0.181421,0.032162,0.034965,0,0.0,19
1900-01-01 11:59:20.719,0.641153,0.987173,1.087237,2004.799481,0.184645,0.036883,0.040789,0,0.0,19
1900-01-01 11:59:21.569,0.640474,0.987866,1.088875,2004.123042,0.184241,0.029716,0.03139,0,0.0,19
1900-01-01 11:59:22.471,0.640875,0.989138,1.089601,2005.32395,0.186495,0.028585,0.030247,0,0.0,19
1900-01-01 11:59:23.319,0.642101,0.988498,1.089458,2005.249835,0.185765,0.02826,0.029052,0,0.0,19
1900-01-01 11:59:24.169,0.640592,0.987681,1.088323,2005.287877,0.179935,0.027229,0.028984,0,0.0,19
1900-01-01 11:59:25.018,0.640656,0.98756,1.088657,2004.599698,0.186547,0.031841,0.033137,0,0.0,19
1900-01-01 11:59:25.921,0.641111,0.987953,1.087638,2004.0965,0.191396,0.028316,0.029965,0,0.0,19
1900-01-01 11:59:26.822,0.63871,0.984894,1.085706,2003.524298,0.182386,0.037356,0.039219,0,0.0,19
1900-01-01 11:59:27.673,0.641274,0.988875,1.088433,2002.749976,0.180725,0.031545,0.03324,0,0.0,19
1900-01-01 11:59:28.519,0.641724,0.989666,1.090206,2004.253046,0.18186,0.031877,0.033397,0,0.0,19
1900-01-01 11:59:29.422,0.640675,0.987325,1.08721,2006.482621,0.182801,0.026843,0.027937,0,0.0,19
1900-01-01 11:59:30.268,0.642103,0.988556,1.087991,2005.99184,0.185596,0.033601,0.036153,0,0.0,19
1900-01-01 11:59:31.170,0.642254,0.988596,1.088623,2005.052143,0.185099,0.030716,0.0318,0,0.0,19
1900-01-01 11:59:32.071,0.639718,0.98571,1.084859,2003.592326,0.181909,0.035078,0.036315,0,0.0,19
1900-01-01 11:59:32.919,0.636596,0.980164,1.080736,2000.907541,0.177179,0.027737,0.028762,0,0.0,19
1900-01-01 11:59:33.769,0.641413,0.988929,1.089112,1998.986675,0.177815,0.035185,0.038417,0,0.0,19
1900-01-01 11:59:34.618,0.641472,0.988797,1.088982,2002.639359,0.17802,0.030663,0.031287,0,0.0,19
1900-01-01 11:59:35.521,0.640436,0.988092,1.088391,2004.540308,0.183289,0.030112,0.031501,0,0.0,19
1900-01-01 11:59:36.372,0.641706,0.990393,1.090603,2003.647507,0.185784,0.030011,0.031679,0,0.0,19
1900-01-01 11:59:37.218,0.642885,0.989213,1.089381,2005.819075,0.180007,0.033607,0.034909,0,0.0,19
1900-01-01 11:59:38.121,0.640169,0.988342,1.088187,2006.466957,0.178576,0.032133,0.034447,0,0.0,19
1900-01-01 11:59:39.020,0.641536,0.989659,1.089294,2006.903906,0.184152,0.036197,0.036923,0,0.0,19
1900-01-01 11:59:39.868,0.640794,0.98786,1.087128,2007.190245,0.17924,0.030047,0.030321,0,0.0,19
1900-01-01 11:59:40.718,0.638689,0.984488,1.085654,2005.543032,0.184386,0.037212,0.037476,0,0.0,19
1900-01-01 11:59:41.567,0.641416,0.988482,1.087856,2003.361297,0.182389,0.030435,0.032047,0,0.0,19
1900-01-01 11:59:42.422,0.64163,0.989281,1.08931,2004.673606,0.179583,0.031506,0.034593,0,0.0,19
1900-01-01 11:59:43.271,0.6418,0.989638,1.088852,2006.232388,0.183767,0.03019,0.031775,0,0.0,19
1900-01-01 11:59:44.118,0.641776,0.990157,1.090477,2007.003669,0.18223,0.028877,0.030166,0,0.0,19
1900-01-01 11:59:44.972,0.640564,0.988542,1.088546,2007.825729,0.188099,0.031456,0.033464,0,0.0,19
1900-01-01 11:59:45.870,0.6393,0.987109,1.087298,2007.194889,0.189734,0.02879,0.0299,0,0.0,19
1900-01-01 11:59:46.718,0.641376,0.988975,1.088472,2006.089382,0.181,0.02881,0.031446,0,0.0,19
1900-01-01 11:59:47.567,0.640699,0.987931,1.088971,2005.61041,0.188611,0.028984,0.030889,0,0.0,19
1900-01-01 11:59:48.470,0.641407,0.988406,1.08834,2006.801119,0.187342,0.036778,0.037589,0,0.0,19
1900-01-01 11:59:49.370,0.641837,0.990167,1.09103,2006.362114,0.18102,0.029016,0.029433,0,0.0,19
1900-01-01 11:59:50.217,0.639861,0.986711,1.087678,2007.064901,0.181179,0.027431,0.028916,0,0.0,19
1900-01-01 11:59:51.071,0.640214,0.987128,1.088804,2005.335824,0.180228,0.029463,0.031602,0,0.0,19
1900-01-01 11:59:51.921,0.641518,0.988984,1.089675,2005.470923,0.188084,0.029658,0.031255,0,0.0,19
1900-01-01 11:59:52.767,0.640657,0.988208,1.088838,2006.961552,0.181684,0.029533,0.030772,0,0.0,19
1900-01-01 11:59:53.670,0.640425,0.987709,1.087912,2006.618374,0.183395,0.027779,0.028588,0,0.0,19
1900-01-01 11:59:54.521,0.639985,0.987481,1.087699,2006.473068,0.185553,0.031308,0.032793,0,0.0,19
1900-01-01 11:59:55.420,0.641612,0.989536,1.089314,2005.351533,0.181008,0.029202,0.031132,0,0.0,19
1900-01-01 11:59:56.271,0.639491,0.986598,1.086436,2006.633737,0.179514,0.033037,0.035451,0,0.0,19
1900-01-01 11:59:57.118,0.637666,0.983958,1.083904,2004.136932,0.178569,0.03319,0.036742,0,0.0,19
1900-01-01 11:59:57.970,0.635848,0.979602,1.0808,2001.457607,0.171186,0.030476,0.033521,0,0.0,19
1900-01-01 11:59:58.870,0.642554,0.991626,1.091234,1999.640893,0.179154,0.02983,0.031247,0,0.0,19
1900-01-01 11:59:59.769,0.640777,0.988695,1.089815,2007.958051,0.184668,0.028723,0.028851,0,0.0,19
1900-01-01 12:00:00.718,0.640443,0.988516,1.089234,2009.059707,0.177292,0.030298,0.03151,0,0.0,19
1900-01-01 12:00:01.618,0.640343,0.987974,1.087804,2007.456997,0.18875,0.031464,0.033596,0,0.0,19
1900-01-01 12:00:02.519,0.640638,0.989125,1.09009,2006.559358,0.179946,0.028186,0.030034,0,0.0,19
1900-01-01 12:00:03.420,0.640807,0.988664,1.088092,2006.308181,0.178337,0.03089,0.033612,0,0.0,19
1900-01-01 12:00:04.266,0.642084,0.991088,1.090944,2006.40982,0.180781,0.029313,0.032227,0,0.0,19
1900-01-01 12:00:05.116,0.639684,0.988144,1.088345,2008.527228,0.18006,0.035813,0.038545,0,0.0,19
1900-01-01 12:00:06.018,0.641678,0.990162,1.090273,2007.93748,0.190062,0.029323,0.030239,0,0.0,19
1900-01-01 12:00:06.919,0.638791,0.98476,1.085257,2008.223408,0.180999,0.028192,0.030667,0,0.0,19
1900-01-01 12:00:07.818,0.641256,0.989016,1.088997,2005.744871,0.185937,0.027788,0.029211,0,0.0,19
1900-01-01 12:00:08.719,0.640172,0.988017,1.087908,2007.234397,0.183627,0.032903,0.037728,0,0.0,19
1900-01-01 12:00:09.620,0.640306,0.989649,1.089183,2006.643084,0.183645,0.03181,0.032944,0,0.0,19
1900-01-01 12:00:10.519,0.639697,0.987667,1.088875,2006.982574,0.176767,0.028935,0.0287,0,0.0,19
1900-01-01 12:00:11.366,0.641863,0.989686,1.091193,2007.237462,0.185356,0.031438,0.034784,0,0.0,19
1900-01-01 12:00:12.220,0.640527,0.988118,1.089385,2008.300522,0.187798,0.029867,0.030262,0,0.0,19
1900-01-01 12:00:13.119,0.64052,0.988643,1.0896,2007.522758,0.180919,0.031574,0.033956,0,0.0,19
1900-01-01 12:00:13.966,0.641404,0.990498,1.090292,2007.994503,0.186293,0.030598,0.031591,0,0.0,19
1900-01-01 12:00:14.815,0.640588,0.989459,1.088819,2008.775829,0.18442,0.028617,0.028807,0,0.0,19
1900-01-01 12:00:15.718,0.639151,0.986877,1.087678,2007.260591,0.186107,0.031563,0.03119,0,0.0,19
1900-01-01 12:00:16.618,0.641247,0.989024,1.08908,2006.875504,0.186015,0.030686,0.030813,0,0.0,19
1900-01-01 12:00:17.465,0.64146,0.98924,1.089121,2007.276427,0.186361,0.02905,0.03025,0,0.0,19
1900-01-01 12:00:18.367,0.640514,0.987776,1.088196,2006.609807,0.180136,0.030938,0.032581,0,0.0,19
1900-01-01 12:00:19.268,0.641594,0.988041,1.08799,2005.088924,0.180673,0.032444,0.033961,0,0.0,19
1900-01-01 12:00:20.119,0.641354,0.98869,1.088876,2005.248659,0.184389,0.02954,0.031945,0,0.0,19
1900-01-01 12:00:20.966,0.639972,0.986624,1.086312,2005.255795,0.184149,0.031701,0.032224,0,0.0,19
1900-01-01 12:00:21.868,0.640398,0.989167,1.0879,2004.712384,0.186895,0.02834,0.030467,0,0.0,19
1900-01-01 12:00:22.714,0.640353,0.988624,1.088935,2004.42581,0.179234,0.029498,0.031186,0,0.0,19
1900-01-01 12:00:23.569,0.640377,0.988753,1.089256,2006.73599,0.188187,0.037579,0.039402,0,0.0,19
1900-01-01 12:00:24.468,0.640345,0.987761,1.089243,2008.896817,0.185079,0.032769,0.033997,0,0.0,19
1900-01-01 12:00:25.367,0.641005,0.990669,1.090694,2006.736082,0.185414,0.027203,0.029815,0,0.0,19
1900-01-01 12:00:26.268,0.641023,0.990057,1.091069,2007.888505,0.181503,0.02979,0.032493,0,0.0,19
1900-01-01 12:00:27.167,0.642512,0.990167,1.089468,2009.92474,0.18277,0.035756,0.036208,0,0.0,19
1900-01-01 12:00:28.068,0.643727,0.989358,1.087725,2005.491854,0.186292,0.032819,0.03571,0,0.0,19
1900-01-01 12:00:28.967,0.641729,0.9905,1.089866,2001.669892,0.184946,0.028277,0.028968,0,0.0,19
1900-01-01 12:00:29.818,0.640626,0.989159,1.089275,2007.160067,0.186212,0.027801,0.029328,0,0.0,19
1900-01-01 12:00:30.718,0.642397,0.991264,1.090397,2009.190999,0.18217,0.028618,0.029747,0,0.0,19
1900-01-01 12:00:31.617,0.639557,0.989384,1.089478,2009.332111,0.184692,0.029459,0.031912,0,0.0,19
1900-01-01 12:00:32.518,0.640516,0.989282,1.089366,2009.662445,0.18399,0.028109,0.02913,0,0.0,19
1900-01-01 12:00:33.466,0.640262,0.987827,1.08684,2008.109179,0.18673,0.032961,0.035342,0,0.0,19
1900-01-01 12:00:34.367,0.640254,0.988198,1.088489,2005.784895,0.179517,0.030155,0.032157,0,0.0,19
1900-01-01 12:00:35.215,0.640379,0.988801,1.088753,2007.234724,0.186889,0.033789,0.03416,0,0.0,19
1900-01-01 12:00:36.116,0.639589,0.98758,1.088326,2007.260562,0.182406,0.031995,0.034116,0,0.0,19
1900-01-01 12:00:37.017,0.639152,0.986059,1.085583,2006.4704,0.181585,0.028179,0.02841,0,0.0,19
1900-01-01 12:00:37.918,0.641233,0.990313,1.089978,2005.497087,0.185957,0.032575,0.033729,0,0.0,19
1900-01-01 12:00:38.817,0.639486,0.988456,1.088088,2006.877684,0.187416,0.028575,0.028698,0,0.0,19
1900-01-01 12:00:39.665,0.639692,0.987458,1.087117,2007.818515,0.188544,0.029888,0.031707,0,0.0,19
1900-01-01 12:00:40.567,0.639804,0.986949,1.087615,2006.16028,0.182828,0.031344,0.031901,0,0.0,19
1900-01-01 12:00:41.466,0.640292,0.987399,1.08723,2003.474001,0.187458,0.037669,0.041307,0,0.0,19
1900-01-01 12:00:42.366,0.640722,0.988872,1.087151,2004.051858,0.184379,0.027212,0.027696,0,0.0,19
1900-01-01 12:00:43.266,0.64102,0.988715,1.088049,2003.816118,0.183043,0.028368,0.030362,0,0.0,19
1900-01-01 12:00:44.167,0.63815,0.984573,1.083208,2003.529531,0.185489,0.029976,0.031981,0,0.0,19
1900-01-01 12:00:45.066,0.639726,0.987749,1.086749,2003.369111,0.175721,0.031676,0.031052,0,0.0,19
1900-01-01 12:00:45.966,0.641907,0.989386,1.088304,2005.005297,0.183178,0.028917,0.030268,0,0.0,19
1900-01-01 12:00:46.914,0.641569,0.989355,1.089137,2005.244486,0.17955,0.031068,0.032192,0,0.0,19
1900-01-01 12:00:47.817,0.642448,0.991581,1.091402,2006.618374,0.183852,0.034424,0.036801,0,0.0,19
1900-01-01 12:00:48.716,0.64208,0.991142,1.090817,2009.867051,0.181011,0.030215,0.032157,0,0.0,19
1900-01-01 12:00:49.615,0.639901,0.98758,1.087086,2009.50518,0.187085,0.030749,0.032377,0,0.0,19
1900-01-01 12:00:50.516,0.640254,0.988414,1.086776,2006.229688,0.18138,0.026949,0.028344,0,0.0,19
1900-01-01 12:00:51.415,0.641811,0.989881,1.088722,2005.65047,0.185851,0.032904,0.034516,0,0.0,19
1900-01-01 12:00:52.316,0.63889,0.986164,1.085981,2006.219222,0.186834,0.031558,0.033521,0,0.0,19
1900-01-01 12:00:53.215,0.639673,0.986634,1.085901,2005.057841,0.187729,0.031413,0.034108,0,0.0,19
1900-01-01 12:00:54.164,0.640642,0.988134,1.088421,2005.045412,0.190411,0.029358,0.03017,0,0.0,19
1900-01-01 12:00:55.066,0.64134,0.990145,1.089866,2004.07991,0.186111,0.027659,0.02821,0,0.0,19
1900-01-01 12:00:55.966,0.640874,0.989788,1.089835,2006.849311,0.178072,0.027625,0.029374,0,0.0,19
1900-01-01 12:00:56.865,0.641314,0.989811,1.089355,2008.304189,0.182928,0.031987,0.033592,0,0.0,19
1900-01-01 12:00:57.766,0.641478,0.990698,1.090682,2006.564591,0.183953,0.034576,0.03647,0,0.0,19
1900-01-01 12:00:58.666,0.64109,0.98994,1.089029,2007.100767,0.183331,0.030604,0.029788,0,0.0,19
1900-01-01 12:00:59.566,0.640069,0.988621,1.088907,2007.608919,0.184553,0.034111,0.036727,0,0.0,19
1900-01-01 12:01:00.414,0.640262,0.988479,1.087908,2006.334018,0.184783,0.028908,0.029348,0,0.0,19
1900-01-01 12:01:01.263,0.640291,0.99022,1.089912,2006.687764,0.184521,0.02715,0.028514,0,0.0,19
1900-01-01 12:01:02.166,0.64157,0.992035,1.092033,2008.806087,0.184682,0.030987,0.033021,0,0.0,19
1900-01-01 12:01:03.114,0.641636,0.991416,1.090493,2010.834617,0.182696,0.032094,0.033664,0,0.0,19
1900-01-01 12:01:04.015,0.640085,0.989404,1.089805,2011.964904,0.192302,0.038604,0.03947,0,0.0,19
1900-01-01 12:01:04.964,0.640958,0.990037,1.089099,2008.746711,0.193056,0.032516,0.034067,0,0.0,19
1900-01-01 12:01:05.865,0.641017,0.989894,1.089336,2008.28097,0.190427,0.029392,0.031195,0,0.0,19
1900-01-01 12:01:06.814,0.640869,0.989888,1.089331,2008.880852,0.186883,0.027665,0.027724,0,0.0,19
1900-01-01 12:01:07.714,0.638873,0.987787,1.087518,2008.986691,0.183093,0.029235,0.031855,0,0.0,19
1900-01-01 12:01:08.663,0.637848,0.984278,1.083193,2006.933323,0.178466,0.033685,0.036043,0,0.0,19
1900-01-01 12:01:09.614,0.639346,0.987796,1.087139,2003.939565,0.181288,0.029158,0.030978,0,0.0,19
1900-01-01 12:01:10.562,0.639952,0.988059,1.087431,2005.075389,0.182736,0.031937,0.033837,0,0.0,19
1900-01-01 12:01:11.465,0.638913,0.986639,1.087689,2005.652439,0.179709,0.031662,0.034156,0,0.0,19
1900-01-01 12:01:12.412,0.636555,0.985251,1.085294,2005.648105,0.188293,0.032933,0.034969,0,0.0,19
1900-01-01 12:01:13.362,0.638485,0.985749,1.085608,2005.759942,0.183889,0.030084,0.031252,0,0.0,19
1900-01-01 12:01:14.313,0.638016,0.985417,1.084357,2004.698099,0.186989,0.032865,0.033979,0,0.0,19
1900-01-01 12:01:15.263,0.638231,0.986069,1.085057,2004.29587,0.178676,0.031805,0.032089,0,0.0,19
1900-01-01 12:01:16.164,0.639234,0.986607,1.085879,2004.199338,0.182385,0.032746,0.035397,0,0.0,19
1900-01-01 12:01:17.065,0.638628,0.985954,1.085298,2005.146486,0.184372,0.030953,0.032026,0,0.0,19
1900-01-01 12:01:17.964,0.637518,0.985139,1.085206,2004.328855,0.180763,0.031352,0.033649,0,0.0,19
1900-01-01 12:01:18.865,0.637008,0.984037,1.083289,2003.560928,0.184682,0.039528,0.041827,0,0.0,19
1900-01-01 12:01:19.812,0.638152,0.985396,1.08479,2001.381378,0.185651,0.030738,0.031935,0,0.0,19
1900-01-01 12:01:20.714,0.638663,0.985738,1.085303,2003.630383,0.181746,0.02903,0.029922,0,0.0,19
1900-01-01 12:01:21.614,0.638651,0.985979,1.085691,2005.27247,0.183546,0.03196,0.033764,0,0.0,19
1900-01-01 12:01:22.562,0.639448,0.986686,1.086384,2003.822086,0.182909,0.032256,0.03557,0,0.0,19
1900-01-01 12:01:23.465,0.639401,0.986749,1.086203,2002.806846,0.182478,0.030641,0.03215,0,0.0,19
1900-01-01 12:01:24.364,0.639895,0.988649,1.088578,2004.774638,0.181765,0.028484,0.030487,0,0.0,19
1900-01-01 12:01:25.311,0.6389,0.985817,1.084945,2006.623926,0.186106,0.029722,0.03167,0,0.0,19
1900-01-01 12:01:26.214,0.63939,0.987162,1.085705,2003.882428,0.180425,0.027977,0.028854,0,0.0,19
1900-01-01 12:01:27.162,0.640024,0.987173,1.086113,2003.50876,0.188246,0.031637,0.031388,0,0.0,19
1900-01-01 12:01:28.113,0.639832,0.986731,1.085439,2005.084803,0.187929,0.035144,0.037256,0,0.0,19
1900-01-01 12:01:29.014,0.639642,0.988443,1.086399,2004.005722,0.189358,0.027443,0.030659,0,0.0,19
1900-01-01 12:01:29.914,0.638809,0.986486,1.08615,2003.894698,0.181599,0.028752,0.029924,0,0.0,19
1900-01-01 12:01:30.814,0.638435,0.986282,1.085303,2004.785273,0.187307,0.028326,0.029753,0,0.0,19
1900-01-01 12:01:31.762,0.637837,0.985268,1.084834,2004.936133,0.182552,0.030192,0.031838,0,0.0,19
1900-01-01 12:01:32.663,0.639246,0.986024,1.084788,2003.61849,0.190292,0.032656,0.034665,0,0.0,19
1900-01-01 12:01:33.610,0.639577,0.987281,1.086701,2003.492338,0.180712,0.03063,0.03129,0,0.0,19
1900-01-01 12:01:34.513,0.638262,0.986284,1.08543,2005.610669,0.187601,0.027963,0.027971,0,0.0,19
1900-01-01 12:01:35.414,0.639455,0.987615,1.087327,2005.413361,0.188189,0.030281,0.031472,0,0.0,19
1900-01-01 12:01:36.313,0.638406,0.98574,1.084848,2005.3358,0.182261,0.029406,0.032039,0,0.0,19
1900-01-01 12:01:37.214,0.639438,0.987336,1.086256,2003.623723,0.180981,0.029502,0.030858,0,0.0,19
1900-01-01 12:01:38.113,0.639241,0.986283,1.08538,2004.737926,0.182137,0.037222,0.039897,0,0.0,19
1900-01-01 12:01:39.062,0.637129,0.983022,1.082235,2004.464135,0.182031,0.031437,0.032701,0,0.0,19
1900-01-01 12:01:40.010,0.63731,0.983928,1.083865,2001.076754,0.185538,0.033961,0.034856,0,0.0,19
1900-01-01 12:01:40.913,0.639239,0.986488,1.086844,2000.655682,0.180174,0.033322,0.035206,0,0.0,19
1900-01-01 12:01:41.812,0.638453,0.986464,1.086473,2004.071875,0.189321,0.027669,0.028047,0,0.0,19
1900-01-01 12:01:42.660,0.637785,0.984628,1.083932,2005.56675,0.180814,0.029791,0.031955,0,0.0,19
1900-01-01 12:01:43.562,0.639635,0.988032,1.088246,2004.126954,0.183325,0.026767,0.028381,0,0.0,19
1900-01-01 12:01:44.463,0.640388,0.989754,1.088806,2005.774429,0.188297,0.029181,0.02955,0,0.0,19
1900-01-01 12:01:45.362,0.637974,0.986493,1.086136,2009.437001,0.189804,0.030151,0.031872,0,0.0,19
1900-01-01 12:01:46.263,0.63667,0.984533,1.08332,2007.229164,0.185131,0.038024,0.040217,0,0.0,19
1900-01-01 12:01:47.210,0.639837,0.987835,1.086187,2003.701442,0.180103,0.029753,0.031478,0,0.0,19
1900-01-01 12:01:48.113,0.639308,0.987709,1.087363,2004.947567,0.178893,0.036245,0.038877,0,0.0,19
1900-01-01 12:01:49.060,0.639732,0.987502,1.086119,2005.682956,0.180609,0.029266,0.030912,0,0.0,19
1900-01-01 12:01:49.962,0.637574,0.98561,1.084712,2005.099187,0.181276,0.029733,0.031775,0,0.0,19
1900-01-01 12:01:50.862,0.637975,0.98459,1.083945,2003.706105,0.182074,0.036977,0.039777,0,0.0,19
1900-01-01 12:01:51.762,0.634813,0.979836,1.078984,2003.784686,0.186001,0.031406,0.034328,0,0.0,19
1900-01-01 12:01:52.710,0.625597,0.963508,1.060393,1997.401392,0.180193,0.03422,0.035098,0,0.0,19
1900-01-01 12:01:53.612,0.614175,0.945295,1.0401,1981.080845,0.168134,0.02855,0.02997,0,0.0,19
1900-01-01 12:01:54.561,0.60602,0.931613,1.024178,1961.787419,0.164863,0.029109,0.031073,0,0.0,19
1900-01-01 12:01:55.462,0.592179,0.909873,1.000624,1942.237023,0.151432,0.0312,0.033812,0,0.0,19
1900-01-01 12:01:56.362,0.580594,0.889033,0.978179,1919.756324,0.145225,0.030921,0.032688,0,0.0,19
1900-01-01 12:01:57.310,0.569981,0.870855,0.959391,1894.386809,0.135861,0.029033,0.030386,0,0.0,19
1900-01-01 12:01:58.260,0.559552,0.854013,0.938457,1870.380425,0.126783,0.028064,0.029245,0,0.0,19
1900-01-01 12:01:59.162,0.547695,0.835129,0.917966,1849.128937,0.122232,0.028883,0.030678,0,0.0,19
1900-01-01 12:02:00.110,0.53772,0.817072,0.900235,1826.976987,0.113548,0.029743,0.030453,0,0.0,19
1900-01-01 12:02:01.010,0.526743,0.799525,0.878783,1804.12827,0.107652,0.028042,0.031233,0,0.0,19
1900-01-01 12:02:01.913,0.515532,0.780634,0.858363,1780.375452,0.101158,0.027759,0.028756,0,0.0,19
1900-01-01 12:02:02.860,0.504054,0.762372,0.83847,1756.759,0.096964,0.031361,0.033387,0,0.0,19
1900-01-01 12:02:03.810,0.493829,0.745943,0.821498,1733.348244,0.091722,0.027161,0.02826,0,0.0,19
1900-01-01 12:02:04.759,0.484741,0.730637,0.802734,1711.097732,0.09187,0.025707,0.029605,0,0.0,19
1900-01-01 12:02:05.762,0.472109,0.710703,0.782495,1687.331828,0.087727,0.025664,0.028107,0,0.0,19
1900-01-01 12:02:06.609,0.465123,0.697609,0.767436,1665.138318,0.084006,0.026201,0.02688,0,0.0,19
1900-01-01 12:02:07.511,0.455837,0.683903,0.75286,1647.24419,0.079676,0.026488,0.028276,0,0.0,19
1900-01-01 12:02:08.458,0.445845,0.667244,0.734499,1627.323323,0.076374,0.025289,0.025667,0,0.0,19
1900-01-01 12:02:09.409,0.438761,0.655408,0.721599,1604.62356,0.075969,0.028393,0.028212,0,0.0,19
1900-01-01 12:02:10.359,0.429349,0.639492,0.703611,1586.142002,0.07161,0.02648,0.02765,0,0.0,19
1900-01-01 12:02:11.308,0.424254,0.632284,0.695614,1565.614348,0.068011,0.025491,0.02653,0,0.0,19
1900-01-01 12:02:12.210,0.420045,0.624874,0.688019,1552.090786,0.064714,0.02468,0.025318,0,0.0,19
1900-01-01 12:02:13.159,0.417244,0.619891,0.683532,1540.018254,0.065161,0.025128,0.025866,0,0.0,19
1900-01-01 12:02:14.110,0.413426,0.613532,0.675769,1533.281718,0.062416,0.025357,0.024394,0,0.0,19
1900-01-01 12:02:15.058,0.408836,0.606263,0.669168,1524.304197,0.062257,0.024536,0.02504,0,0.0,19
1900-01-01 12:02:16.009,0.407955,0.604207,0.666621,1515.523103,0.061076,0.027539,0.027666,0,0.0,19
1900-01-01 12:02:16.959,0.405578,0.600976,0.662819,1509.355145,0.058929,0.025631,0.024518,0,0.0,19
1900-01-01 12:02:17.860,0.404855,0.598956,0.66042,1505.978583,0.059861,0.027055,0.027117,0,0.0,19
1900-01-01 12:02:18.809,0.404055,0.597512,0.658216,1501.167042,0.060438,0.025993,0.027002,0,0.0,19
1900-01-01 12:02:19.710,0.402606,0.59666,0.658615,1497.836251,0.057329,0.025693,0.025246,0,0.0,19
1900-01-01 12:02:20.610,0.402589,0.596007,0.657299,1498.079585,0.059984,0.025811,0.025685,0,0.0,19
1900-01-01 12:02:21.511,0.402192,0.595169,0.656076,1496.098941,0.058735,0.025143,0.026049,0,0.0,19
1900-01-01 12:02:22.410,0.402589,0.596129,0.65786,1494.578885,0.060703,0.026874,0.026549,0,0.0,19
1900-01-01 12:02:23.358,0.402783,0.596427,0.657393,1495.567739,0.059235,0.027299,0.02853,0,0.0,19
1900-01-01 12:02:24.260,0.402309,0.595153,0.65732,1496.140334,0.060273,0.026681,0.026099,0,0.0,19
1900-01-01 12:02:25.207,0.403975,0.598456,0.660856,1495.91111,0.058851,0.025989,0.02605,0,0.0,19
1900-01-01 12:02:26.158,0.405724,0.600927,0.663655,1499.306344,0.057963,0.024811,0.0231,0,0.0,19
1900-01-01 12:02:27.161,0.404907,0.600847,0.662914,1503.054744,0.060391,0.024392,0.025685,0,0.0,19
1900-01-01 12:02:28.108,0.405655,0.600807,0.662971,1503.538445,0.060904,0.024386,0.02469,0,0.0,19
1900-01-01 12:02:29.058,0.405916,0.60217,0.663999,1502.898339,0.061623,0.026949,0.027168,0,0.0,19
1900-01-01 12:02:30.007,0.404077,0.598618,0.660027,1503.63623,0.058886,0.024503,0.024505,0,0.0,19
1900-01-01 12:02:30.958,0.405393,0.600243,0.66209,1499.960765,0.060575,0.02613,0.025315,0,0.0,19
1900-01-01 12:02:31.908,0.403865,0.599042,0.661321,1501.280416,0.059068,0.026617,0.026438,0,0.0,19
1900-01-01 12:02:32.857,0.404376,0.600167,0.661963,1502.483611,0.061808,0.025816,0.027125,0,0.0,19
1900-01-01 12:02:33.807,0.405363,0.600236,0.662355,1501.995081,0.060372,0.024743,0.024773,0,0.0,19
1900-01-01 12:02:34.710,0.404763,0.59987,0.662591,1502.530701,0.061033,0.024614,0.024654,0,0.0,19
1900-01-01 12:02:35.609,0.405608,0.600404,0.662326,1503.200848,0.061378,0.027806,0.027834,0,0.0,19
1900-01-01 12:02:36.558,0.404868,0.598806,0.661479,1502.120933,0.060239,0.026193,0.0262,0,0.0,19
1900-01-01 12:02:37.458,0.404975,0.60054,0.662658,1499.79787,0.058392,0.027844,0.027707,0,0.0,19
1900-01-01 12:02:38.407,0.405543,0.600743,0.662002,1501.480037,0.063126,0.027801,0.028315,0,0.0,19
1900-01-01 12:02:39.310,0.40592,0.601085,0.663273,1502.076451,0.059396,0.026522,0.026971,0,0.0,19
1900-01-01 12:02:40.257,0.405184,0.59982,0.660982,1502.667177,0.059126,0.028289,0.027216,0,0.0,19
1900-01-01 12:02:41.207,0.405363,0.601634,0.663438,1501.315156,0.05961,0.027728,0.026857,0,0.0,19
1900-01-01 12:02:42.156,0.405006,0.600134,0.662234,1502.523356,0.061087,0.028081,0.027957,0,0.0,19
1900-01-01 12:02:43.106,0.403163,0.598312,0.660972,1501.349897,0.059394,0.02543,0.025928,0,0.0,19
1900-01-01 12:02:44.057,0.403891,0.597896,0.659907,1500.644933,0.060742,0.031194,0.032213,0,0.0,19
1900-01-01 12:02:45.007,0.404854,0.600014,0.66252,1500.218343,0.060226,0.025125,0.025723,0,0.0,19
1900-01-01 12:02:45.958,0.404681,0.599299,0.660969,1501.745551,0.059273,0.024554,0.025257,0,0.0,19
1900-01-01 12:02:46.908,0.405252,0.600269,0.662104,1501.027305,0.060771,0.026534,0.027404,0,0.0,19
1900-01-01 12:02:47.857,0.404237,0.59936,0.66176,1501.470101,0.060869,0.026757,0.026999,0,0.0,19
1900-01-01 12:02:48.807,0.405672,0.601468,0.66369,1500.933009,0.061872,0.028486,0.028236,0,0.0,19
1900-01-01 12:02:49.756,0.405764,0.600947,0.662544,1503.243743,0.059166,0.02634,0.026154,0,0.0,19
1900-01-01 12:02:50.759,0.406362,0.600658,0.663198,1503.270977,0.059647,0.02694,0.026512,0,0.0,19
1900-01-01 12:02:51.706,0.404596,0.599875,0.661496,1502.01497,0.059113,0.024806,0.024464,0,0.0,19
1900-01-01 12:02:52.657,0.404874,0.599619,0.661945,1501.938902,0.060057,0.028983,0.028369,0,0.0,19
1900-01-01 12:02:53.607,0.404407,0.600291,0.663206,1501.156342,0.060173,0.025716,0.025699,0,0.0,19
1900-01-01 12:02:54.556,0.4039,0.599575,0.661866,1502.791638,0.060921,0.026662,0.027386,0,0.0,19
1900-01-01 12:02:55.506,0.403655,0.598754,0.66076,1502.650192,0.061303,0.028049,0.028698,0,0.0,19
1900-01-01 12:02:56.409,0.404722,0.600608,0.662296,1501.455119,0.059028,0.026713,0.027516,0,0.0,19
1900-01-01 12:02:57.356,0.40509,0.600519,0.662059,1501.482251,0.060102,0.026996,0.02752,0,0.0,19
1900-01-01 12:02:58.258,0.405708,0.601294,0.66336,1501.863965,0.059082,0.027459,0.027877,0,0.0,19
1900-01-01 12:02:59.206,0.404655,0.599501,0.662132,1503.007985,0.058021,0.027887,0.027925,0,0.0,19
1900-01-01 12:03:00.156,0.405203,0.599384,0.661794,1501.339971,0.060063,0.025852,0.02472,0,0.0,19
1900-01-01 12:03:01.058,0.40547,0.60049,0.662963,1501.597385,0.060847,0.024802,0.023909,0,0.0,19
1900-01-01 12:03:02.006,0.40363,0.598415,0.660872,1501.913831,0.060271,0.026904,0.027557,0,0.0,19
1900-01-01 12:03:02.956,0.405114,0.599943,0.66191,1499.746862,0.059401,0.026437,0.026667,0,0.0,19
1900-01-01 12:03:03.858,0.40515,0.600869,0.662668,1501.456254,0.059468,0.026749,0.026245,0,0.0,19
1900-01-01 12:03:04.758,0.403452,0.598924,0.66128,1501.940489,0.059851,0.026196,0.027062,0,0.0,19
1900-01-01 12:03:05.705,0.40509,0.60089,0.662253,1501.790929,0.060108,0.026618,0.027587,0,0.0,19
1900-01-01 12:03:06.655,0.403307,0.598318,0.659986,1502.828858,0.061184,0.024818,0.025454,0,0.0,19
1900-01-01 12:03:07.606,0.404758,0.599674,0.661085,1500.159075,0.060042,0.028348,0.029193,0,0.0,19
1900-01-01 12:03:08.609,0.405163,0.600261,0.662181,1501.024039,0.06129,0.024565,0.024881,0,0.0,19
1900-01-01 12:03:09.556,0.404219,0.598639,0.660943,1500.785236,0.061465,0.026251,0.025597,0,0.0,19
1900-01-01 12:03:10.505,0.403966,0.599437,0.660937,1500.252895,0.058563,0.025063,0.025961,0,0.0,19
1900-01-01 12:03:11.455,0.405142,0.600633,0.662462,1500.69975,0.060456,0.025442,0.026749,0,0.0,19
1900-01-01 12:03:12.406,0.40462,0.600066,0.662602,1501.760424,0.059727,0.024795,0.025101,0,0.0,19
1900-01-01 12:03:13.356,0.405341,0.600153,0.661978,1502.297822,0.05984,0.024922,0.02471,0,0.0,19
1900-01-01 12:03:14.305,0.404697,0.599216,0.661566,1502.200424,0.058487,0.028721,0.029617,0,0.0,19
1900-01-01 12:03:15.255,0.405357,0.600738,0.662607,1502.724636,0.061071,0.034208,0.034496,0,0.0,19
1900-01-01 12:03:16.206,0.405161,0.600182,0.662699,1501.6811,0.061602,0.026374,0.026751,0,0.0,19
1900-01-01 12:03:17.106,0.405039,0.600849,0.662923,1502.281003,0.059756,0.027742,0.028396,0,0.0,19
1900-01-01 12:03:18.055,0.406594,0.602878,0.664383,1503.010239,0.062099,0.027427,0.026932,0,0.0,19
1900-01-01 12:03:19.006,0.404946,0.600751,0.663037,1503.327069,0.05981,0.028287,0.029158,0,0.0,19
1900-01-01 12:03:19.954,0.404494,0.59908,0.662064,1502.58027,0.058969,0.025731,0.024719,0,0.0,19
1900-01-01 12:03:20.857,0.405798,0.6008,0.662693,1501.742289,0.058853,0.028286,0.028339,0,0.0,19
1900-01-01 12:03:21.804,0.404463,0.599692,0.662127,1502.771729,0.062114,0.027092,0.0274,0,0.0,19
1900-01-01 12:03:22.754,0.404506,0.599843,0.662365,1501.955378,0.057139,0.026278,0.027031,0,0.0,19
1900-01-01 12:03:23.705,0.404167,0.599889,0.661491,1502.861041,0.061086,0.027932,0.027663,0,0.0,19
1900-01-01 12:03:24.654,0.405643,0.60129,0.663628,1502.771766,0.059155,0.026994,0.027465,0,0.0,19
1900-01-01 12:03:25.604,0.405252,0.600622,0.663255,1503.632857,0.059037,0.026025,0.025615,0,0.0,19
1900-01-01 12:03:26.607,0.404331,0.600213,0.66175,1503.355589,0.061377,0.025965,0.025706,0,0.0,19
1900-01-01 12:03:27.607,0.404499,0.598439,0.660815,1501.440719,0.060286,0.026996,0.025434,0,0.0,19
1900-01-01 12:03:28.506,0.404937,0.599142,0.660895,1500.258682,0.061321,0.02472,0.02464,0,0.0,19
1900-01-01 12:03:29.454,0.404793,0.599839,0.661628,1499.680763,0.0592,0.027804,0.028643,0,0.0,19
1900-01-01 12:03:30.356,0.405237,0.600426,0.662138,1499.888136,0.057121,0.025448,0.025105,0,0.0,19
1900-01-01 12:03:31.305,0.405427,0.601219,0.66296,1501.783097,0.059898,0.025244,0.025706,0,0.0,19
1900-01-01 12:03:32.254,0.40468,0.59895,0.661614,1502.314693,0.060802,0.025753,0.024612,0,0.0,19
1900-01-01 12:03:33.204,0.406783,0.602137,0.664183,1501.846193,0.061617,0.026244,0.025922,0,0.0,19
1900-01-01 12:03:34.153,0.404376,0.599055,0.661595,1503.14438,0.060377,0.024997,0.026421,0,0.0,19
1900-01-01 12:03:35.156,0.405765,0.600611,0.662483,1501.954779,0.060843,0.030031,0.029443,0,0.0,19
1900-01-01 12:03:36.103,0.404386,0.599171,0.661244,1501.726206,0.058497,0.027584,0.027602,0,0.0,19
1900-01-01 12:03:37.106,0.405833,0.601025,0.663527,1501.907772,0.061318,0.02828,0.027698,0,0.0,19
1900-01-01 12:03:38.106,0.406122,0.601442,0.662892,1503.284209,0.059431,0.025965,0.026465,0,0.0,19
1900-01-01 12:03:39.106,0.40525,0.599967,0.662414,1503.562383,0.060324,0.02596,0.025856,0,0.0,19
1900-01-01 12:03:40.006,0.405109,0.600318,0.662229,1501.73618,0.061263,0.027781,0.027122,0,0.0,19
1900-01-01 12:03:41.006,0.405991,0.601589,0.663121,1501.714178,0.056743,0.02704,0.027688,0,0.0,19
1900-01-01 12:03:41.954,0.404217,0.599241,0.660659,1503.520248,0.059285,0.027557,0.028827,0,0.0,19
1900-01-01 12:03:42.903,0.405233,0.599603,0.662602,1501.345896,0.059693,0.024794,0.025163,0,0.0,19
1900-01-01 12:03:43.854,0.405012,0.600132,0.661491,1500.987017,0.059081,0.026319,0.025559,0,0.0,19
1900-01-01 12:03:44.802,0.405342,0.600681,0.662568,1501.968539,0.060442,0.029399,0.029061,0,0.0,19
1900-01-01 12:03:45.753,0.403985,0.598907,0.661153,1502.950281,0.058871,0.025623,0.025057,0,0.0,19
1900-01-01 12:03:46.756,0.405681,0.601428,0.664269,1501.09925,0.060758,0.024895,0.024935,0,0.0,19
1900-01-01 12:03:47.703,0.405517,0.600352,0.66267,1502.214117,0.058895,0.025286,0.025025,0,0.0,19
1900-01-01 12:03:48.654,0.406492,0.601711,0.66408,1503.262618,0.058657,0.026784,0.027244,0,0.0,19
1900-01-01 12:03:49.602,0.40538,0.601284,0.663489,1504.296103,0.060552,0.028736,0.028439,0,0.0,19
1900-01-01 12:03:50.553,0.40579,0.601159,0.663481,1504.189715,0.060459,0.027132,0.027147,0,0.0,19
1900-01-01 12:03:51.503,0.406181,0.601672,0.664048,1503.374783,0.060069,0.030123,0.030219,0,0.0,19
1900-01-01 12:03:52.452,0.404,0.599061,0.661101,1503.616357,0.060141,0.029847,0.029099,0,0.0,19
1900-01-01 12:03:53.402,0.404446,0.600092,0.662152,1501.201008,0.058664,0.027083,0.027044,0,0.0,19
1900-01-01 12:03:54.353,0.403803,0.599117,0.660844,1503.03952,0.057997,0.026779,0.028071,0,0.0,19
1900-01-01 12:03:55.302,0.404951,0.600394,0.662747,1500.983219,0.060798,0.031323,0.031595,0,0.0,19
1900-01-01 12:03:56.252,0.40528,0.601451,0.664057,1502.655154,0.060316,0.028069,0.027756,0,0.0,19
1900-01-01 12:03:57.255,0.4062,0.602077,0.664407,1504.140607,0.062011,0.027925,0.028213,0,0.0,19
1900-01-01 12:03:58.255,0.405534,0.600639,0.662138,1504.359185,0.060021,0.027383,0.026815,0,0.0,19
1900-01-01 12:03:59.255,0.404998,0.60024,0.662781,1502.081933,0.061071,0.029304,0.030103,0,0.0,19
1900-01-01 12:04:00.202,0.404801,0.601406,0.662582,1501.795908,0.061125,0.026067,0.026601,0,0.0,19
1900-01-01 12:04:01.153,0.405592,0.600475,0.66295,1502.459465,0.059902,0.026463,0.026196,0,0.0,19
1900-01-01 12:04:02.102,0.403734,0.59947,0.661024,1502.195456,0.05949,0.025645,0.025884,0,0.0,19
1900-01-01 12:04:03.105,0.403928,0.598664,0.660331,1501.733846,0.060266,0.02797,0.027856,0,0.0,19
1900-01-01 12:04:04.105,0.404006,0.599862,0.661844,1500.370458,0.059709,0.028811,0.028997,0,0.0,19
1900-01-01 12:04:05.052,0.405483,0.601444,0.6633,1501.133744,0.061418,0.024621,0.024683,0,0.0,19
1900-01-01 12:04:06.050,0.405498,0.600831,0.662128,1501.882097,0.061329,0.030331,0.031553,0,0.0,19
1900-01-01 12:04:07.054,0.405657,0.601099,0.663293,1502.925339,0.060181,0.025345,0.024807,0,0.0,19
1900-01-01 12:04:08.002,0.40599,0.601561,0.663314,1503.992723,0.059815,0.02616,0.025747,0,0.0,19
1900-01-01 12:04:08.951,0.404719,0.599376,0.662437,1503.740562,0.060032,0.026577,0.026726,0,0.0,19
1900-01-01 12:04:09.902,0.404973,0.600022,0.662467,1501.537326,0.061768,0.027977,0.026706,0,0.0,19
1900-01-01 12:04:10.802,0.40501,0.60103,0.663087,1501.599975,0.060165,0.026341,0.027305,0,0.0,19
1900-01-01 12:04:11.804,0.4057,0.601349,0.664752,1502.26215,0.060332,0.027087,0.025632,0,0.0,19
1900-01-01 12:04:12.751,0.404735,0.600424,0.662709,1504.832902,0.059677,0.026185,0.025973,0,0.0,19
1900-01-01 12:04:13.702,0.404924,0.601667,0.663809,1503.703857,0.059589,0.025076,0.026036,0,0.0,19
1900-01-01 12:04:14.652,0.406457,0.602104,0.664309,1504.764411,0.059074,0.025007,0.025052,0,0.0,19
1900-01-01 12:04:15.601,0.404276,0.600267,0.66267,1504.619931,0.061324,0.026253,0.026596,0,0.0,19
1900-01-01 12:04:16.551,0.406275,0.601518,0.663651,1503.617968,0.059453,0.028008,0.028984,0,0.0,19
1900-01-01 12:04:17.502,0.405189,0.601678,0.663848,1504.001321,0.059842,0.025249,0.025781,0,0.0,19
1900-01-01 12:04:18.503,0.405913,0.601291,0.663887,1504.656708,0.059882,0.026419,0.026859,0,0.0,19
1900-01-01 12:04:19.450,0.407391,0.60313,0.664668,1503.991505,0.06081,0.027925,0.02677,0,0.0,19
1900-01-01 12:04:20.401,0.404394,0.5991,0.662013,1504.76977,0.059381,0.025388,0.025415,0,0.0,19
1900-01-01 12:04:21.351,0.405037,0.599976,0.662017,1502.590636,0.058483,0.025734,0.025064,0,0.0,19
1900-01-01 12:04:22.302,0.403317,0.599183,0.661665,1501.973606,0.061342,0.024892,0.024825,0,0.0,19
1900-01-01 12:04:23.303,0.405127,0.600514,0.662887,1501.609275,0.061304,0.024786,0.025334,0,0.0,19
1900-01-01 12:04:24.303,0.405607,0.600959,0.663305,1502.954173,0.061166,0.027244,0.027326,0,0.0,19
1900-01-01 12:04:25.303,0.405345,0.600865,0.662285,1502.242237,0.06054,0.025362,0.025825,0,0.0,19
1900-01-01 12:04:26.250,0.406614,0.602542,0.664232,1502.463051,0.060345,0.025303,0.02605,0,0.0,19
1900-01-01 12:04:27.249,0.404402,0.599523,0.661627,1503.150198,0.061567,0.028796,0.029778,0,0.0,19
1900-01-01 12:04:28.252,0.404315,0.598198,0.660532,1500.380042,0.058664,0.026505,0.026411,0,0.0,19
1900-01-01 12:04:29.201,0.404531,0.599725,0.661769,1499.74614,0.059777,0.028271,0.029454,0,0.0,19
1900-01-01 12:04:30.202,0.405919,0.600955,0.66307,1500.361099,0.058786,0.024643,0.023732,0,0.0,19
1900-01-01 12:04:31.151,0.406439,0.602026,0.664799,1502.096092,0.061033,0.025712,0.026158,0,0.0,19
1900-01-01 12:04:32.153,0.40569,0.601087,0.663313,1504.078433,0.059981,0.025244,0.024648,0,0.0,19
1900-01-01 12:04:33.153,0.405912,0.600271,0.662405,1503.656679,0.061649,0.025969,0.026206,0,0.0,19
1900-01-01 12:04:34.100,0.404557,0.599676,0.661991,1500.745407,0.059969,0.023845,0.024217,0,0.0,19
1900-01-01 12:04:35.103,0.404519,0.599821,0.661869,1500.591574,0.060587,0.024549,0.025849,0,0.0,19
1900-01-01 12:04:36.098,0.404732,0.600585,0.66323,1501.360496,0.058745,0.025761,0.025989,0,0.0,19
1900-01-01 12:04:37.102,0.405108,0.601209,0.663357,1500.981185,0.060591,0.025309,0.025603,0,0.0,19
1900-01-01 12:04:38.098,0.404508,0.600676,0.662976,1501.676725,0.062931,0.030449,0.030219,0,0.0,19
1900-01-01 12:04:39.102,0.40469,0.601094,0.663284,1501.122066,0.059058,0.024278,0.025787,0,0.0,19
1900-01-01 12:04:40.050,0.406084,0.601866,0.663905,1501.088242,0.062155,0.030387,0.03117,0,0.0,19
1900-01-01 12:04:41.052,0.405208,0.600568,0.662928,1501.241078,0.059763,0.02868,0.029522,0,0.0,19
1900-01-01 12:04:41.999,0.403593,0.597669,0.660099,1500.874852,0.05786,0.026097,0.026692,0,0.0,19
1900-01-01 12:04:42.950,0.404786,0.599735,0.662206,1498.473444,0.058774,0.024497,0.023913,0,0.0,19
1900-01-01 12:04:43.953,0.40487,0.599235,0.662172,1500.596275,0.058575,0.026091,0.026594,0,0.0,19
1900-01-01 12:04:44.900,0.40469,0.599781,0.662456,1500.820087,0.058918,0.028694,0.030137,0,0.0,19
1900-01-01 12:04:45.902,0.405989,0.600275,0.662478,1500.794066,0.060031,0.027363,0.027638,0,0.0,19
1900-01-01 12:04:46.849,0.405123,0.600047,0.661952,1500.456644,0.062165,0.028942,0.02893,0,0.0,19
1900-01-01 12:04:47.799,0.404269,0.599219,0.661649,1500.749379,0.058996,0.02895,0.02826,0,0.0,19
1900-01-01 12:04:48.798,0.406073,0.6014,0.663991,1500.299603,0.058306,0.025161,0.024606,0,0.0,19
1900-01-01 12:04:49.801,0.405027,0.599418,0.662263,1502.203916,0.058698,0.025885,0.025998,0,0.0,19
1900-01-01 12:04:50.798,0.404827,0.60163,0.663957,1500.800612,0.06088,0.025432,0.026268,0,0.0,19
1900-01-01 12:04:51.801,0.404237,0.599041,0.661329,1502.655184,0.058875,0.025031,0.025327,0,0.0,19
1900-01-01 12:04:52.798,0.404511,0.599371,0.660925,1499.977767,0.059329,0.025585,0.02443,0,0.0,19
1900-01-01 12:04:53.801,0.404964,0.60025,0.662135,1500.018088,0.062092,0.028807,0.030606,0,0.0,19
1900-01-01 12:04:54.802,0.406218,0.601637,0.664199,1500.931021,0.059852,0.02647,0.026452,0,0.0,19
1900-01-01 12:04:55.798,0.405731,0.600186,0.663142,1501.856607,0.058662,0.026768,0.025637,0,0.0,19
1900-01-01 12:04:56.801,0.405189,0.600664,0.663619,1502.250923,0.059312,0.025167,0.024737,0,0.0,19
1900-01-01 12:04:57.748,0.405178,0.599787,0.661874,1501.741143,0.060803,0.026925,0.027862,0,0.0,19
1900-01-01 12:04:58.751,0.405388,0.599863,0.661869,1499.89587,0.060398,0.02974,0.029989,0,0.0,19
1900-01-01 12:04:59.751,0.405801,0.600277,0.662892,1500.111143,0.0598,0.027662,0.02752,0,0.0,19
1900-01-01 12:05:00.751,0.40515,0.600796,0.66257,1500.728783,0.05936,0.027378,0.028136,0,0.0,19
1900-01-01 12:05:01.698,0.40504,0.600286,0.662903,1501.4474,0.060759,0.025201,0.025268,0,0.0,19
1900-01-01 12:05:02.649,0.404753,0.599564,0.662022,1501.581945,0.060696,0.024386,0.025365,0,0.0,19
1900-01-01 12:05:03.650,0.40402,0.599072,0.661675,1502.409991,0.059896,0.030826,0.030551,0,0.0,19
1900-01-01 12:05:04.650,0.405129,0.601106,0.663287,1503.868845,0.058738,0.025261,0.025957,0,0.0,19
1900-01-01 12:05:05.650,0.404452,0.601012,0.663369,1505.146558,0.059397,0.030455,0.030986,0,0.0,19
1900-01-01 12:05:06.650,0.404646,0.599946,0.662175,1504.444052,0.060922,0.024476,0.024227,0,0.0,19
1900-01-01 12:05:07.698,0.405033,0.600882,0.66315,1503.383004,0.059086,0.026761,0.026646,0,0.0,19
1900-01-01 12:05:08.697,0.404817,0.599229,0.661848,1503.287064,0.059489,0.026288,0.025952,0,0.0,19
1900-01-01 12:05:09.700,0.404718,0.600852,0.663481,1503.16286,0.058469,0.0247,0.025786,0,0.0,19
1900-01-01 12:05:10.647,0.404896,0.600968,0.662922,1504.016398,0.061198,0.024282,0.024926,0,0.0,19
1900-01-01 12:05:11.650,0.404723,0.599957,0.663463,1503.534216,0.058688,0.026011,0.02548,0,0.0,19
1900-01-01 12:05:12.650,0.403428,0.598366,0.660586,1504.175308,0.062945,0.028227,0.028413,0,0.0,19
1900-01-01 12:05:13.650,0.403533,0.598665,0.660742,1502.133796,0.05918,0.024867,0.02437,0,0.0,19
1900-01-01 12:05:14.650,0.404421,0.599295,0.662331,1501.497297,0.061658,0.025445,0.02535,0,0.0,19
1900-01-01 12:05:15.650,0.403953,0.599332,0.661844,1502.921169,0.059482,0.026513,0.026407,0,0.0,19
1900-01-01 12:05:16.650,0.405644,0.601978,0.66426,1503.524664,0.060145,0.02433,0.023192,0,0.0,19
1900-01-01 12:05:17.698,0.405419,0.601523,0.663966,1505.699919,0.060549,0.025073,0.025507,0,0.0,19
1900-01-01 12:05:18.700,0.404511,0.599305,0.662047,1504.741894,0.060021,0.026568,0.025343,0,0.0,19
1900-01-01 12:05:19.700,0.402767,0.597315,0.65952,1502.506266,0.058768,0.024976,0.026174,0,0.0,19
1900-01-01 12:05:20.700,0.403833,0.59919,0.661523,1500.488328,0.061782,0.025198,0.026599,0,0.0,19
1900-01-01 12:05:21.695,0.403265,0.597709,0.660875,1500.687629,0.060582,0.025705,0.025235,0,0.0,19
1900-01-01 12:05:22.746,0.405191,0.6011,0.663616,1501.59363,0.059947,0.025854,0.02635,0,0.0,19
1900-01-01 12:05:23.697,0.405525,0.601397,0.663413,1504.492137,0.061024,0.025036,0.024794,0,0.0,19
1900-01-01 12:05:24.700,0.40499,0.6017,0.664168,1504.911523,0.059042,0.025779,0.025995,0,0.0,19
1900-01-01 12:05:25.698,0.40553,0.601394,0.662874,1505.963855,0.058797,0.026533,0.024915,0,0.0,19
1900-01-01 12:05:26.700,0.40537,0.600547,0.661782,1504.680724,0.061238,0.027251,0.026893,0,0.0,19
1900-01-01 12:05:27.647,0.404923,0.600995,0.662194,1503.792358,0.059107,0.02575,0.025588,0,0.0,19
1900-01-01 12:05:28.649,0.40591,0.601517,0.663514,1504.440749,0.05975,0.025752,0.025245,0,0.0,19
1900-01-01 12:05:29.649,0.40472,0.600466,0.662974,1505.028688,0.060181,0.025226,0.025628,0,0.0,19
1900-01-01 12:05:30.649,0.404274,0.599636,0.662074,1504.269604,0.061007,0.025133,0.025878,0,0.0,19
1900-01-01 12:05:31.649,0.40515,0.600749,0.663011,1503.279494,0.062267,0.031327,0.032013,0,0.0,19
1900-01-01 12:05:32.649,0.403103,0.598114,0.660135,1503.821697,0.057959,0.025056,0.025019,0,0.0,19
1900-01-01 12:05:33.649,0.404258,0.600145,0.662377,1502.100792,0.060737,0.02499,0.025662,0,0.0,19
1900-01-01 12:05:34.697,0.404893,0.600817,0.66301,1504.818141,0.058724,0.026531,0.026316,0,0.0,19
1900-01-01 12:05:35.746,0.405867,0.601629,0.663601,1506.094914,0.060682,0.027435,0.029472,0,0.0,19
1900-01-01 12:05:36.748,0.405548,0.601758,0.663514,1505.946476,0.062174,0.027416,0.02664,0,0.0,19
1900-01-01 12:05:37.796,0.403811,0.59968,0.662396,1504.732663,0.059502,0.026317,0.026642,0,0.0,19
1900-01-01 12:05:38.798,0.405297,0.600631,0.663313,1505.000691,0.060026,0.027727,0.028138,0,0.0,19
1900-01-01 12:05:39.794,0.405467,0.60231,0.664286,1505.610465,0.05921,0.025989,0.026216,0,0.0,19
1900-01-01 12:05:40.798,0.404177,0.600022,0.661911,1506.823039,0.057929,0.026285,0.026139,0,0.0,19
1900-01-01 12:05:41.799,0.405132,0.600708,0.663153,1504.28461,0.05982,0.025427,0.024999,0,0.0,19
1900-01-01 12:05:42.799,0.404715,0.600424,0.662561,1504.957966,0.058793,0.02505,0.0244,0,0.0,19
1900-01-01 12:05:43.799,0.404415,0.600754,0.662818,1504.967396,0.060782,0.027572,0.028293,0,0.0,19
1900-01-01 12:05:44.794,0.404262,0.599461,0.662067,1505.374006,0.059724,0.025307,0.025534,0,0.0,19
1900-01-01 12:05:45.798,0.403785,0.599975,0.662845,1503.803496,0.060641,0.026919,0.027731,0,0.0,19
1900-01-01 12:05:46.798,0.405003,0.600529,0.663167,1504.12816,0.061864,0.028583,0.02829,0,0.0,19
1900-01-01 12:05:47.794,0.406137,0.602352,0.66459,1505.19863,0.060285,0.026406,0.025567,0,0.0,19
1900-01-01 12:05:48.846,0.403716,0.599389,0.661882,1506.495567,0.060069,0.025286,0.02502,0,0.0,19
1900-01-01 12:05:49.847,0.403102,0.598621,0.66118,1503.709978,0.061328,0.025232,0.025482,0,0.0,19
1900-01-01 12:05:50.849,0.403725,0.599069,0.661094,1502.455071,0.060112,0.028391,0.028055,0,0.0,19
1900-01-01 12:05:51.895,0.40421,0.599043,0.66136,1502.162617,0.060252,0.025926,0.027165,0,0.0,19
1900-01-01 12:05:52.946,0.404691,0.600221,0.661789,1502.414572,0.059544,0.030127,0.030155,0,0.0,19
1900-01-01 12:05:53.996,0.404833,0.600819,0.662895,1503.862334,0.059888,0.024545,0.025029,0,0.0,19
1900-01-01 12:05:54.998,0.403751,0.599981,0.663084,1503.861985,0.058261,0.028131,0.029091,0,0.0,19
1900-01-01 12:05:56.046,0.402623,0.597971,0.659696,1503.540464,0.059787,0.025341,0.026151,0,0.0,19
1900-01-01 12:05:57.047,0.403737,0.598123,0.659876,1501.745868,0.059755,0.02489,0.02558,0,0.0,19
1900-01-01 12:05:58.095,0.402558,0.597841,0.660371,1500.913128,0.060049,0.02636,0.027058,0,0.0,19
1900-01-01 12:05:59.098,0.405252,0.601779,0.66372,1501.978282,0.059032,0.025269,0.025568,0,0.0,19
1900-01-01 12:06:00.145,0.405101,0.601468,0.663217,1504.660217,0.059345,0.026456,0.027716,0,0.0,19
1900-01-01 12:06:01.143,0.404798,0.60081,0.662644,1506.275656,0.060759,0.027705,0.027832,0,0.0,19
1900-01-01 12:06:02.146,0.405205,0.600585,0.663243,1505.715344,0.061377,0.030905,0.031109,0,0.0,19
1900-01-01 12:06:03.143,0.404932,0.600035,0.663063,1504.801342,0.060267,0.027367,0.0281,0,0.0,19
1900-01-01 12:06:04.146,0.405692,0.602119,0.664278,1505.066646,0.059993,0.028072,0.028863,0,0.0,19
1900-01-01 12:06:05.146,0.405581,0.60171,0.664068,1505.933931,0.060641,0.024665,0.024357,0,0.0,19
1900-01-01 12:06:06.194,0.404973,0.600882,0.663536,1505.897869,0.059955,0.027487,0.027093,0,0.0,19
1900-01-01 12:06:07.193,0.40571,0.601016,0.662602,1505.014412,0.059792,0.025556,0.026349,0,0.0,19
1900-01-01 12:06:08.196,0.406917,0.604035,0.666577,1505.094851,0.059812,0.024848,0.02453,0,0.0,19
1900-01-01 12:06:09.246,0.405413,0.602299,0.664077,1508.6894,0.060226,0.024819,0.025949,0,0.0,19
1900-01-01 12:06:10.242,0.405541,0.600971,0.663566,1507.139464,0.05842,0.027613,0.027554,0,0.0,19
1900-01-01 12:06:11.246,0.405479,0.601104,0.664034,1505.74765,0.059351,0.026803,0.027328,0,0.0,19
1900-01-01 12:06:12.246,0.405654,0.602534,0.664582,1506.546857,0.060755,0.026068,0.026283,0,0.0,19
1900-01-01 12:06:13.242,0.405072,0.601625,0.663474,1507.366684,0.060239,0.027638,0.028566,0,0.0,19
1900-01-01 12:06:14.246,0.404559,0.600644,0.663238,1506.545974,0.059014,0.025934,0.027279,0,0.0,19
1900-01-01 12:06:15.295,0.404971,0.600302,0.661919,1504.65665,0.058234,0.027143,0.026172,0,0.0,19
1900-01-01 12:06:16.297,0.403012,0.596612,0.659104,1502.73269,0.059847,0.027929,0.027627,0,0.0,19
1900-01-01 12:06:17.345,0.40323,0.598307,0.659617,1498.699688,0.058957,0.024963,0.024962,0,0.0,19
1900-01-01 12:06:18.394,0.405261,0.600613,0.663469,1500.364332,0.061113,0.026343,0.025012,0,0.0,19
1900-01-01 12:06:19.444,0.405393,0.601459,0.663438,1504.351776,0.05997,0.026839,0.027108,0,0.0,19
1900-01-01 12:06:20.446,0.404867,0.600883,0.663414,1505.551223,0.059552,0.026473,0.026336,0,0.0,19
1900-01-01 12:06:21.446,0.405208,0.601327,0.663764,1505.60861,0.059661,0.025898,0.025457,0,0.0,19
1900-01-01 12:06:22.446,0.404085,0.599263,0.662083,1505.679332,0.059174,0.023874,0.02518,0,0.0,19
1900-01-01 12:06:23.446,0.404956,0.600376,0.661982,1503.760405,0.060156,0.028331,0.027521,0,0.0,19
1900-01-01 12:06:24.446,0.405465,0.600991,0.66314,1503.015465,0.059276,0.027978,0.027475,0,0.0,19
1900-01-01 12:06:25.494,0.404187,0.600025,0.662843,1504.462731,0.059589,0.024244,0.024082,0,0.0,19
1900-01-01 12:06:26.495,0.405163,0.601259,0.663603,1504.863953,0.060915,0.027086,0.027638,0,0.0,19
1900-01-01 12:06:27.495,0.404499,0.600791,0.662414,1505.09941,0.058075,0.026439,0.026262,0,0.0,19
1900-01-01 12:06:28.543,0.404422,0.600722,0.663299,1504.566205,0.060119,0.025303,0.025193,0,0.0,19
1900-01-01 12:06:29.594,0.404961,0.60086,0.662908,1505.644507,0.060357,0.026881,0.027453,0,0.0,19
1900-01-01 12:06:30.644,0.404413,0.600469,0.663158,1506.24219,0.060506,0.026663,0.026196,0,0.0,19
1900-01-01 12:06:31.694,0.405268,0.601574,0.663937,1506.013185,0.058828,0.02795,0.028507,0,0.0,19
1900-01-01 12:06:32.695,0.404235,0.599224,0.661519,1505.448005,0.058822,0.025625,0.02539,0,0.0,19
1900-01-01 12:06:33.743,0.405003,0.600521,0.663238,1503.859884,0.059976,0.026043,0.026362,0,0.0,19
1900-01-01 12:06:34.793,0.404568,0.600989,0.663858,1504.158694,0.060905,0.02525,0.025608,0,0.0,19
1900-01-01 12:06:35.796,0.405221,0.601522,0.664242,1506.650784,0.059,0.024977,0.026063,0,0.0,19
1900-01-01 12:06:36.791,0.404901,0.601625,0.664052,1506.776603,0.059601,0.026429,0.027601,0,0.0,19
1900-01-01 12:06:37.794,0.403629,0.599491,0.660981,1504.507262,0.059024,0.02562,0.026349,0,0.0,19
1900-01-01 12:06:38.791,0.40468,0.600488,0.663091,1502.592901,0.058427,0.025383,0.025019,0,0.0,19
1900-01-01 12:06:39.842,0.404032,0.599541,0.661833,1504.159634,0.05896,0.024919,0.02586,0,0.0,19
1900-01-01 12:06:40.892,0.405488,0.602094,0.664698,1503.561485,0.058382,0.02615,0.025985,0,0.0,19
1900-01-01 12:06:41.895,0.403237,0.598743,0.660807,1505.005537,0.057617,0.025951,0.025495,0,0.0,19
1900-01-01 12:06:42.895,0.403838,0.599164,0.661688,1503.845271,0.059405,0.026972,0.027544,0,0.0,19
1900-01-01 12:06:43.890,0.403982,0.59953,0.661448,1502.673061,0.059586,0.026494,0.026886,0,0.0,19
1900-01-01 12:06:44.894,0.404303,0.60044,0.662268,1502.526177,0.059856,0.027049,0.026846,0,0.0,19
1900-01-01 12:06:45.942,0.403841,0.598808,0.661467,1503.441489,0.060854,0.027181,0.028014,0,0.0,19
1900-01-01 12:06:46.940,0.404314,0.600415,0.663058,1503.360789,0.0592,0.028997,0.02902,0,0.0,19
1900-01-01 12:06:47.943,0.404121,0.599146,0.661347,1504.323935,0.058492,0.02495,0.02475,0,0.0,19
1900-01-01 12:06:48.993,0.403418,0.598214,0.661006,1503.193281,0.059025,0.024528,0.025197,0,0.0,19
1900-01-01 12:06:50.042,0.404085,0.599802,0.661972,1502.000357,0.058989,0.026345,0.026854,0,0.0,19
1900-01-01 12:06:51.092,0.404518,0.600329,0.661732,1504.010514,0.057529,0.026617,0.027868,0,0.0,19
1900-01-01 12:06:52.094,0.404322,0.599431,0.661837,1503.673769,0.062516,0.027657,0.027946,0,0.0,19
1900-01-01 12:06:53.143,0.40459,0.599812,0.661481,1502.741961,0.058993,0.028636,0.027606,0,0.0,19
1900-01-01 12:06:54.191,0.403936,0.600286,0.662151,1504.233289,0.061971,0.02567,0.026267,0,0.0,19
1900-01-01 12:06:55.242,0.404081,0.599551,0.662471,1504.53646,0.060349,0.027806,0.027638,0,0.0,19
1900-01-01 12:06:56.292,0.404983,0.601464,0.663832,1503.920708,0.059636,0.026108,0.026482,0,0.0,19
1900-01-01 12:06:57.342,0.405703,0.600589,0.663184,1505.770709,0.060137,0.027893,0.026595,0,0.0,19
1900-01-01 12:06:58.391,0.40442,0.599452,0.661131,1504.908346,0.05906,0.027188,0.027361,0,0.0,19
1900-01-01 12:06:59.441,0.404518,0.599829,0.662615,1502.995708,0.059465,0.025774,0.026536,0,0.0,19
1900-01-01 12:07:00.492,0.404231,0.599736,0.661719,1503.41944,0.06262,0.029666,0.029578,0,0.0,19
1900-01-01 12:07:01.542,0.404998,0.600209,0.662633,1503.390854,0.0594,0.026476,0.025162,0,0.0,19
1900-01-01 12:07:02.543,0.404083,0.599145,0.661537,1503.983164,0.056963,0.025079,0.025328,0,0.0,19
1900-01-01 12:07:03.591,0.404342,0.59987,0.662019,1503.949861,0.057362,0.025847,0.02662,0,0.0,19
1900-01-01 12:07:04.641,0.404088,0.599679,0.662125,1502.623013,0.058836,0.025817,0.02634,0,0.0,19
1900-01-01 12:07:05.692,0.403897,0.598902,0.66109,1502.970838,0.059218,0.027357,0.026322,0,0.0,19
1900-01-01 12:07:06.742,0.404203,0.599169,0.661775,1504.113791,0.060801,0.026083,0.025994,0,0.0,19
1900-01-01 12:07:07.743,0.403684,0.598731,0.661336,1502.687887,0.059174,0.025845,0.026121,0,0.0,19
1900-01-01 12:07:08.791,0.404663,0.599224,0.661625,1502.919621,0.060285,0.028642,0.027678,0,0.0,19
1900-01-01 12:07:09.841,0.404128,0.599379,0.660892,1502.766703,0.059088,0.025961,0.026119,0,0.0,19
1900-01-01 12:07:10.839,0.403094,0.597638,0.659569,1501.910443,0.060213,0.02658,0.027746,0,0.0,19
1900-01-01 12:07:11.890,0.404931,0.60032,0.662585,1501.171944,0.058565,0.025369,0.025646,0,0.0,19
1900-01-01 12:07:12.942,0.40416,0.600557,0.66238,1503.663097,0.060924,0.025459,0.026123,0,0.0,19
1900-01-01 12:07:13.991,0.404595,0.599647,0.661446,1504.44091,0.058881,0.026909,0.02697,0,0.0,19
1900-01-01 12:07:14.993,0.405334,0.601522,0.664,1503.781993,0.0591,0.026164,0.025771,0,0.0,19
1900-01-01 12:07:16.041,0.40587,0.601919,0.663589,1505.335511,0.059801,0.025035,0.025995,0,0.0,19
1900-01-01 12:07:17.090,0.40436,0.599231,0.661473,1504.989248,0.061547,0.02546,0.024494,0,0.0,19
1900-01-01 12:07:18.092,0.405124,0.600374,0.663514,1503.669064,0.059598,0.028111,0.02745,0,0.0,19
1900-01-01 12:07:19.140,0.404066,0.598457,0.660599,1503.351512,0.058718,0.025609,0.024473,0,0.0,19
1900-01-01 12:07:20.142,0.4047,0.599724,0.662396,1502.520947,0.060461,0.02679,0.027031,0,0.0,19
1900-01-01 12:07:21.191,0.405046,0.599772,0.662664,1503.483566,0.060826,0.026862,0.026334,0,0.0,19
1900-01-01 12:07:22.241,0.405763,0.600384,0.662283,1504.136242,0.06073,0.026107,0.02407,0,0.0,19
1900-01-01 12:07:23.338,0.404292,0.599587,0.661606,1504.27838,0.058463,0.025944,0.025746,0,0.0,19
1900-01-01 12:07:24.390,0.405128,0.600591,0.662109,1503.515199,0.059703,0.02769,0.028809,0,0.0,19
1900-01-01 12:07:25.441,0.402982,0.599461,0.661212,1504.563376,0.059582,0.02533,0.025964,0,0.0,19
1900-01-01 12:07:26.490,0.404996,0.599837,0.661534,1504.301578,0.06074,0.029031,0.028058,0,0.0,19
1900-01-01 12:07:27.492,0.40481,0.599614,0.661892,1503.904333,0.059279,0.025401,0.024979,0,0.0,19
1900-01-01 12:07:28.540,0.404718,0.60001,0.661976,1503.580954,0.058973,0.025777,0.025262,0,0.0,19
1900-01-01 12:07:29.590,0.405503,0.602034,0.663009,1504.490976,0.058658,0.024676,0.025759,0,0.0,19
1900-01-01 12:07:30.639,0.404155,0.600518,0.662567,1505.928614,0.05973,0.02738,0.027211,0,0.0,19
1900-01-01 12:07:31.689,0.404728,0.599589,0.661006,1505.079204,0.061346,0.024941,0.025149,0,0.0,19
1900-01-01 12:07:32.740,0.404791,0.60027,0.662069,1502.253075,0.0596,0.025341,0.026149,0,0.0,19
1900-01-01 12:07:33.790,0.404433,0.599699,0.661749,1503.143887,0.057943,0.025401,0.025872,0,0.0,19
1900-01-01 12:07:34.839,0.404185,0.599106,0.660947,1503.101527,0.060565,0.025328,0.026009,0,0.0,19
1900-01-01 12:07:35.889,0.403608,0.598964,0.660279,1501.886605,0.059287,0.029026,0.029833,0,0.0,19
1900-01-01 12:07:36.940,0.402843,0.597888,0.660985,1501.701294,0.058508,0.026238,0.026178,0,0.0,19
1900-01-01 12:07:37.937,0.404943,0.601178,0.663717,1501.982861,0.059194,0.02539,0.024654,0,0.0,19
1900-01-01 12:07:38.988,0.40541,0.602454,0.664211,1505.02095,0.0584,0.024625,0.024827,0,0.0,19
1900-01-01 12:07:40.039,0.40562,0.601784,0.663223,1507.50172,0.060022,0.025868,0.025991,0,0.0,19
1900-01-01 12:07:41.041,0.405328,0.601359,0.663955,1505.838252,0.058829,0.026449,0.025408,0,0.0,19
1900-01-01 12:07:42.041,0.403654,0.599426,0.661394,1506.721304,0.060277,0.02549,0.026137,0,0.0,19
1900-01-01 12:07:43.041,0.404956,0.600592,0.662754,1503.284209,0.061275,0.02621,0.026993,0,0.0,19
1900-01-01 12:07:44.089,0.404773,0.599955,0.662756,1504.872128,0.059335,0.025296,0.023425,0,0.0,19
1900-01-01 12:07:45.140,0.404306,0.600525,0.66276,1505.281139,0.060349,0.029464,0.030051,0,0.0,19
1900-01-01 12:07:46.140,0.404384,0.599452,0.662212,1504.750515,0.06075,0.026084,0.025796,0,0.0,19
1900-01-01 12:07:47.137,0.405464,0.600661,0.663321,1503.945394,0.059401,0.0274,0.0268,0,0.0,19
1900-01-01 12:07:48.188,0.404541,0.599596,0.661807,1503.778322,0.05935,0.028152,0.028002,0,0.0,19
1900-01-01 12:07:49.238,0.404298,0.598769,0.661032,1503.848864,0.060226,0.029813,0.029134,0,0.0,19
1900-01-01 12:07:50.289,0.405365,0.600131,0.663197,1503.486731,0.059322,0.027622,0.027415,0,0.0,19
1900-01-01 12:07:51.338,0.403599,0.598796,0.661674,1504.17573,0.059284,0.025582,0.027308,0,0.0,19
1900-01-01 12:07:52.388,0.405388,0.601654,0.66307,1503.390854,0.061715,0.024858,0.025621,0,0.0,19
1900-01-01 12:07:53.390,0.406182,0.601768,0.663725,1504.892467,0.060359,0.026405,0.027598,0,0.0,19
1900-01-01 12:07:54.439,0.405842,0.601514,0.663846,1505.744337,0.060844,0.026609,0.026963,0,0.0,19
1900-01-01 12:07:55.489,0.405083,0.601019,0.663674,1504.908573,0.060169,0.024845,0.024663,0,0.0,19
1900-01-01 12:07:56.538,0.405631,0.600953,0.66297,1505.326341,0.061328,0.027203,0.027636,0,0.0,19
1900-01-01 12:07:57.588,0.406403,0.599814,0.662344,1502.358086,0.059926,0.028106,0.027372,0,0.0,19
1900-01-01 12:07:58.590,0.405077,0.601312,0.663909,1500.723485,0.058948,0.02392,0.025531,0,0.0,19
1900-01-01 12:07:59.638,0.406571,0.603091,0.665167,1505.429987,0.05931,0.027452,0.028071,0,0.0,19
1900-01-01 12:08:00.687,0.403694,0.599271,0.662217,1506.463469,0.058587,0.027408,0.027221,0,0.0,19
1900-01-01 12:08:01.737,0.403963,0.600164,0.662703,1504.293403,0.059062,0.028077,0.026893,0,0.0,19
1900-01-01 12:08:02.788,0.405171,0.599691,0.663101,1503.908417,0.062261,0.030295,0.030147,0,0.0,19
1900-01-01 12:08:03.838,0.406108,0.600199,0.662143,1502.142552,0.058728,0.027291,0.028368,0,0.0,19
1900-01-01 12:08:04.887,0.406692,0.601158,0.66375,1501.047507,0.061015,0.026061,0.025871,0,0.0,19
1900-01-01 12:08:05.886,0.405568,0.599208,0.661407,1501.078325,0.058727,0.026088,0.025969,0,0.0,19
1900-01-01 12:08:06.937,0.40577,0.600231,0.66352,1499.426881,0.060017,0.027097,0.025512,0,0.0,19
1900-01-01 12:08:07.938,0.406354,0.601154,0.663538,1501.458552,0.059125,0.02399,0.024352,0,0.0,19
1900-01-01 12:08:08.988,0.407513,0.602774,0.665555,1502.003353,0.060845,0.025647,0.025384,0,0.0,19
1900-01-01 12:08:10.038,0.406358,0.601579,0.664558,1504.077869,0.059925,0.024551,0.025143,0,0.0,19
1900-01-01 12:08:11.087,0.406227,0.600798,0.662926,1502.022829,0.06069,0.024555,0.025528,0,0.0,19
1900-01-01 12:08:12.190,0.407381,0.602389,0.665135,1501.543128,0.058897,0.026516,0.026732,0,0.0,19
1900-01-01 12:08:13.238,0.405925,0.60001,0.66322,1503.108574,0.060746,0.025773,0.024884,0,0.0,19
1900-01-01 12:08:14.234,0.405979,0.601804,0.664276,1500.942994,0.059787,0.024707,0.024674,0,0.0,19
1900-01-01 12:08:15.286,0.405921,0.60122,0.663934,1501.928657,0.060172,0.026766,0.026628,0,0.0,19
1900-01-01 12:08:16.337,0.40576,0.601105,0.663546,1502.230645,0.058551,0.025315,0.026436,0,0.0,19
1900-01-01 12:08:17.338,0.405316,0.60084,0.662841,1500.653125,0.060294,0.027588,0.028583,0,0.0,19
1900-01-01 12:08:18.386,0.405028,0.59969,0.662081,1501.956865,0.059494,0.0268,0.026247,0,0.0,19
1900-01-01 12:08:19.438,0.405797,0.60111,0.663209,1500.256962,0.060182,0.026423,0.026746,0,0.0,19
1900-01-01 12:08:20.487,0.404946,0.598926,0.660667,1500.953121,0.058881,0.026111,0.026087,0,0.0,19
1900-01-01 12:08:21.489,0.406329,0.602161,0.664257,1500.224713,0.060728,0.02485,0.02604,0,0.0,19
1900-01-01 12:08:22.537,0.406747,0.601498,0.663869,1501.111078,0.059015,0.027325,0.028228,0,0.0,19
1900-01-01 12:08:23.634,0.40523,0.600143,0.662887,1501.746911,0.060238,0.026655,0.028342,0,0.0,19
1900-01-01 12:08:24.738,0.405502,0.601167,0.663489,1503.28028,0.058942,0.02618,0.025465,0,0.0,19
1900-01-01 12:08:25.786,0.403651,0.598472,0.661406,1503.864383,0.059936,0.026837,0.026535,0,0.0,19
1900-01-01 12:08:26.884,0.403726,0.599589,0.662716,1501.969001,0.06095,0.025165,0.025388,0,0.0,19
1900-01-01 12:08:27.988,0.403938,0.599174,0.661966,1502.844673,0.05942,0.026002,0.02581,0,0.0,19
1900-01-01 12:08:29.036,0.404723,0.601007,0.663291,1503.535966,0.06134,0.026271,0.027429,0,0.0,19
1900-01-01 12:08:30.086,0.404303,0.600149,0.662108,1505.115126,0.061085,0.029651,0.02996,0,0.0,19
1900-01-01 12:08:31.135,0.405416,0.599977,0.662313,1503.600425,0.05912,0.025872,0.025863,0,0.0,19
1900-01-01 12:08:32.186,0.404986,0.599866,0.662969,1502.813827,0.060907,0.028099,0.028153,0,0.0,19
1900-01-01 12:08:33.236,0.404188,0.600564,0.662353,1502.964276,0.059159,0.027647,0.028185,0,0.0,19
1900-01-01 12:08:34.286,0.405218,0.600189,0.662913,1503.691703,0.059261,0.025926,0.02589,0,0.0,19
1900-01-01 12:08:35.383,0.404326,0.598903,0.66143,1502.958922,0.06002,0.026941,0.026762,0,0.0,19
1900-01-01 12:08:36.487,0.40486,0.600458,0.661849,1502.353547,0.059208,0.024161,0.025733,0,0.0,19
1900-01-01 12:08:37.535,0.404522,0.59993,0.662256,1503.499975,0.057319,0.025548,0.025066,0,0.0,19
1900-01-01 12:08:38.585,0.406193,0.601424,0.663928,1504.490976,0.058664,0.026767,0.02541,0,0.0,19
1900-01-01 12:08:39.636,0.405595,0.60079,0.66352,1504.845995,0.060023,0.025923,0.026721,0,0.0,19
1900-01-01 12:08:40.734,0.40496,0.60045,0.662975,1504.734335,0.061163,0.026195,0.026864,0,0.0,19
1900-01-01 12:08:41.785,0.406205,0.602329,0.664167,1505.299083,0.061069,0.028431,0.029741,0,0.0,19
1900-01-01 12:08:42.834,0.405731,0.600618,0.661858,1505.748831,0.061586,0.02505,0.026207,0,0.0,19
1900-01-01 12:08:43.934,0.40443,0.600028,0.662423,1504.546492,0.059222,0.026934,0.026927,0,0.0,19
1900-01-01 12:08:44.985,0.4055,0.601409,0.663835,1504.567862,0.059888,0.02556,0.025678,0,0.0,19
1900-01-01 12:08:46.034,0.404861,0.600708,0.663522,1504.795982,0.061536,0.027461,0.02802,0,0.0,19
1900-01-01 12:08:47.084,0.404008,0.599629,0.662939,1504.333815,0.060815,0.024514,0.025676,0,0.0,19
1900-01-01 12:08:48.135,0.404841,0.599986,0.661921,1503.764864,0.060616,0.026879,0.026808,0,0.0,19
1900-01-01 12:08:49.185,0.405163,0.600434,0.662887,1504.432602,0.060354,0.025985,0.025907,0,0.0,19
1900-01-01 12:08:50.234,0.40434,0.600022,0.662007,1504.108312,0.060777,0.027831,0.027917,0,0.0,19
1900-01-01 12:08:51.284,0.405533,0.601704,0.662869,1504.895102,0.058496,0.028073,0.027571,0,0.0,19
1900-01-01 12:08:52.383,0.40523,0.601178,0.664091,1505.648499,0.059383,0.028143,0.026571,0,0.0,19
1900-01-01 12:08:53.482,0.40556,0.601985,0.665094,1506.107538,0.059373,0.026789,0.028038,0,0.0,19
1900-01-01 12:08:54.586,0.40457,0.600268,0.662474,1506.158705,0.060302,0.02448,0.026058,0,0.0,19
1900-01-01 12:08:55.682,0.404299,0.600055,0.661341,1504.548604,0.059638,0.027166,0.02754,0,0.0,19
1900-01-01 12:08:56.786,0.403272,0.598484,0.661542,1501.947834,0.060741,0.0281,0.028215,0,0.0,19
1900-01-01 12:08:57.882,0.404898,0.601147,0.663504,1503.141905,0.060771,0.02574,0.026589,0,0.0,19
1900-01-01 12:08:58.986,0.404979,0.601528,0.664238,1504.864695,0.061552,0.027517,0.028323,0,0.0,19
1900-01-01 12:09:00.082,0.404672,0.600275,0.663017,1506.359675,0.059552,0.029066,0.029599,0,0.0,19
1900-01-01 12:09:01.134,0.407379,0.604779,0.667034,1505.724705,0.061067,0.027944,0.026443,0,0.0,19
1900-01-01 12:09:02.233,0.405349,0.601159,0.663681,1509.389457,0.060637,0.025336,0.026142,0,0.0,19
1900-01-01 12:09:03.337,0.405146,0.601053,0.663605,1505.556542,0.061322,0.027656,0.028494,0,0.0,19
1900-01-01 12:09:04.433,0.405372,0.601094,0.662908,1505.353046,0.06029,0.026284,0.027643,0,0.0,19
1900-01-01 12:09:05.484,0.406349,0.602618,0.665137,1505.50544,0.061913,0.028615,0.028989,0,0.0,19
1900-01-01 12:09:06.582,0.404783,0.600728,0.662808,1507.508257,0.059327,0.026981,0.027908,0,0.0,19
1900-01-01 12:09:07.686,0.404551,0.600125,0.662806,1505.078228,0.060169,0.027092,0.028352,0,0.0,19
1900-01-01 12:09:08.734,0.404998,0.599715,0.661485,1503.720419,0.060834,0.029587,0.031044,0,0.0,19
1900-01-01 12:09:09.836,0.40375,0.599388,0.662048,1502.647967,0.05889,0.027438,0.026974,0,0.0,19
1900-01-01 12:09:10.836,0.406778,0.602634,0.665914,1503.482231,0.058263,0.03028,0.029809,0,0.0,19
1900-01-01 12:09:11.831,0.406505,0.601556,0.663978,1507.250453,0.060999,0.027776,0.027539,0,0.0,19
1900-01-01 12:09:12.882,0.40523,0.600041,0.662594,1505.738713,0.059739,0.024467,0.024578,0,0.0,19
1900-01-01 12:09:13.982,0.405437,0.600773,0.662882,1501.92763,0.058464,0.027463,0.027387,0,0.0,19
1900-01-01 12:09:15.086,0.406539,0.60149,0.664021,1503.741511,0.060454,0.025978,0.026068,0,0.0,19
1900-01-01 12:09:16.134,0.404272,0.59966,0.662388,1504.948608,0.061022,0.029807,0.030918,0,0.0,19
1900-01-01 12:09:17.231,0.4049,0.59987,0.662477,1503.341436,0.060076,0.026962,0.026584,0,0.0,19
1900-01-01 12:09:18.335,0.405193,0.60052,0.663481,1504.514501,0.059793,0.025252,0.024442,0,0.0,19
1900-01-01 12:09:19.383,0.404116,0.59988,0.662957,1505.479474,0.058983,0.024511,0.025954,0,0.0,19
1900-01-01 12:09:20.481,0.40506,0.601784,0.664347,1505.176616,0.059064,0.02262,0.023145,0,0.0,19
1900-01-01 12:09:21.532,0.405795,0.601764,0.664447,1506.155913,0.058669,0.023383,0.023836,0,0.0,19
1900-01-01 12:09:22.583,0.405305,0.600545,0.662462,1506.66732,0.060996,0.026737,0.026909,0,0.0,19
1900-01-01 12:09:23.633,0.404908,0.601314,0.664374,1504.993888,0.059349,0.025085,0.025005,0,0.0,19
1900-01-01 12:09:24.735,0.405699,0.600756,0.663057,1505.159394,0.060825,0.025273,0.025258,0,0.0,19
1900-01-01 12:09:25.831,0.403939,0.598594,0.661609,1504.084006,0.059787,0.025806,0.025666,0,0.0,19
1900-01-01 12:09:26.930,0.405168,0.601025,0.664316,1504.550236,0.059879,0.024179,0.024227,0,0.0,19
1900-01-01 12:09:27.982,0.404729,0.600122,0.663096,1504.770091,0.060865,0.025265,0.026496,0,0.0,19
1900-01-01 12:09:29.081,0.404862,0.600065,0.662486,1504.884863,0.058049,0.025827,0.025951,0,0.0,19
1900-01-01 12:09:30.180,0.403897,0.599553,0.662686,1504.181288,0.058229,0.02616,0.025347,0,0.0,19
1900-01-01 12:09:31.284,0.405574,0.601423,0.663872,1505.633414,0.061317,0.027485,0.028094,0,0.0,19
1900-01-01 12:09:32.332,0.405654,0.601443,0.663983,1505.326513,0.061088,0.029185,0.029428,0,0.0,19
1900-01-01 12:09:33.434,0.405498,0.600818,0.662974,1505.668525,0.060194,0.025759,0.026599,0,0.0,19
1900-01-01 12:09:34.530,0.405745,0.601937,0.66482,1505.013202,0.06033,0.02998,0.03077,0,0.0,19
1900-01-01 12:09:35.634,0.405612,0.600468,0.663081,1505.552271,0.059785,0.027598,0.026778,0,0.0,19
1900-01-01 12:09:36.730,0.40449,0.599825,0.662129,1505.374556,0.059024,0.025865,0.024564,0,0.0,19
1900-01-01 12:09:37.782,0.404115,0.600072,0.662668,1503.344892,0.06195,0.027364,0.030116,0,0.0,19
1900-01-01 12:09:38.831,0.403985,0.598986,0.660816,1503.76223,0.060037,0.026298,0.026206,0,0.0,19
1900-01-01 12:09:39.934,0.404163,0.598991,0.66122,1502.838311,0.059131,0.026904,0.027348,0,0.0,19
1900-01-01 12:09:40.982,0.4035,0.598457,0.660213,1502.676683,0.061205,0.027488,0.02704,0,0.0,19
1900-01-01 12:09:42.031,0.405196,0.600347,0.662488,1501.474491,0.061332,0.026145,0.026659,0,0.0,19
1900-01-01 12:09:43.130,0.404609,0.600065,0.662511,1504.215609,0.059725,0.027354,0.028077,0,0.0,19
1900-01-01 12:09:44.180,0.405018,0.601059,0.663604,1505.110636,0.059599,0.024263,0.025166,0,0.0,19
1900-01-01 12:09:45.231,0.404231,0.599601,0.661824,1505.980958,0.061166,0.027791,0.027545,0,0.0,19
1900-01-01 12:09:46.334,0.405243,0.601299,0.663269,1505.163657,0.061052,0.026574,0.026571,0,0.0,19
1900-01-01 12:09:47.382,0.403841,0.5997,0.661984,1504.966604,0.059594,0.026081,0.026239,0,0.0,19
1900-01-01 12:09:48.479,0.405393,0.600951,0.662611,1505.236815,0.061295,0.029873,0.029755,0,0.0,19
1900-01-01 12:09:49.583,0.403862,0.59934,0.660585,1505.214889,0.060131,0.030671,0.031233,0,0.0,19
1900-01-01 12:09:50.732,0.405494,0.60088,0.663178,1502.680414,0.059853,0.025555,0.026129,0,0.0,19
1900-01-01 12:09:51.833,0.404214,0.599381,0.662185,1503.711989,0.06107,0.024741,0.025657,0,0.0,19
1900-01-01 12:09:52.881,0.405434,0.601273,0.663361,1503.486478,0.058984,0.024614,0.025188,0,0.0,19
1900-01-01 12:09:53.978,0.406479,0.601913,0.664587,1504.871492,0.061653,0.026368,0.024917,0,0.0,19
1900-01-01 12:09:55.082,0.404941,0.600715,0.663497,1506.12881,0.060469,0.024896,0.02501,0,0.0,19
1900-01-01 12:09:56.178,0.404816,0.600634,0.662632,1505.989718,0.059505,0.025797,0.025656,0,0.0,19
1900-01-01 12:09:57.282,0.404513,0.600501,0.662931,1504.911672,0.060628,0.024784,0.025278,0,0.0,19
1900-01-01 12:09:58.378,0.405947,0.601272,0.663579,1504.832525,0.059949,0.026141,0.026198,0,0.0,19
1900-01-01 12:09:59.482,0.405207,0.600919,0.663381,1505.240513,0.059547,0.026112,0.026195,0,0.0,19
1900-01-01 12:10:00.578,0.405353,0.600955,0.663437,1506.127376,0.060856,0.027018,0.028573,0,0.0,19
1900-01-01 12:10:01.678,0.405867,0.601355,0.663751,1506.522425,0.059143,0.025115,0.026186,0,0.0,19
1900-01-01 12:10:02.782,0.404461,0.601133,0.663406,1505.919548,0.061199,0.026204,0.025309,0,0.0,19
1900-01-01 12:10:03.830,0.404768,0.600241,0.663352,1505.465978,0.060287,0.029863,0.028684,0,0.0,19
1900-01-01 12:10:04.932,0.406094,0.60229,0.665016,1504.79145,0.059923,0.026442,0.025139,0,0.0,19
1900-01-01 12:10:06.028,0.404629,0.60016,0.662665,1506.067151,0.059702,0.02582,0.026684,0,0.0,19
1900-01-01 12:10:07.180,0.404656,0.600536,0.662352,1505.146558,0.058851,0.027948,0.028363,0,0.0,19
1900-01-01 12:10:08.278,0.405232,0.600919,0.66254,1505.541606,0.061463,0.027329,0.028426,0,0.0,19
1900-01-01 12:10:09.382,0.406377,0.602689,0.664546,1505.864029,0.058543,0.025377,0.025591,0,0.0,19
1900-01-01 12:10:10.478,0.405602,0.601995,0.664049,1507.043667,0.060418,0.02673,0.027968,0,0.0,19
1900-01-01 12:10:11.582,0.404546,0.600216,0.66229,1506.880446,0.058903,0.025412,0.024881,0,0.0,19
1900-01-01 12:10:12.630,0.404071,0.599259,0.662151,1505.245533,0.060026,0.02572,0.025087,0,0.0,19
1900-01-01 12:10:13.732,0.404017,0.598583,0.660989,1504.337939,0.059025,0.023999,0.0246,0,0.0,19
1900-01-01 12:10:14.780,0.404753,0.599099,0.66216,1502.52822,0.062814,0.029361,0.028875,0,0.0,19
1900-01-01 12:10:15.878,0.405601,0.601473,0.663686,1503.759598,0.05895,0.026473,0.026973,0,0.0,19
1900-01-01 12:10:16.982,0.405426,0.600877,0.663031,1506.017773,0.059813,0.026235,0.024846,0,0.0,19
1900-01-01 12:10:18.030,0.402734,0.596884,0.658373,1503.387503,0.05995,0.026299,0.026466,0,0.0,19
1900-01-01 12:10:19.127,0.405733,0.60077,0.663314,1500.599369,0.060275,0.027279,0.026411,0,0.0,19
1900-01-01 12:10:20.231,0.406815,0.602845,0.665145,1505.180724,0.062412,0.024417,0.024608,0,0.0,19
1900-01-01 12:10:21.327,0.404936,0.600299,0.662263,1505.344443,0.060171,0.024817,0.025064,0,0.0,19
1900-01-01 12:10:22.426,0.404747,0.599883,0.662243,1502.928582,0.060777,0.026609,0.027514,0,0.0,19
1900-01-01 12:10:23.478,0.406505,0.603232,0.664598,1503.4659,0.059113,0.024532,0.025305,0,0.0,19
1900-01-01 12:10:24.577,0.405345,0.600967,0.663221,1505.331032,0.060729,0.027826,0.029173,0,0.0,19
1900-01-01 12:10:25.681,0.405873,0.601124,0.663306,1505.184994,0.059417,0.02708,0.026987,0,0.0,19
1900-01-01 12:10:26.782,0.405368,0.60115,0.663596,1504.983831,0.05949,0.026185,0.026228,0,0.0,19
1900-01-01 12:10:27.878,0.405702,0.601415,0.663587,1504.733583,0.061422,0.02832,0.029084,0,0.0,19
1900-01-01 12:10:28.929,0.405191,0.600275,0.662594,1503.634769,0.059556,0.028987,0.028888,0,0.0,19
1900-01-01 12:10:30.026,0.405819,0.602114,0.664261,1502.877261,0.059811,0.025736,0.026887,0,0.0,19
1900-01-01 12:10:31.130,0.404665,0.600406,0.663098,1505.360091,0.059764,0.024995,0.024505,0,0.0,19
1900-01-01 12:10:32.226,0.405386,0.601209,0.662967,1505.064824,0.060447,0.02644,0.026293,0,0.0,19
1900-01-01 12:10:33.330,0.405445,0.601828,0.664096,1504.335133,0.058061,0.024092,0.024866,0,0.0,19
1900-01-01 12:10:34.378,0.405484,0.601338,0.663378,1505.052082,0.059662,0.024836,0.024501,0,0.0,19
1900-01-01 12:10:35.476,0.406184,0.602793,0.66454,1504.566869,0.059347,0.025824,0.026751,0,0.0,19
1900-01-01 12:10:36.580,0.404632,0.599455,0.662757,1505.530918,0.060641,0.029216,0.030529,0,0.0,19
1900-01-01 12:10:37.676,0.4045,0.599571,0.661995,1504.195853,0.060383,0.028119,0.028381,0,0.0,19
1900-01-01 12:10:38.780,0.405345,0.600919,0.662415,1502.579892,0.059319,0.024607,0.025163,0,0.0,19
1900-01-01 12:10:39.876,0.405592,0.600931,0.663328,1503.090283,0.061461,0.02761,0.027476,0,0.0,19
1900-01-01 12:10:40.980,0.405959,0.602089,0.664313,1505.949442,0.059403,0.028296,0.029719,0,0.0,19
1900-01-01 12:10:42.076,0.405195,0.599806,0.662053,1506.105867,0.059095,0.025945,0.025833,0,0.0,19
1900-01-01 12:10:43.175,0.405259,0.600533,0.662268,1504.292831,0.05985,0.027703,0.027436,0,0.0,19
1900-01-01 12:10:44.279,0.405012,0.599564,0.662041,1503.229032,0.060089,0.027716,0.027023,0,0.0,19
1900-01-01 12:10:45.428,0.404411,0.59993,0.661779,1503.542128,0.061403,0.027154,0.026903,0,0.0,19
1900-01-01 12:10:46.526,0.40551,0.600828,0.663385,1503.716658,0.060971,0.028347,0.028654,0,0.0,19
1900-01-01 12:10:47.678,0.40549,0.601338,0.663428,1505.322545,0.060151,0.028188,0.027082,0,0.0,19
1900-01-01 12:10:48.775,0.405245,0.599693,0.662695,1505.206729,0.060199,0.026537,0.028184,0,0.0,19
1900-01-01 12:10:49.879,0.405241,0.601766,0.663472,1504.484606,0.062064,0.027999,0.028279,0,0.0,19
1900-01-01 12:10:50.980,0.405377,0.60064,0.662661,1504.885338,0.060697,0.026314,0.026094,0,0.0,19
1900-01-01 12:10:52.079,0.405454,0.600996,0.663572,1505.502636,0.059483,0.026175,0.026076,0,0.0,19
1900-01-01 12:10:53.178,0.404508,0.600227,0.662895,1505.146558,0.059583,0.025127,0.025652,0,0.0,19
1900-01-01 12:10:54.329,0.40579,0.601447,0.664103,1504.556695,0.059978,0.0266,0.026814,0,0.0,19
1900-01-01 12:10:55.430,0.403584,0.599295,0.661067,1504.748305,0.059448,0.025798,0.025626,0,0.0,19
1900-01-01 12:10:56.529,0.405937,0.603442,0.665127,1505.70427,0.060384,0.025907,0.026129,0,0.0,19
1900-01-01 12:10:57.678,0.405732,0.601584,0.662899,1508.314384,0.061106,0.027704,0.027874,0,0.0,19
1900-01-01 12:10:58.775,0.404115,0.598592,0.661145,1504.458893,0.060725,0.026418,0.024446,0,0.0,19
1900-01-01 12:10:59.927,0.405632,0.601521,0.663675,1503.484916,0.060578,0.026656,0.026316,0,0.0,19
1900-01-01 12:11:01.025,0.40462,0.600718,0.662347,1505.35267,0.059955,0.026402,0.026897,0,0.0,19
1900-01-01 12:11:02.129,0.405788,0.601637,0.664321,1504.804906,0.059674,0.028556,0.029836,0,0.0,19
1900-01-01 12:11:03.278,0.405375,0.600926,0.662827,1506.123168,0.060312,0.027006,0.027346,0,0.0,19
1900-01-01 12:11:04.375,0.405589,0.602076,0.664294,1506.006141,0.059874,0.024517,0.025698,0,0.0,19
1900-01-01 12:11:05.527,0.404852,0.600468,0.663301,1506.628121,0.060425,0.027056,0.027168,0,0.0,19
1900-01-01 12:11:06.678,0.406547,0.602688,0.665317,1506.797356,0.060989,0.02571,0.025604,0,0.0,19
1900-01-01 12:11:07.774,0.404275,0.599992,0.662665,1507.542679,0.060031,0.024191,0.025536,0,0.0,19
1900-01-01 12:11:08.878,0.403743,0.59934,0.661167,1504.813447,0.059147,0.02505,0.026324,0,0.0,19
1900-01-01 12:11:10.026,0.404074,0.600632,0.662631,1504.337484,0.060379,0.025314,0.025163,0,0.0,19
1900-01-01 12:11:11.177,0.405137,0.600777,0.663153,1505.674977,0.059424,0.027642,0.027723,0,0.0,19
1900-01-01 12:11:12.326,0.404388,0.600757,0.663994,1506.25858,0.060615,0.025755,0.02441,0,0.0,19
1900-01-01 12:11:13.476,0.405487,0.601789,0.663981,1506.917686,0.05975,0.026784,0.027739,0,0.0,19
1900-01-01 12:11:14.574,0.406256,0.602731,0.665259,1506.984389,0.061153,0.027124,0.026877,0,0.0,19
1900-01-01 12:11:15.678,0.404347,0.600529,0.663081,1507.751661,0.060026,0.029142,0.029371,0,0.0,19
1900-01-01 12:11:16.826,0.404975,0.60183,0.664063,1505.902242,0.061488,0.027057,0.028802,0,0.0,19
1900-01-01 12:11:17.977,0.404444,0.600439,0.663457,1506.37544,0.059769,0.026775,0.02689,0,0.0,19
1900-01-01 12:11:19.126,0.405503,0.601762,0.66349,1505.905688,0.061208,0.02589,0.027138,0,0.0,19
1900-01-01 12:11:20.223,0.40534,0.601492,0.663507,1506.319888,0.06005,0.027351,0.027711,0,0.0,19
1900-01-01 12:11:21.375,0.404871,0.601899,0.664066,1505.649962,0.05949,0.028461,0.029144,0,0.0,19
1900-01-01 12:11:22.478,0.405291,0.601342,0.663494,1506.715312,0.060445,0.02699,0.026459,0,0.0,19
1900-01-01 12:11:23.577,0.405464,0.600461,0.662502,1506.047477,0.060953,0.028256,0.02698,0,0.0,19
1900-01-01 12:11:24.726,0.405133,0.601625,0.66401,1505.917998,0.058646,0.024748,0.02412,0,0.0,19
1900-01-01 12:11:25.823,0.404953,0.600717,0.663725,1507.291216,0.060982,0.02564,0.025763,0,0.0,19
1900-01-01 12:11:26.975,0.404255,0.599643,0.662439,1505.854598,0.059368,0.026403,0.026121,0,0.0,19
1900-01-01 12:11:28.073,0.406533,0.602535,0.665083,1504.669925,0.060637,0.02884,0.028331,0,0.0,19
1900-01-01 12:11:29.225,0.404748,0.600249,0.66287,1507.58991,0.059868,0.0269,0.026162,0,0.0,19
1900-01-01 12:11:30.375,0.403578,0.599434,0.661456,1506.028023,0.059577,0.02411,0.025065,0,0.0,19
1900-01-01 12:11:31.473,0.40561,0.60132,0.663954,1505.258202,0.058996,0.02607,0.026559,0,0.0,19
1900-01-01 12:11:32.572,0.405139,0.6022,0.664701,1507.373115,0.060046,0.024493,0.025977,0,0.0,19
1900-01-01 12:11:33.724,0.403248,0.59834,0.661267,1506.321168,0.060168,0.02584,0.025064,0,0.0,19
1900-01-01 12:11:34.876,0.403717,0.599205,0.662192,1503.918744,0.05957,0.026592,0.026113,0,0.0,19
1900-01-01 12:11:35.972,0.404878,0.600495,0.663655,1504.871241,0.061987,0.027115,0.028192,0,0.0,19
1900-01-01 12:11:37.076,0.404875,0.601043,0.663006,1505.436963,0.060409,0.027995,0.028377,0,0.0,19
1900-01-01 12:11:38.225,0.404795,0.601817,0.664026,1505.684104,0.059673,0.026497,0.027064,0,0.0,19
1900-01-01 12:11:39.375,0.404131,0.600287,0.663222,1506.864389,0.059953,0.027479,0.028183,0,0.0,19
1900-01-01 12:11:40.476,0.404652,0.600912,0.664038,1506.563999,0.060014,0.025924,0.02625,0,0.0,19
1900-01-01 12:11:41.625,0.404585,0.600748,0.664018,1507.140812,0.061375,0.026483,0.026752,0,0.0,19
1900-01-01 12:11:42.722,0.404852,0.600588,0.66277,1506.586359,0.059623,0.025563,0.025513,0,0.0,19
1900-01-01 12:11:43.874,0.404943,0.600951,0.663779,1506.820479,0.059859,0.027475,0.027154,0,0.0,19
1900-01-01 12:11:45.025,0.403541,0.599231,0.661773,1506.785067,0.059789,0.02534,0.024907,0,0.0,19
1900-01-01 12:11:46.126,0.403646,0.598895,0.660758,1504.020314,0.059009,0.027649,0.027136,0,0.0,19
1900-01-01 12:11:47.274,0.404349,0.599951,0.662311,1503.980177,0.061184,0.026591,0.026614,0,0.0,19
1900-01-01 12:11:48.425,0.40459,0.599559,0.662012,1503.819367,0.060158,0.025397,0.025867,0,0.0,19
1900-01-01 12:11:49.522,0.404369,0.599788,0.662175,1505.021919,0.059571,0.023813,0.024081,0,0.0,19
1900-01-01 12:11:50.674,0.404574,0.599698,0.662184,1505.482161,0.059791,0.025577,0.025494,0,0.0,19
1900-01-01 12:11:51.823,0.403031,0.598463,0.660948,1505.101421,0.058418,0.024273,0.024122,0,0.0,19
1900-01-01 12:11:52.974,0.404289,0.600859,0.663058,1505.224388,0.059407,0.026001,0.026972,0,0.0,19
1900-01-01 12:11:54.124,0.404738,0.600219,0.662431,1505.58934,0.058912,0.024745,0.02478,0,0.0,19
1900-01-01 12:11:55.273,0.404201,0.600652,0.66309,1505.565105,0.059387,0.024651,0.024767,0,0.0,19
1900-01-01 12:11:56.375,0.40475,0.599717,0.662582,1506.904985,0.060346,0.025343,0.024406,0,0.0,19
1900-01-01 12:11:57.524,0.405106,0.601488,0.663202,1505.487141,0.05858,0.026941,0.027264,0,0.0,19
1900-01-01 12:11:58.673,0.405124,0.602045,0.663082,1506.677127,0.058885,0.025141,0.026289,0,0.0,19
1900-01-01 12:11:59.823,0.404911,0.600904,0.663374,1506.163317,0.058818,0.024657,0.02473,0,0.0,19
1900-01-01 12:12:00.974,0.404654,0.601662,0.6636,1506.252552,0.059568,0.02786,0.02794,0,0.0,19
1900-01-01 12:12:02.074,0.404015,0.600329,0.663225,1506.723876,0.058956,0.027929,0.029198,0,0.0,19
1900-01-01 12:12:03.223,0.403986,0.599984,0.662571,1505.827723,0.060294,0.026766,0.027375,0,0.0,19
1900-01-01 12:12:04.321,0.40277,0.598021,0.660741,1504.871743,0.060358,0.02499,0.02614,0,0.0,19
1900-01-01 12:12:05.425,0.403838,0.599364,0.661791,1502.831861,0.058633,0.024735,0.025459,0,0.0,19
1900-01-01 12:12:06.574,0.404068,0.599171,0.662123,1503.349269,0.060462,0.025256,0.024215,0,0.0,19
1900-01-01 12:12:07.722,0.405177,0.601058,0.663871,1504.423731,0.059594,0.027026,0.02713,0,0.0,19
1900-01-01 12:12:08.873,0.405124,0.600818,0.663082,1506.830126,0.060202,0.028144,0.029442,0,0.0,19
1900-01-01 12:12:10.023,0.403852,0.599004,0.661081,1506.208415,0.059682,0.025942,0.02665,0,0.0,19
1900-01-01 12:12:11.124,0.403994,0.599181,0.661509,1502.217468,0.059265,0.026514,0.025465,0,0.0,19
1900-01-01 12:12:12.273,0.403854,0.598828,0.660692,1503.66523,0.059341,0.026488,0.026226,0,0.0,19
1900-01-01 12:12:13.423,0.404318,0.600406,0.662463,1503.994505,0.06071,0.027618,0.028396,0,0.0,19
1900-01-01 12:12:14.572,0.405375,0.600318,0.662299,1505.380452,0.059624,0.030478,0.030312,0,0.0,19
1900-01-01 12:12:15.674,0.404974,0.601265,0.663632,1504.111183,0.060408,0.026446,0.026735,0,0.0,19
1900-01-01 12:12:16.822,0.404783,0.601309,0.664023,1507.594316,0.059164,0.025237,0.025715,0,0.0,19
1900-01-01 12:12:17.972,0.405016,0.601283,0.662663,1508.233733,0.057927,0.024669,0.0252,0,0.0,19
1900-01-01 12:12:19.122,0.403606,0.599543,0.661592,1506.040322,0.059735,0.027476,0.027768,0,0.0,19
1900-01-01 12:12:20.273,0.405037,0.600978,0.663624,1505.007285,0.060974,0.025613,0.027187,0,0.0,19
1900-01-01 12:12:21.370,0.403053,0.598716,0.660283,1505.731074,0.061179,0.027883,0.029078,0,0.0,19
1900-01-01 12:12:22.570,0.40397,0.599068,0.661137,1503.331357,0.058408,0.02706,0.028361,0,0.0,19
1900-01-01 12:12:23.721,0.403792,0.598875,0.660974,1503.045171,0.059964,0.024399,0.02388,0,0.0,19
1900-01-01 12:12:24.823,0.403788,0.599326,0.661981,1503.597774,0.057587,0.024779,0.024241,0,0.0,19
1900-01-01 12:12:25.972,0.402492,0.597805,0.65998,1503.956572,0.058978,0.026875,0.026885,0,0.0,19
1900-01-01 12:12:27.122,0.404537,0.599963,0.66204,1503.465627,0.060102,0.027438,0.028202,0,0.0,19
1900-01-01 12:12:28.220,0.403937,0.599245,0.661477,1504.777275,0.059342,0.026551,0.026451,0,0.0,19
1900-01-01 12:12:29.372,0.403841,0.599438,0.661387,1503.74685,0.058697,0.025308,0.025166,0,0.0,19
1900-01-01 12:12:30.522,0.404564,0.600155,0.661568,1504.888269,0.058801,0.02691,0.027263,0,0.0,19
1900-01-01 12:12:31.623,0.405659,0.601389,0.663195,1503.883281,0.058418,0.026299,0.025227,0,0.0,19
1900-01-01 12:12:32.772,0.404598,0.601282,0.662779,1504.797769,0.059784,0.028808,0.030034,0,0.0,19
1900-01-01 12:12:33.921,0.404452,0.598714,0.660708,1504.61722,0.059866,0.028806,0.029454,0,0.0,19
1900-01-01 12:12:35.071,0.402574,0.597749,0.659715,1502.940848,0.060352,0.033643,0.034851,0,0.0,19
1900-01-01 12:12:36.270,0.403652,0.5977,0.660074,1502.228804,0.059592,0.025162,0.025657,0,0.0,19
1900-01-01 12:12:37.422,0.402774,0.598317,0.660757,1501.156161,0.058556,0.027006,0.027367,0,0.0,19
1900-01-01 12:12:38.572,0.404496,0.599936,0.661696,1503.703417,0.061233,0.027536,0.027755,0,0.0,19
1900-01-01 12:12:39.673,0.404896,0.600011,0.661935,1504.084549,0.059125,0.028846,0.028586,0,0.0,19
1900-01-01 12:12:40.822,0.404644,0.59998,0.662187,1504.030433,0.059458,0.024305,0.024071,0,0.0,19
1900-01-01 12:12:41.970,0.404074,0.598839,0.66083,1504.501763,0.060823,0.032098,0.033133,0,0.0,19
1900-01-01 12:12:43.121,0.404289,0.59986,0.661797,1502.586389,0.058123,0.029082,0.029136,0,0.0,19
1900-01-01 12:12:44.271,0.403277,0.599032,0.661265,1504.720176,0.05916,0.026114,0.026769,0,0.0,19
1900-01-01 12:12:45.420,0.403045,0.598773,0.661195,1504.440773,0.060627,0.024813,0.024659,0,0.0,19
1900-01-01 12:12:46.570,0.404583,0.600347,0.661984,1503.215537,0.061262,0.026628,0.028089,0,0.0,19
1900-01-01 12:12:47.721,0.40402,0.599431,0.662196,1504.68368,0.059561,0.025654,0.026156,0,0.0,19
1900-01-01 12:12:48.919,0.404398,0.599901,0.661617,1505.181979,0.059367,0.026087,0.026039,0,0.0,19
1900-01-01 12:12:50.071,0.404351,0.600377,0.663069,1505.727724,0.059559,0.026587,0.026921,0,0.0,19
1900-01-01 12:12:51.268,0.40404,0.60003,0.662565,1505.745264,0.059401,0.026553,0.027186,0,0.0,19
1900-01-01 12:12:52.420,0.403567,0.599848,0.66204,1505.044241,0.060148,0.023617,0.025008,0,0.0,19
1900-01-01 12:12:53.518,0.404453,0.599733,0.662096,1505.206674,0.060633,0.026111,0.025117,0,0.0,19
1900-01-01 12:12:54.670,0.402965,0.598818,0.660844,1503.992413,0.059333,0.024177,0.025033,0,0.0,19
1900-01-01 12:12:55.820,0.404268,0.600269,0.662583,1503.072043,0.060546,0.026737,0.028025,0,0.0,19
1900-01-01 12:12:56.970,0.404866,0.600465,0.662223,1504.86367,0.060885,0.025149,0.025501,0,0.0,19
1900-01-01 12:12:58.172,0.405435,0.601812,0.662997,1504.264003,0.060169,0.025614,0.026688,0,0.0,19
1900-01-01 12:12:59.321,0.40379,0.598207,0.660444,1505.007043,0.060036,0.02688,0.026066,0,0.0,19
1900-01-01 12:13:00.470,0.405882,0.600981,0.663074,1502.709138,0.059699,0.027037,0.027396,0,0.0,19
1900-01-01 12:13:01.620,0.405491,0.601584,0.663533,1504.60538,0.060658,0.025991,0.026281,0,0.0,19
1900-01-01 12:13:02.718,0.404391,0.599465,0.661611,1506.164236,0.059878,0.025399,0.025075,0,0.0,19
1900-01-01 12:13:03.870,0.403809,0.598736,0.660557,1504.602227,0.060941,0.026327,0.026033,0,0.0,19
1900-01-01 12:13:04.967,0.403699,0.599362,0.661346,1502.047765,0.060034,0.026334,0.026996,0,0.0,19
1900-01-01 12:13:06.119,0.403398,0.598964,0.661227,1504.070174,0.058357,0.025322,0.025256,0,0.0,19
1900-01-01 12:13:07.270,0.404366,0.599103,0.661326,1503.725152,0.057146,0.025738,0.025374,0,0.0,19
1900-01-01 12:13:08.468,0.404095,0.599204,0.661825,1503.395231,0.05818,0.02738,0.027132,0,0.0,19
1900-01-01 12:13:09.618,0.404838,0.601041,0.66323,1504.482385,0.059717,0.026635,0.027631,0,0.0,19
1900-01-01 12:13:10.769,0.403992,0.600047,0.662483,1506.211589,0.059487,0.027371,0.027503,0,0.0,19
1900-01-01 12:13:11.919,0.403218,0.599,0.661049,1505.421247,0.05852,0.025265,0.024838,0,0.0,19
1900-01-01 12:13:13.068,0.403054,0.59918,0.661387,1503.172822,0.060775,0.024692,0.02505,0,0.0,19
1900-01-01 12:13:14.218,0.403464,0.598685,0.660969,1503.974006,0.059319,0.026219,0.025895,0,0.0,19
1900-01-01 12:13:15.369,0.404978,0.600594,0.663106,1502.926379,0.059158,0.025579,0.025143,0,0.0,19
1900-01-01 12:13:16.519,0.405304,0.601127,0.662759,1504.584881,0.058587,0.028195,0.028457,0,0.0,19
1900-01-01 12:13:17.668,0.402985,0.598225,0.660124,1506.110858,0.059291,0.025647,0.025966,0,0.0,19
1900-01-01 12:13:18.818,0.404322,0.600566,0.663198,1502.969547,0.060013,0.024656,0.025432,0,0.0,19
1900-01-01 12:13:19.969,0.405402,0.601917,0.663984,1505.92485,0.059887,0.027353,0.027526,0,0.0,19
1900-01-01 12:13:21.167,0.402487,0.598204,0.660413,1505.906123,0.060281,0.026753,0.026522,0,0.0,19
1900-01-01 12:13:22.366,0.404199,0.600419,0.662595,1503.345572,0.059096,0.024126,0.024185,0,0.0,19
1900-01-01 12:13:23.470,0.404342,0.59994,0.662116,1505.992149,0.058376,0.028747,0.028509,0,0.0,19
1900-01-01 12:13:24.618,0.403795,0.599576,0.661678,1504.891926,0.060306,0.025667,0.026925,0,0.0,19
1900-01-01 12:13:25.817,0.404133,0.599355,0.6615,1504.017993,0.059164,0.026276,0.026284,0,0.0,19
1900-01-01 12:13:27.020,0.403281,0.598316,0.660365,1503.614148,0.058848,0.026577,0.027075,0,0.0,19
1900-01-01 12:13:28.169,0.404059,0.599107,0.660796,1502.413693,0.058626,0.024428,0.025308,0,0.0,19
1900-01-01 12:13:29.318,0.402912,0.598984,0.661092,1504.169949,0.060291,0.025594,0.025372,0,0.0,19
1900-01-01 12:13:30.468,0.404501,0.600461,0.662239,1504.142099,0.060044,0.027589,0.027075,0,0.0,19
1900-01-01 12:13:31.618,0.403487,0.599356,0.660777,1503.441028,0.059878,0.024663,0.02499,0,0.0,19
1900-01-01 12:13:32.767,0.403776,0.599765,0.661803,1504.420256,0.058228,0.027225,0.028515,0,0.0,19
1900-01-01 12:13:33.918,0.40386,0.59929,0.661437,1505.02367,0.057946,0.027164,0.027557,0,0.0,19
1900-01-01 12:13:35.068,0.403081,0.598995,0.660921,1505.34335,0.058676,0.025572,0.02661,0,0.0,19
1900-01-01 12:13:36.218,0.403811,0.599333,0.661368,1505.162958,0.057461,0.026862,0.026877,0,0.0,19
1900-01-01 12:13:37.415,0.404711,0.600474,0.662779,1503.433157,0.057771,0.025717,0.025572,0,0.0,19
1900-01-01 12:13:38.567,0.405759,0.60168,0.663516,1504.909181,0.06018,0.026972,0.027097,0,0.0,19
1900-01-01 12:13:39.766,0.403459,0.599622,0.661446,1507.62783,0.058686,0.02624,0.026401,0,0.0,19
1900-01-01 12:13:40.918,0.404146,0.59921,0.662009,1504.634969,0.060147,0.027496,0.028633,0,0.0,19
1900-01-01 12:13:42.066,0.402766,0.598268,0.659766,1503.138247,0.061634,0.025661,0.025149,0,0.0,19
1900-01-01 12:13:43.265,0.40476,0.601128,0.663132,1501.749065,0.060542,0.025627,0.026246,0,0.0,19
1900-01-01 12:13:44.417,0.405591,0.601616,0.663348,1504.679989,0.060151,0.02569,0.026991,0,0.0,19
1900-01-01 12:13:45.567,0.402788,0.59879,0.661384,1506.806991,0.05965,0.025844,0.026025,0,0.0,19
1900-01-01 12:13:46.716,0.403433,0.599934,0.661115,1504.953699,0.06045,0.023848,0.025828,0,0.0,19
1900-01-01 12:13:47.914,0.40413,0.599572,0.661709,1504.717582,0.060335,0.026772,0.026832,0,0.0,19
1900-01-01 12:13:49.114,0.404876,0.599795,0.662484,1504.879386,0.060021,0.026068,0.026337,0,0.0,19
1900-01-01 12:13:50.266,0.403708,0.599461,0.661538,1504.745472,0.059167,0.024839,0.02573,0,0.0,19
1900-01-01 12:13:51.364,0.404128,0.599671,0.662038,1504.511047,0.060228,0.026719,0.027683,0,0.0,19
1900-01-01 12:13:52.564,0.405676,0.601059,0.661833,1504.568994,0.059498,0.025871,0.026861,0,0.0,19
1900-01-01 12:13:53.764,0.404285,0.599431,0.661405,1502.482692,0.058423,0.02883,0.029378,0,0.0,19
1900-01-01 12:13:54.964,0.405383,0.601177,0.662737,1503.901063,0.060242,0.028785,0.028961,0,0.0,19
1900-01-01 12:13:56.164,0.403454,0.59832,0.660593,1504.34897,0.057561,0.025015,0.02445,0,0.0,19
1900-01-01 12:13:57.364,0.403703,0.598416,0.660394,1502.195874,0.06042,0.029146,0.028776,0,0.0,19
1900-01-01 12:13:58.516,0.405217,0.600646,0.662615,1503.812333,0.060978,0.03019,0.029551,0,0.0,19
1900-01-01 12:13:59.666,0.404729,0.600182,0.662439,1505.782033,0.058992,0.024942,0.025935,0,0.0,19
1900-01-01 12:14:00.817,0.405028,0.601835,0.66313,1505.478356,0.058604,0.025413,0.025583,0,0.0,19
1900-01-01 12:14:01.966,0.40357,0.599007,0.660884,1505.41328,0.058426,0.02465,0.025561,0,0.0,19
1900-01-01 12:14:03.164,0.404187,0.599673,0.661748,1504.103633,0.059707,0.025962,0.025018,0,0.0,19
1900-01-01 12:14:04.316,0.404738,0.600122,0.661387,1504.716823,0.059757,0.027415,0.028195,0,0.0,19
1900-01-01 12:14:05.514,0.403977,0.599484,0.661848,1504.213829,0.058813,0.026491,0.027774,0,0.0,19
1900-01-01 12:14:06.713,0.404129,0.599434,0.661676,1505.846505,0.060238,0.02682,0.027373,0,0.0,19
1900-01-01 12:14:07.865,0.404374,0.600413,0.662352,1504.598135,0.059119,0.025921,0.026812,0,0.0,19
1900-01-01 12:14:09.068,0.405048,0.601083,0.663031,1505.726601,0.059031,0.026925,0.025921,0,0.0,19
1900-01-01 12:14:10.217,0.40416,0.600971,0.662435,1506.993089,0.059941,0.027972,0.028986,0,0.0,19
1900-01-01 12:14:11.366,0.404662,0.601629,0.663282,1507.06695,0.059439,0.0272,0.026754,0,0.0,19
1900-01-01 12:14:12.516,0.404076,0.599173,0.661057,1507.294871,0.058133,0.025896,0.026477,0,0.0,19
1900-01-01 12:14:13.665,0.404443,0.599596,0.661811,1503.837573,0.059729,0.027252,0.026485,0,0.0,19
1900-01-01 12:14:14.815,0.403327,0.598534,0.660825,1504.744775,0.059589,0.026005,0.026769,0,0.0,19
1900-01-01 12:14:16.017,0.403504,0.598728,0.659863,1504.189476,0.059367,0.026824,0.027233,0,0.0,19
1900-01-01 12:14:17.166,0.404694,0.600871,0.662451,1504.21919,0.061016,0.025969,0.026431,0,0.0,19
1900-01-01 12:14:18.362,0.404208,0.599946,0.662107,1505.044063,0.057429,0.027824,0.028355,0,0.0,19
1900-01-01 12:14:19.562,0.404534,0.601146,0.664337,1504.498272,0.05908,0.026501,0.027497,0,0.0,19
1900-01-01 12:14:20.714,0.403403,0.598823,0.661299,1505.911896,0.06052,0.025274,0.025523,0,0.0,19
1900-01-01 12:14:21.865,0.40501,0.600572,0.662922,1504.085624,0.059371,0.025163,0.025724,0,0.0,19
1900-01-01 12:14:23.063,0.403718,0.599309,0.662193,1504.272863,0.057894,0.025772,0.025501,0,0.0,19
1900-01-01 12:14:24.215,0.403859,0.59921,0.661729,1504.250254,0.058632,0.025003,0.025918,0,0.0,19
1900-01-01 12:14:25.364,0.402812,0.597659,0.66038,1504.682874,0.060071,0.026671,0.025343,0,0.0,19
1900-01-01 12:14:26.514,0.404049,0.600306,0.661712,1504.634079,0.05898,0.02637,0.027072,0,0.0,19
1900-01-01 12:14:27.711,0.404851,0.600947,0.663255,1505.17413,0.059139,0.026067,0.025559,0,0.0,19
1900-01-01 12:14:28.916,0.404068,0.60132,0.663716,1506.152123,0.05977,0.024961,0.026542,0,0.0,19
1900-01-01 12:14:30.113,0.403623,0.599276,0.660676,1506.257315,0.059981,0.026012,0.025519,0,0.0,19
1900-01-01 12:14:31.311,0.403315,0.598897,0.66115,1504.083956,0.059826,0.026467,0.0262,0,0.0,19
1900-01-01 12:14:32.511,0.404976,0.601199,0.663847,1504.651504,0.060177,0.024715,0.024311,0,0.0,19
1900-01-01 12:14:33.663,0.404228,0.599456,0.662391,1505.907804,0.059135,0.026422,0.025652,0,0.0,19
1900-01-01 12:14:34.814,0.404859,0.601119,0.66368,1505.064633,0.059434,0.026986,0.026568,0,0.0,19
1900-01-01 12:14:36.012,0.402969,0.598139,0.660475,1506.213097,0.059783,0.026744,0.027051,0,0.0,19
1900-01-01 12:14:37.164,0.405231,0.601051,0.663053,1503.693644,0.058676,0.026135,0.026044,0,0.0,19
1900-01-01 12:14:38.361,0.404829,0.600851,0.662779,1505.201702,0.058712,0.024112,0.023826,0,0.0,19
1900-01-01 12:14:39.561,0.404097,0.600407,0.662783,1506.576717,0.059616,0.027291,0.028241,0,0.0,19
1900-01-01 12:14:40.713,0.405408,0.601475,0.663779,1505.915989,0.059149,0.027031,0.02717,0,0.0,19
1900-01-01 12:14:41.911,0.404709,0.599883,0.662331,1505.744764,0.060392,0.024616,0.023739,0,0.0,19
1900-01-01 12:14:43.111,0.405269,0.601453,0.66361,1505.327293,0.059299,0.024492,0.025541,0,0.0,19
1900-01-01 12:14:44.311,0.405283,0.599204,0.66142,1503.681039,0.05973,0.026316,0.02614,0,0.0,19
1900-01-01 12:14:45.511,0.405099,0.600066,0.662262,1500.895373,0.058444,0.029959,0.030433,0,0.0,19
1900-01-01 12:14:46.711,0.404959,0.600223,0.661742,1502.486621,0.058711,0.025412,0.026723,0,0.0,19
1900-01-01 12:14:47.911,0.40509,0.600263,0.662178,1501.068249,0.061251,0.02809,0.029298,0,0.0,19
1900-01-01 12:14:49.111,0.405895,0.601903,0.663533,1502.180158,0.058303,0.025827,0.026303,0,0.0,19
1900-01-01 12:14:50.310,0.403831,0.598466,0.660733,1502.366434,0.06137,0.026505,0.026673,0,0.0,19
1900-01-01 12:14:51.514,0.405892,0.601511,0.66382,1500.10281,0.05914,0.026752,0.02709,0,0.0,19
1900-01-01 12:14:52.714,0.40523,0.601098,0.662867,1501.10361,0.060015,0.026558,0.026665,0,0.0,19
1900-01-01 12:14:53.911,0.405496,0.601381,0.663148,1502.90535,0.059647,0.023967,0.024159,0,0.0,19
1900-01-01 12:14:55.111,0.405287,0.601995,0.663625,1502.80487,0.059931,0.02689,0.02779,0,0.0,19
1900-01-01 12:14:56.311,0.405379,0.600009,0.661558,1503.814625,0.060699,0.026634,0.027632,0,0.0,19
1900-01-01 12:14:57.511,0.404268,0.599405,0.661412,1501.673316,0.060823,0.027037,0.026481,0,0.0,19
1900-01-01 12:14:58.714,0.404931,0.600577,0.662053,1501.156804,0.05944,0.025907,0.026679,0,0.0,19
1900-01-01 12:14:59.863,0.405133,0.600875,0.66349,1502.122352,0.059729,0.0266,0.026873,0,0.0,19
1900-01-01 12:15:01.060,0.405281,0.600495,0.66291,1504.240622,0.059852,0.026337,0.025535,0,0.0,19
1900-01-01 12:15:02.260,0.404801,0.598937,0.660815,1503.295996,0.059646,0.02514,0.025039,0,0.0,19
1900-01-01 12:15:03.460,0.404622,0.599099,0.66129,1499.700955,0.059464,0.027175,0.028238,0,0.0,19
1900-01-01 12:15:04.660,0.405904,0.60032,0.661841,1498.6912,0.057162,0.025854,0.025435,0,0.0,19
1900-01-01 12:15:05.860,0.40828,0.603015,0.663564,1499.653807,0.058864,0.025691,0.026839,0,0.0,19
1900-01-01 12:15:07.060,0.410752,0.602315,0.662821,1495.308325,0.059113,0.027024,0.027637,0,0.0,19
1900-01-01 12:15:08.260,0.410839,0.601864,0.662699,1489.548401,0.061243,0.028655,0.029605,0,0.0,19
1900-01-01 12:15:09.513,0.41051,0.602012,0.663314,1486.738863,0.059085,0.028515,0.028969,0,0.0,19
1900-01-01 12:15:10.710,0.410031,0.601592,0.662695,1488.22918,0.061004,0.02713,0.027479,0,0.0,19
1900-01-01 12:15:11.962,0.410697,0.601924,0.662952,1488.238021,0.060556,0.027853,0.028557,0,0.0,19
1900-01-01 12:15:13.159,0.409352,0.600109,0.661329,1487.661985,0.058536,0.026166,0.025344,0,0.0,19
1900-01-01 12:15:14.359,0.409382,0.6013,0.661979,1488.255758,0.05975,0.025609,0.026255,0,0.0,19
1900-01-01 12:15:15.559,0.409649,0.601028,0.661252,1488.990482,0.059404,0.026869,0.0279,0,0.0,19
1900-01-01 12:15:16.711,0.40931,0.600696,0.662256,1488.382796,0.058694,0.025968,0.025455,0,0.0,19
1900-01-01 12:15:17.910,0.408324,0.600327,0.661185,1488.222009,0.058326,0.02712,0.026742,0,0.0,19
1900-01-01 12:15:19.113,0.409273,0.601214,0.662275,1488.874003,0.059635,0.025591,0.025536,0,0.0,19
1900-01-01 12:15:20.310,0.40983,0.600776,0.662096,1488.107076,0.058996,0.026362,0.025508,0,0.0,19
1900-01-01 12:15:21.460,0.40945,0.601086,0.661233,1487.996956,0.06005,0.027065,0.02741,0,0.0,19
1900-01-01 12:15:22.658,0.408228,0.599015,0.659846,1486.200743,0.0593,0.026077,0.026405,0,0.0,19
1900-01-01 12:15:23.858,0.408039,0.600538,0.660892,1485.788341,0.058737,0.025328,0.026852,0,0.0,19
1900-01-01 12:15:25.058,0.406188,0.600788,0.662614,1488.71938,0.059754,0.026476,0.026921,0,0.0,19
1900-01-01 12:15:26.258,0.403791,0.600162,0.662201,1499.091959,0.060082,0.026127,0.026108,0,0.0,19
1900-01-01 12:15:27.458,0.403559,0.598797,0.661198,1503.402079,0.059375,0.028037,0.027715,0,0.0,19
1900-01-01 12:15:28.658,0.403511,0.598963,0.661007,1503.791051,0.059066,0.028001,0.028011,0,0.0,19
1900-01-01 12:15:29.858,0.404005,0.599624,0.661627,1505.09941,0.060074,0.025381,0.024857,0,0.0,19
1900-01-01 12:15:31.058,0.403156,0.598666,0.6607,1504.62793,0.060065,0.025982,0.02668,0,0.0,19
1900-01-01 12:15:32.258,0.403397,0.599497,0.660961,1503.885347,0.05875,0.024525,0.025303,0,0.0,19
1900-01-01 12:15:33.458,0.403952,0.60067,0.661948,1505.484453,0.058564,0.025611,0.025891,0,0.0,19
1900-01-01 12:15:34.658,0.404504,0.600849,0.662484,1505.759484,0.059247,0.025057,0.024886,0,0.0,19
1900-01-01 12:15:35.858,0.402727,0.598093,0.659537,1505.924502,0.059162,0.026258,0.026699,0,0.0,19
1900-01-01 12:15:37.062,0.404854,0.600111,0.662027,1503.772059,0.059707,0.02715,0.027343,0,0.0,19
1900-01-01 12:15:38.258,0.404485,0.601306,0.662937,1504.32265,0.060463,0.026351,0.026896,0,0.0,19
1900-01-01 12:15:39.457,0.404164,0.600677,0.663001,1506.20041,0.060737,0.025364,0.025818,0,0.0,19
1900-01-01 12:15:40.657,0.403808,0.599567,0.661772,1507.810425,0.059646,0.027458,0.02814,0,0.0,19
1900-01-01 12:15:41.809,0.40297,0.598832,0.660629,1504.786399,0.060316,0.026499,0.027774,0,0.0,19
1900-01-01 12:15:43.007,0.403618,0.59873,0.660344,1503.910791,0.058243,0.025139,0.0248,0,0.0,19
1900-01-01 12:15:44.207,0.404613,0.600473,0.661925,1504.914747,0.059578,0.026244,0.026402,0,0.0,19
1900-01-01 12:15:45.407,0.405151,0.601462,0.663686,1504.871528,0.058965,0.025407,0.02557,0,0.0,19
1900-01-01 12:15:46.559,0.404328,0.600586,0.662671,1505.764558,0.061208,0.027703,0.027015,0,0.0,19
1900-01-01 12:15:47.758,0.403244,0.598593,0.660388,1505.335308,0.058819,0.024617,0.025328,0,0.0,19
1900-01-01 12:15:48.958,0.403756,0.599838,0.661734,1503.893205,0.060268,0.027153,0.026632,0,0.0,19
1900-01-01 12:15:50.158,0.404276,0.600652,0.662224,1505.17799,0.060484,0.026258,0.027356,0,0.0,19
1900-01-01 12:15:51.310,0.402975,0.598499,0.659951,1504.049711,0.057902,0.02764,0.027995,0,0.0,19
1900-01-01 12:15:52.506,0.403198,0.598269,0.659526,1502.375229,0.060067,0.026763,0.025817,0,0.0,19
1900-01-01 12:15:53.706,0.402395,0.597861,0.659521,1501.783329,0.06101,0.027375,0.027951,0,0.0,19
1900-01-01 12:15:54.906,0.404543,0.599024,0.66106,1501.154687,0.060177,0.025869,0.02696,0,0.0,19
1900-01-01 12:15:56.106,0.404753,0.599186,0.660991,1498.899437,0.059534,0.025167,0.025857,0,0.0,19
1900-01-01 12:15:57.306,0.404386,0.598097,0.659812,1497.870038,0.060141,0.025771,0.025682,0,0.0,19
1900-01-01 12:15:58.506,0.404819,0.599016,0.660364,1497.272829,0.059854,0.027037,0.026713,0,0.0,19
1900-01-01 12:15:59.706,0.404084,0.597769,0.659843,1497.834677,0.058979,0.024929,0.024613,0,0.0,19
1900-01-01 12:16:00.906,0.403926,0.596802,0.658488,1496.149133,0.058878,0.026793,0.026465,0,0.0,19
1900-01-01 12:16:02.106,0.404149,0.59741,0.659376,1495.984114,0.062323,0.028264,0.027673,0,0.0,19
1900-01-01 12:16:03.306,0.404639,0.598683,0.660386,1496.211997,0.059047,0.027871,0.028232,0,0.0,19
1900-01-01 12:16:04.506,0.405208,0.59846,0.660057,1497.080307,0.060984,0.024993,0.025313,0,0.0,19
1900-01-01 12:16:05.706,0.404084,0.597576,0.65969,1496.349512,0.060389,0.029799,0.029148,0,0.0,19
1900-01-01 12:16:06.910,0.405225,0.599178,0.660409,1496.429645,0.057815,0.025626,0.025712,0,0.0,19
1900-01-01 12:16:08.105,0.405607,0.600476,0.661158,1497.448993,0.059341,0.024883,0.025258,0,0.0,19
1900-01-01 12:16:09.310,0.405323,0.59911,0.661086,1498.252374,0.059663,0.028241,0.02824,0,0.0,19
1900-01-01 12:16:10.506,0.404994,0.598602,0.660133,1497.238611,0.061586,0.026466,0.026858,0,0.0,19
1900-01-01 12:16:11.706,0.404823,0.598132,0.659789,1497.618581,0.0601,0.027311,0.027329,0,0.0,19
1900-01-01 12:16:12.906,0.405576,0.599676,0.661336,1496.856354,0.060329,0.025505,0.024496,0,0.0,19
1900-01-01 12:16:14.154,0.405444,0.598512,0.660516,1498.754366,0.059184,0.028321,0.027563,0,0.0,19
1900-01-01 12:16:15.407,0.406056,0.600068,0.661093,1497.214543,0.059102,0.02521,0.025284,0,0.0,19
1900-01-01 12:16:16.606,0.404764,0.598457,0.660856,1498.701545,0.05924,0.024817,0.024615,0,0.0,19
1900-01-01 12:16:17.806,0.404666,0.599291,0.6608,1499.162681,0.060176,0.026901,0.027073,0,0.0,19
1900-01-01 12:16:19.058,0.402553,0.597794,0.659774,1500.296181,0.058485,0.025518,0.025693,0,0.0,19
1900-01-01 12:16:20.308,0.40328,0.598749,0.660902,1502.992834,0.058945,0.027064,0.02579,0,0.0,19
1900-01-01 12:16:21.505,0.401369,0.596245,0.658228,1503.121987,0.06125,0.028524,0.029189,0,0.0,19
1900-01-01 12:16:22.758,0.401698,0.5962,0.657925,1500.751589,0.060207,0.026365,0.02658,0,0.0,19
1900-01-01 12:16:23.954,0.402803,0.597329,0.660149,1499.911387,0.05881,0.024206,0.023916,0,0.0,19
1900-01-01 12:16:25.154,0.401327,0.595857,0.657814,1502.168371,0.059431,0.025638,0.024974,0,0.0,19
1900-01-01 12:16:26.354,0.402097,0.596824,0.658549,1499.854186,0.060391,0.026676,0.028065,0,0.0,19
1900-01-01 12:16:27.607,0.403266,0.59835,0.660337,1500.634942,0.058795,0.025661,0.025954,0,0.0,19
1900-01-01 12:16:28.804,0.402461,0.598166,0.659947,1502.73598,0.058683,0.025778,0.026813,0,0.0,19
1900-01-01 12:16:30.004,0.402347,0.596666,0.658993,1501.799045,0.059068,0.025212,0.025372,0,0.0,19
1900-01-01 12:16:31.204,0.40134,0.595778,0.657515,1500.808935,0.057861,0.026851,0.027273,0,0.0,19
1900-01-01 12:16:32.457,0.40262,0.597097,0.659656,1500.078045,0.060059,0.024769,0.025384,0,0.0,19
1900-01-01 12:16:33.654,0.401658,0.596517,0.658589,1500.782308,0.060192,0.025948,0.026069,0,0.0,19
1900-01-01 12:16:34.906,0.402897,0.597148,0.659694,1500.966497,0.060524,0.026813,0.026078,0,0.0,19
1900-01-01 12:16:36.156,0.4021,0.597203,0.658726,1501.684003,0.059247,0.026241,0.026352,0,0.0,19
1900-01-01 12:16:37.354,0.401321,0.595873,0.657476,1500.829242,0.059775,0.025743,0.025838,0,0.0,19
1900-01-01 12:16:38.554,0.402841,0.597756,0.659866,1499.818825,0.06103,0.025681,0.025667,0,0.0,19
1900-01-01 12:16:39.754,0.402736,0.597922,0.659422,1502.011211,0.058583,0.023524,0.023983,0,0.0,19
1900-01-01 12:16:40.953,0.402535,0.596583,0.658979,1501.123832,0.060906,0.02597,0.025827,0,0.0,19
1900-01-01 12:16:42.206,0.402876,0.597415,0.659113,1500.142013,0.060506,0.02564,0.024606,0,0.0,19
1900-01-01 12:16:43.457,0.402633,0.597685,0.658902,1502.063654,0.058248,0.026057,0.025477,0,0.0,19
1900-01-01 12:16:44.706,0.401482,0.596266,0.657579,1500.85831,0.06012,0.027491,0.027611,0,0.0,19
1900-01-01 12:16:45.956,0.402247,0.597056,0.658579,1500.092284,0.060669,0.025343,0.025593,0,0.0,19
1900-01-01 12:16:47.158,0.401473,0.596063,0.657761,1500.565114,0.059454,0.027586,0.02771,0,0.0,19
1900-01-01 12:16:48.354,0.402759,0.598756,0.659411,1500.822023,0.059281,0.025334,0.025641,0,0.0,19
1900-01-01 12:16:49.606,0.402562,0.59763,0.659239,1503.587508,0.060657,0.027008,0.026538,0,0.0,19
1900-01-01 12:16:50.804,0.403407,0.598757,0.660229,1502.041397,0.058894,0.026115,0.027316,0,0.0,19
1900-01-01 12:16:52.004,0.402447,0.597882,0.659399,1502.514124,0.060353,0.025511,0.026527,0,0.0,19
1900-01-01 12:16:53.207,0.403364,0.599298,0.661014,1501.137208,0.060411,0.025482,0.025483,0,0.0,19
1900-01-01 12:16:54.455,0.401136,0.596438,0.658381,1502.328252,0.060031,0.024101,0.025085,0,0.0,19
1900-01-01 12:16:55.657,0.401941,0.596076,0.658479,1501.004431,0.06081,0.029927,0.029213,0,0.0,19
1900-01-01 12:16:56.852,0.40247,0.59798,0.660289,1500.155569,0.059273,0.026965,0.027025,0,0.0,19
1900-01-01 12:16:58.057,0.404434,0.600365,0.662511,1502.493745,0.058608,0.02752,0.026733,0,0.0,19
1900-01-01 12:16:59.306,0.403344,0.599162,0.660955,1505.290003,0.058891,0.026286,0.026476,0,0.0,19
1900-01-01 12:17:00.551,0.403832,0.599301,0.659976,1503.911998,0.060421,0.02624,0.026625,0,0.0,19
1900-01-01 12:17:01.804,0.403852,0.598849,0.659927,1501.752498,0.059438,0.026433,0.026473,0,0.0,19
1900-01-01 12:17:03.055,0.403813,0.599322,0.661142,1501.784761,0.059934,0.025231,0.025066,0,0.0,19
1900-01-01 12:17:04.252,0.403281,0.598017,0.659778,1503.070782,0.060214,0.028414,0.027611,0,0.0,19
1900-01-01 12:17:05.505,0.407837,0.600491,0.662288,1500.67257,0.060179,0.027327,0.026381,0,0.0,19
1900-01-01 12:17:06.754,0.406825,0.599259,0.660227,1493.433148,0.0616,0.024967,0.026114,0,0.0,19
1900-01-01 12:17:07.951,0.406636,0.599381,0.660561,1491.628411,0.059904,0.026917,0.027641,0,0.0,19
1900-01-01 12:17:09.204,0.407037,0.598723,0.660103,1492.055722,0.059191,0.028326,0.027565,0,0.0,19
1900-01-01 12:17:10.455,0.407489,0.601572,0.662251,1492.215697,0.059377,0.024936,0.025399,0,0.0,19
1900-01-01 12:17:11.652,0.40693,0.598513,0.658888,1494.070501,0.059756,0.028055,0.027829,0,0.0,19
1900-01-01 12:17:12.852,0.407545,0.600788,0.661351,1491.312525,0.06047,0.026353,0.026246,0,0.0,19
1900-01-01 12:17:14.052,0.40667,0.59979,0.660616,1492.231913,0.05988,0.024779,0.025224,0,0.0,19
1900-01-01 12:17:15.303,0.405865,0.598038,0.659049,1491.868965,0.058948,0.026811,0.0271,0,0.0,19
1900-01-01 12:17:16.602,0.405598,0.597991,0.659251,1489.379717,0.059576,0.025522,0.026798,0,0.0,19
1900-01-01 12:17:17.854,0.405149,0.596644,0.657918,1488.151407,0.057814,0.026102,0.026801,0,0.0,19
1900-01-01 12:17:19.105,0.406885,0.599633,0.660532,1490.093845,0.058446,0.02585,0.025648,0,0.0,19
1900-01-01 12:17:20.353,0.406614,0.599177,0.660141,1491.051246,0.060471,0.030044,0.031841,0,0.0,19
1900-01-01 12:17:21.604,0.406461,0.599469,0.660025,1492.11017,0.05805,0.025421,0.0256,0,0.0,19
1900-01-01 12:17:22.801,0.407803,0.601596,0.662304,1493.062154,0.059083,0.027934,0.028999,0,0.0,19
1900-01-01 12:17:24.001,0.407177,0.600565,0.661558,1494.974359,0.060653,0.027082,0.027035,0,0.0,19
1900-01-01 12:17:25.254,0.406982,0.600332,0.661445,1493.692547,0.058649,0.027306,0.027951,0,0.0,19
1900-01-01 12:17:26.503,0.406703,0.598952,0.65955,1492.07797,0.058008,0.026521,0.026616,0,0.0,19
1900-01-01 12:17:27.702,0.406879,0.599815,0.659576,1491.265597,0.060181,0.028161,0.029662,0,0.0,19
1900-01-01 12:17:28.902,0.405724,0.598876,0.659207,1491.340028,0.058602,0.024556,0.026117,0,0.0,19
1900-01-01 12:17:30.150,0.405953,0.599303,0.659824,1491.644375,0.059799,0.026044,0.025476,0,0.0,19
1900-01-01 12:17:31.402,0.406294,0.599928,0.660229,1492.192133,0.058929,0.025433,0.0263,0,0.0,19
1900-01-01 12:17:32.654,0.40473,0.599152,0.660259,1494.888461,0.061484,0.02907,0.02922,0,0.0,19
1900-01-01 12:17:33.903,0.402138,0.59487,0.655608,1496.294496,0.072377,0.055704,0.059454,0,0.0,19
1900-01-01 12:17:35.153,0.404557,0.598812,0.66085,1492.333595,0.058773,0.027605,0.027517,0,0.0,19
1900-01-01 12:17:36.354,0.402364,0.595818,0.656422,1498.143046,0.059488,0.027769,0.027756,0,0.0,19
1900-01-01 12:17:37.604,0.404473,0.599148,0.659821,1494.581616,0.058355,0.029999,0.031417,0,0.0,19
1900-01-01 12:17:38.852,0.402832,0.597339,0.659669,1498.372799,0.058677,0.025696,0.025712,0,0.0,19
1900-01-01 12:17:40.050,0.405344,0.599484,0.660782,1498.050733,0.060949,0.029782,0.029675,0,0.0,19
1900-01-01 12:17:41.250,0.404758,0.599038,0.659958,1497.838606,0.059015,0.027862,0.027343,0,0.0,19
1900-01-01 12:17:42.450,0.404294,0.599234,0.660371,1497.877896,0.060226,0.028012,0.0285,0,0.0,19
1900-01-01 12:17:43.702,0.403572,0.597265,0.659297,1499.196561,0.05966,0.024954,0.024155,0,0.0,19
1900-01-01 12:17:44.953,0.404866,0.598839,0.659665,1497.518443,0.059946,0.02567,0.026376,0,0.0,19
1900-01-01 12:17:46.202,0.404916,0.599574,0.660345,1498.551867,0.059587,0.025666,0.026587,0,0.0,19
1900-01-01 12:17:47.452,0.404507,0.599106,0.659792,1497.602865,0.060764,0.026385,0.02755,0,0.0,19
1900-01-01 12:17:48.703,0.405151,0.598991,0.660701,1496.674225,0.060659,0.025796,0.025337,0,0.0,19
1900-01-01 12:17:49.900,0.404566,0.599149,0.660638,1498.501712,0.058643,0.026791,0.026704,0,0.0,19
1900-01-01 12:17:51.151,0.404173,0.597912,0.659181,1498.102612,0.059929,0.028426,0.027869,0,0.0,19
1900-01-01 12:17:52.402,0.403813,0.598294,0.659438,1497.296082,0.060817,0.029385,0.030661,0,0.0,19
1900-01-01 12:17:53.652,0.405305,0.599988,0.661423,1497.806545,0.058651,0.026503,0.025748,0,0.0,19
1900-01-01 12:17:54.902,0.404482,0.598459,0.660174,1499.926323,0.059049,0.025328,0.025972,0,0.0,19
1900-01-01 12:17:56.098,0.405477,0.599783,0.660917,1499.004693,0.061838,0.027686,0.026495,0,0.0,19
1900-01-01 12:17:57.351,0.403509,0.597487,0.659267,1499.2427,0.059012,0.028932,0.028561,0,0.0,19
1900-01-01 12:17:58.550,0.401559,0.59389,0.654435,1496.389362,0.057816,0.027655,0.028594,0,0.0,19
1900-01-01 12:17:59.798,0.402171,0.594701,0.655731,1489.513644,0.059078,0.03017,0.032823,0,0.0,19
1900-01-01 12:18:01.098,0.403431,0.597392,0.660027,1495.154792,0.060628,0.028405,0.02748,0,0.0,19
1900-01-01 12:18:02.351,0.404179,0.597709,0.659062,1498.392304,0.06077,0.026265,0.025885,0,0.0,19
1900-01-01 12:18:03.550,0.405482,0.599955,0.660978,1498.788055,0.060682,0.0266,0.026048,0,0.0,19
1900-01-01 12:18:04.801,0.403691,0.597794,0.659019,1499.647833,0.060679,0.026323,0.02734,0,0.0,19
1900-01-01 12:18:06.050,0.403869,0.598074,0.659205,1497.151391,0.059973,0.026474,0.026836,0,0.0,19
1900-01-01 12:18:07.300,0.40399,0.597657,0.659674,1496.784374,0.059981,0.026791,0.026718,0,0.0,19
1900-01-01 12:18:08.498,0.403407,0.598117,0.659148,1497.424978,0.058843,0.025451,0.026041,0,0.0,19
1900-01-01 12:18:09.698,0.404723,0.599121,0.660394,1496.907431,0.060178,0.024916,0.02587,0,0.0,19
1900-01-01 12:18:10.898,0.405549,0.600079,0.66178,1497.763954,0.059566,0.026334,0.027283,0,0.0,19
1900-01-01 12:18:12.199,0.405113,0.600511,0.662307,1500.214311,0.06148,0.025729,0.026058,0,0.0,19
1900-01-01 12:18:13.450,0.404438,0.599503,0.661501,1501.087527,0.059685,0.026837,0.026036,0,0.0,19
1900-01-01 12:18:14.702,0.403254,0.596795,0.659033,1498.356783,0.060006,0.025119,0.025539,0,0.0,19
1900-01-01 12:18:15.951,0.403142,0.596876,0.65844,1496.860726,0.059693,0.026933,0.027655,0,0.0,19
1900-01-01 12:18:17.201,0.403343,0.597611,0.65938,1496.539204,0.060387,0.026702,0.026996,0,0.0,19
1900-01-01 12:18:18.450,0.404315,0.59857,0.660286,1497.672323,0.060622,0.025922,0.02609,0,0.0,19
1900-01-01 12:18:19.748,0.404573,0.598667,0.660568,1499.367468,0.060275,0.027268,0.02576,0,0.0,19
1900-01-01 12:18:20.999,0.403414,0.597622,0.658792,1499.350095,0.05852,0.027004,0.027958,0,0.0,19
1900-01-01 12:18:22.298,0.40437,0.598395,0.659534,1495.73146,0.059366,0.025436,0.025926,0,0.0,19
1900-01-01 12:18:23.550,0.403107,0.597399,0.658857,1496.97096,0.059402,0.027658,0.027287,0,0.0,19
1900-01-01 12:18:24.796,0.404657,0.599834,0.66069,1498.535989,0.059332,0.026801,0.026856,0,0.0,19
1900-01-01 12:18:26.049,0.404145,0.598765,0.659897,1498.772348,0.060738,0.028831,0.030106,0,0.0,19
1900-01-01 12:18:27.348,0.403836,0.597477,0.659258,1497.91283,0.059865,0.025122,0.024247,0,0.0,19
1900-01-01 12:18:28.599,0.403896,0.597433,0.659151,1496.760908,0.060219,0.026505,0.025802,0,0.0,19
1900-01-01 12:18:29.850,0.403775,0.597904,0.659739,1496.583773,0.060548,0.028037,0.028188,0,0.0,19
1900-01-01 12:18:31.100,0.404679,0.598766,0.660174,1498.22522,0.059021,0.02559,0.02636,0,0.0,19
1900-01-01 12:18:32.398,0.402701,0.596786,0.658346,1497.954478,0.059934,0.024827,0.024695,0,0.0,19
1900-01-01 12:18:33.697,0.404733,0.599231,0.660729,1496.529965,0.059478,0.024895,0.02621,0,0.0,19
1900-01-01 12:18:34.998,0.403652,0.598303,0.659221,1497.688391,0.058334,0.026587,0.028154,0,0.0,19
1900-01-01 12:18:36.249,0.403607,0.597551,0.658652,1498.098843,0.059608,0.02639,0.025951,0,0.0,19
1900-01-01 12:18:37.498,0.405156,0.599045,0.66072,1497.400532,0.060073,0.024935,0.024305,0,0.0,19
1900-01-01 12:18:38.750,0.404348,0.598334,0.659077,1498.417036,0.061416,0.026716,0.027338,0,0.0,19
1900-01-01 12:18:39.999,0.404256,0.598015,0.660161,1496.653109,0.059803,0.025364,0.024592,0,0.0,19
1900-01-01 12:18:41.249,0.403814,0.598438,0.659645,1498.176186,0.059785,0.028161,0.027953,0,0.0,19
1900-01-01 12:18:42.498,0.404794,0.598977,0.660683,1499.250217,0.060369,0.028418,0.02777,0,0.0,19
1900-01-01 12:18:43.750,0.40548,0.600704,0.662467,1499.750136,0.060246,0.025024,0.024818,0,0.0,19
1900-01-01 12:18:44.999,0.404584,0.59941,0.661345,1501.333943,0.060542,0.026269,0.026008,0,0.0,19
1900-01-01 12:18:46.249,0.404561,0.599601,0.661159,1500.526046,0.059324,0.02505,0.025393,0,0.0,19
1900-01-01 12:18:47.498,0.403823,0.598091,0.659396,1498.336699,0.058458,0.024478,0.024289,0,0.0,19
1900-01-01 12:18:48.796,0.403894,0.599108,0.660653,1497.83461,0.060879,0.028171,0.027963,0,0.0,19
1900-01-01 12:18:50.097,0.403305,0.597206,0.658825,1497.753623,0.05861,0.026069,0.026078,0,0.0,19
1900-01-01 12:18:51.345,0.403644,0.597742,0.659058,1496.053174,0.059016,0.028324,0.029053,0,0.0,19
1900-01-01 12:18:52.598,0.404342,0.598983,0.659487,1496.586152,0.060271,0.025718,0.025976,0,0.0,19
1900-01-01 12:18:53.849,0.404761,0.599007,0.659908,1497.537287,0.058855,0.026777,0.027543,0,0.0,19
1900-01-01 12:18:55.098,0.403706,0.596855,0.6583,1496.151051,0.058384,0.027172,0.027791,0,0.0,19
1900-01-01 12:18:56.348,0.404091,0.598182,0.659263,1492.654202,0.059641,0.027947,0.02995,0,0.0,19
1900-01-01 12:18:57.598,0.403629,0.597934,0.658998,1494.841873,0.059028,0.028551,0.028227,0,0.0,19
1900-01-01 12:18:58.844,0.403966,0.598482,0.65909,1496.515356,0.059414,0.027385,0.028307,0,0.0,19
1900-01-01 12:19:00.097,0.404598,0.599284,0.660213,1497.372581,0.059942,0.026364,0.026546,0,0.0,19
1900-01-01 12:19:01.348,0.404283,0.598365,0.6599,1498.886529,0.060152,0.026637,0.026085,0,0.0,19
1900-01-01 12:19:02.598,0.403524,0.598123,0.659336,1496.814549,0.058808,0.026843,0.027683,0,0.0,19
1900-01-01 12:19:03.895,0.403992,0.597612,0.658969,1496.345825,0.058732,0.026181,0.026696,0,0.0,19
1900-01-01 12:19:05.148,0.403739,0.597579,0.659194,1496.578627,0.061159,0.024721,0.025992,0,0.0,19
1900-01-01 12:19:06.398,0.404826,0.599517,0.660755,1497.5312,0.058835,0.026996,0.02687,0,0.0,19
1900-01-01 12:19:07.695,0.404292,0.598418,0.660287,1498.752304,0.058932,0.027698,0.028481,0,0.0,19
1900-01-01 12:19:08.996,0.404225,0.598489,0.65999,1498.710356,0.060212,0.025535,0.026309,0,0.0,19
1900-01-01 12:19:10.343,0.402545,0.596407,0.657331,1497.477557,0.058989,0.024111,0.025759,0,0.0,19
1900-01-01 12:19:11.596,0.403425,0.59677,0.657742,1494.874071,0.059113,0.025492,0.025671,0,0.0,19
1900-01-01 12:19:12.847,0.404341,0.598197,0.659438,1495.385285,0.059479,0.027781,0.027865,0,0.0,19
1900-01-01 12:19:14.097,0.403234,0.597678,0.659248,1496.773059,0.058558,0.025524,0.025593,0,0.0,19
1900-01-01 12:19:15.343,0.404577,0.599358,0.660874,1497.707302,0.060109,0.024308,0.025339,0,0.0,19
1900-01-01 12:19:16.644,0.404476,0.599026,0.660661,1500.033111,0.060335,0.026438,0.026927,0,0.0,19
1900-01-01 12:19:17.945,0.403753,0.597972,0.659489,1497.775367,0.058567,0.024052,0.024138,0,0.0,19
1900-01-01 12:19:19.198,0.403559,0.597793,0.659362,1498.298234,0.058639,0.026013,0.025055,0,0.0,19
1900-01-01 12:19:20.495,0.404223,0.598086,0.659118,1497.320049,0.059077,0.027914,0.027366,0,0.0,19
1900-01-01 12:19:21.746,0.40445,0.598667,0.65982,1497.52975,0.057586,0.024382,0.024521,0,0.0,19
1900-01-01 12:19:23.044,0.404173,0.598732,0.65974,1496.548753,0.057257,0.024437,0.02571,0,0.0,19
1900-01-01 12:19:24.345,0.403418,0.596697,0.6585,1497.706511,0.059843,0.027499,0.025682,0,0.0,19
1900-01-01 12:19:25.596,0.4044,0.598751,0.659923,1496.968194,0.059855,0.025443,0.024903,0,0.0,19
1900-01-01 12:19:26.842,0.403839,0.598595,0.659569,1498.293815,0.060073,0.026231,0.027261,0,0.0,19
1900-01-01 12:19:28.095,0.404024,0.598761,0.660191,1497.380106,0.059487,0.026521,0.027958,0,0.0,19
1900-01-01 12:19:29.346,0.404161,0.598965,0.660973,1499.14281,0.05808,0.02527,0.026811,0,0.0,19
1900-01-01 12:19:30.596,0.403583,0.598182,0.660049,1499.711327,0.060408,0.027621,0.028129,0,0.0,19
1900-01-01 12:19:31.894,0.404675,0.59891,0.660717,1497.950846,0.060312,0.026483,0.025775,0,0.0,19
1900-01-01 12:19:33.194,0.405232,0.599334,0.661377,1499.448894,0.05978,0.027622,0.027457,0,0.0,19
1900-01-01 12:19:34.446,0.403409,0.597794,0.659363,1499.143839,0.059914,0.027864,0.029566,0,0.0,19
1900-01-01 12:19:35.695,0.403558,0.597641,0.658962,1498.389547,0.059202,0.027675,0.02833,0,0.0,19
1900-01-01 12:19:36.945,0.403902,0.59756,0.658851,1497.240768,0.059028,0.026285,0.026561,0,0.0,19
1900-01-01 12:19:38.244,0.404851,0.598839,0.660135,1496.882033,0.060686,0.028294,0.028348,0,0.0,19
1900-01-01 12:19:39.495,0.404971,0.599465,0.661509,1498.159145,0.059445,0.026676,0.025682,0,0.0,19
1900-01-01 12:19:40.794,0.40382,0.597902,0.65918,1499.633245,0.058985,0.02578,0.025817,0,0.0,19
1900-01-01 12:19:42.094,0.404974,0.599472,0.660451,1497.287336,0.059155,0.025937,0.024555,0,0.0,19
1900-01-01 12:19:43.346,0.403585,0.597928,0.659598,1499.113713,0.05922,0.027892,0.02836,0,0.0,19
1900-01-01 12:19:44.591,0.404283,0.598268,0.65974,1497.205231,0.059768,0.024892,0.026545,0,0.0,19
1900-01-01 12:19:45.844,0.403123,0.597734,0.658849,1498.460035,0.060679,0.024593,0.025352,0,0.0,19
1900-01-01 12:19:47.095,0.404438,0.599104,0.659849,1496.519703,0.059814,0.028928,0.02794,0,0.0,19
1900-01-01 12:19:48.393,0.403558,0.598072,0.658877,1497.638462,0.059693,0.026068,0.026721,0,0.0,19
1900-01-01 12:19:49.692,0.402603,0.596758,0.657228,1497.248619,0.057979,0.026274,0.026445,0,0.0,19
1900-01-01 12:19:50.993,0.402781,0.596822,0.657964,1495.448767,0.05907,0.027711,0.027696,0,0.0,19
1900-01-01 12:19:52.244,0.404069,0.599028,0.660128,1495.667947,0.060214,0.026822,0.026774,0,0.0,19
1900-01-01 12:19:53.543,0.404018,0.599227,0.659887,1497.030845,0.059771,0.026055,0.02595,0,0.0,19
1900-01-01 12:19:54.842,0.40325,0.597356,0.65877,1499.154142,0.060147,0.025686,0.025908,0,0.0,19
1900-01-01 12:19:56.143,0.403564,0.597383,0.659284,1495.68795,0.059158,0.028428,0.028174,0,0.0,19
1900-01-01 12:19:57.394,0.403628,0.598806,0.659761,1497.066184,0.057771,0.026384,0.02534,0,0.0,19
1900-01-01 12:19:58.692,0.403065,0.597017,0.657907,1496.69768,0.061469,0.027452,0.027625,0,0.0,19
1900-01-01 12:19:59.993,0.404484,0.59844,0.660026,1497.141169,0.057963,0.023876,0.02379,0,0.0,19
1900-01-01 12:20:01.244,0.404392,0.599901,0.660451,1497.484524,0.060286,0.026767,0.027522,0,0.0,19
1900-01-01 12:20:02.542,0.404145,0.598724,0.65899,1499.360203,0.057893,0.026561,0.026657,0,0.0,19
1900-01-01 12:20:03.842,0.403597,0.598224,0.659419,1498.339101,0.059214,0.026611,0.026904,0,0.0,19
1900-01-01 12:20:05.094,0.403371,0.597013,0.658197,1497.938776,0.058886,0.025623,0.024727,0,0.0,19
1900-01-01 12:20:06.391,0.404648,0.598713,0.658969,1496.480326,0.059468,0.025419,0.024959,0,0.0,19
1900-01-01 12:20:07.644,0.402934,0.597503,0.658592,1497.617164,0.0593,0.026393,0.026638,0,0.0,19
1900-01-01 12:20:08.894,0.403658,0.598459,0.659828,1496.622185,0.058891,0.024392,0.025044,0,0.0,19
1900-01-01 12:20:10.143,0.403483,0.597292,0.658307,1497.925239,0.059547,0.025518,0.025275,0,0.0,19
1900-01-01 12:20:11.442,0.403828,0.59795,0.659265,1497.306692,0.058201,0.025732,0.024869,0,0.0,19
1900-01-01 12:20:12.694,0.404902,0.599404,0.660655,1497.758017,0.059841,0.025485,0.025101,0,0.0,19
1900-01-01 12:20:13.943,0.40429,0.599377,0.660919,1499.212468,0.060603,0.025368,0.025229,0,0.0,19
1900-01-01 12:20:15.193,0.403658,0.598665,0.659424,1499.175725,0.059699,0.024449,0.025666,0,0.0,19
1900-01-01 12:20:16.439,0.403675,0.598035,0.65979,1498.831137,0.060161,0.024671,0.02402,0,0.0,19
1900-01-01 12:20:17.692,0.402897,0.596489,0.657954,1497.530619,0.058738,0.025193,0.025696,0,0.0,19
1900-01-01 12:20:18.943,0.405323,0.600182,0.661193,1495.897846,0.061178,0.026618,0.026577,0,0.0,19
1900-01-01 12:20:20.241,0.403356,0.597106,0.658317,1499.501865,0.060776,0.029354,0.029857,0,0.0,19
1900-01-01 12:20:21.542,0.404734,0.599401,0.660725,1497.090433,0.060085,0.026504,0.026037,0,0.0,19
1900-01-01 12:20:22.793,0.404748,0.599649,0.660444,1500.036023,0.057927,0.027078,0.027121,0,0.0,19
1900-01-01 12:20:24.042,0.403605,0.597838,0.659286,1498.597165,0.06165,0.030345,0.02977,0,0.0,19
1900-01-01 12:20:25.340,0.403639,0.597761,0.659591,1498.502965,0.060318,0.026302,0.026224,0,0.0,19
1900-01-01 12:20:26.692,0.403565,0.597853,0.658951,1497.579152,0.058696,0.025622,0.025291,0,0.0,19
1900-01-01 12:20:27.942,0.404398,0.5984,0.659895,1498.055487,0.060215,0.029399,0.029218,0,0.0,19
1900-01-01 12:20:29.239,0.40396,0.599114,0.659763,1498.806832,0.058809,0.02501,0.025551,0,0.0,19
1900-01-01 12:20:30.540,0.403559,0.59796,0.659757,1498.909675,0.061299,0.028624,0.028407,0,0.0,19
1900-01-01 12:20:31.841,0.404738,0.599135,0.660534,1498.174006,0.060593,0.027015,0.02739,0,0.0,19
1900-01-01 12:20:33.140,0.402648,0.596548,0.658331,1498.682299,0.059208,0.026698,0.026615,0,0.0,19
1900-01-01 12:20:34.439,0.40249,0.596515,0.657681,1496.054492,0.060863,0.025808,0.025619,0,0.0,19
1900-01-01 12:20:35.740,0.405242,0.59934,0.660315,1496.253292,0.060686,0.027713,0.026694,0,0.0,19
1900-01-01 12:20:36.993,0.403437,0.59879,0.660367,1498.580445,0.061913,0.028357,0.028296,0,0.0,19
1900-01-01 12:20:38.290,0.404559,0.598899,0.660641,1497.872594,0.060238,0.026221,0.025896,0,0.0,19
1900-01-01 12:20:39.590,0.403249,0.597529,0.658988,1499.213154,0.059653,0.025696,0.025872,0,0.0,19
1900-01-01 12:20:40.890,0.402551,0.59721,0.659059,1496.881137,0.058744,0.025219,0.025319,0,0.0,19
1900-01-01 12:20:42.190,0.403148,0.5974,0.659158,1497.396139,0.059274,0.028045,0.02799,0,0.0,19
1900-01-01 12:20:43.489,0.404261,0.599389,0.66017,1498.094309,0.060705,0.026899,0.027679,0,0.0,19
1900-01-01 12:20:44.790,0.403588,0.597234,0.658712,1497.836975,0.058894,0.025231,0.024295,0,0.0,19
1900-01-01 12:20:46.089,0.404374,0.59932,0.659873,1496.446485,0.059621,0.026268,0.025192,0,0.0,19
1900-01-01 12:20:47.390,0.404246,0.598804,0.65992,1499.32281,0.060342,0.026409,0.026881,0,0.0,19
1900-01-01 12:20:48.689,0.40363,0.598233,0.659286,1498.518968,0.060533,0.026429,0.025728,0,0.0,19
1900-01-01 12:20:49.988,0.403521,0.598423,0.659442,1497.843868,0.058597,0.025639,0.026352,0,0.0,19
1900-01-01 12:20:51.289,0.403802,0.59834,0.659545,1499.206842,0.059078,0.026204,0.026466,0,0.0,19
1900-01-01 12:20:52.542,0.404409,0.59848,0.659787,1497.286036,0.059507,0.026984,0.026957,0,0.0,19
1900-01-01 12:20:53.839,0.40334,0.597912,0.65892,1498.595992,0.061582,0.026182,0.026257,0,0.0,19
1900-01-01 12:20:55.090,0.404392,0.599238,0.66109,1498.004623,0.059331,0.024952,0.025419,0,0.0,19
1900-01-01 12:20:56.390,0.403395,0.597929,0.659356,1499.292943,0.059738,0.024852,0.02509,0,0.0,19
1900-01-01 12:20:57.689,0.403687,0.598322,0.66005,1497.858387,0.059016,0.027524,0.028214,0,0.0,19
1900-01-01 12:20:58.988,0.404301,0.599421,0.65981,1499.469915,0.06081,0.028333,0.02827,0,0.0,19
1900-01-01 12:21:00.289,0.403289,0.597758,0.65862,1498.253733,0.061129,0.02666,0.027732,0,0.0,19
1900-01-01 12:21:01.588,0.403707,0.597417,0.659131,1496.90744,0.059496,0.028513,0.028205,0,0.0,19
1900-01-01 12:21:02.889,0.404016,0.599001,0.660012,1497.702887,0.059075,0.026107,0.025912,0,0.0,19
1900-01-01 12:21:04.140,0.403372,0.597715,0.658946,1497.273469,0.060537,0.026094,0.025972,0,0.0,19
1900-01-01 12:21:05.438,0.404521,0.599298,0.66003,1497.522227,0.05922,0.026403,0.026727,0,0.0,19
1900-01-01 12:21:06.786,0.404067,0.599659,0.660767,1499.823162,0.059795,0.02512,0.026053,0,0.0,19
1900-01-01 12:21:08.087,0.402946,0.597783,0.659115,1498.746596,0.059031,0.027178,0.027306,0,0.0,19
1900-01-01 12:21:09.388,0.404346,0.599873,0.661325,1499.612729,0.060303,0.02412,0.023622,0,0.0,19
1900-01-01 12:21:10.687,0.403379,0.598581,0.659406,1499.662282,0.0593,0.025535,0.026809,0,0.0,19
1900-01-01 12:21:11.986,0.404455,0.598876,0.660163,1497.811202,0.060382,0.026516,0.027166,0,0.0,19
1900-01-01 12:21:13.287,0.403503,0.598614,0.65992,1497.96019,0.058426,0.025546,0.025861,0,0.0,19
1900-01-01 12:21:14.586,0.403133,0.597437,0.658183,1497.419209,0.059729,0.027796,0.028183,0,0.0,19
1900-01-01 12:21:15.887,0.404815,0.599486,0.660675,1497.300625,0.059518,0.024856,0.025585,0,0.0,19
1900-01-01 12:21:17.140,0.403752,0.598953,0.659656,1499.050797,0.059263,0.026171,0.026275,0,0.0,19
1900-01-01 12:21:18.438,0.402527,0.597603,0.658225,1497.416888,0.060711,0.024574,0.025661,0,0.0,19
1900-01-01 12:21:19.737,0.404475,0.598892,0.659569,1497.626094,0.061867,0.027904,0.028156,0,0.0,19
1900-01-01 12:21:21.038,0.404875,0.598049,0.65927,1497.257137,0.059766,0.026225,0.025772,0,0.0,19
1900-01-01 12:21:22.337,0.405639,0.601087,0.66179,1495.684276,0.060282,0.02524,0.025988,0,0.0,19
1900-01-01 12:21:23.638,0.403144,0.597767,0.659164,1499.920768,0.059498,0.028346,0.028981,0,0.0,19
1900-01-01 12:21:24.937,0.404119,0.598395,0.65901,1499.00533,0.060637,0.027308,0.027571,0,0.0,19
1900-01-01 12:21:26.188,0.402898,0.597849,0.658123,1497.778493,0.060619,0.026499,0.027831,0,0.0,19
1900-01-01 12:21:27.487,0.402846,0.598071,0.658699,1496.660629,0.060915,0.027014,0.027414,0,0.0,19
1900-01-01 12:21:28.786,0.403622,0.597776,0.658897,1497.284915,0.058881,0.024537,0.025455,0,0.0,19
1900-01-01 12:21:30.087,0.403729,0.598037,0.659341,1497.46008,0.058942,0.026561,0.026663,0,0.0,19
1900-01-01 12:21:31.386,0.404681,0.599708,0.660227,1498.616966,0.059968,0.026342,0.026865,0,0.0,19
1900-01-01 12:21:32.738,0.405088,0.600012,0.660867,1499.870297,0.060167,0.024944,0.024291,0,0.0,19
1900-01-01 12:21:34.036,0.403502,0.5977,0.658749,1500.475338,0.059232,0.027478,0.027906,0,0.0,19
1900-01-01 12:21:35.335,0.402256,0.595796,0.657179,1496.170638,0.060015,0.025692,0.025152,0,0.0,19
1900-01-01 12:21:36.684,0.404128,0.599163,0.659225,1495.227636,0.059735,0.025282,0.025627,0,0.0,19
1900-01-01 12:21:38.038,0.404246,0.598921,0.659703,1497.217741,0.060316,0.025685,0.026747,0,0.0,19
1900-01-01 12:21:39.385,0.403269,0.597218,0.658852,1497.474057,0.058762,0.02732,0.027415,0,0.0,19
1900-01-01 12:21:40.686,0.402922,0.597185,0.657964,1496.952722,0.059825,0.025695,0.026571,0,0.0,19
1900-01-01 12:21:41.986,0.405099,0.598979,0.660586,1496.373388,0.059266,0.024962,0.025508,0,0.0,19
1900-01-01 12:21:43.286,0.403997,0.598797,0.659822,1498.843222,0.059519,0.02652,0.026637,0,0.0,19
1900-01-01 12:21:44.634,0.403491,0.596867,0.65772,1496.773227,0.059033,0.025924,0.026154,0,0.0,19
1900-01-01 12:21:45.935,0.403672,0.598993,0.659595,1497.467328,0.061293,0.026447,0.026907,0,0.0,19
1900-01-01 12:21:47.234,0.404693,0.599304,0.659859,1497.190546,0.059518,0.02508,0.025239,0,0.0,19
1900-01-01 12:21:48.535,0.402898,0.597383,0.658147,1498.670492,0.061291,0.02593,0.027421,0,0.0,19
1900-01-01 12:21:49.834,0.402842,0.597122,0.657702,1497.811202,0.057594,0.025741,0.026161,0,0.0,19
1900-01-01 12:21:51.135,0.403083,0.59727,0.65843,1496.79689,0.060506,0.029486,0.028556,0,0.0,19
1900-01-01 12:21:52.487,0.403313,0.597569,0.658298,1498.485846,0.05809,0.027685,0.027443,0,0.0,19
1900-01-01 12:21:53.785,0.403493,0.597992,0.658827,1496.955578,0.059851,0.026621,0.027273,0,0.0,19
1900-01-01 12:21:55.084,0.405126,0.599397,0.660467,1497.448246,0.059008,0.026544,0.02647,0,0.0,19
1900-01-01 12:21:56.385,0.403846,0.598307,0.659242,1498.561772,0.060455,0.02589,0.026375,0,0.0,19
1900-01-01 12:21:57.684,0.404192,0.600303,0.660538,1499.106958,0.059702,0.023053,0.024846,0,0.0,19
1900-01-01 12:21:58.985,0.40389,0.598364,0.659199,1499.264826,0.058777,0.02732,0.026836,0,0.0,19
1900-01-01 12:22:00.284,0.404269,0.598415,0.659017,1497.629724,0.059727,0.026441,0.026154,0,0.0,19
1900-01-01 12:22:01.583,0.403598,0.597853,0.658855,1498.315712,0.061031,0.026564,0.026941,0,0.0,19
1900-01-01 12:22:02.884,0.404536,0.599106,0.65992,1498.260981,0.060204,0.026821,0.027364,0,0.0,19
1900-01-01 12:22:04.185,0.404657,0.599462,0.66093,1498.6415,0.059094,0.025043,0.026227,0,0.0,19
1900-01-01 12:22:05.484,0.403468,0.59753,0.658452,1498.798445,0.057726,0.0262,0.025977,0,0.0,19
1900-01-01 12:22:06.783,0.403545,0.597926,0.659237,1497.796684,0.058204,0.025727,0.026208,0,0.0,19
1900-01-01 12:22:08.084,0.404443,0.599478,0.660499,1497.46008,0.061334,0.0267,0.027994,0,0.0,19
1900-01-01 12:22:09.383,0.403521,0.597574,0.658246,1497.143362,0.059512,0.025698,0.026436,0,0.0,19
1900-01-01 12:22:10.737,0.404261,0.598933,0.659818,1497.823632,0.060035,0.025674,0.026466,0,0.0,19
1900-01-01 12:22:12.034,0.404251,0.599179,0.660634,1498.970414,0.06047,0.026336,0.026545,0,0.0,19
1900-01-01 12:22:13.334,0.402829,0.596475,0.657589,1497.773324,0.060505,0.028554,0.028331,0,0.0,19
1900-01-01 12:22:14.682,0.402124,0.597042,0.656984,1496.311539,0.060228,0.025496,0.02593,0,0.0,19
1900-01-01 12:22:15.983,0.403245,0.597783,0.658288,1494.974024,0.059714,0.025556,0.026463,0,0.0,19
1900-01-01 12:22:17.282,0.402725,0.597352,0.658317,1497.150621,0.057853,0.024005,0.025009,0,0.0,19
1900-01-01 12:22:18.583,0.403362,0.598009,0.65867,1496.391004,0.060844,0.025371,0.026156,0,0.0,19
1900-01-01 12:22:19.932,0.40363,0.597598,0.658864,1496.380999,0.061586,0.027048,0.026808,0,0.0,19
1900-01-01 12:22:21.233,0.403907,0.598412,0.658677,1497.402096,0.060478,0.026368,0.026309,0,0.0,19
1900-01-01 12:22:22.532,0.404087,0.599159,0.659831,1498.308453,0.06146,0.02689,0.026364,0,0.0,19
1900-01-01 12:22:23.833,0.403442,0.597569,0.65802,1498.119646,0.060439,0.026119,0.026305,0,0.0,19
1900-01-01 12:22:25.134,0.403172,0.597892,0.659489,1495.379911,0.058987,0.026373,0.02672,0,0.0,19
1900-01-01 12:22:26.486,0.407709,0.598346,0.657938,1495.057845,0.061117,0.025587,0.026127,0,0.0,19
1900-01-01 12:22:27.783,0.410234,0.600915,0.659713,1481.627044,0.06052,0.026401,0.027209,0,0.0,19
1900-01-01 12:22:29.082,0.408901,0.598152,0.658112,1478.926562,0.060435,0.027253,0.027069,0,0.0,19
1900-01-01 12:22:30.383,0.409601,0.599655,0.658719,1479.224173,0.059737,0.025635,0.026011,0,0.0,19
1900-01-01 12:22:31.682,0.409479,0.599543,0.658791,1479.561736,0.060394,0.028433,0.028083,0,0.0,19
1900-01-01 12:22:33.034,0.408839,0.597884,0.656994,1478.022461,0.058754,0.026436,0.026298,0,0.0,19
1900-01-01 12:22:34.332,0.409108,0.599403,0.659301,1477.587814,0.059062,0.026868,0.026964,0,0.0,19
1900-01-01 12:22:35.633,0.408842,0.598997,0.658493,1479.959842,0.060489,0.025229,0.024719,0,0.0,19
1900-01-01 12:22:36.932,0.409386,0.599983,0.658925,1480.436462,0.060647,0.026137,0.027538,0,0.0,19
1900-01-01 12:22:38.281,0.409924,0.599805,0.659055,1481.264953,0.059577,0.027721,0.027587,0,0.0,19
1900-01-01 12:22:39.582,0.410965,0.601907,0.661141,1482.34805,0.058927,0.025528,0.025546,0,0.0,19
1900-01-01 12:22:40.881,0.410137,0.599777,0.658338,1482.011695,0.060117,0.026774,0.027106,0,0.0,19
1900-01-01 12:22:42.182,0.409924,0.600382,0.659432,1479.709787,0.060251,0.02617,0.026631,0,0.0,19
1900-01-01 12:22:43.530,0.409528,0.600255,0.659976,1481.866318,0.06099,0.02531,0.026329,0,0.0,19
1900-01-01 12:22:44.884,0.40945,0.599987,0.659757,1482.843495,0.061108,0.025657,0.025405,0,0.0,19
1900-01-01 12:22:46.230,0.408848,0.598895,0.658593,1482.847547,0.059614,0.027197,0.027002,0,0.0,19
1900-01-01 12:22:47.583,0.40883,0.600095,0.659072,1481.001025,0.060274,0.026526,0.026956,0,0.0,19
1900-01-01 12:22:48.930,0.409572,0.60034,0.65952,1483.049613,0.062121,0.026966,0.027574,0,0.0,19
1900-01-01 12:22:50.284,0.40931,0.600111,0.660347,1483.135995,0.059246,0.025701,0.025832,0,0.0,19
1900-01-01 12:22:51.582,0.408922,0.59965,0.659124,1482.585946,0.060131,0.025997,0.027065,0,0.0,19
1900-01-01 12:22:52.881,0.408703,0.598912,0.658473,1482.345615,0.059292,0.026656,0.024678,0,0.0,19
1900-01-01 12:22:54.230,0.410075,0.601148,0.660819,1482.638504,0.060798,0.026297,0.026645,0,0.0,19
1900-01-01 12:22:55.583,0.409672,0.600576,0.660505,1484.391645,0.058044,0.02561,0.026596,0,0.0,19
1900-01-01 12:22:56.934,0.410041,0.60153,0.660971,1485.198487,0.061536,0.026074,0.026606,0,0.0,19
1900-01-01 12:22:58.231,0.408903,0.599021,0.6587,1483.757251,0.060032,0.02737,0.02752,0,0.0,19
1900-01-01 12:22:59.583,0.408781,0.599433,0.659658,1483.169693,0.059446,0.02646,0.02565,0,0.0,19
1900-01-01 12:23:00.929,0.408918,0.599875,0.659515,1482.192518,0.05921,0.024942,0.024815,0,0.0,19
1900-01-01 12:23:02.230,0.408757,0.599219,0.659079,1483.268543,0.061564,0.028047,0.029668,0,0.0,19
1900-01-01 12:23:03.578,0.409181,0.599698,0.659533,1483.010044,0.060161,0.025612,0.025298,0,0.0,19
1900-01-01 12:23:04.879,0.407696,0.598069,0.658154,1482.014643,0.060783,0.02798,0.026694,0,0.0,19
1900-01-01 12:23:06.180,0.408051,0.598739,0.658006,1482.221211,0.059778,0.028493,0.028119,0,0.0,19
1900-01-01 12:23:07.481,0.407853,0.598763,0.658853,1482.43865,0.059684,0.027917,0.028433,0,0.0,19
1900-01-01 12:23:08.833,0.408291,0.599507,0.658924,1482.838401,0.061313,0.026389,0.027057,0,0.0,19
1900-01-01 12:23:10.130,0.40953,0.599632,0.659394,1483.07384,0.061031,0.026606,0.027518,0,0.0,19
1900-01-01 12:23:11.530,0.407421,0.598066,0.657967,1482.202281,0.059891,0.02837,0.029653,0,0.0,19
1900-01-01 12:23:12.882,0.409561,0.599876,0.659882,1481.370254,0.059106,0.026606,0.026256,0,0.0,19
1900-01-01 12:23:14.233,0.408521,0.599015,0.659387,1483.970054,0.060136,0.028767,0.028723,0,0.0,19
1900-01-01 12:23:15.529,0.407708,0.597896,0.657474,1483.162309,0.059057,0.026624,0.026621,0,0.0,19
1900-01-01 12:23:16.882,0.408171,0.598465,0.658353,1480.596799,0.05944,0.026936,0.026879,0,0.0,19
1900-01-01 12:23:18.228,0.410514,0.600717,0.660484,1482.076924,0.060282,0.027405,0.02639,0,0.0,19
1900-01-01 12:23:19.582,0.408942,0.599254,0.659072,1484.633312,0.059928,0.02497,0.024589,0,0.0,19
1900-01-01 12:23:20.932,0.407981,0.599293,0.658367,1482.030028,0.05995,0.025446,0.027276,0,0.0,19
1900-01-01 12:23:22.230,0.403049,0.598072,0.658424,1486.726841,0.057952,0.026322,0.027322,0,0.0,19
1900-01-01 12:23:23.529,0.402838,0.597623,0.658473,1496.74048,0.060189,0.026346,0.02554,0,0.0,19
1900-01-01 12:23:24.878,0.402898,0.597645,0.658612,1497.401551,0.059646,0.026309,0.025857,0,0.0,19
1900-01-01 12:23:26.231,0.403809,0.598655,0.658977,1497.971547,0.060689,0.024578,0.02503,0,0.0,19
1900-01-01 12:23:27.582,0.403481,0.597811,0.658414,1495.860026,0.059745,0.024998,0.024252,0,0.0,19
1900-01-01 12:23:28.927,0.403923,0.599448,0.66009,1496.628355,0.058082,0.026531,0.027972,0,0.0,19
1900-01-01 12:23:30.281,0.402896,0.597668,0.658603,1498.234524,0.058775,0.024414,0.024491,0,0.0,19
1900-01-01 12:23:31.578,0.403142,0.597952,0.658665,1497.356401,0.060088,0.024678,0.024809,0,0.0,19
1900-01-01 12:23:32.930,0.404253,0.599115,0.659399,1497.694232,0.060991,0.028392,0.028911,0,0.0,19
1900-01-01 12:23:34.281,0.404413,0.599019,0.659441,1499.555794,0.05988,0.025564,0.024379,0,0.0,19
1900-01-01 12:23:35.631,0.402894,0.597687,0.658238,1498.807761,0.059628,0.0254,0.025127,0,0.0,19
1900-01-01 12:23:36.982,0.40324,0.597154,0.657979,1496.617327,0.058894,0.025534,0.025156,0,0.0,19
1900-01-01 12:23:38.330,0.403631,0.598234,0.658831,1496.031729,0.060214,0.026851,0.026931,0,0.0,19
1900-01-01 12:23:39.681,0.403795,0.598759,0.659523,1497.744554,0.059943,0.026557,0.027441,0,0.0,19
1900-01-01 12:23:40.978,0.404903,0.599588,0.660471,1498.127056,0.060206,0.027097,0.027169,0,0.0,19
1900-01-01 12:23:42.330,0.404866,0.600082,0.660792,1499.845886,0.060901,0.02573,0.02725,0,0.0,19
1900-01-01 12:23:43.681,0.403267,0.598199,0.658448,1499.520895,0.059925,0.02531,0.025992,0,0.0,19
1900-01-01 12:23:45.026,0.403653,0.598694,0.658368,1498.160229,0.06076,0.025225,0.025513,0,0.0,19
1900-01-01 12:23:46.380,0.403734,0.598452,0.658352,1497.931579,0.05914,0.025772,0.026898,0,0.0,19
1900-01-01 12:23:47.730,0.403734,0.598356,0.658891,1497.22568,0.060607,0.028483,0.028496,0,0.0,19
1900-01-01 12:23:49.081,0.404188,0.599769,0.660128,1499.241706,0.059365,0.027418,0.027632,0,0.0,19
1900-01-01 12:23:50.426,0.402779,0.597843,0.658198,1499.45724,0.059092,0.026205,0.026039,0,0.0,19
1900-01-01 12:23:51.780,0.40425,0.599394,0.659689,1498.711576,0.06045,0.026368,0.025898,0,0.0,19
1900-01-01 12:23:53.126,0.403528,0.598802,0.658907,1499.510506,0.058669,0.025009,0.02551,0,0.0,19
1900-01-01 12:23:54.479,0.402711,0.596998,0.657511,1498.159721,0.059389,0.027504,0.027132,0,0.0,19
1900-01-01 12:23:55.826,0.404326,0.599249,0.659248,1497.267543,0.060459,0.026599,0.027651,0,0.0,19
1900-01-01 12:23:57.175,0.403626,0.598867,0.659184,1497.656689,0.060314,0.025187,0.025577,0,0.0,19
1900-01-01 12:23:58.529,0.404137,0.59989,0.660938,1498.593184,0.060284,0.025422,0.024564,0,0.0,19
1900-01-01 12:23:59.879,0.403256,0.598438,0.659572,1500.456197,0.060071,0.02762,0.027789,0,0.0,19
1900-01-01 12:24:01.230,0.403244,0.598067,0.65853,1498.145888,0.061117,0.026257,0.02705,0,0.0,19
1900-01-01 12:24:02.580,0.403847,0.598811,0.659313,1497.431735,0.060688,0.027208,0.027463,0,0.0,19
1900-01-01 12:24:03.926,0.40382,0.599009,0.659631,1498.25299,0.058125,0.025572,0.025666,0,0.0,19
1900-01-01 12:24:05.279,0.403793,0.599493,0.659446,1499.260889,0.058662,0.026931,0.027347,0,0.0,19
1900-01-01 12:24:06.625,0.403048,0.597589,0.658566,1499.566551,0.060002,0.025418,0.025918,0,0.0,19
1900-01-01 12:24:07.978,0.404938,0.600355,0.660865,1498.584856,0.060095,0.025277,0.02625,0,0.0,19
1900-01-01 12:24:09.329,0.403858,0.598681,0.659475,1500.410811,0.060478,0.02767,0.027686,0,0.0,19
1900-01-01 12:24:10.679,0.403649,0.598687,0.659646,1499.17796,0.059655,0.026664,0.027572,0,0.0,19
1900-01-01 12:24:12.025,0.404292,0.599442,0.659911,1499.149715,0.060249,0.027811,0.02807,0,0.0,19
1900-01-01 12:24:13.378,0.403231,0.598375,0.659004,1498.403651,0.060096,0.026194,0.025944,0,0.0,19
1900-01-01 12:24:14.729,0.403574,0.597445,0.657748,1497.971395,0.059036,0.02804,0.027326,0,0.0,19
1900-01-01 12:24:16.127,0.403695,0.597933,0.658578,1495.949647,0.059998,0.025036,0.024899,0,0.0,19
1900-01-01 12:24:17.474,0.403145,0.598064,0.659323,1497.474057,0.059884,0.025713,0.024852,0,0.0,19
1900-01-01 12:24:18.828,0.403847,0.599534,0.659988,1498.861308,0.061568,0.028404,0.028735,0,0.0,19
1900-01-01 12:24:20.174,0.404413,0.599629,0.660436,1500.603389,0.060209,0.027154,0.027455,0,0.0,19
1900-01-01 12:24:21.527,0.403654,0.598504,0.659364,1499.309675,0.058763,0.025926,0.025992,0,0.0,19
1900-01-01 12:24:22.878,0.403811,0.598553,0.659264,1498.596081,0.058928,0.026132,0.026191,0,0.0,19
1900-01-01 12:24:24.276,0.403984,0.598846,0.65982,1498.182267,0.062038,0.026122,0.026379,0,0.0,19
1900-01-01 12:24:25.676,0.403299,0.597811,0.659293,1498.262938,0.058971,0.02658,0.026719,0,0.0,19
1900-01-01 12:24:27.028,0.403794,0.598917,0.659128,1498.45446,0.060214,0.026489,0.027211,0,0.0,19
1900-01-01 12:24:28.426,0.403552,0.598207,0.659288,1499.713399,0.058654,0.026336,0.02683,0,0.0,19
1900-01-01 12:24:29.826,0.403412,0.59729,0.657705,1497.916063,0.058753,0.026667,0.02667,0,0.0,19
1900-01-01 12:24:31.174,0.403269,0.598394,0.658197,1496.322032,0.059365,0.025665,0.026686,0,0.0,19
1900-01-01 12:24:32.527,0.40429,0.599229,0.659731,1497.525505,0.061382,0.027726,0.02855,0,0.0,19
1900-01-01 12:24:33.873,0.40471,0.599648,0.660061,1499.692653,0.061078,0.025411,0.025705,0,0.0,19
1900-01-01 12:24:35.226,0.404364,0.599893,0.660512,1498.94378,0.060282,0.025458,0.025778,0,0.0,19
1900-01-01 12:24:36.625,0.402868,0.598221,0.658854,1500.114958,0.059238,0.026881,0.027505,0,0.0,19
1900-01-01 12:24:37.977,0.404253,0.599449,0.660072,1499.915632,0.062824,0.02571,0.025515,0,0.0,19
1900-01-01 12:24:39.327,0.402991,0.598134,0.658632,1498.69251,0.059453,0.025296,0.026905,0,0.0,19
1900-01-01 12:24:40.673,0.403672,0.59879,0.659262,1497.962255,0.059244,0.026763,0.026527,0,0.0,19
1900-01-01 12:24:42.026,0.402136,0.596579,0.656845,1497.964578,0.059204,0.026524,0.02657,0,0.0,19
1900-01-01 12:24:43.372,0.404382,0.599133,0.658866,1495.482252,0.060963,0.028747,0.029103,0,0.0,19
1900-01-01 12:24:44.774,0.404257,0.59903,0.65857,1498.424089,0.059458,0.025516,0.025339,0,0.0,19
1900-01-01 12:24:46.175,0.403415,0.598661,0.658872,1499.237063,0.058739,0.026811,0.027313,0,0.0,19
1900-01-01 12:24:47.526,0.404409,0.599513,0.659958,1499.304524,0.060512,0.02866,0.028135,0,0.0,19
1900-01-01 12:24:48.924,0.402842,0.598102,0.658736,1498.02713,0.059343,0.026965,0.026451,0,0.0,19
1900-01-01 12:24:50.324,0.404143,0.598948,0.65903,1497.895857,0.06049,0.02727,0.026391,0,0.0,19
1900-01-01 12:24:51.726,0.40438,0.599581,0.659881,1498.323202,0.060469,0.026734,0.026783,0,0.0,19
1900-01-01 12:24:53.124,0.404198,0.599281,0.659511,1499.170421,0.061399,0.029022,0.029374,0,0.0,19
1900-01-01 12:24:54.524,0.403599,0.598464,0.659417,1499.6336,0.058419,0.025722,0.025588,0,0.0,19
1900-01-01 12:24:55.876,0.404497,0.599736,0.659923,1499.305357,0.059345,0.025788,0.024997,0,0.0,19
1900-01-01 12:24:57.226,0.404481,0.599927,0.660429,1500.159339,0.061213,0.02869,0.027853,0,0.0,19
1900-01-01 12:24:58.572,0.402794,0.598041,0.658491,1499.034121,0.060261,0.026021,0.026451,0,0.0,19
1900-01-01 12:24:59.926,0.404203,0.599212,0.658854,1498.453898,0.060896,0.026319,0.026274,0,0.0,19
1900-01-01 12:25:01.271,0.404258,0.599572,0.659618,1496.705474,0.06049,0.02804,0.029084,0,0.0,19
1900-01-01 12:25:02.673,0.403343,0.598536,0.658577,1499.19756,0.061178,0.02774,0.028465,0,0.0,19
1900-01-01 12:25:04.074,0.403647,0.598234,0.658636,1496.692884,0.059082,0.026146,0.026445,0,0.0,19
1900-01-01 12:25:05.474,0.403674,0.598306,0.658853,1497.208842,0.059914,0.025356,0.025174,0,0.0,19
1900-01-01 12:25:06.873,0.403127,0.598217,0.658263,1496.242682,0.060314,0.025948,0.026321,0,0.0,19
1900-01-01 12:25:08.222,0.404132,0.598762,0.65911,1497.681154,0.060425,0.027404,0.026472,0,0.0,19
1900-01-01 12:25:09.575,0.403188,0.598026,0.659235,1498.658034,0.060212,0.025485,0.02588,0,0.0,19
1900-01-01 12:25:10.921,0.403173,0.597706,0.656962,1497.408808,0.060461,0.029953,0.031112,0,0.0,19
1900-01-01 12:25:12.322,0.403797,0.59853,0.657888,1495.060705,0.061294,0.027857,0.028076,0,0.0,19
1900-01-01 12:25:13.724,0.403822,0.598562,0.659658,1497.781772,0.059858,0.029144,0.029148,0,0.0,19
1900-01-01 12:25:15.122,0.40481,0.599957,0.660517,1499.436851,0.060151,0.026797,0.025397,0,0.0,19
1900-01-01 12:25:16.474,0.405755,0.601033,0.661581,1500.062098,0.060427,0.025804,0.026113,0,0.0,19
1900-01-01 12:25:17.825,0.404215,0.599975,0.659958,1500.16303,0.059234,0.027911,0.027867,0,0.0,19
1900-01-01 12:25:19.223,0.404484,0.599608,0.659768,1498.964696,0.059527,0.027305,0.027351,0,0.0,19
1900-01-01 12:25:20.623,0.404428,0.59846,0.659168,1497.724103,0.059941,0.026344,0.025933,0,0.0,19
1900-01-01 12:25:21.970,0.404178,0.599451,0.660353,1498.079596,0.060329,0.025262,0.024228,0,0.0,19
1900-01-01 12:25:23.324,0.402396,0.59647,0.657022,1497.663454,0.059841,0.026214,0.026361,0,0.0,19
1900-01-01 12:25:24.722,0.403556,0.597952,0.658513,1495.460629,0.060852,0.027178,0.027057,0,0.0,19
1900-01-01 12:25:26.122,0.402426,0.596754,0.657344,1497.410905,0.058808,0.028792,0.029108,0,0.0,19
1900-01-01 12:25:27.522,0.403153,0.598145,0.657488,1496.467943,0.060257,0.024451,0.025272,0,0.0,19
1900-01-01 12:25:28.870,0.403051,0.5977,0.657659,1496.699776,0.059453,0.027763,0.028202,0,0.0,19
1900-01-01 12:25:30.223,0.403324,0.597708,0.658699,1497.10037,0.059953,0.028427,0.029085,0,0.0,19
1900-01-01 12:25:31.574,0.40338,0.598712,0.659428,1497.105908,0.060855,0.02725,0.027568,0,0.0,19
1900-01-01 12:25:32.924,0.403112,0.597983,0.658006,1498.409621,0.058288,0.026205,0.025817,0,0.0,19
1900-01-01 12:25:34.270,0.404514,0.599633,0.65933,1497.661012,0.060392,0.026062,0.025152,0,0.0,19
1900-01-01 12:25:35.623,0.40514,0.600781,0.660838,1498.846209,0.060316,0.026838,0.026864,0,0.0,19
1900-01-01 12:25:36.969,0.40421,0.598541,0.65888,1499.696156,0.058897,0.025683,0.026277,0,0.0,19
1900-01-01 12:25:38.370,0.404891,0.599141,0.659685,1496.309237,0.060286,0.027052,0.027249,0,0.0,19
1900-01-01 12:25:39.770,0.404751,0.598779,0.659437,1496.619491,0.059722,0.025118,0.025107,0,0.0,19
1900-01-01 12:25:41.119,0.40326,0.597882,0.658136,1496.835354,0.059531,0.025717,0.02607,0,0.0,19
1900-01-01 12:25:42.473,0.403982,0.599402,0.659418,1498.735951,0.060737,0.025635,0.026338,0,0.0,19
1900-01-01 12:25:43.871,0.403691,0.598703,0.659163,1498.654423,0.060548,0.025827,0.025958,0,0.0,19
1900-01-01 12:25:45.271,0.403491,0.598678,0.659004,1499.209268,0.059494,0.026456,0.027115,0,0.0,19
1900-01-01 12:25:46.623,0.403084,0.597542,0.656987,1497.659359,0.059188,0.026982,0.026701,0,0.0,19
1900-01-01 12:25:48.022,0.402238,0.597474,0.657343,1496.775162,0.060373,0.025293,0.026616,0,0.0,19
1900-01-01 12:25:49.422,0.402002,0.59669,0.656176,1496.461208,0.059412,0.026651,0.026806,0,0.0,19
1900-01-01 12:25:50.822,0.403701,0.598486,0.658144,1495.770825,0.060697,0.026096,0.025337,0,0.0,19
1900-01-01 12:25:52.169,0.403316,0.598539,0.658722,1498.580129,0.061966,0.031474,0.030992,0,0.0,19
1900-01-01 12:25:53.522,0.402788,0.598426,0.658774,1498.11442,0.060581,0.029102,0.029504,0,0.0,19
1900-01-01 12:25:54.868,0.402287,0.597093,0.657699,1497.090051,0.061359,0.026313,0.02704,0,0.0,19
1900-01-01 12:25:56.222,0.403843,0.598766,0.658386,1497.576401,0.060249,0.028799,0.02945,0,0.0,19
1900-01-01 12:25:57.572,0.403719,0.598698,0.658408,1498.434068,0.059176,0.027941,0.027332,0,0.0,19
1900-01-01 12:25:58.970,0.404296,0.599815,0.660077,1499.086107,0.058856,0.025401,0.025324,0,0.0,19
1900-01-01 12:26:00.370,0.403356,0.599626,0.659109,1500.35766,0.05876,0.025046,0.025013,0,0.0,19
1900-01-01 12:26:01.770,0.403434,0.598614,0.658919,1498.906173,0.059753,0.027155,0.026957,0,0.0,19
1900-01-01 12:26:03.170,0.404083,0.599274,0.658709,1498.252835,0.060315,0.024721,0.026023,0,0.0,19
1900-01-01 12:26:04.570,0.402819,0.598089,0.658118,1497.087604,0.060086,0.025396,0.025747,0,0.0,19
1900-01-01 12:26:05.970,0.404312,0.599735,0.660159,1497.148223,0.060854,0.025963,0.026013,0,0.0,19
1900-01-01 12:26:07.318,0.403783,0.598732,0.659001,1499.931589,0.060301,0.026593,0.026448,0,0.0,19
1900-01-01 12:26:08.719,0.403452,0.59847,0.658715,1497.443349,0.060725,0.025891,0.026215,0,0.0,19
1900-01-01 12:26:10.071,0.403336,0.598008,0.658305,1498.593951,0.059717,0.025773,0.026011,0,0.0,19
1900-01-01 12:26:11.470,0.404381,0.599505,0.659386,1497.445817,0.060344,0.026573,0.026895,0,0.0,19
1900-01-01 12:26:12.870,0.403551,0.598468,0.658387,1499.259783,0.060208,0.026476,0.026692,0,0.0,19
1900-01-01 12:26:14.270,0.403378,0.598186,0.658302,1498.505414,0.059344,0.026917,0.025981,0,0.0,19
1900-01-01 12:26:15.668,0.40386,0.598966,0.659426,1498.45207,0.061003,0.026909,0.025952,0,0.0,19
1900-01-01 12:26:17.017,0.403673,0.59926,0.659212,1498.998784,0.061695,0.029219,0.028952,0,0.0,19
1900-01-01 12:26:18.418,0.40277,0.59778,0.657652,1497.924589,0.05916,0.027391,0.02797,0,0.0,19
1900-01-01 12:26:19.818,0.403086,0.598074,0.658472,1498.461634,0.060865,0.027199,0.027782,0,0.0,19
1900-01-01 12:26:21.170,0.402346,0.596536,0.657123,1497.96624,0.058743,0.025149,0.024141,0,0.0,19
1900-01-01 12:26:22.569,0.402302,0.597486,0.657396,1496.552733,0.061028,0.026145,0.027045,0,0.0,19
1900-01-01 12:26:23.921,0.402796,0.598008,0.657748,1496.198187,0.058904,0.026577,0.027168,0,0.0,19
1900-01-01 12:26:25.319,0.402692,0.597272,0.657619,1495.723687,0.059741,0.027183,0.026451,0,0.0,19
1900-01-01 12:26:26.718,0.402471,0.596221,0.656227,1496.128097,0.060178,0.026846,0.026478,0,0.0,19
1900-01-01 12:26:28.119,0.402853,0.597222,0.657639,1495.420794,0.060705,0.025636,0.026678,0,0.0,19
1900-01-01 12:26:29.518,0.402137,0.596408,0.657113,1496.370747,0.061845,0.026717,0.026332,0,0.0,19
1900-01-01 12:26:30.919,0.402054,0.596281,0.656157,1495.642905,0.06,0.026359,0.026605,0,0.0,19
1900-01-01 12:26:32.318,0.403514,0.598443,0.65781,1495.794455,0.059794,0.025116,0.024989,0,0.0,19
1900-01-01 12:26:33.718,0.401859,0.596994,0.657226,1496.602652,0.060486,0.026737,0.028836,0,0.0,19
1900-01-01 12:26:35.118,0.401938,0.595325,0.655401,1494.016243,0.06102,0.027228,0.027007,0,0.0,19
1900-01-01 12:26:36.518,0.402579,0.596919,0.656661,1494.144216,0.058954,0.026241,0.026325,0,0.0,19
1900-01-01 12:26:37.918,0.402606,0.597275,0.65697,1495.935844,0.059177,0.025922,0.026553,0,0.0,19
1900-01-01 12:26:39.318,0.402609,0.597249,0.657961,1496.845128,0.059281,0.02792,0.027018,0,0.0,19
1900-01-01 12:26:40.718,0.401848,0.595932,0.65695,1496.299557,0.059855,0.028492,0.029729,0,0.0,19
1900-01-01 12:26:42.118,0.404016,0.598003,0.657987,1496.451105,0.06086,0.026176,0.026123,0,0.0,19
1900-01-01 12:26:43.518,0.402789,0.597459,0.657429,1496.56224,0.060597,0.028069,0.028474,0,0.0,19
1900-01-01 12:26:44.918,0.401957,0.596716,0.657199,1496.733993,0.060421,0.025759,0.026604,0,0.0,19
1900-01-01 12:26:46.318,0.405088,0.598929,0.658945,1496.154745,0.060394,0.025962,0.02599,0,0.0,19
1900-01-01 12:26:47.716,0.405118,0.597745,0.657415,1492.71201,0.059736,0.025367,0.02601,0,0.0,19
1900-01-01 12:26:49.118,0.406013,0.599356,0.658695,1491.429224,0.060762,0.026636,0.026273,0,0.0,19
1900-01-01 12:26:50.518,0.401825,0.596161,0.655992,1494.403531,0.060139,0.025982,0.02717,0,0.0,19
1900-01-01 12:26:51.918,0.403821,0.599413,0.65903,1495.989727,0.060721,0.026197,0.026597,0,0.0,19
1900-01-01 12:26:53.318,0.403243,0.597965,0.657488,1499.44164,0.059195,0.028375,0.02818,0,0.0,19
1900-01-01 12:26:54.718,0.402426,0.596982,0.65655,1496.100862,0.059868,0.027404,0.028054,0,0.0,19
1900-01-01 12:26:56.164,0.403422,0.598079,0.65854,1496.307108,0.060331,0.025572,0.026569,0,0.0,19
1900-01-01 12:26:57.618,0.402665,0.597288,0.657741,1497.12425,0.058828,0.02659,0.027231,0,0.0,19
1900-01-01 12:26:59.017,0.403202,0.597951,0.658033,1496.73135,0.060928,0.027104,0.027707,0,0.0,19
1900-01-01 12:27:00.417,0.403119,0.598381,0.658243,1497.848709,0.060686,0.024301,0.024274,0,0.0,19
1900-01-01 12:27:01.817,0.403438,0.598708,0.658735,1499.17559,0.060644,0.025875,0.025617,0,0.0,19
1900-01-01 12:27:03.217,0.403232,0.59789,0.657737,1498.380809,0.060699,0.025471,0.025483,0,0.0,19
1900-01-01 12:27:04.617,0.403382,0.59831,0.657501,1496.700316,0.059892,0.028643,0.028405,0,0.0,19
1900-01-01 12:27:06.015,0.403665,0.598361,0.658315,1496.151999,0.058393,0.02577,0.02565,0,0.0,19
1900-01-01 12:27:07.417,0.402583,0.597825,0.658295,1498.101249,0.061211,0.027321,0.027179,0,0.0,19
1900-01-01 12:27:08.817,0.402714,0.59744,0.656727,1497.37386,0.06036,0.025526,0.026086,0,0.0,19
1900-01-01 12:27:10.217,0.403791,0.598396,0.6584,1496.323131,0.060352,0.025956,0.026886,0,0.0,19
1900-01-01 12:27:11.615,0.402933,0.597509,0.657132,1498.964696,0.058671,0.025628,0.026062,0,0.0,19
1900-01-01 12:27:13.015,0.402801,0.596622,0.656569,1496.521827,0.059633,0.025405,0.024675,0,0.0,19
1900-01-01 12:27:14.415,0.402013,0.596559,0.656491,1497.29977,0.060202,0.026877,0.027317,0,0.0,19
1900-01-01 12:27:15.767,0.402691,0.597538,0.656423,1495.622785,0.058737,0.025484,0.02654,0,0.0,19
1900-01-01 12:27:17.166,0.403146,0.59824,0.658085,1497.297532,0.05956,0.026327,0.026984,0,0.0,19
1900-01-01 12:27:18.614,0.403972,0.59923,0.659555,1498.090626,0.060363,0.026808,0.026886,0,0.0,19
1900-01-01 12:27:20.015,0.402463,0.59693,0.657351,1498.742361,0.06058,0.025586,0.026352,0,0.0,19
1900-01-01 12:27:21.415,0.402422,0.5969,0.656838,1497.016882,0.060797,0.027802,0.027673,0,0.0,19
1900-01-01 12:27:22.863,0.403334,0.598378,0.658521,1495.912307,0.061183,0.025062,0.025736,0,0.0,19
1900-01-01 12:27:24.265,0.402073,0.596667,0.657109,1496.893962,0.060024,0.027158,0.027686,0,0.0,19
1900-01-01 12:27:25.665,0.403483,0.597335,0.657449,1497.717368,0.05885,0.026704,0.027692,0,0.0,19
1900-01-01 12:27:27.065,0.402906,0.597837,0.657915,1496.498253,0.059943,0.026152,0.026597,0,0.0,19
1900-01-01 12:27:28.465,0.402943,0.597387,0.657482,1497.316609,0.060055,0.027294,0.027143,0,0.0,19
1900-01-01 12:27:29.865,0.403224,0.597946,0.6584,1495.888696,0.059001,0.025734,0.025848,0,0.0,19
1900-01-01 12:27:31.265,0.401795,0.596829,0.656405,1497.114546,0.060134,0.02601,0.026078,0,0.0,19
1900-01-01 12:27:32.665,0.402384,0.597207,0.657803,1495.962785,0.059702,0.02697,0.027538,0,0.0,19
1900-01-01 12:27:34.065,0.40193,0.59672,0.656235,1496.451105,0.060067,0.026752,0.02742,0,0.0,19
1900-01-01 12:27:35.465,0.403262,0.597927,0.656996,1497.703897,0.060653,0.025793,0.025969,0,0.0,19
1900-01-01 12:27:36.911,0.40291,0.597251,0.657619,1495.919098,0.059648,0.026503,0.026211,0,0.0,19
1900-01-01 12:27:38.366,0.402719,0.597295,0.65783,1495.360496,0.060813,0.029464,0.030249,0,0.0,19
1900-01-01 12:27:39.764,0.401641,0.597336,0.65802,1496.880467,0.059101,0.026304,0.026258,0,0.0,19
1900-01-01 12:27:41.164,0.402234,0.59681,0.656753,1496.498253,0.060522,0.025706,0.026527,0,0.0,19
1900-01-01 12:27:42.516,0.401864,0.596858,0.656382,1497.15719,0.060696,0.026886,0.026128,0,0.0,19
1900-01-01 12:27:43.914,0.401768,0.595909,0.656028,1496.25992,0.060139,0.025893,0.026171,0,0.0,19
1900-01-01 12:27:45.366,0.403255,0.597563,0.657785,1495.94424,0.059921,0.027124,0.027336,0,0.0,19
1900-01-01 12:27:46.812,0.403288,0.598511,0.659335,1497.572216,0.06035,0.025881,0.025053,0,0.0,19
1900-01-01 12:27:48.214,0.403088,0.598117,0.657758,1499.944127,0.060511,0.026725,0.026663,0,0.0,19
1900-01-01 12:27:49.662,0.402685,0.596989,0.656928,1496.50817,0.060749,0.02871,0.029183,0,0.0,19
1900-01-01 12:27:51.063,0.402201,0.596945,0.657738,1496.194817,0.059396,0.026619,0.027257,0,0.0,19
1900-01-01 12:27:52.511,0.402271,0.596913,0.657423,1497.247301,0.059673,0.027055,0.02706,0,0.0,19
1900-01-01 12:27:53.961,0.40259,0.597235,0.657341,1498.233674,0.05897,0.026952,0.02666,0,0.0,19
1900-01-01 12:27:55.415,0.401741,0.596526,0.656433,1496.521118,0.060436,0.027254,0.028101,0,0.0,19
1900-01-01 12:27:56.814,0.403608,0.598187,0.658919,1496.535883,0.060819,0.026672,0.025614,0,0.0,19
1900-01-01 12:27:58.260,0.403132,0.597938,0.658235,1496.352756,0.060459,0.026422,0.027105,0,0.0,19
1900-01-01 12:27:59.710,0.403666,0.598437,0.658248,1497.794709,0.060189,0.025091,0.025668,0,0.0,19
1900-01-01 12:28:01.111,0.402231,0.595937,0.656236,1497.803438,0.060034,0.026764,0.026081,0,0.0,19
1900-01-01 12:28:02.561,0.402793,0.596449,0.656537,1495.089385,0.060782,0.028359,0.027957,0,0.0,19
1900-01-01 12:28:04.010,0.402083,0.596283,0.656606,1495.899157,0.060773,0.02575,0.026434,0,0.0,19
1900-01-01 12:28:05.412,0.401182,0.595132,0.655307,1493.702555,0.060342,0.027662,0.027922,0,0.0,19
1900-01-01 12:28:06.860,0.401601,0.595398,0.655456,1495.026652,0.060124,0.024865,0.025235,0,0.0,19
1900-01-01 12:28:08.262,0.402605,0.596667,0.656512,1494.213718,0.060434,0.025619,0.026058,0,0.0,19
1900-01-01 12:28:09.710,0.402812,0.597269,0.657556,1494.495911,0.058415,0.025356,0.02585,0,0.0,19
1900-01-01 12:28:11.159,0.403036,0.59666,0.657975,1496.240809,0.059861,0.027407,0.02732,0,0.0,19
1900-01-01 12:28:12.662,0.401458,0.595643,0.655904,1496.592146,0.060288,0.028932,0.028336,0,0.0,19
1900-01-01 12:28:14.110,0.402859,0.597381,0.657309,1495.645308,0.060572,0.026468,0.026486,0,0.0,19
1900-01-01 12:28:15.559,0.401471,0.595931,0.656365,1496.501116,0.061204,0.027407,0.02763,0,0.0,19
1900-01-01 12:28:16.961,0.402478,0.597832,0.658216,1495.938894,0.060448,0.026934,0.02725,0,0.0,19
1900-01-01 12:28:18.414,0.402012,0.596837,0.657109,1496.83967,0.059881,0.025261,0.024562,0,0.0,19
1900-01-01 12:28:19.812,0.401509,0.595796,0.655687,1496.850115,0.060001,0.027573,0.027068,0,0.0,19
1900-01-01 12:28:21.210,0.402043,0.5982,0.657849,1494.988474,0.061764,0.027447,0.027692,0,0.0,19
1900-01-01 12:28:22.660,0.40007,0.594002,0.653907,1496.116888,0.060298,0.027725,0.027815,0,0.0,19
1900-01-01 12:28:24.062,0.401321,0.596147,0.656244,1493.58149,0.060936,0.02698,0.028093,0,0.0,19
1900-01-01 12:28:25.462,0.402688,0.598021,0.657698,1496.336602,0.058755,0.02485,0.025067,0,0.0,19
1900-01-01 12:28:26.908,0.403811,0.598722,0.658979,1497.500483,0.058246,0.027465,0.025786,0,0.0,19
1900-01-01 12:28:28.362,0.40168,0.596674,0.657786,1498.392125,0.060525,0.027579,0.027359,0,0.0,19
1900-01-01 12:28:29.809,0.401477,0.595658,0.656019,1496.407708,0.059101,0.026752,0.02696,0,0.0,19
1900-01-01 12:28:31.210,0.401181,0.595483,0.65558,1494.63331,0.060275,0.026434,0.026032,0,0.0,19
1900-01-01 12:28:32.610,0.401807,0.596844,0.657862,1495.269035,0.060148,0.024424,0.025236,0,0.0,19
1900-01-01 12:28:34.010,0.402395,0.597185,0.657212,1496.636329,0.059876,0.025899,0.026814,0,0.0,19
1900-01-01 12:28:35.458,0.402757,0.597878,0.657645,1496.309549,0.059818,0.026521,0.027005,0,0.0,19
1900-01-01 12:28:36.860,0.402175,0.59754,0.658059,1497.956644,0.061375,0.024063,0.025007,0,0.0,19
1900-01-01 12:28:38.260,0.401034,0.594758,0.655342,1495.117488,0.060806,0.029658,0.028769,0,0.0,19
1900-01-01 12:28:39.660,0.402782,0.597736,0.658879,1495.76409,0.060454,0.027159,0.02696,0,0.0,19
1900-01-01 12:28:41.108,0.403203,0.598114,0.658565,1499.272585,0.059588,0.02847,0.027698,0,0.0,19
1900-01-01 12:28:42.558,0.402956,0.598427,0.658425,1499.131113,0.060348,0.028285,0.027418,0,0.0,19
1900-01-01 12:28:43.959,0.402328,0.597469,0.657607,1497.530847,0.059263,0.025029,0.026337,0,0.0,19
1900-01-01 12:28:45.409,0.402869,0.598079,0.658267,1496.848496,0.061075,0.026295,0.026038,0,0.0,19
1900-01-01 12:28:46.858,0.402728,0.597384,0.657817,1499.595514,0.060843,0.027721,0.026991,0,0.0,19
1900-01-01 12:28:48.308,0.401776,0.596044,0.6575,1497.059849,0.060047,0.025722,0.025925,0,0.0,19
1900-01-01 12:28:49.710,0.403208,0.597248,0.656965,1496.524042,0.060487,0.026355,0.02668,0,0.0,19
1900-01-01 12:28:51.110,0.401743,0.596877,0.656825,1496.791245,0.059536,0.024219,0.025067,0,0.0,19
1900-01-01 12:28:52.510,0.402407,0.596307,0.656852,1496.117701,0.059826,0.028157,0.027921,0,0.0,19
1900-01-01 12:28:53.910,0.402373,0.59729,0.657573,1497.188636,0.060633,0.025248,0.025679,0,0.0,19
1900-01-01 12:28:55.358,0.401971,0.597066,0.657201,1496.410488,0.060147,0.025591,0.026481,0,0.0,19
1900-01-01 12:28:56.807,0.402137,0.596797,0.657202,1495.873126,0.060273,0.025716,0.027086,0,0.0,19
1900-01-01 12:28:58.209,0.401946,0.596409,0.656231,1495.131794,0.061513,0.026432,0.027329,0,0.0,19
1900-01-01 12:28:59.657,0.402533,0.597171,0.656871,1495.222017,0.059838,0.026438,0.027185,0,0.0,19
1900-01-01 12:29:01.106,0.401319,0.596239,0.656726,1495.404574,0.059971,0.027263,0.028412,0,0.0,19
1900-01-01 12:29:02.508,0.40177,0.596446,0.656978,1496.503864,0.059394,0.025281,0.026044,0,0.0,19
1900-01-01 12:29:03.961,0.402048,0.596132,0.656717,1496.02196,0.059164,0.025725,0.026133,0,0.0,19
1900-01-01 12:29:05.359,0.402719,0.596059,0.655805,1493.025656,0.059159,0.026036,0.026761,0,0.0,19
1900-01-01 12:29:06.807,0.401775,0.595593,0.655792,1491.259364,0.060183,0.028146,0.028723,0,0.0,19
1900-01-01 12:29:08.209,0.40116,0.595349,0.65589,1493.080416,0.061265,0.026271,0.02648,0,0.0,19
1900-01-01 12:29:09.657,0.402068,0.59662,0.656065,1493.043698,0.060974,0.028291,0.028574,0,0.0,19
1900-01-01 12:29:11.106,0.402007,0.596058,0.656897,1495.580281,0.059054,0.024777,0.024023,0,0.0,19
1900-01-01 12:29:12.556,0.402869,0.597076,0.657158,1496.396525,0.060268,0.027514,0.02722,0,0.0,19
1900-01-01 12:29:13.958,0.401212,0.595465,0.656191,1495.975886,0.061143,0.027239,0.027757,0,0.0,19
1900-01-01 12:29:15.406,0.400448,0.594785,0.655526,1495.56065,0.058843,0.023996,0.02477,0,0.0,19
1900-01-01 12:29:16.855,0.402018,0.595975,0.656136,1494.932767,0.060914,0.025212,0.024475,0,0.0,19
1900-01-01 12:29:18.257,0.400081,0.592937,0.653492,1492.952625,0.061562,0.028696,0.029435,0,0.0,19
1900-01-01 12:29:19.706,0.401761,0.595826,0.656219,1492.752697,0.061698,0.027073,0.027239,0,0.0,19
1900-01-01 12:29:21.106,0.401027,0.594421,0.654843,1494.221674,0.061087,0.028632,0.028343,0,0.0,19
1900-01-01 12:29:22.609,0.401335,0.594993,0.654859,1492.65216,0.0598,0.02649,0.026829,0,0.0,19
1900-01-01 12:29:24.055,0.400474,0.594169,0.653674,1492.909577,0.060979,0.026682,0.027962,0,0.0,19
1900-01-01 12:29:25.505,0.400537,0.59427,0.654718,1492.514124,0.059932,0.026012,0.02504,0,0.0,19
1900-01-01 12:29:26.954,0.402424,0.597098,0.657392,1493.927332,0.061055,0.024848,0.025468,0,0.0,19
1900-01-01 12:29:28.409,0.40155,0.596396,0.656687,1495.457708,0.060386,0.026175,0.027539,0,0.0,19
1900-01-01 12:29:29.855,0.401262,0.59484,0.655332,1494.882232,0.059104,0.026449,0.027807,0,0.0,19
1900-01-01 12:29:31.358,0.400577,0.594406,0.654804,1493.630882,0.06009,0.025833,0.026403,0,0.0,19
1900-01-01 12:29:32.809,0.400886,0.594886,0.654493,1493.006983,0.060591,0.02672,0.026143,0,0.0,19
1900-01-01 12:29:34.255,0.401694,0.595715,0.655478,1494.119254,0.059108,0.027595,0.026944,0,0.0,19
1900-01-01 12:29:35.705,0.4028,0.597521,0.657563,1495.788477,0.061415,0.025993,0.026041,0,0.0,19
1900-01-01 12:29:37.154,0.401108,0.595011,0.654526,1496.556431,0.058603,0.025844,0.026878,0,0.0,19
1900-01-01 12:29:38.604,0.400975,0.5952,0.654915,1493.330273,0.06071,0.027053,0.026361,0,0.0,19
1900-01-01 12:29:40.054,0.401584,0.595077,0.654173,1494.146423,0.061637,0.027369,0.02727,0,0.0,19
1900-01-01 12:29:41.508,0.401532,0.594764,0.654847,1492.02681,0.059141,0.026643,0.025699,0,0.0,19
1900-01-01 12:29:42.954,0.40055,0.594543,0.654245,1493.26172,0.061557,0.028244,0.028869,0,0.0,19
1900-01-01 12:29:44.457,0.400148,0.59239,0.652157,1492.037321,0.059329,0.026876,0.027268,0,0.0,19
1900-01-01 12:29:45.908,0.400629,0.593946,0.654005,1489.777128,0.060591,0.027215,0.027048,0,0.0,19
1900-01-01 12:29:47.407,0.401025,0.594887,0.654379,1491.914271,0.060336,0.026883,0.027337,0,0.0,19
1900-01-01 12:29:48.854,0.400994,0.594384,0.65414,1493.70655,0.060763,0.028259,0.027486,0,0.0,19
1900-01-01 12:29:50.303,0.400355,0.593764,0.653778,1490.907772,0.059238,0.024736,0.02544,0,0.0,19
1900-01-01 12:29:51.758,0.399526,0.592849,0.652513,1491.43635,0.059401,0.025525,0.026274,0,0.0,19
1900-01-01 12:29:53.204,0.401117,0.59484,0.654303,1489.812019,0.061288,0.026319,0.026891,0,0.0,19
1900-01-01 12:29:54.654,0.401026,0.595037,0.654528,1492.793761,0.061289,0.025651,0.026157,0,0.0,19
1900-01-01 12:29:56.103,0.400949,0.594083,0.654088,1492.664844,0.060497,0.026212,0.027148,0,0.0,19
1900-01-01 12:29:57.553,0.400776,0.594204,0.653451,1492.084914,0.062541,0.030315,0.029735,0,0.0,19
1900-01-01 12:29:59.002,0.400047,0.593703,0.653194,1491.717977,0.059555,0.026149,0.027439,0,0.0,19
1900-01-01 12:30:00.404,0.400182,0.593361,0.653,1491.133287,0.060231,0.025973,0.026821,0,0.0,19
1900-01-01 12:30:01.857,0.401921,0.595901,0.655617,1492.4169,0.059778,0.027347,0.028635,0,0.0,19
1900-01-01 12:30:03.303,0.400823,0.594368,0.654042,1492.736766,0.060445,0.027985,0.028059,0,0.0,19
1900-01-01 12:30:04.705,0.401366,0.595342,0.655621,1491.832774,0.058896,0.026661,0.026976,0,0.0,19
1900-01-01 12:30:06.153,0.401702,0.595554,0.654682,1492.262238,0.059216,0.027761,0.02635,0,0.0,19
1900-01-01 12:30:07.655,0.401076,0.594639,0.653866,1494.229046,0.059346,0.025479,0.025817,0,0.0,19
1900-01-01 12:30:09.154,0.400741,0.593987,0.653631,1492.052664,0.059079,0.025894,0.026019,0,0.0,19
1900-01-01 12:30:10.602,0.400575,0.593693,0.653927,1491.698935,0.060435,0.025881,0.024894,0,0.0,19
1900-01-01 12:30:12.052,0.400896,0.594114,0.653869,1491.629691,0.059873,0.025462,0.026118,0,0.0,19
1900-01-01 12:30:13.506,0.401369,0.5958,0.655233,1491.605266,0.058976,0.025604,0.026037,0,0.0,19
1900-01-01 12:30:14.905,0.401746,0.595421,0.655623,1493.833041,0.060948,0.026275,0.0262,0,0.0,19
1900-01-01 12:30:16.356,0.401439,0.595266,0.655354,1493.897305,0.059048,0.025292,0.026633,0,0.0,19
1900-01-01 12:30:17.855,0.401284,0.59474,0.653533,1492.832699,0.060018,0.026489,0.027701,0,0.0,19
1900-01-01 12:30:19.354,0.400618,0.593899,0.65368,1490.91721,0.059794,0.026466,0.026856,0,0.0,19
1900-01-01 12:30:20.802,0.400027,0.592954,0.653039,1492.447834,0.059427,0.027391,0.028249,0,0.0,19
1900-01-01 12:30:22.252,0.401164,0.59469,0.654091,1491.551653,0.060945,0.025601,0.025273,0,0.0,19
1900-01-01 12:30:23.702,0.402507,0.596022,0.655986,1492.979101,0.061524,0.026199,0.026552,0,0.0,19
1900-01-01 12:30:25.151,0.400851,0.594728,0.654393,1494.337315,0.060055,0.025547,0.025893,0,0.0,19
1900-01-01 12:30:26.601,0.399132,0.592314,0.652216,1493.557885,0.058723,0.02699,0.02805,0,0.0,19
1900-01-01 12:30:28.050,0.401159,0.593837,0.65405,1490.126852,0.060236,0.026213,0.026627,0,0.0,19
1900-01-01 12:30:29.505,0.400977,0.594209,0.654206,1490.658649,0.059844,0.026313,0.025769,0,0.0,19
1900-01-01 12:30:30.951,0.401977,0.594793,0.654703,1492.531349,0.059322,0.025693,0.024875,0,0.0,19
1900-01-01 12:30:32.401,0.400762,0.595055,0.654364,1493.791999,0.06127,0.026133,0.026532,0,0.0,19
1900-01-01 12:30:33.903,0.401391,0.594859,0.654686,1493.940256,0.0597,0.026034,0.026636,0,0.0,19
1900-01-01 12:30:35.404,0.40125,0.595456,0.655118,1492.296271,0.060641,0.026287,0.027495,0,0.0,19
1900-01-01 12:30:36.850,0.402057,0.596282,0.656183,1493.988831,0.061243,0.027003,0.026746,0,0.0,19
1900-01-01 12:30:38.353,0.400668,0.59362,0.653227,1492.147114,0.059601,0.026969,0.026985,0,0.0,19
1900-01-01 12:30:39.854,0.400005,0.593644,0.652682,1491.363361,0.060514,0.027361,0.028925,0,0.0,19
1900-01-01 12:30:41.300,0.400826,0.594557,0.654703,1491.846625,0.060831,0.027157,0.027561,0,0.0,19
1900-01-01 12:30:42.802,0.401174,0.594051,0.65416,1492.285993,0.059829,0.027548,0.027046,0,0.0,19
1900-01-01 12:30:44.250,0.401757,0.594604,0.654587,1491.158425,0.059593,0.027286,0.027801,0,0.0,19
1900-01-01 12:30:45.700,0.40091,0.593904,0.653793,1491.642697,0.059926,0.025255,0.024593,0,0.0,19
1900-01-01 12:30:47.202,0.400447,0.594006,0.653817,1492.213795,0.060563,0.027503,0.027276,0,0.0,19
1900-01-01 12:30:48.703,0.402261,0.595687,0.65524,1492.044983,0.059545,0.028131,0.028349,0,0.0,19
1900-01-01 12:30:50.202,0.401701,0.59489,0.654826,1493.870649,0.058791,0.026393,0.025719,0,0.0,19
1900-01-01 12:30:51.703,0.400631,0.592836,0.652425,1491.771706,0.059958,0.026366,0.025953,0,0.0,19
1900-01-01 12:30:53.202,0.400468,0.593503,0.652853,1490.719056,0.058775,0.025998,0.026296,0,0.0,19
1900-01-01 12:30:54.702,0.400252,0.5941,0.654063,1490.445786,0.060408,0.028234,0.028035,0,0.0,19
1900-01-01 12:30:56.202,0.399758,0.592847,0.652176,1490.791539,0.059959,0.025766,0.026116,0,0.0,19
1900-01-01 12:30:57.703,0.400939,0.593843,0.653906,1490.45558,0.060866,0.027134,0.027387,0,0.0,19
1900-01-01 12:30:59.150,0.401749,0.595625,0.655124,1492.370633,0.059738,0.02657,0.026529,0,0.0,19
1900-01-01 12:31:00.652,0.400209,0.592744,0.652881,1492.920075,0.060395,0.027125,0.026518,0,0.0,19
1900-01-01 12:31:02.153,0.400498,0.593584,0.653037,1490.402181,0.059159,0.025553,0.024782,0,0.0,19
1900-01-01 12:31:03.599,0.400663,0.593729,0.653165,1490.855407,0.060502,0.026739,0.027331,0,0.0,19
1900-01-01 12:31:05.049,0.400193,0.593929,0.653603,1491.499627,0.058628,0.025346,0.025457,0,0.0,19
1900-01-01 12:31:06.503,0.399546,0.593038,0.652781,1491.157781,0.060481,0.026301,0.026039,0,0.0,19
1900-01-01 12:31:07.950,0.400998,0.594624,0.654165,1491.578858,0.059303,0.026983,0.0259,0,0.0,19
1900-01-01 12:31:09.452,0.399514,0.593048,0.653407,1492.141598,0.059701,0.02718,0.028349,0,0.0,19
1900-01-01 12:31:10.898,0.400848,0.59427,0.653305,1491.390143,0.059738,0.026421,0.02619,0,0.0,19
1900-01-01 12:31:12.353,0.400789,0.593881,0.654016,1493.063039,0.060205,0.030492,0.02992,0,0.0,19
1900-01-01 12:31:13.852,0.401308,0.594372,0.654526,1491.873382,0.058721,0.02711,0.026663,0,0.0,19
1900-01-01 12:31:15.298,0.401425,0.594949,0.654436,1493.085648,0.058586,0.025465,0.025985,0,0.0,19
1900-01-01 12:31:16.801,0.40012,0.59392,0.653814,1491.855379,0.059359,0.025599,0.02562,0,0.0,19
1900-01-01 12:31:18.302,0.400596,0.594326,0.653814,1492.016712,0.060787,0.027668,0.028573,0,0.0,19
1900-01-01 12:31:19.801,0.40128,0.595013,0.653894,1492.688016,0.060045,0.028355,0.028393,0,0.0,19
1900-01-01 12:31:21.249,0.401372,0.594466,0.654581,1493.359538,0.059832,0.02767,0.0283,0,0.0,19
1900-01-01 12:31:22.698,0.400924,0.59384,0.653613,1491.62687,0.059391,0.025989,0.026087,0,0.0,19
1900-01-01 12:31:24.201,0.400944,0.59414,0.653526,1491.149569,0.060169,0.025784,0.025723,0,0.0,19
1900-01-01 12:31:25.700,0.402408,0.595889,0.655255,1492.971093,0.059604,0.028723,0.029745,0,0.0,19
1900-01-01 12:31:27.201,0.402167,0.595302,0.655032,1494.049012,0.059622,0.024747,0.024239,0,0.0,19
1900-01-01 12:31:28.700,0.40163,0.594806,0.654458,1492.222511,0.059813,0.026458,0.025852,0,0.0,19
1900-01-01 12:31:30.199,0.400597,0.594526,0.653999,1492.219366,0.05977,0.025672,0.02701,0,0.0,19
1900-01-01 12:31:31.700,0.402006,0.595795,0.655479,1492.421916,0.058468,0.025055,0.025521,0,0.0,19
1900-01-01 12:31:33.201,0.400862,0.593903,0.653361,1493.646949,0.058282,0.025416,0.026816,0,0.0,19
1900-01-01 12:31:34.647,0.401135,0.594002,0.653763,1492.061824,0.059711,0.027913,0.026918,0,0.0,19
1900-01-01 12:31:36.150,0.400724,0.594657,0.65459,1491.604424,0.060944,0.025812,0.026467,0,0.0,19
1900-01-01 12:31:37.649,0.400975,0.593696,0.653686,1492.722614,0.060881,0.02756,0.027725,0,0.0,19
1900-01-01 12:31:39.150,0.400498,0.593892,0.653839,1491.542405,0.060786,0.026105,0.025765,0,0.0,19
1900-01-01 12:31:40.596,0.401382,0.595015,0.654982,1492.335713,0.059275,0.026217,0.02664,0,0.0,19
1900-01-01 12:31:42.050,0.400264,0.59385,0.653754,1491.955472,0.06014,0.026985,0.026546,0,0.0,19
1900-01-01 12:31:43.497,0.401099,0.594718,0.654369,1491.663575,0.059945,0.027008,0.027432,0,0.0,19
1900-01-01 12:31:44.946,0.400967,0.594004,0.653391,1492.528183,0.060531,0.027493,0.026891,0,0.0,19
1900-01-01 12:31:46.396,0.402159,0.596449,0.656866,1491.675213,0.060549,0.026342,0.026909,0,0.0,19
1900-01-01 12:31:47.898,0.402202,0.596037,0.655836,1496.008871,0.058904,0.025216,0.026029,0,0.0,19
1900-01-01 12:31:49.346,0.401234,0.593657,0.653553,1493.349769,0.061054,0.024936,0.025658,0,0.0,19
1900-01-01 12:31:50.897,0.400183,0.593588,0.653766,1492.433903,0.060453,0.02748,0.027457,0,0.0,19
1900-01-01 12:31:52.346,0.400674,0.593877,0.653892,1491.418624,0.061118,0.025206,0.024984,0,0.0,19
1900-01-01 12:31:53.796,0.401384,0.594932,0.654636,1493.288003,0.059196,0.025871,0.026736,0,0.0,19
1900-01-01 12:31:55.346,0.400994,0.5938,0.653289,1492.085018,0.060258,0.02652,0.026521,0,0.0,19
1900-01-01 12:31:56.796,0.400577,0.593306,0.652856,1490.774522,0.060516,0.026535,0.026977,0,0.0,19
1900-01-01 12:31:58.298,0.401947,0.59503,0.655462,1491.441596,0.059493,0.026459,0.026739,0,0.0,19
1900-01-01 12:31:59.799,0.39997,0.593249,0.653447,1492.500444,0.059995,0.026707,0.026806,0,0.0,19
1900-01-01 12:32:01.298,0.401147,0.594186,0.653698,1491.659502,0.059477,0.027857,0.029193,0,0.0,19
1900-01-01 12:32:02.799,0.399627,0.592378,0.652119,1490.219997,0.060651,0.024764,0.025396,0,0.0,19
1900-01-01 12:32:04.246,0.401433,0.595208,0.65447,1491.604925,0.061069,0.026683,0.026762,0,0.0,19
1900-01-01 12:32:05.695,0.40233,0.596402,0.656029,1492.414298,0.059288,0.027144,0.02705,0,0.0,19
1900-01-01 12:32:07.198,0.400672,0.593575,0.653257,1494.465306,0.059465,0.026849,0.026651,0,0.0,19
1900-01-01 12:32:08.646,0.400919,0.593878,0.654079,1492.125482,0.060321,0.027137,0.026349,0,0.0,19
1900-01-01 12:32:10.095,0.400764,0.594029,0.653949,1490.732065,0.0597,0.026638,0.026319,0,0.0,19
1900-01-01 12:32:11.598,0.4002,0.593791,0.653398,1493.599513,0.058832,0.026046,0.026287,0,0.0,19
1900-01-01 12:32:13.097,0.400482,0.592638,0.652307,1491.127946,0.059267,0.026217,0.026547,0,0.0,19
1900-01-01 12:32:14.598,0.401855,0.59533,0.654855,1490.728857,0.058704,0.026927,0.027685,0,0.0,19
1900-01-01 12:32:16.097,0.400821,0.594446,0.654691,1492.20993,0.05944,0.026477,0.026548,0,0.0,19
1900-01-01 12:32:17.598,0.3999,0.593931,0.65352,1492.233449,0.05927,0.025085,0.026094,0,0.0,19
1900-01-01 12:32:19.145,0.402502,0.595661,0.65524,1493.275726,0.060221,0.026841,0.026734,0,0.0,19
1900-01-01 12:32:20.647,0.401789,0.595932,0.655022,1493.381511,0.058429,0.025576,0.026072,0,0.0,19
1900-01-01 12:32:22.146,0.400863,0.594915,0.654538,1494.235504,0.059819,0.028668,0.028586,0,0.0,19
1900-01-01 12:32:23.647,0.401838,0.594592,0.654353,1493.574704,0.059966,0.027017,0.026065,0,0.0,19
1900-01-01 12:32:25.146,0.400702,0.593857,0.654121,1492.650272,0.059829,0.026132,0.026529,0,0.0,19
1900-01-01 12:32:26.647,0.402058,0.595169,0.655259,1493.009304,0.059968,0.025127,0.02495,0,0.0,19
1900-01-01 12:32:28.146,0.400436,0.593959,0.653183,1493.637897,0.060002,0.028087,0.027937,0,0.0,19
1900-01-01 12:32:29.646,0.400927,0.59485,0.654467,1491.863372,0.058572,0.025646,0.026214,0,0.0,19
1900-01-01 12:32:31.146,0.400714,0.593964,0.653193,1492.124258,0.060132,0.027813,0.027772,0,0.0,19
1900-01-01 12:32:32.647,0.401285,0.595599,0.654989,1492.148639,0.059554,0.027146,0.027399,0,0.0,19
1900-01-01 12:32:34.146,0.401928,0.594509,0.654373,1493.35482,0.061083,0.026156,0.025893,0,0.0,19
1900-01-01 12:32:35.593,0.400479,0.593749,0.653315,1492.605233,0.058489,0.025644,0.025843,0,0.0,19
1900-01-01 12:32:37.095,0.401202,0.594027,0.654423,1491.802584,0.058958,0.026782,0.026056,0,0.0,19
1900-01-01 12:32:38.644,0.401085,0.594608,0.654312,1492.277475,0.059126,0.026583,0.026601,0,0.0,19
1900-01-01 12:32:40.194,0.401313,0.595084,0.654154,1493.462959,0.059568,0.025407,0.025672,0,0.0,19
1900-01-01 12:32:41.695,0.400351,0.593619,0.653459,1491.756,0.059512,0.026787,0.027249,0,0.0,19
1900-01-01 12:32:43.196,0.401915,0.595337,0.654622,1492.158063,0.059547,0.025189,0.025072,0,0.0,19
1900-01-01 12:32:44.695,0.400044,0.592995,0.652013,1491.911126,0.059678,0.026102,0.026907,0,0.0,19
1900-01-01 12:32:46.244,0.400566,0.593896,0.653571,1491.522619,0.060436,0.026877,0.026916,0,0.0,19
1900-01-01 12:32:47.745,0.40217,0.595547,0.655222,1492.092099,0.059528,0.027615,0.027741,0,0.0,19
1900-01-01 12:32:49.246,0.400491,0.593319,0.653912,1492.139216,0.06026,0.028076,0.028714,0,0.0,19
1900-01-01 12:32:50.745,0.400524,0.593738,0.653809,1491.17827,0.059852,0.025016,0.025605,0,0.0,19
1900-01-01 12:32:52.244,0.400145,0.594284,0.653962,1492.398648,0.061118,0.028122,0.028501,0,0.0,19
1900-01-01 12:32:53.692,0.400861,0.593962,0.653458,1491.988727,0.059764,0.025535,0.026025,0,0.0,19
1900-01-01 12:32:55.194,0.399674,0.592803,0.652282,1491.281506,0.058952,0.025612,0.026111,0,0.0,19
1900-01-01 12:32:56.695,0.401799,0.595103,0.653722,1491.771706,0.059297,0.027687,0.028054,0,0.0,19
1900-01-01 12:32:58.194,0.400447,0.594943,0.654587,1492.106135,0.060161,0.023977,0.024707,0,0.0,19
1900-01-01 12:32:59.742,0.401104,0.59457,0.65431,1492.939225,0.05982,0.028031,0.026945,0,0.0,19
1900-01-01 12:33:01.244,0.40087,0.595352,0.655157,1493.139806,0.060226,0.026723,0.027645,0,0.0,19
1900-01-01 12:33:02.745,0.400729,0.594777,0.654702,1494.074141,0.059657,0.027303,0.027241,0,0.0,19
1900-01-01 12:33:04.244,0.399855,0.592967,0.653183,1492.914477,0.058194,0.025898,0.025616,0,0.0,19
1900-01-01 12:33:05.745,0.401215,0.594466,0.653478,1491.887927,0.059765,0.026276,0.026956,0,0.0,19
1900-01-01 12:33:07.244,0.40011,0.593437,0.652699,1490.558646,0.05993,0.027274,0.028528,0,0.0,19
1900-01-01 12:33:08.745,0.401082,0.595508,0.654573,1491.554969,0.060837,0.026105,0.02706,0,0.0,19
1900-01-01 12:33:10.244,0.400604,0.594151,0.654066,1492.647127,0.060125,0.025452,0.026046,0,0.0,19
1900-01-01 12:33:11.745,0.399473,0.593147,0.652945,1491.646061,0.058073,0.027049,0.028747,0,0.0,19
1900-01-01 12:33:13.244,0.400394,0.594291,0.653704,1492.275981,0.059074,0.026845,0.027739,0,0.0,19
1900-01-01 12:33:14.793,0.400946,0.595544,0.654757,1494.700321,0.059753,0.024561,0.024799,0,0.0,19
1900-01-01 12:33:16.294,0.400809,0.594644,0.654212,1493.825993,0.059442,0.025532,0.025653,0,0.0,19
1900-01-01 12:33:17.793,0.400422,0.595069,0.654336,1492.640836,0.058753,0.025856,0.025912,0,0.0,19
1900-01-01 12:33:19.294,0.40039,0.593126,0.653337,1492.798849,0.060555,0.026049,0.026325,0,0.0,19
1900-01-01 12:33:20.793,0.400587,0.594607,0.653962,1492.609383,0.0595,0.026686,0.026807,0,0.0,19
1900-01-01 12:33:22.292,0.401399,0.595321,0.655114,1492.57793,0.060886,0.027412,0.027977,0,0.0,19
1900-01-01 12:33:23.793,0.401649,0.595438,0.655351,1493.964202,0.059565,0.025887,0.025388,0,0.0,19
1900-01-01 12:33:25.340,0.400123,0.593567,0.653612,1493.199533,0.058841,0.026094,0.027412,0,0.0,19
1900-01-01 12:33:26.842,0.400601,0.593345,0.652783,1491.07747,0.059917,0.025082,0.026245,0,0.0,19
1900-01-01 12:33:28.342,0.401753,0.594653,0.654669,1490.112606,0.060284,0.025969,0.026393,0,0.0,19
1900-01-01 12:33:29.890,0.400321,0.594729,0.654826,1493.027552,0.059824,0.027217,0.026667,0,0.0,19
1900-01-01 12:33:31.393,0.399788,0.593564,0.653814,1493.483446,0.059287,0.025655,0.026719,0,0.0,19
1900-01-01 12:33:32.892,0.401361,0.595213,0.654734,1494.675847,0.059592,0.026157,0.026335,0,0.0,19
1900-01-01 12:33:34.393,0.400516,0.594697,0.654041,1493.860545,0.060244,0.026707,0.026538,0,0.0,19
1900-01-01 12:33:35.892,0.400044,0.593692,0.653404,1492.414374,0.060011,0.024637,0.024286,0,0.0,19
1900-01-01 12:33:37.393,0.400739,0.59405,0.653643,1493.103537,0.059374,0.025566,0.026952,0,0.0,19
1900-01-01 12:33:38.940,0.40069,0.594195,0.653381,1490.858891,0.059279,0.024897,0.023945,0,0.0,19
1900-01-01 12:33:40.490,0.400293,0.593525,0.652726,1491.756503,0.058782,0.025885,0.025716,0,0.0,19
1900-01-01 12:33:41.991,0.400439,0.594295,0.653184,1491.143484,0.060505,0.029052,0.029107,0,0.0,19
1900-01-01 12:33:43.492,0.401722,0.595267,0.655038,1493.483612,0.060285,0.025808,0.026417,0,0.0,19
1900-01-01 12:33:45.041,0.401058,0.594161,0.654057,1493.504117,0.059386,0.026583,0.026429,0,0.0,19
1900-01-01 12:33:46.542,0.400687,0.594886,0.65423,1492.12351,0.060856,0.02759,0.028055,0,0.0,19
1900-01-01 12:33:48.089,0.39996,0.593275,0.652644,1492.64485,0.05934,0.025019,0.025021,0,0.0,19
1900-01-01 12:33:49.591,0.400041,0.593604,0.653126,1491.275228,0.061385,0.02523,0.026219,0,0.0,19
1900-01-01 12:33:51.140,0.3996,0.593385,0.652812,1491.592626,0.059022,0.027194,0.027092,0,0.0,19
1900-01-01 12:33:52.641,0.400998,0.594924,0.654745,1492.070111,0.059374,0.025836,0.027314,0,0.0,19
1900-01-01 12:33:54.190,0.400265,0.593273,0.652728,1491.808734,0.060056,0.024725,0.026043,0,0.0,19
1900-01-01 12:33:55.690,0.400199,0.59332,0.653419,1492.058251,0.059411,0.026321,0.025079,0,0.0,19
1900-01-01 12:33:57.191,0.400575,0.594823,0.654408,1491.906774,0.060864,0.027639,0.027844,0,0.0,19
1900-01-01 12:33:58.740,0.400929,0.594493,0.654419,1493.327578,0.060918,0.026409,0.026805,0,0.0,19
1900-01-01 12:34:00.241,0.399799,0.593018,0.65281,1493.772594,0.060147,0.028071,0.028426,0,0.0,19
1900-01-01 12:34:01.788,0.401429,0.595634,0.655204,1492.39189,0.059558,0.027141,0.027289,0,0.0,19
1900-01-01 12:34:03.290,0.400517,0.593779,0.653395,1492.64698,0.058433,0.027176,0.027879,0,0.0,19
1900-01-01 12:34:04.790,0.400507,0.59424,0.654167,1492.444865,0.059407,0.025303,0.025613,0,0.0,19
1900-01-01 12:34:06.290,0.402054,0.596047,0.655073,1493.189805,0.060462,0.026579,0.026655,0,0.0,19
1900-01-01 12:34:07.790,0.400262,0.5943,0.654056,1493.658142,0.060542,0.02626,0.02684,0,0.0,19
1900-01-01 12:34:09.338,0.400847,0.595295,0.654737,1494.367678,0.058683,0.026555,0.026519,0,0.0,19
1900-01-01 12:34:10.841,0.401056,0.594766,0.654969,1494.336692,0.06172,0.029903,0.029797,0,0.0,19
1900-01-01 12:34:12.388,0.401494,0.5945,0.654806,1493.592688,0.059783,0.028114,0.027824,0,0.0,19
1900-01-01 12:34:13.938,0.401469,0.594999,0.654285,1493.678928,0.060505,0.026009,0.025986,0,0.0,19
1900-01-01 12:34:15.487,0.401275,0.59433,0.654205,1492.895362,0.059257,0.026153,0.026049,0,0.0,19
1900-01-01 12:34:16.990,0.401978,0.596125,0.655189,1492.809006,0.060166,0.02722,0.027866,0,0.0,19
1900-01-01 12:34:18.537,0.39999,0.594395,0.654539,1495.201879,0.060751,0.024763,0.025604,0,0.0,19
1900-01-01 12:34:20.087,0.400036,0.593783,0.653366,1494.269039,0.059546,0.02739,0.02679,0,0.0,19
1900-01-01 12:34:21.638,0.402116,0.596249,0.655348,1492.759167,0.060596,0.026522,0.026889,0,0.0,19
1900-01-01 12:34:23.140,0.401157,0.59516,0.654765,1496.128153,0.059926,0.028366,0.028885,0,0.0,19
1900-01-01 12:34:24.687,0.401243,0.595013,0.65464,1493.059338,0.060191,0.025734,0.025918,0,0.0,19
1900-01-01 12:34:26.190,0.400773,0.595199,0.654437,1495.349921,0.061761,0.027006,0.027933,0,0.0,19
1900-01-01 12:34:27.689,0.399921,0.59337,0.652883,1493.747982,0.059938,0.025409,0.025669,0,0.0,19
1900-01-01 12:34:29.188,0.399609,0.593006,0.652613,1491.650066,0.059039,0.029273,0.028844,0,0.0,19
1900-01-01 12:34:30.737,0.402275,0.594567,0.653221,1491.257811,0.058678,0.027063,0.027536,0,0.0,19
1900-01-01 12:34:32.287,0.401692,0.594433,0.653419,1487.680475,0.060371,0.027805,0.029349,0,0.0,19
1900-01-01 12:34:33.838,0.402278,0.594333,0.653446,1489.126546,0.060449,0.027202,0.027318,0,0.0,19
1900-01-01 12:34:35.386,0.402699,0.595495,0.654511,1488.166548,0.059613,0.026783,0.026772,0,0.0,19
1900-01-01 12:34:36.889,0.401266,0.593449,0.652548,1489.098016,0.060215,0.025267,0.025365,0,0.0,19
1900-01-01 12:34:38.489,0.401973,0.595139,0.654419,1488.078952,0.058948,0.023815,0.024451,0,0.0,19
1900-01-01 12:34:40.036,0.401423,0.594045,0.653903,1488.030616,0.060229,0.025216,0.025996,0,0.0,19
1900-01-01 12:34:41.586,0.402569,0.59528,0.65464,1490.907837,0.059977,0.027683,0.027764,0,0.0,19
1900-01-01 12:34:43.087,0.40168,0.594123,0.653441,1489.506964,0.060929,0.025471,0.025708,0,0.0,19
1900-01-01 12:34:44.636,0.402237,0.594798,0.654336,1489.069336,0.05958,0.027704,0.028167,0,0.0,19
1900-01-01 12:34:46.186,0.400947,0.594311,0.653408,1490.159552,0.060161,0.02706,0.026727,0,0.0,19
1900-01-01 12:34:47.790,0.400789,0.595045,0.653912,1493.762236,0.059361,0.025579,0.026301,0,0.0,19
1900-01-01 12:34:49.337,0.400975,0.59502,0.654485,1494.391188,0.059185,0.026011,0.026727,0,0.0,19
1900-01-01 12:34:50.838,0.400131,0.593826,0.653557,1494.265748,0.060862,0.027028,0.027908,0,0.0,19
1900-01-01 12:34:52.386,0.400528,0.594369,0.653924,1492.50673,0.060096,0.028644,0.028361,0,0.0,19
1900-01-01 12:34:53.935,0.399736,0.593056,0.65245,1491.948748,0.061692,0.025302,0.025667,0,0.0,19
1900-01-01 12:34:55.538,0.400932,0.59489,0.654815,1491.902153,0.06021,0.027655,0.027066,0,0.0,19
1900-01-01 12:34:57.086,0.402115,0.595339,0.655022,1494.038738,0.061018,0.025331,0.025521,0,0.0,19
1900-01-01 12:34:58.634,0.400735,0.595187,0.654209,1494.239757,0.059734,0.024791,0.025512,0,0.0,19
1900-01-01 12:35:00.185,0.40022,0.593988,0.653428,1492.564617,0.059534,0.024644,0.024806,0,0.0,19
1900-01-01 12:35:01.735,0.400635,0.594105,0.653159,1492.398325,0.059981,0.026754,0.027156,0,0.0,19
1900-01-01 12:35:03.284,0.399099,0.591869,0.652129,1491.909179,0.060125,0.025195,0.025438,0,0.0,19
1900-01-01 12:35:04.834,0.399914,0.593522,0.653307,1491.56791,0.058961,0.02465,0.025266,0,0.0,19
1900-01-01 12:35:06.385,0.401002,0.59475,0.654376,1491.543227,0.059836,0.025431,0.025114,0,0.0,19
1900-01-01 12:35:07.935,0.401384,0.596063,0.655648,1494.141283,0.061047,0.027429,0.028574,0,0.0,19
1900-01-01 12:35:09.486,0.400616,0.595041,0.654803,1495.081613,0.060017,0.026668,0.026791,0,0.0,19
1900-01-01 12:35:11.034,0.401474,0.595611,0.654713,1494.212345,0.058421,0.025073,0.025327,0,0.0,19
1900-01-01 12:35:12.583,0.400153,0.594476,0.653677,1493.890676,0.060748,0.027728,0.027656,0,0.0,19
1900-01-01 12:35:14.186,0.401089,0.594867,0.654821,1494.346324,0.060653,0.027436,0.026855,0,0.0,19
1900-01-01 12:35:15.735,0.401227,0.595079,0.655107,1494.511607,0.060274,0.02594,0.026645,0,0.0,19
1900-01-01 12:35:17.284,0.401654,0.595188,0.654715,1493.686744,0.059471,0.02617,0.026247,0,0.0,19
1900-01-01 12:35:18.882,0.401299,0.594625,0.654403,1494.445301,0.059271,0.026915,0.027842,0,0.0,19
1900-01-01 12:35:20.433,0.400359,0.593406,0.653257,1492.367026,0.059523,0.025722,0.026485,0,0.0,19
1900-01-01 12:35:21.935,0.402072,0.595708,0.655585,1491.190475,0.060287,0.025456,0.026167,0,0.0,19
1900-01-01 12:35:23.484,0.401739,0.595374,0.654905,1493.424979,0.058912,0.027585,0.027699,0,0.0,19
1900-01-01 12:35:25.034,0.402031,0.595239,0.654682,1492.89414,0.060271,0.026622,0.02655,0,0.0,19
1900-01-01 12:35:26.583,0.400882,0.594449,0.653802,1492.511846,0.059468,0.027567,0.028345,0,0.0,19
1900-01-01 12:35:28.137,0.40041,0.593378,0.653573,1491.693881,0.059678,0.025842,0.02625,0,0.0,19
1900-01-01 12:35:29.634,0.400381,0.593629,0.653152,1492.510746,0.057757,0.027049,0.026257,0,0.0,19
1900-01-01 12:35:31.183,0.400383,0.593347,0.652533,1491.364343,0.060832,0.027341,0.02769,0,0.0,19
1900-01-01 12:35:32.686,0.400029,0.592803,0.653233,1490.936258,0.058654,0.025557,0.026482,0,0.0,19
1900-01-01 12:35:34.233,0.400771,0.593974,0.653476,1489.673332,0.059238,0.026784,0.026415,0,0.0,19
1900-01-01 12:35:35.735,0.401118,0.594597,0.653811,1492.025454,0.06043,0.026731,0.026317,0,0.0,19
1900-01-01 12:35:37.282,0.401314,0.594799,0.654943,1491.60558,0.0593,0.027471,0.027575,0,0.0,19
1900-01-01 12:35:38.833,0.400162,0.59305,0.652013,1492.178556,0.05882,0.027481,0.027438,0,0.0,19
1900-01-01 12:35:40.383,0.400496,0.592828,0.652767,1490.871336,0.059109,0.028499,0.028045,0,0.0,19
1900-01-01 12:35:41.932,0.400783,0.594428,0.65363,1491.385649,0.058267,0.026274,0.026785,0,0.0,19
1900-01-01 12:35:43.482,0.400337,0.593434,0.653147,1491.750419,0.059919,0.026967,0.027653,0,0.0,19
1900-01-01 12:35:45.033,0.39977,0.593544,0.653037,1490.500558,0.058107,0.026913,0.026673,0,0.0,19
1900-01-01 12:35:46.582,0.399916,0.593046,0.653114,1490.938214,0.058609,0.02679,0.027194,0,0.0,19
1900-01-01 12:35:48.084,0.401628,0.595135,0.654539,1491.523211,0.06033,0.027492,0.026728,0,0.0,19
1900-01-01 12:35:49.583,0.400706,0.594733,0.654998,1492.169041,0.059679,0.02612,0.025861,0,0.0,19
1900-01-01 12:35:51.132,0.400417,0.594615,0.653672,1494.161573,0.058699,0.026812,0.026721,0,0.0,19
1900-01-01 12:35:52.682,0.400517,0.594464,0.654024,1492.796802,0.060066,0.024503,0.02552,0,0.0,19
1900-01-01 12:35:54.231,0.400787,0.5945,0.654585,1492.003536,0.059819,0.026855,0.026572,0,0.0,19
1900-01-01 12:35:55.782,0.39978,0.592834,0.652919,1492.829084,0.059741,0.026165,0.026038,0,0.0,19
1900-01-01 12:35:57.332,0.399971,0.593048,0.652584,1490.390729,0.059683,0.027774,0.028562,0,0.0,19
1900-01-01 12:35:58.881,0.400926,0.595161,0.654128,1490.819507,0.058833,0.025737,0.026379,0,0.0,19
1900-01-01 12:36:00.431,0.401367,0.595155,0.654427,1491.616579,0.060568,0.026447,0.02652,0,0.0,19
1900-01-01 12:36:01.980,0.400882,0.595825,0.65532,1494.386812,0.060162,0.024555,0.025965,0,0.0,19
1900-01-01 12:36:03.530,0.40216,0.595907,0.655453,1494.056113,0.060136,0.028995,0.028696,0,0.0,19
1900-01-01 12:36:05.081,0.400467,0.593819,0.653665,1493.582967,0.061448,0.027251,0.028077,0,0.0,19
1900-01-01 12:36:06.631,0.401113,0.594315,0.654694,1491.577036,0.05994,0.026687,0.026524,0,0.0,19
1900-01-01 12:36:08.182,0.401283,0.594073,0.653997,1492.90812,0.061166,0.028514,0.028019,0,0.0,19
1900-01-01 12:36:09.730,0.400257,0.594481,0.653965,1493.051918,0.059822,0.024563,0.025593,0,0.0,19
1900-01-01 12:36:11.281,0.401489,0.595444,0.655176,1493.798796,0.060043,0.027296,0.027159,0,0.0,19
1900-01-01 12:36:12.830,0.401339,0.594957,0.654342,1493.373235,0.05911,0.027549,0.028132,0,0.0,19
1900-01-01 12:36:14.380,0.401164,0.595036,0.654611,1492.063726,0.060219,0.026343,0.027054,0,0.0,19
1900-01-01 12:36:15.983,0.401138,0.595027,0.654815,1493.566895,0.059588,0.024867,0.025628,0,0.0,19
1900-01-01 12:36:17.578,0.401326,0.594937,0.654793,1494.561149,0.060213,0.029058,0.029524,0,0.0,19
1900-01-01 12:36:19.182,0.401496,0.595133,0.654932,1494.28839,0.059583,0.02592,0.026206,0,0.0,19
1900-01-01 12:36:20.730,0.400704,0.593681,0.65374,1492.244796,0.059766,0.028512,0.028918,0,0.0,19
1900-01-01 12:36:22.281,0.401141,0.594333,0.6545,1493.379297,0.061056,0.026229,0.02731,0,0.0,19
1900-01-01 12:36:23.882,0.400953,0.59453,0.654604,1492.995841,0.059731,0.024916,0.025435,0,0.0,19
1900-01-01 12:36:25.430,0.400548,0.593616,0.653271,1492.360534,0.059093,0.0266,0.027417,0,0.0,19
1900-01-01 12:36:26.980,0.39885,0.592411,0.651647,1492.218858,0.059444,0.026071,0.025532,0,0.0,19
1900-01-01 12:36:28.530,0.401397,0.594681,0.654741,1491.887301,0.060734,0.025824,0.025341,0,0.0,19
1900-01-01 12:36:30.079,0.401214,0.594761,0.654597,1493.70805,0.059993,0.02426,0.024619,0,0.0,19
1900-01-01 12:36:31.628,0.401299,0.595042,0.654846,1493.829801,0.059982,0.025401,0.024887,0,0.0,19
1900-01-01 12:36:33.178,0.400991,0.594704,0.654801,1493.891855,0.059085,0.026489,0.026363,0,0.0,19
1900-01-01 12:36:34.729,0.40128,0.595085,0.654281,1491.734737,0.059451,0.025541,0.027138,0,0.0,19
1900-01-01 12:36:36.279,0.400879,0.593702,0.653105,1491.686541,0.059802,0.025288,0.025516,0,0.0,19
1900-01-01 12:36:37.828,0.401336,0.594181,0.654443,1490.7008,0.057872,0.026409,0.02652,0,0.0,19
1900-01-01 12:36:39.378,0.401367,0.594115,0.65416,1492.568667,0.060756,0.026899,0.027333,0,0.0,19
1900-01-01 12:36:40.929,0.401327,0.595196,0.654459,1491.996165,0.061308,0.02705,0.028122,0,0.0,19
1900-01-01 12:36:42.479,0.400181,0.593007,0.652376,1491.695667,0.059626,0.026075,0.027064,0,0.0,19
1900-01-01 12:36:43.980,0.401754,0.595008,0.654524,1490.813667,0.059694,0.026382,0.026964,0,0.0,19
1900-01-01 12:36:45.527,0.399709,0.592688,0.652621,1491.590342,0.058728,0.026058,0.025489,0,0.0,19
1900-01-01 12:36:47.130,0.400061,0.59376,0.65399,1491.143313,0.060561,0.027412,0.028592,0,0.0,19
1900-01-01 12:36:48.730,0.400427,0.594699,0.654177,1491.662207,0.060594,0.026385,0.027511,0,0.0,19
1900-01-01 12:36:50.230,0.398838,0.592042,0.651864,1491.957668,0.060278,0.026759,0.027116,0,0.0,19
1900-01-01 12:36:51.826,0.400754,0.59475,0.654611,1492.006541,0.059967,0.025901,0.026602,0,0.0,19
1900-01-01 12:36:53.430,0.400782,0.594266,0.653339,1493.615266,0.058709,0.025967,0.026195,0,0.0,19
1900-01-01 12:36:55.026,0.398695,0.592342,0.652142,1491.613641,0.060919,0.026027,0.026455,0,0.0,19
1900-01-01 12:36:56.630,0.400936,0.59514,0.654571,1491.540045,0.061057,0.026205,0.026678,0,0.0,19
1900-01-01 12:36:58.226,0.400304,0.593323,0.652919,1491.318227,0.059563,0.024873,0.025544,0,0.0,19
1900-01-01 12:36:59.830,0.400612,0.594838,0.654273,1492.351321,0.059547,0.02868,0.028597,0,0.0,19
1900-01-01 12:37:01.378,0.401176,0.595078,0.654256,1494.979872,0.05934,0.027022,0.026543,0,0.0,19
1900-01-01 12:37:02.980,0.40081,0.594066,0.653672,1492.882759,0.05866,0.026008,0.026583,0,0.0,19
1900-01-01 12:37:04.580,0.401018,0.594437,0.653264,1492.304599,0.059993,0.031672,0.032164,0,0.0,19
1900-01-01 12:37:06.127,0.400595,0.594035,0.653274,1492.315697,0.061217,0.027228,0.028456,0,0.0,19
1900-01-01 12:37:07.730,0.399727,0.592361,0.652494,1490.822718,0.060324,0.027389,0.026735,0,0.0,19
1900-01-01 12:37:09.329,0.401227,0.594921,0.654836,1492.364386,0.059474,0.027043,0.027222,0,0.0,19
1900-01-01 12:37:10.876,0.40014,0.594378,0.653203,1493.370205,0.061388,0.027178,0.027201,0,0.0,19
1900-01-01 12:37:12.426,0.40094,0.594921,0.653396,1492.446994,0.058026,0.025701,0.026421,0,0.0,19
1900-01-01 12:37:13.977,0.400511,0.594133,0.652759,1492.479501,0.059534,0.026416,0.027483,0,0.0,19
1900-01-01 12:37:15.526,0.399631,0.59293,0.652468,1492.094849,0.058893,0.026916,0.02731,0,0.0,19
1900-01-01 12:37:17.076,0.400117,0.593834,0.653289,1491.811255,0.058827,0.027817,0.028028,0,0.0,19
1900-01-01 12:37:18.626,0.400537,0.593603,0.652957,1492.279694,0.060111,0.026453,0.02645,0,0.0,19
1900-01-01 12:37:20.175,0.400421,0.594127,0.653393,1491.032571,0.060473,0.027416,0.028006,0,0.0,19
1900-01-01 12:37:21.726,0.400572,0.593416,0.652646,1490.637351,0.060264,0.027011,0.026984,0,0.0,19
1900-01-01 12:37:23.329,0.400267,0.593888,0.652964,1491.196255,0.058569,0.026997,0.02668,0,0.0,19
1900-01-01 12:37:24.977,0.401315,0.594256,0.653559,1491.663008,0.059778,0.025519,0.024916,0,0.0,19
1900-01-01 12:37:26.526,0.401376,0.594391,0.653422,1492.374876,0.059922,0.025452,0.02535,0,0.0,19
1900-01-01 12:37:28.129,0.40084,0.594218,0.653411,1492.949235,0.059784,0.028493,0.029319,0,0.0,19
1900-01-01 12:37:29.729,0.400759,0.593407,0.653115,1491.261448,0.059623,0.027747,0.027146,0,0.0,19
1900-01-01 12:37:31.324,0.400286,0.593331,0.651954,1490.638546,0.05911,0.025764,0.026226,0,0.0,19
1900-01-01 12:37:32.927,0.399602,0.592551,0.652116,1490.481534,0.05815,0.026454,0.027565,0,0.0,19
1900-01-01 12:37:34.527,0.400361,0.593498,0.652949,1490.604322,0.059686,0.026605,0.027149,0,0.0,19
1900-01-01 12:37:36.074,0.400802,0.593421,0.653078,1491.511101,0.058935,0.025924,0.026203,0,0.0,19
1900-01-01 12:37:37.625,0.401422,0.595772,0.654678,1491.345637,0.060415,0.027641,0.027114,0,0.0,19
1900-01-01 12:37:39.175,0.400778,0.59463,0.654042,1493.164862,0.05981,0.026125,0.025872,0,0.0,19
1900-01-01 12:37:40.724,0.401204,0.594734,0.65315,1493.08712,0.059471,0.02576,0.02607,0,0.0,19
1900-01-01 12:37:42.274,0.400557,0.594145,0.654172,1492.310113,0.058126,0.026432,0.027047,0,0.0,19
1900-01-01 12:37:43.825,0.401195,0.595349,0.655306,1492.70749,0.059183,0.025746,0.02617,0,0.0,19
1900-01-01 12:37:45.426,0.39969,0.593081,0.652848,1494.197366,0.059228,0.02521,0.026324,0,0.0,19
1900-01-01 12:37:47.026,0.400654,0.593836,0.65296,1491.308596,0.059449,0.027782,0.028359,0,0.0,19
1900-01-01 12:37:48.626,0.40085,0.594329,0.653465,1491.788917,0.060278,0.027678,0.027605,0,0.0,19
1900-01-01 12:37:50.223,0.400322,0.593782,0.6531,1492.253905,0.059982,0.027768,0.028543,0,0.0,19
1900-01-01 12:37:51.826,0.400988,0.594575,0.654208,1492.566873,0.058932,0.026127,0.026263,0,0.0,19
1900-01-01 12:37:53.426,0.401891,0.595526,0.654999,1493.677787,0.059567,0.026011,0.025494,0,0.0,19
1900-01-01 12:37:55.026,0.400165,0.593741,0.653379,1494.818181,0.059046,0.02435,0.023811,0,0.0,19
1900-01-01 12:37:56.626,0.399781,0.593324,0.652013,1492.481405,0.059945,0.027826,0.029029,0,0.0,19
1900-01-01 12:37:58.226,0.400903,0.594243,0.653821,1491.184832,0.060139,0.029015,0.029361,0,0.0,19
1900-01-01 12:37:59.774,0.399626,0.592551,0.65263,1492.253933,0.059445,0.026449,0.026579,0,0.0,19
1900-01-01 12:38:01.324,0.400246,0.593817,0.653242,1490.500235,0.06037,0.026688,0.027072,0,0.0,19
1900-01-01 12:38:02.873,0.400631,0.593496,0.652266,1491.333905,0.059182,0.028001,0.027519,0,0.0,19
1900-01-01 12:38:04.476,0.398993,0.59261,0.652219,1492.210983,0.061392,0.025185,0.025859,0,0.0,19
1900-01-01 12:38:06.076,0.399853,0.593807,0.653465,1491.874373,0.059463,0.025519,0.025929,0,0.0,19
1900-01-01 12:38:07.676,0.400325,0.594253,0.653569,1492.490245,0.060246,0.026478,0.026992,0,0.0,19
1900-01-01 12:38:09.223,0.399766,0.592797,0.652989,1491.425765,0.060248,0.025697,0.026395,0,0.0,19
1900-01-01 12:38:10.822,0.399973,0.593519,0.652819,1491.043414,0.059905,0.027031,0.028526,0,0.0,19
1900-01-01 12:38:12.425,0.40162,0.596252,0.655021,1492.760995,0.059659,0.027535,0.027391,0,0.0,19
1900-01-01 12:38:14.022,0.40046,0.595123,0.654642,1494.970012,0.059755,0.025847,0.027292,0,0.0,19
1900-01-01 12:38:15.572,0.400341,0.594494,0.653923,1493.663719,0.05903,0.026073,0.026454,0,0.0,19
1900-01-01 12:38:17.175,0.401168,0.594467,0.653703,1492.940411,0.059869,0.027219,0.026509,0,0.0,19
1900-01-01 12:38:18.722,0.400394,0.5939,0.65385,1492.39189,0.059786,0.02704,0.027418,0,0.0,19
1900-01-01 12:38:20.326,0.400154,0.593647,0.653322,1492.886293,0.059507,0.026255,0.026497,0,0.0,19
1900-01-01 12:38:21.926,0.400621,0.59401,0.653506,1492.030551,0.059285,0.026328,0.026328,0,0.0,19
1900-01-01 12:38:23.526,0.400316,0.59383,0.653431,1492.089486,0.059057,0.025787,0.026089,0,0.0,19
1900-01-01 12:38:25.121,0.401079,0.594275,0.65367,1492.542206,0.060417,0.027163,0.027629,0,0.0,19
1900-01-01 12:38:26.724,0.401161,0.59467,0.654179,1493.099238,0.059556,0.025499,0.025666,0,0.0,19
1900-01-01 12:38:28.321,0.401341,0.594288,0.653814,1494.122705,0.06031,0.027049,0.027466,0,0.0,19
1900-01-01 12:38:29.871,0.400842,0.594548,0.653562,1491.808214,0.059903,0.026367,0.027235,0,0.0,19
1900-01-01 12:38:31.474,0.400519,0.594212,0.653571,1494.031611,0.060134,0.026711,0.025901,0,0.0,19
1900-01-01 12:38:33.074,0.400332,0.593639,0.653161,1493.571704,0.059033,0.027364,0.026262,0,0.0,19
1900-01-01 12:38:34.673,0.400846,0.59411,0.653147,1492.553096,0.060118,0.026147,0.026857,0,0.0,19
1900-01-01 12:38:36.274,0.400261,0.594205,0.653663,1492.17421,0.059934,0.027333,0.027534,0,0.0,19
1900-01-01 12:38:37.874,0.40048,0.593315,0.652845,1491.833118,0.059562,0.026253,0.026941,0,0.0,19
1900-01-01 12:38:39.474,0.400555,0.593748,0.653615,1492.855643,0.058869,0.02631,0.026751,0,0.0,19
1900-01-01 12:38:41.070,0.40059,0.594293,0.653264,1492.074487,0.059918,0.025282,0.025305,0,0.0,19
1900-01-01 12:38:42.673,0.400231,0.592915,0.652156,1492.266867,0.059885,0.026875,0.02745,0,0.0,19
1900-01-01 12:38:44.270,0.399937,0.593134,0.652991,1491.619162,0.058976,0.026861,0.028309,0,0.0,19
1900-01-01 12:38:45.873,0.400149,0.593016,0.651972,1491.472732,0.058634,0.025067,0.025684,0,0.0,19
1900-01-01 12:38:47.470,0.400562,0.593894,0.653325,1490.863376,0.060048,0.027589,0.027508,0,0.0,19
1900-01-01 12:38:49.073,0.400644,0.594051,0.653399,1492.343339,0.059444,0.026998,0.027238,0,0.0,19
1900-01-01 12:38:50.673,0.399718,0.592964,0.653086,1493.277029,0.059225,0.025614,0.027134,0,0.0,19
1900-01-01 12:38:52.321,0.400044,0.593329,0.652996,1492.166531,0.0591,0.025623,0.026535,0,0.0,19
1900-01-01 12:38:53.924,0.400254,0.593838,0.652545,1491.572734,0.059793,0.025319,0.026882,0,0.0,19
1900-01-01 12:38:55.519,0.399302,0.592764,0.652178,1491.271129,0.059088,0.026541,0.026855,0,0.0,19
1900-01-01 12:38:57.122,0.400264,0.593835,0.653199,1492.10804,0.060105,0.024156,0.025102,0,0.0,19
1900-01-01 12:38:58.719,0.401515,0.595363,0.654665,1493.597197,0.057722,0.025684,0.025764,0,0.0,19
1900-01-01 12:39:00.322,0.40104,0.594267,0.653371,1494.78751,0.059903,0.026924,0.026274,0,0.0,19
1900-01-01 12:39:01.922,0.400342,0.594227,0.653035,1492.360588,0.058372,0.026761,0.027534,0,0.0,19
1900-01-01 12:39:03.522,0.401868,0.595152,0.654614,1493.333017,0.061373,0.026807,0.026734,0,0.0,19
1900-01-01 12:39:05.122,0.400716,0.593823,0.653351,1493.33891,0.059986,0.027224,0.027181,0,0.0,19
1900-01-01 12:39:06.722,0.40132,0.594713,0.653976,1493.22104,0.058724,0.025896,0.026047,0,0.0,19
1900-01-01 12:39:08.322,0.400338,0.593886,0.653965,1493.736722,0.059354,0.025392,0.025489,0,0.0,19
1900-01-01 12:39:09.868,0.399952,0.592882,0.65298,1493.490674,0.059699,0.028607,0.029621,0,0.0,19
1900-01-01 12:39:11.471,0.400581,0.594477,0.654076,1493.184534,0.059741,0.027639,0.028757,0,0.0,19
1900-01-01 12:39:13.071,0.401329,0.594647,0.654235,1494.181682,0.058945,0.025811,0.026534,0,0.0,19
1900-01-01 12:39:14.671,0.400496,0.593974,0.653592,1493.109063,0.059049,0.025508,0.026236,0,0.0,19
1900-01-01 12:39:16.271,0.400184,0.593111,0.652857,1493.309443,0.059364,0.026382,0.027242,0,0.0,19
1900-01-01 12:39:17.871,0.400414,0.594283,0.653379,1491.34101,0.059481,0.026433,0.027194,0,0.0,19
1900-01-01 12:39:19.471,0.400421,0.593984,0.653758,1493.226934,0.059007,0.026635,0.026623,0,0.0,19
1900-01-01 12:39:21.119,0.40057,0.594683,0.653977,1492.489816,0.058733,0.026543,0.027818,0,0.0,19
1900-01-01 12:39:22.721,0.401029,0.594826,0.65405,1494.695694,0.059168,0.026501,0.026342,0,0.0,19
1900-01-01 12:39:24.321,0.400345,0.593731,0.653632,1494.108013,0.059391,0.025696,0.026411,0,0.0,19
1900-01-01 12:39:25.921,0.400637,0.594355,0.654091,1492.163155,0.059131,0.025075,0.025879,0,0.0,19
1900-01-01 12:39:27.521,0.400348,0.594102,0.653678,1493.029501,0.059433,0.026879,0.026824,0,0.0,19
1900-01-01 12:39:29.121,0.400621,0.593541,0.653299,1494.261245,0.060494,0.025105,0.025588,0,0.0,19
1900-01-01 12:39:30.769,0.400971,0.594511,0.654111,1493.013365,0.059273,0.025919,0.026045,0,0.0,19
1900-01-01 12:39:32.370,0.400733,0.594389,0.654088,1494.300438,0.059515,0.025831,0.025978,0,0.0,19
1900-01-01 12:39:34.018,0.400675,0.594262,0.654166,1493.697127,0.059526,0.026357,0.026963,0,0.0,19
1900-01-01 12:39:35.668,0.401221,0.594456,0.654277,1494.211061,0.061011,0.027528,0.026979,0,0.0,19
1900-01-01 12:39:37.266,0.401016,0.595101,0.654546,1494.005685,0.060202,0.025069,0.025856,0,0.0,19
1900-01-01 12:39:38.870,0.400527,0.594766,0.654622,1495.352455,0.059018,0.02523,0.025893,0,0.0,19
1900-01-01 12:39:40.470,0.401182,0.594709,0.654631,1494.561814,0.059888,0.026758,0.02646,0,0.0,19
1900-01-01 12:39:42.070,0.401287,0.594772,0.654775,1495.248408,0.058977,0.025284,0.025343,0,0.0,19
1900-01-01 12:39:43.718,0.400302,0.594313,0.653938,1493.780094,0.059646,0.026254,0.026464,0,0.0,19
1900-01-01 12:39:45.319,0.399861,0.593812,0.65391,1492.639506,0.059092,0.027025,0.02749,0,0.0,19
1900-01-01 12:39:46.967,0.399907,0.594055,0.653609,1493.679962,0.059028,0.026194,0.02679,0,0.0,19
1900-01-01 12:39:48.617,0.401431,0.595306,0.654923,1493.359538,0.06019,0.02595,0.025623,0,0.0,19
1900-01-01 12:39:50.215,0.401036,0.594566,0.654408,1495.318632,0.059106,0.024891,0.024826,0,0.0,19
1900-01-01 12:39:51.866,0.400974,0.594989,0.654669,1493.580857,0.060063,0.027052,0.027447,0,0.0,19
1900-01-01 12:39:53.470,0.400821,0.593932,0.653677,1493.324265,0.060745,0.027517,0.026998,0,0.0,19
1900-01-01 12:39:55.118,0.400146,0.594033,0.654055,1493.988942,0.0592,0.026645,0.02674,0,0.0,19
1900-01-01 12:39:56.767,0.400224,0.593331,0.653211,1494.035737,0.058263,0.025986,0.02584,0,0.0,19
1900-01-01 12:39:58.417,0.399076,0.592184,0.652022,1492.730897,0.06022,0.026937,0.027069,0,0.0,19
1900-01-01 12:40:00.018,0.40131,0.595137,0.654983,1493.172536,0.058171,0.025115,0.024439,0,0.0,19
1900-01-01 12:40:01.618,0.400476,0.593935,0.654361,1494.650216,0.05977,0.026787,0.026443,0,0.0,19
1900-01-01 12:40:03.218,0.400693,0.593928,0.653362,1493.182732,0.059096,0.025482,0.025179,0,0.0,19
1900-01-01 12:40:04.866,0.400857,0.594033,0.653637,1491.94624,0.059035,0.027586,0.027723,0,0.0,19
1900-01-01 12:40:06.468,0.400246,0.593148,0.652771,1493.877519,0.059721,0.026059,0.026502,0,0.0,19
1900-01-01 12:40:08.068,0.399978,0.592996,0.652604,1492.337014,0.058235,0.026745,0.026424,0,0.0,19
1900-01-01 12:40:09.668,0.400545,0.594191,0.654223,1492.88511,0.059813,0.025806,0.026097,0,0.0,19
1900-01-01 12:40:11.268,0.400217,0.592875,0.652834,1493.218093,0.059373,0.028754,0.027959,0,0.0,19
1900-01-01 12:40:12.868,0.400283,0.593639,0.653006,1492.272185,0.058552,0.027939,0.027699,0,0.0,19
1900-01-01 12:40:14.468,0.400191,0.593075,0.652007,1491.862586,0.060233,0.02831,0.028735,0,0.0,19
1900-01-01 12:40:16.068,0.399072,0.591887,0.650904,1490.456984,0.059328,0.026445,0.026844,0,0.0,19
1900-01-01 12:40:17.663,0.40021,0.593788,0.653301,1490.715402,0.059311,0.025123,0.025871,0,0.0,19
1900-01-01 12:40:19.266,0.400752,0.594114,0.653566,1492.166865,0.058432,0.026468,0.026338,0,0.0,19
1900-01-01 12:40:20.868,0.401101,0.595203,0.654911,1493.998185,0.059074,0.025229,0.024979,0,0.0,19
1900-01-01 12:40:22.468,0.400463,0.594489,0.654149,1495.062762,0.059203,0.026253,0.025514,0,0.0,19
1900-01-01 12:40:24.116,0.400646,0.594982,0.654033,1494.781419,0.05894,0.026331,0.027372,0,0.0,19
1900-01-01 12:40:25.766,0.400257,0.59388,0.652801,1493.496696,0.060031,0.027416,0.02796,0,0.0,19
1900-01-01 12:40:27.415,0.400587,0.594321,0.653801,1493.106499,0.060057,0.028904,0.02998,0,0.0,19
1900-01-01 12:40:29.017,0.400069,0.593876,0.65385,1493.118205,0.060514,0.027712,0.027204,0,0.0,19
1900-01-01 12:40:30.617,0.400742,0.594568,0.653827,1492.669997,0.059155,0.026169,0.025779,0,0.0,19
1900-01-01 12:40:32.265,0.400496,0.594412,0.65362,1494.684147,0.059643,0.026169,0.026462,0,0.0,19
1900-01-01 12:40:33.866,0.400071,0.593871,0.652923,1493.849866,0.059939,0.025853,0.02564,0,0.0,19
1900-01-01 12:40:35.466,0.401142,0.594703,0.654235,1493.306496,0.06034,0.027266,0.026777,0,0.0,19
1900-01-01 12:40:37.066,0.400171,0.593764,0.652501,1493.462674,0.060281,0.027049,0.027369,0,0.0,19
1900-01-01 12:40:38.666,0.400398,0.594119,0.653546,1493.389005,0.059288,0.026314,0.026411,0,0.0,19
1900-01-01 12:40:40.266,0.401205,0.594762,0.653592,1494.237671,0.059661,0.025653,0.026195,0,0.0,19
1900-01-01 12:40:41.866,0.400125,0.592671,0.652392,1492.88511,0.060022,0.02622,0.025609,0,0.0,19
1900-01-01 12:40:43.514,0.401267,0.5951,0.654022,1492.589948,0.057647,0.026027,0.026798,0,0.0,19
1900-01-01 12:40:45.116,0.401154,0.595157,0.654314,1493.530236,0.058671,0.027389,0.027669,0,0.0,19
1900-01-01 12:40:46.716,0.400161,0.59427,0.654017,1495.115804,0.05972,0.025663,0.025856,0,0.0,19
1900-01-01 12:40:48.364,0.399455,0.593224,0.652154,1493.711432,0.060005,0.025226,0.026293,0,0.0,19
1900-01-01 12:40:50.014,0.400951,0.594991,0.653731,1492.950921,0.058772,0.026975,0.025728,0,0.0,19
1900-01-01 12:40:51.663,0.399925,0.594003,0.653617,1493.463898,0.05955,0.025114,0.025999,0,0.0,19
1900-01-01 12:40:53.314,0.400217,0.593704,0.653138,1493.135363,0.05886,0.026092,0.025587,0,0.0,19
1900-01-01 12:40:54.916,0.401203,0.594803,0.654394,1494.760442,0.058935,0.027358,0.027376,0,0.0,19
1900-01-01 12:40:56.511,0.401978,0.595398,0.654505,1494.972032,0.059958,0.026826,0.02684,0,0.0,19
1900-01-01 12:40:58.114,0.399835,0.592653,0.652133,1493.943374,0.060926,0.026476,0.026522,0,0.0,19
1900-01-01 12:40:59.764,0.401237,0.593976,0.653152,1491.279307,0.059823,0.02759,0.026697,0,0.0,19
1900-01-01 12:41:01.364,0.400627,0.594037,0.653574,1494.214097,0.059163,0.025642,0.025703,0,0.0,19
1900-01-01 12:41:03.012,0.401022,0.594508,0.653576,1493.442505,0.058959,0.024665,0.025076,0,0.0,19
1900-01-01 12:41:04.663,0.401438,0.595183,0.654552,1494.140579,0.059747,0.027702,0.026776,0,0.0,19
1900-01-01 12:41:06.313,0.401558,0.594342,0.653859,1494.06533,0.059158,0.027293,0.02705,0,0.0,19
1900-01-01 12:41:08.015,0.40108,0.594181,0.652702,1491.132331,0.060707,0.027043,0.0278,0,0.0,19
1900-01-01 12:41:09.663,0.400098,0.592647,0.652087,1490.218239,0.060323,0.026146,0.026248,0,0.0,19
1900-01-01 12:41:11.313,0.400798,0.593728,0.653147,1491.856514,0.059548,0.026306,0.025708,0,0.0,19
1900-01-01 12:41:12.962,0.401093,0.593856,0.65301,1491.668325,0.060121,0.027269,0.027651,0,0.0,19
1900-01-01 12:41:14.612,0.401558,0.594224,0.653932,1491.762218,0.059411,0.024999,0.025077,0,0.0,19
1900-01-01 12:41:16.262,0.401485,0.595535,0.654377,1491.77079,0.060054,0.025934,0.026472,0,0.0,19
1900-01-01 12:41:17.863,0.400933,0.593507,0.652298,1492.294951,0.057859,0.025049,0.025816,0,0.0,19
1900-01-01 12:41:19.511,0.401401,0.594947,0.654066,1490.146716,0.058928,0.027128,0.027406,0,0.0,19
1900-01-01 12:41:21.162,0.401063,0.593713,0.653022,1491.798882,0.057844,0.024953,0.025619,0,0.0,19
1900-01-01 12:41:22.812,0.401278,0.594062,0.653793,1491.024993,0.060372,0.02615,0.026481,0,0.0,19
1900-01-01 12:41:24.462,0.400995,0.59353,0.652829,1490.127751,0.059518,0.026246,0.026086,0,0.0,19
1900-01-01 12:41:26.111,0.402462,0.596047,0.655439,1491.136516,0.059507,0.025336,0.026136,0,0.0,19
1900-01-01 12:41:27.761,0.401838,0.595538,0.654127,1494.102477,0.059719,0.028626,0.028808,0,0.0,19
1900-01-01 12:41:29.412,0.401508,0.594982,0.65463,1493.343831,0.060127,0.026924,0.026557,0,0.0,19
1900-01-01 12:41:31.062,0.40012,0.593712,0.653859,1494.196773,0.0594,0.025677,0.025495,0,0.0,19
1900-01-01 12:41:32.711,0.400851,0.594681,0.654308,1493.984271,0.058881,0.025372,0.025966,0,0.0,19
1900-01-01 12:41:34.361,0.399929,0.593947,0.653531,1493.453834,0.060105,0.026541,0.026824,0,0.0,19
1900-01-01 12:41:36.010,0.401166,0.594764,0.654626,1492.829157,0.058583,0.026249,0.026246,0,0.0,19
1900-01-01 12:41:37.660,0.401533,0.594943,0.654889,1493.54813,0.060108,0.026414,0.025854,0,0.0,19
1900-01-01 12:41:39.310,0.400912,0.595061,0.654461,1495.125448,0.058592,0.026627,0.02721,0,0.0,19
1900-01-01 12:41:40.908,0.400027,0.593646,0.653408,1493.338885,0.05973,0.024827,0.024852,0,0.0,19
1900-01-01 12:41:42.511,0.400031,0.593285,0.652929,1492.98453,0.059489,0.028419,0.029355,0,0.0,19
1900-01-01 12:41:44.161,0.400467,0.593957,0.653754,1493.951032,0.059749,0.026248,0.026636,0,0.0,19
1900-01-01 12:41:45.810,0.400539,0.593933,0.653751,1493.338094,0.060537,0.02713,0.02724,0,0.0,19
1900-01-01 12:41:47.460,0.400126,0.59339,0.652545,1493.316676,0.059686,0.025628,0.025981,0,0.0,19
1900-01-01 12:41:49.110,0.401313,0.595115,0.654071,1493.093794,0.057791,0.025573,0.026718,0,0.0,19
1900-01-01 12:41:50.759,0.400826,0.59477,0.653985,1494.184415,0.060837,0.025839,0.026291,0,0.0,19
1900-01-01 12:41:52.410,0.401041,0.594496,0.653956,1493.363821,0.059258,0.0263,0.026263,0,0.0,19
1900-01-01 12:41:54.060,0.400636,0.594873,0.653999,1495.531207,0.058966,0.026815,0.026618,0,0.0,19
1900-01-01 12:41:55.710,0.401078,0.594809,0.654149,1494.665397,0.060684,0.026234,0.025347,0,0.0,19
1900-01-01 12:41:57.359,0.401306,0.595127,0.654147,1495.099356,0.05954,0.027887,0.027171,0,0.0,19
1900-01-01 12:41:59.009,0.399974,0.593435,0.652428,1494.682541,0.059521,0.02498,0.026223,0,0.0,19
1900-01-01 12:42:00.610,0.400632,0.593691,0.653015,1492.206604,0.060933,0.028737,0.027914,0,0.0,19
1900-01-01 12:42:02.207,0.39947,0.592401,0.651996,1492.159431,0.05946,0.027037,0.026417,0,0.0,19
1900-01-01 12:42:03.810,0.399923,0.593904,0.653078,1492.452165,0.059737,0.029422,0.029578,0,0.0,19
1900-01-01 12:42:05.410,0.40047,0.593932,0.653465,1493.297656,0.060278,0.025297,0.026746,0,0.0,19
1900-01-01 12:42:07.010,0.400588,0.594634,0.654114,1493.406686,0.059176,0.025429,0.025453,0,0.0,19
1900-01-01 12:42:08.660,0.400811,0.594459,0.65436,1494.416798,0.059041,0.026094,0.026,0,0.0,19
1900-01-01 12:42:10.361,0.400404,0.593821,0.653136,1494.644261,0.060035,0.025926,0.026802,0,0.0,19
1900-01-01 12:42:12.007,0.400185,0.593558,0.652772,1492.998623,0.057746,0.025494,0.024544,0,0.0,19
1900-01-01 12:42:13.658,0.399886,0.593933,0.653066,1493.472339,0.060615,0.024792,0.025432,0,0.0,19
1900-01-01 12:42:15.308,0.399662,0.592006,0.651309,1491.887946,0.059214,0.026711,0.027543,0,0.0,19
1900-01-01 12:42:16.958,0.40055,0.59403,0.653225,1491.827939,0.058965,0.025578,0.02521,0,0.0,19
1900-01-01 12:42:18.607,0.399495,0.592634,0.651717,1492.754818,0.060526,0.027053,0.026565,0,0.0,19
1900-01-01 12:42:20.258,0.40111,0.594391,0.653662,1491.953091,0.058512,0.026243,0.026427,0,0.0,19
1900-01-01 12:42:21.908,0.400648,0.592732,0.652211,1492.307993,0.058274,0.025257,0.024844,0,0.0,19
1900-01-01 12:42:23.558,0.399541,0.592722,0.651905,1492.253701,0.05928,0.025146,0.025496,0,0.0,19
1900-01-01 12:42:25.207,0.400154,0.593019,0.652603,1491.725509,0.059793,0.025418,0.025076,0,0.0,19
1900-01-01 12:42:26.858,0.399711,0.592604,0.652304,1491.587558,0.059745,0.026741,0.02693,0,0.0,19
1900-01-01 12:42:28.506,0.399812,0.593759,0.652723,1492.306716,0.059082,0.026014,0.026173,0,0.0,19
1900-01-01 12:42:30.158,0.399204,0.593165,0.652379,1493.348122,0.059314,0.025671,0.025896,0,0.0,19
1900-01-01 12:42:31.807,0.400529,0.593926,0.653439,1493.166542,0.059126,0.026006,0.025908,0,0.0,19
1900-01-01 12:42:33.457,0.401317,0.594666,0.653386,1492.688035,0.058423,0.025089,0.025758,0,0.0,19
1900-01-01 12:42:35.106,0.399737,0.592169,0.651305,1491.416716,0.058188,0.028244,0.027949,0,0.0,19
1900-01-01 12:42:36.756,0.399401,0.592754,0.651393,1491.987957,0.058879,0.026043,0.025869,0,0.0,19
1900-01-01 12:42:38.407,0.399746,0.593074,0.65192,1491.310552,0.060118,0.025746,0.026022,0,0.0,19
1900-01-01 12:42:40.009,0.39924,0.592054,0.651286,1491.119857,0.058648,0.025573,0.026061,0,0.0,19
1900-01-01 12:42:41.657,0.399566,0.592771,0.651714,1490.561551,0.060201,0.025701,0.026683,0,0.0,19
1900-01-01 12:42:43.306,0.399925,0.592637,0.652169,1491.293771,0.058764,0.026582,0.026678,0,0.0,19
1900-01-01 12:42:44.956,0.399525,0.591799,0.651131,1491.359316,0.058865,0.025959,0.025427,0,0.0,19
1900-01-01 12:42:46.606,0.399328,0.591494,0.650569,1491.247875,0.060233,0.026811,0.026018,0,0.0,19
1900-01-01 12:42:48.255,0.399386,0.59265,0.6515,1489.9185,0.058956,0.025854,0.027027,0,0.0,19
1900-01-01 12:42:49.906,0.399511,0.592584,0.651591,1491.216313,0.058651,0.026131,0.026104,0,0.0,19
1900-01-01 12:42:51.556,0.39908,0.592146,0.651109,1490.624949,0.059281,0.026798,0.026938,0,0.0,19
1900-01-01 12:42:53.206,0.398739,0.592136,0.651309,1490.16204,0.059504,0.026813,0.027984,0,0.0,19
1900-01-01 12:42:54.905,0.399023,0.59303,0.651973,1492.275881,0.058202,0.026562,0.026571,0,0.0,19
1900-01-01 12:42:56.556,0.400134,0.593166,0.652237,1491.704643,0.058864,0.027637,0.028402,0,0.0,19
1900-01-01 12:42:58.306,0.398797,0.592151,0.651482,1491.68376,0.05923,0.024729,0.025588,0,0.0,19
1900-01-01 12:42:59.954,0.399012,0.591889,0.651396,1491.185233,0.059562,0.028393,0.029039,0,0.0,19
1900-01-01 12:43:01.606,0.399398,0.592746,0.651162,1490.248677,0.058936,0.027207,0.027488,0,0.0,19
1900-01-01 12:43:03.308,0.39873,0.591697,0.650667,1489.511789,0.058468,0.027832,0.028029,0,0.0,19
1900-01-01 12:43:04.956,0.398677,0.591605,0.650493,1490.472862,0.059449,0.027802,0.028101,0,0.0,19
1900-01-01 12:43:06.606,0.399496,0.592057,0.651565,1491.210728,0.059624,0.026508,0.026128,0,0.0,19
1900-01-01 12:43:08.303,0.399428,0.592775,0.651977,1490.796538,0.059858,0.026907,0.02782,0,0.0,19
1900-01-01 12:43:09.906,0.399248,0.592692,0.651875,1491.143313,0.06001,0.026341,0.02617,0,0.0,19
1900-01-01 12:43:11.554,0.398585,0.591344,0.650431,1490.947776,0.059233,0.027932,0.02777,0,0.0,19
1900-01-01 12:43:13.204,0.399369,0.591933,0.652089,1490.502078,0.05978,0.026693,0.026597,0,0.0,19
1900-01-01 12:43:14.854,0.400107,0.593486,0.652501,1491.490759,0.058848,0.027645,0.028552,0,0.0,19
1900-01-01 12:43:16.553,0.398266,0.591469,0.650134,1491.174187,0.058173,0.026089,0.027558,0,0.0,19
1900-01-01 12:43:18.204,0.398811,0.59046,0.650006,1488.00933,0.059413,0.025706,0.025787,0,0.0,19
1900-01-01 12:43:19.854,0.398866,0.591456,0.650296,1489.710562,0.059076,0.029952,0.030695,0,0.0,19
1900-01-01 12:43:21.503,0.399275,0.592382,0.651483,1490.253025,0.058252,0.026534,0.026033,0,0.0,19
1900-01-01 12:43:23.154,0.399333,0.59267,0.652304,1491.10494,0.058768,0.025263,0.026546,0,0.0,19
1900-01-01 12:43:24.852,0.399432,0.592276,0.651304,1491.932322,0.059276,0.025611,0.026272,0,0.0,19
1900-01-01 12:43:26.556,0.399504,0.594187,0.653139,1492.219572,0.058017,0.026223,0.026161,0,0.0,19
1900-01-01 12:43:28.255,0.399799,0.593082,0.651805,1493.838234,0.05758,0.026185,0.026466,0,0.0,19
1900-01-01 12:43:29.956,0.398601,0.591266,0.650371,1491.024308,0.06067,0.027579,0.026825,0,0.0,19
1900-01-01 12:43:31.604,0.399203,0.593568,0.652048,1490.922028,0.059626,0.026184,0.027028,0,0.0,19
1900-01-01 12:43:33.306,0.400062,0.593823,0.652556,1493.980053,0.059896,0.027743,0.02778,0,0.0,19
1900-01-01 12:43:34.954,0.400213,0.593909,0.652645,1494.13771,0.059672,0.028265,0.028296,0,0.0,19
1900-01-01 12:43:36.602,0.398993,0.592223,0.651686,1491.674451,0.058586,0.026637,0.027138,0,0.0,19
1900-01-01 12:43:38.254,0.39916,0.592902,0.652346,1491.963932,0.058855,0.024826,0.024709,0,0.0,19
1900-01-01 12:43:39.903,0.400529,0.593535,0.652798,1491.336659,0.059772,0.026467,0.026526,0,0.0,19
1900-01-01 12:43:41.553,0.399722,0.593473,0.653007,1491.92795,0.059706,0.027413,0.027777,0,0.0,19
1900-01-01 12:43:43.202,0.39952,0.592541,0.651868,1493.42101,0.059087,0.026746,0.025679,0,0.0,19
1900-01-01 12:43:44.852,0.398965,0.591249,0.650257,1490.639236,0.058202,0.026195,0.02547,0,0.0,19
1900-01-01 12:43:46.503,0.399683,0.593147,0.65217,1490.585197,0.05947,0.027376,0.028085,0,0.0,19
1900-01-01 12:43:48.201,0.399936,0.593303,0.652489,1491.082657,0.059967,0.028675,0.028244,0,0.0,19
1900-01-01 12:43:49.900,0.399082,0.591327,0.651108,1492.045552,0.060806,0.025095,0.024393,0,0.0,19
1900-01-01 12:43:51.604,0.399732,0.592825,0.652228,1491.038103,0.060245,0.026917,0.026636,0,0.0,19
1900-01-01 12:43:53.252,0.400168,0.593804,0.653464,1492.120756,0.058824,0.02818,0.027154,0,0.0,19
1900-01-01 12:43:54.902,0.40012,0.594017,0.653091,1492.948063,0.059931,0.025071,0.025427,0,0.0,19
1900-01-01 12:43:56.601,0.400658,0.594285,0.653298,1494.526446,0.059706,0.028056,0.027767,0,0.0,19
1900-01-01 12:43:58.300,0.399827,0.592576,0.651513,1492.001151,0.059558,0.027468,0.027341,0,0.0,19
1900-01-01 12:44:00.004,0.398164,0.591173,0.650481,1490.603699,0.058723,0.025926,0.025804,0,0.0,19
1900-01-01 12:44:01.703,0.398244,0.591253,0.649983,1489.545233,0.058285,0.024761,0.026197,0,0.0,19
1900-01-01 12:44:03.404,0.397799,0.590417,0.649609,1489.59961,0.057681,0.025891,0.0267,0,0.0,19
1900-01-01 12:44:05.100,0.398562,0.591067,0.650169,1488.808747,0.058637,0.024199,0.024605,0,0.0,19
1900-01-01 12:44:06.799,0.400027,0.593908,0.652698,1491.171411,0.058894,0.025908,0.02678,0,0.0,19
1900-01-01 12:44:08.450,0.399425,0.59171,0.650974,1491.798882,0.058725,0.026656,0.027638,0,0.0,19
1900-01-01 12:44:10.102,0.399201,0.591745,0.65189,1490.391377,0.059889,0.025785,0.025536,0,0.0,19
1900-01-01 12:44:11.799,0.399022,0.592769,0.651495,1490.821543,0.059587,0.025577,0.026261,0,0.0,19
1900-01-01 12:44:13.503,0.399104,0.591894,0.651026,1491.295426,0.059204,0.025306,0.026049,0,0.0,19
1900-01-01 12:44:15.151,0.398671,0.591111,0.650654,1491.0851,0.059131,0.025337,0.024676,0,0.0,19
1900-01-01 12:44:16.849,0.399299,0.592286,0.651618,1490.177459,0.059233,0.027882,0.028352,0,0.0,19
1900-01-01 12:44:18.553,0.398355,0.590443,0.649672,1489.895371,0.058341,0.026265,0.026488,0,0.0,19
1900-01-01 12:44:20.201,0.398426,0.591258,0.650877,1488.988041,0.058925,0.026884,0.027149,0,0.0,19
1900-01-01 12:44:21.898,0.399514,0.592661,0.651885,1491.896752,0.058537,0.024641,0.024975,0,0.0,19
1900-01-01 12:44:23.550,0.399373,0.592355,0.65159,1490.722441,0.059096,0.025332,0.025271,0,0.0,19
1900-01-01 12:44:25.249,0.399153,0.592223,0.651135,1491.285188,0.059678,0.027381,0.02741,0,0.0,19
1900-01-01 12:44:26.948,0.4005,0.59345,0.65227,1490.713528,0.058348,0.027315,0.027145,0,0.0,19
1900-01-01 12:44:28.652,0.39919,0.592206,0.651155,1491.929047,0.058815,0.025901,0.026568,0,0.0,19
1900-01-01 12:44:30.348,0.398129,0.590556,0.649628,1489.320259,0.059278,0.025931,0.025866,0,0.0,19
1900-01-01 12:44:32.047,0.399134,0.592906,0.651724,1491.260213,0.05988,0.026475,0.026908,0,0.0,19
1900-01-01 12:44:33.698,0.399565,0.592254,0.651313,1490.987855,0.059125,0.025253,0.025637,0,0.0,19
1900-01-01 12:44:35.398,0.399498,0.592952,0.651404,1491.540176,0.05876,0.026319,0.026954,0,0.0,19
1900-01-01 12:44:37.049,0.398935,0.591351,0.651102,1491.436204,0.056906,0.025783,0.025751,0,0.0,19
1900-01-01 12:44:38.751,0.398856,0.591028,0.650505,1489.683538,0.058761,0.025782,0.026557,0,0.0,19
1900-01-01 12:44:40.447,0.39737,0.589333,0.648447,1489.23686,0.058313,0.025943,0.026347,0,0.0,19
1900-01-01 12:44:42.151,0.397381,0.58913,0.648281,1486.746632,0.057658,0.026738,0.025242,0,0.0,19
1900-01-01 12:44:43.850,0.398847,0.590422,0.649356,1487.075439,0.058488,0.025695,0.024905,0,0.0,19
1900-01-01 12:44:45.546,0.398968,0.591318,0.650586,1488.489052,0.059089,0.024382,0.025078,0,0.0,19
1900-01-01 12:44:47.250,0.398605,0.590859,0.65005,1488.517452,0.05897,0.026006,0.025483,0,0.0,19
1900-01-01 12:44:48.951,0.398857,0.590944,0.650019,1488.565733,0.058657,0.026514,0.026224,0,0.0,19
1900-01-01 12:44:50.647,0.398612,0.590711,0.650413,1490.115327,0.058774,0.025419,0.024767,0,0.0,19
1900-01-01 12:44:52.346,0.39872,0.590477,0.649821,1489.370405,0.059032,0.025648,0.025281,0,0.0,19
1900-01-01 12:44:54.050,0.398617,0.590776,0.649662,1488.777541,0.058179,0.025647,0.025815,0,0.0,19
1900-01-01 12:44:55.799,0.397981,0.590038,0.649341,1488.443898,0.059092,0.027152,0.027719,0,0.0,19
1900-01-01 12:44:57.447,0.397788,0.589952,0.649634,1489.791961,0.058549,0.026053,0.026269,0,0.0,19
1900-01-01 12:44:59.098,0.398894,0.59129,0.650623,1490.288201,0.057688,0.025684,0.025956,0,0.0,19
1900-01-01 12:45:00.796,0.399188,0.591207,0.650081,1489.23894,0.058379,0.025731,0.026732,0,0.0,19
1900-01-01 12:45:02.500,0.399951,0.592184,0.651166,1490.266136,0.059417,0.027741,0.02775,0,0.0,19
1900-01-01 12:45:04.148,0.399477,0.591946,0.650866,1489.228359,0.058307,0.026642,0.026733,0,0.0,19
1900-01-01 12:45:05.846,0.398916,0.59137,0.650649,1490.391263,0.058212,0.027137,0.027387,0,0.0,19
1900-01-01 12:45:07.550,0.398882,0.591565,0.650492,1490.946795,0.058809,0.027001,0.026915,0,0.0,19
1900-01-01 12:45:09.246,0.398135,0.590309,0.649877,1489.495396,0.05933,0.029339,0.028661,0,0.0,19
1900-01-01 12:45:10.945,0.397728,0.589621,0.649188,1488.754344,0.058992,0.024921,0.025353,0,0.0,19
1900-01-01 12:45:12.649,0.397736,0.589586,0.64937,1489.012728,0.05943,0.027013,0.027225,0,0.0,19
1900-01-01 12:45:14.350,0.398496,0.590685,0.649776,1488.829053,0.058551,0.02659,0.026191,0,0.0,19
1900-01-01 12:45:16.046,0.398067,0.589281,0.64791,1488.219396,0.058471,0.026639,0.026707,0,0.0,19
1900-01-01 12:45:17.750,0.397764,0.589984,0.649004,1488.163288,0.059385,0.026221,0.026475,0,0.0,19
1900-01-01 12:45:19.446,0.399051,0.591432,0.650283,1488.942185,0.058127,0.025019,0.025129,0,0.0,19
1900-01-01 12:45:21.145,0.398708,0.591383,0.650221,1489.861588,0.059128,0.025752,0.025642,0,0.0,19
1900-01-01 12:45:22.849,0.398389,0.590535,0.649489,1489.11787,0.058242,0.026331,0.02593,0,0.0,19
1900-01-01 12:45:24.545,0.398284,0.590661,0.649118,1488.405653,0.058757,0.025151,0.025954,0,0.0,19
1900-01-01 12:45:26.297,0.398714,0.591728,0.650341,1489.578541,0.058567,0.024984,0.026804,0,0.0,19
1900-01-01 12:45:27.994,0.397457,0.590117,0.649779,1489.212896,0.059617,0.026099,0.025821,0,0.0,19
1900-01-01 12:45:29.746,0.398139,0.590304,0.649471,1489.298667,0.059771,0.025529,0.025745,0,0.0,19
1900-01-01 12:45:31.444,0.399284,0.591754,0.650752,1489.469404,0.058853,0.026399,0.026814,0,0.0,19
1900-01-01 12:45:33.148,0.398663,0.590757,0.649532,1490.122257,0.058765,0.02717,0.02726,0,0.0,19
1900-01-01 12:45:34.897,0.398134,0.590849,0.650496,1490.223071,0.059294,0.026183,0.027368,0,0.0,19
1900-01-01 12:45:36.594,0.398533,0.590872,0.649752,1488.960069,0.059593,0.028154,0.027487,0,0.0,19
1900-01-01 12:45:38.294,0.39787,0.590345,0.649253,1488.980313,0.057606,0.026032,0.026343,0,0.0,19
1900-01-01 12:45:39.998,0.398793,0.591651,0.650341,1488.356971,0.058748,0.025716,0.026156,0,0.0,19
1900-01-01 12:45:41.694,0.398113,0.58994,0.648988,1488.789287,0.058712,0.027449,0.026841,0,0.0,19
1900-01-01 12:45:43.398,0.398595,0.591158,0.650589,1488.45658,0.059651,0.025832,0.026606,0,0.0,19
1900-01-01 12:45:45.094,0.399358,0.591965,0.650787,1491.138351,0.058608,0.025974,0.027311,0,0.0,19
1900-01-01 12:45:46.798,0.398414,0.59076,0.649575,1490.545594,0.059531,0.025799,0.025684,0,0.0,19
1900-01-01 12:45:48.494,0.397949,0.590634,0.649779,1490.251545,0.058675,0.025922,0.026547,0,0.0,19
1900-01-01 12:45:50.198,0.399628,0.591771,0.65074,1489.712755,0.058444,0.026689,0.026642,0,0.0,19
1900-01-01 12:45:51.892,0.39954,0.591919,0.65125,1490.846272,0.059253,0.024578,0.024478,0,0.0,19
1900-01-01 12:45:53.596,0.398528,0.590992,0.6506,1490.457053,0.059149,0.024827,0.025902,0,0.0,19
1900-01-01 12:45:55.246,0.398685,0.590355,0.648765,1488.984767,0.058206,0.025022,0.025981,0,0.0,19
1900-01-01 12:45:56.996,0.399091,0.59183,0.650506,1488.21905,0.0602,0.027799,0.027641,0,0.0,19
1900-01-01 12:45:58.745,0.398068,0.59045,0.649288,1490.67056,0.059543,0.025653,0.025742,0,0.0,19
1900-01-01 12:46:00.442,0.399341,0.592085,0.650612,1490.046392,0.058037,0.027122,0.026355,0,0.0,19
1900-01-01 12:46:02.194,0.398762,0.590868,0.649749,1490.45584,0.058106,0.026824,0.026184,0,0.0,19
1900-01-01 12:46:03.945,0.398268,0.590316,0.648831,1488.021384,0.060069,0.027266,0.027104,0,0.0,19
1900-01-01 12:46:05.646,0.398255,0.58983,0.648783,1488.246978,0.058439,0.026827,0.026731,0,0.0,19
1900-01-01 12:46:07.342,0.399076,0.592287,0.650668,1489.445357,0.058508,0.025853,0.026014,0,0.0,19
1900-01-01 12:46:09.046,0.398176,0.590431,0.649041,1489.768093,0.059336,0.026803,0.027879,0,0.0,19
1900-01-01 12:46:10.742,0.399717,0.592107,0.651735,1488.497392,0.05851,0.026386,0.027019,0,0.0,19
1900-01-01 12:46:12.446,0.398845,0.591056,0.650659,1490.551128,0.059238,0.025628,0.025032,0,0.0,19
1900-01-01 12:46:14.142,0.399027,0.591438,0.650126,1490.001349,0.058929,0.02642,0.026189,0,0.0,19
1900-01-01 12:46:15.841,0.39873,0.590885,0.649594,1489.301028,0.058972,0.026398,0.026867,0,0.0,19
1900-01-01 12:46:17.545,0.398087,0.589965,0.649009,1489.413929,0.058363,0.026529,0.026664,0,0.0,19
1900-01-01 12:46:19.241,0.39946,0.591894,0.65089,1488.363954,0.058276,0.026206,0.026052,0,0.0,19
1900-01-01 12:46:20.993,0.397713,0.588923,0.648165,1489.554321,0.058695,0.025181,0.025027,0,0.0,19
1900-01-01 12:46:22.743,0.397459,0.589247,0.648374,1487.171015,0.05926,0.025422,0.025782,0,0.0,19
1900-01-01 12:46:24.441,0.399568,0.592119,0.651023,1488.1838,0.058679,0.027901,0.028514,0,0.0,19
1900-01-01 12:46:26.145,0.398645,0.590591,0.649327,1490.149926,0.058942,0.028525,0.02886,0,0.0,19
1900-01-01 12:46:27.894,0.398942,0.590345,0.648931,1487.220043,0.058901,0.02676,0.026376,0,0.0,19
1900-01-01 12:46:29.594,0.399945,0.591664,0.650728,1486.065452,0.058523,0.024436,0.024699,0,0.0,19
1900-01-01 12:46:31.290,0.398887,0.589816,0.648544,1486.904476,0.058669,0.0266,0.026669,0,0.0,19
1900-01-01 12:46:32.942,0.399106,0.590737,0.649243,1484.766143,0.059234,0.026885,0.026665,0,0.0,19
1900-01-01 12:46:34.694,0.398846,0.58942,0.648522,1485.471922,0.05999,0.025282,0.025064,0,0.0,19
1900-01-01 12:46:36.442,0.3976,0.588067,0.646755,1483.285276,0.058028,0.026374,0.026701,0,0.0,19
1900-01-01 12:46:38.140,0.399355,0.590634,0.649048,1484.604655,0.05817,0.024697,0.024841,0,0.0,19
1900-01-01 12:46:39.839,0.39945,0.591086,0.649951,1485.551937,0.059104,0.026741,0.026736,0,0.0,19
1900-01-01 12:46:41.543,0.399452,0.590585,0.648966,1485.769914,0.058746,0.026732,0.026565,0,0.0,19
1900-01-01 12:46:43.239,0.400482,0.591767,0.65076,1486.137207,0.059195,0.026839,0.02689,0,0.0,19
1900-01-01 12:46:44.991,0.399664,0.590727,0.649471,1486.168917,0.059771,0.029193,0.028268,0,0.0,19
1900-01-01 12:46:46.641,0.399589,0.590555,0.64916,1484.998611,0.059718,0.027412,0.027372,0,0.0,19
1900-01-01 12:46:48.340,0.39966,0.590205,0.648912,1483.673229,0.058085,0.024697,0.025,0,0.0,19
1900-01-01 12:46:50.092,0.398909,0.590265,0.64967,1483.757691,0.059236,0.026088,0.026761,0,0.0,19
1900-01-01 12:46:51.842,0.398203,0.590042,0.648632,1487.00667,0.058707,0.026613,0.026893,0,0.0,19
1900-01-01 12:46:53.591,0.398008,0.590107,0.648694,1487.883189,0.058768,0.026676,0.027862,0,0.0,19
1900-01-01 12:46:55.289,0.39856,0.59073,0.649637,1488.969601,0.058821,0.026751,0.026777,0,0.0,19
1900-01-01 12:46:57.041,0.398387,0.589798,0.648537,1489.142583,0.058068,0.026567,0.026502,0,0.0,19
1900-01-01 12:46:58.743,0.397925,0.589711,0.648756,1487.098981,0.058366,0.025651,0.025396,0,0.0,19
1900-01-01 12:47:00.439,0.397934,0.589442,0.648674,1487.844102,0.059121,0.026023,0.024603,0,0.0,19
1900-01-01 12:47:02.138,0.397756,0.589825,0.648366,1487.13649,0.059265,0.025729,0.026058,0,0.0,19
1900-01-01 12:47:03.838,0.399146,0.591491,0.649712,1488.802814,0.060446,0.03076,0.030729,0,0.0,19
1900-01-01 12:47:05.542,0.397933,0.59015,0.649031,1489.820665,0.058759,0.029638,0.030684,0,0.0,19
1900-01-01 12:47:07.242,0.398571,0.590957,0.649469,1488.375708,0.058915,0.026714,0.02759,0,0.0,19
1900-01-01 12:47:08.938,0.39863,0.590572,0.649573,1489.442577,0.059549,0.025428,0.025647,0,0.0,19
1900-01-01 12:47:10.690,0.395459,0.585255,0.643928,1487.000467,0.05678,0.025959,0.027583,0,0.0,19
1900-01-01 12:47:12.388,0.396767,0.588482,0.647051,1481.211548,0.058963,0.027733,0.029361,0,0.0,19
1900-01-01 12:47:14.087,0.398387,0.590425,0.648977,1487.244717,0.057923,0.025958,0.026861,0,0.0,19
1900-01-01 12:47:15.839,0.398154,0.589136,0.648134,1488.068834,0.059395,0.027582,0.026997,0,0.0,19
1900-01-01 12:47:17.542,0.397055,0.588491,0.647563,1487.594072,0.058862,0.028523,0.028488,0,0.0,19
1900-01-01 12:47:19.238,0.398383,0.589271,0.648528,1488.005339,0.057963,0.024932,0.025369,0,0.0,19
1900-01-01 12:47:20.990,0.398064,0.590415,0.648889,1488.876164,0.059858,0.026206,0.026227,0,0.0,19
1900-01-01 12:47:22.740,0.397906,0.589781,0.648191,1489.000361,0.058669,0.026152,0.02586,0,0.0,19
1900-01-01 12:47:24.438,0.397781,0.589806,0.64908,1488.680826,0.058525,0.026469,0.027158,0,0.0,19
1900-01-01 12:47:26.190,0.395645,0.586124,0.644856,1482.603208,0.059764,0.029595,0.030648,0,0.0,19
1900-01-01 12:47:27.940,0.398575,0.590927,0.650007,1487.133297,0.058924,0.027414,0.027424,0,0.0,19
1900-01-01 12:47:29.641,0.398098,0.59041,0.649182,1491.010449,0.059269,0.026287,0.026711,0,0.0,19
1900-01-01 12:47:31.337,0.398129,0.588823,0.647504,1488.035919,0.058486,0.026077,0.026804,0,0.0,19
1900-01-01 12:47:33.041,0.39887,0.59089,0.649651,1487.756552,0.058779,0.027321,0.027494,0,0.0,19
1900-01-01 12:47:34.790,0.398687,0.590137,0.649425,1489.470966,0.060254,0.027517,0.027073,0,0.0,19
1900-01-01 12:47:36.487,0.396977,0.588013,0.647277,1488.401626,0.058918,0.02651,0.026517,0,0.0,19
1900-01-01 12:47:38.239,0.397524,0.588641,0.647725,1486.432645,0.059071,0.026355,0.026373,0,0.0,19
1900-01-01 12:47:39.988,0.397549,0.589234,0.64828,1486.338544,0.058871,0.025537,0.02565,0,0.0,19
1900-01-01 12:47:41.738,0.398068,0.590501,0.649157,1487.863418,0.059199,0.025871,0.026736,0,0.0,19
1900-01-01 12:47:43.537,0.398678,0.59045,0.649285,1490.598531,0.058446,0.025754,0.025603,0,0.0,19
1900-01-01 12:47:45.236,0.393513,0.583465,0.641612,1487.100415,0.057829,0.025725,0.027711,0,0.0,19
1900-01-01 12:47:47.036,0.399272,0.591842,0.650561,1481.881599,0.059003,0.026195,0.027401,0,0.0,19
1900-01-01 12:47:48.788,0.397048,0.589339,0.648453,1489.255609,0.057462,0.027598,0.026948,0,0.0,19
1900-01-01 12:47:50.486,0.399436,0.591281,0.650649,1489.211173,0.059399,0.027334,0.027292,0,0.0,19
1900-01-01 12:47:52.238,0.398549,0.591461,0.650278,1491.096322,0.058376,0.026549,0.026416,0,0.0,19
1900-01-01 12:47:53.935,0.397723,0.58999,0.648999,1490.124185,0.058115,0.026157,0.026293,0,0.0,19
1900-01-01 12:47:55.639,0.398623,0.591041,0.649527,1490.017115,0.059598,0.026886,0.026874,0,0.0,19
1900-01-01 12:47:57.335,0.397965,0.589884,0.648555,1489.484277,0.058903,0.02657,0.026629,0,0.0,19
1900-01-01 12:47:59.087,0.39765,0.589915,0.649272,1488.316415,0.059462,0.028019,0.029165,0,0.0,19
1900-01-01 12:48:00.838,0.398049,0.590451,0.64913,1489.873918,0.05982,0.027728,0.027595,0,0.0,19
1900-01-01 12:48:02.636,0.398521,0.591296,0.650154,1489.082645,0.058367,0.02763,0.027835,0,0.0,19
1900-01-01 12:48:04.335,0.398133,0.591426,0.649988,1490.621952,0.05886,0.026964,0.027847,0,0.0,19
1900-01-01 12:48:06.087,0.397557,0.589363,0.648385,1489.242154,0.059171,0.027068,0.026906,0,0.0,19
1900-01-01 12:48:07.838,0.397066,0.589164,0.647897,1487.910986,0.057741,0.02675,0.026608,0,0.0,19
1900-01-01 12:48:09.586,0.397693,0.590245,0.648884,1488.685188,0.058969,0.026896,0.027482,0,0.0,19
1900-01-01 12:48:11.337,0.39756,0.589572,0.648805,1489.650429,0.058654,0.025804,0.026069,0,0.0,19
1900-01-01 12:48:13.087,0.397753,0.589907,0.648653,1487.806841,0.0593,0.025614,0.026708,0,0.0,19
1900-01-01 12:48:14.836,0.397999,0.590492,0.649062,1488.915649,0.058062,0.025022,0.026072,0,0.0,19
1900-01-01 12:48:16.534,0.396612,0.588603,0.647836,1488.064403,0.058401,0.026966,0.027413,0,0.0,19
1900-01-01 12:48:18.286,0.396538,0.587793,0.646644,1486.782488,0.059621,0.028199,0.027696,0,0.0,19
1900-01-01 12:48:20.036,0.396268,0.588356,0.647146,1484.622324,0.058287,0.027079,0.026675,0,0.0,19
1900-01-01 12:48:21.734,0.396347,0.588705,0.647549,1487.742307,0.058568,0.025681,0.026227,0,0.0,19
1900-01-01 12:48:23.486,0.396955,0.588623,0.646949,1487.054289,0.058418,0.026756,0.026454,0,0.0,19
1900-01-01 12:48:25.236,0.396808,0.588803,0.647786,1487.796064,0.058864,0.025937,0.027012,0,0.0,19
1900-01-01 12:48:26.985,0.396732,0.587928,0.646704,1486.077059,0.059451,0.026313,0.027497,0,0.0,19
1900-01-01 12:48:28.735,0.398143,0.590192,0.648726,1485.937082,0.060304,0.025739,0.025058,0,0.0,19
1900-01-01 12:48:30.486,0.396742,0.589293,0.648123,1488.177557,0.057605,0.025309,0.026533,0,0.0,19
1900-01-01 12:48:32.183,0.397064,0.588855,0.648301,1486.784644,0.058142,0.027036,0.027241,0,0.0,19
1900-01-01 12:48:33.935,0.396553,0.589088,0.647793,1487.223828,0.058514,0.02574,0.026204,0,0.0,19
1900-01-01 12:48:35.633,0.397373,0.589518,0.648452,1488.877971,0.059336,0.027072,0.02691,0,0.0,19
1900-01-01 12:48:37.337,0.396571,0.587516,0.646373,1487.407922,0.059457,0.026785,0.026488,0,0.0,19
1900-01-01 12:48:39.086,0.397084,0.588663,0.647502,1486.077059,0.057975,0.026607,0.027198,0,0.0,19
1900-01-01 12:48:40.834,0.397441,0.589317,0.64829,1487.010191,0.057946,0.027537,0.026367,0,0.0,19
1900-01-01 12:48:42.537,0.397039,0.590063,0.649225,1487.386432,0.059196,0.02592,0.026438,0,0.0,19
1900-01-01 12:48:44.284,0.396702,0.588708,0.647485,1488.683862,0.058248,0.02687,0.026849,0,0.0,19
1900-01-01 12:48:46.034,0.396208,0.58769,0.646453,1486.044849,0.059282,0.027061,0.02727,0,0.0,19
1900-01-01 12:48:47.735,0.39678,0.588052,0.647135,1485.680304,0.0587,0.026129,0.025806,0,0.0,19
1900-01-01 12:48:49.484,0.396252,0.588399,0.646961,1486.004275,0.057351,0.025435,0.025604,0,0.0,19
1900-01-01 12:48:51.234,0.39799,0.590168,0.648548,1488.46422,0.057828,0.025848,0.025401,0,0.0,19
1900-01-01 12:48:52.985,0.396385,0.588223,0.647294,1488.909954,0.059554,0.025969,0.026306,0,0.0,19
1900-01-01 12:48:54.686,0.397758,0.590117,0.64881,1487.576206,0.058268,0.025515,0.025547,0,0.0,19
1900-01-01 12:48:56.434,0.396672,0.588548,0.647239,1488.188893,0.058045,0.025526,0.025453,0,0.0,19
1900-01-01 12:48:58.183,0.396534,0.587802,0.64726,1487.187695,0.058965,0.024972,0.024939,0,0.0,19
1900-01-01 12:48:59.934,0.397452,0.589311,0.647824,1485.969594,0.058562,0.026261,0.026221,0,0.0,19
1900-01-01 12:49:01.684,0.397627,0.588902,0.647991,1486.936622,0.058292,0.025421,0.02581,0,0.0,19
1900-01-01 12:49:03.433,0.397549,0.589321,0.648537,1487.842754,0.059766,0.026555,0.026145,0,0.0,19
1900-01-01 12:49:05.183,0.397378,0.589634,0.648647,1488.00621,0.058393,0.025713,0.025493,0,0.0,19
1900-01-01 12:49:06.881,0.397973,0.58963,0.648853,1488.547545,0.058008,0.025747,0.025464,0,0.0,19
1900-01-01 12:49:08.633,0.397084,0.589025,0.647384,1488.044614,0.057397,0.027769,0.027759,0,0.0,19
1900-01-01 12:49:10.383,0.396979,0.58955,0.648233,1487.666743,0.059047,0.025695,0.026035,0,0.0,19
1900-01-01 12:49:12.134,0.397111,0.588763,0.647661,1487.509783,0.058158,0.025729,0.026219,0,0.0,19
1900-01-01 12:49:13.830,0.397132,0.588606,0.647759,1486.690419,0.05753,0.025251,0.02576,0,0.0,19
1900-01-01 12:49:15.582,0.398198,0.589723,0.648836,1488.136111,0.058749,0.025084,0.025181,0,0.0,19
1900-01-01 12:49:17.332,0.397048,0.589295,0.648275,1490.177716,0.058083,0.026899,0.027349,0,0.0,19
1900-01-01 12:49:19.082,0.396433,0.588203,0.647398,1488.259462,0.058782,0.026067,0.026071,0,0.0,19
1900-01-01 12:49:20.833,0.39658,0.588697,0.647551,1487.657878,0.059787,0.025195,0.026493,0,0.0,19
1900-01-01 12:49:22.583,0.397498,0.59021,0.649367,1488.235215,0.058919,0.025109,0.025619,0,0.0,19
1900-01-01 12:49:24.332,0.396372,0.588738,0.647738,1488.020671,0.058748,0.025101,0.025738,0,0.0,19
1900-01-01 12:49:26.030,0.397487,0.588955,0.64802,1486.864875,0.057838,0.025095,0.024775,0,0.0,19
1900-01-01 12:49:27.830,0.397047,0.589176,0.647928,1486.784999,0.057964,0.027057,0.026938,0,0.0,19
1900-01-01 12:49:29.582,0.397296,0.589927,0.648139,1488.184551,0.059196,0.02757,0.0274,0,0.0,19
1900-01-01 12:49:31.332,0.396823,0.58904,0.648196,1487.634413,0.059028,0.027356,0.026867,0,0.0,19
1900-01-01 12:49:33.033,0.398172,0.589543,0.648442,1488.640572,0.059717,0.028805,0.028923,0,0.0,19
1900-01-01 12:49:34.782,0.397783,0.589561,0.648453,1485.885663,0.05928,0.026455,0.027018,0,0.0,19
1900-01-01 12:49:36.583,0.396677,0.588142,0.647591,1484.994091,0.060558,0.027974,0.02889,0,0.0,19
1900-01-01 12:49:38.332,0.397327,0.588991,0.647334,1484.04988,0.057832,0.025499,0.025468,0,0.0,19
1900-01-01 12:49:40.081,0.397618,0.588751,0.647817,1485.540612,0.060168,0.025824,0.026001,0,0.0,19
1900-01-01 12:49:41.831,0.396925,0.588602,0.646931,1484.778587,0.058583,0.025551,0.026147,0,0.0,19
1900-01-01 12:49:43.582,0.397273,0.588808,0.647593,1485.59801,0.059376,0.02627,0.026972,0,0.0,19
1900-01-01 12:49:45.330,0.398636,0.590278,0.649478,1486.584024,0.058054,0.027536,0.027849,0,0.0,19
1900-01-01 12:49:47.081,0.3975,0.588855,0.647724,1487.867903,0.058322,0.026369,0.025955,0,0.0,19
1900-01-01 12:49:48.831,0.398146,0.590018,0.647975,1486.236136,0.059447,0.025942,0.026633,0,0.0,19
1900-01-01 12:49:50.532,0.396907,0.589296,0.647395,1486.93038,0.057989,0.025999,0.02632,0,0.0,19
1900-01-01 12:49:52.281,0.397192,0.589105,0.647549,1486.635073,0.058287,0.026263,0.027026,0,0.0,19
1900-01-01 12:49:54.030,0.397762,0.590266,0.648673,1487.128389,0.058767,0.026187,0.026892,0,0.0,19
1900-01-01 12:49:55.780,0.396595,0.5897,0.647466,1488.361841,0.058761,0.026646,0.026457,0,0.0,19
1900-01-01 12:49:57.530,0.39727,0.590105,0.648458,1488.590846,0.059752,0.025941,0.026768,0,0.0,19
1900-01-01 12:49:59.281,0.396736,0.589029,0.647152,1488.444128,0.059068,0.026372,0.026562,0,0.0,19
1900-01-01 12:50:01.030,0.396393,0.587526,0.646635,1486.589245,0.058244,0.026083,0.025673,0,0.0,19
1900-01-01 12:50:02.780,0.396145,0.588968,0.647765,1487.133297,0.059144,0.024787,0.026071,0,0.0,19
1900-01-01 12:50:04.530,0.395854,0.587771,0.646505,1486.993199,0.058172,0.026299,0.026849,0,0.0,19
1900-01-01 12:50:06.279,0.396066,0.587805,0.646578,1485.794009,0.059821,0.028346,0.028727,0,0.0,19
1900-01-01 12:50:08.081,0.396968,0.58898,0.64801,1485.413437,0.058446,0.025189,0.025774,0,0.0,19
1900-01-01 12:50:09.830,0.397288,0.589921,0.648259,1489.198699,0.059038,0.026206,0.026207,0,0.0,19
1900-01-01 12:50:11.580,0.396748,0.588986,0.647571,1487.911913,0.059336,0.02774,0.029407,0,0.0,19
1900-01-01 12:50:13.377,0.39648,0.588897,0.647865,1487.62017,0.058573,0.024583,0.024858,0,0.0,19
1900-01-01 12:50:15.129,0.396538,0.588389,0.647211,1488.074216,0.05935,0.029303,0.028639,0,0.0,19
1900-01-01 12:50:16.927,0.396337,0.588528,0.647119,1487.105468,0.059691,0.026882,0.02704,0,0.0,19
1900-01-01 12:50:18.679,0.396865,0.589339,0.647887,1487.159242,0.058421,0.026141,0.026659,0,0.0,19
1900-01-01 12:50:20.428,0.39621,0.588228,0.646409,1487.176912,0.059076,0.025874,0.026661,0,0.0,19
1900-01-01 12:50:22.178,0.39637,0.589271,0.648154,1487.235675,0.059446,0.026645,0.027663,0,0.0,19
1900-01-01 12:50:23.975,0.397213,0.58947,0.647998,1488.740495,0.05987,0.027734,0.028375,0,0.0,19
1900-01-01 12:50:25.775,0.397341,0.590211,0.648591,1487.269577,0.059822,0.025576,0.026309,0,0.0,19
1900-01-01 12:50:27.575,0.397128,0.588846,0.647739,1487.036456,0.059212,0.027531,0.027332,0,0.0,19
1900-01-01 12:50:29.327,0.395978,0.588629,0.647441,1489.059159,0.057876,0.025783,0.025969,0,0.0,19
1900-01-01 12:50:31.126,0.397137,0.58841,0.646589,1485.482741,0.05884,0.026047,0.025556,0,0.0,19
1900-01-01 12:50:32.878,0.398148,0.589813,0.648176,1485.151681,0.059572,0.027999,0.027628,0,0.0,19
1900-01-01 12:50:34.676,0.397768,0.589836,0.648642,1487.383426,0.059469,0.024909,0.024996,0,0.0,19
1900-01-01 12:50:36.428,0.398055,0.590598,0.648842,1488.281431,0.058999,0.02589,0.026803,0,0.0,19
1900-01-01 12:50:38.225,0.396465,0.587816,0.646852,1487.189882,0.058795,0.027234,0.027531,0,0.0,19
1900-01-01 12:50:40.025,0.396988,0.589788,0.648167,1486.444485,0.058501,0.026481,0.027371,0,0.0,19
1900-01-01 12:50:41.825,0.398158,0.590897,0.649214,1489.537924,0.058663,0.027552,0.027158,0,0.0,19
1900-01-01 12:50:43.625,0.39618,0.588849,0.647657,1489.320519,0.05919,0.026753,0.026034,0,0.0,19
1900-01-01 12:50:45.425,0.396215,0.588817,0.646718,1488.270164,0.058373,0.026622,0.02663,0,0.0,19
1900-01-01 12:50:47.177,0.396928,0.589732,0.648286,1487.272268,0.05942,0.028088,0.028649,0,0.0,19
1900-01-01 12:50:48.927,0.39688,0.58937,0.648143,1489.617327,0.057592,0.026235,0.026381,0,0.0,19
1900-01-01 12:50:50.678,0.39694,0.589461,0.648149,1489.424248,0.059161,0.027397,0.027355,0,0.0,19
1900-01-01 12:50:52.426,0.39727,0.590368,0.648936,1489.729027,0.058857,0.024994,0.025985,0,0.0,19
1900-01-01 12:50:54.177,0.396844,0.589416,0.647472,1489.545417,0.057843,0.02686,0.027202,0,0.0,19
1900-01-01 12:50:55.927,0.397129,0.590531,0.649025,1488.836016,0.058184,0.025383,0.025632,0,0.0,19
1900-01-01 12:50:57.676,0.397147,0.590576,0.648826,1490.341683,0.059084,0.027666,0.027508,0,0.0,19
1900-01-01 12:50:59.426,0.397549,0.590786,0.649361,1490.827012,0.05847,0.027857,0.028483,0,0.0,19
1900-01-01 12:51:01.177,0.39574,0.587968,0.646879,1489.163062,0.058569,0.026035,0.025852,0,0.0,19
1900-01-01 12:51:02.974,0.39785,0.590472,0.648867,1488.299711,0.057982,0.026463,0.026415,0,0.0,19
1900-01-01 12:51:04.774,0.397674,0.589995,0.648351,1490.638046,0.058684,0.02578,0.025612,0,0.0,19
1900-01-01 12:51:06.526,0.397015,0.589459,0.648852,1489.365944,0.057981,0.026153,0.025513,0,0.0,19
1900-01-01 12:51:08.276,0.396799,0.58952,0.648017,1490.080725,0.059264,0.027107,0.027053,0,0.0,19
1900-01-01 12:51:10.073,0.397207,0.589224,0.64858,1489.060587,0.058692,0.027411,0.026065,0,0.0,19
1900-01-01 12:51:11.873,0.397811,0.589844,0.648683,1489.430531,0.058247,0.026954,0.02608,0,0.0,19
1900-01-01 12:51:13.678,0.397672,0.590869,0.649488,1489.88155,0.059598,0.025782,0.027026,0,0.0,19
1900-01-01 12:51:15.474,0.396319,0.589331,0.648059,1488.833742,0.058324,0.024396,0.026055,0,0.0,19
1900-01-01 12:51:17.273,0.397963,0.590709,0.649035,1489.820155,0.058347,0.026138,0.026384,0,0.0,19
1900-01-01 12:51:19.073,0.397236,0.58947,0.648361,1490.030359,0.058242,0.025676,0.026327,0,0.0,19
1900-01-01 12:51:20.825,0.397551,0.589642,0.648459,1487.729755,0.057248,0.026162,0.025994,0,0.0,19
1900-01-01 12:51:22.575,0.397462,0.590735,0.649235,1489.364074,0.058169,0.026439,0.0269,0,0.0,19
1900-01-01 12:51:24.374,0.39747,0.590523,0.648805,1490.349556,0.058334,0.025348,0.025542,0,0.0,19
1900-01-01 12:51:26.172,0.397397,0.590402,0.648862,1490.197102,0.058252,0.026231,0.027301,0,0.0,19
1900-01-01 12:51:27.972,0.397426,0.589523,0.648315,1490.685194,0.059242,0.026292,0.026057,0,0.0,19
1900-01-01 12:51:29.724,0.398924,0.591797,0.650215,1488.970353,0.058461,0.028057,0.028412,0,0.0,19
1900-01-01 12:51:31.474,0.397807,0.590603,0.649377,1491.484391,0.059268,0.026966,0.026443,0,0.0,19
1900-01-01 12:51:33.225,0.397407,0.590427,0.648348,1490.907891,0.058397,0.025882,0.026142,0,0.0,19
1900-01-01 12:51:34.974,0.39775,0.591596,0.649876,1490.48186,0.057857,0.025658,0.025731,0,0.0,19
1900-01-01 12:51:36.724,0.396835,0.589349,0.648028,1491.072182,0.058464,0.025737,0.026309,0,0.0,19
1900-01-01 12:51:38.474,0.397666,0.590576,0.648542,1490.336672,0.059153,0.025532,0.025779,0,0.0,19
1900-01-01 12:51:40.223,0.396943,0.589057,0.647875,1488.86443,0.059114,0.027868,0.027876,0,0.0,19
1900-01-01 12:51:42.022,0.397797,0.590815,0.648525,1488.957914,0.059297,0.026254,0.025852,0,0.0,19
1900-01-01 12:51:43.774,0.398462,0.59174,0.649838,1491.222804,0.058452,0.026724,0.026296,0,0.0,19
1900-01-01 12:51:45.570,0.396851,0.589589,0.647573,1491.566545,0.057666,0.026338,0.026687,0,0.0,19
1900-01-01 12:51:47.370,0.397134,0.589523,0.648004,1487.974179,0.058573,0.026671,0.02653,0,0.0,19
1900-01-01 12:51:49.170,0.397496,0.589905,0.648821,1489.519588,0.059103,0.025464,0.024928,0,0.0,19
1900-01-01 12:51:50.970,0.397303,0.58987,0.648305,1489.757948,0.058232,0.026471,0.026549,0,0.0,19
1900-01-01 12:51:52.770,0.397266,0.590608,0.648361,1490.116797,0.059042,0.026799,0.027308,0,0.0,19
1900-01-01 12:51:54.570,0.397193,0.590086,0.648576,1490.245145,0.058821,0.025491,0.026123,0,0.0,19
1900-01-01 12:51:56.370,0.397257,0.589534,0.648412,1490.142991,0.058935,0.026615,0.026855,0,0.0,19
1900-01-01 12:51:58.170,0.397117,0.590199,0.649244,1489.359809,0.058971,0.027007,0.026581,0,0.0,19
1900-01-01 12:51:59.970,0.396119,0.587886,0.646039,1488.432563,0.05921,0.026093,0.026307,0,0.0,19
1900-01-01 12:52:01.770,0.397324,0.589237,0.647815,1486.847864,0.059396,0.027993,0.027172,0,0.0,19
1900-01-01 12:52:03.570,0.396781,0.589388,0.64758,1489.31528,0.05882,0.026723,0.027915,0,0.0,19
1900-01-01 12:52:05.370,0.396793,0.589178,0.647534,1487.932269,0.058121,0.02494,0.025644,0,0.0,19
1900-01-01 12:52:07.121,0.397557,0.589032,0.647488,1489.254612,0.058838,0.026816,0.026515,0,0.0,19
1900-01-01 12:52:08.873,0.396967,0.590445,0.648952,1488.703934,0.059063,0.028332,0.028194,0,0.0,19
1900-01-01 12:52:10.670,0.398762,0.591796,0.649705,1491.151685,0.059864,0.028015,0.02762,0,0.0,19
1900-01-01 12:52:12.422,0.397995,0.590892,0.649628,1491.403107,0.059333,0.026698,0.026289,0,0.0,19
1900-01-01 12:52:14.220,0.397812,0.590297,0.64833,1490.936577,0.059096,0.027906,0.027497,0,0.0,19
1900-01-01 12:52:16.023,0.397638,0.589916,0.649524,1488.90492,0.058093,0.025187,0.025645,0,0.0,19
1900-01-01 12:52:17.772,0.397975,0.590642,0.649687,1490.147591,0.05732,0.025968,0.025729,0,0.0,19
1900-01-01 12:52:19.569,0.396702,0.58923,0.648038,1489.425283,0.058577,0.025294,0.025833,0,0.0,19
1900-01-01 12:52:21.369,0.396994,0.589858,0.648269,1488.987863,0.059032,0.026035,0.027313,0,0.0,19
1900-01-01 12:52:23.121,0.397156,0.589145,0.648176,1489.944531,0.059627,0.026034,0.026578,0,0.0,19
1900-01-01 12:52:24.922,0.398341,0.591226,0.650224,1488.973274,0.059651,0.02739,0.027724,0,0.0,19
1900-01-01 12:52:26.671,0.39703,0.589831,0.648421,1490.514209,0.058621,0.025949,0.025995,0,0.0,19
1900-01-01 12:52:28.422,0.39792,0.589677,0.649036,1489.852377,0.058144,0.025321,0.024809,0,0.0,19
1900-01-01 12:52:30.170,0.396942,0.589145,0.648132,1489.408054,0.058152,0.025579,0.025761,0,0.0,19
1900-01-01 12:52:31.921,0.397372,0.589914,0.648752,1489.004196,0.058975,0.025308,0.025116,0,0.0,19
1900-01-01 12:52:33.718,0.396731,0.588909,0.648432,1489.503995,0.058521,0.02789,0.026955,0,0.0,19
1900-01-01 12:52:35.470,0.397368,0.589528,0.648894,1488.319106,0.059247,0.02636,0.025507,0,0.0,19
1900-01-01 12:52:37.268,0.397108,0.589897,0.64881,1491.290581,0.059446,0.025981,0.025732,0,0.0,19
1900-01-01 12:52:39.020,0.398022,0.590574,0.648674,1489.018792,0.05853,0.026435,0.026158,0,0.0,19
1900-01-01 12:52:40.818,0.39787,0.590665,0.64949,1490.448838,0.059018,0.027383,0.02762,0,0.0,19
1900-01-01 12:52:42.622,0.396948,0.588985,0.647497,1490.719872,0.059016,0.026141,0.026298,0,0.0,19
1900-01-01 12:52:44.418,0.396649,0.588606,0.647378,1488.151197,0.059308,0.025656,0.025187,0,0.0,19
1900-01-01 12:52:46.218,0.396878,0.589047,0.648127,1488.725929,0.059258,0.025313,0.025644,0,0.0,19
1900-01-01 12:52:48.018,0.396898,0.588875,0.648387,1488.691877,0.058334,0.02635,0.025015,0,0.0,19
1900-01-01 12:52:49.817,0.398065,0.590225,0.648657,1489.854226,0.058316,0.02608,0.026162,0,0.0,19
1900-01-01 12:52:51.617,0.398234,0.590689,0.65001,1489.854863,0.058267,0.024775,0.025197,0,0.0,19
1900-01-01 12:52:53.417,0.398132,0.59073,0.650189,1491.277164,0.057907,0.02628,0.026159,0,0.0,19
1900-01-01 12:52:55.217,0.397467,0.589593,0.648239,1490.289674,0.058635,0.026065,0.025708,0,0.0,19
1900-01-01 12:52:57.017,0.397187,0.589333,0.647795,1488.924998,0.059496,0.024787,0.02513,0,0.0,19
1900-01-01 12:52:58.817,0.397096,0.589219,0.648336,1488.44566,0.058159,0.026435,0.026162,0,0.0,19
1900-01-01 12:53:00.617,0.397496,0.590374,0.648525,1490.221571,0.058249,0.026707,0.027436,0,0.0,19
1900-01-01 12:53:02.417,0.398129,0.591451,0.649454,1491.395034,0.058566,0.025309,0.026331,0,0.0,19
1900-01-01 12:53:04.169,0.39724,0.590086,0.648973,1490.404709,0.059284,0.025369,0.025592,0,0.0,19
1900-01-01 12:53:05.966,0.396857,0.588888,0.646847,1488.635546,0.058234,0.026807,0.027668,0,0.0,19
1900-01-01 12:53:07.766,0.398508,0.591165,0.650311,1488.807128,0.059342,0.026387,0.026409,0,0.0,19
1900-01-01 12:53:09.566,0.397563,0.590112,0.648999,1490.920934,0.058375,0.025943,0.026288,0,0.0,19
1900-01-01 12:53:11.418,0.398889,0.591265,0.649391,1489.813248,0.057691,0.02567,0.026226,0,0.0,19
1900-01-01 12:53:13.268,0.398354,0.591131,0.649298,1489.95723,0.058684,0.026277,0.026556,0,0.0,19
1900-01-01 12:53:15.065,0.398046,0.590294,0.649158,1490.663675,0.058262,0.024597,0.024949,0,0.0,19
1900-01-01 12:53:16.865,0.398074,0.589706,0.648366,1490.433737,0.058507,0.026892,0.026484,0,0.0,19
1900-01-01 12:53:18.665,0.397012,0.590059,0.648295,1489.35457,0.058562,0.02773,0.028431,0,0.0,19
1900-01-01 12:53:20.465,0.397245,0.589841,0.648877,1491.070236,0.058623,0.027065,0.027127,0,0.0,19
1900-01-01 12:53:22.265,0.397849,0.59031,0.64904,1491.586246,0.058641,0.026063,0.026142,0,0.0,19
1900-01-01 12:53:24.065,0.397064,0.58889,0.647672,1488.728548,0.058095,0.027388,0.027419,0,0.0,19
1900-01-01 12:53:25.865,0.397831,0.589978,0.648662,1488.707593,0.058195,0.025468,0.025539,0,0.0,19
1900-01-01 12:53:27.665,0.397931,0.591448,0.649923,1489.59031,0.057774,0.027527,0.027665,0,0.0,19
1900-01-01 12:53:29.465,0.397388,0.589561,0.648244,1488.778316,0.057496,0.026086,0.025498,0,0.0,19
1900-01-01 12:53:31.265,0.396997,0.589788,0.648157,1489.66889,0.058027,0.026559,0.026599,0,0.0,19
1900-01-01 12:53:33.065,0.397365,0.590523,0.648811,1489.388621,0.059732,0.028109,0.028191,0,0.0,19
1900-01-01 12:53:34.916,0.39731,0.590042,0.648275,1490.197228,0.059637,0.026421,0.027717,0,0.0,19
1900-01-01 12:53:36.714,0.396127,0.588174,0.647635,1489.289803,0.057802,0.025035,0.025722,0,0.0,19
1900-01-01 12:53:38.514,0.397805,0.589946,0.64901,1489.658413,0.059445,0.025118,0.024589,0,0.0,19
1900-01-01 12:53:40.367,0.398384,0.590628,0.649966,1489.882589,0.057302,0.024391,0.02481,0,0.0,19
1900-01-01 12:53:42.164,0.39747,0.590007,0.648606,1490.776494,0.058028,0.025756,0.025585,0,0.0,19
1900-01-01 12:53:43.964,0.397417,0.590272,0.649602,1491.182868,0.058503,0.026296,0.025958,0,0.0,19
1900-01-01 12:53:45.764,0.397893,0.590529,0.649586,1491.604581,0.057077,0.026076,0.026828,0,0.0,19
1900-01-01 12:53:47.564,0.397802,0.589919,0.649055,1489.456724,0.058443,0.027099,0.026926,0,0.0,19
1900-01-01 12:53:49.367,0.397953,0.58982,0.649055,1490.183645,0.058096,0.025831,0.025955,0,0.0,19
1900-01-01 12:53:51.164,0.397517,0.590142,0.649066,1490.83684,0.05854,0.025415,0.026203,0,0.0,19
1900-01-01 12:53:52.967,0.396968,0.588836,0.648067,1489.56128,0.058042,0.027232,0.027726,0,0.0,19
1900-01-01 12:53:54.762,0.39774,0.590117,0.648529,1488.322967,0.059381,0.027485,0.027524,0,0.0,19
1900-01-01 12:53:56.615,0.397519,0.590047,0.649262,1490.307507,0.059295,0.025848,0.0264,0,0.0,19
1900-01-01 12:53:58.466,0.397401,0.589773,0.648657,1491.055624,0.058032,0.026453,0.026866,0,0.0,19
1900-01-01 12:54:00.263,0.397526,0.589891,0.649434,1490.283237,0.059226,0.028836,0.027623,0,0.0,19
1900-01-01 12:54:02.116,0.398307,0.590823,0.64957,1490.170108,0.057961,0.026073,0.026426,0,0.0,19
1900-01-01 12:54:03.966,0.398082,0.590501,0.649695,1490.003104,0.056723,0.025994,0.026299,0,0.0,19
1900-01-01 12:54:05.762,0.397935,0.590609,0.649184,1490.56373,0.058156,0.02542,0.026213,0,0.0,19
1900-01-01 12:54:07.562,0.39663,0.588901,0.647871,1490.577801,0.057716,0.026382,0.027054,0,0.0,19
1900-01-01 12:54:09.362,0.397047,0.589639,0.648193,1488.16539,0.058801,0.025467,0.026052,0,0.0,19
1900-01-01 12:54:11.162,0.397811,0.590179,0.649285,1490.080127,0.058072,0.025166,0.024527,0,0.0,19
1900-01-01 12:54:13.015,0.397055,0.58952,0.648087,1490.019988,0.058778,0.026904,0.027485,0,0.0,19
1900-01-01 12:54:14.812,0.398835,0.590717,0.649613,1488.758861,0.059244,0.026359,0.025333,0,0.0,19
1900-01-01 12:54:16.612,0.396983,0.588831,0.647172,1490.085365,0.057226,0.026546,0.027287,0,0.0,19
1900-01-01 12:54:18.465,0.397559,0.589171,0.647616,1487.040473,0.058437,0.026036,0.025769,0,0.0,19
1900-01-01 12:54:20.314,0.398364,0.590288,0.649705,1489.288585,0.058775,0.026444,0.026692,0,0.0,19
1900-01-01 12:54:22.164,0.397409,0.589565,0.648185,1489.870579,0.058578,0.025039,0.025898,0,0.0,19
1900-01-01 12:54:24.015,0.398073,0.590888,0.64964,1490.344964,0.05848,0.026426,0.026555,0,0.0,19
1900-01-01 12:54:25.812,0.397164,0.588769,0.647895,1489.170783,0.05834,0.024983,0.025423,0,0.0,19
1900-01-01 12:54:27.610,0.398224,0.59054,0.649659,1487.926232,0.058679,0.027221,0.028008,0,0.0,19
1900-01-01 12:54:29.463,0.396638,0.588075,0.64655,1489.712113,0.058781,0.02731,0.027194,0,0.0,19
1900-01-01 12:54:31.313,0.396952,0.589392,0.648925,1487.686476,0.058127,0.026252,0.026066,0,0.0,19
1900-01-01 12:54:33.111,0.396819,0.589077,0.647932,1489.045934,0.058112,0.026835,0.027407,0,0.0,19
1900-01-01 12:54:34.964,0.396754,0.58912,0.648013,1488.803756,0.058744,0.026213,0.026651,0,0.0,19
1900-01-01 12:54:36.814,0.398281,0.591137,0.649745,1490.07956,0.058204,0.025726,0.025947,0,0.0,19
1900-01-01 12:54:38.663,0.399093,0.591884,0.651052,1490.693593,0.058299,0.026188,0.026133,0,0.0,19
1900-01-01 12:54:40.513,0.398071,0.589803,0.648563,1490.540847,0.059043,0.027422,0.027437,0,0.0,19
1900-01-01 12:54:42.310,0.396582,0.589768,0.648345,1490.401304,0.057502,0.026518,0.027198,0,0.0,19
1900-01-01 12:54:44.162,0.398611,0.591149,0.650116,1489.411013,0.05911,0.026513,0.027453,0,0.0,19
1900-01-01 12:54:45.959,0.397689,0.590224,0.648964,1491.597716,0.058174,0.025735,0.025746,0,0.0,19
1900-01-01 12:54:47.759,0.396837,0.589561,0.647994,1489.718658,0.058495,0.027671,0.028474,0,0.0,19
1900-01-01 12:54:49.612,0.396462,0.588092,0.646867,1488.205817,0.058796,0.026962,0.027115,0,0.0,19
1900-01-01 12:54:51.462,0.397889,0.589695,0.648389,1487.966816,0.057964,0.027987,0.027632,0,0.0,19
1900-01-01 12:54:53.260,0.397771,0.59056,0.649337,1488.547706,0.058612,0.024873,0.025818,0,0.0,19
1900-01-01 12:54:55.111,0.397883,0.590326,0.648945,1491.195718,0.058885,0.028577,0.028656,0,0.0,19
1900-01-01 12:54:56.962,0.397511,0.589935,0.649,1489.962889,0.057942,0.025443,0.025402,0,0.0,19
1900-01-01 12:54:58.812,0.397826,0.590351,0.649154,1489.842546,0.058724,0.027201,0.026935,0,0.0,19
1900-01-01 12:55:00.662,0.397943,0.590379,0.649382,1491.432838,0.058361,0.026154,0.026215,0,0.0,19
1900-01-01 12:55:02.511,0.398097,0.59087,0.649372,1491.425421,0.059818,0.028469,0.028676,0,0.0,19
1900-01-01 12:55:04.361,0.397872,0.590115,0.648205,1491.09643,0.058304,0.02606,0.026179,0,0.0,19
1900-01-01 12:55:06.210,0.397077,0.589183,0.647956,1488.589906,0.058087,0.0267,0.026815,0,0.0,19
1900-01-01 12:55:08.062,0.397792,0.591222,0.649788,1490.890119,0.058835,0.024895,0.026414,0,0.0,19
1900-01-01 12:55:09.911,0.395916,0.588627,0.647738,1489.084591,0.059536,0.025373,0.025903,0,0.0,19
1900-01-01 12:55:11.761,0.397625,0.589886,0.64825,1488.453588,0.058517,0.02696,0.027357,0,0.0,19
1900-01-01 12:55:13.612,0.397508,0.59017,0.649322,1489.718361,0.059546,0.025336,0.026203,0,0.0,19
1900-01-01 12:55:15.462,0.397202,0.589829,0.648771,1490.83393,0.059017,0.027472,0.027156,0,0.0,19
1900-01-01 12:55:17.258,0.397178,0.589475,0.648688,1489.566165,0.058677,0.025823,0.025403,0,0.0,19
1900-01-01 12:55:19.111,0.397749,0.590622,0.649193,1489.444949,0.057419,0.025909,0.025908,0,0.0,19
1900-01-01 12:55:20.961,0.398544,0.591384,0.650137,1491.810022,0.059331,0.025401,0.025506,0,0.0,19
1900-01-01 12:55:22.758,0.396933,0.589566,0.648529,1492.437303,0.059218,0.026535,0.026521,0,0.0,19
1900-01-01 12:55:24.610,0.396689,0.589343,0.647725,1488.379967,0.058934,0.026226,0.02716,0,0.0,19
1900-01-01 12:55:26.460,0.397937,0.590638,0.649605,1489.564754,0.058368,0.026245,0.026819,0,0.0,19
1900-01-01 12:55:28.310,0.397191,0.589795,0.648771,1490.528104,0.058094,0.025737,0.025902,0,0.0,19
1900-01-01 12:55:30.106,0.398391,0.590831,0.649716,1490.500726,0.057584,0.027122,0.026269,0,0.0,19
1900-01-01 12:55:31.959,0.398151,0.590849,0.649386,1490.449995,0.058518,0.025179,0.025348,0,0.0,19
1900-01-01 12:55:33.810,0.397993,0.590533,0.649263,1490.912983,0.058845,0.026561,0.025613,0,0.0,19
1900-01-01 12:55:35.660,0.398019,0.590618,0.649576,1491.300313,0.057744,0.025698,0.026086,0,0.0,19
1900-01-01 12:55:37.510,0.396915,0.589255,0.648389,1489.865482,0.058265,0.026372,0.025917,0,0.0,19
1900-01-01 12:55:39.359,0.397236,0.589924,0.648761,1490.022963,0.057678,0.025882,0.025728,0,0.0,19
1900-01-01 12:55:41.209,0.397074,0.589204,0.648121,1489.911356,0.058245,0.027078,0.027053,0,0.0,19
1900-01-01 12:55:43.055,0.397413,0.589734,0.647756,1489.571856,0.059644,0.026459,0.026655,0,0.0,19
1900-01-01 12:55:44.908,0.397125,0.58961,0.648345,1488.032797,0.058212,0.025896,0.026258,0,0.0,19
1900-01-01 12:55:46.759,0.397038,0.58836,0.647918,1489.112135,0.058874,0.024462,0.024719,0,0.0,19
1900-01-01 12:55:48.609,0.396842,0.589011,0.648682,1488.117181,0.059258,0.027941,0.028056,0,0.0,19
1900-01-01 12:55:50.458,0.396416,0.589331,0.648592,1489.938815,0.057505,0.025651,0.026181,0,0.0,19
1900-01-01 12:55:52.308,0.396027,0.587723,0.64741,1488.300676,0.058054,0.023974,0.024186,0,0.0,19
1900-01-01 12:55:54.158,0.397824,0.590938,0.649139,1488.496914,0.058151,0.026471,0.027693,0,0.0,19
1900-01-01 12:55:55.956,0.39615,0.588174,0.647456,1489.496961,0.057442,0.026085,0.025199,0,0.0,19
1900-01-01 12:55:57.809,0.397406,0.589905,0.648256,1487.567168,0.057882,0.02587,0.026127,0,0.0,19
1900-01-01 12:55:59.658,0.397534,0.589714,0.648026,1490.428401,0.058449,0.026509,0.026166,0,0.0,19
1900-01-01 12:56:01.508,0.396203,0.588447,0.647465,1486.819971,0.058227,0.025762,0.026249,0,0.0,19
1900-01-01 12:56:03.358,0.397744,0.590666,0.649417,1489.814512,0.058221,0.025651,0.025661,0,0.0,19
1900-01-01 12:56:05.207,0.39739,0.591023,0.649954,1491.193378,0.059083,0.024986,0.025599,0,0.0,19
1900-01-01 12:56:07.057,0.397015,0.590096,0.64823,1490.084657,0.058933,0.025478,0.026235,0,0.0,19
1900-01-01 12:56:08.906,0.397208,0.590796,0.649104,1489.719522,0.058103,0.026087,0.027139,0,0.0,19
1900-01-01 12:56:10.758,0.397194,0.589731,0.648136,1490.762829,0.058535,0.026675,0.02722,0,0.0,19
1900-01-01 12:56:12.607,0.397196,0.590583,0.649457,1489.622625,0.057686,0.026078,0.026262,0,0.0,19
1900-01-01 12:56:14.457,0.397321,0.590879,0.648945,1491.529682,0.058534,0.024481,0.026735,0,0.0,19
1900-01-01 12:56:16.306,0.397841,0.590921,0.649839,1490.685943,0.058117,0.025282,0.025478,0,0.0,19
1900-01-01 12:56:18.153,0.397327,0.589659,0.648672,1490.226117,0.05798,0.026351,0.026386,0,0.0,19
1900-01-01 12:56:20.054,0.397443,0.589493,0.648347,1489.66284,0.058541,0.027432,0.026709,0,0.0,19
1900-01-01 12:56:21.906,0.39693,0.589485,0.648245,1488.784748,0.058221,0.025192,0.02591,0,0.0,19
1900-01-01 12:56:23.756,0.397659,0.590589,0.649655,1489.457715,0.057254,0.024829,0.025283,0,0.0,19
1900-01-01 12:56:25.607,0.396972,0.590062,0.648528,1490.974115,0.057143,0.025121,0.025986,0,0.0,19
1900-01-01 12:56:27.457,0.396935,0.589644,0.648081,1488.448491,0.057524,0.025749,0.025441,0,0.0,19
1900-01-01 12:56:29.306,0.396802,0.589641,0.648354,1489.173838,0.059295,0.025735,0.02574,0,0.0,19
1900-01-01 12:56:31.156,0.396373,0.588793,0.647723,1488.986234,0.058649,0.027299,0.026765,0,0.0,19
1900-01-01 12:56:33.006,0.395715,0.587976,0.646502,1488.267545,0.058674,0.02764,0.02752,0,0.0,19
1900-01-01 12:56:34.855,0.396285,0.58857,0.646456,1485.823239,0.058218,0.025565,0.026051,0,0.0,19
1900-01-01 12:56:36.705,0.397094,0.589832,0.648592,1488.31087,0.05711,0.025197,0.024846,0,0.0,19
1900-01-01 12:56:38.556,0.397937,0.590905,0.649848,1490.288926,0.057568,0.026372,0.025712,0,0.0,19
1900-01-01 12:56:40.406,0.396541,0.589236,0.647962,1491.022522,0.05732,0.025423,0.025624,0,0.0,19
1900-01-01 12:56:42.255,0.396271,0.588726,0.647837,1488.11307,0.057982,0.025579,0.026204,0,0.0,19
1900-01-01 12:56:44.105,0.397125,0.589511,0.648374,1488.502011,0.058081,0.026043,0.026818,0,0.0,19
1900-01-01 12:56:46.002,0.397225,0.590845,0.649978,1489.794228,0.057986,0.024895,0.0249,0,0.0,19
1900-01-01 12:56:47.855,0.396125,0.588293,0.647279,1490.16502,0.057727,0.027105,0.027296,0,0.0,19
1900-01-01 12:56:49.705,0.39788,0.590402,0.648597,1488.117181,0.057697,0.026406,0.026622,0,0.0,19
1900-01-01 12:56:51.554,0.397199,0.590671,0.64978,1490.933286,0.057973,0.024743,0.025627,0,0.0,19
1900-01-01 12:56:53.404,0.396643,0.589568,0.647723,1489.304803,0.058293,0.02631,0.026892,0,0.0,19
1900-01-01 12:56:55.255,0.396799,0.589659,0.64827,1488.923644,0.058245,0.026689,0.027496,0,0.0,19
1900-01-01 12:56:57.153,0.396542,0.589694,0.648652,1490.001044,0.057501,0.026126,0.026296,0,0.0,19
1900-01-01 12:56:59.052,0.397432,0.589714,0.648671,1489.373427,0.058529,0.027147,0.026972,0,0.0,19
1900-01-01 12:57:00.905,0.396471,0.589656,0.648856,1489.340628,0.058246,0.02615,0.026318,0,0.0,19
1900-01-01 12:57:02.754,0.396526,0.589209,0.64808,1489.854668,0.058259,0.02802,0.028303,0,0.0,19
1900-01-01 12:57:04.652,0.396605,0.588898,0.64824,1489.414798,0.057803,0.025086,0.025161,0,0.0,19
1900-01-01 12:57:06.500,0.397512,0.589756,0.649283,1489.866804,0.057906,0.027694,0.027682,0,0.0,19
1900-01-01 12:57:08.454,0.397303,0.589842,0.648831,1490.024909,0.057668,0.027656,0.026838,0,0.0,19
1900-01-01 12:57:10.351,0.396278,0.588041,0.647329,1489.423903,0.058348,0.027974,0.027256,0,0.0,19
1900-01-01 12:57:12.252,0.398133,0.590965,0.649232,1488.564124,0.058429,0.027924,0.027847,0,0.0,19
1900-01-01 12:57:14.103,0.396538,0.589047,0.647168,1489.310814,0.058014,0.025464,0.025451,0,0.0,19
1900-01-01 12:57:15.953,0.397829,0.590893,0.649402,1489.452618,0.057386,0.027012,0.027979,0,0.0,19
1900-01-01 12:57:17.802,0.39756,0.590231,0.649074,1489.78072,0.057059,0.026057,0.025624,0,0.0,19
1900-01-01 12:57:19.702,0.484909,0.619966,0.662225,1392.802602,0.059265,0.057591,0.030735,0,0.0,19
1900-01-01 12:57:21.553,0.49568,0.621826,0.66385,1220.299287,0.059494,0.026008,0.026779,0,0.0,19
1900-01-01 12:57:23.450,0.499271,0.621365,0.662876,1205.382178,0.059985,0.027869,0.027988,0,1.0,19
1900-01-01 12:57:25.351,0.49757,0.621611,0.66331,1198.939476,0.059346,0.0291,0.028218,1,1.0,19
1900-01-01 12:57:27.202,0.4961,0.62018,0.661934,1207.171182,0.059001,0.027105,0.025957,0,1.0,19
1900-01-01 12:57:29.100,0.493762,0.620004,0.661803,1203.913034,0.059077,0.026801,0.027257,0,1.0,19
1900-01-01 12:57:31.001,0.496352,0.622315,0.663257,1199.333823,0.059722,0.026821,0.027339,1,1.0,19
1900-01-01 12:57:32.900,0.493056,0.621961,0.663615,1189.728613,0.05895,0.028925,0.026904,1,1.0,19
1900-01-01 12:57:34.799,0.48109,0.621098,0.662624,1193.18465,0.059567,0.027231,0.026261,1,1.0,19
1900-01-01 12:57:36.652,0.482185,0.623201,0.664379,1194.182941,0.059578,0.026289,0.026112,1,1.0,19
1900-01-01 12:57:38.550,0.476888,0.623155,0.663207,1174.218187,0.060516,0.025898,0.025558,1,1.0,19
1900-01-01 12:57:40.449,0.473509,0.624289,0.664278,1168.197904,0.06044,0.025561,0.025831,1,1.0,19
1900-01-01 12:57:42.302,0.469911,0.623813,0.663606,1170.003328,0.060372,0.024494,0.025617,1,1.0,19
1900-01-01 12:57:44.199,0.467027,0.622967,0.663762,1171.759654,0.059142,0.02595,0.025809,1,1.0,19
1900-01-01 12:57:46.052,0.464173,0.621733,0.662024,1173.29835,0.059341,0.02585,0.027416,1,1.0,19
1900-01-01 12:57:47.902,0.4633,0.622975,0.663307,1172.94881,0.059656,0.025587,0.027063,1,1.0,19
1900-01-01 12:57:49.852,0.463102,0.623892,0.663884,1173.937319,0.059916,0.025801,0.026423,1,1.0,19
1900-01-01 12:57:51.702,0.461089,0.622929,0.663223,1174.8067,0.059528,0.025155,0.025722,1,1.0,19
1900-01-01 12:57:53.599,0.459986,0.623543,0.663491,1177.018766,0.060042,0.024557,0.026382,1,1.0,19
1900-01-01 12:57:55.498,0.458034,0.622456,0.662977,1176.969582,0.059732,0.025267,0.025962,1,1.0,19
1900-01-01 12:57:57.450,0.46503,0.627683,0.66544,1168.982175,0.059145,0.027829,0.027292,1,1.0,19
1900-01-01 12:57:59.348,0.468752,0.629808,0.6669,1114.905501,0.059983,0.025658,0.026481,1,1.0,19
1900-01-01 12:58:01.201,0.462541,0.62589,0.663636,1108.125603,0.05829,0.026265,0.026694,1,1.0,19
1900-01-01 12:58:03.050,0.460053,0.62551,0.663861,1117.321063,0.058234,0.02589,0.025334,1,1.0,19
1900-01-01 12:58:04.900,0.458597,0.626451,0.664399,1120.614438,0.059041,0.025563,0.026784,1,1.0,19
1900-01-01 12:58:06.750,0.458779,0.628012,0.665701,1121.437618,0.058856,0.024363,0.024532,1,1.0,19
1900-01-01 12:58:08.647,0.45669,0.626532,0.664362,1123.284366,0.058783,0.025801,0.02734,1,1.0,19
1900-01-01 12:58:10.548,0.45399,0.624547,0.662831,1123.229724,0.058799,0.025503,0.026819,1,1.0,19
1900-01-01 12:58:12.399,0.453268,0.626713,0.664724,1128.101988,0.060265,0.025723,0.027028,1,1.0,19
1900-01-01 12:58:14.249,0.450762,0.624953,0.663779,1134.417358,0.059479,0.025458,0.025976,1,1.0,19
1900-01-01 12:58:16.148,0.449024,0.624601,0.663456,1138.049448,0.060111,0.02505,0.025259,1,1.0,19
1900-01-01 12:58:18.047,0.447674,0.624167,0.663049,1140.350989,0.059083,0.025198,0.02571,1,1.0,19
1900-01-01 12:58:19.948,0.445655,0.623329,0.662078,1143.641545,0.059896,0.025661,0.02558,1,1.0,19
1900-01-01 12:58:21.799,0.44513,0.622827,0.661716,1142.906129,0.058739,0.025575,0.02661,1,1.0,19
1900-01-01 12:58:23.697,0.444642,0.623946,0.662645,1144.247606,0.058564,0.025216,0.02627,1,1.0,19
1900-01-01 12:58:25.596,0.443245,0.62336,0.662527,1146.992439,0.059168,0.025862,0.026082,1,1.0,19
1900-01-01 12:58:27.497,0.442023,0.623017,0.662372,1146.823607,0.059606,0.025762,0.026834,1,1.0,19
1900-01-01 12:58:29.398,0.441838,0.623254,0.662672,1146.43422,0.059979,0.024429,0.025685,1,1.0,19
1900-01-01 12:58:31.297,0.441426,0.62383,0.663374,1148.335625,0.05834,0.025453,0.026325,1,1.0,19
1900-01-01 12:58:33.196,0.441437,0.625071,0.664438,1149.673846,0.060525,0.026211,0.026385,1,1.0,19
1900-01-01 12:58:35.049,0.439372,0.624037,0.663759,1152.12624,0.05958,0.024743,0.026023,1,1.0,19
1900-01-01 12:58:36.946,0.438381,0.623081,0.662842,1153.243406,0.060323,0.0255,0.026557,1,1.0,19
1900-01-01 12:58:38.846,0.43878,0.62476,0.66426,1154.714708,0.059701,0.026123,0.026786,1,1.0,19
1900-01-01 12:58:40.698,0.435891,0.622223,0.66218,1155.125503,0.058454,0.025922,0.027599,1,1.0,19
1900-01-01 12:58:42.596,0.437109,0.624419,0.663541,1155.585006,0.060038,0.025518,0.026945,1,1.0,19
1900-01-01 12:58:44.447,0.43575,0.623542,0.663269,1156.429045,0.058828,0.024843,0.025252,1,1.0,19
1900-01-01 12:58:46.297,0.435337,0.624056,0.663645,1156.319554,0.059467,0.024199,0.025025,1,1.0,19
1900-01-01 12:58:48.194,0.43509,0.624462,0.663815,1157.910992,0.059495,0.024574,0.026244,1,1.0,19
1900-01-01 12:58:50.095,0.435008,0.624889,0.664286,1157.604918,0.058798,0.023731,0.0251,1,1.0,19
1900-01-01 12:58:51.994,0.432673,0.622304,0.662164,1156.804404,0.05995,0.025551,0.026772,1,1.0,19
1900-01-01 12:58:53.895,0.434093,0.624583,0.664354,1157.805812,0.06012,0.025426,0.026222,1,1.0,19
1900-01-01 12:58:55.796,0.431483,0.622625,0.662599,1158.267124,0.059462,0.025553,0.027432,1,1.0,19
1900-01-01 12:58:57.694,0.431601,0.623537,0.662728,1159.226687,0.059234,0.024864,0.027067,1,1.0,19
1900-01-01 12:58:59.594,0.431626,0.624147,0.663888,1160.615663,0.059266,0.024897,0.025854,1,1.0,19
1900-01-01 12:59:01.494,0.429423,0.622569,0.66208,1159.474183,0.058552,0.024742,0.025824,1,1.0,19
1900-01-01 12:59:03.394,0.429404,0.623185,0.663119,1161.997846,0.05906,0.024847,0.025917,1,1.0,19
1900-01-01 12:59:05.294,0.427962,0.62127,0.661243,1160.848922,0.059045,0.025277,0.025974,1,1.0,19
1900-01-01 12:59:07.194,0.42836,0.623282,0.662902,1160.910959,0.058131,0.025076,0.025942,1,1.0,19
1900-01-01 12:59:09.094,0.427478,0.622826,0.663168,1161.429588,0.057441,0.0262,0.026845,1,1.0,19
1900-01-01 12:59:10.994,0.428031,0.623824,0.663129,1161.841513,0.057926,0.026194,0.027598,1,1.0,19
1900-01-01 12:59:12.894,0.437114,0.627438,0.664846,1139.394063,0.059529,0.026181,0.02601,1,1.0,19
1900-01-01 12:59:14.745,0.43564,0.626625,0.664222,1121.222086,0.059394,0.025725,0.025858,1,1.0,19
1900-01-01 12:59:16.642,0.434462,0.625835,0.664314,1117.806539,0.059777,0.024459,0.024737,1,1.0,19
1900-01-01 12:59:18.543,0.433549,0.625143,0.663184,1118.242097,0.059731,0.025205,0.025639,1,1.0,19
1900-01-01 12:59:20.442,0.433225,0.626774,0.663993,1117.035158,0.060029,0.023965,0.026116,1,1.0,19
1900-01-01 12:59:22.343,0.431787,0.626453,0.664446,1119.963336,0.059387,0.024195,0.025289,1,1.0,19
1900-01-01 12:59:24.244,0.430218,0.625685,0.662933,1119.464822,0.059822,0.026259,0.028304,1,1.0,19
1900-01-01 12:59:26.143,0.430043,0.627186,0.664757,1119.741393,0.058458,0.025112,0.025874,1,1.0,19
1900-01-01 12:59:28.042,0.428664,0.626614,0.663799,1122.492319,0.058822,0.02463,0.026559,1,1.0,19
1900-01-01 12:59:29.943,0.427385,0.625293,0.663242,1119.903812,0.057891,0.02506,0.025849,1,1.0,19
1900-01-01 12:59:31.794,0.416246,0.620915,0.661334,1138.766981,0.058211,0.024622,0.026761,1,1.0,19
1900-01-01 12:59:33.694,0.415065,0.621414,0.661925,1166.851618,0.058981,0.025679,0.027392,1,1.0,19
1900-01-01 12:59:35.545,0.415282,0.622489,0.66257,1169.259131,0.05861,0.02393,0.025107,1,1.0,19
1900-01-01 12:59:37.442,0.412506,0.621326,0.661471,1172.100154,0.057929,0.024106,0.026644,1,1.0,19
1900-01-01 12:59:39.343,0.413189,0.621315,0.660985,1173.510265,0.059295,0.025069,0.027077,1,1.0,19
1900-01-01 12:59:41.242,0.412362,0.621209,0.661806,1164.689729,0.058615,0.024721,0.025496,1,1.0,19
1900-01-01 12:59:43.142,0.411395,0.622025,0.662486,1173.769978,0.057618,0.02422,0.026174,1,1.0,19
1900-01-01 12:59:45.041,0.409354,0.620512,0.661114,1175.964054,0.058821,0.024684,0.026919,1,1.0,19
1900-01-01 12:59:46.990,0.409488,0.621276,0.661982,1175.303504,0.058932,0.024865,0.026543,1,1.0,19
1900-01-01 12:59:48.890,0.408809,0.620483,0.661175,1175.556643,0.058534,0.025183,0.026,1,1.0,19
1900-01-01 12:59:50.791,0.409032,0.621105,0.661947,1175.323271,0.059596,0.024231,0.025649,1,1.0,19
1900-01-01 12:59:52.692,0.406867,0.62039,0.661328,1175.370395,0.058222,0.023661,0.024969,1,1.0,19
1900-01-01 12:59:54.591,0.406899,0.621292,0.661942,1176.477991,0.05887,0.02538,0.027486,1,1.0,19
1900-01-01 12:59:56.492,0.405593,0.61997,0.660642,1176.330221,0.05914,0.02515,0.02754,1,1.0,19
1900-01-01 12:59:58.391,0.405981,0.620844,0.66155,1176.351369,0.058135,0.02483,0.026032,1,1.0,19
1900-01-01 13:00:00.290,0.405168,0.621021,0.661975,1176.37868,0.058013,0.024664,0.026043,1,1.0,19
1900-01-01 13:00:02.239,0.40375,0.620355,0.66086,1176.699319,0.058327,0.024086,0.025918,1,1.0,19
1900-01-01 13:00:04.140,0.403353,0.61915,0.659511,1175.749861,0.058312,0.024735,0.026319,1,1.0,19
1900-01-01 13:00:06.089,0.402917,0.620697,0.661115,1174.986603,0.05762,0.02484,0.026807,1,1.0,19
1900-01-01 13:00:07.942,0.401602,0.619333,0.659976,1176.819826,0.058339,0.025353,0.025148,1,1.0,19
1900-01-01 13:00:09.841,0.401333,0.620053,0.661346,1175.554395,0.058592,0.024892,0.026366,1,1.0,19
1900-01-01 13:00:11.740,0.401394,0.621455,0.661772,1177.659797,0.059154,0.02467,0.026722,1,1.0,19
1900-01-01 13:00:13.639,0.399263,0.620036,0.660645,1176.761028,0.058751,0.024797,0.027643,1,1.0,19
1900-01-01 13:00:15.540,0.399545,0.621039,0.661792,1176.848578,0.05876,0.023663,0.025808,1,1.0,19
1900-01-01 13:00:17.439,0.39877,0.621134,0.662038,1177.103653,0.059979,0.024361,0.025767,1,1.0,19
1900-01-01 13:00:19.388,0.397772,0.621279,0.661944,1178.779738,0.057041,0.023547,0.025507,1,1.0,19
1900-01-01 13:00:21.342,0.395962,0.620313,0.660764,1179.260166,0.05807,0.024942,0.027449,1,1.0,19
1900-01-01 13:00:23.239,0.395329,0.620631,0.660987,1179.42215,0.05858,0.02427,0.02624,1,1.0,19
1900-01-01 13:00:25.188,0.395275,0.621322,0.661827,1181.994709,0.058928,0.023949,0.025732,1,1.0,19
1900-01-01 13:00:27.089,0.393695,0.620545,0.661019,1182.77619,0.057658,0.024283,0.025763,1,1.0,19
1900-01-01 13:00:29.041,0.3923,0.619727,0.660696,1184.884992,0.058485,0.024323,0.0255,1,1.0,19
1900-01-01 13:00:30.938,0.392813,0.621301,0.661834,1184.783163,0.059233,0.024606,0.026301,1,1.0,19
1900-01-01 13:00:32.838,0.391284,0.620403,0.661785,1185.899443,0.058371,0.024254,0.02637,1,1.0,19
1900-01-01 13:00:34.738,0.390695,0.619875,0.660697,1186.512368,0.058797,0.023709,0.025805,1,1.0,19
1900-01-01 13:00:36.639,0.390036,0.619702,0.660681,1186.431965,0.058032,0.023849,0.025636,1,1.0,19
1900-01-01 13:00:38.538,0.388776,0.618449,0.659629,1186.473683,0.058361,0.023806,0.025052,1,1.0,19
1900-01-01 13:00:40.438,0.389004,0.619996,0.660726,1186.328739,0.057841,0.022998,0.025989,1,1.0,19
1900-01-01 13:00:42.338,0.387957,0.618493,0.659488,1186.998738,0.059092,0.024372,0.026731,1,1.0,19
1900-01-01 13:00:44.290,0.387692,0.620149,0.661171,1187.471856,0.058359,0.024971,0.02778,1,1.0,19
1900-01-01 13:00:46.241,0.386686,0.619109,0.660297,1187.035952,0.057645,0.024765,0.027229,1,1.0,19
1900-01-01 13:00:48.138,0.385598,0.618708,0.660449,1186.982744,0.057032,0.023758,0.025402,1,1.0,19
1900-01-01 13:00:50.090,0.385974,0.619773,0.660569,1188.309991,0.058156,0.024304,0.026345,1,1.0,19
1900-01-01 13:00:51.988,0.385084,0.619672,0.660966,1186.300815,0.057906,0.023966,0.02535,1,1.0,19
1900-01-01 13:00:53.940,0.383892,0.619275,0.660526,1187.836577,0.057971,0.023822,0.025708,1,1.0,19
1900-01-01 13:00:55.838,0.383477,0.619567,0.66083,1187.279548,0.057529,0.023639,0.025332,1,1.0,19
1900-01-01 13:00:57.790,0.383217,0.620388,0.661105,1187.793101,0.057491,0.023533,0.024933,1,1.0,19
1900-01-01 13:00:59.735,0.382578,0.619645,0.660682,1187.210914,0.058604,0.024661,0.026289,1,1.0,19
1900-01-01 13:01:01.689,0.381436,0.618876,0.659339,1187.114158,0.058425,0.024422,0.027622,1,1.0,19
1900-01-01 13:01:03.586,0.381349,0.618683,0.659703,1187.062277,0.058113,0.024337,0.026752,1,1.0,19
1900-01-01 13:01:05.487,0.381515,0.619556,0.660758,1188.840213,0.059782,0.023934,0.026356,1,1.0,19
1900-01-01 13:01:07.386,0.381225,0.620199,0.661579,1189.438128,0.057513,0.022901,0.025929,1,1.0,19
1900-01-01 13:01:09.335,0.379922,0.618906,0.659776,1189.44551,0.057903,0.023907,0.025305,1,1.0,19
1900-01-01 13:01:11.289,0.379714,0.619854,0.660881,1190.665948,0.057762,0.023349,0.025671,1,1.0,19
1900-01-01 13:01:13.234,0.379868,0.619856,0.66071,1190.80338,0.058388,0.023569,0.025364,1,1.0,19
1900-01-01 13:01:15.188,0.379303,0.620173,0.661262,1191.175071,0.058258,0.024134,0.026393,1,1.0,19
1900-01-01 13:01:17.138,0.37845,0.619931,0.661019,1190.741379,0.057643,0.023899,0.026157,1,1.0,19
1900-01-01 13:01:19.036,0.377333,0.618104,0.659538,1189.790966,0.05791,0.024014,0.026014,1,1.0,19
1900-01-01 13:01:20.988,0.377635,0.619622,0.660108,1190.128767,0.058718,0.024182,0.027489,1,1.0,19
1900-01-01 13:01:22.938,0.375973,0.617831,0.659436,1189.251984,0.057967,0.023146,0.024492,1,1.0,19
1900-01-01 13:01:24.887,0.377743,0.621158,0.662076,1190.766333,0.057879,0.023439,0.025891,1,1.0,19
1900-01-01 13:01:26.786,0.376937,0.620036,0.660674,1191.786842,0.058491,0.024186,0.025475,1,1.0,19
1900-01-01 13:01:28.686,0.375801,0.618957,0.66001,1190.2594,0.05928,0.023919,0.026545,1,1.0,19
1900-01-01 13:01:30.585,0.376096,0.620481,0.661772,1190.840901,0.059954,0.023923,0.026935,1,1.0,19
1900-01-01 13:01:32.486,0.375171,0.619979,0.661551,1192.53071,0.058641,0.023679,0.026953,1,1.0,19
1900-01-01 13:01:34.385,0.374918,0.620623,0.661801,1192.755128,0.059953,0.023625,0.025837,1,1.0,19
1900-01-01 13:01:36.286,0.373961,0.619841,0.661357,1192.347177,0.059394,0.023074,0.025882,1,1.0,19
1900-01-01 13:01:38.238,0.373835,0.620426,0.661261,1191.836435,0.059168,0.022963,0.026958,1,1.0,19
1900-01-01 13:01:40.135,0.373888,0.619865,0.660837,1191.635417,0.059348,0.023758,0.025963,1,1.0,19
1900-01-01 13:01:42.034,0.372156,0.619022,0.660079,1191.630427,0.058546,0.022553,0.026263,1,1.0,19
1900-01-01 13:01:43.983,0.389335,0.626678,0.662675,1188.371433,0.061281,0.058997,0.042292,1,1.0,19
1900-01-01 13:01:45.937,0.427306,0.642011,0.670365,1002.756467,0.060825,0.024035,0.025915,1,1.0,19
1900-01-01 13:01:47.882,0.425823,0.643125,0.671617,935.398941,0.060013,0.024089,0.026784,1,1.0,19
1900-01-01 13:01:49.783,0.423374,0.642381,0.670864,935.001977,0.060045,0.024499,0.027034,1,1.0,19
1900-01-01 13:01:51.684,0.421405,0.64214,0.671434,937.211811,0.061816,0.02427,0.026951,1,1.0,19
1900-01-01 13:01:53.583,0.418555,0.641212,0.670742,949.650773,0.060775,0.023395,0.025896,1,1.0,19
1900-01-01 13:01:55.532,0.417451,0.641244,0.670943,954.014738,0.060132,0.025127,0.026638,1,1.0,19
1900-01-01 13:01:57.486,0.415238,0.641019,0.670449,955.009984,0.058639,0.023654,0.025428,1,1.0,19
1900-01-01 13:01:59.436,0.413307,0.640583,0.670103,955.987447,0.059962,0.025172,0.026866,1,1.0,19
1900-01-01 13:02:01.334,0.412326,0.641175,0.67039,959.08829,0.060536,0.024572,0.027334,1,1.0,19
1900-01-01 13:02:03.233,0.410073,0.639965,0.669726,960.803442,0.06037,0.023798,0.026395,1,1.0,19
1900-01-01 13:02:05.182,0.407833,0.638784,0.669095,960.038274,0.059884,0.024593,0.02682,1,1.0,19
1900-01-01 13:02:07.082,0.408057,0.640462,0.670754,963.045343,0.060734,0.024255,0.025833,1,1.0,19
1900-01-01 13:02:09.031,0.407276,0.641871,0.67158,963.88221,0.060962,0.024618,0.025334,1,1.0,19
1900-01-01 13:02:11.033,0.404725,0.640687,0.670445,964.358987,0.060464,0.024574,0.027544,1,1.0,19
1900-01-01 13:02:13.034,0.403483,0.640607,0.670437,964.859214,0.060397,0.024174,0.026509,1,1.0,19
1900-01-01 13:02:14.932,0.401748,0.639811,0.670177,964.588072,0.060538,0.023697,0.026729,1,1.0,19
1900-01-01 13:02:16.833,0.400426,0.639284,0.669409,963.972874,0.06018,0.023224,0.025811,1,1.0,19
1900-01-01 13:02:18.780,0.399652,0.640432,0.670669,965.06006,0.059785,0.023899,0.02722,1,1.0,19
1900-01-01 13:02:20.734,0.397937,0.639928,0.669669,964.627807,0.059806,0.023666,0.026401,1,1.0,19
1900-01-01 13:02:22.633,0.396821,0.63947,0.669484,964.088166,0.060662,0.02491,0.027497,1,1.0,19
1900-01-01 13:02:24.583,0.395685,0.640539,0.670809,963.741493,0.061081,0.023419,0.026808,1,1.0,19
1900-01-01 13:02:26.530,0.394439,0.64054,0.669833,965.072168,0.059522,0.023534,0.026868,1,1.0,19
1900-01-01 13:02:28.484,0.393342,0.640734,0.670586,964.417885,0.059636,0.023792,0.027281,1,1.0,19
1900-01-01 13:02:30.434,0.39208,0.640677,0.670578,965.63467,0.060385,0.023327,0.026369,1,1.0,19
1900-01-01 13:02:32.380,0.390229,0.639745,0.669764,965.834027,0.060748,0.022634,0.026131,1,1.0,19
1900-01-01 13:02:34.334,0.389298,0.640296,0.670426,966.60156,0.060136,0.0246,0.027203,1,1.0,19
1900-01-01 13:02:36.231,0.387726,0.640036,0.670411,970.931686,0.061817,0.024961,0.02863,1,1.0,19
1900-01-01 13:02:38.183,0.386832,0.640174,0.670608,971.542331,0.060954,0.023831,0.027452,1,1.0,19
1900-01-01 13:02:40.129,0.384504,0.638487,0.668787,971.554306,0.059347,0.023499,0.02632,1,1.0,19
1900-01-01 13:02:42.082,0.384132,0.639179,0.669755,971.941089,0.060167,0.024108,0.026831,1,1.0,19
1900-01-01 13:02:44.033,0.382811,0.639586,0.670492,972.996705,0.06062,0.02296,0.026157,1,1.0,19
1900-01-01 13:02:46.031,0.381027,0.639188,0.670157,974.034493,0.060774,0.022896,0.025492,1,1.0,19
1900-01-01 13:02:47.978,0.381328,0.640186,0.670645,974.199087,0.059528,0.024008,0.027188,1,1.0,19
1900-01-01 13:02:49.932,0.379198,0.638528,0.66957,974.752339,0.060559,0.023264,0.025237,1,1.0,19
1900-01-01 13:02:51.882,0.379565,0.641102,0.671361,975.269804,0.059719,0.023458,0.026424,1,1.0,19
1900-01-01 13:02:53.833,0.377195,0.63915,0.669593,974.458754,0.059719,0.023395,0.026055,1,1.0,19
1900-01-01 13:02:55.831,0.376387,0.64021,0.670603,975.223814,0.060562,0.022932,0.02718,1,1.0,19
1900-01-01 13:02:57.778,0.375056,0.639418,0.669777,975.518846,0.060388,0.023058,0.026761,1,1.0,19
1900-01-01 13:02:59.732,0.374162,0.639617,0.669876,975.50999,0.059602,0.023092,0.026289,1,1.0,19
1900-01-01 13:03:01.630,0.372542,0.638284,0.669262,974.564189,0.060524,0.022506,0.026616,1,1.0,19
1900-01-01 13:03:03.582,0.372103,0.640075,0.670316,975.225775,0.060535,0.023104,0.028845,1,1.0,19
1900-01-01 13:03:05.479,0.371156,0.639491,0.669791,976.364775,0.059987,0.022188,0.025752,1,1.0,19
1900-01-01 13:03:07.431,0.369564,0.638886,0.669765,976.493846,0.059635,0.022224,0.0262,1,1.0,19
1900-01-01 13:03:09.382,0.368887,0.639352,0.669998,976.350961,0.060392,0.022452,0.026018,1,1.0,19
1900-01-01 13:03:11.327,0.36842,0.63974,0.670384,976.452922,0.059695,0.022699,0.02648,1,1.0,19
1900-01-01 13:03:13.281,0.36597,0.637701,0.668794,976.272467,0.060642,0.022526,0.027115,1,1.0,19
1900-01-01 13:03:15.279,0.366911,0.64083,0.671035,976.826094,0.060307,0.02249,0.027769,1,1.0,19
1900-01-01 13:03:17.279,0.365284,0.639211,0.66941,976.800424,0.060094,0.022681,0.027105,1,1.0,19
1900-01-01 13:03:19.231,0.364079,0.639717,0.67025,976.943105,0.05916,0.022479,0.026719,1,1.0,19
1900-01-01 13:03:21.177,0.36258,0.639796,0.670411,977.962666,0.060034,0.022453,0.027218,1,1.0,19
1900-01-01 13:03:23.130,0.362045,0.639394,0.669999,977.524986,0.060391,0.021585,0.026367,1,1.0,19
1900-01-01 13:03:25.081,0.360246,0.63866,0.669188,976.870532,0.060369,0.021624,0.025743,1,1.0,19
1900-01-01 13:03:27.026,0.359903,0.639308,0.66917,976.435954,0.059586,0.022646,0.026796,1,1.0,19
1900-01-01 13:03:28.980,0.358951,0.639326,0.669645,977.322079,0.061098,0.021623,0.025698,1,1.0,19
1900-01-01 13:03:30.978,0.357587,0.638571,0.669504,976.776539,0.061481,0.0221,0.027345,1,1.0,19
1900-01-01 13:03:32.978,0.357572,0.639957,0.670062,977.679736,0.05982,0.02249,0.027375,1,1.0,19
1900-01-01 13:03:34.926,0.35716,0.64018,0.670723,978.351441,0.059346,0.021921,0.027217,1,1.0,19
1900-01-01 13:03:36.879,0.354757,0.638528,0.66952,977.684319,0.059553,0.021842,0.026007,1,1.0,19
1900-01-01 13:03:38.830,0.354614,0.639494,0.669837,977.566516,0.059912,0.022724,0.026072,1,1.0,19
1900-01-01 13:03:40.727,0.353487,0.63884,0.669738,977.25952,0.060353,0.022232,0.027707,1,1.0,19
1900-01-01 13:03:42.679,0.352777,0.639548,0.66978,977.080781,0.059407,0.022185,0.026319,1,1.0,19
1900-01-01 13:03:44.625,0.351801,0.639192,0.669429,977.395726,0.061204,0.02223,0.025522,1,1.0,19
1900-01-01 13:03:46.578,0.3507,0.639128,0.670258,978.862418,0.060842,0.021575,0.027046,1,1.0,19
1900-01-01 13:03:48.577,0.350828,0.63996,0.670551,980.47967,0.059759,0.022614,0.027044,1,1.0,19
1900-01-01 13:03:50.526,0.349314,0.639118,0.669996,981.652852,0.060046,0.021834,0.026227,1,1.0,19
1900-01-01 13:03:52.479,0.349084,0.63987,0.669764,981.950098,0.060005,0.022653,0.026806,1,1.0,19
1900-01-01 13:03:54.425,0.347902,0.639235,0.669788,982.524836,0.06043,0.02247,0.026353,1,1.0,19
1900-01-01 13:03:56.378,0.347224,0.638695,0.669035,982.249451,0.059668,0.022906,0.027697,1,1.0,19
1900-01-01 13:03:58.324,0.346999,0.639923,0.670279,982.083883,0.058664,0.023004,0.026257,1,1.0,19
1900-01-01 13:04:00.225,0.346193,0.639428,0.669858,982.956116,0.060598,0.022909,0.027116,1,1.0,19
1900-01-01 13:04:02.178,0.346417,0.640424,0.671288,984.644274,0.059805,0.022417,0.025808,1,1.0,19
1900-01-01 13:04:04.124,0.345137,0.639909,0.670708,984.61573,0.060922,0.022474,0.025854,1,1.0,19
1900-01-01 13:04:06.078,0.343692,0.638894,0.66949,984.997516,0.060581,0.02303,0.027861,1,1.0,19
1900-01-01 13:04:08.028,0.343607,0.639166,0.67006,984.914609,0.061438,0.022873,0.028094,1,1.0,19
1900-01-01 13:04:09.978,0.342029,0.638146,0.669038,984.324654,0.060446,0.023343,0.027958,1,1.0,19
1900-01-01 13:04:11.927,0.34213,0.63914,0.669986,985.997539,0.059555,0.022683,0.026768,1,1.0,19
1900-01-01 13:04:13.878,0.342022,0.639475,0.670275,985.500251,0.061152,0.023197,0.027169,1,1.0,19
1900-01-01 13:04:15.823,0.340448,0.638606,0.669043,986.881254,0.05952,0.022346,0.026238,1,1.0,19
1900-01-01 13:04:17.777,0.339962,0.638636,0.669316,986.43078,0.059003,0.022584,0.027561,1,1.0,19
1900-01-01 13:04:19.727,0.338642,0.638488,0.668958,986.466869,0.060274,0.022263,0.025674,1,1.0,19
1900-01-01 13:04:21.726,0.338168,0.637614,0.66868,986.734634,0.059408,0.023413,0.026881,1,1.0,19
1900-01-01 13:04:23.726,0.336998,0.636938,0.667977,986.206467,0.06025,0.022804,0.026597,1,1.0,19
1900-01-01 13:04:25.673,0.338125,0.639712,0.670588,987.791393,0.060288,0.023526,0.027293,1,1.0,19
1900-01-01 13:04:27.626,0.33743,0.639711,0.670597,990.032627,0.059329,0.023546,0.027466,1,1.0,19
1900-01-01 13:04:29.577,0.336182,0.638351,0.669418,991.072956,0.059712,0.023155,0.026501,1,1.0,19
1900-01-01 13:04:31.575,0.335632,0.637359,0.668332,991.062549,0.06034,0.023594,0.027253,1,1.0,19
1900-01-01 13:04:33.522,0.334768,0.638331,0.669277,991.452816,0.060172,0.02243,0.0274,1,1.0,19
1900-01-01 13:04:35.524,0.334158,0.637582,0.669155,993.102361,0.059658,0.02269,0.026906,1,1.0,19
1900-01-01 13:04:37.524,0.333619,0.637649,0.669557,993.328185,0.060116,0.023055,0.027441,1,1.0,19
1900-01-01 13:04:39.471,0.333471,0.637554,0.668347,994.070539,0.059802,0.023553,0.025613,1,1.0,19
1900-01-01 13:04:41.425,0.332256,0.637204,0.667915,993.983159,0.060565,0.023653,0.028383,1,1.0,19
1900-01-01 13:04:43.375,0.332828,0.638558,0.670211,995.773175,0.05911,0.023168,0.026221,1,1.0,19
1900-01-01 13:04:45.326,0.331796,0.63834,0.669075,996.244504,0.059511,0.023664,0.027796,1,1.0,19
1900-01-01 13:04:47.324,0.330363,0.63686,0.66795,996.086487,0.059482,0.023277,0.025018,1,1.0,19
1900-01-01 13:04:49.271,0.33096,0.637878,0.669211,995.680887,0.059825,0.022858,0.027523,1,1.0,19
1900-01-01 13:04:51.273,0.329796,0.636557,0.668251,995.836573,0.059874,0.022705,0.025726,1,1.0,19
1900-01-01 13:04:53.273,0.328884,0.635885,0.667917,995.876539,0.060793,0.022896,0.027314,1,1.0,19
1900-01-01 13:04:55.273,0.327965,0.636087,0.66771,996.359806,0.058912,0.02246,0.026914,1,1.0,19
1900-01-01 13:04:57.273,0.328679,0.63762,0.668978,996.854861,0.060515,0.023176,0.027839,1,1.0,19
1900-01-01 13:04:59.225,0.327227,0.636436,0.668255,998.621079,0.059425,0.02259,0.026379,1,1.0,19
1900-01-01 13:05:01.223,0.32763,0.637585,0.669214,999.076308,0.060226,0.022334,0.02577,1,1.0,19
1900-01-01 13:05:03.170,0.326632,0.636762,0.668526,998.424533,0.05951,0.022643,0.026075,1,1.0,19
1900-01-01 13:05:05.124,0.327258,0.638072,0.669072,998.770355,0.059509,0.023627,0.02694,1,1.0,19
1900-01-01 13:05:07.070,0.326699,0.638209,0.669981,1000.892237,0.060095,0.023202,0.026629,1,1.0,19
1900-01-01 13:05:09.071,0.324948,0.636351,0.668394,999.333157,0.060212,0.022853,0.02801,1,1.0,19
1900-01-01 13:05:11.020,0.324824,0.636039,0.6677,998.61068,0.059193,0.022198,0.026862,1,1.0,19
1900-01-01 13:05:12.974,0.324528,0.635626,0.667182,999.13229,0.060186,0.023332,0.027054,1,1.0,19
1900-01-01 13:05:14.919,0.32409,0.637065,0.668797,999.30944,0.059165,0.021806,0.025724,1,1.0,19
1900-01-01 13:05:16.873,0.324319,0.638015,0.669542,1000.635527,0.059547,0.02263,0.028309,1,1.0,19
1900-01-01 13:05:18.871,0.323667,0.637624,0.66904,1001.004235,0.059958,0.022535,0.026388,1,1.0,19
1900-01-01 13:05:20.823,0.322367,0.636016,0.6676,1000.171748,0.059653,0.022415,0.025733,1,1.0,19
1900-01-01 13:05:22.772,0.322031,0.635966,0.667257,999.805711,0.060238,0.022284,0.028011,1,1.0,19
1900-01-01 13:05:24.719,0.322266,0.636899,0.668781,1000.526461,0.059126,0.022847,0.026886,1,1.0,19
1900-01-01 13:05:26.673,0.321183,0.635664,0.667445,1001.764765,0.059564,0.023551,0.026472,1,1.0,19
1900-01-01 13:05:28.618,0.321704,0.637453,0.669317,1000.712974,0.06024,0.023197,0.027587,1,1.0,19
1900-01-01 13:05:30.620,0.320633,0.636869,0.668476,1002.188141,0.060254,0.022441,0.026439,1,1.0,19
1900-01-01 13:05:32.572,0.321635,0.639338,0.671328,1003.533948,0.060276,0.023182,0.026825,1,1.0,19
1900-01-01 13:05:34.522,0.319837,0.636845,0.668501,1004.23807,0.060551,0.022451,0.026695,1,1.0,19
1900-01-01 13:05:36.473,0.319376,0.636776,0.668274,1002.450361,0.060533,0.021953,0.02642,1,1.0,19
1900-01-01 13:05:38.471,0.319552,0.637701,0.669086,1002.981717,0.061275,0.022247,0.026169,1,1.0,19
1900-01-01 13:05:40.422,0.318744,0.636642,0.66801,1004.047741,0.060506,0.022358,0.027316,1,1.0,19
1900-01-01 13:05:42.420,0.318191,0.63656,0.66824,1003.800555,0.06091,0.022476,0.027551,1,1.0,19
1900-01-01 13:05:44.372,0.319564,0.638644,0.670495,1004.603958,0.060853,0.023575,0.026346,1,1.0,19
1900-01-01 13:05:46.370,0.318159,0.637017,0.668773,1005.754439,0.059209,0.02291,0.025998,1,1.0,19
1900-01-01 13:05:48.370,0.318548,0.637019,0.669052,1006.52729,0.059733,0.023227,0.02668,1,1.0,19
1900-01-01 13:05:50.370,0.317341,0.634423,0.66738,1010.317996,0.060041,0.022902,0.028164,1,1.0,19
1900-01-01 13:05:52.370,0.31884,0.636226,0.668767,1014.676837,0.060822,0.023119,0.027571,1,1.0,19
1900-01-01 13:05:54.369,0.318241,0.636002,0.668795,1015.79474,0.059736,0.022661,0.026717,1,1.0,19
1900-01-01 13:05:56.369,0.317719,0.635163,0.667412,1016.265727,0.05961,0.022703,0.02589,1,1.0,19
1900-01-01 13:05:58.369,0.318049,0.636885,0.670007,1016.715991,0.060047,0.022603,0.026324,1,1.0,19
1900-01-01 13:06:00.369,0.317792,0.636701,0.668827,1018.377961,0.060528,0.02242,0.026006,1,1.0,19
1900-01-01 13:06:02.369,0.316745,0.635517,0.66833,1017.562299,0.059051,0.022626,0.025618,1,1.0,19
1900-01-01 13:06:04.369,0.316865,0.636337,0.668643,1018.785792,0.059126,0.022545,0.026182,1,1.0,19
1900-01-01 13:06:06.369,0.316225,0.635447,0.668588,1018.361459,0.060456,0.022401,0.025996,1,1.0,19
1900-01-01 13:06:08.321,0.316562,0.636003,0.668683,1019.60101,0.059608,0.022895,0.02593,1,1.0,19
1900-01-01 13:06:10.318,0.315788,0.635736,0.668397,1018.959397,0.059407,0.022692,0.026349,1,1.0,19
1900-01-01 13:06:12.266,0.315658,0.635385,0.667988,1018.732274,0.060171,0.023059,0.026675,1,1.0,19
1900-01-01 13:06:14.220,0.315941,0.63604,0.668451,1019.603341,0.059324,0.022963,0.027074,1,1.0,19
1900-01-01 13:06:16.218,0.314914,0.635806,0.668635,1020.028651,0.060039,0.022457,0.025976,1,1.0,19
1900-01-01 13:06:18.218,0.314487,0.636302,0.668716,1020.407686,0.059885,0.021828,0.027277,1,1.0,19
1900-01-01 13:06:20.217,0.314785,0.636406,0.669324,1021.228917,0.060807,0.02252,0.027016,1,1.0,19
1900-01-01 13:06:22.217,0.314148,0.635389,0.668519,1021.110193,0.059498,0.022654,0.025795,1,1.0,19
1900-01-01 13:06:24.217,0.314372,0.636751,0.669093,1020.789586,0.060079,0.023031,0.027268,1,1.0,19
1900-01-01 13:06:26.217,0.313345,0.634814,0.666916,1021.331789,0.060061,0.022876,0.026637,1,1.0,19
1900-01-01 13:06:28.217,0.31324,0.635507,0.668225,1020.730651,0.059855,0.022377,0.026171,1,1.0,19
1900-01-01 13:06:30.169,0.312928,0.635599,0.668,1021.637169,0.059971,0.023146,0.02704,1,1.0,19
1900-01-01 13:06:32.215,0.313455,0.636342,0.66897,1023.141519,0.059869,0.022615,0.026715,1,1.0,19
1900-01-01 13:06:34.164,0.313537,0.636912,0.669213,1024.069193,0.060312,0.022963,0.026704,1,1.0,19
1900-01-01 13:06:36.118,0.312176,0.635027,0.667797,1024.795904,0.061881,0.023144,0.026559,1,1.0,19
1900-01-01 13:06:38.068,0.311843,0.635779,0.668491,1024.801888,0.060337,0.022965,0.026794,1,1.0,19
1900-01-01 13:06:40.066,0.310849,0.634568,0.66761,1024.951119,0.059799,0.022221,0.026954,1,1.0,19
1900-01-01 13:06:42.066,0.311363,0.63531,0.66783,1023.642045,0.059518,0.022633,0.026722,1,1.0,19
1900-01-01 13:06:44.066,0.311056,0.634966,0.667219,1024.750025,0.060598,0.023065,0.025906,1,1.0,19
1900-01-01 13:06:46.066,0.310355,0.634903,0.66805,1026.272908,0.059197,0.02197,0.024559,1,1.0,19
1900-01-01 13:06:48.066,0.311145,0.635985,0.668464,1028.453507,0.06065,0.022653,0.028139,1,1.0,19
1900-01-01 13:06:50.066,0.309722,0.633769,0.666631,1028.201264,0.059889,0.022292,0.026229,1,1.0,19
1900-01-01 13:06:52.066,0.310599,0.635171,0.667807,1029.985819,0.060625,0.023025,0.025557,1,1.0,19
1900-01-01 13:06:54.066,0.309788,0.63473,0.667384,1030.822698,0.061155,0.022756,0.027367,1,1.0,19
1900-01-01 13:06:56.065,0.309815,0.634528,0.667118,1031.292992,0.059086,0.023328,0.026613,1,1.0,19
1900-01-01 13:06:58.113,0.309702,0.634955,0.667461,1032.254508,0.059456,0.022502,0.027194,1,1.0,19
1900-01-01 13:07:00.114,0.310026,0.635461,0.668449,1032.881104,0.059075,0.023047,0.025076,1,1.0,19
1900-01-01 13:07:02.114,0.308339,0.63473,0.667715,1033.668085,0.060237,0.021714,0.026601,1,1.0,19
1900-01-01 13:07:04.066,0.308614,0.634227,0.667487,1032.385579,0.060023,0.022674,0.026657,1,1.0,19
1900-01-01 13:07:06.065,0.308544,0.635111,0.668322,1033.415717,0.060337,0.022619,0.0266,1,1.0,19
1900-01-01 13:07:08.065,0.308349,0.634076,0.667545,1034.264508,0.060551,0.023192,0.026918,1,1.0,19
1900-01-01 13:07:10.012,0.308516,0.635885,0.668795,1034.048336,0.060672,0.022711,0.027149,1,1.0,19
1900-01-01 13:07:12.014,0.307208,0.633116,0.666319,1034.06373,0.060086,0.022988,0.025923,1,1.0,19
1900-01-01 13:07:14.014,0.306995,0.633551,0.666732,1033.255539,0.059349,0.022178,0.026108,1,1.0,19
1900-01-01 13:07:16.014,0.307585,0.634929,0.668023,1034.896292,0.059639,0.021782,0.026021,1,1.0,19
1900-01-01 13:07:18.014,0.306541,0.633966,0.667347,1035.865185,0.061836,0.022194,0.026041,1,1.0,19
1900-01-01 13:07:20.014,0.307433,0.634643,0.667444,1035.957124,0.05937,0.023391,0.026159,1,1.0,19
1900-01-01 13:07:22.062,0.306292,0.633517,0.666689,1035.348601,0.059897,0.022612,0.026471,1,1.0,19
1900-01-01 13:07:24.111,0.305768,0.633345,0.666483,1035.26034,0.059725,0.022359,0.025822,1,1.0,19
1900-01-01 13:07:26.166,0.305406,0.633971,0.667214,1035.26945,0.059562,0.02199,0.026459,1,1.0,19
1900-01-01 13:07:28.212,0.305806,0.6347,0.667789,1035.928651,0.061983,0.022585,0.027315,1,1.0,19
1900-01-01 13:07:30.265,0.30536,0.634307,0.667026,1035.489184,0.060484,0.022718,0.026515,1,1.0,19
1900-01-01 13:07:32.263,0.304524,0.633709,0.666787,1035.673886,0.060896,0.022826,0.028007,1,1.0,19
1900-01-01 13:07:34.263,0.303892,0.633026,0.666585,1035.110816,0.05956,0.022527,0.025834,1,1.0,19
1900-01-01 13:07:36.263,0.304307,0.633163,0.666599,1034.806711,0.059562,0.023122,0.027322,1,1.0,19
1900-01-01 13:07:38.263,0.303674,0.635063,0.667779,1036.78693,0.059504,0.022874,0.027131,1,1.0,19
1900-01-01 13:07:40.263,0.302821,0.634517,0.668133,1037.946773,0.059754,0.022243,0.025507,1,1.0,19
1900-01-01 13:07:42.262,0.301234,0.632942,0.666612,1037.295587,0.059629,0.022549,0.026953,1,1.0,19
1900-01-01 13:07:44.263,0.301729,0.63449,0.667407,1037.334371,0.059444,0.021957,0.026205,1,1.0,19
1900-01-01 13:07:46.262,0.300735,0.63441,0.667504,1037.387572,0.060238,0.023015,0.028004,1,1.0,19
1900-01-01 13:07:48.262,0.300931,0.633412,0.66664,1036.947234,0.060233,0.023062,0.027524,1,1.0,19
1900-01-01 13:07:50.310,0.299534,0.632502,0.666254,1037.257085,0.059518,0.02285,0.026382,1,1.0,19
1900-01-01 13:07:52.311,0.29895,0.633286,0.666218,1037.527582,0.060638,0.021845,0.026017,1,1.0,19
1900-01-01 13:07:54.311,0.2993,0.634142,0.667605,1038.097647,0.060584,0.022512,0.026183,1,1.0,19
1900-01-01 13:07:56.311,0.299521,0.634176,0.667513,1039.422508,0.059609,0.023177,0.026459,1,1.0,19
1900-01-01 13:07:58.311,0.298683,0.634452,0.667802,1039.950567,0.059712,0.022132,0.028505,1,1.0,19
1900-01-01 13:08:00.311,0.298445,0.633496,0.666902,1038.880305,0.0598,0.02255,0.026548,1,1.0,19
1900-01-01 13:08:02.311,0.29752,0.632638,0.66613,1039.106616,0.059299,0.023102,0.02601,1,1.0,19
1900-01-01 13:08:04.311,0.29814,0.634331,0.667839,1039.677108,0.060695,0.022424,0.026778,1,1.0,19
1900-01-01 13:08:06.359,0.297117,0.633084,0.666267,1040.576789,0.059717,0.022548,0.027125,1,1.0,19
1900-01-01 13:08:08.409,0.297261,0.633568,0.666958,1040.436652,0.059993,0.022646,0.026724,1,1.0,19
1900-01-01 13:08:10.410,0.295946,0.632969,0.666369,1039.483249,0.059499,0.02343,0.026477,1,1.0,19
1900-01-01 13:08:12.410,0.29558,0.633764,0.666934,1040.202809,0.058946,0.022592,0.027842,1,1.0,19
1900-01-01 13:08:14.410,0.295906,0.633906,0.667136,1040.594138,0.060249,0.022702,0.027163,1,1.0,19
1900-01-01 13:08:16.410,0.295927,0.633593,0.667072,1041.742194,0.060767,0.022804,0.028557,1,1.0,19
1900-01-01 13:08:18.410,0.29584,0.632982,0.66647,1041.497024,0.06016,0.023005,0.027671,1,1.0,19
1900-01-01 13:08:20.410,0.295675,0.633585,0.667756,1041.742194,0.061662,0.022904,0.02766,1,1.0,19
1900-01-01 13:08:22.410,0.294785,0.632428,0.665992,1041.174059,0.060303,0.021967,0.027053,1,1.0,19
1900-01-01 13:08:24.410,0.295242,0.633449,0.66675,1040.669575,0.060197,0.022074,0.026242,1,1.0,19
1900-01-01 13:08:26.410,0.295531,0.633005,0.666484,1043.387662,0.060049,0.022721,0.025948,1,1.0,19
1900-01-01 13:08:28.410,0.297513,0.633969,0.667301,1045.669629,0.059617,0.023229,0.025797,1,1.0,19
1900-01-01 13:08:30.457,0.296778,0.633435,0.667012,1046.79671,0.0609,0.022946,0.027179,1,1.0,19
1900-01-01 13:08:32.458,0.296492,0.633842,0.667572,1046.599052,0.0598,0.022789,0.02558,1,1.0,19
1900-01-01 13:08:34.460,0.296587,0.634595,0.667577,1047.461605,0.059234,0.022881,0.026193,1,1.0,19
1900-01-01 13:08:36.460,0.295801,0.633638,0.667311,1048.081254,0.058672,0.022564,0.026824,1,1.0,19
1900-01-01 13:08:38.458,0.296212,0.634863,0.667416,1047.996573,0.059346,0.022797,0.026009,1,1.0,19
1900-01-01 13:08:40.506,0.294589,0.63234,0.665581,1046.223969,0.058537,0.022264,0.027519,1,1.0,19
1900-01-01 13:08:42.508,0.295247,0.63422,0.66737,1046.653823,0.05967,0.022393,0.027153,1,1.0,19
1900-01-01 13:08:44.510,0.29478,0.633252,0.666953,1047.343852,0.05935,0.022243,0.025802,1,1.0,19
1900-01-01 13:08:46.556,0.29434,0.632827,0.666612,1047.100396,0.060131,0.022053,0.026098,1,1.0,19
1900-01-01 13:08:48.606,0.294769,0.634229,0.667882,1048.449526,0.059982,0.022794,0.027722,1,1.0,19
1900-01-01 13:08:50.607,0.294309,0.633165,0.666677,1047.824289,0.059315,0.022232,0.027773,1,1.0,19
1900-01-01 13:08:52.609,0.293217,0.632381,0.665746,1046.378282,0.059433,0.022506,0.02656,1,1.0,19
1900-01-01 13:08:54.607,0.293298,0.632206,0.666359,1047.883305,0.059193,0.023308,0.026389,1,1.0,19
1900-01-01 13:08:56.607,0.293472,0.633234,0.667246,1047.607415,0.059416,0.022539,0.026151,1,1.0,19
1900-01-01 13:08:58.609,0.293421,0.634275,0.667994,1049.16666,0.05893,0.022211,0.026024,1,1.0,19
1900-01-01 13:09:00.607,0.292488,0.631901,0.66577,1047.694524,0.059829,0.021968,0.024872,1,1.0,19
1900-01-01 13:09:02.607,0.291687,0.631931,0.666158,1047.475401,0.05986,0.022666,0.028232,1,1.0,19
1900-01-01 13:09:04.655,0.292349,0.633735,0.667178,1047.692742,0.059387,0.021894,0.025953,1,1.0,19
1900-01-01 13:09:06.705,0.292656,0.634367,0.667819,1048.525423,0.061415,0.021763,0.026068,1,1.0,19
1900-01-01 13:09:08.706,0.292868,0.635112,0.668693,1049.174407,0.058899,0.023171,0.026813,1,1.0,19
1900-01-01 13:09:10.759,0.291609,0.634095,0.667585,1049.562416,0.059094,0.022555,0.026074,1,1.0,19
1900-01-01 13:09:12.758,0.290355,0.632388,0.66601,1048.010632,0.06012,0.021939,0.025434,1,1.0,19
1900-01-01 13:09:14.758,0.291217,0.634,0.667416,1048.60224,0.059447,0.022671,0.027167,1,1.0,19
1900-01-01 13:09:16.804,0.290355,0.632488,0.666257,1048.386253,0.06093,0.023765,0.028842,1,1.0,19
1900-01-01 13:09:18.806,0.290898,0.63384,0.666439,1047.682979,0.06007,0.02296,0.027379,1,1.0,19
1900-01-01 13:09:20.858,0.289935,0.633865,0.667487,1047.849212,0.058874,0.022495,0.025856,1,1.0,19
1900-01-01 13:09:22.857,0.289762,0.633147,0.666534,1048.034218,0.059662,0.02296,0.027926,1,1.0,19
1900-01-01 13:09:24.855,0.289246,0.632984,0.666814,1047.222571,0.059287,0.022849,0.02861,1,1.0,19
1900-01-01 13:09:26.905,0.288816,0.6328,0.666407,1048.145938,0.059031,0.022343,0.026038,1,1.0,19
1900-01-01 13:09:28.954,0.289227,0.633624,0.667411,1048.419925,0.05909,0.022622,0.026229,1,1.0,19
1900-01-01 13:09:30.956,0.288913,0.633192,0.666833,1048.719201,0.059288,0.022435,0.026353,1,1.0,19
1900-01-01 13:09:33.004,0.28847,0.633294,0.667133,1048.491589,0.059417,0.022786,0.027068,1,1.0,19
1900-01-01 13:09:35.054,0.28905,0.634157,0.667837,1049.509783,0.060764,0.022892,0.027472,1,1.0,19
1900-01-01 13:09:37.103,0.287172,0.633258,0.667308,1049.282811,0.060436,0.022082,0.026803,1,1.0,19
1900-01-01 13:09:39.105,0.287911,0.633627,0.666549,1048.884054,0.059723,0.022932,0.027245,1,1.0,19
1900-01-01 13:09:41.105,0.286741,0.633042,0.666916,1048.114257,0.060156,0.022147,0.026532,1,1.0,19
1900-01-01 13:09:43.153,0.286493,0.632176,0.665437,1048.523819,0.059204,0.022639,0.027325,1,1.0,19
1900-01-01 13:09:45.154,0.286776,0.633147,0.667026,1048.820973,0.059938,0.022496,0.027197,1,1.0,19
1900-01-01 13:09:47.202,0.286147,0.633035,0.666855,1049.219069,0.058982,0.022399,0.025756,1,1.0,19
1900-01-01 13:09:49.204,0.28547,0.631545,0.665856,1050.08984,0.059585,0.021826,0.024918,1,1.0,19
1900-01-01 13:09:51.204,0.28661,0.633798,0.667747,1049.488624,0.059154,0.022002,0.027069,1,1.0,19
1900-01-01 13:09:53.204,0.286293,0.633451,0.667329,1050.464589,0.05986,0.022373,0.026687,1,1.0,19
1900-01-01 13:09:55.252,0.285752,0.63354,0.667039,1051.053885,0.05944,0.022555,0.025935,1,1.0,19
1900-01-01 13:09:57.306,0.285469,0.634161,0.667903,1051.092614,0.059406,0.022494,0.025903,1,1.0,19
1900-01-01 13:09:59.353,0.285113,0.632565,0.666433,1049.705749,0.060709,0.02283,0.027707,1,1.0,19
1900-01-01 13:10:01.353,0.28415,0.631745,0.665446,1049.300032,0.058243,0.02229,0.02637,1,1.0,19
1900-01-01 13:10:03.402,0.284712,0.633468,0.667142,1050.044451,0.059655,0.022791,0.025709,1,1.0,19
1900-01-01 13:10:05.452,0.283835,0.632508,0.666734,1051.156516,0.059875,0.021277,0.026114,1,1.0,19
1900-01-01 13:10:07.454,0.284754,0.634359,0.668178,1051.194358,0.059056,0.022013,0.026673,1,1.0,19
1900-01-01 13:10:09.502,0.284106,0.633304,0.666886,1051.61561,0.059185,0.02209,0.026245,1,1.0,19
1900-01-01 13:10:11.551,0.283488,0.630916,0.664846,1050.856714,0.05882,0.02254,0.027085,1,1.0,19
1900-01-01 13:10:13.601,0.283904,0.632789,0.66608,1049.944465,0.058447,0.022355,0.026903,1,1.0,19
1900-01-01 13:10:15.650,0.283108,0.63251,0.665689,1050.226232,0.058743,0.021825,0.025812,1,1.0,19
1900-01-01 13:10:17.700,0.283266,0.633937,0.667913,1049.83637,0.059753,0.022374,0.025698,1,1.0,19
1900-01-01 13:10:19.754,0.283148,0.633926,0.667384,1050.114761,0.060038,0.022596,0.026013,1,1.0,19
1900-01-01 13:10:21.801,0.282538,0.633237,0.667209,1050.323027,0.059431,0.022005,0.025575,1,1.0,19
1900-01-01 13:10:23.850,0.282268,0.632715,0.666456,1049.703899,0.060393,0.022119,0.026016,1,1.0,19
1900-01-01 13:10:25.900,0.282665,0.634147,0.667653,1050.006563,0.060047,0.022431,0.026196,1,1.0,19
1900-01-01 13:10:27.950,0.281712,0.632654,0.667398,1051.713093,0.059558,0.021364,0.025701,1,1.0,19
1900-01-01 13:10:29.951,0.28157,0.632612,0.666741,1051.422247,0.059951,0.02212,0.028513,1,1.0,19
1900-01-01 13:10:32.004,0.28121,0.631911,0.665164,1051.916376,0.059753,0.0224,0.027498,1,1.0,19
1900-01-01 13:10:34.050,0.281276,0.633163,0.667048,1052.856794,0.059169,0.021743,0.025769,1,1.0,19
1900-01-01 13:10:36.050,0.280751,0.631359,0.665845,1051.9804,0.05929,0.02194,0.026782,1,1.0,19
1900-01-01 13:10:38.100,0.282032,0.634818,0.668307,1053.03554,0.058747,0.02203,0.026596,1,1.0,19
1900-01-01 13:10:40.102,0.280948,0.632788,0.666604,1053.076042,0.059791,0.022193,0.025596,1,1.0,19
1900-01-01 13:10:42.153,0.280288,0.632946,0.666313,1052.959431,0.058744,0.022456,0.026564,1,1.0,19
1900-01-01 13:10:44.199,0.279887,0.632537,0.666379,1052.282998,0.059327,0.022711,0.027398,1,1.0,19
1900-01-01 13:10:46.249,0.280047,0.631847,0.665842,1052.27887,0.058967,0.021716,0.025658,1,1.0,19
1900-01-01 13:10:48.351,0.279132,0.631596,0.665723,1052.101031,0.059051,0.021789,0.025579,1,1.0,19
1900-01-01 13:10:50.452,0.27954,0.632202,0.666265,1053.011925,0.059346,0.021991,0.026367,1,1.0,19
1900-01-01 13:10:52.450,0.278897,0.632001,0.665665,1053.044108,0.059289,0.022169,0.026721,1,1.0,19
1900-01-01 13:10:54.498,0.279102,0.63235,0.666267,1052.338486,0.05917,0.021759,0.026147,1,1.0,19
1900-01-01 13:10:56.548,0.278869,0.631972,0.666201,1052.844647,0.059764,0.022823,0.02702,1,1.0,19
1900-01-01 13:10:58.598,0.278426,0.632487,0.666246,1052.741152,0.059063,0.021396,0.024785,1,1.0,19
1900-01-01 13:11:00.647,0.277779,0.631977,0.666617,1052.683731,0.059148,0.021367,0.026765,1,1.0,19
1900-01-01 13:11:02.649,0.278407,0.632631,0.666622,1053.655384,0.059899,0.021789,0.026955,1,1.0,19
1900-01-01 13:11:04.698,0.278091,0.632533,0.666263,1053.192259,0.05936,0.022271,0.027803,1,1.0,19
1900-01-01 13:11:06.801,0.278277,0.634368,0.667912,1053.188576,0.059494,0.021859,0.027017,1,1.0,19
1900-01-01 13:11:08.799,0.277597,0.632886,0.667035,1054.570876,0.059751,0.021982,0.025392,1,1.0,19
1900-01-01 13:11:10.847,0.276841,0.632027,0.665805,1052.953161,0.058923,0.022287,0.026732,1,1.0,19
1900-01-01 13:11:12.902,0.278043,0.634199,0.667934,1053.796008,0.05975,0.022193,0.027985,1,1.0,19
1900-01-01 13:11:14.900,0.278049,0.633888,0.667577,1054.816291,0.059458,0.022854,0.027592,1,1.0,19
1900-01-01 13:11:16.946,0.276305,0.631785,0.665359,1053.750903,0.058465,0.022264,0.025456,1,1.0,19
1900-01-01 13:11:19.001,0.276344,0.632653,0.666266,1052.398773,0.059378,0.021853,0.02672,1,1.0,19
1900-01-01 13:11:21.047,0.276662,0.633825,0.667155,1052.439697,0.059359,0.023118,0.026819,1,1.0,19
1900-01-01 13:11:23.097,0.275954,0.63292,0.666878,1052.936644,0.059317,0.021909,0.025806,1,1.0,19
1900-01-01 13:11:25.146,0.274886,0.631526,0.665151,1052.285653,0.05992,0.022567,0.027631,1,1.0,19
1900-01-01 13:11:27.249,0.276109,0.634645,0.668349,1052.31646,0.0598,0.022456,0.026657,1,1.0,19
1900-01-01 13:11:29.350,0.27484,0.63133,0.665145,1052.156932,0.059479,0.022108,0.026424,1,1.0,19
1900-01-01 13:11:31.449,0.275711,0.631756,0.664889,1050.570752,0.059492,0.022931,0.027334,1,1.0,19
1900-01-01 13:11:33.500,0.274209,0.631412,0.665812,1051.336488,0.060386,0.022405,0.027043,1,1.0,19
1900-01-01 13:11:35.647,0.275129,0.634607,0.668279,1051.947413,0.058758,0.021645,0.026485,1,1.0,19
1900-01-01 13:11:37.695,0.273654,0.631909,0.665177,1053.280066,0.059255,0.021956,0.02596,1,1.0,19
1900-01-01 13:11:39.750,0.274737,0.634275,0.66796,1052.32765,0.058984,0.02259,0.027504,1,1.0,19
1900-01-01 13:11:41.796,0.273641,0.632272,0.666675,1053.193237,0.059215,0.021675,0.025773,1,1.0,19
1900-01-01 13:11:43.846,0.274138,0.63262,0.666586,1053.955502,0.059997,0.02215,0.026015,1,1.0,19
1900-01-01 13:11:45.895,0.273702,0.633079,0.666895,1054.034435,0.059833,0.022135,0.026505,1,1.0,19
1900-01-01 13:11:47.945,0.273101,0.632577,0.666201,1054.178593,0.059524,0.022074,0.026227,1,1.0,19
1900-01-01 13:11:49.994,0.273189,0.632684,0.666577,1053.877965,0.059343,0.022079,0.026944,1,1.0,19
1900-01-01 13:11:52.044,0.27347,0.63324,0.666896,1054.061298,0.059923,0.022259,0.02632,1,1.0,19
1900-01-01 13:11:54.098,0.272236,0.632292,0.666968,1054.037647,0.05978,0.021558,0.02582,1,1.0,19
1900-01-01 13:11:56.145,0.272345,0.633391,0.666936,1054.551844,0.058942,0.022259,0.026007,1,1.0,19
1900-01-01 13:11:58.194,0.271642,0.633596,0.667846,1054.126477,0.05858,0.022613,0.027572,1,1.0,19
1900-01-01 13:12:00.244,0.271155,0.631568,0.665358,1052.186874,0.059596,0.022929,0.027119,1,1.0,19
1900-01-01 13:12:02.298,0.270996,0.632474,0.666945,1051.489723,0.059635,0.022298,0.0276,1,1.0,19
1900-01-01 13:12:04.345,0.270167,0.631365,0.665068,1052.055092,0.059251,0.022253,0.026201,1,1.0,19
1900-01-01 13:12:06.394,0.270619,0.632805,0.666653,1051.664376,0.060169,0.022235,0.026365,1,1.0,19
1900-01-01 13:12:08.497,0.269491,0.63271,0.666672,1051.8322,0.060001,0.021799,0.026693,1,1.0,19
1900-01-01 13:12:10.543,0.270239,0.634361,0.667304,1052.842968,0.059875,0.022413,0.027076,1,1.0,19
1900-01-01 13:12:12.593,0.268578,0.631655,0.665874,1051.972983,0.05877,0.021808,0.026171,1,1.0,19
1900-01-01 13:12:14.695,0.269051,0.63278,0.666514,1051.883459,0.05895,0.022375,0.026262,1,1.0,19
1900-01-01 13:12:16.743,0.269168,0.633053,0.667205,1052.672298,0.059772,0.022067,0.026249,1,1.0,19
1900-01-01 13:12:18.793,0.269357,0.634649,0.668213,1053.801408,0.059958,0.022477,0.026903,1,1.0,19
1900-01-01 13:12:20.842,0.267944,0.632843,0.667084,1053.097917,0.05994,0.021289,0.025727,1,1.0,19
1900-01-01 13:12:22.897,0.268204,0.633202,0.666834,1052.997588,0.05851,0.022002,0.025997,1,1.0,19
1900-01-01 13:12:24.943,0.267624,0.631998,0.665939,1052.080211,0.059349,0.022921,0.026692,1,1.0,19
1900-01-01 13:12:26.993,0.268079,0.633399,0.667052,1052.853847,0.058839,0.021917,0.026208,1,1.0,19
1900-01-01 13:12:29.042,0.267045,0.631956,0.666474,1052.336276,0.059033,0.022102,0.026909,1,1.0,19
1900-01-01 13:12:31.092,0.26717,0.63239,0.666784,1053.090737,0.058965,0.021788,0.026542,1,1.0,19
1900-01-01 13:12:33.146,0.266418,0.632346,0.666225,1052.166874,0.060361,0.022719,0.028857,1,1.0,19
1900-01-01 13:12:35.193,0.26673,0.633237,0.667618,1053.052411,0.059869,0.022615,0.027514,1,1.0,19
1900-01-01 13:12:37.242,0.26684,0.633568,0.667173,1053.684679,0.059313,0.02212,0.026392,1,1.0,19
1900-01-01 13:12:39.292,0.265912,0.632702,0.666864,1052.78945,0.059031,0.022547,0.027229,1,1.0,19
1900-01-01 13:12:41.342,0.26665,0.633827,0.666994,1053.497821,0.059122,0.022543,0.026232,1,1.0,19
1900-01-01 13:12:43.391,0.265666,0.632551,0.666416,1053.622551,0.059538,0.022559,0.026613,1,1.0,19
1900-01-01 13:12:45.494,0.265888,0.633062,0.666667,1052.489089,0.059083,0.021844,0.025723,1,1.0,19
1900-01-01 13:12:47.542,0.26534,0.633245,0.667577,1053.724382,0.060282,0.022142,0.025859,1,1.0,19
1900-01-01 13:12:49.591,0.264636,0.631746,0.665488,1053.2843,0.05875,0.021995,0.026718,1,1.0,19
1900-01-01 13:12:51.641,0.264521,0.632341,0.666465,1052.633056,0.060532,0.021836,0.026369,1,1.0,19
1900-01-01 13:12:53.743,0.264649,0.632647,0.666462,1052.549634,0.059617,0.022197,0.027467,1,1.0,19
1900-01-01 13:12:55.844,0.264469,0.632802,0.666418,1052.605747,0.058238,0.022055,0.026546,1,1.0,19
1900-01-01 13:12:57.943,0.264443,0.633116,0.667152,1053.183102,0.059901,0.022263,0.026534,1,1.0,19
1900-01-01 13:12:59.991,0.264692,0.634086,0.667999,1053.696756,0.059989,0.022972,0.026931,1,1.0,19
1900-01-01 13:13:02.142,0.263903,0.632767,0.666555,1053.598999,0.059074,0.021977,0.026844,1,1.0,19
1900-01-01 13:13:04.242,0.264113,0.633709,0.667209,1053.458941,0.059762,0.022263,0.025829,1,1.0,19
1900-01-01 13:13:06.343,0.263137,0.63198,0.665429,1052.639408,0.057829,0.022763,0.027365,1,1.0,19
1900-01-01 13:13:08.390,0.263168,0.632632,0.666379,1052.571026,0.059664,0.022377,0.026775,1,1.0,19
1900-01-01 13:13:10.439,0.262678,0.632149,0.665214,1052.63541,0.059766,0.021909,0.027332,1,1.0,19
1900-01-01 13:13:12.494,0.263145,0.633787,0.667562,1052.777335,0.060124,0.022128,0.02647,1,1.0,19
1900-01-01 13:13:14.540,0.263069,0.632855,0.66637,1053.672553,0.060023,0.022954,0.027427,1,1.0,19
1900-01-01 13:13:16.590,0.261942,0.630945,0.665166,1052.225973,0.060303,0.022512,0.027425,1,1.0,19
1900-01-01 13:13:18.639,0.262496,0.63303,0.666478,1053.505199,0.059219,0.022486,0.025478,1,1.0,19
1900-01-01 13:13:20.742,0.261717,0.63293,0.666388,1053.139253,0.058961,0.022852,0.027796,1,1.0,19
1900-01-01 13:13:22.841,0.260828,0.631758,0.665633,1053.596406,0.058861,0.021538,0.026921,1,1.0,19
1900-01-01 13:13:24.942,0.260456,0.631792,0.6657,1051.764218,0.059747,0.021721,0.027576,1,1.0,19
1900-01-01 13:13:26.990,0.260849,0.632996,0.666949,1053.544814,0.058561,0.021732,0.02599,1,1.0,19
1900-01-01 13:13:29.092,0.261352,0.634903,0.668625,1054.586287,0.058002,0.022174,0.026643,1,1.0,19
1900-01-01 13:13:31.138,0.260374,0.632827,0.666428,1054.059693,0.058651,0.022517,0.025928,1,1.0,19
1900-01-01 13:13:33.193,0.260539,0.632934,0.666382,1053.612464,0.059922,0.022154,0.026558,1,1.0,19
1900-01-01 13:13:35.292,0.261293,0.633687,0.667345,1053.924353,0.059496,0.022454,0.027248,1,1.0,19
1900-01-01 13:13:37.391,0.260215,0.632564,0.666242,1053.481849,0.059121,0.022297,0.026933,1,1.0,19
1900-01-01 13:13:39.490,0.260736,0.633304,0.66696,1053.562712,0.059311,0.021698,0.025611,1,1.0,19
1900-01-01 13:13:41.591,0.259111,0.632449,0.666295,1053.191452,0.057637,0.021521,0.026153,1,1.0,19
1900-01-01 13:13:43.638,0.259941,0.63284,0.66681,1053.23437,0.060279,0.022238,0.027352,1,1.0,19
1900-01-01 13:13:45.740,0.259981,0.632392,0.66595,1053.915627,0.059029,0.022615,0.025844,1,1.0,19
1900-01-01 13:13:47.791,0.259315,0.631942,0.665807,1052.531857,0.058782,0.022158,0.025378,1,1.0,19
1900-01-01 13:13:49.890,0.259012,0.632731,0.666623,1053.342583,0.060525,0.021897,0.027967,1,1.0,19
1900-01-01 13:13:51.990,0.259503,0.633729,0.666776,1053.750811,0.058624,0.022527,0.027068,1,1.0,19
1900-01-01 13:13:54.090,0.258305,0.632794,0.666168,1053.912461,0.058716,0.022007,0.027054,1,1.0,19
1900-01-01 13:13:56.137,0.258351,0.632224,0.666029,1053.575255,0.058219,0.021621,0.025711,1,1.0,19
1900-01-01 13:13:58.239,0.258078,0.63235,0.666252,1053.819178,0.059368,0.022335,0.025895,1,1.0,19
1900-01-01 13:14:00.290,0.258596,0.633504,0.666963,1053.428383,0.060275,0.021901,0.027511,1,1.0,19
1900-01-01 13:14:02.337,0.257533,0.631993,0.665638,1053.701935,0.060097,0.022549,0.027083,1,1.0,19
1900-01-01 13:14:04.386,0.257892,0.631995,0.665905,1053.125529,0.059374,0.022616,0.027351,1,1.0,19
1900-01-01 13:14:06.489,0.258149,0.632228,0.665754,1052.809687,0.058851,0.022719,0.027309,1,1.0,19
1900-01-01 13:14:08.537,0.257519,0.632286,0.666254,1052.538773,0.058348,0.021969,0.026206,1,1.0,19
1900-01-01 13:14:10.687,0.256618,0.632579,0.666192,1052.996441,0.059869,0.022175,0.027723,1,1.0,19
1900-01-01 13:14:12.737,0.256467,0.631824,0.665488,1052.982642,0.057908,0.022096,0.025647,1,1.0,19
1900-01-01 13:14:14.839,0.257306,0.632855,0.666851,1053.29207,0.059417,0.021707,0.026014,1,1.0,19
1900-01-01 13:14:16.886,0.256845,0.631993,0.665553,1053.08696,0.059182,0.022533,0.026096,1,1.0,19
1900-01-01 13:14:18.935,0.256185,0.632469,0.666214,1052.918436,0.059263,0.02237,0.027817,1,1.0,19
1900-01-01 13:14:20.985,0.256151,0.631714,0.665045,1052.334068,0.059532,0.021828,0.02761,1,1.0,19
1900-01-01 13:14:23.087,0.255607,0.631426,0.665338,1052.011311,0.059523,0.022208,0.026228,1,1.0,19
1900-01-01 13:14:25.188,0.255555,0.632095,0.666195,1053.090468,0.05955,0.021922,0.026865,1,1.0,19
1900-01-01 13:14:27.335,0.255864,0.632511,0.666096,1053.203524,0.059413,0.021885,0.026016,1,1.0,19
1900-01-01 13:14:29.438,0.256167,0.634278,0.667711,1054.170547,0.059682,0.021948,0.028093,1,1.0,19
1900-01-01 13:14:31.534,0.255395,0.631861,0.66521,1053.055826,0.059746,0.022724,0.027544,1,1.0,19
1900-01-01 13:14:33.636,0.254706,0.632015,0.665456,1052.334304,0.059638,0.022112,0.026654,1,1.0,19
1900-01-01 13:14:35.737,0.254515,0.632802,0.666689,1053.992588,0.059649,0.02155,0.026013,1,1.0,19
1900-01-01 13:14:37.785,0.254837,0.63284,0.666783,1054.016755,0.059534,0.021576,0.025439,1,1.0,19
1900-01-01 13:14:39.887,0.254763,0.633329,0.666549,1053.294313,0.059148,0.022153,0.026315,1,1.0,19
1900-01-01 13:14:41.986,0.254755,0.633296,0.666846,1054.461199,0.059868,0.021675,0.025747,1,1.0,19
1900-01-01 13:14:44.087,0.254433,0.632782,0.666072,1054.27983,0.05797,0.021496,0.026714,1,1.0,19
1900-01-01 13:14:46.186,0.254332,0.632353,0.665975,1053.007897,0.058811,0.022119,0.026468,1,1.0,19
1900-01-01 13:14:48.286,0.254705,0.633829,0.667345,1053.863068,0.058873,0.022368,0.026768,1,1.0,19
1900-01-01 13:14:50.434,0.253605,0.632143,0.665887,1054.059249,0.058296,0.022348,0.026741,1,1.0,19
1900-01-01 13:14:52.583,0.254271,0.633182,0.66732,1053.880824,0.059204,0.022315,0.025851,1,1.0,19
1900-01-01 13:14:54.786,0.253711,0.632212,0.666283,1053.49018,0.058649,0.022208,0.026004,1,1.0,19
1900-01-01 13:14:56.838,0.2533,0.632255,0.666569,1053.248725,0.060219,0.021589,0.026867,1,1.0,19
1900-01-01 13:14:58.937,0.253191,0.631961,0.66566,1052.913556,0.05925,0.021568,0.027141,1,1.0,19
1900-01-01 13:15:01.036,0.253394,0.632063,0.666233,1052.747336,0.059042,0.021843,0.025828,1,1.0,19
1900-01-01 13:15:03.135,0.253334,0.632841,0.666933,1054.604957,0.059492,0.021444,0.025913,1,1.0,19
1900-01-01 13:15:05.234,0.253154,0.632631,0.666806,1054.595972,0.058827,0.022208,0.027086,1,1.0,19
1900-01-01 13:15:07.335,0.253413,0.633809,0.66706,1053.418104,0.060176,0.02252,0.027387,1,1.0,19
1900-01-01 13:15:09.434,0.252411,0.631968,0.665914,1053.295413,0.059912,0.021923,0.026356,1,1.0,19
1900-01-01 13:15:11.535,0.253234,0.632989,0.666995,1053.521331,0.059259,0.022883,0.026856,1,1.0,19
1900-01-01 13:15:13.634,0.252113,0.632003,0.666014,1053.418955,0.058211,0.021859,0.025699,1,1.0,19
1900-01-01 13:15:15.735,0.253373,0.634284,0.667891,1053.294679,0.05953,0.021082,0.025774,1,1.0,19
1900-01-01 13:15:17.834,0.253134,0.632626,0.666307,1054.317441,0.059344,0.022657,0.028016,1,1.0,19
1900-01-01 13:15:19.882,0.253253,0.634499,0.668142,1054.553157,0.058643,0.022457,0.026767,1,1.0,19
1900-01-01 13:15:21.983,0.252804,0.634116,0.667944,1054.76455,0.058133,0.021529,0.025782,1,1.0,19
1900-01-01 13:15:24.084,0.252711,0.633304,0.667537,1055.417577,0.058305,0.022249,0.026907,1,1.0,19
1900-01-01 13:15:26.183,0.252306,0.632949,0.667384,1053.852474,0.059302,0.022042,0.026213,1,1.0,19
1900-01-01 13:15:28.332,0.25234,0.633084,0.66688,1053.580253,0.058896,0.021676,0.02574,1,1.0,19
1900-01-01 13:15:30.434,0.251216,0.63176,0.665885,1053.204593,0.059198,0.021949,0.026553,1,1.0,19
1900-01-01 13:15:32.534,0.25165,0.632026,0.665608,1053.070531,0.059661,0.021264,0.026359,1,1.0,19
1900-01-01 13:15:34.633,0.252429,0.633624,0.667148,1052.895586,0.058772,0.022745,0.02603,1,1.0,19
1900-01-01 13:15:36.734,0.251444,0.63202,0.665867,1054.573804,0.059999,0.021859,0.025713,1,1.0,19
1900-01-01 13:15:38.833,0.251766,0.632959,0.666496,1052.816969,0.059092,0.021986,0.025822,1,1.0,19
1900-01-01 13:15:40.982,0.251392,0.632627,0.666217,1053.909346,0.059553,0.022172,0.027512,1,1.0,19
1900-01-01 13:15:43.082,0.25191,0.633464,0.667165,1052.98297,0.058935,0.021573,0.026224,1,1.0,19
1900-01-01 13:15:45.183,0.251222,0.632924,0.666343,1053.503378,0.059521,0.021871,0.026327,1,1.0,19
1900-01-01 13:15:47.282,0.250325,0.631546,0.665274,1052.95848,0.059943,0.022274,0.026672,1,1.0,19
1900-01-01 13:15:49.383,0.250922,0.632879,0.666798,1053.198184,0.059096,0.021787,0.025179,1,1.0,19
1900-01-01 13:15:51.482,0.251088,0.633076,0.666539,1053.52228,0.059219,0.02176,0.026522,1,1.0,19
1900-01-01 13:15:53.582,0.25068,0.633012,0.666614,1053.198504,0.059226,0.022075,0.027122,1,1.0,19
1900-01-01 13:15:55.682,0.250875,0.633509,0.66759,1053.809184,0.059342,0.022467,0.026341,1,1.0,19
1900-01-01 13:15:57.783,0.25012,0.633109,0.666754,1054.668055,0.059249,0.022319,0.027738,1,1.0,19
1900-01-01 13:15:59.882,0.25068,0.632881,0.666128,1052.864139,0.059043,0.022992,0.026271,1,1.0,19
1900-01-01 13:16:01.982,0.250507,0.633444,0.667047,1053.075021,0.059206,0.022175,0.027733,1,1.0,19
1900-01-01 13:16:04.082,0.249815,0.632326,0.665989,1052.700082,0.059598,0.021589,0.026375,1,1.0,19
1900-01-01 13:16:06.182,0.250147,0.633187,0.666767,1052.819075,0.059004,0.021567,0.025853,1,1.0,19
1900-01-01 13:16:08.282,0.249932,0.632754,0.666325,1052.893164,0.058548,0.021314,0.025851,1,1.0,19
1900-01-01 13:16:10.382,0.250385,0.634004,0.667826,1053.616102,0.059242,0.021919,0.027231,1,1.0,19
1900-01-01 13:16:12.481,0.25004,0.633146,0.666986,1053.695239,0.058651,0.021997,0.025546,1,1.0,19
1900-01-01 13:16:14.582,0.249977,0.632107,0.665805,1053.180231,0.058911,0.022366,0.026409,1,1.0,19
1900-01-01 13:16:16.681,0.249522,0.633089,0.666675,1053.16064,0.058077,0.021385,0.026613,1,1.0,19
1900-01-01 13:16:18.782,0.249338,0.632217,0.666256,1053.032122,0.059456,0.022195,0.026118,1,1.0,19
1900-01-01 13:16:20.929,0.249322,0.632235,0.665771,1052.729188,0.060439,0.022507,0.027062,1,1.0,19
1900-01-01 13:16:23.030,0.24996,0.633564,0.667318,1052.879525,0.059113,0.022317,0.027649,1,1.0,19
1900-01-01 13:16:25.130,0.249415,0.632606,0.666439,1054.139221,0.058221,0.021974,0.026141,1,1.0,19
1900-01-01 13:16:27.230,0.24857,0.631286,0.665337,1052.248807,0.060295,0.021818,0.026005,1,1.0,19
1900-01-01 13:16:29.378,0.248614,0.632671,0.666478,1052.259368,0.059872,0.022193,0.025597,1,1.0,19
1900-01-01 13:16:31.481,0.248554,0.632982,0.666602,1052.675171,0.059798,0.021835,0.026984,1,1.0,19
1900-01-01 13:16:33.628,0.248689,0.632873,0.666302,1052.169209,0.059862,0.022504,0.027345,1,1.0,19
1900-01-01 13:16:35.777,0.248776,0.632192,0.666149,1052.614913,0.058016,0.021955,0.025963,1,1.0,19
1900-01-01 13:16:37.879,0.248142,0.632857,0.666182,1052.464399,0.058822,0.022027,0.027809,1,1.0,19
1900-01-01 13:16:39.978,0.247846,0.631365,0.665629,1052.226214,0.058897,0.02223,0.027646,1,1.0,19
1900-01-01 13:16:42.079,0.247663,0.632065,0.665582,1052.121026,0.0588,0.022047,0.026314,1,1.0,19
1900-01-01 13:16:44.228,0.247982,0.633213,0.666657,1053.069061,0.059415,0.022612,0.027914,1,1.0,19
1900-01-01 13:16:46.329,0.247366,0.632862,0.667004,1052.978264,0.058516,0.021912,0.025648,1,1.0,19
1900-01-01 13:16:48.428,0.247849,0.632991,0.666798,1053.320121,0.058753,0.022358,0.026361,1,1.0,19
1900-01-01 13:16:50.577,0.247723,0.633751,0.667397,1053.597804,0.059333,0.021633,0.026564,1,1.0,19
1900-01-01 13:16:52.678,0.247256,0.631825,0.665972,1052.159176,0.059193,0.022192,0.026267,1,1.0,19
1900-01-01 13:16:54.826,0.247133,0.632448,0.666281,1051.864273,0.059654,0.022104,0.02756,1,1.0,19
1900-01-01 13:16:56.977,0.247291,0.633358,0.667367,1052.862515,0.059692,0.022247,0.026736,1,1.0,19
1900-01-01 13:16:59.078,0.246929,0.632489,0.666855,1052.890745,0.058459,0.021926,0.026154,1,1.0,19
1900-01-01 13:17:01.178,0.246525,0.633097,0.666321,1053.185034,0.059492,0.022215,0.026539,1,1.0,19
1900-01-01 13:17:03.274,0.24631,0.630974,0.665289,1052.041333,0.058129,0.022385,0.027449,1,1.0,19
1900-01-01 13:17:05.377,0.247116,0.633127,0.666589,1052.731219,0.05909,0.022025,0.025959,1,1.0,19
1900-01-01 13:17:07.478,0.246109,0.632195,0.66633,1052.228742,0.059689,0.021186,0.025339,1,1.0,19
1900-01-01 13:17:09.625,0.246503,0.632516,0.666024,1052.683072,0.059504,0.022489,0.026519,1,1.0,19
1900-01-01 13:17:11.727,0.246336,0.63215,0.665723,1052.04047,0.059696,0.022405,0.026761,1,1.0,19
1900-01-01 13:17:13.876,0.246047,0.632204,0.666196,1051.840447,0.058702,0.021762,0.025998,1,1.0,19
1900-01-01 13:17:15.977,0.246514,0.633522,0.667248,1052.531693,0.059886,0.021788,0.025757,1,1.0,19
1900-01-01 13:17:18.126,0.24665,0.63271,0.666606,1052.908902,0.05859,0.022313,0.026084,1,1.0,19
1900-01-01 13:17:20.226,0.2462,0.633507,0.667498,1053.12666,0.059686,0.022453,0.026738,1,1.0,19
1900-01-01 13:17:22.326,0.246877,0.633804,0.667581,1053.483638,0.05882,0.022354,0.028312,1,1.0,19
1900-01-01 13:17:24.426,0.24626,0.633297,0.667542,1054.233517,0.059081,0.022276,0.026072,1,1.0,19
1900-01-01 13:17:26.575,0.246191,0.632576,0.666055,1052.707059,0.058909,0.022109,0.026861,1,1.0,19
1900-01-01 13:17:28.676,0.246324,0.63203,0.6656,1052.179372,0.058739,0.0219,0.027033,1,1.0,19
1900-01-01 13:17:30.825,0.246352,0.631882,0.665854,1052.836502,0.059338,0.021949,0.026787,1,1.0,19
1900-01-01 13:17:32.926,0.247156,0.633197,0.666584,1054.107036,0.058348,0.022655,0.026669,1,1.0,19
1900-01-01 13:17:35.074,0.24692,0.633274,0.66741,1054.517999,0.05788,0.022123,0.02573,1,1.0,19
1900-01-01 13:17:37.223,0.246264,0.633108,0.666987,1054.060729,0.058888,0.022276,0.026437,1,1.0,19
1900-01-01 13:17:39.326,0.246235,0.632041,0.665916,1054.585307,0.059061,0.022152,0.025744,1,1.0,19
1900-01-01 13:17:41.474,0.245585,0.631175,0.664814,1052.566665,0.059052,0.022399,0.028909,1,1.0,19
1900-01-01 13:17:43.575,0.245269,0.63142,0.665495,1052.830155,0.058389,0.021569,0.025872,1,1.0,19
1900-01-01 13:17:45.724,0.24601,0.632583,0.666157,1053.731635,0.058362,0.022224,0.027492,1,1.0,19
1900-01-01 13:17:47.873,0.245666,0.631537,0.665854,1054.207724,0.058374,0.021789,0.026255,1,1.0,19
1900-01-01 13:17:49.975,0.246261,0.633137,0.667095,1054.144414,0.058499,0.021676,0.026355,1,1.0,19
1900-01-01 13:17:52.122,0.246395,0.633842,0.667265,1054.088511,0.058838,0.021473,0.026639,1,1.0,19
1900-01-01 13:17:54.225,0.245144,0.631052,0.66468,1054.083111,0.059207,0.022346,0.027532,1,1.0,19
1900-01-01 13:17:56.324,0.24577,0.632186,0.665773,1052.399172,0.059552,0.022495,0.026315,1,1.0,19
1900-01-01 13:17:58.425,0.245584,0.632594,0.666785,1054.035225,0.058009,0.022059,0.025602,1,1.0,19
1900-01-01 13:18:00.572,0.244921,0.631523,0.665305,1053.438496,0.05908,0.022021,0.027349,1,1.0,19
1900-01-01 13:18:02.722,0.244984,0.63176,0.665598,1053.794669,0.05859,0.021673,0.02558,1,1.0,19
1900-01-01 13:18:04.825,0.245424,0.633407,0.667148,1054.430613,0.05969,0.022362,0.0263,1,1.0,19
1900-01-01 13:18:06.972,0.244304,0.632367,0.666195,1054.466223,0.058935,0.021991,0.026773,1,1.0,19
1900-01-01 13:18:09.074,0.244202,0.630601,0.664285,1052.83001,0.059135,0.022167,0.027711,1,1.0,19
1900-01-01 13:18:11.222,0.244476,0.631678,0.665549,1052.522765,0.058971,0.022785,0.02756,1,1.0,19
1900-01-01 13:18:13.372,0.243917,0.632559,0.666401,1053.575376,0.059242,0.02187,0.025769,1,1.0,19
1900-01-01 13:18:15.521,0.244337,0.631953,0.666038,1054.624575,0.057709,0.022346,0.025023,1,1.0,19
1900-01-01 13:18:17.671,0.243218,0.631875,0.665854,1055.43937,0.058185,0.021384,0.025783,1,1.0,19
1900-01-01 13:18:19.822,0.243224,0.63046,0.664569,1053.962856,0.059578,0.022444,0.027323,1,1.0,19
1900-01-01 13:18:21.922,0.242684,0.629719,0.663937,1051.795288,0.059445,0.022231,0.027582,1,1.0,19
1900-01-01 13:18:24.071,0.243577,0.632393,0.665811,1053.819394,0.058852,0.022062,0.028542,1,1.0,19
1900-01-01 13:18:26.220,0.244317,0.632361,0.66673,1055.51532,0.060317,0.021847,0.025867,1,1.0,19
1900-01-01 13:18:28.423,0.244333,0.633873,0.667692,1055.326451,0.058964,0.021658,0.025712,1,1.0,19
1900-01-01 13:18:30.522,0.243699,0.632989,0.666434,1055.166511,0.059981,0.021652,0.027591,1,1.0,19
1900-01-01 13:18:32.622,0.243322,0.632114,0.666155,1054.841952,0.058976,0.021769,0.026116,1,1.0,19
1900-01-01 13:18:34.770,0.242997,0.63171,0.665656,1055.011868,0.058438,0.021428,0.02585,1,1.0,19
1900-01-01 13:18:36.919,0.243032,0.631476,0.665306,1053.545149,0.058978,0.021585,0.02587,1,1.0,19
1900-01-01 13:18:39.022,0.243289,0.631924,0.666012,1053.791659,0.059248,0.021291,0.02576,1,1.0,19
1900-01-01 13:18:41.122,0.243647,0.632611,0.666465,1054.73643,0.0591,0.021637,0.026429,1,1.0,19
1900-01-01 13:18:43.270,0.243249,0.633064,0.666687,1054.910899,0.058734,0.021858,0.026708,1,1.0,19
1900-01-01 13:18:45.420,0.242718,0.631543,0.66544,1053.78809,0.058891,0.022087,0.026783,1,1.0,19
1900-01-01 13:18:47.569,0.242333,0.632236,0.666127,1054.510489,0.059402,0.021937,0.026303,1,1.0,19
1900-01-01 13:18:49.719,0.242041,0.631294,0.665132,1054.570968,0.059139,0.021967,0.026776,1,1.0,19
1900-01-01 13:18:51.870,0.242153,0.631205,0.665411,1053.805039,0.059896,0.022058,0.02657,1,1.0,19
1900-01-01 13:18:53.970,0.241912,0.632411,0.666444,1054.026964,0.059618,0.021219,0.026579,1,1.0,19
1900-01-01 13:18:56.119,0.241744,0.632182,0.665785,1053.834751,0.058491,0.021269,0.02649,1,1.0,19
1900-01-01 13:18:58.220,0.24226,0.632637,0.666527,1054.908171,0.059733,0.022766,0.028185,1,1.0,19
1900-01-01 13:19:00.369,0.241288,0.631193,0.665285,1054.402985,0.059282,0.021376,0.026514,1,1.0,19
1900-01-01 13:19:02.519,0.241443,0.631787,0.665752,1054.581933,0.058345,0.022009,0.027002,1,1.0,19
1900-01-01 13:19:04.668,0.241681,0.632331,0.666751,1055.666703,0.057821,0.021919,0.02614,1,1.0,19
1900-01-01 13:19:06.770,0.241437,0.632008,0.666046,1054.550399,0.059858,0.021298,0.027422,1,1.0,19
1900-01-01 13:19:08.918,0.24142,0.631786,0.666174,1055.248926,0.059318,0.022213,0.026709,1,1.0,19
1900-01-01 13:19:11.068,0.241543,0.631433,0.665252,1054.717894,0.059634,0.02172,0.0259,1,1.0,19
1900-01-01 13:19:13.266,0.241821,0.633144,0.666486,1055.708207,0.059117,0.021082,0.026836,1,1.0,19
1900-01-01 13:19:15.470,0.240738,0.631355,0.665637,1055.047083,0.060571,0.021207,0.027055,1,1.0,19
1900-01-01 13:19:17.618,0.241022,0.630383,0.664527,1053.986814,0.059693,0.021974,0.026903,1,1.0,19
1900-01-01 13:19:19.767,0.242045,0.633306,0.666504,1053.999298,0.059636,0.022617,0.027677,1,1.0,19
1900-01-01 13:19:21.970,0.240775,0.63108,0.665124,1054.767865,0.058517,0.020728,0.024351,1,1.0,19
1900-01-01 13:19:24.116,0.241535,0.631312,0.665424,1054.181515,0.058458,0.021832,0.026018,1,1.0,19
1900-01-01 13:19:26.266,0.240967,0.631912,0.665803,1054.435006,0.058865,0.021541,0.026299,1,1.0,19
1900-01-01 13:19:28.417,0.2408,0.632149,0.66641,1055.740499,0.058909,0.021753,0.027165,1,1.0,19
1900-01-01 13:19:30.567,0.240852,0.631453,0.665089,1055.713487,0.060066,0.022027,0.027301,1,1.0,19
1900-01-01 13:19:32.716,0.240567,0.632099,0.665717,1055.405623,0.059402,0.021425,0.026279,1,1.0,19
1900-01-01 13:19:34.919,0.240846,0.631609,0.665603,1054.648015,0.058809,0.021606,0.025325,1,1.0,19
1900-01-01 13:19:37.119,0.240168,0.630986,0.664937,1055.458857,0.058304,0.021225,0.026651,1,1.0,19
1900-01-01 13:19:39.266,0.240998,0.632035,0.66622,1054.694607,0.059001,0.021967,0.026588,1,1.0,19
1900-01-01 13:19:41.417,0.240412,0.63159,0.665313,1055.484045,0.058266,0.021648,0.026082,1,1.0,19
1900-01-01 13:19:43.566,0.240166,0.631733,0.665443,1054.907595,0.05913,0.021388,0.025758,1,1.0,19
1900-01-01 13:19:45.716,0.240305,0.63137,0.664807,1055.660856,0.059487,0.022227,0.026327,1,1.0,19
1900-01-01 13:19:47.865,0.24044,0.631413,0.665422,1054.532429,0.059434,0.02212,0.027937,1,1.0,19
1900-01-01 13:19:50.015,0.240994,0.632588,0.666529,1054.682808,0.059163,0.022418,0.025426,1,1.0,19
1900-01-01 13:19:52.166,0.240251,0.631346,0.665001,1055.122379,0.058632,0.02215,0.027191,1,1.0,19
1900-01-01 13:19:54.316,0.239878,0.63198,0.665525,1055.665242,0.058858,0.021093,0.027098,1,1.0,19
1900-01-01 13:19:56.465,0.239519,0.631266,0.665477,1055.43195,0.05911,0.021783,0.027202,1,1.0,19
1900-01-01 13:19:58.615,0.240439,0.632283,0.666299,1056.132337,0.059034,0.021152,0.02681,1,1.0,19
1900-01-01 13:20:00.814,0.239922,0.632222,0.665989,1055.614564,0.058345,0.02176,0.026004,1,1.0,19
1900-01-01 13:20:03.017,0.239259,0.631156,0.665082,1055.686001,0.058083,0.021517,0.026184,1,1.0,19
1900-01-01 13:20:05.164,0.239585,0.631162,0.665211,1054.835151,0.059301,0.021741,0.026376,1,1.0,19
1900-01-01 13:20:07.314,0.239892,0.632364,0.666226,1055.323144,0.058054,0.022207,0.027189,1,1.0,19
1900-01-01 13:20:09.518,0.24019,0.631779,0.665721,1055.738047,0.059107,0.021666,0.026823,1,1.0,19
1900-01-01 13:20:11.665,0.238946,0.630472,0.664915,1054.940559,0.058512,0.021018,0.025739,1,1.0,19
1900-01-01 13:20:13.814,0.239609,0.631594,0.665657,1055.2323,0.059021,0.022307,0.026685,1,1.0,19
1900-01-01 13:20:15.964,0.239311,0.630811,0.66473,1055.248585,0.058885,0.021403,0.027609,1,1.0,19
1900-01-01 13:20:18.114,0.240085,0.632645,0.666461,1054.597283,0.058814,0.021704,0.026874,1,1.0,19
1900-01-01 13:20:20.263,0.238835,0.630201,0.664203,1055.664509,0.057417,0.021103,0.025062,1,1.0,19
1900-01-01 13:20:22.462,0.239241,0.63098,0.665262,1054.278809,0.059086,0.022028,0.025982,1,1.0,19
1900-01-01 13:20:24.617,0.23987,0.632035,0.66532,1055.883304,0.059332,0.022874,0.027665,1,1.0,19
1900-01-01 13:20:26.762,0.238848,0.630452,0.664326,1055.465946,0.059109,0.021817,0.027119,1,1.0,19
1900-01-01 13:20:28.966,0.239945,0.632465,0.666825,1055.517708,0.059105,0.021775,0.026471,1,1.0,19
1900-01-01 13:20:31.113,0.239956,0.632169,0.66578,1056.941113,0.059394,0.022063,0.026981,1,1.0,19
1900-01-01 13:20:33.263,0.239636,0.632071,0.666495,1056.814339,0.059318,0.021868,0.026874,1,1.0,19
1900-01-01 13:20:35.412,0.239717,0.632033,0.666456,1057.25732,0.059029,0.02261,0.025604,1,1.0,19
1900-01-01 13:20:37.562,0.239514,0.631235,0.665517,1056.856005,0.059108,0.022446,0.026314,1,1.0,19
1900-01-01 13:20:39.711,0.239291,0.631054,0.665738,1057.755348,0.059482,0.021827,0.02666,1,1.0,19
1900-01-01 13:20:41.862,0.23897,0.631268,0.665599,1057.10387,0.058552,0.021306,0.0264,1,1.0,19
1900-01-01 13:20:44.012,0.239482,0.631834,0.666359,1057.551165,0.058998,0.020879,0.026181,1,1.0,19
1900-01-01 13:20:46.162,0.238662,0.631299,0.666222,1057.750722,0.057917,0.021571,0.026422,1,1.0,19
1900-01-01 13:20:48.311,0.239306,0.631806,0.666119,1057.7729,0.059322,0.022376,0.026388,1,1.0,19
1900-01-01 13:20:50.462,0.239272,0.63245,0.666363,1058.08804,0.058068,0.02166,0.025434,1,1.0,19
1900-01-01 13:20:52.610,0.238827,0.631683,0.665947,1058.868441,0.059885,0.021103,0.026219,1,1.0,19
1900-01-01 13:20:54.761,0.238769,0.631134,0.665436,1057.842545,0.058795,0.021508,0.025618,1,1.0,19
1900-01-01 13:20:56.911,0.238786,0.630798,0.665666,1057.660812,0.059967,0.021339,0.026464,1,1.0,19
1900-01-01 13:20:59.062,0.238115,0.630807,0.665402,1057.141133,0.059061,0.021341,0.024936,1,1.0,19
1900-01-01 13:21:01.210,0.237788,0.630165,0.664647,1057.303423,0.057776,0.021624,0.02595,1,1.0,19
1900-01-01 13:21:03.361,0.238242,0.630829,0.665492,1057.00085,0.059523,0.021233,0.025763,1,1.0,19
1900-01-01 13:21:05.564,0.238294,0.631628,0.665674,1058.10012,0.058846,0.021809,0.026113,1,1.0,19
1900-01-01 13:21:07.711,0.238301,0.63043,0.66471,1057.80414,0.058822,0.021478,0.026009,1,1.0,19
1900-01-01 13:21:09.913,0.23887,0.632281,0.666445,1057.271886,0.059969,0.022086,0.028227,1,1.0,19
1900-01-01 13:21:12.060,0.237949,0.631007,0.665412,1058.256516,0.058147,0.021085,0.026652,1,1.0,19
1900-01-01 13:21:14.210,0.238254,0.631775,0.665653,1057.612568,0.059854,0.021312,0.026438,1,1.0,19
1900-01-01 13:21:16.359,0.238026,0.629742,0.664298,1056.498212,0.058901,0.022465,0.027264,1,1.0,19
1900-01-01 13:21:18.510,0.237681,0.631617,0.665441,1057.833778,0.058688,0.02153,0.027243,1,1.0,19
1900-01-01 13:21:20.660,0.237668,0.631384,0.665871,1057.316521,0.05919,0.021219,0.026597,1,1.0,19
1900-01-01 13:21:22.809,0.237711,0.630748,0.664999,1057.35166,0.059505,0.021675,0.026505,1,1.0,19
1900-01-01 13:21:25.012,0.237979,0.630987,0.665124,1056.783911,0.058326,0.021543,0.02613,1,1.0,19
1900-01-01 13:21:27.159,0.237843,0.632277,0.66628,1057.90296,0.057828,0.02115,0.026094,1,1.0,19
1900-01-01 13:21:29.358,0.238406,0.632492,0.666586,1058.656998,0.058699,0.021992,0.026682,1,1.0,19
1900-01-01 13:21:31.508,0.237775,0.630288,0.664777,1057.395467,0.059028,0.02182,0.02652,1,1.0,19
1900-01-01 13:21:33.658,0.237868,0.630576,0.664508,1056.766095,0.059179,0.021383,0.02568,1,1.0,19
1900-01-01 13:21:35.809,0.238174,0.63171,0.665475,1056.59973,0.059789,0.022232,0.026488,1,1.0,19
1900-01-01 13:21:37.958,0.237872,0.631767,0.666371,1057.382376,0.058722,0.021913,0.025718,1,1.0,19
1900-01-01 13:21:40.108,0.237909,0.632664,0.666743,1058.630089,0.05838,0.021975,0.025749,1,1.0,19
1900-01-01 13:21:42.311,0.237333,0.631092,0.665453,1058.1044,0.058643,0.022079,0.027138,1,1.0,19
1900-01-01 13:21:44.458,0.237892,0.632061,0.666524,1056.945505,0.058521,0.021493,0.024949,1,1.0,19
1900-01-01 13:21:46.607,0.237376,0.631515,0.665875,1057.500849,0.058892,0.020962,0.026377,1,1.0,19
1900-01-01 13:21:48.758,0.237312,0.631481,0.665492,1058.234898,0.058683,0.021244,0.02638,1,1.0,19
1900-01-01 13:21:50.908,0.237128,0.631516,0.665414,1058.084048,0.059226,0.021837,0.02639,1,1.0,19
1900-01-01 13:21:53.110,0.237282,0.629308,0.663721,1057.867125,0.058579,0.022026,0.028194,1,1.0,19
1900-01-01 13:21:55.258,0.237644,0.631446,0.665207,1057.942161,0.059129,0.02233,0.025927,1,1.0,19
1900-01-01 13:21:57.407,0.238119,0.632075,0.666585,1058.92692,0.059305,0.021688,0.026562,1,1.0,19
1900-01-01 13:21:59.606,0.237506,0.630849,0.66532,1058.749193,0.059299,0.021925,0.027775,1,1.0,19
1900-01-01 13:22:01.756,0.238144,0.633868,0.667914,1060.426102,0.059304,0.022163,0.026043,1,1.0,19
1900-01-01 13:22:03.959,0.237209,0.631707,0.665649,1059.454851,0.059321,0.022566,0.027352,1,1.0,19
1900-01-01 13:22:06.108,0.237374,0.631415,0.665542,1058.106381,0.058649,0.022046,0.026722,1,1.0,19
1900-01-01 13:22:08.310,0.236734,0.631325,0.665594,1058.21185,0.058985,0.020939,0.025966,1,1.0,19
1900-01-01 13:22:10.510,0.236793,0.630795,0.664828,1059.5886,0.057757,0.021672,0.02634,1,1.0,19
1900-01-01 13:22:12.710,0.237872,0.632497,0.666728,1059.344288,0.059269,0.021843,0.027493,1,1.0,19
1900-01-01 13:22:14.857,0.237139,0.631594,0.665878,1058.377296,0.059407,0.022268,0.027484,1,1.0,19
1900-01-01 13:22:17.058,0.236339,0.63084,0.665389,1058.004506,0.059334,0.021913,0.025774,1,1.0,19
1900-01-01 13:22:19.258,0.236175,0.630795,0.6651,1057.271915,0.059007,0.021454,0.025809,1,1.0,19
1900-01-01 13:22:21.455,0.236584,0.63251,0.66687,1057.711893,0.059225,0.022233,0.026646,1,1.0,19
1900-01-01 13:22:23.658,0.235615,0.629977,0.664302,1057.515851,0.058678,0.021469,0.026405,1,1.0,19
1900-01-01 13:22:25.806,0.236378,0.630845,0.665421,1057.255134,0.059893,0.02159,0.025915,1,1.0,19
1900-01-01 13:22:28.009,0.236292,0.632255,0.666687,1057.383161,0.059056,0.021733,0.027471,1,1.0,19
1900-01-01 13:22:30.204,0.23633,0.632799,0.666819,1058.141919,0.059435,0.021846,0.026382,1,1.0,19
1900-01-01 13:22:32.407,0.235541,0.631106,0.665215,1058.164325,0.059207,0.021419,0.027741,1,1.0,19
1900-01-01 13:22:34.604,0.236001,0.63175,0.666247,1057.604592,0.058098,0.021481,0.026163,1,1.0,19
1900-01-01 13:22:36.807,0.235565,0.63216,0.666537,1057.669944,0.059813,0.021404,0.027376,1,1.0,19
1900-01-01 13:22:39.007,0.234838,0.631225,0.665434,1057.961992,0.058657,0.022285,0.026401,1,1.0,19
1900-01-01 13:22:41.207,0.235392,0.631192,0.665405,1057.076894,0.058734,0.021661,0.025384,1,1.0,19
1900-01-01 13:22:43.407,0.235194,0.630874,0.664632,1056.232514,0.058017,0.021974,0.025805,1,1.0,19
1900-01-01 13:22:45.607,0.235161,0.632666,0.667321,1056.101785,0.059786,0.021844,0.026583,1,1.0,19
1900-01-01 13:22:47.807,0.235122,0.632189,0.666382,1058.088434,0.057971,0.021831,0.025709,1,1.0,19
1900-01-01 13:22:50.007,0.23539,0.632309,0.666971,1057.029745,0.058345,0.021616,0.02696,1,1.0,19
1900-01-01 13:22:52.207,0.234989,0.630576,0.665087,1056.770431,0.058641,0.021351,0.025693,1,1.0,19
1900-01-01 13:22:54.402,0.234926,0.631746,0.665706,1056.496569,0.059159,0.021785,0.026643,1,1.0,19
1900-01-01 13:22:56.606,0.235476,0.632301,0.667142,1056.882521,0.058889,0.021885,0.025612,1,1.0,19
1900-01-01 13:22:58.806,0.235292,0.632039,0.666691,1058.09915,0.058471,0.02185,0.026073,1,1.0,19
1900-01-01 13:23:01.006,0.234858,0.631316,0.666123,1057.034032,0.05978,0.021497,0.025276,1,1.0,19
1900-01-01 13:23:03.206,0.235048,0.63144,0.665501,1056.078211,0.058508,0.022558,0.027377,1,1.0,19
1900-01-01 13:23:05.406,0.235125,0.632039,0.666169,1056.245373,0.060148,0.021529,0.028138,1,1.0,19
1900-01-01 13:23:07.606,0.234602,0.631161,0.665259,1056.607556,0.058609,0.021927,0.025218,1,1.0,19
1900-01-01 13:23:09.806,0.233619,0.631034,0.665346,1056.871156,0.058865,0.021098,0.025487,1,1.0,19
1900-01-01 13:23:12.054,0.234001,0.630597,0.664936,1055.431866,0.059171,0.022018,0.026239,1,1.0,19
1900-01-01 13:23:14.255,0.234657,0.631524,0.666157,1056.832766,0.059271,0.022319,0.026395,1,1.0,19
1900-01-01 13:23:16.402,0.23409,0.631448,0.66578,1057.217809,0.058328,0.022232,0.026421,1,1.0,19
1900-01-01 13:23:18.553,0.234256,0.630824,0.665496,1056.281902,0.058355,0.021865,0.025971,1,1.0,19
1900-01-01 13:23:20.754,0.234595,0.632445,0.666466,1056.149429,0.05884,0.021569,0.026292,1,1.0,19
1900-01-01 13:23:22.954,0.234037,0.631573,0.66644,1057.089752,0.058761,0.021999,0.025744,1,1.0,19
1900-01-01 13:23:25.154,0.234263,0.631647,0.666027,1056.926877,0.059462,0.022175,0.025551,1,1.0,19
1900-01-01 13:23:27.354,0.234072,0.63153,0.665618,1057.460507,0.05896,0.021769,0.025967,1,1.0,19
1900-01-01 13:23:29.554,0.234788,0.631664,0.666006,1056.384674,0.059601,0.021109,0.025832,1,1.0,19
1900-01-01 13:23:31.754,0.235056,0.632535,0.666866,1057.44122,0.059913,0.022503,0.025988,1,1.0,19
1900-01-01 13:23:33.950,0.233799,0.632287,0.666372,1057.364295,0.058349,0.021917,0.025432,1,1.0,19
1900-01-01 13:23:36.153,0.233444,0.63072,0.66519,1057.610019,0.059948,0.022348,0.027174,1,1.0,19
1900-01-01 13:23:38.354,0.233987,0.6325,0.66662,1057.038409,0.059181,0.021864,0.025903,1,1.0,19
1900-01-01 13:23:40.554,0.233512,0.630776,0.664983,1057.466937,0.059146,0.021938,0.027393,1,1.0,19
1900-01-01 13:23:42.750,0.233269,0.6308,0.665083,1057.022922,0.058985,0.021788,0.025769,1,1.0,19
1900-01-01 13:23:44.953,0.233339,0.630074,0.664606,1056.488567,0.05824,0.021916,0.027044,1,1.0,19
1900-01-01 13:23:47.153,0.233803,0.631106,0.665476,1056.549692,0.059015,0.022324,0.026779,1,1.0,19
1900-01-01 13:23:49.353,0.233127,0.630437,0.665104,1057.151902,0.058931,0.021692,0.026938,1,1.0,19
1900-01-01 13:23:51.553,0.233118,0.631034,0.665659,1057.096181,0.059851,0.021742,0.026915,1,1.0,19
1900-01-01 13:23:53.753,0.233039,0.631184,0.665121,1056.834724,0.058759,0.021505,0.027415,1,1.0,19
1900-01-01 13:23:55.948,0.232847,0.631366,0.666062,1057.398719,0.059091,0.021608,0.026367,1,1.0,19
1900-01-01 13:23:58.098,0.233553,0.63274,0.667247,1057.564323,0.058803,0.021781,0.025994,1,1.0,19
1900-01-01 13:24:00.302,0.232989,0.631165,0.6657,1057.759596,0.058276,0.021927,0.026115,1,1.0,19
1900-01-01 13:24:02.502,0.232743,0.6309,0.66576,1057.314777,0.058062,0.022329,0.027392,1,1.0,19
1900-01-01 13:24:04.698,0.232343,0.630595,0.665393,1057.624081,0.058579,0.021246,0.026008,1,1.0,19
1900-01-01 13:24:06.902,0.233094,0.631138,0.665854,1057.61413,0.059231,0.021782,0.026623,1,1.0,19
1900-01-01 13:24:09.150,0.232659,0.63054,0.665071,1057.560661,0.057724,0.021391,0.026711,1,1.0,19
1900-01-01 13:24:11.348,0.233217,0.631694,0.665888,1058.074191,0.059033,0.02148,0.025858,1,1.0,19
1900-01-01 13:24:13.599,0.232712,0.631088,0.665376,1058.400144,0.058227,0.021212,0.02469,1,1.0,19
1900-01-01 13:24:15.798,0.232943,0.630515,0.664819,1058.292507,0.058951,0.021952,0.027008,1,1.0,19
1900-01-01 13:24:18.001,0.232855,0.63225,0.666254,1059.382085,0.058969,0.021458,0.027107,1,1.0,19
1900-01-01 13:24:20.201,0.233156,0.63118,0.665363,1058.583489,0.059197,0.022042,0.026747,1,1.0,19
1900-01-01 13:24:22.449,0.232595,0.63182,0.666175,1058.707903,0.059343,0.021745,0.025907,1,1.0,19
1900-01-01 13:24:24.698,0.232557,0.6306,0.665289,1058.937854,0.059014,0.021099,0.024947,1,1.0,19
1900-01-01 13:24:26.948,0.232583,0.631336,0.666041,1058.897286,0.058927,0.02196,0.025945,1,1.0,19
1900-01-01 13:24:29.151,0.232219,0.630272,0.664227,1058.579519,0.058458,0.021629,0.026014,1,1.0,19
1900-01-01 13:24:31.399,0.232691,0.631949,0.666636,1059.637022,0.058671,0.021734,0.027142,1,1.0,19
1900-01-01 13:24:33.601,0.232807,0.63029,0.664768,1058.36173,0.058569,0.021521,0.028843,1,1.0,19
1900-01-01 13:24:35.849,0.232054,0.630781,0.665251,1058.934415,0.058991,0.02155,0.026926,1,1.0,19
1900-01-01 13:24:38.098,0.233,0.631921,0.666588,1059.036385,0.058237,0.022194,0.025129,1,1.0,19
1900-01-01 13:24:40.348,0.232464,0.631052,0.665714,1059.802529,0.058974,0.021678,0.025861,1,1.0,19
1900-01-01 13:24:42.598,0.232581,0.631378,0.665583,1058.861663,0.059421,0.022101,0.026509,1,1.0,19
1900-01-01 13:24:44.799,0.232591,0.630773,0.664875,1058.516473,0.05936,0.021694,0.026437,1,1.0,19
1900-01-01 13:24:46.999,0.232562,0.631361,0.665229,1058.502051,0.059663,0.021807,0.026394,1,1.0,19
1900-01-01 13:24:49.247,0.233123,0.631996,0.66613,1059.76496,0.059785,0.02192,0.026749,1,1.0,19
1900-01-01 13:24:51.497,0.232249,0.630146,0.664485,1058.641638,0.058199,0.022223,0.027036,1,1.0,19
1900-01-01 13:24:53.746,0.232358,0.632416,0.666718,1059.883332,0.058633,0.021082,0.025682,1,1.0,19
1900-01-01 13:24:55.998,0.231512,0.632077,0.666519,1060.405306,0.058607,0.021105,0.025978,1,1.0,19
1900-01-01 13:24:58.247,0.232358,0.631473,0.665938,1060.44936,0.059106,0.022425,0.026307,1,1.0,19
1900-01-01 13:25:00.497,0.232095,0.63072,0.665641,1060.338969,0.058511,0.022047,0.025768,1,1.0,19
1900-01-01 13:25:02.698,0.231165,0.629194,0.664078,1059.06914,0.059548,0.022052,0.026667,1,1.0,19
1900-01-01 13:25:04.898,0.231996,0.631671,0.666474,1059.385006,0.059252,0.021973,0.02738,1,1.0,19
1900-01-01 13:25:07.146,0.232397,0.632584,0.666649,1061.040139,0.058739,0.02135,0.026492,1,1.0,19
1900-01-01 13:25:09.396,0.231386,0.630569,0.665187,1059.396008,0.059905,0.021723,0.027648,1,1.0,19
1900-01-01 13:25:11.598,0.231354,0.63153,0.665995,1060.417233,0.058236,0.022004,0.026797,1,1.0,19
1900-01-01 13:25:13.846,0.23104,0.629576,0.664164,1059.978888,0.059553,0.022028,0.028442,1,1.0,19
1900-01-01 13:25:16.095,0.231312,0.630446,0.664541,1057.971413,0.058629,0.022191,0.026611,1,1.0,19
1900-01-01 13:25:18.294,0.231711,0.631193,0.665897,1059.336668,0.058697,0.021335,0.026692,1,1.0,19
1900-01-01 13:25:20.497,0.23096,0.630287,0.664915,1059.998456,0.059097,0.021406,0.025904,1,1.0,19
1900-01-01 13:25:22.697,0.231471,0.631063,0.66571,1058.870664,0.059635,0.02178,0.025983,1,1.0,19
1900-01-01 13:25:24.945,0.231589,0.631582,0.665578,1059.435678,0.059577,0.022192,0.027708,1,1.0,19
1900-01-01 13:25:27.146,0.231234,0.631145,0.665719,1060.407966,0.058845,0.021869,0.02644,1,1.0,19
1900-01-01 13:25:29.346,0.231493,0.631993,0.666119,1060.490843,0.058199,0.021976,0.026401,1,1.0,19
1900-01-01 13:25:31.546,0.230617,0.630392,0.664436,1059.852201,0.058635,0.021392,0.026898,1,1.0,19
1900-01-01 13:25:33.794,0.231304,0.632822,0.666992,1061.140811,0.058201,0.021601,0.025625,1,1.0,19
1900-01-01 13:25:36.044,0.231391,0.632134,0.666584,1060.439552,0.058657,0.020932,0.026166,1,1.0,19
1900-01-01 13:25:38.294,0.23182,0.632417,0.666804,1060.938274,0.060459,0.022171,0.027565,1,1.0,19
1900-01-01 13:25:40.495,0.231997,0.632395,0.666729,1060.862095,0.060152,0.022281,0.025952,1,1.0,19
1900-01-01 13:25:42.692,0.231431,0.632427,0.666899,1061.205616,0.058786,0.021383,0.025352,1,1.0,19
1900-01-01 13:25:44.895,0.231184,0.63119,0.665945,1060.672611,0.05959,0.022616,0.026321,1,1.0,19
1900-01-01 13:25:47.143,0.231122,0.631101,0.665202,1059.632828,0.059766,0.022231,0.028238,1,1.0,19
1900-01-01 13:25:49.393,0.231066,0.631836,0.665963,1060.980183,0.059927,0.021751,0.027449,1,1.0,19
1900-01-01 13:25:51.591,0.23084,0.630036,0.66486,1060.277152,0.058303,0.020753,0.02646,1,1.0,19
1900-01-01 13:25:53.794,0.231425,0.631514,0.665586,1059.354263,0.060597,0.022421,0.028153,1,1.0,19
1900-01-01 13:25:56.042,0.23136,0.630695,0.665525,1060.48854,0.059025,0.021944,0.0257,1,1.0,19
1900-01-01 13:25:58.241,0.230844,0.630739,0.665341,1060.12783,0.060309,0.021674,0.025758,1,1.0,19
1900-01-01 13:26:00.444,0.230832,0.631187,0.66514,1059.371384,0.059698,0.021596,0.025208,1,1.0,19
1900-01-01 13:26:02.646,0.230613,0.630705,0.665636,1059.836981,0.059096,0.020925,0.026683,1,1.0,19
1900-01-01 13:26:04.841,0.230589,0.630163,0.665045,1058.92593,0.059516,0.021825,0.027287,1,1.0,19
1900-01-01 13:26:07.092,0.230562,0.631183,0.665805,1059.430657,0.059061,0.022069,0.025734,1,1.0,19
1900-01-01 13:26:09.290,0.230642,0.630239,0.665006,1060.562443,0.059101,0.022135,0.027041,1,1.0,19
1900-01-01 13:26:11.494,0.230626,0.630305,0.665058,1059.774727,0.059595,0.021813,0.026308,1,1.0,19
1900-01-01 13:26:13.742,0.230963,0.630491,0.665026,1059.202874,0.058685,0.021958,0.026564,1,1.0,19
1900-01-01 13:26:15.991,0.231298,0.631618,0.666428,1060.759628,0.059524,0.021624,0.026816,1,1.0,19
1900-01-01 13:26:18.190,0.23072,0.630715,0.665291,1060.880398,0.059704,0.021754,0.026631,1,1.0,19
1900-01-01 13:26:20.441,0.230841,0.630752,0.665539,1060.482116,0.059266,0.021888,0.025738,1,1.0,19
1900-01-01 13:26:22.692,0.230632,0.631146,0.665862,1060.62245,0.059267,0.021357,0.025752,1,1.0,19
1900-01-01 13:26:24.894,0.230117,0.630245,0.66536,1061.190187,0.058462,0.020907,0.025186,1,1.0,19
1900-01-01 13:26:27.092,0.230334,0.631089,0.66557,1060.051922,0.059839,0.021468,0.026939,1,1.0,19
1900-01-01 13:26:29.294,0.230205,0.630257,0.665002,1060.286623,0.058441,0.021131,0.025872,1,1.0,19
1900-01-01 13:26:31.542,0.230505,0.63137,0.666252,1060.80314,0.058993,0.022367,0.027392,1,1.0,19
1900-01-01 13:26:33.791,0.23021,0.631135,0.665142,1061.151655,0.059971,0.022539,0.027484,1,1.0,19
1900-01-01 13:26:36.041,0.230588,0.631577,0.666363,1060.802068,0.058876,0.02163,0.025752,1,1.0,19
1900-01-01 13:26:38.242,0.230408,0.630174,0.66523,1061.622548,0.059296,0.021271,0.027672,1,1.0,19
1900-01-01 13:26:40.438,0.230213,0.629772,0.664079,1060.215508,0.059088,0.021232,0.026168,1,1.0,19
1900-01-01 13:26:42.689,0.230986,0.631461,0.666017,1061.114667,0.059105,0.021786,0.025674,1,1.0,19
1900-01-01 13:26:44.940,0.230221,0.630759,0.665564,1061.489589,0.058319,0.02143,0.0272,1,1.0,19
1900-01-01 13:26:47.190,0.22996,0.631763,0.666237,1061.334318,0.059172,0.02171,0.026094,1,1.0,19
1900-01-01 13:26:49.439,0.230477,0.631314,0.665885,1060.879123,0.058425,0.021771,0.02664,1,1.0,19
1900-01-01 13:26:51.689,0.231073,0.63279,0.667343,1061.663307,0.059997,0.021393,0.026397,1,1.0,19
1900-01-01 13:26:53.887,0.230262,0.6338,0.668137,1062.977763,0.059963,0.022094,0.026394,1,1.0,19
1900-01-01 13:26:56.138,0.229888,0.631265,0.665751,1063.540143,0.059907,0.020665,0.025308,1,1.0,19
1900-01-01 13:26:58.342,0.230264,0.631346,0.665925,1061.539571,0.059623,0.02117,0.025766,1,1.0,19
1900-01-01 13:27:00.590,0.230318,0.632348,0.667204,1062.556512,0.058854,0.021945,0.026489,1,1.0,19
1900-01-01 13:27:02.791,0.230688,0.631889,0.666641,1063.072764,0.059085,0.022319,0.025602,1,1.0,19
1900-01-01 13:27:05.039,0.230211,0.632103,0.666526,1062.623627,0.058701,0.021892,0.026541,1,1.0,19
1900-01-01 13:27:07.289,0.229503,0.630333,0.665159,1061.608824,0.059369,0.021476,0.025165,1,1.0,19
1900-01-01 13:27:09.586,0.229573,0.629904,0.665013,1061.515322,0.059075,0.022048,0.02693,1,1.0,19
1900-01-01 13:27:11.838,0.230265,0.631543,0.666295,1061.990168,0.06022,0.021392,0.026334,1,1.0,19
1900-01-01 13:27:14.087,0.23075,0.630894,0.665501,1060.608687,0.059527,0.022441,0.027168,1,1.0,19
1900-01-01 13:27:16.338,0.230004,0.63179,0.666331,1062.580844,0.059696,0.021794,0.026052,1,1.0,19
1900-01-01 13:27:18.588,0.229729,0.629659,0.664861,1062.006964,0.059586,0.022118,0.027042,1,1.0,19
1900-01-01 13:27:20.838,0.229823,0.630863,0.665698,1061.900095,0.05864,0.02162,0.026362,1,1.0,19
1900-01-01 13:27:23.087,0.230332,0.631686,0.666175,1062.109711,0.058821,0.021798,0.025831,1,1.0,19
1900-01-01 13:27:25.386,0.22925,0.631447,0.666161,1062.553413,0.059855,0.021682,0.025678,1,1.0,19
1900-01-01 13:27:27.590,0.229535,0.631813,0.666675,1062.773893,0.059988,0.021656,0.026071,1,1.0,19
1900-01-01 13:27:29.838,0.229681,0.63115,0.66586,1062.340487,0.059301,0.021353,0.026681,1,1.0,19
1900-01-01 13:27:32.087,0.229204,0.63046,0.665693,1061.531104,0.059044,0.021214,0.026803,1,1.0,19
1900-01-01 13:27:34.337,0.229141,0.630737,0.665641,1061.891713,0.059007,0.021451,0.027307,1,1.0,19
1900-01-01 13:27:36.586,0.229522,0.629949,0.664672,1061.820407,0.058767,0.021493,0.026439,1,1.0,19
1900-01-01 13:27:38.886,0.229494,0.631338,0.665591,1061.675788,0.05924,0.021462,0.026195,1,1.0,19
1900-01-01 13:27:41.137,0.229818,0.633518,0.667898,1063.757975,0.060375,0.022217,0.026566,1,1.0,19
1900-01-01 13:27:43.338,0.229779,0.631672,0.666403,1063.948892,0.059867,0.021711,0.026543,1,1.0,19
1900-01-01 13:27:45.586,0.229503,0.632201,0.666661,1063.798134,0.05868,0.021969,0.025378,1,1.0,19
1900-01-01 13:27:47.836,0.229993,0.632349,0.666784,1063.469602,0.058821,0.023131,0.028397,1,1.0,19
1900-01-01 13:27:50.087,0.229528,0.631382,0.665858,1063.389337,0.059293,0.021994,0.025454,1,1.0,19
1900-01-01 13:27:52.335,0.229641,0.631447,0.665872,1064.213406,0.057942,0.021745,0.026447,1,1.0,19
1900-01-01 13:27:54.586,0.229085,0.629817,0.66447,1062.993469,0.058543,0.021306,0.026107,1,1.0,19
1900-01-01 13:27:56.836,0.228117,0.627439,0.662162,1059.38553,0.058662,0.021997,0.028238,1,1.0,19
1900-01-01 13:27:59.086,0.228721,0.629988,0.665114,1062.549691,0.059707,0.022256,0.027356,1,1.0,19
1900-01-01 13:28:01.335,0.22848,0.629641,0.664296,1062.839259,0.058556,0.02091,0.025648,1,1.0,19
1900-01-01 13:28:03.585,0.229683,0.633014,0.667568,1063.1469,0.059482,0.022136,0.025651,1,1.0,19
1900-01-01 13:28:05.836,0.229134,0.631526,0.666086,1064.824096,0.058849,0.022062,0.026472,1,1.0,19
1900-01-01 13:28:08.134,0.22832,0.629188,0.663938,1062.918876,0.058609,0.021299,0.027347,1,1.0,19
1900-01-01 13:28:10.438,0.228154,0.629252,0.664612,1060.689928,0.058686,0.021369,0.026228,1,1.0,19
1900-01-01 13:28:12.737,0.229152,0.630768,0.665394,1062.768748,0.059037,0.022186,0.026883,1,1.0,19
1900-01-01 13:28:15.038,0.228595,0.629942,0.664881,1061.874665,0.058776,0.022204,0.0264,1,1.0,19
1900-01-01 13:28:17.286,0.228125,0.630587,0.665349,1062.81029,0.058512,0.020988,0.025787,1,1.0,19
1900-01-01 13:28:19.534,0.228394,0.630643,0.665194,1063.005342,0.058807,0.02136,0.025833,1,1.0,19
1900-01-01 13:28:21.783,0.229785,0.632718,0.6672,1063.589771,0.059006,0.022319,0.026546,1,1.0,19
1900-01-01 13:28:24.033,0.22909,0.631355,0.665632,1064.555056,0.058592,0.02197,0.02716,1,1.0,19
1900-01-01 13:28:26.284,0.228649,0.630878,0.66549,1063.896215,0.058772,0.022147,0.026285,1,1.0,19
1900-01-01 13:28:28.582,0.228711,0.63207,0.666185,1064.275051,0.058677,0.021287,0.02646,1,1.0,19
1900-01-01 13:28:30.833,0.227541,0.626103,0.661188,1060.681097,0.058736,0.022567,0.032214,1,1.0,19
1900-01-01 13:28:33.084,0.227982,0.629112,0.663519,1061.495873,0.058402,0.021081,0.025812,1,1.0,19
1900-01-01 13:28:35.334,0.228623,0.630137,0.66464,1062.28147,0.058364,0.022539,0.026259,1,1.0,19
1900-01-01 13:28:37.535,0.228269,0.629859,0.664304,1062.907821,0.059035,0.021947,0.026642,1,1.0,19
1900-01-01 13:28:39.783,0.228415,0.630807,0.665876,1063.118598,0.058573,0.021773,0.026991,1,1.0,19
1900-01-01 13:28:42.033,0.228138,0.631311,0.665281,1063.402547,0.058201,0.021659,0.02606,1,1.0,19
1900-01-01 13:28:44.282,0.228247,0.630079,0.664864,1063.719748,0.058623,0.021703,0.025352,1,1.0,19
1900-01-01 13:28:46.484,0.228803,0.631825,0.666466,1063.046563,0.059245,0.022055,0.026145,1,1.0,19
1900-01-01 13:28:48.732,0.227824,0.630281,0.664716,1063.343013,0.058229,0.021076,0.027238,1,1.0,19
1900-01-01 13:28:50.982,0.228513,0.630793,0.665779,1063.712677,0.058546,0.021919,0.025594,1,1.0,19
1900-01-01 13:28:53.231,0.228119,0.630801,0.665971,1063.824568,0.057697,0.021054,0.025613,1,1.0,19
1900-01-01 13:28:55.534,0.228301,0.630725,0.665513,1065.189226,0.058735,0.021688,0.027276,1,1.0,19
1900-01-01 13:28:57.830,0.227844,0.629692,0.664359,1062.722582,0.059172,0.022025,0.026758,1,1.0,19
1900-01-01 13:29:00.081,0.228654,0.630943,0.665735,1064.840852,0.058309,0.021925,0.026928,1,1.0,19
1900-01-01 13:29:02.380,0.228668,0.629917,0.664895,1065.652184,0.059146,0.022136,0.027785,1,1.0,19
1900-01-01 13:29:04.679,0.228206,0.630449,0.665106,1065.762928,0.059111,0.021868,0.025645,1,1.0,19
1900-01-01 13:29:06.983,0.228594,0.629753,0.664931,1065.541842,0.058423,0.021613,0.025943,1,1.0,19
1900-01-01 13:29:09.332,0.228624,0.630176,0.665585,1065.19814,0.057975,0.020995,0.025498,1,1.0,19
1900-01-01 13:29:11.630,0.228453,0.630009,0.66427,1065.67431,0.059254,0.022154,0.026742,1,1.0,19
1900-01-01 13:29:13.929,0.228928,0.630608,0.665618,1066.105413,0.059158,0.021569,0.026104,1,1.0,19
1900-01-01 13:29:16.233,0.228598,0.628739,0.663432,1066.141425,0.059224,0.022098,0.026359,1,1.0,19
1900-01-01 13:29:18.529,0.228889,0.630635,0.664611,1064.394121,0.059631,0.022275,0.026203,1,1.0,19
1900-01-01 13:29:20.833,0.228853,0.630074,0.664716,1066.182352,0.058781,0.02155,0.026534,1,1.0,19
1900-01-01 13:29:23.081,0.228765,0.630162,0.665022,1066.522572,0.05889,0.021757,0.026066,1,1.0,19
1900-01-01 13:29:25.330,0.229057,0.630297,0.665146,1066.606493,0.058907,0.021861,0.02658,1,1.0,19
1900-01-01 13:29:27.628,0.22867,0.629798,0.66473,1065.302953,0.058759,0.021329,0.026069,1,1.0,19
1900-01-01 13:29:29.879,0.228439,0.629182,0.66429,1065.844137,0.059098,0.021651,0.025839,1,1.0,19
1900-01-01 13:29:32.182,0.228817,0.630625,0.665569,1065.199462,0.058448,0.021706,0.026671,1,1.0,19
1900-01-01 13:29:34.430,0.228455,0.630935,0.665382,1067.680301,0.057912,0.021532,0.02629,1,1.0,19
1900-01-01 13:29:36.732,0.227706,0.628564,0.663321,1065.194728,0.058568,0.021659,0.026297,1,1.0,19
1900-01-01 13:29:39.028,0.2288,0.63015,0.665376,1066.439395,0.05928,0.021864,0.027345,1,1.0,19
1900-01-01 13:29:41.279,0.228931,0.63137,0.665943,1066.937486,0.059274,0.021399,0.025767,1,1.0,19
1900-01-01 13:29:43.577,0.22838,0.630797,0.665733,1067.180259,0.05828,0.021126,0.026152,1,1.0,19
1900-01-01 13:29:45.881,0.228227,0.630095,0.664541,1066.9702,0.059985,0.021574,0.027319,1,1.0,19
1900-01-01 13:29:48.177,0.228571,0.630138,0.6653,1065.995841,0.059173,0.021348,0.025059,1,1.0,19
1900-01-01 13:29:50.476,0.228145,0.629467,0.664951,1066.365866,0.05814,0.021332,0.025504,1,1.0,19
1900-01-01 13:29:52.780,0.228466,0.63089,0.665956,1067.868551,0.057964,0.021495,0.02688,1,1.0,19
1900-01-01 13:29:55.129,0.228409,0.63027,0.665167,1066.195697,0.059616,0.021863,0.025849,1,1.0,19
1900-01-01 13:29:57.479,0.228201,0.629845,0.664761,1066.896097,0.058912,0.021089,0.025464,1,1.0,19
1900-01-01 13:29:59.777,0.228101,0.628473,0.664006,1066.562697,0.059418,0.021985,0.028019,1,1.0,19
1900-01-01 13:30:02.076,0.228327,0.629238,0.663848,1065.178448,0.058918,0.021473,0.027278,1,1.0,19
1900-01-01 13:30:04.375,0.227368,0.629336,0.664011,1065.678845,0.059177,0.021328,0.026744,1,1.0,19
1900-01-01 13:30:06.679,0.228108,0.630366,0.665693,1067.465419,0.057911,0.021754,0.027046,1,1.0,19
1900-01-01 13:30:08.980,0.228182,0.63067,0.665092,1067.609888,0.058597,0.022108,0.026744,1,1.0,19
1900-01-01 13:30:11.279,0.227592,0.629332,0.664379,1066.134124,0.059199,0.021615,0.027892,1,1.0,19
1900-01-01 13:30:13.578,0.22772,0.630524,0.665722,1066.966753,0.058559,0.021422,0.02674,1,1.0,19
1900-01-01 13:30:15.879,0.227751,0.629114,0.664513,1066.991082,0.059266,0.021448,0.02616,1,1.0,19
1900-01-01 13:30:18.175,0.228176,0.629759,0.665144,1066.973302,0.058886,0.021913,0.024982,1,1.0,19
1900-01-01 13:30:20.474,0.228131,0.630766,0.665822,1067.41793,0.058395,0.021699,0.025958,1,1.0,19
1900-01-01 13:30:22.778,0.227939,0.629819,0.664923,1068.53771,0.058492,0.02197,0.026924,1,1.0,19
1900-01-01 13:30:25.074,0.227572,0.629562,0.665156,1067.774162,0.058939,0.022263,0.0262,1,1.0,19
1900-01-01 13:30:27.374,0.228264,0.63103,0.666262,1067.864487,0.059921,0.021648,0.027139,1,1.0,19
1900-01-01 13:30:29.678,0.227912,0.630234,0.66531,1067.620942,0.057587,0.020788,0.025973,1,1.0,19
1900-01-01 13:30:32.026,0.228203,0.630589,0.665537,1067.908328,0.058741,0.021383,0.026653,1,1.0,19
1900-01-01 13:30:34.324,0.228108,0.62941,0.664614,1067.110501,0.058273,0.021933,0.02676,1,1.0,19
1900-01-01 13:30:36.623,0.227464,0.628745,0.663927,1066.640674,0.058681,0.021823,0.025565,1,1.0,19
1900-01-01 13:30:38.927,0.228439,0.630517,0.665888,1067.931988,0.059314,0.021669,0.025556,1,1.0,19
1900-01-01 13:30:41.228,0.228435,0.630278,0.66514,1068.562685,0.058448,0.022053,0.026905,1,1.0,19
1900-01-01 13:30:43.524,0.228105,0.629901,0.665032,1067.868622,0.058758,0.021386,0.027164,1,1.0,19
1900-01-01 13:30:45.823,0.227878,0.629878,0.664927,1068.334642,0.058464,0.021915,0.027143,1,1.0,19
1900-01-01 13:30:48.122,0.228743,0.630627,0.665618,1067.481505,0.059748,0.022317,0.02663,1,1.0,19
1900-01-01 13:30:50.426,0.2284,0.629439,0.664385,1068.410836,0.059101,0.022094,0.026311,1,1.0,19
1900-01-01 13:30:52.674,0.227899,0.628296,0.663865,1067.852282,0.05908,0.022107,0.026478,1,1.0,19
1900-01-01 13:30:55.025,0.228412,0.630994,0.666122,1067.156709,0.058808,0.021807,0.026743,1,1.0,19
1900-01-01 13:30:57.375,0.227833,0.629615,0.665171,1068.653617,0.05908,0.022234,0.027272,1,1.0,19
1900-01-01 13:30:59.726,0.227862,0.630851,0.665567,1068.803182,0.058371,0.021275,0.025977,1,1.0,19
1900-01-01 13:31:02.022,0.227778,0.628821,0.664175,1067.408641,0.058588,0.021822,0.026913,1,1.0,19
1900-01-01 13:31:04.326,0.22799,0.629126,0.664581,1067.561597,0.059718,0.021534,0.026407,1,1.0,19
1900-01-01 13:31:06.674,0.227964,0.62914,0.664712,1068.020776,0.058684,0.022163,0.026597,1,1.0,19
1900-01-01 13:31:08.972,0.228681,0.631293,0.666305,1069.773609,0.05935,0.021263,0.026035,1,1.0,19
1900-01-01 13:31:11.223,0.22776,0.630201,0.6662,1070.171455,0.057624,0.02172,0.025955,1,1.0,19
1900-01-01 13:31:13.526,0.228217,0.630766,0.666159,1070.168129,0.059684,0.021736,0.027084,1,1.0,19
1900-01-01 13:31:15.822,0.227924,0.629788,0.664555,1068.603771,0.058826,0.021641,0.027114,1,1.0,19
1900-01-01 13:31:18.174,0.228216,0.630058,0.665837,1070.333786,0.057183,0.022194,0.026602,1,1.0,19
1900-01-01 13:31:20.471,0.227291,0.629589,0.664729,1069.818064,0.058108,0.020581,0.026008,1,1.0,19
1900-01-01 13:31:22.770,0.227709,0.630197,0.664815,1069.34569,0.058511,0.021734,0.026487,1,1.0,19
1900-01-01 13:31:25.074,0.228733,0.630658,0.665418,1071.12226,0.057739,0.021604,0.025594,1,1.0,19
1900-01-01 13:31:27.370,0.228146,0.629672,0.66518,1070.367717,0.059846,0.021297,0.027028,1,1.0,19
1900-01-01 13:31:29.674,0.228644,0.630665,0.665601,1069.702088,0.058351,0.021847,0.026768,1,1.0,19
1900-01-01 13:31:31.970,0.228711,0.630202,0.665404,1069.967287,0.05951,0.021422,0.0257,1,1.0,19
1900-01-01 13:31:34.270,0.228481,0.62953,0.66484,1069.738111,0.058394,0.021752,0.02663,1,1.0,19
1900-01-01 13:31:36.574,0.228919,0.629878,0.66535,1070.665922,0.059079,0.021911,0.027201,1,1.0,19
1900-01-01 13:31:38.870,0.228832,0.630372,0.665612,1070.566905,0.058275,0.022349,0.025973,1,1.0,19
1900-01-01 13:31:41.174,0.228078,0.628443,0.664377,1070.170703,0.057939,0.021548,0.026295,1,1.0,19
1900-01-01 13:31:43.470,0.228964,0.629596,0.665112,1069.16232,0.059446,0.022168,0.026545,1,1.0,19
1900-01-01 13:31:45.774,0.228851,0.629687,0.664672,1069.505637,0.058522,0.022664,0.026545,1,1.0,19
1900-01-01 13:31:48.070,0.22775,0.629338,0.664631,1070.067908,0.058978,0.021132,0.026445,1,1.0,19
1900-01-01 13:31:50.369,0.228069,0.630656,0.666041,1070.596683,0.059644,0.02156,0.026798,1,1.0,19
1900-01-01 13:31:52.721,0.228149,0.629892,0.66479,1070.808875,0.058403,0.021224,0.025832,1,1.0,19
1900-01-01 13:31:55.023,0.228235,0.629095,0.664079,1070.521929,0.058806,0.022667,0.026442,1,1.0,19
1900-01-01 13:31:57.319,0.228292,0.629468,0.664299,1070.556638,0.05833,0.021741,0.026162,1,1.0,19
1900-01-01 13:31:59.671,0.228278,0.629977,0.665232,1070.820902,0.057878,0.022221,0.025963,1,1.0,19
1900-01-01 13:32:02.022,0.228166,0.630168,0.665078,1070.979093,0.058219,0.021488,0.026356,1,1.0,19
1900-01-01 13:32:04.318,0.22885,0.630767,0.666252,1071.125454,0.058288,0.022216,0.026162,1,1.0,19
1900-01-01 13:32:06.622,0.227951,0.62971,0.66527,1071.165233,0.058935,0.021496,0.026198,1,1.0,19
1900-01-01 13:32:08.870,0.227959,0.62987,0.664993,1071.287716,0.058577,0.021554,0.027031,1,1.0,19
1900-01-01 13:32:11.222,0.22768,0.62922,0.66445,1071.243872,0.059342,0.021328,0.026428,1,1.0,19
1900-01-01 13:32:13.570,0.227742,0.628943,0.664109,1070.605086,0.058385,0.021002,0.025863,1,1.0,19
1900-01-01 13:32:15.871,0.228565,0.62942,0.664334,1070.275671,0.058368,0.02183,0.026233,1,1.0,19
1900-01-01 13:32:18.167,0.227949,0.630113,0.666028,1070.98171,0.059104,0.022422,0.026741,1,1.0,19
1900-01-01 13:32:20.418,0.2279,0.629949,0.665629,1071.206158,0.059029,0.021712,0.025827,1,1.0,19
1900-01-01 13:32:22.721,0.228172,0.630185,0.664966,1071.158997,0.058915,0.021878,0.025722,1,1.0,19
1900-01-01 13:32:25.017,0.227341,0.628268,0.663159,1069.996036,0.058305,0.021607,0.026334,1,1.0,19
1900-01-01 13:32:27.321,0.22847,0.631164,0.666255,1070.92581,0.058576,0.021567,0.026731,1,1.0,19
1900-01-01 13:32:29.617,0.228841,0.631115,0.666328,1071.788731,0.058511,0.02193,0.025802,1,1.0,19
1900-01-01 13:32:31.916,0.227649,0.629053,0.664571,1071.140147,0.059177,0.021981,0.025547,1,1.0,19
1900-01-01 13:32:34.220,0.228352,0.630052,0.664959,1070.946273,0.058574,0.021777,0.026928,1,1.0,19
1900-01-01 13:32:36.516,0.228301,0.630344,0.665152,1070.749666,0.059027,0.021601,0.026796,1,1.0,19
1900-01-01 13:32:38.820,0.228188,0.629261,0.664349,1070.520631,0.059417,0.021681,0.025684,1,1.0,19
1900-01-01 13:32:41.116,0.228642,0.629768,0.665196,1070.466285,0.058624,0.021196,0.02639,1,1.0,19
1900-01-01 13:32:43.415,0.228145,0.629288,0.664531,1071.52775,0.05918,0.021354,0.026717,1,1.0,19
1900-01-01 13:32:45.719,0.229079,0.630542,0.666028,1072.11679,0.058833,0.021982,0.02711,1,1.0,19
1900-01-01 13:32:48.068,0.229086,0.629915,0.665155,1071.66921,0.058397,0.021395,0.025895,1,1.0,19
1900-01-01 13:32:50.366,0.228944,0.630308,0.665849,1071.702207,0.059727,0.021792,0.026718,1,1.0,19
1900-01-01 13:32:52.665,0.229095,0.62964,0.665426,1071.244739,0.058295,0.021998,0.026078,1,1.0,19
1900-01-01 13:32:55.017,0.229133,0.630341,0.665665,1071.496451,0.057713,0.022124,0.027332,1,1.0,19
1900-01-01 13:32:57.314,0.229168,0.630499,0.665437,1071.5874,0.058987,0.021611,0.02679,1,1.0,19
1900-01-01 13:32:59.666,0.228274,0.62858,0.663298,1070.440029,0.059852,0.022121,0.027214,1,1.0,19
1900-01-01 13:33:02.017,0.228247,0.628144,0.663668,1070.660227,0.058836,0.021517,0.026316,1,1.0,19
1900-01-01 13:33:04.367,0.228306,0.628705,0.664092,1070.371011,0.058411,0.0219,0.027179,1,1.0,19
1900-01-01 13:33:06.665,0.228505,0.630516,0.665853,1071.265195,0.059026,0.021668,0.02688,1,1.0,19
1900-01-01 13:33:08.964,0.228787,0.630339,0.665222,1071.638494,0.059116,0.021865,0.026527,1,1.0,19
1900-01-01 13:33:11.268,0.228076,0.629742,0.665127,1071.779141,0.059107,0.021616,0.026013,1,1.0,19
1900-01-01 13:33:13.617,0.228199,0.62879,0.664611,1070.310365,0.058889,0.022052,0.026358,1,1.0,19
1900-01-01 13:33:15.966,0.229169,0.631086,0.666097,1071.779603,0.058562,0.022512,0.02686,1,1.0,19
1900-01-01 13:33:18.316,0.22815,0.630171,0.665152,1071.935927,0.058112,0.021765,0.027039,1,1.0,19
1900-01-01 13:33:20.614,0.227994,0.62999,0.665221,1071.58526,0.058787,0.021792,0.025486,1,1.0,19
1900-01-01 13:33:22.966,0.227678,0.630254,0.66547,1071.983568,0.059226,0.021679,0.026282,1,1.0,19
1900-01-01 13:33:25.316,0.2275,0.629771,0.665136,1071.833605,0.058332,0.021875,0.026062,1,1.0,19
1900-01-01 13:33:27.665,0.227548,0.62953,0.664584,1071.121256,0.059129,0.022065,0.026804,1,1.0,19
1900-01-01 13:33:30.015,0.22735,0.629574,0.665113,1071.871725,0.058839,0.021538,0.025982,1,1.0,19
1900-01-01 13:33:32.366,0.227639,0.629949,0.665348,1071.991844,0.059257,0.022042,0.026195,1,1.0,19
1900-01-01 13:33:34.666,0.227193,0.629868,0.664484,1071.761378,0.058311,0.02213,0.02582,1,1.0,19
1900-01-01 13:33:36.962,0.227974,0.629695,0.664996,1071.345177,0.058374,0.022871,0.027218,1,1.0,19
1900-01-01 13:33:39.314,0.22697,0.629616,0.665208,1072.362436,0.058846,0.021478,0.026798,1,1.0,19
1900-01-01 13:33:41.665,0.226679,0.629641,0.6652,1071.693033,0.058836,0.021562,0.02511,1,1.0,19
1900-01-01 13:33:43.962,0.227328,0.629168,0.664017,1070.651418,0.059062,0.021955,0.026535,1,1.0,19
1900-01-01 13:33:46.262,0.226954,0.62961,0.664636,1071.849525,0.058147,0.021023,0.026075,1,1.0,19
1900-01-01 13:33:48.614,0.227033,0.6297,0.664251,1071.173711,0.058096,0.021903,0.027085,1,1.0,19
1900-01-01 13:33:50.964,0.226899,0.628582,0.663549,1069.957713,0.058398,0.022102,0.027076,1,1.0,19
1900-01-01 13:33:53.262,0.227262,0.630285,0.665201,1071.156455,0.059896,0.022258,0.026487,1,1.0,19
1900-01-01 13:33:55.614,0.22676,0.629312,0.664544,1071.777094,0.058793,0.022006,0.026864,1,1.0,19
1900-01-01 13:33:58.012,0.22714,0.629294,0.664239,1070.845471,0.05842,0.021649,0.02662,1,1.0,19
1900-01-01 13:34:00.311,0.227375,0.631104,0.666505,1071.999436,0.059174,0.021236,0.026105,1,1.0,19
1900-01-01 13:34:02.615,0.227627,0.630551,0.665789,1071.85281,0.057743,0.021874,0.026146,1,1.0,19
1900-01-01 13:34:04.964,0.226838,0.629854,0.665346,1071.759532,0.05852,0.021872,0.025773,1,1.0,19
1900-01-01 13:34:07.265,0.226827,0.628989,0.664246,1071.406733,0.059199,0.021699,0.026423,1,1.0,19
1900-01-01 13:34:09.614,0.2273,0.628815,0.664197,1071.117242,0.058136,0.022282,0.02634,1,1.0,19
1900-01-01 13:34:11.910,0.226922,0.630191,0.665596,1071.532045,0.057929,0.021836,0.026563,1,1.0,19
1900-01-01 13:34:14.214,0.225665,0.628274,0.663472,1071.564273,0.058414,0.021226,0.027294,1,1.0,19
1900-01-01 13:34:16.510,0.226634,0.629528,0.665148,1071.349284,0.059053,0.021268,0.026214,1,1.0,19
1900-01-01 13:34:18.814,0.226388,0.63015,0.665342,1071.957174,0.058082,0.02178,0.025784,1,1.0,19
1900-01-01 13:34:21.110,0.226906,0.629459,0.664599,1071.955063,0.057689,0.021962,0.026765,1,1.0,19
1900-01-01 13:34:23.414,0.227178,0.629867,0.66547,1071.240949,0.058601,0.021083,0.026324,1,1.0,19
1900-01-01 13:34:25.762,0.226841,0.62939,0.664231,1071.8621,0.058492,0.021665,0.026723,1,1.0,19
1900-01-01 13:34:28.113,0.227081,0.629844,0.665067,1071.731136,0.058732,0.022081,0.026445,1,1.0,19
1900-01-01 13:34:30.462,0.226605,0.628265,0.663868,1071.191507,0.059171,0.02182,0.0257,1,1.0,19
1900-01-01 13:34:32.812,0.226903,0.629543,0.66419,1071.01704,0.0577,0.020951,0.027301,1,1.0,19
1900-01-01 13:34:35.113,0.22697,0.628877,0.664174,1071.195683,0.058098,0.021533,0.026046,1,1.0,19
1900-01-01 13:34:37.462,0.226793,0.628413,0.663727,1070.58936,0.058461,0.022417,0.027351,1,1.0,19
1900-01-01 13:34:39.810,0.227159,0.629191,0.664536,1070.842031,0.058605,0.021823,0.026955,1,1.0,19
1900-01-01 13:34:42.161,0.226605,0.628435,0.664441,1071.676989,0.0578,0.021116,0.026222,1,1.0,19
1900-01-01 13:34:44.462,0.227539,0.629682,0.665296,1071.480498,0.058259,0.022051,0.026126,1,1.0,19
1900-01-01 13:34:46.762,0.22696,0.629781,0.665015,1071.986869,0.05783,0.02201,0.026514,1,1.0,19
1900-01-01 13:34:49.111,0.226797,0.62989,0.665073,1071.908061,0.058073,0.021526,0.026649,1,1.0,19
1900-01-01 13:34:51.460,0.226844,0.629273,0.664384,1071.574873,0.059033,0.021693,0.025888,1,1.0,19
1900-01-01 13:34:53.858,0.226803,0.629736,0.665066,1071.889492,0.057993,0.021751,0.026073,1,1.0,19
1900-01-01 13:34:56.210,0.226412,0.628531,0.664204,1072.272229,0.059007,0.022219,0.0253,1,1.0,19
1900-01-01 13:34:58.559,0.226809,0.629714,0.664834,1071.253729,0.057779,0.022331,0.027066,1,1.0,19
1900-01-01 13:35:00.910,0.227005,0.628508,0.664066,1071.691027,0.059358,0.022319,0.027492,1,1.0,19
1900-01-01 13:35:03.210,0.226547,0.628325,0.663474,1071.187402,0.058162,0.021485,0.025127,1,1.0,19
1900-01-01 13:35:05.506,0.226746,0.630244,0.665296,1072.21791,0.059081,0.02143,0.026306,1,1.0,19
1900-01-01 13:35:07.858,0.226856,0.629825,0.664677,1072.266216,0.058877,0.021909,0.027586,1,1.0,19
1900-01-01 13:35:10.209,0.226391,0.630092,0.665805,1072.759931,0.05878,0.021534,0.026498,1,1.0,19
1900-01-01 13:35:12.559,0.226325,0.629244,0.664687,1072.206777,0.058102,0.021123,0.025633,1,1.0,19
1900-01-01 13:35:14.956,0.226491,0.630193,0.665901,1073.038409,0.058121,0.02146,0.025877,1,1.0,19
1900-01-01 13:35:17.308,0.226122,0.627841,0.663357,1071.777094,0.058274,0.021828,0.026124,1,1.0,19
1900-01-01 13:35:19.606,0.226191,0.628631,0.664186,1070.727649,0.058366,0.021401,0.026357,1,1.0,19
1900-01-01 13:35:21.958,0.226229,0.629636,0.664279,1073.370748,0.059782,0.021226,0.026873,1,1.0,19
1900-01-01 13:35:24.308,0.227207,0.63098,0.666184,1072.537817,0.057901,0.021615,0.025909,1,1.0,19
1900-01-01 13:35:26.658,0.226961,0.629601,0.664894,1073.677396,0.059754,0.021257,0.026035,1,1.0,19
1900-01-01 13:35:29.007,0.226891,0.630655,0.666125,1072.690852,0.059452,0.022551,0.027398,1,1.0,19
1900-01-01 13:35:31.358,0.226525,0.630134,0.665329,1073.51799,0.059326,0.021741,0.027028,1,1.0,19
1900-01-01 13:35:33.756,0.226617,0.630623,0.666062,1073.446677,0.059566,0.021375,0.026568,1,1.0,19
1900-01-01 13:35:36.055,0.226019,0.628062,0.663504,1072.142993,0.058381,0.021329,0.026365,1,1.0,19
1900-01-01 13:35:38.407,0.226546,0.629102,0.664337,1071.620736,0.059486,0.021758,0.027345,1,1.0,19
1900-01-01 13:35:40.705,0.226794,0.630532,0.665517,1072.617266,0.058922,0.021864,0.02706,1,1.0,19
1900-01-01 13:35:43.057,0.226858,0.630046,0.665337,1073.31061,0.059671,0.021864,0.027166,1,1.0,19
1900-01-01 13:35:45.407,0.227272,0.629854,0.665484,1073.697459,0.058489,0.022253,0.026732,1,1.0,19
1900-01-01 13:35:47.756,0.226482,0.629537,0.665159,1073.222748,0.058846,0.021469,0.025632,1,1.0,19
1900-01-01 13:35:50.106,0.226999,0.629992,0.665281,1072.90497,0.058763,0.02171,0.025832,1,1.0,19
1900-01-01 13:35:52.457,0.227083,0.630047,0.665614,1072.583452,0.059086,0.021471,0.026003,1,1.0,19
1900-01-01 13:35:54.806,0.226333,0.629358,0.664963,1074.242383,0.059643,0.021561,0.027782,1,1.0,19
1900-01-01 13:35:57.156,0.227212,0.629883,0.665058,1073.643289,0.05853,0.021848,0.028119,1,1.0,19
1900-01-01 13:35:59.506,0.227189,0.630555,0.665726,1072.604025,0.059257,0.021691,0.02577,1,1.0,19
1900-01-01 13:36:01.802,0.226758,0.629923,0.66558,1073.560891,0.059429,0.021734,0.027134,1,1.0,19
1900-01-01 13:36:04.154,0.226117,0.628852,0.66454,1072.911695,0.058835,0.021308,0.027018,1,1.0,19
1900-01-01 13:36:06.505,0.227172,0.630804,0.665962,1073.967211,0.059142,0.021795,0.027475,1,1.0,19
1900-01-01 13:36:08.855,0.226421,0.629463,0.664761,1073.78373,0.059136,0.021298,0.026415,1,1.0,19
1900-01-01 13:36:11.254,0.227275,0.630307,0.665764,1073.46547,0.05788,0.021637,0.02524,1,1.0,19
1900-01-01 13:36:13.654,0.227183,0.629674,0.665129,1074.761175,0.059144,0.022364,0.027858,1,1.0,19
1900-01-01 13:36:16.057,0.226812,0.62894,0.66462,1073.414916,0.058005,0.021738,0.027938,1,1.0,19
1900-01-01 13:36:18.406,0.226996,0.630424,0.665988,1074.051703,0.057405,0.021702,0.026946,1,1.0,19
1900-01-01 13:36:20.754,0.22706,0.630173,0.66571,1074.769699,0.058396,0.02173,0.02625,1,1.0,19
1900-01-01 13:36:23.105,0.226951,0.629726,0.665911,1074.462556,0.058585,0.021654,0.025677,1,1.0,19
1900-01-01 13:36:25.455,0.226941,0.628759,0.664346,1073.815831,0.058678,0.021694,0.026527,1,1.0,19
1900-01-01 13:36:27.804,0.226748,0.629291,0.665038,1072.83336,0.05856,0.021292,0.026542,1,1.0,19
1900-01-01 13:36:30.202,0.226781,0.62872,0.664139,1073.566611,0.058606,0.02224,0.027861,1,1.0,19
1900-01-01 13:36:32.602,0.227643,0.630214,0.66591,1074.297552,0.058291,0.021363,0.026378,1,1.0,19
1900-01-01 13:36:35.001,0.226874,0.628705,0.663888,1074.760617,0.058337,0.021672,0.026151,1,1.0,19
1900-01-01 13:36:37.353,0.226693,0.628207,0.663532,1073.015934,0.058823,0.021448,0.026546,1,1.0,19
1900-01-01 13:36:39.703,0.227321,0.629594,0.665152,1073.677396,0.058536,0.022093,0.026744,1,1.0,19
1900-01-01 13:36:42.054,0.228037,0.630494,0.665954,1075.391079,0.059609,0.021751,0.026751,1,1.0,19
1900-01-01 13:36:44.402,0.227315,0.629423,0.664802,1074.048823,0.059547,0.021311,0.025596,1,1.0,19
1900-01-01 13:36:46.753,0.227242,0.627986,0.663046,1073.610241,0.058027,0.02182,0.027093,1,1.0,19
1900-01-01 13:36:49.103,0.226894,0.628587,0.664245,1073.316262,0.058146,0.021386,0.026931,1,1.0,19
1900-01-01 13:36:51.452,0.226835,0.628198,0.663727,1073.212712,0.059371,0.022158,0.027491,1,1.0,19
1900-01-01 13:36:53.802,0.227281,0.629963,0.665594,1074.265242,0.058751,0.021892,0.026517,1,1.0,19
1900-01-01 13:36:56.204,0.227034,0.628009,0.664186,1074.36579,0.05858,0.021163,0.02653,1,1.0,19
1900-01-01 13:36:58.601,0.227424,0.629402,0.664747,1073.748482,0.05808,0.021628,0.026744,1,1.0,19
1900-01-01 13:37:00.999,0.227565,0.628615,0.664277,1072.974802,0.05848,0.022136,0.027292,1,1.0,19
1900-01-01 13:37:03.351,0.227336,0.628263,0.664712,1074.236733,0.059611,0.021958,0.025642,1,1.0,19
1900-01-01 13:37:05.750,0.227741,0.630907,0.666645,1075.126167,0.058943,0.021395,0.02673,1,1.0,19
1900-01-01 13:37:08.102,0.226981,0.628598,0.664232,1074.583528,0.059365,0.02183,0.026791,1,1.0,19
1900-01-01 13:37:10.452,0.22765,0.630519,0.666157,1075.234286,0.058946,0.02175,0.026019,1,1.0,19
1900-01-01 13:37:12.850,0.227981,0.629425,0.66484,1075.760826,0.059074,0.020884,0.02587,1,1.0,19
1900-01-01 13:37:15.201,0.227883,0.628694,0.664297,1074.384344,0.058384,0.021559,0.025498,1,1.0,19
1900-01-01 13:37:17.599,0.22785,0.629471,0.6654,1074.343237,0.058388,0.021792,0.026045,1,1.0,19
1900-01-01 13:37:19.951,0.227278,0.628638,0.664673,1074.34899,0.05931,0.021164,0.025619,1,1.0,19
1900-01-01 13:37:22.300,0.227327,0.629602,0.665522,1075.370405,0.058717,0.021524,0.026899,1,1.0,19
1900-01-01 13:37:24.698,0.228244,0.629421,0.665093,1075.074642,0.057901,0.021607,0.026075,1,1.0,19
1900-01-01 13:37:27.050,0.227448,0.628937,0.664548,1075.112741,0.058658,0.021355,0.026702,1,1.0,19
1900-01-01 13:37:29.399,0.228056,0.630266,0.665417,1074.497292,0.058607,0.021665,0.026197,1,1.0,19
1900-01-01 13:37:31.750,0.228874,0.629835,0.665864,1074.492638,0.058772,0.021957,0.025742,1,1.0,19
1900-01-01 13:37:34.148,0.227731,0.628438,0.664511,1074.748262,0.058428,0.021609,0.025196,1,1.0,19
1900-01-01 13:37:36.548,0.227682,0.629308,0.665202,1074.70224,0.05956,0.022207,0.026296,1,1.0,19
1900-01-01 13:37:38.900,0.227466,0.628796,0.664282,1074.072356,0.058688,0.021872,0.026725,1,1.0,19
1900-01-01 13:37:41.249,0.227189,0.629394,0.66521,1075.414562,0.058218,0.021984,0.02581,1,1.0,19
1900-01-01 13:37:43.599,0.227484,0.629074,0.665488,1075.075788,0.059528,0.021479,0.025976,1,1.0,19
1900-01-01 13:37:45.998,0.226743,0.628624,0.664351,1074.568016,0.058609,0.021933,0.02649,1,1.0,19
1900-01-01 13:37:48.398,0.228094,0.630284,0.665964,1074.494003,0.058412,0.022382,0.026395,1,1.0,19
1900-01-01 13:37:50.801,0.227195,0.629399,0.665491,1074.976709,0.059541,0.021834,0.025173,1,1.0,19
1900-01-01 13:37:53.198,0.227249,0.62904,0.664759,1075.768552,0.058598,0.021775,0.026091,1,1.0,19
1900-01-01 13:37:55.596,0.227679,0.629688,0.665074,1074.71877,0.058716,0.021765,0.027135,1,1.0,19
1900-01-01 13:37:57.948,0.22714,0.629982,0.665915,1075.728152,0.058953,0.020706,0.026077,1,1.0,19
1900-01-01 13:38:00.298,0.227741,0.629737,0.665445,1075.392784,0.059319,0.021889,0.025272,1,1.0,19
1900-01-01 13:38:02.649,0.227228,0.629616,0.665868,1075.326904,0.058389,0.022134,0.025815,1,1.0,19
1900-01-01 13:38:04.998,0.226958,0.629175,0.665077,1075.412555,0.058996,0.021519,0.026261,1,1.0,19
1900-01-01 13:38:07.396,0.227129,0.628563,0.664201,1074.168251,0.05826,0.021897,0.025375,1,1.0,19
1900-01-01 13:38:09.748,0.226937,0.629138,0.664751,1074.79802,0.057309,0.022069,0.026214,1,1.0,19
1900-01-01 13:38:12.097,0.227133,0.630062,0.665898,1075.944451,0.058288,0.021351,0.026564,1,1.0,19
1900-01-01 13:38:14.495,0.226902,0.628699,0.664917,1074.773822,0.059188,0.022306,0.027571,1,1.0,19
1900-01-01 13:38:16.847,0.226789,0.6286,0.664521,1075.218985,0.058374,0.021585,0.026751,1,1.0,19
1900-01-01 13:38:19.249,0.227039,0.628053,0.663632,1073.788707,0.05995,0.02184,0.027469,1,1.0,19
1900-01-01 13:38:21.646,0.227266,0.629384,0.665065,1074.987668,0.058634,0.021694,0.025527,1,1.0,19
1900-01-01 13:38:23.996,0.226819,0.628866,0.664679,1074.660484,0.057989,0.021071,0.026831,1,1.0,19
1900-01-01 13:38:26.394,0.227646,0.629585,0.665097,1074.675515,0.058748,0.022143,0.026599,1,1.0,19
1900-01-01 13:38:28.794,0.228083,0.629844,0.665619,1074.947803,0.058722,0.022442,0.027253,1,1.0,19
1900-01-01 13:38:31.146,0.227383,0.629446,0.665478,1075.303178,0.059643,0.021475,0.026394,1,1.0,19
1900-01-01 13:38:33.497,0.227302,0.628781,0.664668,1074.4786,0.059248,0.021925,0.028006,1,1.0,19
1900-01-01 13:38:35.847,0.227364,0.629476,0.664753,1074.640421,0.058988,0.021795,0.02637,1,1.0,19
1900-01-01 13:38:38.244,0.228119,0.630845,0.665913,1075.223704,0.059271,0.022165,0.026106,1,1.0,19
1900-01-01 13:38:40.644,0.227046,0.628521,0.664371,1075.299449,0.05857,0.021375,0.02628,1,1.0,19
1900-01-01 13:38:43.044,0.227323,0.62951,0.664907,1074.193434,0.058714,0.022045,0.025193,1,1.0,19
1900-01-01 13:38:45.444,0.227494,0.629477,0.664938,1075.639308,0.059149,0.021393,0.027011,1,1.0,19
1900-01-01 13:38:47.796,0.227245,0.629723,0.665107,1074.170581,0.058659,0.021723,0.027708,1,1.0,19
1900-01-01 13:38:50.193,0.226655,0.62876,0.664755,1074.368075,0.058754,0.021878,0.026225,1,1.0,19
1900-01-01 13:38:52.593,0.226958,0.629287,0.665137,1074.851542,0.059333,0.021105,0.025706,1,1.0,19
1900-01-01 13:38:54.993,0.227291,0.629374,0.665122,1075.29552,0.059311,0.021398,0.026584,1,1.0,19
1900-01-01 13:38:57.393,0.227157,0.628486,0.66441,1074.3447,0.058798,0.021729,0.026899,1,1.0,19
1900-01-01 13:38:59.793,0.227315,0.62977,0.665133,1074.68063,0.059062,0.021994,0.027589,1,1.0,19
1900-01-01 13:39:02.246,0.227092,0.629174,0.665219,1075.570436,0.059121,0.020899,0.025367,1,1.0,19
1900-01-01 13:39:04.594,0.227376,0.62926,0.664786,1074.888172,0.058786,0.022212,0.026696,1,1.0,19
1900-01-01 13:39:06.996,0.227106,0.62842,0.663945,1073.918256,0.058093,0.021672,0.025223,1,1.0,19
1900-01-01 13:39:09.393,0.226432,0.628668,0.664153,1074.64345,0.059224,0.021186,0.025719,1,1.0,19
1900-01-01 13:39:11.791,0.226926,0.628742,0.664695,1073.975569,0.059452,0.022274,0.027221,1,1.0,19
1900-01-01 13:39:14.191,0.226381,0.629092,0.664919,1074.879045,0.058624,0.021337,0.026856,1,1.0,19
1900-01-01 13:39:16.591,0.226871,0.629267,0.664995,1074.478287,0.059016,0.021121,0.02612,1,1.0,19
1900-01-01 13:39:18.991,0.226816,0.628079,0.663568,1073.723917,0.05904,0.02215,0.028642,1,1.0,19
1900-01-01 13:39:21.391,0.227201,0.628569,0.663908,1073.175821,0.058345,0.021728,0.026348,1,1.0,19
1900-01-01 13:39:23.791,0.226661,0.627795,0.663315,1074.370239,0.057865,0.022454,0.027064,1,1.0,19
1900-01-01 13:39:26.191,0.227094,0.629466,0.664609,1074.590263,0.059446,0.021891,0.028121,1,1.0,19
1900-01-01 13:39:28.591,0.226282,0.628691,0.664195,1074.486145,0.058425,0.02142,0.026595,1,1.0,19
1900-01-01 13:39:30.991,0.226963,0.629357,0.664842,1074.303446,0.058914,0.021824,0.026802,1,1.0,19
1900-01-01 13:39:33.391,0.227352,0.62872,0.664272,1074.97727,0.059156,0.021774,0.02565,1,1.0,19
1900-01-01 13:39:35.791,0.227175,0.628812,0.664555,1073.928226,0.058282,0.021889,0.026592,1,1.0,19
1900-01-01 13:39:38.191,0.226888,0.628114,0.663778,1073.859468,0.058087,0.021729,0.02645,1,1.0,19
1900-01-01 13:39:40.590,0.226815,0.628199,0.663635,1074.379345,0.059035,0.021152,0.026418,1,1.0,19
1900-01-01 13:39:43.042,0.22694,0.628584,0.664589,1074.266534,0.059084,0.021961,0.027472,1,1.0,19
1900-01-01 13:39:45.439,0.227652,0.630217,0.666039,1075.268944,0.058844,0.021796,0.025914,1,1.0,19
1900-01-01 13:39:47.839,0.227315,0.630065,0.665374,1075.55287,0.058314,0.021523,0.025877,1,1.0,19
1900-01-01 13:39:50.239,0.227369,0.628779,0.6649,1075.02049,0.058292,0.021916,0.02654,1,1.0,19
1900-01-01 13:39:52.639,0.227453,0.629297,0.665022,1075.680563,0.058753,0.022181,0.025125,1,1.0,19
1900-01-01 13:39:54.991,0.227276,0.630698,0.6664,1075.718129,0.058597,0.021107,0.025776,1,1.0,19
1900-01-01 13:39:57.390,0.227848,0.629655,0.665703,1075.835649,0.059066,0.021835,0.027038,1,1.0,19
1900-01-01 13:39:59.790,0.226575,0.627582,0.663365,1075.264088,0.058868,0.022091,0.026236,1,1.0,19
1900-01-01 13:40:02.190,0.227967,0.630146,0.665661,1073.993054,0.058447,0.022149,0.026631,1,1.0,19
1900-01-01 13:40:04.588,0.22695,0.628162,0.664423,1075.442311,0.059257,0.021715,0.025482,1,1.0,19
1900-01-01 13:40:06.988,0.227315,0.629249,0.665283,1074.558831,0.057815,0.021591,0.026832,1,1.0,19
1900-01-01 13:40:09.388,0.227503,0.62944,0.665283,1074.837791,0.058969,0.021973,0.026149,1,1.0,19
1900-01-01 13:40:11.841,0.22742,0.628442,0.66417,1074.317254,0.058589,0.021954,0.026624,1,1.0,19
1900-01-01 13:40:14.238,0.227801,0.628981,0.664973,1075.341722,0.058793,0.021903,0.024956,1,1.0,19
1900-01-01 13:40:16.590,0.22745,0.627758,0.663107,1074.369036,0.058926,0.02189,0.026137,1,1.0,19
1900-01-01 13:40:18.988,0.227648,0.628869,0.664871,1073.804514,0.058646,0.021908,0.026824,1,1.0,19
1900-01-01 13:40:21.439,0.227284,0.628091,0.663827,1074.521628,0.058164,0.021059,0.025718,1,1.0,19
1900-01-01 13:40:23.838,0.227281,0.627845,0.663474,1074.609288,0.059224,0.021894,0.026279,1,1.0,19
1900-01-01 13:40:26.238,0.227921,0.628954,0.66413,1074.234688,0.058513,0.022036,0.02637,1,1.0,19
1900-01-01 13:40:28.638,0.228227,0.62928,0.664865,1074.093244,0.058555,0.021855,0.025631,1,1.0,19
1900-01-01 13:40:31.036,0.227283,0.628042,0.663618,1074.20954,0.058591,0.021997,0.026978,1,1.0,19
1900-01-01 13:40:33.489,0.227428,0.628791,0.664586,1073.421575,0.058832,0.021794,0.025554,1,1.0,19
1900-01-01 13:40:35.887,0.227458,0.628968,0.664664,1075.434446,0.058796,0.02211,0.025406,1,1.0,19
1900-01-01 13:40:38.287,0.227249,0.627611,0.663652,1074.116818,0.059705,0.022341,0.025771,1,1.0,19
1900-01-01 13:40:40.686,0.227811,0.629094,0.664945,1074.65449,0.058227,0.022026,0.026796,1,1.0,19
1900-01-01 13:40:43.086,0.227413,0.628361,0.663858,1074.10896,0.058568,0.022417,0.027967,1,1.0,19
1900-01-01 13:40:45.438,0.227385,0.627865,0.663767,1074.162563,0.058321,0.022459,0.026798,1,1.0,19
1900-01-01 13:40:47.836,0.227322,0.629062,0.66517,1074.897689,0.058673,0.02176,0.02677,1,1.0,19
1900-01-01 13:40:50.236,0.227271,0.628306,0.663349,1073.480319,0.058998,0.021642,0.026222,1,1.0,19
1900-01-01 13:40:52.636,0.227774,0.628761,0.663958,1074.460606,0.058364,0.02212,0.026193,1,1.0,19
1900-01-01 13:40:55.036,0.226895,0.627151,0.663005,1073.922332,0.058081,0.021227,0.026075,1,1.0,19
1900-01-01 13:40:57.436,0.228015,0.629081,0.664073,1073.924297,0.058428,0.022346,0.02642,1,1.0,19
1900-01-01 13:40:59.834,0.227427,0.628591,0.664664,1074.506427,0.058428,0.021543,0.025079,1,1.0,19
1900-01-01 13:41:02.287,0.227283,0.63006,0.665665,1075.478177,0.058301,0.02146,0.025951,1,1.0,19
1900-01-01 13:41:04.684,0.227135,0.629341,0.664517,1074.932593,0.059096,0.021758,0.025802,1,1.0,19
1900-01-01 13:41:07.084,0.227671,0.628221,0.664165,1074.395777,0.05809,0.022493,0.026141,1,1.0,19
1900-01-01 13:41:09.484,0.227383,0.628947,0.664812,1075.150147,0.058822,0.021189,0.026958,1,1.0,19
1900-01-01 13:41:11.884,0.227275,0.62872,0.664065,1075.275875,0.058462,0.021819,0.027331,1,1.0,19
1900-01-01 13:41:14.284,0.227463,0.628344,0.664287,1074.154144,0.058141,0.022153,0.026414,1,1.0,19
1900-01-01 13:41:16.684,0.227245,0.629387,0.665126,1075.98899,0.058115,0.021859,0.026187,1,1.0,19
1900-01-01 13:41:19.084,0.227463,0.629521,0.664704,1075.146218,0.058663,0.02174,0.026511,1,1.0,19
1900-01-01 13:41:21.484,0.227527,0.628956,0.664816,1075.118715,0.059194,0.022178,0.025926,1,1.0,19
1900-01-01 13:41:23.937,0.227052,0.628378,0.66447,1075.351321,0.059755,0.021755,0.026894,1,1.0,19
1900-01-01 13:41:26.334,0.226563,0.6271,0.662923,1074.362174,0.057987,0.021711,0.026139,1,1.0,19
1900-01-01 13:41:28.732,0.226985,0.628729,0.664063,1075.190644,0.058875,0.021163,0.025794,1,1.0,19
1900-01-01 13:41:31.185,0.227015,0.628997,0.664597,1075.17257,0.057987,0.021825,0.025854,1,1.0,19
1900-01-01 13:41:33.583,0.226722,0.628493,0.664511,1075.959406,0.059578,0.020786,0.026323,1,1.0,19
1900-01-01 13:41:35.983,0.226656,0.628781,0.664149,1075.165863,0.05829,0.021696,0.027079,1,1.0,19
1900-01-01 13:41:38.436,0.226622,0.628119,0.664152,1075.351321,0.057416,0.021178,0.025892,1,1.0,19
1900-01-01 13:41:40.833,0.226835,0.628583,0.664245,1075.601361,0.058643,0.021972,0.026018,1,1.0,19
1900-01-01 13:41:43.231,0.227173,0.630006,0.665722,1075.986932,0.059416,0.021988,0.028045,1,1.0,19
1900-01-01 13:41:45.631,0.227356,0.629015,0.664869,1076.275807,0.058615,0.022092,0.026237,1,1.0,19
1900-01-01 13:41:48.084,0.226602,0.627637,0.663552,1074.993819,0.058621,0.022372,0.026567,1,1.0,19
1900-01-01 13:41:50.535,0.227014,0.628415,0.663921,1075.804687,0.05831,0.022039,0.026374,1,1.0,19
1900-01-01 13:41:52.985,0.227114,0.62865,0.664152,1075.948898,0.056717,0.022122,0.025384,1,1.0,19
1900-01-01 13:41:55.434,0.226988,0.629305,0.665085,1076.501368,0.057396,0.021323,0.025133,1,1.0,19
1900-01-01 13:41:57.884,0.22673,0.627892,0.663357,1075.252261,0.058979,0.021858,0.027516,1,1.0,19
1900-01-01 13:42:00.281,0.22629,0.628622,0.664345,1075.668237,0.058513,0.021753,0.026801,1,1.0,19
1900-01-01 13:42:02.681,0.226518,0.62823,0.663924,1076.550838,0.058135,0.022197,0.026259,1,1.0,19
1900-01-01 13:42:05.081,0.226851,0.629516,0.665126,1075.794504,0.058896,0.021632,0.0266,1,1.0,19
1900-01-01 13:42:07.481,0.226947,0.629567,0.665118,1076.882839,0.05957,0.021426,0.026906,1,1.0,19
1900-01-01 13:42:09.881,0.227142,0.629052,0.664433,1076.273843,0.058481,0.021139,0.026111,1,1.0,19
1900-01-01 13:42:12.332,0.227292,0.629511,0.664449,1076.451026,0.058437,0.022654,0.027933,1,1.0,19
1900-01-01 13:42:14.730,0.226772,0.628585,0.66425,1075.634992,0.059372,0.021816,0.026811,1,1.0,19
1900-01-01 13:42:17.130,0.226934,0.628186,0.664042,1076.823904,0.057928,0.022,0.025637,1,1.0,19
1900-01-01 13:42:19.534,0.226796,0.62849,0.66407,1075.655763,0.057926,0.021629,0.026312,1,1.0,19
1900-01-01 13:42:21.930,0.227117,0.628892,0.664746,1075.738898,0.057759,0.021196,0.02656,1,1.0,19
1900-01-01 13:42:24.378,0.226842,0.630313,0.665451,1076.773096,0.058019,0.021711,0.026941,1,1.0,19
1900-01-01 13:42:26.831,0.226872,0.628603,0.66462,1076.652555,0.058478,0.021688,0.026116,1,1.0,19
1900-01-01 13:42:29.282,0.227337,0.630392,0.66578,1076.731875,0.058423,0.021639,0.025917,1,1.0,19
1900-01-01 13:42:31.732,0.226676,0.628893,0.664684,1076.762924,0.058351,0.021852,0.026767,1,1.0,19
1900-01-01 13:42:34.230,0.226935,0.628513,0.664085,1076.01218,0.058293,0.021931,0.025898,1,1.0,19
1900-01-01 13:42:36.681,0.226881,0.628665,0.664584,1076.397164,0.058256,0.021387,0.025444,1,1.0,19
1900-01-01 13:42:39.079,0.226656,0.629414,0.66448,1076.484366,0.058742,0.022143,0.025582,1,1.0,19
1900-01-01 13:42:41.532,0.226485,0.62899,0.664522,1076.856293,0.058229,0.022192,0.027107,1,1.0,19
1900-01-01 13:42:43.982,0.226717,0.62862,0.664298,1076.403059,0.058777,0.021945,0.02649,1,1.0,19
1900-01-01 13:42:46.378,0.226685,0.628603,0.664187,1075.994709,0.056927,0.0216,0.025964,1,1.0,19
1900-01-01 13:42:48.778,0.226354,0.628333,0.663985,1076.234553,0.059031,0.022084,0.027081,1,1.0,19
1900-01-01 13:42:51.231,0.226363,0.628703,0.664253,1076.28352,0.058361,0.021212,0.02602,1,1.0,19
1900-01-01 13:42:53.681,0.226147,0.628143,0.664287,1076.462716,0.059057,0.021629,0.026687,1,1.0,19
1900-01-01 13:42:56.078,0.226664,0.629457,0.66533,1076.447154,0.058411,0.020863,0.026744,1,1.0,19
1900-01-01 13:42:58.530,0.225967,0.629134,0.665308,1077.66035,0.057964,0.021028,0.025013,1,1.0,19
1900-01-01 13:43:00.927,0.225939,0.628782,0.664556,1076.828745,0.058844,0.021803,0.026087,1,1.0,19
1900-01-01 13:43:03.380,0.22636,0.628406,0.663635,1076.652555,0.0591,0.022269,0.026751,1,1.0,19
1900-01-01 13:43:05.830,0.226066,0.628175,0.664313,1076.322234,0.057913,0.021032,0.025819,1,1.0,19
1900-01-01 13:43:08.279,0.225717,0.627279,0.66301,1076.268419,0.058599,0.021706,0.026954,1,1.0,19
1900-01-01 13:43:10.676,0.226719,0.629376,0.665318,1076.329137,0.058225,0.021932,0.026425,1,1.0,19
1900-01-01 13:43:13.129,0.226525,0.629181,0.665541,1077.580909,0.058256,0.02192,0.027374,1,1.0,19
1900-01-01 13:43:15.580,0.226624,0.628582,0.66443,1077.39745,0.057968,0.021692,0.026016,1,1.0,19
1900-01-01 13:43:18.078,0.226141,0.627563,0.663055,1075.870623,0.057838,0.022328,0.027178,1,1.0,19
1900-01-01 13:43:20.577,0.226434,0.62908,0.664741,1076.868767,0.05904,0.021935,0.026735,1,1.0,19
1900-01-01 13:43:23.028,0.226337,0.62805,0.663756,1076.849216,0.058421,0.021096,0.026621,1,1.0,19
1900-01-01 13:43:25.478,0.226749,0.629154,0.665288,1077.043888,0.057052,0.021741,0.025663,1,1.0,19
1900-01-01 13:43:27.929,0.225863,0.626924,0.662657,1076.274052,0.058284,0.021306,0.025838,1,1.0,19
1900-01-01 13:43:30.378,0.226309,0.629255,0.664859,1076.697738,0.057267,0.020857,0.026246,1,1.0,19
1900-01-01 13:43:32.876,0.226561,0.629236,0.665314,1077.79203,0.05804,0.021119,0.026103,1,1.0,19
1900-01-01 13:43:35.377,0.226541,0.629257,0.665107,1077.648611,0.057805,0.021955,0.02657,1,1.0,19
1900-01-01 13:43:37.876,0.226436,0.628328,0.664329,1077.823426,0.058528,0.022172,0.026109,1,1.0,19
1900-01-01 13:43:40.329,0.226307,0.629104,0.665526,1077.457897,0.05884,0.021802,0.026126,1,1.0,19
1900-01-01 13:43:42.777,0.225675,0.628393,0.664401,1077.256518,0.057413,0.021795,0.02715,1,1.0,19
1900-01-01 13:43:45.223,0.226419,0.629269,0.665657,1078.155707,0.058364,0.021933,0.026051,1,1.0,19
1900-01-01 13:43:47.676,0.225832,0.628149,0.664002,1077.252237,0.058314,0.0215,0.027387,1,1.0,19
1900-01-01 13:43:50.127,0.226268,0.628457,0.66446,1076.485651,0.057391,0.02183,0.028144,1,1.0,19
1900-01-01 13:43:52.577,0.225913,0.62787,0.66366,1076.759075,0.05787,0.022161,0.026327,1,1.0,19
1900-01-01 13:43:55.026,0.22549,0.627219,0.663153,1076.27612,0.05811,0.021367,0.02605,1,1.0,19
1900-01-01 13:43:57.476,0.225798,0.628072,0.664362,1076.287594,0.05876,0.021698,0.02589,1,1.0,19
1900-01-01 13:43:59.922,0.225644,0.628993,0.665082,1076.841112,0.05802,0.022029,0.026175,1,1.0,19
1900-01-01 13:44:02.375,0.225391,0.627524,0.663549,1077.407923,0.059033,0.021495,0.026868,1,1.0,19
1900-01-01 13:44:04.826,0.225336,0.627804,0.664217,1076.791507,0.058275,0.022016,0.02659,1,1.0,19
1900-01-01 13:44:07.276,0.225082,0.62726,0.663473,1076.557012,0.057852,0.02187,0.026726,1,1.0,19
1900-01-01 13:44:09.726,0.225363,0.628833,0.664943,1077.727054,0.057209,0.021308,0.027023,1,1.0,19
1900-01-01 13:44:12.175,0.225576,0.628185,0.664064,1077.562152,0.057517,0.021705,0.026014,1,1.0,19
1900-01-01 13:44:14.622,0.225463,0.62919,0.665,1077.756025,0.058463,0.022074,0.025641,1,1.0,19
1900-01-01 13:44:17.074,0.225479,0.628121,0.664458,1077.804563,0.058975,0.0213,0.025744,1,1.0,19
1900-01-01 13:44:19.526,0.225629,0.628813,0.665458,1077.535365,0.05822,0.021792,0.026912,1,1.0,19
1900-01-01 13:44:21.975,0.225119,0.627598,0.663565,1077.269522,0.058349,0.02145,0.025386,1,1.0,19
1900-01-01 13:44:24.425,0.22517,0.628344,0.66435,1077.802106,0.058094,0.021814,0.027018,1,1.0,19
1900-01-01 13:44:26.874,0.224862,0.627804,0.664244,1077.180963,0.058614,0.021906,0.025932,1,1.0,19
1900-01-01 13:44:29.321,0.225397,0.628621,0.665184,1078.03926,0.058719,0.021659,0.026113,1,1.0,19
1900-01-01 13:44:31.822,0.22588,0.629936,0.665896,1078.777827,0.057303,0.022146,0.026205,1,1.0,19
1900-01-01 13:44:34.322,0.225192,0.628101,0.664018,1077.775588,0.057856,0.021693,0.026741,1,1.0,19
1900-01-01 13:44:36.822,0.225958,0.630873,0.666458,1078.761926,0.058418,0.021967,0.025787,1,1.0,19
1900-01-01 13:44:39.322,0.225433,0.629602,0.665668,1079.748264,0.057605,0.021595,0.025482,1,1.0,19
1900-01-01 13:44:41.774,0.225875,0.628866,0.665612,1077.977618,0.058611,0.022539,0.027069,1,1.0,19
1900-01-01 13:44:44.223,0.225717,0.629853,0.665925,1080.330586,0.058026,0.021497,0.025539,1,1.0,19
1900-01-01 13:44:46.721,0.225296,0.628075,0.664269,1078.380909,0.058334,0.02258,0.02674,1,1.0,19
1900-01-01 13:44:49.174,0.225143,0.627905,0.663908,1077.298366,0.057789,0.02186,0.026299,1,1.0,19
1900-01-01 13:44:51.623,0.225082,0.628301,0.664781,1077.375408,0.058822,0.021545,0.025121,1,1.0,19
1900-01-01 13:44:54.121,0.225624,0.628986,0.665174,1077.875077,0.057313,0.021749,0.025575,1,1.0,19
1900-01-01 13:44:56.622,0.225552,0.629224,0.664996,1077.865406,0.058314,0.02151,0.026441,1,1.0,19
1900-01-01 13:44:59.073,0.225673,0.628942,0.665326,1078.141893,0.058613,0.022409,0.026814,1,1.0,19
1900-01-01 13:45:01.522,0.225743,0.628895,0.665407,1078.828932,0.058168,0.021624,0.026312,1,1.0,19
1900-01-01 13:45:04.169,0.225384,0.629169,0.665323,1078.451953,0.05741,0.021534,0.026219,1,1.0,19
1900-01-01 13:45:06.622,0.225117,0.627558,0.664189,1078.051813,0.057859,0.021846,0.026034,1,1.0,19
1900-01-01 13:45:09.068,0.225105,0.628243,0.664504,1077.729717,0.05709,0.021763,0.027365,1,1.0,19
1900-01-01 13:45:11.521,0.225804,0.628755,0.665028,1077.288756,0.059203,0.02207,0.027381,1,1.0,19
1900-01-01 13:45:14.020,0.225629,0.629122,0.664859,1079.366728,0.058392,0.021861,0.026376,1,1.0,19
1900-01-01 13:45:16.519,0.225785,0.628784,0.664605,1077.764939,0.059251,0.022223,0.027165,1,1.0,19
1900-01-01 13:45:19.071,0.226152,0.629032,0.665181,1077.488319,0.058588,0.021433,0.027159,1,1.0,19
1900-01-01 13:45:21.569,0.225073,0.629047,0.665056,1078.779157,0.059217,0.022003,0.027358,1,1.0,19
1900-01-01 13:45:24.070,0.225152,0.628306,0.664229,1078.464889,0.058929,0.021589,0.027044,1,1.0,19
1900-01-01 13:45:26.521,0.22536,0.628927,0.664966,1078.784384,0.058244,0.021466,0.026735,1,1.0,19
1900-01-01 13:45:28.970,0.225044,0.628177,0.664008,1077.841306,0.058209,0.022293,0.027108,1,1.0,19
1900-01-01 13:45:31.468,0.22525,0.628387,0.664806,1077.767493,0.057691,0.021739,0.026116,1,1.0,19
1900-01-01 13:45:33.969,0.225086,0.629174,0.665518,1079.25289,0.058031,0.022429,0.026051,1,1.0,19
1900-01-01 13:45:36.521,0.224406,0.627631,0.664256,1078.388049,0.058126,0.021362,0.025829,1,1.0,19
1900-01-01 13:45:39.018,0.22491,0.628324,0.664342,1078.642393,0.058144,0.021901,0.025783,1,1.0,19
1900-01-01 13:45:41.471,0.2251,0.628001,0.664421,1078.165214,0.056837,0.021846,0.025678,1,1.0,19
1900-01-01 13:45:43.969,0.224695,0.628183,0.664475,1078.024184,0.056667,0.022078,0.026753,1,1.0,19
1900-01-01 13:45:46.420,0.224931,0.629361,0.665431,1079.30184,0.058497,0.021796,0.026661,1,1.0,19
1900-01-01 13:45:48.870,0.224475,0.628023,0.664305,1078.581493,0.057527,0.021599,0.025996,1,1.0,19
1900-01-01 13:45:51.319,0.224866,0.627377,0.663449,1077.179038,0.059007,0.021947,0.026071,1,1.0,19
1900-01-01 13:45:53.769,0.224735,0.628432,0.664422,1077.95221,0.057926,0.021751,0.02604,1,1.0,19
1900-01-01 13:45:56.268,0.224745,0.628559,0.664759,1078.144161,0.058476,0.021713,0.026437,1,1.0,19
1900-01-01 13:45:58.719,0.224366,0.627476,0.663771,1079.850073,0.057886,0.021624,0.025442,1,1.0,19
1900-01-01 13:46:01.169,0.224941,0.627324,0.663773,1077.682793,0.05814,0.021308,0.0258,1,1.0,19
1900-01-01 13:46:03.666,0.225236,0.629207,0.665368,1079.001149,0.057878,0.02153,0.02625,1,1.0,19
1900-01-01 13:46:06.119,0.223946,0.626321,0.662571,1077.963398,0.059012,0.021976,0.02743,1,1.0,19
1900-01-01 13:46:08.569,0.225069,0.629722,0.665475,1078.906718,0.057346,0.021712,0.026375,1,1.0,19
1900-01-01 13:46:11.018,0.224823,0.628653,0.664492,1079.337184,0.057886,0.02173,0.02674,1,1.0,19
1900-01-01 13:46:13.468,0.225063,0.629375,0.665247,1079.208851,0.058008,0.021952,0.027459,1,1.0,19
1900-01-01 13:46:15.918,0.225168,0.628785,0.664665,1079.233868,0.057717,0.021564,0.026302,1,1.0,19
1900-01-01 13:46:18.367,0.224345,0.627407,0.66373,1079.029152,0.057509,0.021835,0.026721,1,1.0,19
1900-01-01 13:46:20.865,0.225115,0.629019,0.665097,1079.245353,0.057988,0.021668,0.025805,1,1.0,19
1900-01-01 13:46:23.414,0.22509,0.629434,0.66542,1079.367368,0.058238,0.021714,0.026827,1,1.0,19
1900-01-01 13:46:25.914,0.224509,0.628233,0.664565,1079.327703,0.057949,0.021476,0.026832,1,1.0,19
1900-01-01 13:46:28.415,0.224885,0.628817,0.664684,1079.235924,0.057778,0.022043,0.027309,1,1.0,19
1900-01-01 13:46:30.916,0.224799,0.628027,0.664122,1079.171828,0.058498,0.021447,0.025846,1,1.0,19
1900-01-01 13:46:33.415,0.22477,0.627952,0.664491,1078.695071,0.058047,0.021434,0.027048,1,1.0,19
1900-01-01 13:46:35.866,0.224867,0.627768,0.664157,1079.222971,0.05891,0.022061,0.026962,1,1.0,19
1900-01-01 13:46:38.316,0.224662,0.627611,0.663855,1078.023414,0.058024,0.021663,0.026358,1,1.0,19
1900-01-01 13:46:40.766,0.224784,0.627982,0.664137,1078.356337,0.058177,0.022102,0.027063,1,1.0,19
1900-01-01 13:46:43.215,0.224924,0.628769,0.664646,1079.040704,0.057119,0.021229,0.025613,1,1.0,19
1900-01-01 13:46:45.666,0.224195,0.627526,0.663696,1079.930866,0.057685,0.021906,0.027128,1,1.0,19
1900-01-01 13:46:48.116,0.225005,0.628316,0.664737,1079.216549,0.057959,0.021916,0.025956,1,1.0,19
1900-01-01 13:46:50.614,0.225269,0.628685,0.664733,1079.505819,0.057458,0.021449,0.026887,1,1.0,19
1900-01-01 13:46:53.113,0.224489,0.627849,0.663664,1079.061086,0.058615,0.021355,0.027284,1,1.0,19
1900-01-01 13:46:55.566,0.224648,0.628095,0.66426,1079.387643,0.058006,0.02142,0.025075,1,1.0,19
1900-01-01 13:46:58.015,0.224649,0.628501,0.664739,1079.113861,0.058682,0.021218,0.026486,1,1.0,19
1900-01-01 13:47:00.513,0.224558,0.627149,0.663868,1079.25479,0.058467,0.021029,0.024253,1,1.0,19
1900-01-01 13:47:03.014,0.224601,0.627746,0.663678,1078.958804,0.057972,0.021958,0.025988,1,1.0,19
1900-01-01 13:47:05.513,0.225447,0.629351,0.665031,1079.913865,0.058498,0.021758,0.026395,1,1.0,19
1900-01-01 13:47:07.964,0.225274,0.62853,0.664565,1079.859692,0.059069,0.021735,0.025986,1,1.0,19
1900-01-01 13:47:10.410,0.224564,0.628153,0.664304,1078.913237,0.058065,0.022251,0.026747,1,1.0,19
1900-01-01 13:47:12.911,0.224664,0.628655,0.664761,1079.682709,0.057828,0.021451,0.026778,1,1.0,19
1900-01-01 13:47:15.412,0.224646,0.628399,0.664743,1078.630784,0.058552,0.021181,0.026751,1,1.0,19
1900-01-01 13:47:17.913,0.224937,0.62864,0.664923,1080.397188,0.057627,0.021333,0.025783,1,1.0,19
1900-01-01 13:47:20.412,0.224648,0.62854,0.665028,1079.710104,0.05817,0.021404,0.025651,1,1.0,19
1900-01-01 13:47:22.911,0.224961,0.628176,0.664307,1079.370502,0.057997,0.021436,0.025518,1,1.0,19
1900-01-01 13:47:25.412,0.225513,0.629268,0.665591,1079.47157,0.058667,0.021599,0.025787,1,1.0,19
1900-01-01 13:47:27.911,0.224316,0.627578,0.664042,1079.368615,0.057654,0.021356,0.026195,1,1.0,19
1900-01-01 13:47:30.410,0.22477,0.628401,0.664531,1080.023292,0.058,0.021543,0.025996,1,1.0,19
1900-01-01 13:47:32.911,0.225252,0.627857,0.663883,1079.294364,0.058232,0.021315,0.0261,1,1.0,19
1900-01-01 13:47:35.410,0.225491,0.628307,0.664697,1079.455402,0.05782,0.022158,0.025814,1,1.0,19
1900-01-01 13:47:37.911,0.225368,0.628617,0.664434,1079.793934,0.058206,0.022194,0.026736,1,1.0,19
1900-01-01 13:47:40.463,0.224976,0.628198,0.664277,1079.915927,0.057868,0.021585,0.02699,1,1.0,19
1900-01-01 13:47:42.961,0.225576,0.62859,0.664637,1079.781384,0.057507,0.022537,0.027097,1,1.0,19
1900-01-01 13:47:45.460,0.225415,0.628515,0.66502,1079.60445,0.056817,0.021815,0.02526,1,1.0,19
1900-01-01 13:47:47.959,0.225365,0.628649,0.664903,1079.878018,0.058022,0.021817,0.026545,1,1.0,19
1900-01-01 13:47:50.460,0.225017,0.628229,0.664129,1079.695905,0.057499,0.021673,0.027129,1,1.0,19
1900-01-01 13:47:52.959,0.225199,0.627605,0.664311,1080.008199,0.058482,0.021224,0.025729,1,1.0,19
1900-01-01 13:47:55.460,0.225603,0.627578,0.664063,1078.906019,0.057913,0.022327,0.026872,1,1.0,19
1900-01-01 13:47:57.959,0.226125,0.629042,0.665186,1080.321387,0.058485,0.02199,0.026105,1,1.0,19
1900-01-01 13:48:00.460,0.225489,0.627945,0.664052,1079.577139,0.057561,0.021648,0.027323,1,1.0,19
1900-01-01 13:48:02.959,0.225289,0.627363,0.663877,1080.410061,0.057834,0.022192,0.027539,1,1.0,19
1900-01-01 13:48:05.460,0.225645,0.627232,0.663174,1078.80799,0.057678,0.022012,0.025682,1,1.0,19
1900-01-01 13:48:07.911,0.225291,0.627425,0.663317,1079.02099,0.057433,0.022055,0.027526,1,1.0,19
1900-01-01 13:48:10.409,0.225302,0.627216,0.663471,1079.213267,0.057585,0.021731,0.026117,1,1.0,19
1900-01-01 13:48:12.910,0.225244,0.627838,0.66392,1078.947493,0.058562,0.021719,0.027544,1,1.0,19
1900-01-01 13:48:15.409,0.225382,0.627952,0.664355,1079.906318,0.058298,0.021496,0.02693,1,1.0,19
1900-01-01 13:48:17.908,0.226373,0.629527,0.666009,1080.587409,0.058317,0.022367,0.027874,1,1.0,19
1900-01-01 13:48:20.407,0.22559,0.627649,0.663572,1081.085492,0.05782,0.022099,0.025773,1,1.0,19
1900-01-01 13:48:22.908,0.225489,0.62753,0.663619,1079.709101,0.057918,0.021472,0.025733,1,1.0,19
1900-01-01 13:48:25.407,0.2263,0.627498,0.66327,1079.462949,0.05779,0.021846,0.026468,1,1.0,19
1900-01-01 13:48:27.860,0.226166,0.628312,0.664492,1080.123791,0.057428,0.021582,0.025933,1,1.0,19
1900-01-01 13:48:30.358,0.226021,0.628317,0.664847,1080.392913,0.058493,0.021293,0.025359,1,1.0,19
1900-01-01 13:48:32.809,0.225268,0.627069,0.663433,1079.548064,0.057952,0.021527,0.025899,1,1.0,19
1900-01-01 13:48:35.308,0.225646,0.627452,0.663785,1079.887451,0.058596,0.02221,0.027433,1,1.0,19
1900-01-01 13:48:37.807,0.225512,0.627407,0.663833,1080.178,0.057849,0.022098,0.026698,1,1.0,19
1900-01-01 13:48:40.306,0.225627,0.627065,0.663256,1079.012033,0.057791,0.022071,0.025696,1,1.0,19
1900-01-01 13:48:42.806,0.225236,0.627821,0.663739,1079.293756,0.057487,0.021736,0.027368,1,1.0,19
1900-01-01 13:48:45.306,0.225142,0.62717,0.663518,1080.085844,0.057808,0.021386,0.025454,1,1.0,19
1900-01-01 13:48:47.855,0.225525,0.628112,0.664068,1080.171975,0.058879,0.022246,0.02908,1,1.0,19
1900-01-01 13:48:50.404,0.225677,0.62873,0.664998,1080.652889,0.057302,0.021884,0.025792,1,1.0,19
1900-01-01 13:48:53.006,0.226252,0.62843,0.664542,1081.168961,0.058249,0.022146,0.025916,1,1.0,19
1900-01-01 13:48:55.506,0.224917,0.627439,0.663915,1079.921769,0.058551,0.021783,0.027947,1,1.0,19
1900-01-01 13:48:58.006,0.225244,0.626486,0.663213,1079.397482,0.057803,0.02236,0.026969,1,1.0,19
1900-01-01 13:49:00.506,0.225898,0.62847,0.665267,1080.825126,0.057979,0.022033,0.027008,1,1.0,19
1900-01-01 13:49:03.006,0.22545,0.628195,0.665032,1081.00806,0.05832,0.021753,0.026732,1,1.0,19
1900-01-01 13:49:05.505,0.225148,0.627281,0.663969,1080.362894,0.057518,0.02096,0.025996,1,1.0,19
1900-01-01 13:49:08.054,0.225603,0.628409,0.664793,1080.765719,0.05772,0.02174,0.026168,1,1.0,19
1900-01-01 13:49:10.554,0.225595,0.62758,0.663845,1080.827012,0.057474,0.021429,0.02627,1,1.0,19
1900-01-01 13:49:13.054,0.225637,0.627807,0.664062,1080.300839,0.058539,0.02197,0.026321,1,1.0,19
1900-01-01 13:49:15.554,0.22566,0.627481,0.663555,1080.570526,0.058792,0.022466,0.026655,1,1.0,19
1900-01-01 13:49:18.055,0.225647,0.628052,0.664251,1080.548001,0.059004,0.022778,0.026711,1,1.0,19
1900-01-01 13:49:20.554,0.224795,0.627233,0.6638,1080.621369,0.058606,0.021724,0.026819,1,1.0,19
1900-01-01 13:49:23.054,0.225486,0.627914,0.664352,1080.857187,0.057995,0.022428,0.02578,1,1.0,19
1900-01-01 13:49:25.554,0.22481,0.626267,0.662897,1080.683682,0.058259,0.021937,0.026595,1,1.0,19
1900-01-01 13:49:28.054,0.224661,0.627727,0.663764,1080.747803,0.058353,0.021234,0.02618,1,1.0,19
1900-01-01 13:49:30.554,0.224652,0.627164,0.663507,1079.882164,0.058821,0.02135,0.026307,1,1.0,19
1900-01-01 13:49:33.054,0.225072,0.627947,0.66433,1081.249459,0.057799,0.02125,0.025974,1,1.0,19
1900-01-01 13:49:35.553,0.225548,0.628853,0.665421,1081.998644,0.057917,0.022066,0.02574,1,1.0,19
1900-01-01 13:49:38.102,0.225887,0.627768,0.664065,1081.472293,0.05815,0.022301,0.02622,1,1.0,19
1900-01-01 13:49:40.602,0.225656,0.628048,0.664488,1081.309808,0.058245,0.021692,0.027004,1,1.0,19
1900-01-01 13:49:43.103,0.225416,0.627845,0.664269,1080.674308,0.05797,0.021291,0.026182,1,1.0,19
1900-01-01 13:49:45.602,0.225327,0.628439,0.664693,1081.900537,0.058101,0.021505,0.026519,1,1.0,19
1900-01-01 13:49:48.102,0.22524,0.628399,0.664521,1081.639845,0.058069,0.021562,0.025132,1,1.0,19
1900-01-01 13:49:50.602,0.225255,0.62864,0.664764,1081.551206,0.057027,0.021789,0.026966,1,1.0,19
1900-01-01 13:49:53.154,0.224354,0.626861,0.663471,1080.656773,0.057507,0.021378,0.027093,1,1.0,19
1900-01-01 13:49:55.700,0.224914,0.627374,0.663902,1080.532329,0.058192,0.021946,0.026884,1,1.0,19
1900-01-01 13:49:58.201,0.225049,0.628223,0.664589,1080.836432,0.058287,0.022104,0.025979,1,1.0,19
1900-01-01 13:50:00.702,0.224635,0.627169,0.663604,1080.968394,0.05886,0.021529,0.026738,1,1.0,19
1900-01-01 13:50:03.250,0.225241,0.627842,0.66358,1080.669479,0.058295,0.022815,0.026543,1,1.0,19
1900-01-01 13:50:05.751,0.224847,0.627418,0.663755,1079.854259,0.057416,0.021417,0.026364,1,1.0,19
1900-01-01 13:50:08.252,0.225187,0.62885,0.66514,1081.944912,0.058487,0.021397,0.02627,1,1.0,19
1900-01-01 13:50:10.799,0.224184,0.62759,0.664012,1081.213653,0.057704,0.02113,0.026325,1,1.0,19
1900-01-01 13:50:13.353,0.224705,0.627555,0.664236,1080.684587,0.05834,0.021408,0.025436,1,1.0,19
1900-01-01 13:50:15.903,0.225281,0.628831,0.665125,1081.523805,0.05818,0.022208,0.026364,1,1.0,19
1900-01-01 13:50:18.449,0.225007,0.628164,0.66462,1081.686031,0.057707,0.021232,0.02552,1,1.0,19
1900-01-01 13:50:21.002,0.22478,0.627631,0.664206,1081.848002,0.059198,0.022321,0.026883,1,1.0,19
1900-01-01 13:50:23.500,0.225256,0.627575,0.664019,1080.628842,0.058711,0.021888,0.026662,1,1.0,19
1900-01-01 13:50:25.999,0.224335,0.627094,0.663145,1081.059078,0.058006,0.021279,0.026421,1,1.0,19
1900-01-01 13:50:28.553,0.22519,0.629082,0.665064,1081.208865,0.05755,0.022066,0.026917,1,1.0,19
1900-01-01 13:50:31.098,0.224605,0.626581,0.663154,1080.723034,0.057915,0.021501,0.026438,1,1.0,19
1900-01-01 13:50:33.652,0.224726,0.626741,0.663272,1079.973858,0.058422,0.021792,0.026919,1,1.0,19
1900-01-01 13:50:36.150,0.225296,0.627493,0.664008,1080.592981,0.058066,0.022261,0.026112,1,1.0,19
1900-01-01 13:50:38.698,0.224487,0.627784,0.664085,1081.165385,0.057298,0.021555,0.02635,1,1.0,19
1900-01-01 13:50:41.252,0.224728,0.627633,0.664323,1081.65007,0.058209,0.021399,0.025967,1,1.0,19
1900-01-01 13:50:43.750,0.225019,0.62804,0.664015,1080.87987,0.057764,0.022217,0.026248,1,1.0,19
1900-01-01 13:50:46.249,0.224226,0.626788,0.663311,1080.989271,0.057491,0.021269,0.025881,1,1.0,19
1900-01-01 13:50:48.750,0.225813,0.628265,0.664364,1081.588615,0.057947,0.022135,0.026321,1,1.0,19
1900-01-01 13:50:51.249,0.225726,0.629204,0.665175,1081.593008,0.057412,0.021889,0.026292,1,1.0,19
1900-01-01 13:50:53.750,0.225672,0.628206,0.664291,1081.70361,0.057226,0.021956,0.026452,1,1.0,19
1900-01-01 13:50:56.249,0.224468,0.627078,0.664079,1081.389247,0.059102,0.022195,0.02764,1,1.0,19
1900-01-01 13:50:58.796,0.225444,0.62833,0.664932,1081.302507,0.057968,0.02124,0.02572,1,1.0,19
1900-01-01 13:51:01.350,0.225279,0.628651,0.665323,1082.56571,0.05773,0.021067,0.02488,1,1.0,19
1900-01-01 13:51:03.847,0.225643,0.630216,0.666601,1082.947464,0.058204,0.021054,0.026912,1,1.0,19
1900-01-01 13:51:06.348,0.225063,0.628663,0.66496,1084.224081,0.057387,0.02093,0.025691,1,1.0,19
1900-01-01 13:51:08.847,0.225163,0.628695,0.66491,1082.630681,0.05728,0.020989,0.02566,1,1.0,19
1900-01-01 13:51:11.399,0.224725,0.627688,0.664432,1082.317672,0.058361,0.020691,0.025692,1,1.0,19
1900-01-01 13:51:13.897,0.224859,0.626821,0.662813,1081.857561,0.057967,0.021795,0.027048,1,1.0,19
1900-01-01 13:51:16.449,0.225471,0.627396,0.664137,1080.608738,0.058271,0.021752,0.026477,1,1.0,19
1900-01-01 13:51:18.999,0.224843,0.626702,0.662927,1082.084035,0.057818,0.022044,0.026064,1,1.0,19
1900-01-01 13:51:21.545,0.225469,0.627658,0.664,1081.615661,0.057439,0.021312,0.024998,1,1.0,19
1900-01-01 13:51:24.098,0.225625,0.62856,0.665146,1082.237671,0.057661,0.02162,0.025363,1,1.0,19
1900-01-01 13:51:26.649,0.22546,0.627052,0.66353,1082.201823,0.056971,0.022537,0.025863,1,1.0,19
1900-01-01 13:51:29.199,0.225827,0.628917,0.665248,1082.370621,0.058329,0.021871,0.026791,1,1.0,19
1900-01-01 13:51:31.745,0.225756,0.628852,0.665194,1083.237881,0.057422,0.021611,0.025929,1,1.0,19
1900-01-01 13:51:34.298,0.225911,0.628001,0.664645,1083.10196,0.057757,0.021943,0.026578,1,1.0,19
1900-01-01 13:51:36.844,0.225704,0.627186,0.664039,1082.274919,0.058277,0.021658,0.026484,1,1.0,19
1900-01-01 13:51:39.398,0.226124,0.628782,0.665535,1082.070969,0.058601,0.022039,0.02725,1,1.0,19
1900-01-01 13:51:41.943,0.226033,0.627627,0.663944,1082.355154,0.058272,0.021569,0.026578,1,1.0,19
1900-01-01 13:51:44.497,0.225815,0.627674,0.663776,1081.856828,0.058388,0.02166,0.027185,1,1.0,19
1900-01-01 13:51:47.047,0.225403,0.626457,0.662819,1081.194693,0.057733,0.022272,0.026223,1,1.0,19
1900-01-01 13:51:49.593,0.225927,0.627728,0.664065,1081.739735,0.058003,0.021785,0.0255,1,1.0,19
1900-01-01 13:51:52.146,0.225896,0.628289,0.6648,1081.801833,0.058311,0.021504,0.026671,1,1.0,19
1900-01-01 13:51:54.697,0.225709,0.628098,0.664528,1083.405014,0.058808,0.021712,0.026575,1,1.0,19
1900-01-01 13:51:57.242,0.225309,0.626604,0.663533,1081.782708,0.057222,0.021022,0.025138,1,1.0,19
1900-01-01 13:51:59.796,0.226578,0.628287,0.664941,1082.432795,0.057929,0.022066,0.027159,1,1.0,19
1900-01-01 13:52:02.346,0.226376,0.626827,0.663929,1082.329945,0.058395,0.02108,0.026367,1,1.0,19
1900-01-01 13:52:04.993,0.226504,0.627961,0.664333,1081.969802,0.057532,0.021023,0.026185,1,1.0,19
1900-01-01 13:52:07.546,0.226464,0.627351,0.6638,1082.74184,0.059319,0.021389,0.026184,1,1.0,19
1900-01-01 13:52:10.145,0.226929,0.627998,0.664542,1082.548076,0.057569,0.022197,0.026428,1,1.0,19
1900-01-01 13:52:12.793,0.226997,0.628665,0.665643,1083.381315,0.057708,0.022164,0.026309,1,1.0,19
1900-01-01 13:52:15.393,0.226391,0.626828,0.66355,1082.337056,0.058578,0.021928,0.026777,1,1.0,19
1900-01-01 13:52:17.942,0.226623,0.628205,0.664652,1082.587644,0.057575,0.021604,0.026785,1,1.0,19
1900-01-01 13:52:20.495,0.226236,0.627392,0.663407,1082.115784,0.058612,0.021266,0.027364,1,1.0,19
1900-01-01 13:52:23.046,0.226227,0.62734,0.663642,1082.260966,0.058906,0.022427,0.02654,1,1.0,19
1900-01-01 13:52:25.644,0.226579,0.628115,0.664523,1083.401692,0.058325,0.021759,0.026134,1,1.0,19
1900-01-01 13:52:28.244,0.226152,0.62806,0.664183,1082.36063,0.057113,0.022019,0.026731,1,1.0,19
1900-01-01 13:52:30.791,0.226775,0.628825,0.664885,1083.671943,0.057875,0.021982,0.026425,1,1.0,19
1900-01-01 13:52:33.393,0.225741,0.626464,0.662833,1081.810407,0.0583,0.021324,0.025863,1,1.0,19
1900-01-01 13:52:35.940,0.226767,0.629297,0.665707,1083.003688,0.058343,0.021673,0.027713,1,1.0,19
1900-01-01 13:52:38.542,0.226268,0.626838,0.66326,1083.43033,0.058403,0.021567,0.025385,1,1.0,19
1900-01-01 13:52:41.142,0.226817,0.62847,0.664695,1083.02977,0.057975,0.022111,0.026567,1,1.0,19
1900-01-01 13:52:43.690,0.226597,0.62824,0.664204,1083.532042,0.058037,0.021974,0.027325,1,1.0,19
1900-01-01 13:52:46.244,0.226294,0.627637,0.664074,1082.940458,0.057698,0.021593,0.028086,1,1.0,19
1900-01-01 13:52:48.790,0.226145,0.627209,0.663657,1082.236031,0.058139,0.021799,0.027618,1,1.0,19
1900-01-01 13:52:51.343,0.226139,0.62839,0.664854,1083.537799,0.057954,0.021715,0.026256,1,1.0,19
1900-01-01 13:52:53.990,0.226407,0.627953,0.664361,1083.207729,0.057909,0.021778,0.025633,1,1.0,19
1900-01-01 13:52:56.591,0.227149,0.629102,0.665459,1083.233752,0.057492,0.021089,0.025771,1,1.0,19
1900-01-01 13:52:59.191,0.22672,0.62787,0.664271,1083.207482,0.057581,0.021704,0.026769,1,1.0,19
1900-01-01 13:53:01.738,0.226526,0.62745,0.664048,1082.063318,0.057904,0.022236,0.026793,1,1.0,19
1900-01-01 13:53:04.292,0.226796,0.62709,0.663729,1083.088142,0.057026,0.021635,0.025605,1,1.0,19
1900-01-01 13:53:06.842,0.226409,0.625917,0.663248,1082.072941,0.057654,0.022369,0.026645,1,1.0,19
1900-01-01 13:53:09.441,0.226887,0.627981,0.665196,1082.829259,0.057948,0.02183,0.025556,1,1.0,19
1900-01-01 13:53:11.993,0.226179,0.626972,0.663557,1083.424321,0.057518,0.021731,0.027028,1,1.0,19
1900-01-01 13:53:14.590,0.226897,0.627852,0.664356,1082.335185,0.057637,0.022179,0.026079,1,1.0,19
1900-01-01 13:53:17.190,0.226611,0.628206,0.664808,1083.755125,0.058021,0.021973,0.026843,1,1.0,19
1900-01-01 13:53:19.838,0.226178,0.627735,0.664494,1083.942178,0.057132,0.021458,0.024772,1,1.0,19
1900-01-01 13:53:22.391,0.226978,0.62752,0.664077,1083.408525,0.059044,0.022006,0.027056,1,1.0,19
1900-01-01 13:53:24.990,0.226836,0.627755,0.664454,1083.495029,0.057089,0.021588,0.025944,1,1.0,19
1900-01-01 13:53:27.590,0.226807,0.627561,0.664377,1082.868379,0.057861,0.021562,0.025609,1,1.0,19
1900-01-01 13:53:30.142,0.226994,0.627686,0.664785,1084.033995,0.05728,0.02153,0.025839,1,1.0,19
1900-01-01 13:53:32.740,0.227049,0.628268,0.664113,1084.025978,0.057784,0.021548,0.025777,1,1.0,19
1900-01-01 13:53:35.340,0.226492,0.627921,0.664027,1083.947344,0.057863,0.022098,0.027571,1,1.0,19
1900-01-01 13:53:37.887,0.226532,0.627687,0.664235,1083.855204,0.05779,0.022035,0.026579,1,1.0,19
1900-01-01 13:53:40.436,0.22687,0.627294,0.663693,1083.272021,0.0568,0.021544,0.02643,1,1.0,19
1900-01-01 13:53:43.038,0.226649,0.626848,0.663235,1083.314362,0.056727,0.021545,0.026427,1,1.0,19
1900-01-01 13:53:45.638,0.226774,0.627539,0.664448,1082.502074,0.057953,0.021058,0.024769,1,1.0,19
1900-01-01 13:53:48.238,0.226742,0.627143,0.663642,1083.327166,0.05713,0.022104,0.02729,1,1.0,19
1900-01-01 13:53:50.790,0.226798,0.628005,0.664641,1083.496374,0.05807,0.022391,0.026543,1,1.0,19
1900-01-01 13:53:53.388,0.22734,0.628806,0.665337,1084.163901,0.057222,0.021684,0.026828,1,1.0,19
1900-01-01 13:53:55.935,0.226868,0.628153,0.664971,1084.675251,0.057576,0.021689,0.025438,1,1.0,19
1900-01-01 13:53:58.537,0.226687,0.62685,0.663775,1083.674949,0.057664,0.021683,0.026427,1,1.0,19
1900-01-01 13:54:01.089,0.226202,0.626583,0.663262,1083.04189,0.057635,0.021254,0.026943,1,1.0,19
1900-01-01 13:54:03.687,0.226667,0.62633,0.662982,1082.477967,0.057114,0.021313,0.026192,1,1.0,19
1900-01-01 13:54:06.287,0.226568,0.62697,0.66408,1083.006196,0.057862,0.02191,0.026132,1,1.0,19
1900-01-01 13:54:08.834,0.226365,0.627974,0.664654,1084.040316,0.059372,0.02233,0.026793,1,1.0,19
1900-01-01 13:54:11.388,0.226658,0.628087,0.664387,1084.635131,0.057787,0.021761,0.025704,1,1.0,19
1900-01-01 13:54:13.986,0.226263,0.626682,0.663692,1083.911646,0.058087,0.020952,0.025112,1,1.0,19
1900-01-01 13:54:16.538,0.226486,0.627544,0.664072,1082.644678,0.057716,0.022161,0.026598,1,1.0,19
1900-01-01 13:54:19.137,0.226317,0.62784,0.664737,1084.046511,0.057902,0.021359,0.025734,1,1.0,19
1900-01-01 13:54:21.687,0.226969,0.628147,0.665388,1084.82602,0.057907,0.022125,0.026921,1,1.0,19
1900-01-01 13:54:24.286,0.22638,0.628379,0.665221,1084.342207,0.05825,0.021772,0.026762,1,1.0,19
1900-01-01 13:54:26.886,0.226451,0.627929,0.664981,1084.875799,0.057846,0.02181,0.02696,1,1.0,19
1900-01-01 13:54:29.486,0.226318,0.628093,0.664819,1084.80689,0.058443,0.022329,0.027474,1,1.0,19
1900-01-01 13:54:32.033,0.225907,0.627256,0.664163,1084.77151,0.057801,0.021647,0.025522,1,1.0,19
1900-01-01 13:54:34.687,0.225661,0.626456,0.663503,1083.389723,0.057895,0.021823,0.026828,1,1.0,19
1900-01-01 13:54:37.286,0.225737,0.626676,0.66327,1083.329947,0.056951,0.021768,0.026666,1,1.0,19
1900-01-01 13:54:39.934,0.226301,0.627715,0.664158,1084.508382,0.058567,0.021773,0.027266,1,1.0,19
1900-01-01 13:54:42.534,0.225961,0.626865,0.663847,1083.3725,0.057711,0.021845,0.025742,1,1.0,19
1900-01-01 13:54:45.082,0.226139,0.626975,0.663508,1083.454325,0.056868,0.022247,0.02649,1,1.0,19
1900-01-01 13:54:47.636,0.226331,0.628552,0.665445,1084.66836,0.058218,0.021492,0.025362,1,1.0,19
1900-01-01 13:54:50.234,0.226534,0.627347,0.664209,1085.074923,0.057706,0.021603,0.025765,1,1.0,19
1900-01-01 13:54:52.834,0.226629,0.627402,0.664045,1084.331783,0.058493,0.022322,0.025871,1,1.0,19
1900-01-01 13:54:55.434,0.225902,0.626287,0.663444,1083.709791,0.058407,0.021404,0.026528,1,1.0,19
1900-01-01 13:54:58.034,0.226268,0.626897,0.663395,1083.981799,0.057046,0.021815,0.026619,1,1.0,19
1900-01-01 13:55:00.633,0.225911,0.62642,0.663156,1083.801609,0.057965,0.021881,0.025696,1,1.0,19
1900-01-01 13:55:03.234,0.226077,0.626758,0.663658,1083.893572,0.057141,0.021089,0.025191,1,1.0,19
1900-01-01 13:55:05.785,0.226258,0.627402,0.664355,1084.648866,0.057479,0.021487,0.026552,1,1.0,19
1900-01-01 13:55:08.335,0.225714,0.626395,0.662902,1083.611263,0.057538,0.021593,0.027258,1,1.0,19
1900-01-01 13:55:10.881,0.225725,0.626246,0.66322,1084.076769,0.057871,0.020758,0.025286,1,1.0,19
1900-01-01 13:55:13.434,0.225695,0.626282,0.662976,1084.09737,0.057538,0.021576,0.026347,1,1.0,19
1900-01-01 13:55:16.033,0.226339,0.62786,0.6645,1084.070094,0.056969,0.021609,0.025242,1,1.0,19
1900-01-01 13:55:18.633,0.226191,0.626568,0.663147,1084.877612,0.056811,0.021443,0.026389,1,1.0,19
1900-01-01 13:55:21.233,0.226086,0.627216,0.663759,1083.769632,0.057948,0.021893,0.025611,1,1.0,19
1900-01-01 13:55:23.831,0.226506,0.627925,0.664251,1084.960591,0.057485,0.021687,0.026357,1,1.0,19
1900-01-01 13:55:26.479,0.226593,0.627328,0.663967,1084.70602,0.057682,0.021764,0.027155,1,1.0,19
1900-01-01 13:55:29.081,0.226934,0.628107,0.664835,1085.345607,0.058134,0.022255,0.026458,1,1.0,19
1900-01-01 13:55:31.681,0.226114,0.62704,0.664045,1084.632805,0.058491,0.021159,0.024849,1,1.0,19
1900-01-01 13:55:34.281,0.226154,0.626202,0.662974,1084.096042,0.057926,0.021915,0.026732,1,1.0,19
1900-01-01 13:55:36.830,0.225863,0.626404,0.663957,1084.324484,0.057355,0.021632,0.027368,1,1.0,19
1900-01-01 13:55:39.479,0.226713,0.628044,0.664717,1084.887875,0.057475,0.02208,0.02602,1,1.0,19
1900-01-01 13:55:42.081,0.226944,0.627465,0.664316,1085.454327,0.057759,0.021742,0.026855,1,1.0,19
1900-01-01 13:55:44.681,0.226045,0.62679,0.663904,1084.792383,0.057763,0.021304,0.025638,1,1.0,19
1900-01-01 13:55:47.281,0.225876,0.627519,0.66443,1084.977349,0.057942,0.021251,0.025977,1,1.0,19
1900-01-01 13:55:49.881,0.226088,0.626441,0.66349,1084.955588,0.057286,0.021456,0.026384,1,1.0,19
1900-01-01 13:55:52.529,0.225819,0.625843,0.662891,1083.769468,0.056847,0.020679,0.02621,1,1.0,19
1900-01-01 13:55:55.178,0.226152,0.626375,0.663639,1084.720569,0.057266,0.021795,0.027486,1,1.0,19
1900-01-01 13:55:57.828,0.226706,0.626705,0.663851,1084.002088,0.05906,0.021547,0.025942,1,1.0,19
1900-01-01 13:56:00.430,0.226124,0.627431,0.663768,1085.305743,0.057901,0.021149,0.026413,1,1.0,19
1900-01-01 13:56:03.030,0.226189,0.626318,0.663875,1083.940091,0.057976,0.020977,0.025831,1,1.0,19
1900-01-01 13:56:05.630,0.226053,0.626402,0.66307,1084.660006,0.057509,0.021791,0.026672,1,1.0,19
1900-01-01 13:56:08.230,0.226671,0.627194,0.664211,1084.322716,0.057309,0.021894,0.026221,1,1.0,19
1900-01-01 13:56:10.830,0.226068,0.626239,0.663211,1085.327333,0.0564,0.021154,0.026074,1,1.0,19
1900-01-01 13:56:13.430,0.226508,0.627091,0.663928,1084.259247,0.057386,0.021644,0.026379,1,1.0,19
1900-01-01 13:56:16.030,0.226805,0.627424,0.66449,1085.167754,0.057112,0.021774,0.025794,1,1.0,19
1900-01-01 13:56:18.630,0.226997,0.627501,0.664144,1085.309199,0.057647,0.021677,0.026066,1,1.0,19
1900-01-01 13:56:21.230,0.22678,0.62662,0.663706,1085.407122,0.058071,0.021878,0.025681,1,1.0,19
1900-01-01 13:56:23.830,0.227649,0.628408,0.665027,1085.699077,0.058118,0.021746,0.026105,1,1.0,19
1900-01-01 13:56:26.428,0.227142,0.626241,0.663318,1085.160217,0.057498,0.021488,0.025869,1,1.0,19
1900-01-01 13:56:29.028,0.22674,0.62638,0.663154,1084.253807,0.057979,0.021471,0.026559,1,1.0,19
1900-01-01 13:56:31.628,0.226857,0.626534,0.663677,1084.861292,0.057554,0.021224,0.025858,1,1.0,19
1900-01-01 13:56:34.276,0.226856,0.62761,0.664511,1085.537521,0.057259,0.021446,0.026548,1,1.0,19
1900-01-01 13:56:36.878,0.227103,0.627205,0.66409,1085.253195,0.05816,0.02218,0.026605,1,1.0,19
1900-01-01 13:56:39.478,0.226944,0.626538,0.663631,1085.334586,0.057439,0.021721,0.025458,1,1.0,19
1900-01-01 13:56:42.126,0.226844,0.625974,0.663179,1084.60275,0.057872,0.021931,0.025139,1,1.0,19
1900-01-01 13:56:44.727,0.22774,0.627394,0.664481,1085.488739,0.057293,0.022036,0.026606,1,1.0,19
1900-01-01 13:56:47.327,0.227237,0.626423,0.663494,1084.973722,0.057095,0.021513,0.02612,1,1.0,19
1900-01-01 13:56:49.926,0.227228,0.626624,0.663259,1085.664675,0.057477,0.021837,0.025751,1,1.0,19
1900-01-01 13:56:52.527,0.227155,0.626548,0.66394,1085.060944,0.057163,0.021294,0.02585,1,1.0,19
1900-01-01 13:56:55.175,0.227552,0.625915,0.663051,1084.143377,0.057636,0.022068,0.025791,1,1.0,19
1900-01-01 13:56:57.777,0.227147,0.626347,0.663186,1085.053876,0.057187,0.021107,0.026454,1,1.0,19
1900-01-01 13:57:00.375,0.227286,0.62646,0.663406,1085.116663,0.0575,0.021254,0.026487,1,1.0,19
1900-01-01 13:57:02.975,0.227548,0.626552,0.66372,1084.498614,0.05834,0.021644,0.025957,1,1.0,19
1900-01-01 13:57:05.575,0.227578,0.626861,0.663451,1085.135113,0.057726,0.021926,0.026872,1,1.0,19
1900-01-01 13:57:08.223,0.227205,0.627108,0.663977,1085.266883,0.058345,0.021899,0.027154,1,1.0,19
1900-01-01 13:57:10.825,0.227202,0.626626,0.663648,1085.698946,0.057658,0.021654,0.025312,1,1.0,19
1900-01-01 13:57:13.425,0.227348,0.627707,0.664748,1086.312002,0.057475,0.022115,0.026129,1,1.0,19
1900-01-01 13:57:16.025,0.22712,0.628666,0.665458,1086.493341,0.058397,0.021465,0.026046,1,1.0,19
1900-01-01 13:57:18.625,0.227285,0.627216,0.66414,1086.13973,0.057643,0.021044,0.02585,1,1.0,19
1900-01-01 13:57:21.273,0.227584,0.62877,0.665358,1086.315607,0.057743,0.021744,0.02643,1,1.0,19
1900-01-01 13:57:23.922,0.227706,0.628211,0.66446,1085.425388,0.057208,0.021214,0.026976,1,1.0,19
1900-01-01 13:57:26.572,0.227254,0.625976,0.662524,1085.22438,0.057776,0.021622,0.02648,1,1.0,19
1900-01-01 13:57:29.226,0.228041,0.6277,0.664653,1085.576584,0.057765,0.021466,0.026403,1,1.0,19
1900-01-01 13:57:31.873,0.227088,0.62608,0.663181,1085.088665,0.057438,0.021448,0.025969,1,1.0,19
1900-01-01 13:57:34.522,0.227055,0.626567,0.663441,1085.605152,0.058003,0.021411,0.025305,1,1.0,19
1900-01-01 13:57:37.172,0.227278,0.626338,0.663134,1085.11763,0.057121,0.02193,0.026958,1,1.0,19
1900-01-01 13:57:39.774,0.226623,0.626747,0.663542,1085.512311,0.058172,0.021542,0.026392,1,1.0,19
1900-01-01 13:57:42.326,0.227162,0.628028,0.664853,1086.145682,0.058173,0.021407,0.026617,1,1.0,19
1900-01-01 13:57:44.975,0.227002,0.627438,0.663985,1085.96646,0.058135,0.021867,0.026308,1,1.0,19
1900-01-01 13:57:47.574,0.227309,0.627895,0.664821,1086.832946,0.057198,0.021849,0.02551,1,1.0,19
1900-01-01 13:57:50.174,0.227023,0.627202,0.664296,1085.775239,0.058021,0.021245,0.025918,1,1.0,19
1900-01-01 13:57:52.774,0.226924,0.627497,0.664419,1086.399045,0.057754,0.021314,0.025649,1,1.0,19
1900-01-01 13:57:55.372,0.227399,0.627658,0.664803,1086.671932,0.056838,0.021786,0.025681,1,1.0,19
1900-01-01 13:57:57.972,0.227196,0.627618,0.665183,1086.533235,0.056997,0.022141,0.026462,1,1.0,19
1900-01-01 13:58:00.620,0.226922,0.62647,0.663571,1085.87938,0.058648,0.021451,0.02593,1,1.0,19
1900-01-01 13:58:03.274,0.227552,0.627732,0.663981,1085.88214,0.056832,0.022189,0.026952,1,1.0,19
1900-01-01 13:58:05.921,0.227756,0.627425,0.664757,1087.373931,0.057895,0.021875,0.026128,1,1.0,19
1900-01-01 13:58:08.522,0.227375,0.626815,0.664212,1085.856716,0.057375,0.022044,0.02608,1,1.0,19
1900-01-01 13:58:11.174,0.227276,0.62685,0.663968,1086.639763,0.057743,0.020586,0.026048,1,1.0,19
1900-01-01 13:58:13.772,0.227324,0.627399,0.664226,1086.100275,0.056631,0.021496,0.026551,1,1.0,19
1900-01-01 13:58:16.420,0.227491,0.627176,0.664324,1086.190971,0.058365,0.022087,0.026721,1,1.0,19
1900-01-01 13:58:19.022,0.226752,0.625554,0.66296,1085.508687,0.056976,0.021966,0.026349,1,1.0,19
1900-01-01 13:58:21.620,0.227642,0.627917,0.665029,1085.927871,0.056348,0.021834,0.026509,1,1.0,19
1900-01-01 13:58:24.220,0.227473,0.627881,0.664522,1086.426246,0.057804,0.021324,0.025374,1,1.0,19
1900-01-01 13:58:26.870,0.22705,0.627563,0.664496,1087.174354,0.057233,0.021421,0.027217,1,1.0,19
1900-01-01 13:58:29.471,0.227611,0.626982,0.663947,1086.413212,0.057003,0.021686,0.025684,1,1.0,19
1900-01-01 13:58:32.119,0.228058,0.627588,0.664681,1086.518586,0.057622,0.021754,0.026933,1,1.0,19
1900-01-01 13:58:34.721,0.227815,0.627413,0.664386,1086.662927,0.057674,0.021429,0.025694,1,1.0,19
1900-01-01 13:58:37.367,0.22797,0.62749,0.66443,1086.513989,0.058558,0.021998,0.026434,1,1.0,19
1900-01-01 13:58:39.969,0.228122,0.62757,0.664372,1086.398376,0.05781,0.021817,0.026992,1,1.0,19
1900-01-01 13:58:42.570,0.227835,0.627701,0.664707,1086.980584,0.057538,0.022171,0.026195,1,1.0,19
1900-01-01 13:58:45.170,0.228174,0.628089,0.665108,1087.320246,0.05677,0.021339,0.025803,1,1.0,19
1900-01-01 13:58:47.769,0.228192,0.627998,0.664963,1087.93591,0.057653,0.021348,0.025444,1,1.0,19
1900-01-01 13:58:50.369,0.227958,0.627396,0.664186,1087.157041,0.057044,0.021399,0.026181,1,1.0,19
1900-01-01 13:58:52.969,0.228408,0.62718,0.664381,1086.536862,0.057507,0.022128,0.025632,1,1.0,19
1900-01-01 13:58:55.569,0.228388,0.627769,0.664745,1086.56769,0.057085,0.022014,0.026029,1,1.0,19
1900-01-01 13:58:58.217,0.228518,0.627836,0.664574,1087.161352,0.057566,0.022313,0.026056,1,1.0,19
1900-01-01 13:59:00.866,0.228266,0.627505,0.664239,1086.801207,0.056552,0.022338,0.024911,1,1.0,19
1900-01-01 13:59:03.468,0.227926,0.627816,0.665163,1088.204934,0.056668,0.022338,0.025918,1,1.0,19
1900-01-01 13:59:06.116,0.227755,0.625811,0.662884,1087.027814,0.057839,0.021718,0.025911,1,1.0,19
1900-01-01 13:59:08.718,0.227462,0.62639,0.663677,1086.416496,0.05707,0.021334,0.025596,1,1.0,19
1900-01-01 13:59:11.318,0.228071,0.627228,0.664614,1086.879593,0.057356,0.021089,0.025732,1,1.0,19
1900-01-01 13:59:13.918,0.227948,0.626982,0.663971,1086.78167,0.05761,0.021497,0.025812,1,1.0,19
1900-01-01 13:59:16.566,0.228078,0.626914,0.664234,1086.767858,0.056821,0.021743,0.02586,1,1.0,19
1900-01-01 13:59:19.215,0.227731,0.627148,0.663652,1087.073524,0.057565,0.022226,0.027058,1,1.0,19
1900-01-01 13:59:21.817,0.227335,0.627403,0.664033,1087.788175,0.056435,0.021804,0.026402,1,1.0,19
1900-01-01 13:59:24.465,0.227782,0.626446,0.663582,1086.969057,0.056825,0.021846,0.026409,1,1.0,19
1900-01-01 13:59:27.119,0.228023,0.627508,0.664438,1086.541219,0.05708,0.022346,0.026974,1,1.0,19
1900-01-01 13:59:29.718,0.227525,0.626478,0.663662,1086.624326,0.057251,0.021841,0.025973,1,1.0,19
1900-01-01 13:59:32.316,0.22728,0.626789,0.663827,1087.10748,0.056932,0.021795,0.025499,1,1.0,19
1900-01-01 13:59:34.964,0.22711,0.627469,0.664258,1087.020692,0.057941,0.021629,0.026449,1,1.0,19
1900-01-01 13:59:37.618,0.227754,0.628638,0.665092,1087.953529,0.056923,0.021672,0.026539,1,1.0,19
1900-01-01 13:59:40.265,0.226832,0.624966,0.662223,1087.61261,0.056727,0.021727,0.026889,1,1.0,19
1900-01-01 13:59:42.866,0.227191,0.626367,0.662979,1086.534662,0.058457,0.022256,0.02645,1,1.0,19
1900-01-01 13:59:45.567,0.227231,0.625832,0.663323,1086.39268,0.057407,0.021804,0.02651,1,1.0,19
1900-01-01 13:59:48.214,0.227486,0.626967,0.664091,1087.411336,0.057813,0.021711,0.026947,1,1.0,19
1900-01-01 13:59:50.916,0.226865,0.626429,0.663702,1087.175835,0.058085,0.020862,0.026637,1,1.0,19
1900-01-01 13:59:53.564,0.227501,0.627418,0.664196,1086.954812,0.057308,0.021321,0.026905,1,1.0,19
1900-01-01 13:59:56.217,0.227407,0.626103,0.663159,1086.985891,0.056429,0.021506,0.025724,1,1.0,19
1900-01-01 13:59:58.863,0.228077,0.627725,0.664572,1087.559942,0.057131,0.021989,0.027004,1,1.0,19
1900-01-01 14:00:01.566,0.227654,0.627048,0.66389,1087.656649,0.057246,0.021669,0.025959,1,1.0,19
1900-01-01 14:00:04.212,0.22773,0.627224,0.664301,1087.818312,0.057081,0.021327,0.027083,1,1.0,19
1900-01-01 14:00:06.866,0.227758,0.626523,0.663825,1087.333534,0.057645,0.021284,0.024524,1,1.0,19
1900-01-01 14:00:09.465,0.227495,0.62642,0.663676,1087.656541,0.057842,0.021636,0.026422,1,1.0,19
1900-01-01 14:00:12.113,0.227582,0.626119,0.663231,1086.700199,0.057779,0.020948,0.025678,1,1.0,19
1900-01-01 14:00:14.762,0.227442,0.626401,0.663365,1086.762051,0.057065,0.020887,0.026382,1,1.0,19
1900-01-01 14:00:17.415,0.2275,0.626142,0.663602,1086.449188,0.057566,0.021167,0.024737,1,1.0,19
1900-01-01 14:00:20.062,0.227822,0.627306,0.664799,1088.029408,0.057646,0.021479,0.025549,1,1.0,19
1900-01-01 14:00:22.711,0.227876,0.62648,0.663704,1088.502739,0.05753,0.021844,0.027034,1,1.0,19
1900-01-01 14:00:25.414,0.227749,0.626384,0.66355,1087.715955,0.057253,0.021659,0.026688,1,1.0,19
1900-01-01 14:00:28.062,0.227648,0.626166,0.663353,1087.3946,0.057067,0.02113,0.026002,1,1.0,19
1900-01-01 14:00:30.711,0.228288,0.626883,0.663965,1088.171688,0.056904,0.021837,0.02647,1,1.0,19
1900-01-01 14:00:33.361,0.227334,0.625954,0.663144,1088.320141,0.056928,0.021733,0.02656,1,1.0,19
1900-01-01 14:00:35.962,0.227379,0.626024,0.663428,1087.145539,0.057751,0.021836,0.026333,1,1.0,19
1900-01-01 14:00:38.562,0.227726,0.626586,0.66354,1088.025654,0.057518,0.021757,0.026462,1,1.0,19
1900-01-01 14:00:41.263,0.227783,0.627521,0.664574,1088.230775,0.057163,0.021707,0.027342,1,1.0,19
1900-01-01 14:00:43.910,0.227548,0.626689,0.663577,1088.21109,0.057479,0.021721,0.026613,1,1.0,19
1900-01-01 14:00:46.559,0.227472,0.626835,0.66462,1088.018621,0.05779,0.020901,0.025368,1,1.0,19
1900-01-01 14:00:49.209,0.22775,0.627577,0.66442,1088.971318,0.057894,0.021777,0.027309,1,1.0,19
1900-01-01 14:00:51.863,0.227661,0.626659,0.663676,1088.307051,0.057795,0.022193,0.026208,1,1.0,19
1900-01-01 14:00:54.610,0.227066,0.625953,0.662929,1087.940088,0.057076,0.021695,0.026361,1,1.0,19
1900-01-01 14:00:57.311,0.227118,0.626192,0.663374,1087.193901,0.057743,0.021827,0.025896,1,1.0,19
1900-01-01 14:00:59.959,0.226983,0.62577,0.663491,1086.630758,0.057622,0.021472,0.027444,1,1.0,19
1900-01-01 14:01:02.609,0.227736,0.626877,0.664416,1088.02124,0.057863,0.021607,0.025651,1,1.0,19
1900-01-01 14:01:05.258,0.227525,0.627025,0.664173,1088.552575,0.056503,0.021534,0.026591,1,1.0,19
1900-01-01 14:01:07.961,0.227594,0.626968,0.66392,1088.354364,0.05729,0.022235,0.027389,1,1.0,19
1900-01-01 14:01:10.609,0.227421,0.628171,0.665615,1089.018431,0.057419,0.021177,0.026357,1,1.0,19
1900-01-01 14:01:13.311,0.226979,0.625299,0.662947,1088.102394,0.057697,0.021992,0.026233,1,1.0,19
1900-01-01 14:01:15.958,0.227691,0.628092,0.664958,1088.561984,0.057368,0.021987,0.026499,1,1.0,19
1900-01-01 14:01:18.607,0.227491,0.626805,0.663385,1088.073796,0.057256,0.021676,0.025932,1,1.0,19
1900-01-01 14:01:21.257,0.227155,0.627953,0.665134,1088.910826,0.056835,0.02146,0.026893,1,1.0,19
1900-01-01 14:01:23.911,0.226881,0.625734,0.663209,1088.250203,0.056953,0.021089,0.025434,1,1.0,19
1900-01-01 14:01:26.558,0.227276,0.627518,0.664746,1088.107781,0.057463,0.021187,0.025777,1,1.0,19
1900-01-01 14:01:29.260,0.227655,0.626814,0.663875,1088.845736,0.057009,0.021491,0.025808,1,1.0,19
1900-01-01 14:01:31.906,0.227545,0.62804,0.665117,1088.493638,0.057607,0.021067,0.025636,1,1.0,19
1900-01-01 14:01:34.609,0.227539,0.62657,0.663394,1089.399192,0.056956,0.021863,0.025231,1,1.0,19
1900-01-01 14:01:37.358,0.227739,0.627273,0.664704,1088.363678,0.057339,0.021213,0.026082,1,1.0,19
1900-01-01 14:01:40.010,0.227151,0.625859,0.662749,1087.669127,0.057229,0.021433,0.026106,1,1.0,19
1900-01-01 14:01:42.657,0.227498,0.626953,0.663511,1086.944664,0.057327,0.022035,0.026858,1,1.0,19
1900-01-01 14:01:45.306,0.227503,0.626435,0.663725,1088.616649,0.057052,0.021704,0.026777,1,1.0,19
1900-01-01 14:01:48.009,0.227295,0.626999,0.66427,1089.273603,0.057703,0.022086,0.025369,1,1.0,19
1900-01-01 14:01:50.708,0.227545,0.625883,0.663286,1088.514023,0.058131,0.022572,0.02603,1,1.0,19
1900-01-01 14:01:53.356,0.227412,0.626002,0.66312,1086.953032,0.057341,0.022007,0.026041,1,1.0,19
1900-01-01 14:01:56.006,0.226739,0.626093,0.66348,1088.914385,0.056882,0.021391,0.025208,1,1.0,19
1900-01-01 14:01:58.708,0.227117,0.627308,0.663872,1088.271653,0.05781,0.021534,0.027291,1,1.0,19
1900-01-01 14:02:01.407,0.227171,0.626496,0.663429,1088.721901,0.056919,0.022431,0.026243,1,1.0,19
1900-01-01 14:02:04.055,0.227071,0.627501,0.664518,1089.374535,0.058792,0.021528,0.026927,1,1.0,19
1900-01-01 14:02:06.758,0.227077,0.626547,0.663699,1089.12185,0.057415,0.021593,0.026806,1,1.0,19
1900-01-01 14:02:09.457,0.226473,0.625739,0.663265,1088.837195,0.057234,0.021787,0.025654,1,1.0,19
1900-01-01 14:02:12.158,0.226597,0.626868,0.663813,1089.098327,0.056491,0.021025,0.026079,1,1.0,19
1900-01-01 14:02:14.804,0.226392,0.626228,0.663259,1088.204976,0.057332,0.021479,0.026452,1,1.0,19
1900-01-01 14:02:17.454,0.22597,0.62716,0.664649,1089.280894,0.056769,0.02127,0.026121,1,1.0,19
1900-01-01 14:02:20.156,0.225875,0.627222,0.664212,1089.815918,0.057846,0.02139,0.025368,1,1.0,19
1900-01-01 14:02:22.804,0.22554,0.62732,0.664168,1089.338924,0.057338,0.021615,0.025337,1,1.0,19
1900-01-01 14:02:25.454,0.225443,0.627359,0.664604,1089.279115,0.057472,0.021929,0.025934,1,1.0,19
1900-01-01 14:02:28.055,0.224811,0.627582,0.664728,1089.347958,0.057917,0.021669,0.025716,1,1.0,19
1900-01-01 14:02:30.703,0.224739,0.627265,0.664248,1089.73776,0.057966,0.021666,0.026246,1,1.0,19
1900-01-01 14:02:33.353,0.225124,0.627654,0.664722,1089.971213,0.057047,0.02238,0.026827,1,1.0,19
1900-01-01 14:02:36.055,0.225314,0.626161,0.663178,1088.636344,0.056395,0.02223,0.026173,1,1.0,19
1900-01-01 14:02:38.754,0.22467,0.626684,0.664222,1089.125429,0.057759,0.022066,0.026702,1,1.0,19
1900-01-01 14:02:41.455,0.225209,0.62688,0.663591,1090.248664,0.057808,0.021904,0.026992,1,1.0,19
1900-01-01 14:02:44.151,0.225122,0.626073,0.663166,1087.751364,0.057448,0.022029,0.026478,1,1.0,19
1900-01-01 14:02:46.806,0.22494,0.626411,0.66365,1088.430312,0.05693,0.021186,0.025501,1,1.0,19
1900-01-01 14:02:49.505,0.225224,0.62855,0.665529,1089.731593,0.056928,0.021426,0.026533,1,1.0,19
1900-01-01 14:02:52.153,0.225457,0.628772,0.665372,1090.437503,0.057729,0.021658,0.025697,1,1.0,19
1900-01-01 14:02:54.855,0.224978,0.627667,0.664694,1090.608118,0.056652,0.022663,0.027764,1,1.0,19
1900-01-01 14:02:57.554,0.224226,0.626099,0.663327,1089.390953,0.057207,0.021188,0.025381,1,1.0,19
1900-01-01 14:03:00.201,0.223886,0.626487,0.663553,1088.583358,0.057289,0.02185,0.02665,1,1.0,19
1900-01-01 14:03:02.855,0.223809,0.62625,0.663444,1088.292839,0.056988,0.021763,0.025777,1,1.0,19
1900-01-01 14:03:05.502,0.223535,0.626057,0.662827,1089.087435,0.057006,0.02219,0.026565,1,1.0,19
1900-01-01 14:03:08.151,0.223159,0.626288,0.663437,1087.938528,0.057081,0.021457,0.025278,1,1.0,19
1900-01-01 14:03:10.801,0.223343,0.62662,0.66381,1089.343165,0.057037,0.021541,0.025249,1,1.0,19
1900-01-01 14:03:13.450,0.223222,0.627598,0.66444,1089.494112,0.057253,0.021702,0.026501,1,1.0,19
1900-01-01 14:03:16.105,0.222935,0.626729,0.663934,1090.101361,0.0566,0.021121,0.025231,1,1.0,19
1900-01-01 14:03:18.802,0.223393,0.627102,0.664094,1088.967264,0.057924,0.021773,0.027511,1,1.0,19
1900-01-01 14:03:21.550,0.223224,0.627127,0.663837,1089.375271,0.056763,0.022275,0.027469,1,1.0,19
1900-01-01 14:03:24.252,0.222743,0.626288,0.66328,1089.648405,0.056911,0.022032,0.026422,1,1.0,19
1900-01-01 14:03:26.900,0.223147,0.62576,0.662905,1089.038017,0.056486,0.021734,0.025669,1,1.0,19
1900-01-01 14:03:29.550,0.223662,0.627444,0.664666,1089.328932,0.056442,0.021588,0.025485,1,1.0,19
1900-01-01 14:03:32.252,0.223272,0.62704,0.663647,1089.826388,0.056799,0.021785,0.026331,1,1.0,19
1900-01-01 14:03:34.999,0.222949,0.625427,0.662608,1088.515064,0.057339,0.021696,0.026471,1,1.0,19
1900-01-01 14:03:37.702,0.222528,0.624962,0.662129,1087.475243,0.056313,0.021398,0.026111,1,1.0,19
1900-01-01 14:03:40.402,0.223343,0.626603,0.663594,1088.453546,0.056492,0.022001,0.026267,1,1.0,19
1900-01-01 14:03:43.102,0.223526,0.627321,0.664427,1089.640979,0.057705,0.021181,0.02552,1,1.0,19
1900-01-01 14:03:45.750,0.223622,0.627063,0.664047,1089.570392,0.057228,0.021861,0.025076,1,1.0,19
1900-01-01 14:03:48.399,0.223167,0.626825,0.663632,1089.225356,0.056829,0.022012,0.025844,1,1.0,19
1900-01-01 14:03:51.100,0.223711,0.627107,0.66418,1089.777357,0.058017,0.022101,0.026713,1,1.0,19
1900-01-01 14:03:53.849,0.222854,0.62657,0.663678,1089.907267,0.056371,0.021641,0.026028,1,1.0,19
1900-01-01 14:03:56.498,0.222907,0.625555,0.663028,1088.83201,0.057039,0.022437,0.026247,1,1.0,19
1900-01-01 14:03:59.249,0.223181,0.626151,0.663193,1087.518401,0.057473,0.022267,0.025616,1,1.0,19
1900-01-01 14:04:01.951,0.223359,0.627619,0.665143,1089.26452,0.057482,0.02171,0.025742,1,1.0,19
1900-01-01 14:04:04.698,0.222861,0.626242,0.663294,1089.150113,0.05714,0.021767,0.027097,1,1.0,19
1900-01-01 14:04:07.401,0.22286,0.627087,0.66422,1088.942189,0.057001,0.021448,0.025424,1,1.0,19
1900-01-01 14:04:10.100,0.223012,0.626858,0.663524,1089.226747,0.05769,0.022373,0.02602,1,1.0,19
1900-01-01 14:04:12.799,0.223569,0.627202,0.664144,1087.928821,0.057561,0.021463,0.026422,1,1.0,19
1900-01-01 14:04:15.500,0.222447,0.626085,0.66318,1088.435007,0.05704,0.021379,0.025708,1,1.0,19
1900-01-01 14:04:18.199,0.223022,0.627824,0.664927,1089.799721,0.057693,0.021425,0.026101,1,1.0,19
1900-01-01 14:04:20.850,0.222634,0.626089,0.662848,1088.486267,0.057587,0.021179,0.025354,1,1.0,19
1900-01-01 14:04:23.548,0.223137,0.626265,0.663404,1089.624805,0.058183,0.021529,0.026065,1,1.0,19
1900-01-01 14:04:26.249,0.222955,0.62626,0.663149,1088.48912,0.056202,0.021684,0.026069,1,1.0,19
1900-01-01 14:04:28.948,0.223469,0.626093,0.662765,1088.40397,0.056618,0.022094,0.027492,1,1.0,19
1900-01-01 14:04:31.596,0.223589,0.626202,0.66329,1088.375665,0.057453,0.022018,0.027305,1,1.0,19
1900-01-01 14:04:34.246,0.223389,0.626992,0.664153,1089.373411,0.057454,0.021811,0.026697,1,1.0,19
1900-01-01 14:04:36.948,0.223544,0.627281,0.664545,1089.985177,0.05741,0.022313,0.02642,1,1.0,19
1900-01-01 14:04:39.697,0.223626,0.627267,0.664306,1089.812937,0.057164,0.021996,0.025976,1,1.0,19
1900-01-01 14:04:42.446,0.223492,0.626039,0.663344,1089.415034,0.057146,0.021445,0.026103,1,1.0,19
1900-01-01 14:04:45.146,0.223265,0.62677,0.663964,1089.78417,0.056587,0.021302,0.025138,1,1.0,19
1900-01-01 14:04:47.794,0.223188,0.626741,0.664518,1089.728858,0.05728,0.022495,0.026705,1,1.0,19
1900-01-01 14:04:50.444,0.222826,0.625847,0.663408,1089.887592,0.057912,0.022162,0.02539,1,1.0,19
1900-01-01 14:04:53.094,0.223363,0.626729,0.664011,1089.48372,0.05697,0.021574,0.025391,1,1.0,19
1900-01-01 14:04:55.844,0.223345,0.627752,0.664782,1089.754801,0.057533,0.021537,0.026363,1,1.0,19
1900-01-01 14:04:58.494,0.223145,0.626233,0.663484,1089.869801,0.056795,0.021695,0.02632,1,1.0,19
1900-01-01 14:05:01.196,0.22334,0.626806,0.664099,1089.439013,0.057105,0.021523,0.026685,1,1.0,19
1900-01-01 14:05:03.844,0.223242,0.626214,0.663321,1088.895576,0.057111,0.021359,0.026183,1,1.0,19
1900-01-01 14:05:06.546,0.223973,0.627749,0.664905,1089.719947,0.0574,0.021332,0.02613,1,1.0,19
1900-01-01 14:05:09.246,0.222978,0.62614,0.663178,1090.344708,0.056389,0.021077,0.026166,1,1.0,19
1900-01-01 14:05:11.897,0.223147,0.626557,0.663728,1089.491121,0.057443,0.021608,0.025028,1,1.0,19
1900-01-01 14:05:14.543,0.222507,0.625004,0.662325,1089.309731,0.057165,0.022078,0.026749,1,1.0,19
1900-01-01 14:05:17.246,0.223377,0.626533,0.663577,1089.07301,0.057788,0.02144,0.026609,1,1.0,19
1900-01-01 14:05:19.945,0.223477,0.627768,0.664433,1090.182286,0.0569,0.021621,0.026474,1,1.0,19
1900-01-01 14:05:22.644,0.223565,0.627309,0.664501,1090.908985,0.056796,0.021547,0.026021,1,1.0,19
1900-01-01 14:05:25.345,0.223538,0.627447,0.664527,1090.461624,0.057399,0.021713,0.025664,1,1.0,19
1900-01-01 14:05:28.044,0.223746,0.627525,0.664583,1090.935188,0.058211,0.021971,0.02623,1,1.0,19
1900-01-01 14:05:30.742,0.223107,0.625421,0.662917,1090.259155,0.056656,0.021775,0.025823,1,1.0,19
1900-01-01 14:05:33.444,0.223598,0.626896,0.664038,1090.077658,0.056643,0.021818,0.026192,1,1.0,19
1900-01-01 14:05:36.145,0.223479,0.627127,0.663673,1090.295794,0.057424,0.022997,0.028069,1,1.0,19
1900-01-01 14:05:38.844,0.223843,0.627595,0.664855,1091.130838,0.05709,0.022117,0.02536,1,1.0,19
1900-01-01 14:05:41.543,0.22379,0.626801,0.663783,1089.801468,0.057515,0.021786,0.02529,1,1.0,19
1900-01-01 14:05:44.244,0.223892,0.625807,0.662874,1089.653421,0.056915,0.022191,0.025662,1,1.0,19
1900-01-01 14:05:46.943,0.223061,0.62472,0.661764,1089.30885,0.057314,0.022262,0.026488,1,1.0,19
1900-01-01 14:05:49.642,0.223611,0.626698,0.664116,1089.98489,0.056752,0.021397,0.025849,1,1.0,19
1900-01-01 14:05:52.343,0.223324,0.627747,0.664813,1091.625925,0.055815,0.020921,0.025893,1,1.0,19
1900-01-01 14:05:55.044,0.223703,0.627879,0.664955,1091.522936,0.058141,0.022265,0.026876,1,1.0,19
1900-01-01 14:05:57.791,0.223287,0.626158,0.663732,1090.753182,0.057424,0.022367,0.026435,1,1.0,19
1900-01-01 14:06:00.494,0.223942,0.627809,0.664481,1091.082429,0.05672,0.021957,0.026009,1,1.0,19
1900-01-01 14:06:03.140,0.222827,0.626038,0.663364,1091.146831,0.057761,0.021835,0.02646,1,1.0,19
1900-01-01 14:06:05.890,0.223576,0.6272,0.664077,1091.00294,0.057362,0.021968,0.024938,1,1.0,19
1900-01-01 14:06:08.540,0.223355,0.627046,0.663498,1091.679219,0.056964,0.022005,0.026805,1,1.0,19
1900-01-01 14:06:11.242,0.223233,0.627016,0.664079,1090.112557,0.057406,0.021583,0.025331,1,1.0,19
1900-01-01 14:06:13.942,0.223542,0.62673,0.66358,1091.15321,0.057639,0.021479,0.025856,1,1.0,19
1900-01-01 14:06:16.590,0.223591,0.627088,0.664626,1091.463081,0.056852,0.021566,0.02528,1,1.0,19
1900-01-01 14:06:19.292,0.223516,0.626445,0.663355,1090.599393,0.056435,0.021574,0.026153,1,1.0,19
1900-01-01 14:06:21.991,0.224203,0.627138,0.664297,1090.430342,0.056657,0.022033,0.026055,1,1.0,19
1900-01-01 14:06:24.690,0.223588,0.62711,0.664297,1091.336969,0.057062,0.021737,0.025657,1,1.0,19
1900-01-01 14:06:27.391,0.223384,0.626159,0.663421,1090.959114,0.057057,0.020971,0.024797,1,1.0,19
1900-01-01 14:06:30.090,0.223442,0.627017,0.664082,1091.667128,0.05705,0.021694,0.026137,1,1.0,19
1900-01-01 14:06:32.791,0.223466,0.626899,0.664391,1090.590797,0.056849,0.021554,0.026865,1,1.0,19
1900-01-01 14:06:35.490,0.223962,0.628013,0.664705,1092.02349,0.056145,0.021987,0.026212,1,1.0,19
1900-01-01 14:06:38.191,0.223384,0.626689,0.663544,1091.337905,0.056783,0.021418,0.026343,1,1.0,19
1900-01-01 14:06:40.890,0.223915,0.62664,0.663647,1091.646165,0.057207,0.022062,0.025082,1,1.0,19
1900-01-01 14:06:43.638,0.223897,0.626737,0.664325,1091.307175,0.057814,0.021221,0.025402,1,1.0,19
1900-01-01 14:06:46.340,0.223513,0.625096,0.662699,1090.864623,0.058109,0.021403,0.025991,1,1.0,19
1900-01-01 14:06:49.041,0.223709,0.627232,0.664367,1091.38329,0.05765,0.021658,0.025712,1,1.0,19
1900-01-01 14:06:51.788,0.223937,0.626616,0.663351,1091.276668,0.057101,0.022411,0.026055,1,1.0,19
1900-01-01 14:06:54.489,0.223775,0.626501,0.664251,1091.337905,0.058327,0.021927,0.025213,1,1.0,19
1900-01-01 14:06:57.190,0.223264,0.625708,0.663421,1090.121236,0.058043,0.022158,0.026628,1,1.0,19
1900-01-01 14:06:59.889,0.224111,0.627682,0.664559,1091.106382,0.05775,0.022035,0.026903,1,1.0,19
1900-01-01 14:07:02.590,0.223114,0.626479,0.663775,1090.728698,0.058058,0.021944,0.026696,1,1.0,19
1900-01-01 14:07:05.289,0.223473,0.627015,0.663861,1091.067951,0.056755,0.022096,0.02685,1,1.0,19
1900-01-01 14:07:07.985,0.223578,0.627086,0.664045,1090.421806,0.057583,0.022104,0.026254,1,1.0,19
1900-01-01 14:07:10.687,0.223439,0.626566,0.663511,1091.749304,0.05685,0.021593,0.025667,1,1.0,19
1900-01-01 14:07:13.335,0.223482,0.627544,0.664446,1090.729508,0.056625,0.02123,0.025048,1,1.0,19
1900-01-01 14:07:16.038,0.223831,0.627658,0.664301,1091.617925,0.057506,0.022196,0.026651,1,1.0,19
1900-01-01 14:07:18.838,0.223397,0.626524,0.663926,1090.938861,0.057008,0.021711,0.026077,1,1.0,19
1900-01-01 14:07:21.484,0.223569,0.627393,0.66461,1091.7295,0.057839,0.021722,0.026353,1,1.0,19
1900-01-01 14:07:24.186,0.223227,0.625876,0.663263,1091.135088,0.057428,0.021515,0.025321,1,1.0,19
1900-01-01 14:07:26.887,0.223423,0.626827,0.663986,1091.302993,0.056608,0.021717,0.026062,1,1.0,19
1900-01-01 14:07:29.586,0.223857,0.626671,0.663575,1091.296791,0.057865,0.021873,0.026687,1,1.0,19
1900-01-01 14:07:32.287,0.223373,0.626857,0.664,1091.798738,0.057279,0.021327,0.02657,1,1.0,19
1900-01-01 14:07:34.986,0.223598,0.626607,0.663895,1090.832123,0.057115,0.02205,0.026358,1,1.0,19
1900-01-01 14:07:37.735,0.223822,0.628073,0.665249,1092.130036,0.057015,0.021921,0.02586,1,1.0,19
1900-01-01 14:07:40.486,0.224465,0.627432,0.664929,1092.939317,0.057363,0.022332,0.026143,1,1.0,19
1900-01-01 14:07:43.287,0.223512,0.626112,0.663363,1092.162342,0.056382,0.021678,0.025666,1,1.0,19
1900-01-01 14:07:46.034,0.223933,0.626486,0.663612,1092.09365,0.056914,0.021739,0.026107,1,1.0,19
1900-01-01 14:07:48.737,0.223998,0.6271,0.664325,1091.944107,0.055727,0.021984,0.026369,1,1.0,19
1900-01-01 14:07:51.482,0.224119,0.627352,0.664248,1094.120047,0.057788,0.021945,0.026807,1,1.0,19
1900-01-01 14:07:54.185,0.224111,0.626061,0.662836,1091.424309,0.056919,0.021666,0.026285,1,1.0,19
1900-01-01 14:07:56.934,0.223839,0.626877,0.663578,1092.253523,0.056674,0.021359,0.026094,1,1.0,19
1900-01-01 14:07:59.634,0.224098,0.626732,0.664036,1091.565319,0.057588,0.020861,0.026424,1,1.0,19
1900-01-01 14:08:02.335,0.224086,0.626544,0.663659,1092.830375,0.057567,0.021938,0.026565,1,1.0,19
1900-01-01 14:08:05.084,0.224302,0.626075,0.662645,1090.625894,0.056361,0.021477,0.025818,1,1.0,19
1900-01-01 14:08:07.785,0.224273,0.626829,0.663785,1092.098977,0.057403,0.021512,0.026422,1,1.0,19
1900-01-01 14:08:10.532,0.223738,0.625621,0.662572,1092.354535,0.05773,0.021829,0.026512,1,1.0,19
1900-01-01 14:08:13.282,0.223859,0.625262,0.662593,1090.972079,0.057608,0.022102,0.026284,1,1.0,19
1900-01-01 14:08:15.985,0.223932,0.626995,0.663842,1091.494081,0.05734,0.022354,0.02679,1,1.0,19
1900-01-01 14:08:18.732,0.223872,0.627429,0.664692,1092.890036,0.056914,0.02153,0.026432,1,1.0,19
1900-01-01 14:08:21.481,0.223532,0.626772,0.664035,1092.70631,0.057603,0.021306,0.025888,1,1.0,19
1900-01-01 14:08:24.183,0.224166,0.626783,0.663685,1092.555463,0.057173,0.022514,0.026548,1,1.0,19
1900-01-01 14:08:26.882,0.223658,0.625362,0.662649,1091.340463,0.056704,0.021751,0.026283,1,1.0,19
1900-01-01 14:08:29.631,0.224493,0.62792,0.665285,1092.20207,0.057105,0.021644,0.025403,1,1.0,19
1900-01-01 14:08:32.382,0.224078,0.626531,0.66352,1092.845055,0.057044,0.021727,0.026434,1,1.0,19
1900-01-01 14:08:35.082,0.224424,0.627426,0.664328,1092.719574,0.057879,0.021614,0.026211,1,1.0,19
1900-01-01 14:08:37.782,0.224063,0.626347,0.663764,1092.368583,0.057059,0.021863,0.025664,1,1.0,19
1900-01-01 14:08:40.482,0.224168,0.626656,0.663454,1091.465785,0.057118,0.021534,0.026949,1,1.0,19
1900-01-01 14:08:43.182,0.223335,0.625812,0.663144,1092.049024,0.057275,0.021495,0.025342,1,1.0,19
1900-01-01 14:08:45.930,0.223929,0.626015,0.663687,1092.314305,0.056871,0.021518,0.026301,1,1.0,19
1900-01-01 14:08:48.633,0.223625,0.625688,0.663057,1091.654555,0.056524,0.021981,0.026267,1,1.0,19
1900-01-01 14:08:51.380,0.224174,0.626439,0.663331,1092.016415,0.056585,0.021819,0.026086,1,1.0,19
1900-01-01 14:08:54.082,0.223794,0.626983,0.663719,1092.309427,0.057478,0.021578,0.025662,1,1.0,19
1900-01-01 14:08:56.830,0.223971,0.626628,0.663496,1093.041772,0.057029,0.021709,0.026408,1,1.0,19
1900-01-01 14:08:59.580,0.223832,0.625766,0.663098,1092.024767,0.056944,0.021699,0.025563,1,1.0,19
1900-01-01 14:09:02.329,0.223469,0.626512,0.663367,1092.79035,0.057594,0.021794,0.026602,1,1.0,19
1900-01-01 14:09:05.031,0.22422,0.626822,0.664334,1093.0074,0.057697,0.022209,0.025973,1,1.0,19
1900-01-01 14:09:07.778,0.224103,0.626242,0.663361,1092.3614,0.056729,0.0216,0.026268,1,1.0,19
1900-01-01 14:09:10.481,0.223926,0.62629,0.663339,1092.688918,0.057767,0.021586,0.026863,1,1.0,19
1900-01-01 14:09:13.228,0.222962,0.624929,0.662277,1091.376217,0.057235,0.021786,0.026693,1,1.0,19
1900-01-01 14:09:15.978,0.224128,0.626028,0.66267,1091.815601,0.057929,0.021609,0.026144,1,1.0,19
1900-01-01 14:09:18.729,0.224725,0.627569,0.664732,1092.863907,0.057387,0.022304,0.026406,1,1.0,19
1900-01-01 14:09:21.430,0.224331,0.62736,0.664568,1093.759023,0.057585,0.02211,0.026218,1,1.0,19
1900-01-01 14:09:24.130,0.223487,0.624991,0.662515,1092.153797,0.057672,0.021642,0.025469,1,1.0,19
1900-01-01 14:09:26.830,0.224127,0.626691,0.664311,1092.965792,0.057682,0.021607,0.025891,1,1.0,19
1900-01-01 14:09:29.526,0.223697,0.625987,0.663016,1092.518637,0.056623,0.021653,0.025098,1,1.0,19
1900-01-01 14:09:32.228,0.223524,0.625314,0.662474,1092.469961,0.056814,0.021688,0.026121,1,1.0,19
1900-01-01 14:09:34.977,0.223425,0.626096,0.663661,1091.919079,0.057216,0.022123,0.026086,1,1.0,19
1900-01-01 14:09:37.727,0.224164,0.62755,0.664812,1093.956981,0.057111,0.021774,0.026273,1,1.0,19
1900-01-01 14:09:40.428,0.22407,0.627479,0.664472,1093.837574,0.056835,0.021579,0.026724,1,1.0,19
1900-01-01 14:09:43.230,0.223806,0.626422,0.664295,1093.013082,0.056949,0.021732,0.025873,1,1.0,19
1900-01-01 14:09:45.977,0.223753,0.626196,0.663448,1093.332854,0.056962,0.021406,0.026595,1,1.0,19
1900-01-01 14:09:48.678,0.223474,0.626147,0.663489,1092.89147,0.056734,0.022112,0.026311,1,1.0,19
1900-01-01 14:09:51.378,0.224349,0.627039,0.664165,1093.021671,0.057796,0.021601,0.026224,1,1.0,19
1900-01-01 14:09:54.126,0.224137,0.627068,0.664255,1093.97341,0.057077,0.021778,0.026941,1,1.0,19
1900-01-01 14:09:56.876,0.22391,0.626141,0.663472,1092.691698,0.056486,0.021833,0.025784,1,1.0,19
1900-01-01 14:09:59.577,0.224066,0.627024,0.664251,1093.764259,0.057446,0.022052,0.025876,1,1.0,19
1900-01-01 14:10:02.326,0.22409,0.626027,0.663651,1093.148805,0.057397,0.021876,0.0267,1,1.0,19
1900-01-01 14:10:05.076,0.223981,0.626095,0.663612,1093.104887,0.057807,0.021878,0.026661,1,1.0,19
1900-01-01 14:10:07.878,0.224061,0.625792,0.663397,1092.430883,0.057151,0.021797,0.02517,1,1.0,19
1900-01-01 14:10:10.625,0.224394,0.62659,0.663899,1092.747579,0.05742,0.022399,0.02646,1,1.0,19
1900-01-01 14:10:13.375,0.224639,0.626839,0.66408,1094.154146,0.05707,0.022014,0.02636,1,1.0,19
1900-01-01 14:10:16.078,0.224632,0.627353,0.664423,1093.238368,0.056867,0.022169,0.027415,1,1.0,19
1900-01-01 14:10:18.777,0.224646,0.625755,0.662996,1093.193894,0.057314,0.021318,0.025848,1,1.0,19
1900-01-01 14:10:21.476,0.224732,0.626297,0.66379,1093.253288,0.056904,0.02127,0.025008,1,1.0,19
1900-01-01 14:10:24.225,0.225493,0.62635,0.664266,1093.641039,0.056168,0.022199,0.025441,1,1.0,19
1900-01-01 14:10:26.926,0.224906,0.625918,0.663962,1093.55479,0.056568,0.021921,0.025179,1,1.0,19
1900-01-01 14:10:29.626,0.225045,0.62561,0.662818,1092.625278,0.057781,0.022243,0.025684,1,1.0,19
1900-01-01 14:10:32.374,0.22476,0.625929,0.663757,1092.398376,0.056915,0.02148,0.025943,1,1.0,19
1900-01-01 14:10:35.074,0.225307,0.625452,0.66324,1092.267302,0.057515,0.021898,0.0257,1,1.0,19
1900-01-01 14:10:37.775,0.224644,0.62548,0.662935,1092.483004,0.05705,0.021892,0.026177,1,1.0,19
1900-01-01 14:10:40.522,0.225537,0.626681,0.663993,1093.240171,0.057161,0.021804,0.025986,1,1.0,19
1900-01-01 14:10:43.273,0.22499,0.626697,0.664355,1094.07046,0.057451,0.021483,0.026114,1,1.0,19
1900-01-01 14:10:45.975,0.22475,0.625252,0.662678,1092.808478,0.057534,0.021773,0.027016,1,1.0,19
1900-01-01 14:10:48.674,0.225061,0.626075,0.663946,1093.197388,0.056829,0.021133,0.025126,1,1.0,19
1900-01-01 14:10:51.422,0.225183,0.626888,0.664101,1094.313123,0.057146,0.021169,0.02476,1,1.0,19
1900-01-01 14:10:54.172,0.224781,0.626257,0.663632,1093.533506,0.057687,0.021709,0.026733,1,1.0,19
1900-01-01 14:10:56.922,0.225562,0.627336,0.664331,1094.23987,0.056964,0.022595,0.026086,1,1.0,19
1900-01-01 14:10:59.673,0.225101,0.626664,0.66347,1093.384919,0.057202,0.021906,0.02673,1,1.0,19
1900-01-01 14:11:02.422,0.225008,0.626719,0.664213,1093.888013,0.0574,0.021958,0.026333,1,1.0,19
1900-01-01 14:11:05.124,0.225289,0.626591,0.663341,1093.867652,0.055756,0.0215,0.025887,1,1.0,19
1900-01-01 14:11:07.871,0.225256,0.626419,0.66311,1093.159502,0.055761,0.021762,0.025914,1,1.0,19
1900-01-01 14:11:10.574,0.225389,0.627374,0.664444,1093.758166,0.056954,0.021641,0.025518,1,1.0,19
1900-01-01 14:11:13.273,0.225374,0.626947,0.664059,1094.456883,0.057607,0.021846,0.026145,1,1.0,19
1900-01-01 14:11:16.020,0.224879,0.626429,0.663732,1093.571426,0.056728,0.021721,0.025925,1,1.0,19
1900-01-01 14:11:18.722,0.225285,0.626939,0.664147,1093.935705,0.057078,0.021423,0.025429,1,1.0,19
1900-01-01 14:11:21.471,0.225511,0.626608,0.663949,1093.31517,0.057026,0.022,0.026545,1,1.0,19
1900-01-01 14:11:24.220,0.22515,0.626854,0.664112,1094.618646,0.057137,0.022038,0.026995,1,1.0,19
1900-01-01 14:11:27.023,0.22507,0.626611,0.66407,1094.233268,0.057181,0.021754,0.026173,1,1.0,19
1900-01-01 14:11:29.818,0.224715,0.62527,0.662648,1092.901938,0.057705,0.022096,0.026013,1,1.0,19
1900-01-01 14:11:32.569,0.2255,0.626231,0.66347,1093.717406,0.056184,0.021954,0.026073,1,1.0,19
1900-01-01 14:11:35.372,0.22529,0.625598,0.663038,1093.217305,0.05751,0.022052,0.026372,1,1.0,19
1900-01-01 14:11:38.119,0.225447,0.625846,0.663638,1093.059954,0.057655,0.022005,0.026761,1,1.0,19
1900-01-01 14:11:40.822,0.225389,0.626772,0.664182,1093.75991,0.057642,0.021729,0.025804,1,1.0,19
1900-01-01 14:11:43.622,0.225042,0.625835,0.66306,1093.476438,0.057924,0.021281,0.0254,1,1.0,19
1900-01-01 14:11:46.470,0.225835,0.62644,0.664023,1093.99309,0.058183,0.021903,0.02618,1,1.0,19
1900-01-01 14:11:49.218,0.225416,0.626735,0.664519,1094.481264,0.058241,0.022105,0.025889,1,1.0,19
1900-01-01 14:11:51.969,0.225149,0.626105,0.663557,1094.082457,0.0574,0.02209,0.0255,1,1.0,19
1900-01-01 14:11:54.767,0.225258,0.625642,0.663467,1093.630405,0.057117,0.021834,0.026281,1,1.0,19
1900-01-01 14:11:57.570,0.225591,0.626954,0.664582,1094.638644,0.056957,0.022256,0.02603,1,1.0,19
1900-01-01 14:12:00.370,0.224989,0.624148,0.661842,1092.555367,0.05743,0.021658,0.026663,1,1.0,19
1900-01-01 14:12:03.118,0.225186,0.625108,0.662934,1092.151311,0.057458,0.022314,0.025984,1,1.0,19
1900-01-01 14:12:05.868,0.225271,0.625667,0.663198,1092.605974,0.057938,0.021595,0.026307,1,1.0,19
1900-01-01 14:12:08.666,0.225397,0.626657,0.66396,1094.336447,0.056623,0.022134,0.026511,1,1.0,19
1900-01-01 14:12:11.470,0.225338,0.62681,0.66358,1094.152817,0.057074,0.022252,0.026493,1,1.0,19
1900-01-01 14:12:14.217,0.22543,0.626819,0.664398,1094.592653,0.056629,0.021745,0.02645,1,1.0,19
1900-01-01 14:12:17.020,0.225438,0.626271,0.663824,1094.024693,0.05697,0.021343,0.025953,1,1.0,19
1900-01-01 14:12:19.767,0.225219,0.626486,0.663846,1094.280278,0.056235,0.021578,0.025605,1,1.0,19
1900-01-01 14:12:22.569,0.225187,0.626097,0.663338,1093.440477,0.056799,0.021287,0.025648,1,1.0,19
1900-01-01 14:12:25.369,0.225612,0.62706,0.664178,1094.490122,0.057012,0.021252,0.025721,1,1.0,19
1900-01-01 14:12:28.118,0.225463,0.625743,0.663267,1093.970338,0.057612,0.021836,0.025666,1,1.0,19
1900-01-01 14:12:30.866,0.225234,0.627756,0.664703,1094.771221,0.056272,0.021016,0.025819,1,1.0,19
1900-01-01 14:12:33.615,0.225608,0.62644,0.663678,1094.754138,0.056948,0.021621,0.025866,1,1.0,19
1900-01-01 14:12:36.366,0.225584,0.627071,0.664245,1094.603468,0.056486,0.021541,0.026321,1,1.0,19
1900-01-01 14:12:39.116,0.225327,0.62653,0.663699,1094.826221,0.056947,0.021259,0.026128,1,1.0,19
1900-01-01 14:12:41.865,0.225365,0.626566,0.663781,1094.17272,0.057696,0.022218,0.026107,1,1.0,19
1900-01-01 14:12:44.668,0.225235,0.624991,0.662317,1093.341778,0.057846,0.021245,0.026964,1,1.0,19
1900-01-01 14:12:47.516,0.225575,0.626427,0.663491,1093.569287,0.056982,0.02204,0.026345,1,1.0,19
1900-01-01 14:12:50.366,0.225826,0.627499,0.66468,1094.70347,0.057976,0.021319,0.026028,1,1.0,19
1900-01-01 14:12:53.167,0.225639,0.627214,0.66416,1095.707285,0.057723,0.022567,0.026538,1,1.0,19
1900-01-01 14:12:56.015,0.225695,0.627554,0.664613,1094.920159,0.05682,0.022139,0.026446,1,1.0,19
1900-01-01 14:12:58.817,0.225393,0.625918,0.663272,1093.940227,0.057431,0.022072,0.025945,1,1.0,19
1900-01-01 14:13:01.665,0.225409,0.626647,0.663987,1095.208213,0.057221,0.021564,0.025815,1,1.0,19
1900-01-01 14:13:04.415,0.225604,0.626983,0.663642,1095.076534,0.057767,0.021811,0.026464,1,1.0,19
1900-01-01 14:13:07.164,0.225726,0.626658,0.663905,1094.622076,0.057681,0.022123,0.026431,1,1.0,19
1900-01-01 14:13:09.914,0.225989,0.626544,0.663863,1095.0251,0.057149,0.02236,0.026707,1,1.0,19
1900-01-01 14:13:12.663,0.225402,0.626184,0.66313,1095.402446,0.057295,0.022005,0.026325,1,1.0,19
1900-01-01 14:13:15.462,0.225828,0.627585,0.66489,1095.305234,0.057577,0.021606,0.025885,1,1.0,19
1900-01-01 14:13:18.212,0.225714,0.626185,0.663419,1095.558302,0.057936,0.022049,0.026529,1,1.0,19
1900-01-01 14:13:21.015,0.225739,0.626675,0.663998,1095.292965,0.057138,0.022167,0.02587,1,1.0,19
1900-01-01 14:13:23.815,0.225964,0.627707,0.665278,1096.438348,0.058055,0.021862,0.025956,1,1.0,19
1900-01-01 14:13:26.562,0.225818,0.626561,0.66407,1095.725443,0.057692,0.021437,0.026241,1,1.0,19
1900-01-01 14:13:29.313,0.225443,0.626668,0.663928,1095.345566,0.057967,0.021109,0.025712,1,1.0,19
1900-01-01 14:13:32.114,0.225607,0.626279,0.66372,1095.372317,0.057996,0.021787,0.025609,1,1.0,19
1900-01-01 14:13:34.914,0.225694,0.626555,0.664031,1095.032325,0.057779,0.021759,0.025579,1,1.0,19
1900-01-01 14:13:37.662,0.226058,0.62664,0.664359,1094.525873,0.057284,0.021655,0.026228,1,1.0,19
1900-01-01 14:13:40.465,0.225374,0.625486,0.663451,1095.782444,0.058274,0.021634,0.02621,1,1.0,19
1900-01-01 14:13:43.212,0.22593,0.62705,0.664294,1095.533212,0.057538,0.021642,0.025041,1,1.0,19
1900-01-01 14:13:46.010,0.225943,0.627363,0.664817,1095.906926,0.057302,0.021808,0.026328,1,1.0,19
1900-01-01 14:13:48.761,0.225895,0.627178,0.664559,1096.336173,0.057148,0.022272,0.025988,1,1.0,19
1900-01-01 14:13:51.564,0.22541,0.62554,0.662808,1095.210544,0.057339,0.022397,0.0262,1,1.0,19
1900-01-01 14:13:54.359,0.225303,0.625119,0.662066,1094.163718,0.057601,0.02244,0.026798,1,1.0,19
1900-01-01 14:13:57.114,0.225827,0.625912,0.663009,1094.005005,0.056956,0.021963,0.026299,1,1.0,19
1900-01-01 14:13:59.913,0.225348,0.625767,0.663235,1094.745993,0.057132,0.021556,0.02583,1,1.0,19
1900-01-01 14:14:02.713,0.225983,0.627155,0.664605,1095.515593,0.057993,0.02186,0.025658,1,1.0,19
1900-01-01 14:14:05.513,0.225743,0.62667,0.663906,1095.651986,0.056812,0.022592,0.027005,1,1.0,19
1900-01-01 14:14:08.313,0.225674,0.626347,0.66411,1094.932977,0.057711,0.021572,0.026076,1,1.0,19
1900-01-01 14:14:11.161,0.225704,0.626643,0.664326,1095.99291,0.056853,0.021727,0.025409,1,1.0,19
1900-01-01 14:14:14.010,0.225733,0.626329,0.663882,1094.973129,0.058052,0.021597,0.026302,1,1.0,19
1900-01-01 14:14:16.812,0.2261,0.6271,0.664236,1095.806295,0.056678,0.022161,0.026028,1,1.0,19
1900-01-01 14:14:19.612,0.225342,0.626238,0.663237,1095.488651,0.05739,0.021791,0.026949,1,1.0,19
1900-01-01 14:14:22.412,0.22624,0.62696,0.664126,1095.022222,0.057571,0.022569,0.02735,1,1.0,19
1900-01-01 14:14:25.212,0.225691,0.626079,0.663443,1095.756385,0.05719,0.021546,0.025375,1,1.0,19
1900-01-01 14:14:28.007,0.225572,0.626859,0.663917,1095.089811,0.057381,0.021591,0.027551,1,1.0,19
1900-01-01 14:14:30.810,0.225329,0.625351,0.663048,1095.466217,0.05743,0.022707,0.026239,1,1.0,19
1900-01-01 14:14:33.607,0.225233,0.625283,0.662789,1094.418822,0.056566,0.021832,0.025759,1,1.0,19
1900-01-01 14:14:36.410,0.225837,0.626475,0.663795,1094.655465,0.057432,0.021911,0.026607,1,1.0,19
1900-01-01 14:14:39.210,0.225572,0.626147,0.663525,1095.525696,0.056697,0.021947,0.026,1,1.0,19
1900-01-01 14:14:42.010,0.226216,0.627583,0.664543,1095.342155,0.05691,0.021993,0.026087,1,1.0,19
1900-01-01 14:14:44.810,0.226135,0.627371,0.664464,1096.749862,0.056642,0.021538,0.026517,1,1.0,19
1900-01-01 14:14:47.610,0.225625,0.626713,0.664221,1095.862468,0.057269,0.021196,0.025672,1,1.0,19
1900-01-01 14:14:50.409,0.225986,0.627547,0.664758,1096.246848,0.057212,0.022275,0.025816,1,1.0,19
1900-01-01 14:14:53.258,0.226068,0.626314,0.663502,1095.87174,0.057308,0.021791,0.026202,1,1.0,19
1900-01-01 14:14:56.108,0.225574,0.625909,0.663293,1095.062457,0.057019,0.021585,0.026127,1,1.0,19
1900-01-01 14:14:58.910,0.225611,0.625725,0.663062,1094.924582,0.057565,0.02186,0.025403,1,1.0,19
1900-01-01 14:15:01.758,0.225509,0.624768,0.661865,1094.277833,0.056675,0.022275,0.026572,1,1.0,19
1900-01-01 14:15:04.559,0.225825,0.625167,0.662648,1094.172153,0.057624,0.02158,0.026065,1,1.0,19
1900-01-01 14:15:07.407,0.225429,0.625259,0.663113,1095.87206,0.056769,0.021986,0.025663,1,1.0,19
1900-01-01 14:15:10.257,0.225515,0.62524,0.662749,1095.418136,0.05724,0.021897,0.02643,1,1.0,19
1900-01-01 14:15:13.106,0.22497,0.624384,0.661744,1093.718716,0.05726,0.022482,0.027276,1,1.0,19
1900-01-01 14:15:15.905,0.225907,0.626656,0.664003,1095.118259,0.056581,0.021891,0.026108,1,1.0,19
1900-01-01 14:15:18.708,0.225599,0.626465,0.66368,1096.01625,0.057182,0.021969,0.026521,1,1.0,19
1900-01-01 14:15:21.508,0.22579,0.625745,0.663142,1095.131673,0.057371,0.022262,0.026786,1,1.0,19
1900-01-01 14:15:24.308,0.225507,0.62568,0.663506,1095.14346,0.057264,0.021337,0.025658,1,1.0,19
1900-01-01 14:15:27.108,0.225736,0.626345,0.664096,1096.625257,0.056269,0.022117,0.025255,1,1.0,19
1900-01-01 14:15:29.956,0.225381,0.625854,0.663426,1095.959801,0.057038,0.021671,0.026603,1,1.0,19
1900-01-01 14:15:32.758,0.225547,0.625657,0.663249,1095.528656,0.056721,0.022184,0.025267,1,1.0,19
1900-01-01 14:15:35.606,0.225656,0.626018,0.663904,1095.494611,0.057392,0.022104,0.027211,1,1.0,19
1900-01-01 14:15:38.455,0.225628,0.624845,0.662663,1095.239568,0.057219,0.021719,0.025802,1,1.0,19
1900-01-01 14:15:41.305,0.225051,0.623641,0.661459,1093.869693,0.056578,0.021894,0.025849,1,1.0,19
1900-01-01 14:15:44.106,0.225712,0.626436,0.663927,1094.906054,0.056671,0.021765,0.02617,1,1.0,19
1900-01-01 14:15:46.906,0.225829,0.626413,0.663585,1095.897829,0.057073,0.022248,0.025441,1,1.0,19
1900-01-01 14:15:49.706,0.225647,0.625509,0.663053,1095.517277,0.056424,0.02171,0.025531,1,1.0,19
1900-01-01 14:15:52.506,0.225826,0.625824,0.66344,1095.500438,0.057314,0.022039,0.025782,1,1.0,19
1900-01-01 14:15:55.306,0.225312,0.625314,0.662725,1095.884358,0.057644,0.022594,0.026942,1,1.0,19
1900-01-01 14:15:58.102,0.225042,0.624698,0.662337,1094.573766,0.057576,0.02153,0.026155,1,1.0,19
1900-01-01 14:16:00.905,0.225559,0.624956,0.662828,1095.163446,0.05768,0.022205,0.026128,1,1.0,19
1900-01-01 14:16:03.705,0.224971,0.624883,0.662285,1095.524012,0.057875,0.021956,0.026053,1,1.0,19
1900-01-01 14:16:06.553,0.225706,0.626125,0.663626,1095.299264,0.056764,0.021884,0.025594,1,1.0,19
1900-01-01 14:16:09.404,0.225634,0.624941,0.662653,1095.333634,0.05731,0.022883,0.026594,1,1.0,19
1900-01-01 14:16:12.254,0.226101,0.62655,0.664293,1095.720876,0.057085,0.02233,0.026567,1,1.0,19
1900-01-01 14:16:15.103,0.226188,0.626087,0.663489,1095.853536,0.056649,0.022033,0.025601,1,1.0,19
1900-01-01 14:16:17.905,0.225294,0.625147,0.6632,1095.107992,0.057209,0.02131,0.025219,1,1.0,19
1900-01-01 14:16:20.705,0.225531,0.625035,0.662456,1094.912771,0.057304,0.021434,0.026312,1,1.0,19
1900-01-01 14:16:23.505,0.22585,0.62622,0.663991,1096.187453,0.056736,0.02185,0.026167,1,1.0,19
1900-01-01 14:16:26.305,0.226103,0.626004,0.663611,1096.497283,0.057101,0.022181,0.025445,1,1.0,19
1900-01-01 14:16:29.100,0.225581,0.625553,0.663581,1096.17447,0.056474,0.021296,0.025933,1,1.0,19
1900-01-01 14:16:31.951,0.225345,0.625146,0.662844,1095.537044,0.056485,0.021896,0.026382,1,1.0,19
1900-01-01 14:16:34.750,0.225537,0.625934,0.664036,1095.921747,0.057766,0.021729,0.025358,1,1.0,19
1900-01-01 14:16:37.601,0.226115,0.626383,0.663962,1096.929491,0.056816,0.021882,0.026775,1,1.0,19
1900-01-01 14:16:40.450,0.22527,0.625613,0.66325,1095.884979,0.057813,0.021603,0.026428,1,1.0,19
1900-01-01 14:16:43.249,0.226145,0.625229,0.662881,1095.215958,0.05716,0.022074,0.026467,1,1.0,19
1900-01-01 14:16:46.153,0.225728,0.624233,0.662392,1094.807244,0.05657,0.022257,0.025627,1,1.0,19
1900-01-01 14:16:49.001,0.225678,0.625734,0.663236,1095.966423,0.057104,0.021996,0.026672,1,1.0,19
1900-01-01 14:16:51.951,0.224873,0.624711,0.662414,1095.29866,0.057511,0.021834,0.026632,1,1.0,19
1900-01-01 14:16:54.799,0.225691,0.625919,0.663394,1096.105483,0.057029,0.022731,0.027039,1,1.0,19
1900-01-01 14:16:57.602,0.225951,0.626488,0.663841,1095.629376,0.057388,0.022195,0.026315,1,1.0,19
1900-01-01 14:17:00.449,0.224875,0.624773,0.662402,1095.827668,0.056468,0.021755,0.025581,1,1.0,19
1900-01-01 14:17:03.300,0.22538,0.625632,0.662905,1095.583348,0.057087,0.02229,0.026707,1,1.0,19
1900-01-01 14:17:06.198,0.225301,0.625109,0.662876,1095.944148,0.057163,0.021553,0.025883,1,1.0,19
1900-01-01 14:17:09.001,0.225743,0.625744,0.66311,1095.403981,0.057466,0.021944,0.026329,1,1.0,19
1900-01-01 14:17:11.801,0.225582,0.624206,0.662019,1095.123253,0.057282,0.02247,0.026006,1,1.0,19
1900-01-01 14:17:14.697,0.225169,0.625131,0.662759,1095.125923,0.056984,0.021759,0.025658,1,1.0,19
1900-01-01 14:17:17.548,0.22584,0.626118,0.663717,1096.469752,0.056605,0.022278,0.026538,1,1.0,19
1900-01-01 14:17:20.399,0.225719,0.626647,0.664484,1097.845663,0.058619,0.021405,0.025749,1,1.0,19
1900-01-01 14:17:23.249,0.225434,0.624861,0.662207,1095.775469,0.056882,0.021953,0.026421,1,1.0,19
1900-01-01 14:17:26.050,0.22575,0.626159,0.663714,1096.944481,0.057242,0.02179,0.025796,1,1.0,19
1900-01-01 14:17:28.898,0.225129,0.625207,0.66291,1096.539219,0.057108,0.021828,0.026328,1,1.0,19
1900-01-01 14:17:31.796,0.226078,0.625212,0.662778,1095.773321,0.057749,0.022831,0.026379,1,1.0,19
1900-01-01 14:17:34.700,0.226012,0.625935,0.66378,1096.774995,0.056168,0.021456,0.025899,1,1.0,19
1900-01-01 14:17:37.546,0.225556,0.625378,0.662923,1096.639729,0.057029,0.022221,0.026762,1,1.0,19
1900-01-01 14:17:40.345,0.225823,0.626217,0.664312,1096.506256,0.056662,0.021547,0.025307,1,1.0,19
1900-01-01 14:17:43.196,0.225288,0.623982,0.661567,1096.011667,0.056554,0.02181,0.024386,1,1.0,19
1900-01-01 14:17:46.047,0.22566,0.62538,0.663085,1095.631307,0.057126,0.021963,0.025745,1,1.0,19
1900-01-01 14:17:48.897,0.225423,0.62462,0.662049,1096.215517,0.057346,0.021785,0.026049,1,1.0,19
1900-01-01 14:17:51.695,0.225761,0.625164,0.662538,1095.896816,0.057109,0.021798,0.026639,1,1.0,19
1900-01-01 14:17:54.546,0.225249,0.625363,0.663414,1096.428409,0.057227,0.0217,0.026532,1,1.0,19
1900-01-01 14:17:57.348,0.225699,0.625777,0.663377,1096.777189,0.05696,0.021702,0.025667,1,1.0,19
1900-01-01 14:18:00.148,0.225338,0.624609,0.662567,1095.537483,0.057155,0.021909,0.026004,1,1.0,19
1900-01-01 14:18:02.948,0.225979,0.626944,0.664848,1097.746708,0.056413,0.022237,0.026188,1,1.0,19
1900-01-01 14:18:05.844,0.225577,0.62632,0.663882,1098.536671,0.057297,0.021812,0.025818,1,1.0,19
1900-01-01 14:18:08.695,0.225827,0.626346,0.664052,1096.749234,0.057148,0.022044,0.025567,1,1.0,19
1900-01-01 14:18:11.546,0.225359,0.624941,0.662586,1096.474713,0.057485,0.021334,0.025727,1,1.0,19
1900-01-01 14:18:14.396,0.225273,0.625957,0.664048,1096.70685,0.057081,0.02234,0.026219,1,1.0,19
1900-01-01 14:18:17.246,0.22602,0.626788,0.664389,1097.869836,0.055837,0.02232,0.026162,1,1.0,19
1900-01-01 14:18:20.095,0.225655,0.625652,0.663579,1097.177455,0.057342,0.022304,0.026725,1,1.0,19
1900-01-01 14:18:22.945,0.225161,0.624503,0.662133,1096.283344,0.056713,0.02164,0.025403,1,1.0,19
1900-01-01 14:18:25.794,0.225617,0.624668,0.662644,1095.87174,0.056047,0.021904,0.025269,1,1.0,19
1900-01-01 14:18:28.596,0.225624,0.626684,0.664489,1097.522606,0.057224,0.021433,0.025905,1,1.0,19
1900-01-01 14:18:31.396,0.225447,0.624795,0.662587,1096.839107,0.056872,0.021774,0.026388,1,1.0,19
1900-01-01 14:18:34.244,0.22594,0.626026,0.663855,1096.774297,0.05716,0.021676,0.025823,1,1.0,19
1900-01-01 14:18:37.094,0.225756,0.625944,0.663903,1097.165096,0.05681,0.021567,0.026436,1,1.0,19
1900-01-01 14:18:39.895,0.225407,0.625458,0.663412,1097.143105,0.056989,0.021883,0.025737,1,1.0,19
1900-01-01 14:18:42.743,0.225888,0.626132,0.663836,1097.042485,0.057458,0.022139,0.026891,1,1.0,19
1900-01-01 14:18:45.542,0.225155,0.624574,0.66252,1097.621369,0.056939,0.021173,0.025761,1,1.0,19
1900-01-01 14:18:48.393,0.226122,0.625295,0.66323,1096.82696,0.056771,0.022155,0.025989,1,1.0,19
1900-01-01 14:18:51.242,0.225753,0.625652,0.663547,1096.977212,0.057323,0.021933,0.026029,1,1.0,19
1900-01-01 14:18:54.094,0.226071,0.625583,0.66308,1096.406402,0.05634,0.022167,0.026309,1,1.0,19
1900-01-01 14:18:56.994,0.225888,0.625578,0.663529,1096.614921,0.057846,0.021954,0.027173,1,1.0,19
1900-01-01 14:18:59.895,0.225466,0.624251,0.662485,1096.396569,0.056981,0.021903,0.026607,1,1.0,19
1900-01-01 14:19:02.743,0.225564,0.62526,0.663813,1097.213,0.057241,0.021496,0.025597,1,1.0,19
1900-01-01 14:19:05.593,0.225349,0.625579,0.663722,1098.013762,0.05675,0.022115,0.02694,1,1.0,19
1900-01-01 14:19:08.441,0.226016,0.624809,0.662897,1096.587228,0.057206,0.021381,0.026285,1,1.0,19
1900-01-01 14:19:11.292,0.225409,0.625098,0.663043,1096.99068,0.057731,0.022099,0.025753,1,1.0,19
1900-01-01 14:19:14.142,0.225655,0.624835,0.662784,1096.916949,0.057815,0.022236,0.026367,1,1.0,19
1900-01-01 14:19:16.991,0.225453,0.625505,0.664101,1097.438929,0.057197,0.021225,0.02563,1,1.0,19
1900-01-01 14:19:19.889,0.225993,0.624894,0.663266,1096.708799,0.057914,0.02186,0.025775,1,1.0,19
1900-01-01 14:19:22.793,0.225708,0.625034,0.663141,1097.414676,0.057269,0.022093,0.026434,1,1.0,19
1900-01-01 14:19:25.641,0.225411,0.624772,0.662845,1096.466378,0.058175,0.022266,0.026308,1,1.0,19
1900-01-01 14:19:28.490,0.225283,0.62403,0.662196,1096.177896,0.05701,0.021543,0.025578,1,1.0,19
1900-01-01 14:19:31.340,0.225395,0.624045,0.662184,1096.255221,0.057121,0.022205,0.027013,1,1.0,19
1900-01-01 14:19:34.191,0.226409,0.625748,0.663369,1095.924018,0.057308,0.022,0.026524,1,1.0,19
1900-01-01 14:19:37.092,0.225602,0.624271,0.662453,1096.807753,0.056885,0.021896,0.02598,1,1.0,19
1900-01-01 14:19:39.940,0.225844,0.625345,0.663004,1097.418279,0.057606,0.022253,0.02662,1,1.0,19
1900-01-01 14:19:42.742,0.225603,0.625696,0.663649,1097.640392,0.056773,0.021276,0.026115,1,1.0,19
1900-01-01 14:19:45.590,0.226563,0.626037,0.663565,1097.194789,0.056332,0.022087,0.026313,1,1.0,19
1900-01-01 14:19:48.439,0.225965,0.626321,0.664095,1098.069446,0.057088,0.021222,0.025258,1,1.0,19
1900-01-01 14:19:51.241,0.226268,0.62568,0.663367,1097.369484,0.05647,0.022193,0.026187,1,1.0,19
1900-01-01 14:19:54.089,0.225962,0.625065,0.663142,1096.959711,0.056374,0.022166,0.026442,1,1.0,19
1900-01-01 14:19:56.986,0.225787,0.624514,0.662589,1097.500358,0.0567,0.022331,0.025336,1,1.0,19
1900-01-01 14:19:59.838,0.22553,0.624686,0.662694,1097.118913,0.057415,0.021788,0.026313,1,1.0,19
1900-01-01 14:20:02.689,0.225696,0.624282,0.662702,1096.631819,0.057165,0.021391,0.025614,1,1.0,19
1900-01-01 14:20:05.538,0.225429,0.624276,0.662918,1096.907707,0.057816,0.022107,0.026836,1,1.0,19
1900-01-01 14:20:08.388,0.226047,0.62494,0.6628,1096.75648,0.057144,0.021702,0.026922,1,1.0,19
1900-01-01 14:20:11.238,0.225296,0.624772,0.662684,1097.090652,0.057056,0.021466,0.025749,1,1.0,19
1900-01-01 14:20:14.089,0.225831,0.624663,0.662589,1096.739312,0.057596,0.022498,0.026456,1,1.0,19
1900-01-01 14:20:16.990,0.226036,0.625362,0.6636,1098.101441,0.057008,0.021522,0.026459,1,1.0,19
1900-01-01 14:20:19.838,0.225686,0.625343,0.663423,1097.395102,0.057588,0.022222,0.025591,1,1.0,19
1900-01-01 14:20:22.735,0.226169,0.626471,0.664444,1098.913011,0.057519,0.021514,0.026111,1,1.0,19
1900-01-01 14:20:25.639,0.225733,0.624882,0.662664,1098.02351,0.05645,0.021583,0.025298,1,1.0,19
1900-01-01 14:20:28.535,0.226083,0.625035,0.663013,1097.367737,0.057503,0.0216,0.02633,1,1.0,19
1900-01-01 14:20:31.386,0.226282,0.625978,0.664,1097.777859,0.056259,0.021454,0.025432,1,1.0,19
1900-01-01 14:20:34.289,0.22623,0.625784,0.663491,1098.044055,0.056866,0.022224,0.026066,1,1.0,19
1900-01-01 14:20:37.185,0.225133,0.623673,0.661925,1097.213073,0.057767,0.021797,0.025914,1,1.0,19
1900-01-01 14:20:39.988,0.225822,0.623877,0.662484,1096.766447,0.056825,0.02149,0.025465,1,1.0,19
1900-01-01 14:20:42.884,0.226293,0.625491,0.663581,1096.950958,0.057526,0.021994,0.025974,1,1.0,19
1900-01-01 14:20:45.735,0.226013,0.624945,0.662908,1097.402461,0.056375,0.022149,0.024608,1,1.0,19
1900-01-01 14:20:48.638,0.226224,0.626046,0.663862,1098.565397,0.056999,0.021701,0.025959,1,1.0,19
1900-01-01 14:20:51.586,0.225802,0.624696,0.662682,1096.95899,0.057548,0.02214,0.0262,1,1.0,19
1900-01-01 14:20:54.484,0.2261,0.625444,0.663051,1098.765223,0.057715,0.02195,0.026095,1,1.0,19
1900-01-01 14:20:57.335,0.225654,0.624626,0.663011,1096.92453,0.056779,0.021796,0.025958,1,1.0,19
1900-01-01 14:21:00.185,0.225909,0.625412,0.663445,1097.873145,0.057167,0.021178,0.025434,1,1.0,19
1900-01-01 14:21:03.082,0.225812,0.624354,0.662662,1097.560575,0.057322,0.021855,0.026271,1,1.0,19
1900-01-01 14:21:05.986,0.225251,0.624617,0.663217,1097.68094,0.056338,0.021737,0.025744,1,1.0,19
1900-01-01 14:21:08.834,0.226451,0.625222,0.663074,1098.014252,0.05812,0.022585,0.027236,1,1.0,19
1900-01-01 14:21:11.737,0.22623,0.625572,0.663194,1098.013197,0.056805,0.022219,0.026951,1,1.0,19
1900-01-01 14:21:14.585,0.226369,0.626479,0.664181,1098.297339,0.056826,0.021954,0.025741,1,1.0,19
1900-01-01 14:21:17.482,0.225892,0.624864,0.662856,1097.843756,0.056825,0.022265,0.027251,1,1.0,19
1900-01-01 14:21:20.386,0.22628,0.625595,0.663562,1097.541314,0.057147,0.022001,0.025581,1,1.0,19
1900-01-01 14:21:23.286,0.225816,0.623799,0.661983,1097.933442,0.056931,0.021947,0.026344,1,1.0,19
1900-01-01 14:21:26.182,0.226288,0.624398,0.662524,1096.830483,0.058831,0.021493,0.026753,1,1.0,19
1900-01-01 14:21:29.033,0.22631,0.624991,0.662908,1098.457546,0.057453,0.021676,0.025987,1,1.0,19
1900-01-01 14:21:31.882,0.226079,0.626389,0.66423,1098.49972,0.057119,0.021188,0.026198,1,1.0,19
1900-01-01 14:21:34.782,0.226066,0.625656,0.664184,1099.326749,0.057,0.021535,0.026251,1,1.0,19
1900-01-01 14:21:37.633,0.22665,0.625901,0.663224,1099.420022,0.056144,0.021868,0.026657,1,1.0,19
1900-01-01 14:21:40.482,0.22555,0.623295,0.661138,1096.757111,0.05731,0.021492,0.025518,1,1.0,19
1900-01-01 14:21:43.380,0.225696,0.62481,0.663025,1097.408374,0.057448,0.022011,0.02619,1,1.0,19
1900-01-01 14:21:46.332,0.226475,0.626259,0.664094,1098.518299,0.057867,0.022106,0.026785,1,1.0,19
1900-01-01 14:21:49.234,0.226225,0.625998,0.66381,1099.154772,0.056928,0.021811,0.025928,1,1.0,19
1900-01-01 14:21:52.130,0.225918,0.6243,0.662255,1097.748698,0.056744,0.021914,0.026412,1,1.0,19
1900-01-01 14:21:55.030,0.226221,0.625043,0.663063,1098.518728,0.056771,0.022432,0.026788,1,1.0,19
1900-01-01 14:21:57.934,0.226129,0.625078,0.662749,1098.252432,0.057896,0.021997,0.026532,1,1.0,19
1900-01-01 14:22:00.830,0.226018,0.625433,0.663752,1098.920888,0.056532,0.021667,0.025366,1,1.0,19
1900-01-01 14:22:03.729,0.226233,0.624663,0.662675,1097.597812,0.057961,0.022013,0.027216,1,1.0,19
1900-01-01 14:22:06.628,0.225827,0.623828,0.662444,1097.414034,0.056926,0.021619,0.024878,1,1.0,19
1900-01-01 14:22:09.532,0.226137,0.623973,0.662009,1096.619134,0.057344,0.021879,0.026136,1,1.0,19
1900-01-01 14:22:12.380,0.226299,0.62496,0.662955,1097.699711,0.057954,0.022505,0.026912,1,1.0,19
1900-01-01 14:22:15.282,0.226373,0.625327,0.663525,1098.093859,0.0569,0.021619,0.026484,1,1.0,19
1900-01-01 14:22:18.178,0.226467,0.625143,0.662873,1098.787389,0.056978,0.022421,0.027115,1,1.0,19
1900-01-01 14:22:21.078,0.225702,0.625452,0.662977,1098.482961,0.056527,0.021819,0.026418,1,1.0,19
1900-01-01 14:22:23.982,0.226359,0.62569,0.663192,1097.692304,0.05699,0.021611,0.026115,1,1.0,19
1900-01-01 14:22:26.830,0.225851,0.624742,0.662623,1098.424811,0.057209,0.021757,0.025951,1,1.0,19
1900-01-01 14:22:29.727,0.226313,0.625768,0.663718,1098.039054,0.056508,0.022192,0.026048,1,1.0,19
1900-01-01 14:22:32.631,0.226327,0.62515,0.663027,1098.96842,0.057477,0.022044,0.026249,1,1.0,19
1900-01-01 14:22:35.527,0.226123,0.625798,0.663822,1099.112997,0.056855,0.02218,0.025785,1,1.0,19
1900-01-01 14:22:38.378,0.226161,0.625063,0.662947,1098.665917,0.056849,0.021728,0.026091,1,1.0,19
1900-01-01 14:22:41.281,0.225741,0.62478,0.66313,1098.105772,0.056824,0.021477,0.024958,1,1.0,19
1900-01-01 14:22:44.129,0.225818,0.624803,0.662904,1098.598637,0.056967,0.021495,0.025887,1,1.0,19
1900-01-01 14:22:46.978,0.226155,0.625427,0.662828,1098.385532,0.056591,0.022068,0.025769,1,1.0,19
1900-01-01 14:22:49.828,0.226727,0.625996,0.663793,1098.804526,0.057436,0.022202,0.026819,1,1.0,19
1900-01-01 14:22:52.726,0.226609,0.625075,0.662902,1098.833554,0.056718,0.021491,0.026575,1,1.0,19
1900-01-01 14:22:55.577,0.226008,0.625129,0.663375,1097.015486,0.05692,0.021729,0.02593,1,1.0,19
1900-01-01 14:22:58.529,0.226562,0.625375,0.662921,1098.695583,0.05645,0.022024,0.02635,1,1.0,19
1900-01-01 14:23:01.425,0.226506,0.625626,0.6634,1098.171989,0.05663,0.021931,0.02683,1,1.0,19
1900-01-01 14:23:04.276,0.225947,0.62402,0.662115,1097.471918,0.057425,0.022405,0.026155,1,1.0,19
1900-01-01 14:23:07.175,0.226349,0.624397,0.662802,1096.891973,0.057159,0.021908,0.025559,1,1.0,19
1900-01-01 14:23:10.074,0.226383,0.624333,0.662868,1097.435177,0.057158,0.021965,0.02659,1,1.0,19
1900-01-01 14:23:12.978,0.226339,0.624385,0.662939,1097.924473,0.05658,0.021927,0.02677,1,1.0,19
1900-01-01 14:23:15.826,0.226605,0.624967,0.663058,1098.502619,0.056252,0.021802,0.025709,1,1.0,19
1900-01-01 14:23:18.724,0.226602,0.625511,0.663868,1098.360121,0.05701,0.021845,0.026197,1,1.0,19
1900-01-01 14:23:21.628,0.22577,0.623922,0.662243,1097.572161,0.057408,0.021646,0.026093,1,1.0,19
1900-01-01 14:23:24.577,0.226577,0.625701,0.663992,1098.12862,0.057609,0.021801,0.027178,1,1.0,19
1900-01-01 14:23:27.478,0.226628,0.625619,0.66385,1099.746179,0.056404,0.022193,0.026138,1,1.0,19
1900-01-01 14:23:30.426,0.225828,0.62383,0.662155,1097.776245,0.056007,0.021565,0.026376,1,1.0,19
1900-01-01 14:23:33.377,0.226221,0.624203,0.662256,1097.201404,0.057102,0.021887,0.025352,1,1.0,19
1900-01-01 14:23:36.273,0.226027,0.625881,0.663831,1098.720639,0.056144,0.021955,0.026044,1,1.0,19
1900-01-01 14:23:39.177,0.226442,0.626137,0.664087,1100.049709,0.056077,0.021835,0.025663,1,1.0,19
1900-01-01 14:23:42.025,0.225868,0.624753,0.662791,1097.944722,0.057703,0.021636,0.026272,1,1.0,19
1900-01-01 14:23:44.975,0.226128,0.624686,0.66275,1097.811094,0.056845,0.021935,0.025958,1,1.0,19
1900-01-01 14:23:47.974,0.226525,0.625613,0.663533,1098.949865,0.057403,0.022135,0.025359,1,1.0,19
1900-01-01 14:23:50.876,0.226001,0.62507,0.662949,1099.469959,0.056915,0.022298,0.026374,1,1.0,19
1900-01-01 14:23:53.772,0.226292,0.624658,0.662927,1097.766607,0.056961,0.02223,0.026021,1,1.0,19
1900-01-01 14:23:56.623,0.226444,0.624556,0.662695,1097.536413,0.058073,0.021932,0.025323,1,1.0,19
1900-01-01 14:23:59.526,0.226619,0.624691,0.662653,1098.846369,0.057116,0.022394,0.026164,1,1.0,19
1900-01-01 14:24:02.422,0.226234,0.623187,0.661122,1096.666051,0.055469,0.022005,0.025513,1,1.0,19
1900-01-01 14:24:05.326,0.226437,0.624671,0.662373,1097.0786,0.057546,0.022173,0.026019,1,1.0,19
1900-01-01 14:24:08.222,0.226163,0.625158,0.662854,1099.410929,0.057323,0.0225,0.026698,1,1.0,19
1900-01-01 14:24:11.121,0.226416,0.6253,0.663242,1098.742767,0.057716,0.022059,0.02654,1,1.0,19
1900-01-01 14:24:14.073,0.226294,0.624745,0.663572,1098.717943,0.05676,0.021551,0.025099,1,1.0,19
1900-01-01 14:24:17.023,0.226619,0.625131,0.663208,1098.939451,0.056514,0.021758,0.025549,1,1.0,19
1900-01-01 14:24:19.873,0.226392,0.625121,0.663493,1098.586156,0.05722,0.022142,0.026712,1,1.0,19
1900-01-01 14:24:22.823,0.226555,0.624492,0.66266,1098.303352,0.056634,0.022264,0.026148,1,1.0,19
1900-01-01 14:24:25.774,0.226221,0.623894,0.662067,1096.84991,0.056951,0.021834,0.026291,1,1.0,19
1900-01-01 14:24:28.670,0.226962,0.625136,0.663381,1098.095471,0.057376,0.022666,0.026136,1,1.0,19
1900-01-01 14:24:31.574,0.226211,0.624593,0.662505,1098.414787,0.057629,0.022502,0.027,1,1.0,19
1900-01-01 14:24:34.574,0.226423,0.624387,0.662432,1097.606386,0.056706,0.022913,0.026829,1,1.0,19
1900-01-01 14:24:37.473,0.22674,0.625358,0.663004,1099.089181,0.057431,0.022072,0.026663,1,1.0,19
1900-01-01 14:24:40.422,0.226389,0.626424,0.664247,1099.497177,0.0569,0.021639,0.025981,1,1.0,19
1900-01-01 14:24:43.322,0.225847,0.623963,0.662141,1098.109028,0.056092,0.021534,0.026191,1,1.0,19
1900-01-01 14:24:46.223,0.226838,0.626806,0.664727,1099.75268,0.057053,0.022282,0.026098,1,1.0,19
1900-01-01 14:24:49.321,0.225774,0.623468,0.661453,1098.043102,0.057119,0.022757,0.02697,1,1.0,19
1900-01-01 14:24:52.218,0.2258,0.624218,0.662592,1097.75099,0.057143,0.022435,0.025667,1,1.0,19
1900-01-01 14:24:55.170,0.226036,0.624713,0.662977,1098.622114,0.057124,0.022115,0.026198,1,1.0,19
1900-01-01 14:24:58.121,0.225483,0.623813,0.662073,1098.172805,0.057092,0.021089,0.025803,1,1.0,19
1900-01-01 14:25:01.022,0.226584,0.625462,0.663321,1098.525627,0.057215,0.022422,0.026584,1,1.0,19
1900-01-01 14:25:03.970,0.22604,0.624429,0.662526,1098.890974,0.056549,0.021635,0.02591,1,1.0,19
1900-01-01 14:25:06.919,0.226577,0.624726,0.662991,1098.801707,0.056792,0.022465,0.026442,1,1.0,19
1900-01-01 14:25:09.870,0.225714,0.624011,0.662518,1098.201563,0.05716,0.022133,0.025466,1,1.0,19
1900-01-01 14:25:12.767,0.22634,0.624207,0.662396,1097.280649,0.056906,0.021737,0.025819,1,1.0,19
1900-01-01 14:25:15.767,0.226237,0.624553,0.662735,1098.313607,0.05618,0.022181,0.026626,1,1.0,19
1900-01-01 14:25:18.671,0.225735,0.624591,0.662746,1098.198854,0.056121,0.021457,0.026148,1,1.0,19
1900-01-01 14:25:21.567,0.226484,0.625359,0.663257,1099.021827,0.055889,0.022561,0.026588,1,1.0,19
1900-01-01 14:25:24.567,0.226797,0.625251,0.66366,1099.459306,0.056831,0.022433,0.02639,1,1.0,19
1900-01-01 14:25:27.470,0.226257,0.624592,0.662754,1098.75217,0.057569,0.022186,0.026119,1,1.0,19
1900-01-01 14:25:30.418,0.226601,0.625483,0.663542,1099.294004,0.057029,0.022391,0.026569,1,1.0,19
1900-01-01 14:25:33.369,0.226131,0.624771,0.662783,1100.284962,0.058057,0.021766,0.026554,1,1.0,19
1900-01-01 14:25:36.318,0.227065,0.625497,0.663689,1098.630638,0.057507,0.022145,0.025707,1,1.0,19
1900-01-01 14:25:39.316,0.22661,0.625696,0.664283,1100.405899,0.056696,0.021836,0.025366,1,1.0,19
1900-01-01 14:25:42.268,0.226302,0.624633,0.66298,1099.904631,0.056877,0.021349,0.025848,1,1.0,19
1900-01-01 14:25:45.218,0.226758,0.62446,0.663065,1098.725287,0.057442,0.021729,0.026315,1,1.0,19
1900-01-01 14:25:48.167,0.226373,0.624829,0.66349,1099.108673,0.056318,0.021674,0.026409,1,1.0,19
1900-01-01 14:25:51.118,0.226054,0.62358,0.66174,1097.672725,0.056947,0.022669,0.026858,1,1.0,19
1900-01-01 14:25:54.116,0.226622,0.62527,0.663621,1099.265727,0.057616,0.022426,0.026609,1,1.0,19
1900-01-01 14:25:57.066,0.225701,0.623474,0.661909,1097.707208,0.056665,0.021655,0.02609,1,1.0,19
1900-01-01 14:26:00.017,0.226463,0.625331,0.663629,1098.613769,0.056537,0.02188,0.026408,1,1.0,19
1900-01-01 14:26:02.967,0.226605,0.625499,0.663943,1100.323527,0.056888,0.021886,0.025936,1,1.0,19
1900-01-01 14:26:05.916,0.226305,0.624046,0.662334,1098.363641,0.057324,0.022411,0.026561,1,1.0,19
1900-01-01 14:26:08.914,0.226051,0.624291,0.662346,1098.476256,0.057044,0.021255,0.026477,1,1.0,19
1900-01-01 14:26:11.866,0.22629,0.62485,0.662597,1098.024777,0.056346,0.021421,0.025744,1,1.0,19
1900-01-01 14:26:14.764,0.226073,0.625078,0.663152,1098.85145,0.057139,0.022354,0.026014,1,1.0,19
1900-01-01 14:26:17.716,0.226452,0.624217,0.662482,1098.66364,0.056694,0.021794,0.026373,1,1.0,19
1900-01-01 14:26:20.617,0.227022,0.62557,0.663622,1098.668648,0.057082,0.02221,0.026474,1,1.0,19
1900-01-01 14:26:23.564,0.226011,0.62455,0.662708,1099.247479,0.057389,0.021686,0.026181,1,1.0,19
1900-01-01 14:26:26.514,0.226199,0.624253,0.66251,1098.255405,0.056755,0.022207,0.025979,1,1.0,19
1900-01-01 14:26:29.513,0.225989,0.623757,0.661766,1098.610286,0.057333,0.022249,0.026723,1,1.0,19
1900-01-01 14:26:32.465,0.227065,0.625873,0.664026,1099.091678,0.057533,0.022143,0.026096,1,1.0,19
1900-01-01 14:26:35.415,0.226523,0.624494,0.662432,1098.894701,0.057028,0.022303,0.026145,1,1.0,19
1900-01-01 14:26:38.412,0.226325,0.624852,0.662909,1099.03748,0.057127,0.022003,0.025859,1,1.0,19
1900-01-01 14:26:41.364,0.226288,0.624295,0.662165,1098.800996,0.0572,0.022053,0.025511,1,1.0,19
1900-01-01 14:26:44.314,0.226083,0.623748,0.66189,1098.760448,0.057057,0.021887,0.026503,1,1.0,19
1900-01-01 14:26:47.263,0.226762,0.624802,0.662633,1098.654619,0.056757,0.021808,0.026599,1,1.0,19
1900-01-01 14:26:50.262,0.226404,0.625044,0.662881,1098.874403,0.056547,0.022415,0.025992,1,1.0,19
1900-01-01 14:26:53.262,0.227149,0.626082,0.66385,1100.144524,0.05722,0.022029,0.025596,1,1.0,19
1900-01-01 14:26:56.314,0.226776,0.625486,0.663281,1099.816712,0.056876,0.022064,0.026138,1,1.0,19
1900-01-01 14:26:59.263,0.225997,0.623727,0.661889,1099.258959,0.0557,0.022017,0.026347,1,1.0,19
1900-01-01 14:27:02.212,0.226488,0.62581,0.664138,1098.611452,0.057747,0.021445,0.025816,1,1.0,19
1900-01-01 14:27:05.162,0.226146,0.624182,0.661956,1099.693821,0.056861,0.021663,0.02628,1,1.0,19
1900-01-01 14:27:08.161,0.226395,0.625143,0.662853,1099.16053,0.057346,0.022199,0.026047,1,1.0,19
1900-01-01 14:27:11.161,0.225451,0.622888,0.661103,1099.272285,0.056556,0.021697,0.02643,1,1.0,19
1900-01-01 14:27:14.159,0.225673,0.622874,0.661298,1096.088971,0.056994,0.02186,0.02853,1,1.0,19
1900-01-01 14:27:17.058,0.226166,0.623368,0.661734,1098.638681,0.057497,0.021746,0.025832,1,1.0,19
1900-01-01 14:27:20.010,0.226416,0.6244,0.662426,1098.762664,0.056633,0.022309,0.026197,1,1.0,19
1900-01-01 14:27:22.961,0.226177,0.624087,0.662365,1099.305573,0.057032,0.022304,0.026097,1,1.0,19
1900-01-01 14:27:25.959,0.225745,0.623233,0.660915,1099.443436,0.057092,0.021942,0.027971,1,1.0,19
1900-01-01 14:27:28.959,0.226017,0.623147,0.661167,1096.396252,0.05655,0.022882,0.027534,1,1.0,19
1900-01-01 14:27:31.911,0.226064,0.62442,0.662373,1099.366389,0.056789,0.022022,0.026,1,1.0,19
1900-01-01 14:27:34.860,0.2263,0.624669,0.663203,1098.689793,0.056801,0.02134,0.025547,1,1.0,19
1900-01-01 14:27:37.858,0.226197,0.624901,0.663005,1100.339848,0.057574,0.021932,0.025361,1,1.0,19
1900-01-01 14:27:40.810,0.226372,0.624606,0.662971,1100.117053,0.055568,0.021824,0.025969,1,1.0,19
1900-01-01 14:27:43.809,0.226287,0.623718,0.661898,1099.162102,0.056865,0.022361,0.026502,1,1.0,19
1900-01-01 14:27:46.809,0.225318,0.620995,0.659266,1096.438685,0.055248,0.021975,0.026772,1,1.0,19
1900-01-01 14:27:49.807,0.226156,0.624311,0.662576,1099.284599,0.056157,0.021747,0.025569,1,1.0,19
1900-01-01 14:27:52.759,0.225972,0.624382,0.662862,1100.187328,0.05731,0.021818,0.02641,1,1.0,19
1900-01-01 14:27:55.810,0.226729,0.624918,0.66265,1100.057831,0.056917,0.022166,0.026603,1,1.0,19
1900-01-01 14:27:58.807,0.226131,0.623519,0.661747,1099.051639,0.057762,0.022301,0.026883,1,1.0,19
1900-01-01 14:28:01.807,0.226055,0.623368,0.661801,1099.049117,0.05706,0.021568,0.025828,1,1.0,19
1900-01-01 14:28:04.759,0.22693,0.624299,0.663229,1100.652101,0.057936,0.022313,0.027973,1,1.0,19
1900-01-01 14:28:07.708,0.22691,0.623431,0.662347,1099.516363,0.056633,0.021949,0.026464,1,1.0,19
1900-01-01 14:28:10.658,0.226518,0.62404,0.662772,1100.099774,0.056938,0.021822,0.026764,1,1.0,19
1900-01-01 14:28:13.655,0.226537,0.623533,0.662063,1100.47851,0.056756,0.022094,0.026133,1,1.0,19
1900-01-01 14:28:16.655,0.226843,0.624847,0.66325,1100.570429,0.056559,0.022125,0.025914,1,1.0,19
1900-01-01 14:28:19.655,0.226879,0.623035,0.661792,1099.374439,0.056303,0.022024,0.025998,1,1.0,19
1900-01-01 14:28:22.607,0.226934,0.624441,0.66326,1100.000461,0.05676,0.022254,0.026155,1,1.0,19
1900-01-01 14:28:25.606,0.22709,0.62427,0.663313,1100.567584,0.056701,0.022281,0.025847,1,1.0,19
1900-01-01 14:28:28.558,0.226694,0.622876,0.661906,1100.532314,0.056434,0.02153,0.025617,1,1.0,19
1900-01-01 14:28:31.554,0.226752,0.622196,0.661077,1098.955436,0.057411,0.022469,0.026219,1,1.0,19
1900-01-01 14:28:34.554,0.226445,0.62275,0.661719,1099.602321,0.057081,0.021965,0.026641,1,1.0,19
1900-01-01 14:28:37.506,0.226598,0.624217,0.662934,1099.398332,0.057245,0.021978,0.02706,1,1.0,19
1900-01-01 14:28:40.505,0.226765,0.623619,0.661959,1100.432381,0.057269,0.022545,0.025538,1,1.0,19
1900-01-01 14:28:43.455,0.226591,0.622575,0.661464,1099.84885,0.057142,0.021496,0.025719,1,1.0,19
1900-01-01 14:28:46.454,0.226378,0.623491,0.661943,1099.811391,0.05622,0.021192,0.025563,1,1.0,19
1900-01-01 14:28:49.454,0.226344,0.623042,0.662046,1099.974791,0.056952,0.021756,0.025782,1,1.0,19
1900-01-01 14:28:52.406,0.227377,0.623084,0.661953,1099.14119,0.056154,0.022209,0.02574,1,1.0,19
1900-01-01 14:28:55.356,0.226658,0.62331,0.662124,1099.941548,0.056995,0.022739,0.026869,1,1.0,19
1900-01-01 14:28:58.305,0.227092,0.624081,0.662406,1100.520398,0.057089,0.021711,0.026688,1,1.0,19
1900-01-01 14:29:01.255,0.227164,0.624294,0.662787,1100.918073,0.056766,0.022392,0.026548,1,1.0,19
1900-01-01 14:29:04.306,0.226583,0.622625,0.661482,1099.898662,0.057103,0.021674,0.025975,1,1.0,19
1900-01-01 14:29:07.354,0.226971,0.623729,0.662562,1099.424,0.056624,0.022276,0.02591,1,1.0,19
1900-01-01 14:29:10.353,0.227313,0.623657,0.66247,1099.882136,0.056853,0.022325,0.02589,1,1.0,19
1900-01-01 14:29:13.406,0.227082,0.623403,0.66179,1099.787323,0.056629,0.022283,0.026619,1,1.0,19
1900-01-01 14:29:16.455,0.22645,0.623099,0.662114,1099.54779,0.055806,0.022246,0.026264,1,1.0,19
1900-01-01 14:29:19.654,0.226775,0.622774,0.661968,1099.649462,0.056925,0.022033,0.025948,1,1.0,19
1900-01-01 14:29:22.551,0.226903,0.623979,0.663293,1101.015714,0.056928,0.022059,0.025842,1,1.0,19
1900-01-01 14:29:25.551,0.226906,0.623168,0.6617,1100.015653,0.056873,0.022308,0.026131,1,1.0,19
1900-01-01 14:29:28.551,0.226428,0.622864,0.661639,1099.883638,0.056644,0.021285,0.026194,1,1.0,19
1900-01-01 14:29:31.503,0.227441,0.623788,0.662557,1099.720958,0.05734,0.022104,0.026224,1,1.0,19
1900-01-01 14:29:34.502,0.227259,0.624179,0.662731,1100.239009,0.057367,0.021864,0.026011,1,1.0,19
1900-01-01 14:29:37.502,0.227462,0.624142,0.662794,1100.281254,0.056783,0.022276,0.026713,1,1.0,19
1900-01-01 14:29:40.502,0.227079,0.623219,0.661939,1100.006223,0.057138,0.021803,0.025791,1,1.0,19
1900-01-01 14:29:43.454,0.226968,0.623868,0.661857,1100.21448,0.057189,0.022103,0.025357,1,1.0,19
1900-01-01 14:29:46.450,0.22739,0.623875,0.662499,1101.11298,0.055931,0.022048,0.026374,1,1.0,19
1900-01-01 14:29:49.450,0.227284,0.623772,0.662515,1099.632182,0.057126,0.022803,0.027158,1,1.0,19
1900-01-01 14:29:52.402,0.226955,0.623996,0.663024,1101.072153,0.056376,0.021741,0.024801,1,1.0,19
1900-01-01 14:29:55.353,0.22741,0.623676,0.662546,1100.481479,0.056937,0.02254,0.026296,1,1.0,19
1900-01-01 14:29:58.350,0.227347,0.624183,0.663169,1100.43918,0.057305,0.021825,0.02557,1,1.0,19
1900-01-01 14:30:01.350,0.227277,0.623375,0.661559,1099.616466,0.056577,0.0219,0.02642,1,1.0,19
1900-01-01 14:30:04.350,0.226993,0.622598,0.661357,1099.350865,0.056973,0.022216,0.026065,1,1.0,19
1900-01-01 14:30:07.302,0.226952,0.623052,0.662022,1100.393361,0.056006,0.022025,0.026636,1,1.0,19
1900-01-01 14:30:10.300,0.226699,0.622631,0.662049,1099.786274,0.058205,0.021768,0.025712,1,1.0,19
1900-01-01 14:30:13.298,0.22705,0.623923,0.662585,1100.909147,0.056277,0.021704,0.02579,1,1.0,19
1900-01-01 14:30:16.298,0.227207,0.623636,0.6623,1100.924039,0.056433,0.021732,0.025606,1,1.0,19
1900-01-01 14:30:19.298,0.227366,0.623953,0.662466,1100.696157,0.056474,0.021997,0.026321,1,1.0,19
1900-01-01 14:30:22.298,0.227478,0.624462,0.663274,1100.806169,0.057093,0.021701,0.026587,1,1.0,19
1900-01-01 14:30:25.249,0.227654,0.624119,0.662839,1101.682948,0.056949,0.022202,0.026441,1,1.0,19
1900-01-01 14:30:28.247,0.226923,0.622566,0.661142,1099.761112,0.055897,0.021564,0.025759,1,1.0,19
1900-01-01 14:30:31.247,0.227198,0.622766,0.661406,1099.75791,0.056821,0.02227,0.026762,1,1.0,19
1900-01-01 14:30:34.247,0.227319,0.623662,0.662224,1100.301685,0.056379,0.021718,0.025893,1,1.0,19
1900-01-01 14:30:37.199,0.227908,0.624468,0.663151,1101.711016,0.056793,0.022434,0.027011,1,1.0,19
1900-01-01 14:30:40.150,0.227341,0.623922,0.663125,1100.588525,0.056625,0.022805,0.026616,1,1.0,19
1900-01-01 14:30:43.098,0.227403,0.624197,0.662548,1101.158816,0.057264,0.021989,0.025661,1,1.0,19
1900-01-01 14:30:46.097,0.227666,0.623365,0.662201,1100.809691,0.0564,0.02249,0.026339,1,1.0,19
1900-01-01 14:30:49.097,0.227481,0.623697,0.661997,1100.240392,0.056097,0.022193,0.026043,1,1.0,19
1900-01-01 14:30:52.150,0.227675,0.624251,0.66284,1101.061387,0.056241,0.022092,0.025423,1,1.0,19
1900-01-01 14:30:55.199,0.227206,0.623457,0.661792,1100.859091,0.057974,0.021861,0.025797,1,1.0,19
1900-01-01 14:30:58.196,0.227669,0.623792,0.661805,1100.168594,0.056932,0.022149,0.025365,1,1.0,19
1900-01-01 14:31:01.148,0.227779,0.624414,0.662358,1100.279963,0.057633,0.021706,0.026061,1,1.0,19
1900-01-01 14:31:04.097,0.227375,0.623848,0.662188,1101.097558,0.056865,0.021236,0.02553,1,1.0,19
1900-01-01 14:31:07.047,0.227931,0.625154,0.6636,1101.622896,0.057211,0.02224,0.026794,1,1.0,19
1900-01-01 14:31:10.046,0.227749,0.623951,0.662195,1101.48885,0.056268,0.021787,0.026496,1,1.0,19
1900-01-01 14:31:13.049,0.227373,0.623347,0.661804,1100.549122,0.057056,0.022713,0.02659,1,1.0,19
1900-01-01 14:31:16.046,0.22725,0.624446,0.662237,1101.131378,0.056077,0.021721,0.025883,1,1.0,19
1900-01-01 14:31:19.044,0.227032,0.623995,0.663272,1101.648293,0.056325,0.021588,0.025789,1,1.0,19
1900-01-01 14:31:22.044,0.227208,0.62467,0.663235,1101.422237,0.056832,0.021437,0.024872,1,1.0,19
1900-01-01 14:31:24.996,0.227763,0.624521,0.663447,1101.907467,0.055948,0.021697,0.025591,1,1.0,19
1900-01-01 14:31:27.994,0.227526,0.623743,0.662591,1100.800634,0.055962,0.02266,0.026469,1,1.0,19
1900-01-01 14:31:30.994,0.227333,0.62467,0.66332,1102.316479,0.056935,0.021609,0.025692,1,1.0,19
1900-01-01 14:31:33.993,0.22735,0.624226,0.66319,1101.553307,0.056478,0.021558,0.025608,1,1.0,19
1900-01-01 14:31:36.993,0.227502,0.624542,0.663029,1102.234756,0.05757,0.021486,0.025557,1,1.0,19
1900-01-01 14:31:39.993,0.227618,0.624472,0.663342,1102.288191,0.056475,0.022228,0.026038,1,1.0,19
1900-01-01 14:31:42.945,0.227839,0.624313,0.662719,1100.808622,0.056758,0.021561,0.0259,1,1.0,19
1900-01-01 14:31:45.943,0.227128,0.623328,0.661997,1101.292874,0.056599,0.021669,0.025552,1,1.0,19
1900-01-01 14:31:48.894,0.227205,0.62286,0.661758,1099.903112,0.056173,0.020816,0.0252,1,1.0,19
1900-01-01 14:31:51.892,0.226862,0.623804,0.66265,1101.706482,0.056187,0.021075,0.025204,1,1.0,19
1900-01-01 14:31:54.892,0.227495,0.624308,0.663587,1101.401807,0.057611,0.022078,0.025921,1,1.0,19
1900-01-01 14:31:57.892,0.227453,0.623699,0.662273,1101.659549,0.055831,0.021551,0.025429,1,1.0,19
1900-01-01 14:32:00.892,0.22819,0.625332,0.66427,1102.456352,0.056919,0.021896,0.025151,1,1.0,19
1900-01-01 14:32:03.945,0.227749,0.624445,0.663547,1102.208817,0.056877,0.020962,0.025466,1,1.0,19
1900-01-01 14:32:06.942,0.227639,0.624574,0.663467,1102.301821,0.056822,0.021768,0.025465,1,1.0,19
1900-01-01 14:32:09.942,0.228048,0.624915,0.663501,1102.138888,0.055855,0.021716,0.026094,1,1.0,19
1900-01-01 14:32:12.945,0.228133,0.624209,0.662917,1101.737637,0.057429,0.02163,0.025473,1,1.0,19
1900-01-01 14:32:15.990,0.227709,0.623856,0.66224,1101.130066,0.05657,0.021291,0.025471,1,1.0,19
1900-01-01 14:32:18.994,0.227854,0.623783,0.662368,1101.421478,0.056348,0.02074,0.025587,1,1.0,19
1900-01-01 14:32:21.991,0.227285,0.623509,0.662495,1101.120365,0.057451,0.021345,0.02519,1,1.0,19
1900-01-01 14:32:24.991,0.227634,0.624045,0.663127,1101.999016,0.056914,0.021183,0.025077,1,1.0,19
1900-01-01 14:32:28.042,0.227942,0.624064,0.662888,1102.079126,0.056302,0.021764,0.024946,1,1.0,19
1900-01-01 14:32:31.089,0.227779,0.623554,0.662252,1100.649428,0.057503,0.021508,0.024765,1,1.0,19
1900-01-01 14:32:34.089,0.227592,0.624702,0.663406,1102.428063,0.057893,0.022152,0.026845,1,1.0,19
1900-01-01 14:32:37.089,0.227725,0.624472,0.663133,1101.822996,0.057463,0.021875,0.025861,1,1.0,19
1900-01-01 14:32:40.142,0.227849,0.624086,0.662136,1102.489883,0.05653,0.022317,0.026602,1,1.0,19
1900-01-01 14:32:43.138,0.227979,0.624155,0.66318,1101.781803,0.057512,0.02131,0.025397,1,1.0,19
1900-01-01 14:32:46.138,0.22777,0.623055,0.661774,1100.691442,0.056144,0.021691,0.02551,1,1.0,19
1900-01-01 14:32:49.138,0.227725,0.623316,0.661789,1100.837601,0.056389,0.02137,0.024901,1,1.0,19
1900-01-01 14:32:52.191,0.227996,0.624774,0.663171,1102.278311,0.055796,0.021709,0.024925,1,1.0,19
1900-01-01 14:32:55.241,0.227627,0.624164,0.662712,1102.707525,0.056646,0.021544,0.026461,1,1.0,19
1900-01-01 14:32:58.290,0.227647,0.624239,0.662952,1101.946172,0.056342,0.021655,0.025041,1,1.0,19
1900-01-01 14:33:01.289,0.227954,0.624005,0.662924,1101.886598,0.056084,0.021331,0.025304,1,1.0,19
1900-01-01 14:33:04.289,0.228502,0.625048,0.66328,1101.609258,0.0561,0.02261,0.026341,1,1.0,19
1900-01-01 14:33:07.342,0.227883,0.625561,0.663989,1103.20027,0.056165,0.021604,0.02457,1,1.0,19
1900-01-01 14:33:10.386,0.228392,0.624905,0.663485,1102.945839,0.056621,0.021701,0.024909,1,1.0,19
1900-01-01 14:33:13.391,0.227828,0.624017,0.662676,1102.330909,0.057137,0.02153,0.025122,1,1.0,19
1900-01-01 14:33:16.388,0.227651,0.623687,0.662007,1102.034381,0.056221,0.021305,0.025106,1,1.0,19
1900-01-01 14:33:19.386,0.22771,0.623426,0.661543,1101.401387,0.057092,0.020842,0.024771,1,1.0,19
1900-01-01 14:33:22.439,0.2278,0.623951,0.662503,1100.530141,0.057055,0.021293,0.025283,1,1.0,19
1900-01-01 14:33:25.436,0.228,0.624004,0.662326,1101.928978,0.057232,0.021691,0.02521,1,1.0,19
1900-01-01 14:33:28.489,0.227634,0.623778,0.66238,1102.228893,0.056181,0.021625,0.024304,1,1.0,19
1900-01-01 14:33:31.535,0.228292,0.624752,0.663509,1102.097006,0.05706,0.021535,0.025178,1,1.0,19
1900-01-01 14:33:34.588,0.228208,0.625023,0.663421,1102.772493,0.056914,0.021559,0.02573,1,1.0,19
1900-01-01 14:33:37.639,0.228058,0.624267,0.66219,1101.739153,0.056858,0.021068,0.02519,1,1.0,19
1900-01-01 14:33:40.689,0.228346,0.624336,0.662748,1102.018081,0.057417,0.021599,0.026306,1,1.0,19
1900-01-01 14:33:43.686,0.228379,0.625003,0.663822,1102.479589,0.058085,0.021676,0.024686,1,1.0,19
1900-01-01 14:33:46.738,0.227956,0.623173,0.662285,1101.500572,0.05727,0.021131,0.024401,1,1.0,19
1900-01-01 14:33:49.788,0.226983,0.621873,0.660866,1100.472242,0.057331,0.021501,0.025292,1,1.0,19
1900-01-01 14:33:52.838,0.227894,0.623147,0.661887,1100.577359,0.057135,0.021822,0.025718,1,1.0,19
1900-01-01 14:33:55.887,0.228264,0.624459,0.663371,1102.37451,0.057393,0.021225,0.02639,1,1.0,19
1900-01-01 14:33:58.937,0.227808,0.623178,0.662143,1101.60998,0.057068,0.021645,0.024652,1,1.0,19
1900-01-01 14:34:01.986,0.227468,0.624246,0.662976,1101.225575,0.057832,0.021555,0.026034,1,1.0,19
1900-01-01 14:34:04.983,0.227802,0.622696,0.661894,1102.147649,0.0566,0.021448,0.024987,1,1.0,19
1900-01-01 14:34:08.036,0.228198,0.624068,0.663294,1102.466718,0.05673,0.021829,0.024942,1,1.0,19
1900-01-01 14:34:11.034,0.228211,0.622684,0.661782,1100.912293,0.056773,0.021454,0.024646,1,1.0,19
1900-01-01 14:34:14.087,0.228418,0.624082,0.663336,1101.413492,0.057443,0.021305,0.025307,1,1.0,19
1900-01-01 14:34:17.084,0.228263,0.623356,0.662449,1101.777953,0.055994,0.021626,0.025535,1,1.0,19
1900-01-01 14:34:20.084,0.228001,0.623912,0.662895,1102.360484,0.057475,0.021366,0.025576,1,1.0,19
1900-01-01 14:34:23.135,0.228527,0.624403,0.663551,1102.348013,0.057047,0.021607,0.024911,1,1.0,19
1900-01-01 14:34:26.185,0.228586,0.623975,0.663429,1102.098465,0.057212,0.02179,0.025485,1,1.0,19
1900-01-01 14:34:29.183,0.228472,0.624205,0.663606,1103.560637,0.056879,0.021363,0.025385,1,1.0,19
1900-01-01 14:34:32.182,0.228418,0.624061,0.663993,1103.007524,0.056916,0.021807,0.025769,1,1.0,19
1900-01-01 14:34:35.234,0.228791,0.623718,0.663368,1102.958888,0.056965,0.022007,0.026212,1,1.0,19
1900-01-01 14:34:38.236,0.228555,0.623513,0.662781,1101.989613,0.057241,0.021717,0.026031,1,1.0,19
1900-01-01 14:34:41.334,0.228475,0.624131,0.663757,1103.059244,0.056436,0.021151,0.024724,1,1.0,19
1900-01-01 14:34:44.385,0.228309,0.622477,0.662581,1102.037402,0.056905,0.021245,0.025163,1,1.0,19
1900-01-01 14:34:47.434,0.228463,0.623276,0.662834,1101.309077,0.056468,0.021791,0.025276,1,1.0,19
1900-01-01 14:34:50.484,0.228379,0.622877,0.662986,1102.569945,0.056188,0.022086,0.025695,1,1.0,19
1900-01-01 14:34:53.534,0.2283,0.623038,0.663224,1101.405929,0.057077,0.021638,0.025449,1,1.0,19
1900-01-01 14:34:56.583,0.227826,0.622708,0.662771,1102.21369,0.056377,0.021644,0.025177,1,1.0,19
1900-01-01 14:34:59.633,0.228684,0.62346,0.663034,1102.597771,0.057053,0.021837,0.024477,1,1.0,19
1900-01-01 14:35:02.631,0.228244,0.621909,0.661868,1102.069764,0.057386,0.021592,0.024954,1,1.0,19
1900-01-01 14:35:05.679,0.228696,0.623056,0.662773,1101.352926,0.057885,0.021202,0.025308,1,1.0,19
1900-01-01 14:35:08.732,0.228633,0.623678,0.663216,1102.710721,0.056479,0.021923,0.025632,1,1.0,19
1900-01-01 14:35:11.782,0.228364,0.623107,0.662809,1102.215948,0.055888,0.021816,0.025079,1,1.0,19
1900-01-01 14:35:14.780,0.228948,0.62326,0.663039,1102.349696,0.056988,0.021868,0.025023,1,1.0,19
1900-01-01 14:35:17.833,0.228576,0.622799,0.662611,1101.447467,0.056585,0.021457,0.024931,1,1.0,19
1900-01-01 14:35:20.882,0.228431,0.623071,0.663015,1102.244617,0.056927,0.021346,0.025209,1,1.0,19
1900-01-01 14:35:23.932,0.228767,0.623472,0.663294,1102.673517,0.056493,0.020803,0.024961,1,1.0,19
1900-01-01 14:35:26.982,0.22825,0.622699,0.662989,1102.702888,0.056934,0.021733,0.025221,1,1.0,19
1900-01-01 14:35:30.031,0.228348,0.622155,0.662265,1102.377602,0.056417,0.021367,0.024514,1,1.0,19
1900-01-01 14:35:33.081,0.228687,0.622288,0.662706,1101.306995,0.057827,0.021701,0.025094,1,1.0,19
1900-01-01 14:35:36.132,0.228794,0.623254,0.663129,1103.134587,0.056704,0.021551,0.025254,1,1.0,19
1900-01-01 14:35:39.182,0.228364,0.623044,0.663125,1101.950064,0.057505,0.02104,0.024816,1,1.0,19
1900-01-01 14:35:42.231,0.228279,0.622438,0.662328,1102.2941,0.056471,0.02144,0.025139,1,1.0,19
1900-01-01 14:35:45.281,0.228272,0.622011,0.662432,1101.407475,0.057283,0.020911,0.025059,1,1.0,19
1900-01-01 14:35:48.330,0.228605,0.622536,0.662551,1101.896689,0.057351,0.021422,0.025515,1,1.0,19
1900-01-01 14:35:51.380,0.228536,0.622061,0.662104,1101.073573,0.057526,0.02137,0.025186,1,1.0,19
1900-01-01 14:35:54.426,0.228768,0.623256,0.663641,1102.649595,0.057363,0.021077,0.02519,1,1.0,19
1900-01-01 14:35:57.527,0.22845,0.622096,0.66222,1102.62417,0.057347,0.021997,0.02544,1,1.0,19
1900-01-01 14:36:00.580,0.228511,0.622276,0.662455,1101.416581,0.057501,0.021442,0.024902,1,1.0,19
1900-01-01 14:36:03.630,0.228632,0.622274,0.662161,1101.484767,0.057132,0.02166,0.024842,1,1.0,19
1900-01-01 14:36:06.679,0.228343,0.622016,0.661834,1101.468351,0.057421,0.021827,0.025431,1,1.0,19
1900-01-01 14:36:09.729,0.228734,0.622842,0.662775,1101.589884,0.057026,0.021172,0.02534,1,1.0,19
1900-01-01 14:36:12.778,0.227907,0.62188,0.661457,1101.152896,0.05658,0.021269,0.024901,1,1.0,19
1900-01-01 14:36:15.828,0.228343,0.621351,0.66107,1100.223362,0.056911,0.021692,0.02456,1,1.0,19
1900-01-01 14:36:18.878,0.22867,0.622279,0.662619,1101.946972,0.057854,0.021379,0.024759,1,1.0,19
1900-01-01 14:36:21.927,0.228021,0.622842,0.662485,1102.502856,0.056336,0.021224,0.024541,1,1.0,19
1900-01-01 14:36:24.926,0.228761,0.621722,0.661646,1101.19329,0.057141,0.021627,0.024298,1,1.0,19
1900-01-01 14:36:27.977,0.229104,0.622739,0.662632,1101.442449,0.056269,0.021518,0.025101,1,1.0,19
1900-01-01 14:36:31.028,0.228409,0.622717,0.662822,1102.496365,0.056917,0.02122,0.024991,1,1.0,19
1900-01-01 14:36:34.126,0.228299,0.622064,0.661928,1101.856952,0.056484,0.021384,0.024436,1,1.0,19
1900-01-01 14:36:37.177,0.228249,0.621729,0.661533,1100.974213,0.056268,0.021257,0.024729,1,1.0,19
1900-01-01 14:36:40.226,0.228486,0.62199,0.662144,1100.704456,0.0565,0.021134,0.023569,1,1.0,19
1900-01-01 14:36:43.276,0.228658,0.622677,0.662727,1101.957793,0.05656,0.021323,0.024402,1,1.0,19
1900-01-01 14:36:46.375,0.228808,0.622843,0.663106,1102.797992,0.057356,0.02137,0.025519,1,1.0,19
1900-01-01 14:36:49.474,0.228728,0.621784,0.66184,1101.144234,0.056746,0.021775,0.02488,1,1.0,19
1900-01-01 14:36:52.623,0.228687,0.621433,0.661771,1101.859014,0.056472,0.021205,0.024084,1,1.0,19
1900-01-01 14:36:55.676,0.227867,0.621312,0.661116,1100.638243,0.056292,0.021258,0.024952,1,1.0,19
1900-01-01 14:36:58.726,0.228668,0.62225,0.662221,1101.750651,0.056669,0.021148,0.025327,1,1.0,19
1900-01-01 14:37:01.825,0.229045,0.623778,0.663764,1103.185948,0.058341,0.021986,0.025241,1,1.0,19
1900-01-01 14:37:04.876,0.22797,0.621467,0.660988,1101.335821,0.056752,0.021083,0.024884,1,1.0,19
1900-01-01 14:37:07.974,0.228552,0.621779,0.661548,1101.082312,0.056924,0.02161,0.024123,1,1.0,19
1900-01-01 14:37:11.025,0.228643,0.622811,0.662623,1102.599903,0.056965,0.021959,0.025099,1,1.0,19
1900-01-01 14:37:14.122,0.228509,0.622682,0.663062,1102.216939,0.056671,0.020886,0.025064,1,1.0,19
1900-01-01 14:37:17.223,0.228598,0.622117,0.66227,1102.540547,0.057922,0.021458,0.024219,1,1.0,19
1900-01-01 14:37:20.274,0.22902,0.62314,0.663472,1102.896606,0.056995,0.021314,0.024761,1,1.0,19
1900-01-01 14:37:23.374,0.228765,0.622079,0.662011,1102.494324,0.057337,0.021631,0.024924,1,1.0,19
1900-01-01 14:37:26.473,0.228462,0.622484,0.662457,1102.049465,0.056961,0.021775,0.025023,1,1.0,19
1900-01-01 14:37:29.524,0.228799,0.622816,0.662756,1102.196571,0.057238,0.021814,0.024818,1,1.0,19
1900-01-01 14:37:32.622,0.228733,0.622448,0.662008,1102.721385,0.05722,0.021085,0.024914,1,1.0,19
1900-01-01 14:37:35.673,0.228705,0.622266,0.661952,1101.420814,0.056364,0.021356,0.025352,1,1.0,19
1900-01-01 14:37:38.772,0.228435,0.622369,0.662003,1102.209212,0.05803,0.022257,0.026269,1,1.0,19
1900-01-01 14:37:41.871,0.228494,0.621952,0.661562,1102.623032,0.056622,0.021699,0.025725,1,1.0,19
1900-01-01 14:37:44.970,0.22855,0.622462,0.662398,1101.593046,0.05784,0.021079,0.024662,1,1.0,19
1900-01-01 14:37:48.023,0.22845,0.621668,0.661311,1101.850534,0.056144,0.021466,0.025344,1,1.0,19
1900-01-01 14:37:51.121,0.228382,0.621387,0.661441,1101.409517,0.056779,0.020768,0.024764,1,1.0,19
1900-01-01 14:37:54.220,0.228728,0.622491,0.662217,1101.272031,0.058159,0.021297,0.02498,1,1.0,19
1900-01-01 14:37:57.321,0.228584,0.622303,0.661708,1102.846151,0.056895,0.021256,0.025016,1,1.0,19
1900-01-01 14:38:00.468,0.228463,0.621528,0.661341,1100.841633,0.057226,0.021793,0.025868,1,1.0,19
1900-01-01 14:38:03.521,0.22864,0.622417,0.662145,1101.364074,0.056259,0.021116,0.02549,1,1.0,19
1900-01-01 14:38:06.519,0.229451,0.623766,0.663649,1102.786893,0.056669,0.021457,0.025014,1,1.0,19
1900-01-01 14:38:09.572,0.229192,0.623542,0.663183,1103.390221,0.056906,0.021414,0.026699,1,1.0,19
1900-01-01 14:38:12.569,0.229272,0.623211,0.663488,1103.472263,0.057139,0.021866,0.025328,1,1.0,19
1900-01-01 14:38:15.668,0.22863,0.62243,0.662172,1102.543919,0.057036,0.021667,0.025156,1,1.0,19
1900-01-01 14:38:18.769,0.229053,0.622775,0.662416,1102.835508,0.056899,0.021091,0.025213,1,1.0,19
1900-01-01 14:38:21.868,0.228987,0.622421,0.662149,1102.131621,0.055397,0.021394,0.024033,1,1.0,19
1900-01-01 14:38:24.969,0.228772,0.622894,0.662561,1102.008402,0.056178,0.021375,0.024097,1,1.0,19
1900-01-01 14:38:28.020,0.22877,0.622255,0.662283,1103.265941,0.057563,0.021722,0.025091,1,1.0,19
1900-01-01 14:38:31.070,0.228892,0.622782,0.662809,1102.265415,0.056626,0.021438,0.024863,1,1.0,19
1900-01-01 14:38:34.169,0.22865,0.62314,0.662925,1103.805157,0.056178,0.02112,0.024608,1,1.0,19
1900-01-01 14:38:37.220,0.229286,0.623637,0.663442,1103.10059,0.057179,0.02165,0.02589,1,1.0,19
1900-01-01 14:38:40.370,0.228546,0.622839,0.662306,1102.536354,0.056491,0.021477,0.025105,1,1.0,19
1900-01-01 14:38:43.516,0.228432,0.621097,0.661155,1101.345557,0.056052,0.021888,0.024621,1,1.0,19
1900-01-01 14:38:46.617,0.228571,0.622174,0.66126,1101.263398,0.056361,0.0219,0.025487,1,1.0,19
1900-01-01 14:38:49.718,0.229368,0.62368,0.663559,1102.925212,0.056755,0.021376,0.025619,1,1.0,19
1900-01-01 14:38:52.918,0.228696,0.622456,0.662096,1102.157158,0.056641,0.021569,0.025691,1,1.0,19
1900-01-01 14:38:56.017,0.229236,0.623179,0.662872,1102.750829,0.057927,0.0218,0.024521,1,1.0,19
1900-01-01 14:38:59.169,0.228759,0.623489,0.663236,1103.31984,0.057025,0.021208,0.025564,1,1.0,19
1900-01-01 14:39:02.266,0.228814,0.622531,0.662217,1102.378311,0.057175,0.021739,0.02561,1,1.0,19
1900-01-01 14:39:05.366,0.228584,0.622203,0.662067,1102.208394,0.056663,0.021547,0.024873,1,1.0,19
1900-01-01 14:39:08.567,0.22853,0.621849,0.661813,1102.736712,0.056139,0.021569,0.024682,1,1.0,19
1900-01-01 14:39:11.665,0.229257,0.62324,0.66285,1102.668119,0.057576,0.021862,0.025613,1,1.0,19
1900-01-01 14:39:14.718,0.229087,0.62234,0.661751,1101.706913,0.056549,0.021813,0.025343,1,1.0,19
1900-01-01 14:39:17.868,0.228341,0.621577,0.661787,1101.961597,0.057522,0.021008,0.024781,1,1.0,19
1900-01-01 14:39:20.966,0.228799,0.62267,0.662693,1101.72607,0.057137,0.020885,0.024657,1,1.0,19
1900-01-01 14:39:24.065,0.229656,0.62397,0.663326,1103.192034,0.056743,0.022031,0.025526,1,1.0,19
1900-01-01 14:39:27.118,0.228473,0.622326,0.66219,1102.630416,0.056375,0.021377,0.024812,1,1.0,19
1900-01-01 14:39:30.162,0.228624,0.622002,0.661943,1102.363458,0.057072,0.021161,0.024508,1,1.0,19
1900-01-01 14:39:33.263,0.228909,0.623336,0.663139,1103.176081,0.056708,0.020936,0.026001,1,1.0,19
1900-01-01 14:39:36.364,0.228374,0.622096,0.661616,1103.042284,0.057594,0.021722,0.025589,1,1.0,19
1900-01-01 14:39:39.463,0.229057,0.622725,0.662418,1102.232033,0.056608,0.021372,0.024677,1,1.0,19
1900-01-01 14:39:42.617,0.229137,0.622586,0.662747,1102.78685,0.05643,0.021051,0.024213,1,1.0,19
1900-01-01 14:39:45.713,0.22858,0.620659,0.66055,1101.273581,0.056617,0.022275,0.026108,1,1.0,19
1900-01-01 14:39:48.814,0.228657,0.622928,0.663097,1102.691068,0.057119,0.021166,0.025082,1,1.0,19
1900-01-01 14:39:51.913,0.22866,0.621474,0.660818,1102.343095,0.056671,0.021884,0.025132,1,1.0,19
1900-01-01 14:39:55.065,0.228774,0.622086,0.662044,1101.635553,0.056638,0.021017,0.025446,1,1.0,19
1900-01-01 14:39:58.210,0.229516,0.622695,0.662357,1102.426971,0.056661,0.021858,0.024863,1,1.0,19
1900-01-01 14:40:01.364,0.229033,0.623393,0.662825,1103.040977,0.056563,0.021373,0.024991,1,1.0,19
1900-01-01 14:40:04.462,0.229255,0.622775,0.662527,1102.837048,0.056731,0.021521,0.025293,1,1.0,19
1900-01-01 14:40:07.610,0.229453,0.623007,0.662855,1102.027452,0.056925,0.021538,0.02518,1,1.0,19
1900-01-01 14:40:10.711,0.228718,0.623018,0.662291,1103.06509,0.055319,0.021328,0.025047,1,1.0,19
1900-01-01 14:40:13.863,0.229094,0.622659,0.662548,1102.241358,0.05723,0.021023,0.024702,1,1.0,19
1900-01-01 14:40:17.010,0.229089,0.622811,0.662378,1103.040978,0.056816,0.021495,0.026299,1,1.0,19
1900-01-01 14:40:20.111,0.229512,0.623945,0.663216,1103.474082,0.056816,0.021255,0.02568,1,1.0,19
1900-01-01 14:40:23.263,0.229284,0.623494,0.662927,1102.718522,0.057594,0.022216,0.02489,1,1.0,19
1900-01-01 14:40:26.361,0.228946,0.623313,0.662862,1103.54777,0.055943,0.021384,0.025143,1,1.0,19
1900-01-01 14:40:29.460,0.229448,0.622496,0.662297,1102.648895,0.057218,0.021328,0.024768,1,1.0,19
1900-01-01 14:40:32.609,0.229016,0.622467,0.661966,1102.824733,0.056901,0.021653,0.026289,1,1.0,19
1900-01-01 14:40:35.710,0.229609,0.623261,0.66257,1102.414353,0.057282,0.021386,0.025624,1,1.0,19
1900-01-01 14:40:38.810,0.229153,0.622899,0.662636,1103.022078,0.056729,0.020692,0.024306,1,1.0,19
1900-01-01 14:40:41.910,0.229721,0.623644,0.662868,1102.950596,0.057336,0.021206,0.025586,1,1.0,19
1900-01-01 14:40:45.058,0.229735,0.623438,0.663112,1103.525168,0.056603,0.020505,0.024742,1,1.0,19
1900-01-01 14:40:48.159,0.229394,0.622217,0.661992,1102.265352,0.057183,0.021484,0.025259,1,1.0,19
1900-01-01 14:40:51.260,0.229223,0.622569,0.662493,1102.837028,0.056421,0.021507,0.024609,1,1.0,19
1900-01-01 14:40:54.359,0.229323,0.622301,0.662009,1102.507406,0.05689,0.021398,0.024492,1,1.0,19
1900-01-01 14:40:57.458,0.229539,0.622923,0.662952,1102.966867,0.056449,0.021679,0.025198,1,1.0,19
1900-01-01 14:41:00.559,0.228743,0.621776,0.66193,1102.753405,0.056882,0.021089,0.025305,1,1.0,19
1900-01-01 14:41:03.658,0.229292,0.621954,0.661405,1101.393743,0.057175,0.021619,0.025705,1,1.0,19
1900-01-01 14:41:06.758,0.229397,0.622789,0.66234,1102.877592,0.057301,0.021302,0.025199,1,1.0,19
1900-01-01 14:41:09.858,0.229563,0.622393,0.661958,1101.691286,0.057101,0.021404,0.02468,1,1.0,19
1900-01-01 14:41:12.958,0.229341,0.622984,0.662346,1102.796984,0.05638,0.021242,0.025448,1,1.0,19
1900-01-01 14:41:16.110,0.229364,0.622623,0.66228,1102.856137,0.057067,0.021512,0.025462,1,1.0,19
1900-01-01 14:41:19.207,0.229665,0.623425,0.662632,1102.947681,0.056236,0.021661,0.025122,1,1.0,19
1900-01-01 14:41:22.356,0.229559,0.623403,0.663028,1103.176585,0.05606,0.021176,0.025324,1,1.0,19
1900-01-01 14:41:25.457,0.229126,0.622245,0.661805,1102.815742,0.05708,0.02086,0.025652,1,1.0,19
1900-01-01 14:41:28.657,0.22956,0.623614,0.663101,1103.832388,0.056757,0.021128,0.025032,1,1.0,19
1900-01-01 14:41:31.806,0.229864,0.624128,0.66332,1104.044984,0.056825,0.021713,0.025281,1,1.0,19
1900-01-01 14:41:34.959,0.229424,0.622213,0.66246,1102.684659,0.055874,0.021226,0.024586,1,1.0,19
1900-01-01 14:41:38.057,0.229543,0.62307,0.663084,1102.949668,0.057377,0.021628,0.025308,1,1.0,19
1900-01-01 14:41:41.156,0.229985,0.623219,0.662694,1103.465885,0.057292,0.021476,0.024791,1,1.0,19
1900-01-01 14:41:44.255,0.229824,0.623438,0.662931,1103.36243,0.056981,0.021906,0.025056,1,1.0,19
1900-01-01 14:41:47.457,0.229293,0.622971,0.662506,1103.390998,0.056782,0.02113,0.025723,1,1.0,19
1900-01-01 14:41:50.556,0.230058,0.622907,0.662789,1103.544998,0.056986,0.021433,0.024681,1,1.0,19
1900-01-01 14:41:53.756,0.229731,0.622971,0.662693,1103.412476,0.056779,0.021536,0.026298,1,1.0,19
1900-01-01 14:41:56.855,0.229963,0.622916,0.66267,1102.890798,0.05688,0.021928,0.025079,1,1.0,19
1900-01-01 14:41:59.954,0.22918,0.621091,0.661259,1102.101193,0.056305,0.021301,0.025462,1,1.0,19
1900-01-01 14:42:03.055,0.229688,0.622987,0.662641,1102.455404,0.056462,0.021624,0.024578,1,1.0,19
1900-01-01 14:42:06.106,0.229422,0.622462,0.662265,1103.717178,0.056626,0.021529,0.02509,1,1.0,19
1900-01-01 14:42:09.156,0.22952,0.621909,0.661453,1101.534233,0.056742,0.021385,0.025302,1,1.0,19
1900-01-01 14:42:12.306,0.229237,0.622449,0.662108,1102.924016,0.056897,0.021489,0.025391,1,1.0,19
1900-01-01 14:42:15.404,0.229528,0.62288,0.662455,1103.02424,0.056807,0.022301,0.025499,1,1.0,19
1900-01-01 14:42:18.505,0.229412,0.62265,0.662359,1102.526863,0.056387,0.02147,0.02504,1,1.0,19
1900-01-01 14:42:21.604,0.229368,0.622348,0.661837,1102.758436,0.05659,0.021704,0.026367,1,1.0,19
1900-01-01 14:42:24.703,0.22946,0.622606,0.66184,1103.184427,0.057268,0.021443,0.02565,1,1.0,19
1900-01-01 14:42:27.802,0.229353,0.622802,0.662398,1103.436979,0.056661,0.021391,0.025221,1,1.0,19
1900-01-01 14:42:30.956,0.229387,0.621622,0.661672,1102.538702,0.057013,0.021185,0.024998,1,1.0,19
1900-01-01 14:42:34.102,0.229999,0.623096,0.662735,1102.478549,0.057229,0.022044,0.02561,1,1.0,19
1900-01-01 14:42:37.255,0.229397,0.622724,0.662311,1103.418871,0.056869,0.02138,0.025572,1,1.0,19
1900-01-01 14:42:40.401,0.229763,0.62372,0.663284,1103.350774,0.056768,0.021766,0.02584,1,1.0,19
1900-01-01 14:42:43.502,0.229322,0.622362,0.661856,1103.016437,0.056291,0.021527,0.024439,1,1.0,19
1900-01-01 14:42:46.601,0.229516,0.622028,0.662021,1103.370037,0.056452,0.021825,0.024834,1,1.0,19
1900-01-01 14:42:49.702,0.230199,0.623747,0.663044,1102.978427,0.056569,0.021594,0.025275,1,1.0,19
1900-01-01 14:42:52.854,0.229865,0.622842,0.662435,1103.022173,0.056676,0.021515,0.025567,1,1.0,19
1900-01-01 14:42:56.004,0.229602,0.622564,0.662195,1102.973409,0.057684,0.021131,0.024652,1,1.0,19
1900-01-01 14:42:59.102,0.230229,0.622902,0.662556,1103.044025,0.057107,0.021793,0.025599,1,1.0,19
1900-01-01 14:43:02.254,0.229367,0.622134,0.661983,1102.770876,0.05745,0.021262,0.025706,1,1.0,19
1900-01-01 14:43:05.399,0.229333,0.622113,0.661773,1102.81525,0.056669,0.021537,0.025591,1,1.0,19
1900-01-01 14:43:08.553,0.229534,0.62199,0.661817,1103.153092,0.056568,0.021863,0.026176,1,1.0,19
1900-01-01 14:43:11.650,0.230428,0.623479,0.662905,1103.40135,0.056862,0.02211,0.025264,1,1.0,19
1900-01-01 14:43:14.751,0.229495,0.622779,0.662513,1103.341806,0.057001,0.021665,0.024745,1,1.0,19
1900-01-01 14:43:17.850,0.229677,0.622089,0.66206,1103.67736,0.0569,0.021823,0.025549,1,1.0,19
1900-01-01 14:43:20.950,0.230066,0.623331,0.663116,1103.844888,0.05661,0.021776,0.02496,1,1.0,19
1900-01-01 14:43:24.102,0.229975,0.622927,0.662301,1103.304882,0.056961,0.021355,0.025403,1,1.0,19
1900-01-01 14:43:27.247,0.229852,0.622737,0.662412,1103.584311,0.057272,0.021756,0.025069,1,1.0,19
1900-01-01 14:43:30.401,0.229878,0.623507,0.662732,1103.997692,0.056599,0.021461,0.02529,1,1.0,19
1900-01-01 14:43:33.551,0.229246,0.622866,0.662298,1104.266614,0.05685,0.021377,0.025151,1,1.0,19
1900-01-01 14:43:36.702,0.229707,0.622926,0.662255,1102.634201,0.056655,0.021657,0.025955,1,1.0,19
1900-01-01 14:43:39.799,0.229248,0.621767,0.661769,1103.541409,0.057289,0.020781,0.024022,1,1.0,19
1900-01-01 14:43:42.898,0.229711,0.623153,0.662436,1103.429372,0.056963,0.021686,0.025255,1,1.0,19
1900-01-01 14:43:46.050,0.22982,0.622899,0.662691,1103.919662,0.056734,0.02124,0.025009,1,1.0,19
1900-01-01 14:43:49.201,0.229812,0.621714,0.66143,1102.861637,0.056527,0.021288,0.024935,1,1.0,19
1900-01-01 14:43:52.398,0.229819,0.621628,0.661579,1102.171287,0.057559,0.021562,0.0256,1,1.0,19
1900-01-01 14:43:55.650,0.229958,0.622547,0.662355,1102.956881,0.056753,0.021421,0.024853,1,1.0,19
1900-01-01 14:43:58.849,0.230071,0.622568,0.662465,1103.65388,0.057789,0.021584,0.025573,1,1.0,19
1900-01-01 14:44:01.996,0.229358,0.622475,0.661473,1102.895653,0.057183,0.021135,0.026201,1,1.0,19
1900-01-01 14:44:05.150,0.230238,0.623049,0.662385,1103.417684,0.05771,0.021805,0.024176,1,1.0,19
1900-01-01 14:44:08.295,0.230291,0.623271,0.662795,1103.423902,0.057107,0.021436,0.024678,1,1.0,19
1900-01-01 14:44:11.449,0.2295,0.622285,0.661779,1103.612016,0.057191,0.021579,0.025307,1,1.0,19
1900-01-01 14:44:14.594,0.230617,0.623951,0.663356,1103.819676,0.057017,0.021796,0.02566,1,1.0,19
1900-01-01 14:44:17.748,0.230466,0.623733,0.663481,1104.689815,0.057483,0.021033,0.0248,1,1.0,19
1900-01-01 14:44:20.948,0.230156,0.623413,0.662796,1103.904584,0.056997,0.021769,0.025461,1,1.0,19
1900-01-01 14:44:24.194,0.230403,0.623397,0.663094,1104.460477,0.057307,0.021597,0.024941,1,1.0,19
1900-01-01 14:44:27.348,0.230105,0.622616,0.661829,1103.544747,0.056942,0.021847,0.024746,1,1.0,19
1900-01-01 14:44:30.498,0.230454,0.623002,0.66242,1102.615683,0.056856,0.021605,0.025321,1,1.0,19
1900-01-01 14:44:33.596,0.230109,0.622523,0.661978,1102.818786,0.057308,0.021029,0.024938,1,1.0,19
1900-01-01 14:44:36.743,0.229993,0.622914,0.662188,1103.405038,0.056705,0.021267,0.02479,1,1.0,19
1900-01-01 14:44:39.897,0.230035,0.622764,0.662088,1103.531293,0.057018,0.021145,0.025216,1,1.0,19
1900-01-01 14:44:43.042,0.230149,0.62344,0.662275,1103.740222,0.057324,0.021111,0.024901,1,1.0,19
1900-01-01 14:44:46.244,0.229936,0.621379,0.661086,1102.534028,0.056747,0.021254,0.025203,1,1.0,19
1900-01-01 14:44:49.444,0.23032,0.622769,0.662038,1103.251878,0.055588,0.021137,0.025217,1,1.0,19
1900-01-01 14:44:52.644,0.22993,0.622789,0.662101,1103.689471,0.056835,0.02151,0.025785,1,1.0,19
1900-01-01 14:44:55.793,0.230343,0.622787,0.662004,1103.127176,0.056747,0.022098,0.025361,1,1.0,19
1900-01-01 14:44:58.942,0.230311,0.622792,0.661888,1103.842857,0.057437,0.02174,0.025825,1,1.0,19
1900-01-01 14:45:02.143,0.230124,0.622056,0.661899,1103.128508,0.057162,0.021063,0.025076,1,1.0,19
1900-01-01 14:45:05.292,0.230808,0.624001,0.663338,1103.2769,0.056864,0.022022,0.025335,1,1.0,19
1900-01-01 14:45:08.494,0.230555,0.623993,0.662988,1105.109356,0.057565,0.021369,0.02536,1,1.0,19
1900-01-01 14:45:11.641,0.230307,0.624179,0.662699,1104.573628,0.057523,0.02137,0.025439,1,1.0,19
1900-01-01 14:45:14.842,0.230539,0.623739,0.662729,1103.49821,0.056725,0.0214,0.025308,1,1.0,19
1900-01-01 14:45:17.991,0.230263,0.622611,0.662185,1104.196205,0.057022,0.021604,0.02521,1,1.0,19
1900-01-01 14:45:21.145,0.230577,0.621862,0.661535,1102.434062,0.05623,0.021907,0.025149,1,1.0,19
1900-01-01 14:45:24.343,0.230813,0.623991,0.662716,1103.721469,0.057582,0.021684,0.024972,1,1.0,19
1900-01-01 14:45:27.543,0.230281,0.62292,0.662305,1103.836809,0.057106,0.022044,0.025169,1,1.0,19
1900-01-01 14:45:30.690,0.23013,0.622897,0.662176,1102.939101,0.056369,0.021259,0.025042,1,1.0,19
1900-01-01 14:45:33.844,0.229858,0.622341,0.661407,1103.299589,0.057699,0.021602,0.025239,1,1.0,19
1900-01-01 14:45:37.042,0.230166,0.623799,0.663124,1103.663971,0.057011,0.021364,0.025444,1,1.0,19
1900-01-01 14:45:40.193,0.230805,0.623867,0.66283,1103.490078,0.05704,0.021571,0.024964,1,1.0,19
1900-01-01 14:45:43.343,0.230354,0.622942,0.66256,1103.311678,0.056387,0.021568,0.024599,1,1.0,19
1900-01-01 14:45:46.489,0.230431,0.622714,0.662218,1103.646011,0.057592,0.021482,0.025193,1,1.0,19
1900-01-01 14:45:49.642,0.230102,0.622291,0.66188,1103.61177,0.056659,0.021222,0.025074,1,1.0,19
1900-01-01 14:45:52.841,0.230334,0.623636,0.663053,1103.643564,0.056548,0.02152,0.025448,1,1.0,19
1900-01-01 14:45:55.988,0.230536,0.623962,0.66337,1104.516696,0.057925,0.021714,0.026089,1,1.0,19
1900-01-01 14:45:59.190,0.230242,0.623017,0.662119,1104.373127,0.057646,0.021386,0.025295,1,1.0,19
1900-01-01 14:46:02.391,0.230541,0.623367,0.662726,1103.917991,0.056675,0.02177,0.025156,1,1.0,19
1900-01-01 14:46:05.542,0.230347,0.623477,0.662888,1104.322015,0.056482,0.020766,0.025196,1,1.0,19
1900-01-01 14:46:08.692,0.230244,0.622081,0.661224,1102.759372,0.057611,0.021604,0.024975,1,1.0,19
1900-01-01 14:46:11.890,0.230715,0.624135,0.663431,1104.227153,0.057607,0.021583,0.025789,1,1.0,19
1900-01-01 14:46:15.090,0.2303,0.622755,0.662288,1103.864803,0.056929,0.021266,0.024376,1,1.0,19
1900-01-01 14:46:18.238,0.230437,0.622986,0.662341,1103.210647,0.057278,0.021522,0.024758,1,1.0,19
1900-01-01 14:46:21.386,0.230268,0.622272,0.661757,1103.089333,0.057467,0.021274,0.025791,1,1.0,19
1900-01-01 14:46:24.540,0.230441,0.623092,0.66256,1103.526809,0.057006,0.021002,0.025467,1,1.0,19
1900-01-01 14:46:27.690,0.230986,0.624421,0.663525,1104.354923,0.057398,0.02145,0.024927,1,1.0,19
1900-01-01 14:46:30.841,0.230359,0.621961,0.661404,1103.204287,0.056694,0.021408,0.024739,1,1.0,19
1900-01-01 14:46:33.986,0.230618,0.624283,0.663642,1104.468806,0.056729,0.021544,0.024482,1,1.0,19
1900-01-01 14:46:37.140,0.230606,0.622951,0.662289,1104.032074,0.056554,0.021735,0.024908,1,1.0,19
1900-01-01 14:46:40.338,0.230437,0.622712,0.662423,1103.058034,0.056784,0.021277,0.024545,1,1.0,19
1900-01-01 14:46:43.538,0.230745,0.623196,0.66267,1103.542133,0.055703,0.021096,0.024678,1,1.0,19
1900-01-01 14:46:46.738,0.230655,0.62327,0.662676,1104.819551,0.057664,0.021759,0.025119,1,1.0,19
1900-01-01 14:46:49.889,0.229924,0.621184,0.661051,1102.991814,0.056504,0.020856,0.024126,1,1.0,19
1900-01-01 14:46:53.087,0.2307,0.623242,0.662848,1103.091943,0.056985,0.021892,0.024078,1,1.0,19
1900-01-01 14:46:56.287,0.23033,0.622349,0.661866,1104.22578,0.0564,0.021656,0.02532,1,1.0,19
1900-01-01 14:46:59.487,0.230555,0.622715,0.662104,1102.771557,0.056913,0.020876,0.024477,1,1.0,19
1900-01-01 14:47:02.634,0.230232,0.622552,0.661899,1103.318143,0.057026,0.021549,0.025479,1,1.0,19
1900-01-01 14:47:05.836,0.230778,0.62304,0.662667,1103.317375,0.057494,0.02228,0.025616,1,1.0,19
1900-01-01 14:47:09.036,0.23087,0.62283,0.66232,1103.493512,0.057215,0.021652,0.024834,1,1.0,19
1900-01-01 14:47:12.188,0.230162,0.621543,0.661146,1103.662382,0.057255,0.021618,0.025338,1,1.0,19
1900-01-01 14:47:15.334,0.230396,0.620833,0.660659,1101.775674,0.056011,0.021219,0.025187,1,1.0,19
1900-01-01 14:47:18.535,0.2308,0.623455,0.663171,1103.960706,0.057345,0.02168,0.025197,1,1.0,19
1900-01-01 14:47:21.687,0.230505,0.622096,0.662033,1103.72371,0.056493,0.021547,0.025301,1,1.0,19
1900-01-01 14:47:24.884,0.23063,0.622569,0.662522,1103.887908,0.056394,0.021539,0.024689,1,1.0,19
1900-01-01 14:47:28.084,0.231188,0.622724,0.662612,1103.388902,0.056835,0.021247,0.025033,1,1.0,19
1900-01-01 14:47:31.286,0.230636,0.621958,0.66176,1104.202322,0.056647,0.021008,0.0233,1,1.0,19
1900-01-01 14:47:34.436,0.230861,0.621814,0.662026,1103.265278,0.057112,0.021577,0.025159,1,1.0,19
1900-01-01 14:47:37.634,0.230784,0.623088,0.662831,1104.221256,0.056573,0.021511,0.024534,1,1.0,19
1900-01-01 14:47:40.782,0.230011,0.620637,0.660575,1102.774812,0.056682,0.021058,0.024635,1,1.0,19
1900-01-01 14:47:43.935,0.230971,0.622563,0.662393,1104.1157,0.056876,0.021485,0.024741,1,1.0,19
1900-01-01 14:47:47.086,0.230452,0.621411,0.661637,1102.994806,0.057173,0.021498,0.024772,1,1.0,19
1900-01-01 14:47:50.236,0.230681,0.622642,0.662508,1104.133402,0.05621,0.021105,0.024544,1,1.0,19
1900-01-01 14:47:53.433,0.230986,0.622564,0.662525,1103.87611,0.056663,0.021466,0.025246,1,1.0,19
1900-01-01 14:47:56.633,0.230348,0.621157,0.66128,1103.041185,0.057071,0.021378,0.024809,1,1.0,19
1900-01-01 14:47:59.833,0.23042,0.621856,0.661521,1103.23125,0.057165,0.021684,0.025479,1,1.0,19
1900-01-01 14:48:02.985,0.230443,0.621593,0.661304,1103.25552,0.056931,0.022008,0.02512,1,1.0,19
1900-01-01 14:48:06.130,0.230785,0.62251,0.662813,1103.104584,0.057159,0.021775,0.026113,1,1.0,19
1900-01-01 14:48:09.284,0.230884,0.622376,0.662231,1104.214447,0.056922,0.021253,0.025265,1,1.0,19
1900-01-01 14:48:12.482,0.230756,0.622567,0.66269,1104.46599,0.05629,0.021594,0.024092,1,1.0,19
1900-01-01 14:48:15.630,0.230657,0.622324,0.662303,1103.911578,0.055763,0.02162,0.024963,1,1.0,19
1900-01-01 14:48:18.783,0.230556,0.622809,0.662483,1104.259253,0.056503,0.021691,0.024806,1,1.0,19
1900-01-01 14:48:21.934,0.231212,0.623079,0.662783,1104.133483,0.057116,0.021718,0.025678,1,1.0,19
1900-01-01 14:48:25.079,0.230902,0.622457,0.662398,1104.4778,0.057129,0.021962,0.02577,1,1.0,19
1900-01-01 14:48:28.233,0.230744,0.622067,0.66217,1103.922948,0.0566,0.021542,0.024675,1,1.0,19
1900-01-01 14:48:31.431,0.230263,0.621504,0.661805,1102.859004,0.056526,0.021469,0.024532,1,1.0,19
1900-01-01 14:48:34.631,0.230753,0.622633,0.66244,1103.685051,0.056476,0.021279,0.024223,1,1.0,19
1900-01-01 14:48:37.831,0.230778,0.622328,0.662245,1104.246408,0.056285,0.021582,0.024623,1,1.0,19
1900-01-01 14:48:41.079,0.230268,0.620943,0.661009,1102.8477,0.05579,0.021095,0.024147,1,1.0,19
1900-01-01 14:48:44.279,0.230538,0.621926,0.662208,1103.595175,0.056537,0.021846,0.025512,1,1.0,19
1900-01-01 14:48:47.479,0.231016,0.622758,0.663244,1104.367225,0.057661,0.02139,0.025337,1,1.0,19
1900-01-01 14:48:50.628,0.230061,0.622626,0.662556,1104.753178,0.057184,0.021374,0.024845,1,1.0,19
1900-01-01 14:48:53.830,0.230726,0.621946,0.662027,1103.770892,0.056726,0.021665,0.024984,1,1.0,19
1900-01-01 14:48:57.030,0.230934,0.62334,0.663106,1104.367225,0.056466,0.021842,0.025502,1,1.0,19
1900-01-01 14:49:00.230,0.230825,0.621519,0.66153,1103.534766,0.056619,0.021737,0.024904,1,1.0,19
1900-01-01 14:49:03.430,0.230902,0.622431,0.662567,1104.12117,0.056688,0.021776,0.025242,1,1.0,19
1900-01-01 14:49:06.630,0.230591,0.622589,0.662503,1104.10791,0.057084,0.021382,0.024764,1,1.0,19
1900-01-01 14:49:09.828,0.230559,0.622594,0.662477,1104.617842,0.057129,0.020956,0.02476,1,1.0,19
1900-01-01 14:49:13.028,0.230825,0.621769,0.661671,1103.804394,0.056395,0.021029,0.02521,1,1.0,19
1900-01-01 14:49:16.228,0.230299,0.621616,0.661797,1103.151688,0.057331,0.020855,0.024987,1,1.0,19
1900-01-01 14:49:19.428,0.231208,0.623419,0.663155,1104.684001,0.056922,0.021404,0.024498,1,1.0,19
1900-01-01 14:49:22.575,0.230834,0.622634,0.66281,1105.220846,0.057119,0.021539,0.025009,1,1.0,19
1900-01-01 14:49:25.777,0.230408,0.621848,0.66166,1103.725246,0.057326,0.021475,0.024523,1,1.0,19
1900-01-01 14:49:28.977,0.230807,0.621642,0.662007,1104.012141,0.056556,0.021241,0.024199,1,1.0,19
1900-01-01 14:49:32.177,0.231135,0.622899,0.66275,1104.386378,0.057078,0.021238,0.024425,1,1.0,19
1900-01-01 14:49:35.329,0.230918,0.622897,0.66268,1104.749839,0.055726,0.021738,0.025128,1,1.0,19
1900-01-01 14:49:38.527,0.231317,0.623093,0.662974,1104.575088,0.057232,0.021301,0.024266,1,1.0,19
1900-01-01 14:49:41.775,0.230288,0.621816,0.662242,1105.048331,0.05694,0.02066,0.024624,1,1.0,19
1900-01-01 14:49:44.977,0.23077,0.622184,0.662148,1103.773837,0.056973,0.021438,0.024923,1,1.0,19
1900-01-01 14:49:48.177,0.230838,0.62251,0.662325,1104.433527,0.057799,0.02182,0.025609,1,1.0,19
1900-01-01 14:49:51.324,0.23037,0.6222,0.66215,1104.820829,0.056812,0.021144,0.025424,1,1.0,19
1900-01-01 14:49:54.526,0.230716,0.622666,0.662897,1104.240606,0.056751,0.020903,0.024807,1,1.0,19
1900-01-01 14:49:57.826,0.23056,0.621429,0.661758,1104.383566,0.056827,0.021389,0.02442,1,1.0,19
1900-01-01 14:50:00.977,0.23161,0.623349,0.663748,1104.682621,0.057111,0.021596,0.025569,1,1.0,19
1900-01-01 14:50:04.175,0.231511,0.622103,0.662205,1104.415864,0.056558,0.022188,0.025471,1,1.0,19
1900-01-01 14:50:07.375,0.230725,0.622351,0.66203,1104.700208,0.056674,0.021265,0.025027,1,1.0,19
1900-01-01 14:50:10.575,0.231578,0.623347,0.663396,1105.408903,0.056587,0.021123,0.023961,1,1.0,19
1900-01-01 14:50:13.722,0.230739,0.621399,0.661855,1104.852291,0.057738,0.021629,0.025017,1,1.0,19
1900-01-01 14:50:16.876,0.231178,0.622839,0.66286,1104.779507,0.056818,0.021416,0.025196,1,1.0,19
1900-01-01 14:50:20.074,0.230659,0.622474,0.662351,1105.033595,0.057566,0.021174,0.02411,1,1.0,19
1900-01-01 14:50:23.274,0.231304,0.622858,0.662862,1105.366175,0.056751,0.021466,0.024482,1,1.0,19
1900-01-01 14:50:26.422,0.230867,0.622367,0.662292,1105.153184,0.057058,0.021059,0.024515,1,1.0,19
1900-01-01 14:50:29.671,0.231304,0.622899,0.662829,1105.158416,0.057124,0.021446,0.024612,1,1.0,19
1900-01-01 14:50:32.873,0.231328,0.622874,0.662578,1105.112301,0.056503,0.020994,0.024377,1,1.0,19
1900-01-01 14:50:36.025,0.231376,0.622383,0.662662,1104.56735,0.056637,0.0214,0.024319,1,1.0,19
1900-01-01 14:50:39.223,0.231107,0.622861,0.662791,1105.092567,0.056849,0.021493,0.024686,1,1.0,19
1900-01-01 14:50:42.423,0.230756,0.621495,0.661447,1104.215467,0.055845,0.020986,0.024519,1,1.0,19
1900-01-01 14:50:45.570,0.231652,0.623148,0.663192,1104.188592,0.056352,0.021612,0.02453,1,1.0,19
1900-01-01 14:50:48.772,0.231241,0.62163,0.661869,1104.689706,0.056203,0.021744,0.024036,1,1.0,19
1900-01-01 14:50:51.972,0.231147,0.622587,0.662136,1104.486568,0.057079,0.020963,0.023812,1,1.0,19
1900-01-01 14:50:55.172,0.23103,0.623086,0.662868,1105.028771,0.056992,0.021085,0.024725,1,1.0,19
1900-01-01 14:50:58.420,0.231476,0.622446,0.662182,1105.348813,0.05669,0.021381,0.024454,1,1.0,19
1900-01-01 14:51:01.622,0.23162,0.623017,0.662897,1104.909102,0.056981,0.021607,0.024981,1,1.0,19
1900-01-01 14:51:04.822,0.231418,0.62328,0.662991,1105.650536,0.056164,0.020957,0.025225,1,1.0,19
1900-01-01 14:51:08.022,0.230002,0.621106,0.660807,1103.911951,0.056668,0.02106,0.025779,1,1.0,19
1900-01-01 14:51:11.222,0.230761,0.622454,0.662119,1104.526349,0.056446,0.021435,0.025574,1,1.0,19
1900-01-01 14:51:14.420,0.231194,0.623617,0.663081,1105.549599,0.057393,0.021778,0.024939,1,1.0,19
1900-01-01 14:51:17.620,0.230655,0.622535,0.662231,1104.726729,0.057207,0.021612,0.025074,1,1.0,19
1900-01-01 14:51:20.868,0.230915,0.62315,0.663073,1105.03817,0.056765,0.021556,0.025498,1,1.0,19
1900-01-01 14:51:24.070,0.230821,0.622537,0.662397,1104.595468,0.057315,0.021431,0.025114,1,1.0,19
1900-01-01 14:51:27.318,0.23129,0.622749,0.662389,1104.309465,0.056271,0.021375,0.024765,1,1.0,19
1900-01-01 14:51:30.572,0.231113,0.621595,0.661415,1104.384954,0.05693,0.020776,0.024201,1,1.0,19
1900-01-01 14:51:33.818,0.231427,0.622561,0.662451,1103.976795,0.056615,0.021302,0.026012,1,1.0,19
1900-01-01 14:51:37.020,0.231936,0.624003,0.663775,1106.412481,0.056529,0.021908,0.025019,1,1.0,19
1900-01-01 14:51:40.218,0.231084,0.622704,0.662561,1104.523487,0.056824,0.02124,0.025086,1,1.0,19
1900-01-01 14:51:43.418,0.231862,0.624177,0.664685,1105.895117,0.0568,0.021271,0.024351,1,1.0,19
1900-01-01 14:51:46.666,0.231159,0.621881,0.661738,1105.033815,0.057301,0.021407,0.025136,1,1.0,19
1900-01-01 14:51:49.868,0.23108,0.621302,0.661089,1103.694324,0.056708,0.021551,0.024949,1,1.0,19
1900-01-01 14:51:53.116,0.231249,0.622149,0.662313,1103.974145,0.056044,0.021483,0.024742,1,1.0,19
1900-01-01 14:51:56.370,0.231289,0.622438,0.661994,1104.35018,0.056502,0.021592,0.024973,1,1.0,19
1900-01-01 14:51:59.569,0.231228,0.622789,0.662551,1105.173408,0.057219,0.021483,0.025355,1,1.0,19
1900-01-01 14:52:02.767,0.231165,0.623259,0.662851,1105.25474,0.056597,0.02134,0.025231,1,1.0,19
1900-01-01 14:52:05.967,0.231403,0.622376,0.662044,1104.551397,0.05617,0.021402,0.02427,1,1.0,19
1900-01-01 14:52:09.114,0.23154,0.623735,0.663551,1105.533968,0.057116,0.021519,0.025474,1,1.0,19
1900-01-01 14:52:12.316,0.231054,0.622794,0.662601,1105.015119,0.058019,0.021453,0.025036,1,1.0,19
1900-01-01 14:52:15.516,0.231495,0.622655,0.662509,1104.589705,0.057158,0.021655,0.024929,1,1.0,19
1900-01-01 14:52:18.718,0.231531,0.623209,0.662346,1105.138805,0.056891,0.021375,0.025442,1,1.0,19
1900-01-01 14:52:21.964,0.231893,0.623193,0.663068,1105.042928,0.057415,0.021738,0.024404,1,1.0,19
1900-01-01 14:52:25.214,0.231138,0.621618,0.66108,1104.315316,0.056622,0.021933,0.024825,1,1.0,19
1900-01-01 14:52:28.415,0.231717,0.623747,0.663455,1104.367231,0.057515,0.020941,0.024832,1,1.0,19
1900-01-01 14:52:31.615,0.231442,0.623444,0.663258,1106.848392,0.056143,0.021219,0.024253,1,1.0,19
1900-01-01 14:52:34.863,0.231456,0.622602,0.662168,1105.296556,0.056924,0.020942,0.024882,1,1.0,19
1900-01-01 14:52:38.065,0.231415,0.622932,0.662762,1105.802883,0.056521,0.02048,0.024889,1,1.0,19
1900-01-01 14:52:41.313,0.232227,0.622944,0.662723,1104.578012,0.056926,0.021939,0.024412,1,1.0,19
1900-01-01 14:52:44.514,0.231573,0.622592,0.662232,1105.410056,0.056544,0.021442,0.025053,1,1.0,19
1900-01-01 14:52:47.764,0.232064,0.623321,0.66307,1105.42656,0.055983,0.020977,0.024253,1,1.0,19
1900-01-01 14:52:50.964,0.232112,0.623713,0.663247,1105.743359,0.056472,0.021981,0.025142,1,1.0,19
1900-01-01 14:52:54.166,0.231595,0.623016,0.663008,1105.816135,0.056261,0.021092,0.024619,1,1.0,19
1900-01-01 14:52:57.412,0.231283,0.622572,0.662737,1104.800361,0.055933,0.021017,0.024336,1,1.0,19
1900-01-01 14:53:00.662,0.231209,0.622009,0.661934,1104.863685,0.057052,0.021059,0.024579,1,1.0,19
1900-01-01 14:53:03.911,0.231536,0.622296,0.661983,1104.601172,0.056589,0.021226,0.024579,1,1.0,19
1900-01-01 14:53:07.166,0.231522,0.622578,0.662272,1104.258937,0.056812,0.021899,0.024357,1,1.0,19
1900-01-01 14:53:10.364,0.231751,0.622794,0.66211,1105.030646,0.056956,0.021661,0.025574,1,1.0,19
1900-01-01 14:53:13.562,0.231651,0.622411,0.662113,1104.667969,0.057567,0.021633,0.025602,1,1.0,19
1900-01-01 14:53:16.762,0.231606,0.622418,0.661751,1104.927108,0.056755,0.021651,0.025905,1,1.0,19
1900-01-01 14:53:20.012,0.23135,0.622418,0.662121,1104.939122,0.056607,0.021564,0.02444,1,1.0,19
1900-01-01 14:53:23.260,0.231938,0.624779,0.664202,1106.112357,0.057443,0.021607,0.02438,1,1.0,19
1900-01-01 14:53:26.514,0.23096,0.621708,0.661331,1104.802245,0.057068,0.021457,0.025974,1,1.0,19
1900-01-01 14:53:29.761,0.231054,0.621538,0.661482,1104.755221,0.056399,0.021561,0.025352,1,1.0,19
1900-01-01 14:53:33.010,0.232104,0.624019,0.663717,1105.701149,0.055903,0.021315,0.024904,1,1.0,19
1900-01-01 14:53:36.260,0.231478,0.622342,0.662273,1105.333715,0.056263,0.021585,0.024806,1,1.0,19
1900-01-01 14:53:39.462,0.231549,0.622748,0.662294,1105.215373,0.056996,0.021126,0.024208,1,1.0,19
1900-01-01 14:53:42.662,0.231406,0.622435,0.662383,1105.448684,0.056535,0.021332,0.024337,1,1.0,19
1900-01-01 14:53:45.862,0.231977,0.623135,0.66244,1105.00667,0.05627,0.021467,0.024862,1,1.0,19
1900-01-01 14:53:49.060,0.231253,0.622641,0.662449,1105.371209,0.057234,0.021051,0.025594,1,1.0,19
1900-01-01 14:53:52.260,0.231019,0.621741,0.661501,1105.050872,0.056615,0.021742,0.024961,1,1.0,19
1900-01-01 14:53:55.508,0.231555,0.621742,0.661854,1104.432852,0.055954,0.02079,0.023322,1,1.0,19
1900-01-01 14:53:58.758,0.231264,0.621668,0.661996,1104.255837,0.057208,0.021467,0.025363,1,1.0,19
1900-01-01 14:54:02.060,0.231639,0.622646,0.662354,1105.074655,0.056049,0.021452,0.024762,1,1.0,19
1900-01-01 14:54:05.308,0.231665,0.622767,0.662847,1104.758011,0.056729,0.021676,0.025499,1,1.0,19
1900-01-01 14:54:08.558,0.231662,0.622411,0.662146,1105.24232,0.05682,0.021699,0.024473,1,1.0,19
1900-01-01 14:54:11.759,0.230931,0.621385,0.661144,1104.356921,0.056577,0.021487,0.025071,1,1.0,19
1900-01-01 14:54:14.959,0.231496,0.622714,0.662831,1105.370595,0.056727,0.021262,0.024178,1,1.0,19
1900-01-01 14:54:18.207,0.23139,0.622317,0.662115,1105.405426,0.056146,0.021142,0.024537,1,1.0,19
1900-01-01 14:54:21.510,0.231365,0.621685,0.661715,1104.163745,0.056769,0.021274,0.024698,1,1.0,19
1900-01-01 14:54:24.761,0.231364,0.62218,0.662097,1105.353728,0.056965,0.021476,0.025255,1,1.0,19
1900-01-01 14:54:28.007,0.231742,0.623124,0.662578,1104.703044,0.056483,0.021319,0.024904,1,1.0,19
1900-01-01 14:54:31.260,0.231354,0.62212,0.66158,1105.000936,0.057089,0.021032,0.024669,1,1.0,19
1900-01-01 14:54:34.506,0.231628,0.622236,0.662086,1105.079241,0.056608,0.02211,0.025205,1,1.0,19
1900-01-01 14:54:37.756,0.231334,0.621736,0.6614,1104.438627,0.055883,0.021207,0.024985,1,1.0,19
1900-01-01 14:54:41.006,0.231146,0.62135,0.661592,1104.3835,0.057569,0.021439,0.024514,1,1.0,19
1900-01-01 14:54:44.308,0.231218,0.62136,0.66106,1104.452106,0.057386,0.021147,0.024267,1,1.0,19
1900-01-01 14:54:47.559,0.23158,0.622541,0.662744,1105.545163,0.056556,0.0211,0.025256,1,1.0,19
1900-01-01 14:54:50.806,0.231908,0.622755,0.662922,1105.603218,0.057726,0.021439,0.024563,1,1.0,19
1900-01-01 14:54:54.055,0.231373,0.623057,0.662761,1106.645852,0.056734,0.021353,0.025642,1,1.0,19
1900-01-01 14:54:57.305,0.231883,0.623301,0.662584,1105.307602,0.0564,0.021313,0.024941,1,1.0,19
1900-01-01 14:55:00.506,0.231691,0.622054,0.661916,1104.870969,0.056709,0.021131,0.024293,1,1.0,19
1900-01-01 14:55:03.754,0.232219,0.623348,0.662581,1105.675424,0.057082,0.022212,0.025658,1,1.0,19
1900-01-01 14:55:07.004,0.231497,0.622519,0.662234,1105.291644,0.057665,0.021222,0.024572,1,1.0,19
1900-01-01 14:55:10.254,0.231314,0.622135,0.661951,1105.642716,0.056434,0.02154,0.025165,1,1.0,19
1900-01-01 14:55:13.556,0.23206,0.622522,0.661958,1104.746246,0.056963,0.021649,0.025091,1,1.0,19
1900-01-01 14:55:16.756,0.23124,0.621975,0.661722,1105.313133,0.056335,0.021125,0.025179,1,1.0,19
1900-01-01 14:55:19.954,0.231585,0.622162,0.661906,1105.40217,0.056695,0.021483,0.02548,1,1.0,19
1900-01-01 14:55:23.202,0.231741,0.622379,0.66216,1105.045428,0.057375,0.021846,0.025187,1,1.0,19
1900-01-01 14:55:26.457,0.231848,0.622057,0.661973,1105.012147,0.056428,0.021689,0.025519,1,1.0,19
1900-01-01 14:55:29.703,0.231298,0.622045,0.661735,1105.074883,0.056373,0.020975,0.024456,1,1.0,19
1900-01-01 14:55:32.953,0.231539,0.621925,0.661832,1105.693491,0.056273,0.020982,0.024468,1,1.0,19
1900-01-01 14:55:36.202,0.231997,0.622539,0.662354,1105.548777,0.056349,0.021558,0.023449,1,1.0,19
1900-01-01 14:55:39.452,0.231403,0.621505,0.661323,1104.480697,0.056288,0.021791,0.024553,1,1.0,19
1900-01-01 14:55:42.702,0.231389,0.622028,0.66199,1105.304701,0.057019,0.021653,0.025218,1,1.0,19
1900-01-01 14:55:46.004,0.231253,0.6224,0.662351,1105.852841,0.05624,0.020929,0.024333,1,1.0,19
1900-01-01 14:55:49.305,0.231412,0.6224,0.662193,1105.826147,0.056982,0.021064,0.024135,1,1.0,19
1900-01-01 14:55:52.503,0.231964,0.622648,0.662391,1105.502422,0.056506,0.021715,0.025679,1,1.0,19
1900-01-01 14:55:55.751,0.23176,0.622823,0.662658,1105.161557,0.056639,0.021787,0.025532,1,1.0,19
1900-01-01 14:55:59.001,0.231474,0.621999,0.661971,1106.436255,0.056197,0.021667,0.024988,1,1.0,19
1900-01-01 14:56:02.202,0.231684,0.622082,0.661836,1105.424786,0.05623,0.021438,0.025499,1,1.0,19
1900-01-01 14:56:05.450,0.231835,0.621646,0.661571,1105.419942,0.05679,0.021754,0.024413,1,1.0,19
1900-01-01 14:56:08.700,0.231447,0.621928,0.661852,1105.213306,0.056699,0.02138,0.024941,1,1.0,19
1900-01-01 14:56:11.950,0.231686,0.622151,0.662027,1104.978291,0.056229,0.021097,0.024981,1,1.0,19
1900-01-01 14:56:15.199,0.2318,0.621576,0.661545,1105.370285,0.056563,0.021754,0.02459,1,1.0,19
1900-01-01 14:56:18.454,0.23144,0.621885,0.661739,1104.977384,0.056449,0.021684,0.025964,1,1.0,19
1900-01-01 14:56:21.700,0.231857,0.622804,0.662276,1105.698005,0.056173,0.021924,0.025868,1,1.0,19
1900-01-01 14:56:24.950,0.23188,0.622511,0.662415,1105.538265,0.057336,0.021137,0.024986,1,1.0,19
1900-01-01 14:56:28.199,0.231932,0.622314,0.662139,1105.069896,0.05616,0.021336,0.024773,1,1.0,19
1900-01-01 14:56:31.449,0.231946,0.622306,0.661954,1105.26263,0.056785,0.021409,0.025214,1,1.0,19
1900-01-01 14:56:34.698,0.23169,0.622387,0.662105,1105.331104,0.056611,0.021664,0.025782,1,1.0,19
1900-01-01 14:56:37.953,0.232021,0.623054,0.662859,1106.405587,0.056532,0.02175,0.024843,1,1.0,19
1900-01-01 14:56:41.202,0.232078,0.622526,0.66241,1105.560386,0.056399,0.021808,0.02422,1,1.0,19
1900-01-01 14:56:44.401,0.23204,0.62233,0.662005,1105.873481,0.05724,0.021876,0.026036,1,1.0,19
1900-01-01 14:56:47.647,0.231495,0.622525,0.662165,1105.664598,0.057198,0.020627,0.025025,1,1.0,19
1900-01-01 14:56:50.897,0.232006,0.623545,0.663387,1106.871468,0.05638,0.020911,0.024626,1,1.0,19
1900-01-01 14:56:54.146,0.23202,0.62265,0.662668,1106.055231,0.056828,0.021601,0.024532,1,1.0,19
1900-01-01 14:56:57.401,0.231624,0.622138,0.662402,1105.671207,0.056736,0.021161,0.02506,1,1.0,19
1900-01-01 14:57:00.650,0.232597,0.623243,0.662922,1106.052329,0.057722,0.022249,0.026308,1,1.0,19
1900-01-01 14:57:03.849,0.23162,0.621816,0.662209,1105.415117,0.057029,0.021474,0.024487,1,1.0,19
1900-01-01 14:57:07.097,0.231639,0.621976,0.662332,1105.287846,0.057055,0.021337,0.024649,1,1.0,19
1900-01-01 14:57:10.346,0.231814,0.622644,0.662622,1106.330951,0.056684,0.021948,0.024381,1,1.0,19
1900-01-01 14:57:13.596,0.2312,0.621402,0.661883,1104.975389,0.05664,0.021042,0.024716,1,1.0,19
1900-01-01 14:57:16.846,0.231815,0.622666,0.662689,1106.491382,0.05646,0.021207,0.024707,1,1.0,19
1900-01-01 14:57:20.095,0.232291,0.621752,0.661997,1105.071347,0.057162,0.021835,0.024226,1,1.0,19
1900-01-01 14:57:23.345,0.232406,0.622334,0.662036,1104.979742,0.057386,0.021911,0.026223,1,1.0,19
1900-01-01 14:57:26.599,0.232185,0.621949,0.661822,1106.219296,0.056892,0.021817,0.024548,1,1.0,19
1900-01-01 14:57:29.846,0.231953,0.622222,0.662702,1105.549492,0.056647,0.021456,0.024298,1,1.0,19
1900-01-01 14:57:33.148,0.231823,0.621309,0.661377,1105.41877,0.056955,0.021105,0.02409,1,1.0,19
1900-01-01 14:57:36.394,0.231723,0.620976,0.661426,1104.585392,0.057301,0.021722,0.024753,1,1.0,19
1900-01-01 14:57:39.649,0.231814,0.621304,0.661485,1105.278668,0.057145,0.021527,0.025219,1,1.0,19
1900-01-01 14:57:42.948,0.231928,0.621863,0.66253,1105.804152,0.05785,0.021472,0.024807,1,1.0,19
1900-01-01 14:57:46.194,0.23181,0.621495,0.662321,1106.036437,0.056488,0.021514,0.024068,1,1.0,19
1900-01-01 14:57:49.497,0.231724,0.620958,0.662013,1105.437014,0.057333,0.021431,0.024714,1,1.0,19
1900-01-01 14:57:52.846,0.231762,0.621637,0.662276,1105.394447,0.056546,0.021013,0.02402,1,1.0,19
1900-01-01 14:57:56.343,0.232048,0.621462,0.662196,1106.062371,0.056879,0.021348,0.024995,1,1.0,19
1900-01-01 14:57:59.646,0.232341,0.621494,0.661893,1104.993083,0.057372,0.021682,0.024874,1,1.0,19
1900-01-01 14:58:02.894,0.232334,0.622107,0.662414,1105.790101,0.05646,0.021667,0.025045,1,1.0,19
1900-01-01 14:58:06.143,0.231939,0.621876,0.662195,1105.316592,0.057935,0.021512,0.025026,1,1.0,19
1900-01-01 14:58:09.393,0.231872,0.621691,0.66188,1106.070676,0.057545,0.021503,0.024781,1,1.0,19
1900-01-01 14:58:12.695,0.232035,0.621225,0.66217,1105.530143,0.056503,0.021488,0.024693,1,1.0,19
1900-01-01 14:58:15.946,0.232438,0.622247,0.662877,1106.708274,0.056811,0.021158,0.024022,1,1.0,19
1900-01-01 14:58:19.193,0.232099,0.620879,0.661816,1105.623547,0.057199,0.021246,0.025879,1,1.0,19
1900-01-01 14:58:22.495,0.231986,0.621126,0.661666,1104.811928,0.05706,0.022182,0.025797,1,1.0,19
1900-01-01 14:58:25.794,0.232652,0.622383,0.663126,1106.976066,0.057749,0.021468,0.024704,1,1.0,19
1900-01-01 14:58:29.142,0.232329,0.622026,0.662659,1106.060848,0.057133,0.020995,0.025008,1,1.0,19
1900-01-01 14:58:32.444,0.231607,0.620978,0.662045,1105.588686,0.057359,0.02066,0.024242,1,1.0,19
1900-01-01 14:58:35.743,0.232634,0.621629,0.662767,1105.684103,0.057702,0.021706,0.024399,1,1.0,19
1900-01-01 14:58:38.991,0.232266,0.621674,0.662293,1105.613005,0.056623,0.021441,0.024713,1,1.0,19
1900-01-01 14:58:42.294,0.23232,0.622556,0.662867,1106.529,0.057583,0.021746,0.025791,1,1.0,19
1900-01-01 14:58:45.593,0.232108,0.62094,0.661647,1105.372545,0.057269,0.021601,0.024581,1,1.0,19
1900-01-01 14:58:48.894,0.232134,0.621908,0.662327,1105.020587,0.057829,0.021327,0.023844,1,1.0,19
1900-01-01 14:58:52.193,0.231815,0.621098,0.661784,1105.949927,0.057507,0.021492,0.024615,1,1.0,19
1900-01-01 14:58:55.492,0.232283,0.622342,0.663101,1105.746986,0.056919,0.021109,0.024287,1,1.0,19
1900-01-01 14:58:58.889,0.23199,0.622329,0.662887,1107.127632,0.05682,0.021467,0.024297,1,1.0,19
1900-01-01 14:59:02.191,0.232024,0.620972,0.661875,1105.241715,0.056371,0.021532,0.024231,1,1.0,19
1900-01-01 14:59:05.492,0.2317,0.621352,0.662333,1105.170559,0.056831,0.021021,0.02465,1,1.0,19
1900-01-01 14:59:08.839,0.232494,0.622595,0.663349,1107.078406,0.057145,0.021462,0.024438,1,1.0,19
1900-01-01 14:59:12.142,0.232331,0.622321,0.663075,1106.209255,0.057154,0.021446,0.025216,1,1.0,19
1900-01-01 14:59:15.489,0.232256,0.621175,0.662183,1105.423222,0.056752,0.020834,0.02404,1,1.0,19
1900-01-01 14:59:18.791,0.231777,0.621026,0.661975,1105.897105,0.057345,0.021642,0.024808,1,1.0,19
1900-01-01 14:59:22.138,0.232816,0.622156,0.663185,1105.796519,0.057011,0.0218,0.023916,1,1.0,19
1900-01-01 14:59:25.441,0.232118,0.621286,0.661971,1105.843833,0.057011,0.021602,0.024889,1,1.0,19
1900-01-01 14:59:28.740,0.232044,0.620577,0.660915,1105.0224,0.05712,0.021861,0.024343,1,1.0,19
1900-01-01 14:59:32.089,0.232304,0.621242,0.661947,1104.587763,0.056622,0.021458,0.024193,1,1.0,19
1900-01-01 14:59:35.390,0.232174,0.621824,0.662146,1105.121996,0.057185,0.021064,0.024941,1,1.0,19
1900-01-01 14:59:38.689,0.232025,0.621238,0.661867,1105.213908,0.05754,0.021643,0.024432,1,1.0,19
1900-01-01 14:59:41.990,0.232414,0.621954,0.66265,1105.89042,0.056897,0.021951,0.025135,1,1.0,19
1900-01-01 14:59:45.241,0.232186,0.622453,0.663131,1106.171677,0.056732,0.02188,0.025371,1,1.0,19
1900-01-01 14:59:48.540,0.232423,0.622099,0.662346,1106.660221,0.057674,0.021933,0.025173,1,1.0,19
1900-01-01 14:59:51.839,0.231917,0.620739,0.661798,1105.289654,0.056645,0.021393,0.024205,1,1.0,19
1900-01-01 14:59:55.186,0.232148,0.621865,0.662732,1106.179676,0.057684,0.021191,0.024929,1,1.0,19
1900-01-01 14:59:58.585,0.232104,0.622958,0.663635,1106.906855,0.056913,0.021274,0.024595,1,1.0,19
1900-01-01 15:00:01.887,0.232784,0.623265,0.663914,1107.639099,0.056839,0.021199,0.024586,1,1.0,19
1900-01-01 15:00:05.236,0.232541,0.622778,0.66316,1106.47425,0.056974,0.021153,0.025129,1,1.0,19
1900-01-01 15:00:08.538,0.232882,0.622592,0.663102,1106.802371,0.057538,0.021929,0.024485,1,1.0,19
1900-01-01 15:00:11.838,0.23211,0.621991,0.662726,1106.049465,0.056717,0.020834,0.023738,1,1.0,19
1900-01-01 15:00:15.185,0.232789,0.623412,0.663712,1107.681315,0.057146,0.021513,0.02438,1,1.0,19
1900-01-01 15:00:18.487,0.232189,0.621063,0.662306,1106.299762,0.057472,0.021525,0.024605,1,1.0,19
1900-01-01 15:00:21.783,0.232475,0.622342,0.662785,1105.951349,0.057473,0.021891,0.024629,1,1.0,19
1900-01-01 15:00:25.086,0.23304,0.622449,0.662989,1106.232094,0.056877,0.022572,0.025361,1,1.0,19
1900-01-01 15:00:28.434,0.231772,0.621626,0.662143,1106.265044,0.057595,0.021572,0.025307,1,1.0,19
1900-01-01 15:00:31.785,0.232028,0.621267,0.661958,1105.368521,0.057196,0.021628,0.025522,1,1.0,19
1900-01-01 15:00:35.134,0.232519,0.622535,0.663212,1106.216617,0.057101,0.02176,0.024737,1,1.0,19
1900-01-01 15:00:38.436,0.231935,0.621425,0.662022,1106.236936,0.057324,0.02159,0.024755,1,1.0,19
1900-01-01 15:00:41.833,0.232352,0.622384,0.662751,1106.820898,0.057026,0.021373,0.025293,1,1.0,19
1900-01-01 15:00:45.183,0.232774,0.622898,0.663136,1106.600293,0.057009,0.021363,0.025288,1,1.0,19
1900-01-01 15:00:48.486,0.232242,0.622211,0.662661,1106.543274,0.057497,0.021441,0.025063,1,1.0,19
1900-01-01 15:00:51.833,0.232541,0.622242,0.662567,1106.257153,0.056961,0.021097,0.024308,1,1.0,19
1900-01-01 15:00:55.135,0.232843,0.622376,0.662579,1105.463034,0.056683,0.021346,0.024586,1,1.0,19
1900-01-01 15:00:58.482,0.232069,0.621039,0.661796,1106.079661,0.057544,0.021604,0.024818,1,1.0,19
1900-01-01 15:01:01.831,0.232869,0.623558,0.663829,1107.169715,0.056856,0.021263,0.024624,1,1.0,19
1900-01-01 15:01:05.182,0.232269,0.622283,0.662753,1106.519435,0.05642,0.021536,0.024976,1,1.0,19
1900-01-01 15:01:08.532,0.23223,0.621821,0.662417,1105.834665,0.056362,0.021277,0.024223,1,1.0,19
1900-01-01 15:01:11.834,0.232081,0.621568,0.661786,1106.212663,0.057184,0.022024,0.024791,1,1.0,19
1900-01-01 15:01:15.182,0.232451,0.621696,0.662313,1105.566554,0.056893,0.021675,0.024685,1,1.0,19
1900-01-01 15:01:18.484,0.231706,0.620473,0.661202,1104.837629,0.05716,0.021414,0.025894,1,1.0,19
1900-01-01 15:01:21.831,0.232524,0.621296,0.661735,1105.476751,0.056815,0.022106,0.025081,1,1.0,19
1900-01-01 15:01:25.180,0.232337,0.622249,0.663014,1106.126517,0.057321,0.021466,0.023956,1,1.0,19
1900-01-01 15:01:28.530,0.23159,0.620277,0.661098,1105.239332,0.057026,0.021152,0.024515,1,1.0,19
1900-01-01 15:01:31.881,0.23281,0.621538,0.661928,1105.851117,0.057287,0.02168,0.024727,1,1.0,19
1900-01-01 15:01:35.183,0.23255,0.622303,0.66261,1105.91995,0.057425,0.021494,0.024569,1,1.0,19
1900-01-01 15:01:38.530,0.232185,0.621196,0.661642,1105.602123,0.057126,0.021437,0.025947,1,1.0,19
1900-01-01 15:01:41.833,0.232907,0.621661,0.661954,1105.718219,0.056888,0.021547,0.024773,1,1.0,19
1900-01-01 15:01:45.132,0.232478,0.621769,0.662491,1105.373974,0.056854,0.021529,0.024897,1,1.0,19
1900-01-01 15:01:48.479,0.232529,0.621043,0.661606,1105.244321,0.056334,0.021361,0.024568,1,1.0,19
1900-01-01 15:01:51.830,0.232393,0.621643,0.662041,1106.741739,0.056858,0.021278,0.025074,1,1.0,19
1900-01-01 15:01:55.178,0.233274,0.622504,0.662758,1106.111545,0.056694,0.02162,0.025205,1,1.0,19
1900-01-01 15:01:58.730,0.232715,0.620901,0.661492,1105.278515,0.056662,0.021754,0.025016,1,1.0,19
1900-01-01 15:02:02.079,0.232811,0.621838,0.662537,1105.705577,0.056487,0.021326,0.024531,1,1.0,19
1900-01-01 15:02:05.428,0.232027,0.621068,0.66145,1106.439054,0.056707,0.021543,0.024236,1,1.0,19
1900-01-01 15:02:08.778,0.232291,0.621978,0.661918,1105.478591,0.056696,0.0211,0.025707,1,1.0,19
1900-01-01 15:02:12.129,0.231597,0.620972,0.661786,1105.407916,0.056883,0.020847,0.024818,1,1.0,19
1900-01-01 15:02:15.478,0.232347,0.62127,0.661933,1105.759074,0.056605,0.021282,0.024153,1,1.0,19
1900-01-01 15:02:18.828,0.232212,0.62088,0.661375,1105.692517,0.05652,0.02156,0.024753,1,1.0,19
1900-01-01 15:02:22.177,0.232163,0.621156,0.661475,1105.457799,0.056757,0.022035,0.025484,1,1.0,19
1900-01-01 15:02:25.527,0.232882,0.622263,0.662851,1106.234368,0.056653,0.02194,0.025032,1,1.0,19
1900-01-01 15:02:28.930,0.232445,0.620589,0.660608,1104.904638,0.056149,0.021655,0.025054,1,1.0,19
1900-01-01 15:02:32.326,0.232582,0.621866,0.662263,1106.027483,0.056937,0.021475,0.02493,1,1.0,19
1900-01-01 15:02:35.676,0.233158,0.622711,0.662974,1106.411701,0.057449,0.021405,0.024718,1,1.0,19
1900-01-01 15:02:38.978,0.232636,0.621309,0.6621,1105.862836,0.057789,0.021975,0.025057,1,1.0,19
1900-01-01 15:02:42.326,0.232922,0.622336,0.662749,1105.811589,0.056525,0.021847,0.025032,1,1.0,19
1900-01-01 15:02:45.628,0.232251,0.620463,0.661049,1105.270272,0.057244,0.021408,0.025326,1,1.0,19
1900-01-01 15:02:48.927,0.232657,0.6219,0.662104,1105.333958,0.056204,0.021057,0.0251,1,1.0,19
1900-01-01 15:02:52.276,0.232902,0.621888,0.662177,1106.101176,0.057504,0.021641,0.024437,1,1.0,19
1900-01-01 15:02:55.578,0.232711,0.621646,0.661805,1105.718621,0.056539,0.021713,0.02537,1,1.0,19
1900-01-01 15:02:58.926,0.232944,0.622217,0.662629,1106.821301,0.057096,0.021418,0.0245,1,1.0,19
1900-01-01 15:03:02.226,0.23238,0.621509,0.662072,1106.435222,0.055981,0.021397,0.024298,1,1.0,19
1900-01-01 15:03:05.575,0.232983,0.622517,0.662625,1106.602362,0.057405,0.021433,0.024587,1,1.0,19
1900-01-01 15:03:08.924,0.232566,0.620891,0.661494,1106.212394,0.05608,0.021717,0.024766,1,1.0,19
1900-01-01 15:03:12.274,0.232706,0.621766,0.662327,1105.823405,0.057062,0.021176,0.024612,1,1.0,19
1900-01-01 15:03:15.575,0.232483,0.621221,0.661119,1105.017731,0.057099,0.02174,0.024832,1,1.0,19
1900-01-01 15:03:18.924,0.23277,0.621471,0.661642,1105.025597,0.056959,0.021015,0.024945,1,1.0,19
1900-01-01 15:03:22.226,0.232657,0.62161,0.661958,1105.811433,0.056872,0.021458,0.025513,1,1.0,19
1900-01-01 15:03:25.574,0.232246,0.620966,0.661312,1105.196185,0.056657,0.021331,0.024788,1,1.0,19
1900-01-01 15:03:28.924,0.232733,0.622321,0.662917,1106.891626,0.0574,0.021147,0.024102,1,1.0,19
1900-01-01 15:03:32.273,0.232492,0.621853,0.662548,1105.801309,0.057555,0.020856,0.0246,1,1.0,19
1900-01-01 15:03:35.623,0.23281,0.621421,0.661776,1105.852961,0.057284,0.021521,0.024951,1,1.0,19
1900-01-01 15:03:38.972,0.233016,0.622885,0.662704,1106.073019,0.056635,0.021618,0.025418,1,1.0,19
1900-01-01 15:03:42.322,0.232454,0.621101,0.661381,1105.617924,0.056506,0.021007,0.02512,1,1.0,19
1900-01-01 15:03:45.623,0.23366,0.622778,0.662764,1106.197504,0.056314,0.021882,0.024444,1,1.0,19
1900-01-01 15:03:49.222,0.233035,0.622294,0.662871,1106.337181,0.056111,0.021138,0.024115,1,1.0,19
1900-01-01 15:03:52.524,0.233274,0.622281,0.662604,1107.070809,0.056404,0.02192,0.025076,1,1.0,19
1900-01-01 15:03:55.871,0.232959,0.622311,0.662611,1106.275466,0.056947,0.021618,0.024938,1,1.0,19
1900-01-01 15:03:59.222,0.233261,0.621635,0.662416,1106.66154,0.056473,0.021321,0.024711,1,1.0,19
1900-01-01 15:04:02.570,0.233602,0.621464,0.661811,1105.33701,0.05728,0.022298,0.025472,1,1.0,19
1900-01-01 15:04:05.873,0.23233,0.620572,0.661173,1104.953115,0.056178,0.021426,0.024647,1,1.0,19
1900-01-01 15:04:09.222,0.232892,0.622579,0.66297,1105.866069,0.056964,0.020974,0.024989,1,1.0,19
1900-01-01 15:04:12.623,0.232765,0.620542,0.660768,1105.832377,0.055939,0.021583,0.024688,1,1.0,19
1900-01-01 15:04:15.970,0.23281,0.620348,0.660673,1104.323053,0.0574,0.021982,0.02489,1,1.0,19
1900-01-01 15:04:19.319,0.232532,0.620441,0.661206,1104.552567,0.057271,0.021119,0.024548,1,1.0,19
1900-01-01 15:04:22.670,0.232744,0.621013,0.661465,1105.305206,0.056239,0.021931,0.024716,1,1.0,19
1900-01-01 15:04:26.020,0.232592,0.620534,0.661271,1105.498295,0.057027,0.021666,0.024648,1,1.0,19
1900-01-01 15:04:29.321,0.233098,0.621555,0.662099,1105.137708,0.056684,0.02208,0.024676,1,1.0,19
1900-01-01 15:04:32.670,0.233199,0.621679,0.662169,1105.864661,0.057166,0.021728,0.025088,1,1.0,19
1900-01-01 15:04:36.018,0.233317,0.621293,0.661704,1105.410239,0.056706,0.021296,0.024239,1,1.0,19
1900-01-01 15:04:39.369,0.232578,0.621603,0.661882,1105.006925,0.057348,0.021414,0.024655,1,1.0,19
1900-01-01 15:04:42.719,0.233167,0.621937,0.662086,1106.605923,0.057137,0.021404,0.024884,1,1.0,19
1900-01-01 15:04:46.068,0.232837,0.620877,0.66105,1105.388816,0.056598,0.021156,0.025226,1,1.0,19
1900-01-01 15:04:49.418,0.233084,0.620091,0.660596,1104.890296,0.055986,0.021551,0.02522,1,1.0,19
1900-01-01 15:04:52.817,0.233924,0.622008,0.662286,1105.049506,0.056918,0.021781,0.024881,1,1.0,19
1900-01-01 15:04:56.119,0.233301,0.62212,0.662507,1106.60247,0.056552,0.021288,0.024754,1,1.0,19
1900-01-01 15:04:59.466,0.23395,0.621704,0.661947,1105.761302,0.057147,0.022059,0.025233,1,1.0,19
1900-01-01 15:05:02.817,0.233678,0.62174,0.662257,1106.201456,0.056655,0.021497,0.025211,1,1.0,19
1900-01-01 15:05:06.167,0.23322,0.621371,0.661762,1106.241405,0.056973,0.021768,0.025724,1,1.0,19
1900-01-01 15:05:09.516,0.233805,0.622285,0.662523,1106.082874,0.056784,0.02078,0.024303,1,1.0,19
1900-01-01 15:05:12.866,0.233924,0.621945,0.66219,1106.269553,0.0572,0.021319,0.025341,1,1.0,19
1900-01-01 15:05:16.169,0.234266,0.623033,0.662959,1107.21845,0.05689,0.021457,0.024785,1,1.0,19
1900-01-01 15:05:19.516,0.233952,0.620816,0.661183,1105.931751,0.056794,0.021346,0.024902,1,1.0,19
1900-01-01 15:05:22.866,0.233819,0.621995,0.66219,1105.405406,0.056824,0.021205,0.025148,1,1.0,19
1900-01-01 15:05:26.217,0.234098,0.621091,0.66141,1106.001664,0.057028,0.022068,0.026694,1,1.0,19
1900-01-01 15:05:29.518,0.234131,0.621533,0.662104,1105.666178,0.056594,0.021972,0.02512,1,1.0,19
1900-01-01 15:05:32.918,0.233944,0.621458,0.661542,1106.698108,0.055932,0.021375,0.025118,1,1.0,19
1900-01-01 15:05:36.265,0.234793,0.62169,0.661746,1105.328841,0.056968,0.021355,0.024579,1,1.0,19
1900-01-01 15:05:39.615,0.234209,0.621556,0.662025,1105.997924,0.056993,0.020762,0.024217,1,1.0,19
1900-01-01 15:05:42.918,0.234565,0.621612,0.661949,1105.966592,0.057289,0.021666,0.025586,1,1.0,19
1900-01-01 15:05:46.217,0.234668,0.621678,0.661892,1105.729836,0.057618,0.021174,0.025152,1,1.0,19
1900-01-01 15:05:49.564,0.234189,0.620576,0.661271,1105.854274,0.05671,0.021749,0.023978,1,1.0,19
1900-01-01 15:05:52.914,0.234781,0.620627,0.66092,1105.107036,0.057255,0.021586,0.024488,1,1.0,19
1900-01-01 15:05:56.263,0.23488,0.622089,0.662106,1106.177198,0.055861,0.021501,0.025122,1,1.0,19
1900-01-01 15:05:59.614,0.233965,0.621658,0.661972,1106.274619,0.056681,0.021403,0.024846,1,1.0,19
1900-01-01 15:06:02.964,0.234356,0.621087,0.661702,1105.985257,0.056341,0.021746,0.025332,1,1.0,19
1900-01-01 15:06:06.265,0.234926,0.621426,0.661314,1105.471929,0.05703,0.021476,0.025383,1,1.0,19
1900-01-01 15:06:09.614,0.2344,0.620784,0.66071,1105.307162,0.057157,0.021372,0.025414,1,1.0,19
1900-01-01 15:06:12.962,0.235352,0.62262,0.662404,1106.528386,0.056697,0.021769,0.026105,1,1.0,19
1900-01-01 15:06:16.265,0.234616,0.62186,0.662127,1106.751679,0.05749,0.02159,0.02506,1,1.0,19
1900-01-01 15:06:19.665,0.234235,0.621128,0.661085,1105.860536,0.056589,0.021614,0.025193,1,1.0,19
1900-01-01 15:06:23.012,0.234262,0.621089,0.661494,1105.007665,0.056505,0.021232,0.025273,1,1.0,19
1900-01-01 15:06:26.362,0.234421,0.621565,0.661737,1106.410293,0.0573,0.021429,0.024968,1,1.0,19
1900-01-01 15:06:29.711,0.234846,0.621748,0.661615,1105.804125,0.056823,0.022104,0.025088,1,1.0,19
1900-01-01 15:06:33.062,0.234386,0.621218,0.661714,1105.445905,0.056815,0.021207,0.024227,1,1.0,19
1900-01-01 15:06:36.362,0.234611,0.621741,0.662081,1106.635244,0.057095,0.021261,0.023928,1,1.0,19
1900-01-01 15:06:39.711,0.234578,0.621941,0.662262,1106.48692,0.056528,0.021508,0.023848,1,1.0,19
1900-01-01 15:06:43.110,0.234829,0.621904,0.661965,1106.171683,0.056666,0.021695,0.024196,1,1.0,19
1900-01-01 15:06:46.460,0.234273,0.621351,0.661589,1105.89659,0.057149,0.021881,0.02362,1,1.0,19
1900-01-01 15:06:49.911,0.233941,0.621591,0.662065,1106.885293,0.056905,0.021343,0.025412,1,1.0,19
1900-01-01 15:06:53.260,0.234032,0.620538,0.661168,1105.345173,0.056942,0.021381,0.025138,1,1.0,19
1900-01-01 15:06:56.610,0.234656,0.622058,0.66228,1106.500367,0.057075,0.021704,0.025075,1,1.0,19
1900-01-01 15:07:00.009,0.234182,0.621486,0.661751,1106.03852,0.057098,0.021442,0.024842,1,1.0,19
1900-01-01 15:07:03.359,0.233753,0.620507,0.660736,1105.883924,0.056745,0.021495,0.024498,1,1.0,19
1900-01-01 15:07:06.710,0.23381,0.620999,0.661119,1105.066019,0.056317,0.021617,0.024761,1,1.0,19
1900-01-01 15:07:10.060,0.23386,0.621525,0.661532,1106.106294,0.056238,0.021406,0.02555,1,1.0,19
1900-01-01 15:07:13.409,0.233673,0.621248,0.661478,1105.43809,0.056306,0.021374,0.024526,1,1.0,19
1900-01-01 15:07:16.759,0.233391,0.620689,0.661299,1106.263923,0.057226,0.020821,0.024569,1,1.0,19
1900-01-01 15:07:20.161,0.234015,0.620745,0.661105,1105.234633,0.056427,0.021522,0.0245,1,1.0,19
1900-01-01 15:07:23.561,0.233788,0.620246,0.660607,1104.726209,0.056433,0.021403,0.024397,1,1.0,19
1900-01-01 15:07:26.961,0.233507,0.6207,0.660899,1105.472258,0.057198,0.020721,0.025344,1,1.0,19
1900-01-01 15:07:30.361,0.233672,0.620796,0.661118,1105.139448,0.057043,0.021109,0.025347,1,1.0,19
1900-01-01 15:07:33.761,0.23381,0.620938,0.661264,1105.529113,0.057096,0.02144,0.02486,1,1.0,19
1900-01-01 15:07:37.108,0.234325,0.621917,0.66212,1106.199398,0.057293,0.02152,0.025477,1,1.0,19
1900-01-01 15:07:40.510,0.233806,0.620817,0.6613,1106.074484,0.056865,0.020898,0.025045,1,1.0,19
1900-01-01 15:07:43.857,0.233682,0.620236,0.660662,1105.514785,0.056418,0.021238,0.024155,1,1.0,19
1900-01-01 15:07:47.260,0.234245,0.622763,0.663232,1107.330624,0.057365,0.021394,0.025131,1,1.0,19
1900-01-01 15:07:50.655,0.233648,0.620907,0.661139,1105.758549,0.057385,0.021474,0.024946,1,1.0,19
1900-01-01 15:07:54.058,0.233844,0.621242,0.661912,1106.229163,0.056834,0.021401,0.024598,1,1.0,19
1900-01-01 15:07:57.455,0.23385,0.62074,0.661034,1105.757742,0.056911,0.021767,0.024159,1,1.0,19
1900-01-01 15:08:00.858,0.234387,0.621552,0.661361,1106.402348,0.057256,0.022043,0.025424,1,1.0,19
1900-01-01 15:08:04.359,0.233289,0.619918,0.660217,1105.084097,0.05666,0.021443,0.024571,1,1.0,19
1900-01-01 15:08:07.706,0.23387,0.621255,0.661642,1105.813423,0.056795,0.021341,0.024491,1,1.0,19
1900-01-01 15:08:11.108,0.233753,0.620434,0.660897,1105.464691,0.057033,0.021538,0.024826,1,1.0,19
1900-01-01 15:08:14.508,0.234153,0.621676,0.662061,1105.684424,0.057322,0.021395,0.024864,1,1.0,19
1900-01-01 15:08:17.908,0.233876,0.620983,0.661148,1105.850829,0.057673,0.02111,0.025494,1,1.0,19
1900-01-01 15:08:21.356,0.233783,0.621223,0.660872,1105.567921,0.0565,0.021899,0.025084,1,1.0,19
1900-01-01 15:08:24.758,0.233852,0.621066,0.661294,1106.675961,0.056525,0.021579,0.025281,1,1.0,19
1900-01-01 15:08:28.158,0.23391,0.620657,0.661383,1105.283665,0.05669,0.021712,0.025539,1,1.0,19
1900-01-01 15:08:31.553,0.23339,0.620876,0.660919,1106.804278,0.056417,0.021608,0.025368,1,1.0,19
1900-01-01 15:08:34.956,0.234019,0.620411,0.660872,1105.112461,0.057196,0.02155,0.024502,1,1.0,19
1900-01-01 15:08:38.303,0.233927,0.620803,0.661436,1105.661287,0.056898,0.021372,0.024711,1,1.0,19
1900-01-01 15:08:41.706,0.233838,0.620539,0.660632,1105.347994,0.057146,0.021845,0.025526,1,1.0,19
1900-01-01 15:08:45.105,0.233434,0.619754,0.660381,1105.052281,0.057583,0.020988,0.025095,1,1.0,19
1900-01-01 15:08:48.505,0.234021,0.620813,0.661034,1106.376392,0.057456,0.021882,0.025169,1,1.0,19
1900-01-01 15:08:51.905,0.233952,0.621523,0.661842,1106.362524,0.056972,0.021599,0.024818,1,1.0,19
1900-01-01 15:08:55.353,0.233659,0.620843,0.661306,1106.142231,0.056441,0.021383,0.024131,1,1.0,19
1900-01-01 15:08:58.703,0.233938,0.620467,0.660758,1106.100664,0.05657,0.021208,0.024688,1,1.0,19
1900-01-01 15:09:02.153,0.233873,0.620417,0.660852,1105.470208,0.056582,0.021299,0.024958,1,1.0,19
1900-01-01 15:09:05.554,0.234486,0.621199,0.66159,1106.335604,0.056738,0.021418,0.025127,1,1.0,19
1900-01-01 15:09:08.954,0.233861,0.619703,0.659786,1105.601222,0.05689,0.021509,0.024857,1,1.0,19
1900-01-01 15:09:12.354,0.234075,0.619642,0.659824,1104.208966,0.056333,0.021719,0.025056,1,1.0,19
1900-01-01 15:09:15.754,0.234418,0.620831,0.661585,1105.87995,0.056797,0.021174,0.02449,1,1.0,19
1900-01-01 15:09:19.154,0.234902,0.621485,0.662385,1106.276549,0.057404,0.020972,0.023652,1,1.0,19
1900-01-01 15:09:22.550,0.234539,0.620579,0.661073,1106.575878,0.057367,0.021635,0.02495,1,1.0,19
1900-01-01 15:09:25.953,0.234313,0.621426,0.661733,1106.409276,0.057758,0.021345,0.025758,1,1.0,19
1900-01-01 15:09:29.353,0.234953,0.621244,0.661212,1106.4485,0.056048,0.022143,0.025614,1,1.0,19
1900-01-01 15:09:32.801,0.23414,0.619889,0.660353,1105.931651,0.057258,0.021192,0.02456,1,1.0,19
1900-01-01 15:09:36.202,0.234526,0.620177,0.660639,1105.692361,0.056654,0.021314,0.024718,1,1.0,19
1900-01-01 15:09:39.602,0.234415,0.620523,0.661194,1107.029531,0.056994,0.021696,0.025014,1,1.0,19
1900-01-01 15:09:43.002,0.23484,0.62112,0.661337,1106.003367,0.056976,0.021174,0.024135,1,1.0,19
1900-01-01 15:09:46.450,0.234844,0.620865,0.661064,1106.247521,0.056767,0.020994,0.024556,1,1.0,19
1900-01-01 15:09:49.900,0.234873,0.620907,0.661076,1106.238243,0.058178,0.022078,0.025358,1,1.0,19
1900-01-01 15:09:53.302,0.234418,0.620115,0.66056,1106.217231,0.057086,0.021843,0.02472,1,1.0,19
1900-01-01 15:09:56.702,0.234418,0.62009,0.660256,1105.458391,0.056055,0.021429,0.024776,1,1.0,19
1900-01-01 15:10:00.102,0.234409,0.620025,0.660907,1105.97702,0.056433,0.021187,0.024109,1,1.0,19
1900-01-01 15:10:03.550,0.234256,0.620008,0.660792,1105.640394,0.057172,0.021519,0.024401,1,1.0,19
1900-01-01 15:10:06.951,0.234897,0.620667,0.66096,1105.821287,0.057367,0.021502,0.025453,1,1.0,19
1900-01-01 15:10:10.399,0.234912,0.621588,0.661746,1107.366057,0.057258,0.020951,0.024368,1,1.0,19
1900-01-01 15:10:13.849,0.235025,0.62103,0.661504,1106.761655,0.056887,0.022163,0.024751,1,1.0,19
1900-01-01 15:10:17.250,0.235101,0.620315,0.660833,1105.801878,0.057305,0.022014,0.025664,1,1.0,19
1900-01-01 15:10:20.650,0.234664,0.619476,0.659826,1105.050698,0.05639,0.021531,0.025233,1,1.0,19
1900-01-01 15:10:23.998,0.234404,0.620685,0.660892,1106.673435,0.056518,0.021578,0.024554,1,1.0,19
1900-01-01 15:10:27.399,0.23492,0.621287,0.661903,1107.114705,0.056998,0.021115,0.024937,1,1.0,19
1900-01-01 15:10:30.847,0.234944,0.621057,0.661221,1106.931223,0.056314,0.021913,0.024819,1,1.0,19
1900-01-01 15:10:34.297,0.234509,0.620003,0.66033,1105.455175,0.056566,0.021735,0.025395,1,1.0,19
1900-01-01 15:10:37.698,0.234548,0.620769,0.66069,1106.206678,0.056216,0.021468,0.026006,1,1.0,19
1900-01-01 15:10:41.146,0.234932,0.620859,0.661328,1106.248888,0.057396,0.021969,0.025608,1,1.0,19
1900-01-01 15:10:44.548,0.234938,0.620635,0.660881,1106.174268,0.056064,0.022012,0.024945,1,1.0,19
1900-01-01 15:10:47.948,0.234628,0.62036,0.660875,1106.161452,0.057417,0.021647,0.025178,1,1.0,19
1900-01-01 15:10:51.348,0.2348,0.620756,0.660977,1106.754963,0.056969,0.02146,0.025223,1,1.0,19
1900-01-01 15:10:54.748,0.234897,0.621414,0.661688,1106.64264,0.056994,0.021681,0.024716,1,1.0,19
1900-01-01 15:10:58.196,0.234775,0.620227,0.660387,1106.30085,0.057051,0.021825,0.025296,1,1.0,19
1900-01-01 15:11:01.694,0.235236,0.621344,0.661651,1106.171068,0.056894,0.02152,0.025345,1,1.0,19
1900-01-01 15:11:05.145,0.234579,0.619891,0.660124,1106.345638,0.056303,0.021294,0.025789,1,1.0,19
1900-01-01 15:11:08.546,0.235272,0.621453,0.662003,1106.239949,0.05698,0.021951,0.025111,1,1.0,19
1900-01-01 15:11:11.946,0.234171,0.619624,0.660053,1106.664827,0.055517,0.021368,0.024485,1,1.0,19
1900-01-01 15:11:15.346,0.235088,0.619905,0.660067,1106.065769,0.057118,0.021376,0.025415,1,1.0,19
1900-01-01 15:11:18.794,0.235059,0.620382,0.661125,1105.555615,0.057554,0.021544,0.025067,1,1.0,19
1900-01-01 15:11:22.244,0.23506,0.620801,0.661155,1106.4733,0.056102,0.021982,0.025251,1,1.0,19
1900-01-01 15:11:25.742,0.235262,0.621226,0.661383,1106.913738,0.056836,0.021247,0.024506,1,1.0,19
1900-01-01 15:11:29.145,0.234895,0.620577,0.660856,1107.085393,0.056711,0.021337,0.024593,1,1.0,19
1900-01-01 15:11:32.542,0.234616,0.62082,0.660872,1106.28238,0.057526,0.02177,0.025472,1,1.0,19
1900-01-01 15:11:35.993,0.234728,0.620368,0.661176,1106.84294,0.056655,0.021128,0.024113,1,1.0,19
1900-01-01 15:11:39.444,0.235429,0.620891,0.661192,1106.069663,0.056218,0.021284,0.025248,1,1.0,19
1900-01-01 15:11:42.844,0.235028,0.620938,0.661329,1106.89502,0.056778,0.021498,0.024442,1,1.0,19
1900-01-01 15:11:46.292,0.234944,0.620384,0.660795,1106.181886,0.056991,0.021472,0.025296,1,1.0,19
1900-01-01 15:11:49.690,0.234763,0.619696,0.660198,1105.792027,0.05652,0.02157,0.024695,1,1.0,19
1900-01-01 15:11:53.194,0.234853,0.620076,0.660819,1105.826245,0.057234,0.02122,0.02525,1,1.0,19
1900-01-01 15:11:56.642,0.235508,0.621293,0.661815,1106.568861,0.056209,0.021457,0.025315,1,1.0,19
1900-01-01 15:12:00.092,0.234821,0.620472,0.660942,1106.633194,0.056688,0.021459,0.024204,1,1.0,19
1900-01-01 15:12:03.642,0.234812,0.620079,0.660544,1105.978934,0.055881,0.021105,0.024865,1,1.0,19
1900-01-01 15:12:07.090,0.23538,0.621526,0.661727,1107.352383,0.057356,0.021456,0.024499,1,1.0,19
1900-01-01 15:12:10.590,0.235006,0.621014,0.661386,1106.892089,0.056409,0.020709,0.0241,1,1.0,19
1900-01-01 15:12:13.993,0.234708,0.621055,0.661439,1107.580011,0.057156,0.021172,0.024737,1,1.0,19
1900-01-01 15:12:17.393,0.234787,0.620935,0.661191,1107.085,0.056801,0.021463,0.025021,1,1.0,19
1900-01-01 15:12:20.841,0.235447,0.621507,0.661981,1107.673723,0.056222,0.021325,0.025018,1,1.0,19
1900-01-01 15:12:24.238,0.235301,0.621157,0.661743,1106.651571,0.057349,0.021009,0.024689,1,1.0,19
1900-01-01 15:12:27.689,0.235133,0.620959,0.661506,1107.229579,0.057072,0.021421,0.024406,1,1.0,19
1900-01-01 15:12:31.140,0.235329,0.620962,0.661256,1107.024647,0.056301,0.021673,0.025112,1,1.0,19
1900-01-01 15:12:34.542,0.23461,0.619246,0.659866,1106.178426,0.056839,0.021109,0.024648,1,1.0,19
1900-01-01 15:12:37.990,0.23481,0.619842,0.660401,1105.818156,0.056508,0.021513,0.025155,1,1.0,19
1900-01-01 15:12:41.391,0.234815,0.620468,0.660793,1106.300947,0.056259,0.021214,0.024687,1,1.0,19
1900-01-01 15:12:44.839,0.234832,0.620805,0.660883,1106.713806,0.056733,0.021438,0.024474,1,1.0,19
1900-01-01 15:12:48.241,0.234818,0.620701,0.660938,1107.281597,0.057318,0.021346,0.024597,1,1.0,19
1900-01-01 15:12:51.636,0.234759,0.620544,0.661106,1106.222391,0.056403,0.021135,0.024398,1,1.0,19
1900-01-01 15:12:55.039,0.234937,0.620856,0.661253,1107.489955,0.056608,0.021039,0.025106,1,1.0,19
1900-01-01 15:12:58.489,0.235075,0.621507,0.661672,1107.902776,0.057919,0.021756,0.024911,1,1.0,19
1900-01-01 15:13:02.039,0.234576,0.620696,0.661025,1107.345564,0.056895,0.020517,0.023997,1,1.0,19
1900-01-01 15:13:05.487,0.234821,0.620845,0.661168,1107.379731,0.056664,0.021606,0.024506,1,1.0,19
1900-01-01 15:13:08.937,0.234742,0.621103,0.661483,1107.174372,0.056243,0.021009,0.024126,1,1.0,19
1900-01-01 15:13:12.340,0.235065,0.621296,0.661558,1107.864036,0.057195,0.021957,0.025494,1,1.0,19
1900-01-01 15:13:15.788,0.23413,0.619237,0.659809,1106.737052,0.056877,0.021636,0.025469,1,1.0,19
1900-01-01 15:13:19.238,0.234988,0.620525,0.66107,1106.068783,0.056562,0.021346,0.025106,1,1.0,19
1900-01-01 15:13:22.634,0.235233,0.621129,0.661224,1108.036414,0.057042,0.021389,0.024946,1,1.0,19
1900-01-01 15:13:26.086,0.234997,0.621021,0.661534,1107.459579,0.057317,0.021528,0.025514,1,1.0,19
1900-01-01 15:13:29.489,0.235163,0.620904,0.661358,1107.280746,0.057691,0.022138,0.025133,1,1.0,19
1900-01-01 15:13:32.937,0.235211,0.62065,0.660835,1106.86422,0.056474,0.022061,0.024906,1,1.0,19
1900-01-01 15:13:36.386,0.235308,0.621911,0.662246,1107.974879,0.05712,0.021658,0.025,1,1.0,19
1900-01-01 15:13:39.836,0.234174,0.618678,0.659347,1106.022319,0.057096,0.022087,0.025106,1,1.0,19
1900-01-01 15:13:43.238,0.234642,0.620252,0.660778,1106.781289,0.056385,0.021089,0.024909,1,1.0,19
1900-01-01 15:13:46.686,0.235284,0.620257,0.661099,1106.056084,0.056621,0.021801,0.024758,1,1.0,19
1900-01-01 15:13:50.135,0.235214,0.620558,0.6611,1106.884007,0.057198,0.021761,0.025092,1,1.0,19
1900-01-01 15:13:53.633,0.235304,0.62019,0.660403,1106.369204,0.056237,0.021343,0.025427,1,1.0,19
1900-01-01 15:13:57.084,0.235397,0.62041,0.660747,1105.788222,0.056948,0.021382,0.024944,1,1.0,19
1900-01-01 15:14:00.486,0.234844,0.62032,0.66083,1106.329488,0.05658,0.020932,0.025116,1,1.0,19
1900-01-01 15:14:03.934,0.235001,0.620253,0.660925,1106.589372,0.057166,0.021936,0.024844,1,1.0,19
1900-01-01 15:14:07.335,0.235042,0.620327,0.660922,1106.948349,0.056928,0.021702,0.02502,1,1.0,19
1900-01-01 15:14:10.735,0.235407,0.620302,0.661134,1106.433247,0.057525,0.021365,0.024834,1,1.0,19
1900-01-01 15:14:14.135,0.23545,0.620255,0.66088,1106.452661,0.057258,0.022409,0.024523,1,1.0,19
1900-01-01 15:14:17.631,0.235334,0.620379,0.661061,1106.896302,0.057474,0.020752,0.024172,1,1.0,19
1900-01-01 15:14:21.082,0.236178,0.622076,0.66251,1108.011054,0.056768,0.021737,0.024781,1,1.0,19
1900-01-01 15:14:24.532,0.234596,0.619697,0.660854,1107.555656,0.057892,0.021069,0.025338,1,1.0,19
1900-01-01 15:14:27.983,0.235227,0.620725,0.661359,1107.565668,0.057451,0.022261,0.02499,1,1.0,19
1900-01-01 15:14:31.380,0.235998,0.621145,0.661756,1107.337209,0.056785,0.02163,0.025009,1,1.0,19
1900-01-01 15:14:34.831,0.2353,0.619079,0.65985,1106.844307,0.056125,0.02155,0.024363,1,1.0,19
1900-01-01 15:14:38.230,0.235804,0.620145,0.660767,1106.677981,0.056977,0.021839,0.02508,1,1.0,19
1900-01-01 15:14:41.681,0.235767,0.621221,0.661881,1107.483695,0.05691,0.021247,0.024538,1,1.0,19
1900-01-01 15:14:45.132,0.235534,0.620158,0.660819,1106.838842,0.056062,0.021747,0.025436,1,1.0,19
1900-01-01 15:14:48.630,0.235676,0.6199,0.660842,1106.91239,0.05674,0.021434,0.024436,1,1.0,19
1900-01-01 15:14:52.282,0.235102,0.619519,0.660136,1105.795065,0.05776,0.021903,0.025685,1,1.0,19
1900-01-01 15:14:55.778,0.235545,0.620229,0.661038,1107.291451,0.057265,0.021368,0.024236,1,1.0,19
1900-01-01 15:14:59.230,0.235423,0.620022,0.660645,1107.497822,0.057069,0.021612,0.024392,1,1.0,19
1900-01-01 15:15:02.679,0.235577,0.619626,0.660429,1105.443181,0.05675,0.02151,0.025161,1,1.0,19
1900-01-01 15:15:06.178,0.235457,0.619254,0.660132,1106.491257,0.055748,0.022209,0.025079,1,1.0,19
1900-01-01 15:15:09.678,0.235444,0.619582,0.660586,1106.105389,0.057087,0.021799,0.025203,1,1.0,19
1900-01-01 15:15:13.129,0.235869,0.620524,0.661623,1107.360736,0.057636,0.022298,0.025788,1,1.0,19
1900-01-01 15:15:16.580,0.235254,0.619144,0.660156,1106.474062,0.0561,0.02125,0.024122,1,1.0,19
1900-01-01 15:15:20.030,0.235385,0.619822,0.660761,1106.604495,0.057107,0.021366,0.02516,1,1.0,19
1900-01-01 15:15:23.479,0.234393,0.618226,0.659566,1105.265471,0.056317,0.021315,0.025034,1,1.0,19
1900-01-01 15:15:26.929,0.234926,0.619332,0.660538,1106.702891,0.057174,0.021347,0.024433,1,1.0,19
1900-01-01 15:15:30.378,0.234891,0.619867,0.660951,1106.207339,0.056819,0.021379,0.024978,1,1.0,19
1900-01-01 15:15:33.876,0.235073,0.619746,0.660755,1107.018871,0.057009,0.021317,0.024773,1,1.0,19
1900-01-01 15:15:37.327,0.234979,0.619829,0.660918,1106.43171,0.056247,0.02123,0.024636,1,1.0,19
1900-01-01 15:15:40.826,0.23461,0.619113,0.660284,1106.603098,0.05595,0.021394,0.024951,1,1.0,19
1900-01-01 15:15:44.230,0.235046,0.620663,0.6613,1107.310368,0.056707,0.021434,0.025577,1,1.0,19
1900-01-01 15:15:47.726,0.234672,0.620065,0.66077,1107.291451,0.056408,0.021248,0.025105,1,1.0,19
1900-01-01 15:15:51.177,0.234959,0.621127,0.662536,1108.3772,0.057112,0.021388,0.02416,1,1.0,19
1900-01-01 15:15:54.626,0.235459,0.620112,0.661231,1106.77328,0.056009,0.021698,0.024552,1,1.0,19
1900-01-01 15:15:58.076,0.235206,0.620009,0.661131,1107.175738,0.056407,0.020986,0.024693,1,1.0,19
1900-01-01 15:16:01.575,0.235179,0.619328,0.660515,1105.884894,0.058319,0.021976,0.025872,1,1.0,19
1900-01-01 15:16:05.026,0.235015,0.620004,0.660782,1107.554738,0.055912,0.021421,0.024602,1,1.0,19
1900-01-01 15:16:08.476,0.234781,0.619554,0.660772,1106.879184,0.056102,0.021425,0.024272,1,1.0,19
1900-01-01 15:16:11.974,0.235167,0.62039,0.661669,1107.710323,0.057312,0.021636,0.02502,1,1.0,19
1900-01-01 15:16:15.425,0.234953,0.619362,0.660513,1106.879828,0.056434,0.021469,0.024546,1,1.0,19
1900-01-01 15:16:18.924,0.235077,0.619346,0.660324,1106.205593,0.057202,0.021777,0.024347,1,1.0,19
1900-01-01 15:16:22.375,0.235384,0.619271,0.660292,1105.841505,0.056726,0.02136,0.024334,1,1.0,19
1900-01-01 15:16:25.825,0.235334,0.620049,0.661198,1107.132007,0.05661,0.021271,0.0251,1,1.0,19
1900-01-01 15:16:29.274,0.235351,0.620095,0.661231,1106.65435,0.056555,0.021066,0.024931,1,1.0,19
1900-01-01 15:16:32.777,0.235253,0.619719,0.660788,1106.692092,0.056637,0.021369,0.024639,1,1.0,19
1900-01-01 15:16:36.225,0.235296,0.620428,0.661735,1107.71748,0.057339,0.021463,0.024969,1,1.0,19
1900-01-01 15:16:39.674,0.234844,0.618979,0.660016,1106.767812,0.056791,0.021609,0.024926,1,1.0,19
1900-01-01 15:16:43.124,0.234739,0.61942,0.660575,1106.660526,0.057168,0.021298,0.024699,1,1.0,19
1900-01-01 15:16:46.574,0.234918,0.61856,0.659803,1105.742163,0.057143,0.021511,0.02464,1,1.0,19
1900-01-01 15:16:50.071,0.235289,0.619866,0.660948,1105.644415,0.057054,0.021266,0.025098,1,1.0,19
1900-01-01 15:16:53.522,0.234866,0.619287,0.660374,1106.913984,0.055556,0.021559,0.024271,1,1.0,19
1900-01-01 15:16:56.974,0.235073,0.618799,0.659961,1105.543335,0.056011,0.022059,0.024444,1,1.0,19
1900-01-01 15:17:00.423,0.235278,0.619979,0.661556,1107.217557,0.057273,0.02132,0.024222,1,1.0,19
1900-01-01 15:17:03.974,0.23521,0.619306,0.660603,1106.132504,0.056358,0.021833,0.024949,1,1.0,19
1900-01-01 15:17:07.422,0.234745,0.619165,0.660006,1107.073433,0.057133,0.021077,0.024767,1,1.0,19
1900-01-01 15:17:10.921,0.234894,0.619302,0.659883,1106.392892,0.057038,0.022071,0.025306,1,1.0,19
1900-01-01 15:17:14.425,0.235236,0.619276,0.660029,1106.005203,0.056943,0.021442,0.025204,1,1.0,19
1900-01-01 15:17:17.873,0.235357,0.619653,0.660606,1106.170946,0.056941,0.021852,0.024263,1,1.0,19
1900-01-01 15:17:21.374,0.235187,0.618636,0.659963,1106.168194,0.055917,0.021255,0.023613,1,1.0,19
1900-01-01 15:17:24.870,0.234899,0.619472,0.660386,1105.946867,0.056698,0.021874,0.025772,1,1.0,19
1900-01-01 15:17:28.374,0.235049,0.619934,0.660929,1107.633319,0.056372,0.021251,0.02497,1,1.0,19
1900-01-01 15:17:31.870,0.235464,0.619995,0.660946,1106.874724,0.055914,0.021375,0.023857,1,1.0,19
1900-01-01 15:17:35.369,0.234907,0.619317,0.660253,1107.049111,0.057064,0.020831,0.025036,1,1.0,19
1900-01-01 15:17:38.820,0.235136,0.618962,0.659909,1106.733643,0.056979,0.021783,0.024985,1,1.0,19
1900-01-01 15:17:42.271,0.235986,0.620447,0.661525,1107.061535,0.056157,0.020923,0.023886,1,1.0,19
1900-01-01 15:17:45.772,0.2353,0.619586,0.661028,1107.481229,0.056361,0.021332,0.024301,1,1.0,19
1900-01-01 15:17:49.220,0.234918,0.619018,0.659817,1106.328198,0.056599,0.020883,0.024292,1,1.0,19
1900-01-01 15:17:52.718,0.235425,0.619879,0.66028,1106.544425,0.055823,0.021346,0.024404,1,1.0,19
1900-01-01 15:17:56.169,0.235584,0.620013,0.661125,1106.726812,0.057018,0.021719,0.02453,1,1.0,19
1900-01-01 15:17:59.618,0.235098,0.619202,0.660269,1107.413039,0.056415,0.021343,0.025317,1,1.0,19
1900-01-01 15:18:03.118,0.235065,0.619897,0.660685,1107.328545,0.056348,0.021139,0.025078,1,1.0,19
1900-01-01 15:18:06.617,0.235571,0.620176,0.661261,1107.026204,0.056368,0.021171,0.023767,1,1.0,19
1900-01-01 15:18:10.068,0.235034,0.619123,0.660095,1107.192691,0.056447,0.021791,0.024685,1,1.0,19
1900-01-01 15:18:13.570,0.235337,0.619049,0.660093,1106.199997,0.056301,0.022076,0.024985,1,1.0,19
1900-01-01 15:18:17.066,0.235545,0.619047,0.660694,1106.760091,0.0563,0.021879,0.024348,1,1.0,19
1900-01-01 15:18:20.566,0.235227,0.619891,0.660958,1107.020062,0.056313,0.021388,0.024457,1,1.0,19
1900-01-01 15:18:24.070,0.23534,0.62053,0.661359,1107.241764,0.056856,0.021272,0.024074,1,1.0,19
1900-01-01 15:18:27.566,0.23512,0.61941,0.660525,1107.851132,0.05682,0.021644,0.024663,1,1.0,19
1900-01-01 15:18:31.065,0.23549,0.620651,0.6615,1107.010034,0.05723,0.021592,0.025924,1,1.0,19
1900-01-01 15:18:34.569,0.234925,0.619487,0.660863,1108.236126,0.055594,0.021,0.023894,1,1.0,19
1900-01-01 15:18:38.065,0.235087,0.618727,0.659656,1106.279979,0.057168,0.021244,0.024253,1,1.0,19
1900-01-01 15:18:41.569,0.234844,0.618683,0.65982,1105.625758,0.056579,0.021486,0.024757,1,1.0,19
1900-01-01 15:18:45.065,0.235379,0.619565,0.660221,1107.01633,0.056245,0.021705,0.025559,1,1.0,19
1900-01-01 15:18:48.569,0.235477,0.620018,0.660559,1106.119575,0.056622,0.02172,0.025572,1,1.0,19
1900-01-01 15:18:52.166,0.235141,0.619729,0.660774,1106.166555,0.056232,0.021636,0.024775,1,1.0,19
1900-01-01 15:18:55.663,0.235451,0.619659,0.660433,1106.946818,0.05564,0.022261,0.024971,1,1.0,19
1900-01-01 15:18:59.167,0.23535,0.619066,0.660166,1106.381957,0.056847,0.021131,0.024796,1,1.0,19
1900-01-01 15:19:02.663,0.235666,0.619612,0.660612,1105.496425,0.056768,0.021589,0.024923,1,1.0,19
1900-01-01 15:19:06.162,0.235242,0.619664,0.660179,1107.020814,0.056552,0.021315,0.024889,1,1.0,19
1900-01-01 15:19:09.666,0.235554,0.62001,0.660816,1107.022439,0.057063,0.021862,0.024391,1,1.0,19
1900-01-01 15:19:13.167,0.234934,0.61875,0.659299,1106.232835,0.055962,0.021892,0.024707,1,1.0,19
1900-01-01 15:19:16.663,0.234914,0.619169,0.659811,1106.34741,0.056608,0.021422,0.02492,1,1.0,19
1900-01-01 15:19:20.162,0.235011,0.619765,0.660628,1106.037159,0.056885,0.021516,0.02476,1,1.0,19
1900-01-01 15:19:23.662,0.236034,0.620448,0.660811,1107.371652,0.055977,0.021731,0.024903,1,1.0,19
1900-01-01 15:19:27.166,0.235143,0.620302,0.660706,1107.837843,0.056705,0.021803,0.024713,1,1.0,19
1900-01-01 15:19:30.662,0.235219,0.619194,0.659774,1106.561842,0.056171,0.021753,0.024613,1,1.0,19
1900-01-01 15:19:34.161,0.235144,0.619232,0.659728,1106.766142,0.056753,0.022056,0.025684,1,1.0,19
1900-01-01 15:19:37.665,0.235627,0.619947,0.66052,1106.404832,0.057194,0.022278,0.025387,1,1.0,19
1900-01-01 15:19:41.161,0.235442,0.619337,0.660223,1106.490365,0.056349,0.021444,0.024085,1,1.0,19
1900-01-01 15:19:44.713,0.235122,0.619263,0.659795,1106.080245,0.057148,0.021981,0.025357,1,1.0,19
1900-01-01 15:19:48.210,0.235549,0.619832,0.660509,1106.936032,0.05743,0.021767,0.025007,1,1.0,19
1900-01-01 15:19:51.714,0.235626,0.62022,0.661249,1107.670995,0.056861,0.02146,0.024178,1,1.0,19
1900-01-01 15:19:55.210,0.235566,0.619642,0.66062,1106.683219,0.056194,0.021263,0.023904,1,1.0,19
1900-01-01 15:19:58.710,0.235374,0.619485,0.660357,1107.056433,0.057007,0.021646,0.024855,1,1.0,19
1900-01-01 15:20:02.209,0.235189,0.619374,0.660164,1106.694726,0.056323,0.021376,0.025232,1,1.0,19
1900-01-01 15:20:05.713,0.235734,0.620942,0.661752,1107.808241,0.05633,0.021147,0.025238,1,1.0,19
1900-01-01 15:20:09.209,0.234999,0.618901,0.659803,1106.680522,0.056576,0.02168,0.025192,1,1.0,19
1900-01-01 15:20:12.761,0.235708,0.620567,0.661244,1107.256292,0.057063,0.021473,0.024978,1,1.0,19
1900-01-01 15:20:16.311,0.235743,0.620082,0.660601,1107.325642,0.057043,0.021528,0.024801,1,1.0,19
1900-01-01 15:20:19.809,0.235885,0.620325,0.660923,1107.037741,0.056365,0.02191,0.024762,1,1.0,19
1900-01-01 15:20:23.308,0.236004,0.620699,0.661348,1108.013902,0.056253,0.021478,0.024864,1,1.0,19
1900-01-01 15:20:26.812,0.23531,0.61899,0.660011,1106.951125,0.056363,0.021325,0.025226,1,1.0,19
1900-01-01 15:20:30.308,0.236025,0.620408,0.661316,1107.519369,0.056378,0.021201,0.025476,1,1.0,19
1900-01-01 15:20:33.807,0.23624,0.620956,0.661965,1108.090708,0.056561,0.021194,0.024745,1,1.0,19
1900-01-01 15:20:37.306,0.235859,0.619559,0.66029,1107.418319,0.056475,0.021218,0.025335,1,1.0,19
1900-01-01 15:20:40.810,0.236098,0.619592,0.660347,1107.140848,0.056549,0.021162,0.024388,1,1.0,19
1900-01-01 15:20:44.359,0.236284,0.620532,0.660889,1106.993019,0.056635,0.021057,0.024858,1,1.0,19
1900-01-01 15:20:47.857,0.2357,0.618956,0.659831,1106.285636,0.055884,0.021464,0.025241,1,1.0,19
1900-01-01 15:20:51.409,0.235978,0.619461,0.660532,1106.972236,0.055855,0.021467,0.02349,1,1.0,19
1900-01-01 15:20:54.959,0.236143,0.620372,0.661574,1107.065332,0.057414,0.021187,0.024338,1,1.0,19
1900-01-01 15:20:58.510,0.236227,0.620284,0.661071,1107.197352,0.056199,0.021104,0.024647,1,1.0,19
1900-01-01 15:21:02.058,0.235717,0.61975,0.660766,1107.648883,0.056964,0.021425,0.024855,1,1.0,19
1900-01-01 15:21:05.657,0.236332,0.618984,0.659647,1106.093515,0.056514,0.021838,0.024164,1,1.0,19
1900-01-01 15:21:09.207,0.235916,0.618761,0.659473,1105.824872,0.056556,0.021713,0.025318,1,1.0,19
1900-01-01 15:21:12.705,0.236419,0.620645,0.660771,1107.044481,0.056195,0.021513,0.026017,1,1.0,19
1900-01-01 15:21:16.257,0.236416,0.620719,0.661598,1107.362482,0.056668,0.021254,0.024567,1,1.0,19
1900-01-01 15:21:19.754,0.236148,0.619168,0.65981,1106.995355,0.057331,0.021382,0.024678,1,1.0,19
1900-01-01 15:21:23.306,0.236277,0.620267,0.660773,1106.915159,0.05684,0.020986,0.024407,1,1.0,19
1900-01-01 15:21:26.857,0.235656,0.618857,0.659462,1106.37548,0.057103,0.020988,0.024981,1,1.0,19
1900-01-01 15:21:30.354,0.235872,0.618632,0.659319,1105.451616,0.057167,0.021402,0.025019,1,1.0,19
1900-01-01 15:21:33.854,0.236247,0.620789,0.661531,1107.224819,0.055762,0.021542,0.025018,1,1.0,19
1900-01-01 15:21:37.406,0.236068,0.619576,0.660439,1107.612027,0.056469,0.021815,0.024085,1,1.0,19
1900-01-01 15:21:40.956,0.236904,0.620517,0.660857,1107.064004,0.056416,0.02203,0.024971,1,1.0,19
1900-01-01 15:21:44.454,0.237001,0.621149,0.662045,1107.545884,0.056935,0.021861,0.024288,1,1.0,19
1900-01-01 15:21:48.006,0.236436,0.620336,0.660657,1107.346553,0.056958,0.021425,0.024921,1,1.0,19
1900-01-01 15:21:51.554,0.236806,0.621834,0.662534,1108.265476,0.056794,0.020923,0.024511,1,1.0,19
1900-01-01 15:21:55.105,0.236064,0.6195,0.660142,1108.005946,0.055779,0.021158,0.024361,1,1.0,19
1900-01-01 15:21:58.602,0.236511,0.620021,0.660104,1106.30101,0.056438,0.022238,0.024687,1,1.0,19
1900-01-01 15:22:02.102,0.236623,0.62042,0.660874,1107.398594,0.056605,0.022221,0.024908,1,1.0,19
1900-01-01 15:22:05.754,0.235993,0.619879,0.661037,1107.602494,0.055975,0.021036,0.02388,1,1.0,19
1900-01-01 15:22:09.305,0.235646,0.620254,0.660678,1107.756331,0.057108,0.021551,0.024816,1,1.0,19
1900-01-01 15:22:12.806,0.236306,0.620416,0.661188,1106.99911,0.056588,0.021846,0.024836,1,1.0,19
1900-01-01 15:22:16.302,0.235605,0.618943,0.659963,1106.555099,0.05667,0.021566,0.025231,1,1.0,19
1900-01-01 15:22:19.854,0.236577,0.620852,0.661065,1107.576188,0.056979,0.021396,0.024969,1,1.0,19
1900-01-01 15:22:23.404,0.236627,0.620792,0.66138,1107.985715,0.056505,0.021944,0.025037,1,1.0,19
1900-01-01 15:22:26.953,0.235954,0.619671,0.66041,1107.135168,0.056737,0.021869,0.025127,1,1.0,19
1900-01-01 15:22:30.450,0.237113,0.621318,0.662369,1108.369216,0.056106,0.022045,0.024538,1,1.0,19
1900-01-01 15:22:33.950,0.236304,0.61929,0.660118,1106.601118,0.057505,0.021289,0.024301,1,1.0,19
1900-01-01 15:22:37.502,0.236524,0.619989,0.66054,1106.694816,0.056575,0.021357,0.02442,1,1.0,19
1900-01-01 15:22:40.999,0.236699,0.619871,0.660443,1106.772895,0.057122,0.021624,0.024248,1,1.0,19
1900-01-01 15:22:44.450,0.236426,0.620663,0.661423,1107.502822,0.05622,0.021606,0.024588,1,1.0,19
1900-01-01 15:22:48.001,0.236416,0.620539,0.660797,1108.004618,0.056818,0.021524,0.024757,1,1.0,19
1900-01-01 15:22:51.551,0.236229,0.620735,0.661339,1107.508922,0.057643,0.021524,0.024424,1,1.0,19
1900-01-01 15:22:55.102,0.236649,0.620585,0.661009,1107.954164,0.056697,0.021475,0.024389,1,1.0,19
1900-01-01 15:22:58.650,0.236572,0.620841,0.661335,1107.502708,0.057393,0.021879,0.024844,1,1.0,19
1900-01-01 15:23:02.148,0.237184,0.62076,0.661099,1107.338314,0.056859,0.021321,0.024486,1,1.0,19
1900-01-01 15:23:05.950,0.236579,0.620122,0.660604,1107.80429,0.057365,0.021861,0.025342,1,1.0,19
1900-01-01 15:23:09.500,0.235992,0.618686,0.659077,1106.386665,0.057042,0.021174,0.024778,1,1.0,19
1900-01-01 15:23:13.050,0.237051,0.619983,0.660099,1105.900575,0.057511,0.022186,0.024282,1,1.0,19
1900-01-01 15:23:16.647,0.236378,0.62071,0.660756,1107.014617,0.056561,0.021201,0.024941,1,1.0,19
1900-01-01 15:23:20.300,0.236455,0.620735,0.661406,1107.460931,0.056263,0.021532,0.024191,1,1.0,19
1900-01-01 15:23:23.898,0.237214,0.620989,0.660901,1107.633705,0.056669,0.022147,0.024455,1,1.0,19
1900-01-01 15:23:27.449,0.23666,0.62052,0.6609,1106.75787,0.056974,0.02193,0.024514,1,1.0,19
1900-01-01 15:23:30.999,0.236232,0.619376,0.659398,1106.350806,0.056056,0.021985,0.025248,1,1.0,19
1900-01-01 15:23:34.548,0.236463,0.618801,0.659315,1105.64726,0.056668,0.021464,0.02468,1,1.0,19
1900-01-01 15:23:38.098,0.236648,0.619715,0.659775,1105.773076,0.057203,0.021479,0.024851,1,1.0,19
1900-01-01 15:23:41.649,0.236199,0.618917,0.659369,1105.003924,0.055994,0.021758,0.025246,1,1.0,19
1900-01-01 15:23:45.198,0.237055,0.62054,0.661078,1107.612095,0.057042,0.022119,0.024782,1,1.0,19
1900-01-01 15:23:48.748,0.23578,0.619684,0.659721,1107.836967,0.056417,0.021711,0.024777,1,1.0,19
1900-01-01 15:23:52.298,0.23614,0.620478,0.660811,1107.125097,0.056223,0.021635,0.024806,1,1.0,19
1900-01-01 15:23:55.895,0.236021,0.620155,0.661022,1108.204789,0.05635,0.020995,0.024362,1,1.0,19
1900-01-01 15:23:59.447,0.235848,0.618608,0.65963,1107.629283,0.056426,0.02161,0.024688,1,1.0,19
1900-01-01 15:24:03.046,0.236268,0.620314,0.660849,1107.644594,0.056807,0.021348,0.024675,1,1.0,19
1900-01-01 15:24:06.694,0.235501,0.618354,0.658675,1106.140396,0.055689,0.021174,0.024478,1,1.0,19
1900-01-01 15:24:10.246,0.236074,0.620305,0.661091,1107.152758,0.057557,0.021687,0.025639,1,1.0,19
1900-01-01 15:24:13.897,0.236395,0.620127,0.660497,1107.933966,0.057058,0.021787,0.024457,1,1.0,19
1900-01-01 15:24:17.447,0.236226,0.619817,0.660407,1107.43322,0.056205,0.021967,0.025259,1,1.0,19
1900-01-01 15:24:20.996,0.235802,0.619081,0.659626,1107.573569,0.056099,0.021335,0.024056,1,1.0,19
1900-01-01 15:24:24.593,0.236212,0.619522,0.659691,1106.752465,0.056685,0.022005,0.025618,1,1.0,19
1900-01-01 15:24:28.145,0.236063,0.619927,0.660416,1108.210669,0.057313,0.021599,0.024634,1,1.0,19
1900-01-01 15:24:31.743,0.235635,0.619366,0.659755,1107.28776,0.05706,0.021723,0.025022,1,1.0,19
1900-01-01 15:24:35.295,0.236079,0.620209,0.660721,1107.35319,0.05724,0.021175,0.024593,1,1.0,19
1900-01-01 15:24:38.796,0.236029,0.619675,0.66038,1108.131687,0.056858,0.021306,0.024285,1,1.0,19
1900-01-01 15:24:42.292,0.235797,0.620157,0.660625,1107.886196,0.0562,0.020886,0.024764,1,1.0,19
1900-01-01 15:24:45.791,0.236791,0.620922,0.661495,1108.706503,0.056537,0.021909,0.02492,1,1.0,19
1900-01-01 15:24:49.343,0.236787,0.620145,0.66062,1107.452743,0.056716,0.021891,0.02489,1,1.0,19
1900-01-01 15:24:52.894,0.236122,0.620844,0.660942,1108.417546,0.057687,0.021122,0.024782,1,1.0,19
1900-01-01 15:24:56.444,0.236396,0.619937,0.660254,1108.094621,0.05656,0.022039,0.02581,1,1.0,19
1900-01-01 15:25:00.041,0.236082,0.620317,0.66083,1107.802385,0.055949,0.021504,0.024948,1,1.0,19
1900-01-01 15:25:03.593,0.236227,0.619026,0.6595,1107.604063,0.055894,0.021337,0.024546,1,1.0,19
1900-01-01 15:25:07.191,0.23649,0.619327,0.659895,1106.506764,0.056585,0.021492,0.024575,1,1.0,19
1900-01-01 15:25:10.690,0.236732,0.620474,0.660977,1108.205243,0.057244,0.021643,0.024784,1,1.0,19
1900-01-01 15:25:14.290,0.236361,0.619721,0.660149,1107.051719,0.056263,0.021211,0.024273,1,1.0,19
1900-01-01 15:25:17.842,0.236225,0.620341,0.660641,1107.872191,0.056187,0.020952,0.024072,1,1.0,19
1900-01-01 15:25:21.393,0.236393,0.619636,0.660246,1107.416429,0.056223,0.021554,0.024965,1,1.0,19
1900-01-01 15:25:25.090,0.23655,0.620437,0.661251,1108.596363,0.056842,0.021238,0.023673,1,1.0,19
1900-01-01 15:25:28.642,0.235935,0.620576,0.660936,1108.689849,0.056506,0.021172,0.024263,1,1.0,19
1900-01-01 15:25:32.191,0.236172,0.620081,0.660814,1108.19663,0.05679,0.020793,0.02395,1,1.0,19
1900-01-01 15:25:35.742,0.236017,0.62019,0.660766,1107.805457,0.057008,0.02102,0.024804,1,1.0,19
1900-01-01 15:25:39.290,0.236615,0.620176,0.660499,1107.713998,0.056877,0.021589,0.023915,1,1.0,19
1900-01-01 15:25:42.889,0.236439,0.619938,0.660203,1107.621013,0.056843,0.021375,0.02496,1,1.0,19
1900-01-01 15:25:46.388,0.236606,0.620909,0.661172,1108.314388,0.056845,0.021629,0.024729,1,1.0,19
1900-01-01 15:25:49.988,0.236403,0.620198,0.660871,1107.491767,0.056733,0.021351,0.024683,1,1.0,19
1900-01-01 15:25:53.540,0.236165,0.620067,0.660649,1107.758037,0.057032,0.021509,0.024746,1,1.0,19
1900-01-01 15:25:57.041,0.236801,0.620543,0.660732,1108.275784,0.056371,0.021937,0.025096,1,1.0,19
1900-01-01 15:26:00.638,0.236051,0.619742,0.659844,1107.947879,0.057085,0.021454,0.025482,1,1.0,19
1900-01-01 15:26:04.190,0.236176,0.620407,0.660468,1107.760692,0.056388,0.021665,0.0254,1,1.0,19
1900-01-01 15:26:07.788,0.236619,0.620389,0.660733,1107.295623,0.056666,0.021205,0.024452,1,1.0,19
1900-01-01 15:26:11.338,0.236671,0.620224,0.660355,1106.976348,0.056559,0.021408,0.025408,1,1.0,19
1900-01-01 15:26:14.889,0.236668,0.619531,0.659899,1105.501827,0.057161,0.021804,0.024856,1,1.0,19
1900-01-01 15:26:18.486,0.23647,0.619609,0.659827,1107.318714,0.056318,0.021584,0.024382,1,1.0,19
1900-01-01 15:26:22.086,0.23743,0.619104,0.659682,1105.671327,0.056266,0.021327,0.023957,1,1.0,19
1900-01-01 15:26:25.638,0.237184,0.619479,0.660095,1105.067464,0.056721,0.021169,0.02447,1,1.0,19
1900-01-01 15:26:29.236,0.238301,0.620884,0.660896,1106.851398,0.055916,0.021416,0.024525,1,1.0,19
1900-01-01 15:26:32.735,0.243007,0.620602,0.660878,1102.12275,0.056957,0.023233,0.024459,1,1.0,19
1900-01-01 15:26:36.287,0.246568,0.619417,0.659433,1093.504768,0.056435,0.021662,0.024301,1,1.0,19
1900-01-01 15:26:39.785,0.247493,0.621816,0.661167,1094.51479,0.057363,0.02195,0.025342,1,1.0,19
1900-01-01 15:26:43.337,0.247514,0.621483,0.661169,1093.985275,0.057239,0.021846,0.026062,1,1.0,19
1900-01-01 15:26:46.887,0.247271,0.621476,0.661031,1094.400427,0.056205,0.021382,0.02466,1,1.0,19
1900-01-01 15:26:50.484,0.247317,0.62112,0.660971,1094.473254,0.056154,0.021645,0.024594,1,1.0,19
1900-01-01 15:26:54.084,0.247162,0.621652,0.661637,1094.639986,0.05742,0.021733,0.025814,1,1.0,19
1900-01-01 15:26:57.636,0.24762,0.62221,0.662545,1095.130793,0.056304,0.021559,0.024474,1,1.0,19
1900-01-01 15:27:01.238,0.247024,0.6203,0.660253,1094.675504,0.056942,0.021618,0.024555,1,1.0,19
1900-01-01 15:27:04.834,0.246976,0.621553,0.661398,1094.730099,0.05683,0.02153,0.024965,1,1.0,19
1900-01-01 15:27:08.434,0.247249,0.621617,0.661201,1095.500438,0.056934,0.02166,0.024233,1,1.0,19
1900-01-01 15:27:11.985,0.247402,0.621582,0.661322,1094.922386,0.057233,0.021398,0.024975,1,1.0,19
1900-01-01 15:27:15.583,0.247493,0.622264,0.661514,1095.211142,0.056776,0.021686,0.024991,1,1.0,19
1900-01-01 15:27:19.134,0.247016,0.621325,0.66095,1095.2437,0.056888,0.021518,0.024768,1,1.0,19
1900-01-01 15:27:22.684,0.247157,0.621516,0.661302,1095.623621,0.056624,0.021435,0.02462,1,1.0,19
1900-01-01 15:27:26.182,0.246729,0.620291,0.660059,1094.901625,0.055598,0.021727,0.024269,1,1.0,19
1900-01-01 15:27:29.734,0.247329,0.622002,0.661595,1094.907795,0.056495,0.021094,0.02435,1,1.0,19
1900-01-01 15:27:33.231,0.246965,0.621299,0.661245,1095.76044,0.056317,0.021332,0.023843,1,1.0,19
1900-01-01 15:27:36.783,0.247107,0.622241,0.661875,1095.935177,0.056996,0.021107,0.024964,1,1.0,19
1900-01-01 15:27:40.334,0.24705,0.621369,0.660981,1095.534475,0.056364,0.021678,0.02408,1,1.0,19
1900-01-01 15:27:43.882,0.246914,0.621561,0.661175,1095.867178,0.057561,0.021579,0.024515,1,1.0,19
1900-01-01 15:27:47.534,0.24609,0.619051,0.658858,1094.188787,0.05531,0.021648,0.024793,1,1.0,19
1900-01-01 15:27:51.082,0.246808,0.620526,0.659991,1092.644684,0.056135,0.021641,0.024765,1,1.0,19
1900-01-01 15:27:54.681,0.246868,0.620975,0.660591,1095.436397,0.05637,0.021695,0.024845,1,1.0,19
1900-01-01 15:27:58.233,0.246965,0.621981,0.661647,1095.831643,0.056279,0.021732,0.024865,1,1.0,19
1900-01-01 15:28:01.830,0.247203,0.621345,0.660805,1095.434042,0.05715,0.02123,0.024447,1,1.0,19
1900-01-01 15:28:05.430,0.245607,0.618073,0.657697,1093.3958,0.05596,0.021886,0.026171,1,1.0,19
1900-01-01 15:28:09.030,0.247076,0.62096,0.660639,1093.439019,0.056563,0.021656,0.024659,1,1.0,19
1900-01-01 15:28:12.582,0.246566,0.620213,0.660318,1095.020621,0.055898,0.02086,0.023874,1,1.0,19
1900-01-01 15:28:16.180,0.247347,0.622,0.661853,1094.958235,0.056809,0.021047,0.024308,1,1.0,19
1900-01-01 15:28:19.730,0.24735,0.621499,0.661088,1095.531981,0.056056,0.021789,0.024526,1,1.0,19
1900-01-01 15:28:23.281,0.24716,0.621675,0.661027,1095.332658,0.056925,0.022298,0.025172,1,1.0,19
1900-01-01 15:28:26.878,0.245433,0.617583,0.65703,1092.480896,0.054936,0.022229,0.026019,1,1.0,19
1900-01-01 15:28:30.478,0.246854,0.621585,0.661121,1095.065628,0.056498,0.021618,0.024591,1,1.0,19
1900-01-01 15:28:34.078,0.246449,0.620888,0.66105,1094.972642,0.05747,0.021863,0.02447,1,1.0,19
1900-01-01 15:28:37.630,0.246711,0.620728,0.660253,1095.068407,0.05576,0.021807,0.025523,1,1.0,19
1900-01-01 15:28:41.180,0.246273,0.620494,0.660433,1094.777612,0.056518,0.021443,0.024264,1,1.0,19
1900-01-01 15:28:44.777,0.246427,0.621517,0.66142,1094.89794,0.055936,0.021693,0.023908,1,1.0,19
1900-01-01 15:28:48.377,0.245717,0.620192,0.660218,1095.428406,0.056803,0.021442,0.024164,1,1.0,19
1900-01-01 15:28:52.030,0.246457,0.620855,0.660918,1094.879504,0.057117,0.021758,0.024665,1,1.0,19
1900-01-01 15:28:55.626,0.246011,0.6209,0.66055,1095.878646,0.056626,0.021537,0.024412,1,1.0,19
1900-01-01 15:28:59.178,0.246016,0.619866,0.659177,1094.042352,0.057046,0.021457,0.024766,1,1.0,19
1900-01-01 15:29:02.727,0.245909,0.619788,0.660071,1094.623456,0.05579,0.021085,0.024715,1,1.0,19
1900-01-01 15:29:06.278,0.246051,0.62035,0.659791,1095.442861,0.056798,0.021425,0.024918,1,1.0,19
1900-01-01 15:29:09.828,0.246351,0.621445,0.661212,1095.38456,0.056841,0.021923,0.023974,1,1.0,19
1900-01-01 15:29:13.425,0.246038,0.620987,0.660567,1095.245292,0.057159,0.021869,0.025571,1,1.0,19
1900-01-01 15:29:17.078,0.245514,0.621455,0.661006,1096.896818,0.056505,0.02072,0.024048,1,1.0,19
1900-01-01 15:29:20.674,0.246024,0.621416,0.660908,1096.087115,0.05768,0.021395,0.024641,1,1.0,19
1900-01-01 15:29:24.226,0.245673,0.621034,0.660437,1096.837787,0.057142,0.021594,0.024561,1,1.0,19
1900-01-01 15:29:27.777,0.245677,0.621833,0.661542,1097.23,0.057187,0.021613,0.025005,1,1.0,19
1900-01-01 15:29:31.327,0.24573,0.62094,0.660371,1096.318225,0.056622,0.02196,0.024347,1,1.0,19
1900-01-01 15:29:34.876,0.245884,0.620667,0.659957,1095.796512,0.056807,0.021736,0.025051,1,1.0,19
1900-01-01 15:29:38.425,0.245636,0.620093,0.659349,1095.285044,0.056697,0.021108,0.02455,1,1.0,19
1900-01-01 15:29:42.023,0.246375,0.620392,0.659545,1095.160036,0.056382,0.021912,0.025018,1,1.0,19
1900-01-01 15:29:45.676,0.246135,0.620858,0.660651,1095.29639,0.056934,0.021252,0.024588,1,1.0,19
1900-01-01 15:29:49.273,0.246405,0.620676,0.660054,1096.088111,0.056607,0.021408,0.024038,1,1.0,19
1900-01-01 15:29:52.974,0.245737,0.620012,0.659778,1095.773549,0.056164,0.021767,0.024664,1,1.0,19
1900-01-01 15:29:56.722,0.245831,0.620064,0.659682,1095.414872,0.056792,0.021237,0.024177,1,1.0,19
1900-01-01 15:30:00.423,0.246163,0.62119,0.661004,1096.204137,0.056593,0.021524,0.024568,1,1.0,19
1900-01-01 15:30:04.023,0.245724,0.621123,0.660563,1097.292065,0.056549,0.021264,0.025165,1,1.0,19
1900-01-01 15:30:07.622,0.24669,0.621243,0.660607,1096.793591,0.056593,0.022087,0.024163,1,1.0,19
1900-01-01 15:30:11.222,0.246074,0.620111,0.659478,1096.04526,0.05692,0.021474,0.024877,1,1.0,19
1900-01-01 15:30:14.874,0.246354,0.62091,0.660463,1095.781907,0.05676,0.021706,0.024424,1,1.0,19
1900-01-01 15:30:18.524,0.246257,0.620957,0.660679,1096.536727,0.056835,0.021547,0.024325,1,1.0,19
1900-01-01 15:30:22.174,0.245744,0.619985,0.659677,1096.004535,0.056318,0.020945,0.024057,1,1.0,19
1900-01-01 15:30:25.921,0.246455,0.621474,0.66123,1096.780237,0.056439,0.021419,0.024279,1,1.0,19
1900-01-01 15:30:29.521,0.245232,0.619609,0.659284,1095.979777,0.056072,0.020892,0.024079,1,1.0,19
1900-01-01 15:30:33.174,0.246158,0.621837,0.661509,1097.135591,0.056658,0.02179,0.024801,1,1.0,19
1900-01-01 15:30:36.822,0.246095,0.620404,0.660154,1096.503989,0.055674,0.022015,0.023902,1,1.0,19
1900-01-01 15:30:40.473,0.246119,0.620125,0.659908,1096.058486,0.056843,0.0212,0.024408,1,1.0,19
1900-01-01 15:30:44.122,0.245882,0.620318,0.659682,1095.646915,0.056327,0.021413,0.02457,1,1.0,19
1900-01-01 15:30:47.772,0.246049,0.620593,0.659883,1096.399804,0.056643,0.021446,0.024375,1,1.0,19
1900-01-01 15:30:51.418,0.246007,0.62104,0.660427,1096.393627,0.056743,0.021669,0.02544,1,1.0,19
1900-01-01 15:30:55.119,0.245505,0.619848,0.659458,1096.472936,0.056271,0.021196,0.024087,1,1.0,19
1900-01-01 15:30:58.772,0.245868,0.621577,0.661421,1096.810343,0.056879,0.021621,0.024693,1,1.0,19
1900-01-01 15:31:02.422,0.246028,0.620156,0.659722,1097.090879,0.056493,0.021496,0.026108,1,1.0,19
1900-01-01 15:31:06.018,0.245783,0.620541,0.66022,1095.584953,0.055859,0.020986,0.023943,1,1.0,19
1900-01-01 15:31:09.671,0.245683,0.620419,0.659834,1096.238577,0.056946,0.021801,0.025473,1,1.0,19
1900-01-01 15:31:13.268,0.245279,0.619339,0.659101,1095.6726,0.056451,0.021361,0.024544,1,1.0,19
1900-01-01 15:31:16.921,0.245329,0.61943,0.659389,1094.861435,0.056303,0.021654,0.023733,1,1.0,19
1900-01-01 15:31:20.518,0.246011,0.620266,0.659977,1095.782704,0.055531,0.021501,0.023779,1,1.0,19
1900-01-01 15:31:24.068,0.245607,0.620037,0.659957,1096.10307,0.056779,0.02166,0.024585,1,1.0,19
1900-01-01 15:31:27.618,0.245588,0.619816,0.6591,1095.266358,0.056115,0.021729,0.024357,1,1.0,19
1900-01-01 15:31:31.169,0.245833,0.62047,0.660311,1095.75488,0.056431,0.021473,0.024364,1,1.0,19
1900-01-01 15:31:34.767,0.24591,0.620443,0.660447,1096.315806,0.056519,0.021859,0.024925,1,1.0,19
1900-01-01 15:31:38.366,0.245723,0.620931,0.660859,1096.74381,0.055736,0.02141,0.024694,1,1.0,19
1900-01-01 15:31:41.966,0.245839,0.620141,0.659899,1096.20373,0.056353,0.020831,0.02409,1,1.0,19
1900-01-01 15:31:45.566,0.245787,0.62021,0.660029,1096.058357,0.05659,0.021737,0.024481,1,1.0,19
1900-01-01 15:31:49.166,0.24601,0.619893,0.659496,1094.598076,0.056352,0.021182,0.024582,1,1.0,19
1900-01-01 15:31:52.766,0.24624,0.621082,0.660335,1096.498406,0.055954,0.020914,0.024516,1,1.0,19
1900-01-01 15:31:56.366,0.245806,0.620497,0.660004,1095.937868,0.056439,0.021136,0.024024,1,1.0,19
1900-01-01 15:31:59.966,0.246503,0.620849,0.66045,1097.328736,0.056901,0.021381,0.024446,1,1.0,19
1900-01-01 15:32:03.617,0.246122,0.620702,0.660713,1096.612486,0.056731,0.021327,0.023649,1,1.0,19
1900-01-01 15:32:07.268,0.246025,0.620522,0.660275,1096.507885,0.056337,0.021167,0.024093,1,1.0,19
1900-01-01 15:32:10.865,0.245862,0.620428,0.660243,1096.055342,0.056214,0.02129,0.024363,1,1.0,19
1900-01-01 15:32:14.465,0.246138,0.620389,0.660318,1096.317672,0.056742,0.021356,0.024305,1,1.0,19
1900-01-01 15:32:18.063,0.246254,0.620226,0.660324,1096.057658,0.056287,0.021521,0.024179,1,1.0,19
1900-01-01 15:32:21.663,0.246151,0.620327,0.660292,1096.12777,0.057021,0.020756,0.024108,1,1.0,19
1900-01-01 15:32:25.263,0.245944,0.619797,0.659728,1095.180879,0.056292,0.021418,0.024415,1,1.0,19
1900-01-01 15:32:28.815,0.245959,0.620264,0.659573,1095.876773,0.055604,0.02147,0.024663,1,1.0,19
1900-01-01 15:32:32.465,0.246192,0.620444,0.659712,1096.495392,0.055794,0.021543,0.024386,1,1.0,19
1900-01-01 15:32:36.063,0.245746,0.619982,0.659788,1096.474365,0.056336,0.021952,0.02569,1,1.0,19
1900-01-01 15:32:39.663,0.246497,0.620881,0.660134,1095.632715,0.056126,0.021048,0.024405,1,1.0,19
1900-01-01 15:32:43.262,0.246169,0.620677,0.660346,1095.93683,0.056899,0.02146,0.024675,1,1.0,19
1900-01-01 15:32:46.862,0.246074,0.620083,0.659822,1095.565922,0.056256,0.021521,0.024945,1,1.0,19
1900-01-01 15:32:50.514,0.246455,0.621154,0.6608,1096.618488,0.056095,0.022062,0.024188,1,1.0,19
1900-01-01 15:32:54.212,0.246417,0.620559,0.660259,1096.508589,0.05613,0.021647,0.023868,1,1.0,19
1900-01-01 15:32:57.863,0.24628,0.621368,0.661315,1097.160029,0.056005,0.020832,0.024233,1,1.0,19
1900-01-01 15:33:01.513,0.246096,0.620171,0.659184,1096.228004,0.055719,0.021582,0.025655,1,1.0,19
1900-01-01 15:33:05.159,0.246139,0.620899,0.660324,1095.992752,0.055657,0.021412,0.025265,1,1.0,19
1900-01-01 15:33:08.812,0.246196,0.619604,0.659434,1096.052721,0.055051,0.021628,0.024609,1,1.0,19
1900-01-01 15:33:12.362,0.246351,0.620457,0.66027,1095.486825,0.056738,0.020869,0.024084,1,1.0,19
1900-01-01 15:33:15.961,0.246595,0.621324,0.660918,1096.847303,0.056206,0.021712,0.024,1,1.0,19
1900-01-01 15:33:19.559,0.246542,0.620248,0.66,1096.697132,0.056551,0.021349,0.024108,1,1.0,19
1900-01-01 15:33:23.212,0.246631,0.620121,0.659726,1095.381574,0.056965,0.021472,0.0243,1,1.0,19
1900-01-01 15:33:26.809,0.24625,0.619916,0.659816,1095.877079,0.056243,0.020998,0.024015,1,1.0,19
1900-01-01 15:33:30.409,0.246615,0.620281,0.65993,1095.432335,0.057257,0.021457,0.023902,1,1.0,19
1900-01-01 15:33:34.009,0.246316,0.619991,0.65934,1095.72963,0.055849,0.020815,0.023952,1,1.0,19
1900-01-01 15:33:37.662,0.246876,0.621785,0.661182,1096.818087,0.056285,0.021023,0.024305,1,1.0,19
1900-01-01 15:33:41.258,0.246742,0.621192,0.660777,1097.079637,0.056205,0.021663,0.023839,1,1.0,19
1900-01-01 15:33:44.911,0.246411,0.620377,0.659796,1096.140487,0.056122,0.021814,0.025066,1,1.0,19
1900-01-01 15:33:48.561,0.246226,0.619861,0.65934,1095.436175,0.055452,0.02135,0.023953,1,1.0,19
1900-01-01 15:33:52.210,0.246719,0.620606,0.660186,1096.520363,0.05748,0.021941,0.025023,1,1.0,19
1900-01-01 15:33:55.807,0.246686,0.620635,0.660123,1096.577025,0.056458,0.022098,0.024432,1,1.0,19
1900-01-01 15:33:59.460,0.246648,0.62026,0.659965,1095.690044,0.055919,0.021528,0.024541,1,1.0,19
1900-01-01 15:34:03.057,0.247015,0.620851,0.660136,1096.397451,0.056176,0.021532,0.025278,1,1.0,19
1900-01-01 15:34:06.758,0.246781,0.620969,0.660431,1095.852533,0.056351,0.021565,0.024836,1,1.0,19
1900-01-01 15:34:10.458,0.24635,0.619892,0.659188,1095.595371,0.055836,0.021519,0.024152,1,1.0,19
1900-01-01 15:34:14.110,0.246514,0.620079,0.659751,1095.513374,0.056416,0.021057,0.024092,1,1.0,19
1900-01-01 15:34:17.759,0.247069,0.621004,0.660312,1095.62495,0.056292,0.02182,0.025055,1,1.0,19
1900-01-01 15:34:21.457,0.246647,0.619858,0.659464,1095.232352,0.056225,0.021995,0.024202,1,1.0,19
1900-01-01 15:34:25.209,0.246905,0.619907,0.659531,1095.016039,0.055461,0.021848,0.024292,1,1.0,19
1900-01-01 15:34:28.804,0.246784,0.620548,0.659784,1095.669063,0.056856,0.021943,0.025408,1,1.0,19
1900-01-01 15:34:32.409,0.246521,0.619898,0.659043,1095.134795,0.056674,0.021748,0.025336,1,1.0,19
1900-01-01 15:34:36.057,0.247057,0.620601,0.660098,1095.595406,0.056378,0.021495,0.02523,1,1.0,19
1900-01-01 15:34:39.655,0.246555,0.620141,0.659875,1095.409012,0.056943,0.021141,0.023968,1,1.0,19
1900-01-01 15:34:43.303,0.24691,0.620484,0.660081,1095.8358,0.055733,0.021794,0.024548,1,1.0,19
1900-01-01 15:34:47.004,0.246634,0.620499,0.660021,1095.883107,0.056196,0.021416,0.024012,1,1.0,19
1900-01-01 15:34:50.705,0.247442,0.621099,0.660351,1095.253787,0.056496,0.021347,0.024418,1,1.0,19
1900-01-01 15:34:54.404,0.24673,0.620679,0.659955,1095.389056,0.056456,0.021542,0.02527,1,1.0,19
1900-01-01 15:34:58.055,0.246706,0.620246,0.659933,1095.304324,0.056323,0.021106,0.024106,1,1.0,19
1900-01-01 15:35:01.754,0.247792,0.620987,0.660529,1095.957535,0.056628,0.0217,0.024931,1,1.0,19
1900-01-01 15:35:05.454,0.247931,0.621934,0.66143,1095.944522,0.056605,0.021338,0.024517,1,1.0,19
1900-01-01 15:35:09.153,0.247073,0.619946,0.659526,1095.242475,0.056332,0.021331,0.025013,1,1.0,19
1900-01-01 15:35:12.806,0.24778,0.621366,0.660699,1094.485851,0.057264,0.021079,0.023839,1,1.0,19
1900-01-01 15:35:16.503,0.24777,0.620634,0.659735,1094.881717,0.056493,0.02157,0.024449,1,1.0,19
1900-01-01 15:35:20.204,0.248113,0.620722,0.660183,1093.681759,0.057211,0.021313,0.024759,1,1.0,19
1900-01-01 15:35:23.903,0.248216,0.620327,0.659496,1094.291611,0.056814,0.021327,0.024459,1,1.0,19
1900-01-01 15:35:27.602,0.247915,0.620522,0.660072,1093.393006,0.056688,0.022294,0.025281,1,1.0,19
1900-01-01 15:35:31.302,0.244843,0.620898,0.66069,1098.007569,0.057021,0.021431,0.024544,1,1.0,19
1900-01-01 15:35:35.002,0.244174,0.619132,0.658736,1097.55138,0.056096,0.021318,0.024419,1,1.0,19
1900-01-01 15:35:38.601,0.244744,0.620737,0.66041,1098.174366,0.05846,0.021298,0.02496,1,1.0,19
1900-01-01 15:35:42.302,0.243926,0.617829,0.657574,1095.823232,0.059121,0.022052,0.02462,1,1.0,19
1900-01-01 15:35:46.001,0.24412,0.619297,0.659228,1097.234701,0.057504,0.021139,0.024654,1,1.0,19
1900-01-01 15:35:49.654,0.243856,0.619463,0.659092,1097.304669,0.05702,0.021129,0.024046,1,1.0,19
1900-01-01 15:35:53.303,0.244134,0.620816,0.660742,1098.67168,0.056765,0.020935,0.024243,1,1.0,19
1900-01-01 15:35:57.001,0.243845,0.619689,0.65927,1097.848573,0.057563,0.020601,0.024298,1,1.0,19
1900-01-01 15:36:00.700,0.243971,0.619829,0.659275,1097.610713,0.057779,0.021767,0.024165,1,1.0,19
1900-01-01 15:36:04.401,0.243845,0.619028,0.658706,1097.085695,0.057143,0.021571,0.024105,1,1.0,19
1900-01-01 15:36:08.052,0.243949,0.618588,0.657842,1097.18973,0.057185,0.022173,0.02491,1,1.0,19
1900-01-01 15:36:11.750,0.243737,0.619493,0.659307,1096.520063,0.05677,0.021769,0.024282,1,1.0,19
1900-01-01 15:36:15.498,0.243607,0.619137,0.65916,1097.945874,0.05785,0.021529,0.024455,1,1.0,19
1900-01-01 15:36:19.199,0.243406,0.619236,0.658837,1097.179966,0.056178,0.02086,0.023172,1,1.0,19
1900-01-01 15:36:22.948,0.243565,0.619264,0.659028,1097.868362,0.056904,0.021068,0.024245,1,1.0,19
1900-01-01 15:36:26.601,0.24405,0.619832,0.659032,1098.379795,0.056976,0.021996,0.024787,1,1.0,19
1900-01-01 15:36:30.250,0.243507,0.61859,0.658524,1097.260726,0.056281,0.021647,0.024325,1,1.0,19
1900-01-01 15:36:33.948,0.243689,0.61893,0.658726,1096.882152,0.057189,0.021433,0.02435,1,1.0,19
1900-01-01 15:36:37.596,0.243869,0.619333,0.659295,1098.137629,0.056851,0.021712,0.024395,1,1.0,19
1900-01-01 15:36:41.297,0.244289,0.618994,0.658763,1098.460264,0.056892,0.021068,0.024553,1,1.0,19
1900-01-01 15:36:44.998,0.243469,0.618358,0.658254,1096.549372,0.056922,0.020978,0.024867,1,1.0,19
1900-01-01 15:36:48.698,0.243676,0.618567,0.657971,1097.471101,0.056783,0.021392,0.025296,1,1.0,19
1900-01-01 15:36:52.398,0.244067,0.618378,0.658187,1096.883661,0.056518,0.021409,0.024759,1,1.0,19
1900-01-01 15:36:56.049,0.243648,0.61766,0.657646,1096.376164,0.056814,0.020963,0.024096,1,1.0,19
1900-01-01 15:36:59.698,0.24394,0.618666,0.658356,1097.094047,0.057438,0.02147,0.024599,1,1.0,19
1900-01-01 15:37:03.398,0.243216,0.618045,0.658078,1097.487666,0.056945,0.021518,0.024071,1,1.0,19
1900-01-01 15:37:07.049,0.244108,0.617847,0.657656,1096.182458,0.056805,0.021744,0.024367,1,1.0,19
1900-01-01 15:37:10.847,0.243356,0.618321,0.658659,1097.794817,0.05661,0.02191,0.024599,1,1.0,19
1900-01-01 15:37:14.498,0.243192,0.616816,0.656637,1096.57891,0.056444,0.021576,0.024395,1,1.0,19
1900-01-01 15:37:18.196,0.242883,0.617481,0.657332,1096.237022,0.056544,0.020673,0.024422,1,1.0,19
1900-01-01 15:37:21.895,0.243082,0.616581,0.656379,1096.508169,0.056129,0.021418,0.024345,1,1.0,19
1900-01-01 15:37:25.647,0.243684,0.617948,0.658101,1096.437268,0.056878,0.021643,0.024341,1,1.0,19
1900-01-01 15:37:29.398,0.243461,0.617835,0.658069,1097.279816,0.057502,0.02185,0.024726,1,1.0,19
1900-01-01 15:37:33.094,0.24395,0.618199,0.65815,1097.27737,0.056613,0.021845,0.023768,1,1.0,19
1900-01-01 15:37:36.794,0.243376,0.617697,0.657822,1096.853078,0.056703,0.021046,0.024086,1,1.0,19
1900-01-01 15:37:40.546,0.244096,0.618572,0.658713,1097.995466,0.057085,0.021574,0.023663,1,1.0,19
1900-01-01 15:37:44.244,0.243215,0.616798,0.656801,1096.721507,0.056124,0.021397,0.024456,1,1.0,19
1900-01-01 15:37:47.943,0.24269,0.615376,0.655914,1095.216982,0.05773,0.021149,0.024253,1,1.0,19
1900-01-01 15:37:51.596,0.242689,0.614797,0.655066,1095.19959,0.057039,0.021598,0.024688,1,1.0,19
1900-01-01 15:37:55.294,0.242725,0.61516,0.655504,1094.279956,0.056707,0.021252,0.023519,1,1.0,19
1900-01-01 15:37:59.041,0.243221,0.61561,0.655686,1095.06519,0.056916,0.021685,0.024182,1,1.0,19
1900-01-01 15:38:02.742,0.242764,0.615317,0.655479,1094.41172,0.056762,0.021157,0.024745,1,1.0,19
1900-01-01 15:38:06.495,0.242548,0.615405,0.655237,1094.577583,0.057311,0.021705,0.025657,1,1.0,19
1900-01-01 15:38:10.191,0.242831,0.615011,0.655209,1094.615085,0.056079,0.021658,0.023685,1,1.0,19
1900-01-01 15:38:13.844,0.242653,0.614917,0.655453,1094.602011,0.057195,0.021851,0.025057,1,1.0,19
1900-01-01 15:38:17.542,0.24219,0.61417,0.654105,1093.935716,0.057038,0.02138,0.023923,1,1.0,19
1900-01-01 15:38:21.290,0.24325,0.615675,0.655665,1094.807281,0.057171,0.021107,0.023877,1,1.0,19
1900-01-01 15:38:25.044,0.242565,0.614229,0.654288,1093.987392,0.056984,0.02174,0.024206,1,1.0,19
1900-01-01 15:38:28.742,0.24258,0.61516,0.655243,1094.449525,0.057235,0.02168,0.024409,1,1.0,19
1900-01-01 15:38:32.441,0.242673,0.615185,0.655514,1094.802732,0.056732,0.021481,0.023913,1,1.0,19
1900-01-01 15:38:36.193,0.242844,0.615652,0.655694,1095.311343,0.057343,0.021641,0.024561,1,1.0,19
1900-01-01 15:38:39.890,0.242239,0.614145,0.65437,1094.20963,0.056185,0.021386,0.024401,1,1.0,19
1900-01-01 15:38:43.642,0.242601,0.614787,0.654984,1094.670471,0.057272,0.021536,0.02415,1,1.0,19
1900-01-01 15:38:47.340,0.242542,0.614588,0.654865,1094.352628,0.056487,0.021227,0.02406,1,1.0,19
1900-01-01 15:38:51.041,0.242957,0.615538,0.655181,1095.197734,0.05699,0.02155,0.025029,1,1.0,19
1900-01-01 15:38:54.740,0.242729,0.614124,0.654042,1093.366239,0.056805,0.021601,0.024859,1,1.0,19
1900-01-01 15:38:58.487,0.243314,0.615966,0.656392,1094.844989,0.057297,0.021724,0.023978,1,1.0,19
1900-01-01 15:39:02.241,0.24226,0.614123,0.654237,1094.611595,0.057287,0.021553,0.024111,1,1.0,19
1900-01-01 15:39:05.991,0.242223,0.615308,0.655546,1095.026128,0.058434,0.021306,0.024528,1,1.0,19
1900-01-01 15:39:09.689,0.242298,0.615032,0.65574,1095.102306,0.056769,0.021024,0.023475,1,1.0,19
1900-01-01 15:39:13.489,0.242684,0.614832,0.655257,1094.822995,0.056429,0.021016,0.023601,1,1.0,19
1900-01-01 15:39:17.188,0.242594,0.615161,0.655167,1095.050008,0.057267,0.021146,0.024389,1,1.0,19
1900-01-01 15:39:20.887,0.242675,0.615163,0.655425,1094.303082,0.057243,0.021531,0.023987,1,1.0,19
1900-01-01 15:39:24.588,0.242476,0.615586,0.655337,1095.749345,0.056795,0.021409,0.025153,1,1.0,19
1900-01-01 15:39:28.340,0.24179,0.61479,0.654901,1094.485749,0.057153,0.021371,0.025059,1,1.0,19
1900-01-01 15:39:32.138,0.243106,0.615961,0.656112,1095.713002,0.057021,0.021994,0.024306,1,1.0,19
1900-01-01 15:39:35.886,0.242846,0.615971,0.656378,1095.785968,0.05658,0.021922,0.023966,1,1.0,19
1900-01-01 15:39:39.639,0.242451,0.614693,0.654946,1094.512257,0.057391,0.020993,0.024155,1,1.0,19
1900-01-01 15:39:43.385,0.242723,0.615586,0.655519,1095.729772,0.0569,0.021561,0.023985,1,1.0,19
1900-01-01 15:39:47.086,0.2429,0.615924,0.656069,1095.490737,0.057758,0.021426,0.023791,1,1.0,19
1900-01-01 15:39:50.786,0.242997,0.615205,0.655642,1095.726622,0.056179,0.021357,0.023811,1,1.0,19
1900-01-01 15:39:54.486,0.242654,0.615096,0.6556,1096.078321,0.056909,0.021226,0.024504,1,1.0,19
1900-01-01 15:39:58.185,0.242547,0.6144,0.654767,1094.523591,0.057065,0.021823,0.024501,1,1.0,19
1900-01-01 15:40:01.886,0.243161,0.615155,0.655486,1094.858869,0.057203,0.021556,0.024447,1,1.0,19
1900-01-01 15:40:05.585,0.243081,0.615839,0.656287,1096.244324,0.056671,0.02182,0.02443,1,1.0,19
1900-01-01 15:40:09.286,0.242811,0.615334,0.655148,1095.106011,0.056534,0.02224,0.024923,1,1.0,19
1900-01-01 15:40:12.985,0.242737,0.614543,0.654839,1095.427294,0.056995,0.021538,0.024233,1,1.0,19
1900-01-01 15:40:16.636,0.242585,0.615036,0.655459,1094.800688,0.057809,0.021414,0.024405,1,1.0,19
1900-01-01 15:40:20.334,0.242631,0.615228,0.655807,1096.539188,0.058084,0.021785,0.0245,1,1.0,19
1900-01-01 15:40:24.086,0.242894,0.615313,0.655621,1095.541303,0.057128,0.021568,0.024555,1,1.0,19
1900-01-01 15:40:27.783,0.242526,0.614864,0.655116,1094.797547,0.057137,0.021555,0.023927,1,1.0,19
1900-01-01 15:40:31.484,0.242923,0.61539,0.655412,1095.991391,0.055976,0.021387,0.02423,1,1.0,19
1900-01-01 15:40:35.183,0.242835,0.61574,0.656359,1095.845369,0.057067,0.02142,0.023787,1,1.0,19
1900-01-01 15:40:38.882,0.242758,0.61548,0.655495,1096.15765,0.057464,0.020802,0.024082,1,1.0,19
1900-01-01 15:40:42.583,0.24234,0.614535,0.654334,1094.699628,0.056628,0.021102,0.024265,1,1.0,19
1900-01-01 15:40:46.330,0.242331,0.614645,0.655024,1095.060157,0.056645,0.02132,0.02384,1,1.0,19
1900-01-01 15:40:50.031,0.242962,0.615212,0.655206,1095.609213,0.057538,0.02177,0.025006,1,1.0,19
1900-01-01 15:40:53.780,0.242662,0.614624,0.655185,1095.613454,0.056863,0.02154,0.023623,1,1.0,19
1900-01-01 15:40:57.433,0.242623,0.615132,0.65533,1094.965979,0.056979,0.021352,0.023959,1,1.0,19
1900-01-01 15:41:01.183,0.242794,0.615041,0.655,1095.736493,0.057242,0.021332,0.024656,1,1.0,19
1900-01-01 15:41:04.881,0.242641,0.615873,0.656413,1095.723212,0.056884,0.021666,0.024036,1,1.0,19
1900-01-01 15:41:08.532,0.242726,0.615498,0.655592,1096.241861,0.056823,0.021615,0.024006,1,1.0,19
1900-01-01 15:41:12.332,0.242838,0.614438,0.6548,1094.922254,0.056984,0.022012,0.023474,1,1.0,19
1900-01-01 15:41:16.031,0.242751,0.615578,0.656098,1095.855566,0.057404,0.020837,0.024009,1,1.0,19
1900-01-01 15:41:19.730,0.242453,0.615023,0.655378,1096.011069,0.057606,0.021532,0.023692,1,1.0,19
1900-01-01 15:41:23.430,0.242953,0.616027,0.656029,1096.022253,0.057176,0.021264,0.023411,1,1.0,19
1900-01-01 15:41:27.130,0.242722,0.615523,0.655781,1096.022253,0.056917,0.021366,0.023927,1,1.0,19
1900-01-01 15:41:30.830,0.243095,0.615002,0.655083,1095.543126,0.056262,0.021906,0.024311,1,1.0,19
1900-01-01 15:41:34.529,0.242761,0.614945,0.655087,1095.05893,0.056845,0.02175,0.024573,1,1.0,19
1900-01-01 15:41:38.177,0.242867,0.616503,0.65651,1095.912053,0.057737,0.021379,0.025001,1,1.0,19
1900-01-01 15:41:41.930,0.242815,0.61531,0.655443,1095.949438,0.056994,0.021738,0.024473,1,1.0,19
1900-01-01 15:41:45.630,0.24305,0.616224,0.656565,1096.489911,0.05788,0.02115,0.023875,1,1.0,19
1900-01-01 15:41:49.329,0.242616,0.615264,0.655701,1095.679668,0.057558,0.021521,0.023798,1,1.0,19
1900-01-01 15:41:53.028,0.242642,0.615591,0.65576,1095.622311,0.057369,0.021313,0.02431,1,1.0,19
1900-01-01 15:41:56.780,0.243075,0.615396,0.65555,1095.617957,0.057175,0.021599,0.023887,1,1.0,19
1900-01-01 15:42:00.530,0.243054,0.615311,0.655316,1095.545386,0.056921,0.021533,0.024048,1,1.0,19
1900-01-01 15:42:04.228,0.24312,0.614825,0.65493,1095.222152,0.057275,0.021387,0.024318,1,1.0,19
1900-01-01 15:42:07.927,0.243117,0.61522,0.655254,1095.363563,0.057047,0.021327,0.024172,1,1.0,19
1900-01-01 15:42:11.679,0.243523,0.616,0.656206,1096.742624,0.057471,0.021338,0.024857,1,1.0,19
1900-01-01 15:42:15.377,0.24349,0.615528,0.655961,1095.765286,0.056423,0.020892,0.023732,1,1.0,19
1900-01-01 15:42:19.076,0.243257,0.614911,0.655003,1095.446414,0.056765,0.021473,0.023975,1,1.0,19
1900-01-01 15:42:22.830,0.24361,0.616915,0.656689,1096.481694,0.057965,0.021792,0.025308,1,1.0,19
1900-01-01 15:42:26.578,0.243063,0.615396,0.655591,1096.237574,0.057725,0.020759,0.023528,1,1.0,19
1900-01-01 15:42:30.276,0.243479,0.615514,0.655385,1095.11633,0.057779,0.021839,0.023983,1,1.0,19
1900-01-01 15:42:34.028,0.243223,0.615332,0.655298,1095.147984,0.057327,0.021633,0.024353,1,1.0,19
1900-01-01 15:42:37.726,0.243275,0.614584,0.654711,1094.744042,0.057525,0.021759,0.024021,1,1.0,19
1900-01-01 15:42:41.473,0.243592,0.615527,0.655549,1095.544598,0.05731,0.021869,0.024886,1,1.0,19
1900-01-01 15:42:45.174,0.243348,0.615772,0.656179,1096.055087,0.057118,0.021504,0.02414,1,1.0,19
1900-01-01 15:42:48.922,0.243339,0.615286,0.655106,1095.223663,0.058414,0.021493,0.024161,1,1.0,19
1900-01-01 15:42:52.676,0.243364,0.616119,0.65608,1095.85121,0.057846,0.021355,0.024488,1,1.0,19
1900-01-01 15:42:56.426,0.242826,0.61522,0.655343,1095.487551,0.058114,0.020868,0.023662,1,1.0,19
1900-01-01 15:43:00.124,0.243155,0.615451,0.655658,1095.650539,0.057347,0.021202,0.02415,1,1.0,19
1900-01-01 15:43:03.823,0.243198,0.615391,0.655206,1095.795659,0.056212,0.021811,0.023966,1,1.0,19
1900-01-01 15:43:07.522,0.243062,0.61532,0.655415,1095.371211,0.057107,0.021865,0.024604,1,1.0,19
1900-01-01 15:43:11.271,0.242823,0.614529,0.654837,1095.189637,0.05771,0.021379,0.023646,1,1.0,19
1900-01-01 15:43:14.972,0.243361,0.615356,0.655201,1095.370988,0.056997,0.021175,0.023688,1,1.0,19
1900-01-01 15:43:18.721,0.243592,0.61533,0.655102,1095.373249,0.057468,0.021449,0.024529,1,1.0,19
1900-01-01 15:43:22.474,0.243324,0.615339,0.655489,1095.54366,0.057118,0.021552,0.024362,1,1.0,19
1900-01-01 15:43:26.273,0.243893,0.616093,0.656006,1095.565116,0.056778,0.021543,0.025057,1,1.0,19
1900-01-01 15:43:30.073,0.243232,0.615136,0.655431,1095.672901,0.056997,0.021003,0.023896,1,1.0,19
1900-01-01 15:43:33.873,0.242922,0.614605,0.654387,1095.18529,0.056631,0.021756,0.024223,1,1.0,19
1900-01-01 15:43:37.671,0.243623,0.615296,0.655246,1094.861407,0.056822,0.021653,0.024751,1,1.0,19
1900-01-01 15:43:41.420,0.243742,0.615667,0.655864,1095.65244,0.057033,0.02157,0.024041,1,1.0,19
1900-01-01 15:43:45.174,0.243207,0.614429,0.654748,1095.807252,0.056761,0.021461,0.02375,1,1.0,19
1900-01-01 15:43:48.919,0.243159,0.613979,0.654407,1094.554109,0.057704,0.021257,0.023343,1,1.0,19
1900-01-01 15:43:52.721,0.243271,0.614688,0.654681,1094.620932,0.05753,0.021733,0.023828,1,1.0,19
1900-01-01 15:43:56.473,0.242963,0.614619,0.654465,1094.461873,0.057656,0.021517,0.024286,1,1.0,19
1900-01-01 15:44:00.218,0.243164,0.614961,0.654714,1094.72281,0.05693,0.021259,0.023744,1,1.0,19
1900-01-01 15:44:03.972,0.243238,0.614519,0.65503,1095.303619,0.057498,0.021022,0.023874,1,1.0,19
1900-01-01 15:44:07.722,0.243343,0.615657,0.655676,1095.214721,0.056653,0.021576,0.023583,1,1.0,19
1900-01-01 15:44:11.468,0.242919,0.614628,0.654839,1095.270374,0.057157,0.020978,0.023867,1,1.0,19
1900-01-01 15:44:15.222,0.243118,0.615193,0.655067,1095.122764,0.057426,0.021648,0.024577,1,1.0,19
1900-01-01 15:44:18.967,0.242723,0.614628,0.654684,1095.490776,0.058312,0.022056,0.024619,1,1.0,19
1900-01-01 15:44:22.721,0.242619,0.614512,0.654709,1094.49856,0.056201,0.020795,0.023394,1,1.0,19
1900-01-01 15:44:26.471,0.243369,0.615819,0.655889,1095.818216,0.057028,0.021555,0.02384,1,1.0,19
1900-01-01 15:44:30.217,0.242509,0.614201,0.65444,1095.80529,0.05751,0.021139,0.024363,1,1.0,19
1900-01-01 15:44:33.970,0.243503,0.615573,0.655822,1095.070044,0.057297,0.022046,0.023735,1,1.0,19
1900-01-01 15:44:37.721,0.243028,0.615237,0.655069,1095.461014,0.057567,0.021841,0.023844,1,1.0,19
1900-01-01 15:44:41.466,0.242811,0.614479,0.654525,1095.271716,0.056492,0.021692,0.023942,1,1.0,19
1900-01-01 15:44:45.220,0.243286,0.614709,0.654682,1095.312411,0.05684,0.021875,0.024087,1,1.0,19
1900-01-01 15:44:48.966,0.242814,0.614452,0.654359,1095.051373,0.057231,0.021295,0.024095,1,1.0,19
1900-01-01 15:44:52.666,0.242811,0.614554,0.654353,1094.995189,0.057585,0.021931,0.024418,1,1.0,19
1900-01-01 15:44:56.466,0.242682,0.614345,0.654756,1094.810587,0.05732,0.021171,0.024304,1,1.0,19
1900-01-01 15:45:00.218,0.243197,0.616073,0.655841,1096.493815,0.057835,0.021056,0.023534,1,1.0,19
1900-01-01 15:45:03.969,0.242708,0.615072,0.655145,1095.605563,0.056952,0.021328,0.02389,1,1.0,19
1900-01-01 15:45:07.714,0.242844,0.615518,0.655587,1096.209642,0.057042,0.021144,0.024015,1,1.0,19
1900-01-01 15:45:11.468,0.242803,0.615013,0.655243,1095.601278,0.056898,0.021553,0.024389,1,1.0,19
1900-01-01 15:45:15.166,0.242805,0.61491,0.654845,1095.61994,0.056732,0.021914,0.024451,1,1.0,19
1900-01-01 15:45:18.918,0.242109,0.61392,0.6541,1095.058764,0.057154,0.021497,0.024292,1,1.0,19
1900-01-01 15:45:22.668,0.242534,0.614587,0.654488,1094.804847,0.057625,0.021438,0.024053,1,1.0,19
1900-01-01 15:45:26.417,0.242548,0.614918,0.654724,1095.949238,0.057688,0.021719,0.024342,1,1.0,19
1900-01-01 15:45:30.513,0.242606,0.614566,0.654884,1095.280537,0.057628,0.021348,0.023594,1,1.0,19
1900-01-01 15:45:34.314,0.242418,0.614019,0.654059,1094.417415,0.05653,0.021515,0.023818,1,1.0,19
1900-01-01 15:45:38.263,0.242356,0.613683,0.653593,1094.78631,0.057126,0.021305,0.024396,1,1.0,19
1900-01-01 15:45:42.012,0.242418,0.613078,0.653188,1093.436518,0.058312,0.021546,0.02427,1,1.0,19
1900-01-01 15:45:45.766,0.24253,0.612861,0.652477,1093.225034,0.057082,0.021914,0.024429,1,1.0,19
1900-01-01 15:45:49.516,0.24181,0.612209,0.652138,1092.840972,0.057351,0.021362,0.024176,1,1.0,19
1900-01-01 15:45:53.262,0.242207,0.612481,0.652291,1093.201195,0.057489,0.021185,0.023951,1,1.0,19
1900-01-01 15:45:57.015,0.242223,0.612992,0.652441,1093.053719,0.057611,0.022113,0.024997,1,1.0,19
1900-01-01 15:46:00.766,0.242051,0.6128,0.652451,1093.21485,0.057774,0.021103,0.024275,1,1.0,19
1900-01-01 15:46:04.564,0.242238,0.612761,0.652568,1093.16194,0.057327,0.021543,0.024229,1,1.0,19
1900-01-01 15:46:08.263,0.242154,0.612494,0.652263,1093.150828,0.058338,0.021042,0.02424,1,1.0,19
1900-01-01 15:46:12.010,0.24202,0.611528,0.651033,1091.38092,0.058816,0.021289,0.024034,1,1.0,19
1900-01-01 15:46:15.759,0.242484,0.612572,0.652436,1092.908319,0.059645,0.022,0.024396,1,1.0,19
1900-01-01 15:46:19.513,0.242114,0.611589,0.651121,1091.611148,0.058651,0.021675,0.024508,1,1.0,19
1900-01-01 15:46:23.263,0.242473,0.612494,0.652028,1092.571914,0.058468,0.021595,0.023651,1,1.0,19
1900-01-01 15:46:27.110,0.24227,0.611877,0.651269,1092.353877,0.058293,0.021286,0.024441,1,1.0,19
1900-01-01 15:46:30.863,0.241867,0.611735,0.651592,1092.002215,0.057376,0.021156,0.023897,1,1.0,19
1900-01-01 15:46:34.609,0.241909,0.611441,0.650964,1091.884674,0.05952,0.021034,0.023795,1,1.0,19
1900-01-01 15:46:38.362,0.241641,0.610837,0.6505,1091.23463,0.059155,0.02148,0.024416,1,1.0,19
1900-01-01 15:46:42.108,0.2419,0.611553,0.65117,1091.095516,0.059296,0.021304,0.024987,1,1.0,19
1900-01-01 15:46:45.910,0.242427,0.611694,0.651467,1091.783614,0.058013,0.022113,0.02418,1,1.0,19
1900-01-01 15:46:49.710,0.241743,0.611634,0.651626,1091.929591,0.058164,0.021271,0.024165,1,1.0,19
1900-01-01 15:46:53.558,0.241702,0.611737,0.651576,1093.25267,0.0584,0.021142,0.023933,1,1.0,19
1900-01-01 15:46:57.412,0.24266,0.613352,0.652976,1093.158681,0.058892,0.02185,0.024492,1,1.0,19
1900-01-01 15:47:01.210,0.242351,0.611912,0.651762,1092.016135,0.058767,0.021759,0.023599,1,1.0,19
1900-01-01 15:47:04.961,0.241098,0.61109,0.651116,1091.957903,0.058788,0.021231,0.024216,1,1.0,19
1900-01-01 15:47:08.658,0.241914,0.611843,0.651584,1092.652481,0.058432,0.0217,0.02405,1,1.0,19
1900-01-01 15:47:12.460,0.241746,0.612139,0.651798,1092.900932,0.059019,0.021697,0.023824,1,1.0,19
1900-01-01 15:47:16.210,0.241947,0.611304,0.651166,1092.275195,0.058869,0.022026,0.024479,1,1.0,19
1900-01-01 15:47:19.956,0.242521,0.612097,0.652007,1091.678259,0.059168,0.021854,0.02436,1,1.0,19
1900-01-01 15:47:23.710,0.241553,0.611426,0.651657,1092.265494,0.058962,0.021677,0.02393,1,1.0,19
1900-01-01 15:47:27.609,0.241424,0.610904,0.650704,1091.822688,0.057756,0.021542,0.025075,1,1.0,19
1900-01-01 15:47:31.359,0.241691,0.611369,0.651099,1092.620948,0.058807,0.021179,0.024158,1,1.0,19
1900-01-01 15:47:35.158,0.241762,0.61213,0.652049,1091.773661,0.059454,0.021223,0.024373,1,1.0,19
1900-01-01 15:47:38.958,0.242179,0.612566,0.65224,1092.93459,0.058442,0.021283,0.023929,1,1.0,19
1900-01-01 15:47:42.708,0.241712,0.612665,0.652101,1093.250846,0.057539,0.021358,0.024301,1,1.0,19
1900-01-01 15:47:46.406,0.241829,0.61169,0.650962,1092.237467,0.058606,0.021253,0.023718,1,1.0,19
1900-01-01 15:47:50.154,0.241906,0.611897,0.652059,1092.721595,0.058451,0.02162,0.024181,1,1.0,19
1900-01-01 15:47:53.908,0.241863,0.611579,0.65166,1092.592039,0.059471,0.02101,0.023931,1,1.0,19
1900-01-01 15:47:57.706,0.242242,0.612515,0.652919,1092.543727,0.058917,0.021164,0.023613,1,1.0,19
1900-01-01 15:48:01.454,0.241091,0.610699,0.650696,1092.296406,0.059109,0.021121,0.023821,1,1.0,19
1900-01-01 15:48:05.255,0.242044,0.612342,0.652239,1092.608894,0.059169,0.021536,0.02445,1,1.0,19
1900-01-01 15:48:09.055,0.241994,0.612266,0.65214,1093.210034,0.058507,0.02173,0.023692,1,1.0,19
1900-01-01 15:48:12.855,0.244565,0.613349,0.653008,1092.745998,0.057325,0.022268,0.023577,1,1.0,19
1900-01-01 15:48:16.655,0.249854,0.613997,0.653743,1084.434287,0.058521,0.020931,0.024454,1,1.0,19
1900-01-01 15:48:20.406,0.249832,0.613892,0.65323,1084.584651,0.058028,0.021877,0.025039,1,1.0,19
1900-01-01 15:48:24.204,0.249587,0.61423,0.653797,1084.54916,0.057899,0.021851,0.024587,1,1.0,19
1900-01-01 15:48:27.956,0.249449,0.614489,0.653936,1085.761092,0.058214,0.021235,0.023917,1,1.0,19
1900-01-01 15:48:31.754,0.249765,0.613471,0.652991,1084.890543,0.058706,0.021434,0.024144,1,1.0,19
1900-01-01 15:48:35.502,0.249803,0.614526,0.653863,1084.849324,0.058838,0.021919,0.024731,1,1.0,19
1900-01-01 15:48:39.255,0.249806,0.613984,0.653619,1085.171836,0.058313,0.021674,0.023818,1,1.0,19
1900-01-01 15:48:43.006,0.249856,0.614246,0.654185,1085.331278,0.058115,0.021532,0.024443,1,1.0,19
1900-01-01 15:48:46.754,0.249548,0.614214,0.654106,1085.617933,0.059178,0.021644,0.024114,1,1.0,19
1900-01-01 15:48:50.505,0.249761,0.613634,0.653264,1085.130166,0.058633,0.021224,0.024137,1,1.0,19
1900-01-01 15:48:54.303,0.249536,0.61414,0.654111,1085.462825,0.05776,0.021827,0.024107,1,1.0,19
1900-01-01 15:48:58.151,0.249983,0.61453,0.653904,1085.500438,0.058115,0.021861,0.023717,1,1.0,19
1900-01-01 15:49:01.951,0.249059,0.613269,0.652992,1085.151434,0.05811,0.021146,0.023978,1,1.0,19
1900-01-01 15:49:05.799,0.250835,0.614546,0.654047,1085.110804,0.05876,0.021626,0.023713,1,1.0,19
1900-01-01 15:49:09.553,0.250178,0.615771,0.655478,1086.75693,0.058237,0.021538,0.02458,1,1.0,19
1900-01-01 15:49:13.399,0.249877,0.613578,0.653224,1084.872763,0.05902,0.021211,0.024285,1,1.0,19
1900-01-01 15:49:17.201,0.250042,0.614308,0.654096,1086.245388,0.058699,0.021828,0.024185,1,1.0,19
1900-01-01 15:49:21.049,0.249658,0.61382,0.653916,1085.4404,0.058288,0.021399,0.024176,1,1.0,19
1900-01-01 15:49:24.802,0.249414,0.614234,0.653768,1085.693191,0.058921,0.020818,0.023775,1,1.0,19
1900-01-01 15:49:28.601,0.249465,0.614465,0.654144,1086.080893,0.058949,0.021634,0.024676,1,1.0,19
1900-01-01 15:49:32.351,0.24881,0.613617,0.653255,1085.949808,0.058016,0.021622,0.024117,1,1.0,19
1900-01-01 15:49:36.150,0.248931,0.612944,0.652828,1084.589132,0.058238,0.021345,0.023269,1,1.0,19
1900-01-01 15:49:39.950,0.249684,0.614355,0.654246,1086.383488,0.058807,0.021292,0.024305,1,1.0,19
1900-01-01 15:49:43.702,0.248865,0.613532,0.65279,1085.013408,0.059179,0.021691,0.024623,1,1.0,19
1900-01-01 15:49:47.500,0.249785,0.615385,0.655103,1086.987255,0.058532,0.02129,0.024029,1,1.0,19
1900-01-01 15:49:51.298,0.249233,0.613363,0.653209,1085.822829,0.059129,0.021812,0.024013,1,1.0,19
1900-01-01 15:49:55.098,0.249376,0.614459,0.653695,1085.90084,0.058775,0.021388,0.02428,1,1.0,19
1900-01-01 15:49:58.898,0.248657,0.613233,0.652757,1085.474026,0.059036,0.021143,0.024067,1,1.0,19
1900-01-01 15:50:02.698,0.249435,0.613581,0.653006,1085.884711,0.058933,0.02116,0.024089,1,1.0,19
1900-01-01 15:50:06.446,0.24935,0.613885,0.653669,1085.527361,0.059286,0.021606,0.024116,1,1.0,19
1900-01-01 15:50:10.247,0.249442,0.614591,0.653977,1086.306357,0.058977,0.020894,0.024006,1,1.0,19
1900-01-01 15:50:14.095,0.249345,0.613942,0.653933,1086.954824,0.058639,0.021878,0.023791,1,1.0,19
1900-01-01 15:50:17.897,0.249351,0.613473,0.653494,1085.511257,0.058442,0.021386,0.023494,1,1.0,19
1900-01-01 15:50:21.745,0.249654,0.614041,0.653658,1085.995443,0.059177,0.022119,0.024584,1,1.0,19
1900-01-01 15:50:25.546,0.249759,0.614966,0.654941,1087.205656,0.058865,0.021395,0.024055,1,1.0,19
1900-01-01 15:50:29.394,0.249355,0.614198,0.654071,1086.532108,0.05905,0.021061,0.024157,1,1.0,19
1900-01-01 15:50:33.148,0.249437,0.614428,0.654298,1086.500718,0.059283,0.021266,0.024175,1,1.0,19
1900-01-01 15:50:36.946,0.249154,0.613347,0.653407,1086.07359,0.059336,0.021757,0.023947,1,1.0,19
1900-01-01 15:50:40.746,0.249041,0.613758,0.65378,1086.291673,0.059381,0.021546,0.024298,1,1.0,19
1900-01-01 15:50:44.545,0.249049,0.6136,0.653392,1085.85626,0.060009,0.021781,0.024175,1,1.0,19
1900-01-01 15:50:48.297,0.249709,0.614709,0.654516,1087.160958,0.059648,0.021551,0.0241,1,1.0,19
1900-01-01 15:50:52.095,0.249407,0.613343,0.653615,1086.298282,0.05923,0.021772,0.023905,1,1.0,19
1900-01-01 15:50:55.842,0.24951,0.614014,0.653676,1086.016835,0.059609,0.021036,0.023968,1,1.0,19
1900-01-01 15:50:59.644,0.249114,0.613734,0.65347,1085.541019,0.060279,0.020971,0.024321,1,1.0,19
1900-01-01 15:51:03.444,0.249794,0.614206,0.653976,1086.887228,0.059781,0.021396,0.024542,1,1.0,19
1900-01-01 15:51:07.244,0.249855,0.614438,0.653915,1085.898359,0.060887,0.02144,0.023647,1,1.0,19
1900-01-01 15:51:11.044,0.249303,0.613569,0.653303,1086.496395,0.059868,0.021601,0.024089,1,1.0,19
1900-01-01 15:51:14.993,0.249291,0.612892,0.65293,1085.189544,0.060281,0.021533,0.024097,1,1.0,19
1900-01-01 15:51:18.794,0.249654,0.613734,0.653742,1085.831279,0.05981,0.021192,0.023774,1,1.0,19
1900-01-01 15:51:22.593,0.249313,0.614188,0.653977,1086.667917,0.059987,0.020932,0.024518,1,1.0,19
1900-01-01 15:51:26.393,0.249899,0.614271,0.654181,1086.445525,0.06034,0.021807,0.024659,1,1.0,19
1900-01-01 15:51:30.193,0.249441,0.614261,0.654116,1086.73958,0.059408,0.02173,0.024169,1,1.0,19
1900-01-01 15:51:33.991,0.249015,0.613521,0.653376,1086.176625,0.059998,0.021328,0.024113,1,1.0,19
1900-01-01 15:51:37.791,0.24931,0.61458,0.654401,1086.812783,0.061113,0.02167,0.02502,1,1.0,19
1900-01-01 15:51:41.543,0.248899,0.614043,0.653912,1087.514066,0.060212,0.021445,0.02398,1,1.0,19
1900-01-01 15:51:45.342,0.248935,0.614092,0.653849,1086.836702,0.060003,0.021575,0.024444,1,1.0,19
1900-01-01 15:51:49.142,0.249528,0.614349,0.654017,1086.333858,0.060002,0.021831,0.023671,1,1.0,19
1900-01-01 15:51:52.942,0.249247,0.614054,0.653673,1087.134135,0.059871,0.021264,0.024395,1,1.0,19
1900-01-01 15:51:56.742,0.249579,0.614048,0.654244,1086.641561,0.059724,0.021861,0.024604,1,1.0,19
1900-01-01 15:52:00.593,0.249241,0.613398,0.653108,1085.968145,0.060212,0.021842,0.024077,1,1.0,19
1900-01-01 15:52:04.391,0.249783,0.614362,0.654063,1086.234971,0.059797,0.021425,0.023788,1,1.0,19
1900-01-01 15:52:08.190,0.249055,0.613432,0.653372,1087.174272,0.060287,0.021447,0.023899,1,1.0,19
1900-01-01 15:52:11.990,0.2492,0.613602,0.653497,1085.81647,0.059849,0.02134,0.024232,1,1.0,19
1900-01-01 15:52:15.890,0.24927,0.6137,0.653879,1086.667426,0.059952,0.021031,0.023873,1,1.0,19
1900-01-01 15:52:19.689,0.249909,0.61451,0.654308,1086.929782,0.06003,0.021939,0.023751,1,1.0,19
1900-01-01 15:52:23.537,0.249421,0.614583,0.654186,1086.813918,0.060297,0.021663,0.024824,1,1.0,19
1900-01-01 15:52:27.338,0.249169,0.614113,0.654298,1087.30613,0.06047,0.02173,0.024545,1,1.0,19
1900-01-01 15:52:31.186,0.249272,0.613899,0.65389,1087.180272,0.060564,0.021452,0.023644,1,1.0,19
1900-01-01 15:52:34.988,0.249523,0.614002,0.653825,1087.097328,0.059874,0.021521,0.024234,1,1.0,19
1900-01-01 15:52:38.788,0.249271,0.614039,0.654065,1086.753228,0.059874,0.02099,0.023805,1,1.0,19
1900-01-01 15:52:42.636,0.249627,0.614179,0.654229,1087.072449,0.060005,0.02174,0.024955,1,1.0,19
1900-01-01 15:52:46.538,0.24931,0.613616,0.653368,1086.338183,0.061025,0.021227,0.023866,1,1.0,19
1900-01-01 15:52:50.338,0.249355,0.613545,0.653731,1086.55471,0.059403,0.021049,0.02377,1,1.0,19
1900-01-01 15:52:54.185,0.249995,0.614683,0.654376,1087.537345,0.060024,0.021776,0.024262,1,1.0,19
1900-01-01 15:52:57.986,0.249444,0.613689,0.653696,1086.604056,0.060192,0.021738,0.024532,1,1.0,19
1900-01-01 15:53:01.834,0.249762,0.61437,0.654035,1087.362836,0.060074,0.021375,0.024569,1,1.0,19
1900-01-01 15:53:05.636,0.249255,0.61446,0.654797,1087.406109,0.06058,0.022144,0.024468,1,1.0,19
1900-01-01 15:53:09.537,0.249614,0.614217,0.654137,1087.571178,0.05995,0.021339,0.024121,1,1.0,19
1900-01-01 15:53:13.438,0.24961,0.613654,0.654045,1086.935447,0.060205,0.021314,0.023723,1,1.0,19
1900-01-01 15:53:17.284,0.249588,0.613442,0.653986,1086.041044,0.059874,0.021059,0.023976,1,1.0,19
1900-01-01 15:53:21.134,0.250216,0.614335,0.654271,1086.785084,0.060577,0.021813,0.025364,1,1.0,19
1900-01-01 15:53:24.983,0.249227,0.6139,0.654072,1086.786636,0.060269,0.021625,0.024209,1,1.0,19
1900-01-01 15:53:28.785,0.249698,0.614466,0.654306,1087.225057,0.060071,0.022028,0.024162,1,1.0,19
1900-01-01 15:53:32.633,0.249601,0.613998,0.654124,1087.154541,0.061342,0.021812,0.024557,1,1.0,19
1900-01-01 15:53:36.535,0.249278,0.61407,0.654253,1087.182789,0.061146,0.021008,0.023709,1,1.0,19
1900-01-01 15:53:40.434,0.249693,0.614379,0.654003,1087.718544,0.060245,0.021933,0.024288,1,1.0,19
1900-01-01 15:53:44.335,0.249484,0.613026,0.65262,1085.778802,0.059344,0.021564,0.024547,1,1.0,19
1900-01-01 15:53:48.182,0.249863,0.613819,0.653363,1086.474767,0.060047,0.021699,0.024522,1,1.0,19
1900-01-01 15:53:52.031,0.248942,0.613025,0.652805,1086.256235,0.059646,0.021496,0.023989,1,1.0,19
1900-01-01 15:53:55.881,0.249104,0.613425,0.652813,1085.86784,0.059949,0.021397,0.02391,1,1.0,19
1900-01-01 15:53:59.730,0.249508,0.614198,0.654029,1087.498328,0.060265,0.021287,0.024101,1,1.0,19
1900-01-01 15:54:03.532,0.249431,0.613836,0.65332,1086.518207,0.060542,0.021046,0.023782,1,1.0,19
1900-01-01 15:54:07.385,0.249341,0.612884,0.652965,1085.970364,0.059728,0.021751,0.023938,1,1.0,19
1900-01-01 15:54:11.182,0.249294,0.612715,0.652504,1086.148237,0.059639,0.021944,0.024448,1,1.0,19
1900-01-01 15:54:14.982,0.249357,0.613856,0.653741,1087.034876,0.060041,0.021624,0.024078,1,1.0,19
1900-01-01 15:54:18.830,0.249748,0.61411,0.653832,1086.898462,0.060615,0.021434,0.024224,1,1.0,19
1900-01-01 15:54:22.732,0.249683,0.614111,0.654001,1086.901254,0.060192,0.020713,0.023745,1,1.0,19
1900-01-01 15:54:26.633,0.249276,0.613237,0.652829,1086.397613,0.059823,0.021306,0.02412,1,1.0,19
1900-01-01 15:54:30.479,0.249472,0.613224,0.653133,1086.920014,0.060168,0.021142,0.024181,1,1.0,19
1900-01-01 15:54:34.382,0.249146,0.612841,0.652543,1085.63009,0.059554,0.021711,0.02402,1,1.0,19
1900-01-01 15:54:38.282,0.249943,0.614466,0.653999,1086.856018,0.060164,0.021733,0.024261,1,1.0,19
1900-01-01 15:54:42.129,0.250262,0.614765,0.654717,1086.994413,0.060331,0.021646,0.024055,1,1.0,19
1900-01-01 15:54:46.031,0.250107,0.613677,0.653363,1085.939442,0.060587,0.022037,0.024978,1,1.0,19
1900-01-01 15:54:49.878,0.249989,0.61366,0.653361,1085.92203,0.060154,0.021499,0.024154,1,1.0,19
1900-01-01 15:54:53.732,0.24967,0.613058,0.65289,1085.739036,0.059645,0.021588,0.024321,1,1.0,19
1900-01-01 15:54:57.578,0.250215,0.6133,0.653064,1085.274857,0.060024,0.021698,0.02426,1,1.0,19
1900-01-01 15:55:01.479,0.249957,0.613307,0.653103,1085.263932,0.060864,0.02138,0.023968,1,1.0,19
1900-01-01 15:55:05.279,0.250655,0.613228,0.653037,1085.58073,0.060523,0.022092,0.024199,1,1.0,19
1900-01-01 15:55:09.180,0.250283,0.613845,0.653651,1085.860988,0.060171,0.022198,0.024503,1,1.0,19
1900-01-01 15:55:13.026,0.250242,0.613719,0.653496,1085.554362,0.060535,0.021476,0.02395,1,1.0,19
1900-01-01 15:55:16.929,0.249994,0.613663,0.653249,1086.423744,0.059986,0.021413,0.024335,1,1.0,19
1900-01-01 15:55:20.780,0.24983,0.613142,0.653065,1085.660844,0.059567,0.021614,0.024335,1,1.0,19
1900-01-01 15:55:24.626,0.25004,0.613129,0.652751,1085.350863,0.059869,0.021514,0.023701,1,1.0,19
1900-01-01 15:55:28.479,0.250529,0.614727,0.65441,1086.272611,0.060507,0.02149,0.024578,1,1.0,19
1900-01-01 15:55:32.326,0.250443,0.613414,0.653108,1085.988211,0.06056,0.021164,0.023511,1,1.0,19
1900-01-01 15:55:36.228,0.249871,0.613241,0.652584,1085.119003,0.060094,0.021741,0.024141,1,1.0,19
1900-01-01 15:55:40.074,0.25008,0.613411,0.653173,1085.5372,0.059549,0.021348,0.024664,1,1.0,19
1900-01-01 15:55:43.977,0.250064,0.613724,0.652971,1085.903097,0.059841,0.021575,0.024292,1,1.0,19
1900-01-01 15:55:47.878,0.250006,0.613125,0.652797,1085.557625,0.059203,0.021747,0.024535,1,1.0,19
1900-01-01 15:55:51.724,0.250697,0.614338,0.653565,1085.710052,0.05945,0.021292,0.023551,1,1.0,19
1900-01-01 15:55:55.574,0.249872,0.613851,0.653181,1086.176445,0.059114,0.021748,0.02479,1,1.0,19
1900-01-01 15:55:59.423,0.250706,0.614217,0.653265,1085.693986,0.059653,0.021877,0.024516,1,1.0,19
1900-01-01 15:56:03.278,0.250108,0.613515,0.652658,1085.107894,0.059448,0.02147,0.024599,1,1.0,19
1900-01-01 15:56:07.177,0.250904,0.61427,0.653918,1086.148956,0.060284,0.021226,0.024847,1,1.0,19
1900-01-01 15:56:11.076,0.250773,0.613196,0.652447,1084.446353,0.060153,0.021601,0.024672,1,1.0,19
1900-01-01 15:56:14.922,0.250691,0.613386,0.65335,1085.285891,0.05919,0.021354,0.023671,1,1.0,19
1900-01-01 15:56:18.772,0.250596,0.613205,0.652964,1085.341251,0.059241,0.02142,0.023907,1,1.0,19
1900-01-01 15:56:22.674,0.24163,0.617047,0.654691,1084.876134,0.061216,0.048582,0.041685,1,1.0,19
1900-01-01 15:56:26.526,0.193427,0.636122,0.664634,908.551948,0.062549,0.028197,0.027412,1,1.0,19
1900-01-01 15:56:30.425,0.205544,0.634286,0.663312,873.763711,0.061046,0.023994,0.026527,1,1.0,19
1900-01-01 15:56:34.324,0.209032,0.62716,0.657141,890.248006,0.060211,0.022433,0.027336,1,1.0,19
1900-01-01 15:56:38.225,0.206928,0.623968,0.653734,886.000735,0.060098,0.023751,0.027982,1,1.0,19
1900-01-01 15:56:42.071,0.1993,0.626517,0.655311,862.535103,0.059649,0.021323,0.026618,1,1.0,19
1900-01-01 15:56:45.921,0.175226,0.637911,0.661313,834.356697,0.061435,0.072777,0.043773,1,1.0,19
1900-01-01 15:56:49.823,0.114592,0.658826,0.673609,522.066734,0.0609,0.020891,0.027013,1,1.0,19
1900-01-01 15:56:53.719,0.115867,0.658642,0.673527,491.979512,0.060859,0.020553,0.027406,1,1.0,19
1900-01-01 15:56:57.574,0.115865,0.658984,0.673923,492.554943,0.060342,0.020534,0.027337,1,1.0,19
1900-01-01 15:57:01.473,0.117434,0.657472,0.672787,497.103854,0.059401,0.020791,0.026819,1,1.0,19
1900-01-01 15:57:05.319,0.11824,0.657393,0.672969,499.917798,0.060767,0.020779,0.027195,1,1.0,19
1900-01-01 15:57:09.322,0.120144,0.657516,0.672507,501.116173,0.060653,0.020384,0.027044,1,1.0,19
1900-01-01 15:57:13.222,0.12147,0.657407,0.672562,500.49586,0.059424,0.020052,0.027171,1,1.0,19
1900-01-01 15:57:17.222,0.12194,0.657304,0.672476,500.87235,0.060457,0.020524,0.027456,1,1.0,19
1900-01-01 15:57:21.068,0.122495,0.657512,0.673048,502.23107,0.059822,0.020132,0.026704,1,1.0,19
1900-01-01 15:57:24.970,0.12354,0.656564,0.672093,507.360447,0.059706,0.020221,0.027261,1,1.0,19
1900-01-01 15:57:28.818,0.123866,0.657035,0.672833,506.848387,0.060083,0.020616,0.027601,1,1.0,19
1900-01-01 15:57:32.668,0.123821,0.657481,0.673503,507.791928,0.060002,0.020412,0.026756,1,1.0,19
1900-01-01 15:57:36.570,0.12456,0.655916,0.671641,508.580836,0.059976,0.020719,0.027354,1,1.0,19
1900-01-01 15:57:40.470,0.125121,0.653816,0.669683,512.37355,0.0593,0.02031,0.026865,1,1.0,19
1900-01-01 15:57:44.370,0.125749,0.653383,0.669026,514.134955,0.059377,0.020627,0.027296,1,1.0,19
1900-01-01 15:57:48.270,0.126388,0.654057,0.669332,515.519174,0.059881,0.021084,0.027175,1,1.0,19
1900-01-01 15:57:52.169,0.126261,0.652976,0.66856,516.007829,0.059688,0.021087,0.027286,1,1.0,19
1900-01-01 15:57:56.070,0.126064,0.652933,0.668326,517.09025,0.05819,0.020683,0.026813,1,1.0,19
1900-01-01 15:57:59.916,0.127159,0.653514,0.668863,519.399788,0.059605,0.020653,0.026979,1,1.0,19
1900-01-01 15:58:03.818,0.128536,0.652005,0.667944,526.53384,0.059322,0.020582,0.02652,1,1.0,19
1900-01-01 15:58:07.665,0.128688,0.652598,0.668495,527.265655,0.059398,0.020395,0.026362,1,1.0,19
1900-01-01 15:58:11.567,0.128856,0.653048,0.66874,528.683416,0.058837,0.020893,0.027435,1,1.0,19
1900-01-01 15:58:15.468,0.129215,0.650975,0.667325,529.202993,0.059915,0.020736,0.027424,1,1.0,19
1900-01-01 15:58:19.415,0.12965,0.652315,0.668434,530.44505,0.059177,0.020848,0.026921,1,1.0,19
1900-01-01 15:58:23.366,0.129472,0.650846,0.667424,530.312505,0.058143,0.020578,0.026422,1,1.0,19
1900-01-01 15:58:27.263,0.129809,0.651299,0.66782,530.687508,0.058815,0.020416,0.026645,1,1.0,19
1900-01-01 15:58:31.118,0.129306,0.651102,0.667801,530.629314,0.058281,0.020493,0.025831,1,1.0,19
1900-01-01 15:58:35.017,0.129517,0.653088,0.669307,529.618981,0.058689,0.020269,0.027015,1,1.0,19
1900-01-01 15:58:38.916,0.129952,0.651372,0.667389,530.807659,0.058615,0.02047,0.026955,1,1.0,19
1900-01-01 15:58:42.817,0.131098,0.650881,0.667184,531.988851,0.059295,0.020548,0.026376,1,1.0,19
1900-01-01 15:58:46.716,0.13166,0.650727,0.667311,533.359146,0.059153,0.020587,0.026355,1,1.0,19
1900-01-01 15:58:50.615,0.132036,0.651542,0.667947,534.478897,0.058509,0.021023,0.027845,1,1.0,19
1900-01-01 15:58:54.462,0.132487,0.65156,0.668024,535.247861,0.059106,0.02065,0.027188,1,1.0,19
1900-01-01 15:58:58.364,0.133047,0.65086,0.667328,535.202224,0.058867,0.020797,0.026635,1,1.0,19
1900-01-01 15:59:02.265,0.13292,0.650413,0.667071,535.708969,0.059082,0.020504,0.027187,1,1.0,19
1900-01-01 15:59:06.164,0.133744,0.650788,0.667257,535.67604,0.058971,0.020673,0.026475,1,1.0,19
1900-01-01 15:59:10.111,0.132706,0.650287,0.666942,534.120618,0.059127,0.020308,0.02632,1,1.0,19
1900-01-01 15:59:14.014,0.133337,0.650431,0.667273,534.634132,0.059043,0.020282,0.027563,1,1.0,19
1900-01-01 15:59:18.010,0.133397,0.65067,0.66784,533.886607,0.058325,0.0204,0.027076,1,1.0,19
1900-01-01 15:59:21.860,0.13347,0.649967,0.666733,533.750316,0.058507,0.02079,0.026733,1,1.0,19
1900-01-01 15:59:25.714,0.13421,0.650694,0.667589,534.283849,0.059772,0.020747,0.026008,1,1.0,19
1900-01-01 15:59:29.561,0.134218,0.650314,0.667301,534.152192,0.058857,0.019867,0.025524,1,1.0,19
1900-01-01 15:59:33.463,0.134764,0.650003,0.666456,533.499722,0.058828,0.02042,0.027396,1,1.0,19
1900-01-01 15:59:37.310,0.135173,0.65023,0.667243,534.180381,0.059216,0.02049,0.02577,1,1.0,19
1900-01-01 15:59:41.212,0.135576,0.650898,0.667742,534.172748,0.058413,0.020128,0.026494,1,1.0,19
1900-01-01 15:59:45.161,0.136242,0.65199,0.66821,534.057226,0.059668,0.020639,0.027368,1,1.0,19
1900-01-01 15:59:49.110,0.137262,0.6518,0.66801,534.062001,0.058963,0.021145,0.027761,1,1.0,19
1900-01-01 15:59:52.962,0.137255,0.650776,0.667501,533.482337,0.058499,0.020522,0.026552,1,1.0,19
1900-01-01 15:59:56.862,0.139016,0.651989,0.668086,533.927478,0.059302,0.020689,0.027125,1,1.0,19
1900-01-01 16:00:00.809,0.144642,0.652248,0.668422,531.467567,0.059268,0.021724,0.027043,1,1.0,19
1900-01-01 16:00:04.759,0.146361,0.651438,0.667893,529.994094,0.059247,0.02095,0.026693,1,1.0,19
1900-01-01 16:00:08.609,0.146383,0.652171,0.668269,530.309118,0.059799,0.021651,0.028242,1,1.0,19
1900-01-01 16:00:12.458,0.146266,0.651655,0.66843,530.341259,0.05918,0.020923,0.028084,1,1.0,19
1900-01-01 16:00:16.308,0.14612,0.652135,0.668763,530.943474,0.059625,0.02047,0.027486,1,1.0,19
1900-01-01 16:00:20.158,0.146029,0.651047,0.667675,531.615793,0.059207,0.021565,0.026644,1,1.0,19
1900-01-01 16:00:24.108,0.146069,0.650867,0.667384,531.308273,0.059101,0.02108,0.027343,1,1.0,19
1900-01-01 16:00:28.057,0.145948,0.651509,0.668015,532.30932,0.058816,0.02108,0.027541,1,1.0,19
1900-01-01 16:00:32.007,0.146261,0.650567,0.667675,532.982925,0.05964,0.020657,0.02628,1,1.0,19
1900-01-01 16:00:35.908,0.145733,0.652007,0.668314,533.853744,0.059061,0.020969,0.027477,1,1.0,19
1900-01-01 16:00:39.857,0.146251,0.651925,0.668689,534.389137,0.059561,0.02169,0.027335,1,1.0,19
1900-01-01 16:00:44.209,0.146232,0.651523,0.668216,534.520065,0.059694,0.021209,0.027286,1,1.0,19
1900-01-01 16:00:48.108,0.146621,0.651151,0.667919,534.602239,0.059923,0.021234,0.028014,1,1.0,19
1900-01-01 16:00:52.007,0.145326,0.650526,0.667278,535.21774,0.058867,0.021467,0.027409,1,1.0,19
1900-01-01 16:00:55.956,0.145557,0.651324,0.667738,534.567032,0.059194,0.020886,0.02798,1,1.0,19
1900-01-01 16:00:59.857,0.145441,0.650855,0.667695,535.876966,0.059165,0.021105,0.028391,1,1.0,19
1900-01-01 16:01:03.756,0.145137,0.649704,0.666788,535.642182,0.058945,0.021457,0.028213,1,1.0,19
1900-01-01 16:01:07.657,0.145462,0.650033,0.667028,535.640078,0.058929,0.021978,0.028981,1,1.0,19
1900-01-01 16:01:11.606,0.144694,0.649429,0.666665,535.41233,0.059558,0.02114,0.027809,1,1.0,19
1900-01-01 16:01:15.554,0.145315,0.650614,0.668159,536.702479,0.058904,0.021594,0.027919,1,1.0,19
1900-01-01 16:01:19.503,0.145214,0.650137,0.667407,537.178145,0.059317,0.021355,0.027665,1,1.0,19
1900-01-01 16:01:23.454,0.145627,0.650676,0.667565,537.774337,0.058837,0.021214,0.027411,1,1.0,19
1900-01-01 16:01:27.404,0.145316,0.650102,0.667291,538.203829,0.059264,0.021414,0.027219,1,1.0,19
1900-01-01 16:01:31.353,0.14521,0.649573,0.667021,537.467075,0.059328,0.02153,0.028046,1,1.0,19
1900-01-01 16:01:35.255,0.144828,0.649306,0.666734,537.769874,0.058992,0.02148,0.027453,1,1.0,19
1900-01-01 16:01:39.202,0.144936,0.649903,0.666993,538.579797,0.059298,0.021911,0.028268,1,1.0,19
1900-01-01 16:01:43.105,0.144813,0.649792,0.667057,539.174988,0.059413,0.021744,0.028598,1,1.0,19
1900-01-01 16:01:47.004,0.144608,0.649356,0.66701,540.132072,0.059094,0.021777,0.028736,1,1.0,19
1900-01-01 16:01:50.953,0.144681,0.649496,0.666523,540.173702,0.058903,0.021309,0.02701,1,1.0,19
1900-01-01 16:01:54.854,0.144128,0.648884,0.666143,539.86298,0.059768,0.022306,0.027576,1,1.0,19
1900-01-01 16:01:58.754,0.144185,0.649392,0.667127,540.953751,0.058288,0.022186,0.027486,1,1.0,19
1900-01-01 16:02:02.654,0.14418,0.649182,0.666932,541.152015,0.058007,0.021639,0.027559,1,1.0,19
1900-01-01 16:02:06.500,0.144512,0.649666,0.667026,542.25913,0.059847,0.021495,0.02719,1,1.0,19
1900-01-01 16:02:10.402,0.145143,0.648808,0.666183,542.466557,0.058912,0.021854,0.02736,1,1.0,19
1900-01-01 16:02:14.351,0.144928,0.649633,0.667168,542.887492,0.05929,0.022029,0.028161,1,1.0,19
1900-01-01 16:02:18.401,0.144947,0.648654,0.666164,543.472346,0.058303,0.021837,0.027821,1,1.0,19
1900-01-01 16:02:22.402,0.146139,0.649086,0.66644,544.003247,0.058457,0.022035,0.027895,1,1.0,19
1900-01-01 16:02:26.302,0.145743,0.64815,0.665229,543.430839,0.05945,0.022444,0.027841,1,1.0,19
1900-01-01 16:02:30.250,0.146106,0.648312,0.665681,543.965768,0.059343,0.022585,0.028861,1,1.0,19
1900-01-01 16:02:34.151,0.146988,0.648539,0.665797,545.531386,0.059285,0.02235,0.029021,1,1.0,19
1900-01-01 16:02:38.050,0.147043,0.649386,0.6663,545.664324,0.059643,0.022424,0.029094,1,1.0,19
1900-01-01 16:02:41.951,0.147133,0.647906,0.665222,546.090974,0.059522,0.022426,0.028286,1,1.0,19
1900-01-01 16:02:45.850,0.147829,0.648737,0.665838,546.347542,0.059429,0.021644,0.028629,1,1.0,19
1900-01-01 16:02:49.750,0.148006,0.648621,0.665881,546.924633,0.059126,0.022056,0.028408,1,1.0,19
1900-01-01 16:02:53.698,0.148646,0.648916,0.666304,547.174656,0.058813,0.021612,0.028211,1,1.0,19
1900-01-01 16:02:57.697,0.149049,0.647752,0.665454,545.915919,0.058885,0.022986,0.029231,1,1.0,19
1900-01-01 16:03:01.700,0.149254,0.649207,0.666799,545.971043,0.059269,0.021701,0.029163,1,1.0,19
1900-01-01 16:03:05.801,0.149788,0.648289,0.666058,546.84941,0.059006,0.021992,0.027802,1,1.0,19
1900-01-01 16:03:09.695,0.149835,0.648711,0.666301,546.346579,0.059369,0.021911,0.027963,1,1.0,19
1900-01-01 16:03:13.598,0.150159,0.648109,0.665976,547.440097,0.059249,0.02208,0.028748,1,1.0,19
1900-01-01 16:03:17.599,0.15032,0.647375,0.665352,547.817752,0.058693,0.022108,0.028414,1,1.0,19
1900-01-01 16:03:21.546,0.150619,0.647711,0.665895,547.741839,0.05885,0.022259,0.028146,1,1.0,19
1900-01-01 16:03:25.495,0.150088,0.648089,0.665721,547.881679,0.058353,0.022415,0.027709,1,1.0,19
1900-01-01 16:03:29.498,0.150187,0.647923,0.666434,547.817863,0.05913,0.022061,0.028478,1,1.0,19
1900-01-01 16:03:33.498,0.150166,0.647477,0.665549,547.75994,0.058433,0.02156,0.027969,1,1.0,19
1900-01-01 16:03:37.398,0.150584,0.64721,0.665151,548.362045,0.058214,0.022439,0.02851,1,1.0,19
1900-01-01 16:03:41.345,0.151236,0.64852,0.666365,548.815721,0.058568,0.022055,0.028508,1,1.0,19
1900-01-01 16:03:45.295,0.151368,0.648249,0.666182,550.087533,0.059325,0.022578,0.028026,1,1.0,19
1900-01-01 16:03:49.244,0.151471,0.648045,0.665784,549.715547,0.058739,0.021933,0.027599,1,1.0,19
1900-01-01 16:03:53.194,0.151081,0.646956,0.664367,548.640863,0.059329,0.023032,0.027892,1,1.0,19
1900-01-01 16:03:57.145,0.151173,0.647068,0.664752,549.806585,0.058329,0.021928,0.028084,1,1.0,19
1900-01-01 16:04:01.094,0.15139,0.648065,0.665476,549.419454,0.059372,0.022787,0.027869,1,1.0,19
1900-01-01 16:04:05.097,0.151466,0.648084,0.665385,548.390283,0.058489,0.022765,0.029166,1,1.0,19
1900-01-01 16:04:09.044,0.151288,0.647656,0.665189,549.047459,0.059441,0.022595,0.028443,1,1.0,19
1900-01-01 16:04:13.046,0.151575,0.64827,0.666046,548.859259,0.058105,0.022572,0.028509,1,1.0,19
1900-01-01 16:04:16.945,0.152038,0.648528,0.666128,549.7334,0.058672,0.02266,0.028724,1,1.0,19
1900-01-01 16:04:20.892,0.151971,0.647952,0.665771,549.372371,0.059279,0.022306,0.02827,1,1.0,19
1900-01-01 16:04:24.842,0.152103,0.647822,0.66584,549.74377,0.058764,0.022638,0.028331,1,1.0,19
1900-01-01 16:04:28.745,0.15273,0.648363,0.66592,551.146229,0.059275,0.022521,0.02926,1,1.0,19
1900-01-01 16:04:32.692,0.152192,0.64778,0.66585,549.631584,0.058411,0.022286,0.027656,1,1.0,19
1900-01-01 16:04:36.594,0.152495,0.647814,0.665505,549.999134,0.059703,0.022704,0.028817,1,1.0,19
1900-01-01 16:04:40.542,0.152331,0.648201,0.665476,548.999435,0.059365,0.021844,0.029156,1,1.0,19
1900-01-01 16:04:44.492,0.152675,0.647366,0.665382,550.298804,0.057823,0.021851,0.028869,1,1.0,19
1900-01-01 16:04:48.441,0.152483,0.648686,0.66664,549.996119,0.059378,0.022215,0.028752,1,1.0,19
1900-01-01 16:04:52.394,0.15229,0.646579,0.664981,549.556414,0.05875,0.021916,0.029014,1,1.0,19
1900-01-01 16:04:56.342,0.15297,0.647956,0.666097,549.836588,0.059411,0.022732,0.028891,1,1.0,19
1900-01-01 16:05:00.290,0.153229,0.647525,0.66553,550.092153,0.058533,0.022408,0.029527,1,1.0,19
1900-01-01 16:05:04.292,0.153249,0.647384,0.665497,550.539249,0.059036,0.022395,0.029177,1,1.0,19
1900-01-01 16:05:08.239,0.153264,0.647068,0.665085,551.196418,0.058425,0.02246,0.028631,1,1.0,19
1900-01-01 16:05:12.190,0.152846,0.647137,0.665049,550.372219,0.058985,0.02216,0.028738,1,1.0,19
1900-01-01 16:05:16.090,0.152947,0.648392,0.665787,549.757145,0.059129,0.022322,0.028812,1,1.0,19
1900-01-01 16:05:20.087,0.152823,0.648145,0.666081,549.904218,0.058587,0.021808,0.028153,1,1.0,19
1900-01-01 16:05:24.038,0.153033,0.64812,0.665952,549.998709,0.058688,0.022166,0.028635,1,1.0,19
1900-01-01 16:05:28.041,0.152858,0.647895,0.66561,549.091085,0.058579,0.02181,0.028643,1,1.0,19
1900-01-01 16:05:31.988,0.153374,0.648454,0.666351,550.147621,0.058694,0.02238,0.028537,1,1.0,19
1900-01-01 16:05:35.938,0.152757,0.646563,0.664581,550.165119,0.058078,0.022011,0.028436,1,1.0,19
1900-01-01 16:05:39.887,0.153311,0.648166,0.666393,550.87843,0.058457,0.022061,0.027871,1,1.0,19
1900-01-01 16:05:43.838,0.153357,0.646503,0.664689,551.354321,0.059007,0.022455,0.028789,1,1.0,19
1900-01-01 16:05:47.788,0.153423,0.646889,0.665484,551.877967,0.059284,0.022316,0.029818,1,1.0,19
1900-01-01 16:05:51.737,0.154175,0.646601,0.664592,552.038924,0.058995,0.022656,0.029534,1,1.0,19
1900-01-01 16:05:55.687,0.153924,0.647251,0.665186,552.730213,0.058602,0.021998,0.02913,1,1.0,19
1900-01-01 16:05:59.636,0.153536,0.646623,0.665097,552.07713,0.058991,0.022294,0.029319,1,1.0,19
1900-01-01 16:06:03.586,0.153975,0.64733,0.665509,552.384063,0.057946,0.022379,0.028433,1,1.0,19
1900-01-01 16:06:07.535,0.153691,0.647472,0.665637,552.026985,0.058979,0.022057,0.028737,1,1.0,19
1900-01-01 16:06:11.486,0.153013,0.647142,0.665222,552.354324,0.058627,0.021913,0.028523,1,1.0,19
1900-01-01 16:06:15.434,0.153099,0.646546,0.664717,552.07457,0.058413,0.021879,0.027984,1,1.0,19
1900-01-01 16:06:19.385,0.15319,0.646664,0.664777,551.155037,0.057742,0.021468,0.027983,1,1.0,19
1900-01-01 16:06:23.334,0.152923,0.647883,0.666126,551.510016,0.059114,0.021325,0.028236,1,1.0,19
1900-01-01 16:06:27.284,0.152812,0.646288,0.664774,550.618695,0.058764,0.021392,0.027278,1,1.0,19
1900-01-01 16:06:31.287,0.153203,0.64683,0.665041,551.028597,0.058626,0.022383,0.02879,1,1.0,19
1900-01-01 16:06:35.234,0.153409,0.647038,0.665282,552.015865,0.05836,0.021846,0.02819,1,1.0,19
1900-01-01 16:06:39.135,0.153276,0.64581,0.664068,551.749711,0.058365,0.02168,0.027836,1,1.0,19
1900-01-01 16:06:43.132,0.15314,0.646614,0.665132,551.396395,0.058428,0.022147,0.027992,1,1.0,19
1900-01-01 16:06:47.082,0.153268,0.647513,0.666219,551.757411,0.058855,0.021594,0.027924,1,1.0,19
1900-01-01 16:06:51.086,0.153859,0.64685,0.665479,552.666965,0.058713,0.022109,0.028059,1,1.0,19
1900-01-01 16:06:55.033,0.153485,0.646954,0.66596,553.131556,0.058328,0.021278,0.027364,1,1.0,19
1900-01-01 16:06:58.983,0.153815,0.647111,0.665833,552.733794,0.058323,0.021836,0.027599,1,1.0,19
1900-01-01 16:07:02.934,0.153409,0.646884,0.665342,551.804203,0.058597,0.021847,0.027849,1,1.0,19
1900-01-01 16:07:07.031,0.153954,0.647072,0.665947,552.66897,0.058902,0.021633,0.027807,1,1.0,19
1900-01-01 16:07:10.982,0.153406,0.645718,0.66514,552.447403,0.058261,0.021567,0.027299,1,1.0,19
1900-01-01 16:07:14.932,0.154,0.647033,0.666121,552.746924,0.058497,0.02136,0.027827,1,1.0,19
1900-01-01 16:07:18.882,0.154332,0.646029,0.665212,553.46071,0.058711,0.021931,0.02735,1,1.0,19
1900-01-01 16:07:22.783,0.154242,0.646982,0.665731,553.789854,0.059239,0.021652,0.026874,1,1.0,19
1900-01-01 16:07:26.732,0.154386,0.64639,0.665288,553.334333,0.058682,0.022318,0.027175,1,1.0,19
1900-01-01 16:07:30.734,0.154668,0.645965,0.665102,553.951064,0.058811,0.022108,0.028109,1,1.0,19
1900-01-01 16:07:34.681,0.154286,0.645856,0.66505,554.246052,0.05914,0.021639,0.027528,1,1.0,19
1900-01-01 16:07:38.682,0.154459,0.646442,0.664886,554.15287,0.059034,0.022101,0.027436,1,1.0,19
1900-01-01 16:07:42.682,0.154481,0.646274,0.665161,554.427857,0.05865,0.021696,0.027114,1,1.0,19
1900-01-01 16:07:46.682,0.154779,0.647272,0.666119,554.900517,0.058114,0.021522,0.027274,1,1.0,19
1900-01-01 16:07:50.682,0.154592,0.647097,0.665898,555.640742,0.058176,0.021731,0.027011,1,1.0,19
1900-01-01 16:07:54.678,0.15434,0.645779,0.665228,555.381696,0.058883,0.02107,0.027036,1,1.0,19
1900-01-01 16:07:58.729,0.154634,0.644829,0.663984,555.064383,0.058726,0.021116,0.026961,1,1.0,19
1900-01-01 16:08:02.727,0.154933,0.646165,0.664829,556.143384,0.059241,0.021457,0.027375,1,1.0,19
1900-01-01 16:08:06.730,0.155401,0.645468,0.664669,556.481898,0.05839,0.022032,0.027803,1,1.0,19
1900-01-01 16:08:10.730,0.155365,0.646362,0.665914,557.207237,0.058139,0.021685,0.026684,1,1.0,19
1900-01-01 16:08:14.730,0.155195,0.646147,0.665264,557.645714,0.058581,0.021408,0.026793,1,1.0,19
1900-01-01 16:08:18.678,0.155434,0.645505,0.664727,557.470088,0.058489,0.022038,0.027622,1,1.0,19
1900-01-01 16:08:22.676,0.155,0.645392,0.664976,557.494853,0.058908,0.021256,0.026515,1,1.0,19
1900-01-01 16:08:26.626,0.154962,0.644462,0.663693,557.008156,0.058035,0.021261,0.027009,1,1.0,19
1900-01-01 16:08:30.630,0.154949,0.644499,0.663921,557.312299,0.057859,0.021474,0.027103,1,1.0,19
1900-01-01 16:08:34.630,0.155638,0.645239,0.664727,557.625676,0.058983,0.022089,0.027518,1,1.0,19
1900-01-01 16:08:38.577,0.155233,0.645601,0.664847,558.422128,0.058659,0.021792,0.02818,1,1.0,19
1900-01-01 16:08:42.526,0.155554,0.645377,0.664706,558.382246,0.058547,0.021586,0.027148,1,1.0,19
1900-01-01 16:08:46.476,0.155639,0.645192,0.663879,558.552703,0.058372,0.021299,0.027526,1,1.0,19
1900-01-01 16:08:50.426,0.15582,0.645793,0.664714,558.890498,0.058504,0.02219,0.028224,1,1.0,19
1900-01-01 16:08:54.428,0.155646,0.645982,0.664893,559.656665,0.059052,0.021909,0.027635,1,1.0,19
1900-01-01 16:08:58.428,0.155566,0.645218,0.664198,559.07548,0.058475,0.02155,0.027973,1,1.0,19
1900-01-01 16:09:02.375,0.155595,0.645719,0.664908,559.494815,0.058374,0.021188,0.027292,1,1.0,19
1900-01-01 16:09:06.374,0.156053,0.644997,0.663653,559.927117,0.058533,0.021948,0.027275,1,1.0,19
1900-01-01 16:09:10.324,0.155788,0.646623,0.665209,560.018471,0.058297,0.022057,0.027491,1,1.0,19
1900-01-01 16:09:14.274,0.155796,0.645585,0.66413,560.643929,0.057629,0.021854,0.026875,1,1.0,19
1900-01-01 16:09:18.273,0.156107,0.645935,0.664584,560.066239,0.059166,0.021897,0.027668,1,1.0,19
1900-01-01 16:09:22.276,0.156618,0.646949,0.665279,560.809204,0.058443,0.02167,0.026915,1,1.0,19
1900-01-01 16:09:26.223,0.156131,0.645496,0.663569,560.716819,0.058345,0.021381,0.027523,1,1.0,19
1900-01-01 16:09:30.172,0.15585,0.646776,0.664965,561.324076,0.058756,0.021958,0.028122,1,1.0,19
1900-01-01 16:09:34.175,0.155627,0.645235,0.663719,560.809204,0.057698,0.021366,0.02756,1,1.0,19
1900-01-01 16:09:38.175,0.155732,0.645148,0.663723,560.921327,0.058881,0.021192,0.02759,1,1.0,19
1900-01-01 16:09:42.223,0.156342,0.646039,0.664506,561.328823,0.058963,0.021612,0.027749,1,1.0,19
1900-01-01 16:09:46.273,0.156568,0.646447,0.664446,561.663357,0.058906,0.022204,0.028328,1,1.0,19
1900-01-01 16:09:50.222,0.155951,0.645498,0.664271,561.921039,0.058418,0.021371,0.02761,1,1.0,19
1900-01-01 16:09:54.172,0.156103,0.644478,0.662856,561.52721,0.058285,0.021678,0.02718,1,1.0,19
1900-01-01 16:09:58.121,0.156212,0.64495,0.66355,561.596291,0.058154,0.021434,0.027079,1,1.0,19
1900-01-01 16:10:02.172,0.156291,0.644081,0.662497,562.040577,0.058716,0.021602,0.027674,1,1.0,19
1900-01-01 16:10:06.174,0.156395,0.645542,0.663757,561.969301,0.059408,0.021992,0.026922,1,1.0,19
1900-01-01 16:10:10.121,0.156571,0.644807,0.663069,562.688987,0.056919,0.021883,0.027951,1,1.0,19
1900-01-01 16:10:14.071,0.156186,0.644668,0.663116,562.092987,0.05802,0.021182,0.027751,1,1.0,19
1900-01-01 16:10:18.073,0.156933,0.645485,0.663679,562.36986,0.057846,0.021592,0.028277,1,1.0,19
1900-01-01 16:10:22.121,0.15655,0.644024,0.662373,562.333981,0.058376,0.02196,0.027771,1,1.0,19
1900-01-01 16:10:26.122,0.15784,0.644457,0.662663,561.70057,0.058135,0.021559,0.02745,1,1.0,19
1900-01-01 16:10:30.122,0.159098,0.64634,0.66426,561.996304,0.05925,0.021573,0.028,1,1.0,19
1900-01-01 16:10:34.070,0.158965,0.645615,0.663437,562.623177,0.057982,0.021208,0.027518,1,1.0,19
1900-01-01 16:10:38.119,0.158567,0.644583,0.663084,561.660899,0.058283,0.022134,0.027913,1,1.0,19
1900-01-01 16:10:42.169,0.158277,0.644612,0.663271,561.849621,0.058295,0.020947,0.027341,1,1.0,19
1900-01-01 16:10:46.220,0.159093,0.644891,0.663665,562.328051,0.058591,0.022089,0.02826,1,1.0,19
1900-01-01 16:10:50.270,0.158971,0.644578,0.663104,561.804219,0.05814,0.02222,0.027386,1,1.0,19
1900-01-01 16:10:54.266,0.159193,0.645156,0.663365,562.524702,0.058687,0.021932,0.028663,1,1.0,19
1900-01-01 16:10:58.270,0.158872,0.645286,0.663752,562.12131,0.058312,0.021508,0.027553,1,1.0,19
1900-01-01 16:11:02.319,0.159256,0.64623,0.664482,562.271064,0.058454,0.022037,0.028,1,1.0,19
1900-01-01 16:11:06.367,0.159626,0.644771,0.663471,563.001368,0.057805,0.022192,0.028525,1,1.0,19
1900-01-01 16:11:10.366,0.159806,0.644773,0.663021,562.448991,0.057984,0.02219,0.027874,1,1.0,19
1900-01-01 16:11:14.369,0.160156,0.645378,0.663895,562.406326,0.058562,0.022205,0.028498,1,1.0,19
1900-01-01 16:11:18.369,0.160372,0.645375,0.663514,562.936908,0.0581,0.021724,0.028046,1,1.0,19
1900-01-01 16:11:22.369,0.160467,0.64598,0.664786,562.913334,0.058569,0.021445,0.027603,1,1.0,19
1900-01-01 16:11:26.364,0.160211,0.64403,0.662458,563.353271,0.058011,0.022768,0.027668,1,1.0,19
1900-01-01 16:11:30.367,0.160716,0.645907,0.664696,563.194286,0.059036,0.02184,0.027656,1,1.0,19
1900-01-01 16:11:34.364,0.160281,0.644391,0.663123,563.445874,0.057845,0.021826,0.028215,1,1.0,19
1900-01-01 16:11:38.415,0.15994,0.644333,0.663256,563.391822,0.058976,0.021469,0.027693,1,1.0,19
1900-01-01 16:11:42.364,0.159881,0.644551,0.66339,563.402699,0.058287,0.021803,0.027463,1,1.0,19
1900-01-01 16:11:46.415,0.160161,0.644951,0.663862,564.027291,0.058116,0.021573,0.027263,1,1.0,19
1900-01-01 16:11:50.417,0.16043,0.644672,0.663814,563.71173,0.058218,0.022098,0.028013,1,1.0,19
1900-01-01 16:11:54.465,0.160279,0.645275,0.663853,564.333814,0.058551,0.021886,0.028885,1,1.0,19
1900-01-01 16:11:58.514,0.160219,0.645781,0.664473,564.736179,0.058158,0.021215,0.027524,1,1.0,19
1900-01-01 16:12:02.516,0.160287,0.644375,0.663373,564.558794,0.058264,0.021559,0.027716,1,1.0,19
1900-01-01 16:12:06.516,0.160922,0.644739,0.663819,566.031001,0.058004,0.022156,0.027823,1,1.0,19
1900-01-01 16:12:10.463,0.160494,0.64477,0.663572,566.168652,0.05786,0.022191,0.027993,1,1.0,19
1900-01-01 16:12:14.462,0.160726,0.64351,0.662456,565.980087,0.057974,0.021973,0.028075,1,1.0,19
1900-01-01 16:12:18.465,0.160999,0.644434,0.6637,566.353196,0.0592,0.021748,0.027244,1,1.0,19
1900-01-01 16:12:22.561,0.161225,0.644339,0.663351,566.746611,0.058703,0.022028,0.028446,1,1.0,19
1900-01-01 16:12:26.564,0.161079,0.644587,0.663496,567.111712,0.057823,0.02191,0.027955,1,1.0,19
1900-01-01 16:12:30.612,0.161447,0.644727,0.663288,567.193215,0.057434,0.022084,0.028033,1,1.0,19
1900-01-01 16:12:34.614,0.161606,0.644427,0.6635,567.187164,0.057981,0.021744,0.029318,1,1.0,19
1900-01-01 16:12:38.614,0.161764,0.645159,0.664391,568.217493,0.059303,0.022185,0.027597,1,1.0,19
1900-01-01 16:12:42.614,0.161695,0.644296,0.663218,568.373082,0.058536,0.021719,0.028174,1,1.0,19
1900-01-01 16:12:46.662,0.161904,0.645006,0.664012,568.143631,0.059213,0.022455,0.028584,1,1.0,19
1900-01-01 16:12:50.711,0.162278,0.644093,0.662862,568.412309,0.058132,0.022124,0.028471,1,1.0,19
1900-01-01 16:12:54.761,0.162378,0.645179,0.663839,569.060367,0.058389,0.022791,0.029238,1,1.0,19
1900-01-01 16:12:58.858,0.162175,0.643916,0.662807,568.482048,0.058618,0.022174,0.028756,1,1.0,19
1900-01-01 16:13:02.910,0.162079,0.643781,0.662385,568.216872,0.057751,0.022067,0.028613,1,1.0,19
1900-01-01 16:13:06.959,0.162227,0.645132,0.663788,568.917675,0.057837,0.021437,0.02788,1,1.0,19
1900-01-01 16:13:11.010,0.161976,0.64426,0.663204,569.535853,0.058447,0.021999,0.028251,1,1.0,19
1900-01-01 16:13:15.012,0.161969,0.643986,0.663116,568.331111,0.058676,0.022346,0.029313,1,1.0,19
1900-01-01 16:13:19.060,0.162303,0.645443,0.664012,568.906526,0.05829,0.022686,0.029237,1,1.0,19
1900-01-01 16:13:23.158,0.16148,0.644417,0.663634,569.687401,0.057666,0.02182,0.027533,1,1.0,19
1900-01-01 16:13:27.209,0.161023,0.644239,0.663542,570.413406,0.057947,0.022296,0.027253,1,1.0,19
1900-01-01 16:13:31.306,0.160992,0.644323,0.663644,570.490185,0.058935,0.021776,0.028818,1,1.0,19
1900-01-01 16:13:35.410,0.16146,0.644047,0.663269,570.983803,0.058449,0.022012,0.029002,1,1.0,19
1900-01-01 16:13:39.559,0.161086,0.644655,0.664027,571.478148,0.058234,0.021793,0.027966,1,1.0,19
1900-01-01 16:13:43.607,0.161274,0.645124,0.664325,571.34779,0.058338,0.02158,0.028161,1,1.0,19
1900-01-01 16:13:47.710,0.16124,0.644098,0.663658,571.104307,0.058294,0.022345,0.028313,1,1.0,19
1900-01-01 16:13:51.758,0.161276,0.643873,0.663256,570.808523,0.057822,0.022056,0.027787,1,1.0,19
1900-01-01 16:13:55.807,0.161376,0.64423,0.663354,571.274497,0.057858,0.021817,0.028235,1,1.0,19
1900-01-01 16:13:59.857,0.161359,0.643751,0.663117,572.031278,0.058293,0.021962,0.027951,1,1.0,19
1900-01-01 16:14:03.906,0.161542,0.644,0.663758,572.567023,0.05753,0.021634,0.028153,1,1.0,19
1900-01-01 16:14:07.956,0.161255,0.644041,0.663687,572.655263,0.058691,0.022084,0.028785,1,1.0,19
1900-01-01 16:14:12.006,0.161735,0.644237,0.663655,572.992866,0.059484,0.021726,0.029269,1,1.0,19
1900-01-01 16:14:16.057,0.161662,0.643902,0.663395,572.746951,0.059134,0.02165,0.029035,1,1.0,19
1900-01-01 16:14:20.154,0.161941,0.644166,0.663494,573.537491,0.058308,0.021858,0.028481,1,1.0,19
1900-01-01 16:14:24.206,0.161742,0.644035,0.663627,572.871174,0.058188,0.021767,0.028601,1,1.0,19
1900-01-01 16:14:28.255,0.161558,0.644007,0.663638,573.472955,0.058354,0.021648,0.027984,1,1.0,19
1900-01-01 16:14:32.353,0.162324,0.644373,0.663631,574.87507,0.058272,0.02198,0.027995,1,1.0,19
1900-01-01 16:14:36.404,0.161884,0.64372,0.663129,573.768823,0.058353,0.021752,0.028316,1,1.0,19
1900-01-01 16:14:40.402,0.162173,0.643512,0.663032,573.509634,0.058244,0.022543,0.028093,1,1.0,19
1900-01-01 16:14:44.454,0.162268,0.643451,0.663158,573.62168,0.058678,0.022252,0.028822,1,1.0,19
1900-01-01 16:14:48.503,0.16197,0.642903,0.66271,573.356511,0.059376,0.022264,0.027806,1,1.0,19
1900-01-01 16:14:52.554,0.162365,0.642171,0.661955,573.299786,0.057912,0.022513,0.027968,1,1.0,19
1900-01-01 16:14:56.604,0.162234,0.643961,0.66375,574.13839,0.058426,0.022216,0.028561,1,1.0,19
1900-01-01 16:15:00.702,0.161716,0.643706,0.66379,574.619656,0.057622,0.021693,0.027237,1,1.0,19
1900-01-01 16:15:04.753,0.162051,0.642912,0.662934,573.794428,0.058538,0.022254,0.028393,1,1.0,19
1900-01-01 16:15:08.802,0.161952,0.643407,0.663329,573.75242,0.059039,0.021384,0.028076,1,1.0,19
1900-01-01 16:15:12.900,0.162195,0.643273,0.663416,574.012185,0.058359,0.022031,0.02825,1,1.0,19
1900-01-01 16:15:16.951,0.162297,0.643313,0.662978,574.468304,0.058267,0.021978,0.028281,1,1.0,19
1900-01-01 16:15:21.050,0.162433,0.643922,0.663343,574.380825,0.058199,0.022296,0.028466,1,1.0,19
1900-01-01 16:15:25.154,0.162179,0.643703,0.663182,574.782992,0.058509,0.022118,0.028107,1,1.0,19
1900-01-01 16:15:29.201,0.162087,0.643269,0.66293,574.995381,0.059516,0.022229,0.028856,1,1.0,19
1900-01-01 16:15:33.199,0.162817,0.643835,0.663427,575.122905,0.058626,0.021793,0.028481,1,1.0,19
1900-01-01 16:15:37.202,0.162288,0.643885,0.663427,575.375288,0.058624,0.021899,0.028892,1,1.0,19
1900-01-01 16:15:41.202,0.161968,0.642802,0.662313,574.611952,0.058095,0.021683,0.027918,1,1.0,19
1900-01-01 16:15:45.250,0.162345,0.643363,0.662886,574.961933,0.057837,0.021832,0.027883,1,1.0,19
1900-01-01 16:15:49.300,0.162731,0.64331,0.662741,575.059233,0.058105,0.022398,0.02758,1,1.0,19
1900-01-01 16:15:53.350,0.162804,0.64404,0.663362,575.739097,0.058611,0.0224,0.027867,1,1.0,19
1900-01-01 16:15:57.351,0.162639,0.643796,0.66303,575.102599,0.058645,0.022206,0.028239,1,1.0,19
1900-01-01 16:16:01.399,0.162791,0.643642,0.663403,575.766758,0.058573,0.022057,0.027669,1,1.0,19
1900-01-01 16:16:05.449,0.162117,0.642082,0.66182,575.415463,0.057766,0.021725,0.028088,1,1.0,19
1900-01-01 16:16:09.498,0.162473,0.642569,0.662263,575.577094,0.057685,0.022014,0.027631,1,1.0,19
1900-01-01 16:16:13.500,0.162959,0.643557,0.663243,576.061889,0.058473,0.021694,0.027883,1,1.0,19
1900-01-01 16:16:17.548,0.16297,0.644254,0.66368,576.462099,0.058675,0.021522,0.028772,1,1.0,19
1900-01-01 16:16:21.598,0.162843,0.643109,0.663113,576.529555,0.059044,0.021589,0.027182,1,1.0,19
1900-01-01 16:16:25.700,0.162908,0.642596,0.662652,576.224726,0.058191,0.022073,0.027543,1,1.0,19
1900-01-01 16:16:29.748,0.162651,0.643808,0.66312,576.825494,0.058491,0.021677,0.028197,1,1.0,19
1900-01-01 16:16:33.796,0.162781,0.643316,0.663151,576.69388,0.057865,0.0222,0.028502,1,1.0,19
1900-01-01 16:16:37.847,0.162497,0.641873,0.662163,576.567913,0.057495,0.02136,0.027669,1,1.0,19
1900-01-01 16:16:41.897,0.163129,0.642649,0.662232,576.378215,0.058519,0.021892,0.028148,1,1.0,19
1900-01-01 16:16:45.946,0.16327,0.642537,0.662227,577.059423,0.057827,0.02218,0.02836,1,1.0,19
1900-01-01 16:16:49.948,0.163357,0.6426,0.662542,577.671192,0.057884,0.021822,0.028594,1,1.0,19
1900-01-01 16:16:53.996,0.163298,0.642891,0.662772,577.298372,0.057286,0.021718,0.028348,1,1.0,19
1900-01-01 16:16:58.046,0.163403,0.643293,0.66351,577.545858,0.05822,0.022039,0.028038,1,1.0,19
1900-01-01 16:17:02.047,0.163368,0.643318,0.663115,577.943739,0.058566,0.02194,0.028852,1,1.0,19
1900-01-01 16:17:06.095,0.163996,0.642993,0.663081,578.01002,0.05794,0.021961,0.02873,1,1.0,19
1900-01-01 16:17:10.145,0.163562,0.642659,0.662718,578.017339,0.057654,0.021894,0.028058,1,1.0,19
1900-01-01 16:17:14.146,0.163772,0.64266,0.66236,578.248947,0.057603,0.021886,0.028146,1,1.0,19
1900-01-01 16:17:18.194,0.16408,0.643376,0.663101,578.195211,0.058356,0.021794,0.028038,1,1.0,19
1900-01-01 16:17:22.292,0.163972,0.642998,0.663037,578.457773,0.057182,0.021851,0.02818,1,1.0,19
1900-01-01 16:17:26.343,0.163643,0.642372,0.662333,578.779252,0.059182,0.021945,0.02903,1,1.0,19
1900-01-01 16:17:30.394,0.164165,0.642449,0.662887,578.588379,0.057958,0.021908,0.027978,1,1.0,19
1900-01-01 16:17:34.444,0.163809,0.642942,0.663203,579.718162,0.058296,0.021086,0.028016,1,1.0,19
1900-01-01 16:17:38.494,0.164059,0.642266,0.662348,577.776359,0.05855,0.022588,0.028751,1,1.0,19
1900-01-01 16:17:42.495,0.163718,0.643406,0.663377,578.030941,0.059574,0.021478,0.027958,1,1.0,19
1900-01-01 16:17:46.495,0.163968,0.643187,0.66297,578.090302,0.057859,0.022004,0.027844,1,1.0,19
1900-01-01 16:17:50.494,0.164108,0.642998,0.663118,578.485706,0.057613,0.022247,0.027558,1,1.0,19
1900-01-01 16:17:54.594,0.163999,0.642053,0.661829,578.492383,0.058387,0.021912,0.028412,1,1.0,19
1900-01-01 16:17:58.642,0.16434,0.642828,0.662927,578.650618,0.058719,0.021747,0.028552,1,1.0,19
1900-01-01 16:18:02.740,0.164137,0.643196,0.663459,579.14578,0.058658,0.021917,0.028346,1,1.0,19
1900-01-01 16:18:06.791,0.164021,0.642613,0.662855,578.279955,0.058234,0.021871,0.027785,1,1.0,19
1900-01-01 16:18:11.143,0.164435,0.642611,0.662771,578.706226,0.058226,0.022237,0.027681,1,1.0,19
1900-01-01 16:18:15.191,0.164551,0.643302,0.663392,578.980236,0.05909,0.022212,0.02825,1,1.0,19
1900-01-01 16:18:19.241,0.164059,0.642482,0.662462,578.535385,0.058763,0.021617,0.028852,1,1.0,19
1900-01-01 16:18:23.439,0.164678,0.642878,0.662907,579.317912,0.058159,0.021961,0.02869,1,1.0,19
1900-01-01 16:18:27.490,0.164271,0.642234,0.662535,579.367003,0.05792,0.021782,0.027288,1,1.0,19
1900-01-01 16:18:31.540,0.164426,0.64278,0.662482,579.827592,0.05778,0.021469,0.02855,1,1.0,19
1900-01-01 16:18:35.590,0.164207,0.64307,0.662924,579.696043,0.058101,0.022181,0.027871,1,1.0,19
1900-01-01 16:18:39.639,0.164543,0.642023,0.661975,579.055269,0.05801,0.022272,0.02789,1,1.0,19
1900-01-01 16:18:43.737,0.164935,0.643744,0.66338,580.652954,0.058588,0.021927,0.02866,1,1.0,19
1900-01-01 16:18:47.788,0.164419,0.642963,0.663091,580.657727,0.057679,0.021699,0.027943,1,1.0,19
1900-01-01 16:18:51.838,0.165041,0.643316,0.662915,580.89279,0.058366,0.022175,0.02863,1,1.0,19
1900-01-01 16:18:55.887,0.165018,0.642689,0.662785,580.961454,0.058918,0.022236,0.028426,1,1.0,19
1900-01-01 16:18:59.986,0.16495,0.640965,0.661268,580.611641,0.058327,0.02186,0.027661,1,1.0,19
1900-01-01 16:19:04.038,0.165276,0.642152,0.662625,580.752072,0.05869,0.022174,0.028033,1,1.0,19
1900-01-01 16:19:08.087,0.165182,0.643604,0.663484,581.484287,0.058436,0.022281,0.02883,1,1.0,19
1900-01-01 16:19:12.186,0.16516,0.642016,0.662034,580.463261,0.058347,0.02236,0.028421,1,1.0,19
1900-01-01 16:19:16.236,0.164868,0.642544,0.662527,580.821776,0.057741,0.022106,0.028358,1,1.0,19
1900-01-01 16:19:20.335,0.165324,0.642368,0.662375,581.260373,0.058244,0.021887,0.0278,1,1.0,19
1900-01-01 16:19:24.434,0.165048,0.642329,0.662301,580.907251,0.057803,0.02173,0.028623,1,1.0,19
1900-01-01 16:19:28.538,0.165405,0.643055,0.663202,581.276193,0.059015,0.022341,0.027668,1,1.0,19
1900-01-01 16:19:32.586,0.165479,0.642349,0.662632,581.830319,0.058698,0.021834,0.028176,1,1.0,19
1900-01-01 16:19:36.636,0.165257,0.641947,0.662071,581.76241,0.058506,0.022549,0.029546,1,1.0,19
1900-01-01 16:19:40.734,0.165503,0.642073,0.662409,582.424746,0.058249,0.021741,0.028353,1,1.0,19
1900-01-01 16:19:44.833,0.165708,0.642446,0.662895,582.205865,0.058031,0.022063,0.028501,1,1.0,19
1900-01-01 16:19:48.985,0.165485,0.642199,0.662901,582.782658,0.058181,0.022055,0.02783,1,1.0,19
1900-01-01 16:19:53.087,0.165727,0.641689,0.662078,582.147546,0.05763,0.022221,0.027945,1,1.0,19
1900-01-01 16:19:57.284,0.165764,0.641764,0.662096,581.87318,0.058695,0.021915,0.027878,1,1.0,19
1900-01-01 16:20:01.334,0.165891,0.641912,0.662339,582.54239,0.057532,0.021803,0.027608,1,1.0,19
1900-01-01 16:20:05.385,0.165387,0.64177,0.662193,582.269677,0.058057,0.022223,0.029024,1,1.0,19
1900-01-01 16:20:09.433,0.165582,0.64083,0.661225,582.064429,0.057721,0.021781,0.02752,1,1.0,19
1900-01-01 16:20:13.484,0.165756,0.641278,0.661785,582.52689,0.05802,0.021886,0.028642,1,1.0,19
1900-01-01 16:20:17.534,0.165773,0.641719,0.662305,582.869517,0.05895,0.021634,0.027766,1,1.0,19
1900-01-01 16:20:21.631,0.166229,0.642021,0.662249,583.665641,0.05773,0.021569,0.027784,1,1.0,19
1900-01-01 16:20:25.730,0.166234,0.642008,0.66261,583.626404,0.058638,0.02206,0.028338,1,1.0,19
1900-01-01 16:20:29.834,0.166292,0.642055,0.662889,584.345874,0.05846,0.021758,0.027425,1,1.0,19
1900-01-01 16:20:33.882,0.166016,0.642742,0.662881,584.631483,0.058774,0.021648,0.028857,1,1.0,19
1900-01-01 16:20:37.980,0.16611,0.642233,0.662678,584.592316,0.058914,0.021679,0.028354,1,1.0,19
1900-01-01 16:20:42.084,0.166376,0.641657,0.66228,584.01501,0.058112,0.021751,0.027421,1,1.0,19
1900-01-01 16:20:46.180,0.166579,0.641427,0.661918,584.203833,0.058248,0.022347,0.028835,1,1.0,19
1900-01-01 16:20:50.279,0.166424,0.642003,0.662659,584.54084,0.0587,0.021409,0.028854,1,1.0,19
1900-01-01 16:20:54.383,0.166683,0.641974,0.662502,584.679035,0.05881,0.022544,0.028062,1,1.0,19
1900-01-01 16:20:58.479,0.166693,0.64185,0.662618,584.950882,0.058256,0.021403,0.026578,1,1.0,19
1900-01-01 16:21:02.578,0.166667,0.641475,0.662263,584.723727,0.058429,0.022556,0.0278,1,1.0,19
1900-01-01 16:21:06.678,0.166686,0.641049,0.661957,584.803326,0.058427,0.022059,0.028136,1,1.0,19
1900-01-01 16:21:10.782,0.166715,0.641981,0.662737,585.187968,0.058476,0.021574,0.027934,1,1.0,19
1900-01-01 16:21:14.878,0.166816,0.641632,0.662194,585.608146,0.057455,0.022332,0.028211,1,1.0,19
1900-01-01 16:21:18.982,0.166553,0.640721,0.661823,584.766346,0.058508,0.021487,0.027434,1,1.0,19
1900-01-01 16:21:23.078,0.166543,0.64078,0.661956,585.136205,0.057566,0.022044,0.027536,1,1.0,19
1900-01-01 16:21:27.177,0.1666,0.640899,0.661913,585.739383,0.058106,0.022097,0.028335,1,1.0,19
1900-01-01 16:21:31.281,0.167277,0.64256,0.663598,586.254084,0.05836,0.022359,0.028631,1,1.0,19
1900-01-01 16:21:35.380,0.163167,0.640149,0.660931,585.324149,0.059047,0.028914,0.031127,1,1.0,19
1900-01-01 16:21:39.476,0.097518,0.662948,0.675107,415.46066,0.064105,0.06647,0.048527,1,1.0,19
1900-01-01 16:21:43.580,0.056729,0.682084,0.689757,143.669835,0.068297,0.042323,0.057322,1,1.0,19
1900-01-01 16:21:47.676,0.055706,0.682341,0.690404,69.310161,0.064664,0.019359,0.028829,1,1.0,19
1900-01-01 16:21:51.727,0.056169,0.682616,0.690426,67.491984,0.064116,0.020226,0.027887,1,1.0,19
1900-01-01 16:21:55.878,0.055895,0.68338,0.691139,66.707496,0.06352,0.020248,0.028023,1,1.0,19
1900-01-01 16:21:59.975,0.056107,0.68127,0.689809,66.38776,0.064027,0.019753,0.027633,1,1.0,19
1900-01-01 16:22:04.074,0.056469,0.680956,0.689419,65.794602,0.062391,0.020598,0.027964,1,1.0,19
1900-01-01 16:22:08.226,0.056365,0.679516,0.687874,65.222297,0.061773,0.019927,0.027101,1,1.0,19
1900-01-01 16:22:12.377,0.056061,0.679803,0.688273,64.852694,0.062724,0.020242,0.028401,1,1.0,19
1900-01-01 16:22:16.478,0.05608,0.676433,0.685163,64.339767,0.061565,0.020107,0.027541,1,1.0,19
1900-01-01 16:22:20.574,0.056296,0.676509,0.684891,63.910463,0.060581,0.02022,0.028041,1,1.0,19
1900-01-01 16:22:24.826,0.056105,0.676595,0.685445,63.538475,0.061,0.02018,0.027167,1,1.0,19
1900-01-01 16:22:28.922,0.055961,0.674574,0.683132,62.952767,0.060978,0.020192,0.026354,1,1.0,19
1900-01-01 16:22:33.026,0.056032,0.674873,0.683343,63.070049,0.06109,0.020211,0.027427,1,1.0,19
1900-01-01 16:22:37.175,0.056085,0.673751,0.6824,63.157266,0.060571,0.020165,0.026871,1,1.0,19
1900-01-01 16:22:41.273,0.055913,0.673934,0.682524,63.197565,0.062165,0.019867,0.026459,1,1.0,19
1900-01-01 16:22:45.425,0.056064,0.672909,0.681497,62.995481,0.06116,0.020219,0.026676,1,1.0,19
1900-01-01 16:22:49.521,0.05601,0.67177,0.680445,62.959674,0.061577,0.020026,0.026889,1,1.0,19
1900-01-01 16:22:53.625,0.05585,0.666164,0.675163,62.858664,0.061783,0.019913,0.0264,1,1.0,19
1900-01-01 16:22:57.774,0.056361,0.666518,0.675006,63.009537,0.062504,0.020279,0.02642,1,1.0,19
1900-01-01 16:23:01.871,0.056275,0.667385,0.676114,63.448629,0.060605,0.020012,0.026302,1,1.0,19
1900-01-01 16:23:06.023,0.056052,0.665395,0.674208,64.519391,0.061492,0.019827,0.026597,1,1.0,19
1900-01-01 16:23:10.121,0.056253,0.66403,0.672917,65.480185,0.06087,0.019756,0.025256,1,1.0,19
1900-01-01 16:23:14.172,0.056316,0.663252,0.672326,65.384229,0.059758,0.019859,0.025791,1,1.0,19
1900-01-01 16:23:18.270,0.056806,0.663013,0.671386,66.040486,0.060975,0.020686,0.025821,1,1.0,19
1900-01-01 16:23:22.374,0.05685,0.662455,0.671344,66.781927,0.060328,0.019877,0.026235,1,1.0,19
1900-01-01 16:23:26.470,0.057585,0.658854,0.668198,68.038222,0.060389,0.020013,0.026007,1,1.0,19
1900-01-01 16:23:30.569,0.058359,0.656328,0.665681,70.967203,0.059366,0.020407,0.026163,1,1.0,19
1900-01-01 16:23:34.673,0.059514,0.653051,0.662985,75.500416,0.058583,0.020171,0.025729,1,1.0,19
1900-01-01 16:23:38.769,0.0615,0.649326,0.660018,81.432145,0.059148,0.020484,0.02585,1,1.0,19
1900-01-01 16:23:42.868,0.063279,0.642757,0.654978,88.228761,0.058935,0.020415,0.026203,1,1.0,19
1900-01-01 16:23:46.972,0.06637,0.633674,0.646278,98.168029,0.058515,0.02071,0.026143,1,1.0,19
1900-01-01 16:23:51.068,0.071001,0.624161,0.637452,107.716972,0.057507,0.020279,0.025369,1,1.0,19
1900-01-01 16:23:55.172,0.075962,0.612709,0.626753,117.431651,0.057953,0.020074,0.024674,1,1.0,19
1900-01-01 16:23:59.266,0.08299,0.602939,0.617539,125.963783,0.057954,0.021221,0.025285,1,1.0,19
1900-01-01 16:24:03.370,0.087956,0.587518,0.603924,133.611807,0.058595,0.020761,0.025792,1,1.0,19
1900-01-01 16:24:07.466,0.093911,0.571025,0.588952,142.515158,0.059904,0.02077,0.026225,1,1.0,19
1900-01-01 16:24:11.618,0.10097,0.554363,0.573723,151.297073,0.059469,0.020934,0.026316,1,1.0,19
1900-01-01 16:24:15.817,0.108037,0.536872,0.557351,160.082149,0.05872,0.02118,0.02496,1,1.0,19
1900-01-01 16:24:19.916,0.123044,0.520005,0.542483,168.212569,0.059497,0.023736,0.027146,1,1.0,19
1900-01-01 16:24:24.068,0.137811,0.497099,0.522085,175.80908,0.058635,0.021772,0.025517,1,1.0,19
1900-01-01 16:24:28.217,0.15556,0.478989,0.507365,184.310453,0.058546,0.021821,0.024148,1,1.0,19
1900-01-01 16:24:32.319,0.161984,0.462269,0.495108,191.96555,0.065355,0.024146,0.037497,1,1.0,19
1900-01-01 16:24:36.468,0.179189,0.464011,0.504553,204.219694,0.058196,0.021351,0.024459,1,1.0,19
1900-01-01 16:24:40.617,0.190246,0.445634,0.494611,208.546999,0.057121,0.022295,0.02528,1,1.0,19
1900-01-01 16:24:44.767,0.197187,0.428258,0.482474,211.285003,0.05924,0.020826,0.026117,1,1.0,19
1900-01-01 16:24:48.916,0.198413,0.407837,0.452813,216.362968,0.059396,0.021899,0.027309,1,1.0,19
1900-01-01 16:24:53.114,0.182336,0.376446,0.417575,217.622032,0.05763,0.022567,0.023236,1,1.0,19
1900-01-01 16:24:57.314,0.172293,0.351969,0.389644,212.242842,0.061718,0.022582,0.03451,1,1.0,19
1900-01-01 16:25:01.466,0.168169,0.323504,0.359643,207.97243,0.054827,0.020417,0.022902,1,1.0,19
1900-01-01 16:25:05.615,0.16565,0.307935,0.342907,206.431074,0.054261,0.020886,0.022305,1,1.0,19
1900-01-01 16:25:09.713,0.160929,0.293395,0.328168,205.715244,0.052662,0.020604,0.022068,1,1.0,19
1900-01-01 16:25:13.865,0.160049,0.276606,0.310932,205.947743,0.053609,0.020319,0.024636,1,1.0,19
1900-01-01 16:25:18.015,0.155566,0.253212,0.287186,206.91216,0.053787,0.020193,0.026739,1,1.0,19
1900-01-01 16:25:22.164,0.150312,0.234436,0.267759,208.331089,0.052435,0.020481,0.021908,1,1.0,19
1900-01-01 16:25:26.362,0.144911,0.222333,0.254515,207.134448,0.052224,0.022465,0.024618,1,1.0,19
1900-01-01 16:25:30.462,0.139787,0.213183,0.244113,203.873264,0.050161,0.020747,0.020814,1,1.0,19
1900-01-01 16:25:34.614,0.132671,0.201335,0.231794,203.046409,0.049688,0.020456,0.020778,1,1.0,19
1900-01-01 16:25:38.764,0.126743,0.190819,0.220854,199.774054,0.049692,0.020633,0.020601,1,1.0,19
1900-01-01 16:25:42.913,0.122234,0.183535,0.209617,197.788964,0.050842,0.020773,0.020398,1,1.0,19
1900-01-01 16:25:47.063,0.11778,0.174915,0.19816,195.854515,0.049906,0.019971,0.020106,1,1.0,19
1900-01-01 16:25:51.214,0.114073,0.167635,0.19019,193.314468,0.048538,0.019877,0.020483,1,1.0,19
1900-01-01 16:25:55.362,0.110912,0.159864,0.182412,190.475455,0.048748,0.020198,0.020078,1,1.0,19
1900-01-01 16:25:59.511,0.108756,0.155501,0.177624,188.199119,0.048184,0.020491,0.019992,1,1.0,19
1900-01-01 16:26:03.662,0.106213,0.15102,0.172991,186.582435,0.047956,0.020698,0.019586,1,1.0,19
1900-01-01 16:26:07.759,0.102683,0.144936,0.166948,183.155506,0.047101,0.020126,0.019657,1,1.0,19
1900-01-01 16:26:11.911,0.099771,0.140238,0.16171,180.093514,0.046735,0.02037,0.020069,1,1.0,19
1900-01-01 16:26:16.062,0.097319,0.135652,0.157064,177.503788,0.046276,0.019952,0.019751,1,1.0,19
1900-01-01 16:26:20.210,0.095717,0.13196,0.152799,175.125049,0.046379,0.020034,0.02,1,1.0,19
1900-01-01 16:26:24.361,0.093251,0.12765,0.148534,171.963235,0.045074,0.020157,0.020034,1,1.0,19
1900-01-01 16:26:28.510,0.090197,0.123624,0.144487,168.794427,0.045603,0.019926,0.020029,1,1.0,19
1900-01-01 16:26:32.660,0.087315,0.11873,0.138959,164.508424,0.045098,0.02032,0.020052,1,1.0,19
1900-01-01 16:26:36.810,0.08237,0.109571,0.128348,154.249456,0.044391,0.021241,0.020059,1,1.0,19
1900-01-01 16:26:40.959,0.081234,0.108004,0.126962,148.471546,0.046113,0.022919,0.024022,1,1.0,19
1900-01-01 16:26:45.057,0.082303,0.112678,0.131946,158.07359,0.043418,0.019603,0.01999,1,1.0,19
1900-01-01 16:26:49.257,0.079744,0.10824,0.127389,153.389686,0.042477,0.020344,0.020116,1,1.0,19
1900-01-01 16:26:53.457,0.077735,0.104408,0.12343,148.843264,0.041769,0.020184,0.019933,1,1.0,19
1900-01-01 16:26:57.609,0.07607,0.101321,0.11979,145.342243,0.041059,0.020103,0.019792,1,1.0,19
1900-01-01 16:27:01.759,0.074865,0.098585,0.117219,142.077298,0.041168,0.020534,0.019863,1,1.0,19
1900-01-01 16:27:05.908,0.073431,0.096686,0.114912,138.968065,0.039537,0.01993,0.019618,1,1.0,19
1900-01-01 16:27:10.057,0.072424,0.094504,0.1121,136.194181,0.039329,0.020518,0.019856,1,1.0,19
1900-01-01 16:27:14.255,0.071207,0.092704,0.110635,133.944854,0.039116,0.020175,0.01949,1,1.0,19
1900-01-01 16:27:18.407,0.070477,0.091772,0.109591,132.718321,0.038868,0.020324,0.01982,1,1.0,19
1900-01-01 16:27:22.558,0.070034,0.091203,0.108892,132.18779,0.038833,0.019947,0.02,1,1.0,19
1900-01-01 16:27:26.807,0.069909,0.090813,0.108452,132.388341,0.039133,0.020592,0.020011,1,1.0,19
1900-01-01 16:27:30.956,0.067802,0.088469,0.106351,132.074831,0.038946,0.020422,0.020031,1,1.0,19
1900-01-01 16:27:35.106,0.066323,0.085617,0.102995,128.864473,0.037727,0.020095,0.020062,1,1.0,19
1900-01-01 16:27:39.255,0.064985,0.083383,0.100269,123.891815,0.03779,0.020172,0.020262,1,1.0,19
1900-01-01 16:27:43.454,0.064391,0.082057,0.099191,120.440256,0.037572,0.02021,0.020121,1,1.0,19
1900-01-01 16:27:47.606,0.064614,0.083498,0.100258,122.409788,0.03742,0.020356,0.020127,1,1.0,19
1900-01-01 16:27:51.754,0.064573,0.084023,0.100958,123.736139,0.037988,0.020162,0.020205,1,1.0,19
1900-01-01 16:27:55.905,0.064781,0.084228,0.101232,124.60616,0.03855,0.0208,0.020142,1,1.0,19
1900-01-01 16:28:00.103,0.062579,0.079421,0.095589,116.827562,0.037345,0.020602,0.020537,1,1.0,19
1900-01-01 16:28:04.254,0.070284,0.100438,0.121127,159.916678,0.062733,0.041267,0.042277,1,1.0,19
1900-01-01 16:28:08.404,0.069373,0.095422,0.114414,159.556171,0.041384,0.020104,0.020793,1,1.0,19
1900-01-01 16:28:12.703,0.068487,0.092108,0.110666,153.330187,0.040287,0.020875,0.020009,1,1.0,19
1900-01-01 16:28:16.954,0.067762,0.089338,0.107522,149.231572,0.03937,0.020553,0.019932,1,1.0,19
1900-01-01 16:28:21.151,0.06621,0.085108,0.103443,143.852098,0.038513,0.019968,0.019515,1,1.0,19
1900-01-01 16:28:25.404,0.065021,0.081713,0.099209,137.305616,0.037654,0.020116,0.020207,1,1.0,19
1900-01-01 16:28:29.750,0.063145,0.077565,0.094042,128.215323,0.036167,0.020317,0.020348,1,1.0,19
1900-01-01 16:28:34.050,0.061503,0.073321,0.089254,118.023638,0.034852,0.020138,0.020459,1,1.0,19
