Time,Temperature TS outlet (Mean),Temperature TS inlet (Mean),Bypass temperature (Mean),Tank temperature (Mean),TS outlet pressure (Mean),TS inlet pressure (Mean),Pump outlet pressure (Mean),Flow rate (Mean),Plug,Plug_future
1900-01-01 14:51:06.330,22.084809,23.496209,22.423823,22.306702,-0.001149,-0.000124,0.037587,1.127421,0,0.0
1900-01-01 14:51:07.330,22.086515,23.472452,22.425135,22.309064,-0.001296,-0.000103,0.037991,1.004836,0,0.0
1900-01-01 14:51:08.330,22.086122,23.48164,22.424741,22.308014,-0.001181,-3.5e-05,0.038083,0.948259,0,0.0
1900-01-01 14:51:09.330,22.088222,23.485972,22.425135,22.310245,-0.00096,4.4e-05,0.038221,1.103847,0,0.0
1900-01-01 14:51:10.330,22.084546,23.490697,22.424085,22.312214,-0.001223,7.5e-05,0.037973,1.094418,0,0.0
1900-01-01 14:51:11.330,22.09216,23.488728,22.424479,22.310114,-0.000987,4.4e-05,0.037835,0.985977,0,0.0
1900-01-01 14:51:12.330,22.09216,23.487153,22.424085,22.31077,-0.001107,-0.000245,0.037624,0.990692,0,0.0
1900-01-01 14:51:13.330,22.092422,23.47744,22.424348,22.309983,-0.000913,-0.000219,0.037844,1.188714,0,0.0
1900-01-01 14:51:14.330,22.091241,23.473371,22.424873,22.305783,-0.001071,-0.000276,0.037771,1.136851,0,0.0
1900-01-01 14:51:15.330,22.094654,23.478228,22.424741,22.309458,-0.000987,1.2e-05,0.037854,1.061414,0,0.0
1900-01-01 14:51:16.330,22.095835,23.480984,22.425792,22.313001,-0.001102,8.1e-05,0.038157,1.014266,0,0.0
1900-01-01 14:51:17.330,22.096622,23.485053,22.423954,22.306308,-0.001076,-3.5e-05,0.037697,1.122707,0,0.0
1900-01-01 14:51:18.330,22.095572,23.489778,22.425923,22.313526,-0.000997,0.000123,0.03778,1.150995,0,0.0
1900-01-01 14:51:19.330,22.094785,23.477178,22.426579,22.311033,-0.001197,-0.000224,0.037991,0.905825,0,0.0
1900-01-01 14:51:20.330,22.094391,23.467858,22.428155,22.31077,-0.000866,7.5e-05,0.0379,1.042555,0,0.0
1900-01-01 14:51:21.330,22.095047,23.482165,22.434718,22.311295,-0.001013,6e-05,0.037762,1.264151,0,0.0
1900-01-01 14:51:22.330,22.097804,23.479934,22.434193,22.308014,-0.001008,3.3e-05,0.037688,0.929399,0,0.0
1900-01-01 14:51:23.330,22.097935,23.480459,22.435243,22.309458,-0.001102,-9.3e-05,0.03801,1.103847,0,0.0
1900-01-01 14:51:24.330,22.09741,23.484003,22.438656,22.309458,-0.000997,-0.000308,0.038019,1.132136,0,0.0
1900-01-01 14:51:25.330,22.099116,23.474421,22.439444,22.308933,-0.000918,-0.000334,0.038083,0.886966,0,0.0
1900-01-01 14:51:26.330,22.10266,23.486234,22.441807,22.309458,-0.001071,8.1e-05,0.038028,1.000122,0,0.0
1900-01-01 14:51:27.330,22.104498,23.484265,22.443776,22.315101,-0.00085,0.000207,0.03801,1.004836,0,0.0
1900-01-01 14:51:28.330,22.105286,23.47534,22.448108,22.312083,-0.000871,0.000159,0.038001,1.02841,0,0.0
1900-01-01 14:51:29.330,22.106598,23.479671,22.444958,22.313133,-0.00084,-3e-06,0.037789,1.132136,0,0.0
1900-01-01 14:51:30.330,22.104629,23.483215,22.448633,22.309589,-0.000971,-0.000192,0.037624,1.089703,0,0.0
1900-01-01 14:51:31.330,22.105154,23.481771,22.448764,22.310245,-0.000876,0.000117,0.038065,1.108562,0,0.0
1900-01-01 14:51:32.330,22.104629,23.482953,22.450996,22.310508,-0.000945,-8.7e-05,0.037964,1.108562,0,0.0
1900-01-01 14:51:33.330,22.105942,23.482559,22.448239,22.309064,-0.00106,-0.00025,0.037716,1.193429,0,0.0
1900-01-01 14:51:34.330,22.106205,23.471534,22.451521,22.312083,-0.000824,-0.000177,0.037734,0.976548,0,0.0
1900-01-01 14:51:35.330,22.105679,23.481246,22.455328,22.308408,-0.000887,2.8e-05,0.037615,1.084988,0,0.0
1900-01-01 14:51:36.330,22.109486,23.485709,22.448633,22.31287,-0.000955,-6.6e-05,0.037633,1.141566,0,0.0
1900-01-01 14:51:37.330,22.105417,23.47744,22.454803,22.312214,-0.000918,-0.000145,0.037606,1.099133,0,0.0
1900-01-01 14:51:38.330,22.103448,23.483084,22.454541,22.310376,-0.000813,1.2e-05,0.0379,1.056699,0,0.0
1900-01-01 14:51:39.330,22.108042,23.477178,22.45139,22.310114,-0.000855,-0.00015,0.03812,1.226432,0,0.0
1900-01-01 14:51:40.330,22.108436,23.477178,22.450471,22.309983,-0.000892,-6.1e-05,0.037973,1.212288,0,0.0
1900-01-01 14:51:41.330,22.102267,23.477965,22.448108,22.309326,-0.000792,0.000102,0.037798,0.985977,0,0.0
1900-01-01 14:51:42.330,22.101479,23.492403,22.443907,22.306177,-0.000866,7.5e-05,0.03789,1.03784,0,0.0
1900-01-01 14:51:43.330,22.104236,23.487678,22.441544,22.30867,-0.000845,-0.000234,0.037909,0.967118,0,0.0
1900-01-01 14:51:44.330,22.104761,23.485053,22.440626,22.308933,-0.000703,-0.000308,0.037771,1.014266,0,0.0
1900-01-01 14:51:45.330,22.105417,23.473371,22.438394,22.309326,-0.000945,-0.000492,0.038184,1.018981,0,0.0
1900-01-01 14:51:46.330,22.103186,23.474815,22.43905,22.30972,-0.000887,-0.000465,0.037835,1.080273,0,0.0
1900-01-01 14:51:47.330,22.098066,23.474027,22.441544,22.30867,-0.000997,-0.000381,0.037854,1.103847,0,0.0
1900-01-01 14:51:48.330,22.100823,23.477834,22.438394,22.307752,-0.001018,-0.000408,0.037936,1.033125,0,0.0
1900-01-01 14:51:49.330,22.104104,23.489384,22.439444,22.310245,-0.000866,-0.000329,0.038001,1.226432,0,0.0
1900-01-01 14:51:50.330,22.101873,23.484397,22.438788,22.227821,-0.000966,-6.1e-05,0.038488,1.080273,0,0.0
1900-01-01 14:51:51.330,22.106992,23.471271,22.434456,21.595726,-0.001092,0.000275,0.038589,1.023696,0,0.0
1900-01-01 14:51:52.330,22.106598,23.46694,22.437475,20.143324,-0.001207,0.00017,0.038396,1.02841,0,0.0
1900-01-01 14:51:53.330,22.107648,23.476128,22.439182,18.100564,-0.001008,8.1e-05,0.038653,1.113277,0,0.0
1900-01-01 14:51:54.330,22.100167,23.471009,22.437475,15.776013,-0.000918,0.00018,0.038377,1.094418,0,0.0
1900-01-01 14:51:55.330,22.108961,23.473765,22.4359,13.291075,-0.001023,0.000123,0.038359,1.023696,0,0.0
1900-01-01 14:51:56.330,22.110142,23.465758,22.43078,10.710194,-0.000908,-9.3e-05,0.038037,1.080273,0,0.0
1900-01-01 14:51:57.330,22.114737,23.454077,22.432355,8.128132,-0.001002,5.4e-05,0.041014,1.066129,0,0.0
1900-01-01 14:51:58.330,22.111586,23.447777,22.430124,5.59227,-0.000761,-2.4e-05,0.046039,1.080273,0,0.0
1900-01-01 14:51:59.330,22.110011,23.448302,22.42566,3.175451,-0.001018,-2.4e-05,0.050073,1.023696,0,0.0
1900-01-01 14:52:00.330,22.112899,23.449483,22.427104,0.945661,-0.00106,-5.1e-05,0.053362,1.080273,0,0.0
1900-01-01 14:52:01.330,22.11303,23.43032,22.427498,-1.094868,-0.000866,-0.000439,0.05802,1.080273,0,0.0
1900-01-01 14:52:02.330,22.112899,23.389237,22.42566,-2.905448,-0.000882,-0.000135,0.05915,1.014266,0,0.0
1900-01-01 14:52:03.330,22.110536,23.148254,22.422116,-4.508917,-0.001202,0.009873,0.062714,1.03784,0,0.0
1900-01-01 14:52:04.330,22.115655,22.665632,22.423823,-5.903307,0.002311,0.009589,0.063394,1.202858,0,0.0
1900-01-01 14:52:05.330,22.116312,22.031937,22.423297,-7.052523,0.007052,0.011191,0.063798,1.16514,0,0.0
1900-01-01 14:52:06.330,22.115524,21.309119,22.422379,-8.012478,0.009945,0.012351,0.064405,0.957688,0,0.0
1900-01-01 14:52:07.330,22.113424,20.542857,22.41844,-8.776216,0.011357,0.012734,0.064497,1.02841,0,0.0
1900-01-01 14:52:08.330,22.114605,19.791557,22.416471,-9.404768,0.010968,0.012535,0.064855,1.150995,0,0.0
1900-01-01 14:52:09.330,22.110405,19.110872,22.415946,-9.906927,0.012664,0.01484,0.069182,1.127421,0,0.0
1900-01-01 14:52:10.330,22.110536,18.474158,22.416077,-10.31288,0.016387,0.018221,0.070707,1.004836,0,0.0
1900-01-01 14:52:11.330,22.112374,17.87275,22.413452,-10.64494,0.019495,0.021823,0.074336,1.150995,0,0.0
1900-01-01 14:52:12.330,22.109617,17.2783,22.411483,-10.919382,0.021238,0.023382,0.076339,1.099133,0,0.0
1900-01-01 14:52:13.330,22.106992,16.70695,22.410433,-11.138699,0.02275,0.024432,0.075907,1.132136,0,0.0
1900-01-01 14:52:14.330,22.10673,16.185476,22.403869,-11.298691,0.024714,0.02627,0.078912,1.070844,0,0.0
1900-01-01 14:52:15.330,22.110274,15.668203,22.403081,-11.448447,0.02599,0.027514,0.078902,1.221718,0,0.0
1900-01-01 14:52:16.330,22.110011,15.178494,22.400981,-11.543733,0.026783,0.027981,0.080133,1.094418,0,0.0
1900-01-01 14:52:17.330,22.10883,14.745092,22.401112,-11.635345,0.027586,0.028926,0.081557,1.061414,0,0.0
1900-01-01 14:52:18.330,22.108567,14.324159,22.401769,-11.696376,0.028478,0.029262,0.080979,1.122707,0,0.0
1900-01-01 14:52:19.330,22.103579,13.95586,22.395074,-11.732338,0.028757,0.029646,0.081732,1.056699,0,0.0
1900-01-01 14:52:20.330,22.103711,13.633368,22.398487,-11.764757,0.028053,0.029399,0.081815,1.094418,0,0.0
1900-01-01 14:52:21.330,22.103973,13.32072,22.391529,-11.773682,0.027791,0.029126,0.081576,0.891681,0,0.0
1900-01-01 14:52:22.330,22.108042,13.056243,22.391004,-11.7641,0.027612,0.029173,0.08187,1.099133,0,0.0
1900-01-01 14:52:23.330,22.106992,12.76814,22.388116,-11.751369,0.028389,0.029977,0.081971,0.976548,0,0.0
1900-01-01 14:52:24.330,22.106598,12.531094,22.387722,-11.791794,0.02957,0.030538,0.083367,0.948259,0,0.0
1900-01-01 14:52:25.330,22.105548,12.312294,22.391267,-11.93433,0.0306,0.032344,0.084635,1.056699,0,0.0
1900-01-01 14:52:26.330,22.101217,12.112525,22.388379,-12.191447,0.03239,0.033972,0.085931,1.000122,0,0.0
1900-01-01 14:52:27.330,22.099248,11.931394,22.392448,-12.51642,0.033577,0.034959,0.087254,1.099133,0,0.0
1900-01-01 14:52:28.330,22.099116,11.760632,22.388247,-12.908198,0.034905,0.03572,0.087667,0.990692,0,0.0
1900-01-01 14:52:29.330,22.100167,11.598533,22.392579,-13.315989,0.03511,0.036046,0.088071,1.117992,0,0.0
1900-01-01 14:52:30.330,22.093341,11.425933,22.39468,-13.738742,0.035551,0.037338,0.089835,1.094418,0,0.0
1900-01-01 14:52:31.330,22.09741,11.236927,22.372626,-14.16097,0.037577,0.038571,0.091792,1.099133,0,0.0
1900-01-01 14:52:32.330,22.085071,11.089135,22.393761,-14.537261,0.037325,0.038466,0.091728,1.075559,0,0.0
1900-01-01 14:52:33.330,22.091897,10.938586,22.387854,-14.915258,0.037898,0.038991,0.091516,1.103847,0,0.0
1900-01-01 14:52:34.330,22.097016,10.777275,22.393105,-15.240231,0.038391,0.040063,0.091875,1.117992,0,0.0
1900-01-01 14:52:35.330,22.090847,10.615701,22.391267,-15.512179,0.039058,0.040393,0.093179,1.070844,0,0.0
1900-01-01 14:52:36.330,22.091766,10.443889,22.385491,-15.790427,0.039184,0.040283,0.092536,1.099133,0,0.0
1900-01-01 14:52:37.330,22.093078,10.284677,22.390348,-15.989006,0.039179,0.040483,0.092692,1.004836,0,0.0
1900-01-01 14:52:38.330,22.089534,10.129797,22.385753,-16.150574,0.039163,0.040651,0.092821,1.103847,0,0.0
1900-01-01 14:52:39.330,22.084546,9.978592,22.384834,-16.259773,0.039357,0.040619,0.092656,0.943544,0,0.0
1900-01-01 14:52:40.330,22.080871,9.867026,22.38234,-16.34981,0.046876,0.049235,0.102514,0.882251,0,0.0
1900-01-01 14:52:41.330,22.08494,9.733409,22.385228,-16.415697,0.083502,0.160686,0.243208,1.004836,0,0.0
1900-01-01 14:52:42.330,22.073783,9.624074,22.374464,-16.452053,0.128094,0.372582,0.490134,0.943544,0,0.0
1900-01-01 14:52:43.330,22.090322,9.432706,22.381159,-16.414384,0.131795,0.398524,0.516382,1.051984,0,0.0
1900-01-01 14:52:44.330,22.090847,9.129639,22.381815,-16.292585,0.133381,0.400425,0.516235,1.070844,0,0.0
1900-01-01 14:52:45.330,22.100692,8.704638,22.383128,-16.067231,0.133617,0.400672,0.517172,0.938829,0,0.0
1900-01-01 14:52:46.330,22.080346,8.131713,22.370263,-15.771527,0.132809,0.397952,0.514563,0.981262,0,0.0
1900-01-01 14:52:47.330,22.087434,7.422546,22.374858,-15.415711,0.132446,0.397107,0.513653,0.698374,0,0.0
1900-01-01 14:52:48.330,22.087828,6.556924,22.377352,-15.054513,0.133297,0.397112,0.513727,1.169855,0,0.0
1900-01-01 14:52:49.330,22.097935,5.607824,22.373807,-14.740566,0.133376,0.397721,0.51381,1.160425,0,0.0
1900-01-01 14:52:50.330,22.091897,4.663056,22.374595,-14.426881,0.133407,0.397138,0.51437,1.009551,0,0.0
1900-01-01 14:52:51.330,22.083628,3.763964,22.371444,-14.135901,0.133271,0.398094,0.515564,0.943544,0,0.0
1900-01-01 14:52:52.330,22.083365,2.993895,22.364356,-13.864347,0.133397,0.398136,0.515041,1.103847,0,0.0
1900-01-01 14:52:53.330,22.083759,2.376737,22.362912,-13.594237,0.132751,0.398083,0.516244,1.061414,0,0.0
1900-01-01 14:52:54.330,22.088222,1.91236,22.366587,-13.339614,0.133103,0.399574,0.517044,0.886966,0,0.0
1900-01-01 14:52:55.330,22.084153,1.539072,22.360811,-13.098115,0.132777,0.400094,0.518275,1.004836,0,0.0
1900-01-01 14:52:56.330,22.089797,1.253988,22.364224,-12.834699,0.133176,0.401333,0.519515,1.02841,0,0.0
1900-01-01 14:52:57.330,22.070108,1.074038,22.349653,-12.592019,0.133176,0.400451,0.518954,1.136851,0,0.0
1900-01-01 14:52:58.330,22.080871,0.877551,22.349391,-12.33149,0.133166,0.400252,0.519092,0.952974,0,0.0
1900-01-01 14:52:59.330,22.075489,0.746953,22.350309,-12.060986,0.133916,0.401092,0.5198,1.033125,0,0.0
1900-01-01 14:53:00.330,22.084678,0.674107,22.350309,-11.795206,0.133696,0.403297,0.521095,0.816244,0,0.0
1900-01-01 14:53:01.330,22.087565,0.569234,22.346634,-11.512627,0.133187,0.401464,0.519166,1.075559,0,0.0
1900-01-01 14:53:02.330,22.078115,0.514108,22.338757,-11.235561,0.133922,0.402588,0.52025,1.169855,0,0.0
1900-01-01 14:53:03.330,22.078771,0.454256,22.338101,-10.973063,0.133785,0.401895,0.519313,1.27358,0,0.0
1900-01-01 14:53:04.330,22.089403,0.42118,22.344008,-10.719621,0.133402,0.401144,0.519542,0.726663,0,0.0
1900-01-01 14:53:05.330,22.074439,0.397029,22.331931,-10.477729,0.133276,0.400761,0.518578,0.896396,0,0.0
1900-01-01 14:53:06.330,22.09531,0.382722,22.342827,-10.259593,0.132966,0.39928,0.516373,1.146281,0,0.0
1900-01-01 14:53:07.330,22.077065,0.373009,22.337182,-10.067444,0.132709,0.398025,0.516097,0.891681,0,0.0
1900-01-01 14:53:08.330,22.089272,0.370515,22.333375,-9.850883,0.13231,0.398314,0.51527,1.04727,0,0.0
1900-01-01 14:53:09.330,22.086122,0.37104,22.33692,-9.647579,0.132409,0.395852,0.512193,0.91054,0,0.0
1900-01-01 14:53:10.330,22.081527,0.382853,22.336657,-9.482992,0.13179,0.39445,0.510723,1.089703,0,0.0
1900-01-01 14:53:11.330,22.076802,0.396504,22.333375,-9.281394,0.131606,0.393542,0.510144,0.985977,0,0.0
1900-01-01 14:53:12.330,22.08284,0.392304,22.335607,-9.108014,0.131543,0.392922,0.509152,1.349017,0,0.0
1900-01-01 14:53:13.330,22.091372,0.393616,22.340464,-8.910222,0.131727,0.392775,0.508095,1.132136,0,0.0
1900-01-01 14:53:14.330,22.080084,0.421967,22.336526,-8.763092,0.130703,0.39184,0.507443,1.103847,0,0.0
1900-01-01 14:53:15.330,22.079427,0.446118,22.329437,-8.566087,0.131874,0.390412,0.506037,0.901111,0,0.0
1900-01-01 14:53:16.330,22.081396,0.458062,22.332062,-8.370788,0.131218,0.390171,0.505532,0.976548,0,0.0
1900-01-01 14:53:17.330,22.081527,0.469612,22.333244,-8.150946,0.131076,0.389761,0.50454,1.056699,0,0.0
1900-01-01 14:53:18.330,22.08074,0.480113,22.326943,-8.002635,0.130661,0.389562,0.504806,0.952974,0,0.0
1900-01-01 14:53:19.330,22.072077,0.501245,22.32353,-7.845267,0.130897,0.388989,0.504466,0.79267,0,0.0
1900-01-01 14:53:20.330,22.076539,0.499145,22.324711,-7.703518,0.131396,0.389457,0.504246,1.16514,0,0.0
1900-01-01 14:53:21.330,22.084153,0.51752,22.328912,-7.560982,0.131149,0.390433,0.505936,0.79267,0,0.0
1900-01-01 14:53:22.330,22.091503,0.538652,22.328387,-7.433277,0.13105,0.389457,0.504889,0.764381,0,0.0
1900-01-01 14:53:23.330,22.080477,0.569366,22.321167,-7.31594,0.130456,0.389472,0.504485,1.103847,0,0.0
1900-01-01 14:53:24.330,22.082446,0.560965,22.320773,-7.189022,0.131302,0.390523,0.504696,1.066129,0,0.0
1900-01-01 14:53:25.330,22.077983,0.580391,22.32248,-7.057379,0.131396,0.391751,0.506699,0.773811,0,0.0
1900-01-01 14:53:26.330,22.082577,0.608873,22.319066,-6.890562,0.131239,0.389667,0.504512,0.948259,0,0.0
1900-01-01 14:53:27.330,22.075883,0.62423,22.31631,-6.720988,0.131097,0.390181,0.505872,0.976548,0,0.0
1900-01-01 14:53:28.330,22.091897,0.642343,22.326286,-6.52569,0.130546,0.390927,0.506248,1.056699,0,0.0
1900-01-01 14:53:29.330,22.088747,0.645624,22.322611,-6.361235,0.131533,0.391053,0.506772,1.117992,0,0.0
1900-01-01 14:53:30.330,22.086122,0.650743,22.325105,-6.227229,0.131002,0.390643,0.506644,1.02841,0,0.0
1900-01-01 14:53:31.330,22.093603,0.660325,22.323398,-6.08653,0.131118,0.391126,0.506322,0.985977,0,0.0
1900-01-01 14:53:32.330,22.095572,0.675682,22.328518,-5.942025,0.1319,0.392334,0.506956,1.04727,0,0.0
1900-01-01 14:53:33.330,22.090716,0.697076,22.330487,-5.809857,0.130645,0.39089,0.506285,0.962403,0,0.0
1900-01-01 14:53:34.330,22.098198,0.708889,22.329174,-5.681758,0.131412,0.39099,0.505991,1.023696,0,0.0
1900-01-01 14:53:35.330,22.095572,0.712564,22.332719,-5.555628,0.131753,0.391541,0.506248,1.070844,0,0.0
1900-01-01 14:53:36.330,22.080871,0.738552,22.325105,-5.422673,0.131317,0.39079,0.506634,1.183999,0,0.0
1900-01-01 14:53:37.330,22.094522,0.732252,22.334294,-5.309667,0.131811,0.391441,0.507048,1.033125,0,0.0
1900-01-01 14:53:38.330,22.097016,0.753384,22.340727,-5.194431,0.131722,0.392166,0.507663,1.122707,0,0.0
1900-01-01 14:53:39.330,22.093735,0.770316,22.336132,-5.06515,0.131428,0.391888,0.50736,0.575789,0,0.0
1900-01-01 14:53:40.330,22.089403,0.782129,22.338757,-4.953458,0.131428,0.391483,0.506561,0.825674,0,0.0
1900-01-01 14:53:41.330,22.09321,0.784885,22.343746,-4.838746,0.131291,0.390465,0.506377,0.882251,0,0.0
1900-01-01 14:53:42.330,22.094916,0.797092,22.345452,-4.72784,0.131302,0.390601,0.506745,0.915255,0,0.0
1900-01-01 14:53:43.330,22.092685,0.809036,22.348865,-4.632291,0.131464,0.391725,0.506947,1.084988,0,0.0
1900-01-01 14:53:44.330,22.093078,0.823474,22.351491,-4.477811,0.131722,0.39236,0.508159,0.820959,0,0.0
1900-01-01 14:53:45.330,22.097541,0.836337,22.355298,-4.299312,0.130283,0.388407,0.504347,0.825674,0,0.0
1900-01-01 14:53:46.330,22.095966,0.849987,22.354641,-4.097189,0.129842,0.387614,0.502941,1.066129,0,0.0
1900-01-01 14:53:47.330,22.085334,0.866263,22.350047,-3.872228,0.130288,0.387992,0.502932,1.301869,0,0.0
1900-01-01 14:53:48.330,22.085203,0.854187,22.348078,-3.644117,0.128918,0.385745,0.500029,1.042555,0,0.0
1900-01-01 14:53:49.330,22.091372,0.82938,22.352804,-3.378994,0.128283,0.384605,0.498917,1.136851,0,0.0
1900-01-01 14:53:50.330,22.09951,0.774516,22.356611,-3.182252,0.127784,0.384353,0.499073,1.000122,0,0.0
1900-01-01 14:53:51.330,22.093735,0.736846,22.352804,-2.955585,0.12865,0.383849,0.498283,1.014266,0,0.0
1900-01-01 14:53:52.330,22.090059,0.669775,22.349259,-2.769605,0.127962,0.38251,0.496473,0.849248,0,0.0
1900-01-01 14:53:53.330,22.089928,0.596798,22.349784,-2.611975,0.127096,0.382741,0.496859,0.967118,0,0.0
1900-01-01 14:53:54.330,22.098066,0.50807,22.346503,-2.443976,0.127117,0.382762,0.496363,1.150995,0,0.0
1900-01-01 14:53:55.330,22.089534,0.422623,22.338232,-2.310496,0.127437,0.381707,0.494948,1.04727,0,0.0
1900-01-01 14:53:56.330,22.080871,0.334027,22.337182,-2.195653,0.127868,0.383361,0.496786,1.099133,0,0.0
1900-01-01 14:53:57.330,22.078246,0.252912,22.333375,-2.091441,0.128193,0.38314,0.496363,1.438599,0,0.0
1900-01-01 14:53:58.330,22.077983,0.179934,22.333244,-1.98618,0.127322,0.383776,0.496133,0.877537,0,0.0
1900-01-01 14:53:59.330,22.086515,0.132551,22.3318,-1.89378,0.127306,0.383177,0.494829,1.061414,0,0.0
1900-01-01 14:54:00.330,22.086122,0.098425,22.330356,-1.795344,0.124109,0.37768,0.490005,0.990692,0,0.0
1900-01-01 14:54:01.330,22.092685,0.079918,22.332325,-1.693626,0.120843,0.365746,0.474479,1.009551,0,0.0
1900-01-01 14:54:02.330,22.086122,0.05078,22.329437,-1.60687,0.118617,0.352079,0.457721,0.830388,0,0.0
1900-01-01 14:54:03.330,22.089534,0.054193,22.324974,-1.527989,0.119231,0.353644,0.459899,1.070844,0,0.0
1900-01-01 14:54:04.330,22.098985,0.038967,22.327074,-1.506727,0.116039,0.34276,0.445769,1.070844,0,0.0
1900-01-01 14:54:05.330,22.084415,0.032929,22.316835,-1.487958,0.114023,0.328463,0.429323,0.948259,0,0.0
1900-01-01 14:54:06.330,22.089534,0.035423,22.319723,-1.510402,0.115766,0.333981,0.435387,1.193429,0,0.0
1900-01-01 14:54:07.330,22.091635,-0.002509,22.315653,-1.55437,0.112542,0.32148,0.420017,1.099133,0,0.0
1900-01-01 14:54:08.330,22.079427,0.000772,22.312109,-1.602539,0.111151,0.313719,0.412841,1.023696,0,0.0
1900-01-01 14:54:09.330,22.06932,-0.055405,22.302395,-1.666851,0.107475,0.304878,0.40122,1.009551,0,0.0
1900-01-01 14:54:10.330,22.07759,-0.133632,22.304364,-1.7456,0.106362,0.295637,0.392694,0.849248,0,0.0
1900-01-01 14:54:11.330,22.072995,-0.237192,22.296881,-1.831306,0.108321,0.301255,0.399143,0.825674,0,0.0
1900-01-01 14:54:12.330,22.075489,-0.348233,22.298982,-1.91163,0.107728,0.301675,0.400062,0.934114,0,0.0
1900-01-01 14:54:13.330,22.072208,-0.457699,22.294518,-2.005867,0.106992,0.295296,0.392253,0.948259,0,0.0
1900-01-01 14:54:14.330,22.07969,-0.607985,22.298719,-2.114804,0.109329,0.30105,0.400815,1.127421,0,0.0
1900-01-01 14:54:15.330,22.083496,-0.746721,22.297538,-2.225315,0.109329,0.304353,0.403581,1.17457,0,0.0
1900-01-01 14:54:16.330,22.072602,-0.880076,22.293206,-2.329527,0.107386,0.29675,0.394008,0.929399,0,0.0
1900-01-01 14:54:17.330,22.080871,-1.03955,22.292287,-2.414708,0.107948,0.294928,0.39308,0.877537,0,0.0
1900-01-01 14:54:18.330,22.076539,-1.180779,22.28848,-2.496607,0.106898,0.292287,0.390002,0.769096,0,0.0
1900-01-01 14:54:19.330,22.078902,-1.329753,22.294518,-2.588875,0.109308,0.299827,0.398895,0.962403,0,0.0
1900-01-01 14:54:20.330,22.093472,-1.476495,22.297669,-2.6671,0.112658,0.314155,0.41534,0.773811,0,0.0
1900-01-01 14:54:21.330,22.079296,-1.635181,22.288348,-2.726162,0.112568,0.315757,0.417362,1.122707,0,0.0
1900-01-01 14:54:22.330,22.075883,-1.754492,22.291762,-2.782861,0.114017,0.322052,0.424757,0.853963,0,0.0
1900-01-01 14:54:23.330,22.076408,-1.89139,22.291762,-2.847698,0.115797,0.329812,0.433449,0.816244,0,0.0
1900-01-01 14:54:24.330,22.07969,-1.995475,22.291762,-2.875917,0.116044,0.331209,0.434551,1.150995,0,0.0
1900-01-01 14:54:25.330,22.074833,-2.098903,22.285592,-2.910829,0.11596,0.332595,0.435837,1.29244,0,0.0
1900-01-01 14:54:26.330,22.080477,-2.189993,22.284804,-2.94666,0.117304,0.333661,0.437739,1.070844,0,0.0
1900-01-01 14:54:27.330,22.083103,-2.274784,22.284148,-2.971729,0.116916,0.33565,0.439907,1.160425,0,0.0
1900-01-01 14:54:28.330,22.084546,-2.343167,22.286511,-3.009791,0.117609,0.33659,0.441855,1.023696,0,0.0
1900-01-01 14:54:29.330,22.076802,-2.405382,22.279553,-3.006378,0.117084,0.335761,0.439641,1.16514,0,0.0
1900-01-01 14:54:30.330,22.074571,-2.451977,22.278634,-3.007953,0.116632,0.32936,0.432098,0.938829,0,0.0
1900-01-01 14:54:31.330,22.078115,-2.488991,22.281391,-3.003753,0.117036,0.333136,0.437362,1.061414,0,0.0
1900-01-01 14:54:32.330,22.072733,-2.527579,22.274171,-2.999685,0.116795,0.331823,0.434064,0.981262,0,0.0
1900-01-01 14:54:33.330,22.079821,-2.550811,22.273646,-2.995222,0.11575,0.325585,0.427752,1.018981,0,0.0
1900-01-01 14:54:34.330,22.068664,-2.577719,22.265376,-2.99391,0.115629,0.326116,0.429443,0.778526,0,0.0
1900-01-01 14:54:35.330,22.078771,-2.588088,22.26997,-2.980916,0.116685,0.330736,0.434432,0.952974,0,0.0
1900-01-01 14:54:36.330,22.065776,-2.611582,22.262225,-2.97711,0.116196,0.327575,0.429755,0.915255,0,0.0
1900-01-01 14:54:37.330,22.069714,-2.613551,22.26682,-2.967791,0.115482,0.323743,0.42586,1.004836,0,0.0
1900-01-01 14:54:38.330,22.069976,-2.619457,22.26065,-2.955454,0.115892,0.32568,0.428083,0.938829,0,0.0
1900-01-01 14:54:39.330,22.067614,-2.619851,22.257762,-2.935373,0.114348,0.319763,0.420274,0.957688,0,0.0
1900-01-01 14:54:40.330,22.07037,-2.61867,22.260912,-2.918966,0.114185,0.318581,0.419456,1.023696,0,0.0
1900-01-01 14:54:41.330,22.081265,-2.618539,22.259468,-2.93091,0.116401,0.323806,0.425704,0.872822,0,0.0
1900-01-01 14:54:42.330,22.079165,-2.616307,22.264982,-2.990628,0.116475,0.324583,0.427403,0.712518,0,0.0
1900-01-01 14:54:43.330,22.067351,-2.606332,22.259206,-3.101534,0.115708,0.321747,0.423581,1.141566,0,0.0
1900-01-01 14:54:44.330,22.067482,-2.602788,22.263669,-3.249583,0.117031,0.323617,0.42552,0.962403,0,0.0
1900-01-01 14:54:45.330,22.07037,-2.595438,22.260387,-3.428869,0.115797,0.315846,0.415938,1.051984,0,0.0
1900-01-01 14:54:46.330,22.063151,-2.590844,22.258418,-3.610911,0.116685,0.319358,0.421174,1.179284,0,0.0
1900-01-01 14:54:47.330,22.065776,-2.578769,22.258681,-3.738748,0.113655,0.309183,0.40788,1.254721,0,0.0
1900-01-01 14:54:48.330,22.080215,-2.5768,22.264719,-3.81671,0.111791,0.297459,0.394926,1.004836,0,0.0
1900-01-01 14:54:49.330,22.070764,-2.588875,22.2617,-3.860809,0.114374,0.308028,0.407329,0.6748,0,0.0
1900-01-01 14:54:50.330,22.065645,-2.617357,22.251854,-3.887847,0.115498,0.312654,0.413613,1.136851,0,0.0
1900-01-01 14:54:51.330,22.075752,-2.650433,22.261831,-3.902284,0.118375,0.323569,0.426356,1.287725,0,0.0
1900-01-01 14:54:52.330,22.069189,-2.709892,22.254611,-3.91974,0.11796,0.322251,0.424555,0.830388,0,0.0
1900-01-01 14:54:53.330,22.065645,-2.767119,22.253167,-3.928665,0.120486,0.333377,0.439181,0.952974,0,0.0
1900-01-01 14:54:54.330,22.064988,-2.841408,22.25041,-3.926171,0.125668,0.357928,0.467772,1.316014,0,0.0
1900-01-01 14:54:55.330,22.074308,-2.92213,22.247654,-3.955834,0.133334,0.384632,0.500709,0.896396,0,0.0
1900-01-01 14:54:56.330,22.068795,-3.005214,22.243584,-3.966596,0.148229,0.444066,0.571726,0.721948,0,0.0
1900-01-01 14:54:57.330,22.064332,-3.07596,22.244372,-3.97434,0.15937,0.498041,0.633795,1.075559,0,0.0
1900-01-01 14:54:58.330,22.075883,-3.144606,22.243322,-3.973815,0.16135,0.507334,0.644581,0.995407,0,0.0
1900-01-01 14:54:59.330,22.061707,-3.214302,22.233082,-3.979065,0.16231,0.508888,0.646005,0.929399,0,0.0
1900-01-01 14:55:00.330,22.074177,-3.278354,22.236102,-3.98694,0.162394,0.511104,0.649432,1.014266,0,0.0
1900-01-01 14:55:01.330,22.076671,-3.32088,22.24004,-3.990483,0.164127,0.519121,0.658427,1.023696,0,0.0
1900-01-01 14:55:02.330,22.054619,-3.381914,22.225731,-3.98379,0.16555,0.524072,0.663875,1.04727,0,0.0
1900-01-01 14:55:03.330,22.067351,-3.411708,22.231376,-3.956621,0.166784,0.530572,0.67105,1.070844,0,0.0
1900-01-01 14:55:04.330,22.06407,-3.448197,22.227831,-3.958327,0.168196,0.534967,0.676167,1.202858,0,0.0
1900-01-01 14:55:05.330,22.065776,-3.479829,22.221924,-3.956096,0.169372,0.538537,0.680458,1.051984,0,0.0
1900-01-01 14:55:06.330,22.065251,-3.501486,22.226913,-3.953996,0.170228,0.543856,0.686383,1.217003,0,0.0
1900-01-01 14:55:07.330,22.075227,-3.526031,22.227044,-3.947303,0.16975,0.54216,0.684096,0.896396,0,0.0
1900-01-01 14:55:08.330,22.059607,-3.541519,22.221793,-3.941921,0.170181,0.544249,0.68699,0.995407,0,0.0
1900-01-01 14:55:09.330,22.054225,-3.5448,22.2256,-3.902284,0.170837,0.544423,0.686733,1.212288,0,0.0
1900-01-01 14:55:10.330,22.0516,-3.564095,22.22153,-3.960559,0.171399,0.544381,0.68766,0.764381,0,0.0
1900-01-01 14:55:11.330,22.054356,-3.563045,22.222318,-4.051383,0.172365,0.548319,0.692833,0.981262,0,0.0
1900-01-01 14:55:12.330,22.054356,-3.560157,22.217723,-4.121601,0.169803,0.538128,0.677674,0.943544,0,0.0
1900-01-01 14:55:13.330,22.056982,-3.560288,22.226913,-4.22345,0.160509,0.49656,0.63103,0.877537,0,0.0
1900-01-01 14:55:14.330,22.055669,-3.569082,22.223893,-4.303512,0.159396,0.488863,0.622422,0.66537,0,0.0
1900-01-01 14:55:15.330,22.055931,-3.57302,22.223893,-4.428724,0.16,0.488779,0.622504,0.863392,0,0.0
1900-01-01 14:55:16.330,22.052387,-3.590477,22.223237,-4.49973,0.158472,0.484395,0.616312,1.146281,0,0.0
1900-01-01 14:55:17.330,22.066957,-3.614234,22.222974,-4.571785,0.159449,0.488585,0.622137,0.726663,0,0.0
1900-01-01 14:55:18.330,22.054356,-3.653873,22.221662,-4.595935,0.159932,0.491231,0.625077,0.905825,0,0.0
1900-01-01 14:55:19.330,22.044905,-3.70073,22.221662,-4.619954,0.161617,0.496565,0.632169,0.863392,0,0.0
1900-01-01 14:55:20.330,22.048581,-3.766882,22.213654,-4.646072,0.163408,0.504289,0.640943,1.014266,0,0.0
1900-01-01 14:55:21.330,22.053306,-3.827128,22.217855,-4.669697,0.163114,0.5038,0.640153,0.726663,0,0.0
1900-01-01 14:55:22.330,22.041361,-3.903649,22.209059,-4.690303,0.16377,0.503932,0.640328,1.160425,0,0.0
1900-01-01 14:55:23.330,22.042805,-3.966258,22.205384,-4.716947,0.166721,0.516512,0.654605,1.113277,0,0.0
1900-01-01 14:55:24.330,22.046349,-4.03346,22.204859,-4.785065,0.169131,0.523164,0.662395,1.000122,0,0.0
1900-01-01 14:55:25.330,22.044774,-4.095543,22.202889,-4.889277,0.170622,0.528299,0.666723,0.618222,0,0.0
1900-01-01 14:55:26.330,22.051469,-4.146339,22.201708,-4.96947,0.170433,0.526892,0.664885,1.02841,0,0.0
1900-01-01 14:55:27.330,22.051206,-4.196609,22.206434,-5.062657,0.168632,0.522019,0.659942,0.731378,0,0.0
1900-01-01 14:55:28.330,22.036242,-4.253967,22.192913,-5.123819,0.164526,0.503806,0.639198,0.886966,0,0.0
1900-01-01 14:55:29.330,22.039655,-4.302006,22.196457,-5.14915,0.165891,0.505601,0.642606,1.023696,0,0.0
1900-01-01 14:55:30.330,22.037555,-4.352933,22.19672,-5.172381,0.166763,0.512379,0.649882,1.132136,0,0.0
1900-01-01 14:55:31.330,22.040443,-4.409635,22.196195,-5.194037,0.167744,0.515897,0.653107,0.990692,0,0.0
1900-01-01 14:55:32.330,22.03493,-4.47815,22.186743,-5.225012,0.167471,0.514648,0.652014,0.886966,0,0.0
1900-01-01 14:55:33.330,22.046218,-4.531307,22.189106,-5.243518,0.166626,0.511266,0.649616,1.193429,0,0.0
1900-01-01 14:55:34.330,22.039524,-4.586172,22.188449,-5.25008,0.170123,0.523342,0.662625,0.886966,0,0.0
1900-01-01 14:55:35.330,22.045037,-4.641561,22.186218,-5.259268,0.170795,0.529727,0.66946,1.070844,0,0.0
1900-01-01 14:55:36.330,22.030992,-4.695769,22.174928,-5.266093,0.171021,0.531312,0.670287,0.825674,0,0.0
1900-01-01 14:55:37.330,22.032304,-4.734883,22.176766,-5.274099,0.171766,0.533985,0.674155,1.108562,0,0.0
1900-01-01 14:55:38.330,22.044905,-4.769928,22.180573,-5.288011,0.172685,0.535697,0.675662,0.91997,0,0.0
1900-01-01 14:55:39.330,22.034798,-4.805366,22.170859,-5.303892,0.171414,0.532032,0.671868,1.02841,0,0.0
1900-01-01 14:55:40.330,22.037817,-4.829911,22.171515,-5.341167,0.170889,0.52832,0.667458,1.169855,0,0.0
1900-01-01 14:55:41.330,22.027316,-4.862068,22.164426,-5.360329,0.169498,0.519399,0.65726,0.91997,0,0.0
1900-01-01 14:55:42.330,22.029023,-4.888057,22.160226,-5.399967,0.167755,0.514947,0.651508,0.835103,0,0.0
1900-01-01 14:55:43.330,22.017209,-4.92612,22.156813,-5.411648,0.167897,0.51061,0.647843,0.79267,0,0.0
1900-01-01 14:55:44.330,22.048843,-4.945152,22.172565,-5.454041,0.168795,0.51595,0.653778,1.023696,0,0.0
1900-01-01 14:55:45.330,22.036899,-4.987679,22.163507,-5.480816,0.169629,0.516627,0.654972,1.009551,0,0.0
1900-01-01 14:55:46.330,22.033092,-5.034799,22.159701,-5.509822,0.170564,0.522565,0.659685,1.089703,0,0.0
1900-01-01 14:55:47.330,22.032304,-5.077194,22.163376,-5.533709,0.170107,0.517667,0.65613,0.901111,0,0.0
1900-01-01 14:55:48.330,22.031911,-5.114995,22.153662,-5.555891,0.170385,0.519457,0.657618,1.018981,0,0.0
1900-01-01 14:55:49.330,22.024429,-5.150959,22.15038,-5.555234,0.172606,0.530331,0.66992,1.009551,0,0.0
1900-01-01 14:55:50.330,22.029942,-5.174585,22.147755,-5.578597,0.171698,0.528472,0.667862,0.948259,0,0.0
1900-01-01 14:55:51.330,22.041755,-5.193223,22.155631,-5.586734,0.17247,0.528798,0.66721,0.693659,0,0.0
1900-01-01 14:55:52.330,22.017866,-5.232993,22.142766,-5.593034,0.173047,0.534373,0.674275,1.367877,0,0.0
1900-01-01 14:55:53.330,22.012484,-5.2536,22.136071,-5.591065,0.173116,0.533712,0.673439,1.075559,0,0.0
1900-01-01 14:55:54.330,22.022722,-5.270925,22.138172,-5.597759,0.173163,0.533544,0.673227,0.769096,0,0.0
1900-01-01 14:55:55.330,22.024035,-5.277226,22.135021,-5.602484,0.173184,0.535644,0.675763,1.212288,0,0.0
1900-01-01 14:55:56.330,22.018916,-5.28812,22.133446,-5.591328,0.173121,0.533617,0.673439,0.825674,0,0.0
1900-01-01 14:55:57.330,22.015634,-5.29862,22.125832,-5.587522,0.172785,0.534583,0.67501,1.018981,0,0.0
1900-01-01 14:55:58.330,22.025873,-5.300064,22.131083,-5.595659,0.173641,0.536715,0.677086,0.844533,0,0.0
1900-01-01 14:55:59.330,22.025347,-5.303345,22.129376,-5.586603,0.173604,0.537944,0.679227,0.924685,0,0.0
1900-01-01 14:56:00.330,22.026791,-5.305577,22.126488,-5.571772,0.174281,0.540926,0.682231,0.948259,0,0.0
1900-01-01 14:56:01.330,22.018128,-5.306627,22.120712,-5.575578,0.17624,0.548439,0.689838,0.787955,0,0.0
1900-01-01 14:56:02.330,22.017603,-5.30597,22.116118,-5.561009,0.176917,0.551658,0.693908,0.985977,0,0.0
1900-01-01 14:56:03.330,22.026135,-5.299801,22.12255,-5.56534,0.176954,0.552193,0.69468,0.835103,0,0.0
1900-01-01 14:56:04.330,22.012746,-5.301508,22.111261,-5.554709,0.176413,0.554834,0.697619,0.962403,0,0.0
1900-01-01 14:56:05.330,22.026135,-5.29232,22.112836,-5.543291,0.177053,0.553558,0.695874,1.245292,0,0.0
1900-01-01 14:56:06.330,22.014322,-5.291401,22.106272,-5.525966,0.178313,0.557586,0.700559,1.099133,0,0.0
1900-01-01 14:56:07.330,22.009071,-5.288514,22.108898,-5.538434,0.177326,0.555911,0.698134,1.212288,0,0.0
1900-01-01 14:56:08.330,22.023641,-5.276176,22.111523,-5.530822,0.178051,0.557386,0.700082,0.896396,0,0.0
1900-01-01 14:56:09.330,22.019178,-5.272763,22.103647,-5.529116,0.178088,0.55767,0.700752,0.712518,0,0.0
1900-01-01 14:56:10.330,22.007496,-5.270007,22.097083,-5.505491,0.178776,0.560447,0.704225,1.03784,0,0.0
1900-01-01 14:56:11.330,22.004477,-5.270269,22.095639,-5.50326,0.180303,0.56879,0.713771,1.080273,0,0.0
1900-01-01 14:56:12.330,22.015765,-5.252025,22.096033,-5.490529,0.186415,0.59039,0.740643,0.78324,0,0.0
1900-01-01 14:56:13.330,22.001327,-5.251762,22.091701,-5.485541,0.194726,0.624444,0.782014,0.764381,0,0.0
1900-01-01 14:56:14.330,22.006708,-5.244806,22.086844,-5.467166,0.215822,0.713376,0.887282,0.985977,0,0.0
1900-01-01 14:56:15.330,22.021147,-5.221049,22.101153,-5.452204,0.235233,0.803263,0.992586,0.797385,0,0.0
1900-01-01 14:56:16.330,22.00579,-5.223411,22.088419,-5.43606,0.240551,0.831263,1.026294,0.915255,0,0.0
1900-01-01 14:56:17.330,21.987019,-5.227874,22.078049,-5.451416,0.24609,0.853368,1.050668,1.042555,0,0.0
1900-01-01 14:56:18.330,22.008809,-5.197554,22.089338,-5.436191,0.249031,0.864924,1.065294,0.901111,0,0.0
1900-01-01 14:56:19.330,21.999095,-5.200704,22.076079,-5.423854,0.249235,0.8681,1.067756,0.976548,0,0.0
1900-01-01 14:56:20.330,21.994764,-5.191254,22.077392,-5.401017,0.248894,0.871497,1.072065,1.207573,0,0.0
1900-01-01 14:56:21.330,21.989776,-5.17616,22.075817,-5.390648,0.250595,0.877289,1.078818,1.099133,0,0.0
1900-01-01 14:56:22.330,21.987675,-5.173141,22.075292,-5.369254,0.249592,0.876417,1.07823,1.080273,0,0.0
1900-01-01 14:56:23.330,21.992138,-5.160016,22.076736,-5.386448,0.251199,0.877163,1.07902,0.957688,0,0.0
1900-01-01 14:56:24.330,22.014059,-5.140459,22.08855,-5.370698,0.250952,0.874259,1.076429,1.004836,0,0.0
1900-01-01 14:56:25.330,22.007496,-5.132058,22.0875,-5.351667,0.251624,0.879625,1.082337,1.075559,0,0.0
1900-01-01 14:56:26.330,22.004608,-5.127596,22.089075,-5.341955,0.250627,0.881242,1.084532,0.929399,0,0.0
1900-01-01 14:56:27.330,22.001589,-5.112895,22.09052,-5.32463,0.251404,0.882277,1.085809,1.014266,0,0.0
1900-01-01 14:56:28.330,22.00067,-5.104626,22.0875,-5.319774,0.250753,0.880449,1.083641,0.929399,0,0.0
1900-01-01 14:56:29.330,22.00684,-5.091632,22.088813,-5.310849,0.250837,0.880801,1.08366,1.023696,0,0.0
1900-01-01 14:56:30.330,22.011959,-5.086513,22.093014,-5.302974,0.250034,0.878228,1.081308,0.976548,0,0.0
1900-01-01 14:56:31.330,21.993976,-5.081,22.090257,-5.293917,0.251073,0.8793,1.082291,0.971833,0,0.0
1900-01-01 14:56:32.330,22.013796,-5.062625,22.101415,-5.273705,0.251509,0.881851,1.084597,1.320729,0,0.0
1900-01-01 14:56:33.330,22.006446,-5.0558,22.098921,-5.258874,0.251945,0.883579,1.085598,1.264151,0,0.0
1900-01-01 14:56:34.330,22.023641,-5.038343,22.111523,-5.27423,0.251887,0.881085,1.085424,0.6748,0,0.0
1900-01-01 14:56:35.330,21.997126,-5.045693,22.096296,-5.241287,0.251446,0.883201,1.086434,1.04727,0,0.0
1900-01-01 14:56:36.330,22.009202,-5.023642,22.101284,-5.228818,0.251609,0.885653,1.088804,1.132136,0,0.0
1900-01-01 14:56:37.330,22.00894,-5.015242,22.105353,-5.227112,0.251708,0.886209,1.089576,1.108562,0,0.0
1900-01-01 14:56:38.330,22.005658,-5.005267,22.099446,-5.216743,0.252753,0.887243,1.090081,1.023696,0,0.0
1900-01-01 14:56:39.330,22.021016,-4.990435,22.108504,-5.188787,0.252559,0.888504,1.093205,1.202858,0,0.0
1900-01-01 14:56:40.330,22.021278,-4.98256,22.106797,-5.197449,0.25247,0.887117,1.091404,0.915255,0,0.0
1900-01-01 14:56:41.330,22.017603,-4.976128,22.105747,-5.174481,0.252155,0.88738,1.091818,0.853963,0,0.0
1900-01-01 14:56:42.330,22.014584,-4.96379,22.106535,-5.160568,0.254103,0.891213,1.09586,1.320729,0,0.0
1900-01-01 14:56:43.330,22.023772,-4.956965,22.106797,-5.150987,0.253089,0.887826,1.09259,1.000122,0,0.0
1900-01-01 14:56:44.330,22.009727,-4.953421,22.099315,-5.153875,0.252874,0.88906,1.092397,0.905825,0,0.0
1900-01-01 14:56:45.330,22.011959,-4.943052,22.106141,-5.150725,0.252564,0.890199,1.09473,0.787955,0,0.0
1900-01-01 14:56:46.330,22.016553,-4.931896,22.111261,-5.131169,0.253199,0.891239,1.095539,1.061414,0,0.0
1900-01-01 14:56:47.330,22.007365,-4.921001,22.105878,-5.113319,0.253262,0.892294,1.095704,1.084988,0,0.0
1900-01-01 14:56:48.330,22.009859,-4.911289,22.106535,-5.100325,0.254397,0.890808,1.095557,1.353732,0,0.0
1900-01-01 14:56:49.330,22.011434,-4.900788,22.113492,-5.104263,0.25363,0.890693,1.095245,0.929399,0,0.0
1900-01-01 14:56:50.330,22.007758,-4.897244,22.105222,-5.112269,0.253389,0.892205,1.096145,1.023696,0,0.0
1900-01-01 14:56:51.330,22.006971,-4.884644,22.106797,-5.08405,0.254974,0.892767,1.096577,1.042555,0,0.0
1900-01-01 14:56:52.330,22.01419,-4.869812,22.114411,-5.067775,0.253436,0.893003,1.097964,0.967118,0,0.0
1900-01-01 14:56:53.330,22.024166,-4.859312,22.126226,-5.072107,0.253704,0.891675,1.096062,1.04727,0,0.0
1900-01-01 14:56:54.330,22.007758,-4.863906,22.108767,-5.054126,0.254423,0.894878,1.098332,1.202858,0,0.0
1900-01-01 14:56:55.330,22.017341,-4.848812,22.116774,-5.069219,0.253924,0.893103,1.098773,0.952974,0,0.0
1900-01-01 14:56:56.330,22.020097,-4.833717,22.124519,-5.050057,0.255132,0.894284,1.098892,1.02841,0,0.0
1900-01-01 14:56:57.330,22.023772,-4.82558,22.118612,-5.036276,0.254953,0.894331,1.099021,1.113277,0,0.0
1900-01-01 14:56:58.330,22.023641,-4.816523,22.125832,-5.021051,0.254838,0.894106,1.09971,1.000122,0,0.0
1900-01-01 14:56:59.330,22.004214,-4.81206,22.115199,-5.008057,0.256014,0.897534,1.102319,0.948259,0,0.0
1900-01-01 14:57:00.330,22.017734,-4.799723,22.119793,-5.00517,0.254733,0.897014,1.101832,1.108562,0,0.0
1900-01-01 14:57:01.330,22.02036,-4.789353,22.123469,-4.986795,0.255615,0.894625,1.098773,0.858677,0,0.0
1900-01-01 14:57:02.330,22.014847,-4.783053,22.127013,-5.008057,0.255562,0.896547,1.101768,0.882251,0,0.0
1900-01-01 14:57:03.330,22.019047,-4.775834,22.124651,-4.984826,0.255273,0.89734,1.102301,1.080273,0,0.0
1900-01-01 14:57:04.330,22.00579,-4.770715,22.126357,-4.951095,0.254628,0.895581,1.101804,1.061414,0,0.0
1900-01-01 14:57:05.330,22.010909,-4.756802,22.128851,-4.957264,0.255541,0.89681,1.101262,0.915255,0,0.0
1900-01-01 14:57:06.330,22.021016,-4.747352,22.132921,-4.949126,0.254895,0.897161,1.102144,0.816244,0,0.0
1900-01-01 14:57:07.330,22.012353,-4.736064,22.131346,-4.945058,0.255525,0.896542,1.10208,1.084988,0,0.0
1900-01-01 14:57:08.330,22.016947,-4.727664,22.131871,-4.916577,0.2552,0.896426,1.101483,1.226432,0,0.0
1900-01-01 14:57:09.330,22.01419,-4.721232,22.131739,-4.90122,0.255536,0.898222,1.103532,0.745522,0,0.0
1900-01-01 14:57:10.330,21.991613,-4.718214,22.126095,-4.903189,0.256229,0.897455,1.102631,1.061414,0,0.0
1900-01-01 14:57:11.330,22.010121,-4.706926,22.138434,-4.908308,0.256891,0.894352,1.099315,0.929399,0,0.0
1900-01-01 14:57:12.330,22.018391,-4.691831,22.144604,-4.907914,0.255441,0.896647,1.10197,1.127421,0,0.0
1900-01-01 14:57:13.330,22.025347,-4.682644,22.150643,-4.889277,0.25604,0.896521,1.101391,1.066129,0,0.0
1900-01-01 14:57:14.330,22.011696,-4.675425,22.142766,-4.869458,0.256413,0.897828,1.103164,1.042555,0,0.0
1900-01-01 14:57:15.330,22.011171,-4.671356,22.138303,-4.860008,0.257195,0.901845,1.10694,0.811529,0,0.0
1900-01-01 14:57:16.330,22.031779,-4.64668,22.154843,-4.847277,0.256943,0.899787,1.104625,0.566359,0,0.0
1900-01-01 14:57:17.330,22.007102,-4.657049,22.142372,-4.832446,0.256833,0.899172,1.103339,1.089703,0,0.0
1900-01-01 14:57:18.330,22.026923,-4.637623,22.153268,-4.848852,0.256833,0.899246,1.103927,1.014266,0,0.0
1900-01-01 14:57:19.330,22.009465,-4.634342,22.144079,-4.823127,0.256843,0.897849,1.102475,1.014266,0,0.0
1900-01-01 14:57:20.330,22.02141,-4.620692,22.153662,-4.81604,0.256854,0.900217,1.10593,0.967118,0,0.0
1900-01-01 14:57:21.330,22.009334,-4.618198,22.147755,-4.793727,0.255751,0.899004,1.104156,0.985977,0,0.0
1900-01-01 14:57:22.330,22.022328,-4.606122,22.159044,-4.812102,0.257258,0.90102,1.105222,0.905825,0,0.0
1900-01-01 14:57:23.330,22.017341,-4.597328,22.157075,-4.791102,0.257059,0.901635,1.107409,0.905825,0,0.0
1900-01-01 14:57:24.330,22.01524,-4.582628,22.157075,-4.776796,0.256323,0.897419,1.102346,1.075559,0,0.0
1900-01-01 14:57:25.330,22.016422,-4.581447,22.158519,-4.775615,0.257384,0.900511,1.105792,1.018981,0,0.0
1900-01-01 14:57:26.330,22.002114,-4.571865,22.151562,-4.742672,0.25708,0.899561,1.106021,1.042555,0,0.0
1900-01-01 14:57:27.330,21.991876,-4.578165,22.148674,-4.757371,0.256586,0.899976,1.105608,0.943544,0,0.0
1900-01-01 14:57:28.330,22.007102,-4.560971,22.156025,-4.75304,0.257164,0.899776,1.106628,1.301869,0,0.0
1900-01-01 14:57:29.330,22.02141,-4.54522,22.166527,-4.752778,0.256686,0.900779,1.105718,1.023696,0,0.0
1900-01-01 14:57:30.330,22.009465,-4.542858,22.16482,-4.73729,0.257043,0.899934,1.105268,0.778526,0,0.0
1900-01-01 14:57:31.330,22.011828,-4.532358,22.169152,-4.734665,0.256691,0.900952,1.107308,1.099133,0,0.0
1900-01-01 14:57:32.330,22.002245,-4.524351,22.165083,-4.722328,0.256434,0.900621,1.105645,0.952974,0,0.0
1900-01-01 14:57:33.330,22.003952,-4.514507,22.161932,-4.695553,0.256208,0.899015,1.103945,0.896396,0,0.0
1900-01-01 14:57:34.330,22.017472,-4.506632,22.169415,-4.696866,0.256266,0.898947,1.104735,0.896396,0,0.0
1900-01-01 14:57:35.330,21.989644,-4.510438,22.159963,-4.704216,0.255762,0.90006,1.105792,0.806814,0,0.0
1900-01-01 14:57:36.330,21.986494,-4.495344,22.164033,-4.672322,0.256239,0.901288,1.107445,1.070844,0,0.0
1900-01-01 14:57:37.330,22.001327,-4.474474,22.172303,-4.657491,0.256891,0.900102,1.105911,1.160425,0,0.0
1900-01-01 14:57:38.330,21.990563,-4.476312,22.170465,-4.673241,0.256528,0.901399,1.106306,0.844533,0,0.0
1900-01-01 14:57:39.330,21.988988,-4.468305,22.166396,-4.658278,0.256045,0.901309,1.106462,0.943544,0,0.0
1900-01-01 14:57:40.330,21.992926,-4.462268,22.168102,-4.669828,0.255788,0.898437,1.10287,0.943544,0,0.0
1900-01-01 14:57:41.330,21.9861,-4.457805,22.16889,-4.645941,0.25656,0.898842,1.104515,1.061414,0,0.0
1900-01-01 14:57:42.330,21.974812,-4.457543,22.157863,-4.63531,0.25668,0.900595,1.104698,0.721948,0,0.0
1900-01-01 14:57:43.330,21.986888,-4.438642,22.168365,-4.648697,0.255998,0.900427,1.105103,0.740807,0,0.0
1900-01-01 14:57:44.330,21.993451,-4.427485,22.169021,-4.629272,0.257326,0.900532,1.106334,0.952974,0,0.0
1900-01-01 14:57:45.330,21.997783,-4.41646,22.172697,-4.616673,0.256119,0.900333,1.106095,0.886966,0,0.0
1900-01-01 14:57:46.330,21.981375,-4.417116,22.166527,-4.603023,0.257101,0.902611,1.10717,1.103847,0,0.0
1900-01-01 14:57:47.330,21.987413,-4.408585,22.165739,-4.595016,0.256134,0.901131,1.106178,0.995407,0,0.0
1900-01-01 14:57:48.330,21.988069,-4.396509,22.167446,-4.588191,0.255578,0.900459,1.106573,1.311299,0,0.0
1900-01-01 14:57:49.330,21.973368,-4.397034,22.157863,-4.587141,0.254706,0.898779,1.103146,0.825674,0,0.0
1900-01-01 14:57:50.330,21.970349,-4.389422,22.15655,-4.565617,0.256691,0.901572,1.10773,0.967118,0,0.0
1900-01-01 14:57:51.330,21.966411,-4.37669,22.156681,-4.562992,0.255793,0.901168,1.108318,0.962403,0,0.0
1900-01-01 14:57:52.330,21.977175,-4.369077,22.161276,-4.548686,0.255809,0.900742,1.106573,1.061414,0,0.0
1900-01-01 14:57:53.330,21.972449,-4.364221,22.155237,-4.543042,0.256155,0.900464,1.105966,1.146281,0,0.0
1900-01-01 14:57:54.330,21.975731,-4.359102,22.160357,-4.526242,0.256565,0.902055,1.108465,1.099133,0,0.0
1900-01-01 14:57:55.330,21.962867,-4.355033,22.153006,-4.535298,0.256743,0.901446,1.106756,0.816244,0,0.0
1900-01-01 14:57:56.330,21.957092,-4.351489,22.147755,-4.522042,0.255441,0.9006,1.105066,0.79267,0,0.0
1900-01-01 14:57:57.330,21.975862,-4.326813,22.159701,-4.532148,0.256591,0.899965,1.105516,1.132136,0,0.0
1900-01-01 14:57:58.330,21.95381,-4.332457,22.151824,-4.51548,0.255373,0.90081,1.106371,1.268866,0,0.0
1900-01-01 14:57:59.330,21.958404,-4.310932,22.15445,-4.498155,0.255977,0.900868,1.106361,1.160425,0,0.0
1900-01-01 14:58:00.330,21.951972,-4.308044,22.146573,-4.49658,0.255772,0.901231,1.105645,1.02841,0,0.0
1900-01-01 14:58:01.330,21.956829,-4.3024,22.149986,-4.480961,0.255961,0.902365,1.10762,1.066129,0,0.0
1900-01-01 14:58:02.330,21.967461,-4.290325,22.152612,-4.473086,0.257295,0.902228,1.107023,0.962403,0,0.0
1900-01-01 14:58:03.330,21.964442,-4.287568,22.151955,-4.488048,0.25646,0.901966,1.107133,1.051984,0,0.0
1900-01-01 14:58:04.330,21.952366,-4.274312,22.146311,-4.437649,0.256785,0.902627,1.108162,1.169855,0,0.0
1900-01-01 14:58:05.330,21.947509,-4.270374,22.142635,-4.44303,0.254974,0.901288,1.105801,1.221718,0,0.0
1900-01-01 14:58:06.330,21.944228,-4.264336,22.140535,-4.438305,0.25668,0.902527,1.108134,0.962403,0,0.0
1900-01-01 14:58:07.330,21.958142,-4.247142,22.148017,-4.424524,0.255037,0.900863,1.105424,0.863392,0,0.0
1900-01-01 14:58:08.330,21.95486,-4.24898,22.147755,-4.438568,0.256649,0.902002,1.106049,0.915255,0,0.0
1900-01-01 14:58:09.330,21.954991,-4.234542,22.14828,-4.431874,0.255987,0.902107,1.107344,0.971833,0,0.0
1900-01-01 14:58:10.330,21.954729,-4.229423,22.148805,-4.409168,0.255741,0.900159,1.104202,0.651226,0,0.0
1900-01-01 14:58:11.330,21.958142,-4.207503,22.15143,-4.40733,0.256497,0.903152,1.108079,0.514496,0,0.0
1900-01-01 14:58:12.330,21.960767,-4.203828,22.151037,-4.386987,0.255368,0.900212,1.104882,1.117992,0,0.0
1900-01-01 14:58:13.330,21.956435,-4.19884,22.153137,-4.397093,0.256749,0.90164,1.10581,0.891681,0,0.0
1900-01-01 14:58:14.330,21.953941,-4.187159,22.152087,-4.379506,0.256082,0.900931,1.106104,1.004836,0,0.0
1900-01-01 14:58:15.330,21.951972,-4.180596,22.149855,-4.365331,0.256045,0.903042,1.108438,1.17457,0,0.0
1900-01-01 14:58:16.330,21.95276,-4.176265,22.155106,-4.353256,0.25594,0.899613,1.104248,0.844533,0,0.0
1900-01-01 14:58:17.330,21.950791,-4.167996,22.155631,-4.348925,0.257158,0.900858,1.105884,0.849248,0,0.0
1900-01-01 14:58:18.330,21.962998,-4.153033,22.159963,-4.3274,0.256539,0.900102,1.105424,1.146281,0,0.0
1900-01-01 14:58:19.330,21.981244,-4.145814,22.169152,-4.335537,0.256975,0.900537,1.10604,0.896396,0,0.0
1900-01-01 14:58:20.330,21.973499,-4.138988,22.165214,-4.324906,0.256775,0.90091,1.106187,0.839818,0,0.0
1900-01-01 14:58:21.330,21.975599,-4.121925,22.167314,-4.306269,0.256849,0.902769,1.108511,0.990692,0,0.0
1900-01-01 14:58:22.330,21.963786,-4.122713,22.163507,-4.311912,0.256649,0.902674,1.107427,0.811529,0,0.0
1900-01-01 14:58:23.330,21.948953,-4.118907,22.159044,-4.268994,0.257027,0.901577,1.106325,1.330158,0,0.0
1900-01-01 14:58:24.330,21.954073,-4.10775,22.164689,-4.292487,0.255725,0.899855,1.10536,0.962403,0,0.0
1900-01-01 14:58:25.330,21.982425,-4.087537,22.177948,-4.279363,0.255998,0.898663,1.10468,0.896396,0,0.0
1900-01-01 14:58:26.330,21.963917,-4.092656,22.167314,-4.267288,0.2572,0.903835,1.107712,1.02841,0,0.0
1900-01-01 14:58:27.330,21.976912,-4.074149,22.178079,-4.258363,0.256901,0.90321,1.107298,1.042555,0,0.0
1900-01-01 14:58:28.330,21.982556,-4.067192,22.178604,-4.260725,0.256707,0.903514,1.109412,0.825674,0,0.0
1900-01-01 14:58:29.330,21.982819,-4.06063,22.183855,-4.241038,0.256859,0.902716,1.106949,1.141566,0,0.0
1900-01-01 14:58:30.330,21.988201,-4.047898,22.188056,-4.217807,0.256754,0.903871,1.109016,1.094418,0,0.0
1900-01-01 14:58:31.330,21.954073,-4.054723,22.169809,-4.221613,0.256444,0.903105,1.10875,0.981262,0,0.0
1900-01-01 14:58:32.330,21.973499,-4.043829,22.183724,-4.201663,0.256161,0.90248,1.107703,0.769096,0,0.0
1900-01-01 14:58:33.330,21.983081,-4.02401,22.192256,-4.200613,0.256985,0.902643,1.107693,0.990692,0,0.0
1900-01-01 14:58:34.330,21.967461,-4.024928,22.186874,-4.184207,0.255982,0.902281,1.107684,1.358447,0,0.0
1900-01-01 14:58:35.330,21.960373,-4.02191,22.179392,-4.17607,0.256145,0.901792,1.106251,1.146281,0,0.0
1900-01-01 14:58:36.330,21.979537,-4.003665,22.199608,-4.182763,0.25677,0.901336,1.105066,1.051984,0,0.0
1900-01-01 14:58:37.330,21.980587,-3.993165,22.195669,-4.169638,0.256439,0.900931,1.105902,1.084988,0,0.0
1900-01-01 14:58:38.330,21.979669,-3.986733,22.195538,-4.145489,0.257374,0.903378,1.10841,1.169855,0,0.0
1900-01-01 14:58:39.330,21.979275,-3.978989,22.199345,-4.169901,0.256413,0.901168,1.104901,0.731378,0,0.0
1900-01-01 14:58:40.330,21.98715,-3.972427,22.200527,-4.164126,0.256234,0.900532,1.104634,0.769096,0,0.0
1900-01-01 14:58:41.330,21.981244,-3.963895,22.202758,-4.139845,0.257384,0.904481,1.109044,1.04727,0,0.0
1900-01-01 14:58:42.330,21.994501,-3.948276,22.209322,-4.123964,0.256943,0.902732,1.106913,0.967118,0,0.0
1900-01-01 14:58:43.330,21.980587,-3.951689,22.200658,-4.117926,0.255804,0.902653,1.106426,0.844533,0,0.0
1900-01-01 14:58:44.330,22.006315,-3.931344,22.216804,-4.106376,0.257027,0.901451,1.106766,0.91997,0,0.0
1900-01-01 14:58:45.330,21.987938,-3.932525,22.218248,-4.109133,0.255735,0.901204,1.105286,0.91054,0,0.0
1900-01-01 14:58:46.330,21.987282,-3.92465,22.209584,-4.103883,0.256481,0.903514,1.107574,0.971833,0,0.0
1900-01-01 14:58:47.330,21.9861,-3.920581,22.208928,-4.078945,0.255746,0.903121,1.107785,0.877537,0,0.0
1900-01-01 14:58:48.330,21.987807,-3.912181,22.215492,-4.07212,0.257689,0.903021,1.107987,0.868107,0,0.0
1900-01-01 14:58:49.330,21.998308,-3.901681,22.221136,-4.076714,0.256213,0.902832,1.107886,1.056699,0,0.0
1900-01-01 14:58:50.330,21.985838,-3.890393,22.218248,-4.048627,0.255888,0.902438,1.106453,0.934114,0,0.0
1900-01-01 14:58:51.330,21.966805,-3.890787,22.211947,-4.037602,0.256113,0.901913,1.107087,1.15571,0,0.0
1900-01-01 14:58:52.330,21.992795,-3.870967,22.224156,-4.042983,0.256182,0.902071,1.106683,1.075559,0,0.0
1900-01-01 14:58:53.330,21.996864,-3.861911,22.229932,-4.026314,0.256376,0.90153,1.10593,1.04727,0,0.0
1900-01-01 14:58:54.330,21.9777,-3.868736,22.220874,-4.021196,0.255846,0.900002,1.104827,0.853963,0,0.0
1900-01-01 14:58:55.330,22.002377,-3.846948,22.237414,-4.030908,0.256612,0.903924,1.108438,0.816244,0,0.0
1900-01-01 14:58:56.330,21.987807,-3.847079,22.2256,-4.007808,0.256969,0.90247,1.107703,0.896396,0,0.0
1900-01-01 14:58:57.330,22.005002,-3.83461,22.236495,-3.999277,0.257017,0.903688,1.108621,0.915255,0,0.0
1900-01-01 14:58:58.330,22.003821,-3.820959,22.237677,-4.001902,0.256796,0.90322,1.107693,0.731378,0,0.0
1900-01-01 14:58:59.330,21.986232,-3.822141,22.220743,-3.985496,0.257484,0.903205,1.107354,1.325443,0,0.0
1900-01-01 14:59:00.330,21.995157,-3.813872,22.226781,-3.966859,0.25719,0.903367,1.108337,0.91054,0,0.0
1900-01-01 14:59:01.330,22.002508,-3.79484,22.233082,-3.961477,0.256518,0.903703,1.108805,1.075559,0,0.0
1900-01-01 14:59:02.330,21.989119,-3.793396,22.228882,-3.959377,0.257447,0.903787,1.108686,1.339588,0,0.0
1900-01-01 14:59:03.330,21.9861,-3.791952,22.227306,-3.954652,0.256392,0.90259,1.107069,1.018981,0,0.0
1900-01-01 14:59:04.330,21.998964,-3.770558,22.236627,-3.956227,0.257421,0.903719,1.10819,1.089703,0,0.0
1900-01-01 14:59:05.330,21.985707,-3.775808,22.231245,-3.960034,0.257977,0.90437,1.109053,0.740807,0,0.0
1900-01-01 14:59:06.330,21.970611,-3.773445,22.224418,-3.908322,0.257389,0.902197,1.106867,1.452743,0,0.0
1900-01-01 14:59:07.330,21.990038,-3.752313,22.234133,-3.90609,0.255798,0.901451,1.106058,1.193429,0,0.0
1900-01-01 14:59:08.330,21.996995,-3.739844,22.240959,-3.933259,0.256176,0.90121,1.106591,0.835103,0,0.0
1900-01-01 14:59:09.330,21.982425,-3.739188,22.238465,-3.92499,0.257085,0.902811,1.108291,0.976548,0,0.0
1900-01-01 14:59:10.330,21.985182,-3.727375,22.238465,-3.899134,0.257647,0.903583,1.107739,0.990692,0,0.0
1900-01-01 14:59:11.330,21.977962,-3.7279,22.234395,-3.912653,0.255993,0.902176,1.106334,0.839818,0,0.0
1900-01-01 14:59:12.330,21.984919,-3.708343,22.245553,-3.881809,0.257416,0.904218,1.110183,0.839818,0,0.0
1900-01-01 14:59:13.330,21.972055,-3.708212,22.237021,-3.874328,0.256938,0.902596,1.108704,1.132136,0,0.0
1900-01-01 14:59:14.330,21.962473,-3.706899,22.233345,-3.862647,0.25793,0.904475,1.109136,0.764381,0,0.0
1900-01-01 14:59:15.330,21.980062,-3.691936,22.239646,-3.868816,0.257258,0.904039,1.109586,0.863392,0,0.0
1900-01-01 14:59:16.330,21.972055,-3.687211,22.238071,-3.884959,0.256423,0.901577,1.107032,0.943544,0,0.0
1900-01-01 14:59:17.330,21.973499,-3.677105,22.240696,-3.855297,0.258434,0.905725,1.109908,1.169855,0,0.0
1900-01-01 14:59:18.330,21.959454,-3.677236,22.23387,-3.831541,0.257515,0.90289,1.107023,0.797385,0,0.0
1900-01-01 14:59:19.330,21.979406,-3.659385,22.240302,-3.832722,0.25761,0.90321,1.10807,0.816244,0,0.0
1900-01-01 14:59:20.330,21.968905,-3.652166,22.24319,-3.829572,0.257311,0.902333,1.107372,1.259436,0,0.0
1900-01-01 14:59:21.330,21.970349,-3.643897,22.243584,-3.830753,0.257899,0.902622,1.108309,0.91054,0,0.0
1900-01-01 14:59:22.330,21.980719,-3.635891,22.252773,-3.828653,0.258355,0.90467,1.10886,0.806814,0,0.0
1900-01-01 14:59:23.330,21.980325,-3.620796,22.248835,-3.816972,0.259211,0.906376,1.111874,0.872822,0,0.0
1900-01-01 14:59:24.330,21.9798,-3.609509,22.253955,-3.803847,0.257179,0.902123,1.10683,0.726663,0,0.0
1900-01-01 14:59:25.330,21.966805,-3.614759,22.248048,-3.794922,0.257237,0.904801,1.110036,1.004836,0,0.0
1900-01-01 14:59:26.330,21.964311,-3.60964,22.246866,-3.777073,0.257736,0.904271,1.108199,1.061414,0,0.0
1900-01-01 14:59:27.330,21.978618,-3.592577,22.259074,-3.77996,0.257053,0.905636,1.111736,1.080273,0,0.0
1900-01-01 14:59:28.330,21.958535,-3.589558,22.250804,-3.786785,0.256964,0.903541,1.108208,1.146281,0,0.0
1900-01-01 14:59:29.330,21.955123,-3.584702,22.249098,-3.776285,0.257778,0.90426,1.109696,0.868107,0,0.0
1900-01-01 14:59:30.330,21.966017,-3.568557,22.254086,-3.754498,0.258019,0.903609,1.107785,0.825674,0,0.0
1900-01-01 14:59:31.330,21.970743,-3.559763,22.259731,-3.742948,0.258324,0.903787,1.108309,0.901111,0,0.0
1900-01-01 14:59:32.330,21.975731,-3.553988,22.262225,-3.754235,0.257841,0.903079,1.10773,0.901111,0,0.0
1900-01-01 14:59:33.330,21.967592,-3.551757,22.263538,-3.751741,0.257962,0.903493,1.108318,0.924685,0,0.0
1900-01-01 14:59:34.330,21.954729,-3.542831,22.259074,-3.738354,0.258676,0.903845,1.108493,0.943544,0,0.0
1900-01-01 14:59:35.330,21.943572,-3.538238,22.251067,-3.715911,0.257557,0.902296,1.107225,1.066129,0,0.0
1900-01-01 14:59:36.330,21.950397,-3.526687,22.250936,-3.711186,0.258224,0.903829,1.110523,1.004836,0,0.0
1900-01-01 14:59:37.330,21.950003,-3.522881,22.247129,-3.695698,0.257678,0.903929,1.109145,1.217003,0,0.0
1900-01-01 14:59:38.330,21.934252,-3.521699,22.241484,-3.696354,0.2573,0.904313,1.11067,1.146281,0,0.0
1900-01-01 14:59:39.330,21.937927,-3.512512,22.240171,-3.695304,0.25699,0.902307,1.108649,0.830388,0,0.0
1900-01-01 14:59:40.330,21.951054,-3.496761,22.253167,-3.695829,0.257794,0.901309,1.105562,0.891681,0,0.0
1900-01-01 14:59:41.330,21.954335,-3.481142,22.250279,-3.673648,0.257694,0.904633,1.109448,0.740807,0,0.0
1900-01-01 14:59:42.330,21.954598,-3.483373,22.244897,-3.678242,0.258198,0.904186,1.110202,0.967118,0,0.0
1900-01-01 14:59:43.330,21.950528,-3.47681,22.243847,-3.658686,0.257169,0.90185,1.106766,0.957688,0,0.0
1900-01-01 14:59:44.330,21.952366,-3.470248,22.247129,-3.648711,0.256392,0.900984,1.106802,0.787955,0,0.0
1900-01-01 14:59:45.330,21.946853,-3.463816,22.236889,-3.645824,0.258418,0.903572,1.107951,1.207573,0,0.0
1900-01-01 14:59:46.330,21.946591,-3.451347,22.237546,-3.633486,0.257946,0.90425,1.10943,1.424454,0,0.0
1900-01-01 14:59:47.330,21.947641,-3.443997,22.232426,-3.622067,0.257494,0.903441,1.109595,0.872822,0,0.0
1900-01-01 14:59:48.330,21.958404,-3.433365,22.240302,-3.61603,0.258266,0.903871,1.109448,1.075559,0,0.0
1900-01-01 14:59:49.330,21.941471,-3.443472,22.227438,-3.609074,0.257059,0.902622,1.108153,1.099133,0,0.0
1900-01-01 14:59:50.330,21.942522,-3.42654,22.22665,-3.617211,0.258691,0.903488,1.108392,0.91054,0,0.0
1900-01-01 14:59:51.330,21.96313,-3.406589,22.241221,-3.593193,0.256749,0.902806,1.10819,0.891681,0,0.0
1900-01-01 14:59:52.330,21.952366,-3.407114,22.22875,-3.57403,0.25813,0.90394,1.109099,1.084988,0,0.0
1900-01-01 14:59:53.330,21.956435,-3.39622,22.233345,-3.575999,0.25699,0.904165,1.109292,1.070844,0,0.0
1900-01-01 14:59:54.330,21.958404,-3.394383,22.230457,-3.600936,0.257164,0.904617,1.111139,0.679515,0,0.0
1900-01-01 14:59:55.330,21.949085,-3.390183,22.227175,-3.58033,0.258466,0.906817,1.111231,1.264151,0,0.0
1900-01-01 14:59:56.330,21.943965,-3.378501,22.221005,-3.543318,0.257872,0.904496,1.109641,1.056699,0,0.0
1900-01-01 14:59:57.330,21.960111,-3.370495,22.229275,-3.559855,0.257185,0.903215,1.107436,0.830388,0,0.0
1900-01-01 14:59:58.330,21.96418,-3.3575,22.233739,-3.559068,0.257935,0.904974,1.109862,0.863392,0,0.0
1900-01-01 14:59:59.330,21.95171,-3.3554,22.224156,-3.545024,0.257237,0.904675,1.110284,0.938829,0,0.0
1900-01-01 15:00:00.330,21.957223,-3.347131,22.228619,-3.537806,0.258607,0.904565,1.109586,1.03784,0,0.0
1900-01-01 15:00:01.330,21.941209,-3.344244,22.222712,-3.520612,0.257904,0.905709,1.11113,1.084988,0,0.0
1900-01-01 15:00:02.330,21.964705,-3.328099,22.237021,-3.518118,0.25708,0.903068,1.108327,0.985977,0,0.0
1900-01-01 15:00:03.330,21.944228,-3.336368,22.224025,-3.508406,0.257673,0.903467,1.10852,1.061414,0,0.0
1900-01-01 15:00:04.330,21.958798,-3.313661,22.231245,-3.486225,0.258151,0.905153,1.111387,1.042555,0,0.0
1900-01-01 15:00:05.330,21.952497,-3.303555,22.236627,-3.490687,0.257447,0.903793,1.10841,0.731378,0,0.0
1900-01-01 15:00:06.330,21.93399,-3.304867,22.224812,-3.484125,0.258256,0.905373,1.108971,1.014266,0,0.0
1900-01-01 15:00:07.330,21.964311,-3.288723,22.232032,-3.491868,0.258145,0.904433,1.108667,0.849248,0,0.0
1900-01-01 15:00:08.330,21.934646,-3.29988,22.219036,-3.465881,0.257515,0.905195,1.109843,1.231147,0,0.0
1900-01-01 15:00:09.330,21.939109,-3.284917,22.226519,-3.459319,0.257815,0.902338,1.105415,1.042555,0,0.0
1900-01-01 15:00:10.330,21.931758,-3.285573,22.223762,-3.45525,0.257778,0.901855,1.105562,1.108562,0,0.0
1900-01-01 15:00:11.330,21.936484,-3.278485,22.219824,-3.4374,0.258765,0.904664,1.109467,0.915255,0,0.0
1900-01-01 15:00:12.330,21.949741,-3.262997,22.232163,-3.44685,0.258481,0.904533,1.108631,0.905825,0,0.0
1900-01-01 15:00:13.330,21.942784,-3.254334,22.226125,-3.443831,0.258429,0.904496,1.108364,1.014266,0,0.0
1900-01-01 15:00:14.330,21.94449,-3.249347,22.222974,-3.438188,0.257447,0.902806,1.107464,0.849248,0,0.0
1900-01-01 15:00:15.330,21.947378,-3.232415,22.229275,-3.425063,0.258103,0.904591,1.108484,1.250006,0,0.0
1900-01-01 15:00:16.330,21.935302,-3.235434,22.223762,-3.421125,0.25867,0.904271,1.108024,1.080273,0,0.0
1900-01-01 15:00:17.330,21.934121,-3.225327,22.224156,-3.409969,0.25814,0.90468,1.108015,0.929399,0,0.0
1900-01-01 15:00:18.330,21.934777,-3.215352,22.221793,-3.390413,0.258109,0.904239,1.10819,1.15571,0,0.0
1900-01-01 15:00:19.330,21.94344,-3.201308,22.229144,-3.399207,0.257988,0.903913,1.108153,0.896396,0,0.0
1900-01-01 15:00:20.330,21.912988,-3.205508,22.214704,-3.380963,0.258366,0.90363,1.10751,0.934114,0,0.0
1900-01-01 15:00:21.330,21.930708,-3.194483,22.223631,-3.389888,0.258109,0.903257,1.107629,0.806814,0,0.0
1900-01-01 15:00:22.330,21.930445,-3.198158,22.221399,-3.380569,0.258476,0.904596,1.108961,0.816244,0,0.0
1900-01-01 15:00:23.330,21.916532,-3.189364,22.21221,-3.352613,0.258371,0.905011,1.109595,1.108562,0,0.0
1900-01-01 15:00:24.330,21.950528,-3.165607,22.232951,-3.360226,0.257631,0.903672,1.108015,1.033125,0,0.0
1900-01-01 15:00:25.330,21.931889,-3.169282,22.22258,-3.349857,0.256964,0.902995,1.10683,1.160425,0,0.0
1900-01-01 15:00:26.330,21.927295,-3.161275,22.223631,-3.337257,0.258072,0.90542,1.108493,1.103847,0,0.0
1900-01-01 15:00:27.330,21.939109,-3.147625,22.228094,-3.34592,0.258229,0.904407,1.108768,1.02841,0,0.0
1900-01-01 15:00:28.330,21.927164,-3.148937,22.220874,-3.322426,0.257836,0.904034,1.109044,1.080273,0,0.0
1900-01-01 15:00:29.330,21.930971,-3.136599,22.222843,-3.326888,0.257825,0.903173,1.107519,0.905825,0,0.0
1900-01-01 15:00:30.330,21.930314,-3.131612,22.231901,-3.311401,0.257694,0.904932,1.110587,0.853963,0,0.0
1900-01-01 15:00:31.330,21.922701,-3.131087,22.228094,-3.299457,0.258497,0.905011,1.109347,0.816244,0,0.0
1900-01-01 15:00:32.330,21.92992,-3.115599,22.237677,-3.303657,0.257909,0.904071,1.107675,0.995407,0,0.0
1900-01-01 15:00:33.330,21.923095,-3.110086,22.234133,-3.29447,0.257584,0.902596,1.107969,0.901111,0,0.0
1900-01-01 15:00:34.330,21.927295,-3.10838,22.235445,-3.295651,0.25687,0.904223,1.108805,0.957688,0,0.0
1900-01-01 15:00:35.330,21.945147,-3.091973,22.249754,-3.291451,0.258497,0.904628,1.108833,0.971833,0,0.0
1900-01-01 15:00:36.330,21.928083,-3.086985,22.239383,-3.278458,0.258413,0.904675,1.108199,1.245292,0,0.0
1900-01-01 15:00:37.330,21.934515,-3.075829,22.249229,-3.258114,0.257699,0.904292,1.10875,1.089703,0,0.0
1900-01-01 15:00:38.330,21.930445,-3.07806,22.250542,-3.259033,0.258439,0.906098,1.111139,1.117992,0,0.0
1900-01-01 15:00:39.330,21.924801,-3.081473,22.250936,-3.251683,0.25782,0.903441,1.108318,1.127421,0,0.0
1900-01-01 15:00:40.330,21.934515,-3.064278,22.256712,-3.243283,0.257741,0.905021,1.10853,0.872822,0,0.0
1900-01-01 15:00:41.330,21.933596,-3.052728,22.260781,-3.23777,0.256875,0.902512,1.105534,1.009551,0,0.0
1900-01-01 15:00:42.330,21.933858,-3.045246,22.257237,-3.21467,0.258691,0.905741,1.110266,1.080273,0,0.0
1900-01-01 15:00:43.330,21.930708,-3.033959,22.261044,-3.208371,0.2574,0.904113,1.107363,1.094418,0,0.0
1900-01-01 15:00:44.330,21.934121,-3.025952,22.264588,-3.208633,0.257951,0.902443,1.10706,1.146281,0,0.0
1900-01-01 15:00:45.330,21.926376,-3.026346,22.258418,-3.210471,0.257069,0.903682,1.108686,0.872822,0,0.0
1900-01-01 15:00:46.330,21.925064,-3.018996,22.261569,-3.205877,0.257647,0.905205,1.109439,1.136851,0,0.0
1900-01-01 15:00:47.330,21.942128,-3.005476,22.269314,-3.201283,0.258009,0.904895,1.10943,0.934114,0,0.0
1900-01-01 15:00:48.330,21.924145,-3.00482,22.258287,-3.182777,0.257027,0.904449,1.110808,0.863392,0,0.0
1900-01-01 15:00:49.330,21.932021,-2.999176,22.2638,-3.185008,0.258781,0.906302,1.110698,0.924685,0,0.0
1900-01-01 15:00:50.330,21.929527,-2.995238,22.259468,-3.182777,0.256344,0.902307,1.106481,0.78324,0,0.0
1900-01-01 15:00:51.330,21.926639,-2.980407,22.261437,-3.178315,0.257563,0.903682,1.108245,0.967118,0,0.0
1900-01-01 15:00:52.330,21.912856,-2.989332,22.246341,-3.161908,0.258014,0.905126,1.109724,0.929399,0,0.0
1900-01-01 15:00:53.330,21.925589,-2.962031,22.25238,-3.14839,0.2572,0.904344,1.109421,1.066129,0,0.0
1900-01-01 15:00:54.330,21.908656,-2.962294,22.24516,-3.127521,0.257405,0.906722,1.110615,0.882251,0,0.0
1900-01-01 15:00:55.330,21.920995,-2.955468,22.251723,-3.126734,0.257085,0.904024,1.108208,1.03784,0,0.0
1900-01-01 15:00:56.330,21.912331,-2.953106,22.246604,-3.129884,0.257762,0.904102,1.108833,1.306584,0,0.0
1900-01-01 15:00:57.330,21.911544,-2.945493,22.244897,-3.125946,0.257484,0.903483,1.107795,1.16514,0,0.0
1900-01-01 15:00:58.330,21.918107,-2.934599,22.24516,-3.107965,0.258014,0.906491,1.110349,1.207573,0,0.0
1900-01-01 15:00:59.330,21.897105,-2.936305,22.234133,-3.105471,0.257888,0.904039,1.108493,0.646511,0,0.0
1900-01-01 15:01:00.330,21.925983,-2.915698,22.245947,-3.104946,0.257106,0.902968,1.108869,1.094418,0,0.0
1900-01-01 15:01:01.330,21.913644,-2.913205,22.241615,-3.097071,0.25668,0.905667,1.110165,1.198144,0,0.0
1900-01-01 15:01:02.330,21.924933,-2.901917,22.246341,-3.092871,0.25636,0.903929,1.108254,1.268866,0,0.0
1900-01-01 15:01:03.330,21.914038,-2.900604,22.244109,-3.076072,0.256302,0.902328,1.107197,1.150995,0,0.0
1900-01-01 15:01:04.330,21.91325,-2.88341,22.244766,-3.057172,0.256764,0.903373,1.109825,0.971833,0,0.0
1900-01-01 15:01:05.330,21.902881,-2.886035,22.231245,-3.045491,0.25751,0.903945,1.109237,1.16514,0,0.0
1900-01-01 15:01:06.330,21.905768,-2.882097,22.235708,-3.060322,0.258214,0.906323,1.111552,1.02841,0,0.0
1900-01-01 15:01:07.330,21.90183,-2.880391,22.235051,-3.064784,0.256728,0.902774,1.108052,0.905825,0,0.0
1900-01-01 15:01:08.330,21.912988,-2.856503,22.237546,-3.043916,0.258135,0.905851,1.111194,1.03784,0,0.0
1900-01-01 15:01:09.330,21.912856,-2.859784,22.237414,-3.045359,0.257442,0.905888,1.110652,0.759666,0,0.0
1900-01-01 15:01:10.330,21.910362,-2.848496,22.231638,-3.027378,0.257998,0.905069,1.109402,0.915255,0,0.0
1900-01-01 15:01:11.330,21.896974,-2.846921,22.226519,-3.018847,0.25687,0.903205,1.108722,1.042555,0,0.0
1900-01-01 15:01:12.330,21.886079,-2.844165,22.223762,-3.024097,0.256581,0.902785,1.10784,1.141566,0,0.0
1900-01-01 15:01:13.330,21.894874,-2.825395,22.22665,-3.021209,0.256938,0.903971,1.109072,0.820959,0,0.0
1900-01-01 15:01:14.330,21.888442,-2.827364,22.222187,-3.005591,0.257095,0.902533,1.108934,0.703089,0,0.0
1900-01-01 15:01:15.330,21.920207,-2.805839,22.234789,-2.997453,0.256318,0.901756,1.108373,0.967118,0,0.0
1900-01-01 15:01:16.330,21.906818,-2.80702,22.233214,-2.991285,0.256292,0.902774,1.108557,1.04727,0,0.0
1900-01-01 15:01:17.330,21.893298,-2.801376,22.224681,-2.983147,0.256785,0.90394,1.109356,0.962403,0,0.0
1900-01-01 15:01:18.330,21.885029,-2.800195,22.222449,-2.984985,0.257027,0.902942,1.107978,1.051984,0,0.0
1900-01-01 15:01:19.330,21.881091,-2.790876,22.216804,-2.973435,0.256917,0.905079,1.111231,0.764381,0,0.0
1900-01-01 15:01:20.330,21.864684,-2.795338,22.210635,-2.962279,0.256922,0.905048,1.110707,1.089703,0,0.0
1900-01-01 15:01:21.330,21.887392,-2.767906,22.224156,-2.938654,0.256497,0.901414,1.10853,0.844533,0,0.0
1900-01-01 15:01:22.330,21.888967,-2.761081,22.224681,-2.944298,0.25656,0.903178,1.108263,0.877537,0,0.0
1900-01-01 15:01:23.330,21.891986,-2.757274,22.225075,-2.93826,0.256386,0.904696,1.110137,1.094418,0,0.0
1900-01-01 15:01:24.330,21.881879,-2.757143,22.223762,-2.933404,0.256486,0.903404,1.108649,1.240577,0,0.0
1900-01-01 15:01:25.330,21.897499,-2.740211,22.230719,-2.942066,0.256481,0.905725,1.111102,0.759666,0,0.0
1900-01-01 15:01:26.330,21.888573,-2.743887,22.228225,-2.922904,0.256659,0.903331,1.107859,0.995407,0,0.0
1900-01-01 15:01:27.330,21.896186,-2.722098,22.237414,-2.906367,0.257064,0.904013,1.108805,1.070844,0,0.0
1900-01-01 15:01:28.330,21.891855,-2.724198,22.234395,-2.904004,0.257263,0.905189,1.110036,0.759666,0,0.0
1900-01-01 15:01:29.330,21.911544,-2.707004,22.245685,-2.915423,0.256397,0.901903,1.106113,0.901111,0,0.0
1900-01-01 15:01:30.330,21.904981,-2.703854,22.238465,-2.896917,0.256607,0.903409,1.107574,1.03784,0,0.0
1900-01-01 15:01:31.330,21.890673,-2.699391,22.234001,-2.889173,0.256612,0.904344,1.10807,0.91054,0,0.0
1900-01-01 15:01:32.330,21.892642,-2.69611,22.23597,-2.887598,0.256738,0.903446,1.109163,1.014266,0,0.0
1900-01-01 15:01:33.330,21.878991,-2.691122,22.230719,-2.846779,0.256549,0.905657,1.110734,1.15571,0,0.0
1900-01-01 15:01:34.330,21.890148,-2.679572,22.240696,-2.861479,0.256738,0.903189,1.107666,0.853963,0,0.0
1900-01-01 15:01:35.330,21.886998,-2.671565,22.231901,-2.847567,0.257269,0.905321,1.109595,1.141566,0,0.0
1900-01-01 15:01:36.330,21.89658,-2.667759,22.234789,-2.854917,0.256806,0.904286,1.10965,0.754952,0,0.0
1900-01-01 15:01:37.330,21.87781,-2.663428,22.230851,-2.843761,0.257379,0.904817,1.109145,1.372591,0,0.0
1900-01-01 15:01:38.330,21.879254,-2.657652,22.229801,-2.83838,0.255588,0.902055,1.106756,1.02841,0,0.0
1900-01-01 15:01:39.330,21.886342,-2.65109,22.2277,-2.820661,0.256701,0.903488,1.107014,0.863392,0,0.0
1900-01-01 15:01:40.330,21.893955,-2.632452,22.234658,-2.831161,0.256418,0.904239,1.10886,1.188714,0,0.0
1900-01-01 15:01:41.330,21.87269,-2.635995,22.223237,-2.813048,0.256323,0.902732,1.107317,0.740807,0,0.0
1900-01-01 15:01:42.330,21.881354,-2.626808,22.222712,-2.815805,0.25708,0.904654,1.109632,0.886966,0,0.0
1900-01-01 15:01:43.330,21.88516,-2.617751,22.224681,-2.792705,0.256917,0.903551,1.107427,0.985977,0,0.0
1900-01-01 15:01:44.330,21.866652,-2.616832,22.211554,-2.797299,0.256775,0.903819,1.109706,1.014266,0,0.0
1900-01-01 15:01:45.330,21.872034,-2.606463,22.215886,-2.792836,0.256964,0.905347,1.110422,0.915255,0,0.0
1900-01-01 15:01:46.330,21.87059,-2.601213,22.211816,-2.771311,0.25719,0.903803,1.10784,1.245292,0,0.0
1900-01-01 15:01:47.330,21.86744,-2.597932,22.204859,-2.783124,0.256392,0.903247,1.107445,0.849248,0,0.0
1900-01-01 15:01:48.330,21.855758,-2.592419,22.200001,-2.762124,0.256575,0.903903,1.108327,0.985977,0,0.0
1900-01-01 15:01:49.330,21.859039,-2.5852,22.203808,-2.752543,0.256969,0.904869,1.108796,1.066129,0,0.0
1900-01-01 15:01:50.330,21.862977,-2.577587,22.202889,-2.747686,0.256675,0.904906,1.109669,0.938829,0,0.0
1900-01-01 15:01:51.330,21.860877,-2.570893,22.204202,-2.745586,0.256103,0.903037,1.108116,1.122707,0,0.0
1900-01-01 15:01:52.330,21.881354,-2.547136,22.217592,-2.74073,0.256623,0.9029,1.107877,1.084988,0,0.0
1900-01-01 15:01:53.330,21.876366,-2.54858,22.213391,-2.73968,0.255793,0.90353,1.108116,0.717233,0,0.0
1900-01-01 15:01:54.330,21.856152,-2.549236,22.200789,-2.709624,0.256743,0.904502,1.10886,0.797385,0,0.0
1900-01-01 15:01:55.330,21.862846,-2.539655,22.204071,-2.700962,0.256502,0.903871,1.108309,1.268866,0,0.0
1900-01-01 15:01:56.330,21.869278,-2.531255,22.210897,-2.694662,0.256743,0.902438,1.106646,1.217003,0,0.0
1900-01-01 15:01:57.330,21.862452,-2.52968,22.20814,-2.707131,0.257227,0.904066,1.10841,1.066129,0,0.0
1900-01-01 15:01:58.330,21.856283,-2.524561,22.204596,-2.703718,0.257657,0.906733,1.109926,0.905825,0,0.0
1900-01-01 15:01:59.330,21.859958,-2.51301,22.204465,-2.687968,0.25594,0.90259,1.107133,1.009551,0,0.0
1900-01-01 15:02:00.330,21.861533,-2.50461,22.204202,-2.697418,0.256376,0.904927,1.108713,1.089703,0,0.0
1900-01-01 15:02:01.330,21.84867,-2.50356,22.206959,-2.678912,0.256827,0.903635,1.107464,0.844533,0,0.0
1900-01-01 15:02:02.330,21.867046,-2.494766,22.217592,-2.669331,0.255919,0.903646,1.108107,1.023696,0,0.0
1900-01-01 15:02:03.330,21.859696,-2.489384,22.213785,-2.672612,0.256691,0.903294,1.107317,0.91997,0,0.0
1900-01-01 15:02:04.330,21.857333,-2.482428,22.216673,-2.655418,0.256623,0.904449,1.109889,1.070844,0,0.0
1900-01-01 15:02:05.330,21.857989,-2.470484,22.219167,-2.658437,0.257804,0.904575,1.108594,1.056699,0,0.0
1900-01-01 15:02:06.330,21.847882,-2.470221,22.21733,-2.649118,0.25636,0.902737,1.106986,0.981262,0,0.0
1900-01-01 15:02:07.330,21.848276,-2.464184,22.214048,-2.656468,0.256329,0.904622,1.110551,0.924685,0,0.0
1900-01-01 15:02:08.330,21.852607,-2.456308,22.220611,-2.631531,0.256176,0.902916,1.108043,1.103847,0,0.0
1900-01-01 15:02:09.330,21.854576,-2.448433,22.221268,-2.624837,0.255651,0.902601,1.106619,1.169855,0,0.0
1900-01-01 15:02:10.330,21.844338,-2.444102,22.219036,-2.604231,0.256843,0.901903,1.106563,0.882251,0,0.0
1900-01-01 15:02:11.330,21.843025,-2.435045,22.223499,-2.5999,0.257148,0.90436,1.108428,1.061414,0,0.0
1900-01-01 15:02:12.330,21.843682,-2.428745,22.225337,-2.614206,0.257148,0.904097,1.109209,0.608793,0,0.0
1900-01-01 15:02:13.330,21.844601,-2.41772,22.2256,-2.606331,0.255945,0.903787,1.107335,0.721948,0,0.0
1900-01-01 15:02:14.330,21.841713,-2.410763,22.222318,-2.593469,0.256654,0.903462,1.108658,0.79267,0,0.0
1900-01-01 15:02:15.330,21.830818,-2.410238,22.219167,-2.568663,0.255609,0.900616,1.10513,1.264151,0,0.0
1900-01-01 15:02:16.330,21.844207,-2.401838,22.226387,-2.5705,0.256891,0.904449,1.110367,0.952974,0,0.0
1900-01-01 15:02:17.330,21.842369,-2.397244,22.229538,-2.5705,0.255898,0.90415,1.108364,1.023696,0,0.0
1900-01-01 15:02:18.330,21.847488,-2.384775,22.230982,-2.562363,0.256486,0.903367,1.107905,1.212288,0,0.0
1900-01-01 15:02:19.330,21.855233,-2.373881,22.236364,-2.552257,0.256533,0.903651,1.109485,1.066129,0,0.0
1900-01-01 15:02:20.330,21.859302,-2.374537,22.235183,-2.542413,0.255867,0.902774,1.107942,0.971833,0,0.0
1900-01-01 15:02:21.330,21.843813,-2.369943,22.233082,-2.543201,0.256077,0.902863,1.108318,0.896396,0,0.0
1900-01-01 15:02:22.330,21.852739,-2.356949,22.23387,-2.536507,0.256397,0.90447,1.109926,0.820959,0,0.0
1900-01-01 15:02:23.330,21.847882,-2.349336,22.239646,-2.535457,0.256449,0.90446,1.108658,0.91054,0,0.0
1900-01-01 15:02:24.330,21.835806,-2.348811,22.227044,-2.530732,0.256539,0.90289,1.107602,1.202858,0,0.0
1900-01-01 15:02:25.330,21.840925,-2.347367,22.22875,-2.503826,0.255389,0.903052,1.107445,1.122707,0,0.0
1900-01-01 15:02:26.330,21.857333,-2.329648,22.240696,-2.518394,0.256518,0.905457,1.109972,0.924685,0,0.0
1900-01-01 15:02:27.330,21.835018,-2.330173,22.230588,-2.495163,0.256943,0.905678,1.110762,1.259436,0,0.0
1900-01-01 15:02:28.330,21.833312,-2.327942,22.23597,-2.489257,0.256696,0.904664,1.109586,1.429169,0,0.0
1900-01-01 15:02:29.330,21.825961,-2.321379,22.234658,-2.495032,0.255583,0.904349,1.108722,0.561644,0,0.0
1900-01-01 15:02:30.330,21.836856,-2.311141,22.239777,-2.485713,0.256355,0.903646,1.107942,0.637081,0,0.0
1900-01-01 15:02:31.330,21.854576,-2.299459,22.250936,-2.490438,0.255903,0.903814,1.108392,0.896396,0,0.0
1900-01-01 15:02:32.330,21.830293,-2.298934,22.239121,-2.471276,0.256008,0.903336,1.1083,0.891681,0,0.0
1900-01-01 15:02:33.330,21.842369,-2.283184,22.247785,-2.475607,0.25594,0.904412,1.109706,0.580504,0,0.0
1900-01-01 15:02:34.330,21.8404,-2.283971,22.245291,-2.470751,0.256523,0.903682,1.108272,0.618222,0,0.0
1900-01-01 15:02:35.330,21.839088,-2.278459,22.250936,-2.456576,0.255284,0.902627,1.106784,0.967118,0,0.0
1900-01-01 15:02:36.330,21.829637,-2.272027,22.249885,-2.444239,0.256397,0.903845,1.107363,1.075559,0,0.0
1900-01-01 15:02:37.330,21.818348,-2.266383,22.24214,-2.454082,0.256381,0.903152,1.10819,1.023696,0,0.0
1900-01-01 15:02:38.330,21.837119,-2.257327,22.248573,-2.449751,0.255315,0.90216,1.106233,0.839818,0,0.0
1900-01-01 15:02:39.330,21.841056,-2.244726,22.257237,-2.43492,0.25667,0.903378,1.10785,0.8021,0,0.0
1900-01-01 15:02:40.330,21.828455,-2.249583,22.24936,-2.437414,0.256203,0.90247,1.106821,0.820959,0,0.0
1900-01-01 15:02:41.330,21.833312,-2.241314,22.256843,-2.422189,0.256392,0.904207,1.107969,0.934114,0,0.0
1900-01-01 15:02:42.330,21.833575,-2.224907,22.256318,-2.40657,0.256281,0.903934,1.108125,0.896396,0,0.0
1900-01-01 15:02:43.330,21.821761,-2.237901,22.251986,-2.405389,0.255667,0.903551,1.107473,1.141566,0,0.0
1900-01-01 15:02:44.330,21.830949,-2.225563,22.261831,-2.399352,0.255357,0.904313,1.108805,0.886966,0,0.0
1900-01-01 15:02:45.330,21.805091,-2.229632,22.242928,-2.394889,0.255352,0.902349,1.107179,1.04727,0,0.0
1900-01-01 15:02:46.330,21.83725,-2.206269,22.267213,-2.377958,0.256365,0.903719,1.108107,1.113277,0,0.0
1900-01-01 15:02:47.330,21.825305,-2.209157,22.257368,-2.364439,0.25604,0.904092,1.108594,0.797385,0,0.0
1900-01-01 15:02:48.330,21.833312,-2.196687,22.264588,-2.367327,0.255153,0.902218,1.106536,1.150995,0,0.0
1900-01-01 15:02:49.330,21.819398,-2.195244,22.257499,-2.348164,0.256266,0.904439,1.108346,0.962403,0,0.0
1900-01-01 15:02:50.330,21.822417,-2.186975,22.263669,-2.358008,0.255746,0.903514,1.108355,1.301869,0,0.0
1900-01-01 15:02:51.330,21.833706,-2.17398,22.267607,-2.339502,0.255998,0.90531,1.108897,1.141566,0,0.0
1900-01-01 15:02:52.330,21.821236,-2.172143,22.263669,-2.343177,0.256381,0.904507,1.108768,0.891681,0,0.0
1900-01-01 15:02:53.330,21.829899,-2.168468,22.263407,-2.322571,0.255699,0.90353,1.109494,0.924685,0,0.0
1900-01-01 15:02:54.330,21.818217,-2.168468,22.261569,-2.33084,0.256549,0.904376,1.109549,0.990692,0,0.0
1900-01-01 15:02:55.330,21.825436,-2.154161,22.271677,-2.331496,0.25563,0.902512,1.107023,1.042555,0,0.0
1900-01-01 15:02:56.330,21.839219,-2.143136,22.26997,-2.320208,0.255557,0.903735,1.108557,0.967118,0,0.0
1900-01-01 15:02:57.330,21.829637,-2.141429,22.273252,-2.309052,0.255126,0.902176,1.106784,0.882251,0,0.0
1900-01-01 15:02:58.330,21.826486,-2.137098,22.265769,-2.283721,0.256019,0.904969,1.108428,0.868107,0,0.0
1900-01-01 15:02:59.330,21.840663,-2.12266,22.279159,-2.298946,0.256827,0.905426,1.110927,0.886966,0,0.0
1900-01-01 15:03:00.330,21.811391,-2.126991,22.268001,-2.298421,0.256428,0.903499,1.108199,0.858677,0,0.0
1900-01-01 15:03:01.330,21.820973,-2.115966,22.271677,-2.282802,0.25542,0.903289,1.107657,0.952974,0,0.0
1900-01-01 15:03:02.330,21.834231,-2.105203,22.278372,-2.28464,0.255788,0.903562,1.109062,0.967118,0,0.0
1900-01-01 15:03:03.330,21.807847,-2.110322,22.268789,-2.285034,0.25563,0.904591,1.108484,1.009551,0,0.0
1900-01-01 15:03:04.330,21.845257,-2.085252,22.286642,-2.261409,0.254664,0.903793,1.109035,0.915255,0,0.0
1900-01-01 15:03:05.330,21.829637,-2.089321,22.27719,-2.257078,0.257032,0.905977,1.111451,1.042555,0,0.0
1900-01-01 15:03:06.330,21.827668,-2.082102,22.274696,-2.252221,0.2553,0.904922,1.109954,0.853963,0,0.0
1900-01-01 15:03:07.330,21.817167,-2.082102,22.269314,-2.23634,0.255867,0.903283,1.109016,0.773811,0,0.0
1900-01-01 15:03:08.330,21.828587,-2.069633,22.266951,-2.233978,0.255321,0.902858,1.107289,0.990692,0,0.0
1900-01-01 15:03:09.330,21.815723,-2.066746,22.267607,-2.222559,0.255594,0.902869,1.1083,1.169855,0,0.0
1900-01-01 15:03:10.330,21.83003,-2.054145,22.273383,-2.225053,0.255562,0.903199,1.108263,1.009551,0,0.0
1900-01-01 15:03:11.330,21.830556,-2.052439,22.270758,-2.211928,0.254927,0.902491,1.108052,0.995407,0,0.0
1900-01-01 15:03:12.330,21.818873,-2.052176,22.267476,-2.217703,0.255657,0.903982,1.108346,0.816244,0,0.0
1900-01-01 15:03:13.330,21.833181,-2.03262,22.274433,-2.204578,0.255636,0.904827,1.109623,0.820959,0,0.0
1900-01-01 15:03:14.330,21.818479,-2.034457,22.271152,-2.198016,0.256082,0.905604,1.110395,1.363162,0,0.0
1900-01-01 15:03:15.330,21.838037,-2.015819,22.277847,-2.200247,0.256334,0.904397,1.108456,0.990692,0,0.0
1900-01-01 15:03:16.330,21.821105,-2.021594,22.270627,-2.183447,0.255819,0.904743,1.110496,1.023696,0,0.0
1900-01-01 15:03:17.330,21.828455,-2.009781,22.27614,-2.182791,0.255237,0.9051,1.109797,0.825674,0,0.0
1900-01-01 15:03:18.330,21.846044,-1.999281,22.283229,-2.189747,0.255279,0.901651,1.105516,1.023696,0,0.0
1900-01-01 15:03:19.330,21.836987,-1.998625,22.282047,-2.17006,0.255835,0.904622,1.107813,0.750237,0,0.0
1900-01-01 15:03:20.330,21.838169,-1.994818,22.281785,-2.150897,0.255625,0.902606,1.106793,0.971833,0,0.0
1900-01-01 15:03:21.330,21.832393,-1.986418,22.277847,-2.155753,0.255683,0.901572,1.106729,1.240577,0,0.0
1900-01-01 15:03:22.330,21.848145,-1.97408,22.291893,-2.159822,0.255683,0.904123,1.109457,0.853963,0,0.0
1900-01-01 15:03:23.330,21.837906,-1.972505,22.283491,-2.138822,0.25542,0.90353,1.109136,1.014266,0,0.0
1900-01-01 15:03:24.330,21.838431,-1.969617,22.285986,-2.140135,0.256213,0.9052,1.109476,1.136851,0,0.0
1900-01-01 15:03:25.330,21.832656,-1.961217,22.280735,-2.12491,0.255426,0.903126,1.107693,1.056699,0,0.0
1900-01-01 15:03:26.330,21.83305,-1.955048,22.284016,-2.124254,0.254822,0.902921,1.107675,0.971833,0,0.0
1900-01-01 15:03:27.330,21.847882,-1.936279,22.292024,-2.109422,0.255363,0.90458,1.109209,0.967118,0,0.0
1900-01-01 15:03:28.330,21.841056,-1.944548,22.285592,-2.122416,0.255867,0.902821,1.10762,0.778526,0,0.0
1900-01-01 15:03:29.330,21.826224,-1.937198,22.281522,-2.112966,0.255909,0.904754,1.108419,0.745522,0,0.0
1900-01-01 15:03:30.330,21.830293,-1.927616,22.289792,-2.10706,0.255583,0.9029,1.107877,1.051984,0,0.0
1900-01-01 15:03:31.330,21.82688,-1.922366,22.291499,-2.099579,0.254754,0.903163,1.108337,1.009551,0,0.0
1900-01-01 15:03:32.330,21.817036,-1.922891,22.282441,-2.092491,0.254748,0.903037,1.107004,0.872822,0,0.0
1900-01-01 15:03:33.330,21.826486,-1.902678,22.295831,-2.081598,0.255457,0.903546,1.107592,1.127421,0,0.0
1900-01-01 15:03:34.330,21.811654,-1.911209,22.285854,-2.059548,0.255489,0.904554,1.108998,0.901111,0,0.0
1900-01-01 15:03:35.330,21.811129,-1.902546,22.282047,-2.072017,0.255835,0.903525,1.108585,1.000122,0,0.0
1900-01-01 15:03:36.330,21.804303,-1.900053,22.284935,-2.059548,0.255767,0.904801,1.10965,1.113277,0,0.0
1900-01-01 15:03:37.330,21.806272,-1.893621,22.280603,-2.043535,0.255688,0.905,1.11022,0.976548,0,0.0
1900-01-01 15:03:38.330,21.820842,-1.875771,22.295175,-2.060467,0.255179,0.903341,1.107253,0.934114,0,0.0
1900-01-01 15:03:39.330,21.812048,-1.875377,22.295043,-2.035529,0.255594,0.904412,1.110689,0.797385,0,0.0
1900-01-01 15:03:40.330,21.82793,-1.863826,22.295831,-2.039336,0.2552,0.904423,1.109595,1.042555,0,0.0
1900-01-01 15:03:41.330,21.813492,-1.864351,22.287823,-2.025554,0.255846,0.905399,1.110395,0.934114,0,0.0
1900-01-01 15:03:42.330,21.816248,-1.856214,22.29268,-2.046292,0.256266,0.904612,1.108943,0.651226,0,0.0
1900-01-01 15:03:43.330,21.808241,-1.84952,22.287036,-1.992873,0.255336,0.901971,1.10672,1.254721,0,0.0
1900-01-01 15:03:44.330,21.830162,-1.831669,22.302789,-2.009542,0.255426,0.903446,1.108796,1.240577,0,0.0
1900-01-01 15:03:45.330,21.82688,-1.827732,22.304101,-2.001536,0.255231,0.903168,1.108575,0.981262,0,0.0
1900-01-01 15:03:46.330,21.819661,-1.827338,22.296094,-1.990248,0.255662,0.904591,1.108943,0.938829,0,0.0
1900-01-01 15:03:47.330,21.815329,-1.821038,22.297931,-1.996548,0.254717,0.903325,1.107776,1.245292,0,0.0
1900-01-01 15:03:48.330,21.802072,-1.816312,22.291236,-1.97568,0.254927,0.902081,1.107289,0.693659,0,0.0
1900-01-01 15:03:49.330,21.806403,-1.81605,22.296881,-1.971086,0.255987,0.904696,1.110238,1.117992,0,0.0
1900-01-01 15:03:50.330,21.813098,-1.807781,22.301082,-1.984211,0.255567,0.903409,1.10762,1.17457,0,0.0
1900-01-01 15:03:51.330,21.813098,-1.795706,22.298719,-1.951661,0.254628,0.903247,1.108245,1.066129,0,0.0
1900-01-01 15:03:52.330,21.807716,-1.792555,22.300426,-1.965049,0.255452,0.901918,1.105828,0.896396,0,0.0
1900-01-01 15:03:53.330,21.817036,-1.78048,22.302657,-1.958224,0.255242,0.90416,1.107831,0.863392,0,0.0
1900-01-01 15:03:54.330,21.780676,-1.790193,22.285198,-1.933943,0.255268,0.904827,1.109503,0.877537,0,0.0
1900-01-01 15:03:55.330,21.780151,-1.790718,22.287036,-1.949824,0.255426,0.905342,1.110762,0.726663,0,0.0
1900-01-01 15:03:56.330,21.798922,-1.766698,22.29675,-1.934205,0.256113,0.904139,1.109016,1.075559,0,0.0
1900-01-01 15:03:57.330,21.803122,-1.75541,22.303839,-1.926461,0.254512,0.900884,1.105443,1.268866,0,0.0
1900-01-01 15:03:58.330,21.807322,-1.757379,22.300951,-1.940111,0.255394,0.904523,1.108327,0.91054,0,0.0
1900-01-01 15:03:59.330,21.797215,-1.750948,22.298194,-1.915174,0.255636,0.90583,1.11022,0.764381,0,0.0
1900-01-01 15:04:00.330,21.808635,-1.74596,22.300032,-1.922393,0.25488,0.903656,1.107969,0.915255,0,0.0
1900-01-01 15:04:01.330,21.795115,-1.750029,22.291893,-1.88643,0.25551,0.903509,1.108392,0.91997,0,0.0
1900-01-01 15:04:02.330,21.804172,-1.732047,22.301082,-1.887612,0.25541,0.902653,1.107243,0.971833,0,0.0
1900-01-01 15:04:03.330,21.785664,-1.738872,22.293862,-1.906118,0.254796,0.902837,1.108098,1.103847,0,0.0
1900-01-01 15:04:04.330,21.794852,-1.725222,22.297144,-1.888924,0.256176,0.905158,1.109807,1.127421,0,0.0
1900-01-01 15:04:05.330,21.783826,-1.723516,22.291893,-1.862149,0.255504,0.902606,1.107427,0.981262,0,0.0
1900-01-01 15:04:06.330,21.778051,-1.720497,22.28848,-1.887743,0.255331,0.90154,1.105792,0.957688,0,0.0
1900-01-01 15:04:07.330,21.79564,-1.701202,22.295175,-1.863331,0.255651,0.903047,1.106922,1.235862,0,0.0
1900-01-01 15:04:08.330,21.797215,-1.694902,22.302526,-1.863724,0.255504,0.90196,1.1066,1.014266,0,0.0
1900-01-01 15:04:09.330,21.803647,-1.693327,22.296225,-1.861362,0.256455,0.906003,1.109595,1.231147,0,0.0
1900-01-01 15:04:10.330,21.805222,-1.679939,22.298982,-1.854537,0.255641,0.904995,1.109963,0.679515,0,0.0
1900-01-01 15:04:11.330,21.79459,-1.67902,22.296225,-1.836425,0.254596,0.901204,1.104928,1.127421,0,0.0
1900-01-01 15:04:12.330,21.790652,-1.675345,22.294912,-1.837606,0.25594,0.905321,1.109586,1.009551,0,0.0
1900-01-01 15:04:13.330,21.801547,-1.664976,22.293337,-1.840493,0.255447,0.903189,1.107942,1.042555,0,0.0
1900-01-01 15:04:14.330,21.788552,-1.661564,22.286117,-1.823431,0.255688,0.903336,1.107932,0.797385,0,0.0
1900-01-01 15:04:15.330,21.791833,-1.648832,22.286511,-1.802431,0.255767,0.902134,1.107298,1.179284,0,0.0
1900-01-01 15:04:16.330,21.800234,-1.643319,22.287167,-1.816212,0.256166,0.904706,1.109237,1.127421,0,0.0
1900-01-01 15:04:17.330,21.776607,-1.630719,22.280997,-1.817918,0.256113,0.90395,1.108575,0.891681,0,0.0
1900-01-01 15:04:18.330,21.773719,-1.603155,22.27404,-1.78025,0.255725,0.903226,1.108052,0.929399,0,0.0
1900-01-01 15:04:19.330,21.799972,-1.635313,22.284016,-1.806237,0.255599,0.903919,1.108888,0.995407,0,0.0
1900-01-01 15:04:20.330,21.786583,-1.638725,22.275352,-1.787994,0.2552,0.903814,1.107684,0.806814,0,0.0
1900-01-01 15:04:21.330,21.776738,-1.611556,22.270101,-1.778544,0.254969,0.904675,1.109173,1.367877,0,0.0
1900-01-01 15:04:22.330,21.78002,-1.616543,22.274827,-1.772769,0.255867,0.903598,1.107546,0.872822,0,0.0
1900-01-01 15:04:23.330,21.788158,-1.601974,22.275484,-1.770931,0.255121,0.904255,1.108842,1.226432,0,0.0
1900-01-01 15:04:24.330,21.786977,-1.59213,22.276665,-1.754525,0.256182,0.904418,1.108594,0.915255,0,0.0
1900-01-01 15:04:25.330,21.789602,-1.586617,22.280866,-1.755444,0.255221,0.902538,1.107464,0.839818,0,0.0
1900-01-01 15:04:26.330,21.783695,-1.585174,22.280209,-1.758725,0.255814,0.905478,1.109053,0.769096,0,0.0
1900-01-01 15:04:27.330,21.780676,-1.580973,22.276403,-1.745863,0.255562,0.902884,1.107418,0.915255,0,0.0
1900-01-01 15:04:28.330,21.777001,-1.578086,22.269576,-1.741925,0.256092,0.904391,1.109375,0.816244,0,0.0
1900-01-01 15:04:29.330,21.772538,-1.566667,22.270627,-1.729194,0.254649,0.902538,1.10739,1.117992,0,0.0
1900-01-01 15:04:30.330,21.783301,-1.563648,22.274696,-1.713444,0.255074,0.903178,1.106563,0.835103,0,0.0
1900-01-01 15:04:31.330,21.798134,-1.551704,22.283098,-1.717513,0.255888,0.901609,1.106315,0.924685,0,0.0
1900-01-01 15:04:32.330,21.79564,-1.552754,22.281391,-1.711475,0.255851,0.903819,1.108428,0.971833,0,0.0
1900-01-01 15:04:33.330,21.782908,-1.54921,22.277584,-1.707013,0.254433,0.903115,1.108245,1.297155,0,0.0
1900-01-01 15:04:34.330,21.784614,-1.548554,22.27824,-1.710032,0.255273,0.902191,1.10762,0.952974,0,0.0
1900-01-01 15:04:35.330,21.778182,-1.526503,22.273515,-1.682863,0.255914,0.903614,1.109099,0.882251,0,0.0
1900-01-01 15:04:36.330,21.798003,-1.522565,22.28231,-1.686669,0.255531,0.902428,1.107638,1.056699,0,0.0
1900-01-01 15:04:37.330,21.790127,-1.521778,22.273646,-1.681288,0.255263,0.90364,1.109402,0.6748,0,0.0
1900-01-01 15:04:38.330,21.780939,-1.52204,22.268001,-1.682601,0.25584,0.903682,1.108713,0.943544,0,0.0
1900-01-01 15:04:39.330,21.794852,-1.519284,22.274827,-1.677613,0.255284,0.90247,1.107225,0.698374,0,0.0
1900-01-01 15:04:40.330,21.785533,-1.489489,22.276271,-1.663045,0.254958,0.902585,1.107758,0.981262,0,0.0
1900-01-01 15:04:41.330,21.791833,-1.498546,22.269314,-1.665145,0.255903,0.902716,1.108612,0.778526,0,0.0
1900-01-01 15:04:42.330,21.798265,-1.499596,22.281128,-1.66252,0.255762,0.904491,1.109843,1.009551,0,0.0
1900-01-01 15:04:43.330,21.78107,-1.475445,22.274827,-1.645063,0.255315,0.902202,1.106371,0.985977,0,0.0
1900-01-01 15:04:44.330,21.78632,-1.477545,22.27509,-1.639157,0.254895,0.900779,1.106766,1.132136,0,0.0
1900-01-01 15:04:45.330,21.778839,-1.478464,22.271414,-1.646507,0.255021,0.902984,1.109191,0.929399,0,0.0
1900-01-01 15:04:46.330,21.774376,-1.457594,22.266951,-1.634695,0.255394,0.904081,1.10864,1.009551,0,0.0
1900-01-01 15:04:47.330,21.790915,-1.468095,22.27719,-1.631676,0.255636,0.902155,1.107739,1.000122,0,0.0
1900-01-01 15:04:48.330,21.784352,-1.453132,22.274171,-1.617501,0.255126,0.902018,1.106095,1.259436,0,0.0
1900-01-01 15:04:49.330,21.788946,-1.448538,22.273646,-1.618814,0.255615,0.903504,1.107592,1.023696,0,0.0
1900-01-01 15:04:50.330,21.792621,-1.443419,22.27614,-1.616976,0.254937,0.902044,1.105884,0.995407,0,0.0
1900-01-01 15:04:51.330,21.791046,-1.440006,22.27509,-1.60372,0.255153,0.902323,1.106444,0.938829,0,0.0
1900-01-01 15:04:52.330,21.785139,-1.439613,22.273252,-1.612907,0.255184,0.904171,1.108925,1.141566,0,0.0
1900-01-01 15:04:53.330,21.810866,-1.437381,22.289399,-1.602276,0.255231,0.902239,1.106665,0.882251,0,0.0
1900-01-01 15:04:54.330,21.806272,-1.433837,22.283885,-1.60162,0.25521,0.903588,1.108346,1.084988,0,0.0
1900-01-01 15:04:55.330,21.816642,-1.419793,22.289005,-1.581014,0.254906,0.902354,1.107445,0.877537,0,0.0
1900-01-01 15:04:56.330,21.812179,-1.419006,22.287823,-1.585083,0.255158,0.9029,1.108309,0.896396,0,0.0
1900-01-01 15:04:57.330,21.797215,-1.411524,22.28126,-1.582195,0.254853,0.904313,1.108989,1.188714,0,0.0
1900-01-01 15:04:58.330,21.805878,-1.396955,22.286248,-1.568677,0.255825,0.902963,1.107914,1.056699,0,0.0
1900-01-01 15:04:59.330,21.798922,-1.394986,22.283098,-1.555158,0.254549,0.900989,1.106793,1.169855,0,0.0
1900-01-01 15:05:00.330,21.82373,-1.40483,22.29268,-1.555683,0.25437,0.902527,1.107721,0.79267,0,0.0
1900-01-01 15:05:01.330,21.814279,-1.378317,22.285723,-1.543214,0.255179,0.902302,1.107354,0.797385,0,0.0
1900-01-01 15:05:02.330,21.808372,-1.376217,22.284935,-1.539933,0.253305,0.901273,1.107335,1.000122,0,0.0
1900-01-01 15:05:03.330,21.817298,-1.375692,22.286511,-1.528121,0.254811,0.901682,1.105994,1.056699,0,0.0
1900-01-01 15:05:04.330,21.814017,-1.363879,22.283885,-1.534289,0.254328,0.901325,1.104901,0.985977,0,0.0
1900-01-01 15:05:05.330,21.812573,-1.356791,22.286642,-1.517227,0.255279,0.902638,1.107997,0.868107,0,0.0
1900-01-01 15:05:06.330,21.819792,-1.363485,22.28848,-1.531664,0.254502,0.901939,1.107445,0.830388,0,0.0
1900-01-01 15:05:07.330,21.81231,-1.354691,22.287036,-1.515521,0.254943,0.903084,1.108465,0.651226,0,0.0
1900-01-01 15:05:08.330,21.806403,-1.333953,22.284016,-1.506727,0.254029,0.900616,1.10525,1.02841,0,0.0
1900-01-01 15:05:09.330,21.818611,-1.343797,22.286511,-1.484415,0.254901,0.902827,1.10751,1.033125,0,0.0
1900-01-01 15:05:10.330,21.809554,-1.334872,22.290186,-1.489665,0.255037,0.901036,1.106122,0.844533,0,0.0
1900-01-01 15:05:11.330,21.821761,-1.329753,22.297669,-1.48704,0.2552,0.904024,1.109421,1.004836,0,0.0
1900-01-01 15:05:12.330,21.81953,-1.315184,22.295043,-1.463809,0.254832,0.901514,1.106591,0.91054,0,0.0
1900-01-01 15:05:13.330,21.820973,-1.323978,22.299769,-1.476408,0.25384,0.900201,1.106104,1.141566,0,0.0
1900-01-01 15:05:14.330,21.820973,-1.310458,22.2957,-1.473915,0.254764,0.900868,1.10547,0.726663,0,0.0
1900-01-01 15:05:15.330,21.830687,-1.300483,22.296881,-1.466434,0.254118,0.901493,1.108484,0.976548,0,0.0
1900-01-01 15:05:16.330,21.827011,-1.298645,22.297406,-1.461577,0.254969,0.903782,1.109696,0.877537,0,0.0
1900-01-01 15:05:17.330,21.818217,-1.291033,22.288086,-1.454884,0.253425,0.901351,1.107565,0.924685,0,0.0
1900-01-01 15:05:18.330,21.825699,-1.273838,22.29268,-1.43664,0.254192,0.902417,1.107179,0.896396,0,0.0
1900-01-01 15:05:19.330,21.817692,-1.267801,22.288348,-1.42509,0.254271,0.903205,1.108998,1.221718,0,0.0
1900-01-01 15:05:20.330,21.843288,-1.271607,22.306727,-1.431259,0.254559,0.902627,1.108355,0.971833,0,0.0
1900-01-01 15:05:21.330,21.843288,-1.266226,22.303051,-1.425615,0.252916,0.900501,1.106903,0.957688,0,0.0
1900-01-01 15:05:22.330,21.818479,-1.244569,22.292287,-1.407765,0.254376,0.90248,1.108318,1.212288,0,0.0
1900-01-01 15:05:23.330,21.836987,-1.257432,22.300688,-1.41879,0.254292,0.90163,1.10728,0.891681,0,0.0
1900-01-01 15:05:24.330,21.826224,-1.248506,22.296881,-1.408684,0.253756,0.901813,1.106802,1.212288,0,0.0
1900-01-01 15:05:25.330,21.836987,-1.235906,22.298982,-1.403697,0.255016,0.901792,1.107886,0.618222,0,0.0
1900-01-01 15:05:26.330,21.832656,-1.232362,22.294256,-1.405403,0.253982,0.901204,1.106389,0.976548,0,0.0
1900-01-01 15:05:27.330,21.841713,-1.230787,22.296487,-1.401597,0.254733,0.901556,1.107354,1.056699,0,0.0
1900-01-01 15:05:28.330,21.829505,-1.208736,22.296356,-1.381515,0.25405,0.901173,1.105332,1.014266,0,0.0
1900-01-01 15:05:29.330,21.834231,-1.221074,22.297669,-1.385453,0.253704,0.900695,1.105617,0.915255,0,0.0
1900-01-01 15:05:30.330,21.82898,-1.224356,22.287823,-1.375084,0.254916,0.902029,1.106214,0.820959,0,0.0
1900-01-01 15:05:31.330,21.829374,-1.21543,22.292024,-1.381909,0.254402,0.903425,1.109219,0.995407,0,0.0
1900-01-01 15:05:32.330,21.845913,-1.196661,22.298063,-1.378759,0.255525,0.902118,1.106132,0.948259,0,0.0
1900-01-01 15:05:33.330,21.836462,-1.201255,22.289267,-1.364847,0.254407,0.902454,1.107703,1.066129,0,0.0
1900-01-01 15:05:34.330,21.827799,-1.189048,22.291762,-1.346341,0.254433,0.901908,1.106903,1.051984,0,0.0
1900-01-01 15:05:35.330,21.837381,-1.188654,22.290055,-1.346734,0.254055,0.902979,1.108107,0.637081,0,0.0
1900-01-01 15:05:36.330,21.846044,-1.172248,22.299113,-1.354741,0.253362,0.903535,1.107767,0.91054,0,0.0
1900-01-01 15:05:37.330,21.837644,-1.172773,22.291762,-1.354872,0.253572,0.902737,1.107427,1.245292,0,0.0
1900-01-01 15:05:38.330,21.83725,-1.167522,22.290711,-1.331378,0.25499,0.903588,1.108098,1.070844,0,0.0
1900-01-01 15:05:39.330,21.833706,-1.160828,22.296881,-1.324816,0.254008,0.902606,1.107096,0.863392,0,0.0
1900-01-01 15:05:40.330,21.83515,-1.157941,22.292024,-1.306966,0.254607,0.902454,1.106756,0.820959,0,0.0
1900-01-01 15:05:41.330,21.841844,-1.148884,22.29465,-1.314578,0.253031,0.901913,1.107409,0.905825,0,0.0
1900-01-01 15:05:42.330,21.841713,-1.138384,22.299507,-1.306572,0.253389,0.901288,1.106315,0.971833,0,0.0
1900-01-01 15:05:43.330,21.82268,-1.145078,22.286904,-1.29791,0.254208,0.90259,1.107896,0.938829,0,0.0
1900-01-01 15:05:44.330,21.82268,-1.138384,22.291368,-1.301454,0.254617,0.903493,1.108548,0.872822,0,0.0
1900-01-01 15:05:45.330,21.812573,-1.13484,22.28743,-1.290035,0.253394,0.902627,1.106527,0.872822,0,0.0
1900-01-01 15:05:46.330,21.805878,-1.131296,22.285723,-1.273104,0.25331,0.901924,1.106986,0.948259,0,0.0
1900-01-01 15:05:47.330,21.823336,-1.12224,22.291105,-1.278879,0.254554,0.903404,1.109513,0.901111,0,0.0
1900-01-01 15:05:48.330,21.832262,-1.10137,22.298194,-1.263916,0.254654,0.9051,1.109908,0.952974,0,0.0
1900-01-01 15:05:49.330,21.823467,-1.104389,22.289792,-1.254991,0.253499,0.903803,1.109889,1.04727,0,0.0
1900-01-01 15:05:50.330,21.834756,-1.091132,22.295831,-1.267198,0.253142,0.902008,1.107253,0.929399,0,0.0
1900-01-01 15:05:51.330,21.813098,-1.098614,22.286642,-1.247773,0.254512,0.900831,1.107445,1.127421,0,0.0
1900-01-01 15:05:52.330,21.813754,-1.090739,22.286642,-1.246591,0.254034,0.901924,1.106674,0.995407,0,0.0
1900-01-01 15:05:53.330,21.823992,-1.08142,22.289399,-1.251054,0.253819,0.902333,1.107142,0.764381,0,0.0
1900-01-01 15:05:54.330,21.824124,-1.076694,22.28953,-1.237404,0.253767,0.904034,1.108144,1.094418,0,0.0
1900-01-01 15:05:55.330,21.815067,-1.079188,22.282441,-1.246591,0.253326,0.903887,1.109356,1.108562,0,0.0
1900-01-01 15:05:56.330,21.813885,-1.068819,22.281391,-1.222048,0.253436,0.903257,1.107749,0.91054,0,0.0
1900-01-01 15:05:57.330,21.832393,-1.049394,22.296487,-1.21496,0.253887,0.901593,1.105709,0.929399,0,0.0
1900-01-01 15:05:58.330,21.818217,-1.053594,22.290974,-1.212729,0.253877,0.902333,1.106683,0.745522,0,0.0
1900-01-01 15:05:59.330,21.81546,-1.052412,22.289136,-1.21181,0.253845,0.901887,1.106472,1.042555,0,0.0
1900-01-01 15:06:00.330,21.801941,-1.049525,22.283098,-1.218504,0.254265,0.904087,1.108869,1.339588,0,0.0
1900-01-01 15:06:01.330,21.818086,-1.040993,22.29163,-1.204854,0.25395,0.903509,1.108833,0.863392,0,0.0
1900-01-01 15:06:02.330,21.813098,-1.032068,22.285986,-1.193042,0.25331,0.902291,1.106398,0.816244,0,0.0
1900-01-01 15:06:03.330,21.820448,-1.024718,22.288874,-1.163773,0.253604,0.903551,1.108869,1.04727,0,0.0
1900-01-01 15:06:04.330,21.821498,-1.019993,22.294124,-1.180704,0.253336,0.903205,1.107308,0.764381,0,0.0
1900-01-01 15:06:05.330,21.818348,-1.022224,22.291105,-1.185167,0.25374,0.902086,1.106416,0.943544,0,0.0
1900-01-01 15:06:06.330,21.815592,-1.01448,22.287823,-1.172698,0.252706,0.901561,1.105948,1.023696,0,0.0
1900-01-01 15:06:07.330,21.816642,-1.006867,22.289136,-1.158786,0.254302,0.903446,1.108015,1.207573,0,0.0
1900-01-01 15:06:08.330,21.810998,-1.003323,22.286248,-1.16233,0.253483,0.903026,1.108346,0.6748,0,0.0
1900-01-01 15:06:09.330,21.819136,-0.994529,22.288874,-1.15498,0.253247,0.903205,1.107877,1.04727,0,0.0
1900-01-01 15:06:10.330,21.815067,-0.989148,22.290318,-1.136867,0.253898,0.902611,1.108888,0.877537,0,0.0
1900-01-01 15:06:11.330,21.808241,-0.990067,22.284016,-1.132536,0.253504,0.901966,1.106527,1.03784,0,0.0
1900-01-01 15:06:12.330,21.819136,-0.981404,22.288217,-1.156423,0.254139,0.902527,1.107436,1.089703,0,0.0
1900-01-01 15:06:13.330,21.847357,-0.957909,22.306595,-1.144217,0.253294,0.901661,1.107161,1.136851,0,0.0
1900-01-01 15:06:14.330,21.833575,-0.961191,22.298719,-1.13503,0.253688,0.902485,1.10739,1.075559,0,0.0
1900-01-01 15:06:15.330,21.814279,-0.964078,22.291499,-1.124399,0.254271,0.902365,1.106784,0.849248,0,0.0
1900-01-01 15:06:16.330,21.817298,-0.960534,22.294912,-1.112717,0.253436,0.901089,1.105149,1.099133,0,0.0
1900-01-01 15:06:17.330,21.83305,-0.954497,22.298982,-1.117049,0.253641,0.900459,1.105038,0.712518,0,0.0
1900-01-01 15:06:18.330,21.811523,-0.940715,22.289924,-1.109436,0.253924,0.901619,1.106499,0.571074,0,0.0
1900-01-01 15:06:19.330,21.831343,-0.941371,22.302132,-1.097493,0.24965,0.883678,1.086012,0.787955,0,0.0
1900-01-01 15:06:20.330,21.826224,-0.933234,22.296881,-1.074918,0.241486,0.85152,1.047149,1.325443,0,0.0
1900-01-01 15:06:21.330,21.80811,-0.934152,22.288348,-1.074524,0.236036,0.822107,1.013037,1.150995,0,0.0
1900-01-01 15:06:22.330,21.825174,-0.919977,22.295306,-1.068224,0.230061,0.792914,0.979908,1.113277,0,0.0
1900-01-01 15:06:23.330,21.805222,-0.926015,22.281128,-1.067962,0.223236,0.764195,0.944013,1.033125,0,0.0
1900-01-01 15:06:24.330,21.831999,-0.905408,22.293337,-1.060874,0.216499,0.733874,0.910829,0.853963,0,0.0
1900-01-01 15:06:25.330,21.820448,-0.913283,22.290318,-1.072424,0.212042,0.71094,0.88086,0.684229,0,0.0
1900-01-01 15:06:26.330,21.822155,-0.908295,22.288874,-1.070455,0.206167,0.68326,0.850487,0.599363,0,0.0
1900-01-01 15:06:27.330,21.828324,-0.894776,22.297538,-1.045387,0.200124,0.657417,0.819617,1.014266,0,0.0
1900-01-01 15:06:28.330,21.825568,-0.899107,22.293468,-1.04683,0.194374,0.632472,0.790438,0.858677,0,0.0
1900-01-01 15:06:29.330,21.822811,-0.892413,22.289267,-1.041449,0.189859,0.60947,0.764053,0.787955,0,0.0
1900-01-01 15:06:30.330,21.828062,-0.891626,22.292812,-1.043418,0.183207,0.58578,0.735985,0.8021,0,0.0
1900-01-01 15:06:31.330,21.808504,-0.893332,22.28848,-1.041055,0.1797,0.5646,0.710509,0.948259,0,0.0
1900-01-01 15:06:32.330,21.817823,-0.881126,22.289924,-1.028718,0.173898,0.540548,0.683453,0.830388,0,0.0
1900-01-01 15:06:33.330,21.826355,-0.8743,22.300951,-1.023074,0.169283,0.519069,0.659088,1.03784,0,0.0
1900-01-01 15:06:34.330,21.813885,-0.877057,22.293599,-1.024649,0.164164,0.496534,0.633428,0.6748,0,0.0
1900-01-01 15:06:35.330,21.821761,-0.868788,22.300032,-1.020318,0.159344,0.47623,0.609431,0.924685,0,0.0
1900-01-01 15:06:36.330,21.82793,-0.861306,22.304889,-1.023206,0.155018,0.456988,0.587097,1.094418,0,0.0
1900-01-01 15:06:37.330,21.82268,-0.8659,22.308171,-1.013624,0.151379,0.438847,0.565993,0.882251,0,0.0
1900-01-01 15:06:38.330,21.819136,-0.860256,22.30187,-1.018087,0.147468,0.422477,0.546397,1.02841,0,0.0
1900-01-01 15:06:39.330,21.830556,-0.856187,22.316178,-1.015199,0.145063,0.409183,0.531578,0.967118,0,0.0
1900-01-01 15:06:40.330,21.826093,-0.864325,22.307514,-1.011524,0.145152,0.408721,0.531357,0.618222,0,0.0
1900-01-01 15:06:41.330,21.832918,-0.854218,22.313684,-1.001156,0.144323,0.408868,0.529942,1.089703,0,0.0
1900-01-01 15:06:42.330,21.835018,-0.848575,22.315653,-0.989737,0.143855,0.407124,0.529538,1.014266,0,0.0
1900-01-01 15:06:43.330,21.831868,-0.849362,22.314209,-0.997612,0.144228,0.408505,0.530843,0.981262,0,0.0
1900-01-01 15:06:44.330,21.832787,-0.849887,22.314866,-0.990656,0.144338,0.40713,0.528252,0.91997,0,0.0
1900-01-01 15:06:45.330,21.839744,-0.849362,22.318541,-0.989212,0.143467,0.405176,0.526268,0.646511,0,0.0
1900-01-01 15:06:46.330,21.843419,-0.83768,22.328256,-0.981468,0.144102,0.405381,0.526975,1.084988,0,0.0
1900-01-01 15:06:47.330,21.848013,-0.833349,22.324055,-0.988556,0.143425,0.404483,0.526901,1.033125,0,0.0
1900-01-01 15:06:48.330,21.847488,-0.83348,22.319723,-0.981993,0.144464,0.405791,0.527177,1.070844,0,0.0
1900-01-01 15:06:49.330,21.840794,-0.82928,22.323005,-0.9753,0.143971,0.406232,0.527361,0.924685,0,0.0
1900-01-01 15:06:50.330,21.853526,-0.832299,22.327468,-0.980156,0.143918,0.405759,0.527177,1.117992,0,0.0
1900-01-01 15:06:51.330,21.8425,-0.834399,22.320773,-0.971231,0.143215,0.404809,0.525606,0.858677,0,0.0
1900-01-01 15:06:52.330,21.852345,-0.813005,22.331144,-0.97845,0.142721,0.404756,0.525909,0.967118,0,0.0
1900-01-01 15:06:53.330,21.860221,-0.821405,22.32458,-0.9711,0.143509,0.406683,0.52715,0.905825,0,0.0
1900-01-01 15:06:54.330,21.844469,-0.815892,22.325893,-0.970575,0.14343,0.404909,0.525726,0.670085,0,0.0
1900-01-01 15:06:55.330,21.866784,-0.813661,22.323398,-0.968344,0.143792,0.406731,0.527223,1.066129,0,0.0
1900-01-01 15:06:56.330,21.862583,-0.811955,22.328781,-0.961781,0.142805,0.405155,0.525799,0.91054,0,0.0
1900-01-01 15:06:57.330,21.863765,-0.81038,22.322742,-0.980025,0.143378,0.405964,0.52647,0.929399,0,0.0
1900-01-01 15:06:58.330,21.861927,-0.815761,22.326418,-0.988425,0.142658,0.405035,0.525496,0.877537,0,0.0
1900-01-01 15:06:59.330,21.85497,-0.798435,22.321167,-0.954694,0.142915,0.406368,0.526782,0.971833,0,0.0
1900-01-01 15:07:00.330,21.853789,-0.819699,22.322217,-0.967162,0.143231,0.405402,0.525523,0.962403,0,0.0
1900-01-01 15:07:01.330,21.844732,-0.805523,22.316966,-0.956794,0.142663,0.406263,0.52646,1.108562,0,0.0
1900-01-01 15:07:02.330,21.862583,-0.801323,22.321954,-0.964537,0.142842,0.406326,0.52692,1.075559,0,0.0
1900-01-01 15:07:03.330,21.864158,-0.805392,22.325236,-0.962437,0.141928,0.404746,0.525891,1.033125,0,0.0
1900-01-01 15:07:04.330,21.850507,-0.808279,22.317491,-0.965587,0.142338,0.401832,0.522152,0.830388,0,0.0
1900-01-01 15:07:05.330,21.861533,-0.804867,22.32353,-0.963881,0.141913,0.401417,0.523034,0.872822,0,0.0
1900-01-01 15:07:06.330,21.859433,-0.819305,22.324449,-0.983175,0.142963,0.402357,0.523401,0.948259,0,0.0
1900-01-01 15:07:07.330,21.85602,-0.801848,22.31946,-0.981862,0.142915,0.401401,0.522455,0.891681,0,0.0
1900-01-01 15:07:08.330,21.856283,-0.804473,22.32051,-0.96795,0.141886,0.40126,0.523126,1.16514,0,0.0
1900-01-01 15:07:09.330,21.85182,-0.801585,22.317754,-0.970181,0.142522,0.400278,0.521472,0.703089,0,0.0
1900-01-01 15:07:10.330,21.855495,-0.800667,22.315259,-0.974775,0.143257,0.402772,0.523493,1.056699,0,0.0
1900-01-01 15:07:11.330,21.856152,-0.79896,22.32458,-0.970706,0.142795,0.399716,0.520498,1.004836,0,0.0
1900-01-01 15:07:12.330,21.852739,-0.804736,22.32051,-0.973462,0.142212,0.397317,0.518909,0.382482,0,0.0
1900-01-01 15:07:13.330,21.848276,-0.805129,22.318147,-0.967162,0.142548,0.395878,0.517521,0.608793,0,0.0
1900-01-01 15:07:14.330,21.851689,-0.801717,22.31946,-0.970312,0.142868,0.396771,0.518771,1.042555,0,0.0
1900-01-01 15:07:15.330,21.853133,-0.798698,22.318935,-0.959681,0.142627,0.395852,0.517126,0.924685,0,0.0
1900-01-01 15:07:16.330,21.851295,-0.795417,22.321954,-0.96585,0.142333,0.393237,0.515362,0.967118,0,0.0
1900-01-01 15:07:17.330,21.852739,-0.801848,22.321692,-0.981862,0.142159,0.393757,0.514848,0.882251,0,0.0
1900-01-01 15:07:18.330,21.836462,-0.789773,22.315259,-0.952725,0.142663,0.393736,0.515151,1.099133,0,0.0
1900-01-01 15:07:19.330,21.835543,-0.805392,22.310402,-0.959944,0.142621,0.394623,0.514535,0.952974,0,0.0
1900-01-01 15:07:20.330,21.846176,-0.797779,22.319592,-0.975825,0.142364,0.393421,0.5146,1.042555,0,0.0
1900-01-01 15:07:21.330,21.841319,-0.802898,22.314472,-0.979368,0.141372,0.392838,0.513607,0.995407,0,0.0
1900-01-01 15:07:22.330,21.843944,-0.797517,22.314603,-0.966637,0.14217,0.393027,0.513194,0.764381,0,0.0
1900-01-01 15:07:23.330,21.839088,-0.801717,22.308171,-0.976087,0.142054,0.395069,0.514839,1.018981,0,0.0
1900-01-01 15:07:24.330,21.835543,-0.803029,22.311453,-0.97425,0.142548,0.393195,0.514085,0.816244,0,0.0
1900-01-01 15:07:25.330,21.837775,-0.802898,22.305939,-0.974118,0.142837,0.394098,0.513975,0.91054,0,0.0
1900-01-01 15:07:26.330,21.830818,-0.79581,22.300819,-0.954825,0.142107,0.391856,0.511504,0.896396,0,0.0
1900-01-01 15:07:27.330,21.838037,-0.798567,22.306464,-0.976087,0.140863,0.390502,0.511072,0.660655,0,0.0
1900-01-01 15:07:28.330,21.835806,-0.797517,22.297275,-0.975037,0.140684,0.39057,0.510438,0.853963,0,0.0
1900-01-01 15:07:29.330,21.834756,-0.800404,22.297538,-0.972543,0.140999,0.390685,0.511448,0.957688,0,0.0
1900-01-01 15:07:30.330,21.838694,-0.801979,22.299375,-0.984487,0.141361,0.391919,0.511182,0.787955,0,0.0
1900-01-01 15:07:31.330,21.820842,-0.811692,22.290318,-0.968081,0.141403,0.391814,0.511798,0.759666,0,0.0
1900-01-01 15:07:32.330,21.825305,-0.810905,22.294781,-0.9753,0.141067,0.392575,0.512624,0.868107,0,0.0
1900-01-01 15:07:33.330,21.836725,-0.806573,22.302526,-0.983437,0.141493,0.391935,0.512229,0.901111,0,0.0
1900-01-01 15:07:34.330,21.835937,-0.803817,22.304758,-0.982518,0.141377,0.391882,0.511311,0.8021,0,0.0
1900-01-01 15:07:35.330,21.834493,-0.807229,22.313028,-0.988556,0.141304,0.392197,0.512294,0.948259,0,0.0
1900-01-01 15:07:36.330,21.830293,-0.810773,22.307121,-0.972412,0.140632,0.392003,0.512726,1.132136,0,0.0
1900-01-01 15:07:37.330,21.841844,-0.806311,22.320904,-0.9879,0.141529,0.392617,0.513378,0.976548,0,0.0
1900-01-01 15:07:38.330,21.8383,-0.81038,22.321429,-0.981862,0.14102,0.39299,0.513231,0.698374,0,0.0
1900-01-01 15:07:39.330,21.839219,-0.810248,22.324974,-0.984225,0.141577,0.393405,0.512909,0.882251,0,0.0
1900-01-01 15:07:40.330,21.838169,-0.816417,22.325893,-0.978187,0.140332,0.388869,0.508959,0.849248,0,0.0
1900-01-01 15:07:41.330,21.840794,-0.813661,22.330618,-0.97215,0.14007,0.386774,0.505229,0.835103,0,0.0
1900-01-01 15:07:42.330,21.845913,-0.815892,22.341383,-0.975168,0.140254,0.387199,0.506276,0.91054,0,0.0
1900-01-01 15:07:43.330,21.847882,-0.817467,22.347421,-0.987637,0.139986,0.38628,0.505899,0.943544,0,0.0
1900-01-01 15:07:44.330,21.840794,-0.824686,22.347684,-0.990262,0.13956,0.385776,0.505137,1.183999,0,0.0
1900-01-01 15:07:45.330,21.85287,-0.821142,22.349522,-0.983568,0.139865,0.385535,0.504319,0.820959,0,0.0
1900-01-01 15:07:46.330,21.860483,-0.816417,22.356873,-0.9879,0.140296,0.385787,0.505367,0.816244,0,0.0
1900-01-01 15:07:47.330,21.859433,-0.819436,22.360024,-0.989868,0.139592,0.385403,0.504852,0.820959,0,0.0
1900-01-01 15:07:48.330,21.856939,-0.82508,22.360024,-0.97215,0.139755,0.385734,0.505164,0.820959,0,0.0
1900-01-01 15:07:49.330,21.87164,-0.819567,22.370657,-0.98055,0.139765,0.38607,0.505284,0.882251,0,0.0
1900-01-01 15:07:50.330,21.857595,-0.824817,22.366719,-0.999712,0.139634,0.386527,0.506588,1.099133,0,0.0
1900-01-01 15:07:51.330,21.866784,-0.823242,22.370263,-0.998662,0.13997,0.386501,0.505403,0.901111,0,0.0
1900-01-01 15:07:52.330,21.872165,-0.822324,22.374332,-1.006143,0.14007,0.386926,0.507121,1.02841,0,1.0
1900-01-01 15:07:53.330,21.871903,-0.827968,22.37617,-0.998268,0.139592,0.386501,0.506506,0.981262,0,1.0
1900-01-01 15:07:54.330,21.863502,-0.825868,22.37197,-0.990131,0.140023,0.388002,0.507323,0.901111,0,1.0
1900-01-01 15:07:55.330,21.872034,-0.825605,22.378139,-1.010737,0.140133,0.386469,0.505679,0.736092,0,1.0
1900-01-01 15:07:56.330,21.86324,-0.831774,22.374332,-0.995643,0.139786,0.387136,0.506938,0.905825,0,1.0
1900-01-01 15:07:57.330,21.872034,-0.829018,22.37302,-1.012837,0.139618,0.386889,0.506221,0.806814,0,1.0
1900-01-01 15:07:58.330,21.874397,-0.824686,22.378927,-1.000368,0.14091,0.389803,0.509161,0.688944,0,1.0
1900-01-01 15:07:59.330,21.879254,-0.836368,22.376695,-1.006668,0.140653,0.391179,0.511026,1.066129,0,1.0
1900-01-01 15:08:00.330,21.878466,-0.832693,22.37617,-0.993543,0.140369,0.390271,0.510144,1.122707,0,1.0
1900-01-01 15:08:01.330,21.882929,-0.828624,22.377483,-1.006012,0.140023,0.39099,0.511393,0.91997,0,1.0
1900-01-01 15:08:02.330,21.891067,-0.825343,22.37919,-1.010212,0.140012,0.390003,0.510291,0.684229,0,1.0
1900-01-01 15:08:03.330,21.895792,-0.827968,22.382078,-0.999975,0.139818,0.38806,0.509244,1.03784,0,1.0
1900-01-01 15:08:04.330,21.899205,-0.834399,22.382471,-1.023337,0.139666,0.388837,0.50951,0.882251,0,1.0
1900-01-01 15:08:05.330,21.894349,-0.836368,22.377483,-1.022549,0.140485,0.388076,0.506882,0.844533,0,1.0
1900-01-01 15:08:06.330,21.899468,-0.834924,22.378796,-1.020056,0.139361,0.386847,0.507195,0.679515,0,1.0
1900-01-01 15:08:07.330,21.884767,-0.838599,22.371051,-1.003781,0.139907,0.388144,0.508031,0.91054,0,1.0
1900-01-01 15:08:08.330,21.89238,-0.842012,22.376564,-1.019399,0.13997,0.388543,0.507783,0.981262,0,1.0
1900-01-01 15:08:09.330,21.891198,-0.839387,22.373545,-1.007718,0.140117,0.388858,0.508931,1.080273,0,1.0
1900-01-01 15:08:10.330,21.893824,-0.844768,22.372888,-1.013887,0.140033,0.389625,0.509115,0.981262,0,1.0
1900-01-01 15:08:11.330,21.897761,-0.839518,22.373414,-1.006143,0.140385,0.388086,0.507195,0.924685,0,1.0
1900-01-01 15:08:12.330,21.895792,-0.845556,22.371051,-1.013756,0.140427,0.390087,0.510759,0.754952,0,1.0
1900-01-01 15:08:13.330,21.892905,-0.845949,22.368556,-1.024256,0.139839,0.38901,0.509115,0.830388,0,1.0
1900-01-01 15:08:14.330,21.910231,-0.836105,22.378665,-1.027143,0.139524,0.388338,0.508297,0.717233,0,1.0
1900-01-01 15:08:15.330,21.899862,-0.840305,22.372888,-1.009687,0.140044,0.389683,0.509363,0.712518,0,1.0
1900-01-01 15:08:16.330,21.895792,-0.843324,22.367375,-1.018481,0.139403,0.38921,0.508646,1.033125,0,1.0
1900-01-01 15:08:17.330,21.902224,-0.848968,22.368556,-1.029374,0.139298,0.389016,0.508894,1.141566,0,1.0
1900-01-01 15:08:18.330,21.910888,-0.83978,22.37197,-1.048537,0.139771,0.389184,0.509115,1.070844,0,1.0
1900-01-01 15:08:19.330,21.898811,-0.845424,22.361993,-1.043287,0.140101,0.390034,0.509639,0.929399,0,1.0
1900-01-01 15:08:20.330,21.89553,-0.851725,22.367112,-1.034362,0.138127,0.384542,0.504071,0.962403,0,1.0
1900-01-01 15:08:21.330,21.897761,-0.848968,22.370657,-1.007849,0.138484,0.385172,0.50454,0.985977,0,1.0
1900-01-01 15:08:22.330,21.901043,-0.847393,22.366456,-1.038955,0.138941,0.385687,0.504696,1.033125,0,1.0
1900-01-01 15:08:23.330,21.908656,-0.844637,22.365537,-1.039612,0.139702,0.386727,0.506166,0.646511,0,1.0
1900-01-01 15:08:24.330,21.901962,-0.848706,22.364224,-1.044599,0.139371,0.385781,0.504604,0.745522,0,1.0
1900-01-01 15:08:25.330,21.893692,-0.854743,22.354773,-1.04368,0.139492,0.386007,0.505964,0.868107,0,1.0
1900-01-01 15:08:26.330,21.895136,-0.862094,22.355298,-1.040137,0.139051,0.386832,0.505403,1.03784,0,1.0
1900-01-01 15:08:27.330,21.904193,-0.852775,22.357661,-1.042237,0.139413,0.387021,0.506708,0.79267,0,1.0
1900-01-01 15:08:28.330,21.89238,-0.856319,22.351885,-1.034756,0.138673,0.386842,0.50578,0.750237,0,1.0
1900-01-01 15:08:29.330,21.901568,-0.85435,22.359105,-1.04683,0.139335,0.386921,0.506662,0.995407,0,1.0
1900-01-01 15:08:30.330,21.891855,-0.857762,22.350835,-1.040399,0.139681,0.386758,0.506129,1.15571,0,1.0
1900-01-01 15:08:31.330,21.910231,-0.859469,22.357661,-1.053393,0.13935,0.387756,0.507856,0.797385,0,1.0
1900-01-01 15:08:32.330,21.902093,-0.858681,22.355298,-1.044205,0.139576,0.387152,0.506138,0.990692,0,1.0
1900-01-01 15:08:33.330,21.907606,-0.857106,22.355692,-1.048274,0.139282,0.387204,0.506579,1.084988,0,1.0
1900-01-01 15:08:34.330,21.908919,-0.862881,22.358317,-1.042105,0.139314,0.387168,0.506735,0.882251,0,1.0
1900-01-01 15:08:35.330,21.909969,-0.859337,22.357004,-1.058249,0.139482,0.38859,0.508362,0.905825,0,1.0
1900-01-01 15:08:36.330,21.915219,-0.867738,22.357004,-1.050243,0.139392,0.387467,0.507048,1.004836,0,1.0
1900-01-01 15:08:37.330,21.920995,-0.859469,22.361599,-1.060218,0.140065,0.387588,0.507222,0.698374,0,1.0
1900-01-01 15:08:38.330,21.915613,-0.861569,22.358711,-1.04788,0.139576,0.387294,0.506754,1.056699,0,1.0
1900-01-01 15:08:39.330,21.916007,-0.869838,22.357923,-1.05943,0.139293,0.388223,0.507764,0.872822,0,1.0
1900-01-01 15:08:40.330,21.914563,-0.863669,22.358448,-1.050899,0.13923,0.387903,0.507452,0.934114,0,1.0
1900-01-01 15:08:41.330,21.909837,-0.87115,22.354641,-1.045255,0.139771,0.38837,0.507608,1.000122,0,1.0
1900-01-01 15:08:42.330,21.92362,-0.873119,22.35858,-1.075705,0.138479,0.387976,0.507277,0.882251,0,1.0
1900-01-01 15:08:43.330,21.906687,-0.8743,22.351622,-1.05628,0.138463,0.386411,0.506359,0.985977,0,1.0
1900-01-01 15:08:44.330,21.921257,-0.868131,22.356873,-1.061924,0.139618,0.389262,0.508564,1.066129,0,1.0
1900-01-01 15:08:45.330,21.919026,-0.866031,22.351097,-1.05628,0.139035,0.388464,0.507571,0.938829,0,1.0
1900-01-01 15:08:46.330,21.917451,-0.869181,22.344533,-1.054312,0.138899,0.38658,0.506653,0.825674,0,1.0
1900-01-01 15:08:47.330,21.915088,-0.876925,22.342039,-1.068618,0.138841,0.38795,0.507011,0.976548,0,1.0
1900-01-01 15:08:48.330,21.912463,-0.871938,22.339545,-1.048274,0.138542,0.387288,0.507305,1.141566,0,1.0
1900-01-01 15:08:49.330,21.9143,-0.870756,22.339545,-1.06573,0.138825,0.388155,0.508343,1.014266,0,1.0
1900-01-01 15:08:50.330,21.919288,-0.876663,22.334294,-1.05418,0.138264,0.387357,0.506983,0.934114,0,1.0
1900-01-01 15:08:51.330,21.919945,-0.871413,22.328912,-1.070193,0.1383,0.387672,0.507296,0.863392,0,1.0
1900-01-01 15:08:52.330,21.913775,-0.875875,22.325893,-1.06048,0.137534,0.38827,0.508123,0.835103,0,1.0
1900-01-01 15:08:53.330,21.916269,-0.875482,22.323661,-1.063893,0.135854,0.386879,0.505954,0.981262,0,1.0
1900-01-01 15:08:54.330,21.911806,-0.877975,22.314866,-1.064549,0.133727,0.388034,0.507048,0.811529,0,1.0
1900-01-01 15:08:55.330,21.913381,-0.880207,22.314866,-1.069668,0.13294,0.387813,0.506451,1.117992,0,1.0
1900-01-01 15:08:56.330,21.906425,-0.882044,22.312634,-1.058118,0.13326,0.388695,0.507737,0.806814,0,1.0
1900-01-01 15:08:57.330,21.90485,-0.889132,22.312503,-1.076886,0.132467,0.387693,0.507709,0.717233,0,1.0
1900-01-01 15:08:58.330,21.901568,-0.887688,22.309877,-1.066255,0.132241,0.388779,0.507259,1.245292,0,1.0
1900-01-01 15:08:59.330,21.884241,-0.894907,22.298063,-1.053393,0.131102,0.387761,0.505798,1.198144,0,1.0
1900-01-01 15:09:00.330,21.894349,-0.893463,22.298719,-1.079511,0.132037,0.389861,0.508913,1.056699,0,1.0
1900-01-01 15:09:01.330,21.901437,-0.885982,22.304101,-1.073736,0.13075,0.387766,0.507287,0.858677,0,1.0
1900-01-01 15:09:02.330,21.89553,-0.891232,22.301082,-1.077543,0.130876,0.38796,0.506735,1.02841,0,1.0
1900-01-01 15:09:03.330,21.895924,-0.892545,22.302657,-1.066387,0.130488,0.386968,0.505688,1.04727,0,1.0
1900-01-01 15:09:04.330,21.890411,-0.891626,22.302132,-1.079905,0.130871,0.387582,0.50635,1.136851,0,1.0
1900-01-01 15:09:05.330,21.891592,-0.886901,22.298325,-1.086205,0.130645,0.387241,0.505844,1.075559,0,1.0
1900-01-01 15:09:06.330,21.88726,-0.896089,22.296356,-1.086336,0.130446,0.386664,0.504935,1.132136,0,1.0
1900-01-01 15:09:07.330,21.88726,-0.886507,22.296619,-1.082005,0.130399,0.387897,0.505927,0.957688,0,1.0
1900-01-01 15:09:08.330,21.893692,-0.89307,22.296881,-1.090668,0.130147,0.387719,0.505872,0.91997,0,1.0
1900-01-01 15:09:09.330,21.887392,-0.897139,22.294256,-1.085024,0.130162,0.387824,0.505532,0.971833,0,1.0
1900-01-01 15:09:10.330,21.881879,-0.897532,22.290843,-1.073474,0.130462,0.388795,0.506726,0.863392,0,1.0
1900-01-01 15:09:11.330,21.882535,-0.901076,22.29268,-1.091455,0.130136,0.387829,0.505918,0.948259,0,1.0
1900-01-01 15:09:12.330,21.878728,-0.89937,22.290449,-1.102218,0.130152,0.387603,0.50578,0.825674,0,1.0
1900-01-01 15:09:13.330,21.886998,-0.893989,22.291236,-1.081743,0.130063,0.387929,0.506331,1.113277,0,1.0
1900-01-01 15:09:14.330,21.880041,-0.898845,22.296094,-1.09723,0.130273,0.388391,0.507388,0.8021,0,1.0
1900-01-01 15:09:15.330,21.872822,-0.901995,22.292418,-1.083318,0.13022,0.387425,0.505927,0.877537,0,1.0
1900-01-01 15:09:16.330,21.886867,-0.896351,22.301738,-1.08043,0.129212,0.387026,0.506368,1.018981,0,1.0
1900-01-01 15:09:17.330,21.87991,-0.896876,22.301082,-1.096049,0.129076,0.386732,0.505449,0.717233,0,1.0
1900-01-01 15:09:18.330,21.880172,-0.898057,22.297012,-1.100511,0.129758,0.388963,0.506662,0.858677,0,1.0
1900-01-01 15:09:19.330,21.872165,-0.907114,22.289792,-1.082793,0.129947,0.389026,0.507186,1.066129,0,1.0
1900-01-01 15:09:20.330,21.87676,-0.900289,22.298588,-1.102349,0.129412,0.387236,0.505936,0.8021,0,1.0
1900-01-01 15:09:21.330,21.870984,-0.906983,22.28953,-1.116392,0.129485,0.388354,0.507397,0.78324,0,1.0
1900-01-01 15:09:22.330,21.871247,-0.91407,22.290711,-1.10983,0.129412,0.387162,0.50635,0.934114,0,1.0
1900-01-01 15:09:23.330,21.866127,-0.911577,22.292287,-1.094999,0.12896,0.387294,0.506644,0.995407,0,1.0
1900-01-01 15:09:24.330,21.859958,-0.907508,22.283098,-1.092768,0.129034,0.387299,0.505357,1.132136,0,1.0
1900-01-01 15:09:25.330,21.879254,-0.90462,22.290055,-1.100249,0.130005,0.387971,0.506634,0.825674,0,1.0
1900-01-01 15:09:26.330,21.855233,-0.915777,22.277978,-1.100774,0.129527,0.387341,0.506772,1.169855,0,1.0
1900-01-01 15:09:27.330,21.868753,-0.90672,22.29058,-1.104317,0.129265,0.387362,0.505752,1.108562,0,1.0
1900-01-01 15:09:28.330,21.856152,-0.913808,22.278109,-1.094605,0.130036,0.38816,0.506184,0.901111,0,1.0
1900-01-01 15:09:29.330,21.876235,-0.906064,22.286248,-1.103268,0.128529,0.388401,0.506405,0.990692,0,1.0
1900-01-01 15:09:30.330,21.871115,-0.910527,22.283491,-1.094474,0.129359,0.387745,0.507434,0.929399,0,1.0
1900-01-01 15:09:31.330,21.876891,-0.913283,22.288348,-1.11193,0.128682,0.387976,0.507103,1.183999,0,1.0
1900-01-01 15:09:32.330,21.862583,-0.918533,22.282047,-1.103661,0.129706,0.387089,0.505651,0.896396,0,1.0
1900-01-01 15:09:33.330,21.86744,-0.912889,22.286904,-1.116655,0.129895,0.388517,0.50748,0.839818,0,1.0
1900-01-01 15:09:34.330,21.86639,-0.921552,22.285592,-1.097755,0.129732,0.388443,0.507397,1.099133,0,1.0
1900-01-01 15:09:35.330,21.868096,-0.915908,22.286248,-1.101955,0.130078,0.388365,0.508159,0.929399,0,1.0
1900-01-01 15:09:36.330,21.872165,-0.911708,22.293206,-1.119936,0.130367,0.389026,0.507608,1.03784,0,1.0
1900-01-01 15:09:37.330,21.866784,-0.921158,22.292549,-1.109436,0.130168,0.389073,0.507948,1.141566,0,1.0
1900-01-01 15:09:38.330,21.856283,-0.924439,22.288874,-1.106942,0.130136,0.388118,0.507967,0.858677,0,1.0
1900-01-01 15:09:39.330,21.857858,-0.922208,22.290974,-1.112586,0.129548,0.388302,0.507415,0.806814,0,1.0
1900-01-01 15:09:40.330,21.87269,-0.922864,22.296094,-1.109699,0.128771,0.387945,0.508068,0.924685,0,1.0
1900-01-01 15:09:41.330,21.867571,-0.924833,22.295043,-1.102218,0.129685,0.387619,0.506745,1.141566,0,1.0
1900-01-01 15:09:42.330,21.873609,-0.922864,22.301345,-1.10668,0.12948,0.387236,0.507176,0.891681,0,1.0
1900-01-01 15:09:43.330,21.875184,-0.921683,22.298325,-1.099199,0.12907,0.386532,0.50657,1.254721,0,1.0
1900-01-01 15:09:44.330,21.872953,-0.926408,22.304233,-1.109305,0.128981,0.387934,0.507039,1.122707,0,1.0
1900-01-01 15:09:45.330,21.864421,-0.934546,22.300294,-1.10983,0.128844,0.386895,0.507149,1.16514,0,1.0
1900-01-01 15:09:46.330,21.867046,-0.926408,22.298588,-1.104842,0.129653,0.388296,0.507645,0.934114,0,1.0
1900-01-01 15:09:47.330,21.862715,-0.93284,22.302657,-1.109174,0.128991,0.387761,0.506735,0.773811,0,1.0
1900-01-01 15:09:48.330,21.866259,-0.93599,22.300426,-1.119805,0.129328,0.388149,0.506974,0.915255,0,1.0
1900-01-01 15:09:49.330,21.875578,-0.926015,22.307777,-1.116655,0.129543,0.387792,0.506405,0.575789,0,1.0
1900-01-01 15:09:50.330,21.876103,-0.930346,22.305151,-1.106417,0.129459,0.388921,0.507884,0.835103,0,1.0
1900-01-01 15:09:51.330,21.875316,-0.926146,22.305545,-1.12558,0.129664,0.38806,0.507259,0.585218,0,1.0
1900-01-01 15:09:52.330,21.869278,-0.936384,22.298719,-1.11508,0.129322,0.387467,0.506111,0.769096,0,1.0
1900-01-01 15:09:53.330,21.871378,-0.931527,22.30397,-1.117049,0.129532,0.388737,0.508251,0.938829,0,1.0
1900-01-01 15:09:54.330,21.871772,-0.929952,22.297406,-1.119674,0.129895,0.390008,0.508518,0.962403,0,1.0
1900-01-01 15:09:55.330,21.870984,-0.932184,22.297931,-1.100511,0.129637,0.388853,0.50827,0.948259,0,1.0
1900-01-01 15:09:56.330,21.870065,-0.931921,22.292943,-1.122561,0.129853,0.388926,0.507599,0.938829,0,1.0
1900-01-01 15:09:57.330,21.875447,-0.934021,22.291368,-1.121117,0.12949,0.389956,0.508573,0.882251,0,1.0
1900-01-01 15:09:58.330,21.870328,-0.938877,22.284148,-1.120461,0.129611,0.388459,0.507186,1.042555,0,1.0
1900-01-01 15:09:59.330,21.862846,-0.941503,22.28231,-1.112192,0.129989,0.38932,0.508031,1.169855,0,1.0
1900-01-01 15:10:00.330,21.875578,-0.930215,22.289792,-1.129517,0.129627,0.388228,0.507167,0.787955,0,1.0
1900-01-01 15:10:01.330,21.874134,-0.935071,22.287298,-1.121117,0.128745,0.387204,0.505982,0.938829,0,1.0
1900-01-01 15:10:02.330,21.88096,-0.935859,22.288086,-1.117442,0.129144,0.387997,0.508215,1.070844,0,1.0
1900-01-01 15:10:03.330,21.863633,-0.93914,22.278765,-1.110617,0.129664,0.388743,0.507893,0.91054,0,1.0
1900-01-01 15:10:04.330,21.872034,-0.939665,22.28336,-1.111274,0.1298,0.389268,0.508527,0.575789,0,1.0
1900-01-01 15:10:05.330,21.874922,-0.943865,22.282572,-1.119936,0.128613,0.389173,0.508288,1.15571,0,1.0
1900-01-01 15:10:06.330,21.875841,-0.937302,22.28546,-1.120461,0.129632,0.388953,0.508362,0.839818,0,1.0
1900-01-01 15:10:07.330,21.875053,-0.934284,22.287692,-1.138573,0.129611,0.389903,0.509097,0.703089,0,1.0
1900-01-01 15:10:08.330,21.869934,-0.944784,22.286511,-1.138048,0.129086,0.388464,0.507333,0.849248,0,1.0
1900-01-01 15:10:09.330,21.879385,-0.941503,22.29268,-1.128205,0.129779,0.389058,0.508426,1.146281,0,1.0
1900-01-01 15:10:10.330,21.870065,-0.940059,22.289661,-1.134636,0.12916,0.388354,0.50759,0.693659,0,1.0
1900-01-01 15:10:11.330,21.874003,-0.947672,22.291499,-1.127549,0.129774,0.389058,0.508766,1.099133,0,1.0
1900-01-01 15:10:12.330,21.88726,-0.945178,22.298325,-1.142773,0.129412,0.388286,0.507397,1.080273,0,1.0
1900-01-01 15:10:13.330,21.874134,-0.947934,22.288217,-1.132011,0.130021,0.390139,0.509023,1.066129,0,1.0
1900-01-01 15:10:14.330,21.876628,-0.941896,22.29268,-1.119805,0.129443,0.388601,0.508058,0.844533,0,1.0
1900-01-01 15:10:15.330,21.871378,-0.948853,22.292287,-1.141723,0.129265,0.389163,0.507774,1.061414,0,1.0
1900-01-01 15:10:16.330,21.879779,-0.943603,22.293599,-1.137523,0.128834,0.387456,0.506836,1.075559,0,1.0
1900-01-01 15:10:17.330,21.871115,-0.950034,22.284673,-1.135686,0.129364,0.38847,0.508031,0.962403,0,1.0
1900-01-01 15:10:18.330,21.875184,-0.946228,22.28546,-1.139098,0.129112,0.388884,0.508582,0.797385,0,1.0
1900-01-01 15:10:19.330,21.877022,-0.940584,22.289267,-1.131749,0.12969,0.389194,0.507847,0.858677,0,1.0
1900-01-01 15:10:20.330,21.875972,-0.945309,22.28848,-1.127155,0.12958,0.389583,0.508371,1.099133,0,1.0
1900-01-01 15:10:21.330,21.876628,-0.94754,22.28848,-1.126499,0.129685,0.38963,0.509832,0.816244,0,1.0
1900-01-01 15:10:22.330,21.873216,-0.954497,22.281785,-1.125317,0.129832,0.389478,0.508738,0.79267,0,1.0
1900-01-01 15:10:23.330,21.874922,-0.948197,22.290055,-1.14343,0.129459,0.388942,0.508316,0.882251,0,1.0
1900-01-01 15:10:24.330,21.883191,-0.946096,22.292549,-1.140673,0.129391,0.388947,0.508812,1.099133,0,1.0
1900-01-01 15:10:25.330,21.88621,-0.940584,22.287561,-1.144086,0.128403,0.387903,0.507232,0.91997,0,1.0
1900-01-01 15:10:26.330,21.880697,-0.948853,22.283754,-1.113374,0.129543,0.388727,0.507682,1.122707,0,1.0
1900-01-01 15:10:27.330,21.872953,-0.94964,22.278897,-1.139623,0.129165,0.388968,0.507829,1.099133,0,1.0
1900-01-01 15:10:28.330,21.878335,-0.951084,22.282704,-1.122561,0.129322,0.388984,0.507039,0.872822,0,1.0
1900-01-01 15:10:29.330,21.886342,-0.950953,22.287036,-1.125317,0.129039,0.390386,0.509556,0.858677,0,1.0
1900-01-01 15:10:30.330,21.879779,-0.947672,22.284804,-1.147105,0.129727,0.390465,0.509115,0.886966,0,1.0
1900-01-01 15:10:31.330,21.870459,-0.954759,22.279816,-1.112586,0.129475,0.389331,0.50747,1.084988,0,1.0
1900-01-01 15:10:32.330,21.88096,-0.954497,22.287298,-1.137655,0.129632,0.38869,0.507865,0.641796,0,1.0
1900-01-01 15:10:33.330,21.883585,-0.955809,22.288742,-1.146317,0.130084,0.389798,0.508288,0.853963,0,1.0
1900-01-01 15:10:34.330,21.874397,-0.956859,22.290449,-1.139755,0.13001,0.389037,0.507801,0.981262,0,1.0
1900-01-01 15:10:35.330,21.885423,-0.949247,22.290055,-1.139886,0.128556,0.387378,0.505605,0.896396,0,1.0
1900-01-01 15:10:36.330,21.891198,-0.947015,22.298325,-1.149467,0.126141,0.3738,0.48928,0.844533,0,1.0
1900-01-01 15:10:37.330,21.87781,-0.961453,22.295437,-1.146317,0.123232,0.360527,0.472026,0.976548,0,1.0
1900-01-01 15:10:38.330,21.873741,-0.970379,22.284016,-1.129386,0.120496,0.346493,0.456325,1.042555,0,1.0
1900-01-01 15:10:39.330,21.890148,-0.954497,22.300032,-1.152748,0.118212,0.333928,0.43999,0.990692,0,1.0
1900-01-01 15:10:40.330,21.897236,-0.959484,22.287298,-1.147105,0.115152,0.320256,0.424123,0.853963,0,1.0
1900-01-01 15:10:41.330,21.895267,-0.964078,22.296881,-1.143036,0.11249,0.306878,0.408937,0.882251,0,1.0
1900-01-01 15:10:42.330,21.905112,-0.956334,22.302789,-1.155636,0.109586,0.29181,0.391646,0.424915,0,1.0
1900-01-01 15:10:43.330,21.909312,-0.959616,22.302657,-1.163117,0.107223,0.280658,0.378352,0.891681,0,1.0
1900-01-01 15:10:44.330,21.903143,-0.960928,22.29885,-1.16548,0.105207,0.26813,0.363083,0.957688,0,1.0
1900-01-01 15:10:45.330,21.912725,-0.959616,22.306202,-1.146448,0.103506,0.255597,0.349008,1.212288,0,1.0
1900-01-01 15:10:46.330,21.905637,-0.962241,22.305808,-1.152748,0.099936,0.240959,0.332416,0.825674,0,1.0
1900-01-01 15:10:47.330,21.913775,-0.961453,22.306595,-1.179654,0.098545,0.230259,0.318598,0.514496,0,1.0
1900-01-01 15:10:48.330,21.903537,-0.959353,22.305808,-1.182804,0.095384,0.217521,0.304827,0.66537,0,1.0
1900-01-01 15:10:49.330,21.904981,-0.961191,22.308171,-1.176898,0.092927,0.205445,0.290375,0.754952,0,1.0
1900-01-01 15:10:50.330,21.90905,-0.960272,22.309483,-1.178342,0.091031,0.196136,0.279938,0.91997,0,1.0
1900-01-01 15:10:51.330,21.905112,-0.969853,22.307514,-1.170467,0.088984,0.186701,0.267995,0.806814,0,1.0
1900-01-01 15:10:52.330,21.911281,-0.957384,22.314341,-1.165348,0.086243,0.177104,0.256805,1.051984,0,1.0
1900-01-01 15:10:53.330,21.905112,-0.963685,22.310796,-1.169155,0.084736,0.167075,0.245045,0.806814,0,1.0
1900-01-01 15:10:54.330,21.908656,-0.957122,22.312109,-1.180573,0.084164,0.160119,0.237034,0.726663,0,1.0
1900-01-01 15:10:55.330,21.909969,-0.961453,22.313422,-1.184511,0.08472,0.160418,0.238311,1.141566,0,1.0
1900-01-01 15:10:56.330,21.898943,-0.958303,22.313028,-1.188186,0.084064,0.160161,0.238164,1.160425,0,1.0
1900-01-01 15:10:57.330,21.907869,-0.957647,22.31631,-1.196848,0.083067,0.156821,0.234296,1.066129,0,1.0
1900-01-01 15:10:58.330,21.910231,-0.955678,22.317097,-1.196979,0.082232,0.151398,0.227745,0.726663,0,1.0
1900-01-01 15:10:59.330,21.902881,-0.95069,22.313422,-1.199867,0.081197,0.145501,0.219798,0.938829,0,1.0
1900-01-01 15:11:00.330,21.904981,-0.953972,22.311978,-1.200917,0.080531,0.139757,0.212991,0.8021,0,1.0
1900-01-01 15:11:01.330,21.898943,-0.954365,22.313947,-1.206954,0.078761,0.133525,0.20644,0.858677,0,1.0
1900-01-01 15:11:02.330,21.905243,-0.950822,22.31224,-1.214173,0.078194,0.129425,0.200294,1.094418,0,1.0
1900-01-01 15:11:03.330,21.898286,-0.955022,22.311978,-1.216535,0.077386,0.123014,0.193018,0.835103,0,1.0
1900-01-01 15:11:04.330,21.901699,-0.946753,22.304495,-1.219817,0.075758,0.1179,0.187275,1.17457,0,1.0
1900-01-01 15:11:05.330,21.903274,-0.949509,22.307121,-1.22126,0.074655,0.112471,0.179806,0.750237,0,1.0
1900-01-01 15:11:06.330,21.896055,-0.955284,22.303576,-1.23701,0.072755,0.105987,0.173614,0.844533,0,1.0
1900-01-01 15:11:07.330,21.899993,-0.943734,22.302657,-1.231498,0.073731,0.105546,0.171942,0.764381,0,1.0
1900-01-01 15:11:08.330,21.902356,-0.943996,22.299244,-1.241866,0.072681,0.102238,0.169434,1.009551,0,1.0
1900-01-01 15:11:09.330,21.890411,-0.943603,22.297406,-1.26011,0.071495,0.098059,0.163609,0.858677,0,1.0
1900-01-01 15:11:10.330,21.897105,-0.945178,22.299769,-1.262473,0.071143,0.092971,0.158005,1.094418,0,1.0
1900-01-01 15:11:11.330,21.894874,-0.944259,22.298194,-1.279666,0.069746,0.089122,0.153172,0.929399,0,1.0
1900-01-01 15:11:12.330,21.889098,-0.941371,22.293337,-1.264704,0.07013,0.087369,0.151565,0.868107,1,1.0
1900-01-01 15:11:13.330,21.891067,-0.945309,22.286904,-1.265623,0.070655,0.0874,0.15173,1.094418,1,1.0
1900-01-01 15:11:14.330,21.895267,-0.94334,22.291236,-1.283735,0.069631,0.086902,0.150306,1.226432,1,1.0
1900-01-01 15:11:15.330,21.894217,-0.940321,22.292812,-1.285441,0.069998,0.088713,0.152382,1.03784,1,1.0
1900-01-01 15:11:16.330,21.889492,-0.939402,22.288874,-1.299879,0.069794,0.088345,0.152116,0.882251,1,1.0
1900-01-01 15:11:17.330,21.886735,-0.932184,22.286642,-1.304472,0.069762,0.087952,0.152208,1.02841,1,1.0
1900-01-01 15:11:18.330,21.887523,-0.937696,22.289924,-1.311166,0.069447,0.08782,0.152042,1.000122,1,1.0
1900-01-01 15:11:19.330,21.883454,-0.933365,22.283098,-1.317072,0.068749,0.085972,0.150113,0.91997,1,1.0
1900-01-01 15:11:20.330,21.888967,-0.934021,22.285198,-1.319172,0.069673,0.086145,0.148854,1.075559,1,1.0
1900-01-01 15:11:21.330,21.885029,-0.924177,22.289005,-1.331116,0.069557,0.085347,0.148266,1.108562,1,1.0
1900-01-01 15:11:22.330,21.878072,-0.922339,22.283229,-1.337285,0.070109,0.087196,0.150931,0.707803,1,1.0
1900-01-01 15:11:23.330,21.880172,-0.926408,22.284279,-1.331903,0.069893,0.086996,0.151454,0.957688,1,1.0
1900-01-01 15:11:24.330,21.876103,-0.91407,22.28336,-1.343453,0.069846,0.087852,0.152391,0.78324,1,1.0
1900-01-01 15:11:25.330,21.871247,-0.916695,22.278897,-1.348178,0.070859,0.089453,0.153898,1.033125,1,1.0
1900-01-01 15:11:26.330,21.882273,-0.916827,22.280472,-1.349097,0.070838,0.089894,0.155019,0.839818,1,1.0
1900-01-01 15:11:27.330,21.875316,-0.904883,22.284542,-1.364191,0.070287,0.090351,0.155827,0.703089,1,1.0
1900-01-01 15:11:28.330,21.873741,-0.907114,22.274827,-1.349228,0.071353,0.091296,0.155634,0.981262,1,1.0
1900-01-01 15:11:29.330,21.88306,-0.899764,22.279553,-1.357497,0.070833,0.090624,0.15569,0.754952,1,1.0
1900-01-01 15:11:30.330,21.872165,-0.898714,22.279422,-1.361566,0.070245,0.08886,0.154752,1.075559,1,1.0
1900-01-01 15:11:31.330,21.871115,-0.892413,22.273908,-1.361959,0.070434,0.089154,0.154808,1.033125,1,1.0
1900-01-01 15:11:32.330,21.869409,-0.888345,22.275352,-1.370491,0.071537,0.090041,0.155589,0.858677,1,1.0
1900-01-01 15:11:33.330,21.873216,-0.884932,22.266295,-1.364453,0.070466,0.088723,0.15456,0.863392,1,1.0
1900-01-01 15:11:34.330,21.870065,-0.886507,22.267213,-1.373772,0.071227,0.089668,0.15591,0.835103,1,1.0
1900-01-01 15:11:35.330,21.864684,-0.882176,22.262488,-1.373115,0.070938,0.09022,0.154578,1.089703,1,1.0
1900-01-01 15:11:36.330,21.861139,-0.878107,22.264194,-1.372328,0.069589,0.08676,0.152401,1.141566,1,1.0
1900-01-01 15:11:37.330,21.861402,-0.871019,22.264457,-1.365109,0.070219,0.087747,0.153365,0.787955,1,1.0
1900-01-01 15:11:38.330,21.863371,-0.871938,22.260256,-1.384797,0.07024,0.087353,0.152318,1.03784,1,1.0
1900-01-01 15:11:39.330,21.862583,-0.865769,22.259731,-1.39149,0.071148,0.088051,0.152538,1.099133,1,1.0
1900-01-01 15:11:40.330,21.860746,-0.864063,22.261569,-1.391884,0.07109,0.087742,0.153062,0.844533,1,1.0
1900-01-01 15:11:41.330,21.85707,-0.862094,22.258024,-1.39149,0.070844,0.088015,0.153053,1.099133,1,1.0
1900-01-01 15:11:42.330,21.859827,-0.857106,22.258812,-1.395428,0.070697,0.087222,0.152355,0.990692,1,1.0
1900-01-01 15:11:43.330,21.85812,-0.851593,22.261175,-1.394115,0.070224,0.087049,0.152254,0.886966,1,1.0
1900-01-01 15:11:44.330,21.857989,-0.851987,22.261963,-1.401597,0.070917,0.089049,0.153521,0.773811,1,1.0
1900-01-01 15:11:45.330,21.86219,-0.846081,22.261175,-1.393984,0.070964,0.088828,0.153053,1.03784,1,1.0
1900-01-01 15:11:46.330,21.866127,-0.836368,22.264194,-1.39044,0.071033,0.088393,0.153181,1.02841,1,1.0
1900-01-01 15:11:47.330,21.872297,-0.837287,22.265113,-1.402909,0.07118,0.088445,0.153604,0.990692,1,1.0
1900-01-01 15:11:48.330,21.871115,-0.833349,22.263013,-1.402515,0.071159,0.088309,0.153613,1.089703,1,1.0
1900-01-01 15:11:49.330,21.869671,-0.835449,22.264719,-1.397134,0.070592,0.087736,0.15263,0.877537,1,1.0
1900-01-01 15:11:50.330,21.871509,-0.82298,22.265769,-1.40094,0.071279,0.089059,0.153733,1.080273,1,1.0
1900-01-01 15:11:51.330,21.871115,-0.819436,22.263013,-1.397134,0.071537,0.089164,0.154376,0.905825,1,1.0
1900-01-01 15:11:52.330,21.870984,-0.81668,22.26997,-1.39044,0.071048,0.089269,0.153834,0.651226,1,1.0
1900-01-01 15:11:53.330,21.87886,-0.81038,22.268132,-1.402515,0.070655,0.08855,0.153962,1.264151,1,1.0
1900-01-01 15:11:54.330,21.884504,-0.808279,22.270758,-1.40934,0.070996,0.08876,0.153283,0.830388,1,1.0
1900-01-01 15:11:55.330,21.87991,-0.800667,22.268132,-1.405928,0.07034,0.087957,0.152134,0.594648,1,1.0
1900-01-01 15:11:56.330,21.887654,-0.802373,22.271545,-1.39779,0.071274,0.088697,0.153163,0.891681,1,1.0
1900-01-01 15:11:57.330,21.885554,-0.798173,22.269445,-1.395953,0.070901,0.088298,0.153733,0.820959,1,1.0
1900-01-01 15:11:58.330,21.893036,-0.793054,22.271152,-1.404484,0.071274,0.088377,0.153834,1.000122,1,1.0
1900-01-01 15:11:59.330,21.893167,-0.783866,22.266426,-1.404222,0.071747,0.089695,0.153659,0.957688,1,1.0
1900-01-01 15:12:00.330,21.89343,-0.792266,22.263407,-1.403697,0.070282,0.088377,0.153374,0.816244,1,1.0
1900-01-01 15:12:01.330,21.899074,-0.78111,22.261306,-1.419446,0.07014,0.087091,0.152327,0.816244,1,1.0
1900-01-01 15:12:02.330,21.893561,-0.779535,22.259993,-1.40619,0.07046,0.088261,0.153209,0.967118,1,1.0
1900-01-01 15:12:03.330,21.895005,-0.768903,22.2638,-1.399365,0.071048,0.088424,0.154174,0.943544,1,1.0
1900-01-01 15:12:04.330,21.889886,-0.761159,22.260912,-1.398447,0.070208,0.088508,0.153062,0.632367,1,1.0
1900-01-01 15:12:05.330,21.893692,-0.762734,22.256712,-1.402909,0.07077,0.088666,0.153843,0.561644,1,1.0
1900-01-01 15:12:06.330,21.894217,-0.760897,22.256449,-1.411703,0.069925,0.087238,0.152428,0.811529,1,1.0
1900-01-01 15:12:07.330,21.899205,-0.755253,22.254086,-1.422728,0.069794,0.087631,0.152061,1.316014,1,1.0
1900-01-01 15:12:08.330,21.898286,-0.75184,22.253561,-1.406321,0.070628,0.087185,0.151656,0.943544,1,1.0
1900-01-01 15:12:09.330,21.89658,-0.74134,22.251329,-1.409471,0.069941,0.088004,0.152832,0.811529,1,1.0
1900-01-01 15:12:10.330,21.890411,-0.735827,22.248704,-1.409734,0.070471,0.088387,0.152832,1.089703,1,1.0
1900-01-01 15:12:11.330,21.887129,-0.742521,22.244503,-1.401859,0.070581,0.088891,0.153962,1.02841,1,1.0
1900-01-01 15:12:12.330,21.897236,-0.734515,22.243453,-1.407634,0.071348,0.089275,0.154183,1.117992,1,1.0
1900-01-01 15:12:13.330,21.891855,-0.729789,22.240696,-1.410259,0.070707,0.088198,0.152373,0.938829,1,1.0
1900-01-01 15:12:14.330,21.888179,-0.72572,22.245028,-1.40514,0.071626,0.088933,0.153935,0.872822,1,1.0
1900-01-01 15:12:15.330,21.88411,-0.722439,22.244372,-1.405928,0.071117,0.089469,0.154284,0.891681,1,1.0
1900-01-01 15:12:16.330,21.881747,-0.722702,22.243059,-1.417084,0.070697,0.089816,0.154743,0.839818,1,1.0
1900-01-01 15:12:17.330,21.888836,-0.718895,22.242665,-1.418528,0.070334,0.088177,0.152695,0.990692,1,1.0
1900-01-01 15:12:18.330,21.888311,-0.713645,22.245685,-1.427059,0.07034,0.087868,0.15274,0.849248,1,1.0
1900-01-01 15:12:19.330,21.887129,-0.707345,22.248441,-1.403697,0.070061,0.088083,0.15263,0.981262,1,1.0
1900-01-01 15:12:20.330,21.881091,-0.701045,22.244372,-1.419315,0.070476,0.087799,0.152345,0.868107,1,1.0
1900-01-01 15:12:21.330,21.885685,-0.691988,22.248573,-1.405796,0.070256,0.087794,0.152208,0.971833,1,1.0
1900-01-01 15:12:22.330,21.886998,-0.691726,22.251067,-1.421153,0.070592,0.087805,0.152759,1.02841,1,1.0
1900-01-01 15:12:23.330,21.882404,-0.690282,22.251329,-1.409471,0.069746,0.087663,0.152612,0.981262,1,1.0
1900-01-01 15:12:24.330,21.887917,-0.684375,22.250279,-1.413146,0.071405,0.089432,0.153503,0.995407,1,1.0
1900-01-01 15:12:25.330,21.884767,-0.678206,22.25343,-1.412228,0.070103,0.088592,0.153769,1.160425,1,1.0
1900-01-01 15:12:26.330,21.886342,-0.666262,22.257368,-1.409078,0.070733,0.088261,0.152704,0.712518,1,1.0
1900-01-01 15:12:27.330,21.88621,-0.667575,22.257368,-1.411309,0.071248,0.089259,0.154569,0.924685,1,1.0
1900-01-01 15:12:28.330,21.880829,-0.667837,22.259074,-1.400809,0.069909,0.088781,0.153246,1.014266,1,1.0
1900-01-01 15:12:29.330,21.885029,-0.660225,22.259206,-1.413671,0.07013,0.088561,0.153503,0.929399,1,1.0
1900-01-01 15:12:30.330,21.88096,-0.659831,22.257893,-1.398315,0.070124,0.088067,0.153062,0.79267,1,1.0
1900-01-01 15:12:31.330,21.876497,-0.652218,22.264063,-1.410784,0.070172,0.08781,0.152244,0.66537,1,1.0
1900-01-01 15:12:32.330,21.87991,-0.646968,22.265638,-1.396872,0.070014,0.087789,0.153264,1.179284,1,1.0
1900-01-01 15:12:33.330,21.872953,-0.647624,22.262619,-1.397134,0.0692,0.086755,0.152217,0.835103,1,1.0
1900-01-01 15:12:34.330,21.879779,-0.63778,22.267345,-1.395428,0.06992,0.088156,0.153264,0.886966,1,1.0
1900-01-01 15:12:35.330,21.878072,-0.64093,22.267739,-1.409471,0.070439,0.088513,0.152492,0.995407,1,1.0
1900-01-01 15:12:36.330,21.872953,-0.635155,22.270233,-1.391359,0.070151,0.088702,0.152162,1.080273,1,1.0
1900-01-01 15:12:37.330,21.875053,-0.626098,22.269708,-1.397003,0.069846,0.087295,0.152612,0.990692,1,1.0
1900-01-01 15:12:38.330,21.871115,-0.618748,22.272989,-1.373509,0.070886,0.088939,0.153328,0.891681,1,1.0
1900-01-01 15:12:39.330,21.868621,-0.619011,22.270627,-1.360778,0.070245,0.089023,0.153733,0.967118,1,1.0
1900-01-01 15:12:40.330,21.867571,-0.62308,22.272596,-1.382697,0.070508,0.089122,0.152906,1.17457,1,1.0
1900-01-01 15:12:41.330,21.87164,-0.606542,22.272989,-1.363928,0.070418,0.088361,0.152998,0.660655,1,1.0
1900-01-01 15:12:42.330,21.869409,-0.606279,22.272202,-1.362222,0.071463,0.08908,0.152924,0.839818,1,1.0
1900-01-01 15:12:43.330,21.876366,-0.601554,22.271939,-1.358547,0.070844,0.089401,0.154137,1.089703,1,1.0
1900-01-01 15:12:44.330,21.869671,-0.59696,22.272071,-1.359334,0.069925,0.087904,0.152198,0.698374,1,1.0
1900-01-01 15:12:45.330,21.874003,-0.597616,22.27614,-1.357234,0.069311,0.088902,0.153981,0.820959,1,1.0
1900-01-01 15:12:46.330,21.869015,-0.594729,22.273777,-1.355397,0.069132,0.088408,0.153696,1.02841,1,1.0
1900-01-01 15:12:47.330,21.866652,-0.59381,22.275615,-1.350541,0.070004,0.088729,0.153402,0.943544,1,1.0
1900-01-01 15:12:48.330,21.86429,-0.581078,22.272202,-1.343847,0.069809,0.089149,0.153632,0.981262,1,1.0
1900-01-01 15:12:49.330,21.865209,-0.579372,22.269051,-1.329935,0.069689,0.088776,0.153402,0.835103,1,1.0
1900-01-01 15:12:50.330,21.860352,-0.571234,22.268657,-1.334922,0.069956,0.088802,0.153053,1.183999,1,1.0
1900-01-01 15:12:51.330,21.859564,-0.568215,22.266032,-1.332691,0.069699,0.087784,0.152189,1.02841,1,0.0
1900-01-01 15:12:52.330,21.862452,-0.566247,22.270889,-1.327572,0.069694,0.088209,0.151996,0.886966,1,0.0
1900-01-01 15:12:53.330,21.862846,-0.559553,22.27102,-1.315366,0.069935,0.089422,0.154128,0.820959,1,0.0
1900-01-01 15:12:54.330,21.865996,-0.559815,22.274302,-1.325866,0.069967,0.089721,0.153466,1.16514,1,0.0
1900-01-01 15:12:55.330,21.856677,-0.553909,22.273777,-1.347522,0.069169,0.089448,0.153126,0.825674,1,0.0
1900-01-01 15:12:56.330,21.859039,-0.547346,22.274565,-1.338072,0.070508,0.090041,0.154293,1.051984,1,0.0
1900-01-01 15:12:57.330,21.860221,-0.553252,22.27102,-1.313922,0.069867,0.089679,0.153457,0.957688,1,0.0
1900-01-01 15:12:58.330,21.856152,-0.544721,22.275484,-1.307228,0.069463,0.088424,0.152575,1.000122,1,0.0
1900-01-01 15:12:59.330,21.854314,-0.540127,22.273383,-1.304341,0.069872,0.089427,0.153788,0.896396,1,0.0
1900-01-01 15:13:00.330,21.859039,-0.52267,22.282835,-1.298435,0.069578,0.089222,0.153062,0.985977,1,0.0
1900-01-01 15:13:01.330,21.852476,-0.519126,22.283623,-1.305653,0.06867,0.087983,0.152336,1.122707,1,0.0
1900-01-01 15:13:02.330,21.852214,-0.525033,22.287823,-1.301716,0.067998,0.087841,0.152272,0.882251,1,0.0
1900-01-01 15:13:03.330,21.851689,-0.515714,22.293468,-1.297516,0.069106,0.087962,0.152143,0.91054,1,0.0
1900-01-01 15:13:04.330,21.850245,-0.514795,22.291236,-1.292922,0.067951,0.088009,0.152079,0.655941,1,0.0
1900-01-01 15:13:05.330,21.846701,-0.515582,22.295306,-1.288197,0.069153,0.08918,0.152391,0.811529,1,0.0
1900-01-01 15:13:06.330,21.848013,-0.514532,22.296487,-1.282029,0.068124,0.087637,0.152263,0.688944,1,0.0
1900-01-01 15:13:07.330,21.845388,-0.514532,22.297931,-1.280979,0.069573,0.088057,0.15241,1.207573,1,0.0
1900-01-01 15:13:08.330,21.838562,-0.507182,22.302657,-1.290035,0.068917,0.089143,0.152887,1.056699,1,0.0
1900-01-01 15:13:09.330,21.846438,-0.4934,22.30187,-1.279535,0.069426,0.089033,0.152621,1.141566,1,0.0
1900-01-01 15:13:10.330,21.843944,-0.497338,22.306989,-1.272447,0.069332,0.089028,0.15354,1.033125,1,0.0
1900-01-01 15:13:11.330,21.841319,-0.488675,22.312371,-1.251579,0.069227,0.089705,0.153687,0.882251,1,0.0
1900-01-01 15:13:12.330,21.846307,-0.488413,22.316047,-1.255648,0.069237,0.088834,0.152676,1.226432,1,0.0
1900-01-01 15:13:13.330,21.846832,-0.486313,22.318935,-1.246854,0.068654,0.088251,0.152796,0.684229,1,0.0
1900-01-01 15:13:14.330,21.846438,-0.486181,22.319985,-1.25906,0.06866,0.088351,0.152887,1.042555,1,0.0
1900-01-01 15:13:15.330,21.84762,-0.481456,22.321823,-1.266935,0.069447,0.089532,0.153567,1.094418,1,0.0
1900-01-01 15:13:16.330,21.839219,-0.475025,22.315522,-1.250004,0.06888,0.08865,0.152189,0.915255,1,0.0
1900-01-01 15:13:17.330,21.845257,-0.467018,22.322217,-1.242785,0.069106,0.088482,0.151849,0.622937,1,0.0
1900-01-01 15:13:18.330,21.846307,-0.461243,22.327468,-1.243573,0.068397,0.088702,0.152649,0.797385,1,0.0
1900-01-01 15:13:19.330,21.839219,-0.463343,22.320904,-1.237535,0.068224,0.08834,0.151932,1.207573,1,0.0
1900-01-01 15:13:20.330,21.845126,-0.458749,22.320379,-1.23911,0.068213,0.087621,0.151133,0.853963,1,0.0
1900-01-01 15:13:21.330,21.839613,-0.455205,22.315916,-1.238191,0.069442,0.088981,0.152492,0.882251,1,0.0
1900-01-01 15:13:22.330,21.8425,-0.452449,22.318673,-1.233467,0.068465,0.087967,0.151693,0.79267,1,0.0
1900-01-01 15:13:23.330,21.836987,-0.449693,22.316047,-1.231235,0.068171,0.089059,0.152805,1.193429,1,0.0
1900-01-01 15:13:24.330,21.843157,-0.445493,22.318016,-1.237666,0.068376,0.088613,0.152759,0.769096,1,0.0
1900-01-01 15:13:25.330,21.840794,-0.44208,22.319592,-1.220867,0.067856,0.089301,0.153053,0.825674,1,0.0
1900-01-01 15:13:26.330,21.841188,-0.441817,22.311715,-1.230448,0.068003,0.088729,0.152989,0.952974,1,0.0
1900-01-01 15:13:27.330,21.843944,-0.436961,22.313422,-1.234385,0.068644,0.089023,0.153521,0.981262,1,0.0
1900-01-01 15:13:28.330,21.836069,-0.429217,22.310534,-1.217717,0.068439,0.08865,0.152254,1.27358,1,0.0
1900-01-01 15:13:29.330,21.846569,-0.425017,22.31736,-1.22126,0.068392,0.087805,0.151923,1.207573,1,0.0
1900-01-01 15:13:30.330,21.841713,-0.421342,22.315916,-1.231629,0.068581,0.087889,0.151684,0.632367,1,0.0
1900-01-01 15:13:31.330,21.836462,-0.41911,22.315259,-1.226773,0.067683,0.088545,0.15229,0.91054,1,0.0
1900-01-01 15:13:32.330,21.851295,-0.417535,22.316178,-1.219423,0.067672,0.088655,0.151656,1.094418,1,0.0
1900-01-01 15:13:33.330,21.845519,-0.415567,22.317754,-1.227692,0.067657,0.088219,0.152364,0.825674,1,0.0
1900-01-01 15:13:34.330,21.847488,-0.410973,22.322217,-1.230448,0.068134,0.089269,0.153595,0.778526,1,0.0
1900-01-01 15:13:35.330,21.847226,-0.408741,22.316572,-1.224804,0.067972,0.089065,0.153154,0.882251,1,0.0
1900-01-01 15:13:36.330,21.851951,-0.402704,22.32051,-1.211417,0.067541,0.087941,0.151712,0.693659,1,0.0
1900-01-01 15:13:37.330,21.848932,-0.401522,22.323924,-1.22756,0.067053,0.087416,0.151142,0.981262,1,0.0
1900-01-01 15:13:38.330,21.851426,-0.397322,22.321692,-1.22441,0.068008,0.088755,0.152263,1.207573,1,0.0
1900-01-01 15:13:39.330,21.855495,-0.399029,22.322873,-1.223885,0.067704,0.089695,0.153025,0.721948,1,0.0
1900-01-01 15:13:40.330,21.84867,-0.388003,22.324449,-1.220079,0.067741,0.088965,0.153402,0.797385,1,0.0
1900-01-01 15:13:41.330,21.847357,-0.39181,22.318673,-1.217454,0.066932,0.088036,0.152373,0.905825,1,0.0
1900-01-01 15:13:42.330,21.85077,-0.382884,22.321823,-1.219292,0.067273,0.08896,0.153687,0.934114,1,0.0
1900-01-01 15:13:43.330,21.849326,-0.381834,22.319592,-1.220735,0.067762,0.08929,0.153402,0.896396,1,0.0
1900-01-01 15:13:44.330,21.84972,-0.378815,22.32458,-1.218767,0.067751,0.088099,0.152033,0.726663,1,0.0
1900-01-01 15:13:45.330,21.846963,-0.382097,22.319066,-1.219292,0.067615,0.088902,0.152897,0.820959,1,0.0
1900-01-01 15:13:46.330,21.85182,-0.375272,22.319329,-1.218898,0.067111,0.087747,0.151684,1.009551,1,0.0
1900-01-01 15:13:47.330,21.85497,-0.373959,22.324449,-1.21706,0.067699,0.087731,0.152254,0.995407,1,0.0
1900-01-01 15:13:48.330,21.846307,-0.365821,22.325368,-1.221392,0.067762,0.08866,0.152713,1.212288,1,0.0
1900-01-01 15:13:49.330,21.851032,-0.36569,22.321692,-1.222179,0.067079,0.088004,0.151583,0.882251,1,0.0
1900-01-01 15:13:50.330,21.845257,-0.361884,22.327074,-1.213123,0.066811,0.086639,0.150977,1.089703,1,0.0
1900-01-01 15:13:51.330,21.848932,-0.36044,22.327862,-1.222967,0.067384,0.087946,0.151895,1.042555,1,0.0
1900-01-01 15:13:52.330,21.850113,-0.356633,22.331669,-1.206429,0.066985,0.088051,0.152373,0.91997,1,0.0
1900-01-01 15:13:53.330,21.846438,-0.355583,22.338232,-1.213779,0.067284,0.087862,0.151702,0.981262,1,0.0
1900-01-01 15:13:54.330,21.85287,-0.351383,22.333769,-1.214173,0.067189,0.088125,0.152943,0.896396,1,0.0
1900-01-01 15:13:55.330,21.849195,-0.344689,22.33797,-1.20866,0.067809,0.08907,0.153439,0.886966,1,0.0
1900-01-01 15:13:56.330,21.854183,-0.342983,22.341514,-1.211548,0.067426,0.087952,0.152511,1.113277,1,0.0
1900-01-01 15:13:57.330,21.84762,-0.343902,22.337182,-1.226117,0.067468,0.087584,0.152575,0.8021,1,0.0
1900-01-01 15:13:58.330,21.846701,-0.341408,22.339414,-1.216273,0.067048,0.086334,0.151509,1.023696,1,0.0
1900-01-01 15:13:59.330,21.845126,-0.337995,22.339414,-1.212992,0.066591,0.086424,0.152015,0.929399,1,0.0
1900-01-01 15:14:00.330,21.843813,-0.329595,22.341252,-1.212598,0.066874,0.086944,0.152345,0.91054,1,0.0
1900-01-01 15:14:01.330,21.854051,-0.325001,22.342039,-1.218242,0.067006,0.085594,0.15196,1.099133,1,0.0
1900-01-01 15:14:02.330,21.846701,-0.32907,22.346109,-1.212598,0.06615,0.086182,0.152042,0.78324,1,0.0
1900-01-01 15:14:03.330,21.852476,-0.329201,22.341908,-1.216404,0.066607,0.086177,0.152263,1.169855,1,0.0
1900-01-01 15:14:04.330,21.848276,-0.327889,22.345977,-1.22441,0.066082,0.086466,0.153016,0.943544,1,0.0
1900-01-01 15:14:05.330,21.850507,-0.322245,22.342302,-1.226642,0.066076,0.08665,0.15297,1.150995,1,0.0
1900-01-01 15:14:06.330,21.854576,-0.31332,22.343221,-1.209185,0.066643,0.086319,0.152869,0.971833,1,0.0
1900-01-01 15:14:07.330,21.856939,-0.310563,22.348603,-1.206823,0.065441,0.086592,0.153659,1.084988,1,0.0
1900-01-01 15:14:08.330,21.859039,-0.305313,22.35346,-1.207348,0.066082,0.087925,0.153705,1.15571,1,0.0
1900-01-01 15:14:09.330,21.858514,-0.30295,22.349916,-1.214435,0.066071,0.087175,0.153044,0.91054,1,0.0
1900-01-01 15:14:10.330,21.865209,-0.310432,22.357398,-1.232679,0.067168,0.087253,0.153365,0.839818,1,0.0
1900-01-01 15:14:11.330,21.86429,-0.306494,22.358448,-1.201442,0.06689,0.086529,0.152152,0.806814,1,0.0
1900-01-01 15:14:12.330,21.861402,-0.306757,22.355298,-1.205248,0.067216,0.087668,0.154045,0.915255,1,0.0
1900-01-01 15:14:13.330,21.867309,-0.298357,22.363699,-1.213779,0.064974,0.08625,0.151886,0.924685,1,0.0
1900-01-01 15:14:14.330,21.867571,-0.300588,22.368556,-1.214042,0.066271,0.086613,0.152281,0.641796,1,0.0
1900-01-01 15:14:15.330,21.871247,-0.291138,22.371576,-1.214698,0.065914,0.08719,0.152823,0.929399,1,0.0
1900-01-01 15:14:16.330,21.878597,-0.294419,22.372101,-1.210498,0.066013,0.087526,0.153218,0.952974,1,0.0
1900-01-01 15:14:17.330,21.875053,-0.296125,22.371838,-1.196323,0.067021,0.087206,0.152842,1.108562,1,0.0
1900-01-01 15:14:18.330,21.879516,-0.284837,22.377221,-1.202754,0.066344,0.087175,0.153154,0.967118,1,0.0
1900-01-01 15:14:19.330,21.888967,-0.285494,22.377614,-1.204592,0.065688,0.086755,0.152336,0.877537,1,0.0
1900-01-01 15:14:20.330,21.892905,-0.28195,22.375383,-1.213254,0.066003,0.086151,0.152198,0.985977,1,0.0
1900-01-01 15:14:21.330,21.890148,-0.279456,22.377483,-1.206167,0.066097,0.08761,0.15354,0.948259,1,0.0
1900-01-01 15:14:22.330,21.900124,-0.278275,22.377089,-1.214173,0.066134,0.086791,0.152125,0.745522,1,0.0
1900-01-01 15:14:23.330,21.90183,-0.275518,22.384047,-1.202098,0.066654,0.087227,0.153154,0.967118,1,0.0
1900-01-01 15:14:24.330,21.904324,-0.270399,22.38129,-1.213648,0.066622,0.089353,0.152933,0.967118,1,0.0
1900-01-01 15:14:25.330,21.907212,-0.279718,22.381027,-1.211023,0.065646,0.08812,0.153292,0.811529,1,0.0
1900-01-01 15:14:26.330,21.905506,-0.275125,22.381027,-1.214435,0.066701,0.089269,0.153916,0.839818,1,0.0
1900-01-01 15:14:27.330,21.909837,-0.265018,22.381553,-1.215879,0.066045,0.088865,0.153696,0.830388,1,0.0
1900-01-01 15:14:28.330,21.917319,-0.267643,22.381159,-1.206298,0.065599,0.088492,0.153687,0.971833,1,0.0
1900-01-01 15:14:29.330,21.917451,-0.264362,22.385885,-1.231367,0.065767,0.088471,0.153117,0.971833,1,0.0
1900-01-01 15:14:30.330,21.920732,-0.263312,22.384178,-1.206692,0.065021,0.089138,0.154927,0.905825,1,0.0
1900-01-01 15:14:31.330,21.922045,-0.259374,22.382734,-1.201179,0.06448,0.087159,0.152786,1.000122,1,0.0
1900-01-01 15:14:32.330,21.919682,-0.261868,22.383784,-1.218373,0.065352,0.087479,0.152428,0.905825,1,0.0
1900-01-01 15:14:33.330,21.917976,-0.256486,22.381553,-1.209448,0.065441,0.088477,0.153108,1.075559,1,0.0
1900-01-01 15:14:34.330,21.919813,-0.25268,22.379715,-1.219554,0.065383,0.087689,0.15241,0.863392,1,0.0
1900-01-01 15:14:35.330,21.931627,-0.252155,22.386278,-1.206954,0.064533,0.087458,0.15241,0.830388,1,0.0
1900-01-01 15:14:36.330,21.919551,-0.24743,22.382997,-1.203673,0.064732,0.088172,0.152878,0.820959,1,0.0
1900-01-01 15:14:37.330,21.928214,-0.240342,22.38641,-1.210235,0.064753,0.087122,0.152382,0.905825,1,0.0
1900-01-01 15:14:38.330,21.931364,-0.24638,22.388379,-1.220079,0.065751,0.088792,0.154394,1.014266,1,0.0
1900-01-01 15:14:39.330,21.933202,-0.245855,22.387985,-1.204723,0.064527,0.087537,0.153356,0.820959,1,0.0
1900-01-01 15:14:40.330,21.925195,-0.24638,22.389691,-1.208529,0.065341,0.088802,0.153898,1.004836,1,0.0
1900-01-01 15:14:41.330,21.933727,-0.239686,22.392054,-1.212598,0.065179,0.089138,0.15444,1.146281,1,0.0
1900-01-01 15:14:42.330,21.937009,-0.239686,22.391661,-1.214042,0.065147,0.088435,0.153788,1.051984,1,0.0
1900-01-01 15:14:43.330,21.932808,-0.231942,22.392711,-1.191729,0.065331,0.089931,0.154174,0.872822,1,0.0
1900-01-01 15:14:44.330,21.944884,-0.229448,22.400587,-1.202492,0.064601,0.087799,0.153136,1.056699,1,0.0
1900-01-01 15:14:45.330,21.936221,-0.23693,22.399012,-1.194748,0.064926,0.088293,0.152814,1.03784,1,0.0
1900-01-01 15:14:46.330,21.943965,-0.229973,22.406101,-1.202361,0.064858,0.087815,0.153246,1.099133,1,0.0
1900-01-01 15:14:47.330,21.946984,-0.22866,22.412927,-1.206167,0.065194,0.087931,0.153218,1.16514,1,0.0
1900-01-01 15:14:48.330,21.948166,-0.225773,22.414502,-1.205773,0.065247,0.088356,0.15297,1.02841,1,0.0
1900-01-01 15:14:49.330,21.947247,-0.219866,22.41529,-1.218373,0.065347,0.088267,0.153604,0.655941,1,0.0
1900-01-01 15:14:50.330,21.951316,-0.220391,22.421328,-1.198817,0.065966,0.088156,0.152805,0.698374,1,0.0
1900-01-01 15:14:51.330,21.96313,-0.217504,22.427498,-1.197767,0.065431,0.08802,0.153126,0.905825,1,0.0
1900-01-01 15:14:52.330,21.969824,-0.22026,22.431043,-1.209185,0.065221,0.088272,0.153448,1.051984,1,0.0
1900-01-01 15:14:53.330,21.965624,-0.212122,22.4359,-1.227035,0.065457,0.088156,0.152759,1.099133,1,0.0
1900-01-01 15:14:54.330,21.971662,-0.213697,22.436819,-1.215223,0.065073,0.089227,0.154091,1.04727,1,0.0
1900-01-01 15:14:55.330,21.975599,-0.216323,22.432224,-1.207873,0.065047,0.088881,0.152961,1.018981,1,0.0
1900-01-01 15:14:56.330,21.981506,-0.21081,22.441544,-1.206429,0.065578,0.090204,0.154863,0.839818,1,0.0
1900-01-01 15:14:57.330,21.978618,-0.211204,22.442463,-1.195798,0.065378,0.08918,0.152933,1.117992,1,0.0
1900-01-01 15:14:58.330,21.983344,-0.208054,22.449158,-1.198161,0.064753,0.088508,0.152823,0.731378,1,0.0
1900-01-01 15:14:59.330,21.981506,-0.207529,22.444564,-1.205117,0.065263,0.088702,0.153485,0.929399,1,0.0
1900-01-01 15:15:00.330,21.990432,-0.202147,22.445876,-1.210629,0.065903,0.089747,0.153172,0.740807,1,0.0
1900-01-01 15:15:01.330,21.994895,-0.205035,22.454015,-1.209185,0.065047,0.089306,0.153044,0.967118,1,0.0
1900-01-01 15:15:02.330,21.993188,-0.206347,22.45034,-1.214698,0.065882,0.089133,0.152676,1.136851,1,0.0
1900-01-01 15:15:03.330,21.993582,-0.192566,22.452703,-1.20656,0.064501,0.088099,0.152649,0.952974,1,0.0
1900-01-01 15:15:04.330,21.995945,-0.195059,22.455459,-1.204592,0.064627,0.087637,0.152851,0.613507,1,0.0
1900-01-01 15:15:05.330,21.986757,-0.198472,22.451652,-1.208398,0.065331,0.088036,0.152557,0.985977,1,0.0
1900-01-01 15:15:06.330,21.999752,-0.194272,22.454409,-1.199604,0.064953,0.089595,0.154275,0.797385,1,0.0
1900-01-01 15:15:07.330,22.001589,-0.197291,22.456116,-1.208792,0.064606,0.08802,0.152162,1.117992,1,0.0
1900-01-01 15:15:08.330,21.996207,-0.198866,22.453753,-1.199342,0.065845,0.089338,0.153926,1.240577,1,0.0
1900-01-01 15:15:09.330,21.997389,-0.193091,22.455197,-1.203148,0.065179,0.089642,0.153889,0.811529,1,0.0
1900-01-01 15:15:10.330,21.996864,-0.187053,22.455591,-1.203148,0.064921,0.088886,0.153953,1.056699,1,0.0
1900-01-01 15:15:11.330,21.997389,-0.191122,22.454409,-1.201967,0.065137,0.088419,0.153687,0.891681,1,0.0
1900-01-01 15:15:12.330,21.999752,-0.186397,22.457035,-1.204592,0.065509,0.089595,0.154293,1.127421,1,0.0
1900-01-01 15:15:13.330,21.999752,-0.18364,22.45651,-1.207479,0.065483,0.087658,0.152263,0.943544,1,0.0
1900-01-01 15:15:14.330,21.994501,-0.185347,22.450602,-1.199079,0.065824,0.088855,0.153641,0.740807,1,0.0
1900-01-01 15:15:15.330,22.001458,-0.186659,22.454278,-1.198554,0.065714,0.088949,0.154661,0.934114,1,0.0
1900-01-01 15:15:16.330,21.994632,-0.184165,22.448764,-1.195536,0.066087,0.090199,0.15489,0.797385,1,0.0
1900-01-01 15:15:17.330,22.005133,-0.180621,22.452046,-1.196586,0.065977,0.089574,0.154569,0.78324,1,0.0
1900-01-01 15:15:18.330,21.99752,-0.176159,22.451652,-1.201967,0.065851,0.089611,0.153273,0.896396,1,0.0
1900-01-01 15:15:19.330,22.008546,-0.186003,22.460579,-1.204592,0.065693,0.089537,0.154109,1.084988,1,0.0
1900-01-01 15:15:20.330,22.000145,-0.175109,22.45139,-1.206298,0.065289,0.089364,0.153779,0.858677,1,0.0
1900-01-01 15:15:21.330,21.999226,-0.183509,22.449552,-1.204067,0.066171,0.089826,0.155056,0.835103,1,0.0
1900-01-01 15:15:22.330,21.99647,-0.179703,22.452309,-1.209973,0.065767,0.090209,0.154716,1.02841,1,0.0
1900-01-01 15:15:23.330,21.999095,-0.168152,22.450471,-1.195536,0.065767,0.090236,0.154578,0.830388,1,0.0
1900-01-01 15:15:24.330,22.006446,-0.170121,22.454147,-1.199211,0.065462,0.089469,0.154045,1.117992,1,0.0
1900-01-01 15:15:25.330,21.999358,-0.17104,22.45756,-1.213385,0.065677,0.090199,0.154192,0.863392,1,0.0
1900-01-01 15:15:26.330,22.000802,-0.166315,22.455066,-1.180704,0.065289,0.0896,0.153871,0.971833,1,0.0
1900-01-01 15:15:27.330,21.999358,-0.170646,22.452571,-1.225329,0.065677,0.089395,0.154266,1.014266,1,0.0
1900-01-01 15:15:28.330,21.99752,-0.161983,22.448502,-1.203936,0.066108,0.089742,0.154936,0.934114,1,0.0
1900-01-01 15:15:29.330,21.997783,-0.16684,22.448896,-1.206823,0.06636,0.089159,0.152612,1.033125,1,0.0
1900-01-01 15:15:30.330,21.995682,-0.170252,22.446795,-1.204592,0.066717,0.090362,0.154027,1.033125,1,0.0
1900-01-01 15:15:31.330,21.996601,-0.165527,22.447846,-1.213779,0.066612,0.089532,0.15388,1.127421,1,0.0
1900-01-01 15:15:32.330,22.008677,-0.166577,22.448502,-1.205773,0.065362,0.089306,0.154449,0.863392,1,0.0
1900-01-01 15:15:33.330,22.003033,-0.161852,22.447977,-1.206954,0.065142,0.088965,0.153586,1.004836,1,0.0
1900-01-01 15:15:34.330,22.00172,-0.159883,22.443776,-1.190286,0.065809,0.089091,0.152998,0.759666,1,0.0
1900-01-01 15:15:35.330,22.006577,-0.161852,22.447583,-1.203542,0.06532,0.088891,0.153393,1.080273,1,0.0
1900-01-01 15:15:36.330,22.004608,-0.162508,22.447189,-1.194354,0.066418,0.089789,0.153779,1.000122,1,0.0
1900-01-01 15:15:37.330,22.002902,-0.160671,22.447058,-1.198948,0.065404,0.089301,0.153751,1.099133,1,0.0
1900-01-01 15:15:38.330,22.006052,-0.150695,22.444958,-1.192386,0.065425,0.089458,0.153953,0.787955,1,0.0
1900-01-01 15:15:39.330,22.006446,-0.153189,22.440232,-1.202623,0.066748,0.09032,0.154275,0.712518,1,0.0
1900-01-01 15:15:40.330,22.012484,-0.156339,22.440494,-1.207217,0.065116,0.089957,0.154054,0.886966,1,0.0
1900-01-01 15:15:41.330,22.009596,-0.154502,22.440232,-1.208267,0.066397,0.089647,0.154091,0.971833,1,0.0
1900-01-01 15:15:42.330,22.011171,-0.154764,22.440494,-1.195404,0.066575,0.089663,0.153687,0.78324,1,0.0
1900-01-01 15:15:43.330,22.013271,-0.150302,22.439444,-1.211285,0.066475,0.089206,0.154229,0.858677,1,0.0
1900-01-01 15:15:44.330,22.00999,-0.15017,22.439182,-1.212992,0.066685,0.089327,0.154027,0.901111,1,0.0
1900-01-01 15:15:45.330,22.015503,-0.154764,22.43288,-1.198161,0.066675,0.088981,0.153475,0.731378,1,0.0
1900-01-01 15:15:46.330,22.021672,-0.144001,22.440363,-1.20971,0.066286,0.08887,0.154201,0.91997,1,0.0
1900-01-01 15:15:47.330,22.023379,-0.149383,22.441544,-1.213517,0.066985,0.088687,0.153641,0.896396,1,0.0
1900-01-01 15:15:48.330,22.023247,-0.143476,22.441413,-1.208923,0.067168,0.089017,0.153521,0.962403,1,0.0
1900-01-01 15:15:49.330,22.019309,-0.142426,22.439444,-1.201836,0.06731,0.088886,0.154973,1.056699,1,0.0
1900-01-01 15:15:50.330,22.024297,-0.143083,22.439575,-1.211942,0.067079,0.089879,0.154872,1.127421,1,0.0
1900-01-01 15:15:51.330,22.02771,-0.141114,22.436294,-1.192911,0.066271,0.089689,0.154449,0.934114,1,0.0
1900-01-01 15:15:52.330,22.026923,-0.139408,22.437869,-1.196979,0.06721,0.089101,0.154945,1.141566,1,0.0
1900-01-01 15:15:53.330,22.024429,-0.144001,22.439313,-1.203542,0.066365,0.088051,0.153485,0.806814,1,0.0
1900-01-01 15:15:54.330,22.026529,-0.142426,22.440626,-1.208398,0.068271,0.090199,0.155019,0.943544,1,0.0
1900-01-01 15:15:55.330,22.024035,-0.131926,22.437212,-1.201179,0.067216,0.087857,0.153439,1.297155,1,0.0
1900-01-01 15:15:56.330,22.025479,-0.132714,22.437344,-1.201573,0.067389,0.087679,0.153567,1.061414,1,0.0
1900-01-01 15:15:57.330,22.026266,-0.136914,22.437475,-1.201179,0.068077,0.088918,0.154431,0.698374,1,0.0
1900-01-01 15:15:58.330,22.021541,-0.132189,22.436687,-1.203542,0.068092,0.088288,0.153145,0.948259,1,0.0
1900-01-01 15:15:59.330,22.025085,-0.128251,22.440363,-1.193042,0.068686,0.088046,0.152915,0.924685,1,0.0
1900-01-01 15:16:00.330,22.019572,-0.133895,22.432487,-1.207873,0.069095,0.087883,0.15365,0.976548,1,0.0
1900-01-01 15:16:01.330,22.023247,-0.131664,22.437738,-1.202886,0.069053,0.088624,0.154532,0.962403,1,0.0
1900-01-01 15:16:02.330,22.020753,-0.132976,22.436425,-1.194486,0.068187,0.086839,0.153475,0.820959,1,0.0
1900-01-01 15:16:03.330,22.025085,-0.131139,22.437606,-1.20446,0.068271,0.086229,0.151491,0.830388,1,0.0
1900-01-01 15:16:04.330,22.024954,-0.123788,22.437738,-1.209448,0.069652,0.087028,0.152998,0.948259,1,0.0
1900-01-01 15:16:05.330,22.028498,-0.129563,22.440888,-1.204985,0.069851,0.086812,0.152906,0.698374,1,0.0
1900-01-01 15:16:06.330,22.026266,-0.124576,22.440626,-1.194748,0.071075,0.086518,0.152851,1.018981,1,0.0
1900-01-01 15:16:07.330,22.021672,-0.124182,22.440232,-1.203411,0.069421,0.085794,0.152989,0.915255,1,0.0
1900-01-01 15:16:08.330,22.031779,-0.120901,22.446008,-1.195536,0.069699,0.084408,0.151427,0.967118,1,0.0
1900-01-01 15:16:09.330,22.027448,-0.123526,22.443645,-1.205642,0.071111,0.083478,0.151601,0.566359,1,0.0
1900-01-01 15:16:10.330,22.025479,-0.122738,22.448896,-1.200654,0.072687,0.084696,0.151316,1.084988,1,0.0
1900-01-01 15:16:11.330,22.021672,-0.121294,22.44929,-1.208004,0.070492,0.0832,0.151712,1.080273,0,0.0
1900-01-01 15:16:12.330,22.02771,-0.118407,22.450208,-1.205904,0.070954,0.083688,0.150765,1.023696,0,0.0
1900-01-01 15:16:13.330,22.023379,-0.119326,22.450077,-1.215354,0.069038,0.080633,0.146824,0.934114,0,0.0
1900-01-01 15:16:14.330,22.031779,-0.114469,22.454409,-1.210367,0.068397,0.079399,0.14415,0.853963,0,0.0
1900-01-01 15:16:15.330,22.028629,-0.114863,22.453884,-1.222704,0.067315,0.077782,0.141155,1.141566,0,0.0
1900-01-01 15:16:16.330,22.021541,-0.113682,22.456772,-1.212073,0.066475,0.076658,0.139382,1.117992,0,0.0
1900-01-01 15:16:17.330,22.028367,-0.109875,22.457954,-1.208792,0.065284,0.076322,0.138316,0.717233,0,0.0
1900-01-01 15:16:18.330,22.028629,-0.111844,22.457166,-1.22441,0.065189,0.074999,0.135,0.844533,0,0.0
1900-01-01 15:16:19.330,22.023641,-0.1083,22.462154,-1.208135,0.064023,0.07283,0.13353,0.901111,0,0.0
1900-01-01 15:16:20.330,22.026529,-0.115388,22.46583,-1.215354,0.063903,0.07313,0.134026,1.141566,0,0.0
1900-01-01 15:16:21.330,22.022722,-0.114207,22.457691,-1.212073,0.064365,0.073576,0.133943,0.882251,0,0.0
1900-01-01 15:16:22.330,22.020885,-0.10515,22.455197,-1.207742,0.063567,0.073476,0.134008,0.882251,0,0.0
1900-01-01 15:16:23.330,22.023379,-0.105938,22.455591,-1.21601,0.063567,0.073093,0.134219,1.188714,0,0.0
1900-01-01 15:16:24.330,22.02141,-0.110007,22.453359,-1.223623,0.064097,0.07282,0.133383,0.839818,0,0.0
1900-01-01 15:16:25.330,22.016947,-0.107119,22.453359,-1.223754,0.063409,0.072269,0.133796,0.985977,0,0.0
1900-01-01 15:16:26.330,22.011171,-0.108169,22.450996,-1.226904,0.064302,0.072384,0.133677,0.981262,0,0.0
1900-01-01 15:16:27.330,22.016947,-0.104363,22.450077,-1.235042,0.064076,0.07292,0.133208,0.740807,0,0.0
1900-01-01 15:16:28.330,22.007758,-0.103969,22.452309,-1.240685,0.064013,0.072405,0.133438,1.127421,0,0.0
1900-01-01 15:16:29.330,22.012353,-0.102,22.449027,-1.245935,0.06458,0.072794,0.134449,1.009551,0,0.0
1900-01-01 15:16:30.330,22.003821,-0.106069,22.445351,-1.24751,0.065929,0.074967,0.138555,0.863392,0,0.0
1900-01-01 15:16:31.330,22.003558,-0.1062,22.44522,-1.252629,0.068512,0.078553,0.145014,0.924685,0,0.0
1900-01-01 15:16:32.330,22.010121,-0.101475,22.444826,-1.256435,0.079123,0.093507,0.171483,1.301869,0,0.0
1900-01-01 15:16:33.330,22.003427,-0.100556,22.439575,-1.260766,0.095814,0.116619,0.209371,0.858677,0,0.0
1900-01-01 15:16:34.330,22.004871,-0.096619,22.437081,-1.274941,0.118328,0.174741,0.27314,1.004836,0,0.0
1900-01-01 15:16:35.330,22.010252,-0.093862,22.427629,-1.285179,0.15003,0.290591,0.411077,1.108562,0,0.0
1900-01-01 15:16:36.330,22.000408,-0.093075,22.43485,-1.262079,0.158084,0.402966,0.560398,0.948259,0,1.0
1900-01-01 15:16:37.330,22.003296,-0.097931,22.435768,-1.284785,0.250364,0.502755,0.71355,0.934114,0,1.0
1900-01-01 15:16:38.330,22.009071,-0.103444,22.443251,-1.271791,0.220899,0.609549,0.819406,0.990692,0,1.0
1900-01-01 15:16:39.330,21.984,-0.099638,22.430517,-1.224673,0.275398,0.652209,0.832498,0.797385,0,1.0
1900-01-01 15:16:40.330,22.011959,-0.124838,22.438263,-1.188448,0.229877,0.674239,0.855255,0.632367,0,1.0
1900-01-01 15:16:41.330,22.002902,-0.131795,22.4359,-1.114292,0.221009,0.702392,0.8873,0.943544,0,1.0
1900-01-01 15:16:42.330,21.995551,-0.140589,22.430911,-1.06678,0.219014,0.776208,0.980845,1.52818,0,1.0
1900-01-01 15:16:43.330,21.993057,-0.186265,22.424479,-1.026356,0.238981,0.878685,1.108208,1.183999,0,1.0
1900-01-01 15:16:44.330,21.996864,-0.225379,22.431961,-1.020187,0.269554,1.017044,1.276804,0.830388,0,1.0
1900-01-01 15:16:45.330,21.985707,-0.276831,22.430649,-0.974775,0.300621,1.179713,1.468634,0.967118,0,1.0
1900-01-01 15:16:46.330,21.990694,-0.312926,22.431305,-0.956137,0.299109,1.178405,1.471666,0.882251,0,1.0
1900-01-01 15:16:47.330,21.991351,-0.350727,22.43288,-0.956662,0.301235,1.182369,1.475947,1.160425,0,1.0
1900-01-01 15:16:48.330,22.000277,-0.385903,22.444432,-0.959287,0.304406,1.185766,1.481652,0.731378,0,1.0
1900-01-01 15:16:49.330,22.003821,-0.421998,22.441019,-0.943406,0.30406,1.189778,1.486411,0.811529,0,1.0
1900-01-01 15:16:50.330,21.991088,-0.462556,22.437869,-0.932513,0.302621,1.185073,1.480862,1.042555,0,1.0
1900-01-01 15:16:51.330,22.005133,-0.479225,22.446927,-0.91965,0.304658,1.188659,1.487156,0.830388,0,1.0
1900-01-01 15:16:52.330,21.984788,-0.510857,22.436819,-0.882375,0.304044,1.18354,1.478382,1.061414,0,1.0
1900-01-01 15:16:53.330,22.004608,-0.534089,22.447977,-0.904294,0.298547,1.15943,1.449929,0.78324,0,1.0
1900-01-01 15:16:54.330,21.995289,-0.559946,22.445351,-0.903638,0.292882,1.124063,1.408026,0.882251,0,1.0
1900-01-01 15:16:55.330,21.996601,-0.575566,22.446402,-0.884213,0.279,1.068062,1.339443,0.717233,0,1.0
1900-01-01 15:16:56.330,22.002771,-0.579897,22.45034,-0.863738,0.254145,0.95216,1.200163,0.929399,0,1.0
1900-01-01 15:16:57.330,22.009334,-0.59591,22.451652,-0.888019,0.230738,0.828791,1.049492,0.750237,0,1.0
1900-01-01 15:16:58.330,22.012484,-0.602473,22.453228,-0.869775,0.200292,0.697588,0.887677,0.707803,0,1.0
1900-01-01 15:16:59.330,22.003558,-0.609954,22.451652,-0.874763,0.166421,0.533754,0.690775,0.924685,0,1.0
1900-01-01 15:17:00.330,22.006577,-0.616254,22.452571,-0.861638,0.147053,0.427643,0.566159,1.141566,0,1.0
1900-01-01 15:17:01.330,22.000014,-0.632136,22.446795,-0.856388,0.145126,0.413546,0.5493,0.759666,0,1.0
1900-01-01 15:17:02.330,22.00684,-0.630167,22.451521,-0.847463,0.142926,0.404961,0.540269,0.967118,0,1.0
1900-01-01 15:17:03.330,22.019047,-0.631217,22.457166,-0.855863,0.141729,0.403024,0.536548,0.905825,0,1.0
1900-01-01 15:17:04.330,22.004346,-0.640536,22.451127,-0.834076,0.142406,0.401884,0.537283,0.948259,0,1.0
1900-01-01 15:17:05.330,22.010384,-0.650906,22.450996,-0.834601,0.141949,0.401779,0.536622,0.637081,0,1.0
1900-01-01 15:17:06.330,22.010646,-0.646574,22.452571,-0.837619,0.142716,0.401023,0.53528,0.8021,0,1.0
1900-01-01 15:17:07.330,22.020228,-0.650118,22.454934,-0.837619,0.142049,0.399044,0.533893,0.78324,0,1.0
1900-01-01 15:17:08.330,22.012484,-0.654318,22.451915,-0.843657,0.14176,0.396792,0.530907,0.778526,0,1.0
1900-01-01 15:17:09.330,22.012615,-0.659568,22.450865,-0.846544,0.140353,0.391357,0.524347,0.717233,0,1.0
1900-01-01 15:17:10.330,21.998701,-0.669019,22.439707,-0.843394,0.138631,0.386285,0.518082,0.962403,0,1.0
1900-01-01 15:17:11.330,22.006577,-0.664031,22.444564,-0.823838,0.139939,0.384836,0.515564,1.127421,0,1.0
1900-01-01 15:17:12.330,22.016422,-0.657862,22.448896,-0.829613,0.139345,0.383214,0.514297,1.27358,0,1.0
1900-01-01 15:17:13.330,22.006577,-0.666,22.439969,-0.836176,0.13819,0.381765,0.512018,0.778526,0,1.0
1900-01-01 15:17:14.330,22.014059,-0.666262,22.440888,-0.846938,0.138316,0.38019,0.509822,0.957688,0,1.0
1900-01-01 15:17:15.330,22.004608,-0.671775,22.437606,-0.838538,0.137917,0.378263,0.507232,0.764381,0,1.0
1900-01-01 15:17:16.330,22.012353,-0.669019,22.442463,-0.846544,0.137749,0.377139,0.506276,0.439059,0,1.0
1900-01-01 15:17:17.330,21.999883,-0.672169,22.434193,-0.831582,0.137586,0.376063,0.504319,0.707803,0,1.0
1900-01-01 15:17:18.330,22.005264,-0.674663,22.433405,-0.829876,0.137056,0.374215,0.502849,0.891681,0,1.0
1900-01-01 15:17:19.330,22.000145,-0.677944,22.438525,-0.831451,0.136526,0.373627,0.503189,1.004836,0,1.0
1900-01-01 15:17:20.330,22.018522,-0.676238,22.435637,-0.845101,0.137135,0.373432,0.501738,1.051984,0,1.0
1900-01-01 15:17:21.330,22.007233,-0.674794,22.43485,-0.835257,0.136993,0.373522,0.502629,1.018981,0,1.0
1900-01-01 15:17:22.330,21.993188,-0.684113,22.422247,-0.82292,0.137046,0.373249,0.501379,0.886966,0,1.0
1900-01-01 15:17:23.330,22.000277,-0.679256,22.428023,-0.834601,0.136998,0.373002,0.500856,0.679515,0,1.0
1900-01-01 15:17:24.330,21.99647,-0.677156,22.432093,-0.837357,0.137156,0.372986,0.500947,0.976548,0,1.0
1900-01-01 15:17:25.330,22.000539,-0.67755,22.431568,-0.840113,0.136799,0.371537,0.499138,0.552215,0,1.0
1900-01-01 15:17:26.330,22.005921,-0.674794,22.431305,-0.830663,0.137098,0.373238,0.50114,0.8021,0,1.0
1900-01-01 15:17:27.330,22.006183,-0.676238,22.430386,-0.81872,0.135539,0.371122,0.49945,0.806814,0,1.0
1900-01-01 15:17:28.330,21.99647,-0.683588,22.423691,-0.833157,0.133654,0.359015,0.48261,1.358447,0,1.0
1900-01-01 15:17:29.330,21.99647,-0.682407,22.431699,-0.837619,0.132604,0.354893,0.477942,0.872822,0,1.0
1900-01-01 15:17:30.330,22.007627,-0.677156,22.426711,-0.835913,0.131506,0.353439,0.476399,0.934114,0,1.0
1900-01-01 15:17:31.330,22.00067,-0.679519,22.436687,-0.832895,0.132588,0.354421,0.478163,1.089703,0,1.0
1900-01-01 15:17:32.330,22.000539,-0.682144,22.433537,-0.859144,0.131191,0.352935,0.476224,0.599363,0,1.0
1900-01-01 15:17:33.330,22.001064,-0.679125,22.428155,-0.846544,0.132121,0.35398,0.477603,0.684229,0,1.0
1900-01-01 15:17:34.330,21.987282,-0.6828,22.428942,-0.836438,0.132451,0.354274,0.477529,0.849248,0,1.0
1900-01-01 15:17:35.330,21.997258,-0.675844,22.42973,-0.844182,0.132378,0.352557,0.47402,0.905825,0,1.0
1900-01-01 15:17:36.330,21.984,-0.681619,22.432355,-0.822788,0.132572,0.353092,0.476335,0.905825,0,1.0
1900-01-01 15:17:37.330,22.001064,-0.673875,22.441676,-0.841557,0.132567,0.354384,0.476831,0.844533,0,1.0
1900-01-01 15:17:38.330,21.995814,-0.68175,22.432618,-0.842607,0.131674,0.353056,0.474947,0.924685,0,1.0
1900-01-01 15:17:39.330,21.995289,-0.68175,22.439182,-0.841294,0.132094,0.354415,0.476932,1.099133,0,1.0
1900-01-01 15:17:40.330,21.993451,-0.682013,22.437475,-0.82922,0.132404,0.354583,0.478099,0.632367,0,1.0
1900-01-01 15:17:41.330,21.989251,-0.681225,22.435506,-0.835257,0.132241,0.35346,0.476353,1.018981,0,1.0
1900-01-01 15:17:42.330,21.991351,-0.674794,22.448371,-0.821213,0.133034,0.354484,0.478503,0.78324,0,1.0
1900-01-01 15:17:43.330,21.98505,-0.683982,22.435768,-0.839982,0.132357,0.354468,0.478025,0.858677,0,1.0
1900-01-01 15:17:44.330,21.979406,-0.6849,22.4359,-0.839194,0.132184,0.354547,0.477272,0.971833,0,1.0
1900-01-01 15:17:45.330,21.983081,-0.684507,22.437869,-0.838538,0.132415,0.354772,0.478779,0.613507,0,1.0
1900-01-01 15:17:46.330,21.982819,-0.690938,22.434718,-0.831976,0.131701,0.353512,0.477832,0.6748,0,1.0
1900-01-01 15:17:47.330,21.991876,-0.683719,22.44312,-0.833945,0.131601,0.354205,0.477795,1.061414,0,1.0
1900-01-01 15:17:48.330,21.988201,-0.684113,22.437606,-0.836832,0.132194,0.355077,0.477924,0.835103,0,1.0
1900-01-01 15:17:49.330,21.989907,-0.688444,22.444695,-0.851926,0.132184,0.353297,0.477226,0.853963,0,1.0
1900-01-01 15:17:50.330,21.980325,-0.694744,22.447714,-0.839063,0.132299,0.353539,0.477676,0.844533,0,1.0
1900-01-01 15:17:51.330,21.994895,-0.687394,22.448108,-0.846151,0.132352,0.35357,0.477024,1.018981,0,1.0
1900-01-01 15:17:52.330,21.981506,-0.691594,22.447058,-0.833945,0.132882,0.353649,0.476794,0.853963,0,1.0
1900-01-01 15:17:53.330,22.001327,-0.683063,22.449815,-0.842869,0.131795,0.352363,0.474727,0.91997,0,1.0
1900-01-01 15:17:54.330,21.989382,-0.682013,22.455328,-0.822001,0.131585,0.351297,0.475287,0.754952,0,1.0
1900-01-01 15:17:55.330,22.009859,-0.684113,22.45966,-0.846413,0.131989,0.351218,0.474938,0.872822,0,1.0
1900-01-01 15:17:56.330,21.995551,-0.684507,22.459791,-0.831713,0.131102,0.351024,0.474387,0.79267,0,1.0
1900-01-01 15:17:57.330,21.995682,-0.695138,22.455066,-0.842344,0.133145,0.352788,0.475802,0.976548,0,1.0
1900-01-01 15:17:58.330,21.996601,-0.687657,22.469374,-0.832238,0.131795,0.352993,0.475692,0.924685,0,1.0
1900-01-01 15:17:59.330,21.991088,-0.691201,22.466355,-0.825938,0.131622,0.3522,0.476684,1.075559,0,1.0
1900-01-01 15:18:00.330,22.003296,-0.685819,22.467799,-0.836701,0.13169,0.352027,0.474341,0.915255,0,1.0
1900-01-01 15:18:01.330,21.987675,-0.703145,22.467405,-0.840507,0.131428,0.352373,0.475251,0.717233,0,1.0
1900-01-01 15:18:02.330,22.007365,-0.685688,22.464255,-0.851532,0.131533,0.351575,0.47435,0.868107,0,1.0
1900-01-01 15:18:03.330,21.999226,-0.690151,22.475676,-0.848119,0.131863,0.351969,0.475003,0.905825,0,1.0
1900-01-01 15:18:04.330,21.99647,-0.695532,22.462023,-0.847594,0.1321,0.352006,0.474323,0.872822,0,1.0
1900-01-01 15:18:05.330,21.996207,-0.686738,22.469243,-0.840244,0.130735,0.351664,0.474791,0.934114,0,1.0
1900-01-01 15:18:06.330,21.992795,-0.695926,22.464517,-0.836176,0.131113,0.351822,0.474911,0.679515,0,1.0
1900-01-01 15:18:07.330,21.992007,-0.699207,22.469506,-0.856126,0.130567,0.350992,0.474203,0.825674,0,1.0
1900-01-01 15:18:08.330,22.000802,-0.693563,22.467668,-0.847726,0.131239,0.350115,0.47255,0.750237,0,1.0
1900-01-01 15:18:09.330,21.982162,-0.699995,22.462548,-0.841557,0.130819,0.350037,0.472641,0.632367,0,1.0
1900-01-01 15:18:10.330,21.991482,-0.689626,22.458741,-0.848382,0.131307,0.350766,0.473836,0.863392,0,1.0
1900-01-01 15:18:11.330,21.987675,-0.691069,22.467143,-0.845888,0.131013,0.351307,0.473928,0.896396,0,1.0
1900-01-01 15:18:12.330,21.988332,-0.702226,22.458479,-0.832895,0.130645,0.350157,0.474277,1.004836,0,1.0
1900-01-01 15:18:13.330,21.983344,-0.698813,22.452703,-0.861638,0.131128,0.350073,0.472347,0.967118,0,1.0
1900-01-01 15:18:14.330,21.986888,-0.69527,22.462417,-0.849826,0.13211,0.351591,0.473918,0.952974,0,1.0
1900-01-01 15:18:15.330,21.979669,-0.686869,22.460973,-0.839851,0.131023,0.34937,0.47198,0.952974,0,1.0
1900-01-01 15:18:16.330,21.974812,-0.700782,22.457822,-0.852451,0.131422,0.351024,0.474176,0.957688,0,1.0
1900-01-01 15:18:17.330,21.971662,-0.691988,22.455985,-0.856782,0.130882,0.35021,0.473119,0.929399,0,1.0
1900-01-01 15:18:18.330,21.980981,-0.701307,22.449421,-0.854551,0.130703,0.351223,0.474268,1.061414,0,1.0
1900-01-01 15:18:19.330,21.978225,-0.696713,22.456903,-0.858619,0.131139,0.350735,0.472265,0.981262,0,1.0
1900-01-01 15:18:20.330,21.963392,-0.693301,22.455722,-0.848776,0.130582,0.350152,0.472577,0.5475,0,1.0
1900-01-01 15:18:21.330,21.961948,-0.701701,22.453622,-0.852451,0.130887,0.351675,0.475342,0.957688,0,1.0
1900-01-01 15:18:22.330,21.961292,-0.702751,22.444695,-0.844051,0.129916,0.350047,0.47254,1.042555,0,1.0
1900-01-01 15:18:23.330,21.954073,-0.704326,22.438525,-0.858751,0.131296,0.350462,0.472742,0.811529,0,1.0
1900-01-01 15:18:24.330,21.959192,-0.701176,22.448896,-0.848251,0.130924,0.350215,0.472825,1.051984,0,1.0
1900-01-01 15:18:25.330,21.956829,-0.693694,22.453097,-0.841294,0.130488,0.349716,0.473239,0.853963,0,1.0
1900-01-01 15:18:26.330,21.953416,-0.708132,22.433931,-0.841163,0.131401,0.350394,0.473753,0.91997,0,1.0
1900-01-01 15:18:27.330,21.972055,-0.687394,22.456772,-0.853107,0.130945,0.350446,0.473303,0.811529,0,1.0
1900-01-01 15:18:28.330,21.945934,-0.699338,22.449815,-0.860063,0.13022,0.348651,0.472274,0.868107,0,1.0
1900-01-01 15:18:29.330,21.944622,-0.711414,22.436294,-0.862819,0.130351,0.3501,0.474277,0.660655,0,1.0
1900-01-01 15:18:30.330,21.951972,-0.701045,22.446664,-0.874632,0.130498,0.349296,0.472844,0.901111,0,1.0
1900-01-01 15:18:31.330,21.942259,-0.70367,22.441676,-0.866757,0.130047,0.349806,0.472862,1.03784,0,1.0
1900-01-01 15:18:32.330,21.948035,-0.693038,22.443907,-0.851401,0.129884,0.348545,0.472687,0.830388,0,1.0
1900-01-01 15:18:33.330,21.945672,-0.698157,22.441807,-0.846938,0.1298,0.347978,0.472825,0.995407,0,1.0
1900-01-01 15:18:34.330,21.939634,-0.70577,22.440363,-0.855207,0.129853,0.348146,0.472834,0.797385,0,1.0
1900-01-01 15:18:35.330,21.943047,-0.71207,22.44207,-0.876338,0.129879,0.346876,0.471144,0.660655,0,1.0
1900-01-01 15:18:36.330,21.948691,-0.689363,22.449421,-0.862426,0.129622,0.346855,0.469444,0.679515,0,1.0
1900-01-01 15:18:37.330,21.928345,-0.712726,22.433537,-0.869644,0.130693,0.348876,0.472871,0.684229,0,1.0
1900-01-01 15:18:38.330,21.941078,-0.708526,22.440232,-0.870694,0.130698,0.347999,0.472697,0.839818,0,1.0
1900-01-01 15:18:39.330,21.942653,-0.703801,22.443382,-0.856126,0.130425,0.34884,0.472816,1.000122,0,1.0
1900-01-01 15:18:40.330,21.940159,-0.709182,22.444039,-0.864657,0.129517,0.347569,0.471732,0.684229,0,1.0
1900-01-01 15:18:41.330,21.931758,-0.701701,22.451784,-0.843263,0.129706,0.347396,0.472917,0.858677,0,1.0
1900-01-01 15:18:42.330,21.939371,-0.711414,22.449946,-0.869907,0.130246,0.347921,0.473027,0.655941,0,1.0
1900-01-01 15:18:43.330,21.937796,-0.710101,22.447714,-0.869907,0.129711,0.346797,0.470813,0.934114,0,1.0
1900-01-01 15:18:44.330,21.936221,-0.708001,22.455722,-0.865969,0.129559,0.347726,0.471576,0.981262,0,1.0
1900-01-01 15:18:45.330,21.935565,-0.705114,22.454803,-0.847463,0.130015,0.346713,0.471199,0.740807,0,1.0
1900-01-01 15:18:46.330,21.933464,-0.713645,22.439838,-0.900357,0.130015,0.346713,0.469058,0.901111,0,1.0
1900-01-01 15:18:47.330,21.931102,-0.713251,22.451259,-0.876469,0.129464,0.346062,0.470133,1.179284,0,1.0
1900-01-01 15:18:48.330,21.932152,-0.698288,22.470031,-0.875288,0.12959,0.345584,0.468875,0.670085,0,1.0
1900-01-01 15:18:49.330,21.931102,-0.707476,22.456378,-0.858226,0.129721,0.347112,0.469894,0.778526,0,1.0
1900-01-01 15:18:50.330,21.913381,-0.713645,22.471343,-0.851401,0.128298,0.343999,0.469159,0.849248,0,1.0
1900-01-01 15:18:51.330,21.927689,-0.724014,22.448239,-0.895632,0.129338,0.346172,0.469692,0.835103,0,1.0
1900-01-01 15:18:52.330,21.936615,-0.70052,22.474625,-0.861376,0.12897,0.34487,0.468801,0.929399,0,1.0
1900-01-01 15:18:53.330,21.934777,-0.716139,22.458347,-0.878175,0.129637,0.345758,0.468985,0.759666,0,1.0
1900-01-01 15:18:54.330,21.914169,-0.719814,22.474363,-0.852582,0.128802,0.34529,0.47006,1.000122,0,1.0
1900-01-01 15:18:55.330,21.93714,-0.716926,22.447189,-0.894188,0.129422,0.346451,0.468342,0.486207,0,1.0
1900-01-01 15:18:56.330,21.942259,-0.701701,22.48027,-0.869644,0.128855,0.34414,0.466743,0.839818,0,1.0
1900-01-01 15:18:57.330,21.933858,-0.713251,22.455459,-0.87555,0.129889,0.346241,0.469352,1.16514,0,1.0
1900-01-01 15:18:58.330,21.944753,-0.696188,22.49156,-0.887363,0.129086,0.345805,0.469251,0.858677,0,1.0
1900-01-01 15:18:59.330,21.92467,-0.733202,22.475807,-0.879225,0.129648,0.34571,0.470795,1.004836,0,1.0
1900-01-01 15:19:00.330,21.946459,-0.706032,22.475807,-0.903638,0.129322,0.344818,0.468039,0.938829,0,1.0
1900-01-01 15:19:01.330,21.924014,-0.72047,22.47817,-0.872925,0.13001,0.346466,0.472044,0.91054,0,1.0
1900-01-01 15:19:02.330,21.950922,-0.704457,22.482896,-0.860719,0.129217,0.344608,0.467046,0.971833,0,1.0
1900-01-01 15:19:03.330,21.933858,-0.723883,22.476988,-0.882769,0.129322,0.346388,0.47175,0.886966,0,1.0
1900-01-01 15:19:04.330,21.942128,-0.721258,22.488672,-0.869382,0.129091,0.346797,0.47198,0.830388,0,1.0
1900-01-01 15:19:05.330,21.951316,-0.706164,22.489197,-0.877913,0.129585,0.346829,0.470161,0.882251,0,1.0
1900-01-01 15:19:06.330,21.944359,-0.727164,22.473838,-0.879619,0.129805,0.347459,0.471355,1.245292,0,1.0
1900-01-01 15:19:07.330,21.934383,-0.726246,22.495892,-0.863607,0.12876,0.345989,0.471447,0.929399,0,1.0
1900-01-01 15:19:08.330,21.950397,-0.715089,22.481977,-0.872794,0.129816,0.346477,0.471337,0.820959,0,1.0
1900-01-01 15:19:09.330,21.93504,-0.728083,22.487621,-0.860982,0.128865,0.3456,0.471273,0.938829,0,1.0
1900-01-01 15:19:10.330,21.963786,-0.702095,22.494054,-0.868463,0.128818,0.345857,0.468902,0.721948,0,1.0
1900-01-01 15:19:11.330,21.941734,-0.727296,22.488015,-0.877257,0.129769,0.346566,0.471778,1.075559,0,1.0
1900-01-01 15:19:12.330,21.955385,-0.706951,22.497336,-0.87975,0.129186,0.345852,0.468195,0.693659,0,1.0
1900-01-01 15:19:13.330,21.944097,-0.733464,22.483421,-0.872269,0.129254,0.346088,0.470666,0.717233,0,1.0
1900-01-01 15:19:14.330,21.960242,-0.707345,22.499961,-0.885788,0.129412,0.345684,0.468443,0.745522,0,1.0
1900-01-01 15:19:15.330,21.928083,-0.709576,22.503243,-0.860326,0.128991,0.344849,0.471006,0.943544,0,1.0
1900-01-01 15:19:16.330,21.932808,-0.730314,22.468849,-0.884607,0.129637,0.347254,0.470685,0.863392,0,1.0
1900-01-01 15:19:17.330,21.96313,-0.704326,22.510594,-0.864001,0.128151,0.345206,0.468516,0.981262,0,1.0
1900-01-01 15:19:18.330,21.916926,-0.709707,22.505737,-0.866363,0.128634,0.345464,0.471034,0.844533,0,1.0
1900-01-01 15:19:19.330,21.922045,-0.743309,22.483289,-0.866626,0.12916,0.34601,0.471521,0.707803,0,1.0
1900-01-01 15:19:20.330,21.962998,-0.720864,22.470818,-0.893138,0.12949,0.346829,0.469536,0.971833,0,1.0
1900-01-01 15:19:21.330,21.941078,-0.716533,22.500749,-0.88185,0.130126,0.346892,0.470492,0.868107,0,1.0
1900-01-01 15:19:22.330,21.948953,-0.72152,22.479351,-0.894057,0.128708,0.345143,0.467542,0.91997,0,1.0
1900-01-01 15:19:23.330,21.922832,-0.724539,22.48959,-0.878044,0.128808,0.34633,0.471548,0.66537,0,1.0
1900-01-01 15:19:24.330,21.956698,-0.702095,22.502061,-0.867807,0.128293,0.344676,0.467579,1.023696,0,1.0
1900-01-01 15:19:25.330,21.956435,-0.710889,22.501405,-0.884869,0.125227,0.333629,0.454717,0.514496,0,1.0
1900-01-01 15:19:26.330,21.932414,-0.720602,22.495629,-0.866494,0.123237,0.321705,0.43988,0.948259,0,1.0
1900-01-01 15:19:27.330,21.934515,-0.719683,22.500355,-0.886969,0.120843,0.310191,0.425299,0.769096,0,1.0
1900-01-01 15:19:28.330,21.935171,-0.723489,22.492741,-0.874369,0.118832,0.299249,0.411417,0.523926,0,1.0
1900-01-01 15:19:29.330,21.924407,-0.719158,22.497861,-0.883688,0.116181,0.287478,0.398114,1.15571,0,1.0
1900-01-01 15:19:30.330,21.924539,-0.725327,22.493397,-0.89655,0.114012,0.276121,0.384784,0.938829,0,1.0
1900-01-01 15:19:31.330,21.928083,-0.723752,22.495629,-0.878963,0.111739,0.26508,0.370892,0.655941,0,1.0
1900-01-01 15:19:32.330,21.920601,-0.725064,22.497073,-0.896288,0.110095,0.254757,0.357718,0.769096,0,1.0
1900-01-01 15:19:33.330,21.926508,-0.728346,22.50193,-0.888938,0.106625,0.244351,0.345655,0.91997,0,1.0
1900-01-01 15:19:34.330,21.932939,-0.720995,22.504293,-0.891038,0.104331,0.233708,0.332471,0.934114,0,1.0
1900-01-01 15:19:35.330,21.931233,-0.720602,22.504424,-0.8913,0.10212,0.224268,0.321299,0.717233,0,1.0
1900-01-01 15:19:36.330,21.926114,-0.72362,22.49983,-0.893532,0.100466,0.215054,0.310431,1.056699,0,1.0
1900-01-01 15:19:37.330,21.924276,-0.720864,22.504031,-0.885263,0.09834,0.203792,0.298414,0.721948,0,1.0
1900-01-01 15:19:38.330,21.923357,-0.72257,22.507837,-0.899963,0.096754,0.195806,0.288115,0.957688,0,1.0
1900-01-01 15:19:39.330,21.923357,-0.72257,22.507969,-0.902719,0.095016,0.187389,0.277531,0.91054,0,1.0
1900-01-01 15:19:40.330,21.922307,-0.721652,22.503768,-0.893794,0.092753,0.178275,0.266222,0.830388,0,1.0
1900-01-01 15:19:41.330,21.91942,-0.722177,22.5081,-0.912431,0.090863,0.170425,0.257448,0.938829,0,1.0
1900-01-01 15:19:42.330,21.921651,-0.729658,22.513482,-0.926738,0.091268,0.163174,0.246662,1.03784,0,1.0
1900-01-01 15:19:43.330,21.921388,-0.726377,22.507706,-0.928444,0.089582,0.157373,0.238375,0.736092,0,1.0
1900-01-01 15:19:44.330,21.922176,-0.729527,22.512826,-0.942356,0.085051,0.148158,0.228995,1.000122,0,1.0
1900-01-01 15:19:45.330,21.925458,-0.729264,22.518733,-0.934613,0.084678,0.144089,0.222702,0.844533,0,1.0
1900-01-01 15:19:46.330,21.922832,-0.716401,22.51217,-0.939337,0.08324,0.139085,0.216693,0.717233,0,1.0
1900-01-01 15:19:47.330,21.917319,-0.711676,22.514532,-0.935138,0.081413,0.131331,0.2078,1.160425,0,1.0
1900-01-01 15:19:48.330,21.925326,-0.717976,22.517289,-0.950494,0.080032,0.126416,0.201846,0.773811,0,1.0
1900-01-01 15:19:49.330,21.924145,-0.722833,22.516895,-0.960337,0.07748,0.12031,0.194386,0.868107,0,1.0
1900-01-01 15:19:50.330,21.924014,-0.720733,22.525034,-0.9585,0.077496,0.116068,0.188966,1.150995,0,1.0
1900-01-01 15:19:51.330,21.920207,-0.718633,22.519652,-0.969656,0.075222,0.112272,0.183913,1.264151,0,1.0
1900-01-01 15:19:52.330,21.923489,-0.728739,22.524115,-0.980943,0.075931,0.108013,0.178639,1.009551,0,1.0
1900-01-01 15:19:53.330,21.914432,-0.726377,22.523196,-0.980287,0.075285,0.102117,0.171694,0.688944,0,1.0
1900-01-01 15:19:54.330,21.919551,-0.721914,22.521884,-0.986456,0.07265,0.097628,0.167477,0.651226,0,1.0
1900-01-01 15:19:55.330,21.916663,-0.720208,22.523065,-0.99105,0.081229,0.100117,0.164849,0.670085,0,1.0
1900-01-01 15:19:56.330,21.923882,-0.716926,22.525166,-0.997875,0.078598,0.09537,0.158124,0.759666,1,1.0
1900-01-01 15:19:57.330,21.919682,-0.714564,22.525559,-1.011131,0.076157,0.089763,0.152584,0.712518,1,1.0
1900-01-01 15:19:58.330,21.920601,-0.708789,22.52254,-1.004831,0.075595,0.08908,0.150508,0.981262,1,1.0
1900-01-01 15:19:59.330,21.915482,-0.709314,22.524509,-1.026487,0.076325,0.089626,0.151454,1.04727,1,1.0
1900-01-01 15:20:00.330,21.907869,-0.709051,22.522146,-1.028718,0.078226,0.092708,0.154899,0.778526,1,1.0
1900-01-01 15:20:01.330,21.912988,-0.704851,22.525166,-1.045124,0.078719,0.094037,0.156719,1.04727,1,1.0
1900-01-01 15:20:02.330,21.906031,-0.698813,22.52359,-1.027931,0.080588,0.096127,0.159594,0.778526,1,1.0
1900-01-01 15:20:03.330,21.901568,-0.69527,22.519258,-1.046174,0.082426,0.098563,0.161689,0.877537,1,1.0
1900-01-01 15:20:04.330,21.9101,-0.688182,22.522015,-1.042762,0.083035,0.098799,0.16292,1.004836,1,1.0
1900-01-01 15:20:05.330,21.902224,-0.690676,22.519915,-1.063499,0.083838,0.099781,0.164151,1.070844,1,1.0
1900-01-01 15:20:06.330,21.907081,-0.68385,22.52044,-1.06153,0.082841,0.099119,0.162543,1.127421,1,1.0
1900-01-01 15:20:07.330,21.907869,-0.683719,22.520046,-1.068749,0.08313,0.10028,0.164463,0.712518,1,1.0
1900-01-01 15:20:08.330,21.907081,-0.677156,22.522146,-1.073736,0.085182,0.102354,0.165933,1.198144,1,1.0
1900-01-01 15:20:09.330,21.900649,-0.678338,22.518471,-1.077674,0.086401,0.10354,0.168974,0.882251,1,1.0
1900-01-01 15:20:10.330,21.910494,-0.66495,22.531335,-1.094343,0.086878,0.104853,0.1697,0.929399,1,1.0
1900-01-01 15:20:11.330,21.900912,-0.665606,22.522146,-1.090143,0.085776,0.104217,0.169296,0.952974,1,1.0
1900-01-01 15:20:12.330,21.900255,-0.66495,22.52661,-1.107074,0.086768,0.105042,0.170178,0.811529,1,1.0
1900-01-01 15:20:13.330,21.897761,-0.660618,22.522146,-1.085024,0.086017,0.103572,0.169002,0.717233,1,1.0
1900-01-01 15:20:14.330,21.89868,-0.656287,22.528972,-1.116524,0.085629,0.103146,0.168726,0.905825,1,1.0
1900-01-01 15:20:15.330,21.892511,-0.648149,22.529629,-1.122692,0.086962,0.104448,0.169884,1.094418,1,1.0
1900-01-01 15:20:16.330,21.893824,-0.648937,22.524903,-1.123611,0.086737,0.105173,0.171152,0.976548,1,1.0
1900-01-01 15:20:17.330,21.892642,-0.644605,22.524378,-1.140542,0.086852,0.105493,0.17061,0.938829,1,1.0
1900-01-01 15:20:18.330,21.887523,-0.63673,22.525428,-1.133717,0.088516,0.105409,0.170068,1.084988,1,1.0
1900-01-01 15:20:19.330,21.898549,-0.632399,22.530942,-1.133586,0.089372,0.106097,0.170628,0.929399,1,1.0
1900-01-01 15:20:20.330,21.891855,-0.638174,22.528972,-1.150648,0.088831,0.105866,0.170095,0.825674,1,1.0
1900-01-01 15:20:21.330,21.885817,-0.636074,22.530942,-1.145661,0.088201,0.10564,0.16993,0.891681,1,1.0
1900-01-01 15:20:22.330,21.890411,-0.624392,22.531861,-1.142642,0.08807,0.104973,0.168791,0.552215,1,1.0
1900-01-01 15:20:23.330,21.889623,-0.623473,22.541706,-1.160361,0.088411,0.105267,0.170895,0.844533,1,1.0
1900-01-01 15:20:24.330,21.890017,-0.613761,22.539606,-1.16023,0.089398,0.107436,0.172089,0.967118,1,1.0
1900-01-01 15:20:25.330,21.891592,-0.613629,22.546432,-1.169155,0.090827,0.107341,0.17219,0.684229,1,1.0
1900-01-01 15:20:26.330,21.898024,-0.609035,22.546038,-1.184642,0.090848,0.108386,0.171951,0.938829,1,1.0
1900-01-01 15:20:27.330,21.884767,-0.60536,22.546432,-1.181098,0.089461,0.106906,0.17072,0.905825,1,1.0
1900-01-01 15:20:28.330,21.888836,-0.600898,22.544594,-1.185561,0.089199,0.106092,0.170922,0.858677,1,1.0
1900-01-01 15:20:29.330,21.891461,-0.599979,22.548401,-1.187136,0.089036,0.106528,0.171106,0.981262,1,1.0
1900-01-01 15:20:30.330,21.888704,-0.597354,22.549714,-1.201048,0.08974,0.107126,0.171308,0.929399,1,1.0
1900-01-01 15:20:31.330,21.895792,-0.589872,22.551552,-1.203148,0.088747,0.10595,0.170288,0.721948,1,1.0
1900-01-01 15:20:32.330,21.894086,-0.584753,22.553652,-1.209579,0.089803,0.106732,0.170619,0.976548,1,1.0
1900-01-01 15:20:33.330,21.891592,-0.584753,22.552077,-1.208398,0.088847,0.106024,0.170187,0.971833,1,1.0
1900-01-01 15:20:34.330,21.894611,-0.575959,22.557196,-1.212204,0.089146,0.105913,0.169452,0.754952,1,1.0
1900-01-01 15:20:35.330,21.89868,-0.573991,22.549976,-1.218898,0.088537,0.105441,0.170408,0.952974,1,1.0
1900-01-01 15:20:36.330,21.897499,-0.574253,22.556146,-1.220867,0.08891,0.10679,0.170022,0.872822,1,1.0
1900-01-01 15:20:37.330,21.901962,-0.569528,22.553521,-1.21496,0.090464,0.108617,0.172567,1.066129,1,1.0
1900-01-01 15:20:38.330,21.903143,-0.560209,22.552733,-1.223098,0.089257,0.10669,0.171473,1.009551,1,1.0
1900-01-01 15:20:39.330,21.903143,-0.565722,22.550501,-1.219423,0.08954,0.107289,0.171712,0.769096,1,1.0
1900-01-01 15:20:40.330,21.901699,-0.554827,22.545119,-1.226248,0.090863,0.108959,0.173228,0.721948,1,1.0
1900-01-01 15:20:41.330,21.902881,-0.548658,22.544331,-1.227692,0.090233,0.107956,0.17185,1.132136,1,1.0
1900-01-01 15:20:42.330,21.899337,-0.550102,22.538424,-1.226379,0.089005,0.105961,0.171271,1.061414,1,1.0
1900-01-01 15:20:43.330,21.894742,-0.546033,22.544725,-1.245148,0.089566,0.1072,0.171786,0.811529,1,1.0
1900-01-01 15:20:44.330,21.895924,-0.54354,22.535011,-1.234779,0.089913,0.106633,0.171023,0.868107,1,1.0
1900-01-01 15:20:45.330,21.898811,-0.535402,22.531992,-1.224935,0.089666,0.106627,0.172071,1.084988,1,1.0
1900-01-01 15:20:46.330,21.891067,-0.538158,22.53383,-1.229792,0.090543,0.108628,0.172704,0.844533,1,1.0
1900-01-01 15:20:47.330,21.889886,-0.532908,22.52976,-1.237798,0.088732,0.105992,0.170748,0.566359,1,1.0
1900-01-01 15:20:48.330,21.890673,-0.533433,22.526347,-1.244885,0.08818,0.105504,0.170123,0.995407,1,1.0
1900-01-01 15:20:49.330,21.889098,-0.525689,22.530154,-1.234123,0.088789,0.106475,0.171317,0.967118,1,1.0
1900-01-01 15:20:50.330,21.890017,-0.523458,22.530285,-1.242523,0.090459,0.108265,0.173099,0.820959,1,1.0
1900-01-01 15:20:51.330,21.892642,-0.515714,22.52871,-1.244229,0.089661,0.106496,0.171409,0.717233,1,1.0
1900-01-01 15:20:52.330,21.896843,-0.517551,22.528579,-1.238979,0.089488,0.106921,0.170839,1.141566,1,1.0
1900-01-01 15:20:53.330,21.892511,-0.511776,22.530285,-1.245016,0.088396,0.106396,0.17117,0.839818,1,1.0
1900-01-01 15:20:54.330,21.888311,-0.502326,22.529366,-1.244754,0.088196,0.106354,0.171005,0.721948,1,1.0
1900-01-01 15:20:55.330,21.885817,-0.504032,22.524772,-1.24961,0.087713,0.105756,0.171207,1.113277,1,1.0
1900-01-01 15:20:56.330,21.883979,-0.496025,22.524115,-1.25486,0.087776,0.106239,0.170454,0.976548,1,1.0
1900-01-01 15:20:57.330,21.882929,-0.487363,22.524378,-1.223623,0.088086,0.105567,0.170454,0.769096,1,1.0
1900-01-01 15:20:58.330,21.890017,-0.488281,22.524115,-1.248823,0.088511,0.106906,0.171519,1.061414,1,1.0
1900-01-01 15:20:59.330,21.87676,-0.489988,22.525034,-1.249479,0.088354,0.107551,0.171832,1.15571,1,1.0
1900-01-01 15:21:00.330,21.881879,-0.493138,22.525953,-1.260635,0.088264,0.10647,0.171418,0.938829,1,1.0
1900-01-01 15:21:01.330,21.877285,-0.481719,22.526872,-1.257879,0.088217,0.106853,0.171767,0.599363,1,1.0
1900-01-01 15:21:02.330,21.878335,-0.479094,22.520834,-1.256304,0.08786,0.106134,0.170748,0.943544,1,1.0
1900-01-01 15:21:03.330,21.874791,-0.477912,22.523984,-1.241998,0.088128,0.106969,0.171878,0.835103,1,1.0
1900-01-01 15:21:04.330,21.882404,-0.468593,22.51939,-1.24541,0.087997,0.10605,0.170996,0.726663,1,1.0
1900-01-01 15:21:05.330,21.879779,-0.4682,22.515714,-1.250004,0.088306,0.106895,0.171749,0.877537,1,1.0
1900-01-01 15:21:06.330,21.875578,-0.466887,22.519915,-1.245148,0.087886,0.106339,0.170325,0.995407,1,1.0
1900-01-01 15:21:07.330,21.874659,-0.464787,22.519258,-1.252498,0.087188,0.105393,0.17027,1.018981,1,1.0
1900-01-01 15:21:08.330,21.870459,-0.457305,22.51742,-1.256566,0.087367,0.105546,0.170279,0.816244,1,1.0
1900-01-01 15:21:09.330,21.871378,-0.452318,22.511644,-1.244229,0.086842,0.105945,0.171023,0.816244,1,1.0
1900-01-01 15:21:10.330,21.87059,-0.453893,22.512301,-1.25801,0.087566,0.106171,0.171032,0.868107,1,1.0
1900-01-01 15:21:11.330,21.866652,-0.447461,22.510069,-1.261685,0.087703,0.106029,0.17027,0.924685,1,1.0
1900-01-01 15:21:12.330,21.874791,-0.449299,22.506656,-1.252235,0.087949,0.107341,0.172236,0.632367,1,1.0
1900-01-01 15:21:13.330,21.864684,-0.440374,22.510463,-1.254335,0.087802,0.107357,0.171547,0.750237,1,0.0
1900-01-01 15:21:14.330,21.870459,-0.439324,22.508888,-1.241998,0.087498,0.106743,0.171639,1.018981,1,0.0
1900-01-01 15:21:15.330,21.868621,-0.443524,22.514007,-1.265098,0.088359,0.108759,0.172842,1.070844,1,0.0
1900-01-01 15:21:16.330,21.865865,-0.427248,22.510463,-1.25906,0.087235,0.107236,0.171574,1.132136,1,0.0
1900-01-01 15:21:17.330,21.856152,-0.429611,22.5102,-1.256566,0.08733,0.107488,0.17208,0.849248,1,0.0
1900-01-01 15:21:18.330,21.861664,-0.428823,22.507837,-1.256304,0.086905,0.107247,0.171758,0.849248,1,0.0
1900-01-01 15:21:19.330,21.864684,-0.419635,22.51217,-1.257879,0.087141,0.107425,0.171574,0.816244,1,0.0
1900-01-01 15:21:20.330,21.858777,-0.417142,22.513088,-1.26116,0.087062,0.10626,0.17094,0.938829,1,0.0
1900-01-01 15:21:21.330,21.867834,-0.414779,22.516108,-1.268641,0.086689,0.106034,0.170876,0.853963,1,0.0
1900-01-01 15:21:22.330,21.861796,-0.418323,22.518733,-1.257879,0.086836,0.106008,0.171115,0.934114,1,0.0
1900-01-01 15:21:23.330,21.871772,-0.40861,22.522278,-1.265491,0.086689,0.106491,0.170536,0.806814,1,0.0
1900-01-01 15:21:24.330,21.867571,-0.405066,22.523065,-1.274154,0.087991,0.107866,0.172548,0.773811,1,0.0
1900-01-01 15:21:25.330,21.86849,-0.401916,22.527266,-1.269298,0.086926,0.106444,0.170996,1.051984,1,0.0
1900-01-01 15:21:26.330,21.865996,-0.403622,22.525953,-1.259848,0.087713,0.106984,0.171271,0.891681,1,0.0
1900-01-01 15:21:27.330,21.861402,-0.399422,22.531992,-1.259454,0.08754,0.106743,0.17162,0.882251,1,0.0
1900-01-01 15:21:28.330,21.874659,-0.392203,22.53383,-1.269691,0.087918,0.107095,0.171317,0.962403,1,0.0
1900-01-01 15:21:29.330,21.876891,-0.391022,22.539212,-1.254598,0.087115,0.106633,0.171437,0.896396,1,0.0
1900-01-01 15:21:30.330,21.879516,-0.387741,22.536849,-1.258929,0.087981,0.107698,0.172227,0.811529,1,0.0
1900-01-01 15:21:31.330,21.87991,-0.386953,22.544331,-1.269166,0.087634,0.106832,0.171483,0.967118,1,0.0
1900-01-01 15:21:32.330,21.875972,-0.38144,22.543019,-1.269954,0.087225,0.106638,0.171391,0.740807,1,0.0
1900-01-01 15:21:33.330,21.880829,-0.380522,22.547219,-1.253154,0.085891,0.104296,0.168037,0.608793,1,0.0
1900-01-01 15:21:34.330,21.873347,-0.374878,22.541837,-1.263129,0.086264,0.10533,0.16914,1.297155,1,0.0
1900-01-01 15:21:35.330,21.882929,-0.371465,22.547876,-1.262866,0.084689,0.103262,0.167413,0.868107,1,0.0
1900-01-01 15:21:36.330,21.883585,-0.370546,22.551683,-1.267854,0.08387,0.102905,0.167266,0.820959,1,0.0
1900-01-01 15:21:37.330,21.885685,-0.364509,22.552602,-1.254729,0.085083,0.103467,0.167293,1.033125,1,0.0
1900-01-01 15:21:38.330,21.889754,-0.363984,22.550895,-1.25906,0.085371,0.103551,0.167826,1.202858,1,0.0
1900-01-01 15:21:39.330,21.893955,-0.353877,22.555227,-1.256304,0.085035,0.103839,0.168524,0.849248,1,0.0
1900-01-01 15:21:40.330,21.893298,-0.356108,22.554308,-1.246198,0.085125,0.10344,0.167945,0.627652,1,0.0
1900-01-01 15:21:41.330,21.896186,-0.35204,22.555096,-1.260241,0.083838,0.102779,0.1671,1.02841,1,0.0
1900-01-01 15:21:42.330,21.896843,-0.349546,22.555096,-1.258273,0.084321,0.102915,0.166733,1.122707,1,0.0
1900-01-01 15:21:43.330,21.895792,-0.344296,22.557984,-1.264441,0.084237,0.10311,0.167394,0.811529,1,0.0
1900-01-01 15:21:44.330,21.895661,-0.338914,22.557328,-1.253154,0.085161,0.104212,0.168644,1.099133,1,0.0
1900-01-01 15:21:45.330,21.894611,-0.340752,22.558772,-1.257223,0.084054,0.103467,0.167918,1.108562,1,0.0
1900-01-01 15:21:46.330,21.89868,-0.33537,22.558378,-1.255254,0.083733,0.102669,0.16688,0.976548,1,0.0
1900-01-01 15:21:47.330,21.893561,-0.336814,22.556015,-1.239241,0.084285,0.104375,0.16823,0.66537,1,0.0
1900-01-01 15:21:48.330,21.896711,-0.331958,22.561003,-1.253285,0.08335,0.102837,0.167128,1.014266,1,0.0
1900-01-01 15:21:49.330,21.89973,-0.330251,22.56166,-1.268641,0.083623,0.102831,0.168276,0.844533,1,0.0
1900-01-01 15:21:50.330,21.896449,-0.323032,22.560741,-1.25486,0.082783,0.102443,0.16676,0.886966,1,0.0
1900-01-01 15:21:51.330,21.897368,-0.326707,22.558378,-1.254073,0.082983,0.102947,0.166586,0.55693,1,0.0
1900-01-01 15:21:52.330,21.894742,-0.323164,22.56586,-1.26956,0.083119,0.103346,0.166889,0.604078,1,0.0
1900-01-01 15:21:53.330,21.886998,-0.319357,22.557721,-1.260898,0.083597,0.104081,0.168396,0.967118,1,0.0
1900-01-01 15:21:54.330,21.885948,-0.319488,22.55759,-1.258929,0.084327,0.104559,0.168212,0.778526,1,0.0
1900-01-01 15:21:55.330,21.891723,-0.312663,22.564022,-1.256173,0.083749,0.103367,0.167771,0.731378,1,0.0
1900-01-01 15:21:56.330,21.888442,-0.311088,22.558246,-1.247904,0.08282,0.10375,0.16834,0.896396,1,0.0
1900-01-01 15:21:57.330,21.889623,-0.305838,22.567436,-1.26116,0.084285,0.105346,0.169158,1.061414,1,0.0
1900-01-01 15:21:58.330,21.878728,-0.306888,22.564548,-1.26011,0.083098,0.104522,0.168313,0.905825,1,0.0
1900-01-01 15:21:59.330,21.882141,-0.306232,22.567042,-1.256566,0.083424,0.104312,0.167899,1.066129,1,0.0
1900-01-01 15:22:00.330,21.880697,-0.305182,22.567173,-1.257223,0.083109,0.104307,0.167367,0.66537,1,0.0
1900-01-01 15:22:01.330,21.886473,-0.298357,22.567304,-1.262079,0.083676,0.104868,0.168928,0.773811,1,0.0
1900-01-01 15:22:02.330,21.881354,-0.300063,22.570455,-1.261816,0.083849,0.105315,0.168386,0.835103,1,0.0
1900-01-01 15:22:03.330,21.877416,-0.295731,22.573343,-1.254335,0.082883,0.104842,0.167881,1.117992,1,0.0
1900-01-01 15:22:04.330,21.874791,-0.289825,22.578069,-1.260241,0.083403,0.106428,0.169425,0.825674,1,0.0
1900-01-01 15:22:05.330,21.874134,-0.29035,22.578463,-1.26011,0.082515,0.105141,0.168607,0.896396,1,0.0
1900-01-01 15:22:06.330,21.873872,-0.293238,22.572424,-1.250529,0.08283,0.104238,0.16755,0.915255,1,0.0
1900-01-01 15:22:07.330,21.877153,-0.283919,22.578463,-1.258666,0.082688,0.104653,0.168001,0.726663,1,0.0
1900-01-01 15:22:08.330,21.874528,-0.276568,22.582663,-1.252104,0.082857,0.104737,0.167468,0.566359,1,0.0
1900-01-01 15:22:09.330,21.877416,-0.278275,22.578463,-1.255779,0.082993,0.106244,0.169452,0.79267,1,0.0
1900-01-01 15:22:10.330,21.878335,-0.276568,22.581744,-1.265754,0.08262,0.105451,0.16846,1.132136,1,0.0
1900-01-01 15:22:11.330,21.867703,-0.270924,22.582269,-1.264835,0.082394,0.104034,0.167881,1.113277,1,0.0
1900-01-01 15:22:12.330,21.869146,-0.270662,22.582532,-1.264573,0.082074,0.104816,0.168497,0.844533,1,0.0
1900-01-01 15:22:13.330,21.865996,-0.271318,22.574656,-1.256304,0.083219,0.105336,0.168543,0.934114,1,0.0
1900-01-01 15:22:14.330,21.870065,-0.270006,22.584107,-1.254598,0.081985,0.104527,0.168037,0.825674,1,0.0
1900-01-01 15:22:15.330,21.873478,-0.268431,22.590015,-1.256566,0.082137,0.10407,0.167863,0.717233,1,0.0
1900-01-01 15:22:16.330,21.867834,-0.260555,22.584632,-1.267066,0.082694,0.105173,0.169085,1.150995,1,0.0
1900-01-01 15:22:17.330,21.867965,-0.261868,22.589621,-1.260635,0.08156,0.10395,0.167146,0.938829,1,0.0
1900-01-01 15:22:18.330,21.866915,-0.260424,22.586339,-1.253285,0.08219,0.104412,0.168212,1.051984,1,0.0
1900-01-01 15:22:19.330,21.867309,-0.256224,22.58542,-1.262341,0.082274,0.105278,0.168598,0.882251,1,0.0
1900-01-01 15:22:20.330,21.870065,-0.252024,22.584107,-1.248954,0.083114,0.106276,0.169893,0.736092,1,0.0
1900-01-01 15:22:21.330,21.870459,-0.252418,22.581482,-1.249479,0.082121,0.10479,0.16903,0.806814,1,0.0
1900-01-01 15:22:22.330,21.863371,-0.248611,22.577937,-1.254204,0.081266,0.104238,0.168221,0.613507,1,0.0
1900-01-01 15:22:23.330,21.864421,-0.249924,22.576756,-1.252366,0.082221,0.105404,0.169324,0.787955,1,0.0
1900-01-01 15:22:24.330,21.863502,-0.244017,22.581482,-1.245804,0.081938,0.104863,0.168855,1.16514,1,0.0
1900-01-01 15:22:25.330,21.869671,-0.245592,22.581088,-1.255123,0.081633,0.104396,0.167973,1.009551,1,0.0
1900-01-01 15:22:26.330,21.860089,-0.24743,22.580825,-1.261423,0.081838,0.104711,0.168598,0.858677,1,0.0
1900-01-01 15:22:27.330,21.862583,-0.239161,22.583057,-1.237798,0.081633,0.105105,0.169388,0.764381,1,0.0
1900-01-01 15:22:28.330,21.863371,-0.23903,22.583582,-1.262079,0.082489,0.105299,0.169719,0.627652,1,0.0
1900-01-01 15:22:29.330,21.854445,-0.238373,22.585683,-1.24541,0.081985,0.10522,0.168552,0.976548,1,0.0
1900-01-01 15:22:30.330,21.85812,-0.234436,22.590015,-1.249741,0.081974,0.106118,0.169471,0.905825,1,0.0
1900-01-01 15:22:31.330,21.860483,-0.228792,22.594084,-1.245935,0.082142,0.105635,0.168919,1.018981,1,0.0
1900-01-01 15:22:32.330,21.852082,-0.232073,22.595134,-1.261816,0.081775,0.104532,0.168221,0.905825,1,0.0
1900-01-01 15:22:33.330,21.853001,-0.236142,22.594215,-1.25381,0.08094,0.105619,0.169232,1.023696,1,0.0
1900-01-01 15:22:34.330,21.861139,-0.22236,22.603142,-1.24331,0.081276,0.106921,0.170591,1.198144,1,0.0
1900-01-01 15:22:35.330,21.861796,-0.22026,22.601567,-1.246329,0.081733,0.106764,0.170564,0.787955,1,0.0
1900-01-01 15:22:36.330,21.859171,-0.219079,22.606949,-1.248166,0.081596,0.106234,0.16959,0.886966,1,0.0
1900-01-01 15:22:37.330,21.850376,-0.22446,22.60603,-1.264441,0.081612,0.105955,0.168855,0.995407,1,0.0
1900-01-01 15:22:38.330,21.852607,-0.220391,22.611412,-1.245673,0.081843,0.105598,0.170279,1.051984,1,0.0
1900-01-01 15:22:39.330,21.855626,-0.214616,22.611806,-1.236354,0.082347,0.106864,0.17016,1.03784,1,0.0
1900-01-01 15:22:40.330,21.859958,-0.214223,22.611018,-1.24751,0.082153,0.106433,0.170343,0.599363,1,0.0
1900-01-01 15:22:41.330,21.86324,-0.208579,22.617188,-1.253023,0.082137,0.107005,0.170702,1.17457,1,0.0
1900-01-01 15:22:42.330,21.864815,-0.211729,22.615219,-1.248429,0.082106,0.107268,0.170619,1.226432,1,0.0
1900-01-01 15:22:43.330,21.869803,-0.212647,22.622308,-1.260373,0.08093,0.105378,0.1688,0.995407,1,0.0
1900-01-01 15:22:44.330,21.873347,-0.210416,22.624671,-1.258929,0.081003,0.106207,0.170123,1.080273,1,0.0
1900-01-01 15:22:45.330,21.874922,-0.208185,22.624014,-1.243179,0.08241,0.107278,0.171519,0.726663,1,0.0
1900-01-01 15:22:46.330,21.880304,-0.20136,22.630841,-1.258535,0.081187,0.105257,0.169094,0.8021,1,0.0
1900-01-01 15:22:47.330,21.87991,-0.200703,22.629003,-1.248691,0.080888,0.106507,0.1697,0.91054,1,0.0
1900-01-01 15:22:48.330,21.891986,-0.203985,22.635041,-1.255385,0.081481,0.10668,0.169856,1.04727,1,0.0
1900-01-01 15:22:49.330,21.889754,-0.207266,22.636092,-1.244623,0.080777,0.105766,0.168561,1.217003,1,0.0
1900-01-01 15:22:50.330,21.894611,-0.198472,22.64318,-1.264573,0.081239,0.105829,0.170104,0.905825,1,0.0
1900-01-01 15:22:51.330,21.901699,-0.189284,22.638717,-1.257879,0.08178,0.108728,0.171584,0.754952,1,0.0
1900-01-01 15:22:52.330,21.90183,-0.192172,22.638323,-1.251579,0.080825,0.106286,0.169856,0.660655,1,0.0
1900-01-01 15:22:53.330,21.901568,-0.191647,22.645149,-1.261291,0.081649,0.106612,0.169599,0.726663,1,0.0
1900-01-01 15:22:54.330,21.908131,-0.191909,22.643574,-1.250135,0.080903,0.105278,0.168625,0.844533,1,0.0
1900-01-01 15:22:55.330,21.910231,-0.194009,22.646068,-1.254598,0.081208,0.106554,0.169976,0.853963,1,0.0
1900-01-01 15:22:56.330,21.911019,-0.195059,22.643049,-1.243966,0.081087,0.105787,0.168543,0.962403,1,0.0
1900-01-01 15:22:57.330,21.915482,-0.187709,22.652501,-1.259848,0.081659,0.106643,0.169728,0.773811,1,0.0
1900-01-01 15:22:58.330,21.912725,-0.192041,22.64935,-1.252104,0.081539,0.107903,0.170435,0.613507,1,0.0
1900-01-01 15:22:59.330,21.919551,-0.187184,22.651057,-1.257616,0.081029,0.106559,0.170316,0.976548,1,0.0
1900-01-01 15:23:00.330,21.915875,-0.186922,22.648563,-1.243966,0.082242,0.106774,0.169709,0.971833,1,0.0
1900-01-01 15:23:01.330,21.918501,-0.180753,22.647775,-1.248298,0.081733,0.106774,0.169985,0.726663,1,0.0
1900-01-01 15:23:02.330,21.91325,-0.176553,22.64935,-1.234385,0.08156,0.106328,0.170077,0.4202,1,0.0
1900-01-01 15:23:03.330,21.91325,-0.184428,22.648825,-1.269954,0.083361,0.107263,0.169884,0.91997,1,0.0
1900-01-01 15:23:04.330,21.917057,-0.185872,22.642786,-1.256698,0.084164,0.108045,0.171308,0.773811,1,0.0
1900-01-01 15:23:05.330,21.913381,-0.188497,22.637929,-1.260373,0.085434,0.109116,0.171777,0.655941,1,0.0
1900-01-01 15:23:06.330,21.914694,-0.179703,22.638454,-1.250529,0.084006,0.107263,0.170536,1.245292,1,0.0
1900-01-01 15:23:07.330,21.916138,-0.176684,22.633729,-1.245016,0.085109,0.108827,0.170766,0.995407,1,0.0
1900-01-01 15:23:08.330,21.916138,-0.174321,22.629265,-1.243704,0.085534,0.108969,0.171777,1.132136,1,0.0
1900-01-01 15:23:09.330,21.914432,-0.177209,22.628346,-1.250791,0.084017,0.106827,0.169774,0.891681,1,0.0
1900-01-01 15:23:10.330,21.909706,-0.173271,22.619945,-1.250923,0.084295,0.107772,0.170738,1.056699,1,0.0
1900-01-01 15:23:11.330,21.912988,-0.171434,22.617057,-1.248166,0.085266,0.108544,0.171905,0.896396,1,0.0
1900-01-01 15:23:12.330,21.907869,-0.168284,22.613513,-1.247641,0.085235,0.108591,0.171198,0.943544,1,0.0
1900-01-01 15:23:13.330,21.914825,-0.167365,22.609049,-1.243179,0.084684,0.107856,0.171216,1.061414,1,0.0
1900-01-01 15:23:14.330,21.907343,-0.168677,22.609443,-1.244754,0.085676,0.107971,0.171492,0.703089,1,0.0
1900-01-01 15:23:15.330,21.903537,-0.165921,22.604848,-1.246854,0.085629,0.107541,0.171143,0.811529,1,0.0
1900-01-01 15:23:16.330,21.909444,-0.166052,22.601698,-1.256304,0.084841,0.1092,0.17208,0.773811,1,0.0
1900-01-01 15:23:17.330,21.906687,-0.166577,22.602092,-1.247379,0.08409,0.108076,0.170996,1.127421,1,0.0
1900-01-01 15:23:18.330,21.903143,-0.161721,22.599204,-1.245673,0.083014,0.107546,0.170867,0.688944,1,0.0
1900-01-01 15:23:19.330,21.908919,-0.16264,22.59474,-1.248166,0.083135,0.107861,0.171152,1.141566,1,0.0
1900-01-01 15:23:20.330,21.906687,-0.166577,22.594609,-1.237666,0.083009,0.107142,0.171152,0.754952,1,0.0
1900-01-01 15:23:21.330,21.899337,-0.169465,22.592903,-1.242916,0.083959,0.108586,0.171473,1.226432,1,0.0
1900-01-01 15:23:22.330,21.906818,-0.162508,22.594084,-1.246723,0.083145,0.109095,0.17241,0.91054,1,0.0
1900-01-01 15:23:23.330,21.896974,-0.155158,22.586733,-1.23491,0.08262,0.108328,0.170619,0.825674,1,0.0
1900-01-01 15:23:24.330,21.902093,-0.159096,22.586864,-1.24751,0.084405,0.109347,0.17309,0.882251,1,0.0
1900-01-01 15:23:25.330,21.899337,-0.159227,22.580957,-1.249085,0.084594,0.109127,0.173274,0.990692,1,0.0
1900-01-01 15:23:26.330,21.903274,-0.158833,22.583976,-1.246066,0.083823,0.108202,0.171914,1.094418,1,0.0
1900-01-01 15:23:27.330,21.900649,-0.150433,22.580038,-1.234779,0.084836,0.110429,0.172925,0.78324,1,0.0
1900-01-01 15:23:28.330,21.89448,-0.153714,22.572818,-1.250923,0.084573,0.10899,0.172686,1.02841,1,0.0
1900-01-01 15:23:29.330,21.893167,-0.156996,22.569667,-1.241473,0.084342,0.10836,0.171097,1.014266,1,0.0
1900-01-01 15:23:30.330,21.898811,-0.149383,22.569142,-1.246854,0.084852,0.109799,0.173449,0.957688,1,0.0
1900-01-01 15:23:31.330,21.893036,-0.14912,22.560741,-1.248429,0.083529,0.109216,0.172888,0.924685,1,0.0
1900-01-01 15:23:32.330,21.897499,-0.149252,22.560478,-1.254729,0.082746,0.108791,0.171492,0.971833,1,0.0
1900-01-01 15:23:33.330,21.892642,-0.149383,22.55864,-1.238848,0.082909,0.109415,0.173256,0.835103,1,0.0
1900-01-01 15:23:34.330,21.888442,-0.148727,22.559822,-1.246854,0.083655,0.110408,0.17355,0.924685,1,0.0
1900-01-01 15:23:35.330,21.89448,-0.146758,22.559822,-1.245935,0.082925,0.108859,0.172263,0.825674,1,0.0
1900-01-01 15:23:36.330,21.886998,-0.142033,22.556409,-1.246985,0.083408,0.108953,0.172732,1.122707,1,0.0
1900-01-01 15:23:37.330,21.881091,-0.146758,22.554965,-1.238716,0.08324,0.109326,0.173283,0.66537,1,0.0
1900-01-01 15:23:38.330,21.885292,-0.138358,22.553914,-1.234385,0.082373,0.107919,0.171225,0.830388,1,0.0
1900-01-01 15:23:39.330,21.886867,-0.145839,22.550239,-1.242391,0.08293,0.108875,0.172925,0.731378,1,0.0
1900-01-01 15:23:40.330,21.880172,-0.141245,22.543938,-1.242129,0.083623,0.110465,0.173936,1.160425,1,0.0
1900-01-01 15:23:41.330,21.887786,-0.139801,22.546301,-1.249085,0.08313,0.109463,0.172622,0.604078,1,0.0
1900-01-01 15:23:42.330,21.878466,-0.137964,22.545775,-1.236879,0.083088,0.109667,0.17196,0.8021,1,0.0
1900-01-01 15:23:43.330,21.881879,-0.13967,22.542494,-1.242129,0.082883,0.109751,0.173292,1.150995,1,0.0
1900-01-01 15:23:44.330,21.889361,-0.138883,22.543413,-1.233992,0.082074,0.109305,0.17241,0.816244,1,0.0
1900-01-01 15:23:45.330,21.88096,-0.13967,22.541706,-1.240554,0.08283,0.109121,0.172447,1.02841,1,0.0
1900-01-01 15:23:46.330,21.881091,-0.134026,22.539212,-1.241473,0.083219,0.110381,0.173917,0.976548,1,0.0
1900-01-01 15:23:47.330,21.890148,-0.134026,22.5421,-1.232942,0.08304,0.110135,0.173366,1.070844,1,0.0
1900-01-01 15:23:48.330,21.881747,-0.135076,22.53803,-1.243179,0.08252,0.110555,0.172805,0.877537,1,0.0
1900-01-01 15:23:49.330,21.884373,-0.138095,22.538687,-1.240029,0.082247,0.109867,0.172943,1.297155,1,0.0
1900-01-01 15:23:50.330,21.878597,-0.134157,22.538555,-1.234648,0.082694,0.110261,0.173476,0.830388,1,0.0
1900-01-01 15:23:51.330,21.877547,-0.129301,22.535536,-1.242523,0.082195,0.109158,0.172916,0.905825,1,0.0
1900-01-01 15:23:52.330,21.882273,-0.134551,22.535799,-1.247641,0.083429,0.110297,0.173338,0.891681,1,0.0
1900-01-01 15:23:53.330,21.881879,-0.131926,22.535667,-1.240423,0.081932,0.109704,0.173054,1.03784,1,0.0
1900-01-01 15:23:54.330,21.875972,-0.132845,22.534486,-1.249741,0.082426,0.109641,0.173724,1.042555,1,0.0
1900-01-01 15:23:55.330,21.875709,-0.131401,22.537374,-1.256173,0.082121,0.109993,0.174018,0.896396,1,0.0
1900-01-01 15:23:56.330,21.878466,-0.129957,22.532648,-1.24751,0.08251,0.110318,0.173899,1.033125,1,0.0
1900-01-01 15:23:57.330,21.880172,-0.128907,22.538293,-1.238323,0.083119,0.111284,0.174781,0.952974,1,0.0
1900-01-01 15:23:58.330,21.873741,-0.132451,22.535011,-1.247773,0.082384,0.109074,0.172695,0.505067,1,0.0
1900-01-01 15:23:59.330,21.875972,-0.123788,22.536849,-1.238848,0.081586,0.10919,0.173044,1.113277,1,0.0
1900-01-01 15:24:00.330,21.871378,-0.124445,22.537505,-1.240423,0.082841,0.110597,0.174009,0.952974,1,0.0
1900-01-01 15:24:01.330,21.872034,-0.119588,22.537899,-1.236223,0.082484,0.110329,0.172805,0.863392,1,0.0
1900-01-01 15:24:02.330,21.873216,-0.126413,22.540393,-1.247773,0.082121,0.109116,0.173201,0.79267,1,0.0
1900-01-01 15:24:03.330,21.869803,-0.126413,22.537768,-1.246066,0.083429,0.110859,0.174946,0.985977,1,0.0
1900-01-01 15:24:04.330,21.86219,-0.128776,22.531335,-1.246854,0.083823,0.111332,0.174863,0.929399,1,0.0
1900-01-01 15:24:05.330,21.865471,-0.123657,22.532517,-1.250004,0.083723,0.111384,0.174597,0.693659,1,0.0
1900-01-01 15:24:06.330,21.867177,-0.120901,22.53593,-1.244098,0.083623,0.110891,0.174873,0.787955,1,0.0
1900-01-01 15:24:07.330,21.857202,-0.120638,22.52661,-1.237404,0.08376,0.110465,0.173733,1.009551,1,0.0
1900-01-01 15:24:08.330,21.856677,-0.117094,22.531335,-1.240029,0.083067,0.109872,0.173605,0.91997,1,0.0
1900-01-01 15:24:09.330,21.863108,-0.114207,22.529235,-1.243966,0.082688,0.109657,0.173384,0.967118,1,0.0
1900-01-01 15:24:10.330,21.860221,-0.120244,22.52766,-1.250398,0.080641,0.109069,0.172658,0.698374,1,0.0
1900-01-01 15:24:11.330,21.855101,-0.121819,22.525559,-1.239898,0.081644,0.111284,0.17468,0.853963,1,0.0
1900-01-01 15:24:12.330,21.857727,-0.121294,22.52661,-1.249216,0.081964,0.113043,0.17649,0.938829,1,0.0
1900-01-01 15:24:13.330,21.858908,-0.123788,22.524378,-1.251448,0.080835,0.111038,0.174533,0.764381,1,0.0
1900-01-01 15:24:14.330,21.863108,-0.119457,22.523459,-1.24646,0.081549,0.111085,0.175102,1.150995,1,0.0
1900-01-01 15:24:15.330,21.853526,-0.121294,22.517158,-1.250398,0.081187,0.111421,0.175075,0.764381,1,0.0
1900-01-01 15:24:16.330,21.855626,-0.119588,22.518471,-1.256698,0.082253,0.112266,0.175764,0.896396,1,0.0
1900-01-01 15:24:17.330,21.854576,-0.116569,22.512695,-1.242916,0.081817,0.111074,0.174083,0.957688,1,0.0
1900-01-01 15:24:18.330,21.851426,-0.111844,22.517814,-1.227035,0.081927,0.112004,0.176269,1.080273,1,0.0
1900-01-01 15:24:19.330,21.864027,-0.115257,22.520308,-1.245541,0.0823,0.112881,0.176802,1.311299,1,0.0
1900-01-01 15:24:20.330,21.853789,-0.114601,22.517683,-1.251448,0.081602,0.111904,0.17536,0.924685,1,0.0
1900-01-01 15:24:21.330,21.857333,-0.112632,22.51742,-1.25486,0.081145,0.111662,0.175203,0.886966,1,0.0
1900-01-01 15:24:22.330,21.861271,-0.112632,22.523853,-1.262735,0.080972,0.111179,0.175167,1.17457,1,0.0
1900-01-01 15:24:23.330,21.861008,-0.110007,22.52149,-1.253285,0.081182,0.111578,0.175552,1.056699,1,0.0
1900-01-01 15:24:24.330,21.874922,-0.104888,22.524378,-1.249873,0.082211,0.113253,0.177528,0.825674,1,0.0
1900-01-01 15:24:25.330,21.869278,-0.108169,22.52254,-1.247116,0.081129,0.110786,0.174524,0.976548,1,0.0
1900-01-01 15:24:26.330,21.875447,-0.106988,22.526478,-1.254466,0.079769,0.112314,0.176287,0.948259,1,0.0
1900-01-01 15:24:27.330,21.876891,-0.111188,22.529235,-1.258273,0.078919,0.112455,0.176297,0.717233,1,0.0
1900-01-01 15:24:28.330,21.874266,-0.113288,22.527528,-1.259454,0.07684,0.115464,0.177794,1.000122,1,0.0
1900-01-01 15:24:29.330,21.879122,-0.105281,22.52871,-1.250266,0.076525,0.11298,0.176416,1.301869,1,0.0
1900-01-01 15:24:30.330,21.884504,-0.103444,22.532517,-1.257748,0.077548,0.111421,0.17615,0.915255,1,0.0
1900-01-01 15:24:31.330,21.882273,-0.104231,22.528054,-1.250398,0.077664,0.10846,0.174983,0.929399,1,0.0
1900-01-01 15:24:32.330,21.880041,-0.103444,22.527135,-1.246723,0.081318,0.105976,0.175167,0.712518,1,0.0
1900-01-01 15:24:33.330,21.884373,-0.113813,22.531992,-1.251579,0.079218,0.101503,0.174808,1.070844,0,0.0
1900-01-01 15:24:34.330,21.887392,-0.113288,22.531204,-1.25276,0.077575,0.099865,0.173155,0.872822,0,0.0
1900-01-01 15:24:35.330,21.883716,-0.111844,22.529104,-1.252891,0.076939,0.098515,0.170123,0.853963,0,0.0
1900-01-01 15:24:36.330,21.881485,-0.098062,22.53081,-1.239766,0.074934,0.094856,0.165483,0.858677,0,0.0
1900-01-01 15:24:37.330,21.883716,-0.091894,22.525297,-1.25171,0.073301,0.091664,0.161257,1.084988,0,0.0
1900-01-01 15:24:38.330,21.87886,-0.09675,22.523328,-1.250923,0.071327,0.088534,0.155791,0.6748,0,0.0
1900-01-01 15:24:39.330,21.88621,-0.096094,22.528972,-1.259716,0.070098,0.086308,0.152079,0.952974,0,0.0
1900-01-01 15:24:40.330,21.876103,-0.096356,22.522803,-1.257354,0.068654,0.082916,0.146879,0.740807,0,0.0
1900-01-01 15:24:41.330,21.882404,-0.09465,22.522803,-1.267854,0.067777,0.081688,0.14528,0.886966,0,0.0
1900-01-01 15:24:42.330,21.878072,-0.097406,22.52254,-1.269166,0.067016,0.080827,0.143057,1.042555,0,0.0
1900-01-01 15:24:43.330,21.883454,-0.1083,22.522671,-1.279797,0.065688,0.078863,0.141247,0.839818,0,0.0
1900-01-01 15:24:44.330,21.881091,-0.099375,22.52359,-1.277697,0.065935,0.079441,0.141247,0.886966,0,0.0
1900-01-01 15:24:45.330,21.874397,-0.084937,22.519521,-1.278616,0.065215,0.078469,0.140071,0.816244,0,0.0
1900-01-01 15:24:46.330,21.875053,-0.088612,22.521752,-1.278091,0.065273,0.077929,0.140044,0.976548,0,0.0
1900-01-01 15:24:47.330,21.877941,-0.089925,22.521621,-1.285835,0.065882,0.078569,0.140687,0.858677,0,0.0
1900-01-01 15:24:48.330,21.876103,-0.092156,22.523328,-1.299354,0.065331,0.078275,0.139254,0.962403,0,0.0
1900-01-01 15:24:49.330,21.885554,-0.085462,22.51637,-1.290166,0.06541,0.078443,0.139428,0.726663,0,0.0
1900-01-01 15:24:50.330,21.876497,-0.0978,22.516502,-1.287016,0.065042,0.077566,0.138794,0.8021,0,0.0
1900-01-01 15:24:51.330,21.880566,-0.0936,22.51742,-1.295679,0.065389,0.078007,0.139107,0.79267,0,0.0
1900-01-01 15:24:52.330,21.887523,-0.097537,22.520965,-1.298041,0.0651,0.077209,0.137931,0.872822,0,0.0
1900-01-01 15:24:53.330,21.884241,-0.099769,22.51742,-1.298829,0.064596,0.07639,0.137205,0.938829,0,0.0
1900-01-01 15:24:54.330,21.885685,-0.099638,22.51637,-1.311822,0.064543,0.0767,0.137251,0.736092,0,0.0
1900-01-01 15:24:55.330,21.889492,-0.094256,22.514664,-1.307491,0.064601,0.077419,0.137453,1.018981,0,0.0
1900-01-01 15:24:56.330,21.892511,-0.086381,22.513745,-1.311428,0.064653,0.077362,0.138059,0.79267,0,0.0
1900-01-01 15:24:57.330,21.888967,-0.078112,22.516108,-1.304997,0.064816,0.076558,0.137269,0.585218,0,0.0
1900-01-01 15:24:58.330,21.888573,-0.097537,22.515714,-1.31366,0.065299,0.076747,0.13805,0.731378,0,0.0
1900-01-01 15:24:59.330,21.885948,-0.086512,22.514926,-1.325603,0.066927,0.079955,0.141945,0.6748,0,0.0
1900-01-01 15:25:00.330,21.891723,-0.084806,22.518208,-1.32731,0.067793,0.081667,0.145602,0.721948,0,0.0
1900-01-01 15:25:01.330,21.897368,-0.09465,22.51742,-1.346734,0.080478,0.10186,0.180109,0.8021,0,0.0
1900-01-01 15:25:02.330,21.895005,-0.085725,22.514664,-1.341222,0.097663,0.129561,0.221131,0.8021,0,0.0
1900-01-01 15:25:03.330,21.906293,-0.086512,22.515845,-1.338728,0.127999,0.187846,0.292369,0.934114,0,0.0
1900-01-01 15:25:04.330,21.913381,-0.073912,22.507969,-1.346997,0.204649,0.312701,0.433889,0.726663,0,0.0
1900-01-01 15:25:05.330,21.904193,-0.082837,22.520571,-1.353822,0.263133,0.401617,0.616119,0.882251,0,0.0
1900-01-01 15:25:06.330,21.889492,-0.082837,22.508756,-1.361041,0.316388,0.60381,0.844322,0.618222,0,0.0
1900-01-01 15:25:07.330,21.894611,-0.068005,22.512563,-1.351722,0.406159,1.01937,1.224813,1.018981,0,0.0
1900-01-01 15:25:08.330,21.915088,-0.081262,22.529104,-1.346997,0.433838,1.192959,1.408558,0.882251,0,0.0
1900-01-01 15:25:09.330,21.901568,-0.081787,22.521096,-1.303554,0.505112,1.192455,1.387832,0.703089,0,0.0
1900-01-01 15:25:10.330,21.879516,-0.054486,22.511644,-1.238323,0.486116,1.165725,1.364845,0.891681,0,0.0
1900-01-01 15:25:11.330,21.893036,-0.076143,22.516633,-1.213779,0.507643,1.176316,1.374685,1.000122,0,0.0
1900-01-01 15:25:12.330,21.913644,-0.086775,22.530679,-1.184248,0.505039,1.184538,1.395659,1.108562,0,0.0
1900-01-01 15:25:13.330,21.923226,-0.086381,22.533961,-1.158786,0.532671,1.237614,1.454017,1.023696,0,0.0
1900-01-01 15:25:14.330,21.904062,-0.103444,22.52871,-1.114424,0.612162,1.377149,1.586516,0.995407,0,0.0
1900-01-01 15:25:15.330,21.912594,-0.13967,22.532779,-1.092899,0.623188,1.415052,1.624092,0.995407,0,0.0
1900-01-01 15:25:16.330,21.915875,-0.165658,22.530548,-1.057068,0.693874,1.393389,1.596291,1.132136,0,0.0
1900-01-01 15:25:17.330,21.915482,-0.205297,22.530417,-1.037118,0.718519,1.375511,1.571835,1.075559,0,0.0
1900-01-01 15:25:18.330,21.921782,-0.240605,22.535799,-1.020581,0.711126,1.35934,1.553423,0.79267,0,0.0
1900-01-01 15:25:19.330,21.896711,-0.291138,22.525822,-0.995906,0.688896,1.327496,1.523353,0.79267,0,0.0
1900-01-01 15:25:20.330,21.929789,-0.32172,22.540131,-1.018874,0.679514,1.300514,1.492604,0.618222,0,0.0
1900-01-01 15:25:21.330,21.91942,-0.359521,22.533042,-0.996431,0.663526,1.268691,1.459015,0.79267,0,0.0
1900-01-01 15:25:22.330,21.899993,-0.386559,22.524903,-0.956269,0.617355,1.181345,1.36163,0.981262,0,0.0
1900-01-01 15:25:23.330,21.918369,-0.419635,22.537111,-0.947869,0.560987,1.064849,1.233228,0.868107,0,0.0
1900-01-01 15:25:24.330,21.900387,-0.43368,22.528054,-0.940256,0.498738,0.943643,1.09937,0.811529,0,0.0
1900-01-01 15:25:25.330,21.917319,-0.471612,22.538687,-0.923588,0.411194,0.764741,0.899464,0.797385,0,0.0
1900-01-01 15:25:26.330,21.929133,-0.488281,22.539737,-0.923981,0.324526,0.589099,0.704969,0.952974,0,0.0
1900-01-01 15:25:27.330,21.92152,-0.511907,22.537899,-0.917025,0.263863,0.464401,0.570164,0.688944,0,0.0
1900-01-01 15:25:28.330,21.918632,-0.527527,22.534617,-0.908888,0.25668,0.449674,0.555253,0.872822,0,0.0
1900-01-01 15:25:29.330,21.927558,-0.54774,22.54105,-0.917025,0.25258,0.44267,0.54715,1.014266,0,0.0
1900-01-01 15:25:30.330,21.921913,-0.553121,22.536455,-0.908363,0.251918,0.440323,0.544559,0.971833,0,0.0
1900-01-01 15:25:31.330,21.915219,-0.56559,22.531861,-0.883294,0.250763,0.438149,0.543108,0.896396,0,0.0
1900-01-01 15:25:32.330,21.917582,-0.561521,22.526347,-0.886707,0.250186,0.437834,0.542226,1.033125,0,0.0
1900-01-01 15:25:33.330,21.920338,-0.58961,22.526741,-0.908756,0.250196,0.436558,0.541445,0.745522,0,0.0
1900-01-01 15:25:34.330,21.909969,-0.59696,22.526478,-0.897732,0.247592,0.435151,0.539718,0.934114,0,0.0
1900-01-01 15:25:35.330,21.922701,-0.609429,22.529235,-0.898782,0.248947,0.434915,0.53969,0.962403,0,0.0
1900-01-01 15:25:36.330,21.922964,-0.615336,22.531335,-0.885394,0.248999,0.43492,0.538836,1.018981,0,0.0
1900-01-01 15:25:37.330,21.918763,-0.618617,22.527528,-0.899963,0.248458,0.434768,0.539773,0.863392,0,0.0
1900-01-01 15:25:38.330,21.91535,-0.620323,22.523065,-0.901932,0.248096,0.43346,0.538248,0.872822,0,0.0
1900-01-01 15:25:39.330,21.917057,-0.623998,22.529366,-0.892482,0.24828,0.433791,0.537816,0.787955,0,0.0
1900-01-01 15:25:40.330,21.918501,-0.637255,22.527791,-0.892482,0.247188,0.432757,0.537412,0.787955,0,0.0
1900-01-01 15:25:41.330,21.917713,-0.6597,22.533567,-0.8913,0.242573,0.423968,0.527251,0.627652,0,0.0
1900-01-01 15:25:42.330,21.905243,-0.637911,22.527528,-0.894057,0.246579,0.424015,0.525624,0.707803,0,0.0
1900-01-01 15:25:43.330,21.916926,-0.646968,22.531204,-0.905606,0.303624,0.447574,0.541959,0.769096,0,0.0
1900-01-01 15:25:44.330,21.923226,-0.647362,22.540131,-0.894319,0.305131,0.44686,0.542171,0.495637,0,0.0
1900-01-01 15:25:45.330,21.909969,-0.644343,22.534092,-0.888282,0.306244,0.447831,0.542887,0.938829,0,0.0
1900-01-01 15:25:46.330,21.910625,-0.652612,22.538424,-0.8934,0.30417,0.445384,0.540839,0.773811,0,0.0
1900-01-01 15:25:47.330,21.910494,-0.68595,22.539212,-0.901538,0.304186,0.445515,0.541032,0.863392,0,0.0
1900-01-01 15:25:48.330,21.909706,-0.681488,22.541837,-0.908231,0.302926,0.443862,0.539029,0.684229,0,0.0
1900-01-01 15:25:49.330,21.917188,-0.666919,22.541706,-0.904031,0.304485,0.446513,0.542116,0.78324,0,0.0
1900-01-01 15:25:50.330,21.908787,-0.647362,22.538424,-0.908888,0.304595,0.446303,0.540967,0.924685,0,0.0
1900-01-01 15:25:51.330,21.917057,-0.663243,22.542625,-0.88605,0.305803,0.448477,0.543209,1.014266,0,0.0
1900-01-01 15:25:52.330,21.919157,-0.659175,22.547482,-0.901013,0.309237,0.45306,0.549254,0.740807,0,0.0
1900-01-01 15:25:53.330,21.899468,-0.654056,22.539212,-0.886313,0.318918,0.469505,0.565929,0.929399,0,0.0
1900-01-01 15:25:54.330,21.912988,-0.665475,22.546038,-0.895369,0.333724,0.494281,0.593831,1.02841,0,0.0
1900-01-01 15:25:55.330,21.920601,-0.676106,22.556802,-0.910988,0.378347,0.568212,0.673016,0.896396,0,0.0
1900-01-01 15:25:56.330,21.912463,-0.655499,22.557853,-0.896944,0.429076,0.650875,0.761609,0.740807,0,0.0
1900-01-01 15:25:57.330,21.932808,-0.655631,22.566779,-0.888544,0.501558,0.767838,0.889183,1.018981,0,0.0
1900-01-01 15:25:58.330,21.937402,-0.660618,22.567961,-0.891957,0.636083,0.985074,1.124938,0.769096,0,0.0
1900-01-01 15:25:59.330,21.92047,-0.660487,22.558115,-0.890644,0.721123,1.125922,1.273395,0.571074,0,0.0
1900-01-01 15:26:00.330,21.909312,-0.649724,22.557065,-0.866494,0.714754,1.11738,1.265788,0.646511,0,0.0
1900-01-01 15:26:01.330,21.935302,-0.661931,22.574787,-0.883425,0.714549,1.119895,1.267598,0.853963,0,0.0
1900-01-01 15:26:02.330,21.937796,-0.665737,22.572949,-0.882113,0.71719,1.121538,1.269518,0.877537,0,0.0
1900-01-01 15:26:03.330,21.935433,-0.637124,22.573474,-0.863476,0.709777,1.109052,1.254763,0.877537,0,0.0
1900-01-01 15:26:04.330,21.929264,-0.651168,22.567698,-0.857307,0.705566,1.104317,1.250969,1.02841,0,0.0
1900-01-01 15:26:05.330,21.933727,-0.649856,22.56586,-0.857832,0.697334,1.096761,1.243775,0.693659,0,0.0
1900-01-01 15:26:06.330,21.921913,-0.63673,22.562185,-0.847201,0.685651,1.07493,1.219613,0.8021,0,0.0
1900-01-01 15:26:07.330,21.942915,-0.63778,22.572424,-0.840244,0.667559,1.046063,1.189469,0.839818,0,0.0
1900-01-01 15:26:08.330,21.950528,-0.636205,22.574262,-0.833288,0.619376,0.964803,1.098718,0.91997,0,0.0
1900-01-01 15:26:09.330,21.935827,-0.635024,22.572424,-0.846544,0.560483,0.862887,0.988415,0.91997,0,0.0
1900-01-01 15:26:10.330,21.956304,-0.62413,22.578069,-0.831976,0.494653,0.756471,0.871801,0.684229,0,0.0
1900-01-01 15:26:11.330,21.941603,-0.624523,22.561003,-0.831713,0.377817,0.56639,0.666502,0.79267,0,0.0
1900-01-01 15:26:12.330,21.960636,-0.605885,22.574262,-0.827513,0.288319,0.419101,0.510291,0.995407,0,0.0
1900-01-01 15:26:13.330,21.940159,-0.624523,22.555227,-0.823182,0.269607,0.389205,0.478797,0.948259,0,0.0
1900-01-01 15:26:14.330,21.957092,-0.604573,22.570849,-0.828826,0.260986,0.375779,0.463914,0.877537,0,0.0
1900-01-01 15:26:15.330,21.946328,-0.616123,22.565598,-0.831451,0.258954,0.373721,0.461433,0.858677,0,0.0
1900-01-01 15:26:16.330,21.941603,-0.614023,22.56166,-0.832107,0.259243,0.373753,0.462003,1.061414,0,0.0
1900-01-01 15:26:17.330,21.957092,-0.605885,22.567961,-0.839063,0.259027,0.373732,0.461782,0.622937,0,0.0
1900-01-01 15:26:18.330,21.945803,-0.611267,22.560609,-0.844444,0.257746,0.37149,0.460092,0.717233,0,0.0
1900-01-01 15:26:19.330,21.946066,-0.611004,22.557459,-0.830007,0.258067,0.371936,0.460459,0.896396,0,0.0
1900-01-01 15:26:20.330,21.947641,-0.60851,22.555884,-0.830795,0.25771,0.371705,0.460275,1.018981,0,0.0
1900-01-01 15:26:21.330,21.956829,-0.60011,22.563235,-0.837226,0.257216,0.370996,0.459403,0.651226,0,0.0
1900-01-01 15:26:22.330,21.946197,-0.612973,22.55142,-0.83237,0.257064,0.370639,0.459265,1.113277,0,0.0
1900-01-01 15:26:23.330,21.955516,-0.611267,22.555358,-0.841557,0.257284,0.370613,0.458714,0.853963,0,0.0
1900-01-01 15:26:24.330,21.960373,-0.601029,22.557065,-0.851794,0.257689,0.371101,0.459853,1.02841,0,0.0
1900-01-01 15:26:25.330,21.95276,-0.616517,22.55864,-0.852319,0.257463,0.370629,0.459513,0.849248,0,0.0
1900-01-01 15:26:26.330,21.951447,-0.610479,22.557459,-0.871744,0.257841,0.371149,0.460092,1.061414,0,0.0
1900-01-01 15:26:27.330,21.955385,-0.599323,22.564548,-0.832632,0.258471,0.371632,0.461084,1.02841,0,0.0
1900-01-01 15:26:28.330,21.959586,-0.608117,22.559297,-0.854944,0.25688,0.370083,0.457923,0.698374,0,0.0
1900-01-01 15:26:29.330,21.96838,-0.600373,22.573212,-0.867019,0.256838,0.370266,0.458539,0.740807,0,0.0
1900-01-01 15:26:30.330,21.961817,-0.602866,22.565992,-0.861376,0.257904,0.371317,0.458998,0.736092,0,0.0
1900-01-01 15:26:31.330,21.955385,-0.609954,22.56481,-0.847332,0.257353,0.369878,0.458181,0.896396,0,0.0
1900-01-01 15:26:32.330,21.959454,-0.608248,22.566648,-0.862557,0.25667,0.369274,0.458236,0.670085,0,0.0
1900-01-01 15:26:33.330,21.959323,-0.601291,22.574524,-0.856782,0.255788,0.369038,0.458658,0.882251,0,0.0
1900-01-01 15:26:34.330,21.956304,-0.602735,22.565073,-0.847988,0.256355,0.368586,0.457345,0.868107,0,0.0
1900-01-01 15:26:35.330,21.956698,-0.605098,22.565335,-0.858882,0.25719,0.370114,0.458484,0.948259,0,0.0
1900-01-01 15:26:36.330,21.966805,-0.601423,22.578069,-0.871613,0.256985,0.36992,0.457106,0.6748,0,0.0
1900-01-01 15:26:37.330,21.961161,-0.599323,22.575049,-0.86925,0.257463,0.370025,0.458998,0.924685,0,0.0
1900-01-01 15:26:38.330,21.963261,-0.601948,22.570455,-0.870169,0.256523,0.368949,0.457299,0.967118,0,0.0
1900-01-01 15:26:39.330,21.958404,-0.610742,22.569536,-0.881325,0.256397,0.369736,0.457905,0.745522,0,0.0
1900-01-01 15:26:40.330,21.957485,-0.606148,22.569142,-0.873188,0.256533,0.369542,0.457326,0.905825,0,0.0
1900-01-01 15:26:41.330,21.961686,-0.604704,22.567567,-0.873582,0.255321,0.368571,0.456573,0.872822,0,0.0
1900-01-01 15:26:42.330,21.956829,-0.598798,22.564679,-0.8745,0.256381,0.368838,0.457758,0.778526,0,0.0
1900-01-01 15:26:43.330,21.957748,-0.604704,22.563497,-0.879357,0.257064,0.370272,0.458916,0.872822,0,0.0
1900-01-01 15:26:44.330,21.957748,-0.59591,22.565729,-0.868594,0.257836,0.371222,0.460395,1.042555,0,0.0
1900-01-01 15:26:45.330,21.952366,-0.601291,22.558509,-0.870432,0.256313,0.370004,0.45887,0.872822,0,0.0
1900-01-01 15:26:46.330,21.952104,-0.607592,22.551158,-0.872794,0.256428,0.370356,0.458236,0.948259,0,0.0
1900-01-01 15:26:47.330,21.947378,-0.609954,22.550108,-0.871088,0.256239,0.369132,0.457822,0.896396,0,0.0
1900-01-01 15:26:48.330,21.947903,-0.611923,22.546038,-0.874894,0.255888,0.369279,0.457547,1.061414,0,0.0
1900-01-01 15:26:49.330,21.960111,-0.60851,22.551026,-0.885394,0.256145,0.369432,0.458429,0.594648,0,0.0
1900-01-01 15:26:50.330,21.947247,-0.619536,22.538162,-0.891957,0.256806,0.369516,0.457923,0.773811,0,0.0
1900-01-01 15:26:51.330,21.948691,-0.616386,22.537637,-0.881719,0.256413,0.369715,0.458704,0.995407,0,0.0
1900-01-01 15:26:52.330,21.94961,-0.611267,22.538555,-0.888807,0.255982,0.369463,0.458282,1.009551,0,0.0
1900-01-01 15:26:53.330,21.950922,-0.613761,22.539999,-0.892744,0.25667,0.370361,0.458208,0.938829,0,0.0
1900-01-01 15:26:54.330,21.952629,-0.620061,22.533567,-0.893269,0.255662,0.368607,0.456995,0.759666,0,0.0
1900-01-01 15:26:55.330,21.93924,-0.617436,22.526741,-0.87975,0.255499,0.369153,0.457179,1.070844,0,0.0
1900-01-01 15:26:56.330,21.946984,-0.616123,22.530154,-0.888675,0.256329,0.369369,0.458107,0.703089,0,0.0
1900-01-01 15:26:57.330,21.945409,-0.622817,22.524378,-0.900357,0.266987,0.376325,0.462903,1.056699,0,0.0
1900-01-01 15:26:58.330,21.95276,-0.618354,22.522146,-0.895369,0.293318,0.390654,0.474534,1.160425,0,0.0
1900-01-01 15:26:59.330,21.944622,-0.613761,22.521752,-0.885919,0.302122,0.395159,0.477924,1.075559,0,0.0
1900-01-01 15:27:00.330,21.95801,-0.614417,22.529235,-0.896944,0.303293,0.397023,0.480763,0.707803,0,0.0
1900-01-01 15:27:01.330,21.954073,-0.622161,22.527397,-0.906131,0.301876,0.395258,0.47922,1.127421,0,0.0
1900-01-01 15:27:02.330,21.943572,-0.630036,22.515845,-0.905475,0.302994,0.396923,0.480469,0.896396,0,0.0
1900-01-01 15:27:03.330,21.94239,-0.624261,22.520308,-0.905344,0.301046,0.396009,0.479486,0.905825,0,0.0
1900-01-01 15:27:04.330,21.95591,-0.617829,22.523196,-0.898913,0.287952,0.385839,0.472816,0.924685,0,0.0
1900-01-01 15:27:05.330,21.94449,-0.62728,22.520571,-0.91125,0.252008,0.367153,0.455222,0.863392,0,0.0
1900-01-01 15:27:06.330,21.940946,-0.624917,22.523065,-0.911513,0.252748,0.367447,0.456196,0.929399,0,0.0
1900-01-01 15:27:07.330,21.956435,-0.618223,22.529629,-0.923456,0.253725,0.368597,0.456821,0.764381,0,0.0
1900-01-01 15:27:08.330,21.949085,-0.616648,22.532123,-0.920044,0.253609,0.368844,0.457455,0.816244,0,0.0
1900-01-01 15:27:09.330,21.951185,-0.620323,22.532911,-0.917944,0.253226,0.368445,0.456619,0.703089,0,0.0
1900-01-01 15:27:10.330,21.947116,-0.623342,22.532386,-0.914663,0.252223,0.367815,0.456187,0.797385,0,0.0
1900-01-01 15:27:11.330,21.949216,-0.622292,22.531335,-0.918075,0.252123,0.367226,0.455204,0.872822,0,0.0
1900-01-01 15:27:12.330,21.945541,-0.632136,22.524903,-0.909544,0.25237,0.368497,0.456545,1.136851,0,0.0
1900-01-01 15:27:13.330,21.948166,-0.622948,22.527003,-0.923588,0.252732,0.36752,0.456499,0.962403,0,0.0
1900-01-01 15:27:14.330,21.947641,-0.634499,22.535142,-0.925031,0.253,0.368529,0.45661,0.835103,0,0.0
1900-01-01 15:27:15.330,21.960242,-0.625311,22.53698,-0.924769,0.252354,0.367463,0.455654,0.66537,0,0.0
1900-01-01 15:27:16.330,21.946066,-0.633055,22.530285,-0.915581,0.25447,0.369395,0.457308,0.863392,0,0.0
1900-01-01 15:27:17.330,21.946722,-0.63358,22.533042,-0.94065,0.253415,0.368786,0.456656,0.995407,0,0.0
1900-01-01 15:27:18.330,21.944884,-0.635024,22.534749,-0.921488,0.252559,0.367993,0.456867,0.726663,0,0.0
1900-01-01 15:27:19.330,21.936352,-0.632136,22.533173,-0.9312,0.253483,0.369111,0.457262,0.736092,0,0.0
1900-01-01 15:27:20.330,21.948691,-0.629905,22.537111,-0.941175,0.253047,0.368193,0.455957,1.089703,0,0.0
1900-01-01 15:27:21.330,21.953285,-0.636599,22.5421,-0.927919,0.253583,0.36993,0.457859,1.099133,0,0.0
1900-01-01 15:27:22.330,21.943965,-0.649068,22.530942,-0.923063,0.252491,0.367678,0.456224,0.853963,0,0.0
1900-01-01 15:27:23.330,21.949478,-0.635549,22.543544,-0.921356,0.253494,0.369804,0.457933,0.820959,0,0.0
1900-01-01 15:27:24.330,21.95171,-0.638699,22.540262,-0.950887,0.253362,0.369348,0.45706,0.967118,0,0.0
1900-01-01 15:27:25.330,21.952891,-0.640799,22.539868,-0.923063,0.253315,0.369285,0.457767,0.811529,0,0.0
1900-01-01 15:27:26.330,21.94239,-0.652743,22.53593,-0.94065,0.252606,0.368187,0.455957,1.061414,0,0.0
1900-01-01 15:27:27.330,21.961161,-0.639486,22.540787,-0.9354,0.252023,0.368025,0.456729,0.943544,0,0.0
1900-01-01 15:27:28.330,21.952629,-0.648805,22.530417,-0.926475,0.252438,0.367347,0.45649,0.981262,0,0.0
1900-01-01 15:27:29.330,21.959586,-0.644737,22.529104,-0.928575,0.251603,0.366344,0.454258,0.943544,0,0.0
1900-01-01 15:27:30.330,21.962605,-0.651562,22.526347,-0.941306,0.253478,0.368529,0.456904,1.070844,0,0.0
1900-01-01 15:27:31.330,21.95591,-0.653662,22.521227,-0.939337,0.253919,0.369248,0.458567,0.905825,0,0.0
1900-01-01 15:27:32.330,21.956304,-0.649856,22.52661,-0.937631,0.253693,0.369699,0.458438,1.009551,0,0.0
1900-01-01 15:27:33.330,21.952235,-0.657993,22.522278,-0.934744,0.252737,0.368166,0.456472,0.684229,0,0.0
1900-01-01 15:27:34.330,21.963523,-0.658256,22.514926,-0.945506,0.252716,0.367542,0.455029,0.882251,0,0.0
1900-01-01 15:27:35.330,21.961817,-0.662981,22.517946,-0.937106,0.252013,0.366334,0.454212,0.91054,0,0.0
1900-01-01 15:27:36.330,21.962867,-0.657075,22.521096,-0.950625,0.252522,0.367421,0.456012,0.684229,0,0.0
1900-01-01 15:27:37.330,21.955385,-0.662718,22.517552,-0.929363,0.253452,0.368938,0.456867,1.004836,0,0.0
1900-01-01 15:27:38.330,21.957092,-0.664031,22.521227,-0.953512,0.254145,0.369395,0.457933,0.981262,0,0.0
1900-01-01 15:27:39.330,21.960898,-0.662587,22.518471,-0.943537,0.253,0.368151,0.455654,1.014266,0,0.0
1900-01-01 15:27:40.330,21.94856,-0.675581,22.511382,-0.926606,0.253777,0.368949,0.456545,0.934114,0,0.0
1900-01-01 15:27:41.330,21.963786,-0.667444,22.525691,-0.949969,0.252233,0.367085,0.454938,0.580504,0,0.0
1900-01-01 15:27:42.330,21.951841,-0.666525,22.519915,-0.950756,0.254071,0.369379,0.455893,0.806814,0,0.0
1900-01-01 15:27:43.330,21.959717,-0.673875,22.515583,-0.954431,0.252191,0.366381,0.454258,0.472063,0,0.0
1900-01-01 15:27:44.330,21.952235,-0.674925,22.514926,-0.958237,0.25352,0.368854,0.456242,1.03784,0,0.0
1900-01-01 15:27:45.330,21.960373,-0.67965,22.512826,-0.950494,0.252664,0.368408,0.454689,1.367877,0,0.0
1900-01-01 15:27:46.330,21.945278,-0.684375,22.514532,-0.94275,0.253903,0.368723,0.456215,0.764381,0,0.0
1900-01-01 15:27:47.330,21.954466,-0.680569,22.51637,-0.950756,0.251829,0.365058,0.45152,0.929399,0,0.0
1900-01-01 15:27:48.330,21.963261,-0.682275,22.528579,-0.956925,0.241969,0.350782,0.435819,0.929399,0,0.0
1900-01-01 15:27:49.330,21.961686,-0.684769,22.51637,-0.952069,0.231311,0.334537,0.41749,0.976548,0,0.0
1900-01-01 15:27:50.330,21.955123,-0.688444,22.522015,-0.940781,0.221739,0.318713,0.401293,0.948259,0,0.0
1900-01-01 15:27:51.330,21.947641,-0.696976,22.517158,-0.943012,0.212556,0.304158,0.386456,0.868107,0,0.0
1900-01-01 15:27:52.330,21.96628,-0.678469,22.529498,-0.956925,0.203363,0.289006,0.368366,0.877537,0,0.0
1900-01-01 15:27:53.330,21.962473,-0.687263,22.525953,-0.965587,0.198438,0.280946,0.359261,1.009551,0,0.0
1900-01-01 15:27:54.330,21.965099,-0.685688,22.531861,-0.955612,0.191933,0.270257,0.348126,0.651226,0,0.0
1900-01-01 15:27:55.330,21.971005,-0.683325,22.536193,-0.960469,0.184099,0.257929,0.334015,1.023696,0,0.0
1900-01-01 15:27:56.330,21.962342,-0.6849,22.535142,-0.95325,0.177794,0.246861,0.323422,0.684229,0,0.0
1900-01-01 15:27:57.330,21.960636,-0.688182,22.529629,-0.973725,0.170611,0.236911,0.311717,1.117992,0,0.0
1900-01-01 15:27:58.330,21.962867,-0.688576,22.531598,-0.9501,0.163901,0.225675,0.299985,0.79267,0,0.0
1900-01-01 15:27:59.330,21.966936,-0.685032,22.53081,-0.961125,0.15769,0.214859,0.288271,0.839818,0,0.0
1900-01-01 15:28:00.330,21.96733,-0.681882,22.53698,-0.989212,0.151936,0.205031,0.27732,0.976548,0,0.0
1900-01-01 15:28:01.330,21.963655,-0.686738,22.543544,-0.973856,0.145541,0.195223,0.267058,0.971833,0,0.0
1900-01-01 15:28:02.330,21.971399,-0.682144,22.545382,-0.985143,0.139419,0.185814,0.256906,0.971833,0,0.0
1900-01-01 15:28:03.330,21.964442,-0.683063,22.542362,-1.000762,0.134798,0.178432,0.249694,0.896396,0,0.0
1900-01-01 15:28:04.330,21.971793,-0.678863,22.545775,-0.982125,0.13095,0.171517,0.242105,0.778526,0,0.0
1900-01-01 15:28:05.330,21.968905,-0.673613,22.547613,-0.987637,0.127616,0.166771,0.236069,0.896396,0,0.0
1900-01-01 15:28:06.330,21.962998,-0.682275,22.544988,-0.985931,0.123122,0.160365,0.229215,1.29244,0,0.0
1900-01-01 15:28:07.330,21.967199,-0.679388,22.549189,-0.992887,0.119525,0.15491,0.222398,0.872822,0,0.0
1900-01-01 15:28:08.330,21.960242,-0.664031,22.546301,-0.989343,0.115115,0.148095,0.215526,0.882251,0,0.0
1900-01-01 15:28:09.330,21.958929,-0.663112,22.551158,-0.995906,0.110311,0.140892,0.207974,0.778526,0,0.0
1900-01-01 15:28:10.330,21.958929,-0.6597,22.553521,-0.987768,0.105916,0.134197,0.199375,0.580504,0,0.0
1900-01-01 15:28:11.330,21.949478,-0.667181,22.545382,-1.009031,0.101348,0.127445,0.192806,0.622937,0,0.0
1900-01-01 15:28:12.330,21.962736,-0.657206,22.550239,-1.006668,0.09844,0.123245,0.18836,0.882251,0,0.0
1900-01-01 15:28:13.330,21.950791,-0.649987,22.544463,-1.017168,0.096145,0.119832,0.184097,0.8021,0,0.0
1900-01-01 15:28:14.330,21.95171,-0.643162,22.543675,-0.988162,0.093615,0.116262,0.180367,0.981262,0,0.0
1900-01-01 15:28:15.330,21.948035,-0.642768,22.547482,-1.011656,0.092207,0.114398,0.178024,0.962403,0,0.0
1900-01-01 15:28:16.330,21.947903,-0.637255,22.544988,-1.008768,0.091478,0.112933,0.175828,0.962403,0,0.0
1900-01-01 15:28:17.330,21.945147,-0.642374,22.542231,-1.018218,0.088306,0.10741,0.170095,1.04727,0,0.0
1900-01-01 15:28:18.330,21.940684,-0.639355,22.537899,-1.023074,0.088201,0.107436,0.170472,0.594648,0,0.0
1900-01-01 15:28:19.330,21.947247,-0.628724,22.53803,-1.025831,0.088705,0.109179,0.171584,0.905825,0,0.0
1900-01-01 15:28:20.330,21.941078,-0.634761,22.534749,-1.030556,0.086863,0.105882,0.167854,1.212288,0,0.0
1900-01-01 15:28:21.330,21.944359,-0.632924,22.530285,-1.036068,0.086684,0.104968,0.166549,1.000122,0,0.0
1900-01-01 15:28:22.330,21.931627,-0.626624,22.535667,-1.042105,0.086127,0.105183,0.167302,0.731378,0,0.0
1900-01-01 15:28:23.330,21.938321,-0.617961,22.538818,-1.034099,0.087109,0.106018,0.167569,0.622937,0,0.0
1900-01-01 15:28:24.330,21.932939,-0.622686,22.532648,-1.033574,0.086154,0.104963,0.166512,1.009551,0,0.0
1900-01-01 15:28:25.330,21.922176,-0.613104,22.525428,-1.040924,0.086695,0.105588,0.167752,1.202858,0,0.0
1900-01-01 15:28:26.330,21.932939,-0.601948,22.528841,-1.055493,0.084894,0.103724,0.165777,0.844533,0,0.0
1900-01-01 15:28:27.330,21.928608,-0.601816,22.525953,-1.053655,0.085839,0.104968,0.167082,0.863392,0,0.0
1900-01-01 15:28:28.330,21.924014,-0.604179,22.524772,-1.051293,0.085424,0.104958,0.166751,0.882251,0,0.0
1900-01-01 15:28:29.330,21.930183,-0.604835,22.519258,-1.051949,0.085912,0.105625,0.167532,0.816244,0,0.0
1900-01-01 15:28:30.330,21.920732,-0.589741,22.517289,-1.057855,0.085944,0.105435,0.167532,0.957688,0,0.0
1900-01-01 15:28:31.330,21.927164,-0.586722,22.516502,-1.074918,0.085419,0.104606,0.167063,0.948259,0,0.0
1900-01-01 15:28:32.330,21.928608,-0.582785,22.515583,-1.061005,0.086563,0.105756,0.167578,1.108562,0,0.0
1900-01-01 15:28:33.330,21.923226,-0.582916,22.511382,-1.059299,0.085224,0.104727,0.166466,0.91997,0,0.0
1900-01-01 15:28:34.330,21.915613,-0.580685,22.511907,-1.070849,0.085518,0.104858,0.166521,0.868107,0,0.0
1900-01-01 15:28:35.330,21.916926,-0.575041,22.51322,-1.040005,0.085828,0.105483,0.166953,1.108562,0,0.0
1900-01-01 15:28:36.330,21.920601,-0.575041,22.514401,-1.087649,0.086085,0.106134,0.168451,0.877537,0,0.0
1900-01-01 15:28:37.330,21.92257,-0.567953,22.516239,-1.070718,0.085146,0.104847,0.16721,1.127421,0,0.0
1900-01-01 15:28:38.330,21.919288,-0.574253,22.516895,-1.072949,0.085728,0.106207,0.168028,0.924685,0,0.0
1900-01-01 15:28:39.330,21.923489,-0.557059,22.513876,-1.068618,0.084883,0.105126,0.166696,0.712518,0,0.0
1900-01-01 15:28:40.330,21.928214,-0.561259,22.51427,-1.073736,0.084757,0.104832,0.167174,1.009551,0,0.0
1900-01-01 15:28:41.330,21.922439,-0.55299,22.513351,-1.085943,0.084883,0.10522,0.166815,0.825674,0,0.0
1900-01-01 15:28:42.330,21.921782,-0.555484,22.514664,-1.083449,0.085041,0.104685,0.166797,0.976548,0,0.0
1900-01-01 15:28:43.330,21.920207,-0.546558,22.52044,-1.089093,0.085408,0.105756,0.167284,0.712518,0,0.0
1900-01-01 15:28:44.330,21.919682,-0.543671,22.516239,-1.087518,0.085104,0.105288,0.167422,0.627652,0,0.0
1900-01-01 15:28:45.330,21.917844,-0.544983,22.504293,-1.088436,0.085497,0.106092,0.167881,1.02841,0,0.0
1900-01-01 15:28:46.330,21.920601,-0.536977,22.514139,-1.090668,0.084993,0.105199,0.168478,0.886966,0,0.0
1900-01-01 15:28:47.330,21.916269,-0.532777,22.514664,-1.093293,0.08388,0.104994,0.167725,0.91997,0,0.0
1900-01-01 15:28:48.330,21.920338,-0.533433,22.51939,-1.107074,0.084731,0.105719,0.167899,0.981262,0,0.0
1900-01-01 15:28:49.330,21.924407,-0.531333,22.520177,-1.108255,0.084468,0.105231,0.167321,0.929399,0,0.0
1900-01-01 15:28:50.330,21.911938,-0.522801,22.516502,-1.099461,0.084894,0.106643,0.168901,0.79267,0,0.0
1900-01-01 15:28:51.330,21.919945,-0.522276,22.523065,-1.093949,0.084012,0.105551,0.167468,0.91997,0,0.0
1900-01-01 15:28:52.330,21.913513,-0.519257,22.516502,-1.11403,0.0844,0.10553,0.167725,0.571074,0,0.0
1900-01-01 15:28:53.330,21.920995,-0.508101,22.518339,-1.09933,0.083628,0.105667,0.168239,0.971833,0,0.0
1900-01-01 15:28:54.330,21.922307,-0.51112,22.518733,-1.109961,0.084495,0.106559,0.168772,0.462633,0,0.0
1900-01-01 15:28:55.330,21.918894,-0.503113,22.515058,-1.120724,0.084867,0.107168,0.169094,1.070844,0,0.0
1900-01-01 15:28:56.330,21.919157,-0.500357,22.515058,-1.111667,0.083544,0.105136,0.167229,1.023696,0,0.0
1900-01-01 15:28:57.330,21.917319,-0.497732,22.512301,-1.128467,0.083865,0.106018,0.167615,0.868107,0,0.0
1900-01-01 15:28:58.330,21.919945,-0.496682,22.512432,-1.135949,0.082799,0.104858,0.167449,1.03784,0,0.0
1900-01-01 15:28:59.330,21.912069,-0.501013,22.506393,-1.143955,0.082667,0.105756,0.168386,0.948259,0,0.0
1900-01-01 15:29:00.330,21.90905,-0.48395,22.512301,-1.120199,0.08325,0.105215,0.167973,0.712518,0,0.0
1900-01-01 15:29:01.330,21.909312,-0.484869,22.507969,-1.139492,0.083235,0.10491,0.167927,0.915255,0,0.0
1900-01-01 15:29:02.330,21.909575,-0.480275,22.504687,-1.148811,0.083198,0.105535,0.168111,0.943544,0,0.0
1900-01-01 15:29:03.330,21.9101,-0.474369,22.508756,-1.148417,0.082531,0.106186,0.16902,0.618222,0,0.0
1900-01-01 15:29:04.330,21.905637,-0.4766,22.499699,-1.155636,0.082772,0.10637,0.169094,1.146281,0,0.0
1900-01-01 15:29:05.330,21.911806,-0.473056,22.501143,-1.156948,0.081833,0.10532,0.16834,1.136851,0,0.0
1900-01-01 15:29:06.330,21.908919,-0.462162,22.502455,-1.159311,0.082431,0.105835,0.168037,1.160425,0,0.0
1900-01-01 15:29:07.330,21.9101,-0.4661,22.503112,-1.155767,0.081707,0.105787,0.168221,1.066129,0,0.0
1900-01-01 15:29:08.330,21.905375,-0.456912,22.501011,-1.164298,0.081654,0.105682,0.167725,0.688944,0,0.0
1900-01-01 15:29:09.330,21.915875,-0.455862,22.502849,-1.174011,0.081397,0.106087,0.168442,0.849248,0,0.0
1900-01-01 15:29:10.330,21.917582,-0.456912,22.502587,-1.182936,0.082767,0.107677,0.170435,1.04727,0,0.0
1900-01-01 15:29:11.330,21.914432,-0.447593,22.501668,-1.191729,0.081633,0.10678,0.1697,0.929399,0,0.0
1900-01-01 15:29:12.330,21.911019,-0.442867,22.497729,-1.191336,0.082652,0.107882,0.169204,0.613507,0,0.0
1900-01-01 15:29:13.330,21.903274,-0.447724,22.496417,-1.202361,0.083193,0.109652,0.171216,0.78324,0,0.0
1900-01-01 15:29:14.330,21.906162,-0.434861,22.490772,-1.192517,0.08209,0.108633,0.169406,1.169855,0,0.0
1900-01-01 15:29:15.330,21.906425,-0.433023,22.489328,-1.206823,0.080478,0.106648,0.169066,1.014266,0,0.0
1900-01-01 15:29:16.330,21.913381,-0.426461,22.491691,-1.21076,0.081544,0.107824,0.170389,0.835103,0,0.0
1900-01-01 15:29:17.330,21.904193,-0.430923,22.488015,-1.20971,0.080893,0.10774,0.169232,0.53807,0,0.0
1900-01-01 15:29:18.330,21.907606,-0.423836,22.487228,-1.217585,0.08052,0.107368,0.169654,0.670085,0,0.0
1900-01-01 15:29:19.330,21.904062,-0.416879,22.483946,-1.224148,0.081061,0.108896,0.170674,0.896396,0,0.0
1900-01-01 15:29:20.330,21.901437,-0.417142,22.480795,-1.232942,0.080741,0.109132,0.170536,1.240577,0,0.0
1900-01-01 15:29:21.330,21.907737,-0.411366,22.481845,-1.225198,0.080394,0.107945,0.169957,0.490922,0,0.0
1900-01-01 15:29:22.330,21.906425,-0.408085,22.471737,-1.237273,0.08072,0.108229,0.170426,0.825674,0,0.0
1900-01-01 15:29:23.330,21.903537,-0.405066,22.468981,-1.23701,0.081061,0.109253,0.170922,0.915255,0,0.0
1900-01-01 15:29:24.330,21.892248,-0.407954,22.471212,-1.238979,0.080536,0.108318,0.170086,1.03784,0,0.0
1900-01-01 15:29:25.330,21.902356,-0.39706,22.473181,-1.244623,0.081129,0.110177,0.172649,0.778526,0,0.0
1900-01-01 15:29:26.330,21.891198,-0.405066,22.477382,-1.258404,0.07988,0.108218,0.169792,0.505067,0,0.0
1900-01-01 15:29:27.330,21.891067,-0.389972,22.476988,-1.242916,0.080079,0.108019,0.16982,1.183999,0,0.0
1900-01-01 15:29:28.330,21.891855,-0.386559,22.472262,-1.258798,0.080573,0.108848,0.170867,0.726663,0,0.0
1900-01-01 15:29:29.330,21.899862,-0.383016,22.482108,-1.25801,0.079549,0.108192,0.170463,0.844533,0,0.0
1900-01-01 15:29:30.330,21.902093,-0.378815,22.480533,-1.258404,0.079969,0.108097,0.170545,0.872822,0,0.0
1900-01-01 15:29:31.330,21.890411,-0.374747,22.474888,-1.261029,0.079439,0.108129,0.170564,0.91054,0,0.0
1900-01-01 15:29:32.330,21.888836,-0.37619,22.475019,-1.26536,0.079974,0.107646,0.170352,0.929399,0,0.0
1900-01-01 15:29:33.330,21.892248,-0.368053,22.473838,-1.266673,0.079554,0.106916,0.169737,1.004836,0,0.0
1900-01-01 15:29:34.330,21.888179,-0.363984,22.474494,-1.272054,0.079465,0.108097,0.169967,1.193429,0,0.0
1900-01-01 15:29:35.330,21.891723,-0.366477,22.476463,-1.285047,0.079643,0.109841,0.172153,1.084988,0,0.0
1900-01-01 15:29:36.330,21.888442,-0.36044,22.475413,-1.280322,0.079113,0.10826,0.169994,0.759666,0,0.0
1900-01-01 15:29:37.330,21.883716,-0.361359,22.468718,-1.286622,0.079643,0.109279,0.170812,0.66537,0,0.0
1900-01-01 15:29:38.330,21.890017,-0.351646,22.475544,-1.279929,0.080688,0.109163,0.170996,0.915255,0,0.0
1900-01-01 15:29:39.330,21.886604,-0.351383,22.468849,-1.267854,0.079685,0.108728,0.169746,1.04727,0,0.0
1900-01-01 15:29:40.330,21.885554,-0.350596,22.47922,-1.282554,0.079612,0.109242,0.170968,1.193429,0,0.0
1900-01-01 15:29:41.330,21.88621,-0.347971,22.48027,-1.276254,0.079659,0.108554,0.170784,1.03784,0,0.0
1900-01-01 15:29:42.330,21.879647,-0.346264,22.476201,-1.27901,0.079769,0.108391,0.169829,1.117992,0,0.0
1900-01-01 15:29:43.330,21.885685,-0.341014,22.476857,-1.275204,0.079313,0.109436,0.17129,1.084988,0,0.0
1900-01-01 15:29:44.330,21.881879,-0.341539,22.478957,-1.276647,0.079722,0.109447,0.171207,1.04727,0,0.0
1900-01-01 15:29:45.330,21.884373,-0.337602,22.484996,-1.28321,0.079948,0.108034,0.170187,0.943544,0,0.0
1900-01-01 15:29:46.330,21.888179,-0.331695,22.485915,-1.28426,0.079297,0.108402,0.170509,0.811529,0,0.0
1900-01-01 15:29:47.330,21.887786,-0.329989,22.48539,-1.275729,0.080058,0.109001,0.171409,0.948259,0,0.0
1900-01-01 15:29:48.330,21.89763,-0.327232,22.487228,-1.290166,0.080252,0.107226,0.17049,0.938829,0,0.0
1900-01-01 15:29:49.330,21.900255,-0.325789,22.491428,-1.29056,0.079922,0.107599,0.169893,1.15571,0,0.0
1900-01-01 15:29:50.330,21.897368,-0.31857,22.494579,-1.286229,0.080525,0.108764,0.171519,0.929399,0,0.0
1900-01-01 15:29:51.330,21.897893,-0.315288,22.496154,-1.275072,0.079691,0.107599,0.170178,0.712518,0,0.0
1900-01-01 15:29:52.330,21.893167,-0.318438,22.493004,-1.30001,0.079911,0.108675,0.171556,1.16514,0,0.0
1900-01-01 15:29:53.330,21.90078,-0.309776,22.496942,-1.294629,0.080898,0.108948,0.171731,1.150995,0,0.0
1900-01-01 15:29:54.330,21.897236,-0.303607,22.49878,-1.292791,0.080552,0.109179,0.171253,0.863392,0,0.0
1900-01-01 15:29:55.330,21.898286,-0.306757,22.495235,-1.283997,0.079696,0.108528,0.170757,1.117992,0,0.0
1900-01-01 15:29:56.330,21.899205,-0.294813,22.500092,-1.281372,0.079402,0.108313,0.170132,1.051984,0,0.0
1900-01-01 15:29:57.330,21.901174,-0.286281,22.502718,-1.283604,0.080095,0.108665,0.171409,1.084988,0,0.0
1900-01-01 15:29:58.330,21.899205,-0.301638,22.498648,-1.28531,0.080268,0.109258,0.172043,0.660655,0,0.0
1900-01-01 15:29:59.330,21.903799,-0.290219,22.501274,-1.28531,0.080909,0.109226,0.172025,1.099133,0,0.0
1900-01-01 15:30:00.330,21.900387,-0.285887,22.498255,-1.284391,0.079643,0.108334,0.171032,0.924685,0,0.0
1900-01-01 15:30:01.330,21.902093,-0.281687,22.496811,-1.299485,0.080084,0.108628,0.171721,0.891681,0,0.0
1900-01-01 15:30:02.330,21.904981,-0.2788,22.486965,-1.287147,0.079523,0.107478,0.170334,0.811529,0,0.0
1900-01-01 15:30:03.330,21.909837,-0.277487,22.485652,-1.285572,0.079974,0.108491,0.171106,0.943544,0,0.0
1900-01-01 15:30:04.330,21.904324,-0.270662,22.483683,-1.28111,0.080347,0.108481,0.170261,0.820959,0,0.0
1900-01-01 15:30:05.330,21.907737,-0.276962,22.481058,-1.28531,0.080625,0.108932,0.171731,0.943544,0,0.0
1900-01-01 15:30:06.330,21.904587,-0.263574,22.475413,-1.277435,0.079748,0.108423,0.170417,1.061414,0,0.0
1900-01-01 15:30:07.330,21.899074,-0.26423,22.477645,-1.28426,0.080095,0.107987,0.171354,0.948259,0,0.0
1900-01-01 15:30:08.330,21.899599,-0.277618,22.468193,-1.293972,0.079118,0.108234,0.171363,0.924685,0,0.0
1900-01-01 15:30:09.330,21.902356,-0.285494,22.472394,-1.292397,0.080016,0.108628,0.171234,0.839818,0,0.0
1900-01-01 15:30:10.330,21.901043,-0.274862,22.46688,-1.289641,0.079838,0.107982,0.170656,0.604078,0,0.0
1900-01-01 15:30:11.330,21.897761,-0.26213,22.460579,-1.291085,0.07947,0.109237,0.171611,0.896396,0,0.0
1900-01-01 15:30:12.330,21.907475,-0.273287,22.46688,-1.290429,0.079302,0.108827,0.171574,0.78324,0,0.0
1900-01-01 15:30:13.330,21.897368,-0.250449,22.462942,-1.282029,0.079318,0.108481,0.170509,0.519211,0,0.0
1900-01-01 15:30:14.330,21.900124,-0.255043,22.455328,-1.285572,0.078856,0.108654,0.171097,0.769096,0,0.0
1900-01-01 15:30:15.330,21.893167,-0.245724,22.453622,-1.280716,0.079759,0.109352,0.171859,1.051984,0,0.0
1900-01-01 15:30:16.330,21.900124,-0.246249,22.455722,-1.284391,0.078861,0.108517,0.171464,0.830388,0,0.0
1900-01-01 15:30:17.330,21.896843,-0.239292,22.451127,-1.281241,0.079186,0.108859,0.171538,1.014266,0,0.0
1900-01-01 15:30:18.330,21.897761,-0.242311,22.452571,-1.286754,0.07906,0.108034,0.171354,0.835103,0,0.0
1900-01-01 15:30:19.330,21.897236,-0.24113,22.443776,-1.281897,0.079806,0.109631,0.171602,0.915255,0,0.0
1900-01-01 15:30:20.330,21.894611,-0.251105,22.443514,-1.292397,0.079449,0.109746,0.172484,1.240577,0,0.0
1900-01-01 15:30:21.330,21.897761,-0.242442,22.449552,-1.286097,0.079402,0.108517,0.17219,1.141566,0,0.0
1900-01-01 15:30:22.330,21.901568,-0.238767,22.445089,-1.283079,0.079003,0.107824,0.170757,0.948259,0,0.0
1900-01-01 15:30:23.330,21.902093,-0.227217,22.442463,-1.27061,0.079328,0.108355,0.171363,0.995407,0,0.0
1900-01-01 15:30:24.330,21.901174,-0.234961,22.446664,-1.282947,0.07946,0.108659,0.171786,0.797385,0,0.0
1900-01-01 15:30:25.330,21.902356,-0.224985,22.440494,-1.280191,0.079712,0.109069,0.171942,0.849248,0,0.0
1900-01-01 15:30:26.330,21.90485,-0.228267,22.442201,-1.290429,0.07906,0.108586,0.171207,0.769096,0,0.0
1900-01-01 15:30:27.330,21.907212,-0.233254,22.442595,-1.28006,0.079633,0.108796,0.171997,0.886966,0,0.0
1900-01-01 15:30:28.330,21.903406,-0.219473,22.442463,-1.270479,0.079638,0.110045,0.172704,0.901111,0,0.0
1900-01-01 15:30:29.330,21.904981,-0.210154,22.44522,-1.278091,0.079549,0.10857,0.172401,0.688944,0,0.0
1900-01-01 15:30:30.330,21.908525,-0.221967,22.442595,-1.277697,0.079412,0.108943,0.172512,0.995407,0,0.0
1900-01-01 15:30:31.330,21.909837,-0.219473,22.441807,-1.264573,0.079334,0.109127,0.171354,0.882251,0,0.0
1900-01-01 15:30:32.330,21.918238,-0.210285,22.448502,-1.289772,0.078588,0.108701,0.171942,0.891681,0,0.0
1900-01-01 15:30:33.330,21.9143,-0.211204,22.447058,-1.274547,0.078509,0.108465,0.171161,0.8021,0,0.0
1900-01-01 15:30:34.330,21.921388,-0.20766,22.448633,-1.279666,0.078667,0.107604,0.170582,0.853963,0,0.0
1900-01-01 15:30:35.330,21.925589,-0.203722,22.448371,-1.278091,0.078189,0.107851,0.171666,1.004836,0,0.0
1900-01-01 15:30:36.330,21.933202,-0.207922,22.453359,-1.270873,0.078693,0.109778,0.173081,0.754952,0,0.0
1900-01-01 15:30:37.330,21.93924,-0.198078,22.460842,-1.267854,0.079281,0.109505,0.1723,0.797385,0,0.0
1900-01-01 15:30:38.330,21.940159,-0.212122,22.457822,-1.273104,0.078625,0.108754,0.172309,0.858677,0,0.0
1900-01-01 15:30:39.330,21.939371,-0.212516,22.458479,-1.277829,0.07863,0.108906,0.17196,0.740807,0,0.0
1900-01-01 15:30:40.330,21.946066,-0.200572,22.466618,-1.270085,0.077533,0.108901,0.172015,0.641796,0,0.0
1900-01-01 15:30:41.330,21.947116,-0.198997,22.469243,-1.278747,0.078283,0.109316,0.172383,0.589933,0,0.0
1900-01-01 15:30:42.330,21.952235,-0.20766,22.467405,-1.26851,0.078399,0.109615,0.172475,0.750237,0,0.0
1900-01-01 15:30:43.330,21.953679,-0.199128,22.470687,-1.265098,0.078562,0.109919,0.172668,1.287725,0,0.0
1900-01-01 15:30:44.330,21.961423,-0.20346,22.469637,-1.266016,0.078042,0.109594,0.172557,0.754952,0,0.0
1900-01-01 15:30:45.330,21.960373,-0.20031,22.474232,-1.283079,0.079092,0.109988,0.172824,0.839818,0,0.0
1900-01-01 15:30:46.330,21.956173,-0.189547,22.472394,-1.260241,0.078719,0.108665,0.171924,1.132136,0,0.0
1900-01-01 15:30:47.330,21.955123,-0.187315,22.472131,-1.256304,0.07988,0.110838,0.173724,1.000122,0,0.0
1900-01-01 15:30:48.330,21.961161,-0.190334,22.468718,-1.259716,0.078189,0.109379,0.172714,1.042555,0,0.0
1900-01-01 15:30:49.330,21.963523,-0.190203,22.469899,-1.260766,0.079129,0.109641,0.172594,1.080273,0,0.0
1900-01-01 15:30:50.330,21.961817,-0.174452,22.469243,-1.257223,0.078677,0.109809,0.172787,0.688944,0,0.0
1900-01-01 15:30:51.330,21.964573,-0.191122,22.474232,-1.259716,0.078399,0.109211,0.171758,0.849248,0,0.0
1900-01-01 15:30:52.330,21.96733,-0.181409,22.475938,-1.26746,0.078861,0.108964,0.171731,0.651226,0,0.0
1900-01-01 15:30:53.330,21.965755,-0.179046,22.473969,-1.260898,0.0781,0.108749,0.172172,1.014266,0,0.0
1900-01-01 15:30:54.330,21.965624,-0.179834,22.47712,-1.252629,0.077554,0.109331,0.172162,0.962403,0,0.0
1900-01-01 15:30:55.330,21.966411,-0.17629,22.475807,-1.245148,0.078682,0.108843,0.171584,0.844533,0,0.0
1900-01-01 15:30:56.330,21.963655,-0.171827,22.478038,-1.256435,0.078047,0.108444,0.171905,0.967118,0,0.0
1900-01-01 15:30:57.330,21.972712,-0.173271,22.485784,-1.259191,0.078404,0.108827,0.172006,1.136851,0,0.0
1900-01-01 15:30:58.330,21.96418,-0.186922,22.48749,-1.267066,0.078824,0.10983,0.172319,0.891681,0,0.0
1900-01-01 15:30:59.330,21.970349,-0.170909,22.485915,-1.271397,0.078619,0.109846,0.172649,1.04727,0,0.0
1900-01-01 15:31:00.330,21.969561,-0.175371,22.487753,-1.258798,0.077695,0.109011,0.172512,0.929399,0,0.0
1900-01-01 15:31:01.330,21.963523,-0.158177,22.487753,-1.257748,0.078294,0.109226,0.172861,1.061414,0,0.0
1900-01-01 15:31:02.330,21.967986,-0.175896,22.489984,-1.256041,0.079323,0.109526,0.172622,0.641796,0,0.0
1900-01-01 15:31:03.330,21.956173,-0.168021,22.492741,-1.257485,0.078252,0.109069,0.172071,0.476778,0,0.0
1900-01-01 15:31:04.330,21.964836,-0.164346,22.497336,-1.262735,0.078535,0.109825,0.172622,0.853963,0,0.0
1900-01-01 15:31:05.330,21.961554,-0.163033,22.498123,-1.258141,0.07843,0.109242,0.172061,0.981262,0,0.0
1900-01-01 15:31:06.330,21.955385,-0.165133,22.494579,-1.257354,0.078063,0.109363,0.172015,0.948259,0,0.0
1900-01-01 15:31:07.330,21.958798,-0.165921,22.505606,-1.262604,0.078483,0.109778,0.173228,0.858677,0,0.0
1900-01-01 15:31:07.330,21.958798,-0.165921,22.505606,-1.262604,0.078483,0.109778,0.173228,0.858677,0,0.0
1900-01-01 15:31:08.330,21.956041,-0.152402,22.50705,-1.250004,0.078604,0.10909,0.172309,0.915255,0,0.0
1900-01-01 15:31:08.330,21.956041,-0.152402,22.50705,-1.250004,0.078604,0.10909,0.172309,0.915255,0,0.0
1900-01-01 15:31:09.330,21.954073,-0.151483,22.509544,-1.256698,0.078147,0.109163,0.172401,0.340048,0,0.0
1900-01-01 15:31:09.330,21.954073,-0.151483,22.509544,-1.256698,0.078147,0.109163,0.172401,0.340048,0,0.0
1900-01-01 15:31:10.330,21.955385,-0.164083,22.514401,-1.252891,0.078572,0.109961,0.172943,0.995407,0,0.0
1900-01-01 15:31:10.330,21.955385,-0.164083,22.514401,-1.252891,0.078572,0.109961,0.172943,0.995407,0,0.0
1900-01-01 15:31:11.330,21.95171,-0.147939,22.516108,-1.255385,0.079108,0.110822,0.174156,0.806814,0,0.0
1900-01-01 15:31:12.330,21.946328,-0.159489,22.515058,-1.248298,0.078488,0.109074,0.172952,0.990692,0,0.0
1900-01-01 15:31:13.330,21.95486,-0.167496,22.518864,-1.26116,0.078231,0.109211,0.172263,1.014266,0,0.0
1900-01-01 15:31:14.330,21.949085,-0.160277,22.520177,-1.250791,0.078262,0.108922,0.171933,0.703089,0,0.0
1900-01-01 15:31:15.330,21.943309,-0.147283,22.519652,-1.253416,0.078667,0.110082,0.172971,0.877537,0,0.0
1900-01-01 15:31:16.330,21.946197,-0.150302,22.521884,-1.251054,0.078672,0.109867,0.172796,0.721948,0,0.0
1900-01-01 15:31:17.330,21.948691,-0.150302,22.524115,-1.251448,0.078441,0.10982,0.172512,0.816244,0,0.0
1900-01-01 15:31:18.330,21.940946,-0.15017,22.516108,-1.25276,0.078226,0.108612,0.172263,0.816244,0,0.0
1900-01-01 15:31:19.330,21.936352,-0.158177,22.514664,-1.261423,0.07873,0.110324,0.173522,1.183999,0,0.0
1900-01-01 15:31:20.330,21.938846,-0.145839,22.518339,-1.243966,0.078651,0.110513,0.173044,1.023696,0,0.0
1900-01-01 15:31:21.330,21.935302,-0.149383,22.514139,-1.245673,0.07864,0.109667,0.172879,0.778526,0,0.0
1900-01-01 15:31:22.330,21.932808,-0.139014,22.517158,-1.252891,0.078667,0.109699,0.172741,0.868107,0,0.0
1900-01-01 15:31:23.330,21.934777,-0.14072,22.5081,-1.245541,0.078404,0.109547,0.173008,0.721948,0,0.0
1900-01-01 15:31:24.330,21.937534,-0.128382,22.514401,-1.261816,0.078157,0.109384,0.172658,0.938829,0,0.0
1900-01-01 15:31:25.330,21.930052,-0.133239,22.506,-1.239766,0.078541,0.108796,0.172025,0.915255,0,0.0
1900-01-01 15:31:26.330,21.925458,-0.148858,22.507575,-1.26431,0.078304,0.109347,0.173109,0.91997,0,0.0
1900-01-01 15:31:27.330,21.926639,-0.137701,22.504162,-1.249216,0.078005,0.108964,0.17242,0.646511,0,0.0
1900-01-01 15:31:28.330,21.930839,-0.142164,22.5081,-1.256435,0.078346,0.109494,0.172649,1.113277,0,0.0
1900-01-01 15:31:29.330,21.922701,-0.141639,22.50298,-1.245804,0.078436,0.108675,0.172263,1.004836,0,0.0
1900-01-01 15:31:30.330,21.926508,-0.135207,22.507837,-1.24016,0.078462,0.109961,0.172998,0.759666,0,0.0
1900-01-01 15:31:31.330,21.927558,-0.143739,22.510988,-1.251841,0.077643,0.10951,0.17264,0.6748,0,0.0
1900-01-01 15:31:32.330,21.927033,-0.13337,22.514926,-1.239766,0.077711,0.109184,0.173733,0.981262,0,0.0
1900-01-01 15:31:33.330,21.922832,-0.131926,22.518339,-1.246329,0.077701,0.109158,0.17275,1.117992,0,0.0
1900-01-01 15:31:34.330,21.915875,-0.126676,22.507444,-1.240685,0.078226,0.109069,0.172723,0.872822,0,0.0
1900-01-01 15:31:35.330,21.921126,-0.132582,22.513745,-1.238848,0.078299,0.109352,0.172815,0.952974,0,0.0
1900-01-01 15:31:36.330,21.914825,-0.132845,22.512826,-1.249741,0.078541,0.109321,0.173118,0.8021,0,0.0
1900-01-01 15:31:37.330,21.917057,-0.133107,22.512432,-1.248691,0.078877,0.109573,0.173614,0.787955,0,0.0
1900-01-01 15:31:38.330,21.92257,-0.124051,22.514139,-1.24646,0.078467,0.109436,0.172631,0.858677,0,0.0
1900-01-01 15:31:39.330,21.918369,-0.113157,22.504949,-1.23806,0.077764,0.108743,0.172199,1.009551,0,0.0
1900-01-01 15:31:40.330,21.918763,-0.126282,22.513351,-1.244885,0.078005,0.108481,0.172263,0.915255,0,0.0
1900-01-01 15:31:41.330,21.92572,-0.13022,22.512432,-1.247116,0.077779,0.108743,0.172741,0.721948,0,0.0
1900-01-01 15:31:42.330,21.925589,-0.136257,22.51217,-1.245935,0.077769,0.108171,0.17242,0.891681,0,0.0
1900-01-01 15:31:43.330,21.922176,-0.121688,22.518471,-1.249479,0.078236,0.108959,0.171988,1.070844,0,0.0
1900-01-01 15:31:44.330,21.927295,-0.124313,22.515189,-1.233073,0.078142,0.108806,0.172346,0.78324,0,0.0
1900-01-01 15:31:45.330,21.926245,-0.123788,22.510857,-1.246591,0.077296,0.107683,0.172254,0.886966,0,0.0
1900-01-01 15:31:46.330,21.93399,-0.13127,22.513088,-1.255123,0.078399,0.109001,0.172796,0.957688,0,0.0
1900-01-01 15:31:47.330,21.932152,-0.120507,22.518077,-1.240291,0.079444,0.109778,0.173862,0.967118,0,0.0
1900-01-01 15:31:48.330,21.937402,-0.107775,22.518208,-1.239504,0.077947,0.109022,0.173421,0.523926,0,0.0
1900-01-01 15:31:49.330,21.944097,-0.114863,22.51939,-1.244754,0.077879,0.108749,0.173109,0.670085,0,0.0
1900-01-01 15:31:50.330,21.94449,-0.127463,22.515189,-1.246985,0.078887,0.11078,0.174349,0.872822,0,0.0
1900-01-01 15:31:51.330,21.938846,-0.114075,22.521621,-1.236223,0.078619,0.109961,0.174128,0.957688,0,0.0
1900-01-01 15:31:52.330,21.945409,-0.119588,22.519915,-1.249873,0.078966,0.109751,0.174092,0.853963,0,0.0
1900-01-01 15:31:53.330,21.942784,-0.116044,22.524115,-1.236748,0.078483,0.109043,0.173715,0.707803,0,0.0
1900-01-01 15:31:54.330,21.935302,-0.115651,22.520702,-1.245541,0.079775,0.109442,0.173357,0.703089,0,0.0
1900-01-01 15:31:55.330,21.942128,-0.113157,22.520702,-1.234648,0.079302,0.109898,0.173596,1.009551,0,0.0
1900-01-01 15:31:56.330,21.94856,-0.128251,22.516239,-1.236354,0.079365,0.109305,0.173348,0.924685,0,0.0
1900-01-01 15:31:57.330,21.940815,-0.101475,22.513482,-1.243573,0.079423,0.109001,0.172897,1.160425,0,0.0
1900-01-01 15:31:58.330,21.946591,-0.108694,22.512826,-1.244229,0.079202,0.108833,0.173054,1.103847,0,0.0
1900-01-01 15:31:59.330,21.941996,-0.115913,22.512957,-1.236617,0.079412,0.109715,0.173485,0.896396,0,0.0
1900-01-01 15:32:00.330,21.93714,-0.120901,22.508231,-1.237142,0.081507,0.110161,0.173366,0.995407,0,0.0
1900-01-01 15:32:01.330,21.935433,-0.119326,22.507181,-1.24751,0.082127,0.110733,0.174285,0.882251,0,0.0
1900-01-01 15:32:02.330,21.931758,-0.121688,22.501143,-1.23386,0.081339,0.11004,0.173936,0.934114,0,0.0
1900-01-01 15:32:03.330,21.935433,-0.1104,22.507706,-1.240291,0.081822,0.110665,0.174799,0.863392,0,0.0
1900-01-01 15:32:04.330,21.944622,-0.12287,22.5081,-1.234385,0.082715,0.110885,0.174863,0.995407,0,0.0
1900-01-01 15:32:05.330,21.940159,-0.111713,22.507312,-1.24121,0.082085,0.110534,0.174073,0.943544,0,0.0
1900-01-01 15:32:06.330,21.936877,-0.116963,22.508756,-1.23176,0.081707,0.110618,0.174422,0.566359,0,0.0
1900-01-01 15:32:07.330,21.940028,-0.109219,22.508756,-1.239766,0.081255,0.109841,0.173825,1.136851,0,0.0
1900-01-01 15:32:08.330,21.933727,-0.116963,22.51322,-1.24961,0.081035,0.109568,0.173173,0.684229,0,0.0
1900-01-01 15:32:09.330,21.923882,-0.111713,22.505343,-1.235435,0.081701,0.110476,0.17479,0.830388,0,0.0
1900-01-01 15:32:10.330,21.932677,-0.114863,22.513351,-1.231892,0.081969,0.111095,0.174514,0.726663,0,0.0
1900-01-01 15:32:11.330,21.936615,-0.110269,22.511513,-1.238454,0.081927,0.110602,0.174753,0.957688,0,0.0
1900-01-01 15:32:12.330,21.938846,-0.100163,22.515189,-1.235042,0.082058,0.111048,0.175213,1.03784,0,0.0
1900-01-01 15:32:13.330,21.931102,-0.107775,22.513351,-1.236617,0.081796,0.10951,0.174083,0.952974,0,0.0
1900-01-01 15:32:14.330,21.926114,-0.102394,22.512695,-1.234779,0.082132,0.110544,0.174652,1.051984,0,0.0
1900-01-01 15:32:15.330,21.928739,-0.109613,22.509938,-1.230973,0.082127,0.109568,0.173458,0.721948,0,0.0
1900-01-01 15:32:16.330,21.928214,-0.10935,22.51742,-1.253679,0.081287,0.110985,0.174248,0.981262,0,0.0
1900-01-01 15:32:17.330,21.937534,-0.109219,22.515451,-1.248429,0.082064,0.110875,0.174735,0.693659,0,0.0
1900-01-01 15:32:18.330,21.937009,-0.118276,22.519783,-1.24331,0.082011,0.110712,0.174459,0.91054,0,0.0
1900-01-01 15:32:19.330,21.931496,-0.097537,22.519783,-1.227954,0.081927,0.109363,0.173954,1.061414,0,0.0
1900-01-01 15:32:20.330,21.931233,-0.087431,22.516895,-1.21706,0.081686,0.110145,0.174257,0.703089,0,0.0
1900-01-01 15:32:21.330,21.944884,-0.089925,22.523722,-1.224279,0.081334,0.109967,0.174386,0.929399,0,0.0
1900-01-01 15:32:22.330,21.934646,-0.103444,22.522803,-1.233335,0.082368,0.109625,0.173908,0.948259,0,0.0
1900-01-01 15:32:23.330,21.935433,-0.096225,22.526347,-1.232679,0.081927,0.110507,0.174762,1.014266,0,0.0
1900-01-01 15:32:24.330,21.933858,-0.099769,22.528185,-1.236092,0.081234,0.109578,0.174331,0.811529,0,0.0
1900-01-01 15:32:25.330,21.932414,-0.105938,22.530285,-1.240685,0.081476,0.109583,0.174119,1.169855,0,0.0
1900-01-01 15:32:26.330,21.935171,-0.102788,22.532254,-1.236092,0.08199,0.109814,0.173274,1.033125,0,0.0
1900-01-01 15:32:27.330,21.941078,-0.094519,22.536849,-1.228085,0.081455,0.110234,0.174946,0.684229,0,0.0
1900-01-01 15:32:28.330,21.931627,-0.088612,22.536849,-1.230842,0.081376,0.109095,0.173577,0.594648,0,0.0
1900-01-01 15:32:29.330,21.934646,-0.095831,22.531861,-1.225854,0.081565,0.109153,0.17321,0.858677,0,0.0
1900-01-01 15:32:30.330,21.934252,-0.100031,22.537768,-1.234385,0.082379,0.109862,0.174505,0.79267,0,0.0
1900-01-01 15:32:31.330,21.942915,-0.108563,22.541443,-1.243573,0.081423,0.109988,0.174781,0.78324,0,0.0
1900-01-01 15:32:32.330,21.938715,-0.085331,22.54315,-1.227692,0.081623,0.110082,0.174514,1.240577,0,0.0
1900-01-01 15:32:33.330,21.933071,-0.098062,22.539212,-1.229923,0.081565,0.110507,0.174588,0.641796,0,0.0
1900-01-01 15:32:34.330,21.938059,-0.091894,22.540918,-1.230185,0.081465,0.109946,0.174808,0.684229,0,0.0
1900-01-01 15:32:35.330,21.943572,-0.092025,22.539606,-1.233073,0.082547,0.111542,0.176021,0.938829,0,0.0
1900-01-01 15:32:36.330,21.938452,-0.098325,22.545907,-1.230579,0.081859,0.111631,0.175433,0.797385,0,0.0
1900-01-01 15:32:37.330,21.932808,-0.080737,22.539343,-1.231629,0.081649,0.110381,0.174873,0.509782,0,0.0
1900-01-01 15:32:38.330,21.933202,-0.097669,22.540525,-1.240423,0.081733,0.110471,0.174248,0.839818,0,0.0
1900-01-01 15:32:39.330,21.935696,-0.083624,22.54105,-1.227954,0.082001,0.111158,0.174983,0.670085,0,0.0
1900-01-01 15:32:40.330,21.929789,-0.082312,22.538555,-1.240291,0.081995,0.109914,0.174165,1.084988,0,0.0
1900-01-01 15:32:41.330,21.937534,-0.087037,22.544331,-1.242523,0.081302,0.109557,0.17456,1.198144,0,0.0
1900-01-01 15:32:42.330,21.932677,-0.100819,22.538424,-1.241998,0.081581,0.11056,0.175525,1.103847,0,0.0
1900-01-01 15:32:43.330,21.926639,-0.074305,22.535011,-1.210104,0.080935,0.110355,0.174156,0.835103,0,0.0
1900-01-01 15:32:44.330,21.92992,-0.079556,22.529891,-1.22336,0.08094,0.110082,0.174321,1.15571,0,0.0
1900-01-01 15:32:45.330,21.924407,-0.089662,22.526478,-1.23071,0.080756,0.110082,0.17445,1.014266,0,0.0
1900-01-01 15:32:46.330,21.929527,-0.093731,22.528185,-1.25066,0.081271,0.110702,0.174863,0.618222,0,0.0
1900-01-01 15:32:47.330,21.914432,-0.082968,22.520177,-1.233073,0.080851,0.110087,0.174009,0.825674,0,0.0
1900-01-01 15:32:48.330,21.917057,-0.083493,22.521884,-1.235829,0.079538,0.109405,0.174257,0.740807,0,0.0
1900-01-01 15:32:49.330,21.928608,-0.0852,22.520308,-1.22651,0.080347,0.110639,0.174128,0.6748,0,0.0
1900-01-01 15:32:50.330,21.91535,-0.084412,22.516764,-1.229923,0.080804,0.110156,0.174496,0.868107,0,0.0
1900-01-01 15:32:51.330,21.927295,-0.092681,22.521621,-1.234123,0.081098,0.110901,0.175286,0.684229,0,0.0
1900-01-01 15:32:52.330,21.917844,-0.077587,22.516108,-1.23911,0.080552,0.109216,0.17422,0.985977,0,0.0
1900-01-01 15:32:53.330,21.924539,-0.071943,22.513088,-1.24226,0.080909,0.109027,0.173495,0.78324,0,0.0
1900-01-01 15:32:54.330,21.926376,-0.081393,22.514139,-1.232285,0.080305,0.109421,0.173568,0.853963,0,0.0
1900-01-01 15:32:55.330,21.930577,-0.074174,22.511382,-1.224673,0.080552,0.110135,0.174505,0.981262,0,0.0
1900-01-01 15:32:56.330,21.928477,-0.085987,22.517158,-1.242785,0.080646,0.110245,0.174239,0.981262,0,0.0
1900-01-01 15:32:57.330,21.926639,-0.076143,22.513351,-1.240291,0.080153,0.10877,0.174009,0.915255,0,0.0
1900-01-01 15:32:58.330,21.922832,-0.075093,22.514532,-1.244885,0.081029,0.110471,0.174661,0.618222,0,0.0
1900-01-01 15:32:59.330,21.929789,-0.071155,22.515976,-1.23176,0.082363,0.111857,0.17682,0.698374,0,0.0
1900-01-01 15:33:00.330,21.928083,-0.077324,22.513745,-1.240685,0.081376,0.111101,0.175102,0.891681,0,0.0
1900-01-01 15:33:01.330,21.930839,-0.052386,22.515451,-1.24016,0.08136,0.11036,0.174303,0.957688,0,0.0
1900-01-01 15:33:02.330,21.924801,-0.072862,22.506393,-1.231892,0.082489,0.112041,0.176536,1.297155,0,0.0
1900-01-01 15:33:03.330,21.919288,-0.084806,22.510726,-1.248298,0.083082,0.111752,0.176085,0.8021,0,0.0
1900-01-01 15:33:04.330,21.924407,-0.083887,22.50915,-1.258273,0.082195,0.111631,0.175231,0.952974,0,0.0
1900-01-01 15:33:05.330,21.92572,-0.07273,22.51322,-1.24856,0.080893,0.110906,0.17581,1.009551,0,0.0
1900-01-01 15:33:06.330,21.924539,-0.072205,22.510594,-1.255516,0.080441,0.111284,0.174882,0.830388,0,0.0
1900-01-01 15:33:07.330,21.919813,-0.065774,22.507312,-1.241079,0.080441,0.111841,0.176104,0.660655,0,0.0
1900-01-01 15:33:08.330,21.922045,-0.06958,22.506919,-1.250398,0.080667,0.112996,0.176921,0.849248,0,0.0
1900-01-01 15:33:09.330,21.922832,-0.079162,22.509019,-1.254335,0.079712,0.112865,0.17558,0.566359,0,0.0
1900-01-01 15:33:10.330,21.92677,-0.070762,22.51427,-1.249741,0.080053,0.112413,0.176021,0.976548,0,0.0
1900-01-01 15:33:11.330,21.918238,-0.065774,22.506262,-1.258929,0.079796,0.112319,0.176526,0.985977,0,0.0
1900-01-01 15:33:12.330,21.925064,-0.073912,22.508888,-1.251973,0.079386,0.113148,0.176591,0.8021,0,0.0
1900-01-01 15:33:13.330,21.918501,-0.053699,22.505081,-1.252366,0.078803,0.11223,0.176113,0.439059,0,0.0
1900-01-01 15:33:14.330,21.918501,-0.074699,22.505081,-1.253941,0.079759,0.113637,0.178162,1.141566,0,0.0
1900-01-01 15:33:15.330,21.915482,-0.06013,22.502455,-1.254991,0.080473,0.113878,0.177601,1.051984,0,0.0
1900-01-01 15:33:16.330,21.915613,-0.076274,22.505868,-1.267198,0.079402,0.113421,0.17761,1.070844,0,0.0
1900-01-01 15:33:17.330,21.919157,-0.063936,22.502849,-1.270479,0.08052,0.112996,0.176168,0.905825,0,0.0
1900-01-01 15:33:18.330,21.914694,-0.06538,22.509807,-1.276779,0.080678,0.113395,0.177491,0.858677,0,0.0
1900-01-01 15:33:19.330,21.911806,-0.067611,22.501405,-1.278485,0.080483,0.114713,0.17615,0.934114,0,0.0
1900-01-01 15:33:20.330,21.916269,-0.079687,22.502455,-1.272316,0.0802,0.114897,0.176655,1.127421,0,0.0
1900-01-01 15:33:21.330,21.901043,-0.068399,22.496154,-1.267985,0.079985,0.112938,0.176003,1.136851,0,0.0
1900-01-01 15:33:22.330,21.903931,-0.066168,22.496023,-1.275335,0.081308,0.114093,0.176875,0.877537,0,0.0
1900-01-01 15:33:23.330,21.9122,-0.063543,22.497336,-1.274679,0.081701,0.114099,0.176389,0.717233,0,0.0
1900-01-01 15:33:24.330,21.910231,-0.059474,22.490378,-1.278485,0.081313,0.113001,0.175562,0.797385,0,0.0
1900-01-01 15:33:25.330,21.90183,-0.070893,22.487621,-1.269691,0.080399,0.112366,0.175865,0.990692,0,0.0
1900-01-01 15:33:26.330,21.905112,-0.063805,22.49261,-1.283341,0.081397,0.11308,0.17501,0.754952,0,0.0
1900-01-01 15:33:27.330,21.898155,-0.062886,22.487228,-1.276385,0.081145,0.1134,0.176297,0.764381,0,0.0
1900-01-01 15:33:28.330,21.895792,-0.061049,22.488278,-1.27376,0.080756,0.114046,0.176471,1.018981,0,0.0
1900-01-01 15:33:29.330,21.904587,-0.059999,22.487621,-1.278222,0.081082,0.112723,0.175497,0.863392,0,0.0
1900-01-01 15:33:30.330,21.901174,-0.063018,22.487359,-1.279535,0.082568,0.114209,0.176159,0.943544,0,0.0
1900-01-01 15:33:31.330,21.897236,-0.048317,22.481058,-1.275597,0.08376,0.114844,0.177372,0.835103,0,0.0
1900-01-01 15:33:32.330,21.89763,-0.064068,22.482764,-1.267723,0.083728,0.114529,0.176811,1.070844,0,0.0
1900-01-01 15:33:33.330,21.901962,-0.069055,22.48539,-1.291479,0.083586,0.114219,0.176774,0.858677,0,0.0
1900-01-01 15:33:34.330,21.90183,-0.066955,22.478432,-1.279141,0.084043,0.114818,0.177234,0.934114,0,0.0
1900-01-01 15:33:35.330,21.892773,-0.052911,22.479482,-1.28846,0.084169,0.113101,0.176673,0.641796,0,0.0
1900-01-01 15:33:36.330,21.894742,-0.055011,22.483027,-1.288066,0.083571,0.114477,0.17705,0.500352,0,0.0
1900-01-01 15:33:37.330,21.900124,-0.061574,22.481058,-1.28741,0.083823,0.114608,0.177427,0.886966,0,0.0
1900-01-01 15:33:38.330,21.902749,-0.061574,22.48434,-1.285835,0.083487,0.114881,0.177252,0.721948,0,0.0
1900-01-01 15:33:39.330,21.907606,-0.059474,22.482764,-1.288985,0.082694,0.113432,0.17683,0.655941,0,0.0
1900-01-01 15:33:40.330,21.902618,-0.060917,22.48434,-1.289641,0.083471,0.113463,0.17648,0.797385,0,0.0
1900-01-01 15:33:41.330,21.906425,-0.049892,22.490247,-1.285572,0.084222,0.114219,0.177868,0.948259,0,0.0
1900-01-01 15:33:42.330,21.906556,-0.05173,22.488015,-1.305391,0.084993,0.115705,0.17795,0.952974,0,0.0
1900-01-01 15:33:43.330,21.910494,-0.060786,22.490116,-1.302766,0.084206,0.114372,0.177013,0.952974,0,0.0
1900-01-01 15:33:44.330,21.906556,-0.048055,22.493791,-1.293447,0.084117,0.114797,0.177675,0.91054,0,0.0
1900-01-01 15:33:45.330,21.912594,-0.047923,22.492872,-1.297516,0.083502,0.11445,0.177574,0.778526,0,0.0
1900-01-01 15:33:46.330,21.910888,-0.050942,22.491166,-1.297385,0.084568,0.115348,0.177886,0.53807,0,0.0
1900-01-01 15:33:47.330,21.91535,-0.053173,22.496679,-1.306047,0.085056,0.115726,0.179034,0.764381,0,0.0
1900-01-01 15:33:48.330,21.917319,-0.042411,22.501274,-1.304735,0.085041,0.114997,0.177528,0.750237,0,0.0
1900-01-01 15:33:49.330,21.920076,-0.052386,22.494054,-1.296072,0.083901,0.114272,0.177335,0.754952,0,0.0
1900-01-01 15:33:50.330,21.928608,-0.05278,22.504949,-1.304603,0.084232,0.114167,0.177197,0.957688,0,0.0
1900-01-01 15:33:51.330,21.925851,-0.046217,22.493529,-1.293579,0.085287,0.115354,0.177656,0.693659,0,0.0
1900-01-01 15:33:52.330,21.927295,-0.055405,22.496679,-1.291741,0.085298,0.115054,0.178502,0.853963,0,0.0
1900-01-01 15:33:53.330,21.931496,-0.05173,22.496679,-1.297516,0.084542,0.115422,0.178474,0.872822,0,0.0
1900-01-01 15:33:54.330,21.935433,-0.054224,22.497729,-1.295547,0.084426,0.114456,0.177188,0.717233,0,0.0
1900-01-01 15:33:55.330,21.935696,-0.05803,22.496285,-1.299091,0.085224,0.114813,0.17761,0.962403,0,0.0
1900-01-01 15:33:56.330,21.931758,-0.048842,22.494316,-1.309985,0.086316,0.115716,0.178603,0.721948,0,0.0
1900-01-01 15:33:57.330,21.940159,-0.045561,22.495892,-1.308016,0.0844,0.114576,0.177234,0.882251,0,0.0
1900-01-01 15:33:58.330,21.941603,-0.049498,22.496023,-1.305916,0.08545,0.115795,0.178538,0.820959,0,0.0
1900-01-01 15:33:59.330,21.939503,-0.052123,22.489853,-1.304997,0.085272,0.114765,0.177858,0.825674,0,0.0
1900-01-01 15:34:00.330,21.946197,-0.046086,22.489197,-1.32836,0.085665,0.115243,0.177353,0.8021,0,0.0
1900-01-01 15:34:01.330,21.943965,-0.044904,22.488278,-1.301716,0.085303,0.114587,0.177114,0.670085,0,0.0
1900-01-01 15:34:02.330,21.946197,-0.045823,22.486965,-1.311691,0.084384,0.114125,0.176186,0.8021,0,0.0
1900-01-01 15:34:03.330,21.942259,-0.046348,22.492347,-1.309197,0.084804,0.113742,0.176958,0.693659,0,0.0
1900-01-01 15:34:04.330,21.945672,-0.043067,22.493923,-1.320353,0.085314,0.114172,0.177041,1.03784,0,0.0
1900-01-01 15:34:05.330,21.935958,-0.044904,22.488672,-1.319303,0.08576,0.115711,0.178548,1.000122,0,0.0
1900-01-01 15:34:06.330,21.939503,-0.040179,22.491428,-1.303422,0.08472,0.114104,0.177601,0.877537,0,0.0
1900-01-01 15:34:07.330,21.945934,-0.041492,22.49471,-1.313791,0.08523,0.113873,0.176572,0.764381,0,0.0
1900-01-01 15:34:08.330,21.944097,-0.044248,22.49471,-1.307228,0.084274,0.114135,0.177013,1.117992,0,0.0
1900-01-01 15:34:09.330,21.944622,-0.047398,22.489722,-1.326916,0.084915,0.114015,0.17649,1.15571,0,0.0
1900-01-01 15:34:10.330,21.941471,-0.042673,22.486571,-1.320878,0.085072,0.114545,0.177326,0.839818,0,0.0
1900-01-01 15:34:11.330,21.942915,-0.044904,22.493004,-1.327047,0.084726,0.115144,0.178254,0.769096,0,0.0
1900-01-01 15:34:12.330,21.941603,-0.038604,22.486177,-1.31786,0.084447,0.114172,0.17671,0.769096,0,0.0
1900-01-01 15:34:13.330,21.944228,-0.048842,22.488803,-1.315366,0.085135,0.114876,0.177904,1.179284,0,0.0
1900-01-01 15:34:14.330,21.944884,-0.043067,22.48854,-1.32941,0.084516,0.114251,0.177289,0.820959,0,0.0
1900-01-01 15:34:15.330,21.947641,-0.043854,22.489984,-1.329935,0.085833,0.114618,0.177509,0.816244,0,0.0
1900-01-01 15:34:16.330,21.946459,-0.039917,22.492872,-1.320616,0.084636,0.113999,0.177124,0.872822,0,0.0
1900-01-01 15:34:17.330,21.946328,-0.028498,22.490509,-1.316153,0.08493,0.115175,0.178722,0.726663,0,0.0
1900-01-01 15:34:18.330,21.955254,-0.042148,22.496023,-1.331641,0.084915,0.114435,0.177721,1.018981,0,0.0
1900-01-01 15:34:19.330,21.954466,-0.040442,22.499567,-1.325997,0.085104,0.114356,0.176977,1.132136,0,0.0
1900-01-01 15:34:20.330,21.946591,-0.036898,22.491822,-1.33361,0.085566,0.114813,0.176977,0.882251,0,0.0
1900-01-01 15:34:21.330,21.949872,-0.031254,22.499042,-1.318778,0.084899,0.114204,0.177904,0.78324,0,0.0
1900-01-01 15:34:22.330,21.947509,-0.033485,22.498911,-1.325735,0.08597,0.114303,0.176765,1.117992,0,0.0
1900-01-01 15:34:23.330,21.956173,-0.029548,22.50088,-1.32836,0.085944,0.115002,0.177647,0.934114,0,0.0
1900-01-01 15:34:24.330,21.962211,-0.024166,22.502849,-1.338072,0.083928,0.11298,0.17569,0.816244,0,0.0
1900-01-01 15:34:25.330,21.951972,-0.026791,22.503112,-1.339778,0.085513,0.113962,0.177629,0.721948,0,0.0
1900-01-01 15:34:26.330,21.958142,-0.040573,22.504293,-1.328753,0.085555,0.114487,0.177794,1.17457,0,0.0
1900-01-01 15:34:27.330,21.952629,-0.023379,22.505868,-1.333216,0.085681,0.114209,0.177151,1.02841,0,0.0
1900-01-01 15:34:28.330,21.959848,-0.033879,22.513745,-1.347391,0.085618,0.114303,0.177482,0.787955,0,0.0
1900-01-01 15:34:29.330,21.961292,-0.031648,22.512432,-1.337022,0.085088,0.114492,0.177436,1.018981,0,0.0
1900-01-01 15:34:30.330,21.953941,-0.02771,22.504293,-1.344503,0.086049,0.115401,0.178162,1.023696,0,0.0
1900-01-01 15:34:31.330,21.955123,-0.031254,22.509413,-1.330591,0.085177,0.11454,0.177647,0.79267,0,0.0
1900-01-01 15:34:32.330,21.957223,-0.038211,22.507837,-1.348047,0.086353,0.114813,0.177482,0.632367,0,0.0
1900-01-01 15:34:33.330,21.960636,-0.034929,22.511644,-1.333872,0.086443,0.11548,0.178235,0.825674,0,0.0
1900-01-01 15:34:34.330,21.961817,-0.02561,22.514139,-1.342403,0.085986,0.114046,0.177519,1.226432,0,0.0
1900-01-01 15:34:35.330,21.946197,-0.027185,22.507969,-1.332822,0.085886,0.114944,0.178759,0.830388,0,0.0
1900-01-01 15:34:36.330,21.950528,-0.031123,22.511251,-1.350672,0.087031,0.114382,0.178685,0.731378,0,0.0
1900-01-01 15:34:37.330,21.955516,-0.034142,22.509413,-1.347784,0.086789,0.116015,0.178869,0.670085,0,0.0
1900-01-01 15:34:38.330,21.951447,-0.03296,22.50915,-1.344634,0.085429,0.113862,0.176526,0.769096,0,0.0
1900-01-01 15:34:39.330,21.947641,-0.02141,22.509413,-1.352641,0.085293,0.114078,0.177666,0.684229,0,0.0
1900-01-01 15:34:40.330,21.952366,-0.040573,22.514664,-1.346209,0.086017,0.11465,0.177353,0.967118,0,0.0
1900-01-01 15:34:41.330,21.95696,-0.054092,22.512301,-1.350147,0.086532,0.115259,0.178575,1.014266,0,0.0
1900-01-01 15:34:42.330,21.954598,-0.037685,22.507837,-1.361697,0.086595,0.114818,0.178676,1.17457,0,0.0
1900-01-01 15:34:43.330,21.946984,-0.032829,22.504556,-1.345291,0.086936,0.115642,0.178024,0.79267,0,0.0
1900-01-01 15:34:44.330,21.950266,-0.023248,22.502324,-1.358153,0.086926,0.115784,0.178823,0.655941,0,0.0
1900-01-01 15:34:45.330,21.950922,-0.030073,22.501536,-1.351328,0.087661,0.115768,0.179172,0.990692,0,0.0
1900-01-01 15:34:46.330,21.958273,-0.02141,22.496679,-1.356447,0.087283,0.115191,0.178649,0.717233,0,0.0
1900-01-01 15:34:47.330,21.954729,-0.025741,22.494841,-1.359728,0.086269,0.113847,0.177087,0.670085,0,0.0
1900-01-01 15:34:48.330,21.952235,-0.031385,22.494579,-1.363141,0.0865,0.114078,0.17784,0.948259,0,0.0
1900-01-01 15:34:49.330,21.950791,-0.030598,22.493004,-1.361959,0.087235,0.116225,0.179218,0.830388,0,0.0
1900-01-01 15:34:50.330,21.947903,-0.02771,22.488409,-1.357628,0.086726,0.114729,0.177831,0.985977,0,0.0
1900-01-01 15:34:51.330,21.950266,-0.028629,22.487621,-1.359203,0.086521,0.115054,0.17863,0.976548,0,0.0
1900-01-01 15:34:52.330,21.94856,-0.027316,22.486309,-1.363928,0.086957,0.115684,0.178943,1.042555,0,0.0
1900-01-01 15:34:53.330,21.946722,-0.031385,22.488803,-1.363797,0.087057,0.115075,0.178731,0.882251,0,0.0
1900-01-01 15:34:54.330,21.951841,-0.029679,22.487228,-1.378628,0.087262,0.115123,0.177629,0.91054,0,0.0
1900-01-01 15:34:55.330,21.944097,-0.025216,22.485784,-1.363928,0.086379,0.114771,0.177463,0.778526,0,0.0
1900-01-01 15:34:56.330,21.944097,-0.025216,22.489328,-1.370359,0.087603,0.116451,0.179668,0.533356,0,0.0
1900-01-01 15:34:57.330,21.95066,-0.022066,22.495367,-1.369047,0.087986,0.115548,0.179025,0.627652,0,0.0
1900-01-01 15:34:58.330,21.948035,-0.025479,22.499173,-1.368653,0.087981,0.114928,0.178152,0.736092,0,0.0
1900-01-01 15:34:59.330,21.939371,-0.024823,22.49471,-1.371147,0.086653,0.114718,0.178465,0.896396,0,0.0
1900-01-01 15:35:00.330,21.941078,-0.016422,22.499436,-1.368653,0.086884,0.114456,0.177711,0.858677,0,0.0
1900-01-01 15:35:01.330,21.933727,-0.013272,22.489197,-1.369047,0.086794,0.115154,0.179071,0.622937,0,0.0
1900-01-01 15:35:02.330,21.936484,-0.030729,22.495629,-1.375609,0.087025,0.114744,0.178171,0.797385,0,0.0
1900-01-01 15:35:03.330,21.934383,-0.024823,22.496023,-1.363797,0.087125,0.114618,0.177803,0.637081,0,0.0
1900-01-01 15:35:04.330,21.937927,-0.01721,22.498911,-1.370359,0.085833,0.114256,0.178309,0.778526,0,0.0
1900-01-01 15:35:05.330,21.935565,-0.031648,22.494316,-1.371409,0.087671,0.115506,0.178456,0.957688,0,0.0
1900-01-01 15:35:06.330,21.93609,-0.024035,22.491166,-1.376397,0.085881,0.114067,0.177638,0.754952,0,0.0
1900-01-01 15:35:07.330,21.927689,-0.021804,22.492216,-1.373903,0.086695,0.114566,0.177473,0.938829,0,0.0
1900-01-01 15:35:08.330,21.92257,-0.033617,22.489722,-1.376134,0.086521,0.114765,0.177408,0.599363,0,0.0
1900-01-01 15:35:09.330,21.91942,-0.024035,22.486571,-1.365372,0.085807,0.114603,0.17841,0.825674,0,0.0
1900-01-01 15:35:10.330,21.928214,-0.01406,22.483552,-1.370491,0.087214,0.116839,0.179797,0.839818,0,0.0
1900-01-01 15:35:11.330,21.918238,-0.005791,22.492479,-1.371278,0.086117,0.114823,0.178933,0.806814,0,0.0
1900-01-01 15:35:12.330,21.925589,-0.011435,22.48959,-1.371934,0.086784,0.116236,0.179622,0.688944,0,0.0
1900-01-01 15:35:13.330,21.919026,-0.021804,22.489722,-1.377184,0.08618,0.114944,0.178492,1.033125,0,0.0
1900-01-01 15:35:14.330,21.921257,-0.023641,22.49261,-1.375609,0.086878,0.116188,0.179466,0.882251,0,0.0
1900-01-01 15:35:15.330,21.927558,-0.019966,22.496023,-1.373509,0.087188,0.11528,0.178658,0.806814,0,0.0
1900-01-01 15:35:16.330,21.926114,-0.006709,22.497467,-1.37994,0.087892,0.116493,0.179871,0.693659,0,0.0
1900-01-01 15:35:17.330,21.925064,-0.018522,22.496811,-1.368916,0.088238,0.115569,0.179071,0.552215,0,0.0
1900-01-01 15:35:18.330,21.917582,-0.020491,22.493923,-1.373247,0.087881,0.116141,0.179586,0.6748,0,0.0
1900-01-01 15:35:19.330,21.917713,-0.021016,22.503768,-1.380072,0.088285,0.115679,0.178401,1.150995,0,0.0
1900-01-01 15:35:20.330,21.92257,-0.014978,22.501668,-1.378497,0.087556,0.114897,0.178208,0.915255,0,0.0
1900-01-01 15:35:21.330,21.920863,-0.011172,22.501274,-1.369572,0.087235,0.114918,0.177693,0.811529,0,0.0
1900-01-01 15:35:22.330,21.919945,-0.011041,22.50298,-1.374428,0.08754,0.114702,0.177711,0.679515,0,0.0
1900-01-01 15:35:23.330,21.91535,-0.014847,22.504424,-1.366684,0.087493,0.115228,0.178695,1.084988,0,0.0
1900-01-01 15:35:24.330,21.916007,-0.012747,22.500617,-1.376659,0.088154,0.116047,0.179439,0.773811,0,0.0
1900-01-01 15:35:25.330,21.913644,-0.02666,22.510332,-1.385978,0.088159,0.11549,0.178593,0.745522,0,0.0
1900-01-01 15:35:26.330,21.911413,-0.016029,22.509019,-1.379153,0.087671,0.115264,0.178336,0.967118,0,0.0
1900-01-01 15:35:27.330,21.910888,-0.021672,22.509807,-1.383353,0.08786,0.11538,0.178943,0.787955,0,0.0
1900-01-01 15:35:28.330,21.911938,-0.014716,22.51217,-1.383747,0.088233,0.11591,0.179301,0.552215,0,0.0
1900-01-01 15:35:29.330,21.913907,-0.014978,22.510069,-1.368653,0.088044,0.11632,0.179972,0.736092,0,0.0
1900-01-01 15:35:30.330,21.897761,-0.012353,22.504556,-1.380728,0.086978,0.114807,0.178299,1.009551,0,0.0
1900-01-01 15:35:31.330,21.9059,-0.013928,22.515583,-1.383484,0.08848,0.117086,0.181056,0.858677,0,0.0
1900-01-01 15:35:32.330,21.902093,-0.016291,22.509281,-1.375215,0.087939,0.115784,0.178979,1.132136,0,0.0
1900-01-01 15:35:33.330,21.905506,-0.013141,22.510988,-1.37784,0.087367,0.115327,0.179126,0.660655,0,0.0
1900-01-01 15:35:34.330,21.904587,-0.009597,22.50915,-1.383615,0.087865,0.115721,0.179044,1.018981,0,0.0
1900-01-01 15:35:35.330,21.894349,-0.01091,22.508494,-1.370359,0.08755,0.115931,0.179384,0.712518,0,0.0
1900-01-01 15:35:36.330,21.893167,-0.019441,22.50915,-1.38204,0.08817,0.115957,0.180109,0.773811,0,0.0
1900-01-01 15:35:37.330,21.895005,-0.015372,22.509675,-1.381253,0.087629,0.114834,0.178042,0.948259,0,0.0
1900-01-01 15:35:38.330,21.893167,0.00051,22.50915,-1.37784,0.087991,0.116083,0.180146,1.103847,0,0.0
1900-01-01 15:35:39.330,21.884635,-0.013272,22.505212,-1.381909,0.087088,0.115443,0.178878,0.872822,0,0.0
1900-01-01 15:35:40.330,21.884767,-0.00776,22.504556,-1.386897,0.08733,0.115411,0.178823,0.754952,0,0.0
1900-01-01 15:35:41.330,21.882404,-0.014453,22.502193,-1.388865,0.087193,0.115275,0.178621,0.580504,0,0.0
1900-01-01 15:35:42.330,21.886473,-0.014585,22.501668,-1.394509,0.087015,0.115401,0.179475,0.882251,0,0.0
1900-01-01 15:35:43.330,21.879779,-0.016029,22.500617,-1.381778,0.087823,0.116341,0.179577,0.816244,0,0.0
1900-01-01 15:35:44.330,21.878991,-0.01196,22.496679,-1.388209,0.087461,0.115716,0.179549,1.316014,0,0.0
1900-01-01 15:35:45.330,21.880172,-0.017604,22.49983,-1.378103,0.087619,0.115711,0.179834,0.835103,0,0.0
1900-01-01 15:35:46.330,21.874791,-0.003428,22.49878,-1.37784,0.087472,0.114807,0.178097,0.750237,0,0.0
1900-01-01 15:35:47.330,21.875184,-0.004347,22.496679,-1.380728,0.087241,0.115023,0.178704,0.589933,0,0.0
1900-01-01 15:35:48.330,21.875709,-0.014453,22.494841,-1.377709,0.087482,0.115343,0.179034,0.825674,0,0.0
1900-01-01 15:35:49.330,21.870065,-0.004084,22.496023,-1.377053,0.087624,0.116608,0.180605,0.599363,0,0.0
1900-01-01 15:35:50.330,21.865996,-0.007234,22.492479,-1.375609,0.087766,0.115763,0.179181,0.736092,0,0.0
1900-01-01 15:35:51.330,21.862715,-0.024166,22.497861,-1.381253,0.087157,0.114639,0.178254,0.886966,0,0.0
1900-01-01 15:35:52.330,21.863765,-0.016816,22.489853,-1.370228,0.087346,0.11475,0.178952,0.721948,0,0.0
1900-01-01 15:35:53.330,21.86429,-0.010647,22.498648,-1.384665,0.087991,0.115873,0.17943,0.721948,0,0.0
1900-01-01 15:35:54.330,21.865734,-0.013272,22.497467,-1.377315,0.088506,0.116803,0.180008,0.764381,0,0.0
1900-01-01 15:35:55.330,21.862977,-0.010122,22.491428,-1.390834,0.087456,0.115616,0.179613,0.858677,0,0.0
1900-01-01 15:35:56.330,21.857989,-0.003428,22.483683,-1.373509,0.087125,0.115028,0.178511,0.985977,0,0.0
1900-01-01 15:35:57.330,21.861402,-0.003559,22.483552,-1.388209,0.08712,0.115233,0.178621,0.472063,0,0.0
1900-01-01 15:35:58.330,21.856677,-0.012222,22.478038,-1.371672,0.088732,0.115606,0.179788,0.830388,0,0.0
1900-01-01 15:35:59.330,21.853658,-0.010647,22.478695,-1.376265,0.088501,0.114813,0.178033,0.646511,0,0.0
1900-01-01 15:36:00.330,21.849851,-0.01406,22.47515,-1.388734,0.088915,0.115369,0.177886,0.764381,0,0.0
1900-01-01 15:36:01.330,21.851426,-0.007891,22.472262,-1.382565,0.088432,0.115774,0.178428,0.886966,0,0.0
1900-01-01 15:36:02.330,21.843813,-0.003166,22.470687,-1.38834,0.088632,0.115637,0.179393,0.806814,0,0.0
1900-01-01 15:36:03.330,21.843944,-0.009991,22.467143,-1.375084,0.088805,0.116141,0.179972,0.915255,0,0.0
1900-01-01 15:36:04.330,21.847751,0.003397,22.469637,-1.374428,0.088674,0.117165,0.180541,1.061414,0,0.0
1900-01-01 15:36:05.330,21.849457,-0.003559,22.469506,-1.374559,0.088065,0.115123,0.178492,1.066129,0,0.0
1900-01-01 15:36:06.330,21.840138,-0.011303,22.458216,-1.384272,0.088291,0.116267,0.179926,0.717233,0,0.0
1900-01-01 15:36:07.330,21.83935,-0.01301,22.455591,-1.376003,0.088301,0.115763,0.179301,1.033125,0,0.0
1900-01-01 15:36:08.330,21.842763,-0.026266,22.461367,-1.38729,0.089388,0.116141,0.180863,1.150995,0,0.0
1900-01-01 15:36:09.330,21.839613,0.001035,22.461104,-1.385059,0.08891,0.115154,0.179117,0.872822,0,0.0
1900-01-01 15:36:10.330,21.844863,-0.011697,22.45966,-1.386765,0.087991,0.114939,0.179714,0.79267,0,0.0
1900-01-01 15:36:11.330,21.840269,-0.010253,22.453622,-1.376528,0.089246,0.115222,0.178483,0.835103,0,0.0
1900-01-01 15:36:12.330,21.839481,-0.016422,22.459266,-1.38519,0.08922,0.114723,0.17829,0.806814,0,0.0
1900-01-01 15:36:13.330,21.847357,-0.01511,22.460185,-1.386503,0.088984,0.11528,0.179264,0.740807,0,0.0
1900-01-01 15:36:14.330,21.8383,-0.004609,22.45349,-1.372065,0.088443,0.11445,0.177923,0.561644,0,0.0
1900-01-01 15:36:15.330,21.837119,-0.012747,22.45966,-1.404222,0.088438,0.11455,0.178492,0.599363,0,0.0
1900-01-01 15:36:16.330,21.836987,-0.007103,22.457822,-1.396609,0.089498,0.115165,0.17909,0.849248,0,0.0
1900-01-01 15:36:17.330,21.837775,-0.004084,22.455591,-1.377447,0.088942,0.115385,0.178667,0.896396,0,0.0
1900-01-01 15:36:18.330,21.838562,-0.016685,22.456641,-1.386765,0.088747,0.11559,0.179595,0.882251,0,0.0
1900-01-01 15:36:19.330,21.842369,0.010747,22.45756,-1.396478,0.088847,0.114718,0.17863,0.778526,0,0.0
1900-01-01 15:36:20.330,21.833837,0.004316,22.465567,-1.388078,0.08932,0.115616,0.179724,1.066129,0,0.0
1900-01-01 15:36:21.330,21.841188,-0.012485,22.463467,-1.385715,0.089162,0.115632,0.179319,1.075559,0,0.0
1900-01-01 15:36:22.330,21.841975,-0.008416,22.461892,-1.389259,0.089209,0.115117,0.179742,0.585218,0,0.0
1900-01-01 15:36:23.330,21.832393,-0.005791,22.468587,-1.398972,0.089199,0.115075,0.178768,0.957688,0,0.0
1900-01-01 15:36:24.330,21.844994,0.002741,22.466224,-1.377053,0.088695,0.115564,0.180854,0.797385,0,0.0
1900-01-01 15:36:25.330,21.848407,-0.01616,22.471869,-1.385978,0.08785,0.113946,0.178116,0.943544,0,0.0
1900-01-01 15:36:26.330,21.844207,0.007203,22.463992,-1.378234,0.088632,0.114645,0.179659,0.830388,0,0.0
1900-01-01 15:36:27.330,21.843419,-0.003297,22.471606,-1.383615,0.089388,0.116178,0.180504,1.056699,0,0.0
1900-01-01 15:36:28.330,21.847751,0.005497,22.469768,-1.378234,0.088406,0.114629,0.179935,0.684229,0,0.0
1900-01-01 15:36:29.330,21.842632,-0.001459,22.472919,-1.376134,0.089026,0.115228,0.179834,0.736092,0,0.0
1900-01-01 15:36:30.330,21.844075,0.007072,22.473313,-1.381909,0.088978,0.115028,0.179384,0.736092,0,0.0
1900-01-01 15:36:31.330,21.841844,-0.001197,22.476069,-1.387815,0.088558,0.114519,0.178685,0.858677,0,0.0
1900-01-01 15:36:32.330,21.851557,-0.015897,22.475676,-1.38729,0.088957,0.115863,0.180183,0.721948,0,0.0
1900-01-01 15:36:33.330,21.849588,-0.016816,22.484996,-1.373115,0.089876,0.116829,0.181469,0.604078,0,0.0
1900-01-01 15:36:34.330,21.844469,0.00471,22.479351,-1.386765,0.089314,0.115674,0.179889,1.02841,0,0.0
1900-01-01 15:36:35.330,21.841975,-0.010385,22.480008,-1.388997,0.088648,0.114393,0.177601,0.91054,0,0.0
1900-01-01 15:36:36.330,21.845257,0.00471,22.483158,-1.388865,0.089776,0.115732,0.180119,0.693659,0,0.0
1900-01-01 15:36:37.330,21.846044,-0.019966,22.480795,-1.374822,0.089146,0.115075,0.179301,1.051984,0,0.0
1900-01-01 15:36:38.330,21.843025,-0.003297,22.486046,-1.394247,0.089047,0.115968,0.18033,0.830388,0,0.0
1900-01-01 15:36:39.330,21.834362,0.01521,22.481714,-1.383484,0.088669,0.115684,0.179751,0.91054,0,0.0
1900-01-01 15:36:40.330,21.840663,0.011141,22.484077,-1.365109,0.088632,0.115931,0.180082,0.740807,0,0.0
1900-01-01 15:36:41.330,21.84972,0.000772,22.48644,-1.386503,0.088653,0.115648,0.180716,0.787955,0,0.0
1900-01-01 15:36:42.330,21.840663,-0.002247,22.482633,-1.385715,0.088915,0.115595,0.179577,1.070844,0,0.0
1900-01-01 15:36:43.330,21.836462,0.009829,22.48132,-1.393197,0.087829,0.114487,0.179062,0.575789,0,0.0
1900-01-01 15:36:44.330,21.843944,0.014685,22.480401,-1.385584,0.088658,0.115522,0.179678,0.985977,0,0.0
1900-01-01 15:36:45.330,21.839481,0.01311,22.481583,-1.383747,0.088758,0.115989,0.18022,0.816244,0,0.0
1900-01-01 15:36:46.330,21.83725,0.007597,22.481714,-1.394247,0.088847,0.115831,0.180128,0.863392,0,0.0
1900-01-01 15:36:47.330,21.830949,0.010222,22.479614,-1.380334,0.088595,0.115994,0.180403,0.849248,0,0.0
1900-01-01 15:36:48.330,21.833706,0.003397,22.475413,-1.394115,0.089057,0.115527,0.180137,1.132136,0,0.0
1900-01-01 15:36:49.330,21.827011,-0.006184,22.470687,-1.384403,0.088574,0.115018,0.178676,0.91997,0,0.0
1900-01-01 15:36:50.330,21.831081,0.015998,22.476594,-1.390309,0.088574,0.115102,0.179365,1.004836,0,0.0
1900-01-01 15:36:51.330,21.83725,-0.005134,22.473838,-1.374953,0.089535,0.115627,0.180238,0.934114,0,0.0
1900-01-01 15:36:52.330,21.826355,0.012454,22.471081,-1.38414,0.088732,0.115564,0.179742,0.938829,0,0.0
1900-01-01 15:36:53.330,21.826224,0.004447,22.469506,-1.388734,0.08985,0.116472,0.180477,0.868107,0,0.0
1900-01-01 15:36:54.330,21.815067,0.007991,22.463205,-1.390178,0.089251,0.116787,0.180762,0.769096,0,0.0
1900-01-01 15:36:55.330,21.82163,0.000116,22.463336,-1.39569,0.08923,0.115217,0.179374,1.113277,0,0.0
1900-01-01 15:36:56.330,21.817692,0.01731,22.462286,-1.388997,0.088096,0.114886,0.179466,0.736092,0,0.0
1900-01-01 15:36:57.330,21.819005,0.00156,22.461892,-1.391753,0.088978,0.115432,0.179227,0.778526,0,0.0
1900-01-01 15:36:58.330,21.812704,0.00891,22.460973,-1.384009,0.088842,0.115805,0.180174,0.995407,0,0.0
1900-01-01 15:36:59.330,21.814673,0.001428,22.462417,-1.397397,0.088763,0.114823,0.179668,0.651226,0,0.0
1900-01-01 15:37:00.330,21.814804,0.003266,22.458216,-1.390965,0.089068,0.116005,0.179898,0.721948,0,0.0
1900-01-01 15:37:01.330,21.819923,0.008385,22.460054,-1.397397,0.089262,0.114697,0.179338,0.943544,0,0.0
1900-01-01 15:37:02.330,21.817692,0.003397,22.462942,-1.386765,0.088495,0.114492,0.178492,1.009551,0,0.0
1900-01-01 15:37:03.330,21.816773,0.014685,22.457166,-1.393984,0.088805,0.114477,0.179191,0.712518,0,0.0
1900-01-01 15:37:04.330,21.813492,0.004185,22.452834,-1.374953,0.09006,0.116309,0.180376,0.655941,0,0.0
1900-01-01 15:37:05.330,21.813492,-0.008547,22.452309,-1.387159,0.089477,0.115485,0.180036,0.830388,0,0.0
1900-01-01 15:37:06.330,21.807585,0.013241,22.44417,-1.38624,0.088868,0.11517,0.179402,1.169855,0,0.0
1900-01-01 15:37:07.330,21.804566,0.011535,22.444826,-1.380859,0.088574,0.114256,0.178456,0.990692,0,0.0
1900-01-01 15:37:08.330,21.804697,0.003266,22.444301,-1.393197,0.0887,0.114881,0.179916,0.736092,0,0.0
1900-01-01 15:37:09.330,21.806141,-1.6e-05,22.44732,-1.389259,0.089246,0.115312,0.180036,0.934114,0,0.0
1900-01-01 15:37:10.330,21.806928,-0.004347,22.443514,-1.399759,0.088984,0.114513,0.179659,1.146281,0,0.0
1900-01-01 15:37:11.330,21.799447,0.015735,22.436819,-1.388734,0.089661,0.116157,0.180725,0.811529,0,0.0
1900-01-01 15:37:12.330,21.804172,-0.006316,22.435243,-1.393065,0.090065,0.115648,0.180881,0.79267,0,0.0
1900-01-01 15:37:13.330,21.805353,-0.005397,22.437869,-1.403172,0.087755,0.114324,0.179668,0.901111,0,0.0
1900-01-01 15:37:14.330,21.795903,0.006022,22.432487,-1.387028,0.089624,0.116036,0.179806,0.736092,0,0.0
1900-01-01 15:37:15.330,21.795509,0.005891,22.429073,-1.382434,0.089052,0.115737,0.180495,1.023696,0,0.0
1900-01-01 15:37:16.330,21.800365,0.005497,22.428023,-1.394378,0.089414,0.115868,0.180743,0.759666,0,0.0
1900-01-01 15:37:17.330,21.791571,0.031617,22.423691,-1.382434,0.089293,0.116036,0.181001,1.004836,0,0.0
1900-01-01 15:37:18.330,21.798922,0.004053,22.420541,-1.391753,0.088569,0.114807,0.179788,0.787955,0,0.0
1900-01-01 15:37:19.330,21.797478,0.007466,22.424479,-1.386503,0.088291,0.114314,0.179108,0.750237,0,0.0
1900-01-01 15:37:20.330,21.795509,0.016129,22.42146,-1.390703,0.088737,0.114477,0.179512,0.622937,0,0.0
1900-01-01 15:37:21.330,21.795115,0.014029,22.41844,-1.384665,0.088931,0.11475,0.18021,1.117992,0,0.0
1900-01-01 15:37:22.330,21.800759,0.00261,22.420541,-1.392803,0.089288,0.115396,0.179926,0.948259,0,0.0
1900-01-01 15:37:23.330,21.796165,0.016916,22.41739,-1.373247,0.088474,0.114466,0.179136,0.688944,0,0.0
1900-01-01 15:37:24.330,21.796296,0.017179,22.417521,-1.390834,0.089572,0.116183,0.179843,1.051984,0,0.0
1900-01-01 15:37:25.330,21.795903,0.006678,22.41844,-1.380072,0.088669,0.113542,0.178208,1.084988,0,0.0
1900-01-01 15:37:26.330,21.800103,0.011535,22.419753,-1.37574,0.089083,0.115249,0.17954,0.981262,0,0.0
1900-01-01 15:37:27.330,21.799184,0.003003,22.413452,-1.37364,0.088837,0.114792,0.179678,0.952974,0,0.0
1900-01-01 15:37:28.330,21.800103,0.006678,22.413583,-1.383615,0.088957,0.11518,0.180018,0.655941,0,0.0
1900-01-01 15:37:29.330,21.804041,0.005891,22.41529,-1.39779,0.088852,0.114687,0.179034,0.896396,0,0.0
1900-01-01 15:37:30.330,21.796165,0.024792,22.412008,-1.386503,0.088537,0.114886,0.179328,0.811529,0,0.0
1900-01-01 15:37:31.330,21.796559,0.006547,22.412139,-1.381253,0.0886,0.114225,0.179191,0.8021,0,0.0
1900-01-01 15:37:32.330,21.794984,0.012847,22.410301,-1.371016,0.088396,0.113731,0.178042,1.103847,0,0.0
1900-01-01 15:37:33.330,21.800234,0.001166,22.411745,-1.378759,0.088007,0.113647,0.178676,0.750237,0,0.0
1900-01-01 15:37:34.330,21.797084,0.005366,22.41424,-1.383747,0.089246,0.113836,0.178171,1.04727,0,0.0
1900-01-01 15:37:35.330,21.793409,0.017048,22.408464,-1.380597,0.088632,0.114645,0.1792,1.113277,0,0.0
1900-01-01 15:37:36.330,21.799053,0.006153,22.410695,-1.378234,0.088553,0.114372,0.178695,0.877537,0,0.0
1900-01-01 15:37:37.330,21.800234,0.008647,22.412139,-1.381253,0.089813,0.114802,0.179485,1.042555,0,0.0
1900-01-01 15:37:38.330,21.794065,0.017441,22.403475,-1.365241,0.089015,0.114435,0.17954,0.915255,0,0.0
1900-01-01 15:37:39.330,21.793802,0.025185,22.410301,-1.369572,0.088721,0.113647,0.178869,0.905825,0,0.0
1900-01-01 15:37:40.330,21.795903,0.012847,22.410695,-1.377709,0.089246,0.114671,0.179815,0.712518,0,0.0
1900-01-01 15:37:41.330,21.799578,0.009041,22.405444,-1.370097,0.089656,0.114435,0.180321,0.962403,0,0.0
1900-01-01 15:37:42.330,21.786583,0.010747,22.403081,-1.367734,0.08923,0.11518,0.180651,0.901111,0,0.0
1900-01-01 15:37:43.330,21.797346,0.008779,22.408726,-1.366422,0.089524,0.115238,0.180073,0.6748,0,0.0
1900-01-01 15:37:44.330,21.789602,0.009697,22.404525,-1.364191,0.090013,0.11539,0.17976,0.655941,0,0.0
1900-01-01 15:37:45.330,21.794196,0.015604,22.404394,-1.362484,0.088411,0.113579,0.179209,1.03784,0,0.0
1900-01-01 15:37:46.330,21.79354,0.010616,22.40702,-1.361041,0.08902,0.114949,0.179632,0.820959,0,0.0
1900-01-01 15:37:47.330,21.794459,0.009304,22.410564,-1.366684,0.08912,0.113658,0.179062,0.589933,0,0.0
1900-01-01 15:37:48.330,21.793671,0.018623,22.405576,-1.350278,0.090312,0.115065,0.179338,0.882251,0,0.0
1900-01-01 15:37:49.330,21.786977,0.005628,22.411089,-1.364191,0.089335,0.114114,0.179724,1.014266,0,0.0
1900-01-01 15:37:50.330,21.787371,0.012454,22.412533,-1.365634,0.08985,0.114461,0.180192,1.136851,0,0.0
1900-01-01 15:37:51.330,21.791702,0.00681,22.41424,-1.356578,0.088963,0.113432,0.17841,0.472063,0,0.0
1900-01-01 15:37:52.330,21.786583,0.018491,22.415552,-1.358941,0.089283,0.113673,0.17875,0.849248,0,0.0
1900-01-01 15:37:53.330,21.791308,0.010091,22.420016,-1.368784,0.089005,0.113043,0.178502,0.957688,0,0.0
1900-01-01 15:37:54.330,21.792884,0.010485,22.414108,-1.355397,0.088453,0.113085,0.178364,0.934114,0,0.0
1900-01-01 15:37:55.330,21.784614,0.022298,22.425135,-1.350409,0.088805,0.113395,0.178079,1.17457,0,0.0
1900-01-01 15:37:56.330,21.787239,0.014029,22.425529,-1.354872,0.089818,0.114172,0.179448,0.858677,0,0.0
1900-01-01 15:37:57.330,21.788289,0.022954,22.430124,-1.351591,0.08912,0.113374,0.178823,0.500352,0,0.0
1900-01-01 15:37:58.330,21.785533,0.022298,22.431436,-1.351066,0.089104,0.113521,0.179136,0.839818,0,0.0
1900-01-01 15:37:59.330,21.793015,0.012585,22.437475,-1.355659,0.089734,0.113915,0.179439,1.033125,0,0.0
1900-01-01 15:38:00.330,21.785927,0.01521,22.435112,-1.351459,0.091163,0.115096,0.180275,0.976548,0,0.0
