Time,TS outlet pressure (Mean),Pump outlet pressure (Mean),Differential pressure (Mean),Flow rate (Mean),Differential pressure (Std Dev),Pressure before pump (Std Dev),Pressure after pump (Std Dev),Plug,Plug_future,LogId
1900-01-01 09:24:54.672,0.000466,0.001626,-0.00047,1.132212,0.014425,0.006918,0.004982,0,0.0,13
1900-01-01 09:24:55.176,-0.000332,0.001727,-0.000135,0.870128,0.013526,0.006416,0.004904,0,0.0,13
1900-01-01 09:24:55.677,-1.9e-05,0.001423,-0.000757,0.906258,0.013855,0.007049,0.00511,0,0.0,13
1900-01-01 09:24:56.176,0.000157,0.0015,-0.000507,1.349471,0.013506,0.007027,0.005022,0,0.0,13
1900-01-01 09:24:56.672,-0.000646,0.001669,-0.000452,0.913582,0.013657,0.00634,0.005084,0,0.0,13
1900-01-01 09:24:57.176,0.000605,0.001779,-0.000773,1.440769,0.014108,0.00731,0.00486,0,0.0,13
1900-01-01 09:24:57.672,-1.1e-05,0.001753,-0.000841,1.151224,0.013504,0.006581,0.004837,0,0.0,13
1900-01-01 09:24:58.176,-0.00052,0.001539,-0.000791,0.804644,0.013264,0.00662,0.005041,0,0.0,13
1900-01-01 09:24:58.672,0.000497,0.001467,-0.000711,1.493427,0.013323,0.006626,0.005042,0,0.0,13
1900-01-01 09:24:59.176,-0.000478,0.001466,-9.8e-05,0.729806,0.013785,0.007097,0.005171,0,0.0,13
1900-01-01 09:24:59.675,0.000209,0.001331,-0.000341,0.914839,0.01333,0.007559,0.005326,0,0.0,13
1900-01-01 09:25:00.173,0.000583,0.001117,-0.000224,1.473004,0.013787,0.00739,0.00524,0,0.0,13
1900-01-01 09:25:00.672,-0.001001,0.001595,-0.000433,0.508553,0.013789,0.00674,0.005049,0,0.0,13
1900-01-01 09:25:01.176,0.000553,0.00132,-0.0007,1.646574,0.013615,0.007336,0.005162,0,0.0,13
1900-01-01 09:25:01.672,-0.000318,0.001256,-0.000822,1.103695,0.014107,0.00726,0.005148,0,0.0,13
1900-01-01 09:25:02.176,-0.00052,0.001466,-0.000809,0.832708,0.013254,0.007402,0.005171,0,0.0,13
1900-01-01 09:25:02.672,0.000561,0.001637,-0.000137,1.53145,0.013436,0.007396,0.005019,0,0.0,13
1900-01-01 09:25:03.171,-0.001264,0.001468,-0.000967,0.347928,0.013503,0.00668,0.005129,0,0.0,13
1900-01-01 09:25:03.675,0.000188,0.001747,-0.000609,1.160126,0.014145,0.007144,0.004887,0,0.0,13
1900-01-01 09:25:04.171,-0.000392,0.00133,-0.000118,1.24628,0.013941,0.007578,0.005158,0,0.0,13
1900-01-01 09:25:04.675,-0.000916,0.001352,-0.000226,0.683032,0.01354,0.007087,0.005147,0,0.0,13
1900-01-01 09:25:05.171,0.00109,0.001224,-4.4e-05,1.731069,0.01352,0.007151,0.005288,0,0.0,13
1900-01-01 09:25:05.675,-0.000603,0.001299,-0.000682,0.486582,0.014203,0.006588,0.005171,0,0.0,13
1900-01-01 09:25:06.176,0.000369,0.001235,-0.000775,1.103885,0.013648,0.00747,0.005156,0,0.0,13
1900-01-01 09:25:06.672,1e-05,0.001235,-0.000711,0.999133,0.013374,0.00692,0.005156,0,0.0,13
1900-01-01 09:25:07.171,-0.000969,0.001479,-0.000599,0.470759,0.013857,0.006805,0.005122,0,0.0,13
1900-01-01 09:25:07.675,0.00048,0.001633,-0.000718,1.5998,0.014042,0.00696,0.004977,0,0.0,13
1900-01-01 09:25:08.176,-0.00091,0.001392,-0.0005,0.81215,0.013086,0.006691,0.005084,0,0.0,13
1900-01-01 09:25:08.672,0.000127,0.00152,-0.000433,1.103695,0.013912,0.006899,0.005141,0,0.0,13
1900-01-01 09:25:09.176,7.4e-05,0.001549,-0.000372,1.431414,0.013528,0.006726,0.004991,0,0.0,13
1900-01-01 09:25:09.672,-0.000963,0.001827,-0.00047,0.685446,0.013698,0.006692,0.004864,0,0.0,13
1900-01-01 09:25:10.171,0.000304,0.001331,-0.000212,1.415611,0.013282,0.006715,0.005114,0,0.0,13
1900-01-01 09:25:10.675,-0.000843,0.001341,-0.000481,0.626903,0.014015,0.006578,0.005152,0,0.0,13
1900-01-01 09:25:11.171,5.3e-05,0.00169,-0.000433,1.160729,0.013764,0.006969,0.004979,0,0.0,13
1900-01-01 09:25:11.675,-2e-05,0.001435,-0.000536,1.365931,0.013796,0.006753,0.005104,0,0.0,13
1900-01-01 09:25:12.171,-0.000646,0.001743,-0.000655,0.732974,0.013455,0.006513,0.004937,0,0.0,13
1900-01-01 09:25:12.675,0.000543,0.001497,-0.000481,1.365931,0.013227,0.006808,0.005153,0,0.0,13
1900-01-01 09:25:13.171,-0.000614,0.001499,-0.000563,0.923088,0.013753,0.006437,0.005154,0,0.0,13
1900-01-01 09:25:13.675,0.000282,0.001643,-0.000664,1.337867,0.01426,0.006952,0.004969,0,0.0,13
1900-01-01 09:25:14.171,0.000169,0.001626,-0.000489,0.942099,0.013838,0.006913,0.005027,0,0.0,13
1900-01-01 09:25:14.675,-0.00027,0.001518,-0.000499,0.626903,0.013765,0.006623,0.005054,0,0.0,13
1900-01-01 09:25:15.171,0.000741,0.001594,-0.000322,1.588484,0.013614,0.006607,0.005005,0,0.0,13
1900-01-01 09:25:15.675,-0.000749,0.001643,-0.000372,0.683032,0.01392,0.006079,0.004925,0,0.0,13
1900-01-01 09:25:16.171,0.000476,0.001753,-0.000285,1.379359,0.013927,0.00659,0.004973,0,0.0,13
1900-01-01 09:25:16.670,6.2e-05,0.001679,-0.000267,0.962082,0.013513,0.006994,0.004943,0,0.0,13
1900-01-01 09:25:17.174,-0.000155,0.001539,-0.000372,0.804644,0.013227,0.007807,0.005085,0,0.0,13
1900-01-01 09:25:17.670,0.000455,0.001542,-0.0006,1.322326,0.012756,0.007107,0.00504,0,0.0,13
1900-01-01 09:25:18.174,-0.000801,0.001633,-0.000718,0.645613,0.013506,0.007399,0.004977,0,0.0,13
1900-01-01 09:25:18.670,0.000254,0.001658,-7e-06,1.179741,0.013482,0.006808,0.004959,0,0.0,13
1900-01-01 09:25:19.174,-0.000207,0.001497,-0.000244,1.057223,0.013827,0.007012,0.005067,0,0.0,13
1900-01-01 09:25:19.675,-0.00069,0.001706,0.000197,0.746275,0.013456,0.006693,0.004965,0,0.0,13
1900-01-01 09:25:20.171,0.000593,0.001499,-0.000266,1.502933,0.013334,0.006964,0.005154,0,0.0,13
1900-01-01 09:25:20.675,-0.000885,0.001633,-0.000973,0.608194,0.013605,0.006228,0.00515,0,0.0,13
1900-01-01 09:25:21.171,0.000572,0.001594,-0.000415,1.284303,0.013673,0.007427,0.005049,0,0.0,13
1900-01-01 09:25:21.670,-0.000159,0.001479,-0.000322,0.905391,0.013439,0.006499,0.005079,0,0.0,13
1900-01-01 09:25:22.174,-0.000645,0.001591,-0.000427,0.870128,0.013701,0.006316,0.004962,0,0.0,13
1900-01-01 09:25:22.675,0.000379,0.001224,-0.000537,1.367387,0.01387,0.007501,0.005245,0,0.0,13
1900-01-01 09:25:23.171,-0.000159,0.001542,-0.000655,0.913582,0.013147,0.007404,0.005128,0,0.0,13
1900-01-01 09:25:23.670,0.000157,0.001321,-0.00058,1.141604,0.013368,0.007305,0.005119,0,0.0,13
1900-01-01 09:25:24.174,0.000105,0.001685,-0.000408,1.244319,0.013758,0.007737,0.004937,0,0.0,13
1900-01-01 09:25:24.670,-0.000371,0.001499,0.000104,0.732974,0.013314,0.007501,0.005067,0,0.0,13
1900-01-01 09:25:25.174,0.000584,0.001404,-0.000718,1.506253,0.014185,0.007309,0.005163,0,0.0,13
1900-01-01 09:25:25.670,-0.000783,0.001309,-0.000692,0.552367,0.013435,0.006356,0.005125,0,0.0,13
1900-01-01 09:25:26.174,0.000272,0.001633,-0.000208,1.450124,0.013695,0.006594,0.005021,0,0.0,13
1900-01-01 09:25:26.670,-0.000413,0.001764,-0.000544,0.951605,0.014008,0.00669,0.004919,0,0.0,13
1900-01-01 09:25:27.174,-0.000541,0.001477,0.000139,0.823354,0.012856,0.006735,0.00508,0,0.0,13
1900-01-01 09:25:27.673,0.000862,0.001679,-0.000194,1.642375,0.013642,0.007296,0.004898,0,0.0,13
1900-01-01 09:25:28.169,-0.001069,0.001552,-0.000563,0.656929,0.013852,0.007318,0.004989,0,0.0,13
1900-01-01 09:25:28.673,0.000324,0.001685,-9.8e-05,1.337867,0.01344,0.00771,0.004937,0,0.0,13
1900-01-01 09:25:29.169,-0.000318,0.001499,-0.000396,1.141718,0.013682,0.007199,0.005154,0,0.0,13
1900-01-01 09:25:29.673,-0.000364,0.001466,-0.000335,0.97303,0.013544,0.006794,0.005043,0,0.0,13
1900-01-01 09:25:30.174,0.000432,0.001486,0.000123,1.565014,0.013929,0.007056,0.005118,0,0.0,13
1900-01-01 09:25:30.670,-0.000752,0.001647,-0.000415,0.599895,0.013472,0.006209,0.004922,0,0.0,13
1900-01-01 09:25:31.169,0.000357,0.001384,-0.000507,1.132155,0.013304,0.007265,0.005088,0,0.0,13
1900-01-01 09:25:31.673,0.000126,0.001247,-0.000809,1.197545,0.013945,0.007307,0.005194,0,0.0,13
1900-01-01 09:25:32.169,-0.000466,0.001415,-0.000211,0.656929,0.013202,0.007043,0.005159,0,0.0,13
1900-01-01 09:25:32.673,0.00073,0.001466,-0.00019,1.646574,0.013604,0.006976,0.005086,0,0.0,13
1900-01-01 09:25:33.174,-0.000837,0.001476,0.000105,0.529827,0.01348,0.006391,0.005081,0,0.0,13
1900-01-01 09:25:33.670,0.000857,0.001266,0.000271,1.293809,0.013614,0.007245,0.005187,0,0.0,13
1900-01-01 09:25:34.169,0.000294,0.001047,0.000488,1.330574,0.012976,0.007342,0.005216,0,0.0,13
1900-01-01 09:25:34.673,-0.000416,0.001456,-4.4e-05,0.617549,0.013901,0.00726,0.005092,0,0.0,13
1900-01-01 09:25:35.169,0.001048,0.001467,0.000197,1.636012,0.013187,0.006742,0.00513,0,0.0,13
1900-01-01 09:25:35.673,-0.000541,0.001424,-0.000226,0.664322,0.013391,0.006637,0.005152,0,0.0,13
1900-01-01 09:25:36.174,9.6e-05,0.001287,0.000178,1.066242,0.014184,0.007516,0.00522,0,0.0,13
1900-01-01 09:25:36.673,0.000178,0.001216,-0.000138,1.22664,0.013513,0.007189,0.005164,0,0.0,13
1900-01-01 09:25:37.169,-0.000519,0.001605,0.000178,0.647424,0.013739,0.007257,0.005042,0,0.0,13
1900-01-01 09:25:37.673,0.00073,0.001424,-0.000244,1.365931,0.013582,0.006687,0.00511,0,0.0,13
1900-01-01 09:25:38.169,-0.00054,0.001425,-0.000359,0.847042,0.013945,0.006992,0.005066,0,0.0,13
1900-01-01 09:25:38.673,0.001939,0.001206,-0.000627,1.150771,0.013993,0.007504,0.00521,0,0.0,13
1900-01-01 09:25:39.174,0.006038,0.001224,-0.000225,1.367387,0.013908,0.008623,0.005203,0,0.0,13
1900-01-01 09:25:39.670,0.010014,0.001393,3e-05,0.675941,0.013444,0.007186,0.005083,0,0.0,13
1900-01-01 09:25:40.169,0.01454,0.001216,-0.000378,1.48175,0.013813,0.00814,0.005164,0,0.0,13
1900-01-01 09:25:40.669,0.015725,0.001567,-0.000274,0.952974,0.014043,0.007822,0.004979,0,0.0,13
1900-01-01 09:25:41.173,0.018325,0.00132,-2.6e-05,1.150771,0.014659,0.008468,0.005162,0,0.0,13
1900-01-01 09:25:41.673,0.022582,0.00122,-0.000255,1.433884,0.013758,0.007831,0.005205,0,0.0,13
1900-01-01 09:25:42.169,0.024251,0.001203,-0.000803,0.913582,0.012958,0.007233,0.005168,0,0.0,13
1900-01-01 09:25:42.669,0.024514,0.001304,-0.000292,1.29244,0.013841,0.006738,0.005127,0,0.0,13
1900-01-01 09:25:43.173,0.027628,0.001258,0.013719,0.654968,0.021624,0.010065,0.005273,0,0.0,13
1900-01-01 09:25:43.673,0.028736,0.001388,0.011119,1.452743,0.013889,0.008442,0.005172,0,0.0,13
1900-01-01 09:25:44.169,0.02767,0.001436,0.007995,0.885065,0.014599,0.006423,0.005104,0,0.0,13
1900-01-01 09:25:44.673,0.028201,0.001393,0.007084,1.047868,0.016827,0.012391,0.005169,0,0.0,13
1900-01-01 09:25:45.169,0.028803,0.001245,0.00479,1.255786,0.014842,0.008438,0.005152,0,0.0,13
1900-01-01 09:25:45.669,0.029019,0.001462,0.00522,0.53807,0.014141,0.006762,0.005089,0,0.0,13
1900-01-01 09:25:46.173,0.02942,0.001331,0.002654,1.524962,0.013412,0.006694,0.005157,0,0.0,13
1900-01-01 09:25:46.669,0.028348,0.00151,0.000956,0.828031,0.013766,0.007311,0.005061,0,0.0,13
1900-01-01 09:25:47.168,0.02967,0.001237,0.001427,1.047119,0.013535,0.007025,0.005198,0,0.0,13
1900-01-01 09:25:47.672,0.029836,0.001101,0.000485,1.300447,0.013941,0.006521,0.005202,0,0.0,13
1900-01-01 09:25:48.173,0.029408,0.001476,0.000765,0.887437,0.013713,0.006923,0.005081,0,0.0,13
1900-01-01 09:25:48.673,0.029492,0.001577,0.000884,1.226432,0.01378,0.00734,0.004972,0,0.0,13
1900-01-01 09:25:49.173,0.028935,0.001272,0.000958,0.981262,0.013834,0.007853,0.005184,0,0.0,13
1900-01-01 09:25:49.669,0.029576,0.001415,0.000827,0.780503,0.013507,0.006774,0.005072,0,0.0,13
1900-01-01 09:25:50.173,0.029503,0.001206,-0.000554,1.319157,0.012829,0.006668,0.00521,0,0.0,13
1900-01-01 09:25:50.669,0.026855,0.001436,-0.000729,0.704457,0.014443,0.006293,0.00506,0,0.0,13
1900-01-01 09:25:51.168,0.027282,0.001647,-0.000691,1.188846,0.013662,0.007058,0.005011,0,0.0,13
1900-01-01 09:25:51.672,0.026097,0.001341,-0.001429,1.038514,0.013539,0.007223,0.005152,0,0.0,13
1900-01-01 09:25:52.173,0.029461,0.00136,-0.00061,0.765096,0.013538,0.006586,0.005186,0,0.0,13
1900-01-01 09:25:52.669,0.032868,0.001309,-0.000322,1.483922,0.013614,0.006616,0.005168,0,0.0,13
1900-01-01 09:25:53.168,0.03127,0.001468,0.000193,0.640832,0.012852,0.006693,0.005172,0,0.0,13
1900-01-01 09:25:53.672,0.030899,0.001049,0.000467,1.132061,0.013247,0.006785,0.005299,0,0.0,13
1900-01-01 09:25:54.168,0.029787,0.001425,-6.3e-05,1.008639,0.014394,0.005883,0.005066,0,0.0,13
1900-01-01 09:25:54.672,0.029315,0.00132,-2.6e-05,0.907547,0.013315,0.005988,0.005162,0,0.0,13
1900-01-01 09:25:55.168,0.02929,0.001266,-0.000841,1.521944,0.013902,0.006494,0.005187,0,0.0,13
1900-01-01 09:25:55.672,0.028149,0.001331,-0.000882,0.954321,0.013561,0.006152,0.005115,0,0.0,13
1900-01-01 09:25:56.168,0.028708,0.001393,-0.001137,1.160729,0.01362,0.006803,0.005127,0,0.0,13
1900-01-01 09:25:56.672,0.029013,0.001529,-0.001156,1.057223,0.013286,0.006382,0.005134,0,0.0,13
1900-01-01 09:25:57.168,0.028962,0.001467,-0.000896,0.951605,0.013267,0.006852,0.005042,0,0.0,13
1900-01-01 09:25:57.672,0.029263,0.001466,-0.001028,0.879482,0.013767,0.006068,0.005214,0,0.0,13
1900-01-01 09:25:58.173,0.029335,0.001497,-0.000885,1.04742,0.01313,0.00563,0.005068,0,0.0,13
1900-01-01 09:25:58.669,0.029798,0.001256,-0.001007,1.236775,0.013803,0.006086,0.005148,0,0.0,13
1900-01-01 09:25:59.168,0.032038,0.001384,-0.000267,0.78256,0.012738,0.007472,0.005217,0,0.0,13
1900-01-01 09:25:59.672,0.037941,0.001362,0.000321,1.328512,0.013615,0.007343,0.005099,0,0.0,13
1900-01-01 09:26:00.173,0.039762,0.001528,-0.00017,1.009777,0.014026,0.007121,0.005048,0,0.0,13
1900-01-01 09:26:00.669,0.041315,0.001467,-0.000118,0.885065,0.01399,0.007317,0.005042,0,0.0,13
1900-01-01 09:26:01.168,0.042065,0.001331,8.3e-05,1.084913,0.013638,0.007454,0.005242,0,0.0,13
1900-01-01 09:26:01.667,0.044727,0.0013,0.006674,0.886494,0.013743,0.008522,0.005214,0,0.0,13
1900-01-01 09:26:02.171,0.045962,0.001279,0.006336,1.478188,0.013604,0.008111,0.005181,0,0.0,13
1900-01-01 09:26:02.672,0.04671,0.001455,0.005038,1.141528,0.013155,0.007918,0.005136,0,0.0,13
1900-01-01 09:26:03.168,0.050439,0.001393,0.002697,28.983802,0.013855,0.006684,0.00517,0,0.0,13
1900-01-01 09:26:03.672,0.051588,0.001258,0.00043,19.186784,0.013189,0.006835,0.005273,0,0.0,13
1900-01-01 09:26:04.168,0.05008,0.001489,-0.000155,-44.076716,0.013681,0.007066,0.005117,0,0.0,13
1900-01-01 09:26:04.672,0.051442,0.001331,0.000758,-43.686682,0.014077,0.007549,0.005115,0,0.0,13
1900-01-01 09:26:05.168,0.050926,0.001552,0.001234,-43.439836,0.014159,0.009237,0.005078,0,0.0,13
1900-01-01 09:26:05.667,0.051756,0.001395,0.001316,-44.192365,0.013742,0.006274,0.005169,0,0.0,13
1900-01-01 09:26:06.171,0.053213,0.001279,0.001269,-43.387329,0.013459,0.006316,0.005181,0,0.0,13
1900-01-01 09:26:06.667,0.053604,0.001616,0.00103,-43.877097,0.013316,0.006563,0.005034,0,0.0,13
1900-01-01 09:26:07.171,0.054348,0.001612,-8e-05,-43.593134,0.014032,0.006602,0.005079,0,0.0,13
1900-01-01 09:26:07.672,0.053784,0.001518,-0.000225,-43.663267,0.013464,0.006567,0.005055,0,0.0,13
1900-01-01 09:26:08.168,0.053192,0.001298,-0.000155,-44.076716,0.013069,0.005819,0.005173,0,0.0,13
1900-01-01 09:26:08.667,0.052945,0.001426,-0.000212,-43.890012,0.01292,0.006159,0.005066,0,0.0,13
1900-01-01 09:26:09.171,0.053036,0.001081,-0.000609,-5.509831,0.013008,0.006477,0.005291,0,0.0,13
1900-01-01 09:26:09.667,0.053414,0.001478,-0.000452,1.132212,0.013756,0.006563,0.005036,0,0.0,13
1900-01-01 09:26:10.171,0.053234,0.001622,-0.000809,0.916901,0.012998,0.006385,0.005028,0,0.0,13
1900-01-01 09:26:10.669,0.054288,0.001496,-0.001128,1.510874,0.013458,0.006493,0.005025,0,0.0,13
1900-01-01 09:26:11.168,0.053755,0.001479,-0.000893,0.980979,0.013447,0.006649,0.005122,0,0.0,13
1900-01-01 09:26:11.667,0.053976,0.001658,-0.000746,33.257102,0.013125,0.00663,0.005047,0,0.0,13
1900-01-01 09:26:12.171,0.054838,0.00156,-0.000536,57.990404,0.013845,0.006758,0.005028,0,0.0,13
1900-01-01 09:26:12.667,0.053403,0.001351,-0.000303,2.424982,0.01387,0.006322,0.005105,0,0.0,13
1900-01-01 09:26:13.171,0.054161,0.001331,-0.000682,1.393995,0.013426,0.007006,0.005115,0,0.0,13
1900-01-01 09:26:13.672,0.053438,0.001444,-0.000573,1.04742,0.013101,0.00719,0.005099,0,0.0,13
1900-01-01 09:26:14.168,0.052991,0.001637,-0.000655,0.856548,0.013302,0.007236,0.005063,0,0.0,13
1900-01-01 09:26:14.667,0.059089,0.001437,-0.000617,1.680169,0.015511,0.02755,0.005232,0,0.0,13
1900-01-01 09:26:15.171,0.089268,0.001404,0.002727,0.654968,0.017002,0.048758,0.005611,0,0.0,13
1900-01-01 09:26:15.667,0.171526,0.001298,0.033112,-14.675704,0.035415,0.069027,0.005859,0,0.0,13
1900-01-01 09:26:16.171,0.307273,0.001602,0.098063,-43.013138,0.051729,0.101983,0.005657,0,0.0,13
1900-01-01 09:26:16.667,0.457333,0.001393,0.177163,-44.06721,0.037567,0.064551,0.005703,0,0.0,13
1900-01-01 09:26:17.171,0.478545,0.001591,0.192215,40.366002,0.018205,0.043821,0.005625,0,0.0,13
1900-01-01 09:26:17.670,0.478351,0.001058,0.189885,251.517767,0.016833,0.043112,0.005543,0,0.0,13
1900-01-01 09:26:18.171,0.47833,0.001381,0.192598,352.568847,0.016611,0.043088,0.005625,0,0.0,13
1900-01-01 09:26:18.667,0.4797,0.001393,0.193037,390.607698,0.016515,0.040238,0.005624,0,0.0,13
1900-01-01 09:26:19.166,0.477825,0.001258,0.192629,400.870422,0.016275,0.041644,0.005718,0,0.0,13
1900-01-01 09:26:19.670,0.485139,0.001549,0.195496,412.012638,0.016981,0.043829,0.00565,0,0.0,13
1900-01-01 09:26:20.171,0.489774,0.001612,0.168007,436.014367,0.042964,0.04352,0.005694,0,0.0,13
1900-01-01 09:26:20.667,0.490359,0.001224,0.126077,523.686965,0.016371,0.04347,0.005655,0,0.0,13
1900-01-01 09:26:21.166,0.489725,0.001331,0.127508,812.088633,0.016817,0.043406,0.005842,0,0.0,13
1900-01-01 09:26:21.670,0.489369,0.001591,0.127576,1055.08817,0.0158,0.042997,0.005386,0,0.0,13
1900-01-01 09:26:22.166,0.489195,0.001584,0.127615,1166.697466,0.017033,0.043085,0.005479,0,0.0,13
1900-01-01 09:26:22.670,0.488723,0.001206,0.127211,1207.589767,0.016744,0.043818,0.005692,0,0.0,13
1900-01-01 09:26:23.166,0.487385,0.001415,0.127022,1222.286577,0.016066,0.042511,0.005614,0,0.0,13
1900-01-01 09:26:23.670,0.486598,0.001477,0.126755,1228.310601,0.01648,0.039313,0.005652,0,0.0,13
1900-01-01 09:26:24.166,0.48568,0.001298,0.126429,1226.944351,0.016339,0.042139,0.005666,0,0.0,13
1900-01-01 09:26:24.665,0.488757,0.001237,0.12725,1227.398051,0.015923,0.043397,0.005608,0,0.0,13
1900-01-01 09:26:25.169,0.489754,0.001091,0.1263,1229.161886,0.016078,0.042819,0.005802,0,0.0,13
1900-01-01 09:26:25.670,0.489051,0.001476,0.12616,1230.3137,0.015569,0.041419,0.005617,0,0.0,13
1900-01-01 09:26:26.166,0.486421,0.001415,0.125781,1230.252321,0.01605,0.040885,0.005693,0,0.0,13
1900-01-01 09:26:26.670,0.486691,0.001404,0.125169,1229.377046,0.016075,0.043551,0.005493,0,0.0,13
1900-01-01 09:26:27.169,0.488262,0.001353,0.126016,1227.653161,0.01585,0.04036,0.005833,0,0.0,13
1900-01-01 09:26:27.670,0.488978,0.001402,0.12715,1228.902081,0.015748,0.041077,0.005731,0,0.0,13
1900-01-01 09:26:28.168,0.490259,0.001443,0.12707,1232.50188,0.015945,0.03916,0.005754,0,0.0,13
1900-01-01 09:26:28.670,0.489485,0.001469,0.127567,1234.552251,0.015386,0.039232,0.00546,0,0.0,13
1900-01-01 09:26:29.166,0.491365,0.001457,0.127263,1235.860662,0.016596,0.042587,0.005472,0,0.0,13
1900-01-01 09:26:29.665,0.490998,0.001742,0.127471,1236.119029,0.016676,0.038587,0.005609,0,0.0,13
1900-01-01 09:26:30.169,0.48866,0.001258,0.127612,1235.10217,0.016238,0.038358,0.005901,0,0.0,13
1900-01-01 09:26:30.670,0.493987,0.001423,0.129222,1236.11075,0.016509,0.040452,0.005683,0,0.0,13
1900-01-01 09:26:31.166,0.488581,0.001319,0.127855,1237.98993,0.016289,0.037553,0.005889,0,0.0,13
1900-01-01 09:26:31.670,0.492973,0.001362,0.128177,1239.367949,0.016207,0.038632,0.005591,0,0.0,13
1900-01-01 09:26:32.169,0.493429,0.001226,0.128152,1241.126741,0.016046,0.041681,0.005572,0,0.0,13
1900-01-01 09:26:32.665,0.491809,0.001129,0.128819,1240.233266,0.015339,0.054427,0.005526,0,0.0,13
1900-01-01 09:26:33.169,0.495275,0.001424,0.128195,1241.940513,0.016173,0.064223,0.005562,0,0.0,13
1900-01-01 09:26:33.670,0.493903,0.001287,0.129002,1241.31492,0.016475,0.064302,0.005932,0,0.0,13
1900-01-01 09:26:34.166,0.493524,0.001245,0.128337,1240.109693,0.016191,0.061099,0.005992,0,0.0,13
1900-01-01 09:26:34.670,0.495765,0.00107,0.129289,1241.304388,0.016725,0.061441,0.005576,0,0.0,13
1900-01-01 09:26:35.169,0.495806,0.001552,0.129938,1240.966117,0.015503,0.066358,0.005732,0,0.0,13
1900-01-01 09:26:35.665,0.497165,0.001235,0.129763,1242.448086,0.015626,0.062709,0.00569,0,0.0,13
1900-01-01 09:26:36.169,0.497265,0.001279,0.128997,1244.775011,0.016027,0.06576,0.005781,0,0.0,13
1900-01-01 09:26:36.665,0.494466,0.001351,0.128707,1244.330207,0.016798,0.068005,0.005484,0,0.0,13
1900-01-01 09:26:37.169,0.49638,0.001206,0.129435,1244.307272,0.014915,0.070074,0.005807,0,0.0,13
1900-01-01 09:26:37.665,0.49255,0.001298,0.128782,1243.180022,0.015682,0.06965,0.005783,0,0.0,13
1900-01-01 09:26:38.169,0.492754,0.00132,0.129635,1243.381149,0.016507,0.065767,0.005451,0,0.0,13
1900-01-01 09:26:38.665,0.497769,0.001425,0.130412,1242.970897,0.015959,0.066583,0.005488,0,0.0,13
1900-01-01 09:26:39.169,0.492984,0.001362,0.129617,1242.492445,0.016136,0.067224,0.005631,0,0.0,13
1900-01-01 09:26:39.665,0.497494,0.001245,0.129856,1245.822596,0.016055,0.068978,0.005879,0,0.0,13
1900-01-01 09:26:40.169,0.493067,0.001164,0.130255,1245.69178,0.015117,0.067187,0.005782,0,0.0,13
1900-01-01 09:26:40.670,0.495035,0.001266,0.130451,1245.210989,0.015855,0.067656,0.005556,0,0.0,13
1900-01-01 09:26:41.166,0.495429,0.00116,0.129782,1246.050731,0.016014,0.072976,0.005597,0,0.0,13
1900-01-01 09:26:41.665,0.493997,0.001195,0.129367,1244.783316,0.016752,0.072265,0.005892,0,0.0,13
1900-01-01 09:26:42.169,0.496275,0.001237,0.130456,1246.234357,0.016158,0.069713,0.005871,0,0.0,13
1900-01-01 09:26:42.665,0.491629,0.001277,0.129837,1245.375829,0.014819,0.073084,0.005515,0,0.0,13
1900-01-01 09:26:43.169,0.491963,0.001299,0.129398,1244.915333,0.016493,0.072998,0.005848,0,0.0,13
1900-01-01 09:26:43.665,0.492624,0.001383,0.129189,1244.719939,0.015933,0.073462,0.005862,0,0.0,13
1900-01-01 09:26:44.169,0.489337,0.00107,0.128961,1242.529864,0.015936,0.06527,0.005882,0,0.0,13
1900-01-01 09:26:44.665,0.492518,0.00116,0.128874,1242.904357,0.0163,0.068255,0.005981,0,0.0,13
1900-01-01 09:26:45.169,0.491067,0.000976,0.129362,1241.556967,0.015994,0.066396,0.006227,0,0.0,13
1900-01-01 09:26:45.665,0.488845,0.00116,0.127855,1241.754172,0.015822,0.068457,0.005715,0,0.0,13
1900-01-01 09:26:46.165,0.490485,0.001199,0.128771,1241.466189,0.014608,0.065124,0.005852,0,0.0,13
1900-01-01 09:26:46.669,0.489025,0.001143,0.128724,1239.592464,0.017063,0.066125,0.005938,0,0.0,13
1900-01-01 09:26:47.165,0.490835,0.001351,0.129393,1240.803606,0.017031,0.067638,0.005564,0,0.0,13
1900-01-01 09:26:47.669,0.490796,0.001372,0.129325,1241.64116,0.016323,0.067359,0.005665,0,0.0,13
1900-01-01 09:26:48.165,0.488951,0.001383,0.129986,1240.965202,0.016716,0.062771,0.005669,0,0.0,13
1900-01-01 09:26:48.669,0.491223,0.001268,0.129672,1239.695367,0.01679,0.066902,0.005934,0,0.0,13
1900-01-01 09:26:49.165,0.487681,0.001467,0.129041,1237.581187,0.016622,0.058423,0.005627,0,0.0,13
1900-01-01 09:26:49.669,0.487566,0.00132,0.127557,1238.4886,0.016043,0.060741,0.006024,0,0.0,13
1900-01-01 09:26:50.165,0.484622,0.00115,0.127652,1238.246583,0.016398,0.064438,0.005718,0,0.0,13
1900-01-01 09:26:50.669,0.487087,0.000976,0.128487,1237.487639,0.015513,0.058338,0.005712,0,0.0,13
1900-01-01 09:26:51.165,0.484865,0.000949,0.127077,1238.303617,0.016563,0.059239,0.006065,0,0.0,13
1900-01-01 09:26:51.669,0.482327,0.00106,0.127174,1235.569909,0.016149,0.058634,0.005772,0,0.0,13
1900-01-01 09:26:52.166,0.485153,0.001271,0.128996,1235.235641,0.016018,0.056676,0.005792,0,0.0,13
1900-01-01 09:26:52.669,0.48449,0.001254,0.128238,1235.277679,0.015565,0.056135,0.005829,0,0.0,13
1900-01-01 09:26:53.165,0.487893,0.001076,0.129615,1236.459519,0.01597,0.055412,0.005777,0,0.0,13
1900-01-01 09:26:53.669,0.489171,0.000789,0.129143,1238.713115,0.016093,0.053657,0.005809,0,0.0,13
1900-01-01 09:26:54.165,0.49055,0.001097,0.128745,1239.539353,0.016312,0.051816,0.005771,0,0.0,13
1900-01-01 09:26:54.669,0.489337,0.001404,0.128578,1240.462458,0.015628,0.052556,0.005878,0,0.0,13
1900-01-01 09:26:55.165,0.483426,0.001277,0.127763,1240.613493,0.015991,0.05295,0.005635,0,0.0,13
1900-01-01 09:26:55.664,0.486547,0.001037,0.127397,1238.726819,0.015583,0.053314,0.005666,0,0.0,13
1900-01-01 09:26:56.168,0.485004,0.001247,0.127576,1236.37442,0.016177,0.054781,0.005867,0,0.0,13
1900-01-01 09:26:56.669,0.484901,0.001109,0.127443,1236.11075,0.015457,0.053299,0.005568,0,0.0,13
1900-01-01 09:26:57.165,0.486273,0.001213,0.128281,1235.661043,0.015701,0.053879,0.005814,0,0.0,13
1900-01-01 09:26:57.669,0.484525,0.000914,0.128378,1234.961849,0.01603,0.052754,0.005798,0,0.0,13
1900-01-01 09:26:58.165,0.484399,0.001298,0.129263,1236.003247,0.01607,0.053632,0.005821,0,0.0,13
1900-01-01 09:26:58.664,0.484222,0.001174,0.128134,1237.489064,0.016983,0.050886,0.005823,0,0.0,13
1900-01-01 09:26:59.168,0.4844,0.001081,0.12763,1236.851514,0.016534,0.051474,0.005729,0,0.0,13
1900-01-01 09:26:59.669,0.486138,0.001119,0.128324,1236.760095,0.016705,0.049614,0.005404,0,0.0,13
1900-01-01 09:27:00.165,0.482886,0.000981,0.127707,1237.134421,0.016998,0.050469,0.005948,0,0.0,13
1900-01-01 09:27:00.664,0.482507,0.001005,0.127802,1238.311084,0.01589,0.046168,0.005712,0,0.0,13
1900-01-01 09:27:01.168,0.484056,0.001049,0.127211,1237.609251,0.016461,0.049329,0.005961,0,0.0,13
1900-01-01 09:27:01.664,0.483076,0.000991,0.127522,1236.459519,0.015604,0.051572,0.005984,0,0.0,13
1900-01-01 09:27:02.168,0.484598,0.000851,0.127266,1237.749573,0.016289,0.049918,0.005652,0,0.0,13
1900-01-01 09:27:02.664,0.478704,0.001139,0.126244,1236.278911,0.017005,0.045942,0.005837,0,0.0,13
1900-01-01 09:27:03.168,0.48415,0.001372,0.128122,1234.784108,0.015765,0.042442,0.005929,0,0.0,13
1900-01-01 09:27:03.664,0.477445,0.001277,0.126225,1234.805533,0.016083,0.04385,0.006017,0,0.0,13
1900-01-01 09:27:04.168,0.457398,0.000956,0.120557,1233.801856,0.016138,0.047429,0.005677,0,0.0,13
1900-01-01 09:27:04.669,0.4401,0.001235,0.115377,1224.055522,0.015805,0.060274,0.005646,0,0.0,13
1900-01-01 09:27:05.168,0.412726,0.00069,0.105764,1201.386293,0.015901,0.069625,0.005777,0,0.0,13
1900-01-01 09:27:05.665,0.398285,0.001112,0.099937,1171.827635,0.015091,0.067197,0.005766,0,0.0,13
1900-01-01 09:27:06.168,0.397029,0.000909,0.099909,1136.660387,0.016421,0.059281,0.005912,0,0.0,13
1900-01-01 09:27:06.664,0.402606,0.001023,0.101849,1109.749045,0.015524,0.045733,0.00575,0,0.0,13
1900-01-01 09:27:07.168,0.397102,0.000924,0.100378,1102.180124,0.015898,0.044215,0.005721,0,0.0,13
1900-01-01 09:27:07.664,0.388623,0.000864,0.097386,1099.093198,0.014652,0.041251,0.005964,0,0.0,13
1900-01-01 09:27:08.168,0.379444,0.000956,0.0946,1089.934719,0.016883,0.040858,0.006123,0,0.0,13
1900-01-01 09:27:08.664,0.386357,0.000991,0.096589,1079.340433,0.016887,0.039465,0.005833,0,0.0,13
1900-01-01 09:27:09.163,0.366199,0.001205,0.090814,1069.314969,0.01744,0.04078,0.005889,0,0.0,13
1900-01-01 09:27:09.667,0.35238,0.001174,0.086142,1061.655224,0.01596,0.042164,0.005625,0,0.0,13
1900-01-01 09:27:10.168,0.343969,0.001004,0.082626,1039.905084,0.016372,0.035833,0.006011,0,0.0,13
1900-01-01 09:27:10.664,0.334457,0.000906,0.080585,1015.424362,0.016824,0.04731,0.005959,0,0.0,13
1900-01-01 09:27:11.168,0.321503,0.000904,0.075496,998.304665,0.016859,0.048071,0.005799,0,0.0,13
1900-01-01 09:27:11.667,0.32003,0.000963,0.073562,973.960569,0.017116,0.044952,0.00591,0,0.0,13
1900-01-01 09:27:12.163,0.321384,0.000875,0.074954,952.829578,0.015568,0.042664,0.005925,0,0.0,13
1900-01-01 09:27:12.667,0.326961,0.001039,0.074348,943.139537,0.015448,0.044429,0.005662,0,0.0,13
1900-01-01 09:27:13.163,0.328,0.001192,0.075066,940.415184,0.016159,0.043928,0.005425,0,0.0,13
1900-01-01 09:27:13.667,0.334743,0.000883,0.07721,943.700823,0.016179,0.046939,0.005914,0,0.0,13
1900-01-01 09:27:14.163,0.344492,0.000906,0.080196,949.550125,0.016085,0.047116,0.006179,0,0.0,13
1900-01-01 09:27:14.667,0.343536,0.000935,0.080454,960.988454,0.015904,0.042657,0.006233,0,0.0,13
1900-01-01 09:27:15.163,0.343994,0.000928,0.080437,972.74394,0.017229,0.045437,0.005766,0,0.0,13
1900-01-01 09:27:15.667,0.34539,0.000935,0.080819,976.498676,0.015341,0.040842,0.005908,0,0.0,13
1900-01-01 09:27:16.168,0.34791,0.000868,0.081782,976.909222,0.016163,0.047584,0.005957,0,0.0,13
1900-01-01 09:27:16.664,0.36001,0.000949,0.084994,979.882692,0.016094,0.048875,0.006028,0,0.0,13
1900-01-01 09:27:17.163,0.37772,0.000974,0.089065,985.827903,0.016122,0.041306,0.005679,0,0.0,13
1900-01-01 09:27:17.667,0.381444,0.000997,0.091957,1003.487212,0.017525,0.038287,0.006008,0,0.0,13
1900-01-01 09:27:18.163,0.393989,0.001002,0.094903,1023.142959,0.016735,0.042439,0.005831,0,0.0,13
1900-01-01 09:27:18.667,0.401467,0.000768,0.098173,1039.540528,0.015501,0.034054,0.005922,0,0.0,13
1900-01-01 09:27:19.163,0.402288,0.001182,0.097404,1056.137112,0.01549,0.03334,0.005975,0,0.0,13
1900-01-01 09:27:19.667,0.406738,0.001424,0.099904,1065.761972,0.015652,0.03285,0.005361,0,0.0,13
1900-01-01 09:27:20.163,0.400224,0.000981,0.097867,1072.211186,0.016321,0.035281,0.00606,0,0.0,13
1900-01-01 09:27:20.662,0.407381,0.0011,0.098234,1075.522643,0.016188,0.036033,0.005729,0,0.0,13
1900-01-01 09:27:21.166,0.410436,0.001101,0.10005,1071.094196,0.016155,0.036004,0.005837,0,0.0,13
1900-01-01 09:27:21.662,0.416801,0.00115,0.100442,1072.962134,0.016314,0.035071,0.005947,0,0.0,13
1900-01-01 09:27:22.166,0.420135,0.000935,0.101818,1076.304807,0.015528,0.032273,0.005681,0,0.0,13
1900-01-01 09:27:22.662,0.418855,0.001023,0.102257,1082.144603,0.016099,0.03282,0.005827,0,0.0,13
1900-01-01 09:27:23.166,0.416739,0.001154,0.100998,1087.680218,0.016581,0.035719,0.005474,0,0.0,13
1900-01-01 09:27:23.662,0.412313,0.001266,0.099775,1087.41074,0.015361,0.043178,0.005909,0,0.0,13
1900-01-01 09:27:24.166,0.411176,0.001289,0.099412,1085.350878,0.016224,0.046835,0.005738,0,0.0,13
1900-01-01 09:27:24.662,0.416272,0.001224,0.100294,1082.591369,0.016163,0.04344,0.005733,0,0.0,13
1900-01-01 09:27:25.166,0.415332,0.001195,0.100488,1080.673489,0.016606,0.044229,0.005579,0,0.0,13
1900-01-01 09:27:25.662,0.420993,0.001171,0.102979,1084.093264,0.015413,0.047162,0.00575,0,0.0,13
1900-01-01 09:27:26.166,0.427281,0.001008,0.104352,1090.851487,0.015672,0.04218,0.005783,0,0.0,13
1900-01-01 09:27:26.662,0.431853,0.001235,0.106351,1099.340345,0.016884,0.044309,0.005807,0,0.0,13
1900-01-01 09:27:27.166,0.438376,0.000987,0.109037,1110.281362,0.016579,0.046126,0.005749,0,0.0,13
1900-01-01 09:27:27.662,0.447626,0.001182,0.110648,1119.216684,0.015992,0.046544,0.00559,0,0.0,13
1900-01-01 09:27:28.166,0.454179,0.001279,0.113065,1130.356717,0.015692,0.04711,0.005469,0,0.0,13
1900-01-01 09:27:28.662,0.460275,0.001129,0.114649,1142.296432,0.017575,0.049819,0.00584,0,0.0,13
1900-01-01 09:27:29.166,0.463502,0.00131,0.115854,1153.734308,0.015758,0.052463,0.00573,0,0.0,13
1900-01-01 09:27:29.667,0.473122,0.001444,0.118403,1165.586252,0.0158,0.052866,0.005711,0,0.0,13
1900-01-01 09:27:30.163,0.48315,0.001393,0.121243,1176.260162,0.016041,0.055093,0.005857,0,0.0,13
1900-01-01 09:27:30.662,0.48761,0.001247,0.122518,1186.674957,0.01735,0.057572,0.005836,0,0.0,13
1900-01-01 09:27:31.161,0.492345,0.001216,0.124286,1198.09821,0.016189,0.057227,0.005923,0,0.0,13
1900-01-01 09:27:31.665,0.501547,0.001383,0.126591,1208.08557,0.015815,0.057301,0.005962,0,0.0,13
1900-01-01 09:27:32.163,0.508656,0.001254,0.130058,1216.927865,0.016317,0.05546,0.005873,0,0.0,13
1900-01-01 09:27:32.665,0.521657,0.001187,0.132966,1229.405409,0.016414,0.053518,0.005815,0,0.0,13
1900-01-01 09:27:33.161,0.5354,0.001076,0.137802,1242.866335,0.016194,0.050381,0.005853,0,0.0,13
1900-01-01 09:27:33.665,0.554113,0.000997,0.143836,1260.416201,0.017388,0.046087,0.006044,0,0.0,13
1900-01-01 09:27:34.166,0.570835,0.001015,0.147982,1282.637721,0.015177,0.051002,0.005785,0,0.0,13
1900-01-01 09:27:34.665,0.603928,0.001174,0.157574,1305.499465,0.019698,0.061238,0.005973,0,0.0,13
1900-01-01 09:27:35.166,0.653343,0.00113,0.173288,1332.392594,0.018833,0.068318,0.005871,0,0.0,13
1900-01-01 09:27:35.662,0.697177,0.001129,0.185776,1376.411379,0.017774,0.068498,0.006027,0,0.0,13
1900-01-01 09:27:36.166,0.748679,0.000841,0.203808,1430.34575,0.019285,0.075679,0.005768,0,0.0,13
1900-01-01 09:27:36.662,0.79614,0.00115,0.219487,1489.87096,0.018157,0.083888,0.005947,0,0.0,13
1900-01-01 09:27:37.166,0.859655,0.000997,0.237458,1550.984973,0.025168,0.104351,0.005747,0,0.0,13
1900-01-01 09:27:37.662,0.895431,0.001097,0.251902,1610.963587,0.015938,0.089646,0.005694,0,0.0,13
1900-01-01 09:27:38.161,0.906745,0.001342,0.253515,1675.616642,0.016624,0.09735,0.005913,0,0.0,13
1900-01-01 09:27:38.665,0.919732,0.001477,0.260572,1713.786181,0.017513,0.101973,0.005534,0,0.0,13
1900-01-01 09:27:39.166,0.917968,0.000847,0.257257,1740.021181,0.017852,0.110499,0.005809,0,0.0,13
1900-01-01 09:27:39.665,0.906177,0.001142,0.255412,1754.313312,0.017372,0.119248,0.0056,0,0.0,13
1900-01-01 09:27:40.166,0.905078,0.00113,0.253498,1753.798585,0.016487,0.109553,0.005719,0,0.0,13
1900-01-01 09:27:40.662,0.916856,0.000981,0.257811,1749.993398,0.016604,0.107317,0.005481,0,0.0,13
1900-01-01 09:27:41.161,0.930745,0.001089,0.260401,1748.115087,0.016057,0.11009,0.00577,0,0.0,13
1900-01-01 09:27:41.665,0.945265,0.000935,0.267262,1757.398158,0.015748,0.102089,0.005757,0,0.0,13
1900-01-01 09:27:42.161,0.954202,0.001277,0.273148,1772.179613,0.016968,0.095355,0.005555,0,0.0,13
1900-01-01 09:27:42.665,0.963329,0.000758,0.276322,1789.943432,0.016446,0.080342,0.005772,0,0.0,13
1900-01-01 09:27:43.163,0.975359,0.000663,0.276483,1805.12387,0.0152,0.074155,0.005582,0,0.0,13
1900-01-01 09:27:43.665,0.985122,0.000862,0.279779,1816.662021,0.014233,0.07421,0.005993,0,0.0,13
1900-01-01 09:27:44.161,0.991812,0.000949,0.283354,1829.422709,0.014519,0.07118,0.005567,0,0.0,13
1900-01-01 09:27:44.665,1.000457,0.000601,0.286785,1839.86053,0.016541,0.077315,0.005574,0,0.0,13
1900-01-01 09:27:45.161,1.000513,0.000515,0.28967,1848.215403,0.01696,0.079327,0.005803,0,0.0,13
1900-01-01 09:27:45.665,1.006291,0.000726,0.287332,1855.754298,0.016594,0.07288,0.005772,0,0.0,13
1900-01-01 09:27:46.161,1.005149,0.000705,0.285225,1858.700148,0.014331,0.073485,0.005819,0,0.0,13
1900-01-01 09:27:46.665,1.013281,0.001122,0.290522,1860.992974,0.017987,0.073533,0.005641,0,0.0,13
1900-01-01 09:27:47.161,1.018921,0.001171,0.294616,1864.051836,0.017255,0.069854,0.005593,0,0.0,13
1900-01-01 09:27:47.661,1.020667,0.001472,0.296402,1868.762005,0.017317,0.065472,0.00558,0,0.0,13
1900-01-01 09:27:48.165,1.022,0.000831,0.295043,1875.820298,0.016988,0.065458,0.005731,0,0.0,13
1900-01-01 09:27:48.665,1.024521,0.000705,0.294417,1879.125154,0.015522,0.063745,0.005582,0,0.0,13
1900-01-01 09:27:49.161,1.026617,0.000737,0.296116,1882.122099,0.017008,0.065342,0.005895,0,0.0,13
1900-01-01 09:27:49.665,1.029928,0.001393,0.297686,1883.612828,0.017157,0.067128,0.005616,0,0.0,13
1900-01-01 09:27:50.161,1.027792,0.000938,0.296894,1885.572654,0.016506,0.065132,0.005648,0,0.0,13
1900-01-01 09:27:50.661,1.029992,0.000978,0.298019,1889.224273,0.01635,0.062353,0.005831,0,0.0,13
1900-01-01 09:27:51.165,1.029678,0.000997,0.298743,1890.572783,0.016618,0.06083,0.006044,0,0.0,13
1900-01-01 09:27:51.661,1.032068,0.001182,0.29732,1892.207606,0.01634,0.064304,0.005824,0,0.0,13
1900-01-01 09:27:52.165,1.037522,0.00131,0.29898,1891.096651,0.01804,0.061586,0.005881,0,0.0,13
1900-01-01 09:27:52.665,1.034202,0.001493,0.300261,1892.411484,0.017836,0.065539,0.005725,0,0.0,13
1900-01-01 09:27:53.161,1.033116,0.00097,0.298135,1894.279841,0.016526,0.059654,0.005987,0,0.0,13
1900-01-01 09:27:53.665,1.036105,0.001081,0.299636,1894.370823,0.01734,0.065748,0.005574,0,0.0,13
1900-01-01 09:27:54.165,1.035431,0.001251,0.300463,1895.919301,0.01693,0.059939,0.005522,0,0.0,13
1900-01-01 09:27:54.664,1.039951,0.000784,0.302084,1896.437854,0.016211,0.063631,0.005815,0,0.0,13
1900-01-01 09:27:55.165,1.037752,0.000868,0.300755,1899.345941,0.015945,0.064761,0.00573,0,0.0,13
1900-01-01 09:27:55.661,1.036726,0.00116,0.301506,1901.998438,0.018394,0.065858,0.005476,0,0.0,13
1900-01-01 09:27:56.165,1.037282,0.000924,0.300712,1900.245624,0.016447,0.061523,0.005682,0,0.0,13
1900-01-01 09:27:56.661,1.037752,0.001012,0.299654,1900.515555,0.017961,0.064244,0.006054,0,0.0,13
1900-01-01 09:27:57.165,1.035261,0.001133,0.300475,1897.906929,0.016396,0.064213,0.005829,0,0.0,13
1900-01-01 09:27:57.661,1.041224,0.001192,0.303043,1898.585905,0.016366,0.062255,0.005546,0,0.0,13
1900-01-01 09:27:58.160,1.042066,0.001037,0.302324,1901.256596,0.016906,0.062454,0.005627,0,0.0,13
1900-01-01 09:27:58.664,1.040272,0.000893,0.302954,1903.632054,0.018667,0.065485,0.005801,0,0.0,13
1900-01-01 09:27:59.165,1.043725,0.000826,0.302478,1905.265331,0.01571,0.064944,0.005886,0,0.0,13
1900-01-01 09:27:59.661,1.040431,0.001065,0.304044,1905.135306,0.016385,0.063749,0.005623,0,0.0,13
1900-01-01 09:28:00.160,1.04235,0.001132,0.302821,1907.001293,0.017808,0.062341,0.005759,0,0.0,13
1900-01-01 09:28:00.664,1.040428,0.001164,0.302826,1906.073651,0.015695,0.061678,0.005782,0,0.0,13
1900-01-01 09:28:01.160,1.037869,0.001277,0.301747,1905.458499,0.016218,0.059522,0.005791,0,0.0,13
1900-01-01 09:28:01.664,1.037189,0.001404,0.300566,1903.529151,0.017773,0.06381,0.005532,0,0.0,13
1900-01-01 09:28:02.160,1.030777,0.000949,0.299061,1901.266502,0.017096,0.062679,0.005607,0,0.0,13
1900-01-01 09:28:02.664,1.026886,0.000726,0.297485,1899.78724,0.018033,0.066369,0.005848,0,0.0,13
1900-01-01 09:28:03.160,1.009278,0.001023,0.290504,1895.506071,0.017539,0.069037,0.005711,0,0.0,13
1900-01-01 09:28:03.664,0.987102,0.000726,0.283486,1885.624105,0.016352,0.072862,0.00581,0,0.0,13
1900-01-01 09:28:04.160,0.974833,0.000875,0.278927,1869.517591,0.018055,0.079773,0.005811,0,0.0,13
1900-01-01 09:28:04.664,0.929014,0.000935,0.265512,1851.544648,0.020484,0.09142,0.005945,0,0.0,13
1900-01-01 09:28:05.160,0.874959,0.00079,0.24905,1827.692679,0.018167,0.095996,0.005969,0,0.0,13
1900-01-01 09:28:05.664,0.840352,0.000831,0.235891,1786.332488,0.017293,0.136745,0.005807,0,0.0,13
1900-01-01 09:28:06.160,0.822995,0.000991,0.229582,1737.379385,0.016829,0.127853,0.005559,0,0.0,13
1900-01-01 09:28:06.664,0.816142,0.000987,0.22674,1697.218869,0.017559,0.076934,0.005672,0,0.0,13
1900-01-01 09:28:07.160,0.816422,0.001277,0.228063,1671.486136,0.016473,0.074997,0.005791,0,0.0,13
1900-01-01 09:28:07.664,0.804662,0.001216,0.224589,1660.875554,0.017054,0.06258,0.005572,0,0.0,13
1900-01-01 09:28:08.160,0.807445,0.000875,0.223507,1653.121198,0.016946,0.078693,0.005537,0,0.0,13
1900-01-01 09:28:08.664,0.800422,0.001185,0.221854,1645.019205,0.017943,0.075607,0.005888,0,0.0,13
1900-01-01 09:28:09.160,0.844494,0.000917,0.234991,1638.957761,0.018188,0.069166,0.005768,0,0.0,13
1900-01-01 09:28:09.664,0.847977,0.001049,0.237513,1647.778865,0.016696,0.066175,0.005812,0,0.0,13
1900-01-01 09:28:10.161,0.837921,0.001091,0.233587,1669.64309,0.016474,0.066341,0.005655,0,0.0,13
1900-01-01 09:28:10.659,0.827579,0.000885,0.230971,1676.86783,0.017722,0.068768,0.005731,0,0.0,13
1900-01-01 09:28:11.163,0.80487,0.001039,0.224188,1671.605485,0.017885,0.070076,0.005738,0,0.0,13
1900-01-01 09:28:11.664,0.827297,0.00091,0.230521,1658.297837,0.017867,0.075213,0.005764,0,0.0,13
1900-01-01 09:28:12.165,0.848267,0.00092,0.233711,1651.879675,0.017101,0.071071,0.005838,0,0.0,13
1900-01-01 09:28:12.659,0.858262,0.00113,0.238523,1658.97911,0.016486,0.06473,0.005993,0,0.0,13
1900-01-01 09:28:13.163,0.861885,0.001091,0.237057,1673.120959,0.017621,0.059423,0.005571,0,0.0,13
1900-01-01 09:28:13.664,0.863452,0.000585,0.238314,1679.378018,0.018237,0.063618,0.005807,0,0.0,13
1900-01-01 09:28:14.165,0.887052,0.000952,0.24807,1682.587099,0.016879,0.066502,0.005796,0,0.0,13
1900-01-01 09:28:14.661,0.901243,0.000938,0.252347,1697.132412,0.017067,0.067461,0.005687,0,0.0,13
1900-01-01 09:28:15.160,0.906461,0.000953,0.25392,1715.782273,0.017151,0.067685,0.005874,0,0.0,13
1900-01-01 09:28:15.664,0.912586,0.001029,0.256981,1729.726723,0.01692,0.059903,0.005741,0,0.0,13
1900-01-01 09:28:16.163,0.92015,0.000826,0.25856,1741.708995,0.016561,0.066725,0.00585,0,0.0,13
1900-01-01 09:28:16.659,0.931634,0.000949,0.261441,1750.183511,0.016109,0.063318,0.005404,0,0.0,13
1900-01-01 09:28:17.163,0.942828,0.001164,0.264692,1760.335558,0.017401,0.067079,0.005706,0,0.0,13
1900-01-01 09:28:17.659,0.940187,0.000981,0.264016,1771.191024,0.017055,0.077742,0.005835,0,0.0,13
1900-01-01 09:28:18.163,0.946255,0.000935,0.265859,1777.78222,0.017853,0.094471,0.005981,0,0.0,13
1900-01-01 09:28:18.659,0.948761,0.000917,0.269406,1783.111124,0.016053,0.084177,0.005651,0,0.0,13
1900-01-01 09:28:19.163,0.941182,0.001008,0.265986,1791.543099,0.015957,0.084623,0.005783,0,0.0,13
1900-01-01 09:28:19.659,0.939551,0.000981,0.263423,1792.436179,0.016717,0.089738,0.005835,0,0.0,13
1900-01-01 09:28:20.163,0.934733,0.000893,0.264346,1786.687969,0.017118,0.08456,0.005987,0,0.0,13
1900-01-01 09:28:20.659,0.914496,0.000959,0.258459,1784.299332,0.016924,0.088057,0.005762,0,0.0,13
1900-01-01 09:28:21.163,0.906117,0.000914,0.255322,1778.418345,0.017812,0.087661,0.006057,0,0.0,13
1900-01-01 09:28:21.659,0.889535,0.000928,0.250235,1766.295608,0.017155,0.0835,0.005805,0,0.0,13
1900-01-01 09:28:22.163,0.884928,0.000601,0.248341,1752.430771,0.016009,0.073857,0.005954,0,0.0,13
1900-01-01 09:28:22.659,0.864977,0.001002,0.242252,1738.995347,0.017828,0.069715,0.006129,0,0.0,13
1900-01-01 09:28:23.163,0.860364,0.000799,0.238844,1725.152237,0.017343,0.065135,0.005958,0,0.0,13
1900-01-01 09:28:23.662,0.875653,0.001174,0.245672,1707.117986,0.016713,0.069729,0.005746,0,0.0,13
1900-01-01 09:28:24.160,0.888949,0.000853,0.2487,1707.267929,0.018079,0.074071,0.005617,0,0.0,13
1900-01-01 09:28:24.662,0.894297,0.000664,0.250515,1716.307983,0.017276,0.068976,0.005849,0,0.0,13
1900-01-01 09:28:25.158,0.888572,0.000917,0.249253,1726.666504,0.016225,0.067709,0.005806,0,0.0,13
1900-01-01 09:28:25.662,0.903971,0.000966,0.25432,1733.122508,0.016874,0.082126,0.005676,0,0.0,13
1900-01-01 09:28:26.163,0.903191,0.000889,0.254195,1736.57683,0.017118,0.081602,0.005611,0,0.0,13
1900-01-01 09:28:26.659,0.901169,0.001086,0.25344,1744.613194,0.017073,0.076888,0.005538,0,0.0,13
1900-01-01 09:28:27.158,0.898465,0.001047,0.253975,1746.178142,0.017712,0.078598,0.005969,0,0.0,13
1900-01-01 09:28:27.662,0.895366,0.001008,0.249781,1747.098547,0.017645,0.082328,0.005783,0,0.0,13
1900-01-01 09:28:28.158,0.899475,0.000906,0.252958,1743.358446,0.016684,0.087089,0.005846,0,0.0,13
1900-01-01 09:28:28.662,0.897783,0.001081,0.253828,1742.561479,0.01669,0.079809,0.006027,0,0.0,13
1900-01-01 09:28:29.163,0.906471,0.001015,0.255753,1745.705301,0.017094,0.086426,0.005747,0,0.0,13
1900-01-01 09:28:29.659,0.921588,0.001086,0.2607,1746.495315,0.016885,0.085241,0.005964,0,0.0,13
1900-01-01 09:28:30.158,0.923349,0.001405,0.261009,1754.83298,0.018291,0.091094,0.005615,0,0.0,13
1900-01-01 09:28:30.662,0.913836,0.001393,0.259023,1765.200043,0.016333,0.095794,0.005732,0,0.0,13
1900-01-01 09:28:31.163,0.915149,0.001224,0.259549,1767.030163,0.01817,0.097255,0.005727,0,0.0,13
1900-01-01 09:28:31.659,0.925409,0.001415,0.262571,1765.230974,0.016887,0.087618,0.005654,0,0.0,13
1900-01-01 09:28:32.163,0.923826,0.001414,0.261885,1768.792278,0.016591,0.083234,0.005684,0,0.0,13
1900-01-01 09:28:32.659,0.933772,0.001573,0.265553,1772.236647,0.015896,0.091926,0.00584,0,0.0,13
1900-01-01 09:28:33.158,0.926863,0.001068,0.264617,1776.885811,0.015487,0.100984,0.0055,0,0.0,13
1900-01-01 09:28:33.662,0.927254,0.001133,0.263489,1781.692517,0.016697,0.094752,0.006014,0,0.0,13
1900-01-01 09:28:34.158,0.922456,0.001235,0.261108,1780.240414,0.016922,0.101208,0.005611,0,0.0,13
1900-01-01 09:28:34.662,0.927202,0.001081,0.261137,1777.847704,0.017344,0.104439,0.005652,0,0.0,13
1900-01-01 09:28:35.158,0.933401,0.001097,0.265294,1775.240436,0.017713,0.105186,0.005771,0,0.0,13
1900-01-01 09:28:35.662,0.940817,0.001018,0.267554,1777.641898,0.017341,0.110177,0.005627,0,0.0,13
1900-01-01 09:28:36.158,0.939562,0.001118,0.267702,1785.858261,0.016963,0.127182,0.005727,0,0.0,13
1900-01-01 09:28:36.662,0.944224,0.001112,0.268101,1790.23343,0.017345,0.121403,0.005872,0,0.0,13
1900-01-01 09:28:37.158,0.942452,0.00116,0.268591,1794.47039,0.017396,0.117338,0.005907,0,0.0,13
1900-01-01 09:28:37.662,0.945922,0.001018,0.268739,1795.911781,0.018313,0.115431,0.005743,0,0.0,13
1900-01-01 09:28:38.158,0.939371,0.001044,0.267721,1797.274561,0.017477,0.12018,0.005667,0,0.0,13
1900-01-01 09:28:38.662,0.937911,0.001195,0.266898,1798.315959,0.017252,0.110869,0.005657,0,0.0,13
1900-01-01 09:28:39.161,0.938058,0.001047,0.267029,1794.488392,0.016325,0.11615,0.005625,0,0.0,13
1900-01-01 09:28:39.659,0.932829,0.001032,0.265414,1792.977085,0.01614,0.108449,0.005973,0,0.0,13
1900-01-01 09:28:40.158,0.927347,0.000879,0.263236,1790.123179,0.01602,0.1114,0.005883,0,0.0,13
1900-01-01 09:28:40.657,0.931513,0.000953,0.264157,1785.871348,0.016355,0.113166,0.005643,0,0.0,13
1900-01-01 09:28:41.161,0.92566,0.000789,0.262377,1784.096696,0.015587,0.108996,0.005771,0,0.0,13
1900-01-01 09:28:41.662,0.924203,0.001098,0.262648,1782.115667,0.017088,0.109879,0.005611,0,0.0,13
1900-01-01 09:28:42.158,0.919249,0.000896,0.258015,1781.057901,0.017151,0.11064,0.006072,0,0.0,13
1900-01-01 09:28:42.657,0.896655,0.001142,0.249023,1775.638607,0.016521,0.112049,0.005717,0,0.0,13
1900-01-01 09:28:43.161,0.877125,0.001174,0.240448,1757.865897,0.016483,0.10524,0.005779,0,0.0,13
1900-01-01 09:28:43.657,0.891938,0.001044,0.245141,1733.13986,0.017562,0.087966,0.005548,0,0.0,13
1900-01-01 09:28:44.161,0.893022,0.001289,0.245224,1718.351313,0.016802,0.076277,0.005584,0,0.0,13
1900-01-01 09:28:44.657,0.886593,0.00115,0.2434,1719.385167,0.016136,0.081512,0.005947,0,0.0,13
1900-01-01 09:28:45.161,0.882001,0.001091,0.243383,1716.405519,0.017598,0.078551,0.005726,0,0.0,13
1900-01-01 09:28:45.657,0.875425,0.001023,0.241344,1715.041079,0.01683,0.076843,0.005711,0,0.0,13
1900-01-01 09:28:46.161,0.892564,0.001195,0.246099,1709.679433,0.016041,0.062009,0.005922,0,0.0,13
1900-01-01 09:28:46.662,0.870232,0.000889,0.239139,1709.981923,0.017565,0.065727,0.005728,0,0.0,13
1900-01-01 09:28:47.158,0.861632,0.001118,0.237084,1710.326271,0.017092,0.063766,0.005569,0,0.0,13
1900-01-01 09:28:47.657,0.851979,0.001153,0.233244,1699.502484,0.01769,0.070214,0.005714,0,0.0,13
1900-01-01 09:28:48.161,0.857447,0.001164,0.235016,1686.872484,0.016099,0.074432,0.005628,0,0.0,13
1900-01-01 09:28:48.657,0.865782,0.001192,0.238029,1680.487998,0.016993,0.071852,0.005586,0,0.0,13
1900-01-01 09:28:49.157,0.860499,0.001283,0.235821,1682.423351,0.017525,0.069824,0.005589,0,0.0,13
1900-01-01 09:28:49.661,0.85553,0.001049,0.233576,1683.991212,0.01711,0.072279,0.00562,0,0.0,13
1900-01-01 09:28:50.157,0.858467,0.000959,0.231435,1682.436659,0.015443,0.069431,0.005762,0,0.0,13
1900-01-01 09:28:50.661,0.882542,0.00082,0.239427,1674.58966,0.017265,0.064536,0.00603,0,0.0,13
1900-01-01 09:28:51.161,0.896401,0.001167,0.245119,1681.621834,0.016601,0.059584,0.005709,0,0.0,13
1900-01-01 09:28:51.657,0.898988,0.001044,0.246419,1698.520239,0.016294,0.059514,0.005745,0,0.0,13
1900-01-01 09:28:52.161,0.89422,0.001206,0.245825,1711.868451,0.015476,0.067294,0.005844,0,0.0,13
1900-01-01 09:28:52.657,0.898448,0.000906,0.246364,1719.965012,0.016464,0.064049,0.006034,0,0.0,13
1900-01-01 09:28:53.157,0.904634,0.001052,0.250153,1720.038092,0.017163,0.072441,0.006003,0,0.0,13
1900-01-01 09:28:53.661,0.907242,0.00081,0.248833,1726.377713,0.016371,0.084613,0.005846,0,0.0,13
1900-01-01 09:28:54.161,0.887665,0.001304,0.24262,1731.042454,0.017451,0.079481,0.005927,0,0.0,13
1900-01-01 09:28:54.657,0.888731,0.001245,0.241659,1724.955485,0.017629,0.085833,0.005686,0,0.0,13
1900-01-01 09:28:55.157,0.90811,0.001125,0.249106,1714.267166,0.016389,0.070742,0.006059,0,0.0,13
1900-01-01 09:28:55.661,0.91193,0.001039,0.250364,1717.902284,0.016662,0.076689,0.006036,0,0.0,13
1900-01-01 09:28:56.157,0.914305,0.001277,0.25181,1728.947863,0.017584,0.082998,0.005829,0,0.0,13
1900-01-01 09:28:56.661,0.926483,0.000914,0.254466,1735.882168,0.017593,0.089054,0.006129,0,0.0,13
1900-01-01 09:28:57.157,0.953122,0.000822,0.263609,1739.784317,0.017991,0.071668,0.005739,0,0.0,13
1900-01-01 09:28:57.661,0.98256,0.000883,0.273405,1755.62075,0.018385,0.071951,0.005951,0,0.0,13
1900-01-01 09:28:58.157,0.988424,0.001118,0.276148,1779.394411,0.016516,0.074907,0.006067,0,0.0,13
1900-01-01 09:28:58.661,1.032647,0.000935,0.288681,1803.507861,0.019401,0.083623,0.006018,0,0.0,13
1900-01-01 09:28:59.157,1.086636,0.001118,0.306044,1827.464543,0.021091,0.088705,0.005766,0,0.0,13
1900-01-01 09:28:59.661,1.154697,0.000945,0.33017,1864.791014,0.021346,0.104647,0.005756,0,0.0,13
1900-01-01 09:29:00.161,1.205638,0.001241,0.347281,1917.8243,0.018341,0.097984,0.00606,0,0.0,13
1900-01-01 09:29:00.657,1.229814,0.001023,0.35261,1978.233847,0.019102,0.089897,0.005672,0,0.0,13
1900-01-01 09:29:01.157,1.269062,0.001378,0.367567,2021.672668,0.019578,0.091518,0.005588,0,0.0,13
1900-01-01 09:29:01.661,1.28955,0.001279,0.374064,2059.903627,0.018073,0.093309,0.005666,0,0.0,13
1900-01-01 09:29:02.157,1.3073,0.001002,0.380561,2090.990008,0.018267,0.105595,0.005715,0,0.0,13
1900-01-01 09:29:02.656,1.312833,0.000805,0.380517,2113.725323,0.018023,0.127564,0.00562,0,0.0,13
1900-01-01 09:29:03.160,1.31476,0.000945,0.382395,2131.046717,0.017263,0.139657,0.005832,0,0.0,13
1900-01-01 09:29:03.656,1.329127,0.001383,0.385303,2136.930872,0.019809,0.149854,0.005862,0,0.0,13
1900-01-01 09:29:04.160,1.336835,0.00106,0.389358,2143.076962,0.016599,0.156603,0.005539,0,0.0,13
1900-01-01 09:29:04.656,1.33822,0.001076,0.390045,2154.649426,0.016582,0.159362,0.006114,0,0.0,13
1900-01-01 09:29:05.160,1.342814,0.000914,0.391728,2161.356199,0.018207,0.18164,0.005567,0,0.0,13
1900-01-01 09:29:05.656,1.34184,0.001076,0.392842,2165.894624,0.016198,0.186078,0.005581,0,0.0,13
1900-01-01 09:29:06.160,1.346533,0.001081,0.401699,2169.560339,0.017415,0.195061,0.005652,0,0.0,13
1900-01-01 09:29:06.661,1.356316,0.000994,0.405097,2178.80891,0.017981,0.188842,0.005712,0,0.0,13
1900-01-01 09:29:07.157,1.358004,0.000853,0.404326,2191.550406,0.017317,0.201829,0.005852,0,0.0,13
1900-01-01 09:29:07.661,1.356117,0.001039,0.403832,2200.459172,0.016013,0.192912,0.005852,0,0.0,13
1900-01-01 09:29:08.157,1.358681,0.001277,0.407345,2203.803204,0.019279,0.198775,0.005595,0,0.0,13
1900-01-01 09:29:08.656,1.366452,0.000995,0.406514,2207.341196,0.017171,0.209629,0.005829,0,0.0,13
1900-01-01 09:29:09.160,1.365868,0.000862,0.406457,2208.036543,0.018003,0.217505,0.005916,0,0.0,13
1900-01-01 09:29:09.656,1.361433,0.001383,0.4069,2207.710031,0.017638,0.21103,0.005469,0,0.0,13
1900-01-01 09:29:10.160,1.373504,0.001226,0.409464,2211.132975,0.017791,0.207353,0.005762,0,0.0,13
1900-01-01 09:29:10.656,1.371299,0.00134,0.411105,2213.289855,0.017795,0.218266,0.005765,0,0.0,13
1900-01-01 09:29:11.160,1.37267,0.001258,0.409173,2217.540998,0.018012,0.222505,0.005635,0,0.0,13
1900-01-01 09:29:11.656,1.376581,0.000875,0.410679,2219.335456,0.017362,0.204917,0.005734,0,0.0,13
1900-01-01 09:29:12.160,1.370149,0.000976,0.410668,2219.804854,0.017987,0.202895,0.005674,0,0.0,13
1900-01-01 09:29:12.656,1.373882,0.001213,0.410197,2220.865867,0.015943,0.18946,0.005658,0,0.0,13
1900-01-01 09:29:13.160,1.372639,0.001008,0.410467,2220.431624,0.01735,0.19081,0.005629,0,0.0,13
1900-01-01 09:29:13.657,1.372836,0.001186,0.409476,2219.587059,0.01763,0.189093,0.005548,0,0.0,13
1900-01-01 09:29:14.157,1.376327,0.001115,0.411077,2221.580541,0.017672,0.195928,0.005567,0,0.0,13
1900-01-01 09:29:14.656,1.373923,0.001289,0.411835,2220.909262,0.0194,0.192256,0.005705,0,0.0,13
1900-01-01 09:29:15.160,1.377817,0.001122,0.411725,2223.462573,0.016433,0.187474,0.005906,0,0.0,13
1900-01-01 09:29:15.656,1.383515,0.001055,0.414235,2225.85634,0.016381,0.180137,0.00582,0,0.0,13
1900-01-01 09:29:16.160,1.387744,0.001039,0.414714,2228.551572,0.017872,0.16746,0.005544,0,0.0,13
1900-01-01 09:29:16.656,1.384859,0.000928,0.414847,2232.358212,0.016834,0.170216,0.005956,0,0.0,13
1900-01-01 09:29:17.155,1.388075,0.001216,0.416566,2233.485233,0.01794,0.16421,0.005733,0,0.0,13
1900-01-01 09:29:17.659,1.38912,0.001206,0.415608,2236.316038,0.018885,0.161148,0.005615,0,0.0,13
1900-01-01 09:29:18.160,1.390228,0.001193,0.416247,2236.374744,0.017742,0.157972,0.005927,0,0.0,13
1900-01-01 09:29:18.656,1.392322,0.001351,0.416866,2237.015987,0.016651,0.152981,0.005683,0,0.0,13
1900-01-01 09:29:19.155,1.392283,0.001079,0.417358,2238.228387,0.018706,0.155243,0.005811,0,0.0,13
1900-01-01 09:29:19.659,1.394995,0.001268,0.417996,2238.495701,0.017207,0.1549,0.005592,0,0.0,13
1900-01-01 09:29:20.160,1.391318,0.001235,0.417714,2239.969667,0.017583,0.150488,0.005528,0,0.0,13
1900-01-01 09:29:20.656,1.402293,0.001383,0.420274,2241.01787,0.018678,0.149237,0.005469,0,0.0,13
1900-01-01 09:29:21.160,1.398745,0.001018,0.418634,2242.864383,0.018474,0.14358,0.005627,0,0.0,13
1900-01-01 09:29:21.656,1.401372,0.001012,0.420441,2245.514048,0.018059,0.147133,0.005752,0,0.0,13
1900-01-01 09:29:22.155,1.396923,0.000963,0.417837,2245.588779,0.019114,0.152278,0.005641,0,0.0,13
1900-01-01 09:29:22.659,1.402568,0.000935,0.418561,2246.082427,0.018135,0.14551,0.005945,0,0.0,13
1900-01-01 09:29:23.155,1.403161,0.000928,0.418829,2243.745995,0.016934,0.144675,0.005766,0,0.0,13
1900-01-01 09:29:23.659,1.394662,0.001143,0.417175,2244.754048,0.01804,0.146798,0.005635,0,0.0,13
1900-01-01 09:29:24.155,1.400875,0.001076,0.416384,2244.439909,0.017718,0.140056,0.005891,0,0.0,13
1900-01-01 09:29:24.654,1.394693,0.000837,0.415351,2240.940111,0.018466,0.145364,0.005887,0,0.0,13
1900-01-01 09:29:25.158,1.396474,0.001174,0.417522,2240.357302,0.017936,0.146309,0.005702,0,0.0,13
1900-01-01 09:29:25.659,1.396464,0.001287,0.417714,2241.578913,0.017077,0.142176,0.005467,0,0.0,13
1900-01-01 09:29:26.155,1.390977,0.000906,0.415069,2240.818251,0.016731,0.143572,0.005731,0,0.0,13
1900-01-01 09:29:26.659,1.398308,0.001112,0.415261,2240.179562,0.01759,0.142063,0.005721,0,0.0,13
1900-01-01 09:29:27.155,1.396556,0.00133,0.417495,2238.727006,0.018449,0.135552,0.005574,0,0.0,13
1900-01-01 09:29:27.659,1.400912,0.001331,0.418524,2239.131826,0.018314,0.141132,0.005683,0,0.0,13
1900-01-01 09:29:28.155,1.398768,0.001298,0.417477,2240.79924,0.016959,0.13492,0.005507,0,0.0,13
1900-01-01 09:29:28.654,1.393388,0.001005,0.415149,2240.203127,0.019772,0.141761,0.005634,0,0.0,13
1900-01-01 09:29:29.158,1.394787,0.001081,0.415881,2239.515372,0.016618,0.138784,0.005454,0,0.0,13
1900-01-01 09:29:29.654,1.395328,0.001256,0.415773,2237.966553,0.017387,0.139529,0.005442,0,0.0,13
1900-01-01 09:29:30.158,1.402506,0.000779,0.417503,2238.523766,0.017262,0.125603,0.005847,0,0.0,13
1900-01-01 09:29:30.654,1.397297,0.00115,0.41568,2238.508376,0.017761,0.12989,0.00564,0,0.0,13
1900-01-01 09:29:31.158,1.392286,0.000747,0.413949,2238.897957,0.017338,0.130337,0.005696,0,0.0,13
1900-01-01 09:29:31.659,1.400488,0.000868,0.415971,2238.812139,0.018139,0.125738,0.005957,0,0.0,13
1900-01-01 09:29:32.155,1.39736,0.001139,0.414624,2237.462753,0.01854,0.119557,0.005987,0,0.0,13
1900-01-01 09:29:32.659,1.399693,0.000747,0.41785,2236.269264,0.017166,0.128337,0.005657,0,0.0,13
1900-01-01 09:29:33.155,1.403013,0.000737,0.417143,2238.489364,0.018178,0.122584,0.005895,0,0.0,13
1900-01-01 09:29:33.659,1.405642,0.000966,0.417795,2238.645378,0.017517,0.130478,0.005828,0,0.0,13
1900-01-01 09:29:34.155,1.406189,0.001118,0.418255,2241.455131,0.016993,0.120376,0.005727,0,0.0,13
1900-01-01 09:29:34.654,1.40411,0.001068,0.418628,2243.689628,0.017241,0.124994,0.006289,0,0.0,13
1900-01-01 09:29:35.158,1.403579,0.001289,0.418761,2244.529534,0.018138,0.122358,0.005814,0,0.0,13
1900-01-01 09:29:35.654,1.408761,0.001108,0.41994,2245.485532,0.017309,0.119395,0.005691,0,0.0,13
1900-01-01 09:29:36.158,1.405631,0.001018,0.417576,2245.32469,0.017367,0.124952,0.005588,0,0.0,13
1900-01-01 09:29:36.654,1.408824,0.001552,0.420163,2245.742184,0.018373,0.111037,0.005737,0,0.0,13
1900-01-01 09:29:37.158,1.412194,0.001039,0.42042,2246.437908,0.017805,0.109684,0.005544,0,0.0,13
1900-01-01 09:29:37.654,1.412434,0.00115,0.420681,2247.738373,0.016745,0.105619,0.0056,0,0.0,13
1900-01-01 09:29:38.158,1.415496,0.001049,0.421204,2248.402412,0.017831,0.101701,0.005542,0,0.0,13
1900-01-01 09:29:38.657,1.415326,0.000953,0.421353,2251.125608,0.017758,0.101561,0.00576,0,0.0,13
1900-01-01 09:29:39.158,1.418031,0.000857,0.422958,2251.629642,0.017269,0.103162,0.005693,0,0.0,13
1900-01-01 09:29:39.654,1.415271,0.001086,0.423349,2253.993099,0.017926,0.110489,0.005618,0,0.0,13
1900-01-01 09:29:40.158,1.42332,0.000851,0.424284,2257.214613,0.017576,0.11459,0.00588,0,0.0,13
1900-01-01 09:29:40.654,1.42195,0.000864,0.423571,2259.221213,0.017787,0.109446,0.005735,0,0.0,13
1900-01-01 09:29:41.158,1.419101,0.001258,0.422243,2258.907828,0.016803,0.107286,0.005596,0,0.0,13
1900-01-01 09:29:41.654,1.417049,0.001393,0.422589,2258.764941,0.018023,0.10932,0.005624,0,0.0,13
1900-01-01 09:29:42.158,1.416851,0.001133,0.423172,2256.410102,0.016305,0.111079,0.005638,0,0.0,13
1900-01-01 09:29:42.654,1.423041,0.001351,0.423997,2258.166085,0.017628,0.115695,0.005564,0,0.0,13
1900-01-01 09:29:43.158,1.426341,0.000862,0.42567,2258.449444,0.018424,0.106933,0.00569,0,0.0,13
1900-01-01 09:29:43.654,1.423602,0.00097,0.425182,2260.485466,0.01724,0.110659,0.005721,0,0.0,13
1900-01-01 09:29:44.158,1.426685,0.000924,0.425396,2263.051995,0.018091,0.112808,0.005872,0,0.0,13
1900-01-01 09:29:44.654,1.426142,0.001002,0.426627,2262.291542,0.018704,0.109927,0.005907,0,0.0,13
1900-01-01 09:29:45.153,1.429025,0.001268,0.426398,2263.70158,0.016893,0.106446,0.005791,0,0.0,13
1900-01-01 09:29:45.657,1.425007,0.001185,0.426071,2264.707791,0.016579,0.109764,0.00566,0,0.0,13
1900-01-01 09:29:46.153,1.42592,0.000853,0.426516,2264.99115,0.016978,0.103659,0.005813,0,0.0,13
1900-01-01 09:29:46.657,1.426768,0.00106,0.426654,2266.672294,0.019165,0.111008,0.005379,0,0.0,13
1900-01-01 09:29:47.153,1.430143,0.000779,0.426609,2265.609018,0.017972,0.100996,0.005663,0,0.0,13
1900-01-01 09:29:47.657,1.432602,0.000997,0.427456,2265.736816,0.017976,0.102114,0.006081,0,0.0,13
1900-01-01 09:29:48.158,1.432106,0.000816,0.427983,2268.522019,0.016234,0.104396,0.005734,0,0.0,13
1900-01-01 09:29:48.654,1.433742,0.000726,0.429591,2268.783909,0.018069,0.103085,0.00597,0,0.0,13
1900-01-01 09:29:49.158,1.436102,0.001101,0.430209,2270.779042,0.017647,0.102217,0.005529,0,0.0,13
1900-01-01 09:29:49.657,1.436738,0.001111,0.429289,2274.331158,0.016846,0.100131,0.005648,0,0.0,13
1900-01-01 09:29:50.153,1.43568,0.00133,0.428276,2275.361827,0.018113,0.10274,0.005653,0,0.0,13
1900-01-01 09:29:50.657,1.442352,0.001049,0.431813,2275.914815,0.018368,0.107485,0.005462,0,0.0,13
1900-01-01 09:29:51.153,1.438157,0.001171,0.430406,2276.759159,0.018369,0.104767,0.005553,0,0.0,13
1900-01-01 09:29:51.657,1.434185,0.000758,0.427821,2278.206736,0.018582,0.101368,0.005618,0,0.0,13
1900-01-01 09:29:52.153,1.440602,0.00079,0.429887,2276.454978,0.018203,0.097449,0.005931,0,0.0,13
1900-01-01 09:29:52.657,1.441311,0.000914,0.432214,2274.502243,0.01759,0.094198,0.005722,0,0.0,13
1900-01-01 09:29:53.153,1.445259,0.000769,0.43161,2278.850405,0.017516,0.099125,0.005894,0,0.0,13
1900-01-01 09:29:53.657,1.440248,0.001049,0.432469,2280.320916,0.018479,0.096725,0.00562,0,0.0,13
1900-01-01 09:29:54.153,1.447345,0.000896,0.43261,2281.283854,0.018233,0.096118,0.005574,0,0.0,13
1900-01-01 09:29:54.657,1.443998,0.001091,0.432068,2280.7793,0.018091,0.096434,0.005411,0,0.0,13
1900-01-01 09:29:55.153,1.444487,0.001033,0.432517,2280.799066,0.017694,0.095895,0.00567,0,0.0,13
1900-01-01 09:29:55.653,1.444204,0.000789,0.432355,2281.449177,0.019027,0.095411,0.005737,0,0.0,13
1900-01-01 09:29:56.157,1.440467,0.001101,0.430592,2281.508973,0.017714,0.09544,0.005529,0,0.0,13
1900-01-01 09:29:56.657,1.444246,0.001083,0.432686,2279.468957,0.019267,0.096778,0.005576,0,0.0,13
1900-01-01 09:29:57.153,1.441523,0.00116,0.431943,2282.139364,0.01677,0.101923,0.005636,0,0.0,13
1900-01-01 09:29:57.653,1.447123,0.001052,0.433439,2281.477466,0.018566,0.094509,0.005778,0,0.0,13
1900-01-01 09:29:58.157,1.445405,0.00106,0.432797,2282.004776,0.018244,0.098951,0.005539,0,0.0,13
1900-01-01 09:29:58.653,1.452637,0.000864,0.43487,2284.915017,0.018647,0.096522,0.005618,0,0.0,13
1900-01-01 09:29:59.157,1.450947,0.000945,0.434146,2286.382812,0.01705,0.098016,0.005718,0,0.0,13
1900-01-01 09:29:59.653,1.449928,0.001129,0.435574,2287.871278,0.018184,0.096543,0.005763,0,0.0,13
1900-01-01 09:30:00.157,1.451207,0.001122,0.434347,2289.058279,0.018645,0.096046,0.005562,0,0.0,13
1900-01-01 09:30:00.657,1.454201,0.001146,0.435295,2287.314398,0.018351,0.095299,0.005598,0,0.0,13
1900-01-01 09:30:01.153,1.45956,0.000906,0.437704,2287.510063,0.0185,0.099949,0.005769,0,0.0,13
1900-01-01 09:30:01.653,1.454925,0.001052,0.435883,2290.482749,0.018081,0.100051,0.005892,0,0.0,13
1900-01-01 09:30:02.157,1.461937,0.000851,0.438412,2292.220194,0.016594,0.092112,0.006135,0,0.0,13
1900-01-01 09:30:02.653,1.455316,0.000695,0.43737,2293.755283,0.017711,0.093785,0.00578,0,0.0,13
1900-01-01 09:30:03.157,1.455166,0.001029,0.436735,2295.503721,0.018885,0.101729,0.005625,0,0.0,13
1900-01-01 09:30:03.657,1.453098,0.001115,0.436012,2294.358322,0.018292,0.096434,0.005646,0,0.0,13
1900-01-01 09:30:04.152,1.460232,0.001124,0.438354,2292.62432,0.016387,0.095964,0.005687,0,0.0,13
1900-01-01 09:30:04.656,1.46001,0.001133,0.437992,2293.492444,0.018405,0.096764,0.005753,0,0.0,13
1900-01-01 09:30:05.157,1.452898,0.001245,0.436583,2297.064961,0.018481,0.092737,0.005797,0,0.0,13
1900-01-01 09:30:05.653,1.460418,0.001171,0.437537,2297.462491,0.019245,0.092253,0.005866,0,0.0,13
1900-01-01 09:30:06.152,1.454951,0.001174,0.436469,2296.383989,0.016354,0.095676,0.005746,0,0.0,13
1900-01-01 09:30:06.656,1.458124,0.00106,0.438466,2297.24371,0.017811,0.089521,0.005657,0,0.0,13
1900-01-01 09:30:07.157,1.455224,0.000952,0.436987,2296.189757,0.018581,0.090339,0.005719,0,0.0,13
1900-01-01 09:30:07.653,1.45919,0.001002,0.438352,2295.285694,0.01903,0.085817,0.005676,0,0.0,13
1900-01-01 09:30:08.157,1.464812,0.001112,0.439141,2295.026627,0.017861,0.089929,0.005872,0,0.0,13
1900-01-01 09:30:08.653,1.45901,0.000832,0.438259,2297.557548,0.018184,0.083425,0.005891,0,0.0,13
1900-01-01 09:30:09.152,1.462706,0.000963,0.441698,2299.322477,0.018735,0.081681,0.005681,0,0.0,13
1900-01-01 09:30:09.656,1.458708,0.000862,0.438375,2300.536592,0.017507,0.08729,0.00569,0,0.0,13
1900-01-01 09:30:10.157,1.462895,0.00114,0.440086,2301.111603,0.018537,0.083641,0.005677,0,0.0,13
1900-01-01 09:30:10.653,1.459497,0.001393,0.439093,2300.304684,0.018027,0.080648,0.005381,0,0.0,13
1900-01-01 09:30:11.152,1.459233,0.001395,0.439857,2300.078358,0.019392,0.087423,0.005461,0,0.0,13
1900-01-01 09:30:11.656,1.461354,0.001112,0.43956,2299.891112,0.017858,0.081892,0.005834,0,0.0,13
1900-01-01 09:30:12.152,1.461603,0.001086,0.438926,2299.848412,0.017331,0.083499,0.005735,0,0.0,13
1900-01-01 09:30:12.656,1.461948,0.001216,0.438594,2300.835945,0.017148,0.092879,0.005765,0,0.0,13
1900-01-01 09:30:13.152,1.462778,0.001203,0.439889,2301.32179,0.016864,0.099156,0.005701,0,0.0,13
1900-01-01 09:30:13.656,1.463135,0.000966,0.439159,2301.097878,0.018392,0.104955,0.005559,0,0.0,13
1900-01-01 09:30:14.152,1.465467,0.001044,0.44076,2300.837001,0.017814,0.116228,0.005588,0,0.0,13
1900-01-01 09:30:14.656,1.465729,0.001154,0.441857,2301.631101,0.017792,0.126853,0.005553,0,0.0,13
1900-01-01 09:30:15.152,1.466854,0.001076,0.44302,2302.414941,0.016868,0.134436,0.00566,0,0.0,13
1900-01-01 09:30:15.656,1.469209,0.000935,0.441565,2304.933338,0.017954,0.14099,0.005524,0,0.0,13
1900-01-01 09:30:16.153,1.46805,0.000996,0.443267,2307.707491,0.016795,0.148341,0.005754,0,0.0,13
1900-01-01 09:30:16.656,1.46705,0.000972,0.441427,2306.682718,0.017722,0.152696,0.005558,0,0.0,13
1900-01-01 09:30:17.152,1.470823,0.001076,0.441334,2307.262828,0.018659,0.149649,0.005541,0,0.0,13
1900-01-01 09:30:17.656,1.468719,0.00106,0.44162,2306.402038,0.01862,0.141863,0.005657,0,0.0,13
1900-01-01 09:30:18.152,1.466642,0.000388,0.440315,2307.348379,0.016946,0.140014,0.005623,0,0.0,13
1900-01-01 09:30:18.651,1.476321,0.000942,0.444349,2305.936436,0.018543,0.1389,0.005913,0,0.0,13
1900-01-01 09:30:19.155,1.469271,0.000976,0.443352,2307.758481,0.016847,0.136461,0.005938,0,0.0,13
1900-01-01 09:30:19.656,1.473511,0.001004,0.44291,2310.202431,0.01862,0.129887,0.005863,0,0.0,13
1900-01-01 09:30:20.152,1.470527,0.00079,0.441797,2309.629738,0.017855,0.12866,0.005856,0,0.0,13
1900-01-01 09:30:20.656,1.476553,0.000862,0.442349,2309.386212,0.01714,0.129896,0.005728,0,0.0,13
1900-01-01 09:30:21.152,1.47113,0.001086,0.443279,2311.16015,0.016517,0.121142,0.005657,0,0.0,13
1900-01-01 09:30:21.656,1.470511,0.001018,0.442604,2310.050401,0.018728,0.126765,0.005743,0,0.0,13
1900-01-01 09:30:22.152,1.477365,0.001118,0.443946,2310.580304,0.018174,0.122847,0.005727,0,0.0,13
1900-01-01 09:30:22.656,1.471042,0.000966,0.442914,2310.705236,0.017765,0.122764,0.005676,0,0.0,13
1900-01-01 09:30:23.155,1.468282,0.0011,0.44306,2311.605544,0.017878,0.119838,0.005767,0,0.0,13
1900-01-01 09:30:23.651,1.474729,0.000906,0.444113,2311.66395,0.018513,0.119309,0.005731,0,0.0,13
1900-01-01 09:30:24.155,1.468896,0.000935,0.441583,2310.246852,0.018362,0.118821,0.005757,0,0.0,13
1900-01-01 09:30:24.656,1.471866,0.000878,0.443515,2310.324771,0.017384,0.116491,0.005729,0,0.0,13
1900-01-01 09:30:25.152,1.471384,0.000991,0.442316,2311.036576,0.018389,0.119472,0.005599,0,0.0,13
1900-01-01 09:30:25.651,1.466409,0.001111,0.441366,2310.471723,0.017764,0.116981,0.005803,0,0.0,13
1900-01-01 09:30:26.155,1.465083,0.001258,0.441766,2309.994273,0.017899,0.117143,0.005635,0,0.0,13
1900-01-01 09:30:26.651,1.467478,0.000949,0.441056,2306.483364,0.01747,0.122701,0.005646,0,0.0,13
1900-01-01 09:30:27.155,1.470511,0.001487,0.443789,2306.009137,0.017972,0.130759,0.005489,0,0.0,13
1900-01-01 09:30:27.651,1.465975,0.001002,0.442538,2307.681077,0.017342,0.124048,0.005982,0,0.0,13
1900-01-01 09:30:28.155,1.4695,0.000872,0.442495,2306.841712,0.017168,0.123675,0.005689,0,0.0,13
1900-01-01 09:30:28.656,1.46715,0.001098,0.441938,2307.529765,0.018901,0.114009,0.005804,0,0.0,13
1900-01-01 09:30:29.152,1.471225,0.001097,0.443427,2307.709594,0.018241,0.12027,0.005848,0,0.0,13
1900-01-01 09:30:29.651,1.463895,0.001079,0.441569,2308.903269,0.019293,0.124045,0.005734,0,0.0,13
1900-01-01 09:30:30.155,1.467156,0.000904,0.442003,2308.198155,0.017646,0.118361,0.005762,0,0.0,13
1900-01-01 09:30:30.654,1.466641,0.001026,0.441919,2306.021473,0.01767,0.116175,0.005669,0,0.0,13
1900-01-01 09:30:31.150,1.468505,0.001171,0.443594,2307.310357,0.019317,0.118871,0.005941,0,0.0,13
1900-01-01 09:30:31.654,1.468323,0.001352,0.443024,2308.759442,0.019371,0.114608,0.005674,0,0.0,13
1900-01-01 09:30:32.155,1.467601,0.001025,0.442525,2309.139011,0.017781,0.11921,0.005628,0,0.0,13
1900-01-01 09:30:32.651,1.469235,0.001287,0.444168,2310.37118,0.018228,0.110757,0.00567,0,0.0,13
1900-01-01 09:30:33.155,1.467729,0.001091,0.441839,2310.564914,0.017715,0.112581,0.00584,0,0.0,13
1900-01-01 09:30:33.654,1.469555,0.001058,0.44411,2311.75672,0.017294,0.113929,0.005739,0,0.0,13
1900-01-01 09:30:34.150,1.466801,0.001256,0.442668,2311.036576,0.017484,0.110269,0.005722,0,0.0,13
1900-01-01 09:30:34.654,1.472344,0.001216,0.443315,2308.048479,0.018778,0.112316,0.005765,0,0.0,13
1900-01-01 09:30:35.155,1.470378,0.001182,0.442855,2309.186065,0.018702,0.108331,0.005893,0,0.0,13
1900-01-01 09:30:35.651,1.469892,0.000938,0.444742,2309.278029,0.019144,0.113276,0.005488,0,0.0,13
1900-01-01 09:30:36.150,1.467893,0.001237,0.442177,2309.328452,0.019497,0.109329,0.005764,0,0.0,13
1900-01-01 09:30:36.654,1.466208,0.001101,0.443534,2310.611688,0.018097,0.107521,0.005723,0,0.0,13
1900-01-01 09:30:37.155,1.467045,0.001025,0.442158,2309.985982,0.017989,0.112535,0.005783,0,0.0,13
1900-01-01 09:30:37.651,1.468897,0.001023,0.44302,2310.798935,0.018562,0.107211,0.006015,0,0.0,13
1900-01-01 09:30:38.150,1.467146,0.000868,0.442121,2309.970951,0.01974,0.107203,0.005809,0,0.0,13
1900-01-01 09:30:38.654,1.47374,0.001529,0.445211,2309.47976,0.017315,0.103955,0.005505,0,0.0,13
1900-01-01 09:30:39.150,1.4686,0.001298,0.443798,2310.608821,0.018454,0.107425,0.005935,0,0.0,13
1900-01-01 09:30:39.654,1.4725,0.001164,0.444063,2311.8091,0.017634,0.107396,0.005667,0,0.0,13
1900-01-01 09:30:40.155,1.46955,0.00114,0.442946,2313.383279,0.017492,0.100717,0.005479,0,0.0,13
1900-01-01 09:30:40.654,1.46944,0.000953,0.443152,2311.690581,0.017357,0.104358,0.005986,0,0.0,13
1900-01-01 09:30:41.150,1.472072,0.000801,0.443335,2311.549882,0.019035,0.105644,0.005662,0,0.0,13
1900-01-01 09:30:41.654,1.466323,0.000862,0.442568,2311.659423,0.017471,0.103047,0.005651,0,0.0,13
1900-01-01 09:30:42.150,1.470453,0.000853,0.442723,2311.549882,0.016921,0.106299,0.00589,0,0.0,13
1900-01-01 09:30:42.654,1.471938,0.001289,0.444682,2310.695881,0.018403,0.10571,0.0057,0,0.0,13
1900-01-01 09:30:43.150,1.467404,0.001055,0.442205,2310.257112,0.017479,0.101086,0.005782,0,0.0,13
1900-01-01 09:30:43.649,1.470018,0.001279,0.443189,2311.161464,0.017387,0.107392,0.00571,0,0.0,13
1900-01-01 09:30:44.153,1.467083,0.001226,0.442896,2309.788468,0.018796,0.103929,0.005607,0,0.0,13
1900-01-01 09:30:44.649,1.471681,0.00134,0.443779,2311.511859,0.016757,0.100195,0.005529,0,0.0,13
1900-01-01 09:30:45.153,1.469136,0.001174,0.44337,2312.370386,0.017847,0.10024,0.005546,0,0.0,13
1900-01-01 09:30:45.654,1.472411,0.001214,0.444377,2312.150465,0.017868,0.102589,0.005614,0,0.0,13
1900-01-01 09:30:46.150,1.470146,0.001002,0.443964,2313.89778,0.018794,0.101651,0.005597,0,0.0,13
1900-01-01 09:30:46.654,1.472563,0.000997,0.443917,2312.351677,0.017157,0.103915,0.005553,0,0.0,13
1900-01-01 09:30:47.150,1.473523,0.000938,0.445187,2312.262806,0.016277,0.098965,0.005528,0,0.0,13
1900-01-01 09:30:47.649,1.471923,0.000858,0.444294,2313.429107,0.018386,0.099056,0.005576,0,0.0,13
1900-01-01 09:30:48.153,1.47,0.001008,0.4445,2312.529418,0.017949,0.102535,0.00559,0,0.0,13
1900-01-01 09:30:48.654,1.470818,0.001046,0.443332,2313.834997,0.018419,0.101608,0.005701,0,0.0,13
1900-01-01 09:30:49.150,1.466166,0.000896,0.442742,2312.509954,0.018681,0.101493,0.005654,0,0.0,13
1900-01-01 09:30:49.649,1.469797,0.000932,0.443171,2312.030727,0.01856,0.103394,0.005915,0,0.0,13
1900-01-01 09:30:50.153,1.470854,0.000904,0.443789,2311.556521,0.018378,0.097999,0.005799,0,0.0,13
1900-01-01 09:30:50.649,1.468706,0.000758,0.444353,2309.838863,0.018623,0.098446,0.005663,0,0.0,13
1900-01-01 09:30:51.153,1.475355,0.000966,0.445612,2311.042008,0.019437,0.099214,0.005598,0,0.0,13
1900-01-01 09:30:51.654,1.470682,0.000962,0.445092,2312.724524,0.01882,0.097557,0.005982,0,0.0,13
1900-01-01 09:30:52.150,1.468939,0.001044,0.444261,2312.918697,0.017497,0.095633,0.005707,0,0.0,13
1900-01-01 09:30:52.649,1.470944,0.000626,0.442453,2313.807048,0.018041,0.098988,0.005579,0,0.0,13
1900-01-01 09:30:53.153,1.47025,0.000987,0.444828,2312.02426,0.018245,0.096307,0.005899,0,0.0,13
1900-01-01 09:30:53.649,1.471607,0.000938,0.444113,2313.565082,0.016975,0.09728,0.005955,0,0.0,13
1900-01-01 09:30:54.153,1.470459,0.000716,0.444117,2314.877467,0.018246,0.100243,0.005996,0,0.0,13
1900-01-01 09:30:54.649,1.468113,0.000483,0.442334,2313.184856,0.018351,0.094656,0.00576,0,0.0,13
1900-01-01 09:30:55.153,1.469104,0.000872,0.442787,2310.995234,0.018196,0.099473,0.005611,0,0.0,13
1900-01-01 09:30:55.651,1.470243,0.000674,0.4444,2309.182323,0.016559,0.095401,0.005661,0,0.0,13
1900-01-01 09:30:56.153,1.473961,0.001061,0.443906,2310.092069,0.01803,0.096604,0.005961,0,0.0,13
1900-01-01 09:30:56.649,1.472655,0.000896,0.444761,2311.987142,0.017766,0.093448,0.005693,0,0.0,13
1900-01-01 09:30:57.153,1.471969,0.001018,0.444828,2311.958776,0.018135,0.096425,0.005931,0,0.0,13
1900-01-01 09:30:57.649,1.469045,0.001108,0.442057,2312.700067,0.017441,0.098167,0.005691,0,0.0,13
1900-01-01 09:30:58.149,1.471873,0.000726,0.444446,2311.482506,0.018553,0.098661,0.005621,0,0.0,13
1900-01-01 09:30:58.653,1.468865,0.001164,0.441347,2311.294587,0.018619,0.09655,0.005744,0,0.0,13
1900-01-01 09:30:59.150,1.473987,0.00126,0.444746,2312.061811,0.018657,0.09692,0.00568,0,0.0,13
1900-01-01 09:30:59.653,1.470776,0.001274,0.444678,2312.250504,0.016976,0.10037,0.005783,0,0.0,13
1900-01-01 09:31:00.149,1.46931,0.001129,0.444502,2312.985237,0.019057,0.097415,0.005953,0,0.0,13
1900-01-01 09:31:00.653,1.472823,0.001383,0.446141,2312.117807,0.018558,0.097277,0.005382,0,0.0,13
1900-01-01 09:31:01.153,1.468818,0.000978,0.444207,2313.990784,0.017116,0.096637,0.005599,0,0.0,13
1900-01-01 09:31:01.649,1.472993,0.001309,0.443835,2313.61261,0.017335,0.097173,0.005701,0,0.0,13
1900-01-01 09:31:02.149,1.468671,0.001115,0.44406,2313.443866,0.018031,0.092981,0.005646,0,0.0,13
1900-01-01 09:31:02.653,1.470177,0.001049,0.443771,2312.370386,0.017791,0.097865,0.005659,0,0.0,13
1900-01-01 09:31:03.149,1.473724,0.001139,0.445428,2311.854063,0.018158,0.096091,0.005875,0,0.0,13
1900-01-01 09:31:03.653,1.468344,0.000789,0.444135,2313.764248,0.019276,0.096252,0.006067,0,0.0,13
1900-01-01 09:31:04.153,1.466276,0.00101,0.441873,2313.311851,0.018331,0.095651,0.005749,0,0.0,13
1900-01-01 09:31:04.649,1.471861,0.000769,0.443668,2311.426308,0.017081,0.098676,0.005969,0,0.0,13
1900-01-01 09:31:05.149,1.47662,0.000894,0.445401,2311.227906,0.017659,0.095297,0.005572,0,0.0,13
1900-01-01 09:31:05.653,1.474219,0.000851,0.445065,2310.75201,0.018171,0.095811,0.005805,0,0.0,13
1900-01-01 09:31:06.149,1.473851,0.000896,0.443335,2313.39398,0.017543,0.094247,0.005998,0,0.0,13
1900-01-01 09:31:06.653,1.469771,0.000997,0.442841,2312.65103,0.017549,0.095885,0.005785,0,0.0,13
1900-01-01 09:31:07.153,1.472629,0.001336,0.445034,2313.066681,0.018657,0.095505,0.005567,0,0.0,13
1900-01-01 09:31:07.649,1.466123,0.001044,0.442501,2313.89778,0.018302,0.093542,0.005588,0,0.0,13
1900-01-01 09:31:08.153,1.466042,0.001008,0.444409,2312.099098,0.019431,0.095305,0.005821,0,0.0,13
1900-01-01 09:31:08.653,1.470834,0.000621,0.443288,2311.199617,0.017113,0.100369,0.005657,0,0.0,13
1900-01-01 09:31:09.149,1.469331,0.000875,0.443427,2309.971942,0.018278,0.097731,0.005925,0,0.0,13
1900-01-01 09:31:09.648,1.47147,0.000995,0.443705,2311.142567,0.018296,0.09542,0.005752,0,0.0,13
1900-01-01 09:31:10.152,1.469886,0.000747,0.442896,2312.426515,0.019566,0.094661,0.005696,0,0.0,13
1900-01-01 09:31:10.649,1.468346,0.001059,0.443674,2311.587484,0.018666,0.096213,0.005702,0,0.0,13
1900-01-01 09:31:11.149,1.46845,0.000905,0.44259,2312.378319,0.019598,0.094546,0.005649,0,0.0,13
1900-01-01 09:31:11.653,1.473365,0.00106,0.44388,2312.155227,0.017172,0.097206,0.00581,0,0.0,13
1900-01-01 09:31:12.149,1.467277,0.000864,0.443186,2312.519459,0.017775,0.095609,0.005497,0,0.0,13
1900-01-01 09:31:12.653,1.469542,0.000924,0.44244,2312.894254,0.019411,0.095516,0.005643,0,0.0,13
1900-01-01 09:31:13.149,1.474518,0.000695,0.445002,2310.114527,0.017144,0.093172,0.005895,0,0.0,13
1900-01-01 09:31:13.653,1.472,0.00106,0.442714,2313.118769,0.01753,0.09239,0.00581,0,0.0,13
1900-01-01 09:31:14.149,1.470929,0.000896,0.443687,2314.268501,0.017352,0.091448,0.005771,0,0.0,13
1900-01-01 09:31:14.648,1.470828,0.001184,0.443318,2311.870103,0.017739,0.094662,0.005507,0,0.0,13
1900-01-01 09:31:15.152,1.471594,0.000987,0.443096,2310.546205,0.017384,0.0931,0.005825,0,0.0,13
1900-01-01 09:31:15.653,1.471908,0.001067,0.445312,2310.174198,0.017441,0.092742,0.005696,0,0.0,13
1900-01-01 09:31:16.152,1.470976,0.000879,0.444294,2312.52205,0.017824,0.094778,0.005614,0,0.0,13
1900-01-01 09:31:16.653,1.472673,0.001203,0.445826,2314.390234,0.018583,0.093932,0.005811,0,0.0,13
1900-01-01 09:31:17.149,1.470548,0.001309,0.443501,2314.563177,0.017764,0.090465,0.005893,0,0.0,13
1900-01-01 09:31:17.648,1.47086,0.001016,0.442434,2315.403847,0.016429,0.092377,0.005863,0,0.0,13
1900-01-01 09:31:18.152,1.471448,0.001091,0.44501,2311.537811,0.017492,0.093983,0.005802,0,0.0,13
1900-01-01 09:31:18.648,1.47221,0.000917,0.445428,2312.45292,0.018045,0.090076,0.005531,0,0.0,13
1900-01-01 09:31:19.152,1.470719,0.000966,0.443935,2312.286193,0.017613,0.094429,0.00579,0,0.0,13
1900-01-01 09:31:19.648,1.470537,0.000917,0.443557,2312.405391,0.020225,0.091237,0.005995,0,0.0,13
1900-01-01 09:31:20.147,1.472985,0.000669,0.445122,2311.388228,0.019331,0.095326,0.005815,0,0.0,13
1900-01-01 09:31:20.651,1.467052,0.000987,0.444135,2313.193607,0.018348,0.092712,0.005825,0,0.0,13
1900-01-01 09:31:21.152,1.473689,0.000826,0.445477,2314.785488,0.018375,0.090878,0.005695,0,0.0,13
1900-01-01 09:31:21.648,1.47149,0.000779,0.444613,2314.068882,0.018193,0.093167,0.005663,0,0.0,13
1900-01-01 09:31:22.147,1.470913,0.001026,0.444349,2313.996018,0.017176,0.089847,0.00547,0,0.0,13
1900-01-01 09:31:22.651,1.470104,0.000945,0.444154,2313.06264,0.018845,0.094742,0.00598,0,0.0,13
1900-01-01 09:31:23.147,1.467277,0.000917,0.444224,2312.471931,0.017437,0.094989,0.005611,0,0.0,13
1900-01-01 09:31:23.651,1.466833,0.000695,0.443188,2312.491999,0.017516,0.09631,0.005848,0,0.0,13
1900-01-01 09:31:24.147,1.470781,0.000949,0.444724,2313.593599,0.018429,0.094673,0.005686,0,0.0,13
1900-01-01 09:31:24.651,1.471646,0.001029,0.443917,2313.464896,0.017429,0.092692,0.005664,0,0.0,13
1900-01-01 09:31:25.152,1.468051,0.001004,0.442928,2313.185653,0.016826,0.0918,0.00571,0,0.0,13
1900-01-01 09:31:25.648,1.468262,0.001012,0.44176,2311.81604,0.016585,0.093358,0.005351,0,0.0,13
1900-01-01 09:31:26.152,1.472834,0.000851,0.443662,2313.109414,0.018166,0.095903,0.005691,0,0.0,13
1900-01-01 09:31:26.648,1.468516,0.000864,0.444909,2312.424403,0.017981,0.092362,0.006111,0,0.0,13
1900-01-01 09:31:27.147,1.466609,0.000626,0.443447,2312.068521,0.018599,0.095276,0.005619,0,0.0,13
1900-01-01 09:31:27.651,1.467417,0.00082,0.442823,2313.970054,0.01852,0.09184,0.005769,0,0.0,13
1900-01-01 09:31:28.152,1.465337,0.000973,0.442836,2312.668059,0.017043,0.093179,0.005754,0,0.0,13
1900-01-01 09:31:28.651,1.471113,0.001047,0.446209,2311.142567,0.017727,0.090264,0.005585,0,0.0,13
1900-01-01 09:31:29.147,1.470601,0.000536,0.444909,2311.473837,0.018319,0.092508,0.005806,0,0.0,13
1900-01-01 09:31:29.651,1.46974,0.000956,0.443024,2314.026182,0.017706,0.092212,0.005792,0,0.0,13
1900-01-01 09:31:30.147,1.470146,0.000949,0.445706,2314.116411,0.017247,0.09325,0.005607,0,0.0,13
1900-01-01 09:31:30.651,1.468959,0.000987,0.443297,2314.774564,0.017754,0.085255,0.005825,0,0.0,13
1900-01-01 09:31:31.147,1.469585,0.001129,0.444261,2314.049871,0.018298,0.091568,0.005763,0,0.0,13
1900-01-01 09:31:31.651,1.468313,0.000726,0.443425,2311.294587,0.018167,0.093562,0.005772,0,0.0,13
1900-01-01 09:31:32.147,1.471352,0.001044,0.445205,2312.405391,0.018463,0.090718,0.005588,0,0.0,13
1900-01-01 09:31:32.651,1.471959,0.001029,0.445612,2313.249736,0.019124,0.089964,0.005625,0,0.0,13
1900-01-01 09:31:33.147,1.467415,0.000843,0.442612,2315.104999,0.017373,0.092479,0.005776,0,0.0,13
1900-01-01 09:31:33.651,1.46675,0.001154,0.443953,2314.026182,0.018857,0.088031,0.005631,0,0.0,13
1900-01-01 09:31:34.147,1.470813,0.00079,0.445391,2311.901591,0.018185,0.090874,0.005818,0,0.0,13
1900-01-01 09:31:34.651,1.467,0.000945,0.442859,2312.295548,0.018037,0.091958,0.005794,0,0.0,13
1900-01-01 09:31:35.147,1.470442,0.001213,0.444224,2311.797029,0.01618,0.090645,0.005579,0,0.0,13
1900-01-01 09:31:35.651,1.469761,0.00107,0.445047,2312.828771,0.017848,0.091576,0.005807,0,0.0,13
1900-01-01 09:31:36.147,1.475375,0.000906,0.444816,2315.466215,0.017771,0.092393,0.005769,0,0.0,13
1900-01-01 09:31:36.646,1.464263,0.001026,0.443005,2315.120391,0.019276,0.088937,0.005669,0,0.0,13
1900-01-01 09:31:37.150,1.470479,0.000768,0.445156,2314.811984,0.017392,0.089244,0.005772,0,0.0,13
1900-01-01 09:31:37.646,1.469553,0.000928,0.444242,2315.143022,0.018492,0.089522,0.005649,0,0.0,13
1900-01-01 09:31:38.150,1.46874,0.000945,0.444409,2314.10102,0.018365,0.084288,0.005794,0,0.0,13
1900-01-01 09:31:38.646,1.469987,0.001129,0.445817,2314.258996,0.01735,0.090105,0.005685,0,0.0,13
1900-01-01 09:31:39.150,1.469834,0.001081,0.443971,2313.324574,0.01948,0.096505,0.005729,0,0.0,13
1900-01-01 09:31:39.646,1.469405,0.001086,0.444187,2314.68675,0.0171,0.090286,0.005578,0,0.0,13
1900-01-01 09:31:40.150,1.47325,0.001081,0.444719,2315.915847,0.019028,0.092131,0.005767,0,0.0,13
1900-01-01 09:31:40.646,1.467838,0.000695,0.443742,2315.665833,0.018026,0.095003,0.005895,0,0.0,13
1900-01-01 09:31:41.150,1.469573,0.000904,0.44419,2316.102943,0.017954,0.086304,0.005949,0,0.0,13
1900-01-01 09:31:41.651,1.473532,0.000952,0.446082,2315.538351,0.018295,0.090781,0.005719,0,0.0,13
1900-01-01 09:31:42.147,1.472517,0.000959,0.445446,2316.777996,0.01848,0.093174,0.005952,0,0.0,13
1900-01-01 09:31:42.646,1.46965,0.001037,0.443981,2317.265204,0.018706,0.086047,0.005548,0,0.0,13
1900-01-01 09:31:43.150,1.470938,0.001185,0.444573,2316.046814,0.017834,0.087987,0.005622,0,0.0,13
1900-01-01 09:31:43.646,1.466229,0.000726,0.44352,2315.551766,0.019198,0.089491,0.005742,0,0.0,13
1900-01-01 09:31:44.150,1.470625,0.00106,0.443479,2313.184252,0.018481,0.085022,0.005885,0,0.0,13
1900-01-01 09:31:44.648,1.464814,0.000958,0.443662,2314.720803,0.017568,0.090223,0.005798,0,0.0,13
1900-01-01 09:31:45.150,1.470541,0.000695,0.444034,2314.637821,0.01725,0.088968,0.005697,0,0.0,13
1900-01-01 09:31:45.646,1.468113,0.000875,0.443946,2315.200056,0.017563,0.091204,0.005616,0,0.0,13
1900-01-01 09:31:46.150,1.467844,0.000737,0.443042,2315.897138,0.018225,0.088196,0.005579,0,0.0,13
1900-01-01 09:31:46.651,1.467423,0.000868,0.44236,2315.030168,0.017603,0.08811,0.005653,0,0.0,13
1900-01-01 09:31:47.147,1.469288,0.000589,0.443946,2314.24949,0.017794,0.090618,0.005696,0,0.0,13
1900-01-01 09:31:47.646,1.471376,0.000858,0.444846,2313.060615,0.01805,0.088647,0.005694,0,0.0,13
1900-01-01 09:31:48.150,1.470907,0.000758,0.443461,2314.493921,0.017745,0.086111,0.005734,0,0.0,13
1900-01-01 09:31:48.646,1.46968,0.001012,0.444798,2314.258996,0.01759,0.09099,0.005555,0,0.0,13
1900-01-01 09:31:49.145,1.467535,0.000805,0.444533,2315.64006,0.017738,0.089071,0.005698,0,0.0,13
1900-01-01 09:31:49.649,1.469709,0.000997,0.443917,2315.148756,0.01833,0.088456,0.005785,0,0.0,13
1900-01-01 09:31:50.145,1.469288,0.000981,0.443761,2314.420592,0.018245,0.091808,0.005797,0,0.0,13
1900-01-01 09:31:50.649,1.470052,0.000789,0.444573,2315.897138,0.018243,0.091312,0.005656,0,0.0,13
1900-01-01 09:31:51.150,1.473564,0.001172,0.444157,2314.794899,0.016969,0.09049,0.005783,0,0.0,13
1900-01-01 09:31:51.646,1.469574,0.000769,0.444594,2313.10881,0.016841,0.084984,0.00578,0,0.0,13
1900-01-01 09:31:52.145,1.468914,0.000711,0.443392,2314.062158,0.017526,0.09243,0.005854,0,0.0,13
1900-01-01 09:31:52.649,1.466615,0.000779,0.443297,2312.697804,0.017867,0.086107,0.005656,0,0.0,13
1900-01-01 09:31:53.145,1.473618,0.000981,0.445391,2312.795124,0.018334,0.085756,0.005835,0,0.0,13
1900-01-01 09:31:53.649,1.466906,0.000747,0.442859,2313.427476,0.018222,0.086977,0.005579,0,0.0,13
1900-01-01 09:31:54.145,1.470442,0.00061,0.444798,2314.373063,0.018423,0.088795,0.005659,0,0.0,13
1900-01-01 09:31:54.649,1.47123,0.000956,0.444445,2314.222633,0.016334,0.088468,0.005716,0,0.0,13
1900-01-01 09:31:55.150,1.466773,0.000658,0.443387,2313.976159,0.017731,0.089214,0.005774,0,0.0,13
1900-01-01 09:31:55.649,1.467325,0.000753,0.444128,2314.742451,0.018165,0.089969,0.005502,0,0.0,13
1900-01-01 09:31:56.150,1.468209,0.001078,0.445954,2314.418467,0.018034,0.089073,0.005694,0,0.0,13
1900-01-01 09:31:56.646,1.471374,0.000642,0.44415,2313.574588,0.017935,0.087159,0.005739,0,0.0,13
1900-01-01 09:31:57.145,1.470997,0.000953,0.445196,2314.232231,0.018495,0.091267,0.005911,0,0.0,13
1900-01-01 09:31:57.649,1.467635,0.001091,0.444081,2315.017789,0.017702,0.089473,0.005764,0,0.0,13
1900-01-01 09:31:58.145,1.466377,0.000779,0.442427,2315.409181,0.018456,0.08572,0.005702,0,0.0,13
1900-01-01 09:31:58.649,1.469406,0.001091,0.445685,2312.791351,0.018606,0.089589,0.005802,0,0.0,13
1900-01-01 09:31:59.145,1.470971,0.000525,0.443853,2312.985237,0.017169,0.084183,0.00561,0,0.0,13
1900-01-01 09:31:59.649,1.467333,0.000987,0.444537,2314.914886,0.017242,0.088709,0.005594,0,0.0,13
1900-01-01 09:32:00.147,1.467112,0.000737,0.44285,2315.421397,0.017817,0.089243,0.005893,0,0.0,13
1900-01-01 09:32:00.649,1.470164,0.000894,0.444327,2315.18256,0.017689,0.088841,0.00561,0,0.0,13
1900-01-01 09:32:01.145,1.467817,0.000875,0.444094,2314.03086,0.019279,0.085248,0.005773,0,0.0,13
1900-01-01 09:32:01.645,1.469206,0.000926,0.44496,2315.131767,0.01906,0.088342,0.005724,0,0.0,13
1900-01-01 09:32:02.149,1.466729,0.001029,0.444354,2316.711004,0.019144,0.089658,0.005779,0,0.0,13
1900-01-01 09:32:02.646,1.469371,0.000785,0.444432,2314.082443,0.017356,0.083281,0.00574,0,0.0,13
1900-01-01 09:32:03.149,1.467092,0.001087,0.443436,2314.481368,0.017992,0.08635,0.00569,0,0.0,13
1900-01-01 09:32:03.649,1.469437,0.000695,0.445346,2312.680067,0.018339,0.089535,0.005852,0,0.0,13
1900-01-01 09:32:04.149,1.469574,0.000747,0.442737,2312.651778,0.017189,0.087854,0.005927,0,0.0,13
1900-01-01 09:32:04.645,1.472083,0.001139,0.447891,2314.40158,0.018573,0.087685,0.005563,0,0.0,13
1900-01-01 09:32:05.149,1.469021,0.000581,0.445047,2315.073917,0.018693,0.091261,0.005765,0,0.0,13
1900-01-01 09:32:05.649,1.467705,0.001199,0.444703,2317.76263,0.017121,0.088448,0.005852,0,0.0,13
1900-01-01 09:32:06.145,1.471945,0.001108,0.448614,2317.091683,0.017551,0.08718,0.005612,0,0.0,13
1900-01-01 09:32:06.649,1.470261,0.000362,0.443552,2315.569721,0.016419,0.086035,0.005531,0,0.0,13
1900-01-01 09:32:07.145,1.470961,0.001203,0.446298,2316.597388,0.018038,0.091487,0.005779,0,0.0,13
1900-01-01 09:32:07.649,1.469625,0.000976,0.446086,2315.943912,0.017062,0.084798,0.005674,0,0.0,13
1900-01-01 09:32:08.145,1.472845,0.000716,0.442946,2317.05366,0.016924,0.082454,0.00578,0,0.0,13
1900-01-01 09:32:08.649,1.468136,0.001154,0.445193,2317.478095,0.016656,0.08463,0.005474,0,0.0,13
1900-01-01 09:32:09.145,1.47221,0.001033,0.447336,2316.502332,0.018572,0.085841,0.005863,0,0.0,13
1900-01-01 09:32:09.645,1.473532,0.001062,0.448084,2316.574499,0.01779,0.088359,0.00566,0,0.0,13
1900-01-01 09:32:10.149,1.467469,0.000258,0.441128,2316.823261,0.017229,0.089181,0.0055,0,0.0,13
1900-01-01 09:32:10.645,1.470453,0.001277,0.446335,2317.40537,0.019034,0.089893,0.005555,0,0.0,13
1900-01-01 09:32:11.149,1.468083,0.001247,0.447289,2316.954228,0.018024,0.087647,0.005716,0,0.0,13
1900-01-01 09:32:11.648,1.470334,0.001163,0.446282,2315.743993,0.018299,0.087861,0.005633,0,0.0,13
1900-01-01 09:32:12.149,1.465872,0.000648,0.445055,2316.639414,0.017544,0.085223,0.005696,0,0.0,13
1900-01-01 09:32:12.649,1.469574,0.000275,0.441689,2314.311391,0.017174,0.087756,0.005627,0,0.0,13
1900-01-01 09:32:13.149,1.468965,0.00038,0.441469,2314.452835,0.016214,0.088819,0.005377,0,0.0,13
1900-01-01 09:32:13.645,1.467499,0.000938,0.440741,2315.589788,0.017145,0.084153,0.005687,0,0.0,13
1900-01-01 09:32:14.149,1.469125,0.001133,0.446159,2316.009395,0.018065,0.085115,0.005715,0,0.0,13
1900-01-01 09:32:14.645,1.469638,0.00151,0.444928,2315.437698,0.019323,0.087123,0.005524,0,0.0,13
1900-01-01 09:32:15.149,1.473323,0.001206,0.446906,2315.148756,0.018223,0.08757,0.005615,0,0.0,13
1900-01-01 09:32:15.645,1.47312,0.00116,0.447873,2316.568871,0.019209,0.086757,0.005831,0,0.0,13
1900-01-01 09:32:16.149,1.466688,0.001435,0.446815,2317.113259,0.01806,0.090041,0.005712,0,0.0,13
1900-01-01 09:32:16.645,1.470167,0.00097,0.446446,2318.973804,0.018124,0.082686,0.005798,0,0.0,13
1900-01-01 09:32:17.144,1.472207,0.00131,0.447718,2316.112485,0.018095,0.085428,0.005579,0,0.0,13
1900-01-01 09:32:17.648,1.471063,0.001081,0.447672,2317.431322,0.019063,0.090615,0.00569,0,0.0,13
1900-01-01 09:32:18.144,1.467923,0.001287,0.446854,2318.251374,0.018758,0.086479,0.00547,0,0.0,13
1900-01-01 09:32:18.648,1.468094,0.001112,0.447362,2317.93648,0.017637,0.090587,0.005721,0,0.0,13
1900-01-01 09:32:19.149,1.471845,0.001004,0.447219,2316.215929,0.018086,0.085827,0.005632,0,0.0,13
1900-01-01 09:32:19.648,1.467062,0.000584,0.446061,2317.340792,0.020378,0.085441,0.005615,0,0.0,13
1900-01-01 09:32:20.145,1.468082,0.00107,0.44739,2316.7197,0.017584,0.084648,0.005891,0,0.0,13
1900-01-01 09:32:20.645,1.46971,0.000947,0.448562,2316.857387,0.018367,0.086994,0.00576,0,0.0,13
1900-01-01 09:32:21.144,1.466672,0.001068,0.446945,2316.46208,0.01886,0.087227,0.00562,0,0.0,13
1900-01-01 09:32:21.648,1.467781,0.00131,0.446688,2317.169388,0.01985,0.088525,0.005536,0,0.0,13
1900-01-01 09:32:22.149,1.470734,0.001098,0.447219,2318.615681,0.020068,0.087749,0.005991,0,0.0,13
1900-01-01 09:32:22.645,1.467859,0.000981,0.44615,2317.538449,0.018507,0.086313,0.005601,0,0.0,13
1900-01-01 09:32:23.144,1.470018,0.001321,0.447129,2318.521856,0.018076,0.087561,0.005454,0,0.0,13
1900-01-01 09:32:23.648,1.467802,0.001299,0.44625,2317.955189,0.018094,0.085868,0.005696,0,0.0,13
1900-01-01 09:32:24.144,1.470326,0.001129,0.446909,2317.129705,0.01726,0.085719,0.005763,0,0.0,13
1900-01-01 09:32:24.643,1.472722,0.001289,0.447203,2317.180167,0.017766,0.08626,0.005705,0,0.0,13
1900-01-01 09:32:25.147,1.463948,0.001154,0.444445,2315.915847,0.017865,0.086697,0.005747,0,0.0,13
1900-01-01 09:32:25.645,1.467924,0.001117,0.4463,2317.390634,0.018632,0.088106,0.005608,0,0.0,13
1900-01-01 09:32:26.144,1.470218,0.001584,0.4484,2315.76289,0.019081,0.0896,0.005556,0,0.0,13
1900-01-01 09:32:26.648,1.468677,0.001122,0.446669,2315.261013,0.01879,0.088204,0.005718,0,0.0,13
1900-01-01 09:32:27.144,1.471257,0.001298,0.445465,2316.98712,0.017904,0.083443,0.005783,0,0.0,13
1900-01-01 09:32:27.643,1.465904,0.001132,0.444386,2316.159728,0.017236,0.083838,0.005681,0,0.0,13
1900-01-01 09:32:28.147,1.466615,0.001091,0.443115,2318.694217,0.01795,0.088784,0.00561,0,0.0,13
1900-01-01 09:32:28.643,1.470061,0.001245,0.443223,2318.584072,0.015686,0.088783,0.005405,0,0.0,13
1900-01-01 09:32:29.147,1.46501,0.000581,0.44162,2315.101982,0.015643,0.087823,0.005572,0,0.0,13
1900-01-01 09:32:29.648,1.469047,0.000491,0.444725,2316.601771,0.016572,0.086581,0.00564,0,0.0,13
1900-01-01 09:32:30.144,1.467912,0.00097,0.445391,2315.589788,0.01892,0.084999,0.005603,0,0.0,13
1900-01-01 09:32:30.648,1.467042,0.000976,0.445758,2316.205846,0.018944,0.088125,0.005864,0,0.0,13
1900-01-01 09:32:31.147,1.467241,0.001142,0.445104,2315.592817,0.018297,0.086541,0.005945,0,0.0,13
1900-01-01 09:32:31.643,1.466896,0.000938,0.445946,2314.392075,0.017935,0.085523,0.005803,0,0.0,13
1900-01-01 09:32:32.147,1.469448,0.000518,0.442823,2314.540695,0.01677,0.084357,0.005795,0,0.0,13
1900-01-01 09:32:32.648,1.466773,0.00026,0.440306,2315.660692,0.015545,0.08497,0.005738,0,0.0,13
1900-01-01 09:32:33.144,1.468833,0.000472,0.445131,2313.365463,0.017332,0.084961,0.005873,0,0.0,13
1900-01-01 09:32:33.643,1.467198,0.001026,0.445656,2315.706199,0.017707,0.088061,0.005898,0,0.0,13
1900-01-01 09:32:34.147,1.468458,0.001237,0.44512,2315.214239,0.018172,0.089234,0.005681,0,0.0,13
1900-01-01 09:32:34.643,1.470061,0.000906,0.444594,2313.74569,0.017671,0.084847,0.005652,0,0.0,13
1900-01-01 09:32:35.147,1.471011,0.00057,0.444063,2315.700688,0.019061,0.089921,0.005802,0,0.0,13
1900-01-01 09:32:35.643,1.468653,0.000779,0.445798,2317.633505,0.018396,0.086294,0.005932,0,0.0,13
1900-01-01 09:32:36.147,1.466219,0.000612,0.440727,2317.225516,0.016024,0.08805,0.00573,0,0.0,13
1900-01-01 09:32:36.648,1.470745,0.000166,0.44192,2317.053489,0.017644,0.084812,0.005857,0,0.0,13
1900-01-01 09:32:37.147,1.471449,0.000879,0.448031,2315.281016,0.018293,0.08599,0.005769,0,0.0,13
1900-01-01 09:32:37.643,1.470897,0.00115,0.447558,2317.319819,0.019008,0.085454,0.005679,0,0.0,13
1900-01-01 09:32:38.147,1.470615,0.000945,0.444719,2317.786803,0.017713,0.082663,0.005869,0,0.0,13
1900-01-01 09:32:38.643,1.471395,0.000568,0.447354,2316.644917,0.017569,0.084168,0.005575,0,0.0,13
1900-01-01 09:32:39.147,1.471625,0.001018,0.446232,2318.058092,0.018185,0.087928,0.005894,0,0.0,13
1900-01-01 09:32:39.643,1.468653,0.000695,0.441779,2318.69814,0.015303,0.087776,0.005703,0,0.0,13
1900-01-01 09:32:40.142,1.473669,0.000616,0.445159,2317.066785,0.017772,0.088122,0.005657,0,0.0,13
1900-01-01 09:32:40.646,1.466885,0.000966,0.444591,2316.86068,0.019341,0.083196,0.005828,0,0.0,13
1900-01-01 09:32:41.142,1.471278,0.000621,0.443983,2315.076482,0.01613,0.083119,0.00566,0,0.0,13
1900-01-01 09:32:41.646,1.469792,0.001049,0.445156,2314.31618,0.017962,0.084452,0.005924,0,0.0,13
1900-01-01 09:32:42.147,1.466574,0.000857,0.443038,2316.291215,0.015638,0.085475,0.005731,0,0.0,13
1900-01-01 09:32:42.643,1.4648,0.001033,0.443909,2315.219067,0.018338,0.081493,0.005938,0,0.0,13
1900-01-01 09:32:43.147,1.471104,0.000799,0.444081,2314.297471,0.017163,0.086389,0.005617,0,0.0,13
1900-01-01 09:32:43.643,1.469722,0.00079,0.444761,2314.97192,0.020175,0.08189,0.005583,0,0.0,13
1900-01-01 09:32:44.142,1.468251,0.000805,0.442232,2315.413295,0.016274,0.084068,0.005964,0,0.0,13
1900-01-01 09:32:44.646,1.471,0.000893,0.445813,2315.569721,0.017652,0.085053,0.005609,0,0.0,13
1900-01-01 09:32:45.147,1.468072,0.000868,0.443643,2316.724112,0.017611,0.085692,0.005844,0,0.0,13
1900-01-01 09:32:45.643,1.472041,0.000991,0.446261,2318.688634,0.018556,0.085159,0.005909,0,0.0,13
1900-01-01 09:32:46.147,1.469229,0.000862,0.442495,2316.458425,0.016972,0.084986,0.005842,0,0.0,13
1900-01-01 09:32:46.643,1.472898,0.000758,0.446298,2316.131611,0.017304,0.088258,0.005422,0,0.0,13
1900-01-01 09:32:47.142,1.475721,0.001226,0.446669,2316.802227,0.018152,0.083525,0.005612,0,0.0,13
1900-01-01 09:32:47.646,1.472834,0.000831,0.44563,2318.516476,0.01707,0.086776,0.005731,0,0.0,13
1900-01-01 09:32:48.142,1.471151,0.001076,0.445372,2320.409159,0.017704,0.083201,0.005581,0,0.0,13
1900-01-01 09:32:48.646,1.469511,0.000789,0.442422,2318.77841,0.016938,0.086865,0.005499,0,0.0,13
1900-01-01 09:32:49.142,1.46426,0.001467,0.444909,2318.327419,0.018615,0.086193,0.005744,0,0.0,13
1900-01-01 09:32:49.646,1.469656,0.00131,0.443753,2318.030027,0.018282,0.083158,0.005536,0,0.0,13
1900-01-01 09:32:50.145,1.467304,0.000679,0.442379,2316.358147,0.016881,0.08271,0.005621,0,0.0,13
1900-01-01 09:32:50.646,1.472065,0.001151,0.447843,2316.865273,0.018159,0.08572,0.005476,0,0.0,13
1900-01-01 09:32:51.142,1.469003,0.001055,0.442872,2317.205751,0.016816,0.082928,0.005505,0,0.0,13
1900-01-01 09:32:51.646,1.470761,0.000872,0.445193,2317.206807,0.016976,0.083669,0.005572,0,0.0,13
1900-01-01 09:32:52.142,1.467912,0.001415,0.445965,2317.90917,0.017843,0.086878,0.005412,0,0.0,13
1900-01-01 09:32:52.646,1.467354,0.001185,0.444336,2317.93648,0.017466,0.081271,0.005699,0,0.0,13
1900-01-01 09:32:53.142,1.468463,0.001012,0.444613,2316.426286,0.017928,0.081278,0.005674,0,0.0,13
1900-01-01 09:32:53.641,1.475574,0.001258,0.447626,2316.915609,0.017831,0.083679,0.005399,0,0.0,13
1900-01-01 09:32:54.145,1.469511,0.000747,0.442641,2316.074879,0.016677,0.081234,0.005579,0,0.0,13
1900-01-01 09:32:54.646,1.472411,0.000878,0.445074,2317.401689,0.017951,0.08462,0.005729,0,0.0,13
1900-01-01 09:32:55.145,1.470366,0.000942,0.44654,2318.210055,0.019603,0.084831,0.005723,0,0.0,13
1900-01-01 09:32:55.646,1.466113,0.000637,0.442286,2317.909872,0.017645,0.085091,0.005886,0,0.0,13
1900-01-01 09:32:56.142,1.471776,0.000758,0.445409,2316.321724,0.018096,0.085829,0.00578,0,0.0,13
1900-01-01 09:32:56.641,1.468871,0.000679,0.443263,2316.33925,0.016691,0.085947,0.0057,0,0.0,13
1900-01-01 09:32:57.145,1.468708,0.00157,0.444938,2316.916809,0.018068,0.084051,0.005676,0,0.0,13
1900-01-01 09:32:57.641,1.4704,0.001012,0.444742,2316.83503,0.017113,0.080167,0.005829,0,0.0,13
1900-01-01 09:32:58.145,1.474438,0.000956,0.446833,2316.140362,0.017358,0.085968,0.005792,0,0.0,13
1900-01-01 09:32:58.646,1.467789,0.001046,0.442836,2318.145142,0.017741,0.085502,0.005778,0,0.0,13
1900-01-01 09:32:59.142,1.474518,0.000949,0.446613,2318.241868,0.017145,0.085204,0.005646,0,0.0,13
1900-01-01 09:32:59.646,1.473594,0.000862,0.446578,2317.637127,0.019299,0.082523,0.005766,0,0.0,13
1900-01-01 09:33:00.142,1.478752,0.000917,0.447021,2319.781785,0.017528,0.086301,0.006178,0,0.0,13
1900-01-01 09:33:00.641,1.478036,0.001142,0.447534,2320.335971,0.01729,0.082986,0.005678,0,0.0,13
1900-01-01 09:33:01.145,1.478188,0.000966,0.448875,2322.099356,0.017086,0.085542,0.00594,0,0.0,13
1900-01-01 09:33:01.641,1.470548,0.000875,0.445854,2324.258952,0.0189,0.085014,0.00585,0,0.0,13
1900-01-01 09:33:02.145,1.473917,0.00057,0.443789,2322.174194,0.019024,0.085433,0.005687,0,0.0,13
1900-01-01 09:33:02.641,1.473395,0.001033,0.444576,2321.521321,0.017291,0.087519,0.005786,0,0.0,13
1900-01-01 09:33:03.145,1.473553,0.000779,0.446031,2319.489373,0.018866,0.085547,0.005958,0,0.0,13
1900-01-01 09:33:03.641,1.472369,0.000917,0.445687,2319.810302,0.018261,0.084335,0.005845,0,0.0,13
1900-01-01 09:33:04.141,1.473595,0.000705,0.443637,2319.139354,0.016517,0.083533,0.006075,0,0.0,13
1900-01-01 09:33:04.645,1.47424,0.001216,0.445557,2317.150678,0.019442,0.084902,0.005878,0,0.0,13
1900-01-01 09:33:05.145,1.471222,0.000642,0.444225,2318.526429,0.018695,0.082825,0.005962,0,0.0,13
1900-01-01 09:33:05.641,1.467616,0.000779,0.443575,2319.363536,0.018271,0.085474,0.00578,0,0.0,13
1900-01-01 09:33:06.141,1.467694,0.000768,0.443031,2320.572656,0.016656,0.080973,0.005814,0,0.0,13
1900-01-01 09:33:06.645,1.468271,0.00132,0.445594,2319.919693,0.018165,0.085973,0.005877,0,0.0,13
1900-01-01 09:33:07.141,1.466896,0.000959,0.445242,2317.833124,0.017293,0.082789,0.005565,0,0.0,13
1900-01-01 09:33:07.645,1.471167,0.000476,0.443279,2317.478095,0.016465,0.083734,0.005826,0,0.0,13
1900-01-01 09:33:08.141,1.470982,0.001076,0.444816,2319.021332,0.016986,0.08383,0.005891,0,0.0,13
1900-01-01 09:33:08.645,1.46999,0.000935,0.44656,2320.01324,0.017947,0.086798,0.006054,0,0.0,13
1900-01-01 09:33:09.141,1.467891,0.000864,0.444131,2320.475698,0.018505,0.086837,0.005774,0,0.0,13
1900-01-01 09:33:09.645,1.465042,0.000851,0.444117,2319.713887,0.016096,0.085091,0.005991,0,0.0,13
1900-01-01 09:33:10.141,1.471797,0.001097,0.446909,2318.546049,0.017573,0.086301,0.005733,0,0.0,13
1900-01-01 09:33:10.645,1.470052,0.000508,0.444591,2319.143246,0.016575,0.080956,0.005562,0,0.0,13
1900-01-01 09:33:11.141,1.469415,0.000843,0.44465,2318.612589,0.016603,0.08499,0.005928,0,0.0,13
1900-01-01 09:33:11.645,1.469042,0.000914,0.446633,2319.610985,0.017647,0.081597,0.005527,0,0.0,13
1900-01-01 09:33:12.141,1.468918,0.001076,0.445613,2321.055544,0.017828,0.082732,0.00615,0,0.0,13
1900-01-01 09:33:12.645,1.464875,0.000716,0.443534,2320.696139,0.018501,0.086164,0.005657,0,0.0,13
1900-01-01 09:33:13.141,1.471374,0.001086,0.446076,2318.878747,0.016999,0.085144,0.005578,0,0.0,13
1900-01-01 09:33:13.645,1.469854,0.000883,0.447854,2318.479057,0.018008,0.089135,0.005687,0,0.0,13
1900-01-01 09:33:14.141,1.47113,0.001182,0.447465,2319.277985,0.01879,0.084477,0.00563,0,0.0,13
1900-01-01 09:33:14.640,1.470008,0.001079,0.445638,2321.42255,0.017178,0.088296,0.005538,0,0.0,13
1900-01-01 09:33:15.144,1.474678,0.000768,0.447818,2319.480018,0.017217,0.08663,0.005734,0,0.0,13
1900-01-01 09:33:15.645,1.467747,0.000669,0.445899,2321.297758,0.018632,0.084018,0.005962,0,0.0,13
1900-01-01 09:33:16.141,1.471077,0.000906,0.444687,2321.521321,0.018151,0.082762,0.005652,0,0.0,13
1900-01-01 09:33:16.645,1.465437,0.000914,0.4443,2318.507121,0.017369,0.08921,0.006021,0,0.0,13
1900-01-01 09:33:17.144,1.466367,0.000584,0.443355,2318.11557,0.016583,0.081204,0.005732,0,0.0,13
1900-01-01 09:33:17.641,1.474632,0.000742,0.44726,2317.933976,0.018997,0.082312,0.005741,0,0.0,13
1900-01-01 09:33:18.141,1.471149,0.001346,0.447808,2317.866356,0.018518,0.085952,0.005642,0,0.0,13
1900-01-01 09:33:18.645,1.467313,0.000883,0.44244,2320.434205,0.018778,0.085814,0.00584,0,0.0,13
1900-01-01 09:33:19.141,1.468579,0.001213,0.448317,2318.479509,0.018573,0.084238,0.005499,0,0.0,13
1900-01-01 09:33:19.645,1.469604,0.000768,0.446086,2316.898099,0.017296,0.084804,0.005847,0,0.0,13
1900-01-01 09:33:20.141,1.47239,0.00133,0.447521,2318.270385,0.017482,0.081917,0.005452,0,0.0,13
1900-01-01 09:33:20.645,1.466146,0.000706,0.44563,2319.264858,0.017876,0.085734,0.00546,0,0.0,13
1900-01-01 09:33:21.141,1.471268,0.000472,0.444891,2321.397748,0.016776,0.085361,0.005521,0,0.0,13
1900-01-01 09:33:21.640,1.465715,0.001037,0.445435,2319.13601,0.018438,0.082122,0.006008,0,0.0,13
1900-01-01 09:33:22.144,1.461135,0.000737,0.44357,2319.592275,0.018086,0.088603,0.005734,0,0.0,13
1900-01-01 09:33:22.640,1.471162,0.000388,0.444983,2319.648706,0.017627,0.085566,0.005583,0,0.0,13
1900-01-01 09:33:23.144,1.469063,0.000935,0.447435,2318.647443,0.018225,0.086687,0.005642,0,0.0,13
1900-01-01 09:33:23.645,1.468418,0.000784,0.446742,2319.961425,0.018557,0.083696,0.005925,0,0.0,13
1900-01-01 09:33:24.141,1.467923,0.000726,0.44415,2319.686728,0.017276,0.085171,0.005703,0,0.0,13
1900-01-01 09:33:24.640,1.467535,0.001153,0.447056,2317.765975,0.019139,0.088667,0.005636,0,0.0,13
1900-01-01 09:33:25.144,1.469417,0.000654,0.44574,2320.303239,0.018236,0.087933,0.005538,0,0.0,13
1900-01-01 09:33:25.640,1.469394,0.001118,0.446076,2318.584072,0.018163,0.081567,0.005688,0,0.0,13
1900-01-01 09:33:26.144,1.465917,0.000831,0.445047,2318.020673,0.018257,0.087923,0.005615,0,0.0,13
1900-01-01 09:33:26.640,1.472093,0.000494,0.444668,2318.907264,0.017935,0.088863,0.0058,0,0.0,13
1900-01-01 09:33:27.144,1.469156,0.000904,0.444974,2317.70261,0.017129,0.08571,0.005949,0,0.0,13
1900-01-01 09:33:27.640,1.471617,0.000758,0.446409,2318.289396,0.017703,0.085479,0.005857,0,0.0,13
1900-01-01 09:33:28.144,1.468469,0.000716,0.445612,2321.257426,0.01804,0.085486,0.005618,0,0.0,13
1900-01-01 09:33:28.645,1.467726,0.00092,0.447036,2319.867317,0.017916,0.088367,0.005685,0,0.0,13
1900-01-01 09:33:29.144,1.470355,0.000921,0.446411,2319.646229,0.017457,0.081326,0.005726,0,0.0,13
1900-01-01 09:33:29.640,1.473893,0.000864,0.446391,2320.561249,0.017253,0.085933,0.005812,0,0.0,13
1900-01-01 09:33:30.139,1.469534,0.001268,0.446338,2323.378392,0.01847,0.088629,0.005942,0,0.0,13
1900-01-01 09:33:31.142,1.471402,0.000844,0.448135,2322.016478,0.018114,0.08687,0.005652,0,0.0,13
1900-01-01 09:33:31.640,1.466986,0.000832,0.444953,2321.319641,0.018112,0.08408,0.005499,0,0.0,13
1900-01-01 09:33:32.144,1.469542,0.000841,0.446943,2321.566134,0.017431,0.088544,0.005575,0,0.0,13
1900-01-01 09:33:32.640,1.466758,0.000769,0.446002,2319.06886,0.017306,0.083299,0.005544,0,0.0,13
1900-01-01 09:33:33.139,1.468703,0.000721,0.446061,2318.125019,0.01767,0.084168,0.005622,0,0.0,13
1900-01-01 09:33:33.643,1.465281,0.000779,0.445138,2317.805513,0.016936,0.084077,0.005499,0,0.0,13
1900-01-01 09:33:34.139,1.471236,0.000959,0.446872,2319.1354,0.017103,0.086079,0.005952,0,0.0,13
1900-01-01 09:33:34.643,1.470407,0.000956,0.445266,2319.704533,0.017275,0.078484,0.005754,0,0.0,13
1900-01-01 09:33:35.139,1.465372,0.001012,0.444539,2317.994721,0.019002,0.088567,0.005713,0,0.0,13
1900-01-01 09:33:35.643,1.465979,0.000768,0.445685,2319.919693,0.018822,0.088118,0.005734,0,0.0,13
1900-01-01 09:33:36.144,1.468083,0.000899,0.444744,2318.860362,0.016231,0.086564,0.005765,0,0.0,13
1900-01-01 09:33:36.640,1.4648,0.000896,0.444483,2318.669623,0.017616,0.088093,0.005885,0,0.0,13
1900-01-01 09:33:37.139,1.471597,0.001121,0.447056,2318.219504,0.019139,0.092201,0.005838,0,0.0,13
1900-01-01 09:33:37.643,1.467115,0.001164,0.446323,2319.433244,0.017952,0.089808,0.005782,0,0.0,13
1900-01-01 09:33:38.139,1.468876,0.001044,0.447576,2320.009921,0.018366,0.084011,0.005588,0,0.0,13
1900-01-01 09:33:38.643,1.466938,0.000904,0.44501,2321.08904,0.017221,0.085175,0.005607,0,0.0,13
1900-01-01 09:33:39.139,1.464197,0.000832,0.445335,2320.475698,0.016864,0.085441,0.00566,0,0.0,13
1900-01-01 09:33:39.643,1.468698,0.000956,0.446305,2319.274213,0.017894,0.087116,0.005792,0,0.0,13
1900-01-01 09:33:40.144,1.472903,0.000805,0.44566,2320.046122,0.017557,0.084587,0.005849,0,0.0,13
1900-01-01 09:33:40.640,1.468399,0.000748,0.446446,2320.333113,0.018898,0.082761,0.005819,0,0.0,13
1900-01-01 09:33:41.139,1.469724,0.000837,0.447461,2322.18788,0.017459,0.086531,0.005773,0,0.0,13
1900-01-01 09:33:42.142,1.46712,0.001059,0.4459,2323.671127,0.017571,0.084879,0.005848,0,0.0,13
1900-01-01 09:33:42.638,1.46751,0.001023,0.444464,2323.355914,0.019253,0.082311,0.005903,0,0.0,13
1900-01-01 09:33:43.142,1.470709,0.000924,0.446852,2320.219046,0.017759,0.087269,0.005682,0,0.0,13
1900-01-01 09:33:43.640,1.468187,0.001201,0.446189,2319.956323,0.018253,0.084691,0.005739,0,0.0,13
1900-01-01 09:33:44.643,1.468695,0.000949,0.445945,2320.479347,0.018918,0.083355,0.005831,0,0.0,13
1900-01-01 09:33:45.139,1.465785,0.001139,0.446057,2320.570755,0.020506,0.085534,0.005721,0,0.0,13
1900-01-01 09:33:45.638,1.461348,0.000974,0.444552,2320.109207,0.01769,0.083673,0.005795,0,0.0,13
1900-01-01 09:33:46.142,1.471365,0.000872,0.447398,2316.065524,0.017971,0.086716,0.005841,0,0.0,13
1900-01-01 09:33:46.643,1.47021,0.001371,0.446669,2318.879184,0.018411,0.085711,0.005629,0,0.0,13
1900-01-01 09:33:47.139,1.471173,0.001245,0.446835,2319.867336,0.017884,0.084218,0.005322,0,0.0,13
1900-01-01 09:33:47.643,1.467344,0.000997,0.445047,2321.135814,0.018657,0.083609,0.005747,0,0.0,13
1900-01-01 09:33:48.139,1.471776,0.001033,0.446521,2321.369231,0.017786,0.084563,0.00567,0,0.0,13
1900-01-01 09:33:48.643,1.466437,0.001268,0.447216,2319.695178,0.017845,0.085447,0.005592,0,0.0,13
1900-01-01 09:33:49.139,1.466229,0.000684,0.44452,2320.855925,0.01854,0.083711,0.005584,0,0.0,13
1900-01-01 09:33:49.643,1.46401,0.000935,0.443917,2319.377115,0.016681,0.086034,0.005524,0,0.0,13
1900-01-01 09:33:50.139,1.46751,0.001213,0.446613,2317.652517,0.01815,0.085408,0.005658,0,0.0,13
1900-01-01 09:33:50.638,1.46944,0.000721,0.445601,2318.18171,0.018499,0.084322,0.005503,0,0.0,13
1900-01-01 09:33:51.142,1.46649,0.00106,0.445831,2319.395825,0.019274,0.089306,0.00581,0,0.0,13
1900-01-01 09:33:51.638,1.465001,0.000991,0.444705,2319.563155,0.017135,0.08345,0.005717,0,0.0,13
1900-01-01 09:33:52.142,1.46925,0.001247,0.447526,2318.909377,0.017008,0.089007,0.00556,0,0.0,13
1900-01-01 09:33:52.638,1.466536,0.000991,0.445168,2318.650611,0.01758,0.088199,0.005795,0,0.0,13
1900-01-01 09:33:53.142,1.468729,0.000831,0.445813,2319.62034,0.017991,0.084305,0.005654,0,0.0,13
1900-01-01 09:33:54.142,1.465946,0.000957,0.445916,2318.578292,0.018149,0.085042,0.005906,0,0.0,13
1900-01-01 09:33:54.638,1.471734,0.001033,0.447762,2317.433887,0.017951,0.080788,0.005976,0,0.0,13
1900-01-01 09:33:55.142,1.465156,0.000883,0.445083,2319.358406,0.017558,0.086501,0.005571,0,0.0,13
1900-01-01 09:33:55.638,1.467171,0.001287,0.445409,2322.566944,0.018543,0.086096,0.005709,0,0.0,13
1900-01-01 09:33:56.142,1.467146,0.001018,0.446943,2319.592275,0.017276,0.083504,0.005469,0,0.0,13
1900-01-01 09:33:56.638,1.472623,0.000991,0.44665,2318.688634,0.017539,0.08827,0.005756,0,0.0,13
1900-01-01 09:33:57.142,1.469427,0.000914,0.446013,2319.919693,0.01881,0.087458,0.005722,0,0.0,13
1900-01-01 09:33:57.638,1.470156,0.000991,0.446465,2321.806491,0.017841,0.083541,0.005795,0,0.0,13
1900-01-01 09:33:58.137,1.471818,0.001163,0.448363,2322.943761,0.019023,0.087586,0.005633,0,0.0,13
1900-01-01 09:33:58.641,1.465021,0.001164,0.44594,2321.014202,0.018145,0.089009,0.00555,0,0.0,13
1900-01-01 09:33:59.142,1.473019,0.001057,0.447109,2321.382455,0.018503,0.081178,0.005776,0,0.0,13
1900-01-01 09:33:59.638,1.465774,0.001245,0.445557,2323.431959,0.018398,0.086056,0.005686,0,0.0,13
1900-01-01 09:34:00.142,1.466635,0.001112,0.446378,2322.118066,0.018234,0.088414,0.005872,0,0.0,13
1900-01-01 09:34:00.641,1.467314,0.001184,0.445527,2321.16744,0.018952,0.084106,0.005781,0,0.0,13
1900-01-01 09:34:01.137,1.468897,0.000991,0.446243,2320.20954,0.018828,0.08743,0.005871,0,0.0,13
1900-01-01 09:34:01.641,1.47049,0.001539,0.448456,2319.704533,0.01813,0.087761,0.005418,0,0.0,13
1900-01-01 09:34:02.142,1.467517,0.00114,0.444982,2319.78262,0.018122,0.086546,0.005599,0,0.0,13
1900-01-01 09:34:02.641,1.47207,0.000742,0.446595,2319.816303,0.018883,0.085917,0.005582,0,0.0,13
1900-01-01 09:34:03.641,1.468392,0.001052,0.446292,2322.170976,0.019429,0.085757,0.005659,0,0.0,13
1900-01-01 09:34:04.137,1.462313,0.000906,0.443242,2322.500404,0.017838,0.084346,0.005922,0,0.0,13
1900-01-01 09:34:04.641,1.46925,0.000872,0.444992,2320.967428,0.017038,0.087834,0.005727,0,0.0,13
1900-01-01 09:34:05.641,1.46656,0.000957,0.444565,2318.757455,0.01828,0.083222,0.005736,0,0.0,13
1900-01-01 09:34:06.137,1.469034,0.001256,0.447317,2318.69814,0.01769,0.089387,0.005564,0,0.0,13
1900-01-01 09:34:06.641,1.466104,0.001247,0.445904,2319.629694,0.018613,0.084693,0.0054,0,0.0,13
1900-01-01 09:34:07.137,1.466716,0.001192,0.446613,2320.732351,0.018074,0.085121,0.005744,0,0.0,13
1900-01-01 09:34:07.641,1.469979,0.001133,0.446451,2319.639049,0.017526,0.086653,0.00544,0,0.0,13
1900-01-01 09:34:08.137,1.463953,0.000631,0.443409,2319.943381,0.019857,0.091154,0.005501,0,0.0,13
1900-01-01 09:34:08.641,1.467927,0.000549,0.445284,2317.91777,0.017184,0.080546,0.005529,0,0.0,13
1900-01-01 09:34:09.137,1.465732,0.001203,0.446798,2318.973804,0.017145,0.088532,0.005662,0,0.0,13
1900-01-01 09:34:09.641,1.466938,0.001081,0.446815,2319.498728,0.018318,0.083969,0.005574,0,0.0,13
1900-01-01 09:34:10.137,1.466229,0.000843,0.444316,2321.017521,0.017115,0.081226,0.006003,0,0.0,13
1900-01-01 09:34:10.637,1.464964,0.001336,0.44733,2320.789537,0.017636,0.088988,0.005488,0,0.0,13
1900-01-01 09:34:11.141,1.462573,0.00056,0.441675,2319.713887,0.017006,0.085022,0.005763,0,0.0,13
1900-01-01 09:34:11.637,1.463593,0.000885,0.445317,2316.920581,0.017783,0.086855,0.005655,0,0.0,13
1900-01-01 09:34:12.141,1.467531,0.001008,0.446013,2315.710042,0.018523,0.084536,0.005668,0,0.0,13
1900-01-01 09:34:12.637,1.464874,0.001118,0.446909,2318.051755,0.018258,0.081118,0.005569,0,0.0,13
1900-01-01 09:34:13.141,1.463698,0.000654,0.445284,2317.197452,0.017911,0.08634,0.005883,0,0.0,13
1900-01-01 09:34:13.637,1.463551,0.001192,0.44552,2318.213351,0.018277,0.085108,0.005705,0,0.0,13
1900-01-01 09:34:14.141,1.46749,0.000904,0.44625,2317.562288,0.018461,0.084941,0.005723,0,0.0,13
1900-01-01 09:34:14.637,1.462186,0.000938,0.445798,2319.040343,0.016767,0.085033,0.005765,0,0.0,13
1900-01-01 09:34:15.141,1.467844,0.001195,0.445667,2318.918731,0.017696,0.086198,0.00542,0,0.0,13
1900-01-01 09:34:15.637,1.465531,0.001002,0.444705,2319.867336,0.018513,0.085733,0.005517,0,0.0,13
1900-01-01 09:34:16.640,1.468161,0.000834,0.447072,2318.932815,0.018083,0.08665,0.005825,0,0.0,13
1900-01-01 09:34:17.141,1.46168,0.000952,0.444469,2321.363633,0.01736,0.087382,0.005872,0,0.0,13
1900-01-01 09:34:17.641,1.464481,0.001062,0.444262,2320.497219,0.01701,0.084013,0.005699,0,0.0,13
1900-01-01 09:34:18.141,1.470204,0.001031,0.447183,2319.016769,0.017807,0.084384,0.005628,0,0.0,13
1900-01-01 09:34:18.640,1.472038,0.001016,0.44816,2319.32498,0.018785,0.083721,0.005632,0,0.0,13
1900-01-01 09:34:19.141,1.4678,0.001078,0.447293,2322.483518,0.017738,0.084293,0.005922,0,0.0,13
1900-01-01 09:34:19.637,1.468844,0.000959,0.446372,2323.612567,0.018195,0.087923,0.0058,0,0.0,13
1900-01-01 09:34:20.136,1.468303,0.0007,0.445564,2323.529568,0.018781,0.083728,0.005502,0,0.0,13
1900-01-01 09:34:20.640,1.469302,0.000872,0.447562,2322.763545,0.017849,0.083309,0.005689,0,0.0,13
1900-01-01 09:34:21.136,1.466896,0.000928,0.448132,2322.566944,0.018114,0.083916,0.005689,0,0.0,13
1900-01-01 09:34:21.640,1.467906,0.000706,0.44656,2323.380961,0.017721,0.08871,0.005657,0,0.0,13
1900-01-01 09:34:22.136,1.462545,0.001012,0.445094,2324.078344,0.017631,0.078868,0.005674,0,0.0,13
1900-01-01 09:34:22.640,1.464875,0.000758,0.445521,2321.322909,0.017236,0.088354,0.00581,0,0.0,13
1900-01-01 09:34:23.141,1.471646,0.000826,0.447586,2319.66969,0.018179,0.081783,0.005617,0,0.0,13
1900-01-01 09:34:23.637,1.46624,0.000684,0.446928,2320.817902,0.018755,0.083107,0.005544,0,0.0,13
1900-01-01 09:34:24.136,1.467083,0.000753,0.445877,2321.328065,0.018539,0.095788,0.005739,0,0.0,13
1900-01-01 09:34:24.640,1.468021,0.000799,0.44594,2320.265819,0.022474,0.095755,0.005538,0,0.0,13
1900-01-01 09:34:25.141,1.464184,0.000574,0.444762,2320.196695,0.018981,0.092328,0.005652,0,0.0,13
1900-01-01 09:34:25.637,1.461127,0.00097,0.444113,2320.627789,0.01866,0.093758,0.005643,0,0.0,13
1900-01-01 09:34:26.141,1.458666,0.001258,0.442604,2320.490334,0.017235,0.082001,0.005477,0,0.0,13
1900-01-01 09:34:26.637,1.466653,0.000769,0.446391,2316.682939,0.018585,0.085849,0.005741,0,0.0,13
1900-01-01 09:34:27.141,1.46624,0.000695,0.445412,2317.440676,0.017968,0.085511,0.005734,0,0.0,13
1900-01-01 09:34:27.637,1.465266,0.00061,0.446854,2318.669623,0.019082,0.082367,0.005619,0,0.0,13
1900-01-01 09:34:28.136,1.468103,0.000805,0.446319,2319.362774,0.01743,0.082171,0.005419,0,0.0,13
1900-01-01 09:34:28.640,1.465667,0.000529,0.444992,2321.706455,0.019011,0.08747,0.005797,0,0.0,13
1900-01-01 09:34:29.141,1.467632,0.000554,0.446779,2321.053077,0.017585,0.083582,0.005571,0,0.0,13
1900-01-01 09:34:29.637,1.469966,0.000959,0.448502,2321.321702,0.017829,0.081381,0.005762,0,0.0,13
1900-01-01 09:34:30.141,1.466542,0.000747,0.447234,2323.006769,0.017405,0.080994,0.005618,0,0.0,13
1900-01-01 09:34:30.637,1.471511,0.000928,0.450262,2322.642989,0.017898,0.08172,0.005689,0,0.0,13
1900-01-01 09:34:31.136,1.469945,0.000868,0.446743,2323.850818,0.017621,0.082539,0.005884,0,0.0,13
1900-01-01 09:34:31.640,1.465604,0.000716,0.446396,2325.373528,0.016105,0.085931,0.005579,0,0.0,13
1900-01-01 09:34:32.136,1.463318,0.000748,0.44452,2324.677201,0.017712,0.085702,0.005742,0,0.0,13
1900-01-01 09:34:32.640,1.461948,0.001164,0.444846,2322.14613,0.017825,0.081731,0.005589,0,0.0,13
1900-01-01 09:34:33.136,1.467817,0.000853,0.446483,2319.848325,0.019293,0.086188,0.005658,0,0.0,13
1900-01-01 09:34:33.640,1.464146,0.000976,0.446104,2319.79808,0.019368,0.085957,0.005674,0,0.0,13
1900-01-01 09:34:34.139,1.470534,0.001037,0.446687,2321.063506,0.019116,0.088061,0.005666,0,0.0,13
1900-01-01 09:34:34.640,1.471855,0.000721,0.446926,2321.749476,0.016795,0.084113,0.00566,0,0.0,13
1900-01-01 09:34:35.136,1.467288,0.001055,0.448484,2323.051733,0.019217,0.084425,0.006119,0,0.0,13
1900-01-01 09:34:35.640,1.467281,0.000654,0.445484,2324.849661,0.018431,0.082941,0.005733,0,0.0,13
1900-01-01 09:34:36.640,1.4694,0.000873,0.446072,2323.807015,0.017267,0.086293,0.005708,0,0.0,13
1900-01-01 09:34:37.139,1.470113,0.000774,0.448363,2323.699642,0.018035,0.08782,0.005777,0,0.0,13
1900-01-01 09:34:37.640,1.467685,0.001057,0.447073,2325.523205,0.019432,0.081471,0.005738,0,0.0,13
1900-01-01 09:34:38.136,1.461434,0.001086,0.446409,2325.133473,0.018932,0.086704,0.005538,0,0.0,13
1900-01-01 09:34:38.635,1.468598,0.001005,0.447866,2322.622511,0.018021,0.08397,0.005555,0,0.0,13
1900-01-01 09:34:39.139,1.469521,0.000799,0.447307,2321.631617,0.018335,0.086595,0.005656,0,0.0,13
1900-01-01 09:34:39.635,1.469669,0.000864,0.448669,2321.407253,0.018675,0.087378,0.005578,0,0.0,13
1900-01-01 09:34:40.638,1.470784,0.000912,0.448153,2323.262165,0.01756,0.082252,0.005741,0,0.0,13
1900-01-01 09:34:41.139,1.466899,0.001277,0.448925,2325.099719,0.018734,0.086517,0.005591,0,0.0,13
1900-01-01 09:34:41.635,1.469119,0.000981,0.447224,2324.686707,0.017989,0.083846,0.005481,0,0.0,13
1900-01-01 09:34:42.139,1.471771,0.00081,0.447654,2324.157407,0.018258,0.085841,0.005417,0,0.0,13
1900-01-01 09:34:42.635,1.464059,0.000737,0.445668,2322.215235,0.017745,0.086675,0.00597,0,0.0,13
1900-01-01 09:34:43.638,1.466047,0.001137,0.446523,2320.878907,0.017545,0.082926,0.005732,0,0.0,13
1900-01-01 09:34:44.635,1.467729,0.000861,0.447747,2320.690172,0.019591,0.084672,0.005711,0,0.0,13
1900-01-01 09:34:45.638,1.466204,0.000792,0.445249,2320.733185,0.018519,0.085227,0.005596,0,0.0,13
1900-01-01 09:34:46.139,1.467768,0.000899,0.447421,2321.08131,0.017814,0.085816,0.005727,0,0.0,13
1900-01-01 09:34:46.635,1.469871,0.000949,0.448521,2322.148695,0.017178,0.084774,0.005607,0,0.0,13
1900-01-01 09:34:47.638,1.46914,0.000933,0.447686,2322.730985,0.017507,0.08645,0.005622,0,0.0,13
1900-01-01 09:34:48.134,1.464144,0.000959,0.445724,2322.928159,0.019981,0.083254,0.005484,0,0.0,13
1900-01-01 09:34:48.638,1.468125,0.00106,0.444682,2323.39967,0.016108,0.082708,0.005539,0,0.0,13
1900-01-01 09:34:49.139,1.471698,0.001109,0.447513,2321.448331,0.0172,0.084802,0.005488,0,0.0,13
1900-01-01 09:34:49.635,1.465869,0.001203,0.445946,2323.317891,0.017118,0.086321,0.005543,0,0.0,13
1900-01-01 09:34:50.139,1.469011,0.001289,0.447854,2324.222891,0.018377,0.085247,0.005662,0,0.0,13
1900-01-01 09:34:50.635,1.465456,0.00133,0.448465,2323.916748,0.018519,0.086452,0.005731,0,0.0,13
1900-01-01 09:34:51.134,1.466736,0.000826,0.448087,2322.348504,0.019305,0.08804,0.005658,0,0.0,13
1900-01-01 09:34:51.638,1.467708,0.000956,0.445922,2322.379999,0.017444,0.084439,0.005481,0,0.0,13
1900-01-01 09:34:52.638,1.466502,0.000957,0.446182,2323.542985,0.01765,0.083506,0.005697,0,0.0,13
1900-01-01 09:34:53.139,1.459971,0.000962,0.446687,2320.563716,0.017139,0.083647,0.006091,0,0.0,13
1900-01-01 09:34:53.635,1.470887,0.001012,0.447336,2319.06886,0.017159,0.086887,0.005674,0,0.0,13
1900-01-01 09:34:54.139,1.467396,0.000726,0.444938,2320.555818,0.016956,0.087652,0.005734,0,0.0,13
1900-01-01 09:34:55.134,1.466615,0.000935,0.446706,2320.936336,0.018338,0.08448,0.005722,0,0.0,13
1900-01-01 09:34:56.137,1.4688,0.001069,0.447979,2320.954118,0.017927,0.084158,0.005516,0,0.0,13
1900-01-01 09:34:56.635,1.466627,0.000642,0.446337,2322.806036,0.017929,0.085548,0.005852,0,0.0,13
1900-01-01 09:34:57.134,1.466378,0.000932,0.447553,2324.937397,0.01811,0.086695,0.005724,0,0.0,13
1900-01-01 09:34:57.638,1.462739,0.000966,0.447289,2324.597082,0.018061,0.087286,0.005559,0,0.0,13
1900-01-01 09:34:58.137,1.46602,0.001216,0.446061,2323.671296,0.018237,0.084165,0.005694,0,0.0,13
1900-01-01 09:34:58.638,1.465253,0.000973,0.448063,2322.681145,0.018284,0.085199,0.005439,0,0.0,13
1900-01-01 09:34:59.134,1.461836,0.000928,0.443761,2322.79508,0.017675,0.086027,0.00561,0,0.0,13
1900-01-01 09:34:59.638,1.468511,0.001018,0.447581,2321.594198,0.018419,0.084912,0.005781,0,0.0,13
1900-01-01 09:35:00.134,1.464472,0.000674,0.44578,2322.07265,0.016661,0.082478,0.005623,0,0.0,13
1900-01-01 09:35:01.137,1.466884,0.000823,0.446587,2321.89896,0.016671,0.086593,0.005769,0,0.0,13
1900-01-01 09:35:01.635,1.469263,0.000874,0.448089,2321.565795,0.018165,0.084204,0.005575,0,0.0,13
1900-01-01 09:35:02.134,1.463579,0.001005,0.446393,2322.31071,0.017706,0.086978,0.005634,0,0.0,13
1900-01-01 09:35:02.638,1.467083,0.000789,0.446742,2322.922576,0.018098,0.084402,0.005499,0,0.0,13
1900-01-01 09:35:03.134,1.466568,0.001298,0.44878,2323.707623,0.018257,0.085551,0.005627,0,0.0,13
1900-01-01 09:35:03.638,1.469729,0.000935,0.448146,2322.941286,0.017314,0.081206,0.005757,0,0.0,13
1900-01-01 09:35:04.638,1.467074,0.001047,0.447735,2323.641996,0.017221,0.084225,0.005562,0,0.0,13
1900-01-01 09:35:05.134,1.467986,0.001129,0.447836,2323.935759,0.016383,0.085696,0.005445,0,0.0,13
1900-01-01 09:35:05.633,1.463989,0.001174,0.445509,2323.07604,0.017593,0.086751,0.00555,0,0.0,13
1900-01-01 09:35:06.137,1.470011,0.000216,0.44605,2321.332264,0.016456,0.085938,0.005564,0,0.0,13
1900-01-01 09:35:06.633,1.461339,0.001023,0.446446,2322.557438,0.018717,0.083529,0.005593,0,0.0,13
1900-01-01 09:35:07.137,1.470584,0.000789,0.447909,2321.902906,0.018012,0.081323,0.005733,0,0.0,13
1900-01-01 09:35:07.633,1.465393,0.000642,0.444316,2322.319797,0.016671,0.081951,0.005622,0,0.0,13
1900-01-01 09:35:08.137,1.469354,0.001247,0.448383,2324.409986,0.018268,0.084291,0.0056,0,0.0,13
1900-01-01 09:35:08.633,1.468611,0.001118,0.447632,2323.973782,0.01777,0.08264,0.005529,0,0.0,13
1900-01-01 09:35:09.637,1.466436,0.001228,0.446523,2322.442613,0.017305,0.085104,0.005664,0,0.0,13
1900-01-01 09:35:10.137,1.467936,0.00122,0.446559,2320.525508,0.016694,0.085948,0.005534,0,0.0,13
1900-01-01 09:35:10.633,1.466017,0.00097,0.445113,2321.873031,0.019211,0.084538,0.005837,0,0.0,13
1900-01-01 09:35:11.137,1.46649,0.000893,0.44738,2321.294845,0.017691,0.081434,0.005569,0,0.0,13
1900-01-01 09:35:11.633,1.467235,0.001171,0.44778,2322.110672,0.017813,0.0831,0.005633,0,0.0,13
1900-01-01 09:35:12.637,1.459705,0.000737,0.443091,2322.916911,0.017632,0.085104,0.00581,0,0.0,13
1900-01-01 09:35:13.134,1.469751,0.00088,0.446706,2319.005955,0.017772,0.087794,0.005733,0,0.0,13
1900-01-01 09:35:13.633,1.466904,0.001026,0.446466,2318.37068,0.017939,0.087036,0.005669,0,0.0,13
1900-01-01 09:35:14.137,1.46401,0.000716,0.443716,2320.714849,0.018221,0.091005,0.005734,0,0.0,13
1900-01-01 09:35:14.635,1.468672,0.000821,0.448772,2320.761059,0.01811,0.085652,0.005459,0,0.0,13
1900-01-01 09:35:15.137,1.468648,0.000883,0.447621,2320.996238,0.016764,0.082479,0.006027,0,0.0,13
1900-01-01 09:35:16.136,1.46567,0.001023,0.446448,2322.332804,0.017246,0.086262,0.005568,0,0.0,13
1900-01-01 09:35:16.633,1.465071,0.000742,0.4436,2320.808397,0.016443,0.082037,0.005702,0,0.0,13
1900-01-01 09:35:17.133,1.469931,0.000873,0.448929,2319.601406,0.019356,0.087624,0.005845,0,0.0,13
1900-01-01 09:35:18.136,1.46802,0.000881,0.446477,2321.772041,0.017086,0.080831,0.005706,0,0.0,13
1900-01-01 09:35:19.136,1.468377,0.000879,0.446522,2323.392112,0.017591,0.08366,0.00561,0,0.0,13
1900-01-01 09:35:19.637,1.467098,0.001245,0.447971,2322.916415,0.018729,0.085488,0.005681,0,0.0,13
1900-01-01 09:35:20.133,1.472115,0.000737,0.447187,2322.585955,0.015943,0.084268,0.005742,0,0.0,13
1900-01-01 09:35:20.637,1.463,0.000914,0.445065,2322.445483,0.016588,0.08346,0.005487,0,0.0,13
1900-01-01 09:35:21.133,1.468876,0.001065,0.446224,2321.911053,0.016938,0.085824,0.005623,0,0.0,13
1900-01-01 09:35:21.637,1.467323,0.000945,0.446852,2320.817751,0.019247,0.086609,0.005832,0,0.0,13
1900-01-01 09:35:22.637,1.465163,0.000863,0.447321,2322.251128,0.017445,0.084827,0.005572,0,0.0,13
1900-01-01 09:35:23.133,1.465192,0.001002,0.446169,2321.084061,0.019144,0.086149,0.005637,0,0.0,13
1900-01-01 09:35:23.637,1.467104,0.000716,0.444044,2320.85517,0.017374,0.081383,0.00581,0,0.0,13
1900-01-01 09:35:24.637,1.466602,0.000616,0.442443,2320.973415,0.015736,0.085076,0.005845,0,0.0,13
1900-01-01 09:35:25.136,1.46522,0.000648,0.442508,2322.669754,0.015748,0.085801,0.005851,0,0.0,13
1900-01-01 09:35:25.633,1.465409,-3.9e-05,0.4458,2321.832942,0.017737,0.087731,0.00541,0,0.0,13
1900-01-01 09:35:26.133,1.469553,0.000222,0.445603,2322.543446,0.018334,0.084504,0.00553,0,0.0,13
1900-01-01 09:35:26.637,1.464906,0.000383,0.445794,2323.549347,0.017781,0.089279,0.005576,0,0.0,13
1900-01-01 09:35:27.133,1.46588,0.000652,0.443835,2323.460476,0.016734,0.085254,0.005701,0,0.0,13
1900-01-01 09:35:27.632,1.46622,0.000342,0.444478,2321.120198,0.019269,0.083434,0.005726,0,0.0,13
1900-01-01 09:35:28.136,1.467208,0.000612,0.447964,2319.508082,0.017791,0.087499,0.005614,0,0.0,13
1900-01-01 09:35:29.136,1.467694,0.000632,0.445024,2319.808857,0.016499,0.087786,0.005576,0,0.0,13
1900-01-01 09:35:30.136,1.467815,0.001083,0.444712,2322.251128,0.017362,0.084891,0.005691,0,0.0,13
1900-01-01 09:35:31.136,1.467578,0.001236,0.445769,2321.298737,0.018343,0.086789,0.005779,0,0.0,13
1900-01-01 09:35:31.632,1.464398,0.000822,0.445798,2320.99851,0.017523,0.081861,0.005739,0,0.0,13
1900-01-01 09:35:32.136,1.469104,0.001101,0.446961,2320.284529,0.017942,0.086122,0.005912,0,0.0,13
1900-01-01 09:35:32.632,1.466123,0.000589,0.445576,2322.709529,0.018272,0.080616,0.005578,0,0.0,13
1900-01-01 09:35:33.136,1.467417,0.000779,0.448091,2320.499689,0.018906,0.084803,0.005695,0,0.0,13
1900-01-01 09:35:34.136,1.465457,0.001167,0.448157,2321.435466,0.01789,0.081362,0.005588,0,0.0,13
1900-01-01 09:35:35.136,1.465342,0.000537,0.444583,2319.483535,0.017476,0.084779,0.005761,0,0.0,13
1900-01-01 09:35:36.136,1.465384,0.000653,0.443738,2319.304373,0.016936,0.084663,0.005695,0,0.0,13
1900-01-01 09:35:36.632,1.464737,0.001351,0.444224,2320.893948,0.018537,0.085719,0.005644,0,0.0,13
1900-01-01 09:35:37.136,1.462635,0.000518,0.441784,2319.508082,0.017406,0.086007,0.005719,0,0.0,13
1900-01-01 09:35:38.136,1.464833,0.001078,0.446357,2317.988941,0.018092,0.084792,0.005845,0,0.0,13
1900-01-01 09:35:39.131,1.463718,0.000988,0.446013,2317.614647,0.017341,0.090768,0.005694,0,0.0,13
1900-01-01 09:35:39.635,1.465208,0.000779,0.444901,2318.843893,0.01698,0.087,0.005995,0,0.0,13
1900-01-01 09:35:40.136,1.46671,0.00069,0.445092,2320.074355,0.018531,0.087915,0.005813,0,0.0,13
1900-01-01 09:35:40.632,1.463922,0.000811,0.445335,2321.777974,0.019137,0.086356,0.0057,0,0.0,13
1900-01-01 09:35:41.635,1.466324,0.00097,0.446385,2319.045632,0.018573,0.083024,0.005636,0,0.0,13
1900-01-01 09:35:42.131,1.468346,0.000652,0.446558,2317.947192,0.018575,0.086712,0.005931,0,0.0,13
1900-01-01 09:35:42.635,1.463469,0.001195,0.445065,2317.206807,0.019213,0.086408,0.005579,0,0.0,13
1900-01-01 09:35:43.136,1.465473,0.000459,0.440728,2317.928693,0.016184,0.084687,0.005595,0,0.0,13
1900-01-01 09:35:44.131,1.465845,0.00084,0.448192,2318.794534,0.018713,0.08259,0.005675,0,0.0,13
1900-01-01 09:35:45.134,1.465335,0.000745,0.4447,2323.501901,0.016816,0.08546,0.005617,0,0.0,13
1900-01-01 09:35:45.632,1.468831,0.000568,0.445193,2323.440358,0.016699,0.087208,0.005653,0,0.0,13
1900-01-01 09:35:46.136,1.469677,0.001226,0.449458,2324.204181,0.018388,0.087515,0.005685,0,0.0,13
1900-01-01 09:35:46.632,1.467785,0.001023,0.449132,2323.745646,0.019163,0.083969,0.005827,0,0.0,13
1900-01-01 09:35:47.635,1.466884,0.000666,0.4472,2326.947519,0.018348,0.085421,0.005847,0,0.0,13
1900-01-01 09:35:48.635,1.465211,0.000947,0.447156,2324.754691,0.018167,0.082952,0.005871,0,0.0,13
1900-01-01 09:35:49.635,1.469017,0.000648,0.448341,2324.523666,0.017846,0.084144,0.005675,0,0.0,13
1900-01-01 09:35:50.635,1.469201,0.000852,0.449177,2326.027689,0.017543,0.086123,0.00573,0,0.0,13
1900-01-01 09:35:51.635,1.467568,0.000674,0.447781,2327.097951,0.018006,0.08559,0.005753,0,0.0,13
1900-01-01 09:35:52.635,1.466612,0.000711,0.447386,2326.301148,0.018129,0.083793,0.005677,0,0.0,13
1900-01-01 09:35:53.131,1.465033,0.000261,0.445872,2324.02131,0.016701,0.085866,0.005506,0,0.0,13
1900-01-01 09:35:54.134,1.465471,0.000467,0.444938,2324.098891,0.018077,0.088229,0.005806,0,0.0,13
1900-01-01 09:35:55.134,1.464213,0.001062,0.44632,2324.127622,0.017939,0.085073,0.005942,0,0.0,13
1900-01-01 09:35:55.635,1.463943,0.001371,0.446284,2325.372632,0.016185,0.089135,0.005746,0,0.0,13
1900-01-01 09:35:56.131,1.469934,0.001203,0.44878,2324.724729,0.018145,0.089144,0.005623,0,0.0,13
1900-01-01 09:35:57.134,1.466052,0.00086,0.447319,2326.195406,0.018269,0.083161,0.005591,0,0.0,13
1900-01-01 09:35:57.630,1.467965,0.001012,0.448428,2326.911032,0.01857,0.082276,0.005791,0,0.0,13
1900-01-01 09:35:58.134,1.466187,0.000487,0.446542,2326.439973,0.017357,0.082597,0.00579,0,0.0,13
1900-01-01 09:35:59.134,1.466371,0.000957,0.447165,2325.179024,0.01812,0.087046,0.005888,0,0.0,13
1900-01-01 09:36:00.134,1.467641,0.000989,0.448727,2326.084267,0.017839,0.085695,0.005672,0,0.0,13
1900-01-01 09:36:01.134,1.465069,0.000842,0.447367,2327.022514,0.019147,0.08607,0.005653,0,0.0,13
1900-01-01 09:36:02.134,1.46477,0.001036,0.446889,2323.029071,0.01838,0.085357,0.005721,0,0.0,13
1900-01-01 09:36:03.129,1.467227,0.000961,0.4487,2322.860167,0.018769,0.08752,0.005581,0,0.0,13
1900-01-01 09:36:04.133,1.46688,0.000946,0.447877,2325.152219,0.018104,0.085202,0.005793,0,0.0,13
1900-01-01 09:36:04.630,1.465589,0.000594,0.445171,2325.817287,0.016931,0.084468,0.005888,0,0.0,13
1900-01-01 09:36:05.633,1.466722,0.000991,0.448135,2326.439843,0.017547,0.085971,0.005632,0,0.0,13
1900-01-01 09:36:06.633,1.468224,0.001026,0.448396,2326.324722,0.017673,0.085225,0.0058,0,0.0,13
1900-01-01 09:36:07.134,1.469969,0.000962,0.449933,2327.71592,0.017628,0.083297,0.005832,0,0.0,13
1900-01-01 09:36:08.134,1.469122,0.0009,0.448405,2327.913613,0.017016,0.085106,0.005801,0,0.0,13
1900-01-01 09:36:08.630,1.467838,0.000853,0.448706,2328.612545,0.018178,0.085101,0.005417,0,0.0,13
1900-01-01 09:36:09.134,1.467781,0.000893,0.448109,2328.610282,0.017403,0.085407,0.005609,0,0.0,13
1900-01-01 09:36:09.630,1.464969,0.000906,0.446965,2327.585934,0.017973,0.082372,0.005533,0,0.0,13
1900-01-01 09:36:10.134,1.462218,0.000581,0.445594,2325.074176,0.017372,0.081506,0.005611,0,0.0,13
1900-01-01 09:36:10.635,1.469938,0.000931,0.451033,2325.494972,0.017906,0.080476,0.005486,0,0.0,13
1900-01-01 09:36:11.630,1.464372,0.000814,0.447869,2325.144125,0.018632,0.086066,0.005773,0,0.0,13
1900-01-01 09:36:12.633,1.466366,0.000891,0.447741,2325.819349,0.017875,0.085919,0.005627,0,0.0,13
1900-01-01 09:36:13.633,1.46678,0.001041,0.447698,2325.230887,0.017032,0.084507,0.005777,0,0.0,13
1900-01-01 09:36:14.633,1.466681,0.001015,0.448883,2327.163958,0.018225,0.083451,0.005725,0,0.0,13
1900-01-01 09:36:15.633,1.465967,0.001115,0.447615,2327.112095,0.017778,0.086444,0.005505,0,0.0,13
1900-01-01 09:36:16.129,1.466113,0.001086,0.447669,2328.698096,0.016068,0.085163,0.005618,0,0.0,13
1900-01-01 09:36:17.133,1.465698,0.001244,0.448408,2326.448322,0.017916,0.085352,0.005887,0,0.0,13
1900-01-01 09:36:17.629,1.468664,0.000959,0.451059,2327.319775,0.016386,0.081094,0.005723,0,0.0,13
1900-01-01 09:36:18.632,1.470297,0.000912,0.449967,2328.827801,0.018131,0.083148,0.005585,0,0.0,13
1900-01-01 09:36:19.633,1.467967,0.001101,0.448495,2330.54417,0.01805,0.082907,0.005548,0,0.0,13
1900-01-01 09:36:20.629,1.468093,0.000806,0.448541,2329.542153,0.017757,0.084546,0.005598,0,0.0,13
1900-01-01 09:36:21.632,1.466429,0.00109,0.448254,2327.737237,0.017477,0.084207,0.005745,0,0.0,13
1900-01-01 09:36:22.629,1.466645,0.000934,0.449249,2326.388611,0.01779,0.085003,0.005565,0,0.0,13
1900-01-01 09:36:23.632,1.468423,0.000938,0.448217,2327.624421,0.017624,0.086732,0.005814,0,0.0,13
1900-01-01 09:36:24.632,1.46468,0.000942,0.446265,2326.272859,0.016846,0.084651,0.005834,0,0.0,13
1900-01-01 09:36:25.629,1.469004,0.000919,0.44783,2324.969912,0.017282,0.08747,0.005839,0,0.0,13
1900-01-01 09:36:26.632,1.465371,0.001247,0.448272,2326.209508,0.017624,0.085555,0.005599,0,0.0,13
1900-01-01 09:36:27.632,1.468424,0.000936,0.448663,2326.400159,0.018028,0.084907,0.00572,0,0.0,13
1900-01-01 09:36:28.632,1.465069,0.000968,0.446981,2326.697192,0.017682,0.085618,0.005715,0,0.0,13
1900-01-01 09:36:29.629,1.464838,0.00085,0.447434,2324.208544,0.019211,0.082559,0.005692,0,0.0,13
1900-01-01 09:36:30.133,1.46975,0.001081,0.44718,2323.699023,0.017392,0.081805,0.005767,0,0.0,13
1900-01-01 09:36:31.128,1.469607,0.001083,0.45015,2326.167641,0.018932,0.084294,0.005674,0,0.0,13
1900-01-01 09:36:31.632,1.464354,0.00107,0.448073,2328.236091,0.017834,0.086516,0.005807,0,0.0,13
1900-01-01 09:36:32.632,1.465431,0.001031,0.446715,2326.984795,0.017681,0.086181,0.005664,0,0.0,13
1900-01-01 09:36:33.632,1.467578,0.001041,0.44847,2324.65568,0.017625,0.081194,0.005622,0,0.0,13
1900-01-01 09:36:34.632,1.466985,0.000978,0.446954,2326.26343,0.018423,0.084234,0.005771,0,0.0,13
1900-01-01 09:36:35.632,1.466339,0.000978,0.447762,2324.914995,0.018048,0.084473,0.005732,0,0.0,13
1900-01-01 09:36:36.632,1.465982,0.000873,0.447027,2325.070583,0.017006,0.085509,0.005917,0,0.0,13
1900-01-01 09:36:37.632,1.469715,0.001036,0.448837,2327.314832,0.018256,0.086548,0.005643,0,0.0,13
1900-01-01 09:36:38.632,1.466969,0.000821,0.447882,2328.314371,0.018065,0.082143,0.005655,0,0.0,13
1900-01-01 09:36:39.632,1.467143,0.00112,0.448791,2328.733989,0.018305,0.081143,0.005739,0,0.0,13
1900-01-01 09:36:40.632,1.467605,0.001152,0.44948,2326.838636,0.018001,0.086478,0.005672,0,0.0,13
1900-01-01 09:36:41.128,1.464154,0.00134,0.446224,2329.030794,0.017917,0.085298,0.005727,0,0.0,13
1900-01-01 09:36:42.131,1.46879,0.001116,0.448657,2328.023981,0.01817,0.085813,0.00568,0,0.0,13
1900-01-01 09:36:43.131,1.468655,0.001167,0.448359,2327.328976,0.018798,0.085965,0.005588,0,0.0,13
1900-01-01 09:36:44.128,1.468519,0.001071,0.447996,2328.332228,0.01823,0.082414,0.005597,0,0.0,13
1900-01-01 09:36:45.131,1.466581,0.001242,0.448474,2329.01583,0.017218,0.084876,0.00564,0,0.0,13
1900-01-01 09:36:46.131,1.464565,0.001194,0.448442,2326.947077,0.018174,0.087109,0.005658,0,0.0,13
1900-01-01 09:36:47.131,1.46992,0.001194,0.448212,2326.5086,0.017567,0.084943,0.005717,0,0.0,13
1900-01-01 09:36:48.131,1.468461,0.001462,0.448755,2328.875434,0.01793,0.084006,0.005583,0,0.0,13
1900-01-01 09:36:49.131,1.467615,0.00133,0.449535,2330.596339,0.018413,0.086435,0.005607,0,0.0,13
1900-01-01 09:36:50.131,1.465993,0.001209,0.448258,2329.922121,0.017941,0.085594,0.005555,0,0.0,13
1900-01-01 09:36:51.131,1.465762,0.001104,0.44801,2327.682587,0.018728,0.086161,0.005627,0,0.0,13
1900-01-01 09:36:52.131,1.4674,0.00102,0.44993,2327.475136,0.018048,0.083926,0.005724,0,0.0,13
1900-01-01 09:36:53.131,1.46666,0.001036,0.447937,2328.144638,0.018181,0.082964,0.005643,0,0.0,13
1900-01-01 09:36:54.131,1.467416,0.001078,0.449388,2328.47939,0.017925,0.084968,0.005672,0,0.0,13
1900-01-01 09:36:55.131,1.466539,0.001136,0.44768,2329.530792,0.017331,0.085161,0.005849,0,0.0,13
1900-01-01 09:36:56.126,1.466436,0.001299,0.448931,2329.456161,0.017893,0.084692,0.005582,0,0.0,13
1900-01-01 09:36:57.129,1.466769,0.001232,0.447713,2327.845354,0.01774,0.08539,0.005663,0,0.0,13
1900-01-01 09:36:58.126,1.469462,0.001256,0.450567,2327.466822,0.018309,0.08683,0.005697,0,0.0,13
1900-01-01 09:36:59.129,1.46758,0.000928,0.449188,2327.464597,0.018002,0.085099,0.005777,0,0.0,13
1900-01-01 09:37:00.126,1.466471,0.000966,0.449102,2327.622879,0.018724,0.085945,0.005579,0,0.0,13
1900-01-01 09:37:01.129,1.46892,0.001101,0.449133,2327.394086,0.018162,0.086169,0.005665,0,0.0,13
1900-01-01 09:37:02.131,1.464729,0.001072,0.448558,2328.007655,0.01845,0.085587,0.005654,0,0.0,13
1900-01-01 09:37:03.129,1.465094,0.001058,0.447497,2326.293259,0.019182,0.087254,0.005736,0,0.0,13
1900-01-01 09:37:04.126,1.466265,0.001019,0.447959,2325.532663,0.017807,0.084231,0.005549,0,0.0,13
1900-01-01 09:37:05.129,1.468177,0.001179,0.448941,2327.502202,0.018159,0.081376,0.005583,0,0.0,13
1900-01-01 09:37:06.131,1.468098,0.000952,0.449521,2328.374676,0.018337,0.085592,0.005619,0,0.0,13
1900-01-01 09:37:07.129,1.468119,0.000974,0.449228,2328.792391,0.018056,0.084499,0.005695,0,0.0,13
1900-01-01 09:37:08.126,1.463869,0.000971,0.447968,2329.415168,0.018022,0.088174,0.005831,0,0.0,13
1900-01-01 09:37:09.129,1.467821,0.001038,0.449216,2327.337677,0.01844,0.087945,0.005642,0,0.0,13
1900-01-01 09:37:10.129,1.469379,0.001257,0.449444,2328.870719,0.018848,0.08279,0.005656,0,0.0,13
1900-01-01 09:37:11.126,1.469183,0.001045,0.448355,2330.885886,0.018529,0.085808,0.005623,0,0.0,13
1900-01-01 09:37:12.129,1.467685,0.000876,0.449426,2330.595267,0.018603,0.088314,0.00561,0,0.0,13
1900-01-01 09:37:13.129,1.467143,0.000894,0.448782,2328.35209,0.017565,0.083447,0.005667,0,0.0,13
1900-01-01 09:37:14.129,1.468818,0.000989,0.449728,2328.983874,0.017982,0.083403,0.00575,0,0.0,13
1900-01-01 09:37:15.129,1.469757,0.000779,0.45005,2331.213979,0.017724,0.082242,0.005792,0,0.0,13
1900-01-01 09:37:16.129,1.469075,0.000936,0.448782,2331.685459,0.017851,0.085273,0.00591,0,0.0,13
1900-01-01 09:37:17.129,1.463929,0.000952,0.447523,2329.700525,0.017605,0.08396,0.005717,0,0.0,13
1900-01-01 09:37:18.129,1.467127,0.001146,0.448865,2327.866465,0.018271,0.084541,0.005808,0,0.0,13
1900-01-01 09:37:19.129,1.466896,0.000758,0.448001,2329.676951,0.019044,0.085298,0.005638,0,0.0,13
1900-01-01 09:37:20.129,1.464995,0.000952,0.448176,2327.781598,0.018166,0.085488,0.00587,0,0.0,13
1900-01-01 09:37:21.129,1.464764,0.001052,0.448268,2325.966397,0.017528,0.083245,0.005756,0,0.0,13
1900-01-01 09:37:22.125,1.466153,0.000927,0.448385,2326.053384,0.017809,0.085367,0.005684,0,0.0,13
1900-01-01 09:37:23.128,1.468491,0.001211,0.449692,2327.962871,0.017298,0.085097,0.005786,0,0.0,13
1900-01-01 09:37:24.129,1.466556,0.001091,0.449193,2330.685473,0.018968,0.086942,0.005727,0,0.0,13
1900-01-01 09:37:25.125,1.463074,0.000916,0.447665,2329.873515,0.018723,0.08497,0.005724,0,0.0,13
1900-01-01 09:37:26.128,1.465937,0.001101,0.448675,2328.291921,0.018013,0.086421,0.005646,0,0.0,13
1900-01-01 09:37:27.128,1.465494,0.000821,0.448148,2328.979159,0.017424,0.084523,0.005576,0,0.0,13
1900-01-01 09:37:28.125,1.467034,0.000861,0.448696,2329.382065,0.017862,0.084965,0.005845,0,0.0,13
1900-01-01 09:37:29.128,1.464115,0.001132,0.447942,2328.856006,0.018124,0.08538,0.005753,0,0.0,13
1900-01-01 09:37:30.129,1.465691,0.001091,0.448789,2326.517036,0.017543,0.087272,0.005784,0,0.0,13
1900-01-01 09:37:31.129,1.467143,0.001378,0.449581,2328.394523,0.018003,0.083475,0.005506,0,0.0,13
1900-01-01 09:37:32.125,1.462905,0.001375,0.447997,2329.570555,0.018127,0.08397,0.005667,0,0.0,13
1900-01-01 09:37:33.128,1.461822,0.00108,0.447356,2326.68898,0.017297,0.087158,0.005671,0,0.0,13
1900-01-01 09:37:34.125,1.464464,0.000929,0.448235,2324.444994,0.01747,0.086169,0.005761,0,0.0,13
1900-01-01 09:37:35.128,1.466319,0.001007,0.448492,2326.233012,0.018385,0.086891,0.005668,0,0.0,13
1900-01-01 09:37:36.128,1.4651,0.001152,0.448084,2327.894753,0.01797,0.084353,0.005711,0,0.0,13
1900-01-01 09:37:37.125,1.465144,0.000977,0.448788,2328.790941,0.017667,0.084006,0.00583,0,0.0,13
1900-01-01 09:37:38.128,1.465303,0.001069,0.447686,2328.033382,0.017869,0.084278,0.005788,0,0.0,13
1900-01-01 09:37:39.128,1.467437,0.00111,0.449425,2327.300688,0.017656,0.084026,0.005703,0,0.0,13
1900-01-01 09:37:40.128,1.463777,0.001225,0.447744,2329.502503,0.017731,0.08725,0.005667,0,0.0,13
1900-01-01 09:37:41.128,1.467437,0.00132,0.449747,2327.72502,0.018507,0.084237,0.005611,0,0.0,13
1900-01-01 09:37:42.128,1.465158,0.000931,0.449342,2329.191326,0.019565,0.086242,0.005662,0,0.0,13
1900-01-01 09:37:43.128,1.464098,0.001078,0.448111,2329.07817,0.018139,0.085117,0.005769,0,0.0,13
1900-01-01 09:37:44.128,1.462423,0.000931,0.44655,2327.083806,0.018056,0.08451,0.005835,0,0.0,13
1900-01-01 09:37:45.128,1.465037,0.000999,0.44915,2325.556209,0.018938,0.086931,0.005918,0,0.0,13
1900-01-01 09:37:46.128,1.462827,0.001083,0.446706,2328.205931,0.017975,0.084887,0.005553,0,0.0,13
1900-01-01 09:37:47.128,1.462685,0.000952,0.447101,2326.532174,0.018079,0.084597,0.005794,0,0.0,13
1900-01-01 09:37:48.123,1.463766,0.001025,0.447814,2327.30962,0.018426,0.083162,0.005648,0,0.0,13
1900-01-01 09:37:49.126,1.458807,0.001001,0.446495,2325.142448,0.018305,0.084334,0.00561,0,0.0,13
1900-01-01 09:37:50.123,1.462695,0.000803,0.447471,2322.77093,0.01901,0.083271,0.005657,0,0.0,13
1900-01-01 09:37:51.126,1.462021,0.001054,0.448043,2325.316374,0.01803,0.083956,0.005619,0,0.0,13
1900-01-01 09:37:52.128,1.460464,0.001167,0.446889,2323.946897,0.018325,0.083931,0.005724,0,0.0,13
1900-01-01 09:37:53.123,1.460541,0.001109,0.4475,2324.513904,0.017912,0.086775,0.005568,0,0.0,13
1900-01-01 09:37:54.126,1.460456,0.00109,0.446605,2322.970721,0.018782,0.083007,0.005649,0,0.0,13
1900-01-01 09:37:55.126,1.462407,0.000999,0.448001,2323.43926,0.018866,0.086421,0.005709,0,0.0,13
1900-01-01 09:37:56.126,1.459608,0.001131,0.447413,2325.90039,0.018079,0.083414,0.005678,0,0.0,13
1900-01-01 09:37:57.126,1.463851,0.001267,0.447827,2324.594388,0.018668,0.085723,0.005729,0,0.0,13
1900-01-01 09:37:58.123,1.460862,0.001282,0.44724,2326.104871,0.018782,0.083851,0.005687,0,0.0,13
1900-01-01 09:37:59.126,1.457378,0.001383,0.446083,2324.62537,0.017505,0.083971,0.005542,0,0.0,13
1900-01-01 09:38:00.123,1.460962,0.001303,0.447968,2323.130333,0.018633,0.08408,0.00552,0,0.0,13
1900-01-01 09:38:01.126,1.457786,0.001221,0.44568,2325.137747,0.017697,0.084965,0.00547,0,0.0,13
1900-01-01 09:38:02.126,1.459908,0.001267,0.447285,2324.90085,0.018972,0.083939,0.005825,0,0.0,13
1900-01-01 09:38:03.123,1.460014,0.001356,0.447812,2324.837501,0.017423,0.084857,0.005577,0,0.0,13
1900-01-01 09:38:04.126,1.460807,0.001415,0.447457,2325.006127,0.018221,0.085226,0.005506,0,0.0,13
1900-01-01 09:38:05.126,1.459829,0.00122,0.446761,2325.485486,0.017918,0.083154,0.00563,0,0.0,13
1900-01-01 09:38:06.126,1.460732,0.001288,0.44711,2324.712258,0.017881,0.084089,0.005798,0,0.0,13
1900-01-01 09:38:07.126,1.461278,0.000994,0.447119,2324.952713,0.018134,0.082834,0.005749,0,0.0,13
1900-01-01 09:38:08.126,1.458705,0.001257,0.446724,2323.821159,0.018106,0.082954,0.005617,0,0.0,13
1900-01-01 09:38:09.126,1.460265,0.000926,0.447229,2323.307245,0.017935,0.081099,0.005702,0,0.0,13
1900-01-01 09:38:10.126,1.460648,0.001288,0.447827,2324.787695,0.01791,0.083955,0.005779,0,0.0,13
1900-01-01 09:38:11.126,1.459293,0.001141,0.446908,2325.989971,0.018941,0.082443,0.005577,0,0.0,13
1900-01-01 09:38:12.126,1.461472,0.001241,0.44779,2325.730656,0.018712,0.086012,0.005583,0,0.0,13
1900-01-01 09:38:13.125,1.461003,0.001192,0.447892,2326.339683,0.018322,0.083135,0.005561,0,0.0,13
1900-01-01 09:38:14.126,1.459612,0.001122,0.446027,2325.843492,0.017668,0.080164,0.005542,0,0.0,13
1900-01-01 09:38:15.125,1.461108,0.001039,0.447,2324.37164,0.019034,0.085307,0.005682,0,0.0,13
1900-01-01 09:38:16.126,1.461568,0.001275,0.447825,2323.35656,0.018713,0.087505,0.005707,0,0.0,13
1900-01-01 09:38:17.126,1.461751,0.001278,0.447588,2322.402002,0.018428,0.084449,0.005648,0,0.0,13
1900-01-01 09:38:18.121,1.461365,0.001262,0.44882,2324.632367,0.018117,0.085636,0.005617,0,0.0,13
1900-01-01 09:38:19.125,1.46187,0.001317,0.447182,2326.659643,0.017515,0.085425,0.00559,0,0.0,13
1900-01-01 09:38:20.121,1.461398,0.001153,0.447886,2325.821431,0.018287,0.083162,0.005731,0,0.0,13
1900-01-01 09:38:21.125,1.45674,0.001317,0.446221,2324.95029,0.017978,0.083028,0.005649,0,0.0,13
1900-01-01 09:38:22.125,1.458716,0.000968,0.446559,2322.274702,0.017802,0.08452,0.005753,0,0.0,13
1900-01-01 09:38:23.125,1.457755,0.001057,0.446862,2323.901311,0.018038,0.084094,0.00552,0,0.0,13
1900-01-01 09:38:24.121,1.46085,0.001085,0.446936,2321.840353,0.018127,0.082676,0.005846,0,0.0,13
1900-01-01 09:38:25.125,1.46163,0.001134,0.44741,2323.489826,0.018154,0.085145,0.005656,0,0.0,13
1900-01-01 09:38:26.125,1.461898,0.001157,0.447046,2323.675,0.017934,0.081571,0.005786,0,0.0,13
1900-01-01 09:38:27.125,1.461667,0.00091,0.447689,2324.990432,0.017914,0.086357,0.005704,0,0.0,13
1900-01-01 09:38:28.125,1.456521,0.000847,0.44474,2326.546318,0.017939,0.08321,0.005672,0,0.0,13
1900-01-01 09:38:29.125,1.460511,0.00102,0.447386,2324.504806,0.018241,0.082047,0.005666,0,0.0,13
1900-01-01 09:38:30.125,1.461325,0.001162,0.447128,2323.882452,0.017842,0.085459,0.00557,0,0.0,13
1900-01-01 09:38:31.125,1.458968,0.001251,0.447009,2325.235602,0.017459,0.083637,0.005519,0,0.0,13
1900-01-01 09:38:32.125,1.458574,0.001057,0.447248,2325.193168,0.017299,0.083253,0.005755,0,0.0,13
1900-01-01 09:38:33.125,1.459477,0.000947,0.446145,2324.905565,0.018192,0.085283,0.005699,0,0.0,13
1900-01-01 09:38:34.125,1.45954,0.000999,0.446384,2322.901771,0.01801,0.085498,0.005651,0,0.0,13
1900-01-01 09:38:35.125,1.460186,0.000831,0.446504,2325.886245,0.017474,0.085118,0.005808,0,0.0,13
1900-01-01 09:38:36.125,1.461147,0.001188,0.446871,2327.25354,0.018527,0.086759,0.005522,0,0.0,13
1900-01-01 09:38:37.125,1.461483,0.001083,0.447404,2327.36198,0.018349,0.082537,0.00571,0,0.0,13
1900-01-01 09:38:38.125,1.460501,0.00102,0.44711,2325.598642,0.017824,0.080863,0.00582,0,0.0,13
1900-01-01 09:38:39.125,1.459409,0.00102,0.447036,2324.476517,0.01735,0.082112,0.005647,0,0.0,13
1900-01-01 09:38:40.125,1.461068,0.001083,0.447808,2325.278035,0.018251,0.084176,0.005748,0,0.0,13
1900-01-01 09:38:41.125,1.459146,0.000989,0.447459,2327.739165,0.01776,0.082456,0.005653,0,0.0,13
1900-01-01 09:38:42.125,1.462685,0.001131,0.447827,2326.923503,0.017605,0.083633,0.00558,0,0.0,13
1900-01-01 09:38:43.120,1.460156,0.00103,0.44786,2327.006356,0.017728,0.082783,0.005783,0,0.0,13
1900-01-01 09:38:44.123,1.460534,0.001038,0.448071,2325.62662,0.017729,0.081779,0.005661,0,0.0,13
1900-01-01 09:38:45.125,1.460642,0.001057,0.447448,2327.330078,0.018388,0.084219,0.005792,0,0.0,13
1900-01-01 09:38:46.120,1.464874,0.000977,0.449559,2327.352266,0.018421,0.086885,0.005696,0,0.0,13
1900-01-01 09:38:47.123,1.461356,0.001211,0.447704,2330.787996,0.018145,0.086347,0.005671,0,0.0,13
1900-01-01 09:38:48.120,1.45983,0.001045,0.446927,2327.812039,0.018314,0.079931,0.005623,0,0.0,13
1900-01-01 09:38:49.123,1.4601,0.001033,0.447384,2327.262466,0.016989,0.086169,0.00572,0,0.0,13
1900-01-01 09:38:50.123,1.461593,0.000952,0.44835,2327.668443,0.018189,0.082533,0.005698,0,0.0,13
1900-01-01 09:38:51.123,1.463068,0.000973,0.448635,2328.432242,0.017594,0.082567,0.00581,0,0.0,13
1900-01-01 09:38:52.120,1.459814,0.001066,0.447249,2328.521388,0.017306,0.083641,0.005519,0,0.0,13
1900-01-01 09:38:53.123,1.457812,0.001101,0.446788,2325.15655,0.01752,0.083718,0.005762,0,0.0,13
1900-01-01 09:38:54.123,1.463242,0.001099,0.448314,2324.533095,0.017092,0.08257,0.005686,0,0.0,13
1900-01-01 09:38:55.123,1.458506,0.00101,0.447009,2326.914073,0.019192,0.085068,0.005707,0,0.0,13
1900-01-01 09:38:56.123,1.458721,0.000894,0.446403,2326.678333,0.017555,0.084528,0.005706,0,0.0,13
1900-01-01 09:38:57.123,1.46206,0.001204,0.449324,2325.042294,0.017477,0.08168,0.005674,0,0.0,13
1900-01-01 09:38:58.123,1.457188,0.001115,0.445484,2327.046088,0.017893,0.082336,0.005779,0,0.0,13
1900-01-01 09:38:59.123,1.458831,0.00102,0.446531,2322.967779,0.017981,0.083664,0.005627,0,0.0,13
1900-01-01 09:39:00.123,1.462018,0.001136,0.447266,2323.538271,0.018542,0.082471,0.005657,0,0.0,13
1900-01-01 09:39:01.123,1.459593,0.001131,0.447652,2325.612786,0.01723,0.081164,0.00558,0,0.0,13
1900-01-01 09:39:02.123,1.458117,0.001094,0.446063,2326.112556,0.017682,0.081318,0.005668,0,0.0,13
1900-01-01 09:39:03.123,1.458915,0.001125,0.447358,2324.768836,0.017284,0.083327,0.005562,0,0.0,13
1900-01-01 09:39:04.123,1.45754,0.001131,0.446568,2325.461912,0.018701,0.083108,0.00548,0,0.0,13
1900-01-01 09:39:05.123,1.459971,0.000921,0.448075,2324.542525,0.01828,0.082916,0.005799,0,0.0,13
1900-01-01 09:39:06.118,1.458341,0.001019,0.447306,2326.181856,0.019283,0.08304,0.00588,0,0.0,13
1900-01-01 09:39:07.121,1.457734,0.000886,0.443985,2324.395035,0.018997,0.080851,0.005858,0,0.0,13
1900-01-01 09:39:08.123,1.456702,0.000994,0.441929,2319.119159,0.019228,0.082364,0.00588,0,0.0,13
1900-01-01 09:39:09.118,1.458098,0.000909,0.440686,2312.354911,0.017472,0.082946,0.005707,0,0.0,13
1900-01-01 09:39:10.121,1.46065,0.000944,0.44197,2312.144995,0.017342,0.08203,0.00564,0,0.0,13
1900-01-01 09:39:11.121,1.461,0.00101,0.441065,2312.576341,0.017909,0.08429,0.005784,0,0.0,13
1900-01-01 09:39:12.121,1.460874,0.001094,0.441414,2311.501365,0.018052,0.085252,0.005879,0,0.0,13
1900-01-01 09:39:13.121,1.45932,0.000936,0.441726,2310.765855,0.017287,0.084493,0.005543,0,0.0,13
1900-01-01 09:39:14.118,1.459314,0.001103,0.440725,2311.572669,0.018287,0.084342,0.005706,0,0.0,13
1900-01-01 09:39:15.121,1.460901,0.001054,0.442199,2311.294167,0.017727,0.08012,0.005677,0,0.0,13
1900-01-01 09:39:16.121,1.458732,0.001152,0.441947,2312.288738,0.018215,0.079119,0.005749,0,0.0,13
1900-01-01 09:39:17.121,1.458249,0.001078,0.440927,2310.907299,0.017799,0.085399,0.005769,0,0.0,13
1900-01-01 09:39:18.121,1.457692,0.001125,0.441019,2309.66259,0.018067,0.083528,0.005601,0,0.0,13
1900-01-01 09:39:19.121,1.461478,0.001125,0.442048,2309.304264,0.017747,0.085133,0.005795,0,0.0,13
1900-01-01 09:39:20.121,1.460548,0.001094,0.44191,2312.161438,0.017933,0.083587,0.00561,0,0.0,13
1900-01-01 09:39:21.121,1.458894,0.001204,0.442645,2312.873374,0.01783,0.083842,0.005557,0,0.0,13
1900-01-01 09:39:22.121,1.462071,0.000952,0.442948,2313.764473,0.018085,0.082841,0.00564,0,0.0,13
1900-01-01 09:39:23.121,1.46163,0.001078,0.442562,2313.080826,0.017952,0.083868,0.005614,0,0.0,13
1900-01-01 09:39:24.121,1.457556,0.001293,0.440808,2312.246305,0.018104,0.085882,0.005796,0,0.0,13
1900-01-01 09:39:25.121,1.457766,0.000952,0.437638,2308.446169,0.018151,0.081064,0.005737,0,0.0,13
1900-01-01 09:39:26.121,1.457592,0.000784,0.437812,2305.211811,0.019149,0.079169,0.005923,0,0.0,13
1900-01-01 09:39:27.121,1.459398,0.000973,0.438125,2300.605443,0.017476,0.080495,0.005577,0,0.0,13
1900-01-01 09:39:28.121,1.459813,0.000837,0.437647,2303.033569,0.01801,0.084734,0.005807,0,0.0,13
1900-01-01 09:39:29.121,1.458627,0.000816,0.438492,2302.599807,0.018664,0.082202,0.005635,0,0.0,13
1900-01-01 09:39:30.121,1.458217,0.000868,0.438272,2303.37775,0.017684,0.081922,0.00569,0,0.0,13
1900-01-01 09:39:31.121,1.459566,0.001099,0.438208,2303.071288,0.017988,0.084781,0.005783,0,0.0,13
1900-01-01 09:39:32.117,1.461161,0.000879,0.438321,2303.511299,0.018415,0.084813,0.005748,0,0.0,13
1900-01-01 09:39:33.120,1.456792,0.001048,0.437473,2304.402932,0.017919,0.083499,0.0056,0,0.0,13
1900-01-01 09:39:34.121,1.460802,0.000991,0.438409,2301.671268,0.01737,0.087883,0.005632,0,0.0,13
1900-01-01 09:39:35.117,1.457961,0.001001,0.437749,2302.214253,0.018534,0.084804,0.005573,0,0.0,13
1900-01-01 09:39:36.120,1.460341,0.000965,0.438096,2302.832896,0.018107,0.08269,0.005656,0,0.0,13
1900-01-01 09:39:37.120,1.458417,0.001083,0.438557,2304.12269,0.018089,0.087292,0.005919,0,0.0,13
1900-01-01 09:39:38.117,1.458956,0.000892,0.438228,2303.850219,0.017842,0.083272,0.005708,0,0.0,13
1900-01-01 09:39:39.120,1.46367,0.000975,0.439524,2305.559306,0.018312,0.082354,0.005845,0,0.0,13
1900-01-01 09:39:40.121,1.461531,0.001264,0.438739,2306.310714,0.019682,0.08341,0.005711,0,0.0,13
1900-01-01 09:39:41.117,1.46095,0.000969,0.439825,2305.603613,0.018779,0.08233,0.00587,0,0.0,13
1900-01-01 09:39:42.120,1.455509,0.000996,0.437976,2305.418284,0.017506,0.084601,0.005842,0,0.0,13
1900-01-01 09:39:43.120,1.462234,0.0009,0.441175,2303.509765,0.018195,0.082956,0.005782,0,0.0,13
1900-01-01 09:39:44.117,1.458803,0.000892,0.442504,2309.028469,0.017769,0.083015,0.005823,0,0.0,13
1900-01-01 09:39:45.120,1.459299,0.001075,0.440972,2310.495047,0.017997,0.082353,0.005653,0,0.0,13
1900-01-01 09:39:46.117,1.459988,0.001198,0.44325,2311.180162,0.018319,0.081597,0.005659,0,0.0,13
1900-01-01 09:39:47.120,1.46289,0.000975,0.44492,2314.528253,0.018108,0.082674,0.005731,0,0.0,13
1900-01-01 09:39:48.120,1.459152,0.001094,0.444538,2320.021024,0.017693,0.083095,0.00559,0,0.0,13
1900-01-01 09:39:49.120,1.459566,0.001036,0.444087,2320.530223,0.017822,0.08263,0.00574,0,0.0,13
1900-01-01 09:39:50.120,1.461866,0.000989,0.445631,2319.596691,0.018174,0.08466,0.005711,0,0.0,13
1900-01-01 09:39:51.120,1.459115,0.000963,0.44553,2321.506188,0.018343,0.081942,0.005868,0,0.0,13
1900-01-01 09:39:52.120,1.458947,0.000963,0.445952,2322.213409,0.018285,0.083529,0.00583,0,0.0,13
1900-01-01 09:39:53.120,1.459241,0.001068,0.445539,2322.340709,0.018263,0.083305,0.005497,0,0.0,13
1900-01-01 09:39:54.120,1.458543,0.000858,0.445162,2321.124289,0.01851,0.081449,0.00571,0,0.0,13
1900-01-01 09:39:55.115,1.457956,0.001056,0.444776,2319.751711,0.017241,0.082943,0.005738,0,0.0,13
1900-01-01 09:39:56.118,1.458137,0.001096,0.445762,2319.976372,0.019009,0.08255,0.005686,0,0.0,13
1900-01-01 09:47:20.088,0.835039,0.000921,0.23689,1697.083665,0.016547,0.05282,0.005448,0,0.0,13
1900-01-01 09:47:21.091,0.838703,0.001033,0.238375,1697.33023,0.016841,0.046785,0.005682,0,0.0,13
1900-01-01 09:47:22.091,0.837723,0.001094,0.237475,1698.052941,0.016596,0.049209,0.005649,0,0.0,13
1900-01-01 09:47:23.091,0.836405,0.001099,0.237319,1697.19956,0.016579,0.048537,0.005744,0,0.0,13
1900-01-01 09:47:24.091,0.835922,0.001278,0.236969,1696.143443,0.016129,0.051345,0.005648,0,0.0,13
1900-01-01 09:47:25.091,0.835255,0.001115,0.237622,1694.997745,0.017338,0.048946,0.005624,0,0.0,13
1900-01-01 09:47:26.091,0.834799,0.001183,0.236179,1694.743145,0.016625,0.048463,0.005739,0,0.0,13
1900-01-01 09:47:27.091,0.83714,0.000978,0.236813,1694.021779,0.016008,0.049409,0.005694,0,0.0,13
1900-01-01 09:47:28.091,0.836888,0.001131,0.238109,1696.374469,0.017575,0.048315,0.00554,0,0.0,13
1900-01-01 09:47:29.091,0.836684,0.00123,0.237263,1697.576745,0.016947,0.049801,0.005567,0,0.0,13
1900-01-01 09:47:30.091,0.836033,0.001062,0.236685,1696.388613,0.016488,0.048374,0.005676,0,0.0,13
1900-01-01 09:47:31.091,0.835796,0.001078,0.237769,1694.299953,0.017161,0.048543,0.005711,0,0.0,13
1900-01-01 09:47:32.091,0.837193,0.001183,0.237337,1696.063291,0.017387,0.049281,0.005759,0,0.0,13
1900-01-01 09:47:33.091,0.833644,0.001173,0.236354,1695.766259,0.016207,0.048874,0.005626,0,0.0,13
1900-01-01 09:47:34.091,0.8321,0.000989,0.236326,1694.389534,0.016056,0.047509,0.005882,0,0.0,13
1900-01-01 09:47:35.091,0.833717,0.001173,0.235996,1693.668169,0.016877,0.048452,0.00595,0,0.0,13
1900-01-01 09:47:36.091,0.835497,0.001083,0.236721,1694.050068,0.016082,0.049057,0.005768,0,0.0,13
1900-01-01 09:47:37.091,0.835465,0.001141,0.236381,1695.275918,0.016602,0.048744,0.005694,0,0.0,13
1900-01-01 09:47:38.091,0.834289,0.000915,0.236363,1694.960026,0.016768,0.049114,0.00578,0,0.0,13
1900-01-01 09:47:39.089,0.834376,0.000947,0.236374,1694.98137,0.016671,0.048565,0.005777,0,0.0,13
1900-01-01 09:47:40.089,0.837051,0.00102,0.237456,1695.224056,0.016987,0.04817,0.005782,0,0.0,13
1900-01-01 09:47:41.089,0.835187,0.001062,0.237704,1696.171732,0.016809,0.048494,0.005753,0,0.0,13
1900-01-01 09:47:42.089,0.836925,0.001026,0.237548,1697.185416,0.017061,0.050158,0.005819,0,0.0,13
1900-01-01 09:47:43.091,0.833265,0.000983,0.23692,1696.397441,0.016534,0.049474,0.005653,0,0.0,13
1900-01-01 09:47:44.086,0.833742,0.001062,0.236276,1694.260126,0.016213,0.049569,0.005718,0,0.0,13
1900-01-01 09:47:45.089,0.836986,0.000923,0.237157,1693.936321,0.016836,0.0499,0.005701,0,0.0,13
1900-01-01 09:47:46.089,0.835318,0.000753,0.237199,1695.827551,0.016985,0.048615,0.005716,0,0.0,13
1900-01-01 09:47:47.089,0.837387,0.000931,0.238292,1696.313176,0.016604,0.047726,0.00574,0,0.0,13
1900-01-01 09:47:48.089,0.837534,0.001036,0.237254,1697.920926,0.016861,0.049046,0.005836,0,0.0,13
1900-01-01 09:47:49.089,0.83472,0.001031,0.237181,1698.260392,0.016094,0.048218,0.00578,0,0.0,13
1900-01-01 09:47:50.089,0.82089,0.000889,0.232725,1694.818582,0.017131,0.050043,0.005726,0,0.0,13
1900-01-01 09:47:51.089,0.804525,0.000915,0.226413,1679.919788,0.016602,0.049146,0.005703,0,0.0,13
1900-01-01 09:47:52.089,0.788018,0.000926,0.221911,1659.000183,0.017392,0.050621,0.005624,0,0.0,13
1900-01-01 09:47:53.089,0.781707,0.000821,0.218374,1640.603001,0.017062,0.048029,0.005996,0,0.0,13
1900-01-01 09:47:54.089,0.767022,0.000915,0.214571,1628.424651,0.017006,0.047358,0.005856,0,0.0,13
1900-01-01 09:47:55.089,0.749165,0.001036,0.208691,1613.021373,0.017636,0.046749,0.005911,0,0.0,13
1900-01-01 09:47:56.089,0.738302,0.001152,0.203987,1591.606713,0.016743,0.046379,0.005691,0,0.0,13
1900-01-01 09:47:57.089,0.72421,0.001089,0.198677,1574.185497,0.016576,0.047939,0.005747,0,0.0,13
1900-01-01 09:47:58.089,0.709472,0.00112,0.194524,1555.477137,0.016396,0.045654,0.005965,0,0.0,13
1900-01-01 09:47:59.085,0.69515,0.000948,0.190034,1535.158491,0.016436,0.045506,0.005739,0,0.0,13
1900-01-01 09:48:00.088,0.680957,0.001116,0.184351,1516.113306,0.016859,0.045589,0.005927,0,0.0,13
1900-01-01 09:48:01.085,0.665186,0.00085,0.178994,1495.77369,0.016546,0.047246,0.00577,0,0.0,13
1900-01-01 09:48:02.088,0.650418,0.000855,0.173771,1474.892813,0.015848,0.046684,0.00569,0,0.0,13
1900-01-01 09:48:03.085,0.646908,0.00104,0.172774,1453.78494,0.015309,0.046636,0.005799,0,0.0,13
1900-01-01 09:48:04.088,0.641843,0.001106,0.171271,1446.481745,0.016435,0.044413,0.005586,0,0.0,13
1900-01-01 09:48:05.085,0.633969,0.001077,0.168185,1438.907521,0.016421,0.045897,0.005828,0,0.0,13
1900-01-01 09:48:06.088,0.632698,0.001268,0.167451,1428.506245,0.016231,0.046165,0.005823,0,0.0,13
1900-01-01 09:48:07.089,0.623875,0.001065,0.164745,1423.421644,0.016394,0.047324,0.005752,0,0.0,13
1900-01-01 09:48:08.085,0.621808,0.001322,0.16452,1414.736795,0.016711,0.04588,0.005787,0,0.0,13
1900-01-01 09:48:09.088,0.617308,0.001279,0.162743,1409.806835,0.016939,0.04451,0.005548,0,0.0,13
1900-01-01 09:48:10.089,0.616626,0.001143,0.162249,1404.482339,0.015855,0.045976,0.005808,0,0.0,13
1900-01-01 09:48:11.088,0.617144,0.00127,0.163252,1403.436014,0.016608,0.045412,0.005918,0,0.0,13
1900-01-01 09:48:12.088,0.615743,0.001104,0.161845,1401.618797,0.016215,0.045728,0.005895,0,0.0,13
1900-01-01 09:48:13.088,0.615428,0.001047,0.161367,1399.572571,0.016138,0.045893,0.005946,0,0.0,13
1900-01-01 09:48:14.085,0.616406,0.000982,0.1619,1400.4135,0.016447,0.044525,0.005714,0,0.0,13
1900-01-01 09:48:15.088,0.613775,0.001232,0.161598,1400.504138,0.016763,0.042028,0.005702,0,0.0,13
1900-01-01 09:48:16.088,0.615654,0.001094,0.161827,1399.360404,0.01638,0.045136,0.005746,0,0.0,13
1900-01-01 09:48:17.088,0.615233,0.000994,0.161671,1401.284046,0.016488,0.046888,0.00603,0,0.0,13
1900-01-01 09:48:18.088,0.616362,0.001036,0.16224,1400.350514,0.016825,0.045022,0.005873,0,0.0,13
1900-01-01 09:48:19.088,0.614903,0.000931,0.162259,1401.383057,0.016376,0.045572,0.00591,0,0.0,13
1900-01-01 09:48:20.086,0.615597,0.001037,0.162397,1401.501088,0.016012,0.044985,0.005912,0,0.0,13
1900-01-01 09:48:21.088,0.61724,0.000947,0.163156,1401.006701,0.017152,0.044427,0.005869,0,0.0,13
1900-01-01 09:48:22.088,0.613217,0.001015,0.161625,1402.109138,0.01678,0.044291,0.005934,0,0.0,13
1900-01-01 09:48:23.088,0.617181,0.000921,0.163067,1401.482068,0.016595,0.046694,0.005818,0,0.0,13
1900-01-01 09:48:24.088,0.614798,0.000936,0.161799,1401.764957,0.01637,0.045898,0.005777,0,0.0,13
1900-01-01 09:48:25.088,0.615753,0.001015,0.162488,1400.81728,0.016068,0.044213,0.005821,0,0.0,13
1900-01-01 09:48:26.088,0.613889,0.001146,0.161349,1402.123282,0.016529,0.045558,0.005731,0,0.0,13
1900-01-01 09:48:27.088,0.614262,0.00112,0.161716,1399.492419,0.016439,0.04635,0.0057,0,0.0,13
1900-01-01 09:48:28.086,0.615634,0.000879,0.162176,1400.206642,0.016075,0.045647,0.005843,0,0.0,13
1900-01-01 09:48:29.083,0.615721,0.001045,0.162739,1402.309827,0.015608,0.043318,0.005835,0,0.0,13
1900-01-01 09:48:30.086,0.61534,0.001054,0.161854,1403.145935,0.015992,0.044791,0.005754,0,0.0,13
1900-01-01 09:48:31.083,0.616769,0.001056,0.162702,1401.718702,0.016296,0.04679,0.005871,0,0.0,13
1900-01-01 09:48:32.086,0.613545,0.001012,0.161708,1403.653611,0.017009,0.043577,0.005876,0,0.0,13
1900-01-01 09:48:33.088,0.616517,0.001062,0.162762,1402.041888,0.016356,0.045055,0.00581,0,0.0,13
1900-01-01 09:48:34.083,0.615348,0.001072,0.162491,1403.605224,0.016192,0.044579,0.005657,0,0.0,13
1900-01-01 09:48:35.086,0.615586,0.001075,0.162148,1402.412625,0.016584,0.045734,0.005653,0,0.0,13
1900-01-01 09:48:36.086,0.614115,0.001031,0.161083,1402.278871,0.016454,0.045279,0.005893,0,0.0,13
1900-01-01 09:48:37.086,0.61568,0.001131,0.162167,1400.006333,0.016689,0.043836,0.005925,0,0.0,13
1900-01-01 09:48:38.086,0.616131,0.0009,0.16111,1401.416061,0.016159,0.044596,0.006044,0,0.0,13
1900-01-01 09:48:39.086,0.615522,0.001068,0.162213,1401.057735,0.015823,0.044519,0.00581,0,0.0,13
1900-01-01 09:48:40.086,0.614535,0.000973,0.162029,1401.302905,0.016625,0.043601,0.00581,0,0.0,13
1900-01-01 09:48:41.083,0.614273,0.001187,0.162066,1400.914773,0.016174,0.046927,0.00572,0,0.0,13
1900-01-01 09:48:42.086,0.614414,0.001148,0.161543,1401.030617,0.015849,0.042668,0.00571,0,0.0,13
1900-01-01 09:48:43.086,0.614897,0.001162,0.160926,1400.482529,0.016035,0.044891,0.005953,0,0.0,13
1900-01-01 09:48:44.086,0.614609,0.000926,0.161643,1400.194925,0.016435,0.045198,0.005967,0,0.0,13
1900-01-01 09:48:45.086,0.61191,0.000999,0.161027,1397.780944,0.016152,0.043938,0.006047,0,0.0,13
1900-01-01 09:48:46.086,0.604628,0.000963,0.159172,1397.606496,0.017409,0.045207,0.005773,0,0.0,13
1900-01-01 09:48:47.086,0.588031,0.00111,0.153264,1387.563954,0.016853,0.044328,0.005645,0,0.0,13
1900-01-01 09:48:48.086,0.575793,0.001104,0.149626,1365.630666,0.015911,0.044094,0.005781,0,0.0,13
1900-01-01 09:48:49.086,0.563848,0.001099,0.145878,1346.606414,0.016993,0.043308,0.005896,0,0.0,13
1900-01-01 09:48:50.083,0.552764,0.000998,0.141489,1328.249031,0.016874,0.044074,0.005826,0,0.0,13
1900-01-01 09:48:51.081,0.54447,0.001242,0.138794,1311.097709,0.016939,0.043373,0.005759,0,0.0,13
1900-01-01 09:48:52.085,0.535771,0.001239,0.135738,1298.070675,0.016159,0.044684,0.005641,0,0.0,13
1900-01-01 09:48:53.086,0.527453,0.001081,0.132769,1283.20202,0.016226,0.042742,0.005806,0,0.0,13
1900-01-01 09:48:54.081,0.521812,0.001025,0.130562,1270.410705,0.016223,0.042199,0.005898,0,0.0,13
1900-01-01 09:48:55.085,0.511308,0.001082,0.127402,1258.314134,0.01618,0.041602,0.005785,0,0.0,13
1900-01-01 09:48:56.081,0.50922,0.001127,0.127393,1244.232096,0.016203,0.041662,0.00591,0,0.0,13
1900-01-01 09:48:57.085,0.505639,0.001035,0.125947,1238.943034,0.016322,0.042027,0.006019,0,0.0,13
1900-01-01 09:48:58.081,0.501413,0.000979,0.123703,1232.975254,0.016104,0.041463,0.005811,0,0.0,13
1900-01-01 09:48:59.085,0.499531,0.001129,0.12376,1225.751902,0.016482,0.040425,0.005791,0,0.0,13
1900-01-01 09:49:00.085,0.49731,0.001073,0.122551,1222.682392,0.016656,0.040686,0.005827,0,0.0,13
1900-01-01 09:49:01.085,0.491876,0.001125,0.121265,1218.580509,0.015836,0.040117,0.005601,0,0.0,13
1900-01-01 09:49:02.085,0.49059,0.001099,0.120576,1212.375821,0.016402,0.040536,0.006062,0,0.0,13
1900-01-01 09:49:03.085,0.490311,0.000952,0.121035,1208.830286,0.016497,0.040209,0.005756,0,0.0,13
1900-01-01 09:49:04.085,0.490311,0.000831,0.120585,1208.712415,0.016484,0.04244,0.006086,0,0.0,13
1900-01-01 09:49:05.085,0.489891,0.001146,0.119924,1207.222536,0.016476,0.039586,0.005865,0,0.0,13
1900-01-01 09:49:06.085,0.492186,0.001146,0.120769,1206.454022,0.016376,0.03942,0.005712,0,0.0,13
1900-01-01 09:49:07.085,0.486442,0.001325,0.119731,1209.612944,0.015983,0.038567,0.005726,0,0.0,13
1900-01-01 09:49:08.085,0.485481,0.001204,0.11928,1204.242777,0.016573,0.041404,0.005752,0,0.0,13
1900-01-01 09:49:09.085,0.487292,0.001136,0.119391,1202.375713,0.016787,0.041739,0.005998,0,0.0,13
1900-01-01 09:49:10.085,0.485035,0.001078,0.119023,1202.884912,0.016506,0.040963,0.00573,0,0.0,13
1900-01-01 09:49:11.081,0.487101,0.000858,0.1185,1199.985797,0.016321,0.041858,0.006014,0,0.0,13
1900-01-01 09:49:12.085,0.487608,0.001045,0.119286,1200.764357,0.01595,0.041229,0.005906,0,0.0,13
1900-01-01 09:49:13.085,0.487471,0.001125,0.119593,1201.362029,0.016225,0.040985,0.005964,0,0.0,13
1900-01-01 09:49:14.085,0.486127,0.001078,0.119179,1202.658602,0.016499,0.041431,0.005826,0,0.0,13
1900-01-01 09:49:15.085,0.487676,0.000816,0.119492,1202.031532,0.017153,0.04048,0.005903,0,0.0,13
1900-01-01 09:49:16.083,0.487342,0.000953,0.119241,1202.477596,0.017016,0.042787,0.005833,0,0.0,13
1900-01-01 09:49:17.080,0.486158,0.000977,0.119217,1202.259139,0.016135,0.04055,0.005792,0,0.0,13
1900-01-01 09:49:18.083,0.487771,0.000986,0.119811,1202.453984,0.016624,0.041739,0.006011,0,0.0,13
1900-01-01 09:49:19.080,0.487817,0.001077,0.12,1204.046699,0.016504,0.041146,0.005978,0,0.0,13
1900-01-01 09:49:20.083,0.486667,0.000959,0.119536,1203.666767,0.016626,0.042506,0.00596,0,0.0,13
1900-01-01 09:49:21.080,0.486963,0.00085,0.119429,1202.126727,0.016531,0.041324,0.005827,0,0.0,13
1900-01-01 09:49:22.083,0.485327,0.000944,0.118996,1203.102682,0.016,0.04084,0.005775,0,0.0,13
1900-01-01 09:49:23.083,0.486872,0.000926,0.119492,1201.659062,0.016814,0.042138,0.00576,0,0.0,13
1900-01-01 09:49:24.083,0.485544,0.000957,0.119336,1201.758073,0.015903,0.040491,0.005869,0,0.0,13
1900-01-01 09:49:25.085,0.484886,0.00081,0.1192,1200.293264,0.016309,0.040213,0.005865,0,0.0,13
1900-01-01 09:49:26.083,0.488057,0.00089,0.119913,1200.247747,0.016154,0.042727,0.005842,0,0.0,13
1900-01-01 09:49:27.083,0.485245,0.000726,0.118582,1201.432751,0.016399,0.03878,0.005906,0,0.0,13
1900-01-01 09:49:28.083,0.487235,0.000989,0.119538,1199.834431,0.016501,0.041853,0.005901,0,0.0,13
1900-01-01 09:49:29.080,0.484488,0.001035,0.118479,1201.384274,0.016284,0.040886,0.005723,0,0.0,13
1900-01-01 09:49:30.083,0.486923,0.000781,0.118071,1198.651113,0.016876,0.040437,0.005847,0,0.0,13
1900-01-01 09:49:31.083,0.486899,0.000642,0.115716,1192.837656,0.015753,0.041026,0.005941,0,0.0,13
1900-01-01 09:49:32.083,0.487734,0.000889,0.11578,1187.151597,0.016315,0.042763,0.00584,0,0.0,13
1900-01-01 09:49:33.083,0.485843,0.000768,0.11465,1184.501875,0.015756,0.041887,0.005792,0,0.0,13
1900-01-01 09:49:34.083,0.487466,0.001299,0.116166,1183.195873,0.015958,0.042317,0.006036,0,0.0,13
1900-01-01 09:49:35.083,0.487508,0.001188,0.115247,1184.332142,0.016298,0.040147,0.005852,0,0.0,13
1900-01-01 09:49:36.083,0.486137,0.000999,0.115247,1185.190237,0.016277,0.040102,0.005748,0,0.0,13
1900-01-01 09:49:37.083,0.486536,0.000905,0.116056,1184.247275,0.016606,0.041539,0.005876,0,0.0,13
1900-01-01 09:49:38.083,0.487203,0.000936,0.116533,1185.355255,0.017325,0.041328,0.005834,0,0.0,13
1900-01-01 09:49:39.083,0.4862,0.000905,0.116285,1186.863994,0.015748,0.041036,0.005782,0,0.0,13
1900-01-01 09:49:40.080,0.487543,0.000877,0.116323,1185.721842,0.016297,0.040454,0.005993,0,0.0,13
1900-01-01 09:49:41.078,0.485711,0.001005,0.115596,1186.665509,0.01611,0.041954,0.005786,0,0.0,13
1900-01-01 09:49:42.081,0.487478,0.000829,0.115918,1185.136583,0.01618,0.041081,0.005806,0,0.0,13
1900-01-01 09:49:43.081,0.485276,0.001057,0.115477,1184.761189,0.015902,0.039912,0.005755,0,0.0,13
1900-01-01 09:49:44.078,0.486253,0.00094,0.115927,1184.303143,0.016385,0.041687,0.005759,0,0.0,13
1900-01-01 09:49:45.081,0.487305,0.00097,0.115707,1184.003713,0.016492,0.041621,0.005771,0,0.0,13
1900-01-01 09:49:46.083,0.486437,0.000941,0.115634,1183.805551,0.016859,0.042085,0.005833,0,0.0,13
1900-01-01 09:49:47.078,0.485772,0.000824,0.115835,1182.724747,0.016001,0.039675,0.00583,0,0.0,13
1900-01-01 09:49:48.081,0.485819,0.000907,0.114965,1182.565297,0.016471,0.041292,0.00578,0,0.0,13
1900-01-01 09:49:49.081,0.486993,0.000795,0.11567,1182.686673,0.016288,0.043099,0.005791,0,0.0,13
1900-01-01 09:49:50.078,0.486753,0.001035,0.11566,1183.385718,0.016528,0.041491,0.005819,0,0.0,13
1900-01-01 09:49:51.081,0.485002,0.001027,0.115185,1183.876794,0.016147,0.042503,0.005892,0,0.0,13
1900-01-01 09:49:52.081,0.485644,0.000889,0.116194,1183.087432,0.016813,0.040508,0.005783,0,0.0,13
1900-01-01 09:49:53.081,0.485203,0.000999,0.115964,1184.195412,0.016586,0.04039,0.005862,0,0.0,13
1900-01-01 09:49:54.081,0.486452,0.001031,0.115854,1184.275564,0.016707,0.042163,0.005644,0,0.0,13
1900-01-01 09:49:55.081,0.487019,0.000789,0.116212,1185.392973,0.015688,0.041158,0.00581,0,0.0,13
1900-01-01 09:49:56.081,0.485927,0.00111,0.116019,1185.534418,0.016131,0.041851,0.005742,0,0.0,13
1900-01-01 09:49:57.081,0.487529,0.000894,0.116497,1185.46841,0.016305,0.040821,0.005952,0,0.0,13
1900-01-01 09:49:58.081,0.486552,0.000816,0.116304,1186.727264,0.016377,0.043493,0.00594,0,0.0,13
1900-01-01 09:49:59.081,0.488049,0.000805,0.116331,1185.270388,0.01601,0.043514,0.005978,0,0.0,13
1900-01-01 09:50:00.081,0.488169,0.000931,0.116469,1187.06673,0.016068,0.040273,0.005929,0,0.0,13
1900-01-01 09:50:01.081,0.48682,0.000663,0.115146,1186.783842,0.016433,0.042524,0.005905,0,0.0,13
1900-01-01 09:50:02.081,0.488091,0.000789,0.116432,1185.798447,0.016468,0.039845,0.00596,0,0.0,13
1900-01-01 09:50:03.078,0.488391,0.00075,0.115973,1187.438467,0.01604,0.042018,0.005659,0,0.0,13
1900-01-01 09:50:04.081,0.483432,0.000724,0.115084,1187.021566,0.01711,0.041702,0.005941,0,0.0,13
1900-01-01 09:50:05.081,0.470612,0.000795,0.111095,1179.405167,0.01688,0.040897,0.005772,0,0.0,13
1900-01-01 09:50:06.081,0.459859,0.000847,0.107172,1161.201292,0.016699,0.038602,0.00592,0,0.0,13
1900-01-01 09:50:07.081,0.447652,0.000889,0.1038,1140.922901,0.016142,0.039221,0.005916,0,0.0,13
1900-01-01 09:50:08.081,0.437067,0.000968,0.100603,1121.667624,0.016303,0.03902,0.005979,0,0.0,13
1900-01-01 09:50:09.081,0.434138,0.00111,0.098756,1104.515152,0.016838,0.039135,0.00578,0,0.0,13
1900-01-01 09:50:10.077,0.429394,0.001016,0.097294,1094.442257,0.016006,0.038965,0.005708,0,0.0,13
1900-01-01 09:50:11.080,0.427107,0.001059,0.096719,1086.210221,0.016398,0.036614,0.005848,0,0.0,13
1900-01-01 09:50:12.081,0.42285,0.00107,0.095634,1083.22067,0.016078,0.037765,0.005674,0,0.0,13
1900-01-01 09:50:13.077,0.41892,0.001064,0.094601,1075.975925,0.015959,0.036211,0.005639,0,0.0,13
1900-01-01 09:50:14.080,0.413172,0.000687,0.092304,1069.997485,0.016244,0.038366,0.005828,0,0.0,13
1900-01-01 09:50:15.080,0.411829,0.0009,0.092123,1059.644321,0.016637,0.035954,0.005801,0,0.0,13
1900-01-01 09:50:16.080,0.408962,0.000821,0.091461,1055.268979,0.015922,0.036624,0.00579,0,0.0,13
1900-01-01 09:50:17.080,0.409109,0.000774,0.090598,1051.605573,0.016687,0.037797,0.005905,0,0.0,13
1900-01-01 09:50:18.080,0.403276,0.000968,0.088347,1047.00392,0.016606,0.036594,0.005715,0,0.0,13
1900-01-01 09:50:19.080,0.397999,0.000763,0.086868,1038.182514,0.01676,0.038206,0.00583,0,0.0,13
1900-01-01 09:50:20.077,0.396959,0.000913,0.086476,1027.763941,0.015765,0.037706,0.005801,0,0.0,13
1900-01-01 09:50:21.080,0.397725,0.000813,0.086799,1024.438241,0.016667,0.037035,0.005994,0,0.0,13
1900-01-01 09:50:22.077,0.395827,0.000755,0.086716,1024.14626,0.017028,0.036414,0.005982,0,0.0,13
1900-01-01 09:50:23.080,0.394668,0.000965,0.086121,1024.913012,0.016533,0.03598,0.005828,0,0.0,13
1900-01-01 09:50:24.080,0.39005,0.001104,0.085223,1020.43126,0.01663,0.036063,0.005627,0,0.0,13
1900-01-01 09:50:25.080,0.389431,0.000973,0.084424,1015.230827,0.016458,0.036742,0.005829,0,0.0,13
1900-01-01 09:50:26.080,0.387514,0.001031,0.084066,1011.227954,0.016018,0.035947,0.005912,0,0.0,13
1900-01-01 09:50:27.080,0.388937,0.000978,0.084093,1009.148724,0.016205,0.037588,0.005674,0,0.0,13
1900-01-01 09:50:28.080,0.386774,0.000884,0.084139,1009.276024,0.016202,0.037148,0.006009,0,0.0,13
1900-01-01 09:50:29.080,0.387551,0.001062,0.084157,1008.917698,0.016407,0.036496,0.005792,0,0.0,13
1900-01-01 09:50:30.080,0.389961,0.001089,0.085122,1010.718755,0.016438,0.035297,0.00588,0,0.0,13
1900-01-01 09:50:31.078,0.388032,0.000847,0.084931,1013.280559,0.015686,0.034628,0.005958,0,0.0,13
1900-01-01 09:50:32.080,0.39117,0.000726,0.084954,1012.670243,0.015872,0.037291,0.005618,0,0.0,13
1900-01-01 09:50:33.080,0.388974,0.000915,0.084497,1014.712198,0.015451,0.036051,0.005968,0,0.0,13
1900-01-01 09:50:34.080,0.389525,0.001015,0.084801,1014.287865,0.015882,0.034525,0.005802,0,0.0,13
1900-01-01 09:50:35.080,0.386711,0.000999,0.083863,1012.882852,0.016525,0.0357,0.005881,0,0.0,13
1900-01-01 09:50:36.080,0.386107,0.001057,0.08368,1008.861121,0.016234,0.036975,0.005716,0,0.0,13
1900-01-01 09:50:37.080,0.385388,0.000947,0.083358,1006.885616,0.01619,0.036914,0.005737,0,0.0,13
1900-01-01 09:50:38.075,0.386923,0.000829,0.084145,1005.372139,0.016642,0.036326,0.005961,0,0.0,13
1900-01-01 09:50:39.078,0.384847,0.000677,0.082851,1006.114888,0.01619,0.036605,0.00605,0,0.0,13
1900-01-01 09:50:40.078,0.385929,0.000831,0.082853,1004.184031,0.016311,0.035749,0.005958,0,0.0,13
1900-01-01 09:50:41.078,0.386848,0.000837,0.084056,1002.934607,0.016741,0.035636,0.005769,0,0.0,13
1900-01-01 09:50:42.078,0.385052,0.000989,0.083487,1005.405166,0.016014,0.036992,0.00573,0,0.0,13
1900-01-01 09:50:43.078,0.384175,0.000957,0.082816,1003.70312,0.016072,0.03664,0.005755,0,0.0,13
1900-01-01 09:50:44.078,0.385026,0.000879,0.08289,1002.887458,0.016789,0.036211,0.005727,0,0.0,13
1900-01-01 09:50:45.078,0.384422,0.0008,0.082798,1001.204272,0.016421,0.03635,0.006142,0,0.0,13
1900-01-01 09:50:46.078,0.385409,0.000936,0.08289,1001.171268,0.016381,0.036384,0.006112,0,0.0,13
1900-01-01 09:50:47.078,0.384186,0.0008,0.082963,1002.420692,0.016252,0.038246,0.005904,0,0.0,13
1900-01-01 09:50:48.078,0.386963,0.000963,0.083845,1002.96761,0.016627,0.037172,0.005868,0,0.0,13
1900-01-01 09:50:49.078,0.385714,0.001073,0.08345,1004.759237,0.016386,0.035536,0.005865,0,0.0,13
1900-01-01 09:50:50.078,0.385084,0.000963,0.083037,1004.499923,0.016473,0.036824,0.005735,0,0.0,13
1900-01-01 09:50:51.078,0.385336,0.000805,0.083174,1003.401373,0.016291,0.035461,0.005941,0,0.0,13
1900-01-01 09:50:52.078,0.385603,0.00091,0.082963,1002.3594,0.016314,0.036748,0.005932,0,0.0,13
1900-01-01 09:50:53.078,0.385924,0.000852,0.083248,1004.910111,0.016281,0.037771,0.005691,0,0.0,13
1900-01-01 09:50:54.078,0.384569,0.000837,0.083138,1004.136883,0.015907,0.037275,0.005807,0,0.0,13
1900-01-01 09:50:55.078,0.386779,0.001036,0.083946,1003.580535,0.01615,0.038448,0.005721,0,0.0,13
1900-01-01 09:50:56.078,0.385766,0.000921,0.083331,1005.702199,0.017239,0.03745,0.005837,0,0.0,13
1900-01-01 09:50:57.078,0.38533,0.000732,0.08277,1004.226464,0.016228,0.036417,0.006017,0,0.0,13
1900-01-01 09:50:58.078,0.385971,0.000873,0.083588,1003.514528,0.017023,0.036868,0.005728,0,0.0,13
1900-01-01 09:50:59.078,0.384758,0.000763,0.083055,1003.858709,0.016166,0.036925,0.005943,0,0.0,13
1900-01-01 09:51:00.078,0.387341,0.000905,0.08379,1004.151027,0.016298,0.037488,0.005988,0,0.0,13
1900-01-01 09:51:01.078,0.385729,0.000926,0.083432,1005.749347,0.016302,0.035916,0.005779,0,0.0,13
1900-01-01 09:51:02.073,0.386506,0.000856,0.083499,1005.732265,0.01646,0.038006,0.006143,0,0.0,13
1900-01-01 09:51:03.077,0.384917,0.000925,0.082665,1004.930755,0.016363,0.037304,0.005681,0,0.0,13
1900-01-01 09:51:04.077,0.384117,0.000863,0.083138,1003.160917,0.016118,0.034761,0.0059,0,0.0,13
1900-01-01 09:51:05.073,0.386042,0.000969,0.083338,1004.747289,0.016501,0.035742,0.005851,0,0.0,13
1900-01-01 09:51:06.077,0.384415,0.001249,0.083021,1004.963627,0.016345,0.036818,0.005715,0,0.0,13
1900-01-01 09:51:07.077,0.385089,0.001078,0.083138,1003.70312,0.016613,0.037773,0.005826,0,0.0,13
1900-01-01 09:51:08.077,0.384748,0.001136,0.082651,1003.717265,0.016341,0.035275,0.005792,0,0.0,13
1900-01-01 09:51:09.077,0.386391,0.00111,0.083018,1002.807307,0.016754,0.038852,0.005893,0,0.0,13
1900-01-01 09:51:10.077,0.385042,0.000947,0.083009,1003.014758,0.015625,0.037532,0.005852,0,0.0,13
1900-01-01 09:51:11.077,0.385441,0.000873,0.082752,1002.265104,0.016389,0.03777,0.006119,0,0.0,13
1900-01-01 09:51:12.077,0.386449,0.000858,0.083275,1002.675292,0.016449,0.037795,0.005806,0,0.0,13
1900-01-01 09:51:13.077,0.386543,0.00101,0.083266,1004.033157,0.015648,0.037791,0.005649,0,0.0,13
1900-01-01 09:51:14.077,0.385761,0.000973,0.082715,1004.674371,0.016004,0.037468,0.005829,0,0.0,13
1900-01-01 09:51:15.077,0.385845,0.001157,0.082835,1003.764413,0.016695,0.038619,0.005843,0,0.0,13
1900-01-01 09:51:16.077,0.384469,0.001026,0.082954,1004.023727,0.016822,0.037278,0.005857,0,0.0,13
1900-01-01 09:51:17.077,0.384212,0.001136,0.082807,1003.679546,0.016444,0.037284,0.005998,0,0.0,13
1900-01-01 09:51:18.077,0.383587,0.000894,0.082825,1002.250959,0.016653,0.034208,0.005745,0,0.0,13
1900-01-01 09:51:19.077,0.383283,0.000926,0.082541,1002.925177,0.016308,0.035008,0.005892,0,0.0,13
1900-01-01 09:51:20.077,0.385614,0.000931,0.083092,1002.184952,0.016068,0.038877,0.005759,0,0.0,13
1900-01-01 09:51:21.077,0.385147,0.000826,0.083496,1002.467841,0.015652,0.035566,0.005865,0,0.0,13
1900-01-01 09:51:22.077,0.384348,0.000884,0.082871,1004.504638,0.016459,0.036848,0.005822,0,0.0,13
1900-01-01 09:51:23.077,0.38375,0.000826,0.082109,1003.660687,0.016645,0.036481,0.005751,0,0.0,13
1900-01-01 09:51:24.072,0.384332,0.001046,0.082603,1002.552731,0.016021,0.036242,0.005817,0,0.0,13
1900-01-01 09:51:25.075,0.381942,0.001148,0.08166,1000.8689,0.016783,0.035687,0.005749,0,0.0,13
1900-01-01 09:51:26.072,0.383915,0.000982,0.082458,998.732639,0.016506,0.035129,0.005733,0,0.0,13
1900-01-01 09:51:27.075,0.383696,0.00098,0.082466,1000.2061,0.015996,0.037082,0.005711,0,0.0,13
1900-01-01 09:51:28.077,0.383342,0.00091,0.082461,1000.662069,0.01666,0.036018,0.005703,0,0.0,13
1900-01-01 09:51:29.077,0.384333,0.000894,0.082458,1000.266025,0.01659,0.036031,0.00584,0,0.0,13
1900-01-01 09:51:30.075,0.384244,0.001105,0.082805,1001.909273,0.015932,0.0351,0.005952,0,0.0,13
1900-01-01 09:51:31.075,0.383204,0.000894,0.08243,1001.873775,0.016021,0.03635,0.006081,0,0.0,13
1900-01-01 09:51:32.075,0.384968,0.000852,0.083037,1000.77051,0.0161,0.036074,0.005806,0,0.0,13
1900-01-01 09:51:33.072,0.383878,0.000845,0.08291,1002.998193,0.016174,0.035157,0.005978,0,0.0,13
1900-01-01 09:51:34.075,0.383523,0.000933,0.082375,1002.415432,0.016442,0.036768,0.005738,0,0.0,13
1900-01-01 09:51:35.075,0.384501,0.000984,0.083156,1001.534308,0.016798,0.036964,0.005958,0,0.0,13
1900-01-01 09:51:36.075,0.384737,0.000826,0.083128,1002.401833,0.016242,0.038835,0.005827,0,0.0,13
1900-01-01 09:51:37.075,0.383361,0.001089,0.083128,1004.594219,0.016158,0.034828,0.005728,0,0.0,13
1900-01-01 09:51:38.075,0.382091,0.001041,0.082559,1004.518782,0.015894,0.036497,0.005815,0,0.0,13
1900-01-01 09:51:39.075,0.382432,0.000873,0.081714,1000.737506,0.015942,0.036553,0.005766,0,0.0,13
1900-01-01 09:51:40.075,0.383162,0.000847,0.082651,999.356067,0.01607,0.037089,0.005901,0,0.0,13
1900-01-01 09:51:41.075,0.382059,0.000674,0.081769,1000.459332,0.016409,0.036539,0.005905,0,0.0,13
1900-01-01 09:51:42.075,0.384333,0.001125,0.082651,1000.38861,0.015837,0.03731,0.005621,0,0.0,13
1900-01-01 09:51:43.075,0.384054,0.001026,0.082697,999.808689,0.016271,0.03869,0.005762,0,0.0,13
1900-01-01 09:51:44.075,0.38333,0.001157,0.082651,998.941164,0.016258,0.036831,0.005843,0,0.0,13
1900-01-01 09:51:45.075,0.383724,0.001015,0.08221,999.737967,0.016624,0.036665,0.005896,0,0.0,13
1900-01-01 09:51:46.075,0.384611,0.000826,0.082733,999.954848,0.016343,0.036612,0.006014,0,0.0,13
1900-01-01 09:51:47.075,0.383997,0.000957,0.082348,1001.095831,0.016876,0.036108,0.005869,0,0.0,13
1900-01-01 09:51:48.073,0.382945,0.000932,0.082676,1002.11714,0.016869,0.036996,0.005949,0,0.0,13
1900-01-01 09:51:49.070,0.381798,0.000845,0.082486,1001.650429,0.016057,0.034422,0.005615,0,0.0,13
1900-01-01 09:51:50.073,0.383041,0.000776,0.082558,1000.2061,0.016685,0.036059,0.005996,0,0.0,13
1900-01-01 09:51:51.073,0.377019,0.000816,0.080924,1001.26085,0.016742,0.03473,0.00579,0,0.0,13
1900-01-01 09:51:52.073,0.366791,0.000768,0.077276,993.405979,0.016448,0.03535,0.005887,0,0.0,13
1900-01-01 09:51:53.070,0.358343,0.001019,0.075022,974.364126,0.016254,0.034221,0.005687,0,0.0,13
1900-01-01 09:51:54.073,0.355287,0.001001,0.073261,957.584797,0.01667,0.036226,0.005803,0,0.0,13
1900-01-01 09:51:55.070,0.350959,0.001003,0.072884,947.191319,0.016173,0.032495,0.005882,0,0.0,13
1900-01-01 09:51:56.073,0.352539,0.000813,0.072766,941.654104,0.016064,0.035045,0.006012,0,0.0,13
1900-01-01 09:51:57.073,0.348541,0.000837,0.071295,940.406819,0.016204,0.036195,0.005883,0,0.0,13
1900-01-01 09:51:58.075,0.339872,0.000711,0.069001,933.436055,0.016605,0.034931,0.005886,0,0.0,13
1900-01-01 09:51:59.070,0.333712,0.000866,0.067156,918.960838,0.016399,0.033666,0.005633,0,0.0,13
1900-01-01 09:52:00.073,0.328025,0.001027,0.065209,906.685551,0.016805,0.035548,0.005817,0,0.0,13
1900-01-01 09:52:01.073,0.320898,0.001057,0.062916,893.711357,0.016329,0.032945,0.005716,0,0.0,13
1900-01-01 09:52:02.070,0.318572,0.001024,0.062849,879.949735,0.016368,0.036536,0.005953,0,0.0,13
1900-01-01 09:52:03.073,0.310845,0.00076,0.059833,869.747401,0.016211,0.036533,0.005847,0,0.0,13
1900-01-01 09:52:04.073,0.303556,0.000679,0.058571,854.418145,0.015857,0.032749,0.005849,0,0.0,13
1900-01-01 09:52:05.073,0.303918,0.00069,0.057542,842.277513,0.016729,0.036148,0.006108,0,0.0,13
1900-01-01 09:52:06.073,0.300295,0.000994,0.057064,835.47876,0.015227,0.034476,0.005993,0,0.0,13
1900-01-01 09:52:07.073,0.291637,0.000968,0.05429,828.623428,0.016117,0.035464,0.005867,0,0.0,13
1900-01-01 09:52:08.073,0.288534,0.000837,0.053187,812.201751,0.0168,0.035274,0.005902,0,0.0,13
1900-01-01 09:52:09.073,0.286009,0.0008,0.052379,801.39541,0.016471,0.036267,0.005733,0,0.0,13
1900-01-01 09:52:10.073,0.289259,0.001015,0.053013,795.99224,0.015513,0.036957,0.005706,0,0.0,13
1900-01-01 09:52:11.073,0.289028,0.001136,0.053279,799.518917,0.015639,0.034257,0.005734,0,0.0,13
1900-01-01 09:52:12.073,0.289275,0.001057,0.052912,802.017765,0.016008,0.034463,0.005774,0,0.0,13
1900-01-01 09:52:13.069,0.288446,0.001111,0.053212,802.038934,0.016561,0.034898,0.005877,0,0.0,13
1900-01-01 09:52:14.072,0.288399,0.000902,0.053063,800.985471,0.015794,0.035159,0.005684,0,0.0,13
1900-01-01 09:52:15.073,0.288134,0.000823,0.053222,799.569136,0.016184,0.033109,0.005712,0,0.0,13
1900-01-01 09:52:16.072,0.289419,0.00105,0.053345,799.33645,0.016078,0.034849,0.006001,0,0.0,13
1900-01-01 09:52:17.072,0.289149,0.001089,0.052985,802.107346,0.016484,0.036512,0.005747,0,0.0,13
1900-01-01 09:52:18.069,0.289087,0.000845,0.053192,799.117018,0.015849,0.03513,0.006014,0,0.0,13
1900-01-01 09:52:19.072,0.288974,0.00108,0.052761,800.872654,0.015558,0.033633,0.005632,0,0.0,13
1900-01-01 09:52:20.072,0.288786,0.000837,0.052875,801.103092,0.015461,0.034917,0.005826,0,0.0,13
1900-01-01 09:52:21.072,0.288571,0.000926,0.052581,799.419906,0.015972,0.034114,0.005798,0,0.0,13
1900-01-01 09:52:22.069,0.288666,0.000887,0.05216,799.093373,0.01588,0.035539,0.005974,0,0.0,13
1900-01-01 09:52:23.072,0.290676,0.000975,0.053018,798.729132,0.015927,0.035713,0.006031,0,0.0,13
1900-01-01 09:52:24.072,0.288965,0.000847,0.053049,801.079518,0.015695,0.032663,0.005882,0,0.0,13
1900-01-01 09:52:25.069,0.289688,0.001013,0.053275,799.982424,0.016061,0.035033,0.005936,0,0.0,13
1900-01-01 09:52:26.072,0.288964,0.00086,0.05245,799.829098,0.015806,0.035849,0.005823,0,0.0,13
1900-01-01 09:52:27.072,0.288871,0.000789,0.052287,797.882878,0.016507,0.035116,0.005772,0,0.0,13
1900-01-01 09:52:28.069,0.289003,0.000771,0.052409,797.65103,0.016583,0.036264,0.005888,0,0.0,13
1900-01-01 09:52:29.072,0.289022,0.000745,0.052706,797.427037,0.016539,0.035252,0.005848,0,0.0,13
1900-01-01 09:52:30.072,0.288487,0.000821,0.05248,796.671172,0.017008,0.03351,0.005922,0,0.0,13
1900-01-01 09:52:31.072,0.289317,0.000805,0.052489,797.449116,0.016285,0.036775,0.005978,0,0.0,13
1900-01-01 09:52:32.072,0.290645,0.000768,0.053196,797.368964,0.015597,0.036171,0.005905,0,0.0,13
1900-01-01 09:52:33.072,0.289716,0.001015,0.052507,799.452909,0.01603,0.035047,0.005745,0,0.0,13
1900-01-01 09:52:34.072,0.289259,0.000826,0.05248,798.57124,0.016214,0.034536,0.00594,0,0.0,13
1900-01-01 09:52:35.072,0.287437,0.000963,0.051929,797.840445,0.015633,0.034103,0.005773,0,0.0,13
1900-01-01 09:52:36.067,0.288749,0.00085,0.052512,796.072558,0.016091,0.033997,0.00596,0,0.0,13
1900-01-01 09:52:37.070,0.288514,0.000792,0.052532,797.079184,0.016365,0.033196,0.006013,0,0.0,13
1900-01-01 09:52:38.072,0.290061,0.001067,0.052817,798.649943,0.016353,0.037336,0.005921,0,0.0,13
1900-01-01 09:52:39.072,0.288629,0.000742,0.052608,800.961648,0.016039,0.034919,0.005868,0,0.0,13
1900-01-01 09:52:40.070,0.287117,0.000763,0.052325,798.832369,0.016538,0.036442,0.005981,0,0.0,13
1900-01-01 09:52:41.072,0.288243,0.000978,0.052799,795.934928,0.016906,0.033866,0.005789,0,0.0,13
1900-01-01 09:52:42.070,0.288906,0.001068,0.052767,797.400919,0.01594,0.034588,0.005695,0,0.0,13
1900-01-01 09:52:43.072,0.289307,0.000899,0.052368,798.292333,0.016751,0.034755,0.006006,0,0.0,13
1900-01-01 09:52:44.072,0.288072,0.000984,0.052526,799.038006,0.016131,0.035143,0.005976,0,0.0,13
1900-01-01 09:52:45.067,0.287656,0.000787,0.052484,798.375469,0.016002,0.036484,0.006093,0,0.0,13
1900-01-01 09:52:46.070,0.287645,0.000823,0.05256,796.5151,0.016328,0.033805,0.005788,0,0.0,13
1900-01-01 09:52:47.070,0.287747,0.000984,0.052369,796.298703,0.015983,0.033523,0.006032,0,0.0,13
1900-01-01 09:52:48.067,0.287808,0.001056,0.051865,796.364743,0.016265,0.035449,0.005718,0,0.0,13
1900-01-01 09:52:49.070,0.288299,0.001148,0.052267,796.204853,0.016688,0.034294,0.005862,0,0.0,13
1900-01-01 09:52:50.070,0.286828,0.000658,0.052232,796.242125,0.015567,0.032887,0.005848,0,0.0,13
1900-01-01 09:52:51.070,0.287789,0.000994,0.05214,796.534443,0.015795,0.034316,0.005825,0,0.0,13
1900-01-01 09:52:52.070,0.286592,0.00112,0.05169,794.51179,0.016929,0.034355,0.005834,0,0.0,13
1900-01-01 09:52:53.070,0.286902,0.000931,0.052121,793.15864,0.01569,0.03288,0.005873,0,0.0,13
1900-01-01 09:52:54.070,0.287064,0.001057,0.052094,793.719702,0.016087,0.033728,0.005793,0,0.0,13
1900-01-01 09:52:55.070,0.286881,0.000963,0.051699,795.426463,0.016246,0.033509,0.005754,0,0.0,13
1900-01-01 09:52:56.070,0.287637,0.000978,0.052149,795.223726,0.016185,0.034872,0.00594,0,0.0,13
1900-01-01 09:52:57.070,0.286875,0.000852,0.051827,794.426924,0.016552,0.034411,0.005938,0,0.0,13
1900-01-01 09:52:58.070,0.286319,0.00091,0.051984,792.706019,0.016326,0.033002,0.005913,0,0.0,13
1900-01-01 09:52:59.070,0.288629,0.000863,0.052627,793.323659,0.016286,0.035968,0.005786,0,0.0,13
1900-01-01 09:53:00.070,0.287217,0.000831,0.051984,796.204406,0.016512,0.036407,0.005827,0,0.0,13
1900-01-01 09:53:01.070,0.287516,0.000716,0.052066,793.41324,0.016016,0.034348,0.005658,0,0.0,13
1900-01-01 09:53:02.070,0.288141,0.000957,0.051993,794.75696,0.016211,0.03619,0.005906,0,0.0,13
1900-01-01 09:53:03.069,0.28758,0.000866,0.051782,794.314873,0.016138,0.034848,0.0059,0,0.0,13
1900-01-01 09:53:04.065,0.28823,0.001048,0.052151,794.535951,0.015985,0.035958,0.005778,0,0.0,13
1900-01-01 09:53:05.069,0.2871,0.0008,0.05212,794.976208,0.015399,0.036477,0.005939,0,0.0,13
1900-01-01 09:53:06.070,0.288433,0.000855,0.051791,794.204334,0.015921,0.034852,0.005955,0,0.0,13
1900-01-01 09:53:07.070,0.285447,0.000758,0.051772,795.228441,0.016431,0.033394,0.005868,0,0.0,13
1900-01-01 09:53:08.065,0.287419,0.000692,0.051958,793.627491,0.01679,0.035583,0.005927,0,0.0,13
1900-01-01 09:53:09.069,0.289333,0.000946,0.051909,794.483126,0.016443,0.03528,0.005812,0,0.0,13
1900-01-01 09:53:10.070,0.287305,0.000734,0.052185,797.162276,0.016503,0.035178,0.005961,0,0.0,13
1900-01-01 09:53:11.065,0.283108,0.00093,0.051108,795.982526,0.016209,0.035512,0.005933,0,0.0,13
1900-01-01 09:53:12.069,0.275972,0.000936,0.049118,786.467012,0.015831,0.033715,0.00587,0,0.0,13
1900-01-01 09:53:13.069,0.268856,0.001005,0.047215,770.263531,0.016254,0.033055,0.005898,0,0.0,13
1900-01-01 09:53:14.065,0.260313,0.001032,0.044735,753.792623,0.015709,0.034598,0.006026,0,0.0,13
1900-01-01 09:53:15.069,0.254348,0.001025,0.043417,733.383155,0.016626,0.035874,0.005873,0,0.0,13
1900-01-01 09:53:16.069,0.247529,0.000947,0.04095,717.669844,0.016482,0.033474,0.006001,0,0.0,13
1900-01-01 09:53:17.069,0.238924,0.000831,0.03902,701.53577,0.016198,0.034247,0.00605,0,0.0,13
1900-01-01 09:53:18.065,0.23269,0.001159,0.036424,680.528478,0.016019,0.032864,0.005939,0,0.0,13
1900-01-01 09:53:19.069,0.226208,0.001019,0.035136,662.167947,0.015218,0.031855,0.005893,0,0.0,13
1900-01-01 09:53:20.069,0.222758,0.00112,0.034271,648.67334,0.015903,0.031377,0.0057,0,0.0,13
1900-01-01 09:53:21.069,0.220994,0.000889,0.033931,637.725555,0.016298,0.031946,0.005803,0,0.0,13
1900-01-01 09:53:22.069,0.219303,0.000957,0.033131,629.418062,0.016337,0.03241,0.006127,0,0.0,13
1900-01-01 09:53:23.069,0.220626,0.000606,0.033186,624.726828,0.01611,0.034715,0.005845,0,0.0,13
1900-01-01 09:53:24.069,0.219697,0.000852,0.033214,624.161051,0.0161,0.033157,0.005633,0,0.0,13
1900-01-01 09:53:25.069,0.215628,0.000842,0.032442,621.789503,0.015886,0.0321,0.005788,0,0.0,13
1900-01-01 09:53:26.069,0.215864,0.000826,0.031808,615.5801,0.015925,0.035806,0.005921,0,0.0,13
1900-01-01 09:53:27.069,0.211764,0.000947,0.030127,610.162785,0.016333,0.035131,0.005852,0,1.0,13
1900-01-01 09:53:28.069,0.21095,0.000805,0.029025,594.014567,0.016511,0.035798,0.005733,1,1.0,13
1900-01-01 09:53:29.069,0.214331,0.000805,0.029934,585.598634,0.016231,0.031558,0.005997,1,1.0,13
1900-01-01 09:53:30.064,0.218842,0.000708,0.03085,593.454263,0.015955,0.034327,0.005757,1,1.0,13
1900-01-01 09:53:31.067,0.217924,0.00098,0.030961,600.904613,0.016266,0.034008,0.005731,1,1.0,13
1900-01-01 09:53:32.064,0.219753,0.001129,0.031546,603.752765,0.01684,0.032097,0.005757,0,1.0,13
1900-01-01 09:53:33.067,0.219699,0.000844,0.031282,606.954422,0.01689,0.036231,0.005767,0,1.0,13
1900-01-01 09:53:34.067,0.219555,0.000831,0.031257,604.896344,0.015486,0.033674,0.005865,0,1.0,13
1900-01-01 09:53:35.064,0.220137,0.001056,0.031269,605.133631,0.016306,0.032372,0.005718,0,1.0,13
1900-01-01 09:53:36.067,0.218395,0.00076,0.031043,606.719386,0.015946,0.032825,0.005959,0,1.0,13
1900-01-01 09:53:37.069,0.219249,0.000868,0.031059,604.420544,0.015858,0.033045,0.005879,0,1.0,13
1900-01-01 09:53:38.067,0.217858,0.000911,0.031244,603.79615,0.015131,0.032439,0.005782,0,1.0,13
1900-01-01 09:53:39.067,0.218127,0.000763,0.030835,602.246622,0.016373,0.03571,0.005657,0,1.0,13
1900-01-01 09:53:40.064,0.219985,0.000982,0.030864,602.78332,0.016063,0.032106,0.006016,0,1.0,13
1900-01-01 09:53:41.067,0.218547,0.000849,0.030411,605.003629,0.015974,0.035241,0.005786,0,1.0,13
1900-01-01 09:53:42.067,0.219119,0.000931,0.030384,600.591724,0.015769,0.034825,0.005835,1,1.0,13
1900-01-01 09:53:43.067,0.218668,0.000894,0.030844,600.318265,0.016035,0.032023,0.005745,1,1.0,13
1900-01-01 09:53:44.067,0.218794,0.000931,0.03032,602.458788,0.016405,0.034388,0.005892,0,1.0,13
1900-01-01 09:53:45.064,0.220717,0.000855,0.0308,600.778226,0.016431,0.036624,0.005711,1,1.0,13
1900-01-01 09:53:46.067,0.21871,0.000965,0.030732,603.68273,0.01651,0.032246,0.005941,0,1.0,13
1900-01-01 09:53:47.067,0.221083,0.000627,0.030697,603.222587,0.016361,0.035089,0.005827,0,1.0,13
1900-01-01 09:53:48.067,0.225845,0.000705,0.079031,603.033995,0.142499,0.050257,0.005943,0,1.0,13
1900-01-01 09:53:49.067,0.223073,0.000627,0.089413,461.137124,0.017225,0.035987,0.005674,1,1.0,13
1900-01-01 09:53:50.067,0.224648,0.000831,0.090451,346.86903,0.017001,0.034146,0.005921,1,1.0,13
1900-01-01 09:53:51.067,0.223619,0.000768,0.088227,328.712303,0.017291,0.035081,0.005905,1,1.0,13
1900-01-01 09:53:52.067,0.221445,0.000774,0.088292,327.321435,0.016046,0.031905,0.005868,1,1.0,13
1900-01-01 09:53:53.062,0.223349,0.000798,0.087866,326.600851,0.016429,0.034313,0.005736,1,1.0,13
1900-01-01 09:53:54.065,0.220374,0.000876,0.085883,326.764128,0.016719,0.033222,0.005802,1,1.0,13
1900-01-01 09:53:55.067,0.22024,0.001119,0.088063,323.677706,0.016154,0.034355,0.005871,1,1.0,13
1900-01-01 09:53:56.067,0.223209,0.000732,0.091572,325.652392,0.017186,0.035532,0.005831,1,1.0,13
1900-01-01 09:53:57.062,0.221739,0.000724,0.091052,318.862879,0.017054,0.034612,0.005909,1,1.0,13
1900-01-01 09:53:58.065,0.22308,0.000766,0.091855,313.070971,0.016473,0.035452,0.005885,1,1.0,13
1900-01-01 09:53:59.067,0.222592,0.000826,0.092381,313.518753,0.016812,0.033601,0.005957,1,1.0,13
1900-01-01 09:54:00.067,0.221361,0.000805,0.090873,313.794649,0.016552,0.033182,0.006033,1,1.0,13
1900-01-01 09:54:01.062,0.222868,0.00074,0.091671,312.698089,0.016771,0.034143,0.005965,1,1.0,13
1900-01-01 09:54:02.065,0.222541,0.000876,0.091837,313.602151,0.016671,0.034875,0.005915,1,1.0,13
1900-01-01 09:54:03.065,0.222102,0.000774,0.091103,313.186439,0.016602,0.033357,0.005868,1,1.0,13
1900-01-01 09:54:04.065,0.219623,0.000852,0.089275,312.865832,0.016788,0.032262,0.005844,1,1.0,13
1900-01-01 09:54:05.062,0.221612,0.000919,0.090429,311.562332,0.016869,0.033762,0.005876,1,1.0,13
1900-01-01 09:54:06.065,0.222442,0.00086,0.091956,311.966305,0.016763,0.033588,0.005972,1,1.0,13
1900-01-01 09:54:07.065,0.222632,0.000884,0.092545,311.413671,0.01648,0.034586,0.006045,1,1.0,13
1900-01-01 09:54:08.065,0.222112,0.001031,0.091645,310.70645,0.016752,0.032283,0.005912,1,1.0,13
1900-01-01 09:54:09.062,0.224355,0.000924,0.10544,306.190193,0.024906,0.032812,0.005913,1,1.0,13
1900-01-01 09:54:10.065,0.221594,0.000975,0.101574,266.6703,0.016807,0.033183,0.005789,1,1.0,13
1900-01-01 09:54:11.065,0.224076,0.000795,0.103212,249.45166,0.01621,0.033984,0.00596,1,1.0,13
1900-01-01 09:54:12.065,0.222012,0.000758,0.100741,249.22535,0.016742,0.034762,0.005849,1,1.0,13
1900-01-01 09:54:13.065,0.222327,0.00069,0.101255,249.428086,0.016003,0.035019,0.005735,1,1.0,13
1900-01-01 09:54:14.065,0.222784,0.000837,0.101898,249.739264,0.016536,0.033719,0.005902,1,1.0,13
1900-01-01 09:54:15.062,0.224703,0.000608,0.102399,249.607765,0.017219,0.035479,0.006069,1,1.0,13
1900-01-01 09:54:16.065,0.222259,0.000745,0.101986,249.677247,0.017164,0.032595,0.005772,1,1.0,13
1900-01-01 09:54:17.065,0.223073,0.000753,0.102045,250.144737,0.016665,0.033507,0.005792,1,1.0,13
1900-01-01 09:54:18.065,0.221923,0.000884,0.100933,249.281927,0.016723,0.033118,0.005822,1,1.0,13
1900-01-01 09:54:19.065,0.222343,0.000931,0.101172,248.367255,0.016666,0.033075,0.005759,1,1.0,13
1900-01-01 09:54:20.065,0.221125,0.00069,0.10029,249.390368,0.016148,0.034777,0.005887,1,1.0,13
1900-01-01 09:54:21.062,0.223371,0.000929,0.100492,248.945705,0.016585,0.033971,0.005722,1,1.0,13
1900-01-01 09:54:22.065,0.22284,0.000666,0.101207,251.42591,0.01633,0.031375,0.005884,1,1.0,13
1900-01-01 09:54:23.065,0.22269,0.000831,0.100603,252.370127,0.016753,0.03412,0.005751,1,1.0,13
1900-01-01 09:54:24.065,0.223167,0.000831,0.100621,251.248002,0.016597,0.033303,0.005958,1,1.0,13
1900-01-01 09:54:25.064,0.22241,0.000876,0.100955,251.451183,0.017468,0.032784,0.005955,1,1.0,13
1900-01-01 09:54:26.065,0.222171,0.000907,0.099948,246.490563,0.017557,0.034095,0.0058,1,1.0,13
1900-01-01 09:54:27.061,0.223681,0.000568,0.104415,242.889177,0.017632,0.032036,0.005728,1,1.0,13
1900-01-01 09:54:28.064,0.225059,0.000698,0.10379,235.744354,0.017511,0.037827,0.005941,1,1.0,13
1900-01-01 09:54:29.061,0.223134,0.000608,0.103708,231.301824,0.016731,0.032353,0.005693,1,1.0,13
1900-01-01 09:54:30.064,0.223222,0.001106,0.103259,227.367696,0.017385,0.033551,0.005817,1,1.0,13
1900-01-01 09:54:31.064,0.222385,0.000963,0.101815,227.791831,0.016773,0.031807,0.005754,1,1.0,13
1900-01-01 09:54:32.061,0.222228,0.00085,0.101764,230.724886,0.016439,0.03246,0.005751,1,1.0,13
1900-01-01 09:54:33.064,0.222531,0.000849,0.101528,231.024845,0.01676,0.033394,0.005861,1,1.0,13
1900-01-01 09:54:34.061,0.222196,0.000834,0.100704,231.183599,0.017731,0.033653,0.005923,1,1.0,13
1900-01-01 09:54:35.064,0.222248,0.00086,0.100136,230.785109,0.016833,0.034731,0.005935,1,1.0,13
1900-01-01 09:54:36.064,0.221818,0.001199,0.099252,229.861632,0.016113,0.031664,0.005811,1,1.0,13
1900-01-01 09:54:37.064,0.221766,0.00111,0.098811,229.564599,0.017239,0.034266,0.005856,1,1.0,13
1900-01-01 09:54:38.064,0.222795,0.001089,0.100309,230.116232,0.016732,0.032649,0.005785,1,1.0,13
1900-01-01 09:54:39.064,0.222994,0.000758,0.099978,230.625431,0.016365,0.03372,0.005792,1,1.0,13
1900-01-01 09:54:40.064,0.221981,0.000863,0.098361,230.587712,0.017078,0.034227,0.005937,1,1.0,13
1900-01-01 09:54:41.064,0.221729,0.000831,0.098003,229.658895,0.017078,0.033863,0.005846,1,1.0,13
1900-01-01 09:54:42.064,0.223141,0.000936,0.0986,228.951674,0.016585,0.035417,0.005853,1,1.0,13
1900-01-01 09:54:43.064,0.223897,0.00111,0.098811,230.03608,0.016681,0.03538,0.006041,1,1.0,13
1900-01-01 09:54:44.064,0.223944,0.000947,0.099087,230.875316,0.01723,0.033615,0.005871,1,1.0,13
1900-01-01 09:54:45.064,0.222684,0.00059,0.098389,230.913034,0.016863,0.032919,0.005881,1,1.0,13
1900-01-01 09:54:46.064,0.222789,0.000821,0.098039,230.309539,0.017696,0.035423,0.005903,1,1.0,13
1900-01-01 09:54:47.064,0.221676,0.000889,0.097194,229.498592,0.016578,0.033218,0.00599,1,1.0,13
1900-01-01 09:54:48.062,0.221404,0.000821,0.096706,229.663355,0.017504,0.031403,0.005848,1,1.0,13
1900-01-01 09:54:49.064,0.223122,0.000884,0.096718,228.831009,0.016752,0.034564,0.005896,1,1.0,13
1900-01-01 09:54:50.059,0.221148,0.000972,0.095392,229.343121,0.016639,0.032797,0.005697,1,1.0,13
1900-01-01 09:54:51.062,0.222337,0.000787,0.096573,229.544123,0.017187,0.032307,0.005828,1,1.0,13
1900-01-01 09:54:52.064,0.224122,0.000983,0.096865,230.341441,0.017118,0.035371,0.005957,1,1.0,13
1900-01-01 09:54:53.059,0.222768,0.000803,0.095466,230.764672,0.016636,0.035239,0.00585,1,1.0,13
1900-01-01 09:54:54.062,0.223279,0.000687,0.096224,230.380848,0.016912,0.033071,0.005866,1,1.0,13
1900-01-01 09:54:55.062,0.223467,0.000889,0.095733,230.582998,0.016821,0.035174,0.00584,1,1.0,13
1900-01-01 09:54:56.064,0.22298,0.000899,0.095068,230.473192,0.016504,0.034536,0.005969,1,1.0,13
1900-01-01 09:54:57.062,0.221351,0.000895,0.094312,229.932637,0.016449,0.032317,0.005841,1,1.0,13
1900-01-01 09:54:58.059,0.223529,0.000676,0.095387,229.358207,0.016132,0.035233,0.005774,1,1.0,13
1900-01-01 09:54:59.062,0.222929,0.00076,0.095336,230.300936,0.016619,0.032249,0.00581,1,1.0,13
1900-01-01 09:55:00.062,0.223309,0.000553,0.093721,231.596681,0.017302,0.035834,0.005801,1,1.0,13
1900-01-01 09:55:01.062,0.223881,0.000726,0.094512,232.171888,0.016897,0.034356,0.00585,1,1.0,13
1900-01-01 09:55:02.062,0.223719,0.000758,0.095145,233.859789,0.016761,0.032758,0.005943,1,1.0,13
1900-01-01 09:55:03.059,0.22375,0.000682,0.095147,234.593205,0.01635,0.031953,0.005736,1,1.0,13
1900-01-01 09:55:04.062,0.224012,0.000813,0.093486,234.362347,0.017471,0.035214,0.005769,1,1.0,13
1900-01-01 09:55:05.062,0.223776,0.000894,0.116919,224.510324,0.051923,0.034945,0.005915,1,1.0,13
1900-01-01 09:55:06.062,0.225126,0.000742,0.117663,143.839954,0.048356,0.034119,0.005716,1,1.0,13
1900-01-01 09:55:07.062,0.222653,0.000978,0.097396,65.809877,0.02016,0.033148,0.005866,1,1.0,13
1900-01-01 09:55:08.062,0.22311,0.000852,0.077846,30.128207,0.019253,0.030832,0.005652,1,1.0,13
1900-01-01 09:55:09.062,0.222401,0.000957,0.057129,1.306584,0.018646,0.03282,0.005869,1,1.0,13
1900-01-01 09:55:10.062,0.224511,0.000931,0.042796,0.995407,0.017486,0.033525,0.005835,1,1.0,13
1900-01-01 09:55:11.062,0.224191,0.000926,0.038607,0.976548,0.016356,0.034582,0.005663,1,1.0,13
1900-01-01 09:55:12.059,0.223065,0.001103,0.034854,0.933547,0.01632,0.031209,0.005469,1,1.0,13
1900-01-01 09:55:13.062,0.221521,0.000928,0.031868,0.694942,0.016646,0.03187,0.00572,1,1.0,13
1900-01-01 09:55:14.061,0.220623,0.001118,0.031136,0.716827,0.015614,0.032551,0.005721,1,1.0,13
1900-01-01 09:55:15.062,0.222984,0.001081,0.032113,1.080316,0.016829,0.032642,0.005844,1,1.0,13
1900-01-01 09:55:16.057,0.234551,0.000903,0.034876,0.568302,0.016452,0.031773,0.005688,1,1.0,13
1900-01-01 09:55:17.061,0.242493,0.000847,0.035767,0.700064,0.015786,0.033428,0.005728,1,1.0,13
1900-01-01 09:55:18.062,0.253002,0.000897,0.038519,1.028505,0.015605,0.035721,0.005647,1,1.0,13
1900-01-01 09:55:19.062,0.268699,0.000816,0.041896,1.066129,0.01683,0.038611,0.005694,1,1.0,13
1900-01-01 09:55:20.062,0.322027,0.000873,0.060326,0.877537,0.024409,0.052092,0.005785,1,1.0,13
1900-01-01 09:55:21.061,0.369336,0.001118,0.06141,0.598839,0.016308,0.036212,0.005873,1,1.0,13
1900-01-01 09:55:22.061,0.380468,0.000831,0.059774,1.188714,0.017309,0.037886,0.005693,1,1.0,13
1900-01-01 09:55:23.057,0.393169,0.001206,0.059484,0.938091,0.015881,0.037476,0.005676,1,1.0,13
1900-01-01 09:55:24.061,0.432625,0.000983,0.070741,0.981826,0.021474,0.057966,0.005749,1,1.0,13
1900-01-01 09:55:25.061,0.51639,0.000816,0.096395,0.962403,0.06544,0.065544,0.005809,1,1.0,13
1900-01-01 09:55:26.061,0.612545,0.000831,0.315493,26.191342,0.085682,0.072825,0.005808,1,1.0,13
1900-01-01 09:55:27.062,0.714589,0.000839,0.359863,59.900022,0.080282,0.049232,0.00575,1,1.0,13
1900-01-01 09:55:28.057,0.72693,0.000961,0.294917,58.92294,0.051162,0.048357,0.00562,1,1.0,13
1900-01-01 09:55:29.061,0.751455,0.000852,0.255566,51.445302,0.021093,0.054071,0.005785,1,1.0,13
1900-01-01 09:55:30.061,0.784222,0.001041,0.256345,48.223642,0.016925,0.054994,0.005758,1,1.0,13
1900-01-01 09:55:31.061,0.875536,0.000889,0.285699,48.00676,0.025799,0.087108,0.005783,1,1.0,13
1900-01-01 09:55:32.061,0.992887,0.000942,0.310063,49.053448,0.029977,0.087332,0.005641,1,1.0,13
1900-01-01 09:55:33.061,1.136369,0.001036,0.376717,52.174651,0.071385,0.147409,0.005663,1,1.0,13
1900-01-01 09:55:34.061,1.415773,0.000942,0.554408,55.385435,0.136961,0.195781,0.005503,1,1.0,13
1900-01-01 09:55:35.061,1.533917,0.00132,0.626427,59.609904,0.023615,0.085267,0.005532,1,1.0,13
1900-01-01 09:55:36.061,1.54782,0.001115,0.636368,62.221908,0.024973,0.084241,0.005584,1,1.0,13
1900-01-01 09:55:37.056,1.589922,0.001383,0.730256,62.078781,0.054039,0.084512,0.005624,1,1.0,13
1900-01-01 09:55:38.059,1.651746,0.001253,0.78004,60.896887,0.054482,0.112162,0.005438,1,1.0,13
1900-01-01 09:55:39.061,1.811212,0.001104,0.863232,61.069471,0.063741,0.149324,0.005684,1,1.0,13
1900-01-01 09:55:40.061,1.961397,0.00102,0.929662,63.27331,0.035786,0.119547,0.005588,1,1.0,13
1900-01-01 09:55:41.061,1.985953,0.001062,0.94292,66.069191,0.022909,0.108072,0.005849,1,1.0,13
1900-01-01 09:55:42.061,1.983375,0.000905,0.947752,67.101734,0.02255,0.110438,0.005763,1,1.0,13
1900-01-01 09:55:43.059,1.947865,0.000911,0.934782,67.55993,0.023719,0.110702,0.005666,1,1.0,13
1900-01-01 09:55:44.056,1.903041,0.000892,0.919625,67.479969,0.022206,0.104322,0.005708,1,1.0,13
1900-01-01 09:55:45.059,1.772688,0.000876,0.858109,66.749266,0.052037,0.13764,0.005668,1,1.0,13
1900-01-01 09:55:46.059,1.61545,0.001136,0.786837,64.12669,0.044991,0.129222,0.005696,1,1.0,13
1900-01-01 09:55:47.059,1.447475,0.000842,0.707882,61.613697,0.062067,0.141238,0.005594,1,1.0,13
1900-01-01 09:55:48.059,1.182557,0.000695,0.578065,58.648083,0.081333,0.172459,0.005735,1,1.0,13
1900-01-01 09:55:49.056,0.927805,0.000708,0.452557,53.439582,0.070342,0.146519,0.005619,1,1.0,13
1900-01-01 09:55:50.059,0.683888,0.000918,0.328947,47.730209,0.093024,0.17546,0.005702,1,1.0,13
1900-01-01 09:55:51.059,0.379366,0.000747,0.162451,24.437434,0.063157,0.120171,0.00583,1,1.0,13
1900-01-01 09:55:52.056,0.322127,0.000766,0.140826,0.772761,0.016497,0.034089,0.005832,1,1.0,13
1900-01-01 09:55:53.059,0.31754,0.000855,0.14163,0.817161,0.016359,0.033607,0.005709,1,1.0,13
1900-01-01 09:55:54.059,0.316246,0.00111,0.140687,0.957688,0.016784,0.035076,0.005818,1,1.0,13
1900-01-01 09:55:55.059,0.3114,0.001099,0.139548,0.717233,0.016273,0.03326,0.005686,1,1.0,13
1900-01-01 09:55:56.059,0.311778,0.000931,0.139998,1.202858,0.016345,0.033678,0.005816,1,1.0,13
1900-01-01 09:55:57.059,0.311473,0.000831,0.141155,0.764381,0.016396,0.032719,0.005995,1,1.0,13
1900-01-01 09:55:58.059,0.311258,0.000726,0.140549,0.976548,0.016515,0.034441,0.005962,1,1.0,13
1900-01-01 09:55:59.059,0.311148,0.000847,0.140806,0.79267,0.016467,0.033544,0.005769,1,1.0,13
1900-01-01 09:56:00.059,0.310607,0.000684,0.141054,0.948259,0.016613,0.033441,0.00583,1,1.0,13
1900-01-01 09:56:01.059,0.312145,0.001078,0.142212,0.698374,0.015777,0.033823,0.006031,1,1.0,13
1900-01-01 09:56:02.059,0.310308,0.000753,0.141991,0.627652,0.015762,0.034518,0.005849,1,1.0,13
