Time,TS outlet pressure (Mean),TS inlet pressure (Mean),Pump outlet pressure (Mean),Plug,LogId
2022-03-15 12:46:20.000,0.650201,0.994709,1.111414,0,22
2022-03-15 12:46:20.500,0.649503,0.993024,1.110633,0,22
2022-03-15 12:46:21.000,0.651461,0.997712,1.114639,0,22
2022-03-15 12:46:21.500,0.650789,0.995328,1.113399,0,22
2022-03-15 12:46:22.000,0.65081,0.993433,1.11101,0,22
2022-03-15 12:46:22.500,0.649188,0.992624,1.109467,0,22
2022-03-15 12:46:23.000,0.649382,0.994803,1.112131,0,22
2022-03-15 12:46:23.500,0.649917,0.993984,1.111653,0,22
2022-03-15 12:46:24.000,0.65018,0.995145,1.112517,0,22
2022-03-15 12:46:24.500,0.649051,0.993837,1.1109,0,22
2022-03-15 12:46:25.000,0.648059,0.993496,1.110909,0,22
2022-03-15 12:46:25.500,0.650794,0.996011,1.111865,0,22
2022-03-15 12:46:26.000,0.649335,0.992976,1.109356,0,22
2022-03-15 12:46:26.500,0.648568,0.992435,1.109742,0,22
2022-03-15 12:46:27.000,0.651913,0.99746,1.114685,0,22
2022-03-15 12:46:27.500,0.651367,0.996888,1.114419,0,22
2022-03-15 12:46:28.000,0.651167,0.996972,1.114363,0,22
2022-03-15 12:46:28.500,0.648657,0.993643,1.111102,0,22
2022-03-15 12:46:29.000,0.649587,0.994835,1.112416,0,22
2022-03-15 12:46:29.500,0.64913,0.993627,1.110854,0,22
2022-03-15 12:46:30.000,0.6486,0.992393,1.110073,0,22
2022-03-15 12:46:30.500,0.650668,0.996736,1.114529,0,22
2022-03-15 12:46:31.000,0.649587,0.995176,1.113142,0,22
2022-03-15 12:46:31.500,0.650112,0.995481,1.112021,0,22
2022-03-15 12:46:32.000,0.650358,0.995481,1.112756,0,22
2022-03-15 12:46:32.500,0.649004,0.995003,1.111442,0,22
2022-03-15 12:46:33.000,0.648017,0.993281,1.10966,0,22
2022-03-15 12:46:33.500,0.650904,0.995512,1.112526,0,22
2022-03-15 12:46:34.000,0.650563,0.995145,1.112508,0,22
2022-03-15 12:46:34.500,0.647061,0.991895,1.110422,0,22
2022-03-15 12:46:35.000,0.647781,0.993197,1.111561,0,22
2022-03-15 12:46:35.500,0.649287,0.995134,1.112535,0,22
2022-03-15 12:46:36.000,0.648904,0.994383,1.110836,0,22
2022-03-15 12:46:36.500,0.649634,0.995192,1.112498,0,22
2022-03-15 12:46:37.000,0.650721,0.996079,1.113913,0,22
2022-03-15 12:46:37.500,0.651414,0.996562,1.11372,0,22
2022-03-15 12:46:38.000,0.647129,0.993344,1.111736,0,22
2022-03-15 12:46:38.500,0.64881,0.994835,1.11169,0,22
2022-03-15 12:46:39.000,0.649487,0.994583,1.112618,0,22
2022-03-15 12:46:39.500,0.650049,0.994378,1.11192,0,22
2022-03-15 12:46:40.000,0.649046,0.993927,1.111754,0,22
2022-03-15 12:46:40.500,0.648836,0.99494,1.112471,0,22
2022-03-15 12:46:41.000,0.648946,0.993869,1.111166,0,22
2022-03-15 12:46:41.500,0.649728,0.994656,1.111102,0,22
2022-03-15 12:46:42.000,0.650316,0.994683,1.111635,0,22
2022-03-15 12:46:42.500,0.647508,0.992803,1.110496,0,22
2022-03-15 12:46:43.000,0.646568,0.9919,1.109871,0,22
2022-03-15 12:46:43.500,0.647266,0.994021,1.111433,0,22
2022-03-15 12:46:44.000,0.648699,0.992546,1.110486,0,22
2022-03-15 12:46:44.500,0.64987,0.995654,1.113353,0,22
2022-03-15 12:46:45.000,0.640005,0.997691,1.113233,0,22
2022-03-15 12:46:45.500,0.646872,0.993003,1.110771,0,22
2022-03-15 12:46:46.000,0.647749,0.993963,1.110477,0,22
2022-03-15 12:46:46.500,0.649923,0.995139,1.111763,0,22
2022-03-15 12:46:47.000,0.650836,0.995696,1.113105,0,22
2022-03-15 12:46:47.500,0.650285,0.996342,1.11361,0,22
2022-03-15 12:46:48.000,0.650889,0.996394,1.113362,0,22
2022-03-15 12:46:48.500,0.648957,0.994326,1.111203,0,22
2022-03-15 12:46:49.000,0.648353,0.995087,1.112976,0,22
2022-03-15 12:46:49.500,0.64797,0.993417,1.111185,0,22
2022-03-15 12:46:50.000,0.64913,0.994299,1.110753,0,22
2022-03-15 12:46:50.500,0.64977,0.995549,1.112572,0,22
2022-03-15 12:46:51.000,0.649518,0.995896,1.112535,0,22
2022-03-15 12:46:51.500,0.648489,0.994247,1.111056,0,22
2022-03-15 12:46:52.000,0.649104,0.99442,1.112113,0,22
2022-03-15 12:46:52.500,0.650684,0.997607,1.114226,0,22
2022-03-15 12:46:53.000,0.64882,0.993507,1.110771,0,22
2022-03-15 12:46:53.500,0.648521,0.993801,1.111773,0,22
2022-03-15 12:46:54.000,0.648846,0.995901,1.112737,0,22
2022-03-15 12:46:54.500,0.646961,0.991385,1.108539,0,22
2022-03-15 12:46:55.000,0.648888,0.993423,1.110927,0,22
2022-03-15 12:46:55.500,0.650889,0.996127,1.112149,0,22
2022-03-15 12:46:56.000,0.64977,0.99557,1.112333,0,22
2022-03-15 12:46:56.500,0.649482,0.994252,1.111084,0,22
2022-03-15 12:46:57.000,0.648794,0.993307,1.110927,0,22
2022-03-15 12:46:57.500,0.649744,0.995433,1.112434,0,22
2022-03-15 12:46:58.000,0.649455,0.993995,1.111589,0,22
2022-03-15 12:46:58.500,0.649571,0.994415,1.111635,0,22
2022-03-15 12:46:59.000,0.649828,0.996426,1.113564,0,22
2022-03-15 12:46:59.500,0.647691,0.993297,1.10988,0,22
2022-03-15 12:47:00.000,0.648946,0.99399,1.111745,0,22
2022-03-15 12:47:00.500,0.649041,0.994179,1.110624,0,22
2022-03-15 12:47:01.000,0.64903,0.993958,1.111111,0,22
2022-03-15 12:47:01.500,0.648967,0.993633,1.110597,0,22
2022-03-15 12:47:02.000,0.649965,0.996594,1.114226,0,22
2022-03-15 12:47:02.500,0.649403,0.995328,1.112012,0,22
2022-03-15 12:47:03.000,0.646405,0.99273,1.110202,0,22
2022-03-15 12:47:03.500,0.648983,0.99526,1.11282,0,22
2022-03-15 12:47:04.000,0.648279,0.996384,1.114226,0,22
2022-03-15 12:47:04.500,0.646783,0.992971,1.110045,0,22
2022-03-15 12:47:05.000,0.648873,0.993827,1.111074,0,22
2022-03-15 12:47:05.500,0.64944,0.994378,1.111681,0,22
2022-03-15 12:47:06.000,0.648762,0.995365,1.113206,0,22
2022-03-15 12:47:06.500,0.649692,0.994882,1.113151,0,22
2022-03-15 12:47:07.000,0.650101,0.996137,1.113619,0,22
2022-03-15 12:47:07.500,0.647739,0.994546,1.112489,0,22
2022-03-15 12:47:08.000,0.645271,0.99222,1.110597,0,22
2022-03-15 12:47:08.500,0.647802,0.995938,1.11282,0,22
2022-03-15 12:47:09.000,0.648069,0.995622,1.113463,0,22
2022-03-15 12:47:09.500,0.649245,0.995066,1.112278,0,22
2022-03-15 12:47:10.000,0.64872,0.994761,1.111313,0,22
2022-03-15 12:47:10.500,0.648306,0.993622,1.111644,0,22
2022-03-15 12:47:11.000,0.647339,0.994399,1.111984,0,22
2022-03-15 12:47:11.500,0.647061,0.993864,1.111157,0,22
2022-03-15 12:47:12.000,0.647828,0.994404,1.111561,0,22
2022-03-15 12:47:12.500,0.648615,0.994599,1.111616,0,22
2022-03-15 12:47:13.000,0.649198,0.993286,1.111102,0,22
2022-03-15 12:47:13.500,0.649256,0.995969,1.112719,0,22
2022-03-15 12:47:14.000,0.650122,0.996289,1.113252,0,22
2022-03-15 12:47:14.500,0.64977,0.99619,1.114115,0,22
2022-03-15 12:47:15.000,0.648369,0.994882,1.112526,0,22
2022-03-15 12:47:15.500,0.649282,0.996211,1.113353,0,22
2022-03-15 12:47:16.000,0.648106,0.994389,1.111313,0,22
2022-03-15 12:47:16.500,0.64872,0.996032,1.113151,0,22
2022-03-15 12:47:17.000,0.648358,0.993643,1.111672,0,22
2022-03-15 12:47:17.500,0.649046,0.994872,1.112113,0,22
2022-03-15 12:47:18.000,0.650227,0.997271,1.113968,0,22
2022-03-15 12:47:18.500,0.64872,0.994956,1.11203,0,22
2022-03-15 12:47:19.000,0.649487,0.996058,1.113527,0,22
2022-03-15 12:47:19.500,0.647271,0.993323,1.110872,0,22
2022-03-15 12:47:20.000,0.647424,0.993816,1.110339,0,22
2022-03-15 12:47:20.500,0.648159,0.994583,1.111846,0,22
2022-03-15 12:47:21.000,0.648442,0.994394,1.111837,0,22
2022-03-15 12:47:21.500,0.646184,0.989873,1.106738,0,22
2022-03-15 12:47:22.000,0.646127,0.99106,1.108759,0,22
2022-03-15 12:47:22.500,0.643638,0.989884,1.107078,0,22
2022-03-15 12:47:23.000,0.645985,0.98959,1.106802,0,22
2022-03-15 12:47:23.500,0.645644,0.989926,1.107087,0,22
2022-03-15 12:47:24.000,0.645029,0.988146,1.105378,0,22
2022-03-15 12:47:24.500,0.644809,0.98812,1.105636,0,22
2022-03-15 12:47:25.000,0.645166,0.990509,1.10751,0,22
2022-03-15 12:47:25.500,0.646473,0.990425,1.108327,0,22
2022-03-15 12:47:26.000,0.644751,0.987768,1.104956,0,22
2022-03-15 12:47:26.500,0.645255,0.988414,1.10524,0,22
2022-03-15 12:47:27.000,0.643753,0.987773,1.104625,0,22
2022-03-15 12:47:27.500,0.645628,0.98929,1.105727,0,22
2022-03-15 12:47:28.000,0.646347,0.991028,1.107188,0,22
2022-03-15 12:47:28.500,0.646001,0.991018,1.107611,0,22
2022-03-15 12:47:29.000,0.644846,0.988839,1.106077,0,22
2022-03-15 12:47:29.500,0.64494,0.987033,1.104129,0,22
2022-03-15 12:47:30.000,0.642955,0.985962,1.10264,0,22
2022-03-15 12:47:30.500,0.64274,0.987511,1.104267,0,22
2022-03-15 12:47:31.000,0.644462,0.987925,1.104506,0,22
2022-03-15 12:47:31.500,0.643948,0.987122,1.104294,0,22
2022-03-15 12:47:32.000,0.644457,0.986172,1.103679,0,22
2022-03-15 12:47:32.500,0.646337,0.98929,1.105764,0,22
2022-03-15 12:47:33.000,0.646258,0.991259,1.107482,0,22
2022-03-15 12:47:33.500,0.645906,0.990467,1.106729,0,22
2022-03-15 12:47:34.000,0.644541,0.987841,1.105902,0,22
2022-03-15 12:47:34.500,0.646589,0.991102,1.107298,0,22
2022-03-15 12:47:35.000,0.645796,0.990131,1.10672,0,22
2022-03-15 12:47:35.500,0.6462,0.991191,1.107951,0,22
2022-03-15 12:47:36.000,0.646505,0.99127,1.107188,0,22
2022-03-15 12:47:36.500,0.644373,0.987915,1.104028,0,22
2022-03-15 12:47:37.000,0.645402,0.988162,1.105305,0,22
2022-03-15 12:47:37.500,0.646137,0.990472,1.106738,0,22
2022-03-15 12:47:38.000,0.643943,0.987784,1.104965,0,22
2022-03-15 12:47:38.500,0.644919,0.988681,1.104726,0,22
2022-03-15 12:47:39.000,0.64483,0.988755,1.104634,0,22
2022-03-15 12:47:39.500,0.645481,0.989065,1.106196,0,22
2022-03-15 12:47:40.000,0.642415,0.987841,1.104414,0,22
2022-03-15 12:47:40.500,0.644363,0.989401,1.105626,0,22
2022-03-15 12:47:41.000,0.643192,0.987542,1.103936,0,22
2022-03-15 12:47:41.500,0.644746,0.98803,1.104698,0,22
2022-03-15 12:47:42.000,0.645554,0.99001,1.10604,0,22
2022-03-15 12:47:42.500,0.645754,0.990556,1.108116,0,22
2022-03-15 12:47:43.000,0.645365,0.990309,1.106756,0,22
2022-03-15 12:47:43.500,0.64556,0.990131,1.107418,0,22
2022-03-15 12:47:44.000,0.64357,0.990482,1.106775,0,22
2022-03-15 12:47:44.500,0.644788,0.990078,1.106802,0,22
2022-03-15 12:47:45.000,0.642063,0.987028,1.103192,0,22
2022-03-15 12:47:45.500,0.644567,0.989269,1.106058,0,22
2022-03-15 12:47:46.000,0.645155,0.989317,1.10706,0,22
2022-03-15 12:47:46.500,0.643675,0.988519,1.104625,0,22
2022-03-15 12:47:47.000,0.641454,0.986608,1.103339,0,22
2022-03-15 12:47:47.500,0.641496,0.987028,1.103486,0,22
2022-03-15 12:47:48.000,0.644583,0.990566,1.108079,0,22
2022-03-15 12:47:48.500,0.644116,0.988996,1.105737,0,22
2022-03-15 12:47:49.000,0.643155,0.987894,1.104735,0,22
2022-03-15 12:47:49.500,0.64421,0.989679,1.106288,0,22
2022-03-15 12:47:50.000,0.646011,0.990136,1.106435,0,22
2022-03-15 12:47:50.500,0.642887,0.98833,1.104386,0,22
2022-03-15 12:47:51.000,0.644588,0.989348,1.105654,0,22
2022-03-15 12:47:51.500,0.645449,0.990661,1.106637,0,22
2022-03-15 12:47:52.000,0.645434,0.988891,1.104873,0,22
2022-03-15 12:47:52.500,0.645129,0.988991,1.105507,0,22
2022-03-15 12:47:53.000,0.642787,0.988356,1.104533,0,22
2022-03-15 12:47:53.500,0.644279,0.990965,1.107896,0,22
2022-03-15 12:47:54.000,0.642945,0.988618,1.104891,0,22
2022-03-15 12:47:54.500,0.644468,0.988036,1.104175,0,22
2022-03-15 12:47:55.000,0.644546,0.989275,1.105819,0,22
2022-03-15 12:47:55.500,0.643491,0.990199,1.10683,0,22
2022-03-15 12:47:56.000,0.644284,0.987747,1.104423,0,22
2022-03-15 12:47:56.500,0.644552,0.989044,1.104579,0,22
2022-03-15 12:47:57.000,0.646032,0.99116,1.107923,0,22
2022-03-15 12:47:57.500,0.644903,0.988986,1.104377,0,22
2022-03-15 12:47:58.000,0.646326,0.990703,1.107629,0,22
2022-03-15 12:47:58.500,0.646526,0.990404,1.107133,0,22
2022-03-15 12:47:59.000,0.647182,0.990965,1.107418,0,22
2022-03-15 12:47:59.500,0.643922,0.987379,1.104588,0,22
2022-03-15 12:48:00.000,0.644153,0.989637,1.106481,0,22
2022-03-15 12:48:00.500,0.643428,0.990031,1.106628,0,22
2022-03-15 12:48:01.000,0.643612,0.988603,1.104726,0,22
2022-03-15 12:48:01.500,0.64441,0.988629,1.10355,0,22
2022-03-15 12:48:02.000,0.643701,0.988603,1.104607,0,22
2022-03-15 12:48:02.500,0.64358,0.989002,1.106012,0,22
2022-03-15 12:48:03.000,0.646242,0.990146,1.106573,0,22
2022-03-15 12:48:03.500,0.641863,0.986702,1.103559,0,22
2022-03-15 12:48:04.000,0.644636,0.98834,1.104643,0,22
2022-03-15 12:48:04.500,0.643265,0.988671,1.104965,0,22
2022-03-15 12:48:05.000,0.642425,0.987889,1.103835,0,22
2022-03-15 12:48:05.500,0.64137,0.985668,1.103532,0,22
2022-03-15 12:48:06.000,0.64326,0.989369,1.106021,0,22
2022-03-15 12:48:06.500,0.645875,0.990934,1.107896,0,22
2022-03-15 12:48:07.000,0.642751,0.988729,1.10525,0,22
2022-03-15 12:48:07.500,0.645549,0.991322,1.108419,0,22
2022-03-15 12:48:08.000,0.645413,0.990619,1.107556,0,22
2022-03-15 12:48:08.500,0.645675,0.990577,1.106187,0,22
2022-03-15 12:48:09.000,0.643601,0.989495,1.106214,0,22
2022-03-15 12:48:09.500,0.643927,0.987211,1.103614,0,22
2022-03-15 12:48:10.000,0.642331,0.987442,1.104285,0,22
2022-03-15 12:48:10.500,0.643475,0.987406,1.103881,0,22
2022-03-15 12:48:11.000,0.644725,0.988377,1.104221,0,22
2022-03-15 12:48:11.500,0.644599,0.989096,1.106949,0,22
2022-03-15 12:48:12.000,0.64148,0.986886,1.10559,0,22
2022-03-15 12:48:12.500,0.643585,0.989458,1.10626,0,22
2022-03-15 12:48:13.000,0.642457,0.987201,1.105002,0,22
2022-03-15 12:48:13.500,0.644252,0.989416,1.105994,0,22
2022-03-15 12:48:14.000,0.643491,0.98728,1.10513,0,22
2022-03-15 12:48:14.500,0.643743,0.987763,1.105351,0,22
2022-03-15 12:48:15.000,0.642136,0.987652,1.105139,0,22
2022-03-15 12:48:15.500,0.642903,0.988608,1.105884,0,22
2022-03-15 12:48:16.000,0.642483,0.987789,1.104055,0,22
2022-03-15 12:48:16.500,0.642814,0.987889,1.104946,0,22
2022-03-15 12:48:17.000,0.643365,0.988697,1.106499,0,22
2022-03-15 12:48:17.500,0.643223,0.988377,1.106159,0,22
2022-03-15 12:48:18.000,0.64421,0.98907,1.106067,0,22
2022-03-15 12:48:18.500,0.644273,0.989443,1.106784,0,22
2022-03-15 12:48:19.000,0.642289,0.986849,1.104193,0,22
2022-03-15 12:48:19.500,0.643438,0.986566,1.103596,0,22
2022-03-15 12:48:20.000,0.644609,0.989768,1.107124,0,22
2022-03-15 12:48:20.500,0.644168,0.989595,1.106233,0,22
2022-03-15 12:48:21.000,0.645397,0.989627,1.106021,0,22
2022-03-15 12:48:21.500,0.643076,0.989065,1.106306,0,22
2022-03-15 12:48:22.000,0.646352,0.98875,1.104855,0,22
2022-03-15 12:48:22.500,0.643171,0.987521,1.105608,0,22
2022-03-15 12:48:23.000,0.646998,0.993076,1.109568,0,22
2022-03-15 12:48:23.500,0.644893,0.99043,1.107041,0,22
2022-03-15 12:48:24.000,0.643974,0.988435,1.105645,0,22
2022-03-15 12:48:24.500,0.64315,0.988524,1.105121,0,22
2022-03-15 12:48:25.000,0.644226,0.990178,1.10705,0,22
2022-03-15 12:48:25.500,0.643375,0.989763,1.10604,0,22
2022-03-15 12:48:26.000,0.643696,0.990146,1.107381,0,22
2022-03-15 12:48:26.500,0.644268,0.990257,1.106857,0,22
2022-03-15 12:48:27.000,0.644357,0.988828,1.106426,0,22
2022-03-15 12:48:27.500,0.64473,0.988524,1.105268,0,22
2022-03-15 12:48:28.000,0.644746,0.988461,1.105176,0,22
2022-03-15 12:48:28.500,0.644431,0.987211,1.104248,0,22
2022-03-15 12:48:29.000,0.643648,0.988361,1.104956,0,22
2022-03-15 12:48:29.500,0.643249,0.988529,1.106205,0,22
2022-03-15 12:48:30.000,0.641974,0.989448,1.106481,0,22
2022-03-15 12:48:30.500,0.643192,0.988886,1.106288,0,22
2022-03-15 12:48:31.000,0.64337,0.989842,1.106692,0,22
2022-03-15 12:48:31.500,0.643717,0.988592,1.105626,0,22
2022-03-15 12:48:32.000,0.644678,0.989448,1.106977,0,22
2022-03-15 12:48:32.500,0.642147,0.988046,1.105093,0,22
2022-03-15 12:48:33.000,0.643039,0.988461,1.105057,0,22
2022-03-15 12:48:33.500,0.642394,0.988513,1.104744,0,22
2022-03-15 12:48:34.000,0.646699,0.991181,1.109724,0,22
2022-03-15 12:48:34.500,0.645077,0.989847,1.105792,0,22
2022-03-15 12:48:35.000,0.644525,0.98918,1.105828,0,22
2022-03-15 12:48:35.500,0.64526,0.989858,1.105828,0,22
2022-03-15 12:48:36.000,0.645229,0.989679,1.106812,0,22
2022-03-15 12:48:36.500,0.643176,0.987563,1.105902,0,22
2022-03-15 12:48:37.000,0.644972,0.989564,1.105654,0,22
2022-03-15 12:48:37.500,0.643895,0.988676,1.105691,0,22
2022-03-15 12:48:38.000,0.645586,0.987983,1.104313,0,22
2022-03-15 12:48:38.500,0.647445,0.988251,1.103752,0,22
2022-03-15 12:48:39.000,0.643901,0.987642,1.104074,0,22
2022-03-15 12:48:39.500,0.642031,0.986056,1.103596,0,22
2022-03-15 12:48:40.000,0.642898,0.988818,1.106012,0,22
2022-03-15 12:48:40.500,0.64389,0.98845,1.104983,0,22
2022-03-15 12:48:41.000,0.644804,0.98896,1.10559,0,22
2022-03-15 12:48:41.500,0.642961,0.988025,1.103982,0,22
2022-03-15 12:48:42.000,0.640729,0.985379,1.102273,0,22
2022-03-15 12:48:42.500,0.643018,0.987647,1.104653,0,22
2022-03-15 12:48:43.000,0.642766,0.987841,1.104239,0,22
2022-03-15 12:48:43.500,0.643748,0.990078,1.107234,0,22
2022-03-15 12:48:44.000,0.644294,0.990535,1.108594,0,22
2022-03-15 12:48:44.500,0.643066,0.987904,1.105636,0,22
2022-03-15 12:48:45.000,0.643501,0.989301,1.106435,0,22
2022-03-15 12:48:45.500,0.642215,0.988015,1.104818,0,22
2022-03-15 12:48:46.000,0.64431,0.988403,1.105461,0,22
2022-03-15 12:48:46.500,0.64348,0.988891,1.105975,0,22
2022-03-15 12:48:47.000,0.642556,0.98886,1.106086,0,22
2022-03-15 12:48:47.500,0.64484,0.989374,1.107886,0,22
2022-03-15 12:48:48.000,0.64526,0.989795,1.106655,0,22
2022-03-15 12:48:48.500,0.64525,0.989774,1.107445,0,22
2022-03-15 12:48:49.000,0.64546,0.990666,1.108438,0,22
2022-03-15 12:48:49.500,0.644468,0.988461,1.105773,0,22
2022-03-15 12:48:50.000,0.644594,0.988162,1.105507,0,22
2022-03-15 12:48:50.500,0.640813,0.986492,1.10445,0,22
2022-03-15 12:48:51.000,0.645927,0.989359,1.1057,0,22
2022-03-15 12:48:51.500,0.644704,0.989411,1.107372,0,22
2022-03-15 12:48:52.000,0.641905,0.986424,1.10412,0,22
2022-03-15 12:48:52.500,0.643706,0.987994,1.105626,0,22
2022-03-15 12:48:53.000,0.64472,0.988204,1.105553,0,22
2022-03-15 12:48:53.500,0.643853,0.988771,1.107142,0,22
2022-03-15 12:48:54.000,0.643396,0.988408,1.106352,0,22
2022-03-15 12:48:54.500,0.643612,0.988865,1.106527,0,22
2022-03-15 12:48:55.000,0.644389,0.987637,1.105093,0,22
2022-03-15 12:48:55.500,0.643869,0.988261,1.106306,0,22
2022-03-15 12:48:56.000,0.643213,0.987873,1.106573,0,22
2022-03-15 12:48:56.500,0.644746,0.989978,1.107923,0,22
2022-03-15 12:48:57.000,0.643087,0.98823,1.105764,0,22
2022-03-15 12:48:57.500,0.643165,0.98739,1.104836,0,22
2022-03-15 12:48:58.000,0.643937,0.989091,1.106968,0,22
2022-03-15 12:48:58.500,0.645386,0.98887,1.105654,0,22
2022-03-15 12:48:59.000,0.644263,0.987568,1.105424,0,22
2022-03-15 12:48:59.500,0.645066,0.989653,1.107106,0,22
2022-03-15 12:49:00.000,0.644431,0.987773,1.105654,0,22
2022-03-15 12:49:00.500,0.642514,0.987715,1.106214,0,22
2022-03-15 12:49:01.000,0.644447,0.989758,1.106821,0,22
2022-03-15 12:49:01.500,0.638829,0.989747,1.106747,0,22
2022-03-15 12:49:02.000,0.642835,0.986938,1.104533,0,22
2022-03-15 12:49:02.500,0.643239,0.987973,1.106867,0,22
2022-03-15 12:49:03.000,0.642136,0.987285,1.104754,0,22
2022-03-15 12:49:03.500,0.642325,0.985673,1.103918,0,22
2022-03-15 12:49:04.000,0.642803,0.988597,1.106132,0,22
2022-03-15 12:49:04.500,0.643307,0.987337,1.104698,0,22
2022-03-15 12:49:05.000,0.641202,0.986088,1.103927,0,22
2022-03-15 12:49:05.500,0.642798,0.98802,1.106168,0,22
2022-03-15 12:49:06.000,0.642257,0.987206,1.105626,0,22
2022-03-15 12:49:06.500,0.642294,0.987442,1.106187,0,22
2022-03-15 12:49:07.000,0.642488,0.98625,1.103394,0,22
2022-03-15 12:49:07.500,0.645145,0.988645,1.106812,0,22
2022-03-15 12:49:08.000,0.645329,0.990204,1.108888,0,22
2022-03-15 12:49:08.500,0.644399,0.987159,1.10502,0,22
2022-03-15 12:49:09.000,0.644604,0.989621,1.106288,0,22
2022-03-15 12:49:09.500,0.644478,0.98844,1.106334,0,22
2022-03-15 12:49:10.000,0.641018,0.986098,1.104827,0,22
2022-03-15 12:49:10.500,0.641485,0.987007,1.105544,0,22
2022-03-15 12:49:11.000,0.64327,0.988456,1.106885,0,22
2022-03-15 12:49:11.500,0.642651,0.988025,1.106701,0,22
2022-03-15 12:49:12.000,0.644399,0.989637,1.107556,0,22
2022-03-15 12:49:12.500,0.642514,0.98719,1.105746,0,22
2022-03-15 12:49:13.000,0.644468,0.99043,1.109301,0,22
2022-03-15 12:49:13.500,0.642525,0.986314,1.103063,0,22
2022-03-15 12:49:14.000,0.640981,0.984355,1.102852,0,22
2022-03-15 12:49:14.500,0.645754,0.990341,1.107914,0,22
2022-03-15 12:49:15.000,0.643402,0.989269,1.108098,0,22
2022-03-15 12:49:15.500,0.645061,0.9874,1.104074,0,22
2022-03-15 12:49:16.000,0.647334,0.989795,1.106628,0,22
2022-03-15 12:49:16.500,0.642152,0.986051,1.105617,0,22
2022-03-15 12:49:17.000,0.641685,0.986886,1.106049,0,22
2022-03-15 12:49:17.500,0.643255,0.988597,1.10671,0,22
2022-03-15 12:49:18.000,0.646027,0.989989,1.107629,0,22
2022-03-15 12:49:18.500,0.644762,0.988135,1.105691,0,22
2022-03-15 12:49:19.000,0.642562,0.988093,1.106077,0,22
2022-03-15 12:49:19.500,0.644788,0.988582,1.107583,0,22
2022-03-15 12:49:20.000,0.644184,0.987358,1.10524,0,22
2022-03-15 12:49:20.500,0.642814,0.989196,1.106756,0,22
2022-03-15 12:49:21.000,0.643512,0.98707,1.104726,0,22
2022-03-15 12:49:21.500,0.643349,0.987442,1.10479,0,22
2022-03-15 12:49:22.000,0.644079,0.9876,1.104891,0,22
2022-03-15 12:49:22.500,0.643213,0.987416,1.105397,0,22
2022-03-15 12:49:23.000,0.645003,0.989443,1.107308,0,22
2022-03-15 12:49:23.500,0.64368,0.988487,1.106187,0,22
2022-03-15 12:49:24.000,0.642483,0.987432,1.105507,0,22
2022-03-15 12:49:24.500,0.643953,0.98761,1.1057,0,22
2022-03-15 12:49:25.000,0.642084,0.986361,1.105011,0,22
2022-03-15 12:49:25.500,0.641601,0.986524,1.104772,0,22
2022-03-15 12:49:26.000,0.642877,0.988624,1.107087,0,22
2022-03-15 12:49:26.500,0.642068,0.98508,1.102879,0,22
2022-03-15 12:49:27.000,0.643916,0.987253,1.104634,0,22
2022-03-15 12:49:27.500,0.645103,0.990026,1.107703,0,22
2022-03-15 12:49:28.000,0.645392,0.989989,1.108585,0,22
2022-03-15 12:49:28.500,0.643491,0.988104,1.106729,0,22
2022-03-15 12:49:29.000,0.642352,0.98571,1.10355,0,22
2022-03-15 12:49:29.500,0.645523,0.989196,1.105305,0,22
2022-03-15 12:49:30.000,0.641464,0.985473,1.103017,0,22
2022-03-15 12:49:30.500,0.643375,0.986734,1.104432,0,22
2022-03-15 12:49:31.000,0.642798,0.986944,1.104267,0,22
2022-03-15 12:49:31.500,0.643402,0.987075,1.105415,0,22
2022-03-15 12:49:32.000,0.642929,0.98728,1.104634,0,22
2022-03-15 12:49:32.500,0.643927,0.989516,1.106609,0,22
2022-03-15 12:49:33.000,0.645733,0.991228,1.10943,0,22
2022-03-15 12:49:33.500,0.643045,0.987542,1.10525,0,22
2022-03-15 12:49:34.000,0.642803,0.98707,1.104349,0,22
2022-03-15 12:49:34.500,0.642037,0.98697,1.104083,0,22
2022-03-15 12:49:35.000,0.642793,0.986886,1.104303,0,22
2022-03-15 12:49:35.500,0.643979,0.988718,1.105801,0,22
2022-03-15 12:49:36.000,0.643512,0.987269,1.105121,0,22
2022-03-15 12:49:36.500,0.64148,0.985148,1.102521,0,22
2022-03-15 12:49:37.000,0.641942,0.987742,1.105158,0,22
2022-03-15 12:49:37.500,0.642273,0.98729,1.104708,0,22
2022-03-15 12:49:38.000,0.644037,0.988471,1.106361,0,22
2022-03-15 12:49:38.500,0.644258,0.989585,1.107942,0,22
2022-03-15 12:49:39.000,0.642698,0.98812,1.106903,0,22
2022-03-15 12:49:39.500,0.641433,0.986419,1.104055,0,22
2022-03-15 12:49:40.000,0.642346,0.987217,1.105534,0,22
2022-03-15 12:49:40.500,0.642919,0.989453,1.107565,0,22
2022-03-15 12:49:41.000,0.64138,0.985962,1.103137,0,22
2022-03-15 12:49:41.500,0.643396,0.987484,1.105406,0,22
2022-03-15 12:49:42.000,0.643307,0.987511,1.105066,0,22
2022-03-15 12:49:42.500,0.643307,0.987453,1.104956,0,22
2022-03-15 12:49:43.000,0.642593,0.987521,1.104772,0,22
2022-03-15 12:49:43.500,0.642698,0.987521,1.105268,0,22
2022-03-15 12:49:44.000,0.643522,0.986928,1.105342,0,22
2022-03-15 12:49:44.500,0.642236,0.987043,1.104992,0,22
2022-03-15 12:49:45.000,0.644,0.989285,1.10672,0,22
2022-03-15 12:49:45.500,0.642714,0.988398,1.105498,0,22
2022-03-15 12:49:46.000,0.641989,0.987983,1.106371,0,22
2022-03-15 12:49:46.500,0.642598,0.989122,1.106554,0,22
2022-03-15 12:49:47.000,0.642467,0.988456,1.106196,0,22
2022-03-15 12:49:47.500,0.641296,0.98634,1.104836,0,22
2022-03-15 12:49:48.000,0.642735,0.987658,1.105075,0,22
2022-03-15 12:49:48.500,0.644326,0.988146,1.105608,0,22
2022-03-15 12:49:49.000,0.642992,0.987122,1.104607,0,22
2022-03-15 12:49:49.500,0.64315,0.987301,1.104561,0,22
2022-03-15 12:49:50.000,0.641533,0.986151,1.103881,0,22
2022-03-15 12:49:50.500,0.643874,0.987757,1.106067,0,22
2022-03-15 12:49:51.000,0.644725,0.989248,1.107271,0,22
2022-03-15 12:49:51.500,0.64138,0.985857,1.104368,0,22
2022-03-15 12:49:52.000,0.643612,0.988403,1.105709,0,22
2022-03-15 12:49:52.500,0.643837,0.988088,1.105819,0,22
2022-03-15 12:49:53.000,0.64211,0.988051,1.106692,0,22
2022-03-15 12:49:53.500,0.643375,0.988219,1.106361,0,22
2022-03-15 12:49:54.000,0.642751,0.987374,1.105112,0,22
2022-03-15 12:49:54.500,0.643307,0.987521,1.104441,0,22
2022-03-15 12:49:55.000,0.643832,0.989359,1.106959,0,22
2022-03-15 12:49:55.500,0.643307,0.989012,1.106637,0,22
2022-03-15 12:49:56.000,0.642945,0.986854,1.104129,0,22
2022-03-15 12:49:56.500,0.643496,0.987684,1.105507,0,22
2022-03-15 12:49:57.000,0.644137,0.98854,1.106398,0,22
2022-03-15 12:49:57.500,0.643176,0.985809,1.104542,0,22
2022-03-15 12:49:58.000,0.643974,0.987631,1.104331,0,22
2022-03-15 12:49:58.500,0.643906,0.986896,1.104827,0,22
2022-03-15 12:49:59.000,0.643465,0.988062,1.105691,0,22
2022-03-15 12:49:59.500,0.64347,0.988912,1.106527,0,22
2022-03-15 12:50:00.000,0.643554,0.98761,1.106334,0,22
2022-03-15 12:50:00.500,0.642614,0.988933,1.105443,0,22
2022-03-15 12:50:01.000,0.642698,0.988036,1.105369,0,22
2022-03-15 12:50:01.500,0.641228,0.987752,1.105452,0,22
2022-03-15 12:50:02.000,0.642719,0.989311,1.106812,0,22
2022-03-15 12:50:02.500,0.643349,0.989275,1.106536,0,22
2022-03-15 12:50:03.000,0.644825,0.989243,1.106931,0,22
2022-03-15 12:50:03.500,0.641942,0.986786,1.105286,0,22
2022-03-15 12:50:04.000,0.642604,0.987437,1.105268,0,22
2022-03-15 12:50:04.500,0.642619,0.987773,1.105397,0,22
2022-03-15 12:50:05.000,0.642719,0.987096,1.10411,0,22
2022-03-15 12:50:05.500,0.644147,0.988823,1.106426,0,22
2022-03-15 12:50:06.000,0.643769,0.9877,1.105645,0,22
2022-03-15 12:50:06.500,0.634408,0.988435,1.105397,0,22
2022-03-15 12:50:07.000,0.641333,0.987406,1.104827,0,22
2022-03-15 12:50:07.500,0.642745,0.986833,1.10411,0,22
2022-03-15 12:50:08.000,0.640614,0.986917,1.105277,0,22
2022-03-15 12:50:08.500,0.641039,0.986917,1.103651,0,22
2022-03-15 12:50:09.000,0.641874,0.986986,1.103771,0,22
2022-03-15 12:50:09.500,0.641107,0.987238,1.105066,0,22
2022-03-15 12:50:10.000,0.644247,0.988282,1.105654,0,22
2022-03-15 12:50:10.500,0.643381,0.988608,1.105874,0,22
2022-03-15 12:50:11.000,0.641879,0.986508,1.103109,0,22
2022-03-15 12:50:11.500,0.644142,0.989175,1.105709,0,22
2022-03-15 12:50:12.000,0.642262,0.985479,1.102595,0,22
2022-03-15 12:50:12.500,0.642509,0.986854,1.104055,0,22
2022-03-15 12:50:13.000,0.643276,0.987295,1.10333,0,22
2022-03-15 12:50:13.500,0.643108,0.987883,1.104138,0,22
2022-03-15 12:50:14.000,0.641354,0.986713,1.104037,0,22
2022-03-15 12:50:14.500,0.64315,0.988739,1.105204,0,22
2022-03-15 12:50:15.000,0.643417,0.988408,1.105121,0,22
2022-03-15 12:50:15.500,0.642719,0.988771,1.105727,0,22
2022-03-15 12:50:16.000,0.641701,0.986324,1.10332,0,22
2022-03-15 12:50:16.500,0.641837,0.986497,1.103522,0,22
2022-03-15 12:50:17.000,0.643365,0.98761,1.104653,0,22
2022-03-15 12:50:17.500,0.63981,0.98499,1.102668,0,22
2022-03-15 12:50:18.000,0.642919,0.986629,1.102365,0,22
2022-03-15 12:50:18.500,0.642772,0.987847,1.103963,0,22
2022-03-15 12:50:19.000,0.641323,0.986938,1.104717,0,22
2022-03-15 12:50:19.500,0.644693,0.991212,1.107767,0,22
2022-03-15 12:50:20.000,0.642509,0.988645,1.105856,0,22
2022-03-15 12:50:20.500,0.642976,0.987574,1.103835,0,22
2022-03-15 12:50:21.000,0.643029,0.98761,1.105158,0,22
2022-03-15 12:50:21.500,0.645113,0.990766,1.106343,0,22
2022-03-15 12:50:22.000,0.644042,0.988886,1.105185,0,22
2022-03-15 12:50:22.500,0.642346,0.987091,1.103431,0,22
2022-03-15 12:50:23.000,0.643937,0.988975,1.105718,0,22
2022-03-15 12:50:23.500,0.643848,0.989007,1.103816,0,22
2022-03-15 12:50:24.000,0.642121,0.987106,1.103835,0,22
2022-03-15 12:50:24.500,0.643753,0.989259,1.104037,0,22
2022-03-15 12:50:25.000,0.643181,0.988267,1.104248,0,22
2022-03-15 12:50:25.500,0.640987,0.986193,1.102374,0,22
2022-03-15 12:50:26.000,0.641506,0.987038,1.10253,0,22
2022-03-15 12:50:26.500,0.642163,0.987694,1.103918,0,22
2022-03-15 12:50:27.000,0.643113,0.990083,1.107519,0,22
2022-03-15 12:50:27.500,0.642304,0.988162,1.104818,0,22
2022-03-15 12:50:28.000,0.643575,0.987558,1.104156,0,22
2022-03-15 12:50:28.500,0.642514,0.989212,1.10558,0,22
2022-03-15 12:50:29.000,0.640981,0.986266,1.102879,0,22
2022-03-15 12:50:29.500,0.640819,0.986718,1.103789,0,22
2022-03-15 12:50:30.000,0.64159,0.988666,1.104827,0,22
2022-03-15 12:50:30.500,0.643265,0.988183,1.104267,0,22
2022-03-15 12:50:31.000,0.643155,0.988351,1.10457,0,22
2022-03-15 12:50:31.500,0.642625,0.987532,1.103706,0,22
2022-03-15 12:50:32.000,0.643087,0.988954,1.105149,0,22
2022-03-15 12:50:32.500,0.642115,0.987689,1.104046,0,22
2022-03-15 12:50:33.000,0.641554,0.98792,1.104653,0,22
2022-03-15 12:50:33.500,0.641569,0.986261,1.101786,0,22
2022-03-15 12:50:34.000,0.642304,0.988624,1.105645,0,22
2022-03-15 12:50:34.500,0.640987,0.987616,1.10434,0,22
2022-03-15 12:50:35.000,0.642661,0.988167,1.105139,0,22
2022-03-15 12:50:35.500,0.64201,0.988078,1.104055,0,22
2022-03-15 12:50:36.000,0.641674,0.986056,1.101768,0,22
2022-03-15 12:50:36.500,0.643155,0.987826,1.104193,0,22
2022-03-15 12:50:37.000,0.641128,0.985773,1.101648,0,22
2022-03-15 12:50:37.500,0.641212,0.986823,1.10434,0,22
2022-03-15 12:50:38.000,0.641359,0.986917,1.10412,0,22
2022-03-15 12:50:38.500,0.64179,0.988141,1.104542,0,22
2022-03-15 12:50:39.000,0.642404,0.988466,1.105268,0,22
2022-03-15 12:50:39.500,0.642525,0.987715,1.104212,0,22
2022-03-15 12:50:40.000,0.643013,0.988429,1.105149,0,22
2022-03-15 12:50:40.500,0.641344,0.986513,1.103045,0,22
2022-03-15 12:50:41.000,0.642845,0.988991,1.104313,0,22
2022-03-15 12:50:41.500,0.639831,0.986187,1.103173,0,22
2022-03-15 12:50:42.000,0.642761,0.988135,1.104092,0,22
2022-03-15 12:50:42.500,0.639879,0.985221,1.101216,0,22
2022-03-15 12:50:43.000,0.643234,0.98813,1.103908,0,22
2022-03-15 12:50:43.500,0.642299,0.988209,1.104551,0,22
2022-03-15 12:50:44.000,0.644604,0.988723,1.105691,0,22
2022-03-15 12:50:44.500,0.641475,0.986818,1.103918,0,22
2022-03-15 12:50:45.000,0.642273,0.989075,1.104992,0,22
2022-03-15 12:50:45.500,0.641979,0.987248,1.104009,0,22
2022-03-15 12:50:46.000,0.643008,0.987978,1.104101,0,22
2022-03-15 12:50:46.500,0.641722,0.987689,1.104588,0,22
2022-03-15 12:50:47.000,0.642756,0.988062,1.10446,0,22
2022-03-15 12:50:47.500,0.642157,0.986749,1.102714,0,22
2022-03-15 12:50:48.000,0.643323,0.987962,1.103927,0,22
2022-03-15 12:50:48.500,0.641674,0.98686,1.102843,0,22
2022-03-15 12:50:49.000,0.642404,0.988293,1.10446,0,22
2022-03-15 12:50:49.500,0.641029,0.985106,1.100886,0,22
2022-03-15 12:50:50.000,0.643171,0.988078,1.104423,0,22
2022-03-15 12:50:50.500,0.643228,0.988172,1.105608,0,22
2022-03-15 12:50:51.000,0.642268,0.985662,1.102117,0,22
2022-03-15 12:50:51.500,0.641554,0.986187,1.102273,0,22
2022-03-15 12:50:52.000,0.639217,0.985536,1.102181,0,22
2022-03-15 12:50:52.500,0.639695,0.985426,1.10118,0,22
2022-03-15 12:50:53.000,0.642399,0.9896,1.105838,0,22
2022-03-15 12:50:53.500,0.642026,0.987936,1.105681,0,22
2022-03-15 12:50:54.000,0.642168,0.987715,1.102686,0,22
2022-03-15 12:50:54.500,0.641722,0.986314,1.10321,0,22
2022-03-15 12:50:55.000,0.642955,0.98761,1.104184,0,22
2022-03-15 12:50:55.500,0.642357,0.988078,1.105149,0,22
2022-03-15 12:50:56.000,0.641065,0.986755,1.101823,0,22
2022-03-15 12:50:56.500,0.642388,0.988104,1.104974,0,22
2022-03-15 12:50:57.000,0.640918,0.987358,1.104414,0,22
2022-03-15 12:50:57.500,0.641753,0.9877,1.103908,0,22
2022-03-15 12:50:58.000,0.64337,0.989101,1.105489,0,22
2022-03-15 12:50:58.500,0.64126,0.986749,1.103228,0,22
2022-03-15 12:50:59.000,0.641753,0.987568,1.104019,0,22
2022-03-15 12:50:59.500,0.642446,0.988655,1.10547,0,22
2022-03-15 12:51:00.000,0.643066,0.987689,1.105084,0,22
2022-03-15 12:51:00.500,0.641365,0.986671,1.103688,0,22
2022-03-15 12:51:01.000,0.643113,0.989322,1.105066,0,22
2022-03-15 12:51:01.500,0.640997,0.98824,1.105378,0,22
2022-03-15 12:51:02.000,0.641806,0.987673,1.105038,0,22
2022-03-15 12:51:02.500,0.642714,0.988193,1.104662,0,22
2022-03-15 12:51:03.000,0.642593,0.988797,1.10502,0,22
2022-03-15 12:51:03.500,0.640693,0.98645,1.103862,0,22
2022-03-15 12:51:04.000,0.642215,0.987715,1.105057,0,22
2022-03-15 12:51:04.500,0.642163,0.98697,1.102567,0,22
2022-03-15 12:51:05.000,0.642367,0.987532,1.103927,0,22
2022-03-15 12:51:05.500,0.641375,0.986371,1.102916,0,22
2022-03-15 12:51:06.000,0.64211,0.986208,1.102677,0,22
2022-03-15 12:51:06.500,0.641323,0.988529,1.105029,0,22
2022-03-15 12:51:07.000,0.642026,0.987458,1.104754,0,22
2022-03-15 12:51:07.500,0.643192,0.989038,1.106168,0,22
2022-03-15 12:51:08.000,0.641123,0.986849,1.104147,0,22
2022-03-15 12:51:08.500,0.64189,0.988135,1.105204,0,22
2022-03-15 12:51:09.000,0.64399,0.988666,1.105259,0,22
2022-03-15 12:51:09.500,0.642898,0.988818,1.103936,0,22
2022-03-15 12:51:10.000,0.644006,0.988566,1.104689,0,22
2022-03-15 12:51:10.500,0.64348,0.988666,1.10445,0,22
2022-03-15 12:51:11.000,0.640834,0.988062,1.104726,0,22
2022-03-15 12:51:11.500,0.642115,0.987679,1.104,0,22
2022-03-15 12:51:12.000,0.641884,0.987343,1.104,0,22
2022-03-15 12:51:12.500,0.64179,0.987085,1.102843,0,22
2022-03-15 12:51:13.000,0.640414,0.98572,1.103624,0,22
2022-03-15 12:51:13.500,0.642163,0.987684,1.104478,0,22
2022-03-15 12:51:14.000,0.64305,0.987474,1.103927,0,22
2022-03-15 12:51:14.500,0.642856,0.988807,1.105544,0,22
2022-03-15 12:51:15.000,0.640278,0.985332,1.102255,0,22
2022-03-15 12:51:15.500,0.641953,0.987479,1.104,0,22
2022-03-15 12:51:16.000,0.64084,0.986098,1.10333,0,22
2022-03-15 12:51:16.500,0.644084,0.990194,1.107308,0,22
2022-03-15 12:51:17.000,0.642541,0.987395,1.103651,0,22
2022-03-15 12:51:17.500,0.641144,0.986734,1.103918,0,22
2022-03-15 12:51:18.000,0.642835,0.988424,1.104653,0,22
2022-03-15 12:51:18.500,0.641737,0.987532,1.104349,0,22
2022-03-15 12:51:19.000,0.641832,0.987521,1.105268,0,22
2022-03-15 12:51:19.500,0.64168,0.987773,1.104496,0,22
2022-03-15 12:51:20.000,0.641874,0.985158,1.101887,0,22
2022-03-15 12:51:20.500,0.642735,0.987505,1.104414,0,22
2022-03-15 12:51:21.000,0.641092,0.985431,1.102686,0,22
2022-03-15 12:51:21.500,0.640903,0.986303,1.103274,0,22
2022-03-15 12:51:22.000,0.640829,0.986739,1.104101,0,22
2022-03-15 12:51:22.500,0.641076,0.986865,1.104901,0,22
2022-03-15 12:51:23.000,0.64273,0.988482,1.104147,0,22
2022-03-15 12:51:23.500,0.642231,0.989149,1.105856,0,22
2022-03-15 12:51:24.000,0.641989,0.988319,1.104533,0,22
2022-03-15 12:51:24.500,0.640908,0.986193,1.104101,0,22
2022-03-15 12:51:25.000,0.641333,0.987694,1.104827,0,22
2022-03-15 12:51:25.500,0.642294,0.987164,1.104965,0,22
2022-03-15 12:51:26.000,0.640251,0.987201,1.103954,0,22
2022-03-15 12:51:26.500,0.640792,0.986019,1.104625,0,22
2022-03-15 12:51:27.000,0.642514,0.986597,1.104193,0,22
2022-03-15 12:51:27.500,0.641281,0.985384,1.102742,0,22
2022-03-15 12:51:28.000,0.641181,0.98592,1.103614,0,22
2022-03-15 12:51:28.500,0.644027,0.988351,1.10479,0,22
2022-03-15 12:51:29.000,0.642562,0.988377,1.105378,0,22
2022-03-15 12:51:29.500,0.643081,0.987353,1.10445,0,22
2022-03-15 12:51:30.000,0.641774,0.986902,1.103201,0,22
2022-03-15 12:51:30.500,0.642283,0.987232,1.104515,0,22
2022-03-15 12:51:31.000,0.643654,0.988624,1.104864,0,22
2022-03-15 12:51:31.500,0.642903,0.988361,1.10547,0,22
2022-03-15 12:51:32.000,0.643601,0.987616,1.104763,0,22
2022-03-15 12:51:32.500,0.64074,0.983762,1.101538,0,22
2022-03-15 12:51:33.000,0.644951,0.989096,1.106031,0,22
2022-03-15 12:51:33.500,0.644216,0.989501,1.106021,0,22
2022-03-15 12:51:34.000,0.643302,0.987458,1.104239,0,22
2022-03-15 12:51:34.500,0.642357,0.985531,1.10219,0,22
2022-03-15 12:51:35.000,0.641517,0.986156,1.105048,0,22
2022-03-15 12:51:35.500,0.642635,0.985883,1.102264,0,22
2022-03-15 12:51:36.000,0.641664,0.987332,1.104717,0,22
2022-03-15 12:51:36.500,0.638776,0.983478,1.100785,0,22
2022-03-15 12:51:37.000,0.640441,0.985321,1.103008,0,22
2022-03-15 12:51:37.500,0.640467,0.985536,1.103118,0,22
2022-03-15 12:51:38.000,0.641769,0.988592,1.105681,0,22
2022-03-15 12:51:38.500,0.642079,0.986587,1.103679,0,22
2022-03-15 12:51:39.000,0.642877,0.987479,1.104276,0,22
2022-03-15 12:51:39.500,0.642945,0.98875,1.106334,0,22
2022-03-15 12:51:40.000,0.640425,0.986902,1.104809,0,22
2022-03-15 12:51:40.500,0.641832,0.985815,1.102053,0,22
2022-03-15 12:51:41.000,0.642247,0.988508,1.105911,0,22
2022-03-15 12:51:41.500,0.641317,0.985536,1.102466,0,22
2022-03-15 12:51:42.000,0.640425,0.984177,1.101942,0,22
2022-03-15 12:51:42.500,0.640924,0.985153,1.102273,0,22
2022-03-15 12:51:43.000,0.641827,0.986219,1.103311,0,22
2022-03-15 12:51:43.500,0.642766,0.988198,1.104469,0,22
2022-03-15 12:51:44.000,0.640272,0.986634,1.10298,0,22
2022-03-15 12:51:44.500,0.642131,0.986975,1.10446,0,22
2022-03-15 12:51:45.000,0.64042,0.986004,1.104028,0,22
2022-03-15 12:51:45.500,0.641664,0.986545,1.103578,0,22
2022-03-15 12:51:46.000,0.641564,0.98644,1.103532,0,22
2022-03-15 12:51:46.500,0.642168,0.985699,1.10298,0,22
2022-03-15 12:51:47.000,0.640766,0.985064,1.103081,0,22
2022-03-15 12:51:47.500,0.640766,0.984303,1.101281,0,22
2022-03-15 12:51:48.000,0.642677,0.988492,1.10412,0,22
2022-03-15 12:51:48.500,0.642499,0.987133,1.10412,0,22
2022-03-15 12:51:49.000,0.640929,0.984723,1.102402,0,22
2022-03-15 12:51:49.500,0.641475,0.986356,1.103513,0,22
2022-03-15 12:51:50.000,0.64105,0.984308,1.101373,0,22
2022-03-15 12:51:50.500,0.641995,0.985542,1.102392,0,22
2022-03-15 12:51:51.000,0.641643,0.986345,1.103936,0,22
2022-03-15 12:51:51.500,0.641963,0.985794,1.104496,0,22
2022-03-15 12:51:52.000,0.641869,0.986098,1.102861,0,22
2022-03-15 12:51:52.500,0.642052,0.986461,1.103219,0,22
2022-03-15 12:51:53.000,0.64011,0.984245,1.101639,0,22
2022-03-15 12:51:53.500,0.640378,0.984875,1.101409,0,22
2022-03-15 12:51:54.000,0.639585,0.986655,1.103697,0,22
2022-03-15 12:51:54.500,0.639858,0.985284,1.102934,0,22
2022-03-15 12:51:55.000,0.639989,0.986335,1.103513,0,22
2022-03-15 12:51:55.500,0.638545,0.984287,1.102337,0,22
2022-03-15 12:51:56.000,0.641328,0.985935,1.102209,0,22
2022-03-15 12:51:56.500,0.640456,0.986198,1.103421,0,22
2022-03-15 12:51:57.000,0.638477,0.988051,1.103816,0,22
2022-03-15 12:51:57.500,0.641905,0.987931,1.105443,0,22
2022-03-15 12:51:58.000,0.642924,0.987973,1.10491,0,22
2022-03-15 12:51:58.500,0.643108,0.988555,1.104974,0,22
2022-03-15 12:51:59.000,0.642992,0.987988,1.104432,0,22
2022-03-15 12:51:59.500,0.641989,0.987154,1.104349,0,22
2022-03-15 12:52:00.000,0.642593,0.986581,1.103486,0,22
2022-03-15 12:52:00.500,0.643964,0.988571,1.10513,0,22
2022-03-15 12:52:01.000,0.640325,0.985437,1.103614,0,22
2022-03-15 12:52:01.500,0.639674,0.986623,1.103982,0,22
2022-03-15 12:52:02.000,0.641412,0.987038,1.104882,0,22
2022-03-15 12:52:02.500,0.643307,0.988141,1.105011,0,22
2022-03-15 12:52:03.000,0.642189,0.987101,1.105268,0,22
2022-03-15 12:52:03.500,0.640272,0.985531,1.103146,0,22
2022-03-15 12:52:04.000,0.642021,0.986424,1.103743,0,22
2022-03-15 12:52:04.500,0.640845,0.983741,1.101575,0,22
2022-03-15 12:52:05.000,0.642157,0.98729,1.103568,0,22
2022-03-15 12:52:05.500,0.643223,0.987553,1.104248,0,22
2022-03-15 12:52:06.000,0.640325,0.984119,1.101327,0,22
2022-03-15 12:52:06.500,0.639837,0.984308,1.10186,0,22
2022-03-15 12:52:07.000,0.637926,0.981704,1.09914,0,22
2022-03-15 12:52:07.500,0.640483,0.984444,1.100344,0,22
2022-03-15 12:52:08.000,0.640845,0.985447,1.103109,0,22
2022-03-15 12:52:08.500,0.640997,0.985641,1.103293,0,22
2022-03-15 12:52:09.000,0.641265,0.986471,1.103559,0,22
2022-03-15 12:52:09.500,0.644436,0.986597,1.104019,0,22
2022-03-15 12:52:10.000,0.648321,0.987458,1.1031,0,22
2022-03-15 12:52:10.500,0.647287,0.985725,1.102879,0,22
2022-03-15 12:52:11.000,0.647087,0.986944,1.10276,0,22
2022-03-15 12:52:11.500,0.646799,0.987264,1.103495,0,22
2022-03-15 12:52:12.000,0.64724,0.987448,1.103192,0,22
2022-03-15 12:52:12.500,0.647324,0.98698,1.102236,0,22
2022-03-15 12:52:13.000,0.64745,0.987138,1.103127,0,22
2022-03-15 12:52:13.500,0.649182,0.988718,1.103495,0,22
2022-03-15 12:52:14.000,0.648122,0.988697,1.104009,0,22
2022-03-15 12:52:14.500,0.650117,0.988797,1.103881,0,22
2022-03-15 12:52:15.000,0.649329,0.988282,1.103504,0,22
2022-03-15 12:52:15.500,0.648437,0.987763,1.103963,0,22
2022-03-15 12:52:16.000,0.650106,0.98897,1.103798,0,22
2022-03-15 12:52:16.500,0.649928,0.989564,1.104579,0,22
2022-03-15 12:52:17.000,0.649161,0.987395,1.104579,0,22
2022-03-15 12:52:17.500,0.650096,0.988498,1.103697,0,22
2022-03-15 12:52:18.000,0.651545,0.990614,1.104937,0,22
2022-03-15 12:52:18.500,0.648626,0.987264,1.104294,0,22
2022-03-15 12:52:19.000,0.646793,0.985615,1.102539,0,22
2022-03-15 12:52:19.500,0.650385,0.989049,1.102686,0,22
2022-03-15 12:52:20.000,0.650369,0.989522,1.104432,0,22
2022-03-15 12:52:20.500,0.648432,0.98833,1.10366,0,22
2022-03-15 12:52:21.000,0.647691,0.987301,1.102742,0,22
2022-03-15 12:52:21.500,0.647749,0.986755,1.102686,0,22
2022-03-15 12:52:22.000,0.649734,0.988592,1.103118,0,22
2022-03-15 12:52:22.500,0.648552,0.986497,1.103449,0,22
2022-03-15 12:52:23.000,0.648799,0.987663,1.10264,0,22
2022-03-15 12:52:23.500,0.649555,0.988671,1.103238,0,22
2022-03-15 12:52:24.000,0.650794,0.990167,1.104974,0,22
2022-03-15 12:52:24.500,0.649965,0.988051,1.103899,0,22
2022-03-15 12:52:25.000,0.650274,0.989364,1.103238,0,22
2022-03-15 12:52:25.500,0.64998,0.988855,1.103963,0,22
2022-03-15 12:52:26.000,0.651372,0.989411,1.103908,0,22
2022-03-15 12:52:26.500,0.642567,0.985925,1.103532,0,22
2022-03-15 12:52:27.000,0.641559,0.986282,1.103274,0,22
2022-03-15 12:52:27.500,0.640756,0.98698,1.10287,0,22
2022-03-15 12:52:28.000,0.642236,0.986056,1.102154,0,22
2022-03-15 12:52:28.500,0.639033,0.983667,1.101612,0,22
2022-03-15 12:52:29.000,0.638944,0.983652,1.100913,0,22
2022-03-15 12:52:29.500,0.641622,0.986025,1.101547,0,22
2022-03-15 12:52:30.000,0.641926,0.986261,1.102264,0,22
2022-03-15 12:52:30.500,0.642887,0.988881,1.10446,0,22
2022-03-15 12:52:31.000,0.641601,0.986928,1.103936,0,22
2022-03-15 12:52:31.500,0.640887,0.986398,1.103127,0,22
2022-03-15 12:52:32.000,0.642073,0.986193,1.102999,0,22
2022-03-15 12:52:32.500,0.641611,0.98656,1.103798,0,22
2022-03-15 12:52:33.000,0.641968,0.986608,1.104377,0,22
2022-03-15 12:52:33.500,0.640855,0.985956,1.102843,0,22
2022-03-15 12:52:34.000,0.64001,0.983862,1.102301,0,22
2022-03-15 12:52:34.500,0.640393,0.98436,1.101924,0,22
2022-03-15 12:52:35.000,0.640656,0.984665,1.100775,0,22
2022-03-15 12:52:35.500,0.640834,0.985531,1.102034,0,22
2022-03-15 12:52:36.000,0.640693,0.984576,1.101419,0,22
2022-03-15 12:52:36.500,0.642037,0.987673,1.102622,0,22
2022-03-15 12:52:37.000,0.640976,0.986093,1.103403,0,22
2022-03-15 12:52:37.500,0.640278,0.985584,1.103624,0,22
2022-03-15 12:52:38.000,0.640251,0.985143,1.102751,0,22
2022-03-15 12:52:38.500,0.640131,0.983793,1.101814,0,22
2022-03-15 12:52:39.000,0.639984,0.984114,1.100647,0,22
2022-03-15 12:52:39.500,0.639873,0.986014,1.10219,0,22
2022-03-15 12:52:40.000,0.640451,0.984744,1.102567,0,22
2022-03-15 12:52:40.500,0.63959,0.983746,1.101639,0,22
2022-03-15 12:52:41.000,0.641401,0.9855,1.101465,0,22
2022-03-15 12:52:41.500,0.641533,0.987437,1.102889,0,22
2022-03-15 12:52:42.000,0.641611,0.986345,1.10333,0,22
2022-03-15 12:52:42.500,0.641711,0.985284,1.103247,0,22
2022-03-15 12:52:43.000,0.640514,0.985993,1.103045,0,22
2022-03-15 12:52:43.500,0.641191,0.985657,1.102282,0,22
2022-03-15 12:52:44.000,0.639128,0.985484,1.102144,0,22
2022-03-15 12:52:44.500,0.637905,0.983221,1.101088,0,22
2022-03-15 12:52:45.000,0.640125,0.98446,1.100546,0,22
2022-03-15 12:52:45.500,0.639611,0.983006,1.100187,0,22
2022-03-15 12:52:46.000,0.641617,0.986119,1.101906,0,22
2022-03-15 12:52:46.500,0.639485,0.984303,1.100996,0,22
2022-03-15 12:52:47.000,0.639054,0.983478,1.100243,0,22
2022-03-15 12:52:47.500,0.640199,0.985158,1.101786,0,22
2022-03-15 12:52:48.000,0.640094,0.984723,1.101483,0,22
2022-03-15 12:52:48.500,0.642052,0.985741,1.102236,0,22
2022-03-15 12:52:49.000,0.637658,0.982166,1.101327,0,22
2022-03-15 12:52:49.500,0.639453,0.985993,1.101676,0,22
2022-03-15 12:52:50.000,0.637915,0.984198,1.101768,0,22
2022-03-15 12:52:50.500,0.638262,0.982013,1.099434,0,22
2022-03-15 12:52:51.000,0.640257,0.986208,1.100674,0,22
2022-03-15 12:52:51.500,0.640462,0.985258,1.101244,0,22
2022-03-15 12:52:52.000,0.639527,0.984581,1.101455,0,22
2022-03-15 12:52:52.500,0.641018,0.986109,1.102622,0,22
2022-03-15 12:52:53.000,0.64023,0.984843,1.101804,0,22
2022-03-15 12:52:53.500,0.639963,0.98478,1.101051,0,22
2022-03-15 12:52:54.000,0.64105,0.985111,1.10186,0,22
2022-03-15 12:52:54.500,0.640125,0.984885,1.101841,0,22
2022-03-15 12:52:55.000,0.638125,0.98225,1.10016,0,22
2022-03-15 12:52:55.500,0.639858,0.98541,1.100702,0,22
2022-03-15 12:52:56.000,0.640136,0.985258,1.101134,0,22
2022-03-15 12:52:56.500,0.638204,0.987264,1.10253,0,22
2022-03-15 12:52:57.000,0.640887,0.985505,1.102742,0,22
2022-03-15 12:52:57.500,0.638367,0.984387,1.101639,0,22
2022-03-15 12:52:58.000,0.642388,0.988949,1.10366,0,22
2022-03-15 12:52:58.500,0.641076,0.986135,1.103045,0,22
2022-03-15 12:52:59.000,0.641953,0.988188,1.104744,0,22
2022-03-15 12:52:59.500,0.64001,0.984969,1.10265,0,22
2022-03-15 12:53:00.000,0.641653,0.985983,1.101896,0,22
2022-03-15 12:53:00.500,0.640761,0.985615,1.102356,0,22
2022-03-15 12:53:01.000,0.640441,0.984145,1.100867,0,22
2022-03-15 12:53:01.500,0.639684,0.985736,1.101832,0,22
2022-03-15 12:53:02.000,0.639495,0.984933,1.10219,0,22
2022-03-15 12:53:02.500,0.641333,0.986896,1.103127,0,22
2022-03-15 12:53:03.000,0.640299,0.985274,1.103026,0,22
2022-03-15 12:53:03.500,0.64053,0.985967,1.10298,0,22
2022-03-15 12:53:04.000,0.638886,0.983242,1.102604,0,22
2022-03-15 12:53:04.500,0.640367,0.985851,1.102337,0,22
2022-03-15 12:53:05.000,0.639884,0.986623,1.102365,0,22
2022-03-15 12:53:05.500,0.639212,0.985941,1.103725,0,22
2022-03-15 12:53:06.000,0.638545,0.985326,1.102925,0,22
2022-03-15 12:53:06.500,0.640687,0.987133,1.103293,0,22
2022-03-15 12:53:07.000,0.640388,0.986061,1.10366,0,22
2022-03-15 12:53:07.500,0.639653,0.984649,1.102484,0,22
2022-03-15 12:53:08.000,0.639742,0.985531,1.102934,0,22
2022-03-15 12:53:08.500,0.640803,0.987432,1.103137,0,22
2022-03-15 12:53:09.000,0.640315,0.987201,1.104689,0,22
2022-03-15 12:53:09.500,0.640782,0.986802,1.103146,0,22
2022-03-15 12:53:10.000,0.641464,0.987248,1.103725,0,22
2022-03-15 12:53:10.500,0.640483,0.985846,1.103357,0,22
2022-03-15 12:53:11.000,0.641937,0.985668,1.102135,0,22
2022-03-15 12:53:11.500,0.641239,0.986849,1.102723,0,22
2022-03-15 12:53:12.000,0.637779,0.983337,1.101226,0,22
2022-03-15 12:53:12.500,0.640483,0.986308,1.100913,0,22
2022-03-15 12:53:13.000,0.641538,0.987763,1.102999,0,22
2022-03-15 12:53:13.500,0.639285,0.9852,1.103091,0,22
2022-03-15 12:53:14.000,0.639963,0.985515,1.101648,0,22
2022-03-15 12:53:14.500,0.638524,0.984124,1.10073,0,22
2022-03-15 12:53:15.000,0.6399,0.983883,1.100867,0,22
2022-03-15 12:53:15.500,0.639936,0.985284,1.101501,0,22
2022-03-15 12:53:16.000,0.638839,0.984156,1.101428,0,22
2022-03-15 12:53:16.500,0.638687,0.984187,1.099949,0,22
2022-03-15 12:53:17.000,0.639154,0.982958,1.100233,0,22
2022-03-15 12:53:17.500,0.640047,0.986014,1.101318,0,22
2022-03-15 12:53:18.000,0.640178,0.985274,1.101584,0,22
2022-03-15 12:53:18.500,0.6378,0.982276,1.100252,0,22
2022-03-15 12:53:19.000,0.638451,0.98414,1.100583,0,22
2022-03-15 12:53:19.500,0.639443,0.983568,1.099636,0,22
2022-03-15 12:53:20.000,0.640451,0.98613,1.101143,0,22
2022-03-15 12:53:20.500,0.641627,0.987967,1.102778,0,22
2022-03-15 12:53:21.000,0.640488,0.987101,1.103715,0,22
2022-03-15 12:53:21.500,0.64011,0.985741,1.103394,0,22
2022-03-15 12:53:22.000,0.640451,0.986839,1.103137,0,22
2022-03-15 12:53:22.500,0.64042,0.985452,1.101795,0,22
2022-03-15 12:53:23.000,0.639443,0.985757,1.101556,0,22
2022-03-15 12:53:23.500,0.638892,0.984129,1.10061,0,22
2022-03-15 12:53:24.000,0.638771,0.984345,1.100491,0,22
2022-03-15 12:53:24.500,0.638729,0.984276,1.100224,0,22
2022-03-15 12:53:25.000,0.637458,0.983846,1.101318,0,22
2022-03-15 12:53:25.500,0.638839,0.984539,1.101272,0,22
2022-03-15 12:53:26.000,0.639837,0.986434,1.103146,0,22
2022-03-15 12:53:26.500,0.639516,0.986739,1.102944,0,22
2022-03-15 12:53:27.000,0.638897,0.983993,1.102907,0,22
2022-03-15 12:53:27.500,0.639957,0.984744,1.101906,0,22
2022-03-15 12:53:28.000,0.641328,0.987264,1.10253,0,22
2022-03-15 12:53:28.500,0.639049,0.985505,1.103146,0,22
2022-03-15 12:53:29.000,0.640336,0.985547,1.102356,0,22
2022-03-15 12:53:29.500,0.640167,0.986371,1.102053,0,22
2022-03-15 12:53:30.000,0.640015,0.986072,1.102255,0,22
2022-03-15 12:53:30.500,0.637626,0.982701,1.100454,0,22
2022-03-15 12:53:31.000,0.640535,0.985736,1.100775,0,22
2022-03-15 12:53:31.500,0.639228,0.984203,1.101685,0,22
2022-03-15 12:53:32.000,0.639905,0.985956,1.101804,0,22
2022-03-15 12:53:32.500,0.638451,0.984056,1.101869,0,22
2022-03-15 12:53:33.000,0.639474,0.985416,1.101924,0,22
2022-03-15 12:53:33.500,0.640257,0.98645,1.101795,0,22
2022-03-15 12:53:34.000,0.640299,0.986644,1.103247,0,22
2022-03-15 12:53:34.500,0.639474,0.986214,1.10264,0,22
2022-03-15 12:53:35.000,0.640719,0.986938,1.103872,0,22
2022-03-15 12:53:35.500,0.638886,0.983478,1.101915,0,22
2022-03-15 12:53:36.000,0.640241,0.985925,1.102117,0,22
2022-03-15 12:53:36.500,0.638897,0.985326,1.101345,0,22
2022-03-15 12:53:37.000,0.640997,0.988345,1.103118,0,22
2022-03-15 12:53:37.500,0.639464,0.985085,1.103228,0,22
2022-03-15 12:53:38.000,0.640582,0.988655,1.103908,0,22
2022-03-15 12:53:38.500,0.64063,0.98624,1.104359,0,22
2022-03-15 12:53:39.000,0.63834,0.983153,1.101841,0,22
2022-03-15 12:53:39.500,0.638986,0.986051,1.102098,0,22
2022-03-15 12:53:40.000,0.640094,0.98625,1.102787,0,22
2022-03-15 12:53:40.500,0.639889,0.985857,1.102686,0,22
2022-03-15 12:53:41.000,0.640882,0.986025,1.10197,0,22
2022-03-15 12:53:41.500,0.641107,0.987012,1.10298,0,22
2022-03-15 12:53:42.000,0.640593,0.986156,1.102778,0,22
2022-03-15 12:53:42.500,0.63949,0.986403,1.103127,0,22
2022-03-15 12:53:43.000,0.637647,0.982454,1.101446,0,22
2022-03-15 12:53:43.500,0.640225,0.987022,1.101602,0,22
2022-03-15 12:53:44.000,0.638514,0.984229,1.101262,0,22
2022-03-15 12:53:44.500,0.638976,0.985998,1.101896,0,22
2022-03-15 12:53:45.000,0.640351,0.986303,1.10321,0,22
2022-03-15 12:53:45.500,0.641811,0.988713,1.103816,0,22
2022-03-15 12:53:46.000,0.638813,0.983751,1.102034,0,22
2022-03-15 12:53:46.500,0.639249,0.985935,1.102705,0,22
2022-03-15 12:53:47.000,0.638566,0.985116,1.102429,0,22
2022-03-15 12:53:47.500,0.641207,0.987925,1.102245,0,22
2022-03-15 12:53:48.000,0.639049,0.984891,1.102356,0,22
2022-03-15 12:53:48.500,0.63802,0.984807,1.102255,0,22
2022-03-15 12:53:49.000,0.640829,0.986623,1.102705,0,22
2022-03-15 12:53:49.500,0.639642,0.985857,1.102475,0,22
2022-03-15 12:53:50.000,0.640745,0.988015,1.102797,0,22
2022-03-15 12:53:50.500,0.641795,0.988272,1.103495,0,22
2022-03-15 12:53:51.000,0.639133,0.985888,1.103541,0,22
2022-03-15 12:53:51.500,0.639453,0.98466,1.101722,0,22
2022-03-15 12:53:52.000,0.638251,0.985584,1.102365,0,22
2022-03-15 12:53:52.500,0.639884,0.986366,1.102392,0,22
2022-03-15 12:53:53.000,0.637831,0.984318,1.102466,0,22
2022-03-15 12:53:53.500,0.639852,0.985631,1.100362,0,22
2022-03-15 12:53:54.000,0.641454,0.987642,1.103458,0,22
2022-03-15 12:53:54.500,0.639096,0.984712,1.102576,0,22
2022-03-15 12:53:55.000,0.639837,0.985195,1.101409,0,22
2022-03-15 12:53:55.500,0.639648,0.985032,1.101299,0,22
2022-03-15 12:53:56.000,0.641302,0.987437,1.102448,0,22
2022-03-15 12:53:56.500,0.641491,0.987784,1.103421,0,22
2022-03-15 12:53:57.000,0.637411,0.982454,1.101492,0,22
2022-03-15 12:53:57.500,0.638309,0.98446,1.100564,0,22
2022-03-15 12:53:58.000,0.639096,0.984933,1.102034,0,22
2022-03-15 12:53:58.500,0.637905,0.983121,1.100454,0,22
2022-03-15 12:53:59.000,0.637931,0.983489,1.100895,0,22
2022-03-15 12:53:59.500,0.638886,0.984807,1.100013,0,22
2022-03-15 12:54:00.000,0.640262,0.987595,1.102402,0,22
2022-03-15 12:54:00.500,0.639957,0.986208,1.102539,0,22
2022-03-15 12:54:01.000,0.639301,0.985699,1.10219,0,22
2022-03-15 12:54:01.500,0.639663,0.986608,1.10264,0,22
2022-03-15 12:54:02.000,0.638682,0.985011,1.10321,0,22
2022-03-15 12:54:02.500,0.639789,0.98508,1.101308,0,22
2022-03-15 12:54:03.000,0.638871,0.984518,1.09982,0,22
2022-03-15 12:54:03.500,0.640908,0.985951,1.101409,0,22
2022-03-15 12:54:04.000,0.641207,0.988839,1.10378,0,22
2022-03-15 12:54:04.500,0.63822,0.985757,1.103072,0,22
2022-03-15 12:54:05.000,0.638314,0.985227,1.102595,0,22
2022-03-15 12:54:05.500,0.639915,0.986082,1.10253,0,22
2022-03-15 12:54:06.000,0.639606,0.985022,1.102291,0,22
2022-03-15 12:54:06.500,0.640194,0.985158,1.101896,0,22
2022-03-15 12:54:07.000,0.639889,0.986235,1.102953,0,22
2022-03-15 12:54:07.500,0.639558,0.986434,1.102714,0,22
2022-03-15 12:54:08.000,0.64064,0.986156,1.102328,0,22
2022-03-15 12:54:08.500,0.640777,0.986455,1.104267,0,22
2022-03-15 12:54:09.000,0.638335,0.983032,1.101455,0,22
2022-03-15 12:54:09.500,0.639233,0.985326,1.101814,0,22
2022-03-15 12:54:10.000,0.639243,0.98519,1.101566,0,22
2022-03-15 12:54:10.500,0.638997,0.984728,1.100877,0,22
2022-03-15 12:54:11.000,0.637794,0.983646,1.10152,0,22
2022-03-15 12:54:11.500,0.639984,0.986009,1.101244,0,22
2022-03-15 12:54:12.000,0.640677,0.986004,1.102898,0,22
2022-03-15 12:54:12.500,0.639385,0.984723,1.102062,0,22
2022-03-15 12:54:13.000,0.639973,0.984255,1.10095,0,22
2022-03-15 12:54:13.500,0.640588,0.988393,1.102879,0,22
2022-03-15 12:54:14.000,0.639863,0.986335,1.103284,0,22
2022-03-15 12:54:14.500,0.640152,0.987033,1.103265,0,22
2022-03-15 12:54:15.000,0.639264,0.984927,1.103146,0,22
2022-03-15 12:54:15.500,0.639516,0.984381,1.101942,0,22
2022-03-15 12:54:16.000,0.638876,0.984828,1.10163,0,22
2022-03-15 12:54:16.500,0.639553,0.985363,1.102466,0,22
2022-03-15 12:54:17.000,0.640125,0.985699,1.102631,0,22
2022-03-15 12:54:17.500,0.640162,0.985788,1.101988,0,22
2022-03-15 12:54:18.000,0.640414,0.986881,1.103752,0,22
2022-03-15 12:54:18.500,0.640188,0.986492,1.102934,0,22
2022-03-15 12:54:19.000,0.639821,0.984759,1.102163,0,22
2022-03-15 12:54:19.500,0.640598,0.987091,1.102383,0,22
2022-03-15 12:54:20.000,0.642719,0.989353,1.104065,0,22
2022-03-15 12:54:20.500,0.641029,0.985668,1.103918,0,22
2022-03-15 12:54:21.000,0.638913,0.982985,1.10197,0,22
2022-03-15 12:54:21.500,0.640293,0.98635,1.102144,0,22
2022-03-15 12:54:22.000,0.640582,0.986182,1.102034,0,22
2022-03-15 12:54:22.500,0.64032,0.9854,1.102007,0,22
2022-03-15 12:54:23.000,0.640813,0.985316,1.102025,0,22
2022-03-15 12:54:23.500,0.640446,0.986345,1.103017,0,22
2022-03-15 12:54:24.000,0.641244,0.987043,1.103201,0,22
2022-03-15 12:54:24.500,0.640188,0.985809,1.102475,0,22
2022-03-15 12:54:25.000,0.640404,0.986419,1.103164,0,22
2022-03-15 12:54:25.500,0.641905,0.987096,1.10276,0,22
2022-03-15 12:54:26.000,0.641921,0.988251,1.104028,0,22
2022-03-15 12:54:26.500,0.641564,0.98676,1.103486,0,22
2022-03-15 12:54:27.000,0.641674,0.986917,1.104193,0,22
2022-03-15 12:54:27.500,0.640215,0.986329,1.103642,0,22
2022-03-15 12:54:28.000,0.639495,0.98446,1.101933,0,22
2022-03-15 12:54:28.500,0.639123,0.983667,1.099719,0,22
2022-03-15 12:54:29.000,0.639695,0.984759,1.100803,0,22
2022-03-15 12:54:29.500,0.641076,0.98697,1.102512,0,22
2022-03-15 12:54:30.000,0.640388,0.986014,1.102889,0,22
2022-03-15 12:54:30.500,0.640724,0.987001,1.103918,0,22
2022-03-15 12:54:31.000,0.640525,0.986996,1.103238,0,22
2022-03-15 12:54:31.500,0.640083,0.985185,1.102457,0,22
2022-03-15 12:54:32.000,0.641055,0.985878,1.102448,0,22
2022-03-15 12:54:32.500,0.640262,0.984649,1.101584,0,22
2022-03-15 12:54:33.000,0.640971,0.986114,1.102815,0,22
2022-03-15 12:54:33.500,0.640372,0.983877,1.100849,0,22
2022-03-15 12:54:34.000,0.639007,0.984119,1.101024,0,22
2022-03-15 12:54:34.500,0.638955,0.983284,1.101216,0,22
2022-03-15 12:54:35.000,0.64012,0.986103,1.101373,0,22
2022-03-15 12:54:35.500,0.641149,0.986487,1.102613,0,22
2022-03-15 12:54:36.000,0.638472,0.983499,1.101226,0,22
2022-03-15 12:54:36.500,0.639858,0.983825,1.101244,0,22
2022-03-15 12:54:37.000,0.640178,0.984318,1.101308,0,22
2022-03-15 12:54:37.500,0.640546,0.985941,1.100831,0,22
2022-03-15 12:54:38.000,0.640057,0.986271,1.102264,0,22
2022-03-15 12:54:38.500,0.64053,0.986051,1.102356,0,22
2022-03-15 12:54:39.000,0.639033,0.983967,1.101878,0,22
2022-03-15 12:54:39.500,0.641128,0.987007,1.102843,0,22
2022-03-15 12:54:40.000,0.64075,0.986529,1.103467,0,22
2022-03-15 12:54:40.500,0.639327,0.983641,1.102337,0,22
2022-03-15 12:54:41.000,0.639485,0.98352,1.100353,0,22
2022-03-15 12:54:41.500,0.640157,0.986644,1.101584,0,22
2022-03-15 12:54:42.000,0.641223,0.987112,1.103522,0,22
2022-03-15 12:54:42.500,0.640939,0.987495,1.10411,0,22
2022-03-15 12:54:43.000,0.64064,0.985689,1.103357,0,22
2022-03-15 12:54:43.500,0.641727,0.987358,1.1031,0,22
2022-03-15 12:54:44.000,0.641869,0.987742,1.104368,0,22
2022-03-15 12:54:44.500,0.640283,0.985883,1.103816,0,22
2022-03-15 12:54:45.000,0.639768,0.986676,1.103798,0,22
2022-03-15 12:54:45.500,0.640892,0.986114,1.102172,0,22
2022-03-15 12:54:46.000,0.640939,0.986928,1.103761,0,22
2022-03-15 12:54:46.500,0.639501,0.985279,1.103017,0,22
2022-03-15 12:54:47.000,0.640871,0.984896,1.101345,0,22
2022-03-15 12:54:47.500,0.64075,0.985085,1.102319,0,22
2022-03-15 12:54:48.000,0.640598,0.985437,1.102098,0,22
2022-03-15 12:54:48.500,0.639721,0.982869,1.100408,0,22
2022-03-15 12:54:49.000,0.63834,0.982801,1.099746,0,22
2022-03-15 12:54:49.500,0.639464,0.98289,1.100013,0,22
2022-03-15 12:54:50.000,0.641785,0.986177,1.101575,0,22
2022-03-15 12:54:50.500,0.638598,0.982927,1.100445,0,22
2022-03-15 12:54:51.000,0.641281,0.987106,1.101869,0,22
2022-03-15 12:54:51.500,0.640729,0.985547,1.102328,0,22
2022-03-15 12:54:52.000,0.64168,0.986928,1.102466,0,22
2022-03-15 12:54:52.500,0.64032,0.984812,1.102999,0,22
2022-03-15 12:54:53.000,0.641013,0.985794,1.102264,0,22
2022-03-15 12:54:53.500,0.641018,0.985384,1.103183,0,22
2022-03-15 12:54:54.000,0.639018,0.984339,1.100877,0,22
2022-03-15 12:54:54.500,0.641144,0.985668,1.101547,0,22
2022-03-15 12:54:55.000,0.639086,0.984245,1.101437,0,22
2022-03-15 12:54:55.500,0.639784,0.984098,1.100766,0,22
2022-03-15 12:54:56.000,0.640199,0.985384,1.102062,0,22
2022-03-15 12:54:56.500,0.64095,0.986702,1.10265,0,22
2022-03-15 12:54:57.000,0.64053,0.986534,1.102438,0,22
2022-03-15 12:54:57.500,0.641758,0.987101,1.103192,0,22
2022-03-15 12:54:58.000,0.639852,0.985746,1.103036,0,22
2022-03-15 12:54:58.500,0.640719,0.985715,1.102144,0,22
2022-03-15 12:54:59.000,0.641233,0.986896,1.103036,0,22
2022-03-15 12:54:59.500,0.639543,0.982864,1.101804,0,22
2022-03-15 12:55:00.000,0.641506,0.985935,1.101823,0,22
2022-03-15 12:55:00.500,0.640152,0.985416,1.101979,0,22
2022-03-15 12:55:01.000,0.642871,0.98875,1.103771,0,22
2022-03-15 12:55:01.500,0.639049,0.983594,1.102889,0,22
2022-03-15 12:55:02.000,0.641349,0.986088,1.102007,0,22
2022-03-15 12:55:02.500,0.636482,0.979094,1.099021,0,22
2022-03-15 12:55:03.000,0.636366,0.978737,1.096779,0,22
2022-03-15 12:55:03.500,0.635006,0.975193,1.094014,0,22
2022-03-15 12:55:04.000,0.63068,0.968998,1.088814,0,22
2022-03-15 12:55:04.500,0.629105,0.966588,1.083954,0,22
2022-03-15 12:55:05.000,0.630276,0.967097,1.083963,0,22
2022-03-15 12:55:05.500,0.629525,0.965921,1.081877,0,22
2022-03-15 12:55:06.000,0.629961,0.967753,1.082107,0,22
2022-03-15 12:55:06.500,0.629462,0.966593,1.08207,0,22
2022-03-15 12:55:07.000,0.629173,0.966414,1.08173,0,22
2022-03-15 12:55:07.500,0.631163,0.968509,1.082107,0,22
2022-03-15 12:55:08.000,0.630139,0.965973,1.082199,0,22
2022-03-15 12:55:08.500,0.628375,0.966719,1.081308,0,22
2022-03-15 12:55:09.000,0.629619,0.96747,1.081225,0,22
2022-03-15 12:55:09.500,0.629577,0.966819,1.08185,0,22
2022-03-15 12:55:10.000,0.629231,0.967554,1.082851,0,22
2022-03-15 12:55:10.500,0.629178,0.965842,1.080812,0,22
2022-03-15 12:55:11.000,0.63015,0.96727,1.082759,0,22
2022-03-15 12:55:11.500,0.630433,0.968903,1.083641,0,22
2022-03-15 12:55:12.000,0.633074,0.972746,1.086278,0,22
2022-03-15 12:55:12.500,0.633442,0.97241,1.087628,0,22
2022-03-15 12:55:13.000,0.632607,0.972783,1.08705,0,22
2022-03-15 12:55:13.500,0.633925,0.973319,1.088373,0,22
2022-03-15 12:55:14.000,0.632449,0.971586,1.087142,0,22
2022-03-15 12:55:14.500,0.632817,0.972137,1.088759,0,22
2022-03-15 12:55:15.000,0.632896,0.971927,1.087628,0,22
2022-03-15 12:55:15.500,0.635038,0.977488,1.090385,0,22
2022-03-15 12:55:16.000,0.634828,0.976322,1.092902,0,22
2022-03-15 12:55:16.500,0.635867,0.97732,1.092856,0,22
2022-03-15 12:55:17.000,0.634807,0.975844,1.092948,0,22
2022-03-15 12:55:17.500,0.63582,0.978485,1.094427,0,22
2022-03-15 12:55:18.000,0.635783,0.97879,1.094611,0,22
2022-03-15 12:55:18.500,0.637007,0.977824,1.094859,0,22
2022-03-15 12:55:19.000,0.636602,0.978543,1.093545,0,22
2022-03-15 12:55:19.500,0.63771,0.979719,1.095116,0,22
2022-03-15 12:55:20.000,0.636387,0.978175,1.095043,0,22
2022-03-15 12:55:20.500,0.636881,0.980213,1.09553,0,22
2022-03-15 12:55:21.000,0.636308,0.97953,1.096568,0,22
2022-03-15 12:55:21.500,0.637626,0.980795,1.096292,0,22
2022-03-15 12:55:22.000,0.635474,0.977782,1.094978,0,22
2022-03-15 12:55:22.500,0.636356,0.978469,1.095043,0,22
2022-03-15 12:55:23.000,0.637385,0.980465,1.095704,0,22
2022-03-15 12:55:23.500,0.636151,0.97933,1.095566,0,22
2022-03-15 12:55:24.000,0.636834,0.979971,1.095759,0,22
2022-03-15 12:55:24.500,0.636455,0.980722,1.096366,0,22
2022-03-15 12:55:25.000,0.638146,0.980806,1.096191,0,22
2022-03-15 12:55:25.500,0.636209,0.978469,1.095226,0,22
2022-03-15 12:55:26.000,0.63582,0.977976,1.094142,0,22
2022-03-15 12:55:26.500,0.636634,0.978721,1.094666,0,22
2022-03-15 12:55:27.000,0.635909,0.978417,1.094298,0,22
2022-03-15 12:55:27.500,0.636429,0.978328,1.094749,0,22
2022-03-15 12:55:28.000,0.636093,0.977766,1.093802,0,22
2022-03-15 12:55:28.500,0.636366,0.979861,1.094758,0,22
2022-03-15 12:55:29.000,0.636928,0.979693,1.096053,0,22
2022-03-15 12:55:29.500,0.633741,0.976437,1.094243,0,22
2022-03-15 12:55:30.000,0.635017,0.977351,1.09315,0,22
2022-03-15 12:55:30.500,0.636371,0.979519,1.094712,0,22
2022-03-15 12:55:31.000,0.63739,0.980606,1.09666,0,22
2022-03-15 12:55:31.500,0.636004,0.978905,1.095722,0,22
2022-03-15 12:55:32.000,0.636324,0.97827,1.095263,0,22
2022-03-15 12:55:32.500,0.637322,0.98037,1.09586,0,22
2022-03-15 12:55:33.000,0.635327,0.977477,1.095401,0,22
2022-03-15 12:55:33.500,0.635489,0.979152,1.095089,0,22
2022-03-15 12:55:34.000,0.637128,0.980412,1.096485,0,22
2022-03-15 12:55:34.500,0.636834,0.977724,1.095291,0,22
2022-03-15 12:55:35.000,0.635348,0.977335,1.09519,0,22
2022-03-15 12:55:35.500,0.635626,0.978438,1.094409,0,22
2022-03-15 12:55:36.000,0.633904,0.975713,1.093214,0,22
2022-03-15 12:55:36.500,0.637663,0.980312,1.094951,0,22
2022-03-15 12:55:37.000,0.636077,0.977692,1.094464,0,22
2022-03-15 12:55:37.500,0.637789,0.979031,1.093747,0,22
2022-03-15 12:55:38.000,0.635967,0.97891,1.095217,0,22
2022-03-15 12:55:38.500,0.63572,0.977314,1.094822,0,22
2022-03-15 12:55:39.000,0.634922,0.976075,1.09292,0,22
2022-03-15 12:55:39.500,0.635705,0.97943,1.094611,0,22
2022-03-15 12:55:40.000,0.635831,0.97932,1.095428,0,22
2022-03-15 12:55:40.500,0.636308,0.978637,1.095144,0,22
2022-03-15 12:55:41.000,0.637705,0.980365,1.095594,0,22
2022-03-15 12:55:41.500,0.637506,0.980801,1.096356,0,22
2022-03-15 12:55:42.000,0.63455,0.977241,1.094987,0,22
2022-03-15 12:55:42.500,0.636371,0.978469,1.094124,0,22
2022-03-15 12:55:43.000,0.636776,0.978737,1.094795,0,22
2022-03-15 12:55:43.500,0.63581,0.978223,1.09349,0,22
2022-03-15 12:55:44.000,0.636319,0.980076,1.094997,0,22
2022-03-15 12:55:44.500,0.636293,0.978952,1.095346,0,22
2022-03-15 12:55:45.000,0.634765,0.976474,1.094473,0,22
2022-03-15 12:55:45.500,0.636566,0.97985,1.094308,0,22
2022-03-15 12:55:46.000,0.634156,0.977461,1.094684,0,22
2022-03-15 12:55:46.500,0.635043,0.977136,1.094344,0,22
2022-03-15 12:55:47.000,0.638482,0.980213,1.095373,0,22
2022-03-15 12:55:47.500,0.637663,0.97827,1.095208,0,22
2022-03-15 12:55:48.000,0.637968,0.980155,1.096476,0,22
2022-03-15 12:55:48.500,0.636429,0.980937,1.096522,0,22
2022-03-15 12:55:49.000,0.635946,0.981152,1.097826,0,22
2022-03-15 12:55:49.500,0.634991,0.976406,1.095824,0,22
2022-03-15 12:55:50.000,0.635778,0.977887,1.09462,0,22
2022-03-15 12:55:50.500,0.635909,0.978469,1.094546,0,22
2022-03-15 12:55:51.000,0.635489,0.97754,1.092691,0,22
2022-03-15 12:55:51.500,0.635684,0.978527,1.094014,0,22
2022-03-15 12:55:52.000,0.635295,0.979021,1.094565,0,22
2022-03-15 12:55:52.500,0.635495,0.977829,1.094041,0,22
2022-03-15 12:55:53.000,0.636371,0.978963,1.09406,0,22
2022-03-15 12:55:53.500,0.635243,0.977068,1.094188,0,22
2022-03-15 12:55:54.000,0.636555,0.979514,1.095033,0,22
2022-03-15 12:55:54.500,0.635101,0.977493,1.093949,0,22
2022-03-15 12:55:55.000,0.636639,0.981656,1.095695,0,22
2022-03-15 12:55:55.500,0.635936,0.979162,1.095897,0,22
2022-03-15 12:55:56.000,0.635773,0.979351,1.095061,0,22
2022-03-15 12:55:56.500,0.636335,0.979535,1.095236,0,22
2022-03-15 12:55:57.000,0.634571,0.976464,1.093839,0,22
2022-03-15 12:55:57.500,0.636114,0.978595,1.093315,0,22
2022-03-15 12:55:58.000,0.634124,0.976836,1.093233,0,22
2022-03-15 12:55:58.500,0.636461,0.979819,1.094592,0,22
2022-03-15 12:55:59.000,0.636014,0.980249,1.096108,0,22
2022-03-15 12:55:59.500,0.635531,0.979157,1.095778,0,22
2022-03-15 12:56:00.000,0.637994,0.979771,1.09598,0,22
2022-03-15 12:56:00.500,0.636004,0.979073,1.096283,0,22
2022-03-15 12:56:01.000,0.635237,0.978401,1.094372,0,22
2022-03-15 12:56:01.500,0.63656,0.979367,1.096062,0,22
2022-03-15 12:56:02.000,0.636671,0.979162,1.095833,0,22
2022-03-15 12:56:02.500,0.635789,0.979609,1.095401,0,22
2022-03-15 12:56:03.000,0.637322,0.981074,1.095612,0,22
2022-03-15 12:56:03.500,0.635684,0.979777,1.095355,0,22
2022-03-15 12:56:04.000,0.63572,0.978527,1.094896,0,22
2022-03-15 12:56:04.500,0.637065,0.980591,1.095741,0,22
2022-03-15 12:56:05.000,0.635825,0.980134,1.09553,0,22
2022-03-15 12:56:05.500,0.635006,0.977346,1.094638,0,22
2022-03-15 12:56:06.000,0.634439,0.977036,1.094537,0,22
2022-03-15 12:56:06.500,0.63539,0.978349,1.094004,0,22
2022-03-15 12:56:07.000,0.636844,0.979861,1.094537,0,22
2022-03-15 12:56:07.500,0.636776,0.980627,1.096062,0,22
2022-03-15 12:56:08.000,0.636702,0.981263,1.096283,0,22
2022-03-15 12:56:08.500,0.6355,0.978627,1.095456,0,22
2022-03-15 12:56:09.000,0.633794,0.975697,1.093361,0,22
2022-03-15 12:56:09.500,0.636723,0.981394,1.095327,0,22
2022-03-15 12:56:10.000,0.6354,0.979656,1.096035,0,22
2022-03-15 12:56:10.500,0.635174,0.97921,1.095695,0,22
2022-03-15 12:56:11.000,0.635353,0.979173,1.095851,0,22
2022-03-15 12:56:11.500,0.636692,0.980391,1.095566,0,22
2022-03-15 12:56:12.000,0.634481,0.97858,1.09541,0,22
2022-03-15 12:56:12.500,0.637196,0.981394,1.096733,0,22
2022-03-15 12:56:13.000,0.636172,0.979378,1.096182,0,22
2022-03-15 12:56:13.500,0.634324,0.976884,1.094142,0,22
2022-03-15 12:56:14.000,0.634392,0.977834,1.093453,0,22
2022-03-15 12:56:14.500,0.635573,0.979556,1.094317,0,22
2022-03-15 12:56:15.000,0.636182,0.979504,1.09485,0,22
2022-03-15 12:56:15.500,0.636918,0.979488,1.096053,0,22
2022-03-15 12:56:16.000,0.6354,0.977929,1.094234,0,22
2022-03-15 12:56:16.500,0.633416,0.97555,1.092727,0,22
2022-03-15 12:56:17.000,0.635873,0.979278,1.094115,0,22
2022-03-15 12:56:17.500,0.635909,0.97912,1.094886,0,22
2022-03-15 12:56:18.000,0.635153,0.977824,1.094859,0,22
2022-03-15 12:56:18.500,0.635668,0.97891,1.095236,0,22
2022-03-15 12:56:19.000,0.634172,0.9765,1.093812,0,22
2022-03-15 12:56:19.500,0.636581,0.979635,1.094363,0,22
2022-03-15 12:56:20.000,0.636035,0.978244,1.094914,0,22
2022-03-15 12:56:20.500,0.636634,0.979409,1.094987,0,22
2022-03-15 12:56:21.000,0.635936,0.979693,1.09405,0,22
2022-03-15 12:56:21.500,0.635085,0.978417,1.094813,0,22
2022-03-15 12:56:22.000,0.63634,0.978511,1.094225,0,22
2022-03-15 12:56:22.500,0.63603,0.978343,1.094436,0,22
2022-03-15 12:56:23.000,0.636802,0.979372,1.094188,0,22
2022-03-15 12:56:23.500,0.635206,0.978664,1.095539,0,22
2022-03-15 12:56:24.000,0.632512,0.977199,1.093867,0,22
2022-03-15 12:56:24.500,0.635988,0.979194,1.094602,0,22
2022-03-15 12:56:25.000,0.634361,0.977293,1.094657,0,22
2022-03-15 12:56:25.500,0.634628,0.977393,1.093802,0,22
2022-03-15 12:56:26.000,0.637889,0.982276,1.09575,0,22
2022-03-15 12:56:26.500,0.635495,0.979645,1.095842,0,22
2022-03-15 12:56:27.000,0.635867,0.979572,1.095971,0,22
2022-03-15 12:56:27.500,0.635652,0.980102,1.095337,0,22
2022-03-15 12:56:28.000,0.635447,0.977745,1.09485,0,22
2022-03-15 12:56:28.500,0.636177,0.979892,1.095438,0,22
2022-03-15 12:56:29.000,0.634838,0.978805,1.095833,0,22
2022-03-15 12:56:29.500,0.635059,0.97816,1.095107,0,22
2022-03-15 12:56:30.000,0.640777,0.980606,1.095107,0,22
2022-03-15 12:56:30.500,0.643722,0.981898,1.096219,0,22
2022-03-15 12:56:31.000,0.645486,0.981488,1.0953,0,22
2022-03-15 12:56:31.500,0.648794,0.983352,1.095787,0,22
2022-03-15 12:56:32.000,0.64598,0.981137,1.095925,0,22
2022-03-15 12:56:32.500,0.64306,0.980475,1.09519,0,22
2022-03-15 12:56:33.000,0.643869,0.981588,1.095392,0,22
2022-03-15 12:56:33.500,0.64263,0.980738,1.09541,0,22
2022-03-15 12:56:34.000,0.643717,0.980286,1.095043,0,22
2022-03-15 12:56:34.500,0.64409,0.981499,1.095465,0,22
2022-03-15 12:56:35.000,0.645308,0.982638,1.096641,0,22
2022-03-15 12:56:35.500,0.646568,0.984339,1.097266,0,22
2022-03-15 12:56:36.000,0.643753,0.982869,1.09767,0,22
2022-03-15 12:56:36.500,0.646342,0.981625,1.096604,0,22
2022-03-15 12:56:37.000,0.648111,0.982297,1.09598,0,22
2022-03-15 12:56:37.500,0.648542,0.982811,1.096366,0,22
2022-03-15 12:56:38.000,0.647009,0.981394,1.095658,0,22
2022-03-15 12:56:38.500,0.647313,0.982533,1.096283,0,22
2022-03-15 12:56:39.000,0.645686,0.981242,1.095787,0,22
2022-03-15 12:56:39.500,0.646074,0.980638,1.095337,0,22
2022-03-15 12:56:40.000,0.647697,0.98237,1.095575,0,22
2022-03-15 12:56:40.500,0.645922,0.979603,1.094638,0,22
2022-03-15 12:56:41.000,0.643433,0.979567,1.093812,0,22
2022-03-15 12:56:41.500,0.644242,0.979945,1.09292,0,22
2022-03-15 12:56:42.000,0.644725,0.980092,1.095052,0,22
2022-03-15 12:56:42.500,0.644783,0.981467,1.095226,0,22
2022-03-15 12:56:43.000,0.645302,0.982113,1.095824,0,22
2022-03-15 12:56:43.500,0.645119,0.981814,1.09575,0,22
2022-03-15 12:56:44.000,0.646751,0.983063,1.097174,0,22
2022-03-15 12:56:44.500,0.644147,0.981368,1.096439,0,22
2022-03-15 12:56:45.000,0.644441,0.982171,1.096595,0,22
2022-03-15 12:56:45.500,0.644704,0.981415,1.096329,0,22
2022-03-15 12:56:46.000,0.646421,0.982696,1.095686,0,22
2022-03-15 12:56:46.500,0.644216,0.979792,1.095061,0,22
2022-03-15 12:56:47.000,0.64536,0.981326,1.094822,0,22
2022-03-15 12:56:47.500,0.644447,0.980286,1.095548,0,22
2022-03-15 12:56:48.000,0.644688,0.980239,1.094262,0,22
2022-03-15 12:56:48.500,0.644478,0.980218,1.094519,0,22
2022-03-15 12:56:49.000,0.643916,0.980848,1.094804,0,22
2022-03-15 12:56:49.500,0.645218,0.981746,1.095144,0,22
2022-03-15 12:56:50.000,0.644756,0.98131,1.095603,0,22
2022-03-15 12:56:50.500,0.644368,0.980837,1.095603,0,22
2022-03-15 12:56:51.000,0.644483,0.98153,1.095649,0,22
2022-03-15 12:56:51.500,0.643076,0.980339,1.095309,0,22
2022-03-15 12:56:52.000,0.643218,0.98026,1.095419,0,22
2022-03-15 12:56:52.500,0.641344,0.980764,1.095144,0,22
2022-03-15 12:56:53.000,0.641144,0.980874,1.095548,0,22
2022-03-15 12:56:53.500,0.64211,0.980848,1.095989,0,22
2022-03-15 12:56:54.000,0.641795,0.981971,1.096549,0,22
2022-03-15 12:56:54.500,0.640577,0.981536,1.097,0,22
2022-03-15 12:56:55.000,0.638944,0.979141,1.095998,0,22
2022-03-15 12:56:55.500,0.638073,0.97858,1.0953,0,22
2022-03-15 12:56:56.000,0.639401,0.979966,1.094372,0,22
2022-03-15 12:56:56.500,0.638797,0.980375,1.094914,0,22
2022-03-15 12:56:57.000,0.63875,0.980186,1.095539,0,22
2022-03-15 12:56:57.500,0.638661,0.980774,1.095603,0,22
2022-03-15 12:56:58.000,0.638792,0.980932,1.095631,0,22
2022-03-15 12:56:58.500,0.638472,0.980234,1.095943,0,22
2022-03-15 12:56:59.000,0.637884,0.980081,1.095263,0,22
2022-03-15 12:56:59.500,0.638839,0.97953,1.095208,0,22
2022-03-15 12:57:00.000,0.638414,0.979819,1.095484,0,22
2022-03-15 12:57:00.500,0.639637,0.98057,1.095548,0,22
2022-03-15 12:57:01.000,0.639942,0.98183,1.09654,0,22
2022-03-15 12:57:01.500,0.634214,0.979971,1.09654,0,22
2022-03-15 12:57:02.000,0.632565,0.979089,1.095364,0,22
2022-03-15 12:57:02.500,0.634949,0.980218,1.096375,0,22
2022-03-15 12:57:03.000,0.634649,0.980218,1.096108,0,22
2022-03-15 12:57:03.500,0.634035,0.979105,1.095392,0,22
2022-03-15 12:57:04.000,0.634602,0.979777,1.095539,0,22
2022-03-15 12:57:04.500,0.635689,0.980176,1.095695,0,22
2022-03-15 12:57:05.000,0.635038,0.979493,1.095796,0,22
2022-03-15 12:57:05.500,0.635878,0.980764,1.095814,0,22
2022-03-15 12:57:06.000,0.636067,0.982549,1.097064,0,22
2022-03-15 12:57:06.500,0.632124,0.97849,1.095842,0,22
2022-03-15 12:57:07.000,0.633216,0.979115,1.095447,0,22
2022-03-15 12:57:07.500,0.633473,0.979498,1.095272,0,22
2022-03-15 12:57:08.000,0.633962,0.981257,1.095548,0,22
2022-03-15 12:57:08.500,0.63277,0.979567,1.095768,0,22
2022-03-15 12:57:09.000,0.632318,0.978433,1.095281,0,22
2022-03-15 12:57:09.500,0.633752,0.980139,1.095585,0,22
2022-03-15 12:57:10.000,0.634271,0.982208,1.096862,0,22
2022-03-15 12:57:10.500,0.633048,0.978427,1.096108,0,22
2022-03-15 12:57:11.000,0.631373,0.977241,1.094004,0,22
2022-03-15 12:57:11.500,0.63404,0.980344,1.094868,0,22
2022-03-15 12:57:12.000,0.633914,0.979414,1.095934,0,22
2022-03-15 12:57:12.500,0.6354,0.980454,1.095851,0,22
2022-03-15 12:57:13.000,0.635321,0.980685,1.09631,0,22
2022-03-15 12:57:13.500,0.63403,0.979099,1.095824,0,22
2022-03-15 12:57:14.000,0.632029,0.977115,1.094739,0,22
2022-03-15 12:57:14.500,0.633311,0.977566,1.095658,0,22
2022-03-15 12:57:15.000,0.634019,0.980633,1.095116,0,22
2022-03-15 12:57:15.500,0.632759,0.978543,1.094546,0,22
2022-03-15 12:57:16.000,0.633295,0.978406,1.094629,0,22
2022-03-15 12:57:16.500,0.633794,0.978653,1.094611,0,22
2022-03-15 12:57:17.000,0.632528,0.977104,1.094151,0,22
2022-03-15 12:57:17.500,0.632512,0.977829,1.09428,0,22
2022-03-15 12:57:18.000,0.633757,0.978795,1.094372,0,22
2022-03-15 12:57:18.500,0.633389,0.978223,1.094243,0,22
2022-03-15 12:57:19.000,0.632759,0.979078,1.095548,0,22
2022-03-15 12:57:19.500,0.630265,0.974684,1.093903,0,22
2022-03-15 12:57:20.000,0.631693,0.976731,1.092645,0,22
2022-03-15 12:57:20.500,0.6335,0.978637,1.093527,0,22
2022-03-15 12:57:21.000,0.632612,0.978102,1.095098,0,22
2022-03-15 12:57:21.500,0.634445,0.980459,1.095272,0,22
2022-03-15 12:57:22.000,0.632481,0.979042,1.095713,0,22
2022-03-15 12:57:22.500,0.63383,0.979682,1.095842,0,22
2022-03-15 12:57:23.000,0.633279,0.979908,1.095281,0,22
2022-03-15 12:57:23.500,0.631945,0.977199,1.094565,0,22
2022-03-15 12:57:24.000,0.634723,0.979105,1.095015,0,22
2022-03-15 12:57:24.500,0.63592,0.980596,1.096338,0,22
2022-03-15 12:57:25.000,0.634849,0.978984,1.095079,0,22
2022-03-15 12:57:25.500,0.634445,0.980297,1.096641,0,22
2022-03-15 12:57:26.000,0.633867,0.979257,1.096219,0,22
2022-03-15 12:57:26.500,0.634586,0.979924,1.095649,0,22
2022-03-15 12:57:27.000,0.633416,0.978217,1.095888,0,22
2022-03-15 12:57:27.500,0.633746,0.979094,1.095144,0,22
2022-03-15 12:57:28.000,0.635327,0.980449,1.095842,0,22
2022-03-15 12:57:28.500,0.631762,0.975928,1.09439,0,22
2022-03-15 12:57:29.000,0.633862,0.978412,1.09406,0,22
2022-03-15 12:57:29.500,0.635411,0.980465,1.094602,0,22
2022-03-15 12:57:30.000,0.634529,0.979204,1.095125,0,22
2022-03-15 12:57:30.500,0.634618,0.979052,1.095906,0,22
2022-03-15 12:57:31.000,0.633599,0.978538,1.09507,0,22
2022-03-15 12:57:31.500,0.634198,0.978984,1.095722,0,22
2022-03-15 12:57:32.000,0.632964,0.977955,1.09518,0,22
2022-03-15 12:57:32.500,0.635463,0.979672,1.09394,0,22
2022-03-15 12:57:33.000,0.634891,0.979483,1.095383,0,22
2022-03-15 12:57:33.500,0.63467,0.978847,1.095438,0,22
2022-03-15 12:57:34.000,0.634093,0.979052,1.095217,0,22
2022-03-15 12:57:34.500,0.633904,0.978868,1.095318,0,22
2022-03-15 12:57:35.000,0.634397,0.979147,1.095428,0,22
2022-03-15 12:57:35.500,0.633458,0.977498,1.094243,0,22
2022-03-15 12:57:36.000,0.633557,0.977005,1.092626,0,22
2022-03-15 12:57:36.500,0.633158,0.976485,1.093279,0,22
2022-03-15 12:57:37.000,0.635096,0.979057,1.094363,0,22
2022-03-15 12:57:37.500,0.635374,0.979357,1.095998,0,22
2022-03-15 12:57:38.000,0.635547,0.979855,1.096421,0,22
2022-03-15 12:57:38.500,0.634429,0.980197,1.096375,0,22
2022-03-15 12:57:39.000,0.634744,0.978658,1.094896,0,22
2022-03-15 12:57:39.500,0.634949,0.978958,1.095107,0,22
2022-03-15 12:57:40.000,0.633589,0.977981,1.094914,0,22
2022-03-15 12:57:40.500,0.634198,0.978622,1.095392,0,22
2022-03-15 12:57:41.000,0.632607,0.97816,1.094207,0,22
2022-03-15 12:57:41.500,0.633552,0.978118,1.09462,0,22
2022-03-15 12:57:42.000,0.634067,0.977125,1.094317,0,22
2022-03-15 12:57:42.500,0.633011,0.976527,1.093077,0,22
2022-03-15 12:57:43.000,0.633967,0.97806,1.0936,0,22
2022-03-15 12:57:43.500,0.634203,0.97858,1.094611,0,22
2022-03-15 12:57:44.000,0.633395,0.977551,1.094905,0,22
2022-03-15 12:57:44.500,0.634156,0.978748,1.09405,0,22
2022-03-15 12:57:45.000,0.633111,0.978265,1.095695,0,22
2022-03-15 12:57:45.500,0.634424,0.979273,1.094739,0,22
2022-03-15 12:57:46.000,0.633421,0.978784,1.095667,0,22
2022-03-15 12:57:46.500,0.632082,0.978196,1.095107,0,22
2022-03-15 12:57:47.000,0.636093,0.979215,1.094749,0,22
2022-03-15 12:57:47.500,0.63539,0.976805,1.092507,0,22
2022-03-15 12:57:48.000,0.634949,0.977593,1.093674,0,22
2022-03-15 12:57:48.500,0.634954,0.976642,1.092397,0,22
2022-03-15 12:57:49.000,0.635831,0.978275,1.093848,0,22
2022-03-15 12:57:49.500,0.636865,0.979031,1.095052,0,22
2022-03-15 12:57:50.000,0.634655,0.978375,1.093628,0,22
2022-03-15 12:57:50.500,0.635831,0.980543,1.095989,0,22
2022-03-15 12:57:51.000,0.635337,0.977908,1.094951,0,22
2022-03-15 12:57:51.500,0.636251,0.979493,1.09462,0,22
2022-03-15 12:57:52.000,0.635967,0.97996,1.095805,0,22
2022-03-15 12:57:52.500,0.634938,0.979194,1.094234,0,22
2022-03-15 12:57:53.000,0.634392,0.980113,1.095098,0,22
2022-03-15 12:57:53.500,0.635043,0.979824,1.095456,0,22
2022-03-15 12:57:54.000,0.632612,0.976852,1.09519,0,22
2022-03-15 12:57:54.500,0.636093,0.980076,1.094868,0,22
2022-03-15 12:57:55.000,0.63371,0.978128,1.095364,0,22
2022-03-15 12:57:55.500,0.633195,0.978469,1.09564,0,22
2022-03-15 12:57:56.000,0.632502,0.976301,1.093959,0,22
2022-03-15 12:57:56.500,0.633641,0.97859,1.093903,0,22
2022-03-15 12:57:57.000,0.632948,0.977944,1.093692,0,22
2022-03-15 12:57:57.500,0.632596,0.977724,1.093839,0,22
2022-03-15 12:57:58.000,0.634061,0.97849,1.094574,0,22
2022-03-15 12:57:58.500,0.632675,0.976159,1.093472,0,22
2022-03-15 12:57:59.000,0.635857,0.981074,1.095309,0,22
2022-03-15 12:57:59.500,0.63214,0.97671,1.095089,0,22
2022-03-15 12:58:00.000,0.634067,0.979456,1.094877,0,22
2022-03-15 12:58:00.500,0.634145,0.979687,1.094556,0,22
2022-03-15 12:58:01.000,0.632549,0.977199,1.09518,0,22
2022-03-15 12:58:01.500,0.631462,0.975666,1.092792,0,22
2022-03-15 12:58:02.000,0.632869,0.976984,1.09315,0,22
2022-03-15 12:58:02.500,0.632691,0.975823,1.092443,0,22
2022-03-15 12:58:03.000,0.633799,0.978202,1.093371,0,22
2022-03-15 12:58:03.500,0.633016,0.978296,1.093949,0,22
2022-03-15 12:58:04.000,0.63392,0.97765,1.093187,0,22
2022-03-15 12:58:04.500,0.635327,0.979672,1.095337,0,22
2022-03-15 12:58:05.000,0.635295,0.97943,1.094721,0,22
2022-03-15 12:58:05.500,0.632019,0.976647,1.093931,0,22
2022-03-15 12:58:06.000,0.634334,0.979336,1.095107,0,22
2022-03-15 12:58:06.500,0.63247,0.976621,1.094703,0,22
2022-03-15 12:58:07.000,0.63204,0.978259,1.094032,0,22
2022-03-15 12:58:07.500,0.633904,0.978511,1.093729,0,22
2022-03-15 12:58:08.000,0.632145,0.977661,1.09451,0,22
2022-03-15 12:58:08.500,0.632523,0.976474,1.092406,0,22
2022-03-15 12:58:09.000,0.634985,0.979918,1.094491,0,22
2022-03-15 12:58:09.500,0.632413,0.977036,1.09462,0,22
2022-03-15 12:58:10.000,0.632591,0.977388,1.094197,0,22
2022-03-15 12:58:10.500,0.632182,0.976579,1.092231,0,22
2022-03-15 12:58:11.000,0.632218,0.97628,1.092176,0,22
2022-03-15 12:58:11.500,0.634534,0.97932,1.093674,0,22
2022-03-15 12:58:12.000,0.633316,0.977776,1.094418,0,22
2022-03-15 12:58:12.500,0.634529,0.979451,1.094868,0,22
2022-03-15 12:58:13.000,0.633263,0.977052,1.095006,0,22
2022-03-15 12:58:13.500,0.633557,0.977724,1.094023,0,22
2022-03-15 12:58:14.000,0.634754,0.980291,1.094896,0,22
2022-03-15 12:58:14.500,0.631903,0.976936,1.095585,0,22
2022-03-15 12:58:15.000,0.633783,0.97806,1.094188,0,22
2022-03-15 12:58:15.500,0.633836,0.978354,1.094758,0,22
2022-03-15 12:58:16.000,0.633962,0.979115,1.095346,0,22
2022-03-15 12:58:16.500,0.633442,0.97858,1.094381,0,22
2022-03-15 12:58:17.000,0.632722,0.976317,1.092727,0,22
2022-03-15 12:58:17.500,0.632764,0.977645,1.093591,0,22
2022-03-15 12:58:18.000,0.633956,0.978564,1.094776,0,22
2022-03-15 12:58:18.500,0.63194,0.976942,1.09371,0,22
2022-03-15 12:58:19.000,0.63246,0.977425,1.094161,0,22
2022-03-15 12:58:19.500,0.634082,0.980055,1.095456,0,22
2022-03-15 12:58:20.000,0.63425,0.977944,1.094455,0,22
2022-03-15 12:58:20.500,0.632817,0.978254,1.094179,0,22
2022-03-15 12:58:21.000,0.629194,0.964073,1.088115,0,22
2022-03-15 12:58:21.500,0.61348,0.938225,1.067407,0,22
2022-03-15 12:58:22.000,0.596238,0.911007,1.039524,0,22
2022-03-15 12:58:22.500,0.581332,0.886083,1.013303,0,22
2022-03-15 12:58:23.000,0.566715,0.861385,0.987092,0,22
2022-03-15 12:58:23.500,0.552681,0.840215,0.960431,0,22
2022-03-15 12:58:24.000,0.538436,0.815591,0.929543,0,22
2022-03-15 12:58:24.500,0.523814,0.7922,0.898499,0,22
2022-03-15 12:58:25.000,0.5081,0.766085,0.869137,0,22
2022-03-15 12:58:25.500,0.496402,0.744763,0.843578,0,22
2022-03-15 12:58:26.000,0.47906,0.719209,0.815051,0,22
2022-03-15 12:58:26.500,0.464679,0.694711,0.787802,0,22
2022-03-15 12:58:27.000,0.449999,0.67122,0.761572,0,22
2022-03-15 12:58:27.500,0.43334,0.643981,0.732669,0,22
2022-03-15 12:58:28.000,0.419809,0.621352,0.706237,0,22
2022-03-15 12:58:28.500,0.405759,0.59762,0.680301,0,22
2022-03-15 12:58:29.000,0.392523,0.57687,0.657085,0,22
2022-03-15 12:58:29.500,0.377066,0.553007,0.632463,0,22
2022-03-15 12:58:30.000,0.364896,0.531832,0.609752,0,22
2022-03-15 12:58:30.500,0.355372,0.513792,0.590413,0,22
2022-03-15 12:58:31.000,0.341437,0.491913,0.566361,0,22
2022-03-15 12:58:31.500,0.329587,0.472891,0.545175,0,22
2022-03-15 12:58:32.000,0.317895,0.453869,0.524476,0,22
2022-03-15 12:58:32.500,0.30616,0.434768,0.503933,0,22
2022-03-15 12:58:33.000,0.296673,0.419846,0.487525,0,22
2022-03-15 12:58:33.500,0.285542,0.402467,0.467487,0,22
2022-03-15 12:58:34.000,0.274427,0.38429,0.448176,0,22
2022-03-15 12:58:34.500,0.264819,0.369815,0.432567,0,22
2022-03-15 12:58:35.000,0.254748,0.35525,0.415579,0,22
2022-03-15 12:58:35.500,0.245576,0.340785,0.399125,0,22
2022-03-15 12:58:36.000,0.236089,0.32693,0.382432,0,22
2022-03-15 12:58:36.500,0.226155,0.312606,0.367943,0,22
2022-03-15 12:58:37.000,0.21736,0.297826,0.352178,0,22
2022-03-15 12:58:37.500,0.2098,0.284123,0.338434,0,22
2022-03-15 12:58:38.000,0.202008,0.271653,0.323973,0,22
2022-03-15 12:58:38.500,0.19397,0.259189,0.31022,0,22
2022-03-15 12:58:39.000,0.188105,0.248525,0.299066,0,22
2022-03-15 12:58:39.500,0.181227,0.236927,0.285708,0,22
2022-03-15 12:58:40.000,0.173278,0.22388,0.272138,0,22
2022-03-15 12:58:40.500,0.166222,0.213011,0.260314,0,22
2022-03-15 12:58:41.000,0.15864,0.201145,0.248766,0,22
2022-03-15 12:58:41.500,0.153411,0.193958,0.240102,0,22
2022-03-15 12:58:42.000,0.146155,0.183273,0.229123,0,22
2022-03-15 12:58:42.500,0.139571,0.173413,0.217869,0,22
2022-03-15 12:58:43.000,0.133229,0.163731,0.206651,0,22
2022-03-15 12:58:43.500,0.128262,0.154821,0.198833,0,22
2022-03-15 12:58:44.000,0.123038,0.147082,0.189655,0,22
2022-03-15 12:58:44.500,0.120916,0.144483,0.187331,0,22
2022-03-15 12:58:45.000,0.118302,0.141291,0.182866,0,22
2022-03-15 12:58:45.500,0.114332,0.135946,0.17648,0,22
2022-03-15 12:58:46.000,0.110956,0.129619,0.170435,0,22
2022-03-15 12:58:46.500,0.108877,0.126558,0.167495,0,22
2022-03-15 12:58:47.000,0.109591,0.126274,0.167201,0,22
2022-03-15 12:58:47.500,0.107943,0.124106,0.164307,0,22
2022-03-15 12:58:48.000,0.105885,0.121308,0.161046,0,22
2022-03-15 12:58:48.500,0.102619,0.117265,0.157031,0,22
2022-03-15 12:58:49.000,0.100724,0.114582,0.155249,0,22
2022-03-15 12:58:49.500,0.101621,0.115763,0.15534,0,22
2022-03-15 12:58:50.000,0.103055,0.116734,0.157196,0,22
2022-03-15 12:58:50.500,0.102619,0.117443,0.157545,0,22
2022-03-15 12:58:51.000,0.101989,0.11559,0.156599,0,22
2022-03-15 12:58:51.500,0.102603,0.117091,0.157242,0,22
2022-03-15 12:58:52.000,0.102031,0.116246,0.156057,0,22
2022-03-15 12:58:52.500,0.102346,0.116225,0.155754,0,22
2022-03-15 12:58:53.000,0.101417,0.115474,0.156121,0,22
2022-03-15 12:58:53.500,0.101086,0.115642,0.155956,0,22
2022-03-15 12:58:54.000,0.10139,0.115558,0.155589,0,22
2022-03-15 12:58:54.500,0.100755,0.115527,0.156369,0,22
2022-03-15 12:58:55.000,0.101296,0.115396,0.156535,0,22
2022-03-15 12:58:55.500,0.101159,0.115348,0.15648,0,22
2022-03-15 12:58:56.000,0.101989,0.115989,0.156526,0,22
2022-03-15 12:58:56.500,0.10201,0.115942,0.15772,0,22
2022-03-15 12:58:57.000,0.101422,0.116125,0.156195,0,22
2022-03-15 12:58:57.500,0.102136,0.116173,0.157251,0,22
2022-03-15 12:58:58.000,0.103191,0.116908,0.157821,0,22
2022-03-15 12:58:58.500,0.102409,0.116687,0.157288,0,22
2022-03-15 12:58:59.000,0.101653,0.116393,0.157141,0,22
2022-03-15 12:58:59.500,0.102524,0.116514,0.15738,0,22
2022-03-15 12:59:00.000,0.102367,0.115611,0.156213,0,22
2022-03-15 12:59:00.500,0.101154,0.114944,0.156149,0,22
2022-03-15 12:59:01.000,0.102545,0.116073,0.15682,0,22
2022-03-15 12:59:01.500,0.10181,0.115548,0.156654,0,22
2022-03-15 12:59:02.000,0.102372,0.115973,0.156792,0,22
2022-03-15 12:59:02.500,0.101968,0.115632,0.155919,0,22
2022-03-15 12:59:03.000,0.103028,0.116136,0.157031,0,22
2022-03-15 12:59:03.500,0.102362,0.116026,0.157279,0,22
2022-03-15 12:59:04.000,0.100766,0.114597,0.155543,0,22
2022-03-15 12:59:04.500,0.102409,0.115695,0.157086,0,22
2022-03-15 12:59:05.000,0.101364,0.114225,0.155956,0,22
2022-03-15 12:59:05.500,0.103333,0.116524,0.157224,0,22
2022-03-15 12:59:06.000,0.102246,0.115548,0.156783,0,22
2022-03-15 12:59:06.500,0.101889,0.115474,0.155993,0,22
2022-03-15 12:59:07.000,0.10244,0.116068,0.156351,0,22
2022-03-15 12:59:07.500,0.102052,0.115574,0.156158,0,22
2022-03-15 12:59:08.000,0.102115,0.116262,0.156976,0,22
2022-03-15 12:59:08.500,0.102451,0.115816,0.15716,0,22
2022-03-15 12:59:09.000,0.103144,0.116645,0.157821,0,22
2022-03-15 12:59:09.500,0.101322,0.115091,0.156232,0,22
2022-03-15 12:59:10.000,0.102493,0.115926,0.158087,0,22
2022-03-15 12:59:10.500,0.103028,0.117175,0.15885,0,22
2022-03-15 12:59:11.000,0.103013,0.11644,0.157968,0,22
2022-03-15 12:59:11.500,0.10358,0.117606,0.158565,0,22
2022-03-15 12:59:12.000,0.103175,0.118,0.159328,0,22
2022-03-15 12:59:12.500,0.103291,0.117637,0.159015,0,22
2022-03-15 12:59:13.000,0.103469,0.118094,0.159603,0,22
2022-03-15 12:59:13.500,0.103795,0.118399,0.15896,0,22
2022-03-15 12:59:14.000,0.104036,0.117979,0.158951,0,22
2022-03-15 12:59:14.500,0.104078,0.118352,0.159061,0,22
2022-03-15 12:59:15.000,0.102635,0.117727,0.159392,0,22
2022-03-15 12:59:15.500,0.103721,0.118425,0.159925,0,22
2022-03-15 12:59:16.000,0.103338,0.117454,0.15874,0,22
2022-03-15 12:59:16.500,0.10212,0.115994,0.157435,0,22
2022-03-15 12:59:17.000,0.103217,0.116535,0.158492,0,22
2022-03-15 12:59:17.500,0.104808,0.11822,0.159199,0,22
2022-03-15 12:59:18.000,0.102881,0.116614,0.158152,0,22
2022-03-15 12:59:18.500,0.10348,0.117186,0.158731,0,22
2022-03-15 12:59:19.000,0.102535,0.11695,0.158299,0,22
2022-03-15 12:59:19.500,0.10328,0.117669,0.158032,0,22
2022-03-15 12:59:20.000,0.103186,0.117317,0.158731,0,22
2022-03-15 12:59:20.500,0.103039,0.117338,0.158574,0,22
2022-03-15 12:59:21.000,0.103396,0.11738,0.158997,0,22
2022-03-15 12:59:21.500,0.102766,0.117233,0.15896,0,22
2022-03-15 12:59:22.000,0.103175,0.11706,0.158262,0,22
2022-03-15 12:59:22.500,0.103679,0.1178,0.158997,0,22
2022-03-15 12:59:23.000,0.104052,0.117454,0.159374,0,22
2022-03-15 12:59:23.500,0.102467,0.116377,0.157858,0,22
2022-03-15 12:59:24.000,0.102682,0.117443,0.158464,0,22
2022-03-15 12:59:24.500,0.103112,0.116992,0.157959,0,22
2022-03-15 12:59:25.000,0.103784,0.117086,0.159622,0,22
2022-03-15 12:59:25.500,0.103286,0.117091,0.158391,0,22
2022-03-15 12:59:26.000,0.103485,0.117926,0.159502,0,22
2022-03-15 12:59:26.500,0.103244,0.116897,0.158574,0,22
2022-03-15 12:59:27.000,0.103658,0.117532,0.158924,0,22
2022-03-15 12:59:27.500,0.103758,0.117863,0.158556,0,22
2022-03-15 12:59:28.000,0.103417,0.118036,0.159557,0,22
2022-03-15 12:59:28.500,0.103548,0.118021,0.159925,0,22
2022-03-15 12:59:29.000,0.10232,0.116614,0.158841,0,22
2022-03-15 12:59:29.500,0.103044,0.116881,0.158446,0,22
2022-03-15 12:59:30.000,0.103055,0.117653,0.158731,0,22
2022-03-15 12:59:30.500,0.104383,0.118094,0.159585,0,22
2022-03-15 12:59:31.000,0.103128,0.117417,0.159521,0,22
2022-03-15 12:59:31.500,0.103538,0.118121,0.159613,0,22
2022-03-15 12:59:32.000,0.10421,0.119092,0.160476,0,22
2022-03-15 12:59:32.500,0.103847,0.117611,0.159521,0,22
2022-03-15 12:59:33.000,0.103139,0.117007,0.157582,0,22
2022-03-15 12:59:33.500,0.103286,0.116997,0.158528,0,22
2022-03-15 12:59:34.000,0.10379,0.117375,0.159512,0,22
2022-03-15 12:59:34.500,0.102545,0.117034,0.158207,0,22
2022-03-15 12:59:35.000,0.103317,0.117632,0.159622,0,22
2022-03-15 12:59:35.500,0.103674,0.117564,0.158565,0,22
2022-03-15 12:59:36.000,0.103742,0.117186,0.159172,0,22
2022-03-15 12:59:36.500,0.103244,0.117396,0.160017,0,22
2022-03-15 12:59:37.000,0.103128,0.117254,0.159061,0,22
2022-03-15 12:59:37.500,0.103328,0.117737,0.158859,0,22
2022-03-15 12:59:38.000,0.102934,0.11727,0.159162,0,22
2022-03-15 12:59:38.500,0.102745,0.117249,0.159365,0,22
2022-03-15 12:59:39.000,0.103144,0.117433,0.15908,0,22
2022-03-15 12:59:39.500,0.103112,0.117338,0.158593,0,22
2022-03-15 12:59:40.000,0.103385,0.117774,0.159135,0,22
2022-03-15 12:59:40.500,0.102981,0.117585,0.158878,0,22
2022-03-15 12:59:41.000,0.103438,0.116955,0.15863,0,22
2022-03-15 12:59:41.500,0.103874,0.116818,0.158547,0,22
2022-03-15 12:59:42.000,0.103527,0.118115,0.159567,0,22
2022-03-15 12:59:42.500,0.102493,0.116419,0.159208,0,22
2022-03-15 12:59:43.000,0.102897,0.117207,0.15941,0,22
2022-03-15 12:59:43.500,0.10337,0.117532,0.158786,0,22
2022-03-15 12:59:44.000,0.104283,0.118099,0.16009,0,22
2022-03-15 12:59:44.500,0.102986,0.117265,0.159475,0,22
2022-03-15 12:59:45.000,0.102976,0.116997,0.159263,0,22
2022-03-15 12:59:45.500,0.102839,0.117202,0.159686,0,22
2022-03-15 12:59:46.000,0.103763,0.118,0.159309,0,22
2022-03-15 12:59:46.500,0.103217,0.117034,0.159107,0,22
2022-03-15 12:59:47.000,0.102094,0.116792,0.158712,0,22
2022-03-15 12:59:47.500,0.102813,0.116362,0.158124,0,22
2022-03-15 12:59:48.000,0.103816,0.117706,0.159355,0,22
2022-03-15 12:59:48.500,0.102362,0.11612,0.158767,0,22
2022-03-15 12:59:49.000,0.10379,0.117784,0.159456,0,22
2022-03-15 12:59:49.500,0.103175,0.118021,0.159309,0,22
2022-03-15 12:59:50.000,0.102776,0.117165,0.158685,0,22
2022-03-15 12:59:50.500,0.1038,0.117317,0.158574,0,22
2022-03-15 12:59:51.000,0.102871,0.117286,0.159043,0,22
2022-03-15 12:59:51.500,0.103107,0.116839,0.158942,0,22
2022-03-15 12:59:52.000,0.103301,0.117249,0.158969,0,22
2022-03-15 12:59:52.500,0.103821,0.118147,0.159631,0,22
2022-03-15 12:59:53.000,0.103328,0.117695,0.159649,0,22
2022-03-15 12:59:53.500,0.103175,0.117118,0.159218,0,22
2022-03-15 12:59:54.000,0.103401,0.117196,0.159907,0,22
2022-03-15 12:59:54.500,0.10265,0.116519,0.158492,0,22
2022-03-15 12:59:55.000,0.104,0.117448,0.160485,0,22
2022-03-15 12:59:55.500,0.102855,0.117506,0.159475,0,22
2022-03-15 12:59:56.000,0.103286,0.116929,0.158363,0,22
2022-03-15 12:59:56.500,0.103107,0.117459,0.158813,0,22
2022-03-15 12:59:57.000,0.103254,0.117485,0.160145,0,22
2022-03-15 12:59:57.500,0.103238,0.117018,0.159447,0,22
2022-03-15 12:59:58.000,0.104089,0.119165,0.160733,0,22
2022-03-15 12:59:58.500,0.102561,0.116876,0.159557,0,22
2022-03-15 12:59:59.000,0.103669,0.11749,0.159181,0,22
2022-03-15 12:59:59.500,0.104031,0.118352,0.15987,0,22
2022-03-15 13:00:00.000,0.102262,0.116472,0.158593,0,22
2022-03-15 13:00:00.500,0.103286,0.117343,0.159144,0,22
2022-03-15 13:00:01.000,0.103028,0.118,0.159723,0,22
2022-03-15 13:00:01.500,0.104,0.118509,0.159631,0,22
2022-03-15 13:00:02.000,0.102771,0.117312,0.159769,0,22
2022-03-15 13:00:02.500,0.103223,0.117868,0.160531,0,22
2022-03-15 13:00:03.000,0.103154,0.11717,0.158997,0,22
2022-03-15 13:00:03.500,0.102215,0.116598,0.158887,0,22
2022-03-15 13:00:04.000,0.10264,0.117522,0.159677,0,22
2022-03-15 13:00:04.500,0.103296,0.11717,0.159512,0,22
2022-03-15 13:00:05.000,0.103433,0.118094,0.159649,0,22
2022-03-15 13:00:05.500,0.102986,0.117522,0.159061,0,22
2022-03-15 13:00:06.000,0.101726,0.116346,0.158427,0,22
2022-03-15 13:00:06.500,0.102503,0.11728,0.159025,0,22
2022-03-15 13:00:07.000,0.103574,0.117244,0.159107,0,22
2022-03-15 13:00:07.500,0.102451,0.117097,0.158464,0,22
2022-03-15 13:00:08.000,0.103548,0.117784,0.159723,0,22
2022-03-15 13:00:08.500,0.102761,0.116902,0.159466,0,22
2022-03-15 13:00:09.000,0.103595,0.117653,0.159521,0,22
2022-03-15 13:00:09.500,0.102708,0.117359,0.1593,0,22
2022-03-15 13:00:10.000,0.103175,0.117826,0.160072,0,22
2022-03-15 13:00:10.500,0.102083,0.116703,0.159218,0,22
2022-03-15 13:00:11.000,0.103816,0.118535,0.159695,0,22
2022-03-15 13:00:11.500,0.103028,0.118078,0.159934,0,22
2022-03-15 13:00:12.000,0.103716,0.117989,0.160338,0,22
2022-03-15 13:00:12.500,0.102682,0.116708,0.158786,0,22
2022-03-15 13:00:13.000,0.10201,0.116981,0.159135,0,22
2022-03-15 13:00:13.500,0.103233,0.117622,0.159429,0,22
2022-03-15 13:00:14.000,0.103244,0.117826,0.15975,0,22
2022-03-15 13:00:14.500,0.10337,0.118278,0.160789,0,22
2022-03-15 13:00:15.000,0.103805,0.118614,0.160017,0,22
2022-03-15 13:00:15.500,0.103753,0.117916,0.159851,0,22
2022-03-15 13:00:16.000,0.103307,0.118157,0.159254,0,22
2022-03-15 13:00:16.500,0.102629,0.116944,0.159686,0,22
2022-03-15 13:00:17.000,0.103107,0.117758,0.159888,0,22
2022-03-15 13:00:17.500,0.102409,0.117343,0.158868,0,22
2022-03-15 13:00:18.000,0.103958,0.118677,0.16032,0,22
2022-03-15 13:00:18.500,0.102503,0.118042,0.159181,0,22
2022-03-15 13:00:19.000,0.101606,0.116719,0.158538,0,22
2022-03-15 13:00:19.500,0.10359,0.118908,0.160127,0,22
2022-03-15 13:00:20.000,0.102682,0.117679,0.159704,0,22
2022-03-15 13:00:20.500,0.102614,0.117732,0.159153,0,22
2022-03-15 13:00:21.000,0.102918,0.116703,0.159181,0,22
2022-03-15 13:00:21.500,0.103364,0.117354,0.159245,0,22
2022-03-15 13:00:22.000,0.103842,0.118504,0.160522,0,22
2022-03-15 13:00:22.500,0.104152,0.118593,0.160118,0,22
2022-03-15 13:00:23.000,0.102262,0.116293,0.159034,0,22
2022-03-15 13:00:23.500,0.102267,0.117081,0.158685,0,22
2022-03-15 13:00:24.000,0.103238,0.117501,0.158887,0,22
2022-03-15 13:00:24.500,0.102131,0.117112,0.159273,0,22
2022-03-15 13:00:25.000,0.103055,0.117427,0.158969,0,22
2022-03-15 13:00:25.500,0.103186,0.117889,0.160035,0,22
2022-03-15 13:00:26.000,0.102356,0.116162,0.158473,0,22
2022-03-15 13:00:26.500,0.103081,0.11748,0.158969,0,22
2022-03-15 13:00:27.000,0.103223,0.117805,0.160164,0,22
2022-03-15 13:00:27.500,0.102708,0.11696,0.158997,0,22
2022-03-15 13:00:28.000,0.104205,0.117842,0.159842,0,22
2022-03-15 13:00:28.500,0.102698,0.117527,0.158694,0,22
2022-03-15 13:00:29.000,0.102834,0.117233,0.159383,0,22
2022-03-15 13:00:29.500,0.102398,0.117254,0.16021,0,22
2022-03-15 13:00:30.000,0.102398,0.116771,0.158813,0,22
2022-03-15 13:00:30.500,0.102745,0.117517,0.159089,0,22
2022-03-15 13:00:31.000,0.10316,0.117763,0.159236,0,22
2022-03-15 13:00:31.500,0.103464,0.119081,0.161266,0,22
2022-03-15 13:00:32.000,0.103118,0.117858,0.15976,0,22
2022-03-15 13:00:32.500,0.102524,0.11665,0.158694,0,22
2022-03-15 13:00:33.000,0.102829,0.11716,0.159493,0,22
2022-03-15 13:00:33.500,0.102834,0.116824,0.158731,0,22
2022-03-15 13:00:34.000,0.103433,0.117926,0.159603,0,22
2022-03-15 13:00:34.500,0.102062,0.11674,0.158675,0,22
2022-03-15 13:00:35.000,0.104394,0.118409,0.160724,0,22
2022-03-15 13:00:35.500,0.103968,0.118168,0.160761,0,22
2022-03-15 13:00:36.000,0.102703,0.117543,0.160228,0,22
2022-03-15 13:00:36.500,0.102503,0.1177,0.15885,0,22
2022-03-15 13:00:37.000,0.103186,0.118283,0.15998,0,22
2022-03-15 13:00:37.500,0.10431,0.11948,0.161266,0,22
2022-03-15 13:00:38.000,0.102372,0.117501,0.159254,0,22
2022-03-15 13:00:38.500,0.102698,0.117055,0.159438,0,22
2022-03-15 13:00:39.000,0.102976,0.118152,0.159815,0,22
2022-03-15 13:00:39.500,0.10191,0.116619,0.158528,0,22
2022-03-15 13:00:40.000,0.102509,0.117102,0.159392,0,22
2022-03-15 13:00:40.500,0.10328,0.118598,0.159842,0,22
2022-03-15 13:00:41.000,0.102913,0.118089,0.159695,0,22
2022-03-15 13:00:41.500,0.102656,0.117574,0.158951,0,22
2022-03-15 13:00:42.000,0.102262,0.117217,0.15851,0,22
2022-03-15 13:00:42.500,0.103049,0.117742,0.159282,0,22
2022-03-15 13:00:43.000,0.102629,0.117049,0.158648,0,22
2022-03-15 13:00:43.500,0.103023,0.11779,0.158666,0,22
2022-03-15 13:00:44.000,0.103301,0.11727,0.160311,0,22
2022-03-15 13:00:44.500,0.101653,0.116052,0.157959,0,22
2022-03-15 13:00:45.000,0.101842,0.115889,0.15806,0,22
2022-03-15 13:00:45.500,0.103149,0.118273,0.159851,0,22
2022-03-15 13:00:46.000,0.103034,0.1177,0.159493,0,22
2022-03-15 13:00:46.500,0.101858,0.116519,0.158501,0,22
2022-03-15 13:00:47.000,0.102451,0.116782,0.158951,0,22
2022-03-15 13:00:47.500,0.102698,0.116692,0.159025,0,22
2022-03-15 13:00:48.000,0.104152,0.118719,0.160531,0,22
2022-03-15 13:00:48.500,0.103475,0.118751,0.161275,0,22
2022-03-15 13:00:49.000,0.103485,0.118142,0.160302,0,22
2022-03-15 13:00:49.500,0.103816,0.119029,0.160752,0,22
2022-03-15 13:00:50.000,0.103559,0.118845,0.160651,0,22
2022-03-15 13:00:50.500,0.103186,0.118147,0.159548,0,22
2022-03-15 13:00:51.000,0.103212,0.117637,0.159659,0,22
2022-03-15 13:00:51.500,0.10275,0.117685,0.15942,0,22
2022-03-15 13:00:52.000,0.102792,0.11696,0.158574,0,22
2022-03-15 13:00:52.500,0.10306,0.117091,0.158822,0,22
2022-03-15 13:00:53.000,0.102866,0.117112,0.158832,0,22
2022-03-15 13:00:53.500,0.102262,0.116414,0.158427,0,22
2022-03-15 13:00:54.000,0.103475,0.117732,0.159466,0,22
2022-03-15 13:00:54.500,0.103107,0.118189,0.160246,0,22
2022-03-15 13:00:55.000,0.102955,0.118,0.159512,0,22
2022-03-15 13:00:55.500,0.102404,0.116955,0.15885,0,22
2022-03-15 13:00:56.000,0.102708,0.116488,0.158574,0,22
2022-03-15 13:00:56.500,0.103296,0.117097,0.159153,0,22
2022-03-15 13:00:57.000,0.103569,0.118042,0.160155,0,22
2022-03-15 13:00:57.500,0.103511,0.117774,0.15975,0,22
2022-03-15 13:00:58.000,0.103133,0.117081,0.159089,0,22
2022-03-15 13:00:58.500,0.10286,0.11696,0.158721,0,22
2022-03-15 13:00:59.000,0.102708,0.117685,0.159089,0,22
2022-03-15 13:00:59.500,0.103013,0.118388,0.160118,0,22
2022-03-15 13:01:00.000,0.102866,0.117291,0.159622,0,22
2022-03-15 13:01:00.500,0.102115,0.116199,0.15885,0,22
2022-03-15 13:01:01.000,0.102934,0.117065,0.159603,0,22
2022-03-15 13:01:01.500,0.102734,0.117737,0.159659,0,22
2022-03-15 13:01:02.000,0.102965,0.116934,0.159778,0,22
2022-03-15 13:01:02.500,0.103695,0.118336,0.16055,0,22
2022-03-15 13:01:03.000,0.103559,0.118273,0.159989,0,22
2022-03-15 13:01:03.500,0.103406,0.118042,0.160559,0,22
2022-03-15 13:01:04.000,0.102866,0.118094,0.160054,0,22
2022-03-15 13:01:04.500,0.103506,0.117301,0.159236,0,22
2022-03-15 13:01:05.000,0.103191,0.117291,0.159778,0,22
2022-03-15 13:01:05.500,0.103979,0.11822,0.160715,0,22
2022-03-15 13:01:06.000,0.103028,0.11737,0.160155,0,22
2022-03-15 13:01:06.500,0.102997,0.118793,0.159741,0,22
2022-03-15 13:01:07.000,0.1039,0.117616,0.159512,0,22
2022-03-15 13:01:07.500,0.103832,0.117963,0.16066,0,22
2022-03-15 13:01:08.000,0.103034,0.117606,0.159833,0,22
2022-03-15 13:01:08.500,0.102703,0.117349,0.159245,0,22
2022-03-15 13:01:09.000,0.102377,0.11665,0.158749,0,22
2022-03-15 13:01:09.500,0.103994,0.118157,0.159714,0,22
2022-03-15 13:01:10.000,0.104015,0.118656,0.160173,0,22
2022-03-15 13:01:10.500,0.102808,0.117249,0.160292,0,22
2022-03-15 13:01:11.000,0.102813,0.116876,0.159227,0,22
2022-03-15 13:01:11.500,0.102944,0.117259,0.15987,0,22
2022-03-15 13:01:12.000,0.102881,0.11738,0.159769,0,22
2022-03-15 13:01:12.500,0.103018,0.116787,0.159254,0,22
2022-03-15 13:01:13.000,0.10337,0.117338,0.159172,0,22
2022-03-15 13:01:13.500,0.103574,0.11853,0.15987,0,22
2022-03-15 13:01:14.000,0.102971,0.117616,0.159897,0,22
2022-03-15 13:01:14.500,0.103154,0.117317,0.159172,0,22
2022-03-15 13:01:15.000,0.104131,0.118441,0.160412,0,22
2022-03-15 13:01:15.500,0.104247,0.117643,0.159805,0,22
2022-03-15 13:01:16.000,0.10295,0.116635,0.159484,0,22
2022-03-15 13:01:16.500,0.102598,0.116603,0.159622,0,22
2022-03-15 13:01:17.000,0.103049,0.117412,0.160311,0,22
2022-03-15 13:01:17.500,0.102855,0.117721,0.159824,0,22
2022-03-15 13:01:18.000,0.103139,0.117553,0.159089,0,22
2022-03-15 13:01:18.500,0.103716,0.117973,0.160467,0,22
2022-03-15 13:01:19.000,0.103727,0.118115,0.160513,0,22
2022-03-15 13:01:19.500,0.103679,0.117475,0.159484,0,22
2022-03-15 13:01:20.000,0.10295,0.117475,0.160338,0,22
2022-03-15 13:01:20.500,0.104283,0.118105,0.160697,0,22
2022-03-15 13:01:21.000,0.103937,0.118341,0.159842,0,22
2022-03-15 13:01:21.500,0.103238,0.116997,0.159622,0,22
2022-03-15 13:01:22.000,0.102556,0.116734,0.15941,0,22
2022-03-15 13:01:22.500,0.102971,0.117049,0.159723,0,22
2022-03-15 13:01:23.000,0.103779,0.117905,0.160145,0,22
2022-03-15 13:01:23.500,0.102257,0.116908,0.159282,0,22
2022-03-15 13:01:24.000,0.10348,0.117952,0.160155,0,22
2022-03-15 13:01:24.500,0.103774,0.118378,0.160375,0,22
2022-03-15 13:01:25.000,0.103632,0.118194,0.159861,0,22
2022-03-15 13:01:25.500,0.103065,0.117685,0.160173,0,22
2022-03-15 13:01:26.000,0.103863,0.118467,0.16032,0,22
2022-03-15 13:01:26.500,0.103443,0.118231,0.160118,0,22
2022-03-15 13:01:27.000,0.102713,0.117076,0.160283,0,22
2022-03-15 13:01:27.500,0.103076,0.117711,0.159686,0,22
2022-03-15 13:01:28.000,0.103973,0.117926,0.160035,0,22
2022-03-15 13:01:28.500,0.103611,0.119008,0.160329,0,22
2022-03-15 13:01:29.000,0.103427,0.118126,0.16021,0,22
2022-03-15 13:01:29.500,0.103081,0.117774,0.160228,0,22
2022-03-15 13:01:30.000,0.102477,0.116839,0.159273,0,22
2022-03-15 13:01:30.500,0.103233,0.117275,0.159723,0,22
2022-03-15 13:01:31.000,0.103023,0.117837,0.159502,0,22
2022-03-15 13:01:31.500,0.10275,0.117916,0.160687,0,22
2022-03-15 13:01:32.000,0.102887,0.117685,0.159218,0,22
2022-03-15 13:01:32.500,0.102887,0.117123,0.159732,0,22
2022-03-15 13:01:33.000,0.103496,0.118331,0.159668,0,22
2022-03-15 13:01:33.500,0.102724,0.117296,0.159668,0,22
2022-03-15 13:01:34.000,0.103244,0.117658,0.159998,0,22
2022-03-15 13:01:34.500,0.103123,0.116913,0.159328,0,22
2022-03-15 13:01:35.000,0.103328,0.117065,0.159282,0,22
2022-03-15 13:01:35.500,0.103196,0.118063,0.160908,0,22
2022-03-15 13:01:36.000,0.101963,0.116178,0.158446,0,22
2022-03-15 13:01:36.500,0.102188,0.116645,0.159071,0,22
2022-03-15 13:01:37.000,0.103853,0.118184,0.160329,0,22
2022-03-15 13:01:37.500,0.103412,0.117826,0.159989,0,22
2022-03-15 13:01:38.000,0.103732,0.118493,0.160706,0,22
2022-03-15 13:01:38.500,0.10307,0.1179,0.160476,0,22
2022-03-15 13:01:39.000,0.103438,0.118089,0.160127,0,22
2022-03-15 13:01:39.500,0.103868,0.117438,0.1593,0,22
2022-03-15 13:01:40.000,0.10316,0.117853,0.159916,0,22
2022-03-15 13:01:40.500,0.10316,0.117763,0.159631,0,22
2022-03-15 13:01:41.000,0.102881,0.117055,0.159153,0,22
2022-03-15 13:01:41.500,0.102929,0.117727,0.159309,0,22
2022-03-15 13:01:42.000,0.103454,0.117296,0.160393,0,22
2022-03-15 13:01:42.500,0.103385,0.117438,0.159952,0,22
2022-03-15 13:01:43.000,0.102755,0.116257,0.158859,0,22
2022-03-15 13:01:43.500,0.103632,0.11727,0.159861,0,22
2022-03-15 13:01:44.000,0.103359,0.11707,0.159714,0,22
2022-03-15 13:01:44.500,0.103076,0.117023,0.159695,0,22
2022-03-15 13:01:45.000,0.103679,0.118057,0.160008,0,22
2022-03-15 13:01:45.500,0.103847,0.117758,0.159456,0,22
2022-03-15 13:01:46.000,0.102398,0.116125,0.159098,0,22
2022-03-15 13:01:46.500,0.101432,0.115931,0.158418,0,22
2022-03-15 13:01:47.000,0.103853,0.117763,0.159585,0,22
2022-03-15 13:01:47.500,0.103527,0.117443,0.159466,0,22
2022-03-15 13:01:48.000,0.103044,0.117144,0.159907,0,22
2022-03-15 13:01:48.500,0.103196,0.117018,0.159291,0,22
2022-03-15 13:01:49.000,0.103816,0.117097,0.159429,0,22
2022-03-15 13:01:49.500,0.104262,0.118735,0.161101,0,22
2022-03-15 13:01:50.000,0.104929,0.118541,0.160926,0,22
2022-03-15 13:01:50.500,0.103947,0.118436,0.160366,0,22
2022-03-15 13:01:51.000,0.103364,0.117517,0.160201,0,22
2022-03-15 13:01:51.500,0.103606,0.117391,0.160274,0,22
2022-03-15 13:01:52.000,0.103112,0.11665,0.159649,0,22
2022-03-15 13:01:52.500,0.104199,0.117721,0.160384,0,22
2022-03-15 13:01:53.000,0.104457,0.118378,0.160375,0,22
2022-03-15 13:01:53.500,0.103375,0.11769,0.160145,0,22
2022-03-15 13:01:54.000,0.103648,0.117049,0.159594,0,22
2022-03-15 13:01:54.500,0.103585,0.117244,0.159254,0,22
2022-03-15 13:01:55.000,0.103275,0.117396,0.159153,0,22
2022-03-15 13:01:55.500,0.104541,0.11926,0.161321,0,22
2022-03-15 13:01:56.000,0.103501,0.117317,0.15998,0,22
2022-03-15 13:01:56.500,0.103805,0.118126,0.160127,0,22
2022-03-15 13:01:57.000,0.103049,0.116992,0.159015,0,22
2022-03-15 13:01:57.500,0.103223,0.116572,0.159328,0,22
2022-03-15 13:01:58.000,0.103601,0.117648,0.159861,0,22
2022-03-15 13:01:58.500,0.104472,0.118625,0.16122,0,22
2022-03-15 13:01:59.000,0.102472,0.116209,0.159071,0,22
2022-03-15 13:01:59.500,0.103249,0.116897,0.159346,0,22
2022-03-15 13:02:00.000,0.103039,0.117454,0.159989,0,22
2022-03-15 13:02:00.500,0.103847,0.117133,0.159851,0,22
2022-03-15 13:02:01.000,0.103202,0.116766,0.159613,0,22
2022-03-15 13:02:01.500,0.103181,0.117013,0.160118,0,22
2022-03-15 13:02:02.000,0.104068,0.117695,0.160853,0,22
2022-03-15 13:02:02.500,0.10338,0.116677,0.159631,0,22
2022-03-15 13:02:03.000,0.104021,0.117427,0.160246,0,22
2022-03-15 13:02:03.500,0.104262,0.117742,0.160963,0,22
2022-03-15 13:02:04.000,0.103732,0.117385,0.15964,0,22
2022-03-15 13:02:04.500,0.103049,0.116913,0.159723,0,22
2022-03-15 13:02:05.000,0.103564,0.117107,0.15942,0,22
2022-03-15 13:02:05.500,0.10338,0.117643,0.159401,0,22
2022-03-15 13:02:06.000,0.10401,0.117664,0.160733,0,22
2022-03-15 13:02:06.500,0.102845,0.116551,0.159245,0,22
2022-03-15 13:02:07.000,0.104446,0.117559,0.160109,0,22
2022-03-15 13:02:07.500,0.103732,0.118089,0.160155,0,22
2022-03-15 13:02:08.000,0.103139,0.11664,0.15975,0,22
2022-03-15 13:02:08.500,0.103821,0.116703,0.159732,0,22
2022-03-15 13:02:09.000,0.102766,0.116257,0.158317,0,22
2022-03-15 13:02:09.500,0.104656,0.118646,0.160798,0,22
2022-03-15 13:02:10.000,0.103133,0.117522,0.159714,0,22
2022-03-15 13:02:10.500,0.104667,0.118367,0.159851,0,22
2022-03-15 13:02:11.000,0.102976,0.116829,0.158822,0,22
2022-03-15 13:02:11.500,0.103233,0.116913,0.159098,0,22
2022-03-15 13:02:12.000,0.103464,0.117191,0.159392,0,22
2022-03-15 13:02:12.500,0.103212,0.117417,0.160219,0,22
2022-03-15 13:02:13.000,0.103784,0.117685,0.160302,0,22
2022-03-15 13:02:13.500,0.103238,0.117632,0.159971,0,22
2022-03-15 13:02:14.000,0.104325,0.11811,0.16021,0,22
2022-03-15 13:02:14.500,0.10306,0.117202,0.159925,0,22
2022-03-15 13:02:15.000,0.103658,0.117312,0.159594,0,22
2022-03-15 13:02:15.500,0.103595,0.117412,0.159034,0,22
2022-03-15 13:02:16.000,0.103412,0.117375,0.158731,0,22
2022-03-15 13:02:16.500,0.103559,0.117485,0.15919,0,22
2022-03-15 13:02:17.000,0.103459,0.116965,0.16021,0,22
2022-03-15 13:02:17.500,0.103569,0.117091,0.15896,0,22
2022-03-15 13:02:18.000,0.103044,0.117328,0.158924,0,22
2022-03-15 13:02:18.500,0.103669,0.117727,0.159456,0,22
2022-03-15 13:02:19.000,0.103574,0.117301,0.159723,0,22
2022-03-15 13:02:19.500,0.103532,0.117081,0.160063,0,22
2022-03-15 13:02:20.000,0.103464,0.11665,0.159273,0,22
2022-03-15 13:02:20.500,0.103737,0.117727,0.159971,0,22
2022-03-15 13:02:21.000,0.103732,0.116509,0.158924,0,22
2022-03-15 13:02:21.500,0.103627,0.11696,0.159934,0,22
2022-03-15 13:02:22.000,0.103359,0.116713,0.158933,0,22
2022-03-15 13:02:22.500,0.103065,0.117123,0.159089,0,22
2022-03-15 13:02:23.000,0.104136,0.11737,0.159548,0,22
2022-03-15 13:02:23.500,0.103916,0.117401,0.159631,0,22
2022-03-15 13:02:24.000,0.103506,0.116913,0.159052,0,22
2022-03-15 13:02:24.500,0.104294,0.117427,0.159512,0,22
2022-03-15 13:02:25.000,0.104362,0.118483,0.15975,0,22
2022-03-15 13:02:25.500,0.104247,0.117118,0.159548,0,22
2022-03-15 13:02:26.000,0.104026,0.117427,0.15941,0,22
2022-03-15 13:02:26.500,0.102797,0.117002,0.158786,0,22
2022-03-15 13:02:27.000,0.103097,0.116813,0.158804,0,22
2022-03-15 13:02:27.500,0.10379,0.11686,0.159162,0,22
2022-03-15 13:02:28.000,0.103265,0.117805,0.159704,0,22
2022-03-15 13:02:28.500,0.104378,0.117858,0.160182,0,22
2022-03-15 13:02:29.000,0.103658,0.11674,0.158767,0,22
2022-03-15 13:02:29.500,0.103989,0.117065,0.159897,0,22
2022-03-15 13:02:30.000,0.103459,0.116587,0.159888,0,22
2022-03-15 13:02:30.500,0.103144,0.11727,0.159098,0,22
2022-03-15 13:02:31.000,0.103732,0.117653,0.160063,0,22
2022-03-15 13:02:31.500,0.103391,0.116724,0.158933,0,22
2022-03-15 13:02:32.000,0.104882,0.118273,0.160871,0,22
2022-03-15 13:02:32.500,0.103448,0.117522,0.159787,0,22
2022-03-15 13:02:33.000,0.103401,0.116939,0.158832,0,22
2022-03-15 13:02:33.500,0.104131,0.117595,0.160054,0,22
2022-03-15 13:02:34.000,0.103826,0.117874,0.159998,0,22
2022-03-15 13:02:34.500,0.10274,0.116251,0.158887,0,22
2022-03-15 13:02:35.000,0.104997,0.118682,0.160761,0,22
2022-03-15 13:02:35.500,0.103343,0.11749,0.159769,0,22
2022-03-15 13:02:36.000,0.102619,0.116582,0.159015,0,22
2022-03-15 13:02:36.500,0.104136,0.117091,0.159833,0,22
2022-03-15 13:02:37.000,0.104278,0.117737,0.159952,0,22
2022-03-15 13:02:37.500,0.104021,0.117254,0.159153,0,22
2022-03-15 13:02:38.000,0.104184,0.118121,0.16009,0,22
2022-03-15 13:02:38.500,0.103779,0.117238,0.160173,0,22
2022-03-15 13:02:39.000,0.103018,0.116451,0.159383,0,22
2022-03-15 13:02:39.500,0.103385,0.117622,0.159824,0,22
2022-03-15 13:02:40.000,0.103501,0.117212,0.159585,0,22
2022-03-15 13:02:40.500,0.102309,0.116377,0.158317,0,22
2022-03-15 13:02:41.000,0.10494,0.119155,0.161018,0,22
2022-03-15 13:02:41.500,0.103002,0.116535,0.159659,0,22
2022-03-15 13:02:42.000,0.103874,0.117553,0.158951,0,22
2022-03-15 13:02:42.500,0.104457,0.117821,0.159842,0,22
2022-03-15 13:02:43.000,0.104241,0.117181,0.159778,0,22
2022-03-15 13:02:43.500,0.104357,0.117811,0.160393,0,22
2022-03-15 13:02:44.000,0.103947,0.117884,0.160651,0,22
2022-03-15 13:02:44.500,0.105045,0.119312,0.161432,0,22
2022-03-15 13:02:45.000,0.10391,0.117658,0.159778,0,22
2022-03-15 13:02:45.500,0.104194,0.117317,0.159879,0,22
2022-03-15 13:02:46.000,0.10337,0.116871,0.159502,0,22
2022-03-15 13:02:46.500,0.103811,0.117223,0.160292,0,22
2022-03-15 13:02:47.000,0.103921,0.117931,0.159998,0,22
2022-03-15 13:02:47.500,0.10349,0.117433,0.159273,0,22
2022-03-15 13:02:48.000,0.103895,0.118047,0.159971,0,22
2022-03-15 13:02:48.500,0.103564,0.11633,0.158703,0,22
2022-03-15 13:02:49.000,0.104226,0.117013,0.159576,0,22
2022-03-15 13:02:49.500,0.10265,0.116409,0.159475,0,22
2022-03-15 13:02:50.000,0.103564,0.116876,0.159071,0,22
2022-03-15 13:02:50.500,0.104073,0.117805,0.160035,0,22
2022-03-15 13:02:51.000,0.103317,0.116787,0.15885,0,22
2022-03-15 13:02:51.500,0.103732,0.117611,0.159907,0,22
2022-03-15 13:02:52.000,0.103322,0.116635,0.158299,0,22
2022-03-15 13:02:52.500,0.104661,0.118976,0.16111,0,22
2022-03-15 13:02:53.000,0.104751,0.118304,0.16009,0,22
2022-03-15 13:02:53.500,0.103506,0.117291,0.160054,0,22
2022-03-15 13:02:54.000,0.103769,0.117469,0.160246,0,22
2022-03-15 13:02:54.500,0.105102,0.118787,0.161009,0,22
2022-03-15 13:02:55.000,0.103259,0.117601,0.159429,0,22
2022-03-15 13:02:55.500,0.104493,0.118415,0.160623,0,22
2022-03-15 13:02:56.000,0.104178,0.117459,0.160439,0,22
2022-03-15 13:02:56.500,0.104057,0.11811,0.160384,0,22
2022-03-15 13:02:57.000,0.104005,0.118205,0.159732,0,22
2022-03-15 13:02:57.500,0.103422,0.117853,0.159732,0,22
2022-03-15 13:02:58.000,0.10264,0.116503,0.159263,0,22
2022-03-15 13:02:58.500,0.103548,0.116981,0.159365,0,22
2022-03-15 13:02:59.000,0.103711,0.118057,0.160228,0,22
2022-03-15 13:02:59.500,0.103994,0.118073,0.160348,0,22
2022-03-15 13:03:00.000,0.103564,0.116808,0.159512,0,22
2022-03-15 13:03:00.500,0.103459,0.116908,0.159199,0,22
2022-03-15 13:03:01.000,0.104415,0.118215,0.160834,0,22
2022-03-15 13:03:01.500,0.104315,0.117564,0.159989,0,22
2022-03-15 13:03:02.000,0.102986,0.116267,0.158767,0,22
2022-03-15 13:03:02.500,0.103947,0.117511,0.159548,0,22
2022-03-15 13:03:03.000,0.10443,0.118063,0.159833,0,22
2022-03-15 13:03:03.500,0.103874,0.117076,0.158951,0,22
2022-03-15 13:03:04.000,0.102734,0.116314,0.159218,0,22
2022-03-15 13:03:04.500,0.103448,0.116451,0.159355,0,22
2022-03-15 13:03:05.000,0.103863,0.11769,0.160586,0,22
2022-03-15 13:03:05.500,0.103595,0.117202,0.159677,0,22
2022-03-15 13:03:06.000,0.103821,0.11727,0.159704,0,22
2022-03-15 13:03:06.500,0.104015,0.118651,0.160789,0,22
2022-03-15 13:03:07.000,0.103364,0.116446,0.158731,0,22
2022-03-15 13:03:07.500,0.103732,0.117065,0.159502,0,22
2022-03-15 13:03:08.000,0.103763,0.117538,0.159631,0,22
2022-03-15 13:03:08.500,0.103233,0.117385,0.159429,0,22
2022-03-15 13:03:09.000,0.104257,0.117233,0.159769,0,22
2022-03-15 13:03:09.500,0.103002,0.116692,0.159392,0,22
2022-03-15 13:03:10.000,0.103427,0.117522,0.160283,0,22
2022-03-15 13:03:10.500,0.103748,0.118294,0.160531,0,22
2022-03-15 13:03:11.000,0.104598,0.117574,0.159392,0,22
2022-03-15 13:03:11.500,0.10431,0.11748,0.159971,0,22
2022-03-15 13:03:12.000,0.103963,0.118136,0.16055,0,22
2022-03-15 13:03:12.500,0.103328,0.117727,0.160586,0,22
2022-03-15 13:03:13.000,0.10338,0.117727,0.159842,0,22
2022-03-15 13:03:13.500,0.103364,0.117606,0.160063,0,22
2022-03-15 13:03:14.000,0.103548,0.116566,0.159741,0,22
2022-03-15 13:03:14.500,0.104063,0.117816,0.160513,0,22
2022-03-15 13:03:15.000,0.103711,0.117695,0.159576,0,22
2022-03-15 13:03:15.500,0.103984,0.117406,0.159704,0,22
2022-03-15 13:03:16.000,0.104036,0.117338,0.16054,0,22
2022-03-15 13:03:16.500,0.10369,0.1177,0.160834,0,22
2022-03-15 13:03:17.000,0.103086,0.11675,0.159383,0,22
2022-03-15 13:03:17.500,0.103412,0.116855,0.159769,0,22
2022-03-15 13:03:18.000,0.10452,0.117979,0.160816,0,22
2022-03-15 13:03:18.500,0.103632,0.117454,0.160017,0,22
2022-03-15 13:03:19.000,0.10421,0.117926,0.16066,0,22
2022-03-15 13:03:19.500,0.102976,0.116488,0.158804,0,22
2022-03-15 13:03:20.000,0.104047,0.117847,0.160586,0,22
2022-03-15 13:03:20.500,0.104036,0.117895,0.160697,0,22
2022-03-15 13:03:21.000,0.103753,0.117559,0.160274,0,22
2022-03-15 13:03:21.500,0.103958,0.117149,0.160366,0,22
2022-03-15 13:03:22.000,0.104236,0.11791,0.160127,0,22
2022-03-15 13:03:22.500,0.102692,0.116503,0.158731,0,22
2022-03-15 13:03:23.000,0.103926,0.117538,0.159824,0,22
2022-03-15 13:03:23.500,0.104294,0.117874,0.161101,0,22
2022-03-15 13:03:24.000,0.103858,0.117679,0.160715,0,22
2022-03-15 13:03:24.500,0.103564,0.117002,0.159622,0,22
2022-03-15 13:03:25.000,0.103485,0.11674,0.158988,0,22
2022-03-15 13:03:25.500,0.104268,0.117438,0.159824,0,22
2022-03-15 13:03:26.000,0.102734,0.115942,0.158427,0,22
2022-03-15 13:03:26.500,0.103343,0.11674,0.159778,0,22
2022-03-15 13:03:27.000,0.103118,0.116215,0.159153,0,22
2022-03-15 13:03:27.500,0.10286,0.11644,0.158703,0,22
2022-03-15 13:03:28.000,0.102839,0.117044,0.159952,0,22
2022-03-15 13:03:28.500,0.103144,0.116713,0.159319,0,22
2022-03-15 13:03:29.000,0.103601,0.116677,0.159401,0,22
2022-03-15 13:03:29.500,0.103265,0.116587,0.159861,0,22
2022-03-15 13:03:30.000,0.102992,0.116425,0.15953,0,22
2022-03-15 13:03:30.500,0.103112,0.116561,0.15976,0,22
2022-03-15 13:03:31.000,0.10328,0.116341,0.15862,0,22
2022-03-15 13:03:31.500,0.102692,0.115942,0.159319,0,22
2022-03-15 13:03:32.000,0.103737,0.116713,0.15987,0,22
2022-03-15 13:03:32.500,0.104567,0.117811,0.159907,0,22
2022-03-15 13:03:33.000,0.104955,0.117863,0.160201,0,22
2022-03-15 13:03:33.500,0.103559,0.116997,0.16009,0,22
2022-03-15 13:03:34.000,0.103973,0.117648,0.161009,0,22
2022-03-15 13:03:34.500,0.10452,0.118388,0.160228,0,22
2022-03-15 13:03:35.000,0.105297,0.118761,0.160752,0,22
2022-03-15 13:03:35.500,0.104378,0.117532,0.16021,0,22
2022-03-15 13:03:36.000,0.103107,0.117112,0.160348,0,22
2022-03-15 13:03:36.500,0.104047,0.117847,0.159787,0,22
2022-03-15 13:03:37.000,0.103685,0.116682,0.159456,0,22
2022-03-15 13:03:37.500,0.103711,0.117254,0.159438,0,22
2022-03-15 13:03:38.000,0.104021,0.116824,0.160292,0,22
2022-03-15 13:03:38.500,0.103611,0.117821,0.160338,0,22
2022-03-15 13:03:39.000,0.103049,0.115999,0.159355,0,22
2022-03-15 13:03:39.500,0.102845,0.116341,0.159135,0,22
2022-03-15 13:03:40.000,0.102776,0.116561,0.159346,0,22
2022-03-15 13:03:40.500,0.104036,0.116997,0.159659,0,22
2022-03-15 13:03:41.000,0.104268,0.117622,0.159934,0,22
2022-03-15 13:03:41.500,0.104672,0.117958,0.160779,0,22
2022-03-15 13:03:42.000,0.102551,0.115574,0.158933,0,22
2022-03-15 13:03:42.500,0.103769,0.116682,0.159861,0,22
2022-03-15 13:03:43.000,0.10348,0.11622,0.15908,0,22
2022-03-15 13:03:43.500,0.103637,0.115716,0.159034,0,22
2022-03-15 13:03:44.000,0.103049,0.117086,0.159098,0,22
2022-03-15 13:03:44.500,0.102992,0.115658,0.158455,0,22
2022-03-15 13:03:45.000,0.103412,0.117664,0.160403,0,22
2022-03-15 13:03:45.500,0.104226,0.117328,0.160237,0,22
2022-03-15 13:03:46.000,0.103658,0.116776,0.159557,0,22
2022-03-15 13:03:46.500,0.102845,0.115805,0.158317,0,22
2022-03-15 13:03:47.000,0.104141,0.117296,0.160008,0,22
2022-03-15 13:03:47.500,0.103501,0.117364,0.159309,0,22
2022-03-15 13:03:48.000,0.103947,0.117632,0.160779,0,22
2022-03-15 13:03:48.500,0.103868,0.117732,0.159805,0,22
2022-03-15 13:03:49.000,0.103958,0.117186,0.1593,0,22
2022-03-15 13:03:49.500,0.103181,0.117343,0.159824,0,22
2022-03-15 13:03:50.000,0.103128,0.116593,0.159162,0,22
2022-03-15 13:03:50.500,0.102341,0.115369,0.158409,0,22
2022-03-15 13:03:51.000,0.103553,0.117249,0.159365,0,22
2022-03-15 13:03:51.500,0.102818,0.116503,0.159135,0,22
2022-03-15 13:03:52.000,0.102981,0.117118,0.159098,0,22
2022-03-15 13:03:52.500,0.102766,0.116309,0.158712,0,22
2022-03-15 13:03:53.000,0.103254,0.117118,0.159778,0,22
2022-03-15 13:03:53.500,0.103223,0.117102,0.159594,0,22
2022-03-15 13:03:54.000,0.103464,0.117443,0.159135,0,22
2022-03-15 13:03:54.500,0.104577,0.117937,0.160366,0,22
2022-03-15 13:03:55.000,0.103758,0.117496,0.159034,0,22
2022-03-15 13:03:55.500,0.102782,0.116351,0.159025,0,22
2022-03-15 13:03:56.000,0.104026,0.116656,0.160136,0,22
2022-03-15 13:03:56.500,0.103658,0.116493,0.1593,0,22
2022-03-15 13:03:57.000,0.103212,0.117097,0.158988,0,22
2022-03-15 13:03:57.500,0.103265,0.116598,0.158179,0,22
2022-03-15 13:03:58.000,0.103947,0.117921,0.159199,0,22
2022-03-15 13:03:58.500,0.103349,0.11653,0.158859,0,22
2022-03-15 13:03:59.000,0.103233,0.116666,0.159199,0,22
2022-03-15 13:03:59.500,0.103606,0.117091,0.159429,0,22
2022-03-15 13:04:00.000,0.10421,0.117506,0.159576,0,22
2022-03-15 13:04:00.500,0.103811,0.117322,0.159585,1,22
2022-03-15 13:04:01.000,0.103049,0.116293,0.159429,1,22
2022-03-15 13:04:01.500,0.104273,0.117417,0.160761,1,22
2022-03-15 13:04:02.000,0.103837,0.117354,0.159824,1,22
2022-03-15 13:04:02.500,0.10337,0.117291,0.160155,1,22
2022-03-15 13:04:03.000,0.103354,0.11653,0.159401,1,22
2022-03-15 13:04:03.500,0.102771,0.116887,0.159796,1,22
2022-03-15 13:04:04.000,0.103485,0.116934,0.160283,1,22
2022-03-15 13:04:04.500,0.103007,0.116209,0.159282,1,22
2022-03-15 13:04:05.000,0.1037,0.117406,0.160054,1,22
2022-03-15 13:04:05.500,0.103401,0.117485,0.160237,1,22
2022-03-15 13:04:06.000,0.102792,0.116561,0.159025,1,22
2022-03-15 13:04:06.500,0.10337,0.116808,0.159475,1,22
2022-03-15 13:04:07.000,0.102913,0.116325,0.159374,1,22
2022-03-15 13:04:07.500,0.103853,0.116656,0.158988,1,22
2022-03-15 13:04:08.000,0.103039,0.116293,0.159153,1,22
2022-03-15 13:04:08.500,0.103343,0.11653,0.159218,1,22
2022-03-15 13:04:09.000,0.103585,0.116482,0.159805,1,22
2022-03-15 13:04:09.500,0.103312,0.11716,0.160476,1,22
2022-03-15 13:04:10.000,0.102976,0.116745,0.159484,1,22
2022-03-15 13:04:10.500,0.103979,0.118031,0.160136,1,22
2022-03-15 13:04:11.000,0.104388,0.118331,0.161496,1,22
2022-03-15 13:04:11.500,0.103454,0.117139,0.15964,1,22
2022-03-15 13:04:12.000,0.102813,0.116488,0.159447,1,22
2022-03-15 13:04:12.500,0.103795,0.118226,0.160384,1,22
2022-03-15 13:04:13.000,0.103716,0.117401,0.159952,1,22
2022-03-15 13:04:13.500,0.1039,0.117217,0.160145,1,22
2022-03-15 13:04:14.000,0.104173,0.117259,0.160348,1,22
2022-03-15 13:04:14.500,0.102986,0.11633,0.1593,1,22
2022-03-15 13:04:15.000,0.103196,0.116299,0.158914,1,22
2022-03-15 13:04:15.500,0.103013,0.11664,0.159879,1,22
2022-03-15 13:04:16.000,0.103564,0.116456,0.159677,1,22
2022-03-15 13:04:16.500,0.103186,0.116115,0.159567,1,22
2022-03-15 13:04:17.000,0.104105,0.117375,0.160182,1,22
2022-03-15 13:04:17.500,0.10453,0.118152,0.160403,1,22
2022-03-15 13:04:18.000,0.103443,0.117128,0.159218,1,22
2022-03-15 13:04:18.500,0.103721,0.11685,0.159273,1,22
2022-03-15 13:04:19.000,0.102876,0.116267,0.158473,1,22
2022-03-15 13:04:19.500,0.102808,0.115826,0.158905,1,22
2022-03-15 13:04:20.000,0.102467,0.115485,0.158547,1,22
2022-03-15 13:04:20.500,0.103574,0.117149,0.160338,1,22
2022-03-15 13:04:21.000,0.104105,0.117716,0.160586,1,22
2022-03-15 13:04:21.500,0.103595,0.116472,0.15998,1,22
2022-03-15 13:04:22.000,0.103375,0.116603,0.159989,1,22
2022-03-15 13:04:22.500,0.103133,0.116425,0.159043,1,22
2022-03-15 13:04:23.000,0.103522,0.116687,0.159714,1,22
2022-03-15 13:04:23.500,0.104136,0.117984,0.161202,1,22
2022-03-15 13:04:24.000,0.104483,0.118425,0.161184,1,22
2022-03-15 13:04:24.500,0.103322,0.116892,0.159897,1,22
2022-03-15 13:04:25.000,0.103312,0.115921,0.158924,1,22
2022-03-15 13:04:25.500,0.103049,0.116598,0.159218,1,22
2022-03-15 13:04:26.000,0.103884,0.116839,0.159539,1,22
2022-03-15 13:04:26.500,0.103133,0.117144,0.159934,1,22
2022-03-15 13:04:27.000,0.103989,0.116698,0.159686,1,22
2022-03-15 13:04:27.500,0.10411,0.117469,0.160201,1,22
2022-03-15 13:04:28.000,0.102472,0.116398,0.159649,1,22
2022-03-15 13:04:28.500,0.102845,0.11611,0.159052,1,22
2022-03-15 13:04:29.000,0.103511,0.116619,0.159723,1,22
2022-03-15 13:04:29.500,0.102871,0.116325,0.159254,1,22
2022-03-15 13:04:30.000,0.103364,0.116141,0.160145,1,22
2022-03-15 13:04:30.500,0.10401,0.117632,0.161285,1,22
2022-03-15 13:04:31.000,0.104268,0.117207,0.160338,1,22
2022-03-15 13:04:31.500,0.103826,0.117112,0.160623,1,22
2022-03-15 13:04:32.000,0.104262,0.117926,0.160605,1,22
2022-03-15 13:04:32.500,0.103774,0.117275,0.159805,1,22
2022-03-15 13:04:33.000,0.103658,0.117349,0.160743,1,22
2022-03-15 13:04:33.500,0.103034,0.117076,0.159925,1,22
2022-03-15 13:04:34.000,0.103947,0.1178,0.160651,1,22
2022-03-15 13:04:34.500,0.102981,0.116325,0.158804,1,22
2022-03-15 13:04:35.000,0.102908,0.116267,0.159346,1,22
2022-03-15 13:04:35.500,0.103496,0.116535,0.1584,1,22
2022-03-15 13:04:36.000,0.102913,0.116377,0.158813,1,22
2022-03-15 13:04:36.500,0.103485,0.116015,0.158538,1,22
2022-03-15 13:04:37.000,0.103191,0.116304,0.159998,1,22
2022-03-15 13:04:37.500,0.103207,0.11602,0.158859,1,22
2022-03-15 13:04:38.000,0.103637,0.116456,0.15998,1,22
2022-03-15 13:04:38.500,0.104577,0.1178,0.15987,1,22
2022-03-15 13:04:39.000,0.103606,0.116188,0.15919,1,22
2022-03-15 13:04:39.500,0.103737,0.117076,0.160421,1,22
2022-03-15 13:04:40.000,0.103553,0.116582,0.161101,1,22
2022-03-15 13:04:40.500,0.102761,0.116209,0.159613,1,22
2022-03-15 13:04:41.000,0.103254,0.11706,0.160357,1,22
2022-03-15 13:04:41.500,0.10233,0.115543,0.159126,1,22
2022-03-15 13:04:42.000,0.103669,0.116661,0.15987,1,22
2022-03-15 13:04:42.500,0.103538,0.117553,0.160081,1,22
2022-03-15 13:04:43.000,0.102178,0.115648,0.15942,1,22
2022-03-15 13:04:43.500,0.103391,0.116645,0.159668,1,22
2022-03-15 13:04:44.000,0.103228,0.116204,0.15941,1,22
2022-03-15 13:04:44.500,0.103679,0.117217,0.160623,1,22
2022-03-15 13:04:45.000,0.103931,0.117406,0.160586,1,22
2022-03-15 13:04:45.500,0.103312,0.11633,0.159861,1,22
2022-03-15 13:04:46.000,0.104163,0.117291,0.160522,1,22
2022-03-15 13:04:46.500,0.10295,0.115894,0.158887,1,22
2022-03-15 13:04:47.000,0.103779,0.117212,0.160265,1,22
2022-03-15 13:04:47.500,0.102918,0.117196,0.159236,1,22
2022-03-15 13:04:48.000,0.103049,0.116787,0.158565,1,22
2022-03-15 13:04:48.500,0.102839,0.116377,0.15941,1,22
2022-03-15 13:04:49.000,0.102682,0.11517,0.158354,1,22
2022-03-15 13:04:49.500,0.104289,0.117438,0.160265,1,22
2022-03-15 13:04:50.000,0.103879,0.11759,0.16021,1,22
2022-03-15 13:04:50.500,0.103679,0.116803,0.160789,1,22
2022-03-15 13:04:51.000,0.103338,0.116561,0.159723,1,22
2022-03-15 13:04:51.500,0.103091,0.116225,0.159172,1,22
2022-03-15 13:04:52.000,0.103454,0.116372,0.159392,1,22
2022-03-15 13:04:52.500,0.10317,0.116503,0.159576,1,22
2022-03-15 13:04:53.000,0.102866,0.11559,0.158887,1,22
2022-03-15 13:04:53.500,0.10337,0.116493,0.159796,1,22
2022-03-15 13:04:54.000,0.104294,0.11707,0.159888,1,22
2022-03-15 13:04:54.500,0.10379,0.117102,0.15941,1,22
2022-03-15 13:04:55.000,0.104509,0.117606,0.159971,1,22
2022-03-15 13:04:55.500,0.103632,0.117307,0.159787,1,22
2022-03-15 13:04:56.000,0.102435,0.116173,0.159218,1,22
2022-03-15 13:04:56.500,0.103118,0.116246,0.158464,1,22
2022-03-15 13:04:57.000,0.102136,0.115459,0.158547,1,22
2022-03-15 13:04:57.500,0.103721,0.116635,0.159686,1,22
2022-03-15 13:04:58.000,0.102902,0.11591,0.158703,1,22
2022-03-15 13:04:58.500,0.102866,0.115385,0.159098,1,22
2022-03-15 13:04:59.000,0.103511,0.116477,0.160035,1,22
2022-03-15 13:04:59.500,0.103181,0.116813,0.160191,1,22
2022-03-15 13:05:00.000,0.102503,0.116026,0.159659,1,22
2022-03-15 13:05:00.500,0.103249,0.11653,0.159052,1,22
2022-03-15 13:05:01.000,0.102514,0.115595,0.158731,1,22
2022-03-15 13:05:01.500,0.102587,0.115627,0.159319,1,22
2022-03-15 13:05:02.000,0.102419,0.115669,0.15885,1,22
2022-03-15 13:05:02.500,0.102824,0.116188,0.159208,1,22
2022-03-15 13:05:03.000,0.102981,0.115716,0.159365,1,22
2022-03-15 13:05:03.500,0.10254,0.116052,0.159199,1,22
2022-03-15 13:05:04.000,0.102556,0.115994,0.159539,1,22
2022-03-15 13:05:04.500,0.103112,0.116299,0.159897,1,22
2022-03-15 13:05:05.000,0.102671,0.115159,0.159061,1,22
2022-03-15 13:05:05.500,0.103154,0.116908,0.159319,1,22
2022-03-15 13:05:06.000,0.10296,0.115669,0.158666,1,22
2022-03-15 13:05:06.500,0.103149,0.116561,0.159769,1,22
2022-03-15 13:05:07.000,0.103669,0.116776,0.159888,1,22
2022-03-15 13:05:07.500,0.103916,0.116839,0.159796,1,22
2022-03-15 13:05:08.000,0.103774,0.116404,0.159925,1,22
2022-03-15 13:05:08.500,0.103585,0.11674,0.160265,1,22
2022-03-15 13:05:09.000,0.102398,0.11549,0.159181,1,22
2022-03-15 13:05:09.500,0.102419,0.116372,0.158804,1,22
2022-03-15 13:05:10.000,0.103727,0.116635,0.159401,1,22
2022-03-15 13:05:10.500,0.102477,0.116146,0.159208,1,22
2022-03-15 13:05:11.000,0.103443,0.116125,0.159952,1,22
2022-03-15 13:05:11.500,0.103144,0.11665,0.159686,1,22
2022-03-15 13:05:12.000,0.102341,0.115564,0.158703,1,22
2022-03-15 13:05:12.500,0.103002,0.116209,0.159153,1,22
2022-03-15 13:05:13.000,0.102005,0.114487,0.158042,1,22
2022-03-15 13:05:13.500,0.103475,0.116425,0.159291,1,22
2022-03-15 13:05:14.000,0.102771,0.116141,0.158933,1,22
2022-03-15 13:05:14.500,0.102976,0.115884,0.158042,1,22
2022-03-15 13:05:15.000,0.103254,0.116167,0.159071,1,22
2022-03-15 13:05:15.500,0.103186,0.115963,0.159631,1,22
2022-03-15 13:05:16.000,0.104404,0.116771,0.159539,1,22
2022-03-15 13:05:16.500,0.102419,0.11538,0.158427,1,22
2022-03-15 13:05:17.000,0.10253,0.115663,0.159704,1,22
2022-03-15 13:05:17.500,0.103475,0.117238,0.16055,1,22
2022-03-15 13:05:18.000,0.103312,0.116257,0.159741,1,22
2022-03-15 13:05:18.500,0.103485,0.11665,0.15987,1,22
2022-03-15 13:05:19.000,0.103296,0.116372,0.160081,1,22
2022-03-15 13:05:19.500,0.10358,0.117007,0.159714,1,22
2022-03-15 13:05:20.000,0.102446,0.115275,0.158951,1,22
2022-03-15 13:05:20.500,0.102734,0.115459,0.159741,1,22
2022-03-15 13:05:21.000,0.103417,0.116818,0.160393,1,22
2022-03-15 13:05:21.500,0.10139,0.114398,0.158859,1,22
2022-03-15 13:05:22.000,0.102708,0.115616,0.159704,1,22
2022-03-15 13:05:22.500,0.103601,0.11654,0.159502,1,22
2022-03-15 13:05:23.000,0.103973,0.117055,0.160191,1,22
2022-03-15 13:05:23.500,0.103049,0.116283,0.160081,1,22
2022-03-15 13:05:24.000,0.102766,0.116267,0.160412,1,22
2022-03-15 13:05:24.500,0.103695,0.116367,0.159815,1,22
2022-03-15 13:05:25.000,0.102813,0.116871,0.159888,1,22
2022-03-15 13:05:25.500,0.102803,0.115506,0.159337,1,22
2022-03-15 13:05:26.000,0.103658,0.116787,0.16054,1,22
2022-03-15 13:05:26.500,0.103338,0.116635,0.159521,1,22
2022-03-15 13:05:27.000,0.102981,0.116047,0.159346,1,22
2022-03-15 13:05:27.500,0.102509,0.115648,0.159089,1,22
2022-03-15 13:05:28.000,0.103259,0.116194,0.159714,1,22
2022-03-15 13:05:28.500,0.102577,0.115144,0.159273,1,22
2022-03-15 13:05:29.000,0.102488,0.115868,0.159034,1,22
2022-03-15 13:05:29.500,0.103039,0.116131,0.158924,1,22
2022-03-15 13:05:30.000,0.102834,0.11591,0.159548,1,22
2022-03-15 13:05:30.500,0.102876,0.115569,0.15953,1,22
2022-03-15 13:05:31.000,0.102545,0.115054,0.159622,1,22
2022-03-15 13:05:31.500,0.102178,0.11518,0.158878,1,22
2022-03-15 13:05:32.000,0.101826,0.115579,0.159135,1,22
2022-03-15 13:05:32.500,0.102671,0.115128,0.158841,1,22
2022-03-15 13:05:33.000,0.102309,0.115369,0.158813,1,22
2022-03-15 13:05:33.500,0.102162,0.115495,0.159218,1,22
2022-03-15 13:05:34.000,0.102561,0.115049,0.158997,1,22
2022-03-15 13:05:34.500,0.103076,0.114997,0.159282,1,22
2022-03-15 13:05:35.000,0.103606,0.115726,0.159732,1,22
2022-03-15 13:05:35.500,0.103291,0.116304,0.15998,1,22
2022-03-15 13:05:36.000,0.102425,0.116068,0.160265,1,22
2022-03-15 13:05:36.500,0.102677,0.115984,0.16009,1,22
2022-03-15 13:05:37.000,0.102183,0.115065,0.159668,1,22
2022-03-15 13:05:37.500,0.10316,0.115312,0.15941,1,22
2022-03-15 13:05:38.000,0.103244,0.11611,0.160357,1,22
2022-03-15 13:05:38.500,0.103086,0.116094,0.160596,1,22
2022-03-15 13:05:39.000,0.101501,0.11476,0.159199,1,22
2022-03-15 13:05:39.500,0.103149,0.115133,0.159622,1,22
2022-03-15 13:05:40.000,0.103259,0.11664,0.159704,1,22
2022-03-15 13:05:40.500,0.10274,0.116204,0.159603,1,22
2022-03-15 13:05:41.000,0.10181,0.114734,0.158988,1,22
2022-03-15 13:05:41.500,0.103149,0.115952,0.159263,1,22
2022-03-15 13:05:42.000,0.103223,0.11633,0.160081,1,22
2022-03-15 13:05:42.500,0.102572,0.11581,0.159787,1,22
2022-03-15 13:05:43.000,0.101868,0.113862,0.158777,1,22
2022-03-15 13:05:43.500,0.10244,0.115044,0.159273,1,22
2022-03-15 13:05:44.000,0.10211,0.114519,0.159126,1,22
2022-03-15 13:05:44.500,0.103385,0.116383,0.159861,1,22
2022-03-15 13:05:45.000,0.101957,0.114219,0.158565,1,22
2022-03-15 13:05:45.500,0.101726,0.114156,0.158473,1,22
2022-03-15 13:05:46.000,0.102619,0.114844,0.159401,1,22
2022-03-15 13:05:46.500,0.102309,0.11486,0.159778,1,22
2022-03-15 13:05:47.000,0.101805,0.11382,0.15896,1,22
2022-03-15 13:05:47.500,0.102976,0.11581,0.159613,1,22
2022-03-15 13:05:48.000,0.102136,0.11361,0.158317,1,22
2022-03-15 13:05:48.500,0.103133,0.115616,0.160008,1,22
2022-03-15 13:05:49.000,0.101963,0.114849,0.160292,1,22
2022-03-15 13:05:49.500,0.102377,0.115474,0.159319,1,22
2022-03-15 13:05:50.000,0.102929,0.115149,0.159916,1,22
2022-03-15 13:05:50.500,0.102572,0.115285,0.159475,1,22
2022-03-15 13:05:51.000,0.102761,0.115469,0.160155,1,22
2022-03-15 13:05:51.500,0.10159,0.115165,0.159741,1,22
2022-03-15 13:05:52.000,0.103506,0.11633,0.161046,1,22
2022-03-15 13:05:52.500,0.103517,0.116446,0.160421,1,22
2022-03-15 13:05:53.000,0.102593,0.115102,0.159796,1,22
2022-03-15 13:05:53.500,0.102005,0.114225,0.158602,1,22
2022-03-15 13:05:54.000,0.103485,0.116556,0.160789,1,22
2022-03-15 13:05:54.500,0.102236,0.114907,0.159227,1,22
2022-03-15 13:05:55.000,0.102425,0.114891,0.158988,1,22
2022-03-15 13:05:55.500,0.103354,0.115637,0.160118,1,22
2022-03-15 13:05:56.000,0.103055,0.11517,0.159401,1,22
2022-03-15 13:05:56.500,0.102236,0.115238,0.159879,1,22
2022-03-15 13:05:57.000,0.101999,0.114603,0.159585,1,22
2022-03-15 13:05:57.500,0.102582,0.114944,0.159613,1,22
2022-03-15 13:05:58.000,0.102036,0.114618,0.158648,1,22
2022-03-15 13:05:58.500,0.102425,0.115228,0.159594,1,22
2022-03-15 13:05:59.000,0.102299,0.114765,0.158795,1,22
2022-03-15 13:05:59.500,0.101632,0.113647,0.158841,1,22
2022-03-15 13:06:00.000,0.102178,0.114655,0.160384,1,22
2022-03-15 13:06:00.500,0.102871,0.11539,0.159796,1,22
2022-03-15 13:06:01.000,0.101595,0.114482,0.158969,1,22
2022-03-15 13:06:01.500,0.1017,0.114424,0.160099,1,22
2022-03-15 13:06:02.000,0.101123,0.113721,0.159291,1,22
2022-03-15 13:06:02.500,0.102456,0.114818,0.160789,1,22
2022-03-15 13:06:03.000,0.102934,0.115847,0.160586,1,22
2022-03-15 13:06:03.500,0.102582,0.114471,0.159374,1,22
2022-03-15 13:06:04.000,0.10202,0.114487,0.15941,1,22
2022-03-15 13:06:04.500,0.101543,0.114162,0.158969,1,22
2022-03-15 13:06:05.000,0.102451,0.114634,0.159695,1,22
2022-03-15 13:06:05.500,0.102913,0.114776,0.159659,1,22
2022-03-15 13:06:06.000,0.101443,0.113647,0.158841,1,22
2022-03-15 13:06:06.500,0.101112,0.113574,0.158317,1,22
2022-03-15 13:06:07.000,0.102514,0.115191,0.15862,1,22
2022-03-15 13:06:07.500,0.101364,0.114366,0.159071,1,22
2022-03-15 13:06:08.000,0.101217,0.113416,0.158528,1,22
2022-03-15 13:06:08.500,0.100949,0.113196,0.158602,1,22
2022-03-15 13:06:09.000,0.102031,0.114235,0.158584,1,22
2022-03-15 13:06:09.500,0.103364,0.116041,0.159649,1,22
2022-03-15 13:06:10.000,0.102666,0.114576,0.159686,1,22
2022-03-15 13:06:10.500,0.103039,0.11518,0.160348,1,22
2022-03-15 13:06:11.000,0.101448,0.114303,0.159741,1,22
2022-03-15 13:06:11.500,0.10211,0.114004,0.159309,1,22
2022-03-15 13:06:12.000,0.102194,0.114036,0.15976,1,22
2022-03-15 13:06:12.500,0.10232,0.115039,0.160586,1,22
2022-03-15 13:06:13.000,0.101548,0.113463,0.159071,1,22
2022-03-15 13:06:13.500,0.101852,0.114356,0.158914,1,22
2022-03-15 13:06:14.000,0.102005,0.114997,0.160623,1,22
2022-03-15 13:06:14.500,0.101217,0.114088,0.159962,1,22
2022-03-15 13:06:15.000,0.102341,0.115343,0.160081,1,22
2022-03-15 13:06:15.500,0.102524,0.114692,0.160164,1,22
2022-03-15 13:06:16.000,0.102089,0.114277,0.159392,1,22
2022-03-15 13:06:16.500,0.101359,0.114183,0.159199,1,22
2022-03-15 13:06:17.000,0.103233,0.115432,0.160008,1,22
2022-03-15 13:06:17.500,0.102535,0.116446,0.159613,1,22
2022-03-15 13:06:18.000,0.102587,0.115102,0.159328,1,22
2022-03-15 13:06:18.500,0.101679,0.114571,0.159493,1,22
2022-03-15 13:06:19.000,0.102125,0.11412,0.159006,1,22
2022-03-15 13:06:19.500,0.102666,0.115322,0.160127,1,22
2022-03-15 13:06:20.000,0.10222,0.115212,0.159732,1,22
2022-03-15 13:06:20.500,0.101826,0.113584,0.159337,1,22
2022-03-15 13:06:21.000,0.10128,0.114324,0.159208,1,22
2022-03-15 13:06:21.500,0.10096,0.113826,0.159227,1,22
2022-03-15 13:06:22.000,0.10128,0.114293,0.159144,1,22
2022-03-15 13:06:22.500,0.101385,0.114461,0.158767,1,22
2022-03-15 13:06:23.000,0.101422,0.113784,0.158519,1,22
2022-03-15 13:06:23.500,0.102062,0.114624,0.160008,1,22
2022-03-15 13:06:24.000,0.102047,0.115054,0.161174,1,22
2022-03-15 13:06:24.500,0.102162,0.115301,0.160035,1,22
2022-03-15 13:06:25.000,0.102272,0.115322,0.159971,1,22
2022-03-15 13:06:25.500,0.101516,0.114592,0.159429,1,22
2022-03-15 13:06:26.000,0.102908,0.115432,0.159778,1,22
2022-03-15 13:06:26.500,0.102183,0.114513,0.159071,1,22
2022-03-15 13:06:27.000,0.102335,0.114865,0.15998,1,22
2022-03-15 13:06:27.500,0.101826,0.114603,0.159245,1,22
2022-03-15 13:06:28.000,0.101936,0.114303,0.158988,1,22
2022-03-15 13:06:28.500,0.101411,0.114293,0.159015,1,22
2022-03-15 13:06:29.000,0.101065,0.113768,0.158418,1,22
2022-03-15 13:06:29.500,0.101726,0.113941,0.159218,1,22
2022-03-15 13:06:30.000,0.101469,0.114072,0.159392,1,22
2022-03-15 13:06:30.500,0.103091,0.114319,0.158924,1,22
2022-03-15 13:06:31.000,0.102614,0.114776,0.159879,1,22
2022-03-15 13:06:31.500,0.102057,0.114251,0.159824,1,22
2022-03-15 13:06:32.000,0.102152,0.113967,0.159199,1,22
2022-03-15 13:06:32.500,0.102362,0.114939,0.159567,1,22
2022-03-15 13:06:33.000,0.101816,0.114424,0.15953,1,22
2022-03-15 13:06:33.500,0.102104,0.114078,0.159438,1,22
2022-03-15 13:06:34.000,0.101201,0.113757,0.159181,1,22
2022-03-15 13:06:34.500,0.101579,0.114634,0.159796,1,22
2022-03-15 13:06:35.000,0.101732,0.113789,0.159346,1,22
2022-03-15 13:06:35.500,0.101789,0.114078,0.159071,1,22
2022-03-15 13:06:36.000,0.101952,0.114587,0.158905,1,22
2022-03-15 13:06:36.500,0.102125,0.114246,0.158666,1,22
2022-03-15 13:06:37.000,0.101301,0.113836,0.158813,1,22
2022-03-15 13:06:37.500,0.102062,0.114146,0.159025,1,22
2022-03-15 13:06:38.000,0.102446,0.114965,0.159502,1,22
2022-03-15 13:06:38.500,0.101564,0.113931,0.159052,1,22
2022-03-15 13:06:39.000,0.101784,0.115065,0.159346,1,22
2022-03-15 13:06:39.500,0.102141,0.114655,0.1593,1,22
2022-03-15 13:06:40.000,0.101243,0.113857,0.158786,1,22
2022-03-15 13:06:40.500,0.102057,0.11487,0.159576,1,22
2022-03-15 13:06:41.000,0.101621,0.114156,0.159695,1,22
2022-03-15 13:06:41.500,0.102262,0.114456,0.159585,1,22
2022-03-15 13:06:42.000,0.101894,0.114886,0.159769,1,22
2022-03-15 13:06:42.500,0.101569,0.114309,0.159071,1,22
2022-03-15 13:06:43.000,0.101837,0.114009,0.15942,1,22
2022-03-15 13:06:43.500,0.102792,0.115921,0.160669,1,22
2022-03-15 13:06:44.000,0.101768,0.114687,0.159475,1,22
2022-03-15 13:06:44.500,0.102414,0.114834,0.160256,1,22
2022-03-15 13:06:45.000,0.10181,0.114067,0.158721,1,22
2022-03-15 13:06:45.500,0.102687,0.115238,0.159539,1,22
2022-03-15 13:06:46.000,0.101821,0.113988,0.158841,1,22
2022-03-15 13:06:46.500,0.102635,0.114608,0.159429,1,22
2022-03-15 13:06:47.000,0.101774,0.114099,0.159493,1,22
2022-03-15 13:06:47.500,0.102383,0.115117,0.159631,1,22
2022-03-15 13:06:48.000,0.102761,0.115658,0.160504,1,22
2022-03-15 13:06:48.500,0.101884,0.11455,0.159162,1,22
2022-03-15 13:06:49.000,0.101994,0.114156,0.159291,1,22
2022-03-15 13:06:49.500,0.101784,0.114382,0.159273,1,22
2022-03-15 13:06:50.000,0.102603,0.115259,0.160495,1,22
2022-03-15 13:06:50.500,0.103223,0.115931,0.160283,1,22
2022-03-15 13:06:51.000,0.101805,0.113873,0.159355,1,22
2022-03-15 13:06:51.500,0.102209,0.115579,0.159916,1,22
2022-03-15 13:06:52.000,0.101852,0.114813,0.159438,1,22
2022-03-15 13:06:52.500,0.101453,0.114151,0.159392,1,22
2022-03-15 13:06:53.000,0.1019,0.114734,0.159879,1,22
2022-03-15 13:06:53.500,0.102472,0.114739,0.15942,1,22
2022-03-15 13:06:54.000,0.102572,0.115658,0.159998,1,22
2022-03-15 13:06:54.500,0.102787,0.115779,0.160651,1,22
2022-03-15 13:06:55.000,0.103396,0.116472,0.160945,1,22
2022-03-15 13:06:55.500,0.102635,0.114713,0.159438,1,22
2022-03-15 13:06:56.000,0.101527,0.114036,0.158409,1,22
2022-03-15 13:06:56.500,0.102325,0.114954,0.160044,1,22
2022-03-15 13:06:57.000,0.102656,0.115632,0.160724,1,22
2022-03-15 13:06:57.500,0.101821,0.114718,0.158749,1,22
2022-03-15 13:06:58.000,0.101705,0.114414,0.1593,1,22
2022-03-15 13:06:58.500,0.102078,0.11444,0.159861,1,22
2022-03-15 13:06:59.000,0.101364,0.113883,0.15953,1,22
2022-03-15 13:06:59.500,0.101915,0.113915,0.159355,1,22
2022-03-15 13:07:00.000,0.102141,0.114545,0.159291,1,22
2022-03-15 13:07:00.500,0.102745,0.114408,0.160439,1,22
2022-03-15 13:07:01.000,0.103076,0.115018,0.159815,1,22
2022-03-15 13:07:01.500,0.102755,0.115149,0.159365,1,22
2022-03-15 13:07:02.000,0.102498,0.114865,0.160274,1,22
2022-03-15 13:07:02.500,0.102325,0.114666,0.159502,1,22
2022-03-15 13:07:03.000,0.1018,0.114498,0.159245,1,22
2022-03-15 13:07:03.500,0.102104,0.114739,0.159429,1,22
2022-03-15 13:07:04.000,0.10296,0.115375,0.159907,1,22
2022-03-15 13:07:04.500,0.102614,0.114907,0.1593,1,22
2022-03-15 13:07:05.000,0.102167,0.114876,0.158841,1,22
2022-03-15 13:07:05.500,0.101438,0.114414,0.159291,1,22
2022-03-15 13:07:06.000,0.101443,0.113469,0.158786,1,22
2022-03-15 13:07:06.500,0.101511,0.113794,0.159815,1,22
2022-03-15 13:07:07.000,0.103118,0.115301,0.159861,1,22
2022-03-15 13:07:07.500,0.102278,0.114519,0.159153,1,22
2022-03-15 13:07:08.000,0.102619,0.115138,0.159456,1,22
2022-03-15 13:07:08.500,0.101905,0.115259,0.159934,1,22
2022-03-15 13:07:09.000,0.101574,0.114382,0.159879,1,22
2022-03-15 13:07:09.500,0.101558,0.114051,0.158648,1,22
2022-03-15 13:07:10.000,0.101595,0.114408,0.159135,1,22
2022-03-15 13:07:10.500,0.102225,0.115564,0.160256,1,22
2022-03-15 13:07:11.000,0.102309,0.114445,0.159741,1,22
2022-03-15 13:07:11.500,0.102556,0.116115,0.160991,1,22
2022-03-15 13:07:12.000,0.102146,0.114986,0.160008,1,22
2022-03-15 13:07:12.500,0.102278,0.115705,0.159778,1,22
2022-03-15 13:07:13.000,0.103018,0.11527,0.160072,1,22
2022-03-15 13:07:13.500,0.100776,0.113726,0.158712,1,22
2022-03-15 13:07:14.000,0.102509,0.114324,0.15942,1,22
2022-03-15 13:07:14.500,0.100855,0.11371,0.158694,1,22
2022-03-15 13:07:15.000,0.10285,0.114923,0.159521,1,22
2022-03-15 13:07:15.500,0.102341,0.115249,0.159769,1,22
2022-03-15 13:07:16.000,0.101831,0.114219,0.159475,1,22
2022-03-15 13:07:16.500,0.101306,0.114345,0.159309,1,22
2022-03-15 13:07:17.000,0.102335,0.114461,0.159521,1,22
2022-03-15 13:07:17.500,0.101275,0.113343,0.158437,1,22
2022-03-15 13:07:18.000,0.102225,0.114162,0.15953,1,22
2022-03-15 13:07:18.500,0.101411,0.114571,0.159613,1,22
2022-03-15 13:07:19.000,0.10191,0.114151,0.159135,1,22
2022-03-15 13:07:19.500,0.102152,0.114046,0.158942,1,22
2022-03-15 13:07:20.000,0.101621,0.114382,0.159346,1,22
2022-03-15 13:07:20.500,0.102183,0.11465,0.159787,1,22
2022-03-15 13:07:21.000,0.102325,0.115616,0.160614,1,22
2022-03-15 13:07:21.500,0.10254,0.115716,0.160596,1,22
2022-03-15 13:07:22.000,0.102519,0.114954,0.159659,1,22
2022-03-15 13:07:22.500,0.102199,0.114912,0.15976,1,22
2022-03-15 13:07:23.000,0.102934,0.115726,0.161009,1,22
2022-03-15 13:07:23.500,0.102692,0.114997,0.159833,1,22
2022-03-15 13:07:24.000,0.102876,0.115868,0.161046,1,22
2022-03-15 13:07:24.500,0.103154,0.115354,0.160099,1,22
2022-03-15 13:07:25.000,0.102194,0.114104,0.159585,1,22
2022-03-15 13:07:25.500,0.102986,0.115102,0.159778,1,22
2022-03-15 13:07:26.000,0.101758,0.114534,0.159025,1,22
2022-03-15 13:07:26.500,0.101789,0.113988,0.158694,1,22
2022-03-15 13:07:27.000,0.102545,0.116083,0.160338,1,22
2022-03-15 13:07:27.500,0.1017,0.114524,0.158731,1,22
2022-03-15 13:07:28.000,0.10201,0.114891,0.159401,1,22
2022-03-15 13:07:28.500,0.101333,0.113574,0.158381,1,22
2022-03-15 13:07:29.000,0.102766,0.116131,0.159925,1,22
2022-03-15 13:07:29.500,0.102451,0.115359,0.159741,1,22
2022-03-15 13:07:30.000,0.1019,0.114445,0.159475,1,22
2022-03-15 13:07:30.500,0.102472,0.115333,0.160623,1,22
2022-03-15 13:07:31.000,0.101264,0.115128,0.159704,1,22
2022-03-15 13:07:31.500,0.102902,0.115485,0.159879,1,22
2022-03-15 13:07:32.000,0.102635,0.115086,0.160302,1,22
2022-03-15 13:07:32.500,0.10222,0.114702,0.159539,1,22
2022-03-15 13:07:33.000,0.10286,0.114744,0.159741,1,22
2022-03-15 13:07:33.500,0.101726,0.11444,0.159907,1,22
2022-03-15 13:07:34.000,0.10222,0.11527,0.15987,1,22
2022-03-15 13:07:34.500,0.102656,0.115306,0.160586,1,22
2022-03-15 13:07:35.000,0.102104,0.115023,0.160403,1,22
2022-03-15 13:07:35.500,0.103527,0.115894,0.160669,1,22
2022-03-15 13:07:36.000,0.102509,0.115075,0.159447,1,22
2022-03-15 13:07:36.500,0.101742,0.114356,0.159603,1,22
2022-03-15 13:07:37.000,0.103144,0.115621,0.159851,1,22
2022-03-15 13:07:37.500,0.10316,0.115249,0.159714,1,22
2022-03-15 13:07:38.000,0.101243,0.113658,0.158602,1,22
2022-03-15 13:07:38.500,0.101721,0.114256,0.159337,1,22
2022-03-15 13:07:39.000,0.102467,0.114676,0.159539,1,22
2022-03-15 13:07:39.500,0.102808,0.115564,0.159466,1,22
2022-03-15 13:07:40.000,0.10117,0.114765,0.159153,1,22
2022-03-15 13:07:40.500,0.102152,0.114414,0.15975,1,22
2022-03-15 13:07:41.000,0.102456,0.114792,0.160219,1,22
2022-03-15 13:07:41.500,0.102624,0.114807,0.159512,1,22
2022-03-15 13:07:42.000,0.101852,0.11423,0.158556,1,22
2022-03-15 13:07:42.500,0.102419,0.114697,0.159006,1,22
2022-03-15 13:07:43.000,0.102215,0.115123,0.160485,1,22
2022-03-15 13:07:43.500,0.101978,0.113915,0.159677,1,22
2022-03-15 13:07:44.000,0.101732,0.113883,0.158887,1,22
2022-03-15 13:07:44.500,0.102467,0.114666,0.159723,1,22
2022-03-15 13:07:45.000,0.102267,0.114529,0.159089,1,22
2022-03-15 13:07:45.500,0.102314,0.114771,0.159429,1,22
2022-03-15 13:07:46.000,0.10086,0.114046,0.158446,1,22
2022-03-15 13:07:46.500,0.102598,0.115301,0.160733,1,22
2022-03-15 13:07:47.000,0.102524,0.114923,0.160182,1,22
2022-03-15 13:07:47.500,0.101579,0.114235,0.158841,1,22
2022-03-15 13:07:48.000,0.102955,0.115648,0.160449,1,22
2022-03-15 13:07:48.500,0.102729,0.115936,0.160302,1,22
2022-03-15 13:07:49.000,0.101821,0.115107,0.159594,1,22
2022-03-15 13:07:49.500,0.102173,0.114639,0.158841,1,22
2022-03-15 13:07:50.000,0.102887,0.115737,0.15987,1,22
2022-03-15 13:07:50.500,0.1038,0.115852,0.160302,1,22
2022-03-15 13:07:51.000,0.10275,0.115175,0.159456,1,22
2022-03-15 13:07:51.500,0.101984,0.114765,0.159052,1,22
2022-03-15 13:07:52.000,0.102834,0.115249,0.159521,1,22
2022-03-15 13:07:52.500,0.10265,0.1159,0.159365,1,22
2022-03-15 13:07:53.000,0.102561,0.115306,0.159971,1,22
2022-03-15 13:07:53.500,0.102761,0.114844,0.159227,1,22
2022-03-15 13:07:54.000,0.102446,0.116083,0.160467,1,22
2022-03-15 13:07:54.500,0.102698,0.11497,0.159447,1,22
2022-03-15 13:07:55.000,0.101989,0.114933,0.15919,1,22
2022-03-15 13:07:55.500,0.101275,0.114151,0.159025,1,22
2022-03-15 13:07:56.000,0.101952,0.114886,0.160559,1,22
2022-03-15 13:07:56.500,0.102818,0.115606,0.160099,1,22
2022-03-15 13:07:57.000,0.103254,0.115758,0.159971,1,22
2022-03-15 13:07:57.500,0.102656,0.115653,0.160008,1,22
2022-03-15 13:07:58.000,0.101222,0.113521,0.159144,1,22
2022-03-15 13:07:58.500,0.102913,0.115821,0.160715,1,22
2022-03-15 13:07:59.000,0.10191,0.11392,0.158914,1,22
2022-03-15 13:07:59.500,0.102535,0.115159,0.159365,1,22
2022-03-15 13:08:00.000,0.102199,0.114571,0.158914,1,22
2022-03-15 13:08:00.500,0.102976,0.115506,0.159943,1,22
2022-03-15 13:08:01.000,0.101973,0.114188,0.158896,1,22
2022-03-15 13:08:01.500,0.102503,0.115474,0.159631,1,22
2022-03-15 13:08:02.000,0.102183,0.114387,0.1584,1,22
2022-03-15 13:08:02.500,0.102125,0.114466,0.159006,1,22
2022-03-15 13:08:03.000,0.102204,0.114855,0.158786,1,22
2022-03-15 13:08:03.500,0.101826,0.114282,0.159181,1,22
2022-03-15 13:08:04.000,0.101243,0.113715,0.158427,1,22
2022-03-15 13:08:04.500,0.102099,0.114818,0.159162,1,22
2022-03-15 13:08:05.000,0.101107,0.114403,0.15862,1,22
2022-03-15 13:08:05.500,0.102682,0.114834,0.158841,1,22
2022-03-15 13:08:06.000,0.102383,0.114713,0.159567,1,22
2022-03-15 13:08:06.500,0.103574,0.116194,0.161496,1,22
2022-03-15 13:08:07.000,0.102346,0.114923,0.159328,1,22
2022-03-15 13:08:07.500,0.102603,0.115926,0.159245,1,22
2022-03-15 13:08:08.000,0.101065,0.113542,0.158446,1,22
2022-03-15 13:08:08.500,0.101952,0.11454,0.159236,1,22
2022-03-15 13:08:09.000,0.102577,0.11517,0.159282,1,22
2022-03-15 13:08:09.500,0.102367,0.115049,0.159677,1,22
2022-03-15 13:08:10.000,0.101779,0.113159,0.158152,1,22
2022-03-15 13:08:10.500,0.10138,0.114309,0.159034,1,22
2022-03-15 13:08:11.000,0.103685,0.116367,0.160779,1,22
2022-03-15 13:08:11.500,0.101947,0.114498,0.159172,1,22
2022-03-15 13:08:12.000,0.102482,0.115417,0.159328,1,22
2022-03-15 13:08:12.500,0.102199,0.115133,0.159796,1,22
2022-03-15 13:08:13.000,0.101138,0.113794,0.158547,1,22
2022-03-15 13:08:13.500,0.101207,0.114156,0.158271,1,22
2022-03-15 13:08:14.000,0.101968,0.114813,0.15862,1,22
2022-03-15 13:08:14.500,0.101464,0.113264,0.158179,1,22
2022-03-15 13:08:15.000,0.101238,0.113936,0.159245,1,22
2022-03-15 13:08:15.500,0.102561,0.116157,0.160632,1,22
2022-03-15 13:08:16.000,0.102661,0.115522,0.160228,1,22
2022-03-15 13:08:16.500,0.102099,0.114377,0.159273,1,22
2022-03-15 13:08:17.000,0.101742,0.114849,0.158868,1,22
2022-03-15 13:08:17.500,0.102551,0.11476,0.159107,1,22
2022-03-15 13:08:18.000,0.102094,0.116041,0.15953,1,22
2022-03-15 13:08:18.500,0.102356,0.114954,0.159291,1,22
2022-03-15 13:08:19.000,0.101947,0.114823,0.159787,1,22
2022-03-15 13:08:19.500,0.10148,0.113311,0.158262,1,22
2022-03-15 13:08:20.000,0.101674,0.114618,0.158878,1,22
2022-03-15 13:08:20.500,0.101422,0.113952,0.15908,1,22
2022-03-15 13:08:21.000,0.10181,0.114141,0.158979,1,22
2022-03-15 13:08:21.500,0.102257,0.114891,0.159888,1,22
2022-03-15 13:08:22.000,0.101931,0.115165,0.159392,1,22
2022-03-15 13:08:22.500,0.102635,0.115212,0.15953,1,22
2022-03-15 13:08:23.000,0.101569,0.113899,0.158731,1,22
2022-03-15 13:08:23.500,0.102367,0.115212,0.160329,1,22
2022-03-15 13:08:24.000,0.102036,0.115102,0.159052,1,22
2022-03-15 13:08:24.500,0.102587,0.114865,0.159043,1,22
2022-03-15 13:08:25.000,0.103317,0.115821,0.160936,1,22
2022-03-15 13:08:25.500,0.102246,0.115616,0.160329,1,22
2022-03-15 13:08:26.000,0.102262,0.114681,0.159337,1,22
2022-03-15 13:08:26.500,0.102519,0.115086,0.159475,1,22
2022-03-15 13:08:27.000,0.102608,0.114765,0.159429,1,22
2022-03-15 13:08:27.500,0.103049,0.116398,0.160733,1,22
2022-03-15 13:08:28.000,0.102104,0.115249,0.159925,1,22
2022-03-15 13:08:28.500,0.102645,0.115186,0.159952,1,22
2022-03-15 13:08:29.000,0.102745,0.115506,0.159622,1,22
2022-03-15 13:08:29.500,0.1018,0.114576,0.158868,1,22
2022-03-15 13:08:30.000,0.103548,0.116157,0.160945,1,22
2022-03-15 13:08:30.500,0.100487,0.113259,0.157784,1,22
2022-03-15 13:08:31.000,0.101679,0.115317,0.159897,1,22
2022-03-15 13:08:31.500,0.101711,0.11517,0.159548,1,22
2022-03-15 13:08:32.000,0.102435,0.11455,0.159631,1,22
2022-03-15 13:08:32.500,0.102377,0.115548,0.15953,1,22
2022-03-15 13:08:33.000,0.101931,0.115306,0.159071,1,22
2022-03-15 13:08:33.500,0.101296,0.113411,0.157913,1,22
2022-03-15 13:08:34.000,0.101863,0.11466,0.160054,1,22
2022-03-15 13:08:34.500,0.102246,0.115033,0.159319,1,22
2022-03-15 13:08:35.000,0.102257,0.114792,0.15964,1,22
2022-03-15 13:08:35.500,0.102939,0.11497,0.159034,1,22
2022-03-15 13:08:36.000,0.102236,0.11466,0.159796,1,22
2022-03-15 13:08:36.500,0.102724,0.115669,0.160246,1,22
2022-03-15 13:08:37.000,0.102383,0.115296,0.160246,1,22
2022-03-15 13:08:37.500,0.102262,0.115217,0.159429,1,22
2022-03-15 13:08:38.000,0.102545,0.11611,0.16021,1,22
2022-03-15 13:08:38.500,0.102351,0.114639,0.159466,1,22
2022-03-15 13:08:39.000,0.103469,0.116246,0.161138,1,22
2022-03-15 13:08:39.500,0.103417,0.115669,0.160302,1,22
2022-03-15 13:08:40.000,0.102372,0.114702,0.159172,1,22
2022-03-15 13:08:40.500,0.101999,0.11382,0.158887,1,22
2022-03-15 13:08:41.000,0.102115,0.114408,0.159116,1,22
2022-03-15 13:08:41.500,0.1016,0.114361,0.158887,1,22
2022-03-15 13:08:42.000,0.103002,0.115422,0.160504,1,22
2022-03-15 13:08:42.500,0.102314,0.114981,0.159429,1,22
2022-03-15 13:08:43.000,0.102162,0.114288,0.15942,1,22
2022-03-15 13:08:43.500,0.102414,0.115417,0.159833,1,22
2022-03-15 13:08:44.000,0.101852,0.114414,0.159539,1,22
2022-03-15 13:08:44.500,0.102251,0.114949,0.159659,1,22
2022-03-15 13:08:45.000,0.102635,0.114991,0.159383,1,22
2022-03-15 13:08:45.500,0.10295,0.115317,0.160127,1,22
2022-03-15 13:08:46.000,0.101999,0.114855,0.159126,1,22
2022-03-15 13:08:46.500,0.102593,0.114776,0.158951,1,22
2022-03-15 13:08:47.000,0.102467,0.114445,0.159365,1,22
2022-03-15 13:08:47.500,0.103328,0.116152,0.160513,1,22
2022-03-15 13:08:48.000,0.102519,0.114645,0.159043,1,22
2022-03-15 13:08:48.500,0.102671,0.11518,0.159962,1,22
2022-03-15 13:08:49.000,0.102524,0.113946,0.159116,1,22
2022-03-15 13:08:49.500,0.102682,0.11475,0.160072,1,22
2022-03-15 13:08:50.000,0.102797,0.115548,0.15964,1,22
2022-03-15 13:08:50.500,0.103217,0.115742,0.160449,1,22
2022-03-15 13:08:51.000,0.102745,0.115417,0.159328,1,22
2022-03-15 13:08:51.500,0.103007,0.115763,0.160697,1,22
2022-03-15 13:08:52.000,0.103517,0.116556,0.161046,1,22
2022-03-15 13:08:52.500,0.101994,0.11465,0.159236,1,22
2022-03-15 13:08:53.000,0.104015,0.116115,0.160412,1,22
2022-03-15 13:08:53.500,0.102393,0.11454,0.159594,1,22
2022-03-15 13:08:54.000,0.102834,0.115779,0.160531,1,22
2022-03-15 13:08:54.500,0.102566,0.114471,0.158786,1,22
2022-03-15 13:08:55.000,0.103128,0.115506,0.16009,1,22
2022-03-15 13:08:55.500,0.102299,0.11487,0.159098,1,22
2022-03-15 13:08:56.000,0.103501,0.1158,0.159714,1,22
2022-03-15 13:08:56.500,0.102136,0.114261,0.158795,1,22
2022-03-15 13:08:57.000,0.101642,0.114366,0.158437,1,22
2022-03-15 13:08:57.500,0.102194,0.113894,0.159025,1,22
2022-03-15 13:08:58.000,0.102782,0.115579,0.159502,1,22
2022-03-15 13:08:58.500,0.102708,0.114807,0.159208,1,22
2022-03-15 13:08:59.000,0.102971,0.115768,0.16021,1,22
2022-03-15 13:08:59.500,0.103034,0.115716,0.160099,1,22
2022-03-15 13:09:00.000,0.102635,0.114608,0.159374,1,22
2022-03-15 13:09:00.500,0.102262,0.114429,0.159815,1,22
2022-03-15 13:09:01.000,0.103438,0.115406,0.160035,1,22
2022-03-15 13:09:01.500,0.102939,0.115243,0.159897,1,22
2022-03-15 13:09:02.000,0.103118,0.114849,0.159888,1,22
2022-03-15 13:09:02.500,0.102703,0.114839,0.159695,1,22
2022-03-15 13:09:03.000,0.103469,0.115669,0.160449,1,22
2022-03-15 13:09:03.500,0.102724,0.115721,0.160063,1,22
2022-03-15 13:09:04.000,0.10201,0.114613,0.159374,1,22
2022-03-15 13:09:04.500,0.103469,0.116215,0.160522,1,22
2022-03-15 13:09:05.000,0.102855,0.11465,0.158951,1,22
2022-03-15 13:09:05.500,0.103354,0.114965,0.159686,1,22
2022-03-15 13:09:06.000,0.102724,0.115648,0.160228,1,22
2022-03-15 13:09:06.500,0.103595,0.116598,0.160568,1,22
2022-03-15 13:09:07.000,0.102503,0.114949,0.159181,1,22
2022-03-15 13:09:07.500,0.102635,0.115795,0.160173,1,22
2022-03-15 13:09:08.000,0.102871,0.115453,0.160329,1,22
2022-03-15 13:09:08.500,0.10264,0.115322,0.159521,1,22
2022-03-15 13:09:09.000,0.102582,0.114807,0.159144,1,22
2022-03-15 13:09:09.500,0.103097,0.114734,0.159521,1,22
2022-03-15 13:09:10.000,0.104404,0.11706,0.161027,1,22
2022-03-15 13:09:10.500,0.102362,0.114393,0.158767,1,22
2022-03-15 13:09:11.000,0.102902,0.115275,0.159741,1,22
2022-03-15 13:09:11.500,0.102435,0.113925,0.159254,1,22
2022-03-15 13:09:12.000,0.103238,0.115254,0.159695,1,22
2022-03-15 13:09:12.500,0.103275,0.115548,0.159879,1,22
2022-03-15 13:09:13.000,0.103354,0.115816,0.159714,1,22
2022-03-15 13:09:13.500,0.102787,0.114981,0.159355,1,22
2022-03-15 13:09:14.000,0.10275,0.114828,0.158749,1,22
2022-03-15 13:09:14.500,0.10274,0.114723,0.159254,1,22
2022-03-15 13:09:15.000,0.103438,0.116682,0.160522,1,22
2022-03-15 13:09:15.500,0.10316,0.11549,0.160292,1,22
2022-03-15 13:09:16.000,0.10148,0.11424,0.158639,1,22
2022-03-15 13:09:16.500,0.102089,0.114834,0.159144,1,22
2022-03-15 13:09:17.000,0.102666,0.114818,0.158951,1,22
2022-03-15 13:09:17.500,0.10265,0.11466,0.159282,1,22
2022-03-15 13:09:18.000,0.103448,0.115338,0.159245,1,22
2022-03-15 13:09:18.500,0.103354,0.115154,0.159778,1,22
2022-03-15 13:09:19.000,0.1017,0.113668,0.158749,1,22
2022-03-15 13:09:19.500,0.103532,0.115894,0.159769,1,22
2022-03-15 13:09:20.000,0.10317,0.116414,0.160642,1,22
2022-03-15 13:09:20.500,0.103994,0.115957,0.160375,1,22
2022-03-15 13:09:21.000,0.102813,0.114981,0.159144,1,22
2022-03-15 13:09:21.500,0.10316,0.115963,0.160109,1,22
2022-03-15 13:09:22.000,0.103128,0.115548,0.159594,1,22
2022-03-15 13:09:22.500,0.103732,0.115684,0.159879,1,22
2022-03-15 13:09:23.000,0.102146,0.114167,0.158795,1,22
2022-03-15 13:09:23.500,0.103994,0.116944,0.160605,1,22
2022-03-15 13:09:24.000,0.102519,0.11548,0.158427,1,22
2022-03-15 13:09:24.500,0.104147,0.116351,0.160292,1,22
2022-03-15 13:09:25.000,0.102146,0.113836,0.158777,1,22
2022-03-15 13:09:25.500,0.102267,0.114135,0.159061,1,22
2022-03-15 13:09:26.000,0.102719,0.114912,0.158868,1,22
2022-03-15 13:09:26.500,0.10358,0.116577,0.160522,1,22
2022-03-15 13:09:27.000,0.102566,0.115501,0.159769,1,22
2022-03-15 13:09:27.500,0.103144,0.116099,0.160127,1,22
2022-03-15 13:09:28.000,0.10274,0.115873,0.159934,1,22
2022-03-15 13:09:28.500,0.102624,0.114319,0.158694,1,22
2022-03-15 13:09:29.000,0.102892,0.115516,0.159861,1,22
2022-03-15 13:09:29.500,0.102509,0.114104,0.158777,1,22
2022-03-15 13:09:30.000,0.102855,0.115123,0.15908,1,22
2022-03-15 13:09:30.500,0.102908,0.115191,0.159218,1,22
2022-03-15 13:09:31.000,0.102734,0.115642,0.159337,1,22
2022-03-15 13:09:31.500,0.101564,0.113579,0.158262,1,22
2022-03-15 13:09:32.000,0.102776,0.114629,0.159273,1,22
2022-03-15 13:09:32.500,0.103931,0.116666,0.160201,1,22
2022-03-15 13:09:33.000,0.102761,0.114403,0.158868,1,22
2022-03-15 13:09:33.500,0.103464,0.115658,0.159815,1,22
2022-03-15 13:09:34.000,0.10295,0.115674,0.159796,1,22
2022-03-15 13:09:34.500,0.103102,0.114603,0.159098,1,22
2022-03-15 13:09:35.000,0.101963,0.114429,0.158042,1,22
2022-03-15 13:09:35.500,0.102246,0.114881,0.159677,1,22
2022-03-15 13:09:36.000,0.10264,0.114891,0.159447,1,22
2022-03-15 13:09:36.500,0.10253,0.114435,0.158813,1,22
2022-03-15 13:09:37.000,0.103217,0.115984,0.160081,1,22
2022-03-15 13:09:37.500,0.103406,0.116698,0.15987,1,22
2022-03-15 13:09:38.000,0.10244,0.115086,0.159677,1,22
2022-03-15 13:09:38.500,0.103564,0.115044,0.159971,1,22
2022-03-15 13:09:39.000,0.102104,0.114209,0.159025,1,22
2022-03-15 13:09:39.500,0.102981,0.115742,0.159254,1,22
2022-03-15 13:09:40.000,0.103443,0.115243,0.160155,1,22
2022-03-15 13:09:40.500,0.103438,0.115658,0.160054,1,22
2022-03-15 13:09:41.000,0.102598,0.115327,0.159429,1,22
2022-03-15 13:09:41.500,0.102414,0.114739,0.15953,1,22
2022-03-15 13:09:42.000,0.102057,0.114723,0.159392,1,22
2022-03-15 13:09:42.500,0.102593,0.115228,0.158381,1,22
2022-03-15 13:09:43.000,0.103065,0.114771,0.159337,1,22
2022-03-15 13:09:43.500,0.102425,0.114382,0.158078,1,22
2022-03-15 13:09:44.000,0.102661,0.114865,0.159006,1,22
2022-03-15 13:09:44.500,0.103354,0.116094,0.159741,1,22
2022-03-15 13:09:45.000,0.102577,0.115096,0.159254,1,22
2022-03-15 13:09:45.500,0.102419,0.114624,0.159015,1,22
2022-03-15 13:09:46.000,0.102467,0.114928,0.158905,1,22
2022-03-15 13:09:46.500,0.102545,0.114676,0.159052,1,22
2022-03-15 13:09:47.000,0.102141,0.113868,0.158363,1,22
2022-03-15 13:09:47.500,0.103548,0.115653,0.160008,1,22
2022-03-15 13:09:48.000,0.101716,0.114204,0.158777,1,22
2022-03-15 13:09:48.500,0.103097,0.115957,0.160136,1,22
2022-03-15 13:09:49.000,0.102687,0.115585,0.160687,1,22
2022-03-15 13:09:49.500,0.103212,0.116157,0.159861,1,22
2022-03-15 13:09:50.000,0.103727,0.116131,0.161064,1,22
2022-03-15 13:09:50.500,0.103265,0.115422,0.160072,1,22
2022-03-15 13:09:51.000,0.103506,0.115721,0.1593,1,22
2022-03-15 13:09:51.500,0.103322,0.115968,0.159153,1,22
2022-03-15 13:09:52.000,0.103422,0.115753,0.15975,1,22
2022-03-15 13:09:52.500,0.103055,0.115002,0.159043,1,22
2022-03-15 13:09:53.000,0.102729,0.114834,0.15896,1,22
2022-03-15 13:09:53.500,0.102136,0.113558,0.158087,1,22
2022-03-15 13:09:54.000,0.103217,0.115081,0.158822,1,22
2022-03-15 13:09:54.500,0.102661,0.114498,0.159043,1,22
2022-03-15 13:09:55.000,0.103716,0.115495,0.159842,1,22
2022-03-15 13:09:55.500,0.102314,0.114403,0.158868,1,22
2022-03-15 13:09:56.000,0.102692,0.114036,0.158988,1,22
2022-03-15 13:09:56.500,0.102797,0.115196,0.159355,1,22
2022-03-15 13:09:57.000,0.101915,0.114393,0.159144,1,22
2022-03-15 13:09:57.500,0.101637,0.114146,0.159227,1,22
2022-03-15 13:09:58.000,0.102078,0.114566,0.158997,1,22
2022-03-15 13:09:58.500,0.103322,0.115222,0.159162,1,22
2022-03-15 13:09:59.000,0.102314,0.114335,0.158887,1,22
2022-03-15 13:09:59.500,0.102677,0.11455,0.158777,1,22
2022-03-15 13:10:00.000,0.103832,0.116246,0.160145,1,22
2022-03-15 13:10:00.500,0.103622,0.115779,0.160191,1,22
2022-03-15 13:10:01.000,0.102325,0.114739,0.159273,1,22
2022-03-15 13:10:01.500,0.103653,0.115716,0.160191,1,22
2022-03-15 13:10:02.000,0.10244,0.115033,0.159567,1,22
2022-03-15 13:10:02.500,0.10338,0.115285,0.159567,1,22
2022-03-15 13:10:03.000,0.101984,0.113752,0.158584,1,22
2022-03-15 13:10:03.500,0.10286,0.116047,0.160458,1,22
2022-03-15 13:10:04.000,0.103454,0.1158,0.160669,1,22
2022-03-15 13:10:04.500,0.102398,0.115222,0.159851,1,22
2022-03-15 13:10:05.000,0.102661,0.115632,0.159659,1,22
2022-03-15 13:10:05.500,0.103517,0.115679,0.159576,1,22
2022-03-15 13:10:06.000,0.10243,0.114629,0.158905,1,22
2022-03-15 13:10:06.500,0.102687,0.114109,0.158749,1,22
2022-03-15 13:10:07.000,0.102257,0.114261,0.159493,1,22
2022-03-15 13:10:07.500,0.101826,0.113778,0.158455,1,22
2022-03-15 13:10:08.000,0.102645,0.11434,0.159245,1,22
2022-03-15 13:10:08.500,0.10307,0.115049,0.15976,1,22
2022-03-15 13:10:09.000,0.102209,0.114078,0.158354,1,22
2022-03-15 13:10:09.500,0.101978,0.113878,0.158473,1,22
2022-03-15 13:10:10.000,0.102813,0.115007,0.158887,1,22
2022-03-15 13:10:10.500,0.103784,0.115558,0.159447,1,22
2022-03-15 13:10:11.000,0.102834,0.115144,0.159374,1,22
2022-03-15 13:10:11.500,0.102519,0.114435,0.158933,1,22
2022-03-15 13:10:12.000,0.10306,0.115732,0.159952,1,22
2022-03-15 13:10:12.500,0.103506,0.11601,0.160329,1,22
2022-03-15 13:10:13.000,0.102981,0.114907,0.159548,1,22
2022-03-15 13:10:13.500,0.102152,0.114587,0.158988,1,22
2022-03-15 13:10:14.000,0.102503,0.114298,0.158914,1,22
2022-03-15 13:10:14.500,0.102267,0.11486,0.158574,1,22
2022-03-15 13:10:15.000,0.10243,0.114902,0.158813,1,22
2022-03-15 13:10:15.500,0.103338,0.115438,0.159438,1,22
2022-03-15 13:10:16.000,0.103406,0.115501,0.159594,1,22
2022-03-15 13:10:16.500,0.103595,0.114981,0.159346,1,22
2022-03-15 13:10:17.000,0.102136,0.11476,0.158703,1,22
2022-03-15 13:10:17.500,0.102535,0.114503,0.159392,1,22
2022-03-15 13:10:18.000,0.10212,0.114356,0.158731,1,22
2022-03-15 13:10:18.500,0.103307,0.115564,0.159842,1,22
2022-03-15 13:10:19.000,0.102881,0.114555,0.159346,1,22
2022-03-15 13:10:19.500,0.102687,0.115154,0.159833,1,22
2022-03-15 13:10:20.000,0.102488,0.115375,0.159374,1,22
2022-03-15 13:10:20.500,0.10295,0.115107,0.159227,1,22
2022-03-15 13:10:21.000,0.103223,0.115243,0.159383,1,22
2022-03-15 13:10:21.500,0.103202,0.114876,0.159677,1,22
2022-03-15 13:10:22.000,0.102278,0.114813,0.159218,1,22
2022-03-15 13:10:22.500,0.102178,0.114503,0.15896,1,22
2022-03-15 13:10:23.000,0.102577,0.115249,0.160026,1,22
2022-03-15 13:10:23.500,0.102456,0.114277,0.160035,1,22
2022-03-15 13:10:24.000,0.103454,0.115039,0.15964,1,22
2022-03-15 13:10:24.500,0.103501,0.116388,0.160687,1,22
2022-03-15 13:10:25.000,0.103832,0.115443,0.159962,1,22
2022-03-15 13:10:25.500,0.103181,0.115579,0.159943,1,22
2022-03-15 13:10:26.000,0.104015,0.116724,0.16123,1,22
2022-03-15 13:10:26.500,0.103244,0.11487,0.158786,1,22
2022-03-15 13:10:27.000,0.103475,0.115522,0.159466,1,22
2022-03-15 13:10:27.500,0.102829,0.114093,0.158841,1,22
2022-03-15 13:10:28.000,0.102566,0.114545,0.158124,1,22
2022-03-15 13:10:28.500,0.102152,0.113684,0.158483,1,22
2022-03-15 13:10:29.000,0.103165,0.115438,0.160173,1,22
2022-03-15 13:10:29.500,0.10222,0.115191,0.159218,1,22
2022-03-15 13:10:30.000,0.102425,0.114429,0.158648,1,22
2022-03-15 13:10:30.500,0.102981,0.114713,0.158887,1,22
2022-03-15 13:10:31.000,0.104005,0.115459,0.160136,1,22
2022-03-15 13:10:31.500,0.10295,0.114618,0.159273,1,22
2022-03-15 13:10:32.000,0.102141,0.114881,0.159328,1,22
2022-03-15 13:10:32.500,0.103217,0.115364,0.159668,1,22
2022-03-15 13:10:33.000,0.102388,0.115096,0.159769,1,22
2022-03-15 13:10:33.500,0.101868,0.113684,0.158859,1,22
2022-03-15 13:10:34.000,0.102341,0.113668,0.158198,1,22
2022-03-15 13:10:34.500,0.102818,0.114666,0.159043,1,22
2022-03-15 13:10:35.000,0.103286,0.114939,0.159594,1,22
2022-03-15 13:10:35.500,0.102162,0.114351,0.15975,1,22
2022-03-15 13:10:36.000,0.102645,0.115249,0.160632,1,22
2022-03-15 13:10:36.500,0.103039,0.114823,0.159631,1,22
2022-03-15 13:10:37.000,0.102598,0.114109,0.158951,1,22
2022-03-15 13:10:37.500,0.102566,0.11465,0.159613,1,22
2022-03-15 13:10:38.000,0.10286,0.114713,0.159429,1,22
2022-03-15 13:10:38.500,0.10307,0.115485,0.160458,1,22
2022-03-15 13:10:39.000,0.103811,0.116241,0.160871,1,22
2022-03-15 13:10:39.500,0.102677,0.115007,0.159484,1,22
2022-03-15 13:10:40.000,0.103506,0.114876,0.159842,1,22
2022-03-15 13:10:40.500,0.102724,0.11497,0.159429,1,22
2022-03-15 13:10:41.000,0.102582,0.114366,0.159135,1,22
2022-03-15 13:10:41.500,0.102524,0.114214,0.158767,1,22
2022-03-15 13:10:42.000,0.103805,0.11549,0.159319,1,22
2022-03-15 13:10:42.500,0.102813,0.11465,0.158988,1,22
2022-03-15 13:10:43.000,0.103097,0.114519,0.159631,1,22
2022-03-15 13:10:43.500,0.103385,0.116005,0.159787,1,22
2022-03-15 13:10:44.000,0.103517,0.115816,0.16009,1,22
2022-03-15 13:10:44.500,0.103396,0.114997,0.159107,1,22
2022-03-15 13:10:45.000,0.10201,0.113784,0.158271,1,22
2022-03-15 13:10:45.500,0.10296,0.114676,0.159539,1,22
2022-03-15 13:10:46.000,0.103895,0.115611,0.16009,1,22
2022-03-15 13:10:46.500,0.101732,0.113862,0.158685,1,22
2022-03-15 13:10:47.000,0.102509,0.113736,0.158437,1,22
2022-03-15 13:10:47.500,0.102131,0.113679,0.159089,1,22
2022-03-15 13:10:48.000,0.102598,0.114797,0.158933,1,22
2022-03-15 13:10:48.500,0.102855,0.114513,0.159034,1,22
2022-03-15 13:10:49.000,0.103118,0.114603,0.159971,1,22
2022-03-15 13:10:49.500,0.1037,0.11559,0.160844,1,22
2022-03-15 13:10:50.000,0.103506,0.116351,0.16032,1,22
2022-03-15 13:10:50.500,0.103422,0.115238,0.159392,1,22
2022-03-15 13:10:51.000,0.103742,0.116372,0.161689,1,22
2022-03-15 13:10:51.500,0.102362,0.114818,0.15964,1,22
2022-03-15 13:10:52.000,0.10349,0.11569,0.159943,1,22
2022-03-15 13:10:52.500,0.103475,0.115259,0.159916,1,22
2022-03-15 13:10:53.000,0.102687,0.114456,0.158483,1,22
2022-03-15 13:10:53.500,0.102356,0.113873,0.159015,1,22
2022-03-15 13:10:54.000,0.102866,0.11423,0.15919,1,22
2022-03-15 13:10:54.500,0.102955,0.114629,0.158446,1,22
2022-03-15 13:10:55.000,0.102514,0.114576,0.159438,1,22
2022-03-15 13:10:55.500,0.102881,0.115039,0.159456,1,22
2022-03-15 13:10:56.000,0.103973,0.115826,0.160412,1,22
2022-03-15 13:10:56.500,0.102797,0.115044,0.159493,1,22
2022-03-15 13:10:57.000,0.10244,0.115159,0.158969,1,22
2022-03-15 13:10:57.500,0.102314,0.114288,0.159006,1,22
2022-03-15 13:10:58.000,0.102031,0.113752,0.159319,1,22
2022-03-15 13:10:58.500,0.103805,0.114786,0.160008,1,22
2022-03-15 13:10:59.000,0.102556,0.114508,0.159144,1,22
2022-03-15 13:10:59.500,0.103753,0.115296,0.160173,1,22
2022-03-15 13:11:00.000,0.102661,0.114587,0.159254,1,22
2022-03-15 13:11:00.500,0.103553,0.115364,0.159989,1,22
2022-03-15 13:11:01.000,0.103574,0.116036,0.161193,1,22
2022-03-15 13:11:01.500,0.103018,0.11518,0.160596,1,22
2022-03-15 13:11:02.000,0.103291,0.114823,0.159254,1,22
2022-03-15 13:11:02.500,0.103291,0.11527,0.159153,1,22
2022-03-15 13:11:03.000,0.103664,0.11506,0.159319,1,22
2022-03-15 13:11:03.500,0.103065,0.114582,0.159659,1,22
2022-03-15 13:11:04.000,0.101527,0.113521,0.158721,1,22
2022-03-15 13:11:04.500,0.104105,0.115695,0.160008,1,22
2022-03-15 13:11:05.000,0.103769,0.115726,0.159833,1,22
2022-03-15 13:11:05.500,0.102902,0.114739,0.159282,1,22
2022-03-15 13:11:06.000,0.103485,0.11569,0.15976,1,22
2022-03-15 13:11:06.500,0.103727,0.115999,0.159888,1,22
2022-03-15 13:11:07.000,0.103711,0.115616,0.160182,1,22
2022-03-15 13:11:07.500,0.103448,0.115627,0.159512,1,22
2022-03-15 13:11:08.000,0.10338,0.115606,0.160568,1,22
2022-03-15 13:11:08.500,0.102787,0.114655,0.160265,1,22
2022-03-15 13:11:09.000,0.10401,0.11528,0.159861,1,22
2022-03-15 13:11:09.500,0.103307,0.114844,0.159043,1,22
2022-03-15 13:11:10.000,0.103947,0.11486,0.159456,1,22
2022-03-15 13:11:10.500,0.10317,0.115033,0.159732,1,22
2022-03-15 13:11:11.000,0.103343,0.114214,0.159512,1,22
2022-03-15 13:11:11.500,0.103517,0.115459,0.159282,1,22
2022-03-15 13:11:12.000,0.102645,0.114162,0.158804,1,22
2022-03-15 13:11:12.500,0.103049,0.114902,0.160393,1,22
2022-03-15 13:11:13.000,0.103433,0.115039,0.159539,1,22
2022-03-15 13:11:13.500,0.103611,0.115285,0.159493,1,22
2022-03-15 13:11:14.000,0.103065,0.114676,0.159282,1,22
2022-03-15 13:11:14.500,0.103023,0.114377,0.15976,1,22
2022-03-15 13:11:15.000,0.102393,0.113658,0.15851,1,22
2022-03-15 13:11:15.500,0.10338,0.115243,0.159631,1,22
2022-03-15 13:11:16.000,0.103238,0.1157,0.159998,1,22
2022-03-15 13:11:16.500,0.101716,0.113374,0.158143,1,22
2022-03-15 13:11:17.000,0.102293,0.113721,0.158859,1,22
2022-03-15 13:11:17.500,0.103154,0.11486,0.159061,1,22
2022-03-15 13:11:18.000,0.10317,0.115154,0.159704,1,22
2022-03-15 13:11:18.500,0.102776,0.11476,0.15908,1,22
2022-03-15 13:11:19.000,0.102666,0.114482,0.159282,1,22
2022-03-15 13:11:19.500,0.10233,0.113411,0.15862,1,22
2022-03-15 13:11:20.000,0.103081,0.114744,0.159521,1,22
2022-03-15 13:11:20.500,0.102761,0.114251,0.159227,1,22
2022-03-15 13:11:21.000,0.101858,0.113595,0.159199,1,22
2022-03-15 13:11:21.500,0.103149,0.114886,0.159438,1,22
2022-03-15 13:11:22.000,0.102971,0.115049,0.15941,1,22
2022-03-15 13:11:22.500,0.102398,0.11392,0.158804,1,22
2022-03-15 13:11:23.000,0.1017,0.114177,0.15919,1,22
2022-03-15 13:11:23.500,0.101942,0.113994,0.159043,1,22
2022-03-15 13:11:24.000,0.103748,0.115039,0.158905,1,22
2022-03-15 13:11:24.500,0.102682,0.114765,0.158749,1,22
2022-03-15 13:11:25.000,0.103049,0.115532,0.159263,1,22
2022-03-15 13:11:25.500,0.103354,0.114471,0.158786,1,22
2022-03-15 13:11:26.000,0.104257,0.115621,0.160733,1,22
2022-03-15 13:11:26.500,0.103301,0.114697,0.159998,1,22
2022-03-15 13:11:27.000,0.102362,0.113469,0.158593,1,22
2022-03-15 13:11:27.500,0.102813,0.114797,0.159383,1,22
2022-03-15 13:11:28.000,0.102398,0.114424,0.15851,1,22
2022-03-15 13:11:28.500,0.103128,0.114282,0.158997,1,22
2022-03-15 13:11:29.000,0.103207,0.114692,0.159741,1,22
2022-03-15 13:11:29.500,0.102257,0.114319,0.15862,1,22
2022-03-15 13:11:30.000,0.103343,0.115333,0.15941,1,22
2022-03-15 13:11:30.500,0.102577,0.11444,0.159162,1,22
2022-03-15 13:11:31.000,0.103049,0.114687,0.158813,1,22
2022-03-15 13:11:31.500,0.10232,0.113726,0.158216,1,22
2022-03-15 13:11:32.000,0.102335,0.114261,0.159116,1,22
2022-03-15 13:11:32.500,0.103133,0.114897,0.160173,1,22
2022-03-15 13:11:33.000,0.10411,0.115254,0.160274,1,22
2022-03-15 13:11:33.500,0.103013,0.114823,0.160384,1,22
2022-03-15 13:11:34.000,0.104362,0.115915,0.160072,1,22
2022-03-15 13:11:34.500,0.102776,0.114414,0.159181,1,22
2022-03-15 13:11:35.000,0.102939,0.114708,0.159291,1,22
2022-03-15 13:11:35.500,0.103149,0.115217,0.160283,1,22
2022-03-15 13:11:36.000,0.102608,0.114204,0.159796,1,22
2022-03-15 13:11:36.500,0.102992,0.115427,0.159796,1,22
2022-03-15 13:11:37.000,0.10254,0.115511,0.159521,1,22
2022-03-15 13:11:37.500,0.103207,0.114844,0.159805,1,22
2022-03-15 13:11:38.000,0.103721,0.116167,0.160357,1,22
2022-03-15 13:11:38.500,0.103574,0.115511,0.159456,1,22
2022-03-15 13:11:39.000,0.102482,0.114928,0.158997,1,22
2022-03-15 13:11:39.500,0.10338,0.114954,0.160017,1,22
2022-03-15 13:11:40.000,0.102939,0.114933,0.159475,1,22
2022-03-15 13:11:40.500,0.102708,0.114225,0.159245,1,22
2022-03-15 13:11:41.000,0.102251,0.115312,0.159704,1,22
2022-03-15 13:11:41.500,0.102918,0.115018,0.160155,1,22
2022-03-15 13:11:42.000,0.103212,0.114781,0.159484,1,22
2022-03-15 13:11:42.500,0.10286,0.115354,0.159897,1,22
2022-03-15 13:11:43.000,0.102824,0.114492,0.159447,1,22
2022-03-15 13:11:43.500,0.103685,0.115632,0.159383,1,22
2022-03-15 13:11:44.000,0.102068,0.113784,0.158786,1,22
2022-03-15 13:11:44.500,0.103181,0.114193,0.159934,1,22
2022-03-15 13:11:45.000,0.101742,0.1134,0.158391,1,22
2022-03-15 13:11:45.500,0.103553,0.115611,0.159842,1,22
2022-03-15 13:11:46.000,0.103459,0.115012,0.160017,1,22
2022-03-15 13:11:46.500,0.103317,0.114918,0.160219,1,22
2022-03-15 13:11:47.000,0.102871,0.114771,0.158933,1,22
2022-03-15 13:11:47.500,0.103102,0.114828,0.159383,1,22
2022-03-15 13:11:48.000,0.103433,0.115149,0.159861,1,22
2022-03-15 13:11:48.500,0.103081,0.114519,0.159429,1,22
2022-03-15 13:11:49.000,0.102047,0.113364,0.158336,1,22
2022-03-15 13:11:49.500,0.103627,0.11539,0.160191,1,22
2022-03-15 13:11:50.000,0.102498,0.114482,0.158574,1,22
2022-03-15 13:11:50.500,0.103055,0.114939,0.160026,1,22
2022-03-15 13:11:51.000,0.102713,0.115243,0.160237,1,22
2022-03-15 13:11:51.500,0.102446,0.114902,0.159392,1,22
2022-03-15 13:11:52.000,0.103123,0.114477,0.159374,1,22
2022-03-15 13:11:52.500,0.10307,0.115317,0.159475,1,22
2022-03-15 13:11:53.000,0.102803,0.114681,0.159337,1,22
2022-03-15 13:11:53.500,0.101443,0.112996,0.158087,1,22
2022-03-15 13:11:54.000,0.103417,0.115249,0.159098,1,22
2022-03-15 13:11:54.500,0.102913,0.114382,0.159337,1,22
2022-03-15 13:11:55.000,0.103212,0.114802,0.159328,1,22
2022-03-15 13:11:55.500,0.10265,0.114702,0.159576,1,22
2022-03-15 13:11:56.000,0.102866,0.114403,0.158951,1,22
2022-03-15 13:11:56.500,0.103291,0.115138,0.15975,1,22
2022-03-15 13:11:57.000,0.102346,0.114078,0.158896,1,22
2022-03-15 13:11:57.500,0.102099,0.113826,0.159153,1,22
2022-03-15 13:11:58.000,0.103354,0.115459,0.159824,1,22
2022-03-15 13:11:58.500,0.103952,0.115695,0.160972,1,22
2022-03-15 13:11:59.000,0.103312,0.115548,0.160596,1,22
2022-03-15 13:11:59.500,0.102603,0.114403,0.158666,1,22
2022-03-15 13:12:00.000,0.103259,0.115149,0.159631,1,22
2022-03-15 13:12:00.500,0.103417,0.114067,0.15953,1,22
2022-03-15 13:12:01.000,0.103674,0.115522,0.160109,1,22
2022-03-15 13:12:01.500,0.103963,0.115574,0.160623,1,22
2022-03-15 13:12:02.000,0.103674,0.114545,0.160072,1,22
2022-03-15 13:12:02.500,0.102524,0.114198,0.159199,1,22
2022-03-15 13:12:03.000,0.103611,0.115212,0.16054,1,22
2022-03-15 13:12:03.500,0.103349,0.115065,0.159484,1,22
2022-03-15 13:12:04.000,0.101805,0.11391,0.159006,1,22
2022-03-15 13:12:04.500,0.102335,0.113721,0.158703,1,22
2022-03-15 13:12:05.000,0.102566,0.114461,0.159245,1,22
2022-03-15 13:12:05.500,0.102514,0.114492,0.159254,1,22
2022-03-15 13:12:06.000,0.103175,0.11466,0.159824,1,22
2022-03-15 13:12:06.500,0.10223,0.113395,0.158639,1,22
2022-03-15 13:12:07.000,0.102719,0.115112,0.159998,1,22
2022-03-15 13:12:07.500,0.103475,0.114744,0.159199,1,22
2022-03-15 13:12:08.000,0.103601,0.115081,0.160219,1,22
2022-03-15 13:12:08.500,0.102797,0.114834,0.160632,1,22
2022-03-15 13:12:09.000,0.102829,0.115207,0.159282,1,22
2022-03-15 13:12:09.500,0.103328,0.115081,0.159245,1,22
2022-03-15 13:12:10.000,0.103265,0.114639,0.159962,1,22
2022-03-15 13:12:10.500,0.10307,0.11455,0.159732,1,22
2022-03-15 13:12:11.000,0.102435,0.11433,0.159787,1,22
2022-03-15 13:12:11.500,0.103265,0.115044,0.159567,1,22
2022-03-15 13:12:12.000,0.102666,0.113836,0.159015,1,22
2022-03-15 13:12:12.500,0.103228,0.114639,0.159704,1,22
2022-03-15 13:12:13.000,0.102986,0.114288,0.159466,1,22
2022-03-15 13:12:13.500,0.104546,0.116073,0.160743,1,22
2022-03-15 13:12:14.000,0.104478,0.116467,0.161863,1,22
2022-03-15 13:12:14.500,0.102094,0.114009,0.158611,1,22
2022-03-15 13:12:15.000,0.103427,0.115091,0.159263,1,22
2022-03-15 13:12:15.500,0.102503,0.11412,0.159741,1,22
2022-03-15 13:12:16.000,0.102241,0.11454,0.158942,1,22
2022-03-15 13:12:16.500,0.102687,0.114834,0.159861,1,22
2022-03-15 13:12:17.000,0.10327,0.114708,0.159649,1,22
2022-03-15 13:12:17.500,0.103228,0.114723,0.159769,1,22
2022-03-15 13:12:18.000,0.10316,0.114597,0.159006,1,22
2022-03-15 13:12:18.500,0.103065,0.114624,0.159263,1,22
2022-03-15 13:12:19.000,0.103522,0.11581,0.159824,1,22
2022-03-15 13:12:19.500,0.104693,0.116456,0.161321,1,22
2022-03-15 13:12:20.000,0.104157,0.115774,0.16089,1,22
2022-03-15 13:12:20.500,0.102913,0.115364,0.160026,1,22
2022-03-15 13:12:21.000,0.103543,0.115642,0.160678,1,22
2022-03-15 13:12:21.500,0.102839,0.114697,0.158657,1,22
2022-03-15 13:12:22.000,0.103165,0.114608,0.158133,1,22
2022-03-15 13:12:22.500,0.103097,0.114466,0.158712,1,22
2022-03-15 13:12:23.000,0.10411,0.115417,0.160807,1,22
2022-03-15 13:12:23.500,0.103265,0.115007,0.159659,1,22
2022-03-15 13:12:24.000,0.10379,0.115023,0.160044,1,22
2022-03-15 13:12:24.500,0.103039,0.114303,0.159686,1,22
2022-03-15 13:12:25.000,0.103511,0.11476,0.159695,1,22
2022-03-15 13:12:25.500,0.102734,0.114272,0.158988,1,22
2022-03-15 13:12:26.000,0.10253,0.115133,0.159043,1,22
2022-03-15 13:12:26.500,0.103055,0.115023,0.159998,1,22
2022-03-15 13:12:27.000,0.103385,0.114876,0.159447,1,22
2022-03-15 13:12:27.500,0.103055,0.114314,0.159401,1,22
2022-03-15 13:12:28.000,0.103144,0.114891,0.158924,1,22
2022-03-15 13:12:28.500,0.102409,0.114372,0.159475,1,22
2022-03-15 13:12:29.000,0.103154,0.114907,0.15908,1,22
2022-03-15 13:12:29.500,0.103517,0.11466,0.158565,1,22
2022-03-15 13:12:30.000,0.102335,0.114109,0.159199,1,22
2022-03-15 13:12:30.500,0.102635,0.114246,0.159686,1,22
2022-03-15 13:12:31.000,0.103412,0.115348,0.160127,1,22
2022-03-15 13:12:31.500,0.102908,0.114965,0.159677,1,22
2022-03-15 13:12:32.000,0.102918,0.114303,0.159172,1,22
2022-03-15 13:12:32.500,0.102792,0.114303,0.159199,1,22
2022-03-15 13:12:33.000,0.10359,0.114256,0.16043,1,22
2022-03-15 13:12:33.500,0.102582,0.113679,0.158758,1,22
2022-03-15 13:12:34.000,0.103653,0.115984,0.160191,1,22
2022-03-15 13:12:34.500,0.103406,0.114461,0.1593,1,22
2022-03-15 13:12:35.000,0.102965,0.114072,0.158942,1,22
2022-03-15 13:12:35.500,0.103427,0.114918,0.159153,1,22
2022-03-15 13:12:36.000,0.10349,0.114655,0.159879,1,22
2022-03-15 13:12:36.500,0.102545,0.114188,0.159227,1,22
2022-03-15 13:12:37.000,0.102524,0.114692,0.159723,1,22
2022-03-15 13:12:37.500,0.104015,0.115459,0.160145,1,22
2022-03-15 13:12:38.000,0.102918,0.114997,0.158942,1,22
2022-03-15 13:12:38.500,0.102556,0.114198,0.159401,1,22
2022-03-15 13:12:39.000,0.102582,0.114235,0.158841,1,22
2022-03-15 13:12:39.500,0.103296,0.114634,0.159512,1,22
2022-03-15 13:12:40.000,0.10264,0.114382,0.15896,1,22
2022-03-15 13:12:40.500,0.102708,0.114655,0.159925,1,22
2022-03-15 13:12:41.000,0.103826,0.114981,0.15953,1,22
2022-03-15 13:12:41.500,0.103847,0.115028,0.159438,1,22
2022-03-15 13:12:42.000,0.102986,0.115023,0.160026,1,22
2022-03-15 13:12:42.500,0.102251,0.113873,0.159263,1,22
2022-03-15 13:12:43.000,0.102246,0.1135,0.158694,1,22
2022-03-15 13:12:43.500,0.103396,0.114855,0.160246,1,22
2022-03-15 13:12:44.000,0.102734,0.115128,0.160072,1,22
2022-03-15 13:12:44.500,0.102503,0.114828,0.159071,1,22
2022-03-15 13:12:45.000,0.102377,0.113469,0.158969,1,22
2022-03-15 13:12:45.500,0.10296,0.114403,0.159116,1,22
2022-03-15 13:12:46.000,0.102797,0.114629,0.158878,1,22
2022-03-15 13:12:46.500,0.101989,0.11402,0.159107,1,22
2022-03-15 13:12:47.000,0.102913,0.114997,0.159778,1,22
2022-03-15 13:12:47.500,0.102377,0.114723,0.159116,1,22
2022-03-15 13:12:48.000,0.10243,0.114141,0.159805,1,22
2022-03-15 13:12:48.500,0.102939,0.114104,0.15919,1,22
2022-03-15 13:12:49.000,0.103102,0.114414,0.159015,1,22
2022-03-15 13:12:49.500,0.10358,0.114965,0.160072,1,22
2022-03-15 13:12:50.000,0.102666,0.114288,0.158896,1,22
2022-03-15 13:12:50.500,0.102661,0.114613,0.159126,1,22
2022-03-15 13:12:51.000,0.103049,0.114818,0.159962,1,22
2022-03-15 13:12:51.500,0.10358,0.115091,0.159346,1,22
2022-03-15 13:12:52.000,0.103674,0.115317,0.160632,1,22
2022-03-15 13:12:52.500,0.103821,0.115779,0.160917,1,22
2022-03-15 13:12:53.000,0.10432,0.115852,0.160256,1,22
2022-03-15 13:12:53.500,0.103196,0.115028,0.160173,1,22
2022-03-15 13:12:54.000,0.103884,0.115364,0.160173,1,22
2022-03-15 13:12:54.500,0.103202,0.115459,0.160017,1,22
2022-03-15 13:12:55.000,0.104089,0.115889,0.160467,1,22
2022-03-15 13:12:55.500,0.103354,0.115768,0.161184,1,22
2022-03-15 13:12:56.000,0.103522,0.114844,0.161128,1,22
2022-03-15 13:12:56.500,0.104247,0.116173,0.160825,1,22
2022-03-15 13:12:57.000,0.10358,0.115086,0.159934,1,22
2022-03-15 13:12:57.500,0.10379,0.115606,0.160761,1,22
2022-03-15 13:12:58.000,0.103664,0.114739,0.159668,1,22
2022-03-15 13:12:58.500,0.10212,0.113868,0.159172,1,22
2022-03-15 13:12:59.000,0.103123,0.114498,0.159401,1,22
2022-03-15 13:12:59.500,0.103049,0.113626,0.159282,1,22
2022-03-15 13:13:00.000,0.102829,0.114592,0.159218,1,22
2022-03-15 13:13:00.500,0.10328,0.11476,0.159879,1,22
2022-03-15 13:13:01.000,0.102104,0.113778,0.159943,1,22
2022-03-15 13:13:01.500,0.101984,0.113096,0.158657,1,22
2022-03-15 13:13:02.000,0.103049,0.113941,0.159925,1,22
2022-03-15 13:13:02.500,0.102808,0.114513,0.159557,1,22
2022-03-15 13:13:03.000,0.102551,0.114272,0.159282,1,22
2022-03-15 13:13:03.500,0.10296,0.115018,0.160072,1,22
2022-03-15 13:13:04.000,0.102335,0.114051,0.159879,1,22
2022-03-15 13:13:04.500,0.102409,0.114177,0.159116,1,22
2022-03-15 13:13:05.000,0.103301,0.11518,0.160586,1,22
2022-03-15 13:13:05.500,0.103301,0.114592,0.159052,1,22
2022-03-15 13:13:06.000,0.103359,0.114135,0.15987,1,22
2022-03-15 13:13:06.500,0.10159,0.112718,0.15896,1,22
2022-03-15 13:13:07.000,0.103884,0.115495,0.160476,1,22
2022-03-15 13:13:07.500,0.103842,0.114865,0.160393,1,22
2022-03-15 13:13:08.000,0.102682,0.113957,0.159328,1,22
2022-03-15 13:13:08.500,0.102572,0.114272,0.160292,1,22
2022-03-15 13:13:09.000,0.102661,0.114314,0.159521,1,22
2022-03-15 13:13:09.500,0.103202,0.115291,0.159438,1,22
2022-03-15 13:13:10.000,0.103774,0.114618,0.159695,1,22
2022-03-15 13:13:10.500,0.104163,0.115007,0.161046,1,22
2022-03-15 13:13:11.000,0.103375,0.114487,0.159686,1,22
2022-03-15 13:13:11.500,0.103133,0.114907,0.15987,1,22
2022-03-15 13:13:12.000,0.103553,0.115322,0.160017,1,22
2022-03-15 13:13:12.500,0.103979,0.114865,0.160412,1,22
2022-03-15 13:13:13.000,0.102545,0.114414,0.159098,1,22
2022-03-15 13:13:13.500,0.102887,0.113637,0.158427,1,22
2022-03-15 13:13:14.000,0.103448,0.114414,0.159282,1,22
2022-03-15 13:13:14.500,0.101894,0.113595,0.158685,1,22
2022-03-15 13:13:15.000,0.102986,0.11475,0.16009,1,22
2022-03-15 13:13:15.500,0.10285,0.115096,0.159493,1,22
2022-03-15 13:13:16.000,0.102719,0.113789,0.158924,1,22
2022-03-15 13:13:16.500,0.102834,0.114519,0.159401,1,22
2022-03-15 13:13:17.000,0.102682,0.114246,0.159631,1,22
2022-03-15 13:13:17.500,0.103275,0.114729,0.15941,1,22
2022-03-15 13:13:18.000,0.103154,0.115432,0.159998,1,22
2022-03-15 13:13:18.500,0.102776,0.114356,0.159337,1,22
2022-03-15 13:13:19.000,0.102955,0.11528,0.160155,1,22
2022-03-15 13:13:19.500,0.103076,0.115138,0.159521,1,22
2022-03-15 13:13:20.000,0.103139,0.114997,0.159567,1,22
2022-03-15 13:13:20.500,0.103186,0.11444,0.159309,1,22
2022-03-15 13:13:21.000,0.102703,0.114162,0.159594,1,22
2022-03-15 13:13:21.500,0.103821,0.115768,0.160329,1,22
2022-03-15 13:13:22.000,0.102661,0.114702,0.158749,1,22
2022-03-15 13:13:22.500,0.102614,0.11423,0.158859,1,22
2022-03-15 13:13:23.000,0.102792,0.113973,0.15896,1,22
2022-03-15 13:13:23.500,0.103748,0.115275,0.160201,1,22
2022-03-15 13:13:24.000,0.102503,0.114361,0.160467,1,22
2022-03-15 13:13:24.500,0.104493,0.116215,0.161551,1,22
2022-03-15 13:13:25.000,0.102776,0.115075,0.160219,1,22
2022-03-15 13:13:25.500,0.102887,0.114303,0.160008,1,22
2022-03-15 13:13:26.000,0.103317,0.115023,0.159824,1,22
2022-03-15 13:13:26.500,0.103485,0.114939,0.15964,1,22
2022-03-15 13:13:27.000,0.102619,0.114419,0.159162,1,22
2022-03-15 13:13:27.500,0.103595,0.115327,0.159934,1,22
2022-03-15 13:13:28.000,0.102414,0.113794,0.158767,1,22
2022-03-15 13:13:28.500,0.102414,0.114508,0.158565,1,22
2022-03-15 13:13:29.000,0.102719,0.114582,0.159144,1,22
2022-03-15 13:13:29.500,0.103354,0.115002,0.15942,1,22
2022-03-15 13:13:30.000,0.102514,0.113458,0.158878,1,22
2022-03-15 13:13:30.500,0.103375,0.114655,0.159291,1,22
2022-03-15 13:13:31.000,0.103874,0.116141,0.160357,1,22
2022-03-15 13:13:31.500,0.102997,0.114403,0.159319,1,22
2022-03-15 13:13:32.000,0.102262,0.113673,0.158216,1,22
2022-03-15 13:13:32.500,0.10201,0.113836,0.160145,1,22
2022-03-15 13:13:33.000,0.10254,0.114419,0.159603,1,22
2022-03-15 13:13:33.500,0.102136,0.114303,0.159025,1,22
2022-03-15 13:13:34.000,0.10191,0.113411,0.158565,1,22
2022-03-15 13:13:34.500,0.10254,0.114146,0.158997,1,22
2022-03-15 13:13:35.000,0.103816,0.115343,0.159861,1,22
2022-03-15 13:13:35.500,0.102803,0.114624,0.159962,1,22
2022-03-15 13:13:36.000,0.103401,0.114897,0.159888,1,22
2022-03-15 13:13:36.500,0.102572,0.113154,0.158758,1,22
2022-03-15 13:13:37.000,0.103522,0.114865,0.159603,1,22
2022-03-15 13:13:37.500,0.103501,0.113826,0.159291,1,22
2022-03-15 13:13:38.000,0.102908,0.114708,0.159613,1,22
2022-03-15 13:13:38.500,0.102782,0.114272,0.159879,1,22
2022-03-15 13:13:39.000,0.102677,0.114424,0.159429,1,22
2022-03-15 13:13:39.500,0.102876,0.114639,0.159585,1,22
2022-03-15 13:13:40.000,0.104089,0.115317,0.160274,1,22
2022-03-15 13:13:40.500,0.103039,0.114387,0.159686,1,22
2022-03-15 13:13:41.000,0.102734,0.114555,0.159521,1,22
2022-03-15 13:13:41.500,0.102367,0.114366,0.158712,1,22
2022-03-15 13:13:42.000,0.102976,0.114235,0.159861,1,22
2022-03-15 13:13:42.500,0.10254,0.114398,0.159309,1,22
2022-03-15 13:13:43.000,0.102467,0.114219,0.159493,1,22
2022-03-15 13:13:43.500,0.104488,0.115763,0.159907,1,22
2022-03-15 13:13:44.000,0.103422,0.115333,0.16009,1,22
2022-03-15 13:13:44.500,0.103039,0.114897,0.159034,1,22
2022-03-15 13:13:45.000,0.101695,0.113637,0.158161,1,22
2022-03-15 13:13:45.500,0.102209,0.113505,0.158712,1,22
2022-03-15 13:13:46.000,0.102351,0.113889,0.158593,1,22
2022-03-15 13:13:46.500,0.103601,0.115217,0.160329,1,22
2022-03-15 13:13:47.000,0.102976,0.114429,0.159309,1,22
2022-03-15 13:13:47.500,0.103322,0.115333,0.159796,1,22
2022-03-15 13:13:48.000,0.101968,0.113348,0.158345,1,22
2022-03-15 13:13:48.500,0.102461,0.11371,0.158464,1,22
2022-03-15 13:13:49.000,0.102362,0.113505,0.1584,1,22
2022-03-15 13:13:49.500,0.103244,0.114498,0.15941,1,22
2022-03-15 13:13:50.000,0.103648,0.115007,0.159842,1,22
2022-03-15 13:13:50.500,0.103574,0.114639,0.159971,1,22
2022-03-15 13:13:51.000,0.102461,0.113264,0.158887,1,22
2022-03-15 13:13:51.500,0.102272,0.113437,0.159025,1,22
2022-03-15 13:13:52.000,0.102871,0.113469,0.159282,1,22
2022-03-15 13:13:52.500,0.103433,0.114408,0.159475,1,22
2022-03-15 13:13:53.000,0.102367,0.113337,0.158437,1,22
2022-03-15 13:13:53.500,0.103553,0.114965,0.159594,1,22
2022-03-15 13:13:54.000,0.10223,0.114503,0.158786,1,22
2022-03-15 13:13:54.500,0.10285,0.114576,0.159061,1,22
2022-03-15 13:13:55.000,0.103128,0.114414,0.159116,1,22
2022-03-15 13:13:55.500,0.103506,0.114198,0.159888,1,22
2022-03-15 13:13:56.000,0.103196,0.114151,0.15976,1,22
2022-03-15 13:13:56.500,0.103128,0.114146,0.159319,1,22
2022-03-15 13:13:57.000,0.1037,0.114776,0.158042,1,22
2022-03-15 13:13:57.500,0.103538,0.115369,0.159659,1,22
2022-03-15 13:13:58.000,0.103716,0.115259,0.160366,1,22
2022-03-15 13:13:58.500,0.103107,0.115018,0.15908,1,22
2022-03-15 13:13:59.000,0.10358,0.114372,0.160412,1,22
2022-03-15 13:13:59.500,0.102708,0.114424,0.15975,1,22
2022-03-15 13:14:00.000,0.102855,0.114041,0.158924,1,22
2022-03-15 13:14:00.500,0.102913,0.115075,0.158969,1,22
2022-03-15 13:14:01.000,0.103627,0.115086,0.159879,1,22
2022-03-15 13:14:01.500,0.103081,0.114618,0.159337,1,22
2022-03-15 13:14:02.000,0.101674,0.113143,0.158666,1,22
2022-03-15 13:14:02.500,0.101921,0.112833,0.157885,1,22
2022-03-15 13:14:03.000,0.103322,0.114603,0.15964,1,22
2022-03-15 13:14:03.500,0.102703,0.114408,0.158731,1,22
2022-03-15 13:14:04.000,0.101621,0.113742,0.158363,1,22
2022-03-15 13:14:04.500,0.10295,0.114319,0.159337,1,22
2022-03-15 13:14:05.000,0.103847,0.11601,0.160412,1,22
2022-03-15 13:14:05.500,0.102671,0.114251,0.159254,1,22
2022-03-15 13:14:06.000,0.10286,0.114393,0.159466,1,22
2022-03-15 13:14:06.500,0.102283,0.113841,0.158519,1,22
2022-03-15 13:14:07.000,0.102241,0.113453,0.158216,1,22
2022-03-15 13:14:07.500,0.102824,0.114907,0.159107,1,22
2022-03-15 13:14:08.000,0.103259,0.114382,0.160329,1,22
2022-03-15 13:14:08.500,0.102414,0.114141,0.158896,1,22
2022-03-15 13:14:09.000,0.102997,0.114907,0.159034,1,22
2022-03-15 13:14:09.500,0.103359,0.115065,0.159649,1,22
2022-03-15 13:14:10.000,0.102698,0.11318,0.15885,1,22
2022-03-15 13:14:10.500,0.102535,0.113589,0.158896,1,22
2022-03-15 13:14:11.000,0.103375,0.114818,0.160495,1,22
2022-03-15 13:14:11.500,0.104063,0.115495,0.159925,1,22
2022-03-15 13:14:12.000,0.103606,0.115606,0.160311,1,22
2022-03-15 13:14:12.500,0.102304,0.114487,0.158813,1,22
2022-03-15 13:14:13.000,0.104026,0.11602,0.160265,1,22
2022-03-15 13:14:13.500,0.103391,0.115238,0.15896,1,22
2022-03-15 13:14:14.000,0.102703,0.114072,0.159429,1,22
2022-03-15 13:14:14.500,0.103359,0.115175,0.160109,1,22
2022-03-15 13:14:15.000,0.103448,0.114204,0.159254,1,22
2022-03-15 13:14:15.500,0.104772,0.115695,0.160917,1,22
2022-03-15 13:14:16.000,0.102918,0.114156,0.15806,1,22
2022-03-15 13:14:16.500,0.102104,0.11361,0.158271,1,22
2022-03-15 13:14:17.000,0.10253,0.113794,0.158418,1,22
2022-03-15 13:14:17.500,0.102178,0.113526,0.158234,1,22
2022-03-15 13:14:18.000,0.102556,0.113899,0.157885,1,22
2022-03-15 13:14:18.500,0.102666,0.114256,0.158538,1,22
2022-03-15 13:14:19.000,0.102461,0.114361,0.158308,1,22
2022-03-15 13:14:19.500,0.103039,0.11506,0.159346,1,22
2022-03-15 13:14:20.000,0.10359,0.114865,0.160035,1,22
2022-03-15 13:14:20.500,0.102782,0.114419,0.159695,1,22
2022-03-15 13:14:21.000,0.102724,0.114681,0.159346,1,22
2022-03-15 13:14:21.500,0.102519,0.114723,0.159521,1,22
2022-03-15 13:14:22.000,0.103338,0.114419,0.15908,1,22
2022-03-15 13:14:22.500,0.103464,0.114813,0.159254,1,22
2022-03-15 13:14:23.000,0.103469,0.114319,0.159943,1,22
2022-03-15 13:14:23.500,0.103396,0.115018,0.16032,1,22
2022-03-15 13:14:24.000,0.10348,0.11527,0.159273,1,22
2022-03-15 13:14:24.500,0.103721,0.11538,0.159447,1,22
2022-03-15 13:14:25.000,0.103149,0.114109,0.159208,1,22
2022-03-15 13:14:25.500,0.103569,0.115212,0.160099,1,22
2022-03-15 13:14:26.000,0.103312,0.114618,0.159144,1,22
2022-03-15 13:14:26.500,0.102419,0.114204,0.159539,1,22
2022-03-15 13:14:27.000,0.103417,0.114797,0.160109,1,22
2022-03-15 13:14:27.500,0.102944,0.114792,0.158988,1,22
2022-03-15 13:14:28.000,0.103433,0.114513,0.159466,1,22
2022-03-15 13:14:28.500,0.102509,0.114477,0.159015,1,22
2022-03-15 13:14:29.000,0.102661,0.11424,0.158611,1,22
2022-03-15 13:14:29.500,0.103616,0.115296,0.160099,1,22
2022-03-15 13:14:30.000,0.103018,0.114508,0.15919,1,22
2022-03-15 13:14:30.500,0.104089,0.116057,0.160779,1,22
2022-03-15 13:14:31.000,0.103695,0.114576,0.158914,1,22
2022-03-15 13:14:31.500,0.103926,0.114645,0.159502,1,22
2022-03-15 13:14:32.000,0.103517,0.114382,0.15862,1,22
2022-03-15 13:14:32.500,0.104089,0.116514,0.160853,1,22
2022-03-15 13:14:33.000,0.10275,0.114246,0.158409,1,22
2022-03-15 13:14:33.500,0.103501,0.114939,0.15998,1,22
2022-03-15 13:14:34.000,0.103317,0.114933,0.158859,1,22
2022-03-15 13:14:34.500,0.104903,0.116041,0.161174,1,22
2022-03-15 13:14:35.000,0.10442,0.115884,0.160145,1,22
2022-03-15 13:14:35.500,0.103343,0.114387,0.158317,1,22
2022-03-15 13:14:36.000,0.102755,0.114666,0.158905,1,22
2022-03-15 13:14:36.500,0.103202,0.114482,0.158988,1,22
2022-03-15 13:14:37.000,0.102892,0.114083,0.158455,1,22
2022-03-15 13:14:37.500,0.103448,0.115679,0.160072,1,22
2022-03-15 13:14:38.000,0.102125,0.113967,0.159236,1,22
2022-03-15 13:14:38.500,0.102603,0.115102,0.158749,1,22
2022-03-15 13:14:39.000,0.103685,0.114907,0.159245,1,22
2022-03-15 13:14:39.500,0.103275,0.115259,0.159998,1,22
2022-03-15 13:14:40.000,0.103317,0.115128,0.160035,1,22
2022-03-15 13:14:40.500,0.103564,0.115023,0.159548,1,22
2022-03-15 13:14:41.000,0.102682,0.114492,0.158767,1,22
2022-03-15 13:14:41.500,0.103553,0.11528,0.159567,1,22
2022-03-15 13:14:42.000,0.103585,0.115007,0.159842,1,22
2022-03-15 13:14:42.500,0.103165,0.114954,0.159199,1,22
2022-03-15 13:14:43.000,0.10316,0.114734,0.159512,1,22
2022-03-15 13:14:43.500,0.103853,0.115285,0.160761,1,22
2022-03-15 13:14:44.000,0.102913,0.114744,0.159319,1,22
2022-03-15 13:14:44.500,0.103217,0.115222,0.159126,1,22
2022-03-15 13:14:45.000,0.103853,0.116052,0.159631,1,22
2022-03-15 13:14:45.500,0.103947,0.114608,0.15919,1,22
2022-03-15 13:14:46.000,0.102488,0.11402,0.1593,1,22
2022-03-15 13:14:46.500,0.104724,0.115989,0.160366,1,22
2022-03-15 13:14:47.000,0.103538,0.114897,0.159649,1,22
2022-03-15 13:14:47.500,0.104147,0.115637,0.159668,1,22
2022-03-15 13:14:48.000,0.103385,0.114492,0.158767,1,22
2022-03-15 13:14:48.500,0.103118,0.115044,0.160044,1,22
2022-03-15 13:14:49.000,0.10265,0.114755,0.159254,1,22
2022-03-15 13:14:49.500,0.10337,0.114261,0.159006,1,22
2022-03-15 13:14:50.000,0.103921,0.115317,0.159631,1,22
2022-03-15 13:14:50.500,0.103013,0.114613,0.159116,1,22
2022-03-15 13:14:51.000,0.102734,0.114933,0.15964,1,22
2022-03-15 13:14:51.500,0.104283,0.116346,0.160789,1,22
2022-03-15 13:14:52.000,0.103637,0.115333,0.159181,1,22
2022-03-15 13:14:52.500,0.103779,0.115033,0.159282,1,22
2022-03-15 13:14:53.000,0.103375,0.115018,0.159649,1,22
2022-03-15 13:14:53.500,0.103994,0.115065,0.159034,1,22
2022-03-15 13:14:54.000,0.103144,0.114524,0.159429,1,22
2022-03-15 13:14:54.500,0.103223,0.115632,0.159934,1,22
2022-03-15 13:14:55.000,0.103732,0.115133,0.1593,1,22
2022-03-15 13:14:55.500,0.103842,0.115275,0.159567,1,22
2022-03-15 13:14:56.000,0.103721,0.115165,0.159824,1,22
2022-03-15 13:14:56.500,0.103606,0.115222,0.159861,1,22
2022-03-15 13:14:57.000,0.104047,0.116152,0.16009,1,22
2022-03-15 13:14:57.500,0.101611,0.11339,0.158372,1,22
2022-03-15 13:14:58.000,0.102514,0.114912,0.158859,1,22
2022-03-15 13:14:58.500,0.103538,0.114823,0.159034,1,22
2022-03-15 13:14:59.000,0.103611,0.115359,0.160035,1,22
2022-03-15 13:14:59.500,0.104373,0.116031,0.160008,1,22
2022-03-15 13:15:00.000,0.10286,0.115039,0.159208,1,22
2022-03-15 13:15:00.500,0.103774,0.116036,0.159557,1,22
2022-03-15 13:15:01.000,0.102839,0.114471,0.159025,1,22
2022-03-15 13:15:01.500,0.104052,0.115522,0.159622,1,22
2022-03-15 13:15:02.000,0.102645,0.11413,0.159071,1,22
2022-03-15 13:15:02.500,0.103055,0.11496,0.159107,1,22
2022-03-15 13:15:03.000,0.103454,0.114529,0.159576,1,22
2022-03-15 13:15:03.500,0.103832,0.115075,0.160568,1,22
2022-03-15 13:15:04.000,0.103475,0.114991,0.159254,1,22
2022-03-15 13:15:04.500,0.103328,0.114981,0.15964,1,22
2022-03-15 13:15:05.000,0.104126,0.115501,0.160651,1,22
2022-03-15 13:15:05.500,0.103758,0.114692,0.160081,1,22
2022-03-15 13:15:06.000,0.103501,0.114739,0.15908,1,22
2022-03-15 13:15:06.500,0.103622,0.114849,0.159815,1,22
2022-03-15 13:15:07.000,0.10306,0.114739,0.15863,1,22
2022-03-15 13:15:07.500,0.103343,0.11527,0.159649,1,22
2022-03-15 13:15:08.000,0.103569,0.114687,0.159401,1,22
2022-03-15 13:15:08.500,0.104315,0.116377,0.160145,1,22
2022-03-15 13:15:09.000,0.10275,0.114466,0.158639,1,22
2022-03-15 13:15:09.500,0.103884,0.115606,0.160145,1,22
2022-03-15 13:15:10.000,0.103616,0.115254,0.159934,1,22
2022-03-15 13:15:10.500,0.103097,0.114424,0.15851,1,22
2022-03-15 13:15:11.000,0.10295,0.114177,0.15885,1,22
2022-03-15 13:15:11.500,0.103181,0.11445,0.15964,1,22
2022-03-15 13:15:12.000,0.1038,0.115747,0.160063,1,22
2022-03-15 13:15:12.500,0.103412,0.114282,0.160081,1,22
2022-03-15 13:15:13.000,0.102645,0.114204,0.159383,1,22
2022-03-15 13:15:13.500,0.103133,0.114282,0.159613,1,22
2022-03-15 13:15:14.000,0.103559,0.115154,0.160219,1,22
2022-03-15 13:15:14.500,0.104042,0.115469,0.159677,1,22
2022-03-15 13:15:15.000,0.103916,0.115133,0.159787,1,22
2022-03-15 13:15:15.500,0.103658,0.115275,0.159052,1,22
2022-03-15 13:15:16.000,0.104278,0.115354,0.159557,1,22
2022-03-15 13:15:16.500,0.104467,0.115511,0.160219,1,22
2022-03-15 13:15:17.000,0.103711,0.114949,0.15953,1,22
2022-03-15 13:15:17.500,0.102813,0.114072,0.159126,1,22
2022-03-15 13:15:18.000,0.103706,0.115201,0.159374,1,22
2022-03-15 13:15:18.500,0.102787,0.114393,0.158666,1,22
2022-03-15 13:15:19.000,0.103144,0.114314,0.158878,1,22
2022-03-15 13:15:19.500,0.102908,0.114387,0.158832,1,22
2022-03-15 13:15:20.000,0.104341,0.115648,0.159456,1,22
2022-03-15 13:15:20.500,0.10286,0.115448,0.15975,1,22
2022-03-15 13:15:21.000,0.102845,0.114855,0.159098,1,22
2022-03-15 13:15:21.500,0.102834,0.114445,0.158896,1,22
2022-03-15 13:15:22.000,0.104063,0.11486,0.159447,1,22
2022-03-15 13:15:22.500,0.103107,0.114435,0.158868,1,22
2022-03-15 13:15:23.000,0.104021,0.115406,0.158777,1,22
2022-03-15 13:15:23.500,0.103322,0.115081,0.158951,1,22
2022-03-15 13:15:24.000,0.103606,0.11497,0.159429,1,22
2022-03-15 13:15:24.500,0.103301,0.114923,0.15942,1,22
2022-03-15 13:15:25.000,0.103727,0.115054,0.159668,1,22
2022-03-15 13:15:25.500,0.103354,0.11497,0.158951,1,22
2022-03-15 13:15:26.000,0.103065,0.114387,0.158942,1,22
2022-03-15 13:15:26.500,0.104199,0.115007,0.159135,1,22
2022-03-15 13:15:27.000,0.104268,0.115931,0.160044,1,22
2022-03-15 13:15:27.500,0.103364,0.113994,0.158336,1,22
2022-03-15 13:15:28.000,0.103574,0.115238,0.159824,1,22
2022-03-15 13:15:28.500,0.103385,0.114755,0.159116,1,22
2022-03-15 13:15:29.000,0.102824,0.114571,0.158216,1,22
2022-03-15 13:15:29.500,0.103811,0.11496,0.159539,1,22
2022-03-15 13:15:30.000,0.102939,0.114881,0.159107,1,22
2022-03-15 13:15:30.500,0.103333,0.11434,0.159107,1,22
2022-03-15 13:15:31.000,0.104373,0.114723,0.15942,1,22
2022-03-15 13:15:31.500,0.103569,0.115658,0.160182,1,22
2022-03-15 13:15:32.000,0.103412,0.114576,0.15919,1,22
2022-03-15 13:15:32.500,0.102509,0.114099,0.158271,1,22
2022-03-15 13:15:33.000,0.103417,0.114949,0.158721,1,22
2022-03-15 13:15:33.500,0.103485,0.114403,0.159429,1,22
2022-03-15 13:15:34.000,0.104262,0.115254,0.160513,1,22
2022-03-15 13:15:34.500,0.103139,0.114734,0.15953,1,22
2022-03-15 13:15:35.000,0.103637,0.115154,0.160237,1,22
2022-03-15 13:15:35.500,0.103307,0.11465,0.158593,1,22
2022-03-15 13:15:36.000,0.103527,0.114771,0.158731,1,22
2022-03-15 13:15:36.500,0.10337,0.11413,0.159392,1,22
2022-03-15 13:15:37.000,0.103968,0.115553,0.160081,1,22
2022-03-15 13:15:37.500,0.104215,0.115191,0.160283,1,22
2022-03-15 13:15:38.000,0.103853,0.115159,0.159649,1,22
2022-03-15 13:15:38.500,0.103585,0.115348,0.159594,1,22
2022-03-15 13:15:39.000,0.104141,0.115338,0.159833,1,22
2022-03-15 13:15:39.500,0.104273,0.115679,0.159796,1,22
2022-03-15 13:15:40.000,0.104094,0.115417,0.160237,1,22
2022-03-15 13:15:40.500,0.102519,0.114939,0.158657,1,22
2022-03-15 13:15:41.000,0.103317,0.114708,0.159521,1,22
2022-03-15 13:15:41.500,0.103648,0.115102,0.15987,1,22
2022-03-15 13:15:42.000,0.103343,0.114891,0.159309,1,22
2022-03-15 13:15:42.500,0.104499,0.11612,0.160237,1,22
2022-03-15 13:15:43.000,0.104362,0.115863,0.160605,1,22
2022-03-15 13:15:43.500,0.104409,0.116026,0.160697,1,22
2022-03-15 13:15:44.000,0.104304,0.11591,0.159925,1,22
2022-03-15 13:15:44.500,0.104567,0.11569,0.158951,1,22
2022-03-15 13:15:45.000,0.102771,0.11486,0.159236,1,22
2022-03-15 13:15:45.500,0.10317,0.114844,0.158914,1,22
2022-03-15 13:15:46.000,0.103301,0.114818,0.158942,1,22
2022-03-15 13:15:46.500,0.103118,0.115212,0.159695,1,22
2022-03-15 13:15:47.000,0.103291,0.114587,0.158363,1,22
2022-03-15 13:15:47.500,0.103695,0.114797,0.159796,1,22
2022-03-15 13:15:48.000,0.102808,0.114288,0.159025,1,22
2022-03-15 13:15:48.500,0.103611,0.114886,0.159144,1,22
2022-03-15 13:15:49.000,0.104352,0.11518,0.160072,1,22
2022-03-15 13:15:49.500,0.103564,0.11527,0.159502,1,22
2022-03-15 13:15:50.000,0.102824,0.114713,0.158887,1,22
2022-03-15 13:15:50.500,0.104021,0.116556,0.160605,1,22
2022-03-15 13:15:51.000,0.104152,0.11528,0.15976,1,22
2022-03-15 13:15:51.500,0.10306,0.114828,0.158648,1,22
2022-03-15 13:15:52.000,0.10328,0.115359,0.159374,1,22
2022-03-15 13:15:52.500,0.10286,0.114461,0.158657,1,22
2022-03-15 13:15:53.000,0.102645,0.114508,0.159429,1,22
2022-03-15 13:15:53.500,0.104163,0.11559,0.160642,1,22
2022-03-15 13:15:54.000,0.102876,0.114687,0.159061,1,22
2022-03-15 13:15:54.500,0.104457,0.115396,0.160063,1,22
2022-03-15 13:15:55.000,0.103469,0.115091,0.159071,1,22
2022-03-15 13:15:55.500,0.103695,0.115432,0.159686,1,22
2022-03-15 13:15:56.000,0.102377,0.113915,0.158951,1,22
2022-03-15 13:15:56.500,0.104,0.115669,0.160393,1,22
2022-03-15 13:15:57.000,0.103574,0.115002,0.159585,1,22
2022-03-15 13:15:57.500,0.103307,0.114891,0.159557,1,22
2022-03-15 13:15:58.000,0.103118,0.115569,0.159521,1,22
2022-03-15 13:15:58.500,0.104141,0.115947,0.160311,1,22
2022-03-15 13:15:59.000,0.104163,0.115737,0.160063,1,22
2022-03-15 13:15:59.500,0.103832,0.115658,0.160302,1,22
2022-03-15 13:16:00.000,0.103217,0.114188,0.159475,1,22
2022-03-15 13:16:00.500,0.103485,0.115222,0.15941,1,22
2022-03-15 13:16:01.000,0.103086,0.115359,0.159456,1,22
2022-03-15 13:16:01.500,0.103721,0.115422,0.159116,1,22
2022-03-15 13:16:02.000,0.1039,0.11507,0.159778,1,22
2022-03-15 13:16:02.500,0.103196,0.11497,0.159769,1,22
2022-03-15 13:16:03.000,0.102577,0.113894,0.158446,1,22
2022-03-15 13:16:03.500,0.103643,0.115249,0.159337,1,22
2022-03-15 13:16:04.000,0.103863,0.115411,0.159613,1,22
2022-03-15 13:16:04.500,0.103984,0.115726,0.160761,1,22
2022-03-15 13:16:05.000,0.103658,0.114865,0.159962,1,22
2022-03-15 13:16:05.500,0.103485,0.114907,0.159659,1,22
2022-03-15 13:16:06.000,0.10327,0.115375,0.159567,1,22
2022-03-15 13:16:06.500,0.103128,0.114319,0.158767,1,22
2022-03-15 13:16:07.000,0.102981,0.114855,0.159401,1,22
2022-03-15 13:16:07.500,0.1039,0.115306,0.158731,1,22
2022-03-15 13:16:08.000,0.103359,0.114834,0.159842,1,22
2022-03-15 13:16:08.500,0.102986,0.114849,0.160063,1,22
2022-03-15 13:16:09.000,0.103207,0.115285,0.160283,1,22
2022-03-15 13:16:09.500,0.103265,0.115616,0.159383,1,22
2022-03-15 13:16:10.000,0.103601,0.115438,0.159208,1,22
2022-03-15 13:16:10.500,0.101931,0.113889,0.158143,1,22
2022-03-15 13:16:11.000,0.103212,0.114372,0.15942,1,22
2022-03-15 13:16:11.500,0.103039,0.114881,0.159796,1,22
2022-03-15 13:16:12.000,0.103228,0.114928,0.160136,1,22
2022-03-15 13:16:12.500,0.102824,0.114146,0.158657,1,22
2022-03-15 13:16:13.000,0.102503,0.115033,0.159585,1,22
2022-03-15 13:16:13.500,0.10317,0.114687,0.159659,1,22
2022-03-15 13:16:14.000,0.10358,0.115653,0.159603,1,22
2022-03-15 13:16:14.500,0.103622,0.115543,0.159851,1,22
2022-03-15 13:16:15.000,0.103065,0.114435,0.159383,1,22
2022-03-15 13:16:15.500,0.103301,0.114939,0.159466,1,22
2022-03-15 13:16:16.000,0.103685,0.114576,0.160026,1,22
2022-03-15 13:16:16.500,0.104099,0.115312,0.159796,1,22
2022-03-15 13:16:17.000,0.102866,0.11403,0.159309,1,22
2022-03-15 13:16:17.500,0.103748,0.115863,0.160136,1,22
2022-03-15 13:16:18.000,0.104178,0.1158,0.15975,1,22
2022-03-15 13:16:18.500,0.10265,0.114508,0.159089,1,22
2022-03-15 13:16:19.000,0.102451,0.113757,0.158914,1,22
2022-03-15 13:16:19.500,0.103464,0.114482,0.159438,1,22
2022-03-15 13:16:20.000,0.102881,0.114755,0.159015,1,22
2022-03-15 13:16:20.500,0.104157,0.115018,0.15941,1,22
2022-03-15 13:16:21.000,0.102729,0.114645,0.159824,1,22
2022-03-15 13:16:21.500,0.102855,0.114576,0.159392,1,22
2022-03-15 13:16:22.000,0.103921,0.115711,0.15976,1,22
2022-03-15 13:16:22.500,0.103286,0.114713,0.158666,1,22
2022-03-15 13:16:23.000,0.102199,0.114876,0.158712,1,22
2022-03-15 13:16:23.500,0.102698,0.114986,0.159218,1,22
2022-03-15 13:16:24.000,0.103706,0.114477,0.159015,1,22
2022-03-15 13:16:24.500,0.103186,0.114393,0.158997,1,22
2022-03-15 13:16:25.000,0.103007,0.113852,0.15908,1,22
2022-03-15 13:16:25.500,0.102682,0.113941,0.159263,1,22
2022-03-15 13:16:26.000,0.102708,0.114225,0.158427,1,22
2022-03-15 13:16:26.500,0.103406,0.115364,0.159659,1,22
2022-03-15 13:16:27.000,0.102677,0.114319,0.158933,1,22
2022-03-15 13:16:27.500,0.10317,0.114377,0.158822,1,22
2022-03-15 13:16:28.000,0.102603,0.114177,0.158933,1,22
2022-03-15 13:16:28.500,0.10349,0.115406,0.159943,1,22
2022-03-15 13:16:29.000,0.103007,0.114865,0.158675,1,22
2022-03-15 13:16:29.500,0.103328,0.114256,0.158841,1,22
2022-03-15 13:16:30.000,0.103653,0.115438,0.159631,1,22
2022-03-15 13:16:30.500,0.104226,0.114976,0.159631,1,22
2022-03-15 13:16:31.000,0.103973,0.114828,0.160063,1,22
2022-03-15 13:16:31.500,0.103412,0.114403,0.159153,1,22
2022-03-15 13:16:32.000,0.103443,0.115144,0.16021,1,22
2022-03-15 13:16:32.500,0.103097,0.115348,0.158767,1,22
2022-03-15 13:16:33.000,0.103202,0.11496,0.159677,1,22
2022-03-15 13:16:33.500,0.103013,0.115012,0.15942,1,22
2022-03-15 13:16:34.000,0.102776,0.114676,0.159466,1,22
2022-03-15 13:16:34.500,0.104483,0.115511,0.160256,1,22
2022-03-15 13:16:35.000,0.104325,0.115674,0.160678,1,22
2022-03-15 13:16:35.500,0.102724,0.114351,0.158685,1,22
2022-03-15 13:16:36.000,0.103223,0.114897,0.159594,1,22
2022-03-15 13:16:36.500,0.103128,0.114876,0.159153,1,22
2022-03-15 13:16:37.000,0.103769,0.115212,0.159677,1,22
2022-03-15 13:16:37.500,0.103842,0.115264,0.159015,1,22
2022-03-15 13:16:38.000,0.103065,0.113973,0.1593,1,22
2022-03-15 13:16:38.500,0.103196,0.114393,0.159989,1,22
2022-03-15 13:16:39.000,0.103559,0.115595,0.159677,1,22
2022-03-15 13:16:39.500,0.102519,0.114125,0.158758,1,22
2022-03-15 13:16:40.000,0.103847,0.115254,0.159851,1,22
2022-03-15 13:16:40.500,0.103711,0.115123,0.160256,1,22
2022-03-15 13:16:41.000,0.104115,0.11601,0.160412,1,22
2022-03-15 13:16:41.500,0.104194,0.115543,0.160136,1,22
2022-03-15 13:16:42.000,0.103963,0.115364,0.159521,1,22
2022-03-15 13:16:42.500,0.103286,0.11454,0.159686,1,22
2022-03-15 13:16:43.000,0.10327,0.115212,0.160044,1,22
2022-03-15 13:16:43.500,0.103601,0.115333,0.159328,1,22
2022-03-15 13:16:44.000,0.103853,0.115222,0.159622,1,22
2022-03-15 13:16:44.500,0.103233,0.114897,0.159567,1,22
2022-03-15 13:16:45.000,0.103653,0.115222,0.16043,1,22
2022-03-15 13:16:45.500,0.103412,0.114828,0.159466,1,22
2022-03-15 13:16:46.000,0.104394,0.115768,0.160099,1,22
2022-03-15 13:16:46.500,0.104798,0.116062,0.160669,1,22
2022-03-15 13:16:47.000,0.103396,0.115201,0.16021,1,22
2022-03-15 13:16:47.500,0.104215,0.11506,0.160228,1,22
2022-03-15 13:16:48.000,0.10327,0.114907,0.159686,1,22
2022-03-15 13:16:48.500,0.103522,0.115028,0.159218,1,22
2022-03-15 13:16:49.000,0.103606,0.11434,0.159704,1,22
2022-03-15 13:16:49.500,0.103364,0.114083,0.158767,1,22
2022-03-15 13:16:50.000,0.103858,0.115522,0.160237,1,22
2022-03-15 13:16:50.500,0.10337,0.115081,0.159126,1,22
2022-03-15 13:16:51.000,0.103459,0.114891,0.160008,1,22
2022-03-15 13:16:51.500,0.103328,0.114519,0.159668,1,22
2022-03-15 13:16:52.000,0.102845,0.114209,0.15862,1,22
2022-03-15 13:16:52.500,0.103517,0.114377,0.159328,1,22
2022-03-15 13:16:53.000,0.102782,0.114487,0.159116,1,22
2022-03-15 13:16:53.500,0.103942,0.115726,0.160191,1,22
2022-03-15 13:16:54.000,0.104404,0.116251,0.160155,1,22
2022-03-15 13:16:54.500,0.104493,0.115805,0.160063,1,22
2022-03-15 13:16:55.000,0.103317,0.115112,0.160035,1,22
2022-03-15 13:16:55.500,0.103784,0.115648,0.160972,1,22
2022-03-15 13:16:56.000,0.103559,0.115789,0.160605,1,22
2022-03-15 13:16:56.500,0.103522,0.115018,0.159594,1,22
2022-03-15 13:16:57.000,0.105234,0.11623,0.160991,1,22
2022-03-15 13:16:57.500,0.103606,0.115217,0.16055,1,22
2022-03-15 13:16:58.000,0.103448,0.115747,0.159851,1,22
2022-03-15 13:16:58.500,0.104168,0.115957,0.16032,1,22
2022-03-15 13:16:59.000,0.103375,0.114897,0.159034,1,22
2022-03-15 13:16:59.500,0.102377,0.114151,0.158979,1,22
2022-03-15 13:17:00.000,0.103391,0.115364,0.159668,1,22
2022-03-15 13:17:00.500,0.103039,0.114981,0.15941,1,22
2022-03-15 13:17:01.000,0.103322,0.114177,0.158896,1,22
2022-03-15 13:17:01.500,0.103307,0.114508,0.158933,1,22
2022-03-15 13:17:02.000,0.103191,0.114267,0.159144,1,22
2022-03-15 13:17:02.500,0.103249,0.11444,0.158896,1,22
2022-03-15 13:17:03.000,0.10316,0.115159,0.159438,1,22
2022-03-15 13:17:03.500,0.103427,0.114534,0.159659,1,22
2022-03-15 13:17:04.000,0.103748,0.115648,0.160265,1,22
2022-03-15 13:17:04.500,0.103522,0.11486,0.159181,1,22
2022-03-15 13:17:05.000,0.103779,0.115264,0.15942,1,22
2022-03-15 13:17:05.500,0.103517,0.114828,0.159631,1,22
2022-03-15 13:17:06.000,0.103149,0.114645,0.159585,1,22
2022-03-15 13:17:06.500,0.103963,0.11528,0.160458,1,22
2022-03-15 13:17:07.000,0.103175,0.114802,0.15908,1,22
2022-03-15 13:17:07.500,0.103107,0.115018,0.158905,1,22
2022-03-15 13:17:08.000,0.10379,0.115663,0.16055,1,22
2022-03-15 13:17:08.500,0.10422,0.11581,0.160476,1,22
2022-03-15 13:17:09.000,0.103427,0.115049,0.159888,1,22
2022-03-15 13:17:09.500,0.104357,0.116288,0.160834,1,22
2022-03-15 13:17:10.000,0.103795,0.116015,0.160779,1,22
2022-03-15 13:17:10.500,0.103443,0.114345,0.159328,1,22
2022-03-15 13:17:11.000,0.104409,0.115684,0.160733,1,22
2022-03-15 13:17:11.500,0.103034,0.114865,0.158905,1,22
2022-03-15 13:17:12.000,0.10369,0.114954,0.159135,1,22
2022-03-15 13:17:12.500,0.102829,0.11424,0.15953,1,22
2022-03-15 13:17:13.000,0.103002,0.114466,0.15987,1,22
2022-03-15 13:17:13.500,0.103002,0.114613,0.159071,1,22
2022-03-15 13:17:14.000,0.103406,0.114991,0.159851,1,22
2022-03-15 13:17:14.500,0.104241,0.115406,0.159962,1,22
2022-03-15 13:17:15.000,0.104147,0.115543,0.160237,1,22
2022-03-15 13:17:15.500,0.102829,0.114513,0.159622,1,22
2022-03-15 13:17:16.000,0.103795,0.11581,0.160348,1,22
2022-03-15 13:17:16.500,0.104026,0.115217,0.158979,1,22
2022-03-15 13:17:17.000,0.102782,0.114251,0.15885,1,22
2022-03-15 13:17:17.500,0.103643,0.114713,0.158675,1,22
2022-03-15 13:17:18.000,0.103574,0.114739,0.15896,1,22
2022-03-15 13:17:18.500,0.103979,0.115044,0.15987,1,22
2022-03-15 13:17:19.000,0.104152,0.115831,0.160522,1,22
2022-03-15 13:17:19.500,0.104583,0.116404,0.160081,1,22
2022-03-15 13:17:20.000,0.104667,0.115564,0.159741,1,22
2022-03-15 13:17:20.500,0.103396,0.115359,0.158749,1,22
2022-03-15 13:17:21.000,0.102656,0.114587,0.159181,1,22
2022-03-15 13:17:21.500,0.103601,0.115721,0.159447,1,22
2022-03-15 13:17:22.000,0.102661,0.114099,0.158822,1,22
2022-03-15 13:17:22.500,0.103522,0.114393,0.159668,1,22
2022-03-15 13:17:23.000,0.102645,0.113752,0.158547,1,22
2022-03-15 13:17:23.500,0.103448,0.114314,0.158602,1,22
2022-03-15 13:17:24.000,0.102792,0.114025,0.159144,1,22
2022-03-15 13:17:24.500,0.102372,0.11403,0.158519,1,22
2022-03-15 13:17:25.000,0.10327,0.114597,0.159805,1,22
2022-03-15 13:17:25.500,0.102645,0.114382,0.159107,1,22
2022-03-15 13:17:26.000,0.102981,0.115012,0.159199,1,22
2022-03-15 13:17:26.500,0.104205,0.115863,0.159613,1,22
2022-03-15 13:17:27.000,0.103154,0.113815,0.159337,1,22
2022-03-15 13:17:27.500,0.102514,0.113537,0.158473,1,22
2022-03-15 13:17:28.000,0.104845,0.115747,0.160393,1,22
2022-03-15 13:17:28.500,0.103889,0.116178,0.160173,1,22
2022-03-15 13:17:29.000,0.102897,0.114109,0.159227,1,22
2022-03-15 13:17:29.500,0.103779,0.114723,0.159594,1,22
2022-03-15 13:17:30.000,0.10265,0.114902,0.159594,1,22
2022-03-15 13:17:30.500,0.102876,0.114666,0.159162,1,22
2022-03-15 13:17:31.000,0.103144,0.114015,0.159603,1,22
2022-03-15 13:17:31.500,0.103212,0.114487,0.159227,1,22
2022-03-15 13:17:32.000,0.1039,0.11465,0.158675,1,22
2022-03-15 13:17:32.500,0.103679,0.115275,0.159594,1,22
2022-03-15 13:17:33.000,0.103275,0.1156,0.159732,1,22
2022-03-15 13:17:33.500,0.103154,0.115128,0.159732,1,22
2022-03-15 13:17:34.000,0.104945,0.116666,0.160945,1,22
2022-03-15 13:17:34.500,0.103349,0.114508,0.159273,1,22
2022-03-15 13:17:35.000,0.104514,0.116078,0.160035,1,22
2022-03-15 13:17:35.500,0.103963,0.115186,0.159603,1,22
2022-03-15 13:17:36.000,0.103338,0.114162,0.15874,1,22
2022-03-15 13:17:36.500,0.103837,0.115385,0.15942,1,22
2022-03-15 13:17:37.000,0.103543,0.115259,0.159916,1,22
2022-03-15 13:17:37.500,0.104761,0.115737,0.160421,1,22
2022-03-15 13:17:38.000,0.102971,0.114876,0.159429,1,22
2022-03-15 13:17:38.500,0.10369,0.114912,0.160412,1,22
2022-03-15 13:17:39.000,0.102992,0.114886,0.160145,1,22
2022-03-15 13:17:39.500,0.103779,0.11549,0.159484,1,22
2022-03-15 13:17:40.000,0.103013,0.114162,0.158584,1,22
2022-03-15 13:17:40.500,0.103821,0.115275,0.160228,1,22
2022-03-15 13:17:41.000,0.103716,0.115385,0.159805,1,22
2022-03-15 13:17:41.500,0.103055,0.114288,0.159851,1,22
2022-03-15 13:17:42.000,0.103469,0.115333,0.159778,1,22
2022-03-15 13:17:42.500,0.103396,0.114487,0.159162,1,22
2022-03-15 13:17:43.000,0.103496,0.114503,0.159613,1,22
2022-03-15 13:17:43.500,0.103112,0.114792,0.159052,1,22
2022-03-15 13:17:44.000,0.103931,0.115485,0.160054,1,22
2022-03-15 13:17:44.500,0.102761,0.114524,0.158942,1,22
2022-03-15 13:17:45.000,0.104078,0.115427,0.159512,1,22
2022-03-15 13:17:45.500,0.103422,0.114445,0.158979,1,22
2022-03-15 13:17:46.000,0.104126,0.115847,0.160522,1,22
2022-03-15 13:17:46.500,0.10317,0.115175,0.160522,1,22
2022-03-15 13:17:47.000,0.103244,0.114629,0.159714,1,22
2022-03-15 13:17:47.500,0.104,0.115637,0.160513,1,22
2022-03-15 13:17:48.000,0.103438,0.115763,0.159659,1,22
2022-03-15 13:17:48.500,0.103805,0.11539,0.159934,1,22
2022-03-15 13:17:49.000,0.102908,0.114498,0.159438,1,22
2022-03-15 13:17:49.500,0.10411,0.115023,0.159043,1,22
2022-03-15 13:17:50.000,0.103706,0.114823,0.159034,1,22
2022-03-15 13:17:50.500,0.10244,0.114314,0.158997,1,22
2022-03-15 13:17:51.000,0.102703,0.113873,0.15829,1,22
2022-03-15 13:17:51.500,0.103532,0.115102,0.159263,1,22
2022-03-15 13:17:52.000,0.103265,0.115018,0.158584,1,22
2022-03-15 13:17:52.500,0.103081,0.114288,0.15941,1,22
2022-03-15 13:17:53.000,0.103039,0.114723,0.159346,1,22
2022-03-15 13:17:53.500,0.103175,0.114907,0.15987,1,22
2022-03-15 13:17:54.000,0.10369,0.115842,0.160338,1,22
2022-03-15 13:17:54.500,0.103622,0.115112,0.158859,1,22
2022-03-15 13:17:55.000,0.103769,0.115217,0.160127,1,22
2022-03-15 13:17:55.500,0.103784,0.115385,0.159631,1,22
2022-03-15 13:17:56.000,0.104304,0.116577,0.160026,1,22
2022-03-15 13:17:56.500,0.103091,0.115123,0.15942,1,22
2022-03-15 13:17:57.000,0.102419,0.114608,0.15941,1,22
2022-03-15 13:17:57.500,0.102997,0.114613,0.158887,1,22
2022-03-15 13:17:58.000,0.102971,0.114802,0.159447,1,22
2022-03-15 13:17:58.500,0.103443,0.114471,0.159695,1,22
2022-03-15 13:17:59.000,0.103202,0.115028,0.159649,1,22
2022-03-15 13:17:59.500,0.102771,0.114414,0.158685,1,22
2022-03-15 13:18:00.000,0.102356,0.113605,0.158593,1,22
2022-03-15 13:18:00.500,0.10295,0.114813,0.159548,1,22
2022-03-15 13:18:01.000,0.104147,0.115747,0.160338,1,22
2022-03-15 13:18:01.500,0.103564,0.11506,0.159723,1,22
2022-03-15 13:18:02.000,0.104021,0.115585,0.160155,1,22
2022-03-15 13:18:02.500,0.103527,0.114792,0.159934,1,22
2022-03-15 13:18:03.000,0.103858,0.115275,0.160127,1,22
2022-03-15 13:18:03.500,0.102724,0.115159,0.159659,1,22
2022-03-15 13:18:04.000,0.102472,0.115123,0.159723,1,22
2022-03-15 13:18:04.500,0.102708,0.11445,0.159227,1,22
2022-03-15 13:18:05.000,0.103506,0.115186,0.159208,1,22
2022-03-15 13:18:05.500,0.103417,0.115007,0.158997,1,22
2022-03-15 13:18:06.000,0.104052,0.115501,0.160054,1,22
2022-03-15 13:18:06.500,0.102724,0.114456,0.159539,1,22
2022-03-15 13:18:07.000,0.103611,0.115695,0.16043,1,22
2022-03-15 13:18:07.500,0.104136,0.115464,0.16089,1,22
2022-03-15 13:18:08.000,0.103091,0.11476,0.159833,1,22
2022-03-15 13:18:08.500,0.103123,0.115375,0.159741,1,22
2022-03-15 13:18:09.000,0.103149,0.114398,0.159172,1,22
2022-03-15 13:18:09.500,0.102818,0.11466,0.159199,1,22
2022-03-15 13:18:10.000,0.103438,0.114823,0.159787,1,22
2022-03-15 13:18:10.500,0.103669,0.11507,0.160403,1,22
2022-03-15 13:18:11.000,0.103784,0.115658,0.160568,1,22
2022-03-15 13:18:11.500,0.102314,0.113994,0.158418,1,22
2022-03-15 13:18:12.000,0.103648,0.115138,0.159805,1,22
2022-03-15 13:18:12.500,0.103517,0.115548,0.16009,1,22
2022-03-15 13:18:13.000,0.102267,0.113731,0.15885,1,22
2022-03-15 13:18:13.500,0.103842,0.115138,0.160044,1,22
2022-03-15 13:18:14.000,0.103039,0.114435,0.158483,1,22
2022-03-15 13:18:14.500,0.10358,0.114897,0.159576,1,22
2022-03-15 13:18:15.000,0.103427,0.115432,0.160081,1,22
2022-03-15 13:18:15.500,0.102708,0.114088,0.15919,1,22
2022-03-15 13:18:16.000,0.102908,0.114666,0.158749,1,22
2022-03-15 13:18:16.500,0.103522,0.11466,0.159576,1,22
2022-03-15 13:18:17.000,0.103002,0.115154,0.159089,1,22
2022-03-15 13:18:17.500,0.103412,0.114891,0.159962,1,22
2022-03-15 13:18:18.000,0.10349,0.115474,0.160531,1,22
2022-03-15 13:18:18.500,0.103847,0.115579,0.159613,1,22
2022-03-15 13:18:19.000,0.103779,0.115275,0.160219,1,22
2022-03-15 13:18:19.500,0.103847,0.11633,0.16055,1,22
2022-03-15 13:18:20.000,0.10401,0.115711,0.160991,1,22
2022-03-15 13:18:20.500,0.103186,0.115207,0.159309,1,22
2022-03-15 13:18:21.000,0.103427,0.11538,0.159649,1,22
2022-03-15 13:18:21.500,0.103758,0.115831,0.159897,1,22
2022-03-15 13:18:22.000,0.103165,0.114891,0.159071,1,22
2022-03-15 13:18:22.500,0.102026,0.113862,0.158905,1,22
2022-03-15 13:18:23.000,0.10327,0.114723,0.159631,1,22
2022-03-15 13:18:23.500,0.103396,0.114797,0.159567,1,22
2022-03-15 13:18:24.000,0.103942,0.115606,0.159374,1,22
2022-03-15 13:18:24.500,0.10328,0.11466,0.158832,1,22
2022-03-15 13:18:25.000,0.104236,0.115842,0.160614,1,22
2022-03-15 13:18:25.500,0.103265,0.114907,0.160191,1,22
2022-03-15 13:18:26.000,0.10337,0.114739,0.159916,1,22
2022-03-15 13:18:26.500,0.103149,0.115023,0.159971,1,22
2022-03-15 13:18:27.000,0.104751,0.115627,0.16021,1,22
2022-03-15 13:18:27.500,0.104535,0.115984,0.160145,1,22
2022-03-15 13:18:28.000,0.103181,0.115096,0.159429,1,22
2022-03-15 13:18:28.500,0.10316,0.114976,0.159943,1,22
2022-03-15 13:18:29.000,0.103963,0.116535,0.16054,1,22
2022-03-15 13:18:29.500,0.10327,0.114634,0.159355,1,22
2022-03-15 13:18:30.000,0.103233,0.114324,0.158813,1,22
2022-03-15 13:18:30.500,0.102934,0.114639,0.159429,1,22
2022-03-15 13:18:31.000,0.10316,0.115564,0.160044,1,22
2022-03-15 13:18:31.500,0.10443,0.116073,0.160724,1,22
2022-03-15 13:18:32.000,0.103706,0.11548,0.159557,1,22
2022-03-15 13:18:32.500,0.103653,0.114293,0.159594,1,22
2022-03-15 13:18:33.000,0.103774,0.114891,0.159227,1,22
2022-03-15 13:18:33.500,0.103102,0.11476,0.159089,1,22
2022-03-15 13:18:34.000,0.102992,0.114492,0.159043,1,22
2022-03-15 13:18:34.500,0.103632,0.115369,0.16066,1,22
2022-03-15 13:18:35.000,0.10349,0.11539,0.160412,1,22
2022-03-15 13:18:35.500,0.103832,0.115459,0.160164,1,22
2022-03-15 13:18:36.000,0.103511,0.113689,0.159135,1,22
2022-03-15 13:18:36.500,0.103658,0.11527,0.160495,1,22
2022-03-15 13:18:37.000,0.10265,0.114482,0.158933,1,22
2022-03-15 13:18:37.500,0.103433,0.115249,0.159888,1,22
2022-03-15 13:18:38.000,0.104262,0.115375,0.160862,1,22
2022-03-15 13:18:38.500,0.102545,0.114849,0.159723,1,22
2022-03-15 13:18:39.000,0.103695,0.115632,0.160118,1,22
2022-03-15 13:18:39.500,0.103475,0.115233,0.159704,1,22
2022-03-15 13:18:40.000,0.104304,0.1157,0.160577,1,22
2022-03-15 13:18:40.500,0.103417,0.11506,0.159989,1,22
2022-03-15 13:18:41.000,0.103401,0.115081,0.160044,1,22
2022-03-15 13:18:41.500,0.103538,0.115474,0.159383,1,22
2022-03-15 13:18:42.000,0.103233,0.114876,0.159475,1,22
2022-03-15 13:18:42.500,0.103454,0.114309,0.159557,1,22
2022-03-15 13:18:43.000,0.102514,0.114235,0.158924,1,22
2022-03-15 13:18:43.500,0.10391,0.114555,0.159879,1,22
2022-03-15 13:18:44.000,0.103805,0.114855,0.159144,1,22
2022-03-15 13:18:44.500,0.103606,0.114997,0.159576,1,22
2022-03-15 13:18:45.000,0.102955,0.113563,0.158841,1,22
2022-03-15 13:18:45.500,0.103763,0.115243,0.160099,1,22
2022-03-15 13:18:46.000,0.10349,0.114676,0.158924,1,22
2022-03-15 13:18:46.500,0.103364,0.115138,0.159704,1,22
2022-03-15 13:18:47.000,0.103564,0.115369,0.159732,1,22
2022-03-15 13:18:47.500,0.103601,0.114723,0.159263,1,22
2022-03-15 13:18:48.000,0.103385,0.114608,0.159668,1,22
2022-03-15 13:18:48.500,0.103511,0.115264,0.159971,1,22
2022-03-15 13:18:49.000,0.103343,0.115228,0.159659,1,22
2022-03-15 13:18:49.500,0.103669,0.11454,0.159502,1,22
2022-03-15 13:18:50.000,0.104955,0.115784,0.161441,1,22
2022-03-15 13:18:50.500,0.103364,0.11454,0.159392,1,22
2022-03-15 13:18:51.000,0.103286,0.115301,0.159769,1,22
2022-03-15 13:18:51.500,0.104283,0.115873,0.160522,1,22
2022-03-15 13:18:52.000,0.104115,0.114991,0.160026,1,22
2022-03-15 13:18:52.500,0.103296,0.114876,0.159346,1,22
2022-03-15 13:18:53.000,0.103354,0.114461,0.159153,1,22
2022-03-15 13:18:53.500,0.103065,0.114209,0.159438,1,22
2022-03-15 13:18:54.000,0.104052,0.115112,0.159263,1,22
2022-03-15 13:18:54.500,0.103727,0.115007,0.160155,1,22
2022-03-15 13:18:55.000,0.10359,0.115191,0.159741,1,22
2022-03-15 13:18:55.500,0.103511,0.114734,0.159971,1,22
2022-03-15 13:18:56.000,0.103359,0.114697,0.160596,1,22
2022-03-15 13:18:56.500,0.103301,0.114702,0.159732,1,22
2022-03-15 13:18:57.000,0.103359,0.114477,0.159686,1,22
2022-03-15 13:18:57.500,0.104084,0.115201,0.160265,1,22
2022-03-15 13:18:58.000,0.103076,0.114634,0.159374,1,22
2022-03-15 13:18:58.500,0.103123,0.11391,0.159328,1,22
2022-03-15 13:18:59.000,0.103921,0.115396,0.159971,1,22
2022-03-15 13:18:59.500,0.104572,0.115905,0.15976,1,22
2022-03-15 13:19:00.000,0.10401,0.115432,0.160467,1,22
2022-03-15 13:19:00.500,0.104021,0.115117,0.160191,1,22
2022-03-15 13:19:01.000,0.103895,0.115133,0.159695,1,22
2022-03-15 13:19:01.500,0.103811,0.115117,0.159107,1,22
2022-03-15 13:19:02.000,0.103905,0.115044,0.159273,1,22
2022-03-15 13:19:02.500,0.104299,0.115054,0.159567,1,22
2022-03-15 13:19:03.000,0.103448,0.11445,0.158675,1,22
2022-03-15 13:19:03.500,0.104157,0.115784,0.159787,1,22
2022-03-15 13:19:04.000,0.102955,0.114309,0.159071,1,22
2022-03-15 13:19:04.500,0.104163,0.115569,0.160366,1,22
2022-03-15 13:19:05.000,0.103018,0.114393,0.158253,1,22
2022-03-15 13:19:05.500,0.104073,0.115705,0.159952,1,22
2022-03-15 13:19:06.000,0.103627,0.114954,0.159998,1,22
2022-03-15 13:19:06.500,0.102965,0.114634,0.159502,1,22
2022-03-15 13:19:07.000,0.103685,0.11487,0.159594,1,22
2022-03-15 13:19:07.500,0.103312,0.115065,0.159576,1,22
2022-03-15 13:19:08.000,0.104572,0.115705,0.160669,1,22
2022-03-15 13:19:08.500,0.103118,0.114492,0.159218,1,22
2022-03-15 13:19:09.000,0.103139,0.114319,0.159704,1,22
2022-03-15 13:19:09.500,0.104451,0.115621,0.159925,1,22
2022-03-15 13:19:10.000,0.10232,0.11402,0.158887,1,22
2022-03-15 13:19:10.500,0.103543,0.115385,0.160237,1,22
2022-03-15 13:19:11.000,0.101905,0.113883,0.158887,1,22
2022-03-15 13:19:11.500,0.103658,0.115354,0.160237,1,22
2022-03-15 13:19:12.000,0.104089,0.11444,0.159447,1,22
2022-03-15 13:19:12.500,0.103254,0.114613,0.159548,1,22
2022-03-15 13:19:13.000,0.103585,0.114786,0.159493,1,22
2022-03-15 13:19:13.500,0.103469,0.114902,0.159144,1,22
2022-03-15 13:19:14.000,0.103858,0.114618,0.159052,1,22
2022-03-15 13:19:14.500,0.103858,0.115485,0.159998,1,22
2022-03-15 13:19:15.000,0.102976,0.115375,0.159383,1,22
2022-03-15 13:19:15.500,0.103553,0.114918,0.160026,1,22
2022-03-15 13:19:16.000,0.103469,0.115081,0.159778,1,22
2022-03-15 13:19:16.500,0.10317,0.11487,0.159502,1,22
2022-03-15 13:19:17.000,0.102976,0.114708,0.15953,1,22
2022-03-15 13:19:17.500,0.103286,0.115821,0.159649,1,22
2022-03-15 13:19:18.000,0.103858,0.115469,0.159218,1,22
2022-03-15 13:19:18.500,0.102635,0.113847,0.158694,1,22
2022-03-15 13:19:19.000,0.104026,0.115149,0.160292,1,22
2022-03-15 13:19:19.500,0.103086,0.114907,0.159732,1,22
2022-03-15 13:19:20.000,0.103149,0.115448,0.15953,1,22
2022-03-15 13:19:20.500,0.103401,0.114923,0.160697,1,22
2022-03-15 13:19:21.000,0.102619,0.114372,0.159181,1,22
2022-03-15 13:19:21.500,0.10369,0.115327,0.159916,1,22
2022-03-15 13:19:22.000,0.104241,0.115984,0.160632,1,22
2022-03-15 13:19:22.500,0.104131,0.115716,0.160393,1,22
2022-03-15 13:19:23.000,0.104394,0.115375,0.160586,1,22
2022-03-15 13:19:23.500,0.103244,0.11507,0.15941,1,22
2022-03-15 13:19:24.000,0.103842,0.115238,0.159548,1,22
2022-03-15 13:19:24.500,0.103968,0.115453,0.159824,1,22
2022-03-15 13:19:25.000,0.103065,0.115023,0.159907,1,22
2022-03-15 13:19:25.500,0.102845,0.115039,0.160173,1,22
2022-03-15 13:19:26.000,0.103858,0.115117,0.159429,1,22
2022-03-15 13:19:26.500,0.102566,0.113994,0.158179,1,22
2022-03-15 13:19:27.000,0.103359,0.114881,0.159355,1,22
2022-03-15 13:19:27.500,0.103139,0.115175,0.16043,1,22
2022-03-15 13:19:28.000,0.103406,0.115606,0.159943,1,22
2022-03-15 13:19:28.500,0.102451,0.114261,0.158832,1,22
2022-03-15 13:19:29.000,0.103601,0.115417,0.159346,1,22
2022-03-15 13:19:29.500,0.103648,0.114865,0.159952,1,22
2022-03-15 13:19:30.000,0.103737,0.11591,0.160109,1,22
2022-03-15 13:19:30.500,0.105176,0.116435,0.161092,1,22
2022-03-15 13:19:31.000,0.103569,0.115385,0.159227,1,22
2022-03-15 13:19:31.500,0.104556,0.116351,0.160991,1,22
2022-03-15 13:19:32.000,0.104226,0.115595,0.159796,1,22
2022-03-15 13:19:32.500,0.103333,0.115138,0.159861,1,22
2022-03-15 13:19:33.000,0.103349,0.114981,0.159603,1,22
2022-03-15 13:19:33.500,0.103459,0.114918,0.159043,1,22
2022-03-15 13:19:34.000,0.103065,0.114587,0.160403,1,22
2022-03-15 13:19:34.500,0.103034,0.11496,0.160044,1,22
2022-03-15 13:19:35.000,0.102724,0.115154,0.159704,1,22
2022-03-15 13:19:35.500,0.103564,0.115574,0.160421,1,22
2022-03-15 13:19:36.000,0.10307,0.114345,0.159585,1,22
2022-03-15 13:19:36.500,0.102524,0.114193,0.158795,1,22
2022-03-15 13:19:37.000,0.103522,0.114781,0.15885,1,22
2022-03-15 13:19:37.500,0.103228,0.114918,0.159263,1,22
2022-03-15 13:19:38.000,0.10253,0.11381,0.159319,1,22
2022-03-15 13:19:38.500,0.102902,0.11454,0.1593,1,22
2022-03-15 13:19:39.000,0.102755,0.114582,0.158896,1,22
2022-03-15 13:19:39.500,0.103223,0.114324,0.159521,1,22
2022-03-15 13:19:40.000,0.10338,0.114776,0.15885,1,22
2022-03-15 13:19:40.500,0.103228,0.114319,0.159282,1,22
2022-03-15 13:19:41.000,0.103296,0.114907,0.159778,1,22
2022-03-15 13:19:41.500,0.10463,0.116015,0.160963,1,22
2022-03-15 13:19:42.000,0.103186,0.11476,0.159952,1,22
2022-03-15 13:19:42.500,0.10338,0.115259,0.159824,1,22
2022-03-15 13:19:43.000,0.103186,0.115385,0.160035,1,22
2022-03-15 13:19:43.500,0.104966,0.116556,0.161101,1,22
2022-03-15 13:19:44.000,0.103154,0.114729,0.159374,1,22
2022-03-15 13:19:44.500,0.10327,0.114272,0.159677,1,22
2022-03-15 13:19:45.000,0.103522,0.114807,0.160311,1,22
2022-03-15 13:19:45.500,0.104084,0.116104,0.160403,1,22
2022-03-15 13:19:46.000,0.103139,0.114939,0.158933,1,22
2022-03-15 13:19:46.500,0.103748,0.115978,0.160081,1,22
2022-03-15 13:19:47.000,0.103139,0.114256,0.158786,1,22
2022-03-15 13:19:47.500,0.103107,0.114324,0.158565,1,22
2022-03-15 13:19:48.000,0.102293,0.113705,0.15828,1,22
2022-03-15 13:19:48.500,0.103653,0.115196,0.159622,1,22
2022-03-15 13:19:49.000,0.102656,0.114487,0.158905,1,22
2022-03-15 13:19:49.500,0.103511,0.115112,0.158602,1,22
2022-03-15 13:19:50.000,0.103186,0.114865,0.159208,1,22
2022-03-15 13:19:50.500,0.103375,0.114881,0.159337,1,22
2022-03-15 13:19:51.000,0.103202,0.115133,0.159502,1,22
2022-03-15 13:19:51.500,0.103359,0.114844,0.159273,1,22
2022-03-15 13:19:52.000,0.104115,0.116047,0.159842,1,22
2022-03-15 13:19:52.500,0.102782,0.113967,0.158703,1,22
2022-03-15 13:19:53.000,0.102866,0.114398,0.159319,1,22
2022-03-15 13:19:53.500,0.102955,0.114629,0.15964,1,22
2022-03-15 13:19:54.000,0.103081,0.114597,0.160081,1,22
2022-03-15 13:19:54.500,0.102451,0.114582,0.159071,1,22
2022-03-15 13:19:55.000,0.103007,0.114676,0.159328,1,22
2022-03-15 13:19:55.500,0.103412,0.11539,0.159631,1,22
2022-03-15 13:19:56.000,0.103643,0.114981,0.159778,1,22
2022-03-15 13:19:56.500,0.103816,0.114671,0.158492,1,22
2022-03-15 13:19:57.000,0.102845,0.114366,0.158868,1,22
2022-03-15 13:19:57.500,0.103333,0.115254,0.159493,1,22
2022-03-15 13:19:58.000,0.10391,0.11465,0.159613,1,22
2022-03-15 13:19:58.500,0.103191,0.115506,0.15987,1,22
2022-03-15 13:19:59.000,0.104026,0.115422,0.159714,1,22
2022-03-15 13:19:59.500,0.104168,0.11591,0.160623,1,22
2022-03-15 13:20:00.000,0.103396,0.114571,0.158786,1,22
2022-03-15 13:20:00.500,0.103338,0.11466,0.159071,1,22
2022-03-15 13:20:01.000,0.103028,0.114083,0.159576,1,22
2022-03-15 13:20:01.500,0.103223,0.115159,0.160054,1,22
2022-03-15 13:20:02.000,0.104,0.115028,0.159484,1,22
2022-03-15 13:20:02.500,0.102682,0.113694,0.158354,1,22
2022-03-15 13:20:03.000,0.103217,0.114891,0.159456,1,22
2022-03-15 13:20:03.500,0.101301,0.113421,0.158685,1,22
2022-03-15 13:20:04.000,0.103291,0.115091,0.159227,1,22
2022-03-15 13:20:04.500,0.10328,0.114939,0.159126,1,22
2022-03-15 13:20:05.000,0.103002,0.115096,0.158666,1,22
2022-03-15 13:20:05.500,0.103023,0.114603,0.158262,1,22
2022-03-15 13:20:06.000,0.102488,0.114587,0.158308,1,22
2022-03-15 13:20:06.500,0.102383,0.11402,0.158731,1,22
2022-03-15 13:20:07.000,0.102792,0.115191,0.15975,1,22
2022-03-15 13:20:07.500,0.104126,0.115989,0.159723,1,22
2022-03-15 13:20:08.000,0.102855,0.114566,0.158822,1,22
2022-03-15 13:20:08.500,0.102656,0.113295,0.159126,1,22
2022-03-15 13:20:09.000,0.103527,0.115448,0.158804,1,22
2022-03-15 13:20:09.500,0.103076,0.114041,0.158538,1,22
2022-03-15 13:20:10.000,0.103984,0.114981,0.160081,1,22
2022-03-15 13:20:10.500,0.103112,0.115726,0.159824,1,22
2022-03-15 13:20:11.000,0.103154,0.114004,0.158832,1,22
2022-03-15 13:20:11.500,0.103354,0.114655,0.159199,1,22
2022-03-15 13:20:12.000,0.103779,0.115159,0.159622,1,22
2022-03-15 13:20:12.500,0.102656,0.113931,0.15851,1,22
2022-03-15 13:20:13.000,0.102887,0.114519,0.158189,1,22
2022-03-15 13:20:13.500,0.103753,0.114288,0.159512,1,22
2022-03-15 13:20:14.000,0.103611,0.115128,0.159741,1,22
2022-03-15 13:20:14.500,0.10264,0.114272,0.159218,1,22
2022-03-15 13:20:15.000,0.103139,0.115348,0.159116,1,22
2022-03-15 13:20:15.500,0.103947,0.115327,0.159861,1,22
2022-03-15 13:20:16.000,0.10306,0.115186,0.159355,1,22
2022-03-15 13:20:16.500,0.102724,0.114986,0.159218,1,22
2022-03-15 13:20:17.000,0.102803,0.11382,0.158381,1,22
2022-03-15 13:20:17.500,0.102614,0.114114,0.158538,1,22
2022-03-15 13:20:18.000,0.103874,0.114792,0.159686,1,22
2022-03-15 13:20:18.500,0.101984,0.113616,0.158381,1,22
2022-03-15 13:20:19.000,0.103354,0.11569,0.159603,1,22
2022-03-15 13:20:19.500,0.102834,0.114639,0.159475,1,22
2022-03-15 13:20:20.000,0.103349,0.115254,0.159613,1,22
2022-03-15 13:20:20.500,0.103643,0.115327,0.15941,1,22
2022-03-15 13:20:21.000,0.102698,0.113684,0.15885,1,22
2022-03-15 13:20:21.500,0.103244,0.114944,0.159107,1,22
2022-03-15 13:20:22.000,0.102892,0.115411,0.158611,1,22
2022-03-15 13:20:22.500,0.103779,0.115879,0.159309,1,22
2022-03-15 13:20:23.000,0.103595,0.115033,0.159714,1,22
2022-03-15 13:20:23.500,0.102734,0.114723,0.159218,1,22
2022-03-15 13:20:24.000,0.103433,0.115511,0.159576,1,22
2022-03-15 13:20:24.500,0.10295,0.115711,0.15885,1,22
2022-03-15 13:20:25.000,0.103412,0.115075,0.159723,1,22
2022-03-15 13:20:25.500,0.104252,0.115343,0.15941,1,22
2022-03-15 13:20:26.000,0.103853,0.115663,0.159732,1,22
2022-03-15 13:20:26.500,0.103469,0.115007,0.159273,1,22
2022-03-15 13:20:27.000,0.103485,0.115354,0.159466,1,22
2022-03-15 13:20:27.500,0.103049,0.114324,0.15919,1,22
2022-03-15 13:20:28.000,0.10244,0.114083,0.158602,1,22
2022-03-15 13:20:28.500,0.103139,0.114687,0.159227,1,22
2022-03-15 13:20:29.000,0.103333,0.114965,0.158841,1,22
2022-03-15 13:20:29.500,0.103632,0.115669,0.159934,1,22
2022-03-15 13:20:30.000,0.102645,0.114529,0.158786,1,22
2022-03-15 13:20:30.500,0.102278,0.114088,0.158731,1,22
2022-03-15 13:20:31.000,0.10285,0.114708,0.158712,1,22
2022-03-15 13:20:31.500,0.102997,0.114902,0.158648,1,22
2022-03-15 13:20:32.000,0.10391,0.114891,0.159916,1,22
2022-03-15 13:20:32.500,0.103438,0.115474,0.160017,1,22
2022-03-15 13:20:33.000,0.103989,0.1158,0.159842,1,22
2022-03-15 13:20:33.500,0.103291,0.114671,0.15964,1,22
2022-03-15 13:20:34.000,0.10359,0.114928,0.159218,1,22
2022-03-15 13:20:34.500,0.103658,0.115516,0.159613,1,22
2022-03-15 13:20:35.000,0.103711,0.114991,0.15987,1,22
2022-03-15 13:20:35.500,0.103097,0.114933,0.159245,1,22
2022-03-15 13:20:36.000,0.102083,0.11412,0.158675,1,22
2022-03-15 13:20:36.500,0.103984,0.115186,0.159907,1,22
2022-03-15 13:20:37.000,0.103233,0.114613,0.158841,1,22
2022-03-15 13:20:37.500,0.102551,0.114592,0.158271,1,22
2022-03-15 13:20:38.000,0.103727,0.114981,0.160145,1,22
2022-03-15 13:20:38.500,0.103364,0.114855,0.159888,1,22
2022-03-15 13:20:39.000,0.104205,0.115831,0.159998,1,22
2022-03-15 13:20:39.500,0.103039,0.115228,0.158602,1,22
2022-03-15 13:20:40.000,0.102687,0.114923,0.159805,1,22
2022-03-15 13:20:40.500,0.1039,0.115868,0.159576,1,22
2022-03-15 13:20:41.000,0.103758,0.115107,0.159576,1,22
2022-03-15 13:20:41.500,0.104178,0.11539,0.159668,1,22
2022-03-15 13:20:42.000,0.102677,0.114776,0.158813,1,22
2022-03-15 13:20:42.500,0.103317,0.115758,0.159521,1,22
2022-03-15 13:20:43.000,0.104304,0.115669,0.159962,1,22
2022-03-15 13:20:43.500,0.103133,0.115354,0.159098,1,22
2022-03-15 13:20:44.000,0.103637,0.115642,0.159365,1,22
2022-03-15 13:20:44.500,0.103721,0.115742,0.159622,1,22
2022-03-15 13:20:45.000,0.102535,0.113957,0.158372,1,22
2022-03-15 13:20:45.500,0.103065,0.114671,0.158712,1,22
2022-03-15 13:20:46.000,0.103217,0.114162,0.15964,1,22
2022-03-15 13:20:46.500,0.103359,0.115926,0.159916,1,22
2022-03-15 13:20:47.000,0.103133,0.114713,0.158813,1,22
2022-03-15 13:20:47.500,0.103139,0.114897,0.159346,1,22
2022-03-15 13:20:48.000,0.10265,0.114188,0.159484,1,22
2022-03-15 13:20:48.500,0.102367,0.114004,0.158216,1,22
2022-03-15 13:20:49.000,0.103249,0.115459,0.160311,1,22
2022-03-15 13:20:49.500,0.102965,0.114692,0.159227,1,22
2022-03-15 13:20:50.000,0.103464,0.115018,0.159135,1,22
2022-03-15 13:20:50.500,0.103496,0.114923,0.159741,1,22
2022-03-15 13:20:51.000,0.102918,0.115553,0.160311,1,22
2022-03-15 13:20:51.500,0.103475,0.115432,0.159879,1,22
2022-03-15 13:20:52.000,0.103018,0.114813,0.158979,1,22
2022-03-15 13:20:52.500,0.103727,0.115432,0.159659,1,22
2022-03-15 13:20:53.000,0.104068,0.115417,0.159401,1,22
2022-03-15 13:20:53.500,0.102876,0.113784,0.15794,1,22
2022-03-15 13:20:54.000,0.102582,0.114576,0.159383,1,22
2022-03-15 13:20:54.500,0.103522,0.115175,0.159861,1,22
2022-03-15 13:20:55.000,0.10328,0.114713,0.159447,1,22
2022-03-15 13:20:55.500,0.102272,0.114424,0.15874,1,22
2022-03-15 13:20:56.000,0.102971,0.114335,0.159116,1,22
2022-03-15 13:20:56.500,0.103112,0.114676,0.159438,1,22
2022-03-15 13:20:57.000,0.103679,0.115532,0.159484,1,22
2022-03-15 13:20:57.500,0.104625,0.116419,0.161919,1,22
2022-03-15 13:20:58.000,0.102971,0.115165,0.159172,1,22
2022-03-15 13:20:58.500,0.103228,0.114251,0.158951,1,22
2022-03-15 13:20:59.000,0.102813,0.115102,0.159218,1,22
2022-03-15 13:20:59.500,0.104163,0.114765,0.159796,1,22
2022-03-15 13:21:00.000,0.103522,0.115632,0.159383,1,22
2022-03-15 13:21:00.500,0.104178,0.11623,0.161202,1,22
2022-03-15 13:21:01.000,0.103837,0.115579,0.159576,1,22
2022-03-15 13:21:01.500,0.103296,0.114681,0.159521,1,22
2022-03-15 13:21:02.000,0.103065,0.115537,0.159401,1,22
2022-03-15 13:21:02.500,0.102635,0.114088,0.15896,1,22
2022-03-15 13:21:03.000,0.103506,0.115406,0.159282,1,22
2022-03-15 13:21:03.500,0.104304,0.11633,0.160421,1,22
2022-03-15 13:21:04.000,0.103485,0.114891,0.158822,1,22
2022-03-15 13:21:04.500,0.103191,0.114251,0.159355,1,22
2022-03-15 13:21:05.000,0.103055,0.114823,0.15942,1,22
2022-03-15 13:21:05.500,0.104724,0.116398,0.160586,1,22
2022-03-15 13:21:06.000,0.102278,0.114177,0.158133,1,22
2022-03-15 13:21:06.500,0.102482,0.114393,0.158942,1,22
2022-03-15 13:21:07.000,0.103128,0.115574,0.15987,1,22
2022-03-15 13:21:07.500,0.102419,0.114041,0.159585,1,22
2022-03-15 13:21:08.000,0.103133,0.114692,0.160136,1,22
2022-03-15 13:21:08.500,0.104446,0.115963,0.160292,1,22
2022-03-15 13:21:09.000,0.103979,0.115947,0.159466,1,22
2022-03-15 13:21:09.500,0.103821,0.115663,0.160669,1,22
2022-03-15 13:21:10.000,0.103385,0.115453,0.15987,1,22
2022-03-15 13:21:10.500,0.103905,0.115742,0.161202,1,22
2022-03-15 13:21:11.000,0.10401,0.116293,0.16088,1,22
2022-03-15 13:21:11.500,0.102939,0.11454,0.159089,1,22
2022-03-15 13:21:12.000,0.10348,0.114902,0.158519,1,22
2022-03-15 13:21:12.500,0.102141,0.113946,0.158244,1,22
2022-03-15 13:21:13.000,0.103102,0.115448,0.159585,1,22
2022-03-15 13:21:13.500,0.102923,0.114718,0.159548,1,22
2022-03-15 13:21:14.000,0.102666,0.114508,0.159098,1,22
2022-03-15 13:21:14.500,0.103181,0.11497,0.159006,1,22
2022-03-15 13:21:15.000,0.10327,0.114855,0.158997,1,22
2022-03-15 13:21:15.500,0.103658,0.115364,0.160733,1,22
2022-03-15 13:21:16.000,0.103286,0.115721,0.159622,1,22
2022-03-15 13:21:16.500,0.103091,0.115275,0.159585,1,22
2022-03-15 13:21:17.000,0.103905,0.115033,0.159383,1,22
2022-03-15 13:21:17.500,0.103149,0.11455,0.160072,1,22
2022-03-15 13:21:18.000,0.103501,0.115117,0.160642,1,22
2022-03-15 13:21:18.500,0.102724,0.113726,0.158657,1,22
2022-03-15 13:21:19.000,0.102755,0.115327,0.159025,1,22
2022-03-15 13:21:19.500,0.103616,0.115254,0.160035,1,22
2022-03-15 13:21:20.000,0.103359,0.115417,0.159833,1,22
2022-03-15 13:21:20.500,0.103443,0.114986,0.159557,1,22
2022-03-15 13:21:21.000,0.103076,0.114865,0.159227,1,22
2022-03-15 13:21:21.500,0.103475,0.115023,0.159135,1,22
2022-03-15 13:21:22.000,0.102461,0.114608,0.159401,1,22
2022-03-15 13:21:22.500,0.102881,0.114876,0.15885,1,22
2022-03-15 13:21:23.000,0.102677,0.114319,0.159245,1,22
2022-03-15 13:21:23.500,0.103627,0.115165,0.159934,1,22
2022-03-15 13:21:24.000,0.102866,0.114351,0.159291,1,22
2022-03-15 13:21:24.500,0.103753,0.115553,0.15964,1,22
2022-03-15 13:21:25.000,0.103333,0.114965,0.158914,1,22
2022-03-15 13:21:25.500,0.102493,0.114492,0.158556,1,22
2022-03-15 13:21:26.000,0.103338,0.114687,0.159567,1,22
2022-03-15 13:21:26.500,0.103963,0.114933,0.159502,1,22
2022-03-15 13:21:27.000,0.103039,0.114718,0.159034,1,22
2022-03-15 13:21:27.500,0.103648,0.113962,0.159052,1,22
2022-03-15 13:21:28.000,0.103044,0.114629,0.158997,1,22
2022-03-15 13:21:28.500,0.104052,0.115039,0.159649,1,22
2022-03-15 13:21:29.000,0.104105,0.116062,0.159907,1,22
2022-03-15 13:21:29.500,0.103249,0.115396,0.160439,1,22
2022-03-15 13:21:30.000,0.103627,0.115285,0.160164,1,22
2022-03-15 13:21:30.500,0.102944,0.114582,0.158777,1,22
2022-03-15 13:21:31.000,0.103464,0.114755,0.159043,1,22
2022-03-15 13:21:31.500,0.103574,0.114949,0.159897,1,22
2022-03-15 13:21:32.000,0.104257,0.115905,0.160715,1,22
2022-03-15 13:21:32.500,0.103175,0.114823,0.159172,1,22
2022-03-15 13:21:33.000,0.104157,0.115679,0.160265,1,22
2022-03-15 13:21:33.500,0.103669,0.114813,0.15885,1,22
2022-03-15 13:21:34.000,0.102866,0.114419,0.159291,1,22
2022-03-15 13:21:34.500,0.10232,0.113652,0.158207,1,22
2022-03-15 13:21:35.000,0.104036,0.115947,0.159833,1,22
2022-03-15 13:21:35.500,0.104089,0.115548,0.159897,1,22
2022-03-15 13:21:36.000,0.104089,0.115327,0.160798,1,22
2022-03-15 13:21:36.500,0.103742,0.115165,0.159603,1,22
2022-03-15 13:21:37.000,0.10379,0.115149,0.158878,1,22
2022-03-15 13:21:37.500,0.103674,0.115579,0.159337,1,22
2022-03-15 13:21:38.000,0.103275,0.11518,0.158795,1,22
2022-03-15 13:21:38.500,0.102724,0.11433,0.159116,1,22
2022-03-15 13:21:39.000,0.104336,0.116341,0.160724,1,22
2022-03-15 13:21:39.500,0.103868,0.114886,0.159502,1,22
2022-03-15 13:21:40.000,0.102876,0.114865,0.158602,1,22
2022-03-15 13:21:40.500,0.103496,0.114429,0.158519,1,22
2022-03-15 13:21:41.000,0.103669,0.115327,0.159613,1,22
2022-03-15 13:21:41.500,0.103244,0.114324,0.158804,1,22
2022-03-15 13:21:42.000,0.103002,0.114267,0.159071,1,22
2022-03-15 13:21:42.500,0.103674,0.11476,0.159686,1,22
2022-03-15 13:21:43.000,0.103847,0.114692,0.159741,1,22
2022-03-15 13:21:43.500,0.103175,0.114928,0.15908,1,22
2022-03-15 13:21:44.000,0.104136,0.11538,0.159962,1,22
2022-03-15 13:21:44.500,0.10379,0.115159,0.159006,1,22
2022-03-15 13:21:45.000,0.103475,0.115212,0.160008,1,22
2022-03-15 13:21:45.500,0.103469,0.114561,0.159015,1,22
2022-03-15 13:21:46.000,0.103118,0.115291,0.159723,1,22
2022-03-15 13:21:46.500,0.103028,0.114997,0.159052,1,22
2022-03-15 13:21:47.000,0.102036,0.113658,0.159218,1,22
2022-03-15 13:21:47.500,0.103244,0.114891,0.159971,1,22
2022-03-15 13:21:48.000,0.102629,0.114351,0.158538,1,22
2022-03-15 13:21:48.500,0.104346,0.115516,0.159796,1,22
2022-03-15 13:21:49.000,0.103779,0.115285,0.159971,1,22
2022-03-15 13:21:49.500,0.10327,0.114902,0.160035,1,22
2022-03-15 13:21:50.000,0.10296,0.114057,0.158786,1,22
2022-03-15 13:21:50.500,0.103165,0.11445,0.158997,1,22
2022-03-15 13:21:51.000,0.10338,0.114435,0.159438,1,22
2022-03-15 13:21:51.500,0.102556,0.114067,0.158777,1,22
2022-03-15 13:21:52.000,0.102472,0.113558,0.157812,1,22
2022-03-15 13:21:52.500,0.103139,0.114456,0.159484,1,22
2022-03-15 13:21:53.000,0.103259,0.114991,0.159025,1,22
2022-03-15 13:21:53.500,0.102635,0.114335,0.158547,1,22
2022-03-15 13:21:54.000,0.104089,0.115716,0.15987,1,22
2022-03-15 13:21:54.500,0.103863,0.115753,0.159649,1,22
2022-03-15 13:21:55.000,0.103028,0.114902,0.159291,1,22
2022-03-15 13:21:55.500,0.103296,0.114666,0.160412,1,22
2022-03-15 13:21:56.000,0.10264,0.114886,0.159116,1,22
2022-03-15 13:21:56.500,0.103937,0.11527,0.159355,1,22
2022-03-15 13:21:57.000,0.103648,0.115621,0.159061,1,22
2022-03-15 13:21:57.500,0.102577,0.113668,0.158795,1,22
2022-03-15 13:21:58.000,0.102656,0.11496,0.159438,1,22
2022-03-15 13:21:58.500,0.103034,0.115144,0.158694,1,22
2022-03-15 13:21:59.000,0.103249,0.115306,0.158988,1,22
2022-03-15 13:21:59.500,0.102482,0.114088,0.158721,1,22
2022-03-15 13:22:00.000,0.102635,0.114188,0.158887,1,22
2022-03-15 13:22:00.500,0.102845,0.114429,0.158584,1,22
2022-03-15 13:22:01.000,0.103564,0.115222,0.159484,1,22
2022-03-15 13:22:01.500,0.103616,0.114744,0.160421,1,22
2022-03-15 13:22:02.000,0.103448,0.11497,0.159907,1,22
2022-03-15 13:22:02.500,0.103013,0.115464,0.159208,1,22
2022-03-15 13:22:03.000,0.103585,0.114939,0.158786,1,22
2022-03-15 13:22:03.500,0.103044,0.115464,0.159659,1,22
2022-03-15 13:22:04.000,0.103018,0.114807,0.159429,1,22
2022-03-15 13:22:04.500,0.104147,0.115296,0.159916,1,22
2022-03-15 13:22:05.000,0.103632,0.115411,0.159796,1,22
2022-03-15 13:22:05.500,0.102398,0.114498,0.159144,1,22
2022-03-15 13:22:06.000,0.103538,0.115222,0.159796,1,22
2022-03-15 13:22:06.500,0.103091,0.115201,0.160035,1,22
2022-03-15 13:22:07.000,0.103973,0.115984,0.160485,1,22
2022-03-15 13:22:07.500,0.103007,0.114902,0.159833,1,22
2022-03-15 13:22:08.000,0.102204,0.113043,0.159144,1,22
2022-03-15 13:22:08.500,0.101753,0.113962,0.158703,1,22
2022-03-15 13:22:09.000,0.10337,0.115585,0.159888,1,22
2022-03-15 13:22:09.500,0.10327,0.115327,0.158418,1,22
2022-03-15 13:22:10.000,0.102257,0.114298,0.159355,1,22
2022-03-15 13:22:10.500,0.102152,0.114288,0.158905,1,22
2022-03-15 13:22:11.000,0.10264,0.113957,0.158124,1,22
2022-03-15 13:22:11.500,0.102787,0.114949,0.159668,1,22
2022-03-15 13:22:12.000,0.102682,0.114991,0.159218,1,22
2022-03-15 13:22:12.500,0.10286,0.114629,0.158896,1,22
2022-03-15 13:22:13.000,0.102729,0.113889,0.15941,1,22
2022-03-15 13:22:13.500,0.104346,0.115978,0.160458,1,22
2022-03-15 13:22:14.000,0.102467,0.114997,0.158914,1,22
2022-03-15 13:22:14.500,0.103312,0.115789,0.159456,1,22
2022-03-15 13:22:15.000,0.103154,0.115133,0.160063,1,22
2022-03-15 13:22:15.500,0.102818,0.115207,0.159208,1,22
2022-03-15 13:22:16.000,0.103879,0.116246,0.160118,1,22
2022-03-15 13:22:16.500,0.102645,0.115249,0.158878,1,22
2022-03-15 13:22:17.000,0.102514,0.114844,0.15908,1,22
2022-03-15 13:22:17.500,0.102398,0.114939,0.159199,1,22
2022-03-15 13:22:18.000,0.102934,0.114351,0.159061,1,22
2022-03-15 13:22:18.500,0.102388,0.114555,0.159116,1,22
2022-03-15 13:22:19.000,0.102682,0.114918,0.15976,1,22
2022-03-15 13:22:19.500,0.102267,0.114729,0.159337,1,22
2022-03-15 13:22:20.000,0.102608,0.114382,0.159585,1,22
2022-03-15 13:22:20.500,0.104373,0.115543,0.159815,1,22
2022-03-15 13:22:21.000,0.102162,0.114508,0.159447,1,22
2022-03-15 13:22:21.500,0.102052,0.113962,0.158868,1,22
2022-03-15 13:22:22.000,0.103328,0.115385,0.159512,1,22
2022-03-15 13:22:22.500,0.104409,0.115873,0.160586,1,22
2022-03-15 13:22:23.000,0.103191,0.114477,0.158547,1,22
2022-03-15 13:22:23.500,0.103317,0.114723,0.159263,1,22
2022-03-15 13:22:24.000,0.102488,0.11476,0.159631,1,22
2022-03-15 13:22:24.500,0.103055,0.114865,0.158565,1,22
2022-03-15 13:22:25.000,0.102656,0.114828,0.159181,1,22
2022-03-15 13:22:25.500,0.101669,0.114009,0.158666,1,22
2022-03-15 13:22:26.000,0.10317,0.114708,0.160044,1,22
2022-03-15 13:22:26.500,0.102356,0.114939,0.159089,1,22
2022-03-15 13:22:27.000,0.102356,0.114466,0.159659,1,22
2022-03-15 13:22:27.500,0.103517,0.115186,0.159897,1,22
2022-03-15 13:22:28.000,0.102257,0.11455,0.159512,1,22
2022-03-15 13:22:28.500,0.105213,0.116755,0.16021,1,22
2022-03-15 13:22:29.000,0.103616,0.115369,0.15975,1,22
2022-03-15 13:22:29.500,0.103422,0.115165,0.159861,1,22
2022-03-15 13:22:30.000,0.103942,0.11581,0.160752,1,22
2022-03-15 13:22:30.500,0.102477,0.115049,0.159805,1,22
2022-03-15 13:22:31.000,0.103123,0.115753,0.159392,1,22
2022-03-15 13:22:31.500,0.102834,0.114997,0.159015,1,22
2022-03-15 13:22:32.000,0.102162,0.115112,0.159925,1,22
2022-03-15 13:22:32.500,0.102734,0.115212,0.159833,1,22
2022-03-15 13:22:33.000,0.103259,0.115574,0.159769,1,22
2022-03-15 13:22:33.500,0.102981,0.114902,0.160063,1,22
2022-03-15 13:22:34.000,0.103123,0.115527,0.160329,1,22
2022-03-15 13:22:34.500,0.103417,0.115627,0.160568,1,22
2022-03-15 13:22:35.000,0.101338,0.113574,0.158078,1,22
2022-03-15 13:22:35.500,0.102677,0.115065,0.159447,1,22
2022-03-15 13:22:36.000,0.103333,0.1157,0.159704,1,22
2022-03-15 13:22:36.500,0.101994,0.114414,0.159732,1,22
2022-03-15 13:22:37.000,0.102241,0.114356,0.158933,1,22
2022-03-15 13:22:37.500,0.102194,0.114172,0.158666,1,22
2022-03-15 13:22:38.000,0.102813,0.115532,0.159897,1,22
2022-03-15 13:22:38.500,0.102719,0.114687,0.159714,1,22
2022-03-15 13:22:39.000,0.102204,0.114246,0.158363,1,22
2022-03-15 13:22:39.500,0.103338,0.115879,0.160338,1,22
2022-03-15 13:22:40.000,0.102288,0.114267,0.158924,1,22
2022-03-15 13:22:40.500,0.102923,0.11528,0.159227,1,22
2022-03-15 13:22:41.000,0.103018,0.115375,0.159686,1,22
2022-03-15 13:22:41.500,0.102845,0.115233,0.15953,1,22
2022-03-15 13:22:42.000,0.102204,0.114744,0.158832,1,22
2022-03-15 13:22:42.500,0.102897,0.115427,0.159971,1,22
2022-03-15 13:22:43.000,0.102272,0.114267,0.15885,1,22
2022-03-15 13:22:43.500,0.102152,0.114639,0.159025,1,22
2022-03-15 13:22:44.000,0.102456,0.114592,0.159162,1,22
2022-03-15 13:22:44.500,0.102897,0.115154,0.159401,1,22
2022-03-15 13:22:45.000,0.102398,0.115333,0.160329,1,22
2022-03-15 13:22:45.500,0.10349,0.116215,0.160816,1,22
2022-03-15 13:22:46.000,0.103375,0.116141,0.160642,1,22
2022-03-15 13:22:46.500,0.102603,0.115464,0.159557,1,22
2022-03-15 13:22:47.000,0.102792,0.11569,0.160614,1,22
2022-03-15 13:22:47.500,0.102509,0.115249,0.159952,1,22
2022-03-15 13:22:48.000,0.102236,0.114839,0.159502,1,22
2022-03-15 13:22:48.500,0.10307,0.115763,0.160715,1,22
2022-03-15 13:22:49.000,0.102246,0.114786,0.160348,1,22
2022-03-15 13:22:49.500,0.10244,0.115117,0.159833,1,22
2022-03-15 13:22:50.000,0.101989,0.114718,0.15964,1,22
2022-03-15 13:22:50.500,0.102551,0.114886,0.159512,1,22
2022-03-15 13:22:51.000,0.102209,0.115684,0.16009,1,22
2022-03-15 13:22:51.500,0.101737,0.114618,0.158878,1,22
2022-03-15 13:22:52.000,0.102419,0.114802,0.159695,1,22
2022-03-15 13:22:52.500,0.102356,0.11527,0.159576,1,22
2022-03-15 13:22:53.000,0.102871,0.115674,0.159686,1,22
2022-03-15 13:22:53.500,0.101254,0.114729,0.159475,1,22
2022-03-15 13:22:54.000,0.102047,0.114424,0.157711,1,22
2022-03-15 13:22:54.500,0.103212,0.115978,0.159548,1,22
2022-03-15 13:22:55.000,0.102125,0.114771,0.159392,1,22
2022-03-15 13:22:55.500,0.102335,0.115138,0.159833,1,22
2022-03-15 13:22:56.000,0.103007,0.115375,0.160596,1,22
2022-03-15 13:22:56.500,0.102078,0.114655,0.15908,1,22
2022-03-15 13:22:57.000,0.102902,0.115375,0.159631,1,22
2022-03-15 13:22:57.500,0.101207,0.113584,0.158988,1,22
2022-03-15 13:22:58.000,0.102776,0.115653,0.159557,1,22
2022-03-15 13:22:58.500,0.102503,0.115737,0.159484,1,22
2022-03-15 13:22:59.000,0.101721,0.114524,0.159769,1,22
2022-03-15 13:22:59.500,0.102467,0.116005,0.160485,1,22
2022-03-15 13:23:00.000,0.10274,0.114954,0.159162,1,22
2022-03-15 13:23:00.500,0.102572,0.11538,0.159355,1,22
2022-03-15 13:23:01.000,0.102293,0.115385,0.15964,1,22
2022-03-15 13:23:01.500,0.102141,0.115348,0.160246,1,22
2022-03-15 13:23:02.000,0.101642,0.114298,0.159034,1,22
2022-03-15 13:23:02.500,0.102656,0.115165,0.159346,1,22
2022-03-15 13:23:03.000,0.10097,0.113348,0.158822,1,22
2022-03-15 13:23:03.500,0.101858,0.115102,0.15942,1,22
2022-03-15 13:23:04.000,0.101999,0.115317,0.159245,1,22
2022-03-15 13:23:04.500,0.102346,0.114954,0.159778,1,22
2022-03-15 13:23:05.000,0.102377,0.115327,0.159934,1,22
2022-03-15 13:23:05.500,0.101852,0.114671,0.159144,1,22
2022-03-15 13:23:06.000,0.10274,0.115054,0.159851,1,22
2022-03-15 13:23:06.500,0.101312,0.114645,0.158804,1,22
2022-03-15 13:23:07.000,0.101469,0.113831,0.158832,1,22
2022-03-15 13:23:07.500,0.101999,0.115128,0.16055,1,22
2022-03-15 13:23:08.000,0.100991,0.113747,0.159025,1,22
2022-03-15 13:23:08.500,0.10181,0.114445,0.158786,1,22
2022-03-15 13:23:09.000,0.102598,0.114603,0.159649,1,22
2022-03-15 13:23:09.500,0.102629,0.116078,0.160008,1,22
2022-03-15 13:23:10.000,0.102498,0.115669,0.159998,1,22
2022-03-15 13:23:10.500,0.102131,0.11528,0.159787,1,22
2022-03-15 13:23:11.000,0.10118,0.114739,0.159714,1,22
2022-03-15 13:23:11.500,0.100949,0.114629,0.159374,1,22
2022-03-15 13:23:12.000,0.103149,0.115548,0.160155,1,22
2022-03-15 13:23:12.500,0.101957,0.114813,0.159916,1,22
2022-03-15 13:23:13.000,0.101401,0.113841,0.158979,1,22
2022-03-15 13:23:13.500,0.10201,0.115217,0.159934,1,22
2022-03-15 13:23:14.000,0.101312,0.114828,0.160026,1,22
2022-03-15 13:23:14.500,0.101464,0.114587,0.159401,1,22
2022-03-15 13:23:15.000,0.101779,0.114881,0.159521,1,22
2022-03-15 13:23:15.500,0.101627,0.115054,0.1593,1,22
2022-03-15 13:23:16.000,0.101123,0.11423,0.159126,1,22
2022-03-15 13:23:16.500,0.103301,0.1159,0.16043,1,22
2022-03-15 13:23:17.000,0.102152,0.115642,0.15964,1,22
2022-03-15 13:23:17.500,0.10223,0.115868,0.159805,1,22
2022-03-15 13:23:18.000,0.102183,0.115427,0.159659,1,22
2022-03-15 13:23:18.500,0.102755,0.117055,0.161055,1,22
2022-03-15 13:23:19.000,0.100892,0.114172,0.158786,1,22
2022-03-15 13:23:19.500,0.100288,0.114277,0.159089,1,22
2022-03-15 13:23:20.000,0.100582,0.114555,0.158565,1,22
2022-03-15 13:23:20.500,0.102267,0.11527,0.160439,1,22
2022-03-15 13:23:21.000,0.102041,0.116094,0.159998,1,22
2022-03-15 13:23:21.500,0.100713,0.115023,0.159466,1,22
2022-03-15 13:23:22.000,0.100792,0.115459,0.1593,1,22
2022-03-15 13:23:22.500,0.101485,0.115354,0.160017,1,22
2022-03-15 13:23:23.000,0.100781,0.115522,0.15976,1,22
2022-03-15 13:23:23.500,0.101396,0.115243,0.159989,1,22
2022-03-15 13:23:24.000,0.100928,0.115212,0.15998,1,22
2022-03-15 13:23:24.500,0.101102,0.114991,0.159842,1,22
2022-03-15 13:23:25.000,0.100934,0.11548,0.15975,1,22
2022-03-15 13:23:25.500,0.100619,0.114618,0.159273,1,22
2022-03-15 13:23:26.000,0.099652,0.113904,0.158345,1,22
2022-03-15 13:23:26.500,0.101611,0.116194,0.160577,1,22
2022-03-15 13:23:27.000,0.100519,0.115112,0.159677,1,22
2022-03-15 13:23:27.500,0.101039,0.114986,0.159613,1,22
2022-03-15 13:23:28.000,0.10159,0.115684,0.159943,1,22
2022-03-15 13:23:28.500,0.100965,0.114855,0.159493,1,22
2022-03-15 13:23:29.000,0.101805,0.115889,0.160531,1,22
2022-03-15 13:23:29.500,0.101191,0.115175,0.160054,1,22
2022-03-15 13:23:30.000,0.100571,0.115154,0.159659,1,22
2022-03-15 13:23:30.500,0.100907,0.115611,0.160191,1,22
2022-03-15 13:23:31.000,0.10045,0.114156,0.159355,1,22
2022-03-15 13:23:31.500,0.101207,0.11569,0.16009,1,22
2022-03-15 13:23:32.000,0.10076,0.114991,0.158942,1,22
2022-03-15 13:23:32.500,0.100261,0.114298,0.158822,1,22
2022-03-15 13:23:33.000,0.100624,0.115254,0.159245,1,22
2022-03-15 13:23:33.500,0.100151,0.114109,0.158951,1,22
2022-03-15 13:23:34.000,0.100724,0.115217,0.159539,1,22
2022-03-15 13:23:34.500,0.101359,0.11644,0.160752,1,22
2022-03-15 13:23:35.000,0.100661,0.114839,0.158317,1,22
2022-03-15 13:23:35.500,0.101217,0.115847,0.160991,1,22
2022-03-15 13:23:36.000,0.101548,0.116629,0.16077,1,22
2022-03-15 13:23:36.500,0.101317,0.115984,0.160577,1,22
2022-03-15 13:23:37.000,0.101527,0.11517,0.159686,1,22
2022-03-15 13:23:37.500,0.0995,0.114214,0.158832,1,22
2022-03-15 13:23:38.000,0.100093,0.11466,0.159521,1,22
2022-03-15 13:23:38.500,0.101254,0.116031,0.16055,1,22
2022-03-15 13:23:39.000,0.100918,0.115611,0.160026,1,22
2022-03-15 13:23:39.500,0.100356,0.115154,0.159475,1,22
2022-03-15 13:23:40.000,0.100414,0.114976,0.159309,1,22
2022-03-15 13:23:40.500,0.100713,0.114839,0.159401,1,22
2022-03-15 13:23:41.000,0.10003,0.113941,0.159613,1,22
2022-03-15 13:23:41.500,0.100513,0.115721,0.160008,1,22
2022-03-15 13:23:42.000,0.100813,0.115501,0.159925,1,22
2022-03-15 13:23:42.500,0.100766,0.115207,0.159355,1,22
2022-03-15 13:23:43.000,0.099484,0.114288,0.15863,1,22
2022-03-15 13:23:43.500,0.100051,0.11496,0.159695,1,22
2022-03-15 13:23:44.000,0.100093,0.114797,0.159263,1,22
2022-03-15 13:23:44.500,0.100314,0.11486,0.159585,1,22
2022-03-15 13:23:45.000,0.100435,0.114991,0.159466,1,22
2022-03-15 13:23:45.500,0.100508,0.114645,0.159778,1,22
2022-03-15 13:23:46.000,0.10034,0.113946,0.159567,1,22
2022-03-15 13:23:46.500,0.100776,0.115585,0.159392,1,22
2022-03-15 13:23:47.000,0.100718,0.115648,0.159668,1,22
2022-03-15 13:23:47.500,0.100288,0.114172,0.159025,1,22
2022-03-15 13:23:48.000,0.100456,0.11507,0.160109,1,22
2022-03-15 13:23:48.500,0.100797,0.115511,0.160054,1,22
2022-03-15 13:23:49.000,0.100162,0.114482,0.159034,1,22
2022-03-15 13:23:49.500,0.099595,0.114566,0.159622,1,22
2022-03-15 13:23:50.000,0.099988,0.114802,0.159355,1,22
2022-03-15 13:23:50.500,0.100792,0.114566,0.159714,1,22
2022-03-15 13:23:51.000,0.100272,0.115459,0.159815,1,22
2022-03-15 13:23:51.500,0.100571,0.114692,0.158924,1,22
2022-03-15 13:23:52.000,0.101044,0.115275,0.160026,1,22
2022-03-15 13:23:52.500,0.099946,0.114298,0.158593,1,22
2022-03-15 13:23:53.000,0.100886,0.115406,0.160393,1,22
2022-03-15 13:23:53.500,0.100072,0.114765,0.159227,1,22
2022-03-15 13:23:54.000,0.100461,0.115354,0.159622,1,22
2022-03-15 13:23:54.500,0.100456,0.115627,0.160237,1,22
2022-03-15 13:23:55.000,0.10138,0.115978,0.160274,1,22
2022-03-15 13:23:55.500,0.099967,0.114818,0.159429,1,22
2022-03-15 13:23:56.000,0.099763,0.115107,0.159512,1,22
2022-03-15 13:23:56.500,0.100345,0.115432,0.159282,1,22
2022-03-15 13:23:57.000,0.100414,0.115285,0.159934,1,22
2022-03-15 13:23:57.500,0.100036,0.115291,0.15941,1,22
2022-03-15 13:23:58.000,0.099327,0.114477,0.158795,1,22
2022-03-15 13:23:58.500,0.100267,0.115359,0.160531,1,22
2022-03-15 13:23:59.000,0.100366,0.113967,0.158795,1,22
2022-03-15 13:23:59.500,0.100624,0.115464,0.160118,1,22
2022-03-15 13:24:00.000,0.100246,0.114986,0.159741,1,22
2022-03-15 13:24:00.500,0.100424,0.115648,0.159475,1,22
2022-03-15 13:24:01.000,0.100571,0.114897,0.159006,1,22
2022-03-15 13:24:01.500,0.101558,0.116388,0.160789,1,22
2022-03-15 13:24:02.000,0.100246,0.114624,0.159447,1,22
2022-03-15 13:24:02.500,0.100282,0.115096,0.160586,1,22
2022-03-15 13:24:03.000,0.099794,0.114324,0.15941,1,22
2022-03-15 13:24:03.500,0.101222,0.11507,0.159714,1,22
2022-03-15 13:24:04.000,0.099904,0.114597,0.158538,1,22
2022-03-15 13:24:04.500,0.099484,0.114571,0.158822,1,22
2022-03-15 13:24:05.000,0.100015,0.114587,0.159714,1,22
2022-03-15 13:24:05.500,0.100109,0.115585,0.159805,1,22
2022-03-15 13:24:06.000,0.099805,0.114561,0.15953,1,22
2022-03-15 13:24:06.500,0.100125,0.114582,0.159897,1,22
2022-03-15 13:24:07.000,0.100445,0.114912,0.159006,1,22
2022-03-15 13:24:07.500,0.099873,0.115217,0.159401,1,22
2022-03-15 13:24:08.000,0.100319,0.115411,0.160265,1,22
2022-03-15 13:24:08.500,0.099553,0.11445,0.158887,1,22
2022-03-15 13:24:09.000,0.100319,0.114487,0.159089,1,22
2022-03-15 13:24:09.500,0.101537,0.116383,0.16089,1,22
2022-03-15 13:24:10.000,0.10033,0.114918,0.159365,1,22
2022-03-15 13:24:10.500,0.100949,0.115564,0.160605,1,22
2022-03-15 13:24:11.000,0.100319,0.114834,0.159769,1,22
2022-03-15 13:24:11.500,0.099584,0.114272,0.159236,1,22
2022-03-15 13:24:12.000,0.099983,0.115123,0.159218,1,22
2022-03-15 13:24:12.500,0.100167,0.115228,0.159998,1,22
2022-03-15 13:24:13.000,0.100183,0.115427,0.159502,1,22
2022-03-15 13:24:13.500,0.099721,0.114944,0.159833,1,22
2022-03-15 13:24:14.000,0.100997,0.115585,0.160265,1,22
2022-03-15 13:24:14.500,0.099689,0.114907,0.159218,1,22
2022-03-15 13:24:15.000,0.099773,0.115191,0.160311,1,22
2022-03-15 13:24:15.500,0.099248,0.115028,0.159668,1,22
2022-03-15 13:24:16.000,0.100141,0.115165,0.159319,1,22
2022-03-15 13:24:16.500,0.099694,0.114419,0.159659,1,22
2022-03-15 13:24:17.000,0.100104,0.114477,0.158556,1,22
2022-03-15 13:24:17.500,0.099868,0.114345,0.159052,1,22
2022-03-15 13:24:18.000,0.100314,0.115516,0.159851,1,22
2022-03-15 13:24:18.500,0.100151,0.11455,0.159015,1,22
2022-03-15 13:24:19.000,0.09961,0.114503,0.159567,1,22
2022-03-15 13:24:19.500,0.099532,0.114015,0.158896,1,22
2022-03-15 13:24:20.000,0.100881,0.115343,0.160577,1,22
2022-03-15 13:24:20.500,0.100829,0.115674,0.159934,1,22
2022-03-15 13:24:21.000,0.100508,0.114456,0.158914,1,22
2022-03-15 13:24:21.500,0.099584,0.114293,0.15851,1,22
2022-03-15 13:24:22.000,0.100724,0.115432,0.159677,1,22
2022-03-15 13:24:22.500,0.099894,0.114755,0.158878,1,22
2022-03-15 13:24:23.000,0.099463,0.114618,0.15975,1,22
2022-03-15 13:24:23.500,0.100655,0.115448,0.160256,1,22
2022-03-15 13:24:24.000,0.099794,0.115002,0.158997,1,22
2022-03-15 13:24:24.500,0.100534,0.115648,0.160678,1,22
2022-03-15 13:24:25.000,0.099978,0.11445,0.159704,1,22
2022-03-15 13:24:25.500,0.099847,0.114555,0.159052,1,22
2022-03-15 13:24:26.000,0.101123,0.11581,0.160853,1,22
2022-03-15 13:24:26.500,0.100414,0.115779,0.160375,1,22
2022-03-15 13:24:27.000,0.100177,0.114041,0.158979,1,22
2022-03-15 13:24:27.500,0.099962,0.114356,0.159512,1,22
2022-03-15 13:24:28.000,0.099453,0.113936,0.15862,1,22
2022-03-15 13:24:28.500,0.100298,0.115527,0.159613,1,22
2022-03-15 13:24:29.000,0.100193,0.114886,0.159309,1,22
2022-03-15 13:24:29.500,0.099715,0.114834,0.159512,1,22
2022-03-15 13:24:30.000,0.100802,0.115511,0.160191,1,22
2022-03-15 13:24:30.500,0.100492,0.115322,0.161138,1,22
2022-03-15 13:24:31.000,0.100183,0.115348,0.160623,1,22
2022-03-15 13:24:31.500,0.099542,0.114482,0.159383,1,22
2022-03-15 13:24:32.000,0.099705,0.114566,0.159052,1,22
2022-03-15 13:24:32.500,0.10033,0.113542,0.158189,1,22
2022-03-15 13:24:33.000,0.100834,0.115453,0.160393,1,22
2022-03-15 13:24:33.500,0.100524,0.114923,0.160145,1,22
2022-03-15 13:24:34.000,0.100193,0.115128,0.159888,1,22
2022-03-15 13:24:34.500,0.101096,0.115695,0.159805,1,22
2022-03-15 13:24:35.000,0.099715,0.114818,0.158988,1,22
2022-03-15 13:24:35.500,0.10013,0.11497,0.159447,1,22
2022-03-15 13:24:36.000,0.10044,0.115102,0.159557,1,22
2022-03-15 13:24:36.500,0.100477,0.11559,0.160256,1,22
2022-03-15 13:24:37.000,0.100619,0.114949,0.159833,1,22
2022-03-15 13:24:37.500,0.09992,0.115044,0.159989,1,22
2022-03-15 13:24:38.000,0.099642,0.114587,0.159668,1,22
2022-03-15 13:24:38.500,0.10002,0.114813,0.159704,1,22
2022-03-15 13:24:39.000,0.100188,0.114561,0.159787,1,22
2022-03-15 13:24:39.500,0.101285,0.115275,0.160035,1,22
2022-03-15 13:24:40.000,0.100629,0.115401,0.159962,1,22
2022-03-15 13:24:40.500,0.100067,0.114681,0.159998,1,22
2022-03-15 13:24:41.000,0.100172,0.114886,0.159512,1,22
2022-03-15 13:24:41.500,0.099852,0.114261,0.15862,1,22
2022-03-15 13:24:42.000,0.100519,0.114849,0.159263,1,22
2022-03-15 13:24:42.500,0.099941,0.114582,0.159649,1,22
2022-03-15 13:24:43.000,0.100587,0.114624,0.160283,1,22
2022-03-15 13:24:43.500,0.100587,0.115957,0.160531,1,22
2022-03-15 13:24:44.000,0.100167,0.114293,0.159475,1,22
2022-03-15 13:24:44.500,0.100393,0.115369,0.159282,1,22
2022-03-15 13:24:45.000,0.100167,0.114997,0.159649,1,22
2022-03-15 13:24:45.500,0.100408,0.115422,0.160099,1,22
2022-03-15 13:24:46.000,0.100792,0.115044,0.159613,1,22
2022-03-15 13:24:46.500,0.100251,0.114634,0.159677,1,22
2022-03-15 13:24:47.000,0.099595,0.11381,0.159328,1,22
2022-03-15 13:24:47.500,0.100582,0.114802,0.159851,1,22
2022-03-15 13:24:48.000,0.101207,0.115679,0.159916,1,22
2022-03-15 13:24:48.500,0.099668,0.114786,0.159172,1,22
2022-03-15 13:24:49.000,0.099185,0.114466,0.159622,1,22
2022-03-15 13:24:49.500,0.099789,0.114198,0.159227,1,22
2022-03-15 13:24:50.000,0.099878,0.114524,0.158887,1,22
2022-03-15 13:24:50.500,0.0996,0.113894,0.158685,1,22
2022-03-15 13:24:51.000,0.099154,0.11381,0.158519,1,22
2022-03-15 13:24:51.500,0.100319,0.114676,0.1593,1,22
2022-03-15 13:24:52.000,0.099904,0.114398,0.159043,1,22
2022-03-15 13:24:52.500,0.099883,0.114461,0.159429,1,22
2022-03-15 13:24:53.000,0.100519,0.114944,0.159916,1,22
2022-03-15 13:24:53.500,0.099799,0.114902,0.159429,1,22
2022-03-15 13:24:54.000,0.100981,0.115364,0.159181,1,22
2022-03-15 13:24:54.500,0.100162,0.114865,0.159006,1,22
2022-03-15 13:24:55.000,0.099306,0.113421,0.158483,1,22
2022-03-15 13:24:55.500,0.10024,0.114466,0.159098,1,22
2022-03-15 13:24:56.000,0.100813,0.115774,0.159631,1,22
2022-03-15 13:24:56.500,0.09961,0.114009,0.158317,1,22
2022-03-15 13:24:57.000,0.099847,0.114377,0.159512,1,22
2022-03-15 13:24:57.500,0.100403,0.115448,0.160504,1,22
2022-03-15 13:24:58.000,0.100198,0.114529,0.159714,1,22
2022-03-15 13:24:58.500,0.100114,0.114907,0.159677,1,22
2022-03-15 13:24:59.000,0.101033,0.116036,0.160669,1,22
2022-03-15 13:24:59.500,0.099831,0.113973,0.15862,1,22
2022-03-15 13:25:00.000,0.099295,0.114288,0.159098,1,22
2022-03-15 13:25:00.500,0.100051,0.114687,0.160063,1,22
2022-03-15 13:25:01.000,0.10045,0.115228,0.159815,1,22
2022-03-15 13:25:01.500,0.100424,0.114681,0.159071,1,22
2022-03-15 13:25:02.000,0.100808,0.116199,0.160311,1,22
2022-03-15 13:25:02.500,0.100981,0.114571,0.159089,1,22
2022-03-15 13:25:03.000,0.0997,0.113542,0.158427,1,22
2022-03-15 13:25:03.500,0.10085,0.115065,0.159254,1,22
2022-03-15 13:25:04.000,0.099988,0.114561,0.159484,1,22
2022-03-15 13:25:04.500,0.099574,0.113626,0.158437,1,22
2022-03-15 13:25:05.000,0.100351,0.114739,0.159365,1,22
2022-03-15 13:25:05.500,0.099406,0.114141,0.158813,1,22
2022-03-15 13:25:06.000,0.100309,0.114471,0.159447,1,22
2022-03-15 13:25:06.500,0.100913,0.115075,0.160182,1,22
2022-03-15 13:25:07.000,0.10044,0.114739,0.159199,1,22
2022-03-15 13:25:07.500,0.099773,0.114713,0.159135,1,22
2022-03-15 13:25:08.000,0.099952,0.114214,0.159677,1,22
2022-03-15 13:25:08.500,0.099332,0.114104,0.159649,1,22
2022-03-15 13:25:09.000,0.100057,0.114702,0.159998,1,22
2022-03-15 13:25:09.500,0.100377,0.11528,0.159594,1,22
2022-03-15 13:25:10.000,0.100109,0.114897,0.159741,1,22
2022-03-15 13:25:10.500,0.100703,0.115774,0.160237,1,22
2022-03-15 13:25:11.000,0.100429,0.115285,0.160412,1,22
2022-03-15 13:25:11.500,0.100708,0.11517,0.159585,1,22
2022-03-15 13:25:12.000,0.100382,0.114135,0.159071,1,22
2022-03-15 13:25:12.500,0.099841,0.114151,0.159089,1,22
2022-03-15 13:25:13.000,0.099936,0.114282,0.158391,1,22
2022-03-15 13:25:13.500,0.100692,0.114429,0.158767,1,22
2022-03-15 13:25:14.000,0.100424,0.115338,0.160099,1,22
2022-03-15 13:25:14.500,0.100303,0.11465,0.159309,1,22
2022-03-15 13:25:15.000,0.100818,0.115133,0.15941,1,22
2022-03-15 13:25:15.500,0.101606,0.116131,0.160568,1,22
2022-03-15 13:25:16.000,0.100445,0.114923,0.160155,1,22
2022-03-15 13:25:16.500,0.099148,0.113605,0.158492,1,22
2022-03-15 13:25:17.000,0.100403,0.114471,0.15942,1,22
2022-03-15 13:25:17.500,0.100634,0.114702,0.159631,1,22
2022-03-15 13:25:18.000,0.101354,0.115275,0.161119,1,22
2022-03-15 13:25:18.500,0.100461,0.114272,0.159383,1,22
2022-03-15 13:25:19.000,0.100162,0.115306,0.160642,1,22
2022-03-15 13:25:19.500,0.100823,0.11455,0.160467,1,22
2022-03-15 13:25:20.000,0.100272,0.115338,0.159888,1,22
2022-03-15 13:25:20.500,0.100477,0.114744,0.160072,1,22
2022-03-15 13:25:21.000,0.100288,0.114734,0.159374,1,22
2022-03-15 13:25:21.500,0.100114,0.114198,0.158574,1,22
2022-03-15 13:25:22.000,0.100141,0.114466,0.159071,1,22
2022-03-15 13:25:22.500,0.100214,0.114765,0.160522,1,22
2022-03-15 13:25:23.000,0.100771,0.11538,0.160063,1,22
2022-03-15 13:25:23.500,0.100445,0.114183,0.159585,1,22
2022-03-15 13:25:24.000,0.100739,0.11465,0.15942,1,22
2022-03-15 13:25:24.500,0.100456,0.113379,0.158951,1,22
2022-03-15 13:25:25.000,0.099731,0.11381,0.159126,1,22
2022-03-15 13:25:25.500,0.100592,0.11506,0.160871,1,22
2022-03-15 13:25:26.000,0.099862,0.115112,0.159539,1,22
2022-03-15 13:25:26.500,0.100682,0.115154,0.15942,1,22
2022-03-15 13:25:27.000,0.099899,0.113889,0.159071,1,22
2022-03-15 13:25:27.500,0.100288,0.113784,0.158859,1,22
2022-03-15 13:25:28.000,0.100282,0.113994,0.159245,1,22
2022-03-15 13:25:28.500,0.100571,0.11475,0.15975,1,22
2022-03-15 13:25:29.000,0.100067,0.114025,0.159365,1,22
2022-03-15 13:25:29.500,0.099868,0.114382,0.160164,1,22
2022-03-15 13:25:30.000,0.0997,0.114335,0.159557,1,22
2022-03-15 13:25:30.500,0.09961,0.114828,0.159934,1,22
2022-03-15 13:25:31.000,0.099946,0.114261,0.159456,1,22
2022-03-15 13:25:31.500,0.100356,0.114781,0.159686,1,22
2022-03-15 13:25:32.000,0.099962,0.114382,0.159502,1,22
2022-03-15 13:25:32.500,0.099358,0.114345,0.159227,1,22
2022-03-15 13:25:33.000,0.099684,0.113584,0.159548,1,22
2022-03-15 13:25:33.500,0.099967,0.114482,0.159512,1,22
2022-03-15 13:25:34.000,0.100792,0.114251,0.159466,1,22
2022-03-15 13:25:34.500,0.100624,0.115023,0.160926,1,22
2022-03-15 13:25:35.000,0.100939,0.115007,0.159594,1,22
2022-03-15 13:25:35.500,0.100944,0.116057,0.160917,1,22
2022-03-15 13:25:36.000,0.100582,0.114865,0.160715,1,22
2022-03-15 13:25:36.500,0.099868,0.114471,0.159897,1,22
2022-03-15 13:25:37.000,0.100802,0.115333,0.161349,1,22
2022-03-15 13:25:37.500,0.100576,0.11517,0.15964,1,22
2022-03-15 13:25:38.000,0.100246,0.115044,0.159888,1,22
2022-03-15 13:25:38.500,0.099217,0.113763,0.158832,1,22
2022-03-15 13:25:39.000,0.10033,0.115091,0.15975,1,22
2022-03-15 13:25:39.500,0.100629,0.114729,0.160311,1,22
2022-03-15 13:25:40.000,0.099952,0.113857,0.15975,1,22
2022-03-15 13:25:40.500,0.099616,0.113647,0.158859,1,22
2022-03-15 13:25:41.000,0.100492,0.114482,0.159162,1,22
2022-03-15 13:25:41.500,0.100225,0.114513,0.159548,1,22
2022-03-15 13:25:42.000,0.101585,0.116451,0.160403,1,22
2022-03-15 13:25:42.500,0.099442,0.114114,0.159484,1,22
2022-03-15 13:25:43.000,0.09919,0.113626,0.158253,1,22
2022-03-15 13:25:43.500,0.100282,0.114702,0.159879,1,22
2022-03-15 13:25:44.000,0.099789,0.114471,0.159245,1,22
2022-03-15 13:25:44.500,0.099222,0.114309,0.158868,1,22
2022-03-15 13:25:45.000,0.099091,0.113805,0.158795,1,22
2022-03-15 13:25:45.500,0.100571,0.114991,0.159907,1,22
2022-03-15 13:25:46.000,0.099831,0.114078,0.159153,1,22
2022-03-15 13:25:46.500,0.099385,0.113999,0.159107,1,22
2022-03-15 13:25:47.000,0.099516,0.114361,0.159291,1,22
2022-03-15 13:25:47.500,0.099768,0.11412,0.158933,1,22
2022-03-15 13:25:48.000,0.100566,0.114177,0.159365,1,22
2022-03-15 13:25:48.500,0.100177,0.114513,0.159594,1,22
2022-03-15 13:25:49.000,0.10149,0.116351,0.161303,1,22
2022-03-15 13:25:49.500,0.100298,0.114629,0.159466,1,22
2022-03-15 13:25:50.000,0.100183,0.115054,0.160623,1,22
2022-03-15 13:25:50.500,0.10002,0.114393,0.159998,1,22
2022-03-15 13:25:51.000,0.100025,0.114781,0.159172,1,22
2022-03-15 13:25:51.500,0.100808,0.115663,0.160219,1,22
2022-03-15 13:25:52.000,0.100934,0.11506,0.160504,1,22
2022-03-15 13:25:52.500,0.100629,0.114697,0.158777,1,22
2022-03-15 13:25:53.000,0.099757,0.11423,0.158832,1,22
2022-03-15 13:25:53.500,0.099484,0.11412,0.158979,1,22
2022-03-15 13:25:54.000,0.099427,0.113852,0.158391,1,22
2022-03-15 13:25:54.500,0.100146,0.113852,0.158859,1,22
2022-03-15 13:25:55.000,0.099106,0.114576,0.158712,1,22
2022-03-15 13:25:55.500,0.0997,0.113957,0.159135,1,22
2022-03-15 13:25:56.000,0.099721,0.114267,0.159548,1,22
2022-03-15 13:25:56.500,0.099805,0.114104,0.158979,1,22
2022-03-15 13:25:57.000,0.0997,0.11455,0.159208,1,22
2022-03-15 13:25:57.500,0.100219,0.114482,0.159594,1,22
2022-03-15 13:25:58.000,0.099327,0.113715,0.158868,1,22
2022-03-15 13:25:58.500,0.100335,0.114618,0.160155,1,22
2022-03-15 13:25:59.000,0.099621,0.114456,0.15964,1,22
2022-03-15 13:25:59.500,0.099973,0.114335,0.158969,1,22
2022-03-15 13:26:00.000,0.100787,0.115023,0.160559,1,22
2022-03-15 13:26:00.500,0.100598,0.115186,0.160421,1,22
2022-03-15 13:26:01.000,0.099742,0.113642,0.158924,1,22
2022-03-15 13:26:01.500,0.100099,0.114104,0.159374,1,22
2022-03-15 13:26:02.000,0.099658,0.114776,0.158648,1,22
2022-03-15 13:26:02.500,0.100288,0.115816,0.160164,1,22
2022-03-15 13:26:03.000,0.099668,0.11444,0.159374,1,22
2022-03-15 13:26:03.500,0.099484,0.114267,0.158161,1,22
2022-03-15 13:26:04.000,0.100566,0.115658,0.16032,1,22
2022-03-15 13:26:04.500,0.100303,0.11424,0.159153,1,22
2022-03-15 13:26:05.000,0.100041,0.114582,0.159015,1,22
2022-03-15 13:26:05.500,0.10064,0.114676,0.160495,1,22
2022-03-15 13:26:06.000,0.100204,0.115396,0.159162,1,22
2022-03-15 13:26:06.500,0.10002,0.114062,0.159309,1,22
2022-03-15 13:26:07.000,0.099185,0.113857,0.159539,1,22
2022-03-15 13:26:07.500,0.099894,0.114162,0.158731,1,22
2022-03-15 13:26:08.000,0.100256,0.114786,0.16009,1,22
2022-03-15 13:26:08.500,0.09939,0.114015,0.15941,1,22
2022-03-15 13:26:09.000,0.100093,0.114193,0.160384,1,22
2022-03-15 13:26:09.500,0.099448,0.114088,0.159116,1,22
2022-03-15 13:26:10.000,0.100913,0.115579,0.160182,1,22
2022-03-15 13:26:10.500,0.09897,0.113679,0.159052,1,22
2022-03-15 13:26:11.000,0.099274,0.113694,0.15885,1,22
2022-03-15 13:26:11.500,0.099852,0.114183,0.159337,1,22
2022-03-15 13:26:12.000,0.099022,0.114786,0.160559,1,22
2022-03-15 13:26:12.500,0.099448,0.113778,0.159034,1,22
2022-03-15 13:26:13.000,0.099432,0.114734,0.160191,1,22
2022-03-15 13:26:13.500,0.099038,0.114193,0.158795,1,22
2022-03-15 13:26:14.000,0.099395,0.114445,0.159319,1,22
2022-03-15 13:26:14.500,0.099736,0.11475,0.161073,1,22
2022-03-15 13:26:15.000,0.100603,0.115196,0.160246,1,22
2022-03-15 13:26:15.500,0.099736,0.11444,0.159769,1,22
2022-03-15 13:26:16.000,0.099894,0.114807,0.159916,1,22
2022-03-15 13:26:16.500,0.100109,0.114828,0.161156,1,22
2022-03-15 13:26:17.000,0.099584,0.114372,0.159374,1,22
2022-03-15 13:26:17.500,0.098828,0.113395,0.158437,1,22
2022-03-15 13:26:18.000,0.099374,0.113274,0.158519,1,22
2022-03-15 13:26:18.500,0.099663,0.11434,0.159631,1,22
2022-03-15 13:26:19.000,0.099547,0.114529,0.159613,1,22
2022-03-15 13:26:19.500,0.099626,0.113726,0.159613,1,22
2022-03-15 13:26:20.000,0.09992,0.114498,0.159943,1,22
2022-03-15 13:26:20.500,0.099148,0.114702,0.159603,1,22
2022-03-15 13:26:21.000,0.099894,0.114235,0.159613,1,22
2022-03-15 13:26:21.500,0.099075,0.113742,0.159319,1,22
2022-03-15 13:26:22.000,0.097757,0.112424,0.158675,1,22
2022-03-15 13:26:22.500,0.099133,0.113616,0.159309,1,22
2022-03-15 13:26:23.000,0.100393,0.114477,0.159879,1,22
2022-03-15 13:26:23.500,0.099001,0.113532,0.158666,1,22
2022-03-15 13:26:24.000,0.099122,0.113988,0.159236,1,22
2022-03-15 13:26:24.500,0.10013,0.115191,0.160632,1,22
2022-03-15 13:26:25.000,0.099316,0.11381,0.159061,1,22
2022-03-15 13:26:25.500,0.099427,0.114487,0.159585,1,22
2022-03-15 13:26:26.000,0.100277,0.114886,0.160743,1,22
2022-03-15 13:26:26.500,0.099621,0.114634,0.160099,1,22
2022-03-15 13:26:27.000,0.0997,0.114823,0.160522,1,22
2022-03-15 13:26:27.500,0.0994,0.115075,0.160559,1,22
2022-03-15 13:26:28.000,0.098639,0.114177,0.159622,1,22
2022-03-15 13:26:28.500,0.099411,0.113894,0.159539,1,22
2022-03-15 13:26:29.000,0.099978,0.114949,0.160237,1,22
2022-03-15 13:26:29.500,0.098377,0.112697,0.158345,1,22
2022-03-15 13:26:30.000,0.099484,0.113185,0.159622,1,22
2022-03-15 13:26:30.500,0.099196,0.11391,0.160807,1,22
2022-03-15 13:26:31.000,0.099878,0.114566,0.160008,1,22
2022-03-15 13:26:31.500,0.099637,0.113353,0.159144,1,22
2022-03-15 13:26:32.000,0.098791,0.1135,0.160081,1,22
2022-03-15 13:26:32.500,0.098891,0.113836,0.160228,1,22
2022-03-15 13:26:33.000,0.098875,0.113784,0.159778,1,22
2022-03-15 13:26:33.500,0.099379,0.1136,0.159934,1,22
2022-03-15 13:26:34.000,0.098434,0.113332,0.159594,1,22
2022-03-15 13:26:34.500,0.098282,0.113295,0.159502,1,22
2022-03-15 13:26:35.000,0.097988,0.113332,0.159649,1,22
2022-03-15 13:26:35.500,0.098308,0.113043,0.158988,1,22
2022-03-15 13:26:36.000,0.098839,0.11329,0.159071,1,22
2022-03-15 13:26:36.500,0.099269,0.11412,0.159429,1,22
2022-03-15 13:26:37.000,0.098088,0.113049,0.159319,1,22
2022-03-15 13:26:37.500,0.09855,0.113164,0.159677,1,22
2022-03-15 13:26:38.000,0.099542,0.113626,0.160403,1,22
2022-03-15 13:26:38.500,0.097794,0.112177,0.158731,1,22
2022-03-15 13:26:39.000,0.099358,0.113778,0.15987,1,22
2022-03-15 13:26:39.500,0.098917,0.11381,0.159714,1,22
2022-03-15 13:26:40.000,0.099369,0.113994,0.160329,1,22
2022-03-15 13:26:40.500,0.098035,0.113883,0.160099,1,22
2022-03-15 13:26:41.000,0.097836,0.112959,0.159943,1,22
2022-03-15 13:26:41.500,0.098954,0.113621,0.159631,1,22
2022-03-15 13:26:42.000,0.098413,0.112718,0.159493,1,22
2022-03-15 13:26:42.500,0.099495,0.113122,0.159466,1,22
2022-03-15 13:26:43.000,0.098156,0.113028,0.159842,1,22
2022-03-15 13:26:43.500,0.099915,0.114513,0.160697,1,22
2022-03-15 13:26:44.000,0.098524,0.113143,0.159328,1,22
2022-03-15 13:26:44.500,0.099017,0.113495,0.159998,1,22
2022-03-15 13:26:45.000,0.098802,0.113332,0.15908,1,22
2022-03-15 13:26:45.500,0.098308,0.112881,0.159116,1,22
2022-03-15 13:26:46.000,0.099301,0.114671,0.160504,1,22
2022-03-15 13:26:46.500,0.099495,0.114162,0.16032,1,22
2022-03-15 13:26:47.000,0.098608,0.112797,0.159659,1,22
2022-03-15 13:26:47.500,0.10002,0.114246,0.159328,1,22
2022-03-15 13:26:48.000,0.098944,0.112755,0.159346,1,22
2022-03-15 13:26:48.500,0.098676,0.112828,0.158721,1,22
2022-03-15 13:26:49.000,0.098765,0.113742,0.160109,1,22
2022-03-15 13:26:49.500,0.098125,0.113038,0.159594,1,22
2022-03-15 13:26:50.000,0.098807,0.113374,0.160945,1,22
2022-03-15 13:26:50.500,0.099091,0.113427,0.160513,1,22
2022-03-15 13:26:51.000,0.09982,0.114198,0.160256,1,22
2022-03-15 13:26:51.500,0.099353,0.113773,0.160421,1,22
2022-03-15 13:26:52.000,0.098109,0.112004,0.158767,1,22
2022-03-15 13:26:52.500,0.099154,0.113264,0.159649,1,22
2022-03-15 13:26:53.000,0.099952,0.114713,0.160779,1,22
2022-03-15 13:26:53.500,0.098261,0.113143,0.159879,1,22
2022-03-15 13:26:54.000,0.099253,0.113994,0.161202,1,22
2022-03-15 13:26:54.500,0.099616,0.11392,0.15941,1,22
2022-03-15 13:26:55.000,0.097904,0.112949,0.15919,1,22
2022-03-15 13:26:55.500,0.097668,0.112282,0.158868,1,22
2022-03-15 13:26:56.000,0.09928,0.114135,0.160081,1,22
2022-03-15 13:26:56.500,0.099852,0.114209,0.160348,1,22
2022-03-15 13:26:57.000,0.099112,0.113689,0.159851,1,22
2022-03-15 13:26:57.500,0.09856,0.112314,0.158887,1,22
2022-03-15 13:26:58.000,0.098818,0.113148,0.159392,1,22
2022-03-15 13:26:58.500,0.098046,0.112093,0.158584,1,22
2022-03-15 13:26:59.000,0.09834,0.113274,0.160302,1,22
2022-03-15 13:26:59.500,0.099295,0.114188,0.159796,1,22
2022-03-15 13:27:00.000,0.09802,0.112419,0.159245,1,22
2022-03-15 13:27:00.500,0.098529,0.113448,0.159374,1,22
2022-03-15 13:27:01.000,0.099904,0.113726,0.160219,1,22
2022-03-15 13:27:01.500,0.098886,0.113364,0.159668,1,22
2022-03-15 13:27:02.000,0.097069,0.112114,0.159015,1,22
2022-03-15 13:27:02.500,0.09845,0.112944,0.159512,1,22
2022-03-15 13:27:03.000,0.098329,0.112812,0.159796,1,22
2022-03-15 13:27:03.500,0.098907,0.113883,0.159613,1,22
2022-03-15 13:27:04.000,0.098476,0.112823,0.160026,1,22
2022-03-15 13:27:04.500,0.098723,0.113274,0.159677,1,22
2022-03-15 13:27:05.000,0.098282,0.112629,0.158988,1,22
2022-03-15 13:27:05.500,0.098613,0.11361,0.159208,1,22
2022-03-15 13:27:06.000,0.098707,0.113001,0.158942,1,22
2022-03-15 13:27:06.500,0.097573,0.112219,0.159135,1,22
2022-03-15 13:27:07.000,0.098203,0.11224,0.158905,1,22
2022-03-15 13:27:07.500,0.099211,0.113511,0.160026,1,22
2022-03-15 13:27:08.000,0.098224,0.112718,0.159346,1,22
2022-03-15 13:27:08.500,0.098975,0.113873,0.160329,1,22
2022-03-15 13:27:09.000,0.098713,0.113847,0.159585,1,22
2022-03-15 13:27:09.500,0.098755,0.113285,0.159879,1,22
2022-03-15 13:27:10.000,0.098282,0.113668,0.159686,1,22
2022-03-15 13:27:10.500,0.098723,0.113143,0.15919,1,22
2022-03-15 13:27:11.000,0.099348,0.113852,0.159374,1,22
2022-03-15 13:27:11.500,0.098739,0.11308,0.159714,1,22
2022-03-15 13:27:12.000,0.098917,0.113448,0.15941,1,22
2022-03-15 13:27:12.500,0.097867,0.111883,0.159355,1,22
2022-03-15 13:27:13.000,0.099049,0.113463,0.159126,1,22
2022-03-15 13:27:13.500,0.098581,0.112891,0.159521,1,22
2022-03-15 13:27:14.000,0.099348,0.113978,0.15941,1,22
2022-03-15 13:27:14.500,0.098119,0.112088,0.158868,1,22
2022-03-15 13:27:15.000,0.099211,0.113511,0.160632,1,22
2022-03-15 13:27:15.500,0.097883,0.112497,0.158924,1,22
2022-03-15 13:27:16.000,0.098718,0.112403,0.159741,1,22
2022-03-15 13:27:16.500,0.099143,0.113117,0.159466,1,22
2022-03-15 13:27:17.000,0.098697,0.113626,0.160246,1,22
2022-03-15 13:27:17.500,0.098865,0.114057,0.160724,1,22
2022-03-15 13:27:18.000,0.098881,0.113316,0.159998,1,22
2022-03-15 13:27:18.500,0.098461,0.113316,0.159539,1,22
2022-03-15 13:27:19.000,0.098434,0.113553,0.159943,1,22
2022-03-15 13:27:19.500,0.098035,0.112198,0.159263,1,22
2022-03-15 13:27:20.000,0.098051,0.112093,0.159567,1,22
2022-03-15 13:27:20.500,0.098959,0.112587,0.159732,1,22
2022-03-15 13:27:21.000,0.098713,0.11318,0.160191,1,22
2022-03-15 13:27:21.500,0.098534,0.112335,0.159153,1,22
2022-03-15 13:27:22.000,0.098287,0.112482,0.159383,1,22
2022-03-15 13:27:22.500,0.098419,0.112991,0.160761,1,22
2022-03-15 13:27:23.000,0.098723,0.113327,0.159144,1,22
2022-03-15 13:27:23.500,0.098671,0.112807,0.159383,1,22
2022-03-15 13:27:24.000,0.098839,0.112235,0.159144,1,22
2022-03-15 13:27:24.500,0.098986,0.113175,0.159291,1,22
2022-03-15 13:27:25.000,0.097573,0.111941,0.158547,1,22
2022-03-15 13:27:25.500,0.098912,0.112765,0.159888,1,22
2022-03-15 13:27:26.000,0.098713,0.112324,0.159052,1,22
2022-03-15 13:27:26.500,0.098739,0.113175,0.159282,1,22
2022-03-15 13:27:27.000,0.098203,0.112004,0.15885,1,22
2022-03-15 13:27:27.500,0.098203,0.111878,0.15953,1,22
2022-03-15 13:27:28.000,0.098592,0.112629,0.159613,1,22
2022-03-15 13:27:28.500,0.097804,0.111904,0.159567,1,22
2022-03-15 13:27:29.000,0.099285,0.112944,0.159263,1,22
2022-03-15 13:27:29.500,0.098886,0.113358,0.159851,1,22
2022-03-15 13:27:30.000,0.098067,0.112135,0.159309,1,22
2022-03-15 13:27:30.500,0.098938,0.112445,0.158942,1,22
2022-03-15 13:27:31.000,0.09897,0.1134,0.159484,1,22
2022-03-15 13:27:31.500,0.098555,0.112844,0.159263,1,22
2022-03-15 13:27:32.000,0.098686,0.113369,0.159475,1,22
2022-03-15 13:27:32.500,0.098928,0.113763,0.160632,1,22
2022-03-15 13:27:33.000,0.10044,0.11486,0.160981,1,22
2022-03-15 13:27:33.500,0.099899,0.114398,0.160081,1,22
2022-03-15 13:27:34.000,0.098671,0.112398,0.160099,1,22
2022-03-15 13:27:34.500,0.098655,0.112272,0.159172,1,22
2022-03-15 13:27:35.000,0.098949,0.112807,0.15987,1,22
2022-03-15 13:27:35.500,0.099374,0.114004,0.159824,1,22
2022-03-15 13:27:36.000,0.098655,0.113448,0.15964,1,22
2022-03-15 13:27:36.500,0.09835,0.11214,0.159567,1,22
2022-03-15 13:27:37.000,0.099012,0.113416,0.159925,1,22
2022-03-15 13:27:37.500,0.098797,0.112581,0.159493,1,22
2022-03-15 13:27:38.000,0.098209,0.112041,0.158795,1,22
2022-03-15 13:27:38.500,0.099164,0.112765,0.160173,1,22
2022-03-15 13:27:39.000,0.098219,0.112692,0.159309,1,22
2022-03-15 13:27:39.500,0.099122,0.113899,0.160495,1,22
2022-03-15 13:27:40.000,0.098298,0.112319,0.159025,1,22
2022-03-15 13:27:40.500,0.098597,0.112524,0.159438,1,22
2022-03-15 13:27:41.000,0.09981,0.1137,0.160651,1,22
2022-03-15 13:27:41.500,0.098902,0.113395,0.160485,1,22
2022-03-15 13:27:42.000,0.098959,0.113647,0.160366,1,22
2022-03-15 13:27:42.500,0.098623,0.113133,0.158914,1,22
2022-03-15 13:27:43.000,0.098655,0.112676,0.159466,1,22
2022-03-15 13:27:43.500,0.098293,0.112812,0.159254,1,22
2022-03-15 13:27:44.000,0.097951,0.111662,0.158749,1,22
2022-03-15 13:27:44.500,0.099096,0.113038,0.15998,1,22
2022-03-15 13:27:45.000,0.098618,0.112854,0.159668,1,22
2022-03-15 13:27:45.500,0.099778,0.114309,0.160568,1,22
2022-03-15 13:27:46.000,0.098823,0.112508,0.15908,1,22
2022-03-15 13:27:46.500,0.098098,0.112335,0.158225,1,22
2022-03-15 13:27:47.000,0.097988,0.111873,0.158804,1,22
2022-03-15 13:27:47.500,0.09802,0.112025,0.159438,1,22
2022-03-15 13:27:48.000,0.099206,0.114251,0.160237,1,22
2022-03-15 13:27:48.500,0.099122,0.113127,0.159263,1,22
2022-03-15 13:27:49.000,0.098413,0.112093,0.158878,1,22
2022-03-15 13:27:49.500,0.098319,0.112923,0.159842,1,22
2022-03-15 13:27:50.000,0.098959,0.113085,0.16055,1,22
2022-03-15 13:27:50.500,0.098639,0.112954,0.160586,1,22
2022-03-15 13:27:51.000,0.099553,0.114183,0.160504,1,22
2022-03-15 13:27:51.500,0.098193,0.112398,0.159107,1,22
2022-03-15 13:27:52.000,0.099143,0.113521,0.160669,1,22
2022-03-15 13:27:52.500,0.09824,0.112581,0.159337,1,22
2022-03-15 13:27:53.000,0.099117,0.112119,0.159052,1,22
2022-03-15 13:27:53.500,0.098818,0.113007,0.160274,1,22
2022-03-15 13:27:54.000,0.09856,0.113075,0.15953,1,22
2022-03-15 13:27:54.500,0.099017,0.113826,0.16054,1,22
2022-03-15 13:27:55.000,0.098618,0.112623,0.159447,1,22
2022-03-15 13:27:55.500,0.097484,0.111022,0.157812,1,22
2022-03-15 13:27:56.000,0.098062,0.112707,0.159401,1,22
2022-03-15 13:27:56.500,0.098235,0.112692,0.159943,1,22
2022-03-15 13:27:57.000,0.098471,0.112744,0.159227,1,22
2022-03-15 13:27:57.500,0.098797,0.113164,0.160118,1,22
2022-03-15 13:27:58.000,0.098949,0.113343,0.160522,1,22
2022-03-15 13:27:58.500,0.099484,0.113631,0.159861,1,22
2022-03-15 13:27:59.000,0.098865,0.112177,0.15896,1,22
2022-03-15 13:27:59.500,0.098041,0.111888,0.159061,1,22
2022-03-15 13:28:00.000,0.09824,0.112529,0.159218,1,22
2022-03-15 13:28:00.500,0.099227,0.114361,0.160724,1,22
2022-03-15 13:28:01.000,0.098329,0.11277,0.158795,1,22
2022-03-15 13:28:01.500,0.097626,0.112413,0.158611,1,22
2022-03-15 13:28:02.000,0.098592,0.113127,0.159704,1,22
2022-03-15 13:28:02.500,0.099164,0.113663,0.15941,1,22
2022-03-15 13:28:03.000,0.098996,0.113936,0.16043,1,22
2022-03-15 13:28:03.500,0.098618,0.112865,0.159502,1,22
2022-03-15 13:28:04.000,0.09866,0.113159,0.159769,1,22
2022-03-15 13:28:04.500,0.09844,0.11182,0.158942,1,22
2022-03-15 13:28:05.000,0.09856,0.112665,0.158685,1,22
2022-03-15 13:28:05.500,0.098933,0.113348,0.159319,1,22
2022-03-15 13:28:06.000,0.098797,0.113752,0.160081,1,22
2022-03-15 13:28:06.500,0.098293,0.112707,0.159365,1,22
2022-03-15 13:28:07.000,0.099505,0.113694,0.159842,1,22
2022-03-15 13:28:07.500,0.098377,0.112566,0.159557,1,22
2022-03-15 13:28:08.000,0.099012,0.113484,0.160412,1,22
2022-03-15 13:28:08.500,0.099243,0.113542,0.160219,1,22
2022-03-15 13:28:09.000,0.099022,0.112623,0.159218,1,22
2022-03-15 13:28:09.500,0.098839,0.112954,0.158813,1,22
2022-03-15 13:28:10.000,0.098471,0.113038,0.159778,1,22
2022-03-15 13:28:10.500,0.098965,0.113542,0.160035,1,22
2022-03-15 13:28:11.000,0.099595,0.113621,0.160246,1,22
2022-03-15 13:28:11.500,0.09919,0.113285,0.160145,1,22
2022-03-15 13:28:12.000,0.09792,0.111873,0.158097,1,22
2022-03-15 13:28:12.500,0.097978,0.112182,0.159153,1,22
2022-03-15 13:28:13.000,0.098597,0.112744,0.159466,1,22
2022-03-15 13:28:13.500,0.098891,0.11297,0.159695,1,22
2022-03-15 13:28:14.000,0.098177,0.113285,0.159576,1,22
2022-03-15 13:28:14.500,0.099091,0.11381,0.159815,1,22
2022-03-15 13:28:15.000,0.09907,0.113463,0.15942,1,22
2022-03-15 13:28:15.500,0.09961,0.113904,0.161018,1,22
2022-03-15 13:28:16.000,0.099091,0.113227,0.159815,1,22
2022-03-15 13:28:16.500,0.098445,0.111258,0.158767,1,22
2022-03-15 13:28:17.000,0.098345,0.111846,0.158813,1,22
2022-03-15 13:28:17.500,0.098245,0.112623,0.158694,1,22
2022-03-15 13:28:18.000,0.097663,0.111878,0.158418,1,22
2022-03-15 13:28:18.500,0.09887,0.112214,0.159741,1,22
2022-03-15 13:28:19.000,0.097657,0.112146,0.159475,1,22
2022-03-15 13:28:19.500,0.098135,0.112602,0.159273,1,22
2022-03-15 13:28:20.000,0.098802,0.112639,0.160421,1,22
2022-03-15 13:28:20.500,0.099185,0.113164,0.160035,1,22
2022-03-15 13:28:21.000,0.099122,0.113364,0.159613,1,22
2022-03-15 13:28:21.500,0.098287,0.11244,0.158914,1,22
2022-03-15 13:28:22.000,0.098723,0.112886,0.159732,1,22
2022-03-15 13:28:22.500,0.098576,0.113169,0.159769,1,22
2022-03-15 13:28:23.000,0.098545,0.113185,0.159245,1,22
2022-03-15 13:28:23.500,0.09898,0.112886,0.159539,1,22
2022-03-15 13:28:24.000,0.099154,0.113579,0.160403,1,22
2022-03-15 13:28:24.500,0.098497,0.113007,0.159355,1,22
2022-03-15 13:28:25.000,0.098744,0.112828,0.159328,1,22
2022-03-15 13:28:25.500,0.098419,0.112513,0.158979,1,22
2022-03-15 13:28:26.000,0.098592,0.112503,0.158721,1,22
2022-03-15 13:28:26.500,0.098529,0.111831,0.159061,1,22
2022-03-15 13:28:27.000,0.098818,0.111857,0.158731,1,22
2022-03-15 13:28:27.500,0.098634,0.112571,0.159098,1,22
2022-03-15 13:28:28.000,0.098014,0.111794,0.15885,1,22
2022-03-15 13:28:28.500,0.098781,0.112518,0.159025,1,22
2022-03-15 13:28:29.000,0.098665,0.112461,0.15885,1,22
2022-03-15 13:28:29.500,0.098009,0.112298,0.158859,1,22
2022-03-15 13:28:30.000,0.098539,0.112167,0.159401,1,22
2022-03-15 13:28:30.500,0.098009,0.112434,0.159034,1,22
2022-03-15 13:28:31.000,0.09982,0.113432,0.160596,1,22
2022-03-15 13:28:31.500,0.098618,0.112455,0.159631,1,22
2022-03-15 13:28:32.000,0.098707,0.1135,0.160485,1,22
2022-03-15 13:28:32.500,0.098503,0.112093,0.160136,1,22
2022-03-15 13:28:33.000,0.097636,0.11255,0.158914,1,22
2022-03-15 13:28:33.500,0.098807,0.11276,0.159162,1,22
2022-03-15 13:28:34.000,0.09793,0.112366,0.159383,1,22
2022-03-15 13:28:34.500,0.0995,0.113763,0.16032,1,22
2022-03-15 13:28:35.000,0.098954,0.112744,0.159181,1,22
2022-03-15 13:28:35.500,0.098671,0.112251,0.159034,1,22
2022-03-15 13:28:36.000,0.098812,0.112938,0.159355,1,22
2022-03-15 13:28:36.500,0.099484,0.113169,0.159015,1,22
2022-03-15 13:28:37.000,0.098723,0.112093,0.159815,1,22
2022-03-15 13:28:37.500,0.099248,0.113091,0.159824,1,22
2022-03-15 13:28:38.000,0.098287,0.112487,0.159098,1,22
2022-03-15 13:28:38.500,0.099211,0.113217,0.159374,1,22
2022-03-15 13:28:39.000,0.098387,0.113143,0.159539,1,22
2022-03-15 13:28:39.500,0.098245,0.112749,0.159006,1,22
2022-03-15 13:28:40.000,0.0974,0.111825,0.158666,1,22
2022-03-15 13:28:40.500,0.098461,0.11223,0.159025,1,22
2022-03-15 13:28:41.000,0.098172,0.112062,0.159447,1,22
2022-03-15 13:28:41.500,0.099159,0.113379,0.160642,1,22
2022-03-15 13:28:42.000,0.098497,0.113054,0.159383,1,22
2022-03-15 13:28:42.500,0.097794,0.111993,0.159328,1,22
2022-03-15 13:28:43.000,0.097857,0.11172,0.158528,1,22
2022-03-15 13:28:43.500,0.099028,0.11308,0.15976,1,22
2022-03-15 13:28:44.000,0.098256,0.111993,0.158813,1,22
2022-03-15 13:28:44.500,0.097846,0.112497,0.159025,1,22
2022-03-15 13:28:45.000,0.097185,0.111185,0.157849,1,22
2022-03-15 13:28:45.500,0.09877,0.113547,0.159861,1,22
2022-03-15 13:28:46.000,0.098188,0.112818,0.15998,1,22
2022-03-15 13:28:46.500,0.098476,0.112644,0.15908,1,22
2022-03-15 13:28:47.000,0.098902,0.112671,0.159585,1,22
2022-03-15 13:28:47.500,0.097584,0.111978,0.159346,1,22
2022-03-15 13:28:48.000,0.097657,0.112167,0.159539,1,22
2022-03-15 13:28:48.500,0.098429,0.112319,0.159456,1,22
2022-03-15 13:28:49.000,0.098219,0.11256,0.158207,1,22
2022-03-15 13:28:49.500,0.099337,0.112912,0.159971,1,22
2022-03-15 13:28:50.000,0.098655,0.112545,0.159309,1,22
2022-03-15 13:28:50.500,0.098366,0.112881,0.159254,1,22
2022-03-15 13:28:51.000,0.097789,0.112287,0.159704,1,22
2022-03-15 13:28:51.500,0.098807,0.112707,0.159778,1,22
2022-03-15 13:28:52.000,0.099878,0.113731,0.160495,1,22
2022-03-15 13:28:52.500,0.098802,0.113033,0.158942,1,22
2022-03-15 13:28:53.000,0.098156,0.111983,0.158924,1,22
2022-03-15 13:28:53.500,0.097752,0.111741,0.158914,1,22
2022-03-15 13:28:54.000,0.098902,0.112744,0.160449,1,22
2022-03-15 13:28:54.500,0.099332,0.113647,0.159613,1,22
2022-03-15 13:28:55.000,0.099154,0.113442,0.160136,1,22
2022-03-15 13:28:55.500,0.097988,0.11172,0.158896,1,22
2022-03-15 13:28:56.000,0.099217,0.113206,0.159539,1,22
2022-03-15 13:28:56.500,0.099385,0.113222,0.159714,1,22
2022-03-15 13:28:57.000,0.098251,0.112944,0.16009,1,22
2022-03-15 13:28:57.500,0.099169,0.112917,0.158896,1,22
2022-03-15 13:28:58.000,0.098791,0.112875,0.159668,1,22
2022-03-15 13:28:58.500,0.099164,0.113259,0.159695,1,22
2022-03-15 13:28:59.000,0.099285,0.112944,0.158942,1,22
2022-03-15 13:28:59.500,0.098398,0.112545,0.15953,1,22
2022-03-15 13:29:00.000,0.099064,0.113495,0.159833,1,22
2022-03-15 13:29:00.500,0.098524,0.11286,0.159695,1,22
2022-03-15 13:29:01.000,0.098581,0.112671,0.158841,1,22
2022-03-15 13:29:01.500,0.098713,0.111825,0.158731,1,22
2022-03-15 13:29:02.000,0.098487,0.112896,0.159851,1,22
2022-03-15 13:29:02.500,0.09792,0.113022,0.159071,1,22
2022-03-15 13:29:03.000,0.097589,0.112476,0.159199,1,22
2022-03-15 13:29:03.500,0.098434,0.113122,0.160054,1,22
2022-03-15 13:29:04.000,0.097873,0.111704,0.158969,1,22
2022-03-15 13:29:04.500,0.097552,0.112167,0.159034,1,22
2022-03-15 13:29:05.000,0.098854,0.113022,0.159181,1,22
2022-03-15 13:29:05.500,0.099217,0.113222,0.159603,1,22
2022-03-15 13:29:06.000,0.098235,0.112613,0.159456,1,22
2022-03-15 13:29:06.500,0.097873,0.112361,0.159245,1,22
2022-03-15 13:29:07.000,0.097873,0.112172,0.159401,1,22
2022-03-15 13:29:07.500,0.098434,0.112634,0.159475,1,22
2022-03-15 13:29:08.000,0.098308,0.113054,0.159971,1,22
2022-03-15 13:29:08.500,0.098272,0.112781,0.159493,1,22
2022-03-15 13:29:09.000,0.098382,0.111794,0.159025,1,22
2022-03-15 13:29:09.500,0.098277,0.112555,0.15964,1,22
2022-03-15 13:29:10.000,0.099127,0.113353,0.160458,1,22
2022-03-15 13:29:10.500,0.098487,0.112854,0.159365,1,22
2022-03-15 13:29:11.000,0.099579,0.112912,0.160237,1,22
2022-03-15 13:29:11.500,0.098713,0.112566,0.1593,1,22
2022-03-15 13:29:12.000,0.098723,0.113469,0.160118,1,22
2022-03-15 13:29:12.500,0.099206,0.113085,0.160926,1,22
2022-03-15 13:29:13.000,0.098345,0.112681,0.15953,1,22
2022-03-15 13:29:13.500,0.099117,0.113421,0.160917,1,22
2022-03-15 13:29:14.000,0.098923,0.113253,0.160044,1,22
2022-03-15 13:29:14.500,0.098424,0.112996,0.159851,1,22
2022-03-15 13:29:15.000,0.097584,0.112098,0.158813,1,22
2022-03-15 13:29:15.500,0.098224,0.113385,0.160816,1,22
2022-03-15 13:29:16.000,0.098524,0.113789,0.160476,1,22
2022-03-15 13:29:16.500,0.098361,0.113117,0.159548,1,22
2022-03-15 13:29:17.000,0.098513,0.112156,0.159153,1,22
2022-03-15 13:29:17.500,0.099647,0.113883,0.161018,1,22
2022-03-15 13:29:18.000,0.098098,0.112902,0.159052,1,22
2022-03-15 13:29:18.500,0.098513,0.112209,0.158924,1,22
2022-03-15 13:29:19.000,0.098697,0.113736,0.16021,1,22
2022-03-15 13:29:19.500,0.097647,0.112098,0.159732,1,22
2022-03-15 13:29:20.000,0.098125,0.113012,0.160035,1,22
2022-03-15 13:29:20.500,0.098182,0.112765,0.159098,1,22
2022-03-15 13:29:21.000,0.097878,0.112098,0.157996,1,22
2022-03-15 13:29:21.500,0.097589,0.111389,0.159199,1,22
2022-03-15 13:29:22.000,0.098382,0.112765,0.159475,1,22
2022-03-15 13:29:22.500,0.098602,0.113054,0.159907,1,22
2022-03-15 13:29:23.000,0.098167,0.112377,0.159613,1,22
2022-03-15 13:29:23.500,0.097043,0.112461,0.158528,1,22
2022-03-15 13:29:24.000,0.097222,0.111174,0.158381,1,22
2022-03-15 13:29:24.500,0.097831,0.112314,0.159319,1,22
2022-03-15 13:29:25.000,0.098476,0.112219,0.159659,1,22
2022-03-15 13:29:25.500,0.097867,0.112387,0.15987,1,22
2022-03-15 13:29:26.000,0.098172,0.112251,0.159116,1,22
2022-03-15 13:29:26.500,0.098219,0.11277,0.158271,1,22
2022-03-15 13:29:27.000,0.098434,0.112377,0.159585,1,22
2022-03-15 13:29:27.500,0.098083,0.113059,0.159567,1,22
2022-03-15 13:29:28.000,0.097909,0.113038,0.159548,1,22
2022-03-15 13:29:28.500,0.098004,0.112671,0.159907,1,22
2022-03-15 13:29:29.000,0.097836,0.111962,0.158878,1,22
2022-03-15 13:29:29.500,0.097899,0.112807,0.160302,1,22
2022-03-15 13:29:30.000,0.098823,0.113154,0.159346,1,22
2022-03-15 13:29:30.500,0.09866,0.113637,0.159392,1,22
2022-03-15 13:29:31.000,0.098896,0.113784,0.160265,1,22
2022-03-15 13:29:31.500,0.097915,0.112198,0.158951,1,22
2022-03-15 13:29:32.000,0.09793,0.112413,0.160017,1,22
2022-03-15 13:29:32.500,0.098282,0.11371,0.160972,1,22
2022-03-15 13:29:33.000,0.098067,0.11286,0.159879,1,22
2022-03-15 13:29:33.500,0.098041,0.112503,0.15953,1,22
2022-03-15 13:29:34.000,0.098749,0.113421,0.1593,1,22
2022-03-15 13:29:34.500,0.097867,0.112098,0.158777,1,22
2022-03-15 13:29:35.000,0.097605,0.112261,0.159429,1,22
2022-03-15 13:29:35.500,0.097568,0.111447,0.158703,1,22
2022-03-15 13:29:36.000,0.098224,0.112608,0.159126,1,22
2022-03-15 13:29:36.500,0.097794,0.112146,0.158878,1,22
2022-03-15 13:29:37.000,0.098366,0.113096,0.159842,1,22
2022-03-15 13:29:37.500,0.098135,0.112739,0.159879,1,22
2022-03-15 13:29:38.000,0.098398,0.112356,0.159365,1,22
2022-03-15 13:29:38.500,0.098245,0.112581,0.15942,1,22
2022-03-15 13:29:39.000,0.0976,0.112408,0.159429,1,22
2022-03-15 13:29:39.500,0.097678,0.112361,0.159309,1,22
2022-03-15 13:29:40.000,0.097489,0.11255,0.159732,1,22
2022-03-15 13:29:40.500,0.0975,0.1115,0.158528,1,22
2022-03-15 13:29:41.000,0.098088,0.112377,0.159732,1,22
2022-03-15 13:29:41.500,0.098529,0.113274,0.160403,1,22
2022-03-15 13:29:42.000,0.098266,0.113127,0.159548,1,22
2022-03-15 13:29:42.500,0.097505,0.11181,0.158694,1,22
2022-03-15 13:29:43.000,0.097185,0.112119,0.158905,1,22
2022-03-15 13:29:43.500,0.098219,0.113007,0.159585,1,22
2022-03-15 13:29:44.000,0.097647,0.112172,0.158611,1,22
2022-03-15 13:29:44.500,0.098581,0.112833,0.158593,1,22
2022-03-15 13:29:45.000,0.097773,0.112303,0.159245,1,22
2022-03-15 13:29:45.500,0.097127,0.111993,0.159116,1,22
2022-03-15 13:29:46.000,0.099001,0.113012,0.159888,1,22
2022-03-15 13:29:46.500,0.097873,0.113322,0.160219,1,22
2022-03-15 13:29:47.000,0.097489,0.111878,0.15919,1,22
2022-03-15 13:29:47.500,0.097647,0.112429,0.159135,1,22
2022-03-15 13:29:48.000,0.098219,0.112923,0.159365,1,22
2022-03-15 13:29:48.500,0.097222,0.112266,0.159061,1,22
2022-03-15 13:29:49.000,0.09782,0.112891,0.1593,1,22
2022-03-15 13:29:49.500,0.097274,0.112497,0.158777,1,22
2022-03-15 13:29:50.000,0.098629,0.113626,0.160072,1,22
2022-03-15 13:29:50.500,0.098151,0.11235,0.159126,1,22
2022-03-15 13:29:51.000,0.098214,0.112665,0.159365,1,22
2022-03-15 13:29:51.500,0.098293,0.11244,0.159319,1,22
2022-03-15 13:29:52.000,0.097825,0.112639,0.159447,1,22
2022-03-15 13:29:52.500,0.098366,0.114246,0.160513,1,22
2022-03-15 13:29:53.000,0.097978,0.112933,0.15964,1,22
2022-03-15 13:29:53.500,0.097999,0.112497,0.159521,1,22
2022-03-15 13:29:54.000,0.097211,0.111741,0.158005,1,22
2022-03-15 13:29:54.500,0.097605,0.112287,0.159741,1,22
2022-03-15 13:29:55.000,0.098077,0.112907,0.159925,1,22
2022-03-15 13:29:55.500,0.097731,0.113138,0.159861,1,22
2022-03-15 13:29:56.000,0.097768,0.112534,0.159438,1,22
2022-03-15 13:29:56.500,0.097652,0.11161,0.158896,1,22
2022-03-15 13:29:57.000,0.097678,0.113217,0.160054,1,22
2022-03-15 13:29:57.500,0.097799,0.112293,0.15953,1,22
2022-03-15 13:29:58.000,0.096801,0.111731,0.158483,1,22
2022-03-15 13:29:58.500,0.096959,0.111536,0.159337,1,22
2022-03-15 13:29:59.000,0.097941,0.112707,0.160017,1,22
2022-03-15 13:29:59.500,0.096859,0.111993,0.159208,1,22
2022-03-15 13:30:00.000,0.098387,0.11319,0.160063,1,22
2022-03-15 13:30:00.500,0.098923,0.113962,0.160972,1,22
2022-03-15 13:30:01.000,0.098828,0.113511,0.160871,1,22
2022-03-15 13:30:01.500,0.097899,0.112907,0.159218,1,22
2022-03-15 13:30:02.000,0.098151,0.113274,0.159199,1,22
2022-03-15 13:30:02.500,0.098529,0.113337,0.159245,1,22
2022-03-15 13:30:03.000,0.098098,0.113274,0.159502,1,22
2022-03-15 13:30:03.500,0.097794,0.112571,0.159309,1,22
2022-03-15 13:30:04.000,0.097258,0.111736,0.159061,1,22
2022-03-15 13:30:04.500,0.09792,0.112513,0.159787,1,22
2022-03-15 13:30:05.000,0.097521,0.112592,0.159521,1,22
2022-03-15 13:30:05.500,0.098251,0.113337,0.160485,1,22
2022-03-15 13:30:06.000,0.097972,0.113852,0.159741,1,22
2022-03-15 13:30:06.500,0.098261,0.113558,0.160173,1,22
2022-03-15 13:30:07.000,0.096859,0.111888,0.158841,1,22
2022-03-15 13:30:07.500,0.097584,0.112665,0.160099,1,22
2022-03-15 13:30:08.000,0.098161,0.1134,0.160145,1,22
2022-03-15 13:30:08.500,0.097468,0.112539,0.158501,1,22
2022-03-15 13:30:09.000,0.097106,0.11235,0.158547,1,22
2022-03-15 13:30:09.500,0.097694,0.1137,0.159879,1,22
2022-03-15 13:30:10.000,0.097285,0.111941,0.159135,1,22
2022-03-15 13:30:10.500,0.098014,0.112812,0.159622,1,22
2022-03-15 13:30:11.000,0.098056,0.112718,0.159925,1,22
2022-03-15 13:30:11.500,0.097426,0.112524,0.159153,1,22
2022-03-15 13:30:12.000,0.097815,0.113374,0.159989,1,22
2022-03-15 13:30:12.500,0.096644,0.11214,0.158859,1,22
2022-03-15 13:30:13.000,0.097747,0.112429,0.159162,1,22
2022-03-15 13:30:13.500,0.097962,0.113196,0.160127,1,22
2022-03-15 13:30:14.000,0.098209,0.113353,0.160173,1,22
2022-03-15 13:30:14.500,0.097243,0.112545,0.160201,1,22
2022-03-15 13:30:15.000,0.097883,0.113343,0.160449,1,22
2022-03-15 13:30:15.500,0.098293,0.113379,0.160118,1,22
2022-03-15 13:30:16.000,0.098324,0.113185,0.159567,1,22
2022-03-15 13:30:16.500,0.097342,0.111888,0.159135,1,22
2022-03-15 13:30:17.000,0.096723,0.111353,0.158841,1,22
2022-03-15 13:30:17.500,0.096791,0.111683,0.159089,1,22
2022-03-15 13:30:18.000,0.097342,0.112592,0.159787,1,22
2022-03-15 13:30:18.500,0.097862,0.113243,0.159824,1,22
2022-03-15 13:30:19.000,0.097379,0.112497,0.159227,1,22
2022-03-15 13:30:19.500,0.096607,0.11172,0.158813,1,22
2022-03-15 13:30:20.000,0.097437,0.113243,0.160081,1,22
2022-03-15 13:30:20.500,0.09802,0.112954,0.158786,1,22
2022-03-15 13:30:21.000,0.097264,0.112324,0.15919,1,22
2022-03-15 13:30:21.500,0.099253,0.114072,0.159172,1,22
2022-03-15 13:30:22.000,0.097216,0.111988,0.158666,1,22
2022-03-15 13:30:22.500,0.098335,0.113332,0.15976,1,22
2022-03-15 13:30:23.000,0.096791,0.111878,0.158914,1,22
2022-03-15 13:30:23.500,0.097715,0.112807,0.159998,1,22
2022-03-15 13:30:24.000,0.098146,0.113332,0.160348,1,22
2022-03-15 13:30:24.500,0.097484,0.112566,0.159576,1,22
2022-03-15 13:30:25.000,0.096723,0.111437,0.15874,1,22
2022-03-15 13:30:25.500,0.097663,0.113138,0.160026,1,22
2022-03-15 13:30:26.000,0.097626,0.112046,0.158547,1,22
2022-03-15 13:30:26.500,0.097337,0.11245,0.159282,1,22
2022-03-15 13:30:27.000,0.098062,0.113427,0.160421,1,22
2022-03-15 13:30:27.500,0.096996,0.11172,0.15919,1,22
2022-03-15 13:30:28.000,0.097894,0.112324,0.159824,1,22
2022-03-15 13:30:28.500,0.099112,0.113663,0.160348,1,22
2022-03-15 13:30:29.000,0.097547,0.112319,0.159714,1,22
2022-03-15 13:30:29.500,0.097873,0.112308,0.159677,1,22
2022-03-15 13:30:30.000,0.097426,0.112356,0.159714,1,22
2022-03-15 13:30:30.500,0.098146,0.113043,0.160228,1,22
2022-03-15 13:30:31.000,0.098387,0.113012,0.159576,1,22
2022-03-15 13:30:31.500,0.097668,0.112881,0.160145,1,22
2022-03-15 13:30:32.000,0.097505,0.112702,0.159512,1,22
2022-03-15 13:30:32.500,0.097206,0.111894,0.159521,1,22
2022-03-15 13:30:33.000,0.097862,0.11297,0.159897,1,22
2022-03-15 13:30:33.500,0.098051,0.112324,0.159897,1,22
2022-03-15 13:30:34.000,0.097715,0.112529,0.159613,1,22
2022-03-15 13:30:34.500,0.09813,0.112865,0.159631,1,22
2022-03-15 13:30:35.000,0.09772,0.112781,0.159365,1,22
2022-03-15 13:30:35.500,0.097027,0.112581,0.159319,1,22
2022-03-15 13:30:36.000,0.09729,0.111888,0.159144,1,22
2022-03-15 13:30:36.500,0.097505,0.112104,0.159227,1,22
2022-03-15 13:30:37.000,0.096885,0.111741,0.158483,1,22
2022-03-15 13:30:37.500,0.097946,0.112886,0.159888,1,22
2022-03-15 13:30:38.000,0.098508,0.11339,0.159319,1,22
2022-03-15 13:30:38.500,0.097379,0.11276,0.158648,1,22
2022-03-15 13:30:39.000,0.097311,0.111731,0.158841,1,22
2022-03-15 13:30:39.500,0.097069,0.111941,0.158914,1,22
2022-03-15 13:30:40.000,0.098329,0.112912,0.159787,1,22
2022-03-15 13:30:40.500,0.097804,0.112634,0.158979,1,22
2022-03-15 13:30:41.000,0.097689,0.111883,0.158878,1,22
2022-03-15 13:30:41.500,0.097495,0.112755,0.160173,1,22
2022-03-15 13:30:42.000,0.097369,0.112046,0.158951,1,22
2022-03-15 13:30:42.500,0.09698,0.111552,0.159098,1,22
2022-03-15 13:30:43.000,0.096849,0.111899,0.159218,1,22
2022-03-15 13:30:43.500,0.097479,0.111542,0.158896,1,22
2022-03-15 13:30:44.000,0.096833,0.112046,0.158731,1,22
2022-03-15 13:30:44.500,0.097799,0.113085,0.160008,1,22
2022-03-15 13:30:45.000,0.097111,0.112125,0.159603,1,22
2022-03-15 13:30:45.500,0.097699,0.112828,0.15874,1,22
2022-03-15 13:30:46.000,0.097783,0.112676,0.159989,1,22
2022-03-15 13:30:46.500,0.097705,0.11297,0.159659,1,22
2022-03-15 13:30:47.000,0.096712,0.111442,0.158528,1,22
2022-03-15 13:30:47.500,0.098466,0.113805,0.160981,1,22
2022-03-15 13:30:48.000,0.09751,0.112571,0.159686,1,22
2022-03-15 13:30:48.500,0.097432,0.112849,0.159998,1,22
2022-03-15 13:30:49.000,0.098119,0.113794,0.160761,1,22
2022-03-15 13:30:49.500,0.097489,0.112209,0.159714,1,22
2022-03-15 13:30:50.000,0.097647,0.112324,0.158611,1,22
2022-03-15 13:30:50.500,0.098361,0.11277,0.160485,1,22
2022-03-15 13:30:51.000,0.097983,0.113353,0.160421,1,22
2022-03-15 13:30:51.500,0.097264,0.112361,0.158933,1,22
2022-03-15 13:30:52.000,0.097337,0.11214,0.15908,1,22
2022-03-15 13:30:52.500,0.097159,0.111962,0.159153,1,22
2022-03-15 13:30:53.000,0.098135,0.112949,0.159769,1,22
2022-03-15 13:30:53.500,0.098466,0.112917,0.159714,1,22
2022-03-15 13:30:54.000,0.097857,0.113038,0.159907,1,22
2022-03-15 13:30:54.500,0.097894,0.112146,0.159805,1,22
2022-03-15 13:30:55.000,0.098214,0.113175,0.160393,1,22
2022-03-15 13:30:55.500,0.097873,0.113117,0.160393,1,22
2022-03-15 13:30:56.000,0.098335,0.113064,0.159723,1,22
2022-03-15 13:30:56.500,0.097332,0.112329,0.159282,1,22
2022-03-15 13:30:57.000,0.097153,0.112466,0.15908,1,22
2022-03-15 13:30:57.500,0.0975,0.112749,0.160687,1,22
2022-03-15 13:30:58.000,0.098697,0.113348,0.160366,1,22
2022-03-15 13:30:58.500,0.097111,0.112403,0.158841,1,22
2022-03-15 13:30:59.000,0.097815,0.11266,0.159126,1,22
2022-03-15 13:30:59.500,0.096696,0.111053,0.15885,1,22
2022-03-15 13:31:00.000,0.09792,0.113421,0.159888,1,22
2022-03-15 13:31:00.500,0.097957,0.113169,0.159319,1,22
2022-03-15 13:31:01.000,0.098219,0.113343,0.16089,1,22
2022-03-15 13:31:01.500,0.097516,0.112587,0.159153,1,22
2022-03-15 13:31:02.000,0.097048,0.111862,0.15885,1,22
2022-03-15 13:31:02.500,0.097243,0.111794,0.158832,1,22
2022-03-15 13:31:03.000,0.097505,0.111936,0.159401,1,22
2022-03-15 13:31:03.500,0.097694,0.113332,0.159686,1,22
2022-03-15 13:31:04.000,0.098235,0.112639,0.15964,1,22
2022-03-15 13:31:04.500,0.09739,0.111925,0.159006,1,22
2022-03-15 13:31:05.000,0.097731,0.113012,0.159897,1,22
2022-03-15 13:31:05.500,0.096954,0.111405,0.157931,1,22
2022-03-15 13:31:06.000,0.097972,0.11349,0.159585,1,22
2022-03-15 13:31:06.500,0.097122,0.11244,0.159162,1,22
2022-03-15 13:31:07.000,0.097358,0.111762,0.15908,1,22
2022-03-15 13:31:07.500,0.09739,0.11182,0.159456,1,22
2022-03-15 13:31:08.000,0.097726,0.112356,0.159263,1,22
2022-03-15 13:31:08.500,0.098072,0.113337,0.160412,1,22
2022-03-15 13:31:09.000,0.098413,0.113295,0.160256,1,22
2022-03-15 13:31:09.500,0.098308,0.114204,0.15975,1,22
2022-03-15 13:31:10.000,0.097495,0.112461,0.159659,1,22
2022-03-15 13:31:10.500,0.097841,0.113752,0.160789,1,22
2022-03-15 13:31:11.000,0.097558,0.112781,0.159484,1,22
2022-03-15 13:31:11.500,0.098041,0.112896,0.159447,1,22
2022-03-15 13:31:12.000,0.097951,0.11266,0.159135,1,22
2022-03-15 13:31:12.500,0.0976,0.112949,0.159585,1,22
2022-03-15 13:31:13.000,0.097395,0.112776,0.160109,1,22
2022-03-15 13:31:13.500,0.09761,0.11256,0.159695,1,22
2022-03-15 13:31:14.000,0.098382,0.113936,0.160302,1,22
2022-03-15 13:31:14.500,0.097836,0.113122,0.159769,1,22
2022-03-15 13:31:15.000,0.097006,0.112009,0.15863,1,22
2022-03-15 13:31:15.500,0.097657,0.112581,0.158455,1,22
2022-03-15 13:31:16.000,0.097064,0.111841,0.158106,1,22
2022-03-15 13:31:16.500,0.097075,0.11193,0.158675,1,22
2022-03-15 13:31:17.000,0.097804,0.113017,0.16009,1,22
2022-03-15 13:31:17.500,0.097159,0.111468,0.158179,1,22
2022-03-15 13:31:18.000,0.097479,0.112518,0.159576,1,22
2022-03-15 13:31:18.500,0.097426,0.112324,0.159328,1,22
2022-03-15 13:31:19.000,0.096969,0.112203,0.159557,1,22
2022-03-15 13:31:19.500,0.097878,0.112503,0.159071,1,22
2022-03-15 13:31:20.000,0.097232,0.111552,0.158914,1,22
2022-03-15 13:31:20.500,0.097836,0.113484,0.160357,1,22
2022-03-15 13:31:21.000,0.098041,0.112734,0.159805,1,22
2022-03-15 13:31:21.500,0.098408,0.112424,0.160632,1,22
2022-03-15 13:31:22.000,0.097054,0.112067,0.158767,1,22
2022-03-15 13:31:22.500,0.098025,0.112734,0.159622,1,22
2022-03-15 13:31:23.000,0.097111,0.112476,0.159126,1,22
2022-03-15 13:31:23.500,0.097011,0.112445,0.159557,1,22
2022-03-15 13:31:24.000,0.098193,0.11265,0.160265,1,22
2022-03-15 13:31:24.500,0.097075,0.111452,0.159015,1,22
2022-03-15 13:31:25.000,0.098009,0.112303,0.159475,1,22
2022-03-15 13:31:25.500,0.097636,0.112702,0.159273,1,22
2022-03-15 13:31:26.000,0.097946,0.112744,0.158666,1,22
2022-03-15 13:31:26.500,0.097054,0.112314,0.1593,1,22
2022-03-15 13:31:27.000,0.097453,0.112497,0.159851,1,22
2022-03-15 13:31:27.500,0.098035,0.112676,0.159998,1,22
2022-03-15 13:31:28.000,0.098035,0.113768,0.16089,1,22
2022-03-15 13:31:28.500,0.098025,0.113337,0.16009,1,22
2022-03-15 13:31:29.000,0.096912,0.112797,0.159557,1,22
2022-03-15 13:31:29.500,0.097547,0.112613,0.159741,1,22
2022-03-15 13:31:30.000,0.09835,0.113505,0.160145,1,22
2022-03-15 13:31:30.500,0.097978,0.113112,0.160274,1,22
2022-03-15 13:31:31.000,0.098041,0.112272,0.158501,1,22
2022-03-15 13:31:31.500,0.098382,0.112371,0.16021,1,22
2022-03-15 13:31:32.000,0.097778,0.113327,0.16043,1,22
2022-03-15 13:31:32.500,0.097437,0.112618,0.159686,1,22
2022-03-15 13:31:33.000,0.098072,0.113421,0.159594,1,22
2022-03-15 13:31:33.500,0.097558,0.112545,0.159309,1,22
2022-03-15 13:31:34.000,0.09803,0.113238,0.159557,1,22
2022-03-15 13:31:34.500,0.09772,0.11182,0.159006,1,22
2022-03-15 13:31:35.000,0.096948,0.112004,0.159888,1,22
2022-03-15 13:31:35.500,0.09802,0.113301,0.160651,1,22
2022-03-15 13:31:36.000,0.097243,0.112314,0.158914,1,22
2022-03-15 13:31:36.500,0.097164,0.112224,0.159355,1,22
2022-03-15 13:31:37.000,0.096665,0.111305,0.159291,1,22
2022-03-15 13:31:37.500,0.098035,0.113038,0.158887,1,22
2022-03-15 13:31:38.000,0.097689,0.111951,0.159539,1,22
2022-03-15 13:31:38.500,0.097678,0.113343,0.160559,1,22
2022-03-15 13:31:39.000,0.097395,0.11202,0.159622,1,22
2022-03-15 13:31:39.500,0.097878,0.112261,0.159135,1,22
2022-03-15 13:31:40.000,0.097442,0.112303,0.158905,1,22
2022-03-15 13:31:40.500,0.097668,0.112261,0.159392,1,22
2022-03-15 13:31:41.000,0.097699,0.112403,0.159355,1,22
2022-03-15 13:31:41.500,0.098167,0.113253,0.160733,1,22
2022-03-15 13:31:42.000,0.098455,0.112529,0.158749,1,22
2022-03-15 13:31:42.500,0.097174,0.112188,0.159567,1,22
2022-03-15 13:31:43.000,0.098093,0.112608,0.160449,1,22
2022-03-15 13:31:43.500,0.098277,0.112413,0.159512,1,22
2022-03-15 13:31:44.000,0.096717,0.111332,0.158969,1,22
2022-03-15 13:31:44.500,0.097909,0.112986,0.159805,1,22
2022-03-15 13:31:45.000,0.097757,0.112209,0.159613,1,22
2022-03-15 13:31:45.500,0.09835,0.113138,0.160008,1,22
2022-03-15 13:31:46.000,0.097867,0.112776,0.160017,1,22
2022-03-15 13:31:46.500,0.098014,0.112812,0.160531,1,22
2022-03-15 13:31:47.000,0.097741,0.113112,0.16021,1,22
2022-03-15 13:31:47.500,0.098424,0.113159,0.160963,1,22
2022-03-15 13:31:48.000,0.099101,0.113605,0.160697,1,22
2022-03-15 13:31:48.500,0.097862,0.112975,0.16054,1,22
2022-03-15 13:31:49.000,0.098613,0.112875,0.160127,1,22
2022-03-15 13:31:49.500,0.097264,0.112161,0.159603,1,22
2022-03-15 13:31:50.000,0.097558,0.112723,0.159263,1,22
2022-03-15 13:31:50.500,0.098392,0.113421,0.160201,1,22
2022-03-15 13:31:51.000,0.097621,0.11214,0.159254,1,22
2022-03-15 13:31:51.500,0.097951,0.112466,0.159548,1,22
2022-03-15 13:31:52.000,0.097332,0.112161,0.159144,1,22
2022-03-15 13:31:52.500,0.098167,0.113799,0.160063,1,22
2022-03-15 13:31:53.000,0.098287,0.113736,0.160201,1,22
2022-03-15 13:31:53.500,0.097521,0.112455,0.159383,1,22
2022-03-15 13:31:54.000,0.098203,0.112529,0.160044,1,22
2022-03-15 13:31:54.500,0.097841,0.112891,0.159723,1,22
2022-03-15 13:31:55.000,0.096985,0.111962,0.159282,1,22
2022-03-15 13:31:55.500,0.097684,0.112744,0.159805,1,22
2022-03-15 13:31:56.000,0.09782,0.112566,0.159466,1,22
2022-03-15 13:31:56.500,0.096954,0.111783,0.159282,1,22
2022-03-15 13:31:57.000,0.097437,0.111846,0.159218,1,22
2022-03-15 13:31:57.500,0.097563,0.111762,0.159567,1,22
2022-03-15 13:31:58.000,0.09781,0.112408,0.159888,1,22
2022-03-15 13:31:58.500,0.097841,0.113169,0.16055,1,22
2022-03-15 13:31:59.000,0.097663,0.112434,0.159695,1,22
2022-03-15 13:31:59.500,0.098272,0.112823,0.159971,1,22
2022-03-15 13:32:00.000,0.097211,0.11129,0.159227,1,22
2022-03-15 13:32:00.500,0.097678,0.111731,0.159025,1,22
2022-03-15 13:32:01.000,0.098188,0.11266,0.159659,1,22
2022-03-15 13:32:01.500,0.097663,0.112177,0.15942,1,22
2022-03-15 13:32:02.000,0.097384,0.112818,0.159888,1,22
2022-03-15 13:32:02.500,0.09845,0.112818,0.159897,1,22
2022-03-15 13:32:03.000,0.098644,0.112671,0.16054,1,22
2022-03-15 13:32:03.500,0.09781,0.112492,0.159456,1,22
2022-03-15 13:32:04.000,0.097862,0.112324,0.16009,1,22
2022-03-15 13:32:04.500,0.097647,0.1113,0.159319,1,22
2022-03-15 13:32:05.000,0.09761,0.111725,0.158933,1,22
2022-03-15 13:32:05.500,0.098875,0.113243,0.160357,1,22
2022-03-15 13:32:06.000,0.098377,0.112403,0.15953,1,22
2022-03-15 13:32:06.500,0.097316,0.111825,0.15964,1,22
2022-03-15 13:32:07.000,0.098566,0.114099,0.160899,1,22
2022-03-15 13:32:07.500,0.097678,0.112828,0.159456,1,22
2022-03-15 13:32:08.000,0.096812,0.111867,0.159594,1,22
2022-03-15 13:32:08.500,0.098298,0.113694,0.160862,1,22
2022-03-15 13:32:09.000,0.096544,0.110943,0.158336,1,22
2022-03-15 13:32:09.500,0.09844,0.112707,0.15919,1,22
2022-03-15 13:32:10.000,0.098209,0.113143,0.159622,1,22
2022-03-15 13:32:10.500,0.097852,0.112356,0.159796,1,22
2022-03-15 13:32:11.000,0.097474,0.111852,0.160191,1,22
2022-03-15 13:32:11.500,0.098335,0.112308,0.159199,1,22
2022-03-15 13:32:12.000,0.098728,0.112938,0.160678,1,22
2022-03-15 13:32:12.500,0.098287,0.112545,0.159006,1,22
2022-03-15 13:32:13.000,0.096376,0.111074,0.157545,1,22
2022-03-15 13:32:13.500,0.0975,0.11182,0.158878,1,22
2022-03-15 13:32:14.000,0.097379,0.112146,0.158804,1,22
2022-03-15 13:32:14.500,0.097621,0.111767,0.159796,1,22
2022-03-15 13:32:15.000,0.097983,0.112692,0.15975,1,22
2022-03-15 13:32:15.500,0.098366,0.112886,0.159346,1,22
2022-03-15 13:32:16.000,0.097164,0.111395,0.158832,1,22
2022-03-15 13:32:16.500,0.097736,0.1114,0.160044,1,22
2022-03-15 13:32:17.000,0.098214,0.112419,0.159557,1,22
2022-03-15 13:32:17.500,0.098293,0.112676,0.160237,1,22
2022-03-15 13:32:18.000,0.098655,0.112692,0.160274,1,22
2022-03-15 13:32:18.500,0.098319,0.112429,0.159273,1,22
2022-03-15 13:32:19.000,0.097789,0.11151,0.158464,1,22
2022-03-15 13:32:19.500,0.098125,0.112408,0.159907,1,22
2022-03-15 13:32:20.000,0.098513,0.112713,0.159659,1,22
2022-03-15 13:32:20.500,0.097715,0.112324,0.159355,1,22
2022-03-15 13:32:21.000,0.097993,0.111936,0.15975,1,22
2022-03-15 13:32:21.500,0.098077,0.112959,0.160302,1,22
2022-03-15 13:32:22.000,0.098119,0.111962,0.159585,1,22
2022-03-15 13:32:22.500,0.097983,0.111925,0.15863,1,22
2022-03-15 13:32:23.000,0.098576,0.113542,0.160155,1,22
2022-03-15 13:32:23.500,0.098083,0.112749,0.160118,1,22
2022-03-15 13:32:24.000,0.098203,0.112104,0.159328,1,22
2022-03-15 13:32:24.500,0.097264,0.111762,0.159208,1,22
2022-03-15 13:32:25.000,0.099007,0.113038,0.159484,1,22
2022-03-15 13:32:25.500,0.098109,0.112818,0.159824,1,22
2022-03-15 13:32:26.000,0.097605,0.112324,0.159374,1,22
2022-03-15 13:32:26.500,0.097563,0.111794,0.159512,1,22
2022-03-15 13:32:27.000,0.097647,0.112277,0.159576,1,22
2022-03-15 13:32:27.500,0.097222,0.112067,0.159466,1,22
2022-03-15 13:32:28.000,0.097379,0.111043,0.158703,1,22
2022-03-15 13:32:28.500,0.098508,0.112886,0.159815,1,22
2022-03-15 13:32:29.000,0.098387,0.113059,0.159309,1,22
2022-03-15 13:32:29.500,0.098839,0.113043,0.160715,1,22
2022-03-15 13:32:30.000,0.097027,0.11141,0.158685,1,22
2022-03-15 13:32:30.500,0.097909,0.112156,0.160081,1,22
2022-03-15 13:32:31.000,0.098119,0.112503,0.159649,1,22
2022-03-15 13:32:31.500,0.098177,0.112403,0.159622,1,22
2022-03-15 13:32:32.000,0.09855,0.112881,0.160651,1,22
2022-03-15 13:32:32.500,0.097258,0.11119,0.159052,1,22
2022-03-15 13:32:33.000,0.097862,0.112182,0.159686,1,22
2022-03-15 13:32:33.500,0.098791,0.11329,0.160779,1,22
2022-03-15 13:32:34.000,0.098917,0.113148,0.160283,1,22
2022-03-15 13:32:34.500,0.097841,0.112424,0.159842,1,22
2022-03-15 13:32:35.000,0.097705,0.112266,0.159934,1,22
2022-03-15 13:32:35.500,0.098314,0.112356,0.159245,1,22
2022-03-15 13:32:36.000,0.098214,0.112098,0.160421,1,22
2022-03-15 13:32:36.500,0.097736,0.111862,0.159153,1,22
2022-03-15 13:32:37.000,0.098534,0.11297,0.160017,1,22
2022-03-15 13:32:37.500,0.097815,0.112928,0.160081,1,22
2022-03-15 13:32:38.000,0.097993,0.112093,0.158703,1,22
2022-03-15 13:32:38.500,0.097883,0.112728,0.15953,1,22
2022-03-15 13:32:39.000,0.098072,0.11265,0.15998,1,22
2022-03-15 13:32:39.500,0.09949,0.113663,0.161,1,22
2022-03-15 13:32:40.000,0.098167,0.113264,0.160936,1,22
2022-03-15 13:32:40.500,0.098602,0.112692,0.160044,1,22
2022-03-15 13:32:41.000,0.098608,0.113784,0.161027,1,22
2022-03-15 13:32:41.500,0.098282,0.112455,0.159116,1,22
2022-03-15 13:32:42.000,0.098298,0.112686,0.160329,1,22
2022-03-15 13:32:42.500,0.097925,0.112608,0.160155,1,22
2022-03-15 13:32:43.000,0.097715,0.112324,0.160743,1,22
2022-03-15 13:32:43.500,0.098408,0.112172,0.159466,1,22
2022-03-15 13:32:44.000,0.096975,0.111347,0.159603,1,22
2022-03-15 13:32:44.500,0.097967,0.112319,0.159337,1,22
2022-03-15 13:32:45.000,0.096943,0.111437,0.15829,1,22
2022-03-15 13:32:45.500,0.098156,0.112125,0.159879,1,22
2022-03-15 13:32:46.000,0.097957,0.111358,0.159475,1,22
2022-03-15 13:32:46.500,0.097794,0.111017,0.1593,1,22
2022-03-15 13:32:47.000,0.097384,0.111542,0.15885,1,22
2022-03-15 13:32:47.500,0.098146,0.111725,0.158868,1,22
2022-03-15 13:32:48.000,0.098545,0.112623,0.159126,1,22
2022-03-15 13:32:48.500,0.09793,0.113206,0.15976,1,22
2022-03-15 13:32:49.000,0.097106,0.111484,0.158198,1,22
2022-03-15 13:32:49.500,0.098392,0.11223,0.159576,1,22
2022-03-15 13:32:50.000,0.098256,0.11307,0.15987,1,22
2022-03-15 13:32:50.500,0.098597,0.11245,0.158639,1,22
2022-03-15 13:32:51.000,0.097631,0.112891,0.159557,1,22
2022-03-15 13:32:51.500,0.097342,0.111683,0.159052,1,22
2022-03-15 13:32:52.000,0.098324,0.111694,0.159392,1,22
2022-03-15 13:32:52.500,0.097957,0.11277,0.158933,1,22
2022-03-15 13:32:53.000,0.098455,0.112902,0.159603,1,22
2022-03-15 13:32:53.500,0.097815,0.111967,0.159144,1,22
2022-03-15 13:32:54.000,0.098009,0.111993,0.159631,1,22
2022-03-15 13:32:54.500,0.097495,0.111647,0.159723,1,22
2022-03-15 13:32:55.000,0.097447,0.111452,0.15862,1,22
2022-03-15 13:32:55.500,0.098119,0.111983,0.159916,1,22
2022-03-15 13:32:56.000,0.097899,0.11224,0.160559,1,22
2022-03-15 13:32:56.500,0.098177,0.11256,0.159989,1,22
2022-03-15 13:32:57.000,0.098172,0.111957,0.159254,1,22
2022-03-15 13:32:57.500,0.097132,0.111584,0.158584,1,22
2022-03-15 13:32:58.000,0.09813,0.112697,0.160375,1,22
2022-03-15 13:32:58.500,0.097773,0.111852,0.15975,1,22
2022-03-15 13:32:59.000,0.098361,0.111909,0.158721,1,22
2022-03-15 13:32:59.500,0.098298,0.112329,0.160026,1,22
2022-03-15 13:33:00.000,0.097143,0.111636,0.159153,1,22
2022-03-15 13:33:00.500,0.097442,0.112119,0.158887,1,22
2022-03-15 13:33:01.000,0.097967,0.112991,0.160256,1,22
2022-03-15 13:33:01.500,0.09792,0.112035,0.159116,1,22
2022-03-15 13:33:02.000,0.097699,0.112676,0.159273,1,22
2022-03-15 13:33:02.500,0.098198,0.11256,0.160403,1,22
2022-03-15 13:33:03.000,0.09793,0.113112,0.160044,1,22
2022-03-15 13:33:03.500,0.097621,0.111389,0.15829,1,22
2022-03-15 13:33:04.000,0.097684,0.111337,0.158381,1,22
2022-03-15 13:33:04.500,0.098287,0.11361,0.160531,1,22
2022-03-15 13:33:05.000,0.098235,0.112597,0.159714,1,22
2022-03-15 13:33:05.500,0.099421,0.113143,0.159888,1,22
2022-03-15 13:33:06.000,0.097442,0.111867,0.15942,1,22
2022-03-15 13:33:06.500,0.098497,0.112508,0.158951,1,22
2022-03-15 13:33:07.000,0.098865,0.113007,0.159291,1,22
2022-03-15 13:33:07.500,0.098492,0.112671,0.159824,1,22
2022-03-15 13:33:08.000,0.097894,0.111473,0.158087,1,22
2022-03-15 13:33:08.500,0.09823,0.112476,0.159861,1,22
2022-03-15 13:33:09.000,0.098387,0.112035,0.159429,1,22
2022-03-15 13:33:09.500,0.098266,0.112954,0.159438,1,22
2022-03-15 13:33:10.000,0.098209,0.11214,0.159392,1,22
2022-03-15 13:33:10.500,0.097384,0.112665,0.159824,1,22
2022-03-15 13:33:11.000,0.098282,0.113033,0.160035,1,22
2022-03-15 13:33:11.500,0.098755,0.112734,0.160256,1,22
2022-03-15 13:33:12.000,0.097374,0.112261,0.159355,1,22
2022-03-15 13:33:12.500,0.098277,0.112114,0.159512,1,22
2022-03-15 13:33:13.000,0.09898,0.11339,0.159787,1,22
2022-03-15 13:33:13.500,0.098797,0.1134,0.159934,1,22
2022-03-15 13:33:14.000,0.098461,0.112629,0.160035,1,22
2022-03-15 13:33:14.500,0.097899,0.11203,0.15964,1,22
2022-03-15 13:33:15.000,0.097915,0.11192,0.159741,1,22
2022-03-15 13:33:15.500,0.098067,0.111788,0.158556,1,22
2022-03-15 13:33:16.000,0.098356,0.113248,0.160678,1,22
2022-03-15 13:33:16.500,0.097831,0.112182,0.159383,1,22
2022-03-15 13:33:17.000,0.098119,0.111951,0.159208,1,22
2022-03-15 13:33:17.500,0.098429,0.112198,0.160118,1,22
2022-03-15 13:33:18.000,0.098314,0.111962,0.159677,1,22
2022-03-15 13:33:18.500,0.097967,0.111978,0.159263,1,22
2022-03-15 13:33:19.000,0.098308,0.112602,0.159603,1,22
2022-03-15 13:33:19.500,0.097657,0.111683,0.159401,1,22
2022-03-15 13:33:20.000,0.099595,0.113673,0.160752,1,22
2022-03-15 13:33:20.500,0.098025,0.112062,0.159383,1,22
2022-03-15 13:33:21.000,0.098109,0.112062,0.159484,1,22
2022-03-15 13:33:21.500,0.098849,0.113075,0.160513,1,22
2022-03-15 13:33:22.000,0.097794,0.111059,0.159208,1,22
2022-03-15 13:33:22.500,0.098508,0.112713,0.159778,1,22
2022-03-15 13:33:23.000,0.097883,0.111972,0.15987,1,22
2022-03-15 13:33:23.500,0.098529,0.111999,0.159659,1,22
2022-03-15 13:33:24.000,0.099038,0.113028,0.160237,1,22
2022-03-15 13:33:24.500,0.098156,0.11193,0.159484,1,22
2022-03-15 13:33:25.000,0.09877,0.112371,0.160467,1,22
2022-03-15 13:33:25.500,0.098224,0.111694,0.159034,1,22
2022-03-15 13:33:26.000,0.098513,0.112461,0.159805,1,22
2022-03-15 13:33:26.500,0.098991,0.113348,0.160412,1,22
2022-03-15 13:33:27.000,0.09844,0.11255,0.159861,1,22
2022-03-15 13:33:27.500,0.098287,0.111936,0.159659,1,22
2022-03-15 13:33:28.000,0.097936,0.112004,0.159934,1,22
2022-03-15 13:33:28.500,0.098119,0.112062,0.158051,1,22
2022-03-15 13:33:29.000,0.098429,0.112902,0.159576,1,22
2022-03-15 13:33:29.500,0.098287,0.1114,0.159245,1,22
2022-03-15 13:33:30.000,0.097201,0.111678,0.158703,1,22
2022-03-15 13:33:30.500,0.097909,0.112093,0.159015,1,22
2022-03-15 13:33:31.000,0.099584,0.112933,0.159962,1,22
2022-03-15 13:33:31.500,0.098051,0.11161,0.158868,1,22
2022-03-15 13:33:32.000,0.098314,0.111489,0.158878,1,22
2022-03-15 13:33:32.500,0.098613,0.113075,0.160862,1,22
2022-03-15 13:33:33.000,0.098613,0.113227,0.15942,1,22
2022-03-15 13:33:33.500,0.097442,0.111526,0.159135,1,22
2022-03-15 13:33:34.000,0.098083,0.11172,0.15987,1,22
2022-03-15 13:33:34.500,0.098587,0.112613,0.160495,1,22
2022-03-15 13:33:35.000,0.099684,0.113605,0.160485,1,22
2022-03-15 13:33:35.500,0.098235,0.111846,0.158593,1,22
2022-03-15 13:33:36.000,0.098182,0.112314,0.159769,1,22
2022-03-15 13:33:36.500,0.098681,0.111983,0.16009,1,22
2022-03-15 13:33:37.000,0.100146,0.113726,0.160476,1,22
2022-03-15 13:33:37.500,0.098608,0.112566,0.159429,1,22
2022-03-15 13:33:38.000,0.09802,0.111662,0.158924,1,22
2022-03-15 13:33:38.500,0.098014,0.112161,0.160338,1,22
2022-03-15 13:33:39.000,0.098854,0.112135,0.15941,1,22
2022-03-15 13:33:39.500,0.098072,0.112487,0.159181,1,22
2022-03-15 13:33:40.000,0.098335,0.112119,0.159144,1,22
2022-03-15 13:33:40.500,0.098182,0.111479,0.159208,1,22
2022-03-15 13:33:41.000,0.098865,0.112965,0.159962,1,22
2022-03-15 13:33:41.500,0.098009,0.111053,0.159089,1,22
2022-03-15 13:33:42.000,0.097432,0.111552,0.160136,1,22
2022-03-15 13:33:42.500,0.097248,0.111263,0.158262,1,22
2022-03-15 13:33:43.000,0.098765,0.112224,0.16032,1,22
2022-03-15 13:33:43.500,0.098886,0.112429,0.159429,1,22
2022-03-15 13:33:44.000,0.098723,0.112807,0.159741,1,22
2022-03-15 13:33:44.500,0.099217,0.113332,0.160568,1,22
2022-03-15 13:33:45.000,0.098875,0.112881,0.160237,1,22
2022-03-15 13:33:45.500,0.099385,0.113306,0.160577,1,22
2022-03-15 13:33:46.000,0.097663,0.111426,0.158786,1,22
2022-03-15 13:33:46.500,0.09761,0.111295,0.159346,1,22
2022-03-15 13:33:47.000,0.098198,0.11193,0.158942,1,22
2022-03-15 13:33:47.500,0.097999,0.111757,0.159006,1,22
2022-03-15 13:33:48.000,0.09949,0.113495,0.160972,1,22
2022-03-15 13:33:48.500,0.098702,0.112744,0.159934,1,22
2022-03-15 13:33:49.000,0.098476,0.113332,0.160623,1,22
2022-03-15 13:33:49.500,0.098497,0.11245,0.160449,1,22
2022-03-15 13:33:50.000,0.098902,0.112382,0.160201,1,22
2022-03-15 13:33:50.500,0.098959,0.112445,0.159346,1,22
2022-03-15 13:33:51.000,0.098261,0.111972,0.159052,1,22
2022-03-15 13:33:51.500,0.098403,0.112161,0.160035,1,22
2022-03-15 13:33:52.000,0.099012,0.11141,0.159649,1,22
2022-03-15 13:33:52.500,0.09802,0.112077,0.159594,1,22
2022-03-15 13:33:53.000,0.099988,0.113385,0.160458,1,22
2022-03-15 13:33:53.500,0.099217,0.113316,0.16055,1,22
2022-03-15 13:33:54.000,0.097463,0.111295,0.158813,1,22
2022-03-15 13:33:54.500,0.098041,0.111405,0.159677,1,22
2022-03-15 13:33:55.000,0.099222,0.112455,0.159769,1,22
2022-03-15 13:33:55.500,0.09844,0.112618,0.159622,1,22
2022-03-15 13:33:56.000,0.098293,0.111589,0.159172,1,22
2022-03-15 13:33:56.500,0.099106,0.113049,0.16009,1,22
2022-03-15 13:33:57.000,0.099106,0.112854,0.159622,1,22
2022-03-15 13:33:57.500,0.098644,0.112466,0.160035,1,22
2022-03-15 13:33:58.000,0.098959,0.112503,0.160816,1,22
2022-03-15 13:33:58.500,0.098497,0.112146,0.159603,1,22
2022-03-15 13:33:59.000,0.099563,0.112996,0.160733,1,22
2022-03-15 13:33:59.500,0.097495,0.110927,0.158795,1,22
2022-03-15 13:34:00.000,0.098025,0.112529,0.160246,1,22
2022-03-15 13:34:00.500,0.099999,0.113385,0.160844,1,22
2022-03-15 13:34:01.000,0.098382,0.112046,0.159291,1,22
2022-03-15 13:34:01.500,0.098739,0.111815,0.159245,1,22
2022-03-15 13:34:02.000,0.098581,0.112518,0.160044,1,22
2022-03-15 13:34:02.500,0.097999,0.111279,0.158611,1,22
2022-03-15 13:34:03.000,0.098146,0.111972,0.158997,1,22
2022-03-15 13:34:03.500,0.098245,0.111715,0.158556,1,22
2022-03-15 13:34:04.000,0.097699,0.111599,0.158758,1,22
2022-03-15 13:34:04.500,0.098224,0.112188,0.159613,1,22
2022-03-15 13:34:05.000,0.09855,0.112461,0.159668,1,22
2022-03-15 13:34:05.500,0.098744,0.111852,0.159631,1,22
2022-03-15 13:34:06.000,0.098251,0.111946,0.158602,1,22
2022-03-15 13:34:06.500,0.097883,0.111526,0.159567,1,22
2022-03-15 13:34:07.000,0.097668,0.112072,0.159824,1,22
2022-03-15 13:34:07.500,0.097762,0.111185,0.159466,1,22
2022-03-15 13:34:08.000,0.09771,0.110927,0.158381,1,22
2022-03-15 13:34:08.500,0.09771,0.110891,0.15975,1,22
2022-03-15 13:34:09.000,0.098083,0.112524,0.159704,1,22
2022-03-15 13:34:09.500,0.098156,0.111983,0.160072,1,22
2022-03-15 13:34:10.000,0.098928,0.112812,0.160393,1,22
2022-03-15 13:34:10.500,0.098634,0.112214,0.160375,1,22
2022-03-15 13:34:11.000,0.098839,0.112503,0.160173,1,22
2022-03-15 13:34:11.500,0.098104,0.111589,0.160081,1,22
2022-03-15 13:34:12.000,0.098471,0.112356,0.161018,1,22
2022-03-15 13:34:12.500,0.098839,0.112335,0.15953,1,22
2022-03-15 13:34:13.000,0.098203,0.111227,0.15863,1,22
2022-03-15 13:34:13.500,0.09824,0.111846,0.160118,1,22
2022-03-15 13:34:14.000,0.097972,0.111762,0.159162,1,22
2022-03-15 13:34:14.500,0.098293,0.1112,0.15987,1,22
2022-03-15 13:34:15.000,0.098602,0.112623,0.160375,1,22
2022-03-15 13:34:15.500,0.098613,0.111925,0.159098,1,22
2022-03-15 13:34:16.000,0.098618,0.112109,0.159346,1,22
2022-03-15 13:34:16.500,0.097584,0.110959,0.159365,1,22
2022-03-15 13:34:17.000,0.098398,0.111909,0.159475,1,22
2022-03-15 13:34:17.500,0.099012,0.112723,0.160182,1,22
2022-03-15 13:34:18.000,0.098482,0.111967,0.159061,1,22
2022-03-15 13:34:18.500,0.097453,0.111458,0.159043,1,22
2022-03-15 13:34:19.000,0.098408,0.111841,0.159502,1,22
2022-03-15 13:34:19.500,0.097957,0.111641,0.160099,1,22
2022-03-15 13:34:20.000,0.098198,0.111972,0.159548,1,22
2022-03-15 13:34:20.500,0.098392,0.112387,0.159851,1,22
2022-03-15 13:34:21.000,0.098072,0.112041,0.16021,1,22
2022-03-15 13:34:21.500,0.099085,0.11298,0.160485,1,22
2022-03-15 13:34:22.000,0.098991,0.112161,0.159438,1,22
2022-03-15 13:34:22.500,0.098618,0.112581,0.158933,1,22
2022-03-15 13:34:23.000,0.099327,0.112886,0.159861,1,22
2022-03-15 13:34:23.500,0.099673,0.113621,0.160228,1,22
2022-03-15 13:34:24.000,0.098938,0.112529,0.160733,1,22
2022-03-15 13:34:24.500,0.098182,0.111767,0.15953,1,22
2022-03-15 13:34:25.000,0.099101,0.11329,0.159998,1,22
2022-03-15 13:34:25.500,0.098566,0.113248,0.160963,1,22
2022-03-15 13:34:26.000,0.098356,0.11224,0.15964,1,22
2022-03-15 13:34:26.500,0.098828,0.112618,0.160338,1,22
2022-03-15 13:34:27.000,0.098125,0.112104,0.159291,1,22
2022-03-15 13:34:27.500,0.097799,0.111746,0.159025,1,22
2022-03-15 13:34:28.000,0.09845,0.112455,0.160256,1,22
2022-03-15 13:34:28.500,0.098639,0.112408,0.158813,1,22
2022-03-15 13:34:29.000,0.09845,0.111825,0.160182,1,22
2022-03-15 13:34:29.500,0.09898,0.112014,0.160393,1,22
2022-03-15 13:34:30.000,0.097936,0.112104,0.159576,1,22
2022-03-15 13:34:30.500,0.098555,0.112545,0.159392,1,22
2022-03-15 13:34:31.000,0.099458,0.113558,0.160954,1,22
2022-03-15 13:34:31.500,0.097369,0.111122,0.158446,1,22
2022-03-15 13:34:32.000,0.098697,0.111652,0.159355,1,22
2022-03-15 13:34:32.500,0.097867,0.111442,0.158979,1,22
2022-03-15 13:34:33.000,0.097143,0.110901,0.157986,1,22
2022-03-15 13:34:33.500,0.098529,0.112487,0.160191,1,22
2022-03-15 13:34:34.000,0.09824,0.111736,0.159603,1,22
2022-03-15 13:34:34.500,0.09834,0.111794,0.159567,1,22
2022-03-15 13:34:35.000,0.098513,0.112392,0.159392,1,22
2022-03-15 13:34:35.500,0.097888,0.111542,0.159208,1,22
2022-03-15 13:34:36.000,0.098896,0.112104,0.159475,1,22
2022-03-15 13:34:36.500,0.098592,0.111741,0.159833,1,22
2022-03-15 13:34:37.000,0.098518,0.112749,0.159365,1,22
2022-03-15 13:34:37.500,0.099259,0.111631,0.158933,1,22
2022-03-15 13:34:38.000,0.09772,0.111447,0.159061,1,22
2022-03-15 13:34:38.500,0.098382,0.112188,0.159374,1,22
2022-03-15 13:34:39.000,0.099112,0.112597,0.159925,1,22
2022-03-15 13:34:39.500,0.098329,0.111741,0.159778,1,22
2022-03-15 13:34:40.000,0.099227,0.112634,0.159162,1,22
2022-03-15 13:34:40.500,0.098944,0.112109,0.158969,1,22
2022-03-15 13:34:41.000,0.098487,0.112408,0.159815,1,22
2022-03-15 13:34:41.500,0.09886,0.112723,0.159943,1,22
2022-03-15 13:34:42.000,0.099017,0.112319,0.160357,1,22
2022-03-15 13:34:42.500,0.099148,0.112702,0.159824,1,22
2022-03-15 13:34:43.000,0.097857,0.111941,0.160118,1,22
2022-03-15 13:34:43.500,0.097537,0.111179,0.159319,1,22
2022-03-15 13:34:44.000,0.098203,0.111741,0.159695,1,22
2022-03-15 13:34:44.500,0.098576,0.111347,0.160201,1,22
2022-03-15 13:34:45.000,0.097862,0.111206,0.15919,1,22
2022-03-15 13:34:45.500,0.098146,0.111704,0.159328,1,22
2022-03-15 13:34:46.000,0.099232,0.113442,0.160265,1,22
2022-03-15 13:34:46.500,0.098681,0.11234,0.159521,1,22
2022-03-15 13:34:47.000,0.097867,0.111468,0.160191,1,22
2022-03-15 13:34:47.500,0.098781,0.112104,0.160348,1,22
2022-03-15 13:34:48.000,0.098434,0.112602,0.159879,1,22
2022-03-15 13:34:48.500,0.097888,0.110838,0.159631,1,22
2022-03-15 13:34:49.000,0.099038,0.112844,0.160283,1,22
2022-03-15 13:34:49.500,0.098035,0.11172,0.160421,1,22
2022-03-15 13:34:50.000,0.098508,0.111426,0.159585,1,22
2022-03-15 13:34:50.500,0.098161,0.111232,0.158731,1,22
2022-03-15 13:34:51.000,0.09845,0.111731,0.158979,1,22
2022-03-15 13:34:51.500,0.097925,0.111017,0.158675,1,22
2022-03-15 13:34:52.000,0.098266,0.111447,0.159383,1,22
2022-03-15 13:34:52.500,0.099285,0.112398,0.160081,1,22
2022-03-15 13:34:53.000,0.098366,0.112282,0.15987,1,22
2022-03-15 13:34:53.500,0.098623,0.112135,0.159686,1,22
2022-03-15 13:34:54.000,0.098865,0.112083,0.160099,1,22
2022-03-15 13:34:54.500,0.099043,0.11266,0.159355,1,22
2022-03-15 13:34:55.000,0.099054,0.11192,0.159668,1,22
2022-03-15 13:34:55.500,0.098996,0.112408,0.160651,1,22
2022-03-15 13:34:56.000,0.097631,0.110922,0.158979,1,22
2022-03-15 13:34:56.500,0.098492,0.112261,0.159512,1,22
2022-03-15 13:34:57.000,0.098959,0.112576,0.160237,1,22
2022-03-15 13:34:57.500,0.098046,0.112182,0.159851,1,22
2022-03-15 13:34:58.000,0.098723,0.112272,0.160173,1,22
2022-03-15 13:34:58.500,0.09992,0.113274,0.161478,1,22
2022-03-15 13:34:59.000,0.099148,0.112529,0.159374,1,22
2022-03-15 13:34:59.500,0.09918,0.111909,0.15998,1,22
2022-03-15 13:35:00.000,0.098665,0.112109,0.158979,1,22
2022-03-15 13:35:00.500,0.098434,0.111095,0.158841,1,22
2022-03-15 13:35:01.000,0.097605,0.111017,0.158868,1,22
2022-03-15 13:35:01.500,0.098476,0.111479,0.159741,1,22
2022-03-15 13:35:02.000,0.098602,0.111815,0.159052,1,22
2022-03-15 13:35:02.500,0.098823,0.11172,0.159925,1,22
2022-03-15 13:35:03.000,0.098723,0.111857,0.15976,1,22
2022-03-15 13:35:03.500,0.098497,0.111752,0.160256,1,22
2022-03-15 13:35:04.000,0.097778,0.111636,0.159916,1,22
2022-03-15 13:35:04.500,0.098408,0.112366,0.159861,1,22
2022-03-15 13:35:05.000,0.098686,0.112356,0.160568,1,22
2022-03-15 13:35:05.500,0.097941,0.111253,0.159594,1,22
2022-03-15 13:35:06.000,0.098812,0.112991,0.160596,1,22
2022-03-15 13:35:06.500,0.098098,0.112177,0.159916,1,22
2022-03-15 13:35:07.000,0.098266,0.112571,0.159778,1,22
2022-03-15 13:35:07.500,0.099196,0.113448,0.161083,1,22
2022-03-15 13:35:08.000,0.098193,0.111594,0.159879,1,22
2022-03-15 13:35:08.500,0.098413,0.112172,0.159475,1,22
2022-03-15 13:35:09.000,0.09845,0.112576,0.160513,1,22
2022-03-15 13:35:09.500,0.097978,0.111405,0.159236,1,22
2022-03-15 13:35:10.000,0.098639,0.112214,0.159567,1,22
2022-03-15 13:35:10.500,0.09844,0.112104,0.159659,1,22
2022-03-15 13:35:11.000,0.098608,0.111909,0.159401,1,22
2022-03-15 13:35:11.500,0.097647,0.111794,0.159089,1,22
2022-03-15 13:35:12.000,0.098581,0.111668,0.159227,1,22
2022-03-15 13:35:12.500,0.09835,0.111573,0.159585,1,22
2022-03-15 13:35:13.000,0.098807,0.112623,0.15998,1,22
2022-03-15 13:35:13.500,0.099458,0.113295,0.160421,1,22
2022-03-15 13:35:14.000,0.09877,0.112587,0.160504,1,22
2022-03-15 13:35:14.500,0.098235,0.113442,0.160779,1,22
2022-03-15 13:35:15.000,0.098135,0.112692,0.159824,1,22
2022-03-15 13:35:15.500,0.098093,0.111542,0.159218,1,22
2022-03-15 13:35:16.000,0.098529,0.112492,0.160403,1,22
2022-03-15 13:35:16.500,0.098014,0.111999,0.159006,1,22
2022-03-15 13:35:17.000,0.097999,0.111746,0.159162,1,22
2022-03-15 13:35:17.500,0.097967,0.11202,0.159273,1,22
2022-03-15 13:35:18.000,0.098356,0.112671,0.160302,1,22
2022-03-15 13:35:18.500,0.097999,0.111584,0.159502,1,22
2022-03-15 13:35:19.000,0.099096,0.113243,0.160798,1,22
2022-03-15 13:35:19.500,0.097201,0.111347,0.158988,1,22
2022-03-15 13:35:20.000,0.099295,0.112461,0.161018,1,22
2022-03-15 13:35:20.500,0.098928,0.11193,0.159943,1,22
2022-03-15 13:35:21.000,0.098408,0.112135,0.16043,1,22
2022-03-15 13:35:21.500,0.099227,0.113201,0.160844,1,22
2022-03-15 13:35:22.000,0.097936,0.11088,0.159107,1,22
2022-03-15 13:35:22.500,0.097999,0.110738,0.158712,1,22
2022-03-15 13:35:23.000,0.097978,0.111599,0.158593,1,22
2022-03-15 13:35:23.500,0.098203,0.111148,0.159548,1,22
2022-03-15 13:35:24.000,0.098665,0.112713,0.159723,1,22
2022-03-15 13:35:24.500,0.099253,0.112109,0.160485,1,22
2022-03-15 13:35:25.000,0.098833,0.111904,0.159796,1,22
2022-03-15 13:35:25.500,0.098413,0.111589,0.159851,1,22
2022-03-15 13:35:26.000,0.098634,0.11088,0.159144,1,22
2022-03-15 13:35:26.500,0.098261,0.11192,0.159447,1,22
2022-03-15 13:35:27.000,0.098056,0.111358,0.15885,1,22
2022-03-15 13:35:27.500,0.098823,0.112272,0.160495,1,22
2022-03-15 13:35:28.000,0.098707,0.112219,0.159805,1,22
2022-03-15 13:35:28.500,0.098277,0.111242,0.159144,1,22
2022-03-15 13:35:29.000,0.09844,0.112602,0.159842,1,22
2022-03-15 13:35:29.500,0.098371,0.112067,0.160495,1,22
2022-03-15 13:35:30.000,0.097741,0.111216,0.159144,1,22
2022-03-15 13:35:30.500,0.098077,0.111342,0.158473,1,22
2022-03-15 13:35:31.000,0.098335,0.111143,0.158979,1,22
2022-03-15 13:35:31.500,0.098098,0.111216,0.159162,1,22
2022-03-15 13:35:32.000,0.098419,0.111284,0.159466,1,22
2022-03-15 13:35:32.500,0.098471,0.110633,0.158969,1,22
2022-03-15 13:35:33.000,0.098177,0.111725,0.159989,1,22
2022-03-15 13:35:33.500,0.097762,0.110402,0.159071,1,22
2022-03-15 13:35:34.000,0.098954,0.11193,0.15998,1,22
2022-03-15 13:35:34.500,0.098041,0.112172,0.159502,1,22
2022-03-15 13:35:35.000,0.099579,0.11319,0.160485,1,22
2022-03-15 13:35:35.500,0.099217,0.112476,0.159962,1,22
2022-03-15 13:35:36.000,0.098335,0.112046,0.16021,1,22
2022-03-15 13:35:36.500,0.098287,0.111899,0.159006,1,22
2022-03-15 13:35:37.000,0.099185,0.112146,0.159383,1,22
2022-03-15 13:35:37.500,0.099558,0.113028,0.161377,1,22
2022-03-15 13:35:38.000,0.09877,0.111295,0.159521,1,22
2022-03-15 13:35:38.500,0.098986,0.112329,0.15964,1,22
2022-03-15 13:35:39.000,0.098356,0.1115,0.158804,1,22
2022-03-15 13:35:39.500,0.098482,0.111426,0.159897,1,22
2022-03-15 13:35:40.000,0.09865,0.112356,0.160283,1,22
2022-03-15 13:35:40.500,0.099007,0.113563,0.160531,1,22
2022-03-15 13:35:41.000,0.098734,0.112534,0.160201,1,22
2022-03-15 13:35:41.500,0.099259,0.113311,0.160954,1,22
2022-03-15 13:35:42.000,0.09928,0.113847,0.161992,1,22
2022-03-15 13:35:42.500,0.098755,0.11245,0.160191,1,22
2022-03-15 13:35:43.000,0.098403,0.112104,0.160706,1,22
2022-03-15 13:35:43.500,0.09855,0.112371,0.15964,1,22
2022-03-15 13:35:44.000,0.097915,0.111951,0.159557,1,22
2022-03-15 13:35:44.500,0.098319,0.112009,0.160201,1,22
2022-03-15 13:35:45.000,0.098308,0.111804,0.160366,1,22
2022-03-15 13:35:45.500,0.098398,0.112167,0.159539,1,22
2022-03-15 13:35:46.000,0.097778,0.111316,0.158924,1,22
2022-03-15 13:35:46.500,0.097705,0.111395,0.159475,1,22
2022-03-15 13:35:47.000,0.098854,0.113148,0.160476,1,22
2022-03-15 13:35:47.500,0.097489,0.110854,0.159061,1,22
2022-03-15 13:35:48.000,0.098713,0.112424,0.159842,1,22
2022-03-15 13:35:48.500,0.099185,0.11276,0.160256,1,22
2022-03-15 13:35:49.000,0.097694,0.111615,0.158969,1,22
2022-03-15 13:35:49.500,0.098896,0.112581,0.159576,1,22
2022-03-15 13:35:50.000,0.097741,0.111647,0.158969,1,22
2022-03-15 13:35:50.500,0.099752,0.113547,0.161524,1,22
2022-03-15 13:35:51.000,0.097216,0.110681,0.158712,1,22
2022-03-15 13:35:51.500,0.09802,0.1115,0.159539,1,22
2022-03-15 13:35:52.000,0.098597,0.111479,0.159952,1,22
2022-03-15 13:35:52.500,0.098959,0.112587,0.159732,1,22
2022-03-15 13:35:53.000,0.097967,0.111757,0.159447,1,22
2022-03-15 13:35:53.500,0.097474,0.111531,0.159355,1,22
2022-03-15 13:35:54.000,0.098639,0.112146,0.160035,1,22
2022-03-15 13:35:54.500,0.098366,0.112492,0.160577,1,22
2022-03-15 13:35:55.000,0.097904,0.112172,0.16043,1,22
2022-03-15 13:35:55.500,0.097684,0.110759,0.15919,1,22
2022-03-15 13:35:56.000,0.097988,0.112182,0.159778,1,22
2022-03-15 13:35:56.500,0.09771,0.111326,0.15919,1,22
2022-03-15 13:35:57.000,0.097825,0.110728,0.158694,1,22
2022-03-15 13:35:57.500,0.098266,0.112224,0.159952,1,22
2022-03-15 13:35:58.000,0.098665,0.112492,0.160403,1,22
2022-03-15 13:35:58.500,0.098424,0.111311,0.159778,1,22
2022-03-15 13:35:59.000,0.098986,0.112361,0.160522,1,22
2022-03-15 13:35:59.500,0.098377,0.112392,0.160283,1,22
2022-03-15 13:36:00.000,0.097894,0.111059,0.159319,1,22
2022-03-15 13:36:00.500,0.098791,0.112272,0.159659,1,22
2022-03-15 13:36:01.000,0.09855,0.111867,0.159107,1,22
2022-03-15 13:36:01.500,0.098214,0.111395,0.159282,1,22
2022-03-15 13:36:02.000,0.097878,0.111368,0.159493,1,22
2022-03-15 13:36:02.500,0.099138,0.112503,0.160393,1,22
2022-03-15 13:36:03.000,0.098356,0.111578,0.159061,1,22
2022-03-15 13:36:03.500,0.097768,0.111442,0.159539,1,22
2022-03-15 13:36:04.000,0.098245,0.111311,0.158951,1,22
2022-03-15 13:36:04.500,0.098392,0.11182,0.159805,1,22
2022-03-15 13:36:05.000,0.098818,0.112314,0.16055,1,22
2022-03-15 13:36:05.500,0.098287,0.11214,0.159162,1,22
2022-03-15 13:36:06.000,0.098844,0.111599,0.159695,1,22
2022-03-15 13:36:06.500,0.097668,0.111594,0.159971,1,22
2022-03-15 13:36:07.000,0.097993,0.111363,0.159925,1,22
2022-03-15 13:36:07.500,0.099589,0.112991,0.160687,1,22
2022-03-15 13:36:08.000,0.098597,0.112293,0.159732,1,22
2022-03-15 13:36:08.500,0.097474,0.111085,0.158446,1,22
2022-03-15 13:36:09.000,0.098818,0.112214,0.160412,1,22
2022-03-15 13:36:09.500,0.097815,0.111752,0.159778,1,22
2022-03-15 13:36:10.000,0.098056,0.111972,0.159815,1,22
2022-03-15 13:36:10.500,0.098377,0.11213,0.160375,1,22
2022-03-15 13:36:11.000,0.098791,0.112959,0.160504,1,22
2022-03-15 13:36:11.500,0.097804,0.112356,0.160357,1,22
2022-03-15 13:36:12.000,0.098434,0.112335,0.160292,1,22
2022-03-15 13:36:12.500,0.097862,0.111857,0.159704,1,22
2022-03-15 13:36:13.000,0.097867,0.111846,0.158887,1,22
2022-03-15 13:36:13.500,0.097789,0.111725,0.159172,1,22
2022-03-15 13:36:14.000,0.098098,0.111647,0.159015,1,22
2022-03-15 13:36:14.500,0.098104,0.111657,0.159071,1,22
2022-03-15 13:36:15.000,0.097474,0.111064,0.159548,1,22
2022-03-15 13:36:15.500,0.098781,0.112067,0.159668,1,22
2022-03-15 13:36:16.000,0.098235,0.111253,0.158914,1,22
2022-03-15 13:36:16.500,0.09802,0.111337,0.159613,1,22
2022-03-15 13:36:17.000,0.097762,0.11181,0.159824,1,22
2022-03-15 13:36:17.500,0.097337,0.111043,0.159456,1,22
2022-03-15 13:36:18.000,0.09865,0.112686,0.159815,1,22
2022-03-15 13:36:18.500,0.098739,0.112461,0.159787,1,22
2022-03-15 13:36:19.000,0.097978,0.111484,0.159493,1,22
2022-03-15 13:36:19.500,0.097978,0.112356,0.160256,1,22
2022-03-15 13:36:20.000,0.098287,0.112104,0.160017,1,22
2022-03-15 13:36:20.500,0.097542,0.111311,0.159135,1,22
2022-03-15 13:36:21.000,0.098723,0.113091,0.160393,1,22
2022-03-15 13:36:21.500,0.098161,0.111957,0.159429,1,22
2022-03-15 13:36:22.000,0.098765,0.112151,0.15976,1,22
2022-03-15 13:36:22.500,0.098529,0.11161,0.159199,1,22
2022-03-15 13:36:23.000,0.09729,0.111022,0.158446,1,22
2022-03-15 13:36:23.500,0.098828,0.112434,0.15976,1,22
2022-03-15 13:36:24.000,0.098802,0.112177,0.160458,1,22
2022-03-15 13:36:24.500,0.097783,0.112077,0.159796,1,22
2022-03-15 13:36:25.000,0.098681,0.112702,0.160256,1,22
2022-03-15 13:36:25.500,0.098949,0.112959,0.160844,1,22
2022-03-15 13:36:26.000,0.098545,0.113054,0.16055,1,22
2022-03-15 13:36:26.500,0.09907,0.112749,0.159677,1,22
2022-03-15 13:36:27.000,0.098833,0.11224,0.159916,1,22
2022-03-15 13:36:27.500,0.098807,0.112251,0.159934,1,22
2022-03-15 13:36:28.000,0.098917,0.112345,0.159943,1,22
2022-03-15 13:36:28.500,0.097883,0.111489,0.158584,1,22
2022-03-15 13:36:29.000,0.098209,0.111825,0.158878,1,22
2022-03-15 13:36:29.500,0.098954,0.111957,0.159805,1,22
2022-03-15 13:36:30.000,0.098954,0.112581,0.159328,1,22
2022-03-15 13:36:30.500,0.098644,0.112287,0.159328,1,22
2022-03-15 13:36:31.000,0.098602,0.112356,0.160201,1,22
2022-03-15 13:36:31.500,0.09834,0.112188,0.16066,1,22
2022-03-15 13:36:32.000,0.098413,0.112056,0.159043,1,22
2022-03-15 13:36:32.500,0.09814,0.111678,0.158473,1,22
2022-03-15 13:36:33.000,0.09865,0.112224,0.159337,1,22
2022-03-15 13:36:33.500,0.098755,0.112377,0.160072,1,22
2022-03-15 13:36:34.000,0.097778,0.110885,0.158951,1,22
2022-03-15 13:36:34.500,0.098744,0.112539,0.159879,1,22
2022-03-15 13:36:35.000,0.099148,0.112471,0.160017,1,22
2022-03-15 13:36:35.500,0.098503,0.11234,0.159043,1,22
2022-03-15 13:36:36.000,0.098602,0.112744,0.160054,1,22
2022-03-15 13:36:36.500,0.098986,0.113138,0.160669,1,22
2022-03-15 13:36:37.000,0.098193,0.111883,0.159659,1,22
2022-03-15 13:36:37.500,0.097936,0.112214,0.159659,1,22
2022-03-15 13:36:38.000,0.099453,0.113201,0.159842,1,22
2022-03-15 13:36:38.500,0.098067,0.112434,0.15941,1,22
2022-03-15 13:36:39.000,0.097783,0.111143,0.159741,1,22
2022-03-15 13:36:39.500,0.097516,0.111316,0.158299,1,22
2022-03-15 13:36:40.000,0.098424,0.112035,0.159227,1,22
2022-03-15 13:36:40.500,0.098954,0.11214,0.159557,1,22
2022-03-15 13:36:41.000,0.097757,0.111531,0.159594,1,22
2022-03-15 13:36:41.500,0.098324,0.112602,0.159833,1,22
2022-03-15 13:36:42.000,0.09835,0.111915,0.158841,1,22
2022-03-15 13:36:42.500,0.098539,0.111867,0.159842,1,22
2022-03-15 13:36:43.000,0.098954,0.111741,0.159695,1,22
2022-03-15 13:36:43.500,0.098644,0.111741,0.159805,1,22
2022-03-15 13:36:44.000,0.098524,0.112287,0.160807,1,22
2022-03-15 13:36:44.500,0.097652,0.111274,0.159126,1,22
2022-03-15 13:36:45.000,0.098807,0.112681,0.160485,1,22
2022-03-15 13:36:45.500,0.09802,0.111573,0.159071,1,22
2022-03-15 13:36:46.000,0.098723,0.112093,0.159466,1,22
2022-03-15 13:36:46.500,0.09751,0.111631,0.160026,1,22
2022-03-15 13:36:47.000,0.09814,0.111505,0.159512,1,22
2022-03-15 13:36:47.500,0.097138,0.111116,0.158602,1,22
2022-03-15 13:36:48.000,0.098014,0.111915,0.15919,1,22
2022-03-15 13:36:48.500,0.098377,0.111894,0.159126,1,22
2022-03-15 13:36:49.000,0.098083,0.111626,0.160109,1,22
2022-03-15 13:36:49.500,0.097694,0.111862,0.160173,1,22
2022-03-15 13:36:50.000,0.099337,0.113117,0.161285,1,22
2022-03-15 13:36:50.500,0.098755,0.112671,0.160798,1,22
2022-03-15 13:36:51.000,0.098681,0.11255,0.160155,1,22
2022-03-15 13:36:51.500,0.098419,0.112193,0.159447,1,22
2022-03-15 13:36:52.000,0.098088,0.111389,0.158648,1,22
2022-03-15 13:36:52.500,0.098476,0.112114,0.159383,1,22
2022-03-15 13:36:53.000,0.098067,0.111568,0.159319,1,22
2022-03-15 13:36:53.500,0.098025,0.111725,0.159695,1,22
2022-03-15 13:36:54.000,0.098146,0.111321,0.158942,1,22
2022-03-15 13:36:54.500,0.098361,0.111951,0.159052,1,22
2022-03-15 13:36:55.000,0.098629,0.111899,0.158795,1,22
2022-03-15 13:36:55.500,0.098009,0.112214,0.160118,1,22
2022-03-15 13:36:56.000,0.09823,0.112723,0.159668,1,22
2022-03-15 13:36:56.500,0.097883,0.112256,0.15941,1,22
2022-03-15 13:36:57.000,0.097967,0.112035,0.159998,1,22
2022-03-15 13:36:57.500,0.098697,0.113201,0.160375,1,22
2022-03-15 13:36:58.000,0.097594,0.111657,0.159006,1,22
2022-03-15 13:36:58.500,0.098062,0.11202,0.15942,1,22
2022-03-15 13:36:59.000,0.09823,0.111652,0.159254,1,22
2022-03-15 13:36:59.500,0.097888,0.111925,0.158685,1,22
2022-03-15 13:37:00.000,0.098597,0.112277,0.159557,1,22
2022-03-15 13:37:00.500,0.098235,0.111584,0.158675,1,22
2022-03-15 13:37:01.000,0.097673,0.111132,0.159539,1,22
2022-03-15 13:37:01.500,0.097269,0.111757,0.158391,1,22
2022-03-15 13:37:02.000,0.097857,0.111904,0.159925,1,22
2022-03-15 13:37:02.500,0.098639,0.11223,0.159659,1,22
2022-03-15 13:37:03.000,0.097111,0.110843,0.159006,1,22
2022-03-15 13:37:03.500,0.099007,0.113238,0.159971,1,22
2022-03-15 13:37:04.000,0.097626,0.112172,0.159778,1,22
2022-03-15 13:37:04.500,0.098739,0.112455,0.159796,1,22
2022-03-15 13:37:05.000,0.098518,0.112419,0.160127,1,22
2022-03-15 13:37:05.500,0.098282,0.112214,0.159365,1,22
2022-03-15 13:37:06.000,0.098849,0.11319,0.160568,1,22
2022-03-15 13:37:06.500,0.09803,0.112077,0.159355,1,22
2022-03-15 13:37:07.000,0.098182,0.112109,0.158657,1,22
2022-03-15 13:37:07.500,0.098224,0.11244,0.160017,1,22
2022-03-15 13:37:08.000,0.098518,0.112587,0.159723,1,22
2022-03-15 13:37:08.500,0.097463,0.112051,0.15998,1,22
2022-03-15 13:37:09.000,0.097904,0.112277,0.159907,1,22
2022-03-15 13:37:09.500,0.098193,0.112377,0.159227,1,22
2022-03-15 13:37:10.000,0.098476,0.112156,0.159282,1,22
2022-03-15 13:37:10.500,0.098744,0.112466,0.1593,1,22
2022-03-15 13:37:11.000,0.097369,0.111636,0.158969,1,22
2022-03-15 13:37:11.500,0.098093,0.112461,0.158694,1,22
2022-03-15 13:37:12.000,0.09802,0.11171,0.158942,1,22
2022-03-15 13:37:12.500,0.098728,0.113579,0.16009,1,22
2022-03-15 13:37:13.000,0.09834,0.111799,0.15941,1,22
2022-03-15 13:37:13.500,0.098534,0.112303,0.159475,1,22
2022-03-15 13:37:14.000,0.098408,0.11171,0.159254,1,22
2022-03-15 13:37:14.500,0.098539,0.11192,0.159218,1,22
2022-03-15 13:37:15.000,0.097673,0.112119,0.159309,1,22
2022-03-15 13:37:15.500,0.097804,0.111715,0.159787,1,22
2022-03-15 13:37:16.000,0.098046,0.112056,0.159218,1,22
2022-03-15 13:37:16.500,0.096791,0.111636,0.159144,1,22
2022-03-15 13:37:17.000,0.09751,0.111715,0.159502,1,22
2022-03-15 13:37:17.500,0.097815,0.111269,0.158896,1,22
2022-03-15 13:37:18.000,0.0976,0.111647,0.159594,1,22
2022-03-15 13:37:18.500,0.098686,0.111426,0.158584,1,22
2022-03-15 13:37:19.000,0.097258,0.111164,0.159401,1,22
2022-03-15 13:37:19.500,0.097778,0.111831,0.158933,1,22
2022-03-15 13:37:20.000,0.097794,0.112319,0.159015,1,22
2022-03-15 13:37:20.500,0.098434,0.112755,0.158988,1,22
2022-03-15 13:37:21.000,0.097852,0.111568,0.158905,1,22
2022-03-15 13:37:21.500,0.098471,0.112702,0.15964,1,22
2022-03-15 13:37:22.000,0.098487,0.112476,0.158868,1,22
2022-03-15 13:37:22.500,0.098996,0.113238,0.160568,1,22
2022-03-15 13:37:23.000,0.098046,0.11235,0.158969,1,22
2022-03-15 13:37:23.500,0.09761,0.11171,0.159034,1,22
2022-03-15 13:37:24.000,0.098461,0.111941,0.159355,1,22
2022-03-15 13:37:24.500,0.098518,0.112996,0.159456,1,22
2022-03-15 13:37:25.000,0.098592,0.112518,0.160191,1,22
2022-03-15 13:37:25.500,0.098009,0.111668,0.158951,1,22
2022-03-15 13:37:26.000,0.098062,0.112109,0.159355,1,22
2022-03-15 13:37:26.500,0.098156,0.111547,0.159512,1,22
2022-03-15 13:37:27.000,0.098209,0.111831,0.15896,1,22
2022-03-15 13:37:27.500,0.09824,0.111804,0.159714,1,22
2022-03-15 13:37:28.000,0.098749,0.112329,0.159741,1,22
2022-03-15 13:37:28.500,0.098041,0.111867,0.160127,1,22
2022-03-15 13:37:29.000,0.098083,0.111878,0.159346,1,22
2022-03-15 13:37:29.500,0.097915,0.112513,0.160798,1,22
2022-03-15 13:37:30.000,0.098198,0.112408,0.159383,1,22
2022-03-15 13:37:30.500,0.09865,0.112293,0.159888,1,22
2022-03-15 13:37:31.000,0.097363,0.11129,0.158969,1,22
2022-03-15 13:37:31.500,0.098634,0.112618,0.159493,1,22
2022-03-15 13:37:32.000,0.098266,0.11193,0.159925,1,22
2022-03-15 13:37:32.500,0.098529,0.112665,0.159659,1,22
2022-03-15 13:37:33.000,0.097909,0.112188,0.15941,1,22
2022-03-15 13:37:33.500,0.098592,0.112377,0.159107,1,22
2022-03-15 13:37:34.000,0.098382,0.11256,0.160063,1,22
2022-03-15 13:37:34.500,0.097773,0.111641,0.159153,1,22
2022-03-15 13:37:35.000,0.097883,0.112728,0.159355,1,22
2022-03-15 13:37:35.500,0.098529,0.112172,0.159374,1,22
2022-03-15 13:37:36.000,0.098812,0.113805,0.16043,1,22
2022-03-15 13:37:36.500,0.098188,0.113091,0.160017,1,22
2022-03-15 13:37:37.000,0.098828,0.112797,0.160246,1,22
2022-03-15 13:37:37.500,0.098655,0.112713,0.159273,1,22
2022-03-15 13:37:38.000,0.0974,0.111978,0.159668,1,22
2022-03-15 13:37:38.500,0.098219,0.112424,0.16043,1,22
2022-03-15 13:37:39.000,0.098902,0.112403,0.158721,1,22
2022-03-15 13:37:39.500,0.098319,0.112482,0.159328,1,22
2022-03-15 13:37:40.000,0.099495,0.113138,0.160697,1,22
2022-03-15 13:37:40.500,0.098791,0.112419,0.160329,1,22
2022-03-15 13:37:41.000,0.099285,0.112996,0.160963,1,22
2022-03-15 13:37:41.500,0.098025,0.112503,0.159594,1,22
2022-03-15 13:37:42.000,0.098177,0.112072,0.160044,1,22
2022-03-15 13:37:42.500,0.097878,0.111788,0.159466,1,22
2022-03-15 13:37:43.000,0.098928,0.11255,0.160201,1,22
2022-03-15 13:37:43.500,0.098734,0.112188,0.158988,1,22
2022-03-15 13:37:44.000,0.099059,0.112975,0.159907,1,22
2022-03-15 13:37:44.500,0.09844,0.112403,0.159447,1,22
2022-03-15 13:37:45.000,0.098692,0.112067,0.160072,1,22
2022-03-15 13:37:45.500,0.09856,0.112571,0.159576,1,22
2022-03-15 13:37:46.000,0.09792,0.111762,0.1593,1,22
2022-03-15 13:37:46.500,0.098828,0.112734,0.159567,1,22
2022-03-15 13:37:47.000,0.097636,0.111894,0.160063,1,22
2022-03-15 13:37:47.500,0.098025,0.111631,0.15817,1,22
2022-03-15 13:37:48.000,0.097432,0.111011,0.158896,1,22
2022-03-15 13:37:48.500,0.09771,0.111473,0.159328,1,22
2022-03-15 13:37:49.000,0.098366,0.112261,0.160127,1,22
2022-03-15 13:37:49.500,0.098235,0.112314,0.15975,1,22
2022-03-15 13:37:50.000,0.098345,0.112697,0.159236,1,22
2022-03-15 13:37:50.500,0.09834,0.112629,0.160219,1,22
2022-03-15 13:37:51.000,0.097768,0.11141,0.159254,1,22
2022-03-15 13:37:51.500,0.098865,0.112776,0.160201,1,22
2022-03-15 13:37:52.000,0.099085,0.112907,0.159613,1,22
2022-03-15 13:37:52.500,0.098009,0.111925,0.159107,1,22
2022-03-15 13:37:53.000,0.098209,0.111704,0.159815,1,22
2022-03-15 13:37:53.500,0.09751,0.111132,0.158519,1,22
2022-03-15 13:37:54.000,0.098193,0.112077,0.159346,1,22
2022-03-15 13:37:54.500,0.097983,0.112319,0.159153,1,22
2022-03-15 13:37:55.000,0.099395,0.112534,0.159787,1,22
2022-03-15 13:37:55.500,0.098062,0.112461,0.160256,1,22
2022-03-15 13:37:56.000,0.098608,0.11203,0.159383,1,22
2022-03-15 13:37:56.500,0.099348,0.112786,0.160081,1,22
2022-03-15 13:37:57.000,0.098991,0.112597,0.159346,1,22
2022-03-15 13:37:57.500,0.098329,0.111778,0.159282,1,22
2022-03-15 13:37:58.000,0.098671,0.112277,0.159282,1,22
2022-03-15 13:37:58.500,0.099169,0.112718,0.159796,1,22
2022-03-15 13:37:59.000,0.099012,0.113327,0.16009,1,22
2022-03-15 13:37:59.500,0.09813,0.111951,0.159484,1,22
2022-03-15 13:38:00.000,0.098235,0.111867,0.159162,1,22
2022-03-15 13:38:00.500,0.099269,0.113185,0.160605,1,22
2022-03-15 13:38:01.000,0.098933,0.112791,0.160026,1,22
2022-03-15 13:38:01.500,0.098492,0.112167,0.160182,1,22
2022-03-15 13:38:02.000,0.097416,0.111132,0.158694,1,22
2022-03-15 13:38:02.500,0.09845,0.112035,0.15953,1,22
2022-03-15 13:38:03.000,0.099731,0.113763,0.160724,1,22
2022-03-15 13:38:03.500,0.09813,0.111384,0.159355,1,22
2022-03-15 13:38:04.000,0.097363,0.111678,0.159502,1,22
2022-03-15 13:38:04.500,0.097972,0.111678,0.159144,1,22
2022-03-15 13:38:05.000,0.098067,0.112093,0.159548,1,22
2022-03-15 13:38:05.500,0.099127,0.112335,0.15976,1,22
2022-03-15 13:38:06.000,0.097941,0.111321,0.158841,1,22
2022-03-15 13:38:06.500,0.098518,0.11182,0.158924,1,22
2022-03-15 13:38:07.000,0.098308,0.111552,0.158786,1,22
2022-03-15 13:38:07.500,0.099311,0.113012,0.160109,1,22
2022-03-15 13:38:08.000,0.09939,0.113227,0.160632,1,22
2022-03-15 13:38:08.500,0.098198,0.111531,0.158547,1,22
2022-03-15 13:38:09.000,0.097568,0.111384,0.159392,1,22
2022-03-15 13:38:09.500,0.098119,0.112487,0.160127,1,22
2022-03-15 13:38:10.000,0.098576,0.111662,0.159732,1,22
2022-03-15 13:38:10.500,0.098697,0.112072,0.160072,1,22
2022-03-15 13:38:11.000,0.098734,0.112051,0.159025,1,22
2022-03-15 13:38:11.500,0.098077,0.111846,0.159585,1,22
2022-03-15 13:38:12.000,0.098466,0.111547,0.159309,1,22
2022-03-15 13:38:12.500,0.098266,0.111894,0.159061,1,22
2022-03-15 13:38:13.000,0.097673,0.111936,0.159493,1,22
2022-03-15 13:38:13.500,0.098618,0.112713,0.160632,1,22
2022-03-15 13:38:14.000,0.097888,0.111573,0.158473,1,22
2022-03-15 13:38:14.500,0.099117,0.112665,0.160173,1,22
2022-03-15 13:38:15.000,0.097999,0.112345,0.15942,1,22
2022-03-15 13:38:15.500,0.09866,0.112476,0.160081,1,22
2022-03-15 13:38:16.000,0.098214,0.111206,0.1584,1,22
2022-03-15 13:38:16.500,0.097757,0.11193,0.159484,1,22
2022-03-15 13:38:17.000,0.098067,0.111773,0.159218,1,22
2022-03-15 13:38:17.500,0.099022,0.112209,0.159199,1,22
2022-03-15 13:38:18.000,0.098907,0.112004,0.158832,1,22
2022-03-15 13:38:18.500,0.098387,0.111862,0.15942,1,22
2022-03-15 13:38:19.000,0.098009,0.111767,0.159438,1,22
2022-03-15 13:38:19.500,0.098345,0.111284,0.158887,1,22
2022-03-15 13:38:20.000,0.099269,0.113038,0.160035,1,22
2022-03-15 13:38:20.500,0.099626,0.113243,0.16134,1,22
2022-03-15 13:38:21.000,0.098293,0.112471,0.159741,1,22
2022-03-15 13:38:21.500,0.098314,0.112492,0.159842,1,22
2022-03-15 13:38:22.000,0.098891,0.112655,0.160191,1,22
2022-03-15 13:38:22.500,0.097594,0.111227,0.158786,1,22
2022-03-15 13:38:23.000,0.099736,0.112781,0.160164,1,22
2022-03-15 13:38:23.500,0.098592,0.112366,0.160072,1,22
2022-03-15 13:38:24.000,0.098702,0.113148,0.159484,1,22
2022-03-15 13:38:24.500,0.098644,0.112345,0.159695,1,22
2022-03-15 13:38:25.000,0.099017,0.113175,0.160954,1,22
2022-03-15 13:38:25.500,0.09866,0.112335,0.160118,1,22
2022-03-15 13:38:26.000,0.098692,0.112634,0.160292,1,22
2022-03-15 13:38:26.500,0.098051,0.112466,0.160963,1,22
2022-03-15 13:38:27.000,0.098802,0.113117,0.16021,1,22
2022-03-15 13:38:27.500,0.097321,0.11099,0.158492,1,22
2022-03-15 13:38:28.000,0.097883,0.111515,0.159916,1,22
2022-03-15 13:38:28.500,0.097526,0.111305,0.159291,1,22
2022-03-15 13:38:29.000,0.098072,0.111831,0.15987,1,22
2022-03-15 13:38:29.500,0.097468,0.111022,0.159291,1,22
2022-03-15 13:38:30.000,0.098266,0.111946,0.159273,1,22
2022-03-15 13:38:30.500,0.098266,0.112272,0.159971,1,22
2022-03-15 13:38:31.000,0.097705,0.112072,0.160237,1,22
2022-03-15 13:38:31.500,0.09814,0.112151,0.160155,1,22
2022-03-15 13:38:32.000,0.098146,0.111473,0.159888,1,22
2022-03-15 13:38:32.500,0.097411,0.111174,0.158795,1,22
2022-03-15 13:38:33.000,0.09887,0.112277,0.159456,1,22
2022-03-15 13:38:33.500,0.098156,0.111179,0.158069,1,22
2022-03-15 13:38:34.000,0.097873,0.111085,0.159493,1,22
2022-03-15 13:38:34.500,0.098235,0.112608,0.159861,1,22
2022-03-15 13:38:35.000,0.097594,0.111017,0.158455,1,22
2022-03-15 13:38:35.500,0.097568,0.111295,0.159282,1,22
2022-03-15 13:38:36.000,0.098797,0.112424,0.159732,1,22
2022-03-15 13:38:36.500,0.098881,0.112182,0.159723,1,22
2022-03-15 13:38:37.000,0.098629,0.112051,0.158648,1,22
2022-03-15 13:38:37.500,0.098581,0.112744,0.159613,1,22
2022-03-15 13:38:38.000,0.097794,0.111221,0.159337,1,22
2022-03-15 13:38:38.500,0.098419,0.112245,0.160522,1,22
2022-03-15 13:38:39.000,0.097862,0.111678,0.159493,1,22
2022-03-15 13:38:39.500,0.098702,0.112051,0.160145,1,22
2022-03-15 13:38:40.000,0.09813,0.111815,0.159162,1,22
2022-03-15 13:38:40.500,0.098534,0.111967,0.159484,1,22
2022-03-15 13:38:41.000,0.098791,0.112812,0.160697,1,22
2022-03-15 13:38:41.500,0.097993,0.111694,0.15941,1,22
2022-03-15 13:38:42.000,0.098198,0.111767,0.158795,1,22
2022-03-15 13:38:42.500,0.097951,0.111615,0.160063,1,22
2022-03-15 13:38:43.000,0.097285,0.111584,0.159006,1,22
2022-03-15 13:38:43.500,0.097621,0.110912,0.158666,1,22
2022-03-15 13:38:44.000,0.097673,0.111248,0.159704,1,22
2022-03-15 13:38:44.500,0.098303,0.112109,0.159888,1,22
2022-03-15 13:38:45.000,0.098933,0.112366,0.160614,1,22
2022-03-15 13:38:45.500,0.098818,0.111899,0.159851,1,22
2022-03-15 13:38:46.000,0.098618,0.112461,0.15975,1,22
2022-03-15 13:38:46.500,0.098424,0.112014,0.159778,1,22
2022-03-15 13:38:47.000,0.097867,0.111458,0.159116,1,22
2022-03-15 13:38:47.500,0.098282,0.111374,0.158914,1,22
2022-03-15 13:38:48.000,0.098046,0.111873,0.159567,1,22
2022-03-15 13:38:48.500,0.097216,0.111085,0.158905,1,22
2022-03-15 13:38:49.000,0.09803,0.111799,0.159181,1,22
2022-03-15 13:38:49.500,0.09813,0.111704,0.159695,1,22
2022-03-15 13:38:50.000,0.09856,0.112167,0.159374,1,22
2022-03-15 13:38:50.500,0.097096,0.110066,0.158391,1,22
2022-03-15 13:38:51.000,0.097279,0.110618,0.159355,1,22
2022-03-15 13:38:51.500,0.09866,0.111736,0.159778,1,22
2022-03-15 13:38:52.000,0.098377,0.111615,0.160283,1,22
2022-03-15 13:38:52.500,0.098697,0.112314,0.160311,1,22
2022-03-15 13:38:53.000,0.098314,0.111221,0.159447,1,22
2022-03-15 13:38:53.500,0.097873,0.111631,0.159833,1,22
2022-03-15 13:38:54.000,0.097836,0.111242,0.160127,1,22
2022-03-15 13:38:54.500,0.09792,0.1113,0.160081,1,22
2022-03-15 13:38:55.000,0.098508,0.11181,0.159309,1,22
2022-03-15 13:38:55.500,0.09908,0.111946,0.15941,1,22
2022-03-15 13:38:56.000,0.098713,0.112802,0.161018,1,22
2022-03-15 13:38:56.500,0.097327,0.112287,0.159714,1,22
2022-03-15 13:38:57.000,0.097684,0.111815,0.159557,1,22
2022-03-15 13:38:57.500,0.099631,0.112991,0.160145,1,22
2022-03-15 13:38:58.000,0.098109,0.112046,0.160504,1,22
2022-03-15 13:38:58.500,0.097358,0.110581,0.159475,1,22
2022-03-15 13:38:59.000,0.098329,0.11171,0.159061,1,22
2022-03-15 13:38:59.500,0.098529,0.112224,0.160081,1,22
2022-03-15 13:39:00.000,0.098875,0.112744,0.159962,1,22
2022-03-15 13:39:00.500,0.098812,0.112172,0.159962,1,22
2022-03-15 13:39:01.000,0.097993,0.111757,0.158868,1,22
2022-03-15 13:39:01.500,0.097011,0.111337,0.158868,1,22
2022-03-15 13:39:02.000,0.097888,0.111836,0.159842,1,22
2022-03-15 13:39:02.500,0.098413,0.111873,0.15874,1,22
2022-03-15 13:39:03.000,0.096938,0.110906,0.158207,1,22
2022-03-15 13:39:03.500,0.097799,0.110896,0.15874,1,22
2022-03-15 13:39:04.000,0.097789,0.110576,0.158997,1,22
2022-03-15 13:39:04.500,0.098256,0.112062,0.159824,1,22
2022-03-15 13:39:05.000,0.098566,0.111967,0.15953,1,22
2022-03-15 13:39:05.500,0.098749,0.11339,0.160678,1,22
2022-03-15 13:39:06.000,0.09813,0.111526,0.159153,1,22
2022-03-15 13:39:06.500,0.098329,0.111746,0.160201,1,22
2022-03-15 13:39:07.000,0.098398,0.112713,0.160008,1,22
2022-03-15 13:39:07.500,0.098487,0.112702,0.160164,1,22
2022-03-15 13:39:08.000,0.09866,0.112471,0.159245,1,22
2022-03-15 13:39:08.500,0.098377,0.111515,0.158731,1,22
2022-03-15 13:39:09.000,0.099337,0.113211,0.160302,1,22
2022-03-15 13:39:09.500,0.097909,0.111673,0.159309,1,22
2022-03-15 13:39:10.000,0.097909,0.111757,0.159282,1,22
2022-03-15 13:39:10.500,0.097689,0.111825,0.159309,1,22
2022-03-15 13:39:11.000,0.098797,0.112524,0.160099,1,22
2022-03-15 13:39:11.500,0.097437,0.111983,0.159631,1,22
2022-03-15 13:39:12.000,0.097295,0.111074,0.159218,1,22
2022-03-15 13:39:12.500,0.097258,0.111657,0.158712,1,22
2022-03-15 13:39:13.000,0.098009,0.111699,0.15998,1,22
2022-03-15 13:39:13.500,0.09739,0.111311,0.158363,1,22
2022-03-15 13:39:14.000,0.098707,0.112539,0.160384,1,22
2022-03-15 13:39:14.500,0.099148,0.112797,0.160145,1,22
2022-03-15 13:39:15.000,0.097631,0.112209,0.160329,1,22
2022-03-15 13:39:15.500,0.097825,0.111862,0.160182,1,22
2022-03-15 13:39:16.000,0.098004,0.111568,0.159576,1,22
2022-03-15 13:39:16.500,0.098587,0.112739,0.160789,1,22
2022-03-15 13:39:17.000,0.098424,0.111626,0.159263,1,22
2022-03-15 13:39:17.500,0.09814,0.112203,0.160228,1,22
2022-03-15 13:39:18.000,0.097295,0.111316,0.159098,1,22
2022-03-15 13:39:18.500,0.097531,0.11141,0.15941,1,22
2022-03-15 13:39:19.000,0.098046,0.111563,0.158565,1,22
2022-03-15 13:39:19.500,0.098728,0.112854,0.160495,1,22
2022-03-15 13:39:20.000,0.098345,0.111957,0.159787,1,22
2022-03-15 13:39:20.500,0.098235,0.11119,0.159254,1,22
2022-03-15 13:39:21.000,0.097253,0.110156,0.158639,1,22
2022-03-15 13:39:21.500,0.098455,0.112104,0.159557,1,22
2022-03-15 13:39:22.000,0.098434,0.110817,0.159098,1,22
2022-03-15 13:39:22.500,0.09813,0.111704,0.16021,1,22
2022-03-15 13:39:23.000,0.098093,0.11151,0.159346,1,22
2022-03-15 13:39:23.500,0.098686,0.11287,0.160495,1,22
2022-03-15 13:39:24.000,0.097962,0.111421,0.159475,1,22
2022-03-15 13:39:24.500,0.097946,0.111158,0.158565,1,22
2022-03-15 13:39:25.000,0.098623,0.112256,0.160173,1,22
2022-03-15 13:39:25.500,0.09793,0.111936,0.159769,1,22
2022-03-15 13:39:26.000,0.097374,0.111353,0.159686,1,22
2022-03-15 13:39:26.500,0.097988,0.112188,0.160375,1,22
2022-03-15 13:39:27.000,0.097673,0.112125,0.15975,1,22
2022-03-15 13:39:27.500,0.098613,0.11223,0.159879,1,22
2022-03-15 13:39:28.000,0.096822,0.1114,0.159879,1,22
2022-03-15 13:39:28.500,0.098114,0.111536,0.160155,1,22
2022-03-15 13:39:29.000,0.096828,0.111017,0.159723,1,22
2022-03-15 13:39:29.500,0.098135,0.111584,0.159208,1,22
2022-03-15 13:39:30.000,0.097253,0.111384,0.158951,1,22
2022-03-15 13:39:30.500,0.098329,0.111741,0.159475,1,22
2022-03-15 13:39:31.000,0.097978,0.111353,0.15919,1,22
2022-03-15 13:39:31.500,0.098235,0.112109,0.159245,1,22
2022-03-15 13:39:32.000,0.096728,0.110087,0.158731,1,22
2022-03-15 13:39:32.500,0.098161,0.111783,0.159916,1,22
2022-03-15 13:39:33.000,0.098371,0.112109,0.159879,1,22
2022-03-15 13:39:33.500,0.098303,0.112629,0.160044,1,22
2022-03-15 13:39:34.000,0.097873,0.111757,0.159346,1,22
2022-03-15 13:39:34.500,0.097521,0.111442,0.159567,1,22
2022-03-15 13:39:35.000,0.097558,0.111736,0.160017,1,22
2022-03-15 13:39:35.500,0.098088,0.11182,0.15975,1,22
2022-03-15 13:39:36.000,0.09844,0.111657,0.159714,1,22
2022-03-15 13:39:36.500,0.099054,0.112156,0.160035,1,22
2022-03-15 13:39:37.000,0.098629,0.112518,0.159512,1,22
2022-03-15 13:39:37.500,0.098928,0.111967,0.159447,1,22
2022-03-15 13:39:38.000,0.098408,0.111274,0.159162,1,22
2022-03-15 13:39:38.500,0.097736,0.111101,0.158914,1,22
2022-03-15 13:39:39.000,0.098035,0.111116,0.159714,1,22
2022-03-15 13:39:39.500,0.097495,0.110749,0.158262,1,22
2022-03-15 13:39:40.000,0.097531,0.110628,0.158528,1,22
2022-03-15 13:39:40.500,0.097783,0.111836,0.158666,1,22
2022-03-15 13:39:41.000,0.098644,0.111993,0.160522,1,22
2022-03-15 13:39:41.500,0.097542,0.111321,0.15998,1,22
2022-03-15 13:39:42.000,0.097715,0.111689,0.159328,1,22
2022-03-15 13:39:42.500,0.098009,0.111762,0.15863,1,22
2022-03-15 13:39:43.000,0.098251,0.112119,0.160237,1,22
2022-03-15 13:39:43.500,0.097048,0.111153,0.159263,1,22
2022-03-15 13:39:44.000,0.097332,0.109972,0.158381,1,22
2022-03-15 13:39:44.500,0.097741,0.111337,0.159594,1,22
2022-03-15 13:39:45.000,0.097264,0.110339,0.159025,1,22
2022-03-15 13:39:45.500,0.097804,0.111788,0.160035,1,22
2022-03-15 13:39:46.000,0.09814,0.112991,0.160201,1,22
2022-03-15 13:39:46.500,0.098319,0.112975,0.160228,1,22
2022-03-15 13:39:47.000,0.098041,0.11214,0.15976,1,22
2022-03-15 13:39:47.500,0.097789,0.111431,0.159227,1,22
2022-03-15 13:39:48.000,0.09719,0.111158,0.158905,1,22
2022-03-15 13:39:48.500,0.098408,0.112403,0.160256,1,22
2022-03-15 13:39:49.000,0.097789,0.111452,0.159328,1,22
2022-03-15 13:39:49.500,0.097159,0.111174,0.158905,1,22
2022-03-15 13:39:50.000,0.097437,0.110964,0.15862,1,22
2022-03-15 13:39:50.500,0.098392,0.112198,0.160568,1,22
2022-03-15 13:39:51.000,0.098072,0.111857,0.159107,1,22
2022-03-15 13:39:51.500,0.098618,0.112434,0.160439,1,22
2022-03-15 13:39:52.000,0.097605,0.112319,0.159548,1,22
2022-03-15 13:39:52.500,0.097369,0.111521,0.159539,1,22
2022-03-15 13:39:53.000,0.098093,0.111662,0.159659,1,22
2022-03-15 13:39:53.500,0.098041,0.11129,0.15919,1,22
2022-03-15 13:39:54.000,0.09802,0.111347,0.159998,1,22
2022-03-15 13:39:54.500,0.097484,0.112167,0.15942,1,22
2022-03-15 13:39:55.000,0.097647,0.111752,0.158731,1,22
2022-03-15 13:39:55.500,0.097416,0.110691,0.158813,1,22
2022-03-15 13:39:56.000,0.096922,0.110219,0.159355,1,22
2022-03-15 13:39:56.500,0.098219,0.112135,0.160054,1,22
2022-03-15 13:39:57.000,0.097794,0.112387,0.159668,1,22
2022-03-15 13:39:57.500,0.097111,0.111484,0.159346,1,22
2022-03-15 13:39:58.000,0.097269,0.111531,0.159208,1,22
2022-03-15 13:39:58.500,0.097484,0.111788,0.159557,1,22
2022-03-15 13:39:59.000,0.097694,0.111452,0.159622,1,22
2022-03-15 13:39:59.500,0.097705,0.110969,0.160173,1,22
2022-03-15 13:40:00.000,0.097731,0.111915,0.159842,1,22
2022-03-15 13:40:00.500,0.096807,0.110843,0.159172,1,22
2022-03-15 13:40:01.000,0.097468,0.111379,0.159741,1,22
2022-03-15 13:40:01.500,0.098471,0.112293,0.159833,1,22
2022-03-15 13:40:02.000,0.096964,0.110885,0.158749,1,22
2022-03-15 13:40:02.500,0.097416,0.111227,0.159429,1,22
2022-03-15 13:40:03.000,0.097636,0.111873,0.159548,1,22
2022-03-15 13:40:03.500,0.098461,0.111704,0.159695,1,22
2022-03-15 13:40:04.000,0.096922,0.111662,0.159695,1,22
2022-03-15 13:40:04.500,0.097337,0.111405,0.159989,1,22
2022-03-15 13:40:05.000,0.098634,0.112466,0.160485,1,22
2022-03-15 13:40:05.500,0.098072,0.111211,0.159613,1,22
2022-03-15 13:40:06.000,0.098497,0.11307,0.160348,1,22
2022-03-15 13:40:06.500,0.098881,0.112482,0.160706,1,22
2022-03-15 13:40:07.000,0.098014,0.11109,0.15919,1,22
2022-03-15 13:40:07.500,0.098009,0.111626,0.159916,1,22
2022-03-15 13:40:08.000,0.097731,0.111085,0.15942,1,22
2022-03-15 13:40:08.500,0.098644,0.111846,0.159704,1,22
2022-03-15 13:40:09.000,0.097883,0.111316,0.159512,1,22
2022-03-15 13:40:09.500,0.098135,0.112345,0.159787,1,22
2022-03-15 13:40:10.000,0.098146,0.112413,0.160118,1,22
2022-03-15 13:40:10.500,0.096943,0.11045,0.159631,1,22
2022-03-15 13:40:11.000,0.097946,0.11077,0.159162,1,22
2022-03-15 13:40:11.500,0.098849,0.112235,0.160733,1,22
2022-03-15 13:40:12.000,0.097762,0.112093,0.159659,1,22
2022-03-15 13:40:12.500,0.098429,0.112545,0.159998,1,22
2022-03-15 13:40:13.000,0.09803,0.111873,0.15975,1,22
2022-03-15 13:40:13.500,0.097185,0.110623,0.158593,1,22
2022-03-15 13:40:14.000,0.097999,0.111867,0.159521,1,22
2022-03-15 13:40:14.500,0.097652,0.111894,0.159769,1,22
2022-03-15 13:40:15.000,0.097946,0.111888,0.159631,1,22
2022-03-15 13:40:15.500,0.097253,0.109741,0.158161,1,22
2022-03-15 13:40:16.000,0.098639,0.112256,0.159502,1,22
2022-03-15 13:40:16.500,0.097127,0.110864,0.158446,1,22
2022-03-15 13:40:17.000,0.098382,0.111221,0.159172,1,22
2022-03-15 13:40:17.500,0.097458,0.110612,0.159282,1,22
2022-03-15 13:40:18.000,0.098802,0.112844,0.160669,1,22
2022-03-15 13:40:18.500,0.097201,0.111206,0.159328,1,22
2022-03-15 13:40:19.000,0.097558,0.111841,0.159475,1,22
2022-03-15 13:40:19.500,0.097831,0.112329,0.160384,1,22
2022-03-15 13:40:20.000,0.098828,0.112555,0.160164,1,22
2022-03-15 13:40:20.500,0.097783,0.112455,0.159962,1,22
2022-03-15 13:40:21.000,0.097153,0.111673,0.159888,1,22
2022-03-15 13:40:21.500,0.097405,0.111337,0.159098,1,22
2022-03-15 13:40:22.000,0.09772,0.111263,0.159153,1,22
2022-03-15 13:40:22.500,0.098518,0.112471,0.159815,1,22
2022-03-15 13:40:23.000,0.097752,0.111316,0.159567,1,22
2022-03-15 13:40:23.500,0.098146,0.111647,0.159392,1,22
2022-03-15 13:40:24.000,0.097563,0.111347,0.159861,1,22
2022-03-15 13:40:24.500,0.098455,0.112035,0.159888,1,22
2022-03-15 13:40:25.000,0.09802,0.111573,0.159291,1,22
2022-03-15 13:40:25.500,0.097563,0.110817,0.159567,1,22
2022-03-15 13:40:26.000,0.097804,0.112035,0.159897,1,22
2022-03-15 13:40:26.500,0.09729,0.110381,0.158473,1,22
2022-03-15 13:40:27.000,0.098487,0.111536,0.159374,1,22
2022-03-15 13:40:27.500,0.098497,0.112025,0.160357,1,22
2022-03-15 13:40:28.000,0.096786,0.110833,0.158795,1,22
2022-03-15 13:40:28.500,0.097111,0.11087,0.158731,1,22
2022-03-15 13:40:29.000,0.098419,0.11171,0.159052,1,22
2022-03-15 13:40:29.500,0.097605,0.1112,0.160017,1,22
2022-03-15 13:40:30.000,0.097768,0.111599,0.159502,1,22
2022-03-15 13:40:30.500,0.098182,0.111652,0.160145,1,22
2022-03-15 13:40:31.000,0.097563,0.111347,0.159741,1,22
2022-03-15 13:40:31.500,0.098062,0.11161,0.159723,1,22
2022-03-15 13:40:32.000,0.097069,0.1112,0.159392,1,22
2022-03-15 13:40:32.500,0.097841,0.111668,0.159631,1,22
2022-03-15 13:40:33.000,0.097342,0.110633,0.158942,1,22
2022-03-15 13:40:33.500,0.097825,0.110807,0.159732,1,22
2022-03-15 13:40:34.000,0.098067,0.1115,0.159181,1,22
2022-03-15 13:40:34.500,0.096875,0.110329,0.159126,1,22
2022-03-15 13:40:35.000,0.096933,0.11015,0.157986,1,22
2022-03-15 13:40:35.500,0.097867,0.112219,0.15998,1,22
2022-03-15 13:40:36.000,0.098602,0.111936,0.160292,1,22
2022-03-15 13:40:36.500,0.097631,0.111211,0.159594,1,22
2022-03-15 13:40:37.000,0.098954,0.112072,0.160274,1,22
2022-03-15 13:40:37.500,0.098413,0.112125,0.160715,1,22
2022-03-15 13:40:38.000,0.097411,0.110618,0.158391,1,22
2022-03-15 13:40:38.500,0.097316,0.111169,0.159273,1,22
2022-03-15 13:40:39.000,0.097001,0.110843,0.158804,1,22
2022-03-15 13:40:39.500,0.09772,0.111342,0.160035,1,22
2022-03-15 13:40:40.000,0.097999,0.111988,0.159346,1,22
2022-03-15 13:40:40.500,0.098151,0.112959,0.161073,1,22
2022-03-15 13:40:41.000,0.098041,0.112618,0.161138,1,22
2022-03-15 13:40:41.500,0.098072,0.111904,0.159989,1,22
2022-03-15 13:40:42.000,0.098671,0.112912,0.160623,1,22
2022-03-15 13:40:42.500,0.097164,0.111043,0.1593,1,22
2022-03-15 13:40:43.000,0.097421,0.111536,0.159521,1,22
2022-03-15 13:40:43.500,0.098156,0.111767,0.159704,1,22
2022-03-15 13:40:44.000,0.098518,0.111647,0.159631,1,22
2022-03-15 13:40:44.500,0.097269,0.11087,0.159502,1,22
2022-03-15 13:40:45.000,0.097269,0.111006,0.159254,1,22
2022-03-15 13:40:45.500,0.097138,0.110927,0.159015,1,22
2022-03-15 13:40:46.000,0.097936,0.111647,0.15976,1,22
2022-03-15 13:40:46.500,0.097342,0.111374,0.158905,1,22
2022-03-15 13:40:47.000,0.097684,0.111458,0.1593,1,22
2022-03-15 13:40:47.500,0.097353,0.110985,0.158574,1,22
2022-03-15 13:40:48.000,0.098671,0.111636,0.160559,1,22
2022-03-15 13:40:48.500,0.097085,0.110954,0.159172,1,22
2022-03-15 13:40:49.000,0.097621,0.111158,0.159263,1,22
2022-03-15 13:40:49.500,0.096502,0.110371,0.159071,1,22
2022-03-15 13:40:50.000,0.097573,0.111941,0.159006,1,22
2022-03-15 13:40:50.500,0.097694,0.111531,0.159153,1,22
2022-03-15 13:40:51.000,0.097369,0.111468,0.159943,1,22
2022-03-15 13:40:51.500,0.097216,0.111221,0.159704,1,22
2022-03-15 13:40:52.000,0.097852,0.111242,0.15919,1,22
2022-03-15 13:40:52.500,0.097621,0.112182,0.159842,1,22
2022-03-15 13:40:53.000,0.097468,0.111137,0.159052,1,22
2022-03-15 13:40:53.500,0.09688,0.110618,0.159851,1,22
2022-03-15 13:40:54.000,0.09719,0.111479,0.159273,1,22
2022-03-15 13:40:54.500,0.097437,0.110644,0.158786,1,22
2022-03-15 13:40:55.000,0.098245,0.111909,0.159971,1,22
2022-03-15 13:40:55.500,0.097405,0.11057,0.159116,1,22
2022-03-15 13:40:56.000,0.097295,0.110843,0.1584,1,22
2022-03-15 13:40:56.500,0.097668,0.111668,0.159006,1,22
2022-03-15 13:40:57.000,0.097379,0.112156,0.159475,1,22
2022-03-15 13:40:57.500,0.097432,0.111584,0.160256,1,22
2022-03-15 13:40:58.000,0.097558,0.111594,0.160155,1,22
2022-03-15 13:40:58.500,0.097731,0.111101,0.159668,1,22
2022-03-15 13:40:59.000,0.097174,0.111116,0.159043,1,22
2022-03-15 13:40:59.500,0.097831,0.111647,0.159236,1,22
2022-03-15 13:41:00.000,0.098319,0.112534,0.16009,1,22
2022-03-15 13:41:00.500,0.098067,0.111038,0.158703,1,22
2022-03-15 13:41:01.000,0.097269,0.11099,0.159006,1,22
2022-03-15 13:41:01.500,0.097626,0.112062,0.160651,1,22
2022-03-15 13:41:02.000,0.097211,0.110801,0.159998,1,22
2022-03-15 13:41:02.500,0.098193,0.111731,0.159098,1,22
2022-03-15 13:41:03.000,0.097453,0.110933,0.159236,1,22
2022-03-15 13:41:03.500,0.09781,0.11098,0.158813,1,22
2022-03-15 13:41:04.000,0.096822,0.110429,0.158988,1,22
2022-03-15 13:41:04.500,0.098455,0.112387,0.160201,1,22
2022-03-15 13:41:05.000,0.097327,0.110082,0.158565,1,22
2022-03-15 13:41:05.500,0.097699,0.111936,0.159952,1,22
2022-03-15 13:41:06.000,0.097416,0.111227,0.159686,1,22
2022-03-15 13:41:06.500,0.09751,0.111867,0.158942,1,22
2022-03-15 13:41:07.000,0.097563,0.111279,0.159447,1,22
2022-03-15 13:41:07.500,0.09739,0.111279,0.159401,1,22
2022-03-15 13:41:08.000,0.097757,0.111279,0.159769,1,22
2022-03-15 13:41:08.500,0.097143,0.110875,0.159934,1,22
2022-03-15 13:41:09.000,0.097143,0.11108,0.159309,1,22
2022-03-15 13:41:09.500,0.096901,0.111416,0.160099,1,22
2022-03-15 13:41:10.000,0.096975,0.110486,0.158565,1,22
2022-03-15 13:41:10.500,0.096229,0.110807,0.158262,1,22
2022-03-15 13:41:11.000,0.098324,0.112067,0.160063,1,22
2022-03-15 13:41:11.500,0.098167,0.112214,0.159668,1,22
2022-03-15 13:41:12.000,0.0974,0.111316,0.159319,1,22
2022-03-15 13:41:12.500,0.097862,0.111557,0.160127,1,22
2022-03-15 13:41:13.000,0.098041,0.111915,0.16021,1,22
2022-03-15 13:41:13.500,0.097988,0.111573,0.160201,1,22
2022-03-15 13:41:14.000,0.098256,0.111531,0.159613,1,22
2022-03-15 13:41:14.500,0.097579,0.111983,0.159851,1,22
2022-03-15 13:41:15.000,0.097311,0.111027,0.158519,1,22
2022-03-15 13:41:15.500,0.098272,0.110807,0.15908,1,22
2022-03-15 13:41:16.000,0.097652,0.110639,0.158804,1,22
2022-03-15 13:41:16.500,0.097951,0.112041,0.15976,1,22
2022-03-15 13:41:17.000,0.097458,0.111515,0.159916,1,22
2022-03-15 13:41:17.500,0.09813,0.112697,0.160642,1,22
2022-03-15 13:41:18.000,0.097794,0.111605,0.15953,1,22
2022-03-15 13:41:18.500,0.098167,0.111447,0.160559,1,22
2022-03-15 13:41:19.000,0.097526,0.111557,0.159585,1,22
2022-03-15 13:41:19.500,0.097232,0.110733,0.158372,1,22
2022-03-15 13:41:20.000,0.098319,0.112429,0.16088,1,22
2022-03-15 13:41:20.500,0.098046,0.111494,0.159355,1,22
2022-03-15 13:41:21.000,0.097715,0.111463,0.15964,1,22
2022-03-15 13:41:21.500,0.097757,0.11078,0.159273,1,22
2022-03-15 13:41:22.000,0.096954,0.110675,0.159319,1,22
2022-03-15 13:41:22.500,0.098093,0.111694,0.160026,1,22
2022-03-15 13:41:23.000,0.098408,0.111563,0.15976,1,22
2022-03-15 13:41:23.500,0.096786,0.110843,0.159135,1,22
2022-03-15 13:41:24.000,0.097715,0.11129,0.15975,1,22
2022-03-15 13:41:24.500,0.098445,0.111815,0.160201,1,22
2022-03-15 13:41:25.000,0.097174,0.111017,0.15941,1,22
2022-03-15 13:41:25.500,0.097621,0.111211,0.15885,1,22
2022-03-15 13:41:26.000,0.097269,0.110717,0.158777,1,22
2022-03-15 13:41:26.500,0.097584,0.110744,0.159116,1,22
2022-03-15 13:41:27.000,0.096644,0.110261,0.158905,1,22
2022-03-15 13:41:27.500,0.09698,0.110597,0.159282,1,22
2022-03-15 13:41:28.000,0.097153,0.111699,0.160605,1,22
2022-03-15 13:41:28.500,0.097689,0.11141,0.159512,1,22
2022-03-15 13:41:29.000,0.097694,0.111127,0.159172,1,22
2022-03-15 13:41:29.500,0.097941,0.11162,0.159548,1,22
2022-03-15 13:41:30.000,0.097442,0.111458,0.15942,1,22
2022-03-15 13:41:30.500,0.098041,0.111873,0.159245,1,22
2022-03-15 13:41:31.000,0.097778,0.111043,0.158813,1,22
2022-03-15 13:41:31.500,0.098198,0.111662,0.160164,1,22
2022-03-15 13:41:32.000,0.096628,0.110597,0.158565,1,22
2022-03-15 13:41:32.500,0.097636,0.111668,0.159649,1,22
2022-03-15 13:41:33.000,0.097568,0.111027,0.159245,1,22
2022-03-15 13:41:33.500,0.098282,0.112135,0.160155,1,22
2022-03-15 13:41:34.000,0.096896,0.110649,0.158391,1,22
2022-03-15 13:41:34.500,0.097621,0.111064,0.158234,1,22
2022-03-15 13:41:35.000,0.097741,0.110996,0.159273,1,22
2022-03-15 13:41:35.500,0.097001,0.110801,0.159245,1,22
2022-03-15 13:41:36.000,0.098067,0.111248,0.160017,1,22
2022-03-15 13:41:36.500,0.097846,0.111536,0.159714,1,22
2022-03-15 13:41:37.000,0.097353,0.111489,0.159714,1,22
2022-03-15 13:41:37.500,0.098104,0.111563,0.160155,1,22
2022-03-15 13:41:38.000,0.096786,0.110754,0.15885,1,22
2022-03-15 13:41:38.500,0.097001,0.111085,0.159172,1,22
2022-03-15 13:41:39.000,0.097195,0.111101,0.15941,1,22
2022-03-15 13:41:39.500,0.097547,0.111683,0.159659,1,22
2022-03-15 13:41:40.000,0.097673,0.110933,0.159172,1,22
2022-03-15 13:41:40.500,0.097479,0.110901,0.159254,1,22
2022-03-15 13:41:41.000,0.097096,0.111032,0.15975,1,22
2022-03-15 13:41:41.500,0.09803,0.111578,0.160099,1,22
2022-03-15 13:41:42.000,0.097967,0.111347,0.159456,1,22
2022-03-15 13:41:42.500,0.098182,0.112424,0.160476,1,22
2022-03-15 13:41:43.000,0.098146,0.110833,0.159585,1,22
2022-03-15 13:41:43.500,0.096896,0.110849,0.15919,1,22
2022-03-15 13:41:44.000,0.098592,0.112524,0.160292,1,22
2022-03-15 13:41:44.500,0.097043,0.111169,0.158933,1,22
2022-03-15 13:41:45.000,0.09687,0.111557,0.159796,1,22
2022-03-15 13:41:45.500,0.097579,0.110702,0.159943,1,22
2022-03-15 13:41:46.000,0.097852,0.11151,0.160256,1,22
2022-03-15 13:41:46.500,0.096985,0.110927,0.159245,1,22
2022-03-15 13:41:47.000,0.097552,0.11172,0.159337,1,22
2022-03-15 13:41:47.500,0.097558,0.111573,0.159649,1,22
2022-03-15 13:41:48.000,0.09739,0.111038,0.158786,1,22
2022-03-15 13:41:48.500,0.097999,0.111888,0.160017,1,22
2022-03-15 13:41:49.000,0.09813,0.112366,0.160834,1,22
2022-03-15 13:41:49.500,0.097468,0.111542,0.159833,1,22
2022-03-15 13:41:50.000,0.097484,0.109909,0.158363,1,22
2022-03-15 13:41:50.500,0.098014,0.11046,0.15874,1,22
2022-03-15 13:41:51.000,0.097495,0.11046,0.159447,1,22
2022-03-15 13:41:51.500,0.097925,0.111363,0.159815,1,22
2022-03-15 13:41:52.000,0.097999,0.111852,0.159943,1,22
2022-03-15 13:41:52.500,0.097479,0.111232,0.15941,1,22
2022-03-15 13:41:53.000,0.097841,0.111405,0.160274,1,22
2022-03-15 13:41:53.500,0.09666,0.111505,0.159723,1,22
2022-03-15 13:41:54.000,0.096796,0.110077,0.158832,1,22
2022-03-15 13:41:54.500,0.097547,0.110906,0.159787,1,22
2022-03-15 13:41:55.000,0.097306,0.111032,0.159769,1,22
2022-03-15 13:41:55.500,0.09699,0.110376,0.158997,1,22
2022-03-15 13:41:56.000,0.097773,0.110051,0.159686,1,22
2022-03-15 13:41:56.500,0.097369,0.110849,0.159475,1,22
2022-03-15 13:41:57.000,0.096817,0.110366,0.158657,1,22
2022-03-15 13:41:57.500,0.097605,0.111915,0.159842,1,22
2022-03-15 13:41:58.000,0.097747,0.111269,0.159879,1,22
2022-03-15 13:41:58.500,0.09781,0.111778,0.159778,1,22
2022-03-15 13:41:59.000,0.098156,0.111857,0.160522,1,22
2022-03-15 13:41:59.500,0.096901,0.110896,0.159061,1,22
2022-03-15 13:42:00.000,0.097195,0.110397,0.158721,1,22
2022-03-15 13:42:00.500,0.097363,0.11119,0.159659,1,22
2022-03-15 13:42:01.000,0.097153,0.110607,0.158758,1,22
2022-03-15 13:42:01.500,0.097321,0.110654,0.159557,1,22
2022-03-15 13:42:02.000,0.097011,0.110828,0.158988,1,22
2022-03-15 13:42:02.500,0.098644,0.111185,0.159447,1,22
2022-03-15 13:42:03.000,0.09729,0.111127,0.159374,1,22
2022-03-15 13:42:03.500,0.097794,0.11151,0.16066,1,22
2022-03-15 13:42:04.000,0.097174,0.110754,0.158354,1,22
2022-03-15 13:42:04.500,0.098345,0.111731,0.159805,1,22
2022-03-15 13:42:05.000,0.098056,0.111043,0.158758,1,22
2022-03-15 13:42:05.500,0.097017,0.109846,0.158216,1,22
2022-03-15 13:42:06.000,0.097547,0.111127,0.158951,1,22
2022-03-15 13:42:06.500,0.0976,0.111074,0.159309,1,22
2022-03-15 13:42:07.000,0.097474,0.111111,0.158501,1,22
2022-03-15 13:42:07.500,0.097164,0.111085,0.159116,1,22
2022-03-15 13:42:08.000,0.097348,0.110607,0.159723,1,22
2022-03-15 13:42:08.500,0.097311,0.110807,0.159254,1,22
2022-03-15 13:42:09.000,0.097321,0.110754,0.159714,1,22
2022-03-15 13:42:09.500,0.097274,0.110717,0.159236,1,22
2022-03-15 13:42:10.000,0.09699,0.110329,0.158225,1,22
2022-03-15 13:42:10.500,0.097022,0.11078,0.159392,1,22
2022-03-15 13:42:11.000,0.097043,0.110523,0.160329,1,22
2022-03-15 13:42:11.500,0.097568,0.110938,0.158859,1,22
2022-03-15 13:42:12.000,0.097636,0.111048,0.159429,1,22
2022-03-15 13:42:12.500,0.09824,0.111899,0.159787,1,22
2022-03-15 13:42:13.000,0.098014,0.111211,0.159851,1,22
2022-03-15 13:42:13.500,0.098408,0.111888,0.160155,1,22
2022-03-15 13:42:14.000,0.097495,0.111636,0.160008,1,22
2022-03-15 13:42:14.500,0.098466,0.111641,0.15976,1,22
2022-03-15 13:42:15.000,0.097374,0.111059,0.159603,1,22
2022-03-15 13:42:15.500,0.097605,0.111557,0.160008,1,22
2022-03-15 13:42:16.000,0.097694,0.11214,0.159686,1,22
2022-03-15 13:42:16.500,0.097925,0.110696,0.159971,1,22
2022-03-15 13:42:17.000,0.098093,0.112182,0.16043,1,22
2022-03-15 13:42:17.500,0.097589,0.111059,0.160311,1,22
2022-03-15 13:42:18.000,0.097804,0.111867,0.160109,1,22
2022-03-15 13:42:18.500,0.097369,0.111416,0.159208,1,22
2022-03-15 13:42:19.000,0.097894,0.111442,0.160329,1,22
2022-03-15 13:42:19.500,0.098188,0.112256,0.161073,1,22
2022-03-15 13:42:20.000,0.098025,0.111915,0.160228,1,22
2022-03-15 13:42:20.500,0.098072,0.111941,0.160035,1,22
2022-03-15 13:42:21.000,0.097426,0.11161,0.159952,1,22
2022-03-15 13:42:21.500,0.097316,0.111006,0.159355,1,22
2022-03-15 13:42:22.000,0.097794,0.111641,0.159447,1,22
2022-03-15 13:42:22.500,0.098329,0.111857,0.159769,1,22
2022-03-15 13:42:23.000,0.097694,0.111515,0.160393,1,22
2022-03-15 13:42:23.500,0.097815,0.111568,0.159383,1,22
2022-03-15 13:42:24.000,0.097127,0.110434,0.159539,1,22
2022-03-15 13:42:24.500,0.097468,0.111116,0.158887,1,22
2022-03-15 13:42:25.000,0.098261,0.112392,0.160596,1,22
2022-03-15 13:42:25.500,0.098959,0.112361,0.16032,1,22
2022-03-15 13:42:26.000,0.097894,0.111552,0.159126,1,22
2022-03-15 13:42:26.500,0.097447,0.111626,0.159282,1,22
2022-03-15 13:42:27.000,0.098209,0.111232,0.159429,1,22
2022-03-15 13:42:27.500,0.097794,0.110749,0.159254,1,22
2022-03-15 13:42:28.000,0.097636,0.111531,0.159319,1,22
2022-03-15 13:42:28.500,0.097216,0.110612,0.158602,1,22
2022-03-15 13:42:29.000,0.097941,0.11077,0.159034,1,22
2022-03-15 13:42:29.500,0.096849,0.110381,0.15953,1,22
2022-03-15 13:42:30.000,0.097306,0.11098,0.16009,1,22
2022-03-15 13:42:30.500,0.09761,0.111431,0.159181,1,22
2022-03-15 13:42:31.000,0.098014,0.111101,0.159346,1,22
2022-03-15 13:42:31.500,0.097437,0.111521,0.158574,1,22
2022-03-15 13:42:32.000,0.0973,0.111106,0.158602,1,22
2022-03-15 13:42:32.500,0.097432,0.110723,0.159456,1,22
2022-03-15 13:42:33.000,0.097815,0.111368,0.159493,1,22
2022-03-15 13:42:33.500,0.097899,0.111584,0.159576,1,22
2022-03-15 13:42:34.000,0.098676,0.11256,0.160366,1,22
2022-03-15 13:42:34.500,0.098896,0.113043,0.160072,1,22
2022-03-15 13:42:35.000,0.098466,0.111542,0.159475,1,22
2022-03-15 13:42:35.500,0.097747,0.110854,0.159668,1,22
2022-03-15 13:42:36.000,0.097909,0.111804,0.160118,1,22
2022-03-15 13:42:36.500,0.097862,0.111652,0.159153,1,22
2022-03-15 13:42:37.000,0.097064,0.110376,0.159034,1,22
2022-03-15 13:42:37.500,0.098324,0.112492,0.160311,1,22
2022-03-15 13:42:38.000,0.098025,0.111746,0.159263,1,22
2022-03-15 13:42:38.500,0.097185,0.110192,0.158914,1,22
2022-03-15 13:42:39.000,0.097453,0.110812,0.158878,1,22
2022-03-15 13:42:39.500,0.098387,0.111988,0.160201,1,22
2022-03-15 13:42:40.000,0.097873,0.112056,0.159861,1,22
2022-03-15 13:42:40.500,0.097589,0.11119,0.159585,1,22
2022-03-15 13:42:41.000,0.097831,0.111978,0.159769,1,22
2022-03-15 13:42:41.500,0.098161,0.111978,0.160228,1,22
2022-03-15 13:42:42.000,0.097311,0.110849,0.158777,1,22
2022-03-15 13:42:42.500,0.098104,0.112051,0.159989,1,22
2022-03-15 13:42:43.000,0.09813,0.111852,0.16055,1,22
2022-03-15 13:42:43.500,0.097001,0.110996,0.15862,1,22
2022-03-15 13:42:44.000,0.09844,0.112072,0.160164,1,22
2022-03-15 13:42:44.500,0.098172,0.111846,0.158905,1,22
2022-03-15 13:42:45.000,0.097946,0.111925,0.159484,1,22
2022-03-15 13:42:45.500,0.097526,0.110481,0.158997,1,22
2022-03-15 13:42:46.000,0.098235,0.111783,0.159732,1,22
2022-03-15 13:42:46.500,0.09844,0.111221,0.159429,1,22
2022-03-15 13:42:47.000,0.098072,0.110754,0.159548,1,22
2022-03-15 13:42:47.500,0.097668,0.110171,0.158317,1,22
2022-03-15 13:42:48.000,0.09814,0.111767,0.159539,1,22
2022-03-15 13:42:48.500,0.097825,0.111957,0.159328,1,22
2022-03-15 13:42:49.000,0.097474,0.110702,0.159052,1,22
2022-03-15 13:42:49.500,0.097211,0.110675,0.158795,1,22
2022-03-15 13:42:50.000,0.097269,0.110833,0.159025,1,22
2022-03-15 13:42:50.500,0.097621,0.111221,0.158685,1,22
2022-03-15 13:42:51.000,0.097699,0.110975,0.159355,1,22
2022-03-15 13:42:51.500,0.098224,0.11161,0.16077,1,22
2022-03-15 13:42:52.000,0.097526,0.111169,0.158905,1,22
2022-03-15 13:42:52.500,0.097778,0.111106,0.159365,1,22
2022-03-15 13:42:53.000,0.097815,0.111831,0.159236,1,22
2022-03-15 13:42:53.500,0.097516,0.110749,0.159061,1,22
2022-03-15 13:42:54.000,0.097316,0.110654,0.159245,1,22
2022-03-15 13:42:54.500,0.098219,0.112251,0.160338,1,22
2022-03-15 13:42:55.000,0.098083,0.112072,0.160026,1,22
2022-03-15 13:42:55.500,0.096938,0.110513,0.159365,1,22
2022-03-15 13:42:56.000,0.097426,0.110675,0.159061,1,22
2022-03-15 13:42:56.500,0.09803,0.110051,0.159162,1,22
2022-03-15 13:42:57.000,0.097684,0.111006,0.159291,1,22
2022-03-15 13:42:57.500,0.097678,0.111305,0.160072,1,22
2022-03-15 13:42:58.000,0.097925,0.111085,0.159815,1,22
2022-03-15 13:42:58.500,0.09729,0.110392,0.158804,1,22
2022-03-15 13:42:59.000,0.098524,0.112172,0.160522,1,22
2022-03-15 13:42:59.500,0.09739,0.110324,0.159548,1,22
2022-03-15 13:43:00.000,0.097605,0.11078,0.159291,1,22
2022-03-15 13:43:00.500,0.097159,0.111263,0.160026,1,22
2022-03-15 13:43:01.000,0.098235,0.111636,0.160145,1,22
2022-03-15 13:43:01.500,0.097416,0.110948,0.159502,1,22
2022-03-15 13:43:02.000,0.098676,0.111631,0.159962,1,22
2022-03-15 13:43:02.500,0.09792,0.110896,0.16032,1,22
2022-03-15 13:43:03.000,0.097484,0.110182,0.158198,1,22
2022-03-15 13:43:03.500,0.097731,0.110423,0.158574,1,22
2022-03-15 13:43:04.000,0.097311,0.11015,0.158777,1,22
2022-03-15 13:43:04.500,0.097925,0.111011,0.159098,1,22
2022-03-15 13:43:05.000,0.09813,0.111757,0.160256,1,22
2022-03-15 13:43:05.500,0.097684,0.110654,0.159116,1,22
2022-03-15 13:43:06.000,0.096675,0.109788,0.158822,1,22
2022-03-15 13:43:06.500,0.098109,0.111263,0.159861,1,22
2022-03-15 13:43:07.000,0.098461,0.111032,0.159346,1,22
2022-03-15 13:43:07.500,0.097295,0.110859,0.159493,1,22
2022-03-15 13:43:08.000,0.098424,0.11161,0.159208,1,22
2022-03-15 13:43:08.500,0.096192,0.109478,0.158308,1,22
2022-03-15 13:43:09.000,0.097878,0.110523,0.159126,1,22
2022-03-15 13:43:09.500,0.097626,0.111552,0.159613,1,22
2022-03-15 13:43:10.000,0.097762,0.110744,0.159603,1,22
2022-03-15 13:43:10.500,0.097552,0.11077,0.159916,1,22
2022-03-15 13:43:11.000,0.096812,0.110465,0.159594,1,22
2022-03-15 13:43:11.500,0.098434,0.111689,0.160678,1,22
2022-03-15 13:43:12.000,0.097873,0.111788,0.159686,1,22
2022-03-15 13:43:12.500,0.097311,0.1115,0.159907,1,22
2022-03-15 13:43:13.000,0.096912,0.110434,0.158749,1,22
2022-03-15 13:43:13.500,0.097216,0.110119,0.159199,1,22
2022-03-15 13:43:14.000,0.097264,0.109615,0.158859,1,22
2022-03-15 13:43:14.500,0.097474,0.10962,0.159365,1,22
2022-03-15 13:43:15.000,0.096098,0.10961,0.158501,1,22
2022-03-15 13:43:15.500,0.096985,0.109998,0.159052,1,22
2022-03-15 13:43:16.000,0.097337,0.110313,0.158528,1,22
2022-03-15 13:43:16.500,0.097237,0.110245,0.159282,1,22
2022-03-15 13:43:17.000,0.096843,0.109673,0.158924,1,22
2022-03-15 13:43:17.500,0.096975,0.109904,0.159162,1,22
2022-03-15 13:43:18.000,0.096864,0.109657,0.160081,1,22
2022-03-15 13:43:18.500,0.096817,0.109536,0.159227,1,22
2022-03-15 13:43:19.000,0.096927,0.110056,0.159401,1,22
2022-03-15 13:43:19.500,0.096728,0.109772,0.15953,1,22
2022-03-15 13:43:20.000,0.097762,0.110224,0.159668,1,22
2022-03-15 13:43:20.500,0.097363,0.110618,0.159971,1,22
2022-03-15 13:43:21.000,0.09719,0.110156,0.16021,1,22
2022-03-15 13:43:21.500,0.09687,0.110066,0.159282,1,22
2022-03-15 13:43:22.000,0.097306,0.110292,0.160044,1,22
2022-03-15 13:43:22.500,0.097531,0.110476,0.159824,1,22
2022-03-15 13:43:23.000,0.097237,0.109862,0.160458,1,22
2022-03-15 13:43:23.500,0.096665,0.109662,0.160191,1,22
2022-03-15 13:43:24.000,0.096807,0.109951,0.159631,1,22
2022-03-15 13:43:24.500,0.097547,0.109562,0.159172,1,22
2022-03-15 13:43:25.000,0.096828,0.109615,0.159355,1,22
2022-03-15 13:43:25.500,0.09646,0.110192,0.159245,1,22
2022-03-15 13:43:26.000,0.097773,0.110245,0.159383,1,22
2022-03-15 13:43:26.500,0.095494,0.109148,0.159098,1,22
2022-03-15 13:43:27.000,0.097841,0.110927,0.160164,1,22
2022-03-15 13:43:27.500,0.096492,0.109316,0.159512,1,22
2022-03-15 13:43:28.000,0.09719,0.110219,0.159677,1,22
2022-03-15 13:43:28.500,0.096828,0.109657,0.158868,1,22
2022-03-15 13:43:29.000,0.09708,0.109967,0.159861,1,22
2022-03-15 13:43:29.500,0.096765,0.109636,0.159686,1,22
2022-03-15 13:43:30.000,0.097085,0.111011,0.159401,1,22
2022-03-15 13:43:30.500,0.09699,0.109531,0.15964,1,22
2022-03-15 13:43:31.000,0.097027,0.109935,0.158804,1,22
2022-03-15 13:43:31.500,0.09615,0.109389,0.158997,1,22
2022-03-15 13:43:32.000,0.097652,0.110423,0.160311,1,22
2022-03-15 13:43:32.500,0.096639,0.110051,0.15964,1,22
2022-03-15 13:43:33.000,0.097531,0.109972,0.159319,1,22
2022-03-15 13:43:33.500,0.096985,0.110045,0.15919,1,22
2022-03-15 13:43:34.000,0.096854,0.109725,0.159842,1,22
2022-03-15 13:43:34.500,0.096355,0.109499,0.159052,1,22
2022-03-15 13:43:35.000,0.09739,0.110691,0.159622,1,22
2022-03-15 13:43:35.500,0.096985,0.110408,0.159576,1,22
2022-03-15 13:43:36.000,0.097374,0.110124,0.159659,1,22
2022-03-15 13:43:36.500,0.096444,0.109804,0.159392,1,22
2022-03-15 13:43:37.000,0.097143,0.109783,0.159254,1,22
2022-03-15 13:43:37.500,0.096607,0.109683,0.159438,1,22
2022-03-15 13:43:38.000,0.096534,0.110171,0.159989,1,22
2022-03-15 13:43:38.500,0.096261,0.1092,0.158749,1,22
2022-03-15 13:43:39.000,0.096345,0.109221,0.159557,1,22
2022-03-15 13:43:39.500,0.097138,0.110912,0.160256,1,22
2022-03-15 13:43:40.000,0.096717,0.10994,0.159346,1,22
2022-03-15 13:43:40.500,0.096607,0.109888,0.159714,1,22
2022-03-15 13:43:41.000,0.096885,0.110171,0.159392,1,22
2022-03-15 13:43:41.500,0.096555,0.110119,0.159842,1,22
2022-03-15 13:43:42.000,0.097169,0.110639,0.159714,1,22
2022-03-15 13:43:42.500,0.096901,0.109379,0.159273,1,22
2022-03-15 13:43:43.000,0.096539,0.109562,0.159429,1,22
2022-03-15 13:43:43.500,0.098172,0.110555,0.160403,1,22
2022-03-15 13:43:44.000,0.096675,0.110003,0.159769,1,22
2022-03-15 13:43:44.500,0.096229,0.108995,0.159181,1,22
2022-03-15 13:43:45.000,0.098062,0.11108,0.160219,1,22
2022-03-15 13:43:45.500,0.097295,0.10983,0.160017,1,22
2022-03-15 13:43:46.000,0.096927,0.110135,0.159144,1,22
2022-03-15 13:43:46.500,0.09646,0.109704,0.158924,1,22
2022-03-15 13:43:47.000,0.096523,0.109305,0.15998,1,22
2022-03-15 13:43:47.500,0.09635,0.109053,0.159015,1,22
2022-03-15 13:43:48.000,0.096591,0.109704,0.158896,1,22
2022-03-15 13:43:48.500,0.097011,0.1094,0.159447,1,22
2022-03-15 13:43:49.000,0.095982,0.108491,0.159162,1,22
2022-03-15 13:43:49.500,0.096266,0.109211,0.159952,1,22
2022-03-15 13:43:50.000,0.096948,0.109284,0.159603,1,22
2022-03-15 13:43:50.500,0.096455,0.108985,0.159925,1,22
2022-03-15 13:43:51.000,0.096723,0.109132,0.160246,1,22
2022-03-15 13:43:51.500,0.096019,0.107709,0.159135,1,22
2022-03-15 13:43:52.000,0.095568,0.107929,0.15908,1,22
2022-03-15 13:43:52.500,0.095762,0.107473,0.159631,1,22
2022-03-15 13:43:53.000,0.095662,0.108129,0.15964,1,22
2022-03-15 13:43:53.500,0.095541,0.107966,0.159631,1,22
2022-03-15 13:43:54.000,0.09636,0.108412,0.159796,1,22
2022-03-15 13:43:54.500,0.095841,0.108318,0.159787,1,22
2022-03-15 13:43:55.000,0.094665,0.107593,0.159613,1,22
2022-03-15 13:43:55.500,0.095142,0.107914,0.159842,1,22
2022-03-15 13:43:56.000,0.096366,0.108759,0.159254,1,22
2022-03-15 13:43:56.500,0.09593,0.107252,0.159365,1,22
2022-03-15 13:43:57.000,0.095568,0.108003,0.160155,1,22
2022-03-15 13:43:57.500,0.095221,0.106596,0.159126,1,22
2022-03-15 13:43:58.000,0.094833,0.107016,0.159098,1,22
2022-03-15 13:43:58.500,0.096329,0.108334,0.159833,1,22
2022-03-15 13:43:59.000,0.095562,0.107945,0.159355,1,22
2022-03-15 13:43:59.500,0.095825,0.107557,0.158253,1,22
2022-03-15 13:44:00.000,0.096061,0.107861,0.1593,1,22
2022-03-15 13:44:00.500,0.095452,0.107735,0.159769,1,22
2022-03-15 13:44:01.000,0.095846,0.108402,0.160706,1,22
2022-03-15 13:44:01.500,0.095153,0.106995,0.15953,1,22
2022-03-15 13:44:02.000,0.095604,0.107152,0.159181,1,22
2022-03-15 13:44:02.500,0.094827,0.106638,0.158969,1,22
2022-03-15 13:44:03.000,0.095636,0.107378,0.159181,1,22
2022-03-15 13:44:03.500,0.095352,0.107436,0.159787,1,22
2022-03-15 13:44:04.000,0.095205,0.106654,0.15896,1,22
2022-03-15 13:44:04.500,0.09519,0.107021,0.159888,1,22
2022-03-15 13:44:05.000,0.094675,0.106365,0.158979,1,22
2022-03-15 13:44:05.500,0.094964,0.106507,0.159622,1,22
2022-03-15 13:44:06.000,0.095736,0.108092,0.160292,1,22
2022-03-15 13:44:06.500,0.094927,0.106034,0.159218,1,22
2022-03-15 13:44:07.000,0.095373,0.107326,0.159319,1,22
2022-03-15 13:44:07.500,0.09573,0.10731,0.159833,1,22
2022-03-15 13:44:08.000,0.096066,0.107588,0.159778,1,22
2022-03-15 13:44:08.500,0.095641,0.107599,0.159934,1,22
2022-03-15 13:44:09.000,0.095442,0.108176,0.160384,1,22
2022-03-15 13:44:09.500,0.096119,0.108281,0.159649,1,22
2022-03-15 13:44:10.000,0.095568,0.108439,0.159659,1,22
2022-03-15 13:44:10.500,0.096019,0.108197,0.160981,1,22
2022-03-15 13:44:11.000,0.095489,0.107646,0.15976,1,22
2022-03-15 13:44:11.500,0.09531,0.107236,0.159006,1,22
2022-03-15 13:44:12.000,0.09552,0.108108,0.160458,1,22
2022-03-15 13:44:12.500,0.095247,0.106732,0.159245,1,22
2022-03-15 13:44:13.000,0.095163,0.106522,0.159071,1,22
2022-03-15 13:44:13.500,0.096003,0.107026,0.158822,1,22
2022-03-15 13:44:14.000,0.096455,0.108365,0.160348,1,22
2022-03-15 13:44:14.500,0.096077,0.10826,0.160733,1,22
2022-03-15 13:44:15.000,0.096444,0.108397,0.161128,1,22
2022-03-15 13:44:15.500,0.095526,0.107777,0.160605,1,22
2022-03-15 13:44:16.000,0.096003,0.106879,0.158777,1,22
2022-03-15 13:44:16.500,0.09541,0.106927,0.159952,1,22
2022-03-15 13:44:17.000,0.095673,0.106869,0.160292,1,22
2022-03-15 13:44:17.500,0.095856,0.107236,0.159695,1,22
2022-03-15 13:44:18.000,0.094953,0.105451,0.158106,1,22
2022-03-15 13:44:18.500,0.096077,0.107378,0.159282,1,22
2022-03-15 13:44:19.000,0.094628,0.10605,0.159502,1,22
2022-03-15 13:44:19.500,0.094985,0.107173,0.160191,1,22
2022-03-15 13:44:20.000,0.095778,0.107221,0.158951,1,22
2022-03-15 13:44:20.500,0.096082,0.107063,0.159723,1,22
2022-03-15 13:44:21.000,0.095373,0.106402,0.159153,1,22
2022-03-15 13:44:21.500,0.095757,0.107368,0.160201,1,22
2022-03-15 13:44:22.000,0.095106,0.106764,0.159714,1,22
2022-03-15 13:44:22.500,0.096481,0.107509,0.160237,1,22
2022-03-15 13:44:23.000,0.095783,0.107751,0.160081,1,22
2022-03-15 13:44:23.500,0.095751,0.108118,0.159842,1,22
2022-03-15 13:44:24.000,0.095688,0.107604,0.160495,1,22
2022-03-15 13:44:24.500,0.095851,0.107625,0.159695,1,22
2022-03-15 13:44:25.000,0.095337,0.106769,0.160265,1,22
2022-03-15 13:44:25.500,0.095431,0.107578,0.160384,1,22
2022-03-15 13:44:26.000,0.096224,0.108271,0.160265,1,22
2022-03-15 13:44:26.500,0.096198,0.107756,0.159943,1,22
2022-03-15 13:44:27.000,0.095783,0.106916,0.160522,1,22
2022-03-15 13:44:27.500,0.095368,0.106276,0.158777,1,22
2022-03-15 13:44:28.000,0.095709,0.106717,0.159337,1,22
2022-03-15 13:44:28.500,0.096156,0.106895,0.15987,1,22
2022-03-15 13:44:29.000,0.09603,0.106921,0.159061,1,22
2022-03-15 13:44:29.500,0.096019,0.106832,0.1593,1,22
2022-03-15 13:44:30.000,0.095342,0.10678,0.160237,1,22
2022-03-15 13:44:30.500,0.095646,0.10711,0.160292,1,22
2022-03-15 13:44:31.000,0.094833,0.106423,0.159962,1,22
2022-03-15 13:44:31.500,0.096371,0.107326,0.159631,1,22
2022-03-15 13:44:32.000,0.095636,0.105871,0.159466,1,22
2022-03-15 13:44:32.500,0.095415,0.106858,0.159732,1,22
2022-03-15 13:44:33.000,0.0952,0.105819,0.159989,1,22
2022-03-15 13:44:33.500,0.095064,0.106559,0.159456,1,22
2022-03-15 13:44:34.000,0.094701,0.106034,0.160375,1,22
2022-03-15 13:44:34.500,0.095373,0.106459,0.161,1,22
2022-03-15 13:44:35.000,0.094901,0.105787,0.160109,1,22
2022-03-15 13:44:35.500,0.094864,0.10605,0.15987,1,22
2022-03-15 13:44:36.000,0.094822,0.105031,0.159512,1,22
2022-03-15 13:44:36.500,0.094512,0.104569,0.159401,1,22
2022-03-15 13:44:37.000,0.094985,0.105845,0.160008,1,22
2022-03-15 13:44:37.500,0.094271,0.105635,0.159374,1,22
2022-03-15 13:44:38.000,0.094077,0.105131,0.15964,1,22
2022-03-15 13:44:38.500,0.094029,0.105262,0.159613,1,22
2022-03-15 13:44:39.000,0.093819,0.104217,0.159613,1,22
2022-03-15 13:44:39.500,0.094313,0.104049,0.159594,1,22
2022-03-15 13:44:40.000,0.093615,0.103703,0.159447,1,22
2022-03-15 13:44:40.500,0.094182,0.103761,0.159787,1,22
2022-03-15 13:44:41.000,0.094586,0.104637,0.160697,1,22
2022-03-15 13:44:41.500,0.094392,0.104564,0.159456,1,22
2022-03-15 13:44:42.000,0.09425,0.103965,0.15975,1,22
2022-03-15 13:44:42.500,0.094103,0.103997,0.160182,1,22
2022-03-15 13:44:43.000,0.093299,0.10407,0.160495,1,22
2022-03-15 13:44:43.500,0.093651,0.103635,0.160017,1,22
2022-03-15 13:44:44.000,0.093961,0.10395,0.160632,1,22
2022-03-15 13:44:44.500,0.09341,0.103645,0.159383,1,22
2022-03-15 13:44:45.000,0.093131,0.102947,0.159172,1,22
2022-03-15 13:44:45.500,0.093362,0.103535,0.15998,1,22
2022-03-15 13:44:46.000,0.09311,0.102831,0.159355,1,22
2022-03-15 13:44:46.500,0.09352,0.103136,0.159254,1,22
2022-03-15 13:44:47.000,0.093483,0.104055,0.161165,1,22
2022-03-15 13:44:47.500,0.092249,0.102238,0.159704,1,22
2022-03-15 13:44:48.000,0.092344,0.102805,0.160155,1,22
2022-03-15 13:44:48.500,0.092921,0.102301,0.15975,1,22
2022-03-15 13:44:49.000,0.09372,0.104128,0.161211,1,22
2022-03-15 13:44:49.500,0.093016,0.102401,0.15964,1,22
2022-03-15 13:44:50.000,0.092344,0.101723,0.159778,1,22
2022-03-15 13:44:50.500,0.092328,0.102333,0.16054,1,22
2022-03-15 13:44:51.000,0.092008,0.101587,0.160109,1,22
2022-03-15 13:44:51.500,0.09236,0.10154,0.16032,1,22
2022-03-15 13:44:52.000,0.092213,0.101692,0.16066,1,22
2022-03-15 13:44:52.500,0.092249,0.101445,0.159254,1,22
2022-03-15 13:44:53.000,0.091987,0.100805,0.16021,1,22
2022-03-15 13:44:53.500,0.091373,0.10061,0.159888,1,22
2022-03-15 13:44:54.000,0.090722,0.100432,0.159328,1,22
2022-03-15 13:44:54.500,0.092328,0.100873,0.159548,1,22
2022-03-15 13:44:55.000,0.091919,0.101083,0.159309,1,22
2022-03-15 13:44:55.500,0.09174,0.101272,0.160164,1,22
2022-03-15 13:44:56.000,0.092307,0.101188,0.160044,1,22
2022-03-15 13:44:56.500,0.091955,0.101109,0.160127,1,22
2022-03-15 13:44:57.000,0.092013,0.100988,0.160173,1,22
2022-03-15 13:44:57.500,0.091178,0.100978,0.160072,1,22
2022-03-15 13:44:58.000,0.092008,0.101435,0.160697,1,22
2022-03-15 13:44:58.500,0.092087,0.100815,0.160825,1,22
2022-03-15 13:44:59.000,0.091367,0.10082,0.159989,1,22
2022-03-15 13:44:59.500,0.092213,0.101513,0.161128,1,22
2022-03-15 13:45:00.000,0.091766,0.100726,0.161009,1,22
2022-03-15 13:45:00.500,0.090937,0.100154,0.160063,1,22
2022-03-15 13:45:01.000,0.091835,0.101419,0.160081,1,22
2022-03-15 13:45:01.500,0.091215,0.100642,0.159162,1,22
2022-03-15 13:45:02.000,0.091887,0.100505,0.159778,1,22
2022-03-15 13:45:02.500,0.091609,0.101088,0.160283,1,22
2022-03-15 13:45:03.000,0.091861,0.100715,0.160081,1,22
2022-03-15 13:45:03.500,0.092218,0.101219,0.159934,1,22
2022-03-15 13:45:04.000,0.091409,0.10081,0.158648,1,22
2022-03-15 13:45:04.500,0.0909,0.099634,0.159162,1,22
2022-03-15 13:45:05.000,0.091436,0.10028,0.160366,1,22
2022-03-15 13:45:05.500,0.092879,0.100967,0.161174,1,22
2022-03-15 13:45:06.000,0.091268,0.100385,0.159962,1,22
2022-03-15 13:45:06.500,0.090128,0.100437,0.159998,1,22
2022-03-15 13:45:07.000,0.090874,0.100001,0.159512,1,22
2022-03-15 13:45:07.500,0.091394,0.100421,0.159851,1,22
2022-03-15 13:45:08.000,0.090554,0.099513,0.158878,1,22
2022-03-15 13:45:08.500,0.090596,0.099371,0.160329,1,22
2022-03-15 13:45:09.000,0.091152,0.100175,0.159815,1,22
2022-03-15 13:45:09.500,0.092696,0.100715,0.161873,1,22
2022-03-15 13:45:10.000,0.091772,0.100941,0.160081,1,22
2022-03-15 13:45:10.500,0.092328,0.100841,0.160522,1,22
2022-03-15 13:45:11.000,0.091829,0.100663,0.160348,1,22
2022-03-15 13:45:11.500,0.091625,0.100374,0.160008,1,22
2022-03-15 13:45:12.000,0.091063,0.099503,0.158933,1,22
2022-03-15 13:45:12.500,0.091005,0.100211,0.159833,1,22
2022-03-15 13:45:13.000,0.091467,0.100852,0.159805,1,22
2022-03-15 13:45:13.500,0.091446,0.100253,0.159796,1,22
2022-03-15 13:45:14.000,0.090905,0.099991,0.159704,1,22
2022-03-15 13:45:14.500,0.091488,0.099933,0.159475,1,22
2022-03-15 13:45:15.000,0.090774,0.1007,0.160476,1,22
2022-03-15 13:45:15.500,0.09122,0.099592,0.159126,1,22
2022-03-15 13:45:16.000,0.091346,0.100474,0.159098,1,22
2022-03-15 13:45:16.500,0.090848,0.09923,0.159107,1,22
2022-03-15 13:45:17.000,0.091409,0.099256,0.159447,1,22
2022-03-15 13:45:17.500,0.091535,0.099781,0.159714,1,22
2022-03-15 13:45:18.000,0.09101,0.10008,0.159842,1,22
2022-03-15 13:45:18.500,0.090706,0.100038,0.159328,1,22
2022-03-15 13:45:19.000,0.091289,0.100007,0.160568,1,22
2022-03-15 13:45:19.500,0.091551,0.100747,0.159273,1,22
2022-03-15 13:45:20.000,0.0908,0.09913,0.160035,1,22
2022-03-15 13:45:20.500,0.091835,0.100075,0.160908,1,22
2022-03-15 13:45:21.000,0.091231,0.100516,0.160063,1,22
2022-03-15 13:45:21.500,0.09152,0.100563,0.15987,1,22
2022-03-15 13:45:22.000,0.091178,0.09913,0.159567,1,22
2022-03-15 13:45:22.500,0.091961,0.099676,0.160559,1,22
2022-03-15 13:45:23.000,0.091325,0.099933,0.159521,1,22
2022-03-15 13:45:23.500,0.091262,0.100469,0.160687,1,22
2022-03-15 13:45:24.000,0.091567,0.099891,0.160467,1,22
2022-03-15 13:45:24.500,0.091052,0.099382,0.159346,1,22
2022-03-15 13:45:25.000,0.091514,0.099839,0.160127,1,22
2022-03-15 13:45:25.500,0.091126,0.099403,0.160596,1,22
2022-03-15 13:45:26.000,0.091472,0.099807,0.159815,1,22
2022-03-15 13:45:26.500,0.091976,0.100201,0.160044,1,22
2022-03-15 13:45:27.000,0.091115,0.099954,0.1593,1,22
2022-03-15 13:45:27.500,0.091462,0.100537,0.161147,1,22
2022-03-15 13:45:28.000,0.091934,0.100448,0.161064,1,22
2022-03-15 13:45:28.500,0.091593,0.100458,0.159925,1,22
2022-03-15 13:45:29.000,0.091394,0.099686,0.159355,1,22
2022-03-15 13:45:29.500,0.090527,0.099093,0.158418,1,22
2022-03-15 13:45:30.000,0.091961,0.100474,0.160669,1,22
2022-03-15 13:45:30.500,0.091257,0.099214,0.159199,1,22
2022-03-15 13:45:31.000,0.09152,0.10008,0.16054,1,22
2022-03-15 13:45:31.500,0.091499,0.099356,0.159254,1,22
2022-03-15 13:45:32.000,0.091499,0.1004,0.159971,1,22
2022-03-15 13:45:32.500,0.090674,0.098925,0.158832,1,22
2022-03-15 13:45:33.000,0.092307,0.100322,0.160228,1,22
2022-03-15 13:45:33.500,0.091688,0.100127,0.159447,1,22
2022-03-15 13:45:34.000,0.090522,0.099555,0.159631,1,22
2022-03-15 13:45:34.500,0.090974,0.099702,0.159346,1,22
2022-03-15 13:45:35.000,0.09163,0.100915,0.160136,1,22
2022-03-15 13:45:35.500,0.091404,0.099707,0.159475,1,22
2022-03-15 13:45:36.000,0.091362,0.100012,0.159576,1,22
2022-03-15 13:45:36.500,0.091472,0.099828,0.160017,1,22
2022-03-15 13:45:37.000,0.091677,0.100259,0.158979,1,22
2022-03-15 13:45:37.500,0.091756,0.100101,0.159805,1,22
2022-03-15 13:45:38.000,0.091184,0.1005,0.159153,1,22
2022-03-15 13:45:38.500,0.091367,0.100826,0.160467,1,22
2022-03-15 13:45:39.000,0.090674,0.099293,0.15976,1,22
2022-03-15 13:45:39.500,0.090932,0.100075,0.159879,1,22
2022-03-15 13:45:40.000,0.09174,0.100421,0.159631,1,22
2022-03-15 13:45:40.500,0.090863,0.099965,0.160237,1,22
2022-03-15 13:45:41.000,0.090606,0.099938,0.160614,1,22
2022-03-15 13:45:41.500,0.091236,0.100269,0.160191,1,22
2022-03-15 13:45:42.000,0.090674,0.09944,0.160651,1,22
2022-03-15 13:45:42.500,0.090753,0.099634,0.159594,1,22
2022-03-15 13:45:43.000,0.091803,0.100295,0.159897,1,22
2022-03-15 13:45:43.500,0.090974,0.09976,0.159686,1,22
2022-03-15 13:45:44.000,0.091126,0.099629,0.160155,1,22
2022-03-15 13:45:44.500,0.091499,0.099707,0.160789,1,22
2022-03-15 13:45:45.000,0.090512,0.099686,0.160495,1,22
2022-03-15 13:45:45.500,0.090811,0.100017,0.16054,1,22
2022-03-15 13:45:46.000,0.091168,0.099109,0.1593,1,22
2022-03-15 13:45:46.500,0.09142,0.100358,0.160228,1,22
2022-03-15 13:45:47.000,0.090774,0.099833,0.159851,1,22
2022-03-15 13:45:47.500,0.091273,0.100159,0.16009,1,22
2022-03-15 13:45:48.000,0.09163,0.09998,0.15919,1,22
2022-03-15 13:45:48.500,0.091278,0.100432,0.159052,1,22
2022-03-15 13:45:49.000,0.090932,0.099256,0.158685,1,22
2022-03-15 13:45:49.500,0.091409,0.099975,0.160531,1,22
2022-03-15 13:45:50.000,0.090963,0.09965,0.159512,1,22
2022-03-15 13:45:50.500,0.09185,0.100458,0.159815,1,22
2022-03-15 13:45:51.000,0.091929,0.101209,0.160008,1,22
2022-03-15 13:45:51.500,0.091068,0.100364,0.159493,1,22
2022-03-15 13:45:52.000,0.09037,0.099119,0.159447,1,22
2022-03-15 13:45:52.500,0.091651,0.100904,0.160724,1,22
2022-03-15 13:45:53.000,0.091745,0.100479,0.16077,1,22
2022-03-15 13:45:53.500,0.091635,0.100616,0.160329,1,22
2022-03-15 13:45:54.000,0.091441,0.100285,0.160338,1,22
2022-03-15 13:45:54.500,0.091331,0.100469,0.159447,1,22
2022-03-15 13:45:55.000,0.090937,0.100148,0.159934,1,22
2022-03-15 13:45:55.500,0.09153,0.100768,0.160439,1,22
2022-03-15 13:45:56.000,0.090748,0.099881,0.159622,1,22
2022-03-15 13:45:56.500,0.091651,0.100883,0.159622,1,22
2022-03-15 13:45:57.000,0.09153,0.100668,0.160348,1,22
2022-03-15 13:45:57.500,0.091178,0.100311,0.160145,1,22
2022-03-15 13:45:58.000,0.090968,0.100841,0.16054,1,22
2022-03-15 13:45:58.500,0.091924,0.100815,0.161064,1,22
2022-03-15 13:45:59.000,0.091409,0.100831,0.159861,1,22
2022-03-15 13:45:59.500,0.091472,0.100631,0.160145,1,22
2022-03-15 13:46:00.000,0.090879,0.100133,0.159539,1,22
2022-03-15 13:46:00.500,0.09122,0.100022,0.160145,1,22
2022-03-15 13:46:01.000,0.091609,0.100563,0.160265,1,22
2022-03-15 13:46:01.500,0.091289,0.100784,0.16021,1,22
2022-03-15 13:46:02.000,0.09089,0.099681,0.159714,1,22
2022-03-15 13:46:02.500,0.091058,0.09976,0.160191,1,22
2022-03-15 13:46:03.000,0.091357,0.099692,0.160292,1,22
2022-03-15 13:46:03.500,0.0911,0.099497,0.159934,1,22
2022-03-15 13:46:04.000,0.092402,0.100742,0.161083,1,22
2022-03-15 13:46:04.500,0.091136,0.09977,0.160155,1,22
2022-03-15 13:46:05.000,0.090281,0.099235,0.159208,1,22
2022-03-15 13:46:05.500,0.091714,0.099802,0.159741,1,22
2022-03-15 13:46:06.000,0.091383,0.100232,0.160348,1,22
2022-03-15 13:46:06.500,0.090937,0.099471,0.159594,1,22
2022-03-15 13:46:07.000,0.091231,0.100148,0.159934,1,22
2022-03-15 13:46:07.500,0.091551,0.100411,0.160017,1,22
2022-03-15 13:46:08.000,0.0911,0.100243,0.15976,1,22
2022-03-15 13:46:08.500,0.090601,0.099692,0.159842,1,22
2022-03-15 13:46:09.000,0.090979,0.099707,0.159952,1,22
2022-03-15 13:46:09.500,0.091782,0.100805,0.159916,1,22
2022-03-15 13:46:10.000,0.091572,0.100222,0.160412,1,22
2022-03-15 13:46:10.500,0.09194,0.10061,0.161266,1,22
2022-03-15 13:46:11.000,0.091446,0.099902,0.158942,1,22
2022-03-15 13:46:11.500,0.091929,0.100532,0.159907,1,22
2022-03-15 13:46:12.000,0.091315,0.099371,0.159052,1,22
2022-03-15 13:46:12.500,0.091887,0.100658,0.160853,1,22
2022-03-15 13:46:13.000,0.091404,0.099734,0.159934,1,22
2022-03-15 13:46:13.500,0.090989,0.100022,0.159337,1,22
2022-03-15 13:46:14.000,0.092407,0.100805,0.160871,1,22
2022-03-15 13:46:14.500,0.09226,0.100726,0.160789,1,22
2022-03-15 13:46:15.000,0.091378,0.100028,0.160403,1,22
2022-03-15 13:46:15.500,0.092706,0.100542,0.160908,1,22
2022-03-15 13:46:16.000,0.090244,0.099377,0.158786,1,22
2022-03-15 13:46:16.500,0.092097,0.101114,0.160789,1,22
2022-03-15 13:46:17.000,0.091357,0.099991,0.159815,1,22
2022-03-15 13:46:17.500,0.09059,0.099896,0.160467,1,22
2022-03-15 13:46:18.000,0.090979,0.100054,0.160687,1,22
2022-03-15 13:46:18.500,0.091551,0.09987,0.160614,1,22
2022-03-15 13:46:19.000,0.092181,0.10113,0.160476,1,22
2022-03-15 13:46:19.500,0.091892,0.101072,0.161119,1,22
2022-03-15 13:46:20.000,0.092386,0.100542,0.160678,1,22
2022-03-15 13:46:20.500,0.090968,0.099629,0.159668,1,22
2022-03-15 13:46:21.000,0.091241,0.099371,0.159787,1,22
2022-03-15 13:46:21.500,0.091593,0.100301,0.160191,1,22
2022-03-15 13:46:22.000,0.090869,0.09882,0.159888,1,22
2022-03-15 13:46:22.500,0.091226,0.100217,0.160292,1,22
2022-03-15 13:46:23.000,0.091194,0.099839,0.161064,1,22
2022-03-15 13:46:23.500,0.090606,0.09934,0.16055,1,22
2022-03-15 13:46:24.000,0.090564,0.098662,0.159337,1,22
2022-03-15 13:46:24.500,0.091992,0.099923,0.161027,1,22
2022-03-15 13:46:25.000,0.090895,0.099613,0.161202,1,22
2022-03-15 13:46:25.500,0.089598,0.098689,0.15941,1,22
2022-03-15 13:46:26.000,0.090895,0.099088,0.16055,1,22
2022-03-15 13:46:26.500,0.090758,0.09955,0.16032,1,22
2022-03-15 13:46:27.000,0.091026,0.099503,0.159695,1,22
2022-03-15 13:46:27.500,0.09069,0.099602,0.160467,1,22
2022-03-15 13:46:28.000,0.091257,0.099445,0.159456,1,22
2022-03-15 13:46:28.500,0.09216,0.099986,0.160109,1,22
2022-03-15 13:46:29.000,0.091451,0.09987,0.159695,1,22
2022-03-15 13:46:29.500,0.091404,0.099602,0.159677,1,22
2022-03-15 13:46:30.000,0.091178,0.098825,0.158868,1,22
2022-03-15 13:46:30.500,0.091877,0.100484,0.161349,1,22
2022-03-15 13:46:31.000,0.091262,0.100469,0.160164,1,22
2022-03-15 13:46:31.500,0.091367,0.100316,0.160816,1,22
2022-03-15 13:46:32.000,0.091205,0.099839,0.160917,1,22
2022-03-15 13:46:32.500,0.09047,0.099482,0.160173,1,22
2022-03-15 13:46:33.000,0.091278,0.100537,0.160917,1,22
2022-03-15 13:46:33.500,0.090968,0.100143,0.161037,1,22
2022-03-15 13:46:34.000,0.090685,0.100311,0.160246,1,22
2022-03-15 13:46:34.500,0.091304,0.100595,0.16111,1,22
2022-03-15 13:46:35.000,0.090947,0.100285,0.160219,1,22
2022-03-15 13:46:35.500,0.090344,0.099303,0.159282,1,22
2022-03-15 13:46:36.000,0.091131,0.099776,0.160504,1,22
2022-03-15 13:46:36.500,0.091766,0.100763,0.160504,1,22
2022-03-15 13:46:37.000,0.0908,0.100169,0.15987,1,22
2022-03-15 13:46:37.500,0.092087,0.101004,0.161716,1,22
2022-03-15 13:46:38.000,0.090916,0.100421,0.16009,1,22
2022-03-15 13:46:38.500,0.090701,0.099014,0.159319,1,22
2022-03-15 13:46:39.000,0.090874,0.10029,0.159512,1,22
2022-03-15 13:46:39.500,0.091546,0.09997,0.159539,1,22
2022-03-15 13:46:40.000,0.091808,0.100511,0.161248,1,22
2022-03-15 13:46:40.500,0.091126,0.099534,0.160063,1,22
2022-03-15 13:46:41.000,0.091756,0.100589,0.159971,1,22
2022-03-15 13:46:41.500,0.091651,0.100705,0.161386,1,22
2022-03-15 13:46:42.000,0.090538,0.10018,0.160614,1,22
2022-03-15 13:46:42.500,0.092171,0.100962,0.16054,1,22
2022-03-15 13:46:43.000,0.091357,0.100295,0.159796,1,22
2022-03-15 13:46:43.500,0.091514,0.100196,0.159126,1,22
2022-03-15 13:46:44.000,0.091031,0.100474,0.159989,1,22
2022-03-15 13:46:44.500,0.091152,0.100122,0.159695,1,22
2022-03-15 13:46:45.000,0.090821,0.099345,0.158951,1,22
2022-03-15 13:46:45.500,0.091604,0.101303,0.159199,1,22
2022-03-15 13:46:46.000,0.091436,0.099902,0.159383,1,22
2022-03-15 13:46:46.500,0.091294,0.100148,0.15987,1,22
2022-03-15 13:46:47.000,0.090984,0.10018,0.15998,1,22
2022-03-15 13:46:47.500,0.090564,0.10028,0.160228,1,22
2022-03-15 13:46:48.000,0.091499,0.101099,0.160513,1,22
2022-03-15 13:46:48.500,0.091514,0.100994,0.160329,1,22
2022-03-15 13:46:49.000,0.090806,0.100757,0.160963,1,22
2022-03-15 13:46:49.500,0.090932,0.100217,0.159833,1,22
2022-03-15 13:46:50.000,0.090365,0.099812,0.160182,1,22
2022-03-15 13:46:50.500,0.090097,0.099844,0.160283,1,22
2022-03-15 13:46:51.000,0.091016,0.100973,0.160329,1,22
2022-03-15 13:46:51.500,0.092013,0.100831,0.159659,1,22
2022-03-15 13:46:52.000,0.090701,0.100012,0.159355,1,22
2022-03-15 13:46:52.500,0.090853,0.100689,0.160191,1,22
2022-03-15 13:46:53.000,0.090433,0.099618,0.159622,1,22
2022-03-15 13:46:53.500,0.09143,0.100983,0.161165,1,22
2022-03-15 13:46:54.000,0.09079,0.099539,0.159851,1,22
2022-03-15 13:46:54.500,0.090968,0.100269,0.160283,1,22
2022-03-15 13:46:55.000,0.090176,0.099361,0.159052,1,22
2022-03-15 13:46:55.500,0.090585,0.100122,0.159484,1,22
2022-03-15 13:46:56.000,0.091546,0.100637,0.160789,1,22
2022-03-15 13:46:56.500,0.091205,0.099896,0.159778,1,22
2022-03-15 13:46:57.000,0.091808,0.101041,0.161073,1,22
2022-03-15 13:46:57.500,0.090065,0.099907,0.160246,1,22
2022-03-15 13:46:58.000,0.091598,0.100784,0.160375,1,22
2022-03-15 13:46:58.500,0.092412,0.101356,0.16088,1,22
2022-03-15 13:46:59.000,0.090669,0.100652,0.160063,1,22
2022-03-15 13:46:59.500,0.092192,0.101729,0.161,1,22
2022-03-15 13:47:00.000,0.090722,0.100059,0.160504,1,22
2022-03-15 13:47:00.500,0.090785,0.100369,0.160026,1,22
2022-03-15 13:47:01.000,0.091089,0.099991,0.160458,1,22
2022-03-15 13:47:01.500,0.090853,0.100043,0.159466,1,22
2022-03-15 13:47:02.000,0.091604,0.100668,0.160522,1,22
2022-03-15 13:47:02.500,0.092045,0.101324,0.161818,1,22
2022-03-15 13:47:03.000,0.092522,0.101193,0.160697,1,22
2022-03-15 13:47:03.500,0.091446,0.099986,0.160256,1,22
2022-03-15 13:47:04.000,0.091436,0.100532,0.160302,1,22
2022-03-15 13:47:04.500,0.092312,0.101839,0.159879,1,22
2022-03-15 13:47:05.000,0.092034,0.101188,0.159521,1,22
2022-03-15 13:47:05.500,0.091194,0.1007,0.159815,1,22
2022-03-15 13:47:06.000,0.092029,0.101156,0.161138,1,22
2022-03-15 13:47:06.500,0.09152,0.100747,0.160522,1,22
2022-03-15 13:47:07.000,0.091646,0.100673,0.160017,1,22
2022-03-15 13:47:07.500,0.091871,0.101246,0.160899,1,22
2022-03-15 13:47:08.000,0.091478,0.101036,0.16021,1,22
2022-03-15 13:47:08.500,0.091467,0.100668,0.160366,1,22
2022-03-15 13:47:09.000,0.092144,0.101666,0.160476,1,22
2022-03-15 13:47:09.500,0.091866,0.101366,0.16066,1,22
2022-03-15 13:47:10.000,0.091572,0.100658,0.161064,1,22
2022-03-15 13:47:10.500,0.091609,0.101104,0.160853,1,22
2022-03-15 13:47:11.000,0.09194,0.10166,0.16009,1,22
2022-03-15 13:47:11.500,0.091194,0.100694,0.159907,1,22
2022-03-15 13:47:12.000,0.090963,0.099912,0.159135,1,22
2022-03-15 13:47:12.500,0.091551,0.100311,0.160348,1,22
2022-03-15 13:47:13.000,0.091126,0.100526,0.159714,1,22
2022-03-15 13:47:13.500,0.091488,0.101587,0.160237,1,22
2022-03-15 13:47:14.000,0.091304,0.100883,0.160219,1,22
2022-03-15 13:47:14.500,0.091903,0.10155,0.160752,1,22
2022-03-15 13:47:15.000,0.092297,0.100978,0.160642,1,22
2022-03-15 13:47:15.500,0.091814,0.101771,0.160072,1,22
2022-03-15 13:47:16.000,0.091793,0.101314,0.16055,1,22
2022-03-15 13:47:16.500,0.092155,0.102317,0.161083,1,22
2022-03-15 13:47:17.000,0.091929,0.101555,0.160127,1,22
2022-03-15 13:47:17.500,0.09206,0.102059,0.161671,1,22
2022-03-15 13:47:18.000,0.092381,0.101849,0.161597,1,22
2022-03-15 13:47:18.500,0.09236,0.101918,0.160862,1,22
2022-03-15 13:47:19.000,0.092375,0.102385,0.16179,1,22
2022-03-15 13:47:19.500,0.09111,0.100133,0.160035,1,22
2022-03-15 13:47:20.000,0.091446,0.100967,0.160155,1,22
2022-03-15 13:47:20.500,0.091583,0.101057,0.16009,1,22
2022-03-15 13:47:21.000,0.092102,0.102212,0.160384,1,22
2022-03-15 13:47:21.500,0.093016,0.102396,0.160697,1,22
2022-03-15 13:47:22.000,0.092302,0.102149,0.160623,1,22
2022-03-15 13:47:22.500,0.092291,0.101429,0.160329,1,22
2022-03-15 13:47:23.000,0.092281,0.102185,0.160559,1,22
2022-03-15 13:47:23.500,0.09195,0.100925,0.159429,1,22
2022-03-15 13:47:24.000,0.092832,0.102222,0.160577,1,22
2022-03-15 13:47:24.500,0.092795,0.102138,0.159576,1,22
2022-03-15 13:47:25.000,0.092853,0.102091,0.160807,1,22
2022-03-15 13:47:25.500,0.093063,0.101828,0.159851,1,22
2022-03-15 13:47:26.000,0.093179,0.10259,0.160761,1,22
2022-03-15 13:47:26.500,0.09289,0.102348,0.160577,1,22
2022-03-15 13:47:27.000,0.093163,0.101834,0.160035,1,22
2022-03-15 13:47:27.500,0.092885,0.101933,0.160375,1,22
2022-03-15 13:47:28.000,0.093452,0.102464,0.160219,1,22
2022-03-15 13:47:28.500,0.093588,0.102774,0.160899,1,22
2022-03-15 13:47:29.000,0.093536,0.102595,0.160412,1,22
2022-03-15 13:47:29.500,0.093557,0.102427,0.159603,1,22
2022-03-15 13:47:30.000,0.094239,0.103346,0.161009,1,22
2022-03-15 13:47:30.500,0.093903,0.103335,0.160384,1,22
2022-03-15 13:47:31.000,0.093777,0.102968,0.160136,1,22
2022-03-15 13:47:31.500,0.093399,0.102968,0.159952,1,22
2022-03-15 13:47:32.000,0.09362,0.102989,0.160513,1,22
2022-03-15 13:47:32.500,0.095405,0.10385,0.160476,1,22
2022-03-15 13:47:33.000,0.096177,0.104317,0.159787,1,22
2022-03-15 13:47:33.500,0.096108,0.105231,0.160384,1,22
2022-03-15 13:47:34.000,0.096507,0.105919,0.161312,1,22
2022-03-15 13:47:34.500,0.095925,0.104874,0.160596,1,22
2022-03-15 13:47:35.000,0.096308,0.105614,0.161083,1,22
2022-03-15 13:47:35.500,0.095631,0.103944,0.160596,1,22
2022-03-15 13:47:36.000,0.095489,0.103939,0.159594,1,22
2022-03-15 13:47:36.500,0.095804,0.104207,0.15941,1,22
2022-03-15 13:47:37.000,0.095825,0.104023,0.159613,1,22
2022-03-15 13:47:37.500,0.096219,0.104637,0.16077,1,22
2022-03-15 13:47:38.000,0.096833,0.105761,0.161432,1,22
2022-03-15 13:47:38.500,0.096702,0.105814,0.161128,1,22
2022-03-15 13:47:39.000,0.095184,0.104076,0.158914,1,22
2022-03-15 13:47:39.500,0.09594,0.104853,0.160467,1,22
2022-03-15 13:47:40.000,0.095326,0.104254,0.160384,1,22
2022-03-15 13:47:40.500,0.095956,0.103876,0.160008,1,22
2022-03-15 13:47:41.000,0.095494,0.104396,0.159907,1,22
2022-03-15 13:47:41.500,0.095783,0.104847,0.160651,1,22
2022-03-15 13:47:42.000,0.09603,0.105189,0.160513,1,22
2022-03-15 13:47:42.500,0.096318,0.104433,0.160348,1,22
2022-03-15 13:47:43.000,0.09541,0.10312,0.159162,1,22
2022-03-15 13:47:43.500,0.096119,0.104674,0.161202,1,22
2022-03-15 13:47:44.000,0.095226,0.104291,0.159484,1,22
2022-03-15 13:47:44.500,0.096213,0.104574,0.159962,1,22
2022-03-15 13:47:45.000,0.097458,0.105835,0.160651,1,22
2022-03-15 13:47:45.500,0.098188,0.105861,0.160191,1,22
2022-03-15 13:47:46.000,0.099442,0.107231,0.160632,1,22
2022-03-15 13:47:46.500,0.098371,0.10678,0.161625,1,22
2022-03-15 13:47:47.000,0.099437,0.107257,0.161027,1,22
2022-03-15 13:47:47.500,0.098681,0.106811,0.160981,1,22
2022-03-15 13:47:48.000,0.098182,0.10636,0.160283,1,22
2022-03-15 13:47:48.500,0.098167,0.106711,0.161037,1,22
2022-03-15 13:47:49.000,0.097967,0.106785,0.160678,1,22
2022-03-15 13:47:49.500,0.099222,0.107326,0.161367,1,22
2022-03-15 13:47:50.000,0.097726,0.105814,0.159897,1,22
2022-03-15 13:47:50.500,0.097426,0.105362,0.160081,1,22
2022-03-15 13:47:51.000,0.09877,0.10636,0.16009,1,22
2022-03-15 13:47:51.500,0.097862,0.105803,0.159888,1,22
2022-03-15 13:47:52.000,0.098041,0.106108,0.159741,1,22
2022-03-15 13:47:52.500,0.098041,0.105945,0.160476,1,22
2022-03-15 13:47:53.000,0.097946,0.105866,0.159907,1,22
2022-03-15 13:47:53.500,0.098791,0.107205,0.160476,1,22
2022-03-15 13:47:54.000,0.097988,0.106885,0.160669,1,22
2022-03-15 13:47:54.500,0.098482,0.10678,0.160899,1,22
2022-03-15 13:47:55.000,0.098214,0.106244,0.160789,1,22
2022-03-15 13:47:55.500,0.098114,0.106339,0.160412,1,22
2022-03-15 13:47:56.000,0.097332,0.10533,0.160412,1,22
2022-03-15 13:47:56.500,0.098193,0.106123,0.160155,1,22
2022-03-15 13:47:57.000,0.098623,0.106207,0.159916,1,22
2022-03-15 13:47:57.500,0.098692,0.106255,0.160145,1,22
2022-03-15 13:47:58.000,0.098135,0.106307,0.160008,1,22
2022-03-15 13:47:58.500,0.09907,0.107079,0.161432,1,22
2022-03-15 13:47:59.000,0.098839,0.106822,0.16088,1,22
2022-03-15 13:47:59.500,0.099201,0.106927,0.160706,1,22
2022-03-15 13:48:00.000,0.098786,0.10678,0.160384,1,22
2022-03-15 13:48:00.500,0.099463,0.107278,0.161441,1,22
2022-03-15 13:48:01.000,0.099175,0.10721,0.160228,1,22
2022-03-15 13:48:01.500,0.09876,0.10657,0.160669,1,22
2022-03-15 13:48:02.000,0.098592,0.106732,0.161138,1,22
2022-03-15 13:48:02.500,0.098991,0.106785,0.161147,1,22
2022-03-15 13:48:03.000,0.098009,0.105661,0.160495,1,22
2022-03-15 13:48:03.500,0.099096,0.107221,0.160623,1,22
2022-03-15 13:48:04.000,0.098156,0.105892,0.160237,1,22
2022-03-15 13:48:04.500,0.099243,0.106843,0.160844,1,22
2022-03-15 13:48:05.000,0.099211,0.106869,0.161395,1,22
2022-03-15 13:48:05.500,0.099553,0.107903,0.161698,1,22
2022-03-15 13:48:06.000,0.098266,0.10594,0.160458,1,22
2022-03-15 13:48:06.500,0.098172,0.106055,0.160586,1,22
2022-03-15 13:48:07.000,0.098587,0.106659,0.160834,1,22
2022-03-15 13:48:07.500,0.099101,0.106911,0.160348,1,22
2022-03-15 13:48:08.000,0.098571,0.106512,0.160522,1,22
2022-03-15 13:48:08.500,0.098382,0.105619,0.159263,1,22
2022-03-15 13:48:09.000,0.098193,0.105913,0.160228,1,22
2022-03-15 13:48:09.500,0.098403,0.106391,0.159925,1,22
2022-03-15 13:48:10.000,0.099028,0.106685,0.160733,1,22
2022-03-15 13:48:10.500,0.099322,0.107205,0.16111,1,22
2022-03-15 13:48:11.000,0.099589,0.107215,0.161156,1,22
2022-03-15 13:48:11.500,0.097941,0.105157,0.159897,1,22
2022-03-15 13:48:12.000,0.09855,0.105945,0.159576,1,22
2022-03-15 13:48:12.500,0.098445,0.106218,0.159603,1,22
2022-03-15 13:48:13.000,0.097783,0.105719,0.159952,1,22
2022-03-15 13:48:13.500,0.098576,0.105808,0.159273,1,22
2022-03-15 13:48:14.000,0.099768,0.10741,0.160256,1,22
2022-03-15 13:48:14.500,0.098665,0.105688,0.159649,1,22
2022-03-15 13:48:15.000,0.099122,0.10648,0.160807,1,22
2022-03-15 13:48:15.500,0.099138,0.10678,0.160596,1,22
2022-03-15 13:48:16.000,0.098639,0.106013,0.159475,1,22
2022-03-15 13:48:16.500,0.099857,0.107184,0.160963,1,22
2022-03-15 13:48:17.000,0.10003,0.107536,0.161386,1,22
2022-03-15 13:48:17.500,0.099484,0.106701,0.160485,1,22
2022-03-15 13:48:18.000,0.099007,0.106648,0.161092,1,22
2022-03-15 13:48:18.500,0.100051,0.107168,0.160476,1,22
2022-03-15 13:48:19.000,0.099453,0.106627,0.161064,1,22
2022-03-15 13:48:19.500,0.099059,0.106638,0.16043,1,22
2022-03-15 13:48:20.000,0.099222,0.106743,0.160577,1,22
2022-03-15 13:48:20.500,0.099096,0.106549,0.160568,1,22
2022-03-15 13:48:21.000,0.099805,0.106927,0.161,1,22
2022-03-15 13:48:21.500,0.098996,0.106591,0.160586,1,22
2022-03-15 13:48:22.000,0.098844,0.106937,0.160237,1,22
2022-03-15 13:48:22.500,0.098954,0.106123,0.160338,1,22
2022-03-15 13:48:23.000,0.098854,0.106071,0.160504,1,22
2022-03-15 13:48:23.500,0.099138,0.107058,0.160559,1,22
2022-03-15 13:48:24.000,0.099495,0.106869,0.16089,1,22
2022-03-15 13:48:24.500,0.098791,0.10627,0.160017,1,22
2022-03-15 13:48:25.000,0.099358,0.10637,0.16054,1,22
2022-03-15 13:48:25.500,0.099395,0.106643,0.160577,1,22
2022-03-15 13:48:26.000,0.098875,0.106533,0.160081,1,22
2022-03-15 13:48:26.500,0.100598,0.107257,0.161202,1,22
2022-03-15 13:48:27.000,0.099731,0.107016,0.160871,1,22
2022-03-15 13:48:27.500,0.099805,0.106732,0.160908,1,22
2022-03-15 13:48:28.000,0.099148,0.1072,0.161533,1,22
2022-03-15 13:48:28.500,0.099537,0.107268,0.16055,1,22
2022-03-15 13:48:29.000,0.099721,0.107032,0.159805,1,22
2022-03-15 13:48:29.500,0.099752,0.106638,0.161101,1,22
2022-03-15 13:48:30.000,0.098676,0.106118,0.159962,1,22
2022-03-15 13:48:30.500,0.10013,0.107908,0.160807,1,22
2022-03-15 13:48:31.000,0.098954,0.106816,0.160118,1,22
2022-03-15 13:48:31.500,0.099049,0.107089,0.161128,1,22
2022-03-15 13:48:32.000,0.099684,0.106528,0.160458,1,22
2022-03-15 13:48:32.500,0.098797,0.106407,0.159328,1,22
2022-03-15 13:48:33.000,0.099379,0.106759,0.160302,1,22
2022-03-15 13:48:33.500,0.099946,0.107074,0.160908,1,22
2022-03-15 13:48:34.000,0.099453,0.106675,0.160862,1,22
2022-03-15 13:48:34.500,0.09907,0.106706,0.161018,1,22
2022-03-15 13:48:35.000,0.099705,0.106869,0.160834,1,22
2022-03-15 13:48:35.500,0.099789,0.1072,0.160871,1,22
2022-03-15 13:48:36.000,0.098776,0.106081,0.159456,1,22
2022-03-15 13:48:36.500,0.10024,0.107483,0.16055,1,22
2022-03-15 13:48:37.000,0.099773,0.107026,0.160743,1,22
2022-03-15 13:48:37.500,0.099043,0.10636,0.15975,1,22
2022-03-15 13:48:38.000,0.098823,0.105772,0.160044,1,22
2022-03-15 13:48:38.500,0.099542,0.106753,0.159971,1,22
2022-03-15 13:48:39.000,0.098839,0.106076,0.160743,1,22
2022-03-15 13:48:39.500,0.099017,0.106459,0.159741,1,22
2022-03-15 13:48:40.000,0.100151,0.107163,0.160825,1,22
2022-03-15 13:48:40.500,0.099259,0.106953,0.161744,1,22
2022-03-15 13:48:41.000,0.099101,0.106134,0.15998,1,22
2022-03-15 13:48:41.500,0.099836,0.107147,0.160752,1,22
2022-03-15 13:48:42.000,0.099484,0.106391,0.160642,1,22
2022-03-15 13:48:42.500,0.098377,0.105572,0.158914,1,22
2022-03-15 13:48:43.000,0.098959,0.106328,0.160164,1,22
2022-03-15 13:48:43.500,0.09928,0.106517,0.15941,1,22
2022-03-15 13:48:44.000,0.100492,0.107341,0.160963,1,22
2022-03-15 13:48:44.500,0.099988,0.107845,0.161579,1,22
2022-03-15 13:48:45.000,0.100508,0.108171,0.161946,1,22
2022-03-15 13:48:45.500,0.100697,0.108103,0.160825,1,22
2022-03-15 13:48:46.000,0.100198,0.108244,0.159888,1,22
2022-03-15 13:48:46.500,0.100109,0.107084,0.159466,1,22
2022-03-15 13:48:47.000,0.100487,0.107725,0.16122,1,22
2022-03-15 13:48:47.500,0.100377,0.107042,0.161083,1,22
2022-03-15 13:48:48.000,0.100072,0.10732,0.160476,1,22
2022-03-15 13:48:48.500,0.100293,0.107152,0.159897,1,22
2022-03-15 13:48:49.000,0.100204,0.107194,0.159934,1,22
2022-03-15 13:48:49.500,0.099752,0.106979,0.160853,1,22
2022-03-15 13:48:50.000,0.099967,0.107294,0.160145,1,22
2022-03-15 13:48:50.500,0.099673,0.106963,0.160246,1,22
2022-03-15 13:48:51.000,0.100424,0.107756,0.160265,1,22
2022-03-15 13:48:51.500,0.099841,0.106764,0.160063,1,22
2022-03-15 13:48:52.000,0.099264,0.10627,0.160054,1,22
2022-03-15 13:48:52.500,0.100393,0.107089,0.160458,1,22
2022-03-15 13:48:53.000,0.099726,0.106995,0.16054,1,22
2022-03-15 13:48:53.500,0.099694,0.106491,0.159365,1,22
2022-03-15 13:48:54.000,0.099537,0.106192,0.159815,1,22
2022-03-15 13:48:54.500,0.101096,0.107898,0.159971,1,22
2022-03-15 13:48:55.000,0.100598,0.107751,0.160862,1,22
2022-03-15 13:48:55.500,0.101149,0.107688,0.160853,1,22
2022-03-15 13:48:56.000,0.100655,0.107179,0.159897,1,22
2022-03-15 13:48:56.500,0.101159,0.107777,0.160008,1,22
2022-03-15 13:48:57.000,0.101023,0.107441,0.159723,1,22
2022-03-15 13:48:57.500,0.100345,0.106433,0.159466,1,22
2022-03-15 13:48:58.000,0.101868,0.107903,0.160201,1,22
2022-03-15 13:48:58.500,0.102367,0.107877,0.159273,1,22
2022-03-15 13:48:59.000,0.101984,0.108538,0.160246,1,22
2022-03-15 13:48:59.500,0.100923,0.107541,0.160853,1,22
2022-03-15 13:49:00.000,0.100771,0.107835,0.159337,1,22
2022-03-15 13:49:00.500,0.102199,0.108129,0.161064,1,22
2022-03-15 13:49:01.000,0.102545,0.108433,0.160338,1,22
2022-03-15 13:49:01.500,0.101978,0.108649,0.160825,1,22
2022-03-15 13:49:02.000,0.101868,0.107809,0.160099,1,22
2022-03-15 13:49:02.500,0.102367,0.10858,0.160246,1,22
2022-03-15 13:49:03.000,0.103223,0.108791,0.160972,1,22
2022-03-15 13:49:03.500,0.102545,0.108759,0.160044,1,22
2022-03-15 13:49:04.000,0.102456,0.10899,0.160017,1,22
2022-03-15 13:49:04.500,0.102939,0.109258,0.160348,1,22
2022-03-15 13:49:05.000,0.101873,0.10836,0.160366,1,22
2022-03-15 13:49:05.500,0.102855,0.109468,0.161138,1,22
2022-03-15 13:49:06.000,0.104084,0.110208,0.161569,1,22
2022-03-15 13:49:06.500,0.103669,0.109862,0.161257,1,22
2022-03-15 13:49:07.000,0.104005,0.109772,0.16054,1,22
2022-03-15 13:49:07.500,0.103784,0.109631,0.160669,1,22
2022-03-15 13:49:08.000,0.104808,0.110339,0.160669,1,22
2022-03-15 13:49:08.500,0.104199,0.110765,0.16123,1,22
2022-03-15 13:49:09.000,0.103333,0.109022,0.160265,1,22
2022-03-15 13:49:09.500,0.103994,0.10919,0.160026,1,22
2022-03-15 13:49:10.000,0.103401,0.109463,0.159787,1,22
2022-03-15 13:49:10.500,0.103748,0.109436,0.160458,1,22
2022-03-15 13:49:11.000,0.104751,0.110723,0.161331,1,22
2022-03-15 13:49:11.500,0.104567,0.110765,0.160577,1,22
2022-03-15 13:49:12.000,0.103601,0.109904,0.160246,1,22
2022-03-15 13:49:12.500,0.104304,0.109961,0.160495,1,22
2022-03-15 13:49:13.000,0.105412,0.110749,0.160669,1,22
2022-03-15 13:49:13.500,0.10548,0.110507,0.160458,1,22
2022-03-15 13:49:14.000,0.105706,0.111059,0.159897,1,22
2022-03-15 13:49:14.500,0.105349,0.110927,0.160853,1,22
2022-03-15 13:49:15.000,0.104425,0.110114,0.159613,1,22
2022-03-15 13:49:15.500,0.105123,0.11108,0.160246,1,22
2022-03-15 13:49:16.000,0.104861,0.111164,0.159925,1,22
2022-03-15 13:49:16.500,0.105591,0.111332,0.160926,1,22
2022-03-15 13:49:17.000,0.105507,0.110303,0.160687,1,22
2022-03-15 13:49:17.500,0.105864,0.110581,0.160246,1,22
2022-03-15 13:49:18.000,0.105858,0.110759,0.160393,1,22
2022-03-15 13:49:18.500,0.106362,0.111831,0.160706,1,22
2022-03-15 13:49:19.000,0.106751,0.110969,0.160008,1,22
2022-03-15 13:49:19.500,0.111161,0.114881,0.160605,1,22
2022-03-15 13:49:20.000,0.113093,0.116052,0.160109,1,22
2022-03-15 13:49:20.500,0.107334,0.112639,0.158354,1,22
2022-03-15 13:49:21.000,0.106005,0.11161,0.158225,1,22
2022-03-15 13:49:21.500,0.105748,0.111248,0.158271,1,22
2022-03-15 13:49:22.000,0.105538,0.111169,0.157803,1,22
2022-03-15 13:49:22.500,0.104388,0.1094,0.157205,1,22
2022-03-15 13:49:23.000,0.104499,0.10961,0.156654,1,22
2022-03-15 13:49:23.500,0.103202,0.108439,0.154854,1,22
2022-03-15 13:49:24.000,0.102325,0.107903,0.152786,1,22
2022-03-15 13:49:24.500,0.102346,0.106911,0.152593,1,22
2022-03-15 13:49:25.000,0.100886,0.10594,0.152842,1,22
2022-03-15 13:49:25.500,0.101065,0.105824,0.152226,1,22
2022-03-15 13:49:26.000,0.100613,0.105283,0.151565,1,22
2022-03-15 13:49:26.500,0.100204,0.105126,0.15105,1,22
2022-03-15 13:49:27.000,0.099007,0.103934,0.150012,1,22
2022-03-15 13:49:27.500,0.098907,0.103918,0.150471,1,22
2022-03-15 13:49:28.000,0.101522,0.107021,0.152676,1,22
2022-03-15 13:49:28.500,0.101522,0.106585,0.15162,1,22
2022-03-15 13:49:29.000,0.099726,0.10459,0.149801,1,22
2022-03-15 13:49:29.500,0.097668,0.102075,0.147522,1,22
2022-03-15 13:49:30.000,0.097363,0.102233,0.14676,1,22
2022-03-15 13:49:30.500,0.095888,0.100631,0.145326,1,22
2022-03-15 13:49:31.000,0.095867,0.099702,0.144573,1,22
2022-03-15 13:49:31.500,0.094554,0.097486,0.141881,1,22
2022-03-15 13:49:32.000,0.091262,0.094389,0.138675,1,22
2022-03-15 13:49:32.500,0.091525,0.094929,0.13816,1,22
2022-03-15 13:49:33.000,0.090349,0.093885,0.137287,1,22
2022-03-15 13:49:33.500,0.090055,0.093323,0.136396,1,22
2022-03-15 13:49:34.000,0.090086,0.093486,0.136543,1,22
2022-03-15 13:49:34.500,0.089708,0.092173,0.136029,1,22
2022-03-15 13:49:35.000,0.090076,0.093554,0.13624,1,22
2022-03-15 13:49:35.500,0.08901,0.091942,0.135579,1,22
2022-03-15 13:49:36.000,0.087199,0.090446,0.13263,1,22
2022-03-15 13:49:36.500,0.086159,0.088629,0.131398,1,22
2022-03-15 13:49:37.000,0.085991,0.089301,0.13115,1,22
2022-03-15 13:49:37.500,0.085907,0.088886,0.131435,1,22
2022-03-15 13:49:38.000,0.08566,0.088424,0.130746,1,22
2022-03-15 13:49:38.500,0.084479,0.088156,0.130673,1,22
2022-03-15 13:49:39.000,0.085655,0.088891,0.130755,1,22
2022-03-15 13:49:39.500,0.08524,0.088592,0.130829,1,22
2022-03-15 13:49:40.000,0.084279,0.087038,0.129019,1,22
2022-03-15 13:49:40.500,0.084668,0.087752,0.129506,1,22
2022-03-15 13:49:41.000,0.08451,0.087652,0.130048,1,22
2022-03-15 13:49:41.500,0.084568,0.086797,0.129184,1,22
2022-03-15 13:49:42.000,0.083586,0.086812,0.128725,1,22
2022-03-15 13:49:42.500,0.082547,0.086277,0.127714,1,22
2022-03-15 13:49:43.000,0.082342,0.08592,0.127145,1,22
2022-03-15 13:49:43.500,0.083098,0.086303,0.127604,1,22
2022-03-15 13:49:44.000,0.082127,0.085232,0.126842,1,22
2022-03-15 13:49:44.500,0.082268,0.085636,0.12674,1,22
2022-03-15 13:49:45.000,0.08188,0.085216,0.126805,1,22
2022-03-15 13:49:45.500,0.080924,0.084581,0.126382,1,22
2022-03-15 13:49:46.000,0.081722,0.085095,0.126502,1,22
2022-03-15 13:49:46.500,0.081491,0.084665,0.125813,1,22
2022-03-15 13:49:47.000,0.081014,0.083179,0.125344,1,22
2022-03-15 13:49:47.500,0.081717,0.08435,0.125702,1,22
2022-03-15 13:49:48.000,0.080762,0.083631,0.12494,1,22
2022-03-15 13:49:48.500,0.080247,0.083562,0.124839,1,22
2022-03-15 13:49:49.000,0.081371,0.083725,0.12483,1,22
2022-03-15 13:49:49.500,0.080793,0.083357,0.124306,1,22
2022-03-15 13:49:50.000,0.080095,0.083357,0.124324,1,22
2022-03-15 13:49:50.500,0.079932,0.082859,0.124802,1,22
2022-03-15 13:49:51.000,0.079885,0.083226,0.124728,1,22
2022-03-15 13:49:51.500,0.082016,0.085048,0.126989,1,22
2022-03-15 13:49:52.000,0.085093,0.088503,0.130498,1,22
2022-03-15 13:49:52.500,0.089755,0.093979,0.139437,1,22
2022-03-15 13:49:53.000,0.118076,0.125251,0.183215,1,22
2022-03-15 13:49:53.500,0.167093,0.176568,0.250493,1,22
2022-03-15 13:49:54.000,0.233537,0.247911,0.341861,1,22
2022-03-15 13:49:54.500,0.285731,0.302636,0.405979,1,22
2022-03-15 13:49:55.000,0.284943,0.30116,0.408983,1,22
2022-03-15 13:49:55.500,0.287369,0.303019,0.410591,1,22
2022-03-15 13:49:56.000,0.28414,0.299769,0.406539,1,22
2022-03-15 13:49:56.500,0.289159,0.30514,0.414817,1,22
2022-03-15 13:49:57.000,0.329424,0.348178,0.475287,1,22
2022-03-15 13:49:57.500,0.38993,0.412286,0.561354,1,22
2022-03-15 13:49:58.000,0.45211,0.478483,0.646419,1,22
2022-03-15 13:49:58.500,0.513718,0.543184,0.728342,1,22
2022-03-15 13:49:59.000,0.531422,0.560536,0.74973,1,22
2022-03-15 13:49:59.500,0.531548,0.559722,0.749776,1,22
2022-03-15 13:50:00.000,0.527279,0.555622,0.745283,1,22
2022-03-15 13:50:00.500,0.51806,0.545557,0.735499,1,22
2022-03-15 13:50:01.000,0.500712,0.527343,0.712567,1,22
2022-03-15 13:50:01.500,0.469751,0.49552,0.671601,1,22
2022-03-15 13:50:02.000,0.460505,0.484962,0.661357,1,22
2022-03-15 13:50:02.500,0.454394,0.478835,0.656093,1,22
2022-03-15 13:50:03.000,0.445552,0.46889,0.643754,1,22
2022-03-15 13:50:03.500,0.426824,0.448141,0.618186,1,22
2022-03-15 13:50:04.000,0.405906,0.425401,0.589687,1,22
2022-03-15 13:50:04.500,0.363142,0.379575,0.525367,1,22
2022-03-15 13:50:05.000,0.306076,0.320178,0.444565,1,22
2022-03-15 13:50:05.500,0.248317,0.257845,0.361301,1,22
2022-03-15 13:50:06.000,0.184073,0.192167,0.272184,1,22
2022-03-15 13:50:06.500,0.17206,0.179262,0.257953,1,22
2022-03-15 13:50:07.000,0.169015,0.175413,0.254021,1,22
2022-03-15 13:50:07.500,0.167755,0.174226,0.252625,1,22
2022-03-15 13:50:08.000,0.166857,0.173066,0.250714,1,22
2022-03-15 13:50:08.500,0.164941,0.171486,0.249326,1,22
2022-03-15 13:50:09.000,0.163549,0.169727,0.248123,1,22
2022-03-15 13:50:09.500,0.163649,0.169422,0.247369,1,22
2022-03-15 13:50:10.000,0.162347,0.168356,0.245743,1,22
2022-03-15 13:50:10.500,0.160436,0.167075,0.244071,1,22
2022-03-15 13:50:11.000,0.159832,0.165747,0.242895,1,22
2022-03-15 13:50:11.500,0.158451,0.164539,0.241104,1,22
2022-03-15 13:50:12.000,0.156803,0.162697,0.239064,1,22
2022-03-15 13:50:12.500,0.155291,0.160712,0.23719,1,22
2022-03-15 13:50:13.000,0.153369,0.158853,0.234186,1,22
2022-03-15 13:50:13.500,0.151705,0.15784,0.232348,1,22
2022-03-15 13:50:14.000,0.151201,0.156795,0.231733,1,22
2022-03-15 13:50:14.500,0.149457,0.155577,0.229767,1,22
2022-03-15 13:50:15.000,0.148418,0.15386,0.228416,1,22
2022-03-15 13:50:15.500,0.147336,0.152689,0.225724,1,22
2022-03-15 13:50:16.000,0.145877,0.151881,0.224815,1,22
2022-03-15 13:50:16.500,0.144564,0.150227,0.223492,1,22
2022-03-15 13:50:17.000,0.14438,0.149796,0.223005,1,22
2022-03-15 13:50:17.500,0.144296,0.149355,0.221911,1,22
2022-03-15 13:50:18.000,0.143078,0.148499,0.221572,1,22
2022-03-15 13:50:18.500,0.142212,0.14756,0.219927,1,22
2022-03-15 13:50:19.000,0.141676,0.147575,0.220166,1,22
2022-03-15 13:50:19.500,0.142663,0.146966,0.219982,1,22
2022-03-15 13:50:20.000,0.141902,0.146977,0.219293,1,22
2022-03-15 13:50:20.500,0.140962,0.146284,0.218227,1,22
2022-03-15 13:50:21.000,0.139797,0.145417,0.218145,1,22
2022-03-15 13:50:21.500,0.14039,0.145249,0.218007,1,22
2022-03-15 13:50:22.000,0.139818,0.144672,0.218273,1,22
2022-03-15 13:50:22.500,0.140065,0.145291,0.218678,1,22
2022-03-15 13:50:23.000,0.139975,0.145381,0.219073,1,22
2022-03-15 13:50:23.500,0.140437,0.145979,0.21899,1,22
2022-03-15 13:50:24.000,0.140017,0.145024,0.219063,1,22
2022-03-15 13:50:24.500,0.139497,0.144325,0.218209,1,22
2022-03-15 13:50:25.000,0.138846,0.144352,0.218154,1,22
2022-03-15 13:50:25.500,0.138936,0.1439,0.218099,1,22
2022-03-15 13:50:26.000,0.138726,0.143517,0.217887,1,22
2022-03-15 13:50:26.500,0.138762,0.143244,0.218255,1,22
2022-03-15 13:50:27.000,0.138547,0.14307,0.217584,1,22
2022-03-15 13:50:27.500,0.138642,0.143438,0.218108,1,22
2022-03-15 13:50:28.000,0.138048,0.143002,0.217446,1,22
2022-03-15 13:50:28.500,0.138573,0.143275,0.217254,1,22
2022-03-15 13:50:29.000,0.137565,0.141952,0.216188,1,22
2022-03-15 13:50:29.500,0.136137,0.141364,0.215012,1,22
2022-03-15 13:50:30.000,0.134893,0.140771,0.214056,1,22
2022-03-15 13:50:30.500,0.133696,0.139138,0.21119,1,22
2022-03-15 13:50:31.000,0.131953,0.137663,0.209325,1,22
2022-03-15 13:50:31.500,0.131359,0.136465,0.207487,1,22
2022-03-15 13:50:32.000,0.130845,0.136581,0.206596,1,22
2022-03-15 13:50:32.500,0.128692,0.133357,0.203785,1,22
2022-03-15 13:50:33.000,0.127852,0.133315,0.203473,1,22
2022-03-15 13:50:33.500,0.127915,0.132837,0.202673,1,22
2022-03-15 13:50:34.000,0.126471,0.131982,0.20147,1,22
2022-03-15 13:50:34.500,0.126471,0.131551,0.201451,1,22
2022-03-15 13:50:35.000,0.1256,0.130375,0.199246,1,22
2022-03-15 13:50:35.500,0.123804,0.129503,0.197777,1,22
2022-03-15 13:50:36.000,0.122418,0.127671,0.19581,1,22
2022-03-15 13:50:36.500,0.121279,0.126563,0.193826,1,22
2022-03-15 13:50:37.000,0.120523,0.125644,0.193477,1,22
2022-03-15 13:50:37.500,0.120733,0.125392,0.192705,1,22
2022-03-15 13:50:38.000,0.120197,0.125786,0.192071,1,22
2022-03-15 13:50:38.500,0.117178,0.12252,0.187753,1,22
2022-03-15 13:50:39.000,0.115986,0.120756,0.185493,1,22
2022-03-15 13:50:39.500,0.116055,0.120557,0.18598,1,22
2022-03-15 13:50:40.000,0.116359,0.120478,0.186008,1,22
2022-03-15 13:50:40.500,0.11627,0.120252,0.186044,1,22
2022-03-15 13:50:41.000,0.115068,0.120236,0.184942,1,22
2022-03-15 13:50:41.500,0.114185,0.118688,0.183748,1,22
2022-03-15 13:50:42.000,0.114816,0.11948,0.183288,1,22
2022-03-15 13:50:42.500,0.114296,0.11873,0.183619,1,22
2022-03-15 13:50:43.000,0.115262,0.119423,0.184933,1,22
2022-03-15 13:50:43.500,0.084531,0.085825,0.139217,1,22
2022-03-15 13:50:44.000,0.057471,0.058434,0.097332,1,22
2022-03-15 13:50:44.500,0.055192,0.056208,0.093391,1,22
2022-03-15 13:50:45.000,0.054772,0.055908,0.093896,1,22
2022-03-15 13:50:45.500,0.055255,0.055851,0.093804,1,22
2022-03-15 13:50:46.000,0.055612,0.05646,0.094116,1,22
2022-03-15 13:50:46.500,0.055198,0.056418,0.093584,1,22
2022-03-15 13:50:47.000,0.055355,0.056554,0.093795,1,22
2022-03-15 13:50:47.500,0.055077,0.056092,0.093841,1,22
2022-03-15 13:50:48.000,0.05546,0.056559,0.093593,1,22
2022-03-15 13:50:48.500,0.055187,0.056202,0.093657,1,22
2022-03-15 13:50:49.000,0.055135,0.056334,0.09385,1,22
2022-03-15 13:50:49.500,0.054982,0.055704,0.093703,1,22
2022-03-15 13:50:50.000,0.055471,0.056491,0.093777,1,22
2022-03-15 13:50:50.500,0.055402,0.056334,0.093804,1,22
2022-03-15 13:50:51.000,0.054877,0.055998,0.093721,1,22
2022-03-15 13:50:51.500,0.05493,0.056097,0.093951,1,22
2022-03-15 13:50:52.000,0.055156,0.05605,0.094043,1,22
2022-03-15 13:50:52.500,0.055313,0.056376,0.094135,1,22
2022-03-15 13:50:53.000,0.055087,0.056066,0.093574,1,22
2022-03-15 13:50:53.500,0.055292,0.056407,0.093988,1,22
2022-03-15 13:50:54.000,0.05504,0.056129,0.09351,1,22
2022-03-15 13:50:54.500,0.055061,0.056423,0.09385,1,22
2022-03-15 13:50:55.000,0.055492,0.056664,0.094172,1,22
2022-03-15 13:50:55.500,0.055161,0.056019,0.093427,0,22
