Time,TS outlet pressure (Mean),TS inlet pressure (Mean),Pump outlet pressure (Mean),Flow rate (Mean),Plug,Plug_future,LogId
1900-01-01 14:00:53.654,0.181374,0.578041,0.730648,0.830388,0,0.0,25
1900-01-01 14:00:54.654,0.181689,0.579947,0.733055,1.212288,0,0.0,25
1900-01-01 14:00:55.654,0.181563,0.58033,0.733652,1.169855,0,0.0,25
1900-01-01 14:00:56.654,0.182015,0.583397,0.737676,1.349017,0,0.0,25
1900-01-01 14:00:57.654,0.182241,0.583701,0.737492,1.051984,0,0.0,25
1900-01-01 14:00:58.654,0.181175,0.583974,0.739302,1.146281,0,0.0,25
1900-01-01 14:00:59.654,0.1817,0.583145,0.737437,1.306584,0,0.0,25
1900-01-01 14:01:00.654,0.181311,0.580992,0.734561,1.330158,0,0.0,25
1900-01-01 14:01:01.654,0.181112,0.581443,0.735434,1.41031,0,0.0,25
1900-01-01 14:01:02.654,0.18096,0.582326,0.735627,1.476317,0,0.0,25
1900-01-01 14:01:03.654,0.181206,0.581249,0.733891,1.141566,0,0.0,25
1900-01-01 14:01:04.654,0.182025,0.583943,0.737593,1.41031,0,0.0,25
1900-01-01 14:01:05.654,0.181233,0.582877,0.736785,1.415025,0,0.0,25
1900-01-01 14:01:06.654,0.180939,0.581811,0.734598,1.316014,0,0.0,25
1900-01-01 14:01:07.654,0.181196,0.582845,0.736858,1.391451,0,0.0,25
1900-01-01 14:01:08.654,0.18192,0.582819,0.737676,1.217003,0,0.0,25
1900-01-01 14:01:09.654,0.181574,0.584105,0.737887,1.278295,0,0.0,25
1900-01-01 14:01:10.654,0.1818,0.58545,0.739532,1.250006,0,0.0,25
1900-01-01 14:01:11.654,0.182225,0.586458,0.740322,1.433884,0,0.0,25
1900-01-01 14:01:12.654,0.18149,0.585712,0.740239,1.150995,0,0.0,25
1900-01-01 14:01:13.654,0.181941,0.588017,0.742233,1.28301,0,0.0,25
1900-01-01 14:01:14.654,0.181416,0.587051,0.74226,1.471602,0,0.0,25
1900-01-01 14:01:15.654,0.183254,0.588889,0.744043,1.297155,0,0.0,25
1900-01-01 14:01:16.654,0.183616,0.592895,0.74893,1.217003,0,0.0,25
1900-01-01 14:01:17.654,0.184225,0.595772,0.751236,1.457458,0,0.0,25
1900-01-01 14:01:18.654,0.183417,0.594307,0.750501,1.27358,0,0.0,25
1900-01-01 14:01:19.654,0.184341,0.596045,0.752945,1.250006,0,0.0,25
1900-01-01 14:01:20.654,0.183191,0.595315,0.751337,1.363162,0,0.0,25
1900-01-01 14:01:21.654,0.184336,0.597662,0.754158,1.518751,0,0.0,25
1900-01-01 14:01:22.654,0.184729,0.600481,0.757272,1.40088,0,0.0,25
1900-01-01 14:01:23.654,0.185853,0.600172,0.756749,1.259436,0,0.0,25
1900-01-01 14:01:24.654,0.185202,0.601059,0.758145,1.41974,0,0.0,25
1900-01-01 14:01:25.654,0.184913,0.600781,0.757585,1.405595,0,0.0,25
1900-01-01 14:01:26.654,0.185585,0.603086,0.760865,1.391451,0,0.0,25
1900-01-01 14:01:27.654,0.185617,0.603091,0.760387,1.608332,0,0.0,25
1900-01-01 14:01:28.654,0.187974,0.612815,0.773222,1.349017,0,0.0,25
1900-01-01 14:01:29.654,0.192794,0.631989,0.796309,1.240577,0,0.0,25
1900-01-01 14:01:30.654,0.203935,0.675184,0.848493,1.099133,0,0.0,25
1900-01-01 14:01:31.654,0.224259,0.765954,0.958253,1.306584,0,0.0,25
1900-01-01 14:01:32.654,0.240284,0.843087,1.047958,1.231147,0,0.0,25
1900-01-01 14:01:33.654,0.245534,0.868331,1.077146,1.316014,0,0.0,25
1900-01-01 14:01:34.654,0.245571,0.872033,1.080573,1.41974,0,0.0,25
1900-01-01 14:01:35.654,0.245964,0.872127,1.082291,1.330158,0,0.0,25
1900-01-01 14:01:36.654,0.243864,0.867796,1.077881,1.217003,0,0.0,25
1900-01-01 14:01:37.654,0.244893,0.868053,1.076833,1.193429,0,0.0,25
1900-01-01 14:01:38.654,0.245896,0.869865,1.078726,1.594187,0,0.0,25
1900-01-01 14:01:39.654,0.245844,0.870069,1.079103,1.396165,0,0.0,25
1900-01-01 14:01:40.654,0.246852,0.872789,1.082658,1.278295,0,0.0,25
1900-01-01 14:01:41.654,0.245287,0.870064,1.079534,1.160425,0,0.0,25
1900-01-01 14:01:42.654,0.247498,0.874947,1.084826,1.183999,0,0.0,25
1900-01-01 14:01:43.654,0.246931,0.874291,1.083209,1.391451,0,0.0,25
1900-01-01 14:01:44.654,0.246379,0.874805,1.08444,1.217003,0,0.0,25
1900-01-01 14:01:45.654,0.247015,0.875729,1.08546,1.259436,0,0.0,25
1900-01-01 14:01:46.654,0.246542,0.873755,1.082943,1.377306,0,0.0,25
1900-01-01 14:01:47.654,0.2467,0.874553,1.083329,1.598902,0,0.0,25
1900-01-01 14:01:48.654,0.246059,0.871891,1.080977,1.235862,0,0.0,25
1900-01-01 14:01:49.654,0.247708,0.875388,1.084147,1.113277,0,0.0,25
1900-01-01 14:01:50.654,0.247429,0.874511,1.083696,1.04727,0,0.0,25
1900-01-01 14:01:51.654,0.246259,0.873949,1.083219,1.240577,0,0.0,25
1900-01-01 14:01:52.654,0.246043,0.873167,1.0806,1.396165,0,0.0,25
1900-01-01 14:01:53.654,0.246936,0.876512,1.086609,0.891681,0,0.0,25
1900-01-01 14:01:54.654,0.246925,0.875157,1.084303,1.198144,0,0.0,25
1900-01-01 14:01:55.654,0.2467,0.874737,1.082134,1.52818,0,0.0,25
1900-01-01 14:01:56.654,0.24713,0.876832,1.08626,1.485747,0,0.0,25
1900-01-01 14:01:57.654,0.247786,0.877115,1.086728,1.316014,0,0.0,25
1900-01-01 14:01:58.654,0.247545,0.877929,1.087656,1.471602,0,0.0,25
1900-01-01 14:01:59.654,0.248175,0.878543,1.087399,1.339588,0,0.0,25
1900-01-01 14:02:00.654,0.247718,0.877231,1.086397,1.377306,0,0.0,25
1900-01-01 14:02:01.654,0.246889,0.875908,1.085543,1.339588,0,0.0,25
1900-01-01 14:02:02.654,0.246868,0.876344,1.086177,1.15571,0,0.0,25
1900-01-01 14:02:03.654,0.247603,0.880392,1.089558,1.556469,0,0.0,25
1900-01-01 14:02:04.654,0.24786,0.879389,1.088832,1.547039,0,0.0,25
1900-01-01 14:02:05.654,0.247813,0.880061,1.089622,1.150995,0,0.0,25
1900-01-01 14:02:06.654,0.246064,0.876653,1.08558,1.353732,0,0.0,25
1900-01-01 14:02:07.654,0.248878,0.880974,1.090017,1.391451,0,0.0,25
1900-01-01 14:02:08.654,0.247183,0.876354,1.086407,1.476317,0,0.0,25
1900-01-01 14:02:09.654,0.247335,0.879053,1.088345,1.080273,0,0.0,25
1900-01-01 14:02:10.654,0.247923,0.8789,1.088722,1.250006,0,0.0,25
1900-01-01 14:02:11.654,0.249508,0.883899,1.093536,1.424454,0,0.0,25
1900-01-01 14:02:12.654,0.249829,0.885185,1.096072,1.443314,0,0.0,25
1900-01-01 14:02:13.654,0.248794,0.883626,1.094546,1.042555,0,0.0,25
1900-01-01 14:02:14.654,0.249183,0.882523,1.093224,1.41031,0,0.0,25
1900-01-01 14:02:15.654,0.249713,0.886036,1.096347,1.146281,0,0.0,25
1900-01-01 14:02:16.654,0.249976,0.884429,1.094969,1.382021,0,0.0,25
1900-01-01 14:02:17.654,0.250028,0.884728,1.096255,1.287725,0,0.0,25
1900-01-01 14:02:18.654,0.249367,0.885054,1.095401,1.278295,0,0.0,25
1900-01-01 14:02:19.654,0.249556,0.884214,1.094776,1.311299,0,0.0,25
1900-01-01 14:02:20.654,0.24974,0.883878,1.094886,1.231147,0,0.0,25
1900-01-01 14:02:21.654,0.250328,0.886514,1.097183,1.306584,0,0.0,25
1900-01-01 14:02:22.654,0.250238,0.887322,1.09925,1.53761,0,0.0,25
1900-01-01 14:02:23.654,0.250034,0.886487,1.097422,1.226432,0,0.0,25
1900-01-01 14:02:24.654,0.25027,0.885437,1.096448,1.424454,0,0.0,25
1900-01-01 14:02:25.654,0.249824,0.886225,1.096981,1.29244,0,0.0,25
1900-01-01 14:02:26.654,0.249929,0.887107,1.09779,1.386736,0,0.0,25
1900-01-01 14:02:27.654,0.250102,0.88633,1.096954,1.518751,0,0.0,25
1900-01-01 14:02:28.654,0.250091,0.888031,1.098479,1.254721,0,0.0,25
1900-01-01 14:02:29.654,0.249876,0.888073,1.099636,1.042555,0,0.0,25
1900-01-01 14:02:30.654,0.248621,0.884377,1.094712,1.066129,0,0.0,25
1900-01-01 14:02:31.654,0.249204,0.883111,1.094491,1.212288,0,0.0,25
1900-01-01 14:02:32.654,0.248973,0.883589,1.094546,1.160425,0,0.0,25
1900-01-01 14:02:33.654,0.249403,0.884823,1.095539,1.084988,0,0.0,25
1900-01-01 14:02:34.654,0.24902,0.882901,1.092139,1.221718,0,0.0,25
1900-01-01 14:02:35.654,0.248259,0.881982,1.092856,1.264151,0,0.0,25
1900-01-01 14:02:36.654,0.248737,0.883169,1.092691,1.094418,0,0.0,25
1900-01-01 14:02:37.654,0.248065,0.881851,1.092424,1.429169,0,0.0,25
1900-01-01 14:02:38.654,0.249241,0.883978,1.094087,1.009551,0,0.0,25
1900-01-01 14:02:39.654,0.248763,0.882445,1.092213,1.240577,0,0.0,25
1900-01-01 14:02:40.654,0.248674,0.882319,1.092452,1.212288,0,0.0,25
1900-01-01 14:02:41.654,0.247729,0.879531,1.088878,1.443314,0,0.0,25
1900-01-01 14:02:42.654,0.247445,0.878055,1.087509,1.353732,0,0.0,25
1900-01-01 14:02:43.654,0.245744,0.872579,1.08128,1.452743,0,0.0,25
1900-01-01 14:02:44.654,0.246064,0.873403,1.082015,1.424454,0,0.0,25
1900-01-01 14:02:45.654,0.246547,0.87396,1.082722,1.160425,0,0.0,25
1900-01-01 14:02:46.654,0.247403,0.874963,1.08377,1.443314,0,0.0,25
1900-01-01 14:02:47.654,0.246295,0.872049,1.079645,1.287725,0,0.0,25
1900-01-01 14:02:48.654,0.246584,0.873062,1.082033,1.268866,0,0.0,25
1900-01-01 14:02:49.654,0.246689,0.872658,1.08004,1.16514,0,0.0,25
1900-01-01 14:02:50.654,0.246558,0.872747,1.080986,1.41974,0,0.0,25
1900-01-01 14:02:51.654,0.24745,0.874123,1.082677,1.198144,0,0.0,25
1900-01-01 14:02:52.654,0.247603,0.875246,1.083797,1.245292,0,0.0,25
1900-01-01 14:02:53.654,0.246332,0.874175,1.083035,1.198144,0,0.0,25
1900-01-01 14:02:54.654,0.247062,0.874968,1.083283,1.301869,0,0.0,25
1900-01-01 14:02:55.654,0.247151,0.875666,1.083816,1.316014,0,0.0,25
1900-01-01 14:02:56.654,0.245723,0.872957,1.08173,1.301869,0,0.0,25
1900-01-01 14:02:57.654,0.246117,0.874054,1.081905,1.429169,0,0.0,25
1900-01-01 14:02:58.654,0.247429,0.875467,1.083108,1.52818,0,0.0,25
1900-01-01 14:02:59.654,0.247141,0.875204,1.084275,1.353732,0,0.0,25
1900-01-01 14:03:00.654,0.246495,0.874354,1.08253,1.04727,0,0.0,25
1900-01-01 14:03:01.654,0.245917,0.873776,1.08117,1.198144,0,0.0,25
1900-01-01 14:03:02.654,0.245544,0.872148,1.079461,1.226432,0,0.0,25
1900-01-01 14:03:03.654,0.246416,0.875272,1.083641,1.188714,0,0.0,25
1900-01-01 14:03:04.654,0.245592,0.873351,1.081657,1.344303,0,0.0,25
1900-01-01 14:03:05.654,0.245849,0.872978,1.082906,1.070844,0,0.0,25
1900-01-01 14:03:06.654,0.246458,0.87397,1.082254,1.099133,0,0.0,25
1900-01-01 14:03:07.654,0.246159,0.875467,1.083632,1.702628,0,0.0,25
1900-01-01 14:03:08.654,0.246069,0.873687,1.081886,1.358447,0,0.0,25
1900-01-01 14:03:09.654,0.245702,0.871245,1.080279,1.240577,0,0.0,25
1900-01-01 14:03:10.654,0.246553,0.87406,1.082805,1.127421,0,0.0,25
1900-01-01 14:03:11.654,0.246584,0.87365,1.082272,1.099133,0,0.0,25
1900-01-01 14:03:12.654,0.247214,0.874868,1.084624,0.967118,0,0.0,25
1900-01-01 14:03:13.654,0.24681,0.875041,1.082833,1.405595,0,0.0,25
1900-01-01 14:03:14.654,0.246006,0.872873,1.080821,1.207573,0,0.0,25
1900-01-01 14:03:15.654,0.246348,0.874842,1.083706,1.202858,0,0.0,25
1900-01-01 14:03:16.654,0.246442,0.874243,1.08196,1.565899,0,0.0,25
1900-01-01 14:03:17.654,0.247487,0.874837,1.08298,1.198144,0,0.0,25
1900-01-01 14:03:18.654,0.246967,0.875734,1.084147,1.405595,0,0.0,25
1900-01-01 14:03:19.654,0.246852,0.87637,1.085267,1.27358,0,0.0,25
1900-01-01 14:03:20.654,0.246159,0.87322,1.082704,1.306584,0,0.0,25
1900-01-01 14:03:21.654,0.245455,0.872905,1.081942,1.108562,0,0.0,25
1900-01-01 14:03:22.654,0.245586,0.870295,1.079286,1.316014,0,0.0,25
1900-01-01 14:03:23.654,0.246616,0.875461,1.083761,1.471602,0,0.0,25
1900-01-01 14:03:24.654,0.246999,0.875167,1.083219,1.415025,0,0.0,25
1900-01-01 14:03:25.654,0.246269,0.875209,1.083356,1.188714,0,0.0,25
1900-01-01 14:03:26.654,0.245964,0.873986,1.083393,1.542325,0,0.0,25
1900-01-01 14:03:27.654,0.246616,0.875383,1.084624,1.485747,0,0.0,25
1900-01-01 14:03:28.654,0.246721,0.874537,1.083503,1.127421,0,0.0,25
1900-01-01 14:03:29.654,0.24555,0.8724,1.081298,1.198144,0,0.0,25
1900-01-01 14:03:30.654,0.245833,0.874275,1.08309,1.330158,0,0.0,25
1900-01-01 14:03:31.654,0.245481,0.872595,1.081106,1.504606,0,0.0,25
1900-01-01 14:03:32.654,0.247324,0.875635,1.084652,1.15571,0,0.0,25
1900-01-01 14:03:33.654,0.246684,0.87512,1.084303,1.405595,0,0.0,25
1900-01-01 14:03:34.654,0.246673,0.877037,1.087215,1.325443,0,0.0,25
1900-01-01 14:03:35.654,0.245933,0.875404,1.085249,1.377306,0,0.0,25
1900-01-01 14:03:36.654,0.246532,0.875624,1.084854,1.15571,0,0.0,25
1900-01-01 14:03:37.654,0.246526,0.87406,1.083136,1.056699,0,0.0,25
1900-01-01 14:03:38.654,0.245907,0.871744,1.081087,1.613047,0,0.0,25
1900-01-01 14:03:39.654,0.246495,0.874296,1.083485,0.971833,0,0.0,25
1900-01-01 14:03:40.654,0.245985,0.874774,1.08456,1.02841,0,0.0,25
1900-01-01 14:03:41.654,0.246526,0.875997,1.084597,1.367877,0,0.0,25
1900-01-01 14:03:42.654,0.246196,0.873991,1.08218,1.108562,0,0.0,25
1900-01-01 14:03:43.654,0.246826,0.876008,1.085277,1.311299,0,0.0,25
1900-01-01 14:03:44.654,0.245912,0.87418,1.084624,1.27358,0,0.0,25
1900-01-01 14:03:45.654,0.245518,0.87229,1.081859,1.202858,0,0.0,25
1900-01-01 14:03:46.654,0.246111,0.874952,1.083595,1.240577,0,0.0,25
1900-01-01 14:03:47.654,0.246353,0.874522,1.084156,1.429169,0,0.0,25
1900-01-01 14:03:48.654,0.244699,0.871581,1.08038,1.254721,0,0.0,25
1900-01-01 14:03:49.654,0.246474,0.874128,1.083457,1.556469,0,0.0,25
1900-01-01 14:03:50.654,0.246027,0.874543,1.083632,1.325443,0,0.0,25
1900-01-01 14:03:51.654,0.247435,0.87522,1.084257,1.325443,0,0.0,25
1900-01-01 14:03:52.654,0.245382,0.871833,1.081262,1.41031,0,0.0,25
1900-01-01 14:03:53.654,0.246558,0.876081,1.085773,1.457458,0,0.0,25
1900-01-01 14:03:54.654,0.246006,0.8725,1.083145,1.212288,0,0.0,25
1900-01-01 14:03:55.654,0.245728,0.873277,1.081648,1.330158,0,0.0,25
1900-01-01 14:03:56.654,0.246243,0.872574,1.08105,1.245292,0,0.0,25
1900-01-01 14:03:57.654,0.246169,0.872668,1.081758,1.301869,0,0.0,25
1900-01-01 14:03:58.654,0.246605,0.874905,1.082961,1.367877,0,0.0,25
1900-01-01 14:03:59.654,0.246999,0.874317,1.082236,1.179284,0,0.0,25
1900-01-01 14:04:00.654,0.246558,0.873613,1.081804,1.16514,0,0.0,25
1900-01-01 14:04:01.654,0.246925,0.874648,1.082474,1.004836,0,0.0,25
1900-01-01 14:04:02.654,0.246889,0.875146,1.084303,1.429169,0,0.0,25
1900-01-01 14:04:03.654,0.246295,0.872616,1.081216,1.084988,0,0.0,25
1900-01-01 14:04:04.654,0.24587,0.875283,1.084303,1.726202,0,0.0,25
1900-01-01 14:04:05.654,0.247214,0.87544,1.084312,1.363162,0,0.0,25
1900-01-01 14:04:06.654,0.247204,0.874669,1.082281,1.575328,0,0.0,25
1900-01-01 14:04:07.654,0.246295,0.873272,1.081537,1.405595,0,0.0,25
1900-01-01 14:04:08.654,0.246463,0.875251,1.083219,0.929399,0,0.0,25
1900-01-01 14:04:09.654,0.246164,0.874327,1.082539,1.240577,0,0.0,25
1900-01-01 14:04:10.654,0.246169,0.873818,1.082401,1.169855,0,0.0,25
1900-01-01 14:04:11.654,0.247209,0.87584,1.083154,1.316014,0,0.0,25
1900-01-01 14:04:12.654,0.247219,0.875834,1.084413,1.339588,0,0.0,25
1900-01-01 14:04:13.654,0.246358,0.873178,1.082144,1.636621,0,0.0,25
1900-01-01 14:04:14.654,0.24629,0.873923,1.082621,1.250006,0,0.0,25
1900-01-01 14:04:15.654,0.246658,0.875241,1.083696,1.264151,0,0.0,25
1900-01-01 14:04:16.654,0.247487,0.875068,1.08241,0.990692,0,0.0,25
1900-01-01 14:04:17.654,0.246295,0.8747,1.083485,1.235862,0,0.0,25
1900-01-01 14:04:18.654,0.246259,0.873361,1.082061,1.306584,0,0.0,25
1900-01-01 14:04:19.654,0.246542,0.874726,1.082484,1.122707,0,0.0,25
1900-01-01 14:04:20.654,0.24588,0.873293,1.081611,1.17457,0,0.0,25
1900-01-01 14:04:21.654,0.246736,0.874385,1.082677,1.264151,0,0.0,25
1900-01-01 14:04:22.654,0.245382,0.870967,1.079057,1.212288,0,0.0,25
1900-01-01 14:04:23.654,0.246238,0.875104,1.083457,1.382021,0,0.0,25
1900-01-01 14:04:24.654,0.246038,0.875267,1.085332,1.452743,0,0.0,25
1900-01-01 14:04:25.654,0.246327,0.875887,1.084679,1.490462,0,0.0,25
1900-01-01 14:04:26.654,0.247718,0.87584,1.083733,0.924685,0,0.0,25
1900-01-01 14:04:27.654,0.247702,0.878501,1.087436,1.344303,0,0.0,25
1900-01-01 14:04:28.654,0.24649,0.875535,1.085212,1.438599,0,0.0,25
1900-01-01 14:04:29.654,0.246169,0.872112,1.080214,1.363162,0,0.0,25
1900-01-01 14:04:30.654,0.246962,0.874369,1.083007,1.221718,0,0.0,25
1900-01-01 14:04:31.654,0.247104,0.875199,1.083081,1.103847,0,0.0,25
1900-01-01 14:04:32.654,0.246132,0.872348,1.080077,1.382021,0,0.0,25
1900-01-01 14:04:33.654,0.246868,0.874732,1.083136,1.268866,0,0.0,25
1900-01-01 14:04:34.654,0.247561,0.875624,1.082713,1.311299,0,0.0,25
1900-01-01 14:04:35.654,0.246069,0.874175,1.081363,1.268866,0,0.0,25
1900-01-01 14:04:36.654,0.246847,0.876018,1.084183,1.084988,0,0.0,25
1900-01-01 14:04:37.654,0.245691,0.874753,1.082557,1.221718,0,0.0,25
1900-01-01 14:04:38.654,0.247387,0.876685,1.085056,1.325443,0,0.0,25
1900-01-01 14:04:39.654,0.244951,0.87397,1.081133,1.160425,0,0.0,25
1900-01-01 14:04:40.654,0.246117,0.874595,1.083026,1.250006,0,0.0,25
1900-01-01 14:04:41.654,0.24628,0.87397,1.081886,1.306584,0,0.0,25
1900-01-01 14:04:42.654,0.246747,0.874952,1.082943,1.217003,0,0.0,25
1900-01-01 14:04:43.654,0.245954,0.874936,1.082594,1.344303,0,0.0,25
1900-01-01 14:04:44.654,0.246248,0.874564,1.082805,1.066129,0,0.0,25
1900-01-01 14:04:45.654,0.246694,0.873876,1.082052,1.287725,0,0.0,25
1900-01-01 14:04:46.654,0.246684,0.872852,1.081574,1.405595,0,0.0,25
1900-01-01 14:04:47.654,0.246127,0.874968,1.083568,1.41031,0,0.0,25
1900-01-01 14:04:48.654,0.246379,0.874327,1.082153,0.976548,0,0.0,25
1900-01-01 14:04:49.654,0.245418,0.874375,1.082594,1.377306,0,0.0,25
1900-01-01 14:04:50.654,0.246164,0.87523,1.084174,1.29244,0,0.0,25
1900-01-01 14:04:51.654,0.245896,0.873687,1.082125,1.268866,0,0.0,25
1900-01-01 14:04:52.654,0.245891,0.872884,1.080959,1.547039,0,0.0,25
1900-01-01 14:04:53.654,0.24618,0.873976,1.082879,1.259436,0,0.0,25
1900-01-01 14:04:54.654,0.24702,0.875566,1.082989,1.28301,0,0.0,25
1900-01-01 14:04:55.654,0.245975,0.873991,1.081813,1.141566,0,0.0,25
1900-01-01 14:04:56.654,0.246222,0.875472,1.083898,1.334873,0,0.0,25
1900-01-01 14:04:57.654,0.246689,0.874165,1.082704,1.183999,0,0.0,25
1900-01-01 14:04:58.654,0.245901,0.874359,1.082814,1.349017,0,0.0,25
1900-01-01 14:04:59.654,0.246332,0.874742,1.082906,1.29244,0,0.0,25
1900-01-01 14:05:00.654,0.245733,0.873655,1.08207,1.202858,0,0.0,25
1900-01-01 14:05:01.654,0.246364,0.873802,1.08184,1.429169,0,0.0,25
1900-01-01 14:05:02.654,0.246159,0.874249,1.082575,1.264151,0,0.0,25
1900-01-01 14:05:03.654,0.24493,0.87344,1.082116,1.117992,0,0.0,25
1900-01-01 14:05:04.654,0.24587,0.874957,1.083917,1.061414,0,0.0,25
1900-01-01 14:05:05.654,0.246038,0.876008,1.083228,1.075559,0,0.0,25
1900-01-01 14:05:06.654,0.245539,0.873776,1.081813,1.339588,0,0.0,25
1900-01-01 14:05:07.654,0.245544,0.872379,1.081289,1.396165,0,0.0,25
1900-01-01 14:05:08.654,0.245733,0.87155,1.079378,1.27358,0,0.0,25
1900-01-01 14:05:09.654,0.24546,0.874044,1.082061,1.297155,0,0.0,25
1900-01-01 14:05:10.654,0.246117,0.875031,1.083862,1.438599,0,0.0,25
1900-01-01 14:05:11.654,0.245313,0.87427,1.082649,1.344303,0,0.0,25
1900-01-01 14:05:12.654,0.246442,0.874018,1.081225,1.15571,0,0.0,25
1900-01-01 14:05:13.654,0.245985,0.873272,1.081363,1.424454,0,0.0,25
1900-01-01 14:05:14.654,0.24618,0.876485,1.084955,1.466888,0,0.0,25
1900-01-01 14:05:15.654,0.245691,0.874054,1.08343,1.061414,0,0.0,25
1900-01-01 14:05:16.654,0.245513,0.874065,1.082842,1.094418,0,0.0,25
1900-01-01 14:05:17.654,0.245523,0.873372,1.081868,1.217003,0,0.0,25
1900-01-01 14:05:18.654,0.24587,0.873802,1.08219,1.316014,0,0.0,25
1900-01-01 14:05:19.654,0.246101,0.873377,1.082291,1.636621,0,0.0,25
1900-01-01 14:05:20.654,0.245182,0.87481,1.083301,1.287725,0,0.0,25
1900-01-01 14:05:21.654,0.245392,0.873141,1.080977,1.212288,0,0.0,25
1900-01-01 14:05:22.654,0.246027,0.874669,1.083568,1.372591,0,0.0,25
1900-01-01 14:05:23.654,0.244689,0.873676,1.083072,1.28301,0,0.0,25
1900-01-01 14:05:24.654,0.245828,0.874495,1.083118,1.198144,0,0.0,25
1900-01-01 14:05:25.654,0.243912,0.87322,1.080499,1.490462,0,0.0,25
1900-01-01 14:05:26.654,0.245523,0.875204,1.083237,1.41974,0,0.0,25
1900-01-01 14:05:27.654,0.245434,0.874999,1.082612,1.28301,0,0.0,25
1900-01-01 14:05:28.654,0.245135,0.871886,1.079939,1.051984,0,0.0,25
1900-01-01 14:05:29.654,0.244641,0.872495,1.080518,1.344303,0,0.0,25
1900-01-01 14:05:30.654,0.245235,0.873666,1.08173,1.089703,0,0.0,25
1900-01-01 14:05:31.654,0.244458,0.872001,1.080012,1.278295,0,0.0,25
1900-01-01 14:05:32.654,0.246442,0.87386,1.081813,1.188714,0,0.0,25
1900-01-01 14:05:33.654,0.245754,0.87533,1.084321,1.391451,0,0.0,25
1900-01-01 14:05:34.654,0.245124,0.873514,1.081133,1.358447,0,0.0,25
1900-01-01 14:05:35.654,0.246211,0.874595,1.082364,1.169855,0,0.0,25
1900-01-01 14:05:36.654,0.245471,0.872763,1.081767,1.02841,0,0.0,25
1900-01-01 14:05:37.654,0.246059,0.873041,1.08196,1.080273,0,0.0,25
1900-01-01 14:05:38.654,0.247214,0.875824,1.085056,1.570613,0,0.0,25
1900-01-01 14:05:39.654,0.245697,0.873409,1.080959,1.476317,0,0.0,25
1900-01-01 14:05:40.654,0.245891,0.873367,1.081969,0.976548,0,0.0,25
1900-01-01 14:05:41.654,0.245639,0.872652,1.080674,0.995407,0,0.0,25
1900-01-01 14:05:42.654,0.245576,0.873041,1.081445,1.268866,0,0.0,25
1900-01-01 14:05:43.654,0.245828,0.874254,1.082346,1.424454,0,0.0,25
1900-01-01 14:05:44.654,0.246505,0.877315,1.085708,1.136851,0,0.0,25
1900-01-01 14:05:45.654,0.246238,0.874238,1.082557,1.509321,0,0.0,25
1900-01-01 14:05:46.654,0.246988,0.874039,1.081289,1.466888,0,0.0,25
1900-01-01 14:05:47.654,0.246295,0.872847,1.081298,1.66491,0,0.0,25
1900-01-01 14:05:48.654,0.245303,0.872138,1.079838,1.358447,0,0.0,25
1900-01-01 14:05:49.654,0.24493,0.872495,1.080224,0.962403,0,0.0,25
1900-01-01 14:05:50.654,0.245586,0.874863,1.083678,1.311299,0,0.0,25
1900-01-01 14:05:51.654,0.24649,0.874553,1.082649,1.287725,0,0.0,25
1900-01-01 14:05:52.654,0.245571,0.874543,1.082649,1.29244,0,0.0,25
1900-01-01 14:05:53.654,0.245324,0.872957,1.080655,1.64605,0,0.0,25
1900-01-01 14:05:54.654,0.245224,0.873739,1.081648,1.207573,0,0.0,25
1900-01-01 14:05:55.654,0.245476,0.873493,1.081951,1.268866,0,0.0,25
1900-01-01 14:05:56.654,0.245628,0.873046,1.079856,1.509321,0,0.0,25
1900-01-01 14:05:57.654,0.245502,0.872674,1.080444,1.320729,0,0.0,25
1900-01-01 14:05:58.654,0.246106,0.873928,1.082079,1.169855,0,0.0,25
1900-01-01 14:05:59.654,0.245975,0.873393,1.081739,1.627191,0,0.0,25
1900-01-01 14:06:00.654,0.245754,0.872794,1.082309,1.254721,0,0.0,25
1900-01-01 14:06:01.654,0.244951,0.873986,1.081638,1.424454,0,0.0,25
1900-01-01 14:06:02.654,0.245649,0.873141,1.082575,1.311299,0,0.0,25
1900-01-01 14:06:03.654,0.245203,0.872505,1.080334,1.264151,0,0.0,25
1900-01-01 14:06:04.654,0.245676,0.873692,1.081721,1.462173,0,0.0,25
1900-01-01 14:06:05.654,0.245896,0.872185,1.079525,1.202858,0,0.0,25
1900-01-01 14:06:06.654,0.245187,0.872274,1.07992,1.235862,0,0.0,25
1900-01-01 14:06:07.654,0.245056,0.873115,1.0814,1.301869,0,0.0,25
1900-01-01 14:06:08.654,0.245534,0.873293,1.081041,1.311299,0,0.0,25
1900-01-01 14:06:09.654,0.245565,0.873146,1.081914,1.183999,0,0.0,25
1900-01-01 14:06:10.654,0.24483,0.872768,1.080646,0.976548,0,0.0,25
1900-01-01 14:06:11.654,0.244746,0.873225,1.08117,1.226432,0,0.0,25
1900-01-01 14:06:12.654,0.245035,0.873629,1.081455,1.245292,0,0.0,25
1900-01-01 14:06:13.654,0.245439,0.872306,1.08072,1.221718,0,0.0,25
1900-01-01 14:06:14.654,0.245103,0.874207,1.083421,1.179284,0,0.0,25
1900-01-01 14:06:15.654,0.246658,0.875157,1.083044,1.245292,0,0.0,25
1900-01-01 14:06:16.654,0.245418,0.871818,1.080977,1.160425,0,0.0,25
1900-01-01 14:06:17.654,0.244095,0.872878,1.080104,1.004836,0,0.0,25
1900-01-01 14:06:18.654,0.244783,0.871209,1.079672,1.17457,0,0.0,25
1900-01-01 14:06:19.654,0.245056,0.872742,1.080821,1.254721,0,0.0,25
1900-01-01 14:06:20.654,0.245187,0.873529,1.080922,1.117992,0,0.0,25
1900-01-01 14:06:21.654,0.24546,0.871681,1.080499,1.28301,0,0.0,25
1900-01-01 14:06:22.654,0.245103,0.872516,1.0823,1.570613,0,0.0,25
1900-01-01 14:06:23.654,0.245098,0.873808,1.081041,1.254721,0,0.0,25
1900-01-01 14:06:24.654,0.24534,0.872495,1.079599,1.03784,0,0.0,25
1900-01-01 14:06:25.654,0.246143,0.875041,1.08264,1.584758,0,0.0,25
1900-01-01 14:06:26.654,0.245481,0.872553,1.080619,1.226432,0,0.0,25
1900-01-01 14:06:27.654,0.245082,0.871954,1.081363,1.334873,0,0.0,25
1900-01-01 14:06:28.654,0.245907,0.874065,1.082989,0.957688,0,0.0,25
1900-01-01 14:06:29.654,0.244951,0.870642,1.078257,1.316014,0,0.0,25
1900-01-01 14:06:30.654,0.244972,0.871618,1.081372,1.089703,0,0.0,25
1900-01-01 14:06:31.654,0.245571,0.873493,1.081363,1.325443,0,0.0,25
1900-01-01 14:06:32.654,0.245954,0.874474,1.083366,1.193429,0,0.0,25
1900-01-01 14:06:33.654,0.245723,0.873225,1.081739,1.202858,0,0.0,25
1900-01-01 14:06:34.654,0.246469,0.875593,1.083255,1.330158,0,0.0,25
1900-01-01 14:06:35.654,0.245844,0.873125,1.082089,1.278295,0,0.0,25
1900-01-01 14:06:36.654,0.245539,0.873335,1.080563,1.108562,0,0.0,25
1900-01-01 14:06:37.654,0.245376,0.871896,1.079838,1.367877,0,0.0,25
1900-01-01 14:06:38.654,0.245445,0.872847,1.08105,1.325443,0,0.0,25
1900-01-01 14:06:39.654,0.245098,0.873865,1.081335,1.16514,0,0.0,25
1900-01-01 14:06:40.654,0.246269,0.874606,1.082824,1.259436,0,0.0,25
1900-01-01 14:06:41.654,0.245607,0.874296,1.082557,1.372591,0,0.0,25
1900-01-01 14:06:42.654,0.245597,0.873503,1.081032,1.391451,0,0.0,25
1900-01-01 14:06:43.654,0.246269,0.874842,1.083007,1.547039,0,0.0,25
1900-01-01 14:06:44.654,0.245907,0.871429,1.080187,1.268866,0,0.0,25
1900-01-01 14:06:45.654,0.245786,0.872007,1.081032,1.235862,0,0.0,25
1900-01-01 14:06:46.654,0.246059,0.872395,1.080766,1.52818,0,0.0,25
1900-01-01 14:06:47.654,0.245943,0.872154,1.079452,1.250006,0,0.0,25
1900-01-01 14:06:48.654,0.246658,0.874495,1.08207,1.415025,0,0.0,25
1900-01-01 14:06:49.654,0.24555,0.873424,1.081574,1.084988,0,0.0,25
1900-01-01 14:06:50.654,0.245891,0.874285,1.083053,1.297155,0,0.0,25
1900-01-01 14:06:51.654,0.246285,0.874081,1.082144,1.27358,0,0.0,25
1900-01-01 14:06:52.654,0.246211,0.874343,1.082383,1.499891,0,0.0,25
1900-01-01 14:06:53.654,0.245571,0.874606,1.083035,1.136851,0,0.0,25
1900-01-01 14:06:54.654,0.24546,0.872758,1.081197,1.000122,0,0.0,25
1900-01-01 14:06:55.654,0.245922,0.873724,1.083457,0.981262,0,0.0,25
1900-01-01 14:06:56.654,0.245051,0.872369,1.081124,1.089703,0,0.0,25
1900-01-01 14:06:57.654,0.246595,0.874952,1.083173,1.235862,0,0.0,25
1900-01-01 14:06:58.654,0.245334,0.874569,1.082291,1.254721,0,0.0,25
1900-01-01 14:06:59.654,0.245067,0.873409,1.083072,1.231147,0,0.0,25
1900-01-01 14:07:00.654,0.244914,0.871214,1.079599,0.990692,0,0.0,25
1900-01-01 14:07:01.654,0.245245,0.872889,1.081151,1.311299,0,0.0,25
1900-01-01 14:07:02.654,0.245366,0.873718,1.082805,1.061414,0,0.0,25
1900-01-01 14:07:03.654,0.24483,0.871802,1.080306,1.217003,0,0.0,25
1900-01-01 14:07:04.654,0.245991,0.872726,1.080857,1.41974,0,0.0,25
1900-01-01 14:07:05.654,0.245513,0.872716,1.081133,1.358447,0,0.0,25
1900-01-01 14:07:06.654,0.244752,0.872999,1.081611,1.056699,0,0.0,25
1900-01-01 14:07:07.654,0.245266,0.873172,1.081785,1.231147,0,0.0,25
1900-01-01 14:07:08.654,0.245114,0.872889,1.081611,1.349017,0,0.0,25
1900-01-01 14:07:09.654,0.245051,0.872495,1.080306,1.372591,0,0.0,25
1900-01-01 14:07:10.654,0.244741,0.873025,1.080334,1.198144,0,0.0,25
1900-01-01 14:07:11.654,0.245182,0.873083,1.080876,1.334873,0,0.0,25
1900-01-01 14:07:12.654,0.244022,0.872285,1.081078,1.372591,0,0.0,25
1900-01-01 14:07:13.654,0.245985,0.873934,1.081648,1.372591,0,0.0,25
1900-01-01 14:07:14.654,0.245833,0.872731,1.080233,1.27358,0,0.0,25
1900-01-01 14:07:15.654,0.245597,0.874417,1.083384,1.254721,0,0.0,25
1900-01-01 14:07:16.654,0.245581,0.87364,1.082263,1.245292,0,0.0,25
1900-01-01 14:07:17.654,0.244767,0.873876,1.081225,1.391451,0,0.0,25
1900-01-01 14:07:18.654,0.244148,0.872495,1.079351,1.188714,0,0.0,25
1900-01-01 14:07:19.654,0.244232,0.872427,1.081087,1.306584,0,0.0,25
1900-01-01 14:07:20.654,0.244332,0.872227,1.080122,1.113277,0,0.0,25
1900-01-01 14:07:21.654,0.245303,0.871492,1.07992,1.320729,0,0.0,25
1900-01-01 14:07:22.654,0.245529,0.874669,1.08331,1.193429,0,0.0,25
1900-01-01 14:07:23.654,0.24524,0.873871,1.082741,1.070844,0,0.0,25
1900-01-01 14:07:24.654,0.24513,0.872248,1.080931,1.424454,0,0.0,25
1900-01-01 14:07:25.654,0.243696,0.87144,1.079048,1.202858,0,0.0,25
1900-01-01 14:07:26.654,0.244384,0.872369,1.080949,1.056699,0,0.0,25
1900-01-01 14:07:27.654,0.244332,0.872348,1.080407,1.457458,0,0.0,25
1900-01-01 14:07:28.654,0.24587,0.872794,1.080444,1.202858,0,0.0,25
1900-01-01 14:07:29.654,0.24493,0.872075,1.078708,1.179284,0,0.0,25
1900-01-01 14:07:30.654,0.244599,0.874574,1.081942,1.339588,0,0.0,25
1900-01-01 14:07:31.654,0.243948,0.874165,1.080766,1.080273,0,0.0,25
1900-01-01 14:07:32.654,0.244342,0.872652,1.080563,1.070844,0,0.0,25
1900-01-01 14:07:33.654,0.245445,0.874543,1.08139,1.141566,0,0.0,25
1900-01-01 14:07:34.654,0.24524,0.872154,1.079213,1.179284,0,0.0,25
1900-01-01 14:07:35.654,0.24398,0.873304,1.080802,1.207573,0,0.0,25
1900-01-01 14:07:36.654,0.244442,0.873766,1.080692,1.004836,0,0.0,25
1900-01-01 14:07:37.654,0.244174,0.871613,1.079351,1.306584,0,0.0,25
1900-01-01 14:07:38.654,0.244473,0.873472,1.081923,1.457458,0,0.0,25
1900-01-01 14:07:39.654,0.244631,0.874543,1.081115,1.301869,0,0.0,25
1900-01-01 14:07:40.654,0.24483,0.874201,1.08094,1.316014,0,0.0,25
1900-01-01 14:07:41.654,0.2442,0.874369,1.082281,1.316014,0,0.0,25
1900-01-01 14:07:42.654,0.244368,0.874726,1.082116,1.334873,0,0.0,25
1900-01-01 14:07:43.654,0.244536,0.872563,1.080104,1.113277,0,0.0,25
1900-01-01 14:07:44.654,0.244227,0.874952,1.083412,1.349017,0,0.0,25
1900-01-01 14:07:45.654,0.245518,0.874669,1.082217,1.245292,0,0.0,25
1900-01-01 14:07:46.654,0.243429,0.873671,1.080325,1.099133,0,0.0,25
1900-01-01 14:07:47.654,0.244647,0.872379,1.080692,1.136851,0,0.0,25
1900-01-01 14:07:48.654,0.244132,0.874243,1.081795,1.094418,0,0.0,25
1900-01-01 14:07:49.654,0.243948,0.872652,1.080591,1.485747,0,0.0,25
1900-01-01 14:07:50.654,0.245208,0.874233,1.081886,1.349017,0,0.0,25
1900-01-01 14:07:51.654,0.244825,0.873592,1.081253,1.306584,0,0.0,25
1900-01-01 14:07:52.654,0.244799,0.874075,1.082134,1.103847,0,0.0,25
1900-01-01 14:07:53.654,0.243255,0.871744,1.079149,1.29244,0,0.0,25
1900-01-01 14:07:54.654,0.244064,0.874296,1.081739,1.231147,0,0.0,25
1900-01-01 14:07:55.654,0.243287,0.87198,1.080113,1.193429,0,0.0,25
1900-01-01 14:07:56.654,0.244216,0.874165,1.081547,1.231147,0,0.0,25
1900-01-01 14:07:57.654,0.243896,0.872432,1.080361,1.259436,0,0.0,25
1900-01-01 14:07:58.654,0.243334,0.872453,1.080959,1.29244,0,0.0,25
1900-01-01 14:07:59.654,0.243019,0.872453,1.079544,1.066129,0,0.0,25
1900-01-01 14:08:00.654,0.244363,0.87354,1.08015,1.183999,0,0.0,25
1900-01-01 14:08:01.654,0.24357,0.872238,1.079534,1.04727,0,0.0,25
1900-01-01 14:08:02.654,0.243392,0.873361,1.080655,1.382021,0,0.0,25
1900-01-01 14:08:03.654,0.245056,0.872558,1.080205,0.811529,0,0.0,25
1900-01-01 14:08:04.654,0.243801,0.873451,1.082171,1.41031,0,0.0,25
1900-01-01 14:08:05.654,0.243938,0.873498,1.081905,1.231147,0,0.0,25
1900-01-01 14:08:06.654,0.244164,0.873923,1.081877,1.160425,0,0.0,25
1900-01-01 14:08:07.654,0.243791,0.87312,1.081381,1.443314,0,0.0,25
1900-01-01 14:08:08.654,0.243644,0.872196,1.08026,1.27358,0,0.0,25
1900-01-01 14:08:09.654,0.244573,0.872311,1.080196,1.117992,0,0.0,25
1900-01-01 14:08:10.654,0.243822,0.874296,1.08162,1.061414,0,0.0,25
1900-01-01 14:08:11.654,0.244374,0.874081,1.08184,1.122707,0,0.0,25
1900-01-01 14:08:12.654,0.244174,0.872001,1.079424,1.117992,0,0.0,25
1900-01-01 14:08:13.654,0.24377,0.87365,1.080462,1.448028,0,0.0,25
1900-01-01 14:08:14.654,0.244788,0.87386,1.081831,1.297155,0,0.0,25
1900-01-01 14:08:15.654,0.243969,0.872674,1.08026,1.40088,0,0.0,25
1900-01-01 14:08:16.654,0.243901,0.872238,1.080168,1.391451,0,0.0,25
1900-01-01 14:08:17.654,0.243465,0.873235,1.079681,1.188714,0,0.0,25
1900-01-01 14:08:18.654,0.243471,0.872427,1.080499,1.080273,0,0.0,25
1900-01-01 14:08:19.654,0.243166,0.87207,1.079884,0.934114,0,0.0,25
1900-01-01 14:08:20.654,0.243145,0.872243,1.079939,1.424454,0,0.0,25
1900-01-01 14:08:21.654,0.245193,0.874789,1.082327,1.250006,0,0.0,25
1900-01-01 14:08:22.654,0.243691,0.873141,1.082704,1.245292,0,0.0,25
1900-01-01 14:08:23.654,0.244458,0.874007,1.082621,1.316014,0,0.0,25
1900-01-01 14:08:24.654,0.244977,0.87365,1.081179,1.042555,0,0.0,25
1900-01-01 14:08:25.654,0.243633,0.872663,1.07992,1.217003,0,0.0,25
1900-01-01 14:08:26.654,0.244531,0.873078,1.081611,1.014266,0,0.0,25
1900-01-01 14:08:27.654,0.243024,0.873293,1.080545,1.415025,0,0.0,25
1900-01-01 14:08:28.654,0.244174,0.872364,1.07936,1.339588,0,0.0,25
1900-01-01 14:08:29.654,0.243922,0.873146,1.080646,1.17457,0,0.0,25
1900-01-01 14:08:30.654,0.244993,0.874957,1.082346,1.183999,0,0.0,25
1900-01-01 14:08:31.654,0.243087,0.872001,1.079342,1.117992,0,0.0,25
1900-01-01 14:08:32.654,0.243549,0.872028,1.080325,1.377306,0,0.0,25
1900-01-01 14:08:33.654,0.243555,0.871902,1.079048,1.202858,0,0.0,25
1900-01-01 14:08:34.654,0.244384,0.872989,1.079985,1.490462,0,0.0,25
1900-01-01 14:08:35.654,0.243912,0.873855,1.082722,1.042555,0,0.0,25
1900-01-01 14:08:36.654,0.24388,0.873256,1.082318,1.485747,0,0.0,25
1900-01-01 14:08:37.654,0.242862,0.873577,1.081363,1.03784,0,0.0,25
1900-01-01 14:08:38.654,0.24314,0.87343,1.082171,1.245292,0,0.0,25
1900-01-01 14:08:39.654,0.243954,0.873409,1.0814,1.179284,0,0.0,25
1900-01-01 14:08:40.654,0.242447,0.871534,1.079792,1.179284,0,0.0,25
1900-01-01 14:08:41.654,0.242814,0.871592,1.0797,1.000122,0,0.0,25
1900-01-01 14:08:42.654,0.24377,0.874884,1.081868,1.28301,0,0.0,25
1900-01-01 14:08:43.654,0.242967,0.873388,1.08207,1.306584,0,0.0,25
1900-01-01 14:08:44.654,0.243082,0.87333,1.081188,1.117992,0,0.0,25
1900-01-01 14:08:45.654,0.242872,0.871461,1.080545,1.28301,0,0.0,25
1900-01-01 14:08:46.654,0.243791,0.873708,1.081923,1.160425,0,0.0,25
1900-01-01 14:08:47.654,0.244269,0.873409,1.080205,1.325443,0,0.0,25
1900-01-01 14:08:48.654,0.243198,0.87376,1.081142,1.217003,0,0.0,25
1900-01-01 14:08:49.654,0.243612,0.875819,1.083889,1.339588,0,0.0,25
1900-01-01 14:08:50.654,0.243702,0.872779,1.080766,1.183999,0,0.0,25
1900-01-01 14:08:51.654,0.243119,0.87334,1.081298,1.136851,0,0.0,25
1900-01-01 14:08:52.654,0.242741,0.87292,1.08139,1.339588,0,0.0,25
1900-01-01 14:08:53.654,0.243156,0.872421,1.080894,1.523465,0,0.0,25
1900-01-01 14:08:54.654,0.243717,0.874333,1.082208,1.424454,0,0.0,25
1900-01-01 14:08:55.654,0.244347,0.873346,1.08184,1.372591,0,0.0,25
1900-01-01 14:08:56.654,0.2444,0.87564,1.082879,0.924685,0,0.0,25
1900-01-01 14:08:57.654,0.243345,0.874537,1.083641,1.221718,0,0.0,25
1900-01-01 14:08:58.654,0.244484,0.873797,1.082511,1.02841,0,0.0,25
1900-01-01 14:08:59.654,0.244032,0.874606,1.082934,1.363162,0,0.0,25
1900-01-01 14:09:00.654,0.243906,0.873524,1.081565,1.349017,0,0.0,25
1900-01-01 14:09:01.654,0.244169,0.873545,1.080315,0.967118,0,0.0,25
1900-01-01 14:09:02.654,0.242841,0.873241,1.081271,1.28301,0,0.0,25
1900-01-01 14:09:03.654,0.242982,0.873561,1.081317,1.330158,0,0.0,25
1900-01-01 14:09:04.654,0.242541,0.871928,1.08162,1.476317,0,0.0,25
1900-01-01 14:09:05.654,0.244452,0.874406,1.081987,1.424454,0,0.0,25
1900-01-01 14:09:06.654,0.243371,0.873781,1.082851,1.217003,0,0.0,25
1900-01-01 14:09:07.654,0.243198,0.872007,1.080462,1.28301,0,0.0,25
1900-01-01 14:09:08.654,0.244085,0.875183,1.08264,1.509321,0,0.0,25
1900-01-01 14:09:09.654,0.243744,0.873346,1.081179,1.127421,0,0.0,25
1900-01-01 14:09:10.654,0.242132,0.871476,1.080067,1.113277,0,0.0,25
1900-01-01 14:09:11.654,0.243549,0.87439,1.081978,1.231147,0,0.0,25
1900-01-01 14:09:12.654,0.243675,0.871812,1.079718,1.217003,0,0.0,25
1900-01-01 14:09:13.654,0.243397,0.873598,1.082309,1.311299,0,0.0,25
1900-01-01 14:09:14.654,0.24303,0.871062,1.08071,1.330158,0,0.0,25
1900-01-01 14:09:15.654,0.243271,0.872458,1.080315,1.29244,0,0.0,25
1900-01-01 14:09:16.654,0.244153,0.873913,1.080903,1.339588,0,0.0,25
1900-01-01 14:09:17.654,0.243954,0.872096,1.080665,1.490462,0,0.0,25
1900-01-01 14:09:18.654,0.242399,0.871303,1.079323,1.349017,0,0.0,25
1900-01-01 14:09:19.654,0.243266,0.874054,1.082566,1.405595,0,0.0,25
1900-01-01 14:09:20.654,0.243413,0.872416,1.081253,1.268866,0,0.0,25
1900-01-01 14:09:21.654,0.242883,0.872274,1.080665,1.287725,0,0.0,25
1900-01-01 14:09:22.654,0.243297,0.872831,1.081133,1.27358,0,0.0,25
1900-01-01 14:09:23.654,0.244557,0.874984,1.083715,1.316014,0,0.0,25
1900-01-01 14:09:24.654,0.243082,0.872616,1.080903,1.339588,0,0.0,25
1900-01-01 14:09:25.654,0.243859,0.873676,1.0823,1.641336,0,0.0,25
1900-01-01 14:09:26.654,0.242972,0.872626,1.080462,1.372591,0,0.0,25
1900-01-01 14:09:27.654,0.243681,0.874243,1.082906,1.518751,0,0.0,25
1900-01-01 14:09:28.654,0.243765,0.874464,1.082925,1.532895,0,0.0,25
1900-01-01 14:09:29.654,0.243208,0.872007,1.080306,1.452743,0,0.0,25
1900-01-01 14:09:30.654,0.243696,0.874369,1.08309,1.009551,0,0.0,25
1900-01-01 14:09:31.654,0.243523,0.874191,1.081565,1.264151,0,0.0,25
1900-01-01 14:09:32.654,0.243518,0.874548,1.082814,1.330158,0,0.0,25
1900-01-01 14:09:33.654,0.244032,0.873104,1.081308,1.29244,0,0.0,25
1900-01-01 14:09:34.654,0.24325,0.874354,1.082245,1.377306,0,0.0,25
1900-01-01 14:09:35.654,0.243612,0.874144,1.081161,1.386736,0,0.0,25
1900-01-01 14:09:36.654,0.243843,0.874417,1.082686,1.481032,0,0.0,25
1900-01-01 14:09:37.654,0.24304,0.874249,1.083182,1.386736,0,0.0,25
1900-01-01 14:09:38.654,0.242956,0.872043,1.080159,1.122707,0,0.0,25
1900-01-01 14:09:39.654,0.24356,0.874621,1.082713,1.514036,0,0.0,25
1900-01-01 14:09:40.654,0.243045,0.872264,1.080692,1.160425,0,0.0,25
1900-01-01 14:09:41.654,0.243565,0.872752,1.081207,1.217003,0,0.0,25
1900-01-01 14:09:42.654,0.24336,0.872211,1.079911,1.004836,0,0.0,25
1900-01-01 14:09:43.654,0.244573,0.87637,1.083559,1.264151,0,0.0,25
1900-01-01 14:09:44.654,0.243639,0.872295,1.079406,1.424454,0,0.0,25
1900-01-01 14:09:45.654,0.243555,0.873787,1.080122,1.202858,0,0.0,25
1900-01-01 14:09:46.654,0.242972,0.871812,1.079902,1.198144,0,0.0,25
1900-01-01 14:09:47.654,0.243507,0.872637,1.080288,1.320729,0,0.0,25
1900-01-01 14:09:48.654,0.242525,0.870537,1.078156,1.372591,0,0.0,25
1900-01-01 14:09:49.654,0.243549,0.871235,1.078083,1.183999,0,0.0,25
1900-01-01 14:09:50.654,0.243707,0.873046,1.080205,1.099133,0,0.0,25
1900-01-01 14:09:51.654,0.243586,0.872542,1.080196,1.183999,0,0.0,25
1900-01-01 14:09:52.654,0.243381,0.872789,1.080508,1.268866,0,0.0,25
1900-01-01 14:09:53.654,0.243187,0.872479,1.079185,1.160425,0,0.0,25
1900-01-01 14:09:54.654,0.243114,0.870484,1.077541,0.990692,0,0.0,25
1900-01-01 14:09:55.654,0.243948,0.873346,1.080031,1.311299,0,0.0,25
1900-01-01 14:09:56.654,0.242851,0.87301,1.08117,1.009551,0,0.0,25
1900-01-01 14:09:57.654,0.242667,0.872301,1.07913,1.221718,0,0.0,25
1900-01-01 14:09:58.654,0.243129,0.872075,1.07891,1.349017,0,0.0,25
1900-01-01 14:09:59.654,0.243943,0.873907,1.081877,1.334873,0,0.0,25
1900-01-01 14:10:00.654,0.24398,0.873267,1.078487,1.598902,0,0.0,25
1900-01-01 14:10:01.654,0.24346,0.871203,1.078395,1.320729,0,0.0,25
1900-01-01 14:10:02.654,0.244263,0.873403,1.081041,1.372591,0,0.0,25
1900-01-01 14:10:03.654,0.242862,0.870258,1.07733,1.061414,0,0.0,25
1900-01-01 14:10:04.654,0.24336,0.871146,1.079222,1.53761,0,0.0,25
1900-01-01 14:10:05.654,0.243644,0.872106,1.078928,1.344303,0,0.0,25
1900-01-01 14:10:06.654,0.243885,0.874711,1.081409,1.009551,0,0.0,25
1900-01-01 14:10:07.654,0.242893,0.871361,1.078267,1.03784,0,0.0,25
1900-01-01 14:10:08.654,0.244043,0.874301,1.080104,1.183999,0,0.0,25
1900-01-01 14:10:09.654,0.242657,0.872994,1.08004,1.141566,0,0.0,25
1900-01-01 14:10:10.654,0.242972,0.871293,1.078882,1.094418,0,0.0,25
1900-01-01 14:10:11.654,0.242956,0.871629,1.079783,1.226432,0,0.0,25
1900-01-01 14:10:12.654,0.24357,0.872143,1.079461,1.15571,0,0.0,25
1900-01-01 14:10:13.654,0.243943,0.873718,1.080701,1.04727,0,0.0,25
1900-01-01 14:10:14.654,0.242961,0.872584,1.079002,1.320729,0,0.0,25
1900-01-01 14:10:15.654,0.242909,0.871266,1.077862,1.415025,0,0.0,25
1900-01-01 14:10:16.654,0.243838,0.873844,1.081354,1.183999,0,0.0,25
1900-01-01 14:10:17.654,0.24377,0.872605,1.079764,1.141566,0,0.0,25
1900-01-01 14:10:18.654,0.243413,0.872243,1.079709,1.367877,0,0.0,25
1900-01-01 14:10:19.654,0.243639,0.872899,1.078147,1.311299,0,0.0,25
1900-01-01 14:10:20.654,0.243434,0.870316,1.077752,1.17457,0,0.0,25
1900-01-01 14:10:21.654,0.243297,0.872306,1.080279,1.198144,0,0.0,25
1900-01-01 14:10:22.654,0.242982,0.872815,1.081069,1.193429,0,0.0,25
1900-01-01 14:10:23.654,0.243896,0.874343,1.082548,1.198144,0,0.0,25
1900-01-01 14:10:24.654,0.243518,0.874154,1.081216,1.183999,0,0.0,25
1900-01-01 14:10:25.654,0.244043,0.874548,1.081556,1.16514,0,0.0,25
1900-01-01 14:10:26.654,0.243072,0.872096,1.079792,1.198144,0,0.0,25
1900-01-01 14:10:27.654,0.243518,0.873162,1.080821,1.344303,0,0.0,25
1900-01-01 14:10:28.654,0.243303,0.872295,1.079516,1.014266,0,0.0,25
1900-01-01 14:10:29.654,0.243355,0.874443,1.080251,1.334873,0,0.0,25
1900-01-01 14:10:30.654,0.243707,0.873745,1.080214,1.358447,0,0.0,25
1900-01-01 14:10:31.654,0.243439,0.872432,1.07959,1.15571,0,0.0,25
1900-01-01 14:10:32.654,0.243565,0.872337,1.080297,1.268866,0,0.0,25
1900-01-01 14:10:33.654,0.242599,0.872595,1.080067,0.976548,0,0.0,25
1900-01-01 14:10:34.654,0.243597,0.8748,1.084413,1.193429,0,0.0,25
1900-01-01 14:10:35.654,0.243187,0.873451,1.082116,1.580043,0,0.0,25
1900-01-01 14:10:36.654,0.242426,0.87228,1.080692,1.391451,0,0.0,25
1900-01-01 14:10:37.654,0.242867,0.871597,1.079672,1.641336,0,0.0,25
1900-01-01 14:10:38.654,0.242678,0.871403,1.080462,1.070844,0,0.0,25
1900-01-01 14:10:39.654,0.244122,0.873498,1.08173,1.28301,0,0.0,25
1900-01-01 14:10:40.654,0.242862,0.874165,1.081225,1.250006,0,0.0,25
1900-01-01 14:10:41.654,0.243135,0.874963,1.084119,1.16514,0,0.0,25
1900-01-01 14:10:42.654,0.243219,0.87301,1.080343,1.259436,0,0.0,25
1900-01-01 14:10:43.654,0.242872,0.872847,1.080159,1.40088,0,0.0,25
1900-01-01 14:10:44.654,0.244143,0.873724,1.080949,0.915255,0,0.0,25
1900-01-01 14:10:45.654,0.243345,0.873524,1.081822,1.099133,0,0.0,25
1900-01-01 14:10:46.654,0.243686,0.874747,1.082318,1.042555,0,0.0,25
1900-01-01 14:10:47.654,0.243087,0.872957,1.078855,1.367877,0,0.0,25
1900-01-01 14:10:48.654,0.242872,0.872842,1.08026,1.415025,0,0.0,25
1900-01-01 14:10:49.654,0.242856,0.873146,1.081078,1.16514,0,0.0,25
1900-01-01 14:10:50.654,0.243271,0.874931,1.083338,1.396165,0,0.0,25
1900-01-01 14:10:51.654,0.243392,0.872421,1.080435,1.278295,0,0.0,25
1900-01-01 14:10:52.654,0.242725,0.872484,1.079424,1.466888,0,0.0,25
1900-01-01 14:10:53.654,0.24303,0.873771,1.081124,1.094418,0,0.0,25
1900-01-01 14:10:54.654,0.243024,0.874453,1.081574,1.268866,0,0.0,25
1900-01-01 14:10:55.654,0.242883,0.872227,1.079939,1.367877,0,0.0,25
1900-01-01 14:10:56.654,0.243402,0.871508,1.080122,1.405595,0,0.0,25
1900-01-01 14:10:57.654,0.244022,0.87459,1.083246,1.113277,0,0.0,25
1900-01-01 14:10:58.654,0.243497,0.874327,1.082778,1.316014,0,0.0,25
1900-01-01 14:10:59.654,0.243366,0.873939,1.081023,1.386736,0,0.0,25
1900-01-01 14:11:00.654,0.242793,0.873209,1.080242,1.245292,0,0.0,25
1900-01-01 14:11:01.654,0.242174,0.872889,1.079939,1.150995,0,0.0,25
1900-01-01 14:11:02.654,0.243975,0.875047,1.083595,1.367877,0,0.0,25
1900-01-01 14:11:03.654,0.242814,0.873955,1.081969,1.132136,0,0.0,25
1900-01-01 14:11:04.654,0.243418,0.874091,1.081831,1.254721,0,0.0,25
1900-01-01 14:11:05.654,0.243418,0.873393,1.080518,1.518751,0,0.0,25
1900-01-01 14:11:06.654,0.243166,0.87344,1.080931,1.382021,0,0.0,25
1900-01-01 14:11:07.654,0.24283,0.873582,1.081004,1.018981,0,0.0,25
1900-01-01 14:11:08.654,0.243623,0.873886,1.080683,1.353732,0,0.0,25
1900-01-01 14:11:09.654,0.243896,0.874327,1.080812,1.372591,0,0.0,25
1900-01-01 14:11:10.654,0.243082,0.872154,1.079755,1.627191,0,0.0,25
1900-01-01 14:11:11.654,0.24388,0.872737,1.080931,0.797385,0,0.0,25
1900-01-01 14:11:12.654,0.243828,0.876995,1.083604,1.250006,0,0.0,25
1900-01-01 14:11:13.654,0.243072,0.873461,1.080628,1.320729,0,0.0,25
1900-01-01 14:11:14.654,0.241806,0.870573,1.079002,1.311299,0,0.0,25
1900-01-01 14:11:15.654,0.243434,0.873125,1.080481,1.160425,0,0.0,25
1900-01-01 14:11:16.654,0.243009,0.872122,1.079948,1.499891,0,0.0,25
1900-01-01 14:11:17.654,0.243261,0.874737,1.082952,0.938829,0,0.0,25
1900-01-01 14:11:18.654,0.243633,0.874936,1.082603,1.113277,0,0.0,25
1900-01-01 14:11:19.654,0.242478,0.872983,1.081253,1.141566,0,0.0,25
1900-01-01 14:11:20.654,0.243135,0.8746,1.083292,1.334873,0,0.0,25
1900-01-01 14:11:21.654,0.243481,0.872773,1.081124,1.382021,0,0.0,25
1900-01-01 14:11:22.654,0.244048,0.874989,1.081666,1.424454,0,0.0,25
1900-01-01 14:11:23.654,0.243707,0.873844,1.081813,1.132136,0,0.0,25
1900-01-01 14:11:24.654,0.243324,0.875556,1.083843,1.212288,0,0.0,25
1900-01-01 14:11:25.654,0.242809,0.873424,1.081032,1.202858,0,0.0,25
1900-01-01 14:11:26.654,0.242431,0.873246,1.080187,1.311299,0,0.0,25
1900-01-01 14:11:27.654,0.24324,0.874238,1.082456,1.113277,0,0.0,25
1900-01-01 14:11:28.654,0.242483,0.874879,1.083347,1.438599,0,0.0,25
1900-01-01 14:11:29.654,0.243093,0.873157,1.08253,1.056699,0,0.0,25
1900-01-01 14:11:30.654,0.242594,0.872878,1.082208,1.367877,0,0.0,25
1900-01-01 14:11:31.654,0.243082,0.873398,1.082337,1.344303,0,0.0,25
1900-01-01 14:11:32.654,0.242904,0.873398,1.082337,1.051984,0,0.0,25
1900-01-01 14:11:33.654,0.243381,0.873881,1.082291,1.250006,0,0.0,25
1900-01-01 14:11:34.654,0.242772,0.874343,1.083072,1.349017,0,0.0,25
1900-01-01 14:11:35.654,0.243665,0.873503,1.081987,1.443314,0,0.0,25
1900-01-01 14:11:36.654,0.242431,0.871644,1.080058,1.042555,0,0.0,25
1900-01-01 14:11:37.654,0.242662,0.87322,1.082768,1.41974,0,0.0,25
1900-01-01 14:11:38.654,0.242058,0.873015,1.081253,1.490462,0,0.0,25
1900-01-01 14:11:39.654,0.243303,0.87355,1.081923,1.495176,0,0.0,25
1900-01-01 14:11:40.654,0.242856,0.873115,1.081418,1.226432,0,0.0,25
1900-01-01 14:11:41.654,0.2421,0.8726,1.081547,1.367877,0,0.0,25
1900-01-01 14:11:42.654,0.243303,0.872994,1.082052,1.433884,0,0.0,25
1900-01-01 14:11:43.654,0.243502,0.87407,1.082199,1.103847,0,0.0,25
1900-01-01 14:11:44.654,0.243381,0.874905,1.083788,1.41974,0,0.0,25
1900-01-01 14:11:45.654,0.242063,0.872343,1.081877,1.509321,0,0.0,25
1900-01-01 14:11:46.654,0.243166,0.874642,1.082456,1.301869,0,0.0,25
1900-01-01 14:11:47.654,0.243282,0.873577,1.081859,1.146281,0,0.0,25
1900-01-01 14:11:48.654,0.243082,0.874159,1.082879,1.287725,0,0.0,25
1900-01-01 14:11:49.654,0.243135,0.874333,1.082677,1.386736,0,0.0,25
1900-01-01 14:11:50.654,0.243675,0.872899,1.082033,1.306584,0,0.0,25
1900-01-01 14:11:51.654,0.242741,0.872159,1.079231,1.27358,0,0.0,25
1900-01-01 14:11:52.654,0.241785,0.869723,1.078138,1.448028,0,0.0,25
1900-01-01 14:11:53.654,0.242982,0.873477,1.082667,1.051984,0,0.0,25
1900-01-01 14:11:54.654,0.242588,0.873613,1.081648,0.91997,0,0.0,25
1900-01-01 14:11:55.654,0.243156,0.874495,1.083448,1.334873,0,0.0,25
1900-01-01 14:11:56.654,0.242042,0.873125,1.082171,1.141566,0,0.0,25
1900-01-01 14:11:57.654,0.243481,0.874821,1.083053,1.103847,0,0.0,25
1900-01-01 14:11:58.654,0.241523,0.870537,1.078221,0.91054,0,0.0,25
1900-01-01 14:11:59.654,0.243513,0.874611,1.083577,1.287725,0,0.0,25
1900-01-01 14:12:00.654,0.242736,0.872847,1.081188,1.504606,0,0.0,25
1900-01-01 14:12:01.654,0.242342,0.873897,1.082171,1.254721,0,0.0,25
1900-01-01 14:12:02.654,0.241622,0.872915,1.080361,1.084988,0,0.0,25
1900-01-01 14:12:03.654,0.242578,0.873115,1.081978,1.320729,0,0.0,25
1900-01-01 14:12:04.654,0.242883,0.873099,1.08049,1.018981,0,0.0,25
1900-01-01 14:12:05.654,0.243229,0.872994,1.080628,1.259436,0,0.0,25
1900-01-01 14:12:06.654,0.243518,0.873603,1.081767,1.377306,0,0.0,25
1900-01-01 14:12:07.654,0.242158,0.874039,1.081592,1.17457,0,0.0,25
1900-01-01 14:12:08.654,0.242226,0.870411,1.078625,1.235862,0,0.0,25
1900-01-01 14:12:09.654,0.242588,0.874795,1.083246,1.226432,0,0.0,25
1900-01-01 14:12:10.654,0.242778,0.870862,1.079544,1.287725,0,0.0,25
1900-01-01 14:12:11.654,0.241817,0.871959,1.079314,1.094418,0,0.0,25
1900-01-01 14:12:12.654,0.242121,0.872463,1.080802,1.339588,0,0.0,25
1900-01-01 14:12:13.654,0.243565,0.875945,1.083715,1.391451,0,0.0,25
1900-01-01 14:12:14.654,0.241906,0.872889,1.079902,1.353732,0,0.0,25
1900-01-01 14:12:15.654,0.242415,0.873451,1.080839,1.27358,0,0.0,25
1900-01-01 14:12:16.654,0.243297,0.874348,1.082869,1.481032,0,0.0,25
1900-01-01 14:12:17.654,0.242205,0.873661,1.08309,1.193429,0,0.0,25
1900-01-01 14:12:18.654,0.243098,0.874002,1.082098,1.051984,0,0.0,25
1900-01-01 14:12:19.654,0.242631,0.874758,1.082989,1.113277,0,0.0,25
1900-01-01 14:12:20.654,0.242158,0.875199,1.083963,1.603617,0,0.0,25
1900-01-01 14:12:21.654,0.242205,0.874012,1.080857,1.330158,0,0.0,25
1900-01-01 14:12:22.654,0.242872,0.875083,1.083007,1.132136,0,0.0,25
1900-01-01 14:12:23.654,0.242294,0.873834,1.081418,1.212288,0,0.0,25
1900-01-01 14:12:24.654,0.241838,0.873619,1.082061,1.160425,0,0.0,25
1900-01-01 14:12:25.654,0.242063,0.874711,1.081556,1.080273,0,0.0,25
1900-01-01 14:12:26.654,0.241118,0.874049,1.081096,1.627191,0,0.0,25
1900-01-01 14:12:27.654,0.242321,0.875288,1.082842,1.41031,0,0.0,25
1900-01-01 14:12:28.654,0.241822,0.87333,1.081739,1.301869,0,0.0,25
1900-01-01 14:12:29.654,0.242279,0.874191,1.082245,1.297155,0,0.0,25
1900-01-01 14:12:30.654,0.242252,0.873136,1.079507,1.212288,0,0.0,25
1900-01-01 14:12:31.654,0.242205,0.873813,1.079874,1.056699,0,0.0,25
1900-01-01 14:12:32.654,0.242111,0.873067,1.079727,1.254721,0,0.0,25
1900-01-01 14:12:33.654,0.24189,0.875362,1.082971,1.386736,0,0.0,25
1900-01-01 14:12:34.654,0.241339,0.873377,1.081161,1.150995,0,0.0,25
1900-01-01 14:12:35.654,0.242331,0.874637,1.081427,1.28301,0,0.0,25
1900-01-01 14:12:36.654,0.241838,0.874233,1.081987,1.113277,0,0.0,25
1900-01-01 14:12:37.654,0.242021,0.874543,1.08218,1.287725,0,0.0,25
1900-01-01 14:12:38.654,0.242331,0.876281,1.083173,1.41974,0,0.0,25
1900-01-01 14:12:39.654,0.241554,0.872495,1.080361,1.311299,0,0.0,25
1900-01-01 14:12:40.654,0.242405,0.87448,1.081161,0.872822,0,0.0,25
1900-01-01 14:12:41.654,0.24242,0.874705,1.081547,1.330158,0,0.0,25
1900-01-01 14:12:42.654,0.241775,0.873524,1.081289,1.452743,0,0.0,25
1900-01-01 14:12:43.654,0.241355,0.872227,1.080297,1.349017,0,0.0,25
1900-01-01 14:12:44.654,0.242105,0.874012,1.081023,1.405595,0,0.0,25
1900-01-01 14:12:45.654,0.241953,0.872768,1.080894,1.53761,0,0.0,25
1900-01-01 14:12:46.654,0.242273,0.874448,1.082805,1.245292,0,0.0,25
1900-01-01 14:12:47.654,0.242252,0.873414,1.081087,1.297155,0,0.0,25
1900-01-01 14:12:48.654,0.241433,0.872962,1.081326,1.122707,0,0.0,25
1900-01-01 14:12:49.654,0.241423,0.874711,1.083191,1.03784,0,0.0,25
1900-01-01 14:12:50.654,0.240593,0.874201,1.082897,1.15571,0,0.0,25
1900-01-01 14:12:51.654,0.242447,0.874747,1.082061,0.995407,0,0.0,25
1900-01-01 14:12:52.654,0.241948,0.873608,1.081951,1.193429,0,0.0,25
1900-01-01 14:12:53.654,0.241701,0.875073,1.083513,0.967118,0,0.0,25
1900-01-01 14:12:54.654,0.241685,0.874527,1.081859,1.117992,0,0.0,25
1900-01-01 14:12:55.654,0.241365,0.873697,1.082337,1.113277,0,0.0,25
1900-01-01 14:12:56.654,0.242095,0.875094,1.082667,1.221718,0,0.0,25
1900-01-01 14:12:57.654,0.240977,0.870395,1.078028,0.943544,0,0.0,25
1900-01-01 14:12:58.654,0.241423,0.87322,1.081106,0.943544,0,0.0,25
1900-01-01 14:12:59.654,0.242174,0.873703,1.081225,1.099133,0,0.0,25
1900-01-01 14:13:00.654,0.241334,0.873283,1.081877,1.499891,0,0.0,25
1900-01-01 14:13:01.654,0.241533,0.874107,1.082474,1.042555,0,0.0,25
1900-01-01 14:13:02.654,0.241985,0.873934,1.081087,0.929399,0,0.0,25
1900-01-01 14:13:03.654,0.241507,0.87428,1.080995,1.117992,0,0.0,25
1900-01-01 14:13:04.654,0.241853,0.874065,1.08252,1.415025,0,0.0,25
1900-01-01 14:13:05.654,0.241717,0.8728,1.080113,1.254721,0,0.0,25
1900-01-01 14:13:06.654,0.242006,0.874868,1.082814,1.240577,0,0.0,25
1900-01-01 14:13:07.654,0.242016,0.874007,1.081712,1.367877,0,0.0,25
1900-01-01 14:13:08.654,0.240987,0.872815,1.080591,0.830388,0,0.0,25
1900-01-01 14:13:09.654,0.241523,0.874348,1.082208,1.018981,0,0.0,25
1900-01-01 14:13:10.654,0.240824,0.874343,1.080609,1.542325,0,0.0,25
1900-01-01 14:13:11.654,0.240635,0.872322,1.078542,1.28301,0,0.0,25
1900-01-01 14:13:12.654,0.241601,0.873088,1.080086,1.212288,0,0.0,25
1900-01-01 14:13:13.654,0.241958,0.874348,1.081317,1.221718,0,0.0,25
1900-01-01 14:13:14.654,0.240536,0.874873,1.083127,1.160425,0,0.0,25
1900-01-01 14:13:15.654,0.241717,0.874154,1.082447,1.254721,0,0.0,25
1900-01-01 14:13:16.654,0.241769,0.874007,1.082612,1.353732,0,0.0,25
1900-01-01 14:13:17.654,0.240956,0.87302,1.081188,1.429169,0,0.0,25
1900-01-01 14:13:18.654,0.241108,0.872674,1.080122,1.259436,0,0.0,25
1900-01-01 14:13:19.654,0.240646,0.872453,1.079691,1.160425,0,0.0,25
1900-01-01 14:13:20.654,0.241481,0.873587,1.080646,1.033125,0,0.0,25
1900-01-01 14:13:21.654,0.24116,0.871382,1.078331,1.254721,0,0.0,25
1900-01-01 14:13:22.654,0.241066,0.872526,1.079516,1.089703,0,0.0,25
1900-01-01 14:13:23.654,0.241901,0.87228,1.079737,1.330158,0,0.0,25
1900-01-01 14:13:24.654,0.24053,0.871587,1.078625,0.981262,0,0.0,25
1900-01-01 14:13:25.654,0.240677,0.873461,1.081565,1.127421,0,0.0,25
1900-01-01 14:13:26.654,0.241034,0.874732,1.081556,1.301869,0,0.0,25
1900-01-01 14:13:27.654,0.241271,0.872511,1.079856,1.287725,0,0.0,25
1900-01-01 14:13:28.654,0.241927,0.874301,1.081914,1.150995,0,0.0,25
1900-01-01 14:13:29.654,0.241034,0.874002,1.081951,1.04727,0,0.0,25
1900-01-01 14:13:30.654,0.242741,0.876522,1.084284,1.278295,0,0.0,25
1900-01-01 14:13:31.654,0.241906,0.874747,1.082713,1.217003,0,0.0,25
1900-01-01 14:13:32.654,0.241911,0.87385,1.081859,1.245292,0,0.0,25
1900-01-01 14:13:33.654,0.240982,0.874138,1.081712,1.27358,0,0.0,25
1900-01-01 14:13:34.654,0.24126,0.873582,1.080903,1.278295,0,0.0,25
1900-01-01 14:13:35.654,0.241365,0.873739,1.081372,1.344303,0,0.0,25
1900-01-01 14:13:36.654,0.240641,0.871597,1.079048,1.320729,0,0.0,25
1900-01-01 14:13:37.654,0.24041,0.871713,1.07879,1.009551,0,0.0,25
1900-01-01 14:13:38.654,0.241402,0.874443,1.081703,1.169855,0,0.0,25
1900-01-01 14:13:39.654,0.241706,0.87481,1.082318,1.353732,0,0.0,25
1900-01-01 14:13:40.654,0.241202,0.873172,1.080563,1.349017,0,0.0,25
1900-01-01 14:13:41.654,0.240121,0.874117,1.081648,1.235862,0,0.0,25
1900-01-01 14:13:42.654,0.240861,0.872905,1.080637,1.084988,0,0.0,25
1900-01-01 14:13:43.654,0.240572,0.872952,1.080334,1.033125,0,0.0,25
1900-01-01 14:13:44.654,0.241229,0.871975,1.080416,1.117992,0,0.0,25
1900-01-01 14:13:45.654,0.239932,0.874333,1.082511,1.080273,0,0.0,25
1900-01-01 14:13:46.654,0.24105,0.872637,1.081648,1.429169,0,0.0,25
1900-01-01 14:13:47.654,0.240777,0.873892,1.082171,1.04727,0,0.0,25
1900-01-01 14:13:48.654,0.240714,0.871566,1.080986,1.17457,0,0.0,25
1900-01-01 14:13:49.654,0.241024,0.873934,1.081758,1.16514,0,0.0,25
1900-01-01 14:13:50.654,0.240714,0.873781,1.081464,1.339588,0,0.0,25
1900-01-01 14:13:51.654,0.239853,0.872159,1.079654,1.094418,0,0.0,25
1900-01-01 14:13:52.654,0.240247,0.874348,1.082116,1.132136,0,0.0,25
1900-01-01 14:13:53.654,0.239916,0.872884,1.081188,1.113277,0,0.0,25
1900-01-01 14:13:54.654,0.241197,0.875251,1.08309,1.245292,0,0.0,25
1900-01-01 14:13:55.654,0.240798,0.873944,1.083007,1.367877,0,0.0,25
1900-01-01 14:13:56.654,0.240562,0.873225,1.081528,1.28301,0,0.0,25
1900-01-01 14:13:57.654,0.240578,0.87102,1.079433,1.169855,0,0.0,25
1900-01-01 14:13:58.654,0.240509,0.873241,1.081335,1.396165,0,0.0,25
1900-01-01 14:13:59.654,0.240116,0.874443,1.082952,1.245292,0,0.0,25
1900-01-01 14:14:00.654,0.2399,0.871371,1.080738,1.306584,0,0.0,25
1900-01-01 14:14:01.654,0.240656,0.873545,1.080894,1.202858,0,0.0,25
1900-01-01 14:14:02.654,0.239648,0.872169,1.080306,1.339588,0,0.0,25
1900-01-01 14:14:03.654,0.241202,0.874359,1.082621,1.193429,0,0.0,25
1900-01-01 14:14:04.654,0.240268,0.873577,1.082346,1.132136,0,0.0,25
1900-01-01 14:14:05.654,0.240168,0.873314,1.08252,1.363162,0,0.0,25
1900-01-01 14:14:06.654,0.240231,0.872148,1.079342,1.03784,0,0.0,25
1900-01-01 14:14:07.654,0.240336,0.87239,1.080729,1.235862,0,0.0,25
1900-01-01 14:14:08.654,0.240709,0.874385,1.081409,1.565899,0,0.0,25
1900-01-01 14:14:09.654,0.239055,0.873025,1.080766,1.297155,0,0.0,25
1900-01-01 14:14:10.654,0.239444,0.872285,1.08083,0.952974,0,0.0,25
1900-01-01 14:14:11.654,0.239816,0.872695,1.081344,1.490462,0,0.0,25
1900-01-01 14:14:12.654,0.240704,0.873283,1.081721,1.377306,0,0.0,25
1900-01-01 14:14:13.654,0.240331,0.873083,1.082079,1.198144,0,0.0,25
1900-01-01 14:14:14.654,0.240478,0.873435,1.08117,1.235862,0,0.0,25
1900-01-01 14:14:15.654,0.239685,0.872469,1.080279,1.235862,0,0.0,25
1900-01-01 14:14:16.654,0.239832,0.873372,1.08253,1.448028,0,0.0,25
1900-01-01 14:14:17.654,0.240378,0.873503,1.082456,1.023696,0,0.0,25
1900-01-01 14:14:18.654,0.240452,0.873718,1.081381,1.325443,0,0.0,25
1900-01-01 14:14:19.654,0.239727,0.871896,1.079424,0.938829,0,0.0,25
1900-01-01 14:14:20.654,0.240037,0.872243,1.079617,1.127421,0,0.0,25
1900-01-01 14:14:21.654,0.239979,0.873955,1.082226,1.297155,0,0.0,25
1900-01-01 14:14:22.654,0.239837,0.872579,1.08162,1.551754,0,0.0,25
1900-01-01 14:14:23.654,0.23978,0.872558,1.08015,1.264151,0,0.0,25
1900-01-01 14:14:24.654,0.239864,0.873771,1.081547,1.080273,0,0.0,25
1900-01-01 14:14:25.654,0.239963,0.87574,1.084036,1.202858,0,0.0,25
1900-01-01 14:14:26.654,0.2401,0.875094,1.08411,1.330158,0,0.0,25
1900-01-01 14:14:27.654,0.239255,0.873986,1.083127,1.075559,0,0.0,25
1900-01-01 14:14:28.654,0.239349,0.872936,1.081078,1.150995,0,0.0,25
1900-01-01 14:14:29.654,0.239654,0.872259,1.080361,1.070844,0,0.0,25
1900-01-01 14:14:30.654,0.239291,0.870363,1.078809,0.957688,0,0.0,25
1900-01-01 14:14:31.654,0.238672,0.871839,1.080141,1.250006,0,0.0,25
1900-01-01 14:14:32.654,0.238724,0.872017,1.081078,1.117992,0,0.0,25
1900-01-01 14:14:33.654,0.239349,0.874039,1.083219,1.066129,0,0.0,25
1900-01-01 14:14:34.654,0.239722,0.874495,1.084073,1.330158,0,0.0,25
1900-01-01 14:14:35.654,0.239832,0.873687,1.081243,1.372591,0,0.0,25
1900-01-01 14:14:36.654,0.238414,0.871209,1.08049,1.306584,0,0.0,25
1900-01-01 14:14:37.654,0.240079,0.874212,1.082906,1.306584,0,0.0,25
1900-01-01 14:14:38.654,0.239832,0.874459,1.083127,1.212288,0,0.0,25
1900-01-01 14:14:39.654,0.240336,0.872742,1.080931,1.202858,0,0.0,25
1900-01-01 14:14:40.654,0.23915,0.871655,1.080297,1.17457,0,0.0,25
1900-01-01 14:14:41.654,0.240058,0.873571,1.081739,1.16514,0,0.0,25
1900-01-01 14:14:42.654,0.239769,0.873661,1.082631,1.27358,0,0.0,25
1900-01-01 14:14:43.654,0.23822,0.870348,1.078478,1.136851,0,0.0,25
1900-01-01 14:14:44.654,0.239375,0.873608,1.082695,1.089703,0,0.0,25
1900-01-01 14:14:45.654,0.239381,0.872579,1.0806,1.202858,0,0.0,25
1900-01-01 14:14:46.654,0.239339,0.872532,1.081583,1.631906,0,0.0,25
1900-01-01 14:14:47.654,0.239711,0.871508,1.080141,1.405595,0,0.0,25
1900-01-01 14:14:48.654,0.238504,0.872379,1.080885,1.28301,0,0.0,25
1900-01-01 14:14:49.654,0.23896,0.870988,1.079406,1.40088,0,0.0,25
1900-01-01 14:14:50.654,0.239312,0.87144,1.079259,1.391451,0,0.0,25
1900-01-01 14:14:51.654,0.239433,0.871707,1.080315,1.325443,0,0.0,25
1900-01-01 14:14:52.654,0.238929,0.871398,1.079544,1.108562,0,0.0,25
1900-01-01 14:14:53.654,0.238425,0.869723,1.077669,1.009551,0,0.0,25
1900-01-01 14:14:54.654,0.238813,0.870857,1.078294,1.301869,0,0.0,25
1900-01-01 14:14:55.654,0.239018,0.870778,1.078882,1.391451,0,0.0,25
1900-01-01 14:14:56.654,0.238729,0.872148,1.080297,1.117992,0,0.0,25
1900-01-01 14:14:57.654,0.239044,0.87186,1.079038,1.306584,0,0.0,25
1900-01-01 14:14:58.654,0.238372,0.870027,1.077596,1.056699,0,0.0,25
1900-01-01 14:14:59.654,0.238892,0.870447,1.078037,1.268866,0,0.0,25
1900-01-01 14:15:00.654,0.238199,0.870054,1.079139,1.334873,0,0.0,25
1900-01-01 14:15:01.654,0.238666,0.87103,1.078524,1.622476,0,0.0,25
1900-01-01 14:15:02.654,0.238771,0.872863,1.080857,1.250006,0,0.0,25
1900-01-01 14:15:03.654,0.238393,0.870563,1.079139,1.382021,0,0.0,25
1900-01-01 14:15:04.654,0.238661,0.871686,1.080591,1.113277,0,0.0,25
1900-01-01 14:15:05.654,0.23822,0.869192,1.078818,1.089703,0,0.0,25
1900-01-01 14:15:06.654,0.238525,0.871524,1.080812,1.278295,0,0.0,25
1900-01-01 14:15:07.654,0.23863,0.872253,1.080913,1.235862,0,0.0,25
1900-01-01 14:15:08.654,0.238194,0.872779,1.080949,1.202858,0,0.0,25
1900-01-01 14:15:09.654,0.23864,0.869066,1.078331,1.066129,0,0.0,25
1900-01-01 14:15:10.654,0.238976,0.872836,1.080545,1.056699,0,0.0,25
1900-01-01 14:15:11.654,0.238861,0.870867,1.08015,1.297155,0,0.0,25
1900-01-01 14:15:12.654,0.239281,0.873204,1.082043,1.301869,0,0.0,25
1900-01-01 14:15:13.654,0.23853,0.870505,1.080435,1.202858,0,0.0,25
1900-01-01 14:15:14.654,0.237433,0.869623,1.078515,1.033125,0,0.0,25
1900-01-01 14:15:15.654,0.237669,0.870195,1.078855,0.896396,0,0.0,25
1900-01-01 14:15:16.654,0.237233,0.872484,1.081859,1.146281,0,0.0,25
1900-01-01 14:15:17.654,0.237737,0.872201,1.080104,1.094418,0,0.0,25
1900-01-01 14:15:18.654,0.238299,0.870736,1.07992,1.108562,0,0.0,25
1900-01-01 14:15:19.654,0.238194,0.871938,1.081464,1.344303,0,0.0,25
1900-01-01 14:15:20.654,0.23717,0.871266,1.079884,0.938829,0,0.0,25
1900-01-01 14:15:21.654,0.237653,0.868279,1.077247,1.122707,0,0.0,25
1900-01-01 14:15:22.654,0.237433,0.871046,1.079681,1.117992,0,0.0,25
1900-01-01 14:15:23.654,0.237963,0.871198,1.080821,1.146281,0,0.0,25
1900-01-01 14:15:24.654,0.238252,0.871314,1.080113,1.259436,0,0.0,25
1900-01-01 14:15:25.654,0.238194,0.870794,1.080444,1.424454,0,0.0,25
1900-01-01 14:15:26.654,0.238042,0.871104,1.07959,1.353732,0,0.0,25
1900-01-01 14:15:27.654,0.237721,0.869985,1.079048,1.532895,0,0.0,25
1900-01-01 14:15:28.654,0.238262,0.869523,1.078303,1.240577,0,0.0,25
1900-01-01 14:15:29.654,0.238283,0.871581,1.080563,1.40088,0,0.0,25
1900-01-01 14:15:30.654,0.23853,0.873277,1.082897,1.240577,0,0.0,25
1900-01-01 14:15:31.654,0.238042,0.870295,1.0806,1.179284,0,0.0,25
1900-01-01 14:15:32.654,0.237847,0.868893,1.077348,1.226432,0,0.0,25
1900-01-01 14:15:33.654,0.23821,0.870789,1.080003,1.448028,0,0.0,25
1900-01-01 14:15:34.654,0.237679,0.87018,1.078561,1.221718,0,0.0,25
1900-01-01 14:15:35.654,0.238204,0.870468,1.080812,1.353732,0,0.0,25
1900-01-01 14:15:36.654,0.237553,0.871088,1.080729,0.981262,0,0.0,25
1900-01-01 14:15:37.654,0.237517,0.868678,1.078597,1.023696,0,0.0,25
1900-01-01 14:15:38.654,0.238729,0.86967,1.078983,1.235862,0,0.0,25
1900-01-01 14:15:39.654,0.238708,0.871786,1.080857,1.40088,0,0.0,25
1900-01-01 14:15:40.654,0.238446,0.870411,1.080683,1.268866,0,0.0,25
1900-01-01 14:15:41.654,0.237916,0.871392,1.082337,1.363162,0,0.0,25
1900-01-01 14:15:42.654,0.237328,0.869492,1.079599,1.485747,0,0.0,25
1900-01-01 14:15:43.654,0.237307,0.870248,1.080141,1.297155,0,0.0,25
1900-01-01 14:15:44.654,0.236939,0.86767,1.07766,1.146281,0,0.0,25
1900-01-01 14:15:45.654,0.237018,0.870894,1.081436,1.334873,0,0.0,25
1900-01-01 14:15:46.654,0.236761,0.868478,1.078359,0.8021,0,0.0,25
1900-01-01 14:15:47.654,0.237396,0.869534,1.078983,1.217003,0,0.0,25
1900-01-01 14:15:48.654,0.238141,0.871455,1.081712,0.934114,0,0.0,25
1900-01-01 14:15:49.654,0.236183,0.870531,1.080894,1.117992,0,0.0,25
1900-01-01 14:15:50.654,0.237396,0.872448,1.081602,1.221718,0,0.0,25
1900-01-01 14:15:51.654,0.238136,0.870652,1.079966,1.311299,0,0.0,25
1900-01-01 14:15:52.654,0.2378,0.869308,1.0788,1.202858,0,0.0,25
1900-01-01 14:15:53.654,0.238015,0.870447,1.07958,1.141566,0,0.0,25
1900-01-01 14:15:54.654,0.237343,0.8703,1.079158,1.28301,0,0.0,25
1900-01-01 14:15:55.654,0.2379,0.869381,1.078423,1.179284,0,0.0,25
1900-01-01 14:15:56.654,0.237202,0.869901,1.080095,1.320729,0,0.0,25
1900-01-01 14:15:57.654,0.23706,0.87008,1.080766,1.207573,0,0.0,25
1900-01-01 14:15:58.654,0.237275,0.87093,1.080793,1.523465,0,0.0,25
1900-01-01 14:15:59.654,0.237511,0.870342,1.079259,1.415025,0,0.0,25
1900-01-01 14:16:00.654,0.237847,0.869261,1.081087,1.221718,0,0.0,25
1900-01-01 14:16:01.654,0.237496,0.870096,1.080435,1.316014,0,0.0,25
1900-01-01 14:16:02.654,0.238509,0.87218,1.082686,1.504606,0,0.0,25
1900-01-01 14:16:03.654,0.237737,0.869439,1.08004,0.962403,0,0.0,25
1900-01-01 14:16:04.654,0.237301,0.87123,1.0814,0.806814,0,0.0,25
1900-01-01 14:16:05.654,0.237123,0.870327,1.080674,1.353732,0,0.0,25
1900-01-01 14:16:06.654,0.236614,0.868431,1.080031,1.28301,0,0.0,25
1900-01-01 14:16:07.654,0.237391,0.87249,1.082989,1.377306,0,0.0,25
1900-01-01 14:16:08.654,0.237496,0.870689,1.081409,1.334873,0,0.0,25
1900-01-01 14:16:09.654,0.237286,0.870054,1.0806,1.056699,0,0.0,25
1900-01-01 14:16:10.654,0.237013,0.867917,1.078414,1.27358,0,0.0,25
1900-01-01 14:16:11.654,0.236776,0.869618,1.079617,1.349017,0,0.0,25
1900-01-01 14:16:12.654,0.236089,0.868604,1.078588,1.235862,0,0.0,25
1900-01-01 14:16:13.654,0.237779,0.870883,1.08106,1.193429,0,0.0,25
1900-01-01 14:16:14.654,0.23759,0.873256,1.083935,1.108562,0,0.0,25
1900-01-01 14:16:15.654,0.23623,0.869849,1.080747,1.103847,0,0.0,25
1900-01-01 14:16:16.654,0.234555,0.862887,1.072506,1.108562,0,0.0,25
1900-01-01 14:16:17.654,0.230959,0.840924,1.043906,1.103847,0,0.0,25
1900-01-01 14:16:18.654,0.222905,0.810761,1.008737,1.16514,0,0.0,25
1900-01-01 14:16:19.654,0.207448,0.733968,0.915927,1.443314,0,0.0,25
1900-01-01 14:16:20.654,0.186872,0.643409,0.810108,1.28301,0,0.0,25
1900-01-01 14:16:21.654,0.166348,0.547258,0.694854,1.235862,0,0.0,25
1900-01-01 14:16:22.654,0.155249,0.477753,0.616652,1.330158,0,0.0,25
1900-01-01 14:16:23.654,0.154613,0.478819,0.617957,0.985977,0,0.0,25
1900-01-01 14:16:24.654,0.15527,0.479097,0.618113,1.349017,0,0.0,25
1900-01-01 14:16:25.654,0.154067,0.477574,0.615274,1.169855,0,0.0,25
1900-01-01 14:16:26.654,0.153947,0.477207,0.615862,1.259436,0,0.0,25
1900-01-01 14:16:27.654,0.154692,0.476976,0.615522,1.259436,0,0.0,25
1900-01-01 14:16:28.654,0.153784,0.475537,0.613969,1.198144,0,0.0,25
1900-01-01 14:16:29.654,0.153815,0.474849,0.613602,1.221718,0,0.0,25
1900-01-01 14:16:30.654,0.153495,0.473978,0.61226,1.424454,0,0.0,25
1900-01-01 14:16:31.654,0.153931,0.474477,0.613124,1.377306,0,0.0,25
1900-01-01 14:16:32.654,0.153096,0.474125,0.612426,1.16514,0,0.0,25
1900-01-01 14:16:33.654,0.152844,0.472293,0.610405,1.03784,0,0.0,25
1900-01-01 14:16:34.654,0.153721,0.472398,0.610588,1.198144,0,0.0,25
1900-01-01 14:16:35.654,0.153595,0.472319,0.608733,1.41031,0,0.0,25
1900-01-01 14:16:36.654,0.153521,0.47371,0.610781,1.264151,0,0.0,25
1900-01-01 14:16:37.654,0.152828,0.471169,0.608301,1.481032,0,0.0,25
1900-01-01 14:16:38.654,0.152671,0.470759,0.608613,1.146281,0,0.0,25
1900-01-01 14:16:39.654,0.152508,0.470954,0.609973,1.004836,0,0.0,25
1900-01-01 14:16:40.654,0.151594,0.471048,0.608135,1.000122,0,0.0,25
1900-01-01 14:16:41.654,0.152713,0.470686,0.608549,1.207573,0,0.0,25
1900-01-01 14:16:42.654,0.152923,0.472434,0.609909,1.320729,0,0.0,25
1900-01-01 14:16:43.654,0.152975,0.471274,0.608751,1.27358,0,0.0,25
1900-01-01 14:16:44.654,0.15286,0.472114,0.608714,1.287725,0,0.0,25
1900-01-01 14:16:45.654,0.153049,0.470502,0.607667,1.429169,0,0.0,25
1900-01-01 14:16:46.654,0.151505,0.470465,0.606794,1.268866,0,0.0,25
1900-01-01 14:16:47.654,0.152681,0.471668,0.609164,1.15571,0,0.0,25
1900-01-01 14:16:48.654,0.152571,0.470492,0.608429,1.042555,0,0.0,25
1900-01-01 14:16:49.654,0.154818,0.476393,0.61498,1.311299,0,0.0,25
1900-01-01 14:16:50.654,0.158661,0.496712,0.639786,1.311299,0,0.0,25
1900-01-01 14:16:51.654,0.16367,0.519867,0.66573,1.29244,0,0.0,25
1900-01-01 14:16:52.654,0.168285,0.543126,0.692401,1.504606,0,0.0,25
1900-01-01 14:16:53.654,0.173467,0.565608,0.718603,1.254721,0,0.0,25
1900-01-01 14:16:54.654,0.176423,0.583134,0.740294,1.127421,0,0.0,25
1900-01-01 14:16:55.654,0.178298,0.589167,0.747497,1.217003,0,0.0,25
1900-01-01 14:16:56.654,0.17803,0.589613,0.747442,1.429169,0,0.0,25
1900-01-01 14:16:57.654,0.177368,0.589744,0.747075,1.141566,0,0.0,25
1900-01-01 14:16:58.654,0.177358,0.58871,0.747166,1.070844,0,0.0,25
1900-01-01 14:16:59.654,0.17793,0.58975,0.747901,0.948259,0,0.0,25
1900-01-01 14:17:00.654,0.176723,0.589219,0.746992,1.226432,0,0.0,25
1900-01-01 14:17:01.654,0.177248,0.590285,0.748499,1.127421,0,0.0,25
1900-01-01 14:17:02.654,0.177636,0.590873,0.748315,1.066129,0,0.0,25
1900-01-01 14:17:03.654,0.17814,0.592144,0.751053,0.952974,0,0.0,25
1900-01-01 14:17:04.654,0.177568,0.591235,0.749638,1.15571,0,0.0,25
1900-01-01 14:17:05.654,0.178329,0.591692,0.749932,1.278295,0,0.0,25
1900-01-01 14:17:06.654,0.176402,0.590007,0.748838,1.268866,0,0.0,25
1900-01-01 14:17:07.654,0.177295,0.589755,0.747424,1.16514,0,0.0,25
1900-01-01 14:17:08.654,0.176717,0.59007,0.748627,1.28301,0,0.0,25
1900-01-01 14:17:09.654,0.177773,0.592291,0.750896,1.250006,0,0.0,25
1900-01-01 14:17:10.654,0.176717,0.589162,0.747176,1.358447,0,0.0,25
1900-01-01 14:17:11.654,0.1773,0.590983,0.748985,1.462173,0,0.0,25
1900-01-01 14:17:12.654,0.176072,0.589246,0.74803,1.259436,0,0.0,25
1900-01-01 14:17:13.654,0.176759,0.589797,0.750161,0.938829,0,0.0,25
1900-01-01 14:17:14.654,0.177164,0.591157,0.748903,1.287725,0,0.0,25
1900-01-01 14:17:15.654,0.177699,0.591298,0.749371,1.160425,0,0.0,25
1900-01-01 14:17:16.654,0.176198,0.587571,0.745696,0.915255,0,0.0,25
1900-01-01 14:17:17.654,0.176817,0.590185,0.749307,1.259436,0,0.0,25
1900-01-01 14:17:18.654,0.177494,0.590369,0.749224,1.466888,0,0.0,25
1900-01-01 14:17:19.654,0.177206,0.590915,0.748875,1.122707,0,0.0,25
1900-01-01 14:17:20.654,0.176985,0.590747,0.749702,1.042555,0,0.0,25
1900-01-01 14:17:21.654,0.177253,0.591109,0.749491,1.297155,0,0.0,25
1900-01-01 14:17:22.654,0.177305,0.589813,0.749261,1.325443,0,0.0,25
1900-01-01 14:17:23.654,0.177473,0.591036,0.749243,0.995407,0,0.0,25
1900-01-01 14:17:24.654,0.176948,0.590017,0.748407,0.990692,0,0.0,25
1900-01-01 14:17:25.654,0.176513,0.589681,0.747626,0.882251,0,0.0,25
1900-01-01 14:17:26.654,0.178208,0.591052,0.749895,1.226432,0,0.0,25
1900-01-01 14:17:27.654,0.177174,0.590091,0.748783,1.103847,0,0.0,25
1900-01-01 14:17:28.654,0.176964,0.591251,0.750263,1.358447,0,0.0,25
1900-01-01 14:17:29.654,0.177106,0.592259,0.751585,1.150995,0,0.0,25
1900-01-01 14:17:30.654,0.17772,0.592028,0.751475,1.198144,0,0.0,25
1900-01-01 14:17:31.654,0.176518,0.589792,0.748296,1.301869,0,0.0,25
1900-01-01 14:17:32.654,0.178135,0.592349,0.750171,1.169855,0,0.0,25
1900-01-01 14:17:33.654,0.177101,0.592511,0.751438,1.259436,0,0.0,25
1900-01-01 14:17:34.654,0.17751,0.592958,0.751218,1.132136,0,0.0,25
1900-01-01 14:17:35.654,0.177169,0.592186,0.750419,1.250006,0,0.0,25
1900-01-01 14:17:36.654,0.177379,0.592338,0.750685,1.377306,0,0.0,25
1900-01-01 14:17:37.654,0.176565,0.590012,0.749307,1.316014,0,0.0,25
1900-01-01 14:17:38.654,0.176754,0.590448,0.749279,1.023696,0,0.0,25
1900-01-01 14:17:39.654,0.177158,0.590989,0.749417,1.15571,0,0.0,25
1900-01-01 14:17:40.654,0.176607,0.589676,0.74859,1.014266,0,0.0,25
1900-01-01 14:17:41.654,0.176528,0.591099,0.749197,1.353732,0,0.0,25
1900-01-01 14:17:42.654,0.177379,0.590453,0.749077,1.250006,0,0.0,25
1900-01-01 14:17:43.654,0.176938,0.59269,0.751319,1.330158,0,0.0,25
1900-01-01 14:17:44.654,0.176156,0.588789,0.748361,1.320729,0,0.0,25
1900-01-01 14:17:45.654,0.177715,0.590191,0.75063,1.000122,0,0.0,25
1900-01-01 14:17:46.654,0.17708,0.58954,0.749004,1.278295,0,0.0,25
1900-01-01 14:17:47.654,0.177074,0.590185,0.7495,1.27358,0,0.0,25
1900-01-01 14:17:48.654,0.177578,0.591661,0.750263,1.080273,0,0.0,25
1900-01-01 14:17:49.654,0.177778,0.591288,0.750529,1.27358,0,0.0,25
1900-01-01 14:17:50.654,0.176376,0.590222,0.750557,1.207573,0,0.0,25
1900-01-01 14:17:51.654,0.177195,0.591204,0.751117,1.259436,0,0.0,25
1900-01-01 14:17:52.654,0.176996,0.592511,0.751246,1.504606,0,0.0,25
1900-01-01 14:17:53.654,0.1773,0.591582,0.751438,1.382021,0,0.0,25
1900-01-01 14:17:54.654,0.17699,0.592086,0.751007,1.103847,0,0.0,25
1900-01-01 14:17:55.654,0.177279,0.590406,0.750749,1.122707,0,0.0,25
1900-01-01 14:17:56.654,0.176828,0.589981,0.749656,0.877537,0,0.0,25
1900-01-01 14:17:57.654,0.176812,0.589172,0.748232,1.372591,0,0.0,25
1900-01-01 14:17:58.654,0.175904,0.588673,0.748195,1.113277,0,0.0,25
1900-01-01 14:17:59.654,0.177552,0.591067,0.750364,1.27358,0,0.0,25
1900-01-01 14:18:00.654,0.17761,0.590642,0.750382,1.089703,0,0.0,25
1900-01-01 14:18:01.654,0.177195,0.59165,0.75041,1.108562,0,0.0,25
1900-01-01 14:18:02.654,0.176565,0.590044,0.750116,1.16514,0,0.0,25
1900-01-01 14:18:03.654,0.176812,0.590117,0.749546,1.589473,0,0.0,25
1900-01-01 14:18:04.654,0.176696,0.591845,0.751916,1.056699,0,0.0,25
1900-01-01 14:18:05.654,0.176875,0.591251,0.750942,1.03784,0,0.0,25
1900-01-01 14:18:06.654,0.177095,0.590716,0.749812,1.240577,0,0.0,25
1900-01-01 14:18:07.654,0.177232,0.590973,0.750979,1.231147,0,0.0,25
1900-01-01 14:18:08.654,0.176329,0.58945,0.749877,1.235862,0,0.0,25
1900-01-01 14:18:09.654,0.176481,0.589965,0.749169,0.967118,0,0.0,25
1900-01-01 14:18:10.654,0.176954,0.590689,0.750446,1.160425,0,0.0,25
1900-01-01 14:18:11.654,0.177668,0.59091,0.750005,1.259436,0,0.0,25
1900-01-01 14:18:12.654,0.177395,0.59018,0.749858,1.240577,0,0.0,25
1900-01-01 14:18:13.654,0.177326,0.589062,0.748894,1.099133,0,0.0,25
1900-01-01 14:18:14.654,0.17783,0.591813,0.751677,1.358447,0,0.0,25
1900-01-01 14:18:15.654,0.176366,0.588631,0.749592,1.136851,0,0.0,25
1900-01-01 14:18:16.654,0.177479,0.58987,0.750621,1.103847,0,0.0,25
1900-01-01 14:18:17.654,0.177332,0.590558,0.750281,1.235862,0,0.0,25
1900-01-01 14:18:18.654,0.177158,0.590474,0.750354,0.858677,0,0.0,25
1900-01-01 14:18:19.654,0.177988,0.590936,0.750602,1.080273,0,0.0,25
1900-01-01 14:18:20.654,0.178261,0.59071,0.749381,1.099133,0,0.0,25
1900-01-01 14:18:21.654,0.177515,0.588773,0.747506,1.014266,0,0.0,25
1900-01-01 14:18:22.654,0.177363,0.590411,0.749978,1.330158,0,0.0,25
1900-01-01 14:18:23.654,0.177321,0.590642,0.749647,0.995407,0,0.0,25
1900-01-01 14:18:24.654,0.176681,0.589324,0.749665,1.202858,0,0.0,25
1900-01-01 14:18:25.654,0.176691,0.59028,0.749537,1.146281,0,0.0,25
1900-01-01 14:18:26.654,0.177767,0.592795,0.751402,1.391451,0,0.0,25
1900-01-01 14:18:27.654,0.177473,0.590185,0.75086,1.254721,0,0.0,25
1900-01-01 14:18:28.654,0.1772,0.590674,0.751043,1.339588,0,0.0,25
1900-01-01 14:18:29.654,0.17709,0.590401,0.750942,1.094418,0,0.0,25
1900-01-01 14:18:30.654,0.177631,0.590621,0.75006,1.033125,0,0.0,25
1900-01-01 14:18:31.654,0.177253,0.590926,0.750152,1.325443,0,0.0,25
1900-01-01 14:18:32.654,0.177006,0.59059,0.750051,1.146281,0,0.0,25
1900-01-01 14:18:33.654,0.177106,0.590401,0.750685,1.301869,0,0.0,25
1900-01-01 14:18:34.654,0.176838,0.590364,0.750189,1.094418,0,0.0,25
1900-01-01 14:18:35.654,0.1772,0.590647,0.750189,1.193429,0,0.0,25
1900-01-01 14:18:36.654,0.1773,0.589618,0.749454,1.004836,0,0.0,25
1900-01-01 14:18:37.654,0.177972,0.591094,0.751255,1.033125,0,0.0,25
1900-01-01 14:18:38.654,0.178088,0.59186,0.751659,1.141566,0,0.0,25
1900-01-01 14:18:39.654,0.177153,0.590532,0.750088,1.108562,0,0.0,25
1900-01-01 14:18:40.654,0.176922,0.590716,0.749904,1.03784,0,0.0,25
1900-01-01 14:18:41.654,0.177505,0.589981,0.748526,1.056699,0,0.0,25
1900-01-01 14:18:42.654,0.178219,0.592506,0.751264,1.372591,0,0.0,25
1900-01-01 14:18:43.654,0.176597,0.591099,0.750217,1.108562,0,0.0,25
1900-01-01 14:18:44.654,0.176891,0.590579,0.749307,1.325443,0,0.0,25
1900-01-01 14:18:45.654,0.176549,0.589618,0.747938,1.16514,0,0.0,25
1900-01-01 14:18:46.654,0.176854,0.591561,0.750161,1.330158,0,0.0,25
1900-01-01 14:18:47.654,0.177248,0.590196,0.749555,1.29244,0,0.0,25
1900-01-01 14:18:48.654,0.176843,0.591535,0.74916,1.084988,0,0.0,25
1900-01-01 14:18:49.654,0.176691,0.590269,0.74927,1.061414,0,0.0,25
1900-01-01 14:18:50.654,0.177027,0.590884,0.750079,1.009551,0,0.0,25
1900-01-01 14:18:51.654,0.177757,0.59174,0.750446,1.141566,0,0.0,25
1900-01-01 14:18:52.654,0.176775,0.590863,0.748756,1.349017,0,0.0,25
1900-01-01 14:18:53.654,0.176523,0.591918,0.750042,1.353732,0,0.0,25
1900-01-01 14:18:54.654,0.176439,0.591939,0.75244,1.250006,0,0.0,25
1900-01-01 14:18:55.654,0.177505,0.592102,0.751236,1.556469,0,0.0,25
1900-01-01 14:18:56.654,0.176612,0.589529,0.749022,1.17457,0,0.0,25
1900-01-01 14:18:57.654,0.1774,0.590521,0.749601,1.221718,0,0.0,25
1900-01-01 14:18:58.654,0.176938,0.589692,0.747892,1.127421,0,0.0,25
1900-01-01 14:18:59.654,0.177542,0.590133,0.747993,0.787955,0,0.0,25
1900-01-01 14:19:00.654,0.175515,0.589666,0.747699,1.221718,0,0.0,25
1900-01-01 14:19:01.654,0.176833,0.591403,0.752082,1.377306,0,0.0,25
1900-01-01 14:19:02.654,0.17677,0.591561,0.750823,1.136851,0,0.0,25
1900-01-01 14:19:03.654,0.1772,0.591125,0.750501,1.146281,0,0.0,25
1900-01-01 14:19:04.654,0.176885,0.592485,0.752054,1.325443,0,0.0,25
1900-01-01 14:19:05.654,0.177479,0.592275,0.751595,1.066129,0,0.0,25
1900-01-01 14:19:06.654,0.177122,0.591892,0.751282,0.938829,0,0.0,25
1900-01-01 14:19:07.654,0.176843,0.591004,0.749785,1.070844,0,0.0,25
1900-01-01 14:19:08.654,0.176523,0.590805,0.749711,1.240577,0,0.0,25
1900-01-01 14:19:09.654,0.175625,0.591976,0.74984,1.245292,0,0.0,25
1900-01-01 14:19:10.654,0.176156,0.591094,0.75063,1.16514,0,0.0,25
1900-01-01 14:19:11.654,0.176738,0.592328,0.750621,1.344303,0,0.0,25
1900-01-01 14:19:12.654,0.176906,0.592543,0.75232,1.127421,0,0.0,25
1900-01-01 14:19:13.654,0.176738,0.59269,0.750906,1.358447,0,0.0,25
1900-01-01 14:19:14.654,0.177284,0.592412,0.751108,1.212288,0,0.0,25
1900-01-01 14:19:15.654,0.176308,0.59206,0.750125,1.330158,0,0.0,25
1900-01-01 14:19:16.654,0.173557,0.57539,0.73062,1.198144,0,0.0,25
1900-01-01 14:19:17.654,0.167713,0.550886,0.70157,1.117992,0,0.0,25
1900-01-01 14:19:18.654,0.162631,0.525747,0.673466,1.183999,0,0.0,25
1900-01-01 14:19:19.654,0.158115,0.503181,0.646823,1.17457,0,0.0,25
1900-01-01 14:19:20.654,0.155212,0.487671,0.628099,1.113277,0,0.0,25
1900-01-01 14:19:21.654,0.155579,0.488401,0.629064,1.264151,0,0.0,25
1900-01-01 14:19:22.654,0.156178,0.488401,0.629781,1.193429,0,0.0,25
1900-01-01 14:19:23.654,0.157091,0.49038,0.630901,1.382021,0,0.0,25
1900-01-01 14:19:24.654,0.156178,0.488102,0.62866,1.169855,0,0.0,25
1900-01-01 14:19:25.654,0.154377,0.486952,0.627906,1.297155,0,0.0,25
1900-01-01 14:19:26.654,0.154876,0.487246,0.627254,1.391451,0,0.0,25
1900-01-01 14:19:27.654,0.155317,0.488716,0.628467,1.094418,0,0.0,25
1900-01-01 14:19:28.654,0.155805,0.486862,0.627089,1.207573,0,0.0,25
1900-01-01 14:19:29.654,0.155721,0.488427,0.629064,1.198144,0,0.0,25
1900-01-01 14:19:30.654,0.15539,0.486642,0.627236,1.231147,0,0.0,25
1900-01-01 14:19:31.654,0.154697,0.48503,0.625159,0.835103,0,0.0,25
1900-01-01 14:19:32.654,0.155795,0.486574,0.62707,1.363162,0,0.0,25
1900-01-01 14:19:33.654,0.154876,0.487477,0.628458,1.188714,0,0.0,25
1900-01-01 14:19:34.654,0.154503,0.485718,0.626473,1.316014,0,0.0,25
1900-01-01 14:19:35.654,0.15538,0.486673,0.626988,0.943544,0,0.0,25
1900-01-01 14:19:36.654,0.154986,0.485592,0.626078,1.235862,0,0.0,25
1900-01-01 14:19:37.654,0.155611,0.487093,0.627181,1.320729,0,0.0,25
1900-01-01 14:19:38.654,0.155196,0.488249,0.628871,1.03784,0,0.0,25
1900-01-01 14:19:39.654,0.154225,0.485728,0.626776,1.066129,0,0.0,25
1900-01-01 14:19:40.654,0.154346,0.486721,0.626877,1.179284,0,0.0,25
1900-01-01 14:19:41.654,0.154913,0.486248,0.62786,1.018981,0,0.0,25
1900-01-01 14:19:42.654,0.154781,0.485991,0.627034,1.235862,0,0.0,25
1900-01-01 14:19:43.654,0.15602,0.487204,0.627144,1.29244,0,0.0,25
1900-01-01 14:19:44.654,0.15528,0.487219,0.627098,1.29244,0,0.0,25
1900-01-01 14:19:45.654,0.15256,0.476992,0.615191,0.976548,0,0.0,25
1900-01-01 14:19:46.654,0.148486,0.453543,0.588456,1.297155,0,0.0,25
1900-01-01 14:19:47.654,0.146806,0.44153,0.575245,1.259436,0,0.0,25
1900-01-01 14:19:48.654,0.145304,0.432951,0.565231,1.28301,0,0.0,25
1900-01-01 14:19:49.654,0.144706,0.430053,0.562383,0.967118,0,0.0,25
1900-01-01 14:19:50.654,0.143309,0.42873,0.561216,1.066129,0,0.0,25
1900-01-01 14:19:51.654,0.143714,0.429895,0.56207,1.367877,0,0.0,25
1900-01-01 14:19:52.654,0.143619,0.428578,0.5606,1.141566,0,0.0,25
1900-01-01 14:19:53.654,0.143346,0.428877,0.560196,1.264151,0,0.0,25
1900-01-01 14:19:54.654,0.143845,0.428536,0.559764,1.433884,0,0.0,25
1900-01-01 14:19:55.654,0.144018,0.429239,0.560527,1.235862,0,0.0,25
1900-01-01 14:19:56.654,0.143089,0.429444,0.560674,1.127421,0,0.0,25
1900-01-01 14:19:57.654,0.142532,0.42778,0.558809,1.259436,0,0.0,25
1900-01-01 14:19:58.654,0.142222,0.427638,0.558809,1.297155,0,0.0,25
1900-01-01 14:19:59.654,0.142742,0.427727,0.559783,1.363162,0,0.0,25
1900-01-01 14:20:00.654,0.143262,0.428242,0.56027,0.967118,0,0.0,25
1900-01-01 14:20:01.654,0.143062,0.428767,0.560095,1.051984,0,0.0,25
1900-01-01 14:20:02.654,0.143194,0.427428,0.558947,1.349017,0,0.0,25
1900-01-01 14:20:03.654,0.143341,0.429271,0.560132,0.952974,0,0.0,25
1900-01-01 14:20:04.654,0.143504,0.427149,0.558965,1.023696,0,0.0,25
1900-01-01 14:20:05.654,0.143603,0.429355,0.560766,1.217003,0,0.0,25
1900-01-01 14:20:06.654,0.143766,0.429244,0.561106,1.240577,0,0.0,25
1900-01-01 14:20:07.654,0.143362,0.427795,0.558846,1.254721,0,0.0,25
1900-01-01 14:20:08.654,0.14333,0.428819,0.560297,1.066129,0,0.0,25
1900-01-01 14:20:09.654,0.142952,0.427874,0.558974,1.433884,0,0.0,25
1900-01-01 14:20:10.654,0.142548,0.429029,0.561023,0.952974,0,0.0,25
1900-01-01 14:20:11.654,0.143572,0.42757,0.559287,1.132136,0,0.0,25
1900-01-01 14:20:12.654,0.143472,0.428378,0.559112,1.127421,0,0.0,25
1900-01-01 14:20:13.654,0.143446,0.429113,0.559608,1.382021,0,0.0,25
1900-01-01 14:20:14.654,0.143724,0.428557,0.559314,1.04727,0,0.0,25
1900-01-01 14:20:15.654,0.143666,0.429827,0.56106,1.264151,0,0.0,25
1900-01-01 14:20:16.654,0.143582,0.429397,0.560224,1.009551,0,0.0,25
1900-01-01 14:20:17.654,0.143887,0.428672,0.559691,1.207573,0,0.0,25
1900-01-01 14:20:18.654,0.142921,0.429549,0.559801,1.03784,0,0.0,25
1900-01-01 14:20:19.654,0.143125,0.427969,0.559452,1.089703,0,0.0,25
1900-01-01 14:20:20.654,0.143441,0.429523,0.560784,1.023696,0,0.0,25
1900-01-01 14:20:21.654,0.142999,0.427921,0.559048,1.316014,0,0.0,25
1900-01-01 14:20:22.654,0.144128,0.430536,0.561896,1.391451,0,0.0,25
1900-01-01 14:20:23.654,0.143845,0.43062,0.561097,1.179284,0,0.0,25
1900-01-01 14:20:24.654,0.143897,0.428866,0.559838,1.193429,0,0.0,25
1900-01-01 14:20:25.654,0.143094,0.429187,0.560077,1.080273,0,0.0,25
1900-01-01 14:20:26.654,0.14375,0.427648,0.558395,1.466888,0,0.0,25
1900-01-01 14:20:27.654,0.142543,0.428173,0.558938,1.146281,0,0.0,25
1900-01-01 14:20:28.654,0.143199,0.428877,0.559599,1.278295,0,0.0,25
1900-01-01 14:20:29.654,0.144055,0.428751,0.559627,1.29244,0,0.0,25
1900-01-01 14:20:30.654,0.144412,0.429512,0.55981,1.532895,0,0.0,25
1900-01-01 14:20:31.654,0.143829,0.428929,0.560242,1.339588,0,0.0,25
1900-01-01 14:20:32.654,0.143645,0.428494,0.558699,1.259436,0,0.0,25
1900-01-01 14:20:33.654,0.143871,0.429664,0.560453,1.344303,0,0.0,25
1900-01-01 14:20:34.654,0.142784,0.428541,0.559948,1.27358,0,0.0,25
1900-01-01 14:20:35.654,0.143761,0.429937,0.560554,1.146281,0,0.0,25
1900-01-01 14:20:36.654,0.144186,0.430384,0.561299,1.240577,0,0.0,25
1900-01-01 14:20:37.654,0.14405,0.430625,0.561317,1.04727,0,0.0,25
1900-01-01 14:20:38.654,0.143829,0.428819,0.559994,1.018981,0,0.0,25
1900-01-01 14:20:39.654,0.142711,0.426493,0.557909,1.212288,0,0.0,25
1900-01-01 14:20:40.654,0.14363,0.428672,0.559994,1.28301,0,0.0,25
1900-01-01 14:20:41.654,0.143939,0.431024,0.560995,1.188714,0,0.0,25
1900-01-01 14:20:42.654,0.143693,0.429397,0.560858,1.188714,0,0.0,25
1900-01-01 14:20:43.654,0.144181,0.428656,0.559075,1.306584,0,0.0,25
1900-01-01 14:20:44.654,0.14353,0.4301,0.56106,1.235862,0,0.0,25
1900-01-01 14:20:45.654,0.143567,0.429916,0.560803,1.056699,0,0.0,25
1900-01-01 14:20:46.654,0.144097,0.428205,0.559351,1.193429,0,0.0,25
1900-01-01 14:20:47.654,0.143073,0.429307,0.560196,1.188714,0,0.0,25
1900-01-01 14:20:48.654,0.14384,0.428583,0.559333,1.202858,0,0.0,25
1900-01-01 14:20:49.654,0.14426,0.428945,0.55948,1.212288,0,0.0,25
1900-01-01 14:20:50.654,0.143572,0.428646,0.559424,1.179284,0,0.0,25
1900-01-01 14:20:51.654,0.143131,0.427459,0.557275,1.183999,0,0.0,25
1900-01-01 14:20:52.654,0.143897,0.429727,0.560628,1.264151,0,0.0,25
1900-01-01 14:20:53.654,0.144412,0.429433,0.559911,1.127421,0,0.0,25
1900-01-01 14:20:54.654,0.143677,0.427696,0.558432,1.287725,0,0.0,25
1900-01-01 14:20:55.654,0.144223,0.430562,0.560306,1.000122,0,0.0,25
1900-01-01 14:20:56.654,0.143325,0.429302,0.560407,1.349017,0,0.0,25
1900-01-01 14:20:57.654,0.14374,0.429843,0.560545,1.089703,0,0.0,25
1900-01-01 14:20:58.654,0.143236,0.428079,0.559369,1.438599,0,0.0,25
1900-01-01 14:20:59.654,0.143346,0.427869,0.559976,1.127421,0,0.0,25
1900-01-01 14:21:00.654,0.144254,0.429948,0.561877,1.254721,0,0.0,25
1900-01-01 14:21:01.654,0.144008,0.428347,0.558772,1.103847,0,0.0,25
1900-01-01 14:21:02.654,0.143304,0.428824,0.559884,1.207573,0,0.0,25
1900-01-01 14:21:03.654,0.14333,0.427753,0.558873,1.127421,0,0.0,25
1900-01-01 14:21:04.654,0.143661,0.429034,0.560554,1.117992,0,0.0,25
1900-01-01 14:21:05.654,0.143882,0.429208,0.560003,1.264151,0,0.0,25
1900-01-01 14:21:06.654,0.143609,0.427974,0.559213,1.353732,0,0.0,25
1900-01-01 14:21:07.654,0.143976,0.429712,0.5606,1.188714,0,0.0,25
1900-01-01 14:21:08.654,0.144176,0.428809,0.559884,1.103847,0,0.0,25
1900-01-01 14:21:08.654,0.144176,0.428809,0.559884,1.103847,0,0.0,25
1900-01-01 14:21:09.654,0.143861,0.429822,0.561749,0.929399,0,0.0,25
1900-01-01 14:21:10.654,0.144144,0.429129,0.560022,1.108562,0,0.0,25
1900-01-01 14:21:11.654,0.14395,0.429859,0.561354,1.103847,0,0.0,25
1900-01-01 14:21:11.654,0.14395,0.429859,0.561354,1.103847,0,0.0,25
1900-01-01 14:21:12.654,0.143546,0.428294,0.559388,1.03784,0,0.0,25
1900-01-01 14:21:13.654,0.143498,0.430063,0.561317,1.297155,0,0.0,25
1900-01-01 14:21:14.654,0.143929,0.428074,0.559002,1.070844,0,0.0,25
1900-01-01 14:21:14.654,0.143929,0.428074,0.559002,1.070844,0,0.0,25
1900-01-01 14:21:15.654,0.143614,0.42884,0.560141,1.278295,0,0.0,25
1900-01-01 14:21:16.654,0.144086,0.429187,0.56049,0.915255,0,0.0,25
1900-01-01 14:21:17.654,0.144328,0.42874,0.559571,1.108562,0,0.0,25
1900-01-01 14:21:18.654,0.143792,0.428147,0.558735,1.27358,0,0.0,25
1900-01-01 14:21:19.654,0.143934,0.42968,0.56061,1.099133,0,0.0,25
1900-01-01 14:21:20.654,0.143341,0.427858,0.55936,1.287725,0,0.0,25
1900-01-01 14:21:21.654,0.143362,0.42799,0.558818,1.268866,0,0.0,25
1900-01-01 14:21:22.654,0.143892,0.42799,0.55902,0.886966,0,0.0,25
1900-01-01 14:21:23.654,0.143472,0.430452,0.561666,1.457458,0,0.0,25
1900-01-01 14:21:24.654,0.143687,0.428977,0.560095,1.094418,0,0.0,25
1900-01-01 14:21:25.654,0.144391,0.430468,0.561666,1.103847,0,0.0,25
1900-01-01 14:21:26.654,0.143892,0.43042,0.561455,1.297155,0,0.0,25
1900-01-01 14:21:27.654,0.143283,0.428772,0.560159,1.127421,0,0.0,25
1900-01-01 14:21:28.654,0.143346,0.428898,0.560141,0.896396,0,0.0,25
1900-01-01 14:21:29.654,0.144569,0.430536,0.560885,0.886966,0,0.0,25
1900-01-01 14:21:30.654,0.14375,0.429223,0.559884,1.056699,0,0.0,25
1900-01-01 14:21:31.654,0.143598,0.428383,0.559094,1.235862,0,0.0,25
1900-01-01 14:21:32.654,0.143735,0.429239,0.560518,1.094418,0,0.0,25
1900-01-01 14:21:33.654,0.143399,0.428683,0.559342,0.971833,0,0.0,25
1900-01-01 14:21:34.654,0.14417,0.429806,0.561914,1.231147,0,0.0,25
1900-01-01 14:21:35.654,0.143593,0.429171,0.560058,1.066129,0,0.0,25
1900-01-01 14:21:36.654,0.143882,0.429748,0.561335,0.995407,0,0.0,25
1900-01-01 14:21:37.654,0.143509,0.430258,0.561188,1.344303,0,0.0,25
1900-01-01 14:21:38.654,0.143073,0.428567,0.55936,1.221718,0,0.0,25
1900-01-01 14:21:39.654,0.144296,0.42916,0.560646,1.226432,0,0.0,25
1900-01-01 14:21:40.654,0.143908,0.429806,0.560913,1.094418,0,0.0,25
1900-01-01 14:21:41.654,0.143252,0.428761,0.560509,1.122707,0,0.0,25
1900-01-01 14:21:41.654,0.143252,0.428761,0.560509,1.122707,0,0.0,25
1900-01-01 14:21:42.654,0.143609,0.430242,0.561152,1.193429,0,0.0,25
1900-01-01 14:21:43.654,0.143756,0.430326,0.561363,0.901111,0,0.0,25
1900-01-01 14:21:44.654,0.143089,0.429633,0.561124,1.386736,0,0.0,25
1900-01-01 14:21:44.654,0.143089,0.429633,0.561124,1.386736,0,0.0,25
1900-01-01 14:21:45.654,0.143141,0.429853,0.56207,0.976548,0,0.0,25
1900-01-01 14:21:46.654,0.143488,0.428893,0.560536,1.429169,0,0.0,25
1900-01-01 14:21:47.654,0.144191,0.429937,0.561354,1.117992,0,0.0,25
1900-01-01 14:21:48.654,0.144501,0.429712,0.560931,1.301869,0,0.0,25
1900-01-01 14:21:48.654,0.144501,0.429712,0.560931,1.301869,0,0.0,25
1900-01-01 14:21:49.654,0.143771,0.429964,0.560674,0.877537,0,0.0,25
1900-01-01 14:21:50.654,0.143908,0.429979,0.561253,1.122707,0,0.0,25
1900-01-01 14:21:51.654,0.144197,0.428641,0.560187,1.231147,0,0.0,25
1900-01-01 14:21:52.654,0.143467,0.429176,0.560463,1.250006,0,0.0,25
1900-01-01 14:21:53.654,0.144102,0.429591,0.560334,1.051984,0,0.0,25
1900-01-01 14:21:54.654,0.144338,0.430342,0.561262,1.278295,0,0.0,25
1900-01-01 14:21:55.654,0.143913,0.429654,0.561776,1.245292,0,0.0,25
1900-01-01 14:21:56.654,0.143698,0.429234,0.560003,1.207573,0,0.0,25
1900-01-01 14:21:57.654,0.143215,0.428089,0.559599,0.962403,0,0.0,25
1900-01-01 14:21:58.654,0.143981,0.429344,0.561041,1.17457,0,0.0,25
1900-01-01 14:21:58.654,0.143981,0.429344,0.561041,1.17457,0,0.0,25
1900-01-01 14:21:59.654,0.143031,0.4282,0.560656,1.146281,0,0.0,25
1900-01-01 14:22:00.654,0.144176,0.431019,0.561528,1.183999,0,0.0,25
1900-01-01 14:22:01.654,0.143556,0.429717,0.561767,1.136851,0,0.0,25
1900-01-01 14:22:02.654,0.143661,0.429376,0.559884,1.023696,0,0.0,25
1900-01-01 14:22:02.654,0.143661,0.429376,0.559884,1.023696,0,0.0,25
1900-01-01 14:22:03.654,0.143178,0.428399,0.56015,1.202858,0,0.0,25
1900-01-01 14:22:04.654,0.143892,0.428814,0.560196,1.061414,0,0.0,25
1900-01-01 14:22:05.654,0.144097,0.430032,0.561639,1.268866,0,0.0,25
1900-01-01 14:22:06.654,0.143351,0.428394,0.560352,1.099133,0,0.0,25
1900-01-01 14:22:07.654,0.144102,0.429722,0.560701,1.169855,0,0.0,25
1900-01-01 14:22:08.654,0.145289,0.429061,0.559663,1.066129,0,0.0,25
1900-01-01 14:22:09.654,0.143435,0.429512,0.560582,1.40088,0,0.0,25
1900-01-01 14:22:10.654,0.144338,0.42989,0.561271,1.320729,0,0.0,25
1900-01-01 14:22:11.654,0.143504,0.427984,0.560169,1.221718,0,0.0,25
1900-01-01 14:22:12.654,0.142679,0.428163,0.560031,0.915255,0,0.0,25
1900-01-01 14:22:13.654,0.14363,0.429785,0.561051,1.245292,0,0.0,25
1900-01-01 14:22:14.654,0.144097,0.429349,0.560775,1.287725,0,0.0,25
1900-01-01 14:22:15.654,0.144569,0.430226,0.561253,1.099133,0,0.0,25
1900-01-01 14:22:16.654,0.14385,0.430205,0.561345,1.17457,0,0.0,25
1900-01-01 14:22:17.654,0.144155,0.430651,0.561694,1.17457,0,0.0,25
1900-01-01 14:22:18.654,0.14385,0.428882,0.559323,1.245292,0,0.0,25
1900-01-01 14:22:19.654,0.143378,0.428457,0.560316,1.287725,0,0.0,25
1900-01-01 14:22:20.654,0.143666,0.429061,0.560334,1.405595,0,0.0,25
1900-01-01 14:22:21.654,0.143955,0.430925,0.561767,0.905825,0,0.0,25
1900-01-01 14:22:22.654,0.142894,0.428089,0.559856,0.981262,0,0.0,25
1900-01-01 14:22:23.654,0.143798,0.429244,0.56106,1.27358,0,0.0,25
1900-01-01 14:22:24.654,0.143808,0.430111,0.560472,1.268866,0,0.0,25
1900-01-01 14:22:25.654,0.14343,0.427969,0.558938,1.386736,0,0.0,25
1900-01-01 14:22:26.654,0.144013,0.429281,0.56026,1.051984,0,0.0,25
1900-01-01 14:22:27.654,0.143273,0.42853,0.560251,1.136851,0,0.0,25
1900-01-01 14:22:28.654,0.143635,0.429528,0.560316,0.976548,0,0.0,25
1900-01-01 14:22:29.654,0.143388,0.429402,0.560233,1.207573,0,0.0,25
1900-01-01 14:22:30.654,0.143294,0.428588,0.559819,1.183999,0,0.0,25
1900-01-01 14:22:31.654,0.143945,0.430767,0.56117,1.330158,0,0.0,25
1900-01-01 14:22:32.654,0.143887,0.428919,0.560187,1.316014,0,0.0,25
1900-01-01 14:22:33.654,0.14302,0.429565,0.560003,1.169855,0,0.0,25
1900-01-01 14:22:34.654,0.143824,0.430137,0.560876,1.344303,0,0.0,25
1900-01-01 14:22:35.654,0.143892,0.431108,0.562135,1.221718,0,0.0,25
1900-01-01 14:22:36.654,0.143388,0.430867,0.561767,1.023696,0,0.0,25
1900-01-01 14:22:37.654,0.143624,0.428935,0.559039,1.278295,0,0.0,25
1900-01-01 14:22:38.654,0.14291,0.428011,0.559342,1.070844,0,0.0,25
1900-01-01 14:22:39.654,0.143409,0.429218,0.560417,1.27358,0,0.0,25
1900-01-01 14:22:40.654,0.144123,0.429575,0.56027,1.193429,0,0.0,25
1900-01-01 14:22:41.654,0.143656,0.429785,0.560426,1.099133,0,0.0,25
1900-01-01 14:22:42.654,0.143409,0.429454,0.560858,1.254721,0,0.0,25
1900-01-01 14:22:43.654,0.143231,0.42832,0.558395,1.141566,0,0.0,25
1900-01-01 14:22:44.654,0.14321,0.430331,0.561188,1.424454,0,0.0,25
1900-01-01 14:22:45.654,0.143519,0.429507,0.560977,1.320729,0,0.0,25
1900-01-01 14:22:46.654,0.144496,0.430594,0.562125,1.259436,0,0.0,25
1900-01-01 14:22:47.654,0.143262,0.428908,0.560325,1.108562,0,0.0,25
1900-01-01 14:22:48.654,0.143357,0.428677,0.560095,1.188714,0,0.0,25
1900-01-01 14:22:49.654,0.143372,0.42832,0.560554,1.207573,0,0.0,25
1900-01-01 14:22:50.654,0.142968,0.429407,0.560646,1.377306,0,0.0,25
1900-01-01 14:22:51.654,0.143588,0.429743,0.561381,1.259436,0,0.0,25
1900-01-01 14:22:52.654,0.144039,0.429601,0.561859,1.150995,0,0.0,25
1900-01-01 14:22:53.654,0.143519,0.428016,0.559562,1.094418,0,0.0,25
1900-01-01 14:22:54.654,0.143966,0.427969,0.559498,1.259436,0,0.0,25
1900-01-01 14:22:55.654,0.14363,0.428215,0.560086,1.113277,0,0.0,25
1900-01-01 14:22:56.654,0.143162,0.429344,0.560867,1.221718,0,0.0,25
1900-01-01 14:22:57.654,0.143441,0.429654,0.56083,1.089703,0,0.0,25
1900-01-01 14:22:58.654,0.142978,0.428441,0.560242,1.02841,0,0.0,25
1900-01-01 14:22:59.654,0.143435,0.429124,0.560279,1.009551,0,0.0,25
1900-01-01 14:23:00.654,0.142952,0.427732,0.559112,1.429169,0,0.0,25
1900-01-01 14:23:01.654,0.14459,0.429649,0.561142,1.183999,0,0.0,25
1900-01-01 14:23:02.654,0.14332,0.428966,0.559305,1.051984,0,0.0,25
1900-01-01 14:23:03.654,0.143855,0.429187,0.561289,1.301869,0,0.0,25
1900-01-01 14:23:04.654,0.143535,0.428961,0.560821,1.04727,0,0.0,25
1900-01-01 14:23:05.654,0.143724,0.429313,0.560738,1.000122,0,0.0,25
1900-01-01 14:23:06.654,0.14395,0.428819,0.561023,1.141566,0,0.0,25
1900-01-01 14:23:07.654,0.143204,0.428578,0.560453,1.306584,0,0.0,25
1900-01-01 14:23:08.654,0.143724,0.428898,0.560591,1.457458,0,0.0,25
1900-01-01 14:23:09.654,0.143876,0.42989,0.561657,1.16514,0,0.0,25
1900-01-01 14:23:10.654,0.143588,0.427942,0.558368,1.146281,0,0.0,25
1900-01-01 14:23:11.654,0.144202,0.429271,0.56027,1.179284,0,0.0,25
1900-01-01 14:23:12.654,0.143467,0.430431,0.561988,1.089703,0,0.0,25
1900-01-01 14:23:13.654,0.143215,0.42873,0.56038,1.287725,0,0.0,25
1900-01-01 14:23:14.654,0.14385,0.42863,0.560389,1.212288,0,0.0,25
1900-01-01 14:23:15.654,0.143981,0.429853,0.562098,1.353732,0,0.0,25
1900-01-01 14:23:16.654,0.144527,0.429628,0.561629,1.075559,0,0.0,25
1900-01-01 14:23:17.654,0.143561,0.429087,0.560674,1.033125,0,0.0,25
1900-01-01 14:23:18.654,0.142989,0.428956,0.561188,1.179284,0,0.0,25
1900-01-01 14:23:19.654,0.143871,0.428971,0.560518,0.740807,0,0.0,25
1900-01-01 14:23:20.654,0.143672,0.428347,0.559645,1.207573,0,0.0,25
1900-01-01 14:23:21.654,0.143357,0.429092,0.560812,1.108562,0,0.0,25
1900-01-01 14:23:22.654,0.143052,0.42894,0.560132,1.056699,0,0.0,25
1900-01-01 14:23:23.654,0.144134,0.4303,0.56207,0.901111,0,0.0,25
1900-01-01 14:23:24.654,0.143703,0.430315,0.561831,1.141566,0,0.0,25
1900-01-01 14:23:25.654,0.143414,0.430494,0.561455,1.023696,0,0.0,25
1900-01-01 14:23:26.654,0.143661,0.429948,0.561933,0.962403,0,0.0,25
1900-01-01 14:23:27.654,0.143162,0.429832,0.560665,1.278295,0,0.0,25
1900-01-01 14:23:28.654,0.143341,0.429754,0.561896,1.16514,0,0.0,25
1900-01-01 14:23:29.654,0.143745,0.42852,0.560297,0.787955,0,0.0,25
1900-01-01 14:23:30.654,0.143504,0.428709,0.560591,1.141566,0,0.0,25
1900-01-01 14:23:31.654,0.143661,0.428357,0.558882,1.122707,0,0.0,25
1900-01-01 14:23:32.654,0.143535,0.429355,0.560389,1.17457,0,0.0,25
1900-01-01 14:23:33.654,0.144244,0.429491,0.560306,1.245292,0,0.0,25
1900-01-01 14:23:34.654,0.143509,0.429202,0.561253,1.02841,0,0.0,25
1900-01-01 14:23:35.654,0.143467,0.427995,0.560334,1.080273,0,0.0,25
1900-01-01 14:23:36.654,0.14363,0.42946,0.561216,1.136851,0,0.0,25
1900-01-01 14:23:37.654,0.142926,0.428809,0.560325,1.183999,0,0.0,25
1900-01-01 14:23:38.654,0.143981,0.429496,0.561179,1.202858,0,0.0,25
1900-01-01 14:23:39.654,0.143294,0.429596,0.561179,1.042555,0,0.0,25
1900-01-01 14:23:40.654,0.142821,0.428835,0.560407,0.78324,0,0.0,25
1900-01-01 14:23:41.654,0.14363,0.428404,0.559461,1.264151,0,0.0,25
1900-01-01 14:23:42.654,0.143892,0.429355,0.559957,1.094418,0,0.0,25
1900-01-01 14:23:43.654,0.143792,0.428751,0.559801,1.372591,0,0.0,25
1900-01-01 14:23:44.654,0.144333,0.429664,0.560407,1.066129,0,0.0,25
1900-01-01 14:23:45.654,0.143005,0.428394,0.559755,1.207573,0,0.0,25
1900-01-01 14:23:46.654,0.143131,0.429318,0.56117,1.27358,0,0.0,25
1900-01-01 14:23:47.654,0.143294,0.42862,0.55902,1.339588,0,0.0,25
1900-01-01 14:23:48.654,0.143519,0.429071,0.559847,1.320729,0,0.0,25
1900-01-01 14:23:49.654,0.144002,0.429071,0.56049,1.15571,0,0.0,25
1900-01-01 14:23:50.654,0.143451,0.428614,0.560564,1.023696,0,0.0,25
1900-01-01 14:23:51.654,0.144233,0.430331,0.561492,0.924685,0,0.0,25
1900-01-01 14:23:52.654,0.144296,0.428756,0.559838,1.150995,0,0.0,25
1900-01-01 14:23:53.654,0.143829,0.429937,0.561464,1.344303,0,0.0,25
1900-01-01 14:23:54.654,0.144365,0.42895,0.559902,1.245292,0,0.0,25
1900-01-01 14:23:55.654,0.143514,0.428761,0.559847,1.014266,0,0.0,25
1900-01-01 14:23:56.654,0.144333,0.429738,0.561041,1.41031,0,0.0,25
1900-01-01 14:23:57.654,0.144512,0.430352,0.560904,1.17457,0,0.0,25
1900-01-01 14:23:58.654,0.143498,0.429113,0.560325,1.018981,0,0.0,25
1900-01-01 14:23:59.654,0.144181,0.428483,0.560086,1.023696,0,0.0,25
1900-01-01 14:24:00.654,0.14459,0.42978,0.561583,0.985977,0,0.0,25
1900-01-01 14:24:01.654,0.144512,0.430609,0.561813,1.339588,0,0.0,25
1900-01-01 14:24:02.654,0.144732,0.429475,0.560187,1.023696,0,0.0,25
1900-01-01 14:24:03.654,0.143698,0.429601,0.560435,1.254721,0,0.0,25
1900-01-01 14:24:04.654,0.143808,0.428935,0.560573,1.268866,0,0.0,25
1900-01-01 14:24:05.654,0.143666,0.431334,0.562603,1.254721,0,0.0,25
1900-01-01 14:24:06.654,0.143761,0.429171,0.561188,1.080273,0,0.0,25
1900-01-01 14:24:07.654,0.143399,0.429255,0.560509,1.183999,0,0.0,25
1900-01-01 14:24:08.654,0.143966,0.429029,0.561005,1.188714,0,0.0,25
1900-01-01 14:24:09.654,0.144212,0.430336,0.560297,1.160425,0,0.0,25
1900-01-01 14:24:10.654,0.14406,0.429218,0.560876,1.094418,0,0.0,25
1900-01-01 14:24:11.654,0.143803,0.430126,0.561629,1.188714,0,0.0,25
1900-01-01 14:24:12.654,0.144533,0.429412,0.56049,1.240577,0,0.0,25
1900-01-01 14:24:13.654,0.143808,0.429911,0.561565,1.084988,0,0.0,25
1900-01-01 14:24:14.654,0.144312,0.430977,0.561455,1.457458,0,0.0,25
1900-01-01 14:24:15.654,0.144554,0.430856,0.562713,1.28301,0,0.0,25
1900-01-01 14:24:16.654,0.143756,0.429055,0.560058,0.985977,0,0.0,25
1900-01-01 14:24:17.654,0.144548,0.429675,0.559783,1.358447,0,0.0,25
1900-01-01 14:24:18.654,0.144307,0.428903,0.560077,1.004836,0,0.0,25
1900-01-01 14:24:19.654,0.145231,0.43041,0.561234,1.311299,0,0.0,25
1900-01-01 14:24:20.654,0.144837,0.4301,0.561335,1.268866,0,0.0,25
1900-01-01 14:24:21.654,0.144475,0.429334,0.559489,1.231147,0,0.0,25
1900-01-01 14:24:22.654,0.144737,0.430525,0.560499,0.981262,0,0.0,25
1900-01-01 14:24:23.654,0.144417,0.429124,0.55914,1.221718,0,0.0,25
1900-01-01 14:24:24.654,0.144727,0.429297,0.559847,1.042555,0,0.0,25
1900-01-01 14:24:25.654,0.144417,0.428945,0.559241,1.122707,0,0.0,25
1900-01-01 14:24:26.654,0.144674,0.430158,0.561069,1.169855,0,0.0,25
1900-01-01 14:24:27.654,0.143724,0.427801,0.558037,1.202858,0,0.0,25
1900-01-01 14:24:28.654,0.14532,0.431129,0.561712,1.17457,0,0.0,25
1900-01-01 14:24:29.654,0.145194,0.430489,0.561436,1.259436,0,0.0,25
1900-01-01 14:24:30.654,0.144233,0.430226,0.56106,0.816244,0,0.0,25
1900-01-01 14:24:31.654,0.145268,0.430426,0.5606,0.882251,0,0.0,25
1900-01-01 14:24:32.654,0.145016,0.429265,0.560729,1.04727,0,0.0,25
1900-01-01 14:24:33.654,0.144501,0.429129,0.559222,1.268866,0,0.0,25
1900-01-01 14:24:34.654,0.144643,0.430069,0.561262,1.089703,0,0.0,25
1900-01-01 14:24:35.654,0.14511,0.429958,0.560554,0.985977,0,0.0,25
1900-01-01 14:24:36.654,0.145042,0.429187,0.559682,1.28301,0,0.0,25
1900-01-01 14:24:37.654,0.144932,0.429271,0.56106,1.141566,0,0.0,25
1900-01-01 14:24:38.654,0.144449,0.429108,0.559709,1.009551,0,0.0,25
1900-01-01 14:24:39.654,0.144443,0.429769,0.559911,1.000122,0,0.0,25
1900-01-01 14:24:40.654,0.144737,0.428462,0.558947,0.858677,0,0.0,25
1900-01-01 14:24:41.654,0.145446,0.43104,0.560453,1.27358,0,0.0,25
1900-01-01 14:24:42.654,0.144554,0.428488,0.55868,1.259436,0,0.0,25
1900-01-01 14:24:43.654,0.144475,0.429502,0.559801,1.221718,0,0.0,25
1900-01-01 14:24:44.654,0.144989,0.430357,0.560389,1.080273,0,0.0,25
1900-01-01 14:24:45.654,0.144842,0.429465,0.559948,1.212288,0,0.0,25
1900-01-01 14:24:46.654,0.145635,0.430715,0.560692,1.278295,0,0.0,25
1900-01-01 14:24:47.654,0.144554,0.430368,0.561455,1.160425,0,0.0,25
1900-01-01 14:24:48.654,0.145236,0.429328,0.559434,0.971833,0,0.0,25
1900-01-01 14:24:49.654,0.144832,0.430499,0.561087,1.136851,0,0.0,25
1900-01-01 14:24:50.654,0.144218,0.428945,0.560077,1.103847,0,0.0,25
1900-01-01 14:24:51.654,0.144291,0.429685,0.56061,1.132136,0,0.0,25
1900-01-01 14:24:52.654,0.145052,0.428693,0.559094,1.259436,0,0.0,25
1900-01-01 14:24:53.654,0.144905,0.429328,0.560141,1.066129,0,0.0,25
1900-01-01 14:24:54.654,0.145598,0.430142,0.56117,1.311299,0,0.0,25
1900-01-01 14:24:55.654,0.14573,0.431849,0.562125,1.268866,0,0.0,25
1900-01-01 14:24:56.654,0.145231,0.430168,0.561041,1.117992,0,0.0,25
1900-01-01 14:24:57.654,0.144485,0.428872,0.560582,1.033125,0,0.0,25
1900-01-01 14:24:58.654,0.144706,0.429612,0.561198,1.287725,0,0.0,25
1900-01-01 14:24:59.654,0.145577,0.431129,0.562438,1.103847,0,0.0,25
1900-01-01 14:25:00.654,0.144916,0.430641,0.56185,1.212288,0,0.0,25
1900-01-01 14:25:01.654,0.144622,0.429418,0.561161,1.287725,0,0.0,25
1900-01-01 14:25:02.654,0.144874,0.42841,0.559921,1.226432,0,0.0,25
1900-01-01 14:25:03.654,0.144748,0.429244,0.560242,1.000122,0,0.0,25
1900-01-01 14:25:04.654,0.145058,0.42978,0.560766,1.254721,0,0.0,25
1900-01-01 14:25:05.654,0.145152,0.429313,0.560784,1.04727,0,0.0,25
1900-01-01 14:25:06.654,0.145194,0.430436,0.561675,1.108562,0,0.0,25
1900-01-01 14:25:07.654,0.145147,0.431056,0.562392,1.160425,0,0.0,25
1900-01-01 14:25:08.654,0.145184,0.429024,0.559525,1.367877,0,0.0,25
1900-01-01 14:25:09.654,0.14426,0.428583,0.559829,1.226432,0,0.0,25
1900-01-01 14:25:10.654,0.145052,0.428483,0.55948,1.061414,0,0.0,25
1900-01-01 14:25:11.654,0.144291,0.428247,0.559489,0.976548,0,0.0,25
1900-01-01 14:25:12.654,0.145682,0.430893,0.561289,1.113277,0,0.0,25
1900-01-01 14:25:13.654,0.143057,0.423464,0.553508,1.136851,0,0.0,25
1900-01-01 14:25:14.654,0.139524,0.407193,0.533158,1.080273,0,0.0,25
1900-01-01 14:25:15.654,0.135103,0.385451,0.508747,0.971833,0,0.0,25
1900-01-01 14:25:16.654,0.132205,0.369264,0.489224,1.03784,0,0.0,25
1900-01-01 14:25:17.654,0.1275,0.353171,0.468746,0.995407,0,0.0,25
1900-01-01 14:25:18.654,0.124618,0.337661,0.449287,1.075559,0,0.0,25
1900-01-01 14:25:19.654,0.121221,0.321175,0.429902,1.150995,0,0.0,25
1900-01-01 14:25:20.654,0.117414,0.30733,0.413246,1.160425,0,0.0,25
1900-01-01 14:25:21.654,0.114322,0.292172,0.394816,1.04727,0,0.0,25
1900-01-01 14:25:22.654,0.111203,0.277077,0.377516,1.424454,0,0.0,25
1900-01-01 14:25:23.654,0.109072,0.26572,0.364066,0.971833,0,0.0,25
1900-01-01 14:25:24.654,0.106226,0.253933,0.349008,1.03784,0,0.0,25
1900-01-01 14:25:25.654,0.104777,0.244167,0.336817,1.15571,0,0.0,25
1900-01-01 14:25:26.654,0.101459,0.231734,0.322531,1.103847,0,0.0,25
1900-01-01 14:25:27.654,0.098508,0.22064,0.308933,1.226432,0,0.0,25
1900-01-01 14:25:28.654,0.096702,0.211725,0.298147,1.183999,0,0.0,25
1900-01-01 14:25:29.654,0.095184,0.204679,0.290476,1.198144,0,0.0,25
1900-01-01 14:25:30.654,0.093804,0.197066,0.280728,1.198144,0,0.0,25
1900-01-01 14:25:31.654,0.091997,0.188949,0.27223,1.245292,0,0.0,25
1900-01-01 14:25:32.654,0.090596,0.181598,0.262179,1.259436,0,0.0,25
1900-01-01 14:25:33.654,0.088249,0.173066,0.251963,1.141566,0,0.0,25
1900-01-01 14:25:34.654,0.085954,0.165106,0.242923,0.872822,0,0.0,25
1900-01-01 14:25:35.654,0.084778,0.158417,0.23447,1.28301,0,0.0,25
1900-01-01 14:25:36.654,0.082431,0.150106,0.224319,1.344303,0,0.0,25
1900-01-01 14:25:37.654,0.080578,0.14317,0.216675,1.287725,0,0.0,25
1900-01-01 14:25:38.654,0.079843,0.137211,0.208489,1.183999,0,0.0,25
1900-01-01 14:25:39.654,0.078635,0.131835,0.202581,1.075559,0,0.0,25
1900-01-01 14:25:40.654,0.078178,0.129939,0.200505,1.311299,0,0.0,25
1900-01-01 14:25:41.654,0.078803,0.130974,0.201543,1.514036,0,0.0,25
1900-01-01 14:25:42.654,0.078892,0.131992,0.202205,0.91054,0,0.0,25
1900-01-01 14:25:43.654,0.078635,0.130884,0.201571,1.226432,0,0.0,25
1900-01-01 14:25:44.654,0.079092,0.13142,0.202361,1.41974,0,0.0,25
1900-01-01 14:25:45.654,0.078168,0.130916,0.201635,1.051984,0,0.0,25
1900-01-01 14:25:46.654,0.07853,0.130947,0.201672,1.226432,0,0.0,25
1900-01-01 14:25:47.654,0.079144,0.131619,0.202554,1.415025,0,0.0,25
1900-01-01 14:25:48.654,0.079276,0.131094,0.200909,1.113277,0,0.0,25
1900-01-01 14:25:49.654,0.076924,0.122688,0.19141,0.990692,0,0.0,25
1900-01-01 14:25:50.654,0.074797,0.115784,0.18282,0.971833,0,0.0,25
1900-01-01 14:25:51.654,0.073794,0.109415,0.175644,1.117992,0,0.0,25
1900-01-01 14:25:52.654,0.072408,0.103981,0.170527,0.844533,0,0.0,25
1900-01-01 14:25:53.654,0.0713,0.099791,0.165235,1.386736,0,0.0,25
1900-01-01 14:25:54.654,0.07244,0.09934,0.164243,1.212288,0,0.0,25
1900-01-01 14:25:55.654,0.071762,0.098305,0.162681,0.882251,0,1.0,25
1900-01-01 14:25:56.654,0.07151,0.097245,0.162433,1.146281,1,1.0,25
1900-01-01 14:25:57.654,0.072408,0.098274,0.162984,1.358447,1,1.0,25
1900-01-01 14:25:58.654,0.071369,0.098095,0.162433,1.250006,1,1.0,25
1900-01-01 14:25:59.654,0.070418,0.096379,0.160697,1.16514,1,1.0,25
1900-01-01 14:26:00.654,0.069305,0.095675,0.158942,1.150995,1,1.0,25
1900-01-01 14:26:01.654,0.070355,0.096594,0.161487,1.014266,1,1.0,25
1900-01-01 14:26:02.654,0.069851,0.0963,0.160421,1.353732,1,1.0,25
1900-01-01 14:26:03.654,0.06993,0.097208,0.161055,0.957688,1,1.0,25
1900-01-01 14:26:04.654,0.069185,0.096426,0.161285,1.146281,1,1.0,25
1900-01-01 14:26:05.654,0.069935,0.095864,0.159447,1.306584,1,1.0,25
1900-01-01 14:26:06.654,0.069242,0.094641,0.158859,1.103847,1,1.0,25
1900-01-01 14:26:07.654,0.069731,0.095801,0.160485,1.033125,1,1.0,25
1900-01-01 14:26:08.654,0.069689,0.095675,0.160265,1.316014,1,1.0,25
1900-01-01 14:26:09.654,0.069993,0.09579,0.160008,1.221718,1,1.0,25
1900-01-01 14:26:10.654,0.069557,0.095334,0.159181,1.04727,1,1.0,25
1900-01-01 14:26:11.654,0.070067,0.0964,0.160403,1.169855,1,1.0,25
1900-01-01 14:26:12.654,0.070361,0.096342,0.159861,1.179284,1,1.0,25
1900-01-01 14:26:13.654,0.069321,0.096825,0.161257,1.15571,1,1.0,25
1900-01-01 14:26:14.654,0.069626,0.095937,0.160201,1.188714,1,1.0,25
1900-01-01 14:26:15.654,0.069484,0.095113,0.160118,1.004836,1,1.0,25
1900-01-01 14:26:16.654,0.069683,0.09505,0.159603,1.268866,1,1.0,25
1900-01-01 14:26:17.654,0.069347,0.095943,0.160026,1.075559,1,1.0,25
1900-01-01 14:26:18.654,0.07014,0.095958,0.159842,1.259436,1,1.0,25
1900-01-01 14:26:19.654,0.069615,0.095691,0.159861,1.080273,1,1.0,25
1900-01-01 14:26:20.654,0.069573,0.095381,0.159861,1.075559,1,1.0,25
1900-01-01 14:26:21.654,0.070067,0.095995,0.160458,1.094418,1,1.0,25
1900-01-01 14:26:22.654,0.070366,0.096211,0.160642,1.113277,1,1.0,25
1900-01-01 14:26:23.654,0.069195,0.09546,0.159502,1.28301,1,1.0,25
1900-01-01 14:26:24.654,0.06962,0.095538,0.159585,0.844533,1,1.0,25
1900-01-01 14:26:25.654,0.06899,0.095045,0.159006,1.136851,1,1.0,25
1900-01-01 14:26:26.654,0.069038,0.094809,0.159539,1.188714,1,1.0,25
1900-01-01 14:26:27.654,0.069773,0.095549,0.159521,1.183999,1,1.0,25
1900-01-01 14:26:28.654,0.070156,0.097156,0.161092,0.858677,1,1.0,25
1900-01-01 14:26:29.654,0.069473,0.095906,0.160623,1.04727,1,1.0,25
1900-01-01 14:26:30.654,0.069662,0.096678,0.161863,1.146281,1,1.0,25
1900-01-01 14:26:31.654,0.069337,0.096893,0.160926,1.150995,1,1.0,25
1900-01-01 14:26:32.654,0.069605,0.096452,0.160586,0.858677,1,1.0,25
1900-01-01 14:26:33.654,0.069647,0.096053,0.160678,1.146281,1,1.0,25
1900-01-01 14:26:34.654,0.070056,0.096888,0.160384,1.169855,1,1.0,25
1900-01-01 14:26:35.654,0.070324,0.096793,0.161119,1.03784,1,1.0,25
1900-01-01 14:26:36.654,0.069578,0.097019,0.161294,1.212288,1,1.0,25
1900-01-01 14:26:37.654,0.069725,0.097129,0.160476,1.122707,1,1.0,25
1900-01-01 14:26:38.654,0.069956,0.096541,0.160366,1.099133,1,1.0,25
1900-01-01 14:26:39.654,0.068786,0.095376,0.15942,1.217003,1,1.0,25
1900-01-01 14:26:40.654,0.069631,0.096646,0.160651,0.990692,1,1.0,25
1900-01-01 14:26:41.654,0.069699,0.095575,0.159907,1.330158,1,1.0,25
1900-01-01 14:26:42.654,0.069195,0.095853,0.159704,1.221718,1,1.0,25
1900-01-01 14:26:43.654,0.070418,0.09673,0.161128,0.938829,1,1.0,25
1900-01-01 14:26:44.654,0.069195,0.096153,0.160008,1.438599,1,1.0,25
1900-01-01 14:26:45.654,0.069221,0.095155,0.159254,1.009551,1,1.0,25
1900-01-01 14:26:46.654,0.070082,0.096016,0.160348,1.188714,1,1.0,25
1900-01-01 14:26:47.654,0.070151,0.096583,0.161,1.226432,1,1.0,25
1900-01-01 14:26:48.654,0.069536,0.095759,0.159989,1.325443,1,1.0,25
1900-01-01 14:26:49.654,0.068948,0.095428,0.159943,1.113277,1,1.0,25
1900-01-01 14:26:50.654,0.069326,0.096253,0.161027,1.240577,1,1.0,25
1900-01-01 14:26:51.654,0.069972,0.098111,0.162066,1.066129,1,1.0,25
1900-01-01 14:26:52.654,0.069127,0.096352,0.160136,1.023696,1,1.0,25
1900-01-01 14:26:53.654,0.069914,0.097324,0.161009,0.952974,1,1.0,25
1900-01-01 14:26:54.654,0.069326,0.096641,0.160072,1.108562,1,1.0,25
1900-01-01 14:26:55.654,0.069631,0.096799,0.160357,1.099133,1,1.0,25
1900-01-01 14:26:56.654,0.069284,0.096568,0.161551,0.981262,1,1.0,25
1900-01-01 14:26:57.654,0.069263,0.096074,0.159888,1.070844,1,1.0,25
1900-01-01 14:26:58.654,0.069174,0.096237,0.16077,1.221718,1,1.0,25
1900-01-01 14:26:59.654,0.069416,0.096221,0.160118,1.198144,1,1.0,25
1900-01-01 14:27:00.654,0.069111,0.095391,0.160292,0.943544,1,1.0,25
1900-01-01 14:27:01.654,0.069605,0.096363,0.160752,0.967118,1,1.0,25
1900-01-01 14:27:02.654,0.06888,0.096646,0.161569,1.504606,1,1.0,25
1900-01-01 14:27:03.654,0.069059,0.09567,0.160733,1.042555,1,1.0,25
1900-01-01 14:27:04.654,0.06909,0.095916,0.161,1.150995,1,1.0,25
1900-01-01 14:27:05.654,0.069673,0.097292,0.162314,1.316014,1,1.0,25
1900-01-01 14:27:06.654,0.068796,0.096379,0.161514,1.193429,1,1.0,25
1900-01-01 14:27:07.654,0.069295,0.096347,0.161174,1.179284,1,1.0,25
1900-01-01 14:27:08.654,0.06982,0.096295,0.160467,1.16514,1,1.0,25
1900-01-01 14:27:09.654,0.069237,0.096358,0.161478,1.103847,1,1.0,25
1900-01-01 14:27:10.654,0.069426,0.096925,0.161294,1.231147,1,1.0,25
1900-01-01 14:27:11.654,0.069573,0.095827,0.159778,1.198144,1,1.0,25
1900-01-01 14:27:12.654,0.069678,0.094803,0.159392,1.117992,1,1.0,25
1900-01-01 14:27:13.654,0.069752,0.096946,0.160972,0.915255,1,1.0,25
1900-01-01 14:27:14.654,0.069169,0.096489,0.161156,1.014266,1,1.0,25
1900-01-01 14:27:15.654,0.069085,0.095171,0.159447,1.160425,1,1.0,25
1900-01-01 14:27:16.654,0.069468,0.096163,0.160164,0.995407,1,1.0,25
1900-01-01 14:27:17.654,0.068271,0.094305,0.158758,1.075559,1,1.0,25
1900-01-01 14:27:18.654,0.069825,0.096452,0.161321,1.075559,1,1.0,25
1900-01-01 14:27:19.654,0.070334,0.097171,0.16134,1.306584,1,1.0,25
1900-01-01 14:27:20.654,0.068996,0.096641,0.160991,1.259436,1,1.0,25
1900-01-01 14:27:21.654,0.06898,0.097586,0.162801,1.278295,1,1.0,25
1900-01-01 14:27:22.654,0.069085,0.097392,0.162102,1.146281,1,1.0,25
1900-01-01 14:27:23.654,0.06899,0.095974,0.161211,1.221718,1,1.0,25
1900-01-01 14:27:24.654,0.069867,0.096867,0.161781,1.16514,1,1.0,25
1900-01-01 14:27:25.654,0.069652,0.096289,0.160963,1.066129,1,1.0,25
1900-01-01 14:27:26.654,0.069022,0.096379,0.160292,1.018981,1,1.0,25
1900-01-01 14:27:27.654,0.069725,0.095292,0.159943,1.117992,1,1.0,25
1900-01-01 14:27:28.654,0.070061,0.096631,0.161689,0.967118,1,1.0,25
1900-01-01 14:27:29.654,0.069332,0.095433,0.160687,1.231147,1,1.0,25
1900-01-01 14:27:30.654,0.068964,0.096552,0.161202,1.193429,1,1.0,25
1900-01-01 14:27:31.654,0.069484,0.095817,0.160357,1.02841,1,1.0,25
1900-01-01 14:27:32.654,0.069662,0.096636,0.161147,0.985977,1,1.0,25
1900-01-01 14:27:33.654,0.069783,0.096893,0.161165,1.141566,1,1.0,25
1900-01-01 14:27:34.654,0.069395,0.096883,0.161569,1.146281,1,1.0,25
1900-01-01 14:27:35.654,0.069169,0.096725,0.161184,0.948259,1,1.0,25
1900-01-01 14:27:36.654,0.069767,0.097387,0.162084,1.316014,1,1.0,25
1900-01-01 14:27:37.654,0.068838,0.095076,0.160182,1.306584,1,1.0,25
1900-01-01 14:27:38.654,0.069321,0.096468,0.161459,1.217003,1,1.0,25
1900-01-01 14:27:39.654,0.06887,0.095591,0.160054,1.108562,1,1.0,25
1900-01-01 14:27:40.654,0.069731,0.096058,0.159787,1.080273,1,1.0,25
1900-01-01 14:27:41.654,0.069704,0.096053,0.160642,1.28301,1,1.0,25
1900-01-01 14:27:42.654,0.068822,0.095607,0.160182,1.113277,1,1.0,25
1900-01-01 14:27:43.654,0.069143,0.095481,0.159741,1.070844,1,1.0,25
1900-01-01 14:27:44.654,0.068896,0.096211,0.160292,1.268866,1,1.0,25
1900-01-01 14:27:45.654,0.069001,0.095906,0.160853,1.17457,1,1.0,25
1900-01-01 14:27:46.654,0.0695,0.09652,0.160752,0.750237,1,1.0,25
1900-01-01 14:27:47.654,0.069122,0.095969,0.159741,1.099133,1,1.0,25
1900-01-01 14:27:48.654,0.068759,0.096268,0.160936,1.254721,1,1.0,25
1900-01-01 14:27:49.654,0.069001,0.09672,0.161174,1.169855,1,1.0,25
1900-01-01 14:27:50.654,0.068796,0.095633,0.160026,1.27358,1,1.0,25
1900-01-01 14:27:51.654,0.068817,0.095853,0.16122,1.132136,1,1.0,25
1900-01-01 14:27:52.654,0.069442,0.096415,0.160724,1.259436,1,1.0,25
1900-01-01 14:27:53.654,0.068975,0.095843,0.160816,1.15571,1,1.0,25
1900-01-01 14:27:54.654,0.069006,0.095323,0.160669,1.061414,1,1.0,25
1900-01-01 14:27:55.654,0.068712,0.095171,0.160063,1.014266,1,1.0,25
1900-01-01 14:27:56.654,0.068638,0.09547,0.161156,1.061414,1,1.0,25
1900-01-01 14:27:57.654,0.06888,0.094803,0.160311,0.830388,1,1.0,25
1900-01-01 14:27:58.654,0.069353,0.095827,0.161156,1.066129,1,1.0,25
1900-01-01 14:27:59.654,0.068434,0.094441,0.159695,1.004836,1,1.0,25
1900-01-01 14:28:00.654,0.068539,0.095313,0.160173,0.995407,1,1.0,25
1900-01-01 14:28:01.654,0.069521,0.095481,0.159934,1.17457,1,1.0,25
1900-01-01 14:28:02.654,0.068791,0.0963,0.161184,1.15571,1,1.0,25
1900-01-01 14:28:03.654,0.069636,0.096421,0.161009,1.000122,1,1.0,25
1900-01-01 14:28:04.654,0.069379,0.095507,0.160908,1.207573,1,1.0,25
1900-01-01 14:28:05.654,0.0692,0.095302,0.160724,1.127421,1,1.0,25
1900-01-01 14:28:06.654,0.069206,0.095465,0.159695,1.150995,1,1.0,25
1900-01-01 14:28:07.654,0.069531,0.096169,0.161174,1.099133,1,1.0,25
1900-01-01 14:28:08.654,0.068607,0.096457,0.161395,1.160425,1,1.0,25
1900-01-01 14:28:09.654,0.068654,0.095523,0.160687,1.245292,1,1.0,25
1900-01-01 14:28:10.654,0.069116,0.096142,0.160632,1.363162,1,1.0,25
1900-01-01 14:28:11.654,0.068901,0.095654,0.160109,1.386736,1,1.0,25
1900-01-01 14:28:12.654,0.069048,0.095806,0.160779,1.108562,1,1.0,25
1900-01-01 14:28:13.654,0.069473,0.096205,0.160191,1.193429,1,1.0,25
1900-01-01 14:28:14.654,0.068203,0.095817,0.160531,0.971833,1,1.0,25
1900-01-01 14:28:15.654,0.068954,0.095675,0.160265,1.240577,1,1.0,25
1900-01-01 14:28:16.654,0.069284,0.095985,0.160292,1.136851,1,1.0,25
1900-01-01 14:28:17.654,0.069006,0.095276,0.15976,1.28301,1,1.0,25
1900-01-01 14:28:18.654,0.06951,0.096295,0.161799,1.207573,1,1.0,25
1900-01-01 14:28:19.654,0.06867,0.096358,0.161083,1.207573,1,1.0,25
1900-01-01 14:28:20.654,0.067888,0.095706,0.160099,1.179284,1,1.0,25
1900-01-01 14:28:21.654,0.068481,0.095003,0.159456,1.27358,1,1.0,25
1900-01-01 14:28:22.654,0.06877,0.095591,0.160899,1.183999,1,1.0,25
1900-01-01 14:28:23.654,0.068623,0.095628,0.160017,1.316014,1,1.0,25
1900-01-01 14:28:24.654,0.069032,0.096163,0.161726,1.254721,1,1.0,25
1900-01-01 14:28:25.654,0.068681,0.095974,0.160798,1.367877,1,1.0,25
1900-01-01 14:28:26.654,0.069274,0.096274,0.161119,0.952974,1,1.0,25
1900-01-01 14:28:27.654,0.069683,0.098069,0.162387,1.023696,1,1.0,25
1900-01-01 14:28:28.654,0.069374,0.096625,0.161827,1.221718,1,1.0,25
1900-01-01 14:28:29.654,0.068896,0.096946,0.162075,1.066129,1,1.0,25
1900-01-01 14:28:30.654,0.070193,0.097318,0.161634,1.193429,1,1.0,25
1900-01-01 14:28:31.654,0.07003,0.096667,0.161983,1.382021,1,1.0,25
1900-01-01 14:28:32.654,0.069599,0.093423,0.160302,1.589473,1,1.0,25
1900-01-01 14:28:33.654,0.069379,0.093948,0.161377,1.207573,1,1.0,25
1900-01-01 14:28:34.654,0.068996,0.093291,0.162277,1.023696,1,1.0,25
1900-01-01 14:28:35.654,0.068733,0.093774,0.161496,1.183999,1,1.0,25
1900-01-01 14:28:36.654,0.069704,0.092992,0.160458,1.226432,1,1.0,25
1900-01-01 14:28:37.654,0.069017,0.093344,0.160412,1.103847,1,1.0,25
1900-01-01 14:28:38.654,0.068833,0.093554,0.161459,1.53761,1,1.0,25
1900-01-01 14:28:39.654,0.069956,0.095061,0.162571,0.976548,1,1.0,25
1900-01-01 14:28:40.654,0.068828,0.093717,0.162167,1.207573,1,1.0,25
1900-01-01 14:28:41.654,0.06899,0.092971,0.161128,1.113277,1,1.0,25
1900-01-01 14:28:42.654,0.069704,0.09305,0.160945,1.084988,1,1.0,25
1900-01-01 14:28:43.654,0.069164,0.093717,0.161799,1.084988,1,1.0,25
1900-01-01 14:28:44.654,0.068891,0.092861,0.160623,1.084988,1,1.0,25
1900-01-01 14:28:45.654,0.069589,0.093333,0.160421,1.099133,1,1.0,25
1900-01-01 14:28:46.654,0.069379,0.093732,0.161726,1.334873,1,1.0,25
1900-01-01 14:28:47.654,0.069857,0.094252,0.161661,0.967118,1,1.0,25
1900-01-01 14:28:48.654,0.070082,0.093911,0.161083,1.278295,1,1.0,25
1900-01-01 14:28:49.654,0.069804,0.093827,0.161707,1.000122,1,1.0,25
1900-01-01 14:28:50.654,0.069316,0.092756,0.161009,1.212288,1,1.0,25
1900-01-01 14:28:51.654,0.069221,0.093144,0.16134,1.061414,1,1.0,25
1900-01-01 14:28:52.654,0.069846,0.093559,0.160825,1.17457,1,1.0,25
1900-01-01 14:28:53.654,0.068975,0.092845,0.160329,1.009551,1,1.0,25
1900-01-01 14:28:54.654,0.069584,0.093916,0.161781,1.02841,1,1.0,25
1900-01-01 14:28:55.654,0.069311,0.092845,0.160035,1.117992,1,1.0,25
1900-01-01 14:28:56.654,0.0693,0.093769,0.161606,1.014266,1,1.0,25
1900-01-01 14:28:57.654,0.069237,0.093433,0.161367,0.811529,1,1.0,25
1900-01-01 14:28:58.654,0.069211,0.092929,0.161689,0.886966,1,1.0,25
1900-01-01 14:28:59.654,0.069017,0.093066,0.160522,0.976548,1,1.0,25
1900-01-01 14:29:00.654,0.0692,0.093869,0.161707,1.254721,1,1.0,25
1900-01-01 14:29:01.654,0.068828,0.093092,0.161018,1.02841,1,1.0,25
1900-01-01 14:29:02.654,0.069421,0.093444,0.160678,0.905825,1,1.0,25
1900-01-01 14:29:03.654,0.069248,0.093906,0.161882,1.127421,1,1.0,25
1900-01-01 14:29:04.654,0.069442,0.093239,0.161073,1.042555,1,1.0,25
1900-01-01 14:29:05.654,0.068843,0.092698,0.160439,1.051984,1,1.0,25
1900-01-01 14:29:06.654,0.069983,0.094446,0.161772,1.160425,1,1.0,25
1900-01-01 14:29:07.654,0.069379,0.093753,0.161542,1.117992,1,1.0,25
1900-01-01 14:29:08.654,0.06877,0.09275,0.160246,1.042555,1,1.0,25
1900-01-01 14:29:09.654,0.068964,0.092724,0.159686,1.202858,1,1.0,25
1900-01-01 14:29:10.654,0.069615,0.094803,0.162993,1.141566,1,1.0,25
1900-01-01 14:29:11.654,0.068591,0.093638,0.160476,1.245292,1,1.0,25
1900-01-01 14:29:12.654,0.069552,0.094383,0.161808,1.179284,1,1.0,25
1900-01-01 14:29:13.654,0.069232,0.093297,0.161762,1.250006,1,1.0,25
1900-01-01 14:29:14.654,0.069636,0.095124,0.163407,1.245292,1,1.0,25
1900-01-01 14:29:15.654,0.06887,0.093701,0.161156,1.311299,1,1.0,25
1900-01-01 14:29:16.654,0.068754,0.092813,0.159502,1.188714,1,1.0,25
1900-01-01 14:29:17.654,0.069206,0.092866,0.159925,1.15571,1,1.0,25
1900-01-01 14:29:18.654,0.069353,0.092551,0.159741,1.15571,1,1.0,25
1900-01-01 14:29:19.654,0.068723,0.093601,0.160807,0.915255,1,1.0,25
1900-01-01 14:29:20.654,0.069615,0.094194,0.161533,1.15571,1,1.0,25
1900-01-01 14:29:21.654,0.069946,0.094173,0.161514,1.240577,1,1.0,25
1900-01-01 14:29:22.654,0.068812,0.093885,0.161808,1.094418,1,1.0,25
1900-01-01 14:29:23.654,0.069174,0.093486,0.16111,1.231147,1,1.0,25
1900-01-01 14:29:24.654,0.069064,0.093554,0.160825,1.207573,1,1.0,25
1900-01-01 14:29:25.654,0.068959,0.093265,0.160706,1.15571,1,1.0,25
1900-01-01 14:29:26.654,0.069673,0.093822,0.16122,1.311299,1,1.0,25
1900-01-01 14:29:27.654,0.068985,0.093958,0.161753,0.943544,1,1.0,25
1900-01-01 14:29:28.654,0.068917,0.092866,0.160531,1.099133,1,1.0,25
1900-01-01 14:29:29.654,0.068786,0.09254,0.160072,0.905825,1,1.0,25
1900-01-01 14:29:30.654,0.069652,0.093412,0.16088,1.04727,1,1.0,25
1900-01-01 14:29:31.654,0.068775,0.093748,0.160311,1.127421,1,1.0,25
1900-01-01 14:29:32.654,0.068833,0.092126,0.159447,1.061414,1,1.0,25
1900-01-01 14:29:33.654,0.068702,0.092824,0.160136,1.033125,1,1.0,25
1900-01-01 14:29:34.654,0.069752,0.092824,0.15998,1.146281,1,1.0,25
1900-01-01 14:29:35.654,0.069227,0.093706,0.161698,0.853963,1,1.0,25
1900-01-01 14:29:36.654,0.06835,0.093297,0.161073,0.91054,1,1.0,25
1900-01-01 14:29:37.654,0.069557,0.093297,0.161101,1.014266,1,1.0,25
1900-01-01 14:29:38.654,0.068533,0.092971,0.160798,1.04727,1,1.0,25
1900-01-01 14:29:39.654,0.068318,0.092908,0.159833,1.254721,1,1.0,25
1900-01-01 14:29:40.654,0.068549,0.093648,0.161597,1.033125,1,1.0,25
1900-01-01 14:29:41.654,0.068796,0.093396,0.160054,0.905825,1,1.0,25
1900-01-01 14:29:42.654,0.068912,0.09294,0.159971,1.226432,1,1.0,25
1900-01-01 14:29:43.654,0.070208,0.094116,0.161946,1.217003,1,1.0,25
1900-01-01 14:29:44.654,0.069017,0.093491,0.159613,0.915255,1,1.0,25
1900-01-01 14:29:45.654,0.069872,0.094326,0.161524,1.235862,1,1.0,25
1900-01-01 14:29:46.654,0.069363,0.093654,0.161018,1.075559,1,1.0,25
1900-01-01 14:29:47.654,0.069631,0.093412,0.160384,0.985977,1,1.0,25
1900-01-01 14:29:48.654,0.069668,0.093675,0.16054,1.150995,1,1.0,25
1900-01-01 14:29:49.654,0.069715,0.093722,0.160311,1.198144,1,1.0,25
1900-01-01 14:29:50.654,0.069353,0.093444,0.160733,1.042555,1,1.0,25
1900-01-01 14:29:51.654,0.069431,0.094326,0.16066,0.877537,1,1.0,25
1900-01-01 14:29:52.654,0.069416,0.094137,0.160798,1.03784,1,1.0,25
1900-01-01 14:29:53.654,0.068665,0.092987,0.159227,1.250006,1,1.0,25
1900-01-01 14:29:54.654,0.069269,0.093438,0.159925,0.934114,1,1.0,25
1900-01-01 14:29:55.654,0.06919,0.093039,0.160458,1.330158,1,1.0,25
1900-01-01 14:29:56.654,0.068402,0.093034,0.160127,1.099133,1,1.0,25
1900-01-01 14:29:57.654,0.068218,0.092719,0.160219,0.967118,1,1.0,25
1900-01-01 14:29:58.654,0.068775,0.092929,0.160265,1.325443,1,1.0,25
1900-01-01 14:29:59.654,0.068544,0.09305,0.16077,1.207573,1,1.0,25
1900-01-01 14:30:00.654,0.068707,0.093801,0.161018,1.127421,1,1.0,25
1900-01-01 14:30:01.654,0.069006,0.093801,0.160357,0.967118,1,1.0,25
1900-01-01 14:30:02.654,0.068817,0.093601,0.161211,1.080273,1,1.0,25
1900-01-01 14:30:03.654,0.068796,0.093706,0.160926,1.240577,1,1.0,25
1900-01-01 14:30:04.654,0.06793,0.093123,0.160375,0.78324,1,1.0,25
1900-01-01 14:30:05.654,0.068649,0.09284,0.159971,0.985977,1,1.0,25
1900-01-01 14:30:06.654,0.069421,0.092987,0.161018,1.212288,1,1.0,25
1900-01-01 14:30:07.654,0.06971,0.094205,0.161588,1.113277,1,1.0,25
1900-01-01 14:30:08.654,0.068129,0.093795,0.161579,1.150995,1,1.0,25
1900-01-01 14:30:09.654,0.068623,0.092892,0.160357,1.240577,1,1.0,25
1900-01-01 14:30:10.654,0.06846,0.09315,0.160513,1.27358,1,1.0,25
1900-01-01 14:30:11.654,0.068807,0.092892,0.160219,1.122707,1,1.0,25
1900-01-01 14:30:12.654,0.068402,0.093223,0.160164,1.15571,1,1.0,25
1900-01-01 14:30:13.654,0.068728,0.094231,0.161762,1.042555,1,1.0,25
1900-01-01 14:30:14.654,0.068192,0.092735,0.159778,1.363162,1,1.0,25
1900-01-01 14:30:15.654,0.068371,0.093108,0.159962,1.415025,1,1.0,25
1900-01-01 14:30:16.654,0.068549,0.093654,0.160531,1.311299,1,1.0,25
1900-01-01 14:30:17.654,0.06836,0.093108,0.160155,1.03784,1,1.0,25
1900-01-01 14:30:18.654,0.068765,0.09389,0.161404,1.014266,1,1.0,25
1900-01-01 14:30:19.654,0.068728,0.094142,0.161551,1.254721,1,1.0,25
1900-01-01 14:30:20.654,0.068948,0.09306,0.160127,0.967118,1,1.0,25
1900-01-01 14:30:21.654,0.068775,0.094578,0.161377,1.198144,1,1.0,25
1900-01-01 14:30:22.654,0.068255,0.093396,0.160219,1.113277,1,1.0,25
1900-01-01 14:30:23.654,0.068255,0.0939,0.160651,0.91054,1,1.0,25
1900-01-01 14:30:24.654,0.068297,0.094614,0.161569,1.132136,1,1.0,25
1900-01-01 14:30:25.654,0.067888,0.092976,0.159456,1.089703,1,1.0,25
1900-01-01 14:30:26.654,0.068087,0.093333,0.160136,1.04727,1,1.0,25
1900-01-01 14:30:27.654,0.068596,0.09369,0.161046,1.240577,1,1.0,25
1900-01-01 14:30:28.654,0.06835,0.094641,0.160752,1.193429,1,1.0,25
1900-01-01 14:30:29.654,0.068371,0.093764,0.161,1.287725,1,1.0,25
1900-01-01 14:30:30.654,0.06805,0.093265,0.160127,1.136851,1,1.0,25
1900-01-01 14:30:31.654,0.06835,0.094347,0.161808,1.429169,1,1.0,25
1900-01-01 14:30:32.654,0.068765,0.094236,0.161331,1.117992,1,1.0,25
1900-01-01 14:30:33.654,0.067919,0.093543,0.159907,0.985977,1,1.0,25
1900-01-01 14:30:34.654,0.068665,0.093066,0.160393,1.03784,1,1.0,25
1900-01-01 14:30:35.654,0.068434,0.093328,0.16021,1.094418,1,1.0,25
1900-01-01 14:30:36.654,0.067809,0.093013,0.160219,1.084988,1,1.0,25
1900-01-01 14:30:37.654,0.068229,0.093627,0.160568,1.014266,1,1.0,25
1900-01-01 14:30:38.654,0.068665,0.093438,0.160485,1.41974,1,1.0,25
1900-01-01 14:30:39.654,0.067704,0.092682,0.160283,1.136851,1,1.0,25
1900-01-01 14:30:40.654,0.068281,0.093465,0.160559,1.188714,1,1.0,25
1900-01-01 14:30:41.654,0.068187,0.093213,0.159778,1.240577,1,1.0,25
1900-01-01 14:30:42.654,0.067588,0.092183,0.158979,1.358447,1,1.0,25
1900-01-01 14:30:43.654,0.068434,0.092556,0.159282,1.094418,1,1.0,25
1900-01-01 14:30:44.654,0.067762,0.091921,0.159456,1.070844,1,1.0,25
1900-01-01 14:30:45.654,0.067924,0.092866,0.160201,1.070844,1,1.0,25
1900-01-01 14:30:46.654,0.068791,0.094121,0.161735,0.929399,1,1.0,25
1900-01-01 14:30:47.654,0.069904,0.095596,0.162433,1.02841,1,1.0,25
1900-01-01 14:30:48.654,0.069174,0.094887,0.162286,1.160425,1,1.0,25
1900-01-01 14:30:49.654,0.068539,0.092651,0.159576,1.089703,1,1.0,25
1900-01-01 14:30:50.654,0.068891,0.094242,0.161395,1.000122,1,1.0,25
1900-01-01 14:30:51.654,0.068817,0.093591,0.161349,0.938829,1,1.0,25
1900-01-01 14:30:52.654,0.069221,0.093102,0.160743,1.04727,1,1.0,25
1900-01-01 14:30:53.654,0.069038,0.094026,0.161698,1.160425,1,1.0,25
1900-01-01 14:30:54.654,0.06887,0.094572,0.161193,1.113277,1,1.0,25
1900-01-01 14:30:55.654,0.068786,0.093895,0.16089,1.061414,1,1.0,25
1900-01-01 14:30:56.654,0.068056,0.092483,0.159916,1.127421,1,1.0,25
1900-01-01 14:30:57.654,0.068959,0.093591,0.160908,1.089703,1,1.0,25
1900-01-01 14:30:58.654,0.068292,0.093286,0.160292,1.146281,1,1.0,25
1900-01-01 14:30:59.654,0.068512,0.093633,0.161386,1.193429,1,1.0,25
1900-01-01 14:31:00.654,0.06962,0.094294,0.162415,1.405595,1,1.0,25
1900-01-01 14:31:01.654,0.068775,0.093627,0.161413,0.886966,1,1.0,25
1900-01-01 14:31:02.654,0.068486,0.092577,0.159557,1.231147,1,1.0,25
1900-01-01 14:31:03.654,0.06888,0.094016,0.161303,1.198144,1,1.0,25
1900-01-01 14:31:04.654,0.068407,0.09285,0.160384,1.17457,1,1.0,25
1900-01-01 14:31:05.654,0.069232,0.093591,0.16122,1.080273,1,1.0,25
1900-01-01 14:31:06.654,0.067882,0.093134,0.160155,1.018981,1,1.0,25
1900-01-01 14:31:07.654,0.069332,0.093197,0.159732,1.127421,1,1.0,25
1900-01-01 14:31:08.654,0.0693,0.094499,0.16156,1.169855,1,1.0,25
1900-01-01 14:31:09.654,0.068822,0.09316,0.160779,0.886966,1,1.0,25
1900-01-01 14:31:10.654,0.068628,0.094053,0.161266,1.132136,1,1.0,25
1900-01-01 14:31:11.654,0.069195,0.093606,0.160642,1.278295,1,1.0,25
1900-01-01 14:31:12.654,0.068434,0.092346,0.159291,1.202858,1,1.0,25
1900-01-01 14:31:13.654,0.06878,0.092729,0.160201,0.943544,1,1.0,25
1900-01-01 14:31:14.654,0.068623,0.093785,0.161165,1.094418,1,1.0,25
1900-01-01 14:31:15.654,0.068502,0.092829,0.160467,1.141566,1,1.0,25
1900-01-01 14:31:16.654,0.068744,0.093123,0.160632,1.117992,1,1.0,25
1900-01-01 14:31:17.654,0.068497,0.093307,0.160807,1.15571,1,1.0,25
1900-01-01 14:31:18.654,0.069022,0.093181,0.161285,1.193429,1,1.0,25
1900-01-01 14:31:19.654,0.068239,0.093575,0.160991,1.150995,1,1.0,25
1900-01-01 14:31:20.654,0.069358,0.094415,0.162249,0.990692,1,1.0,25
1900-01-01 14:31:21.654,0.069148,0.094179,0.161395,1.117992,1,1.0,25
1900-01-01 14:31:22.654,0.070067,0.094683,0.162066,1.297155,1,1.0,25
1900-01-01 14:31:23.654,0.069416,0.09347,0.160586,0.929399,1,1.0,25
1900-01-01 14:31:24.654,0.069064,0.093601,0.16054,1.094418,1,1.0,25
1900-01-01 14:31:25.654,0.069757,0.093927,0.160403,1.084988,1,1.0,25
1900-01-01 14:31:26.654,0.068985,0.093081,0.160439,1.02841,1,1.0,25
1900-01-01 14:31:27.654,0.069368,0.092567,0.159888,1.226432,1,1.0,25
1900-01-01 14:31:28.654,0.068318,0.093417,0.160439,1.245292,1,1.0,25
1900-01-01 14:31:29.654,0.069468,0.094394,0.161891,1.150995,1,1.0,25
1900-01-01 14:31:30.654,0.069069,0.094221,0.161625,1.325443,1,1.0,25
1900-01-01 14:31:31.654,0.069206,0.094331,0.162231,1.179284,1,1.0,25
1900-01-01 14:31:32.654,0.069836,0.09516,0.162993,1.339588,1,1.0,25
1900-01-01 14:31:33.654,0.068807,0.093669,0.161404,1.217003,1,1.0,25
1900-01-01 14:31:34.654,0.068843,0.093596,0.161331,1.113277,1,1.0,25
1900-01-01 14:31:35.654,0.069542,0.093391,0.160669,1.297155,1,1.0,25
1900-01-01 14:31:36.654,0.069599,0.094683,0.161974,1.150995,1,1.0,25
1900-01-01 14:31:37.654,0.068901,0.094656,0.161974,1.02841,1,1.0,25
1900-01-01 14:31:38.654,0.069295,0.09441,0.161064,1.042555,1,1.0,25
1900-01-01 14:31:39.654,0.068896,0.093228,0.160531,1.179284,1,1.0,25
1900-01-01 14:31:40.654,0.069106,0.093906,0.161873,1.009551,1,1.0,25
1900-01-01 14:31:41.654,0.068828,0.093528,0.160807,1.245292,1,1.0,25
1900-01-01 14:31:42.654,0.068397,0.092955,0.160642,1.235862,1,1.0,25
1900-01-01 14:31:43.654,0.067956,0.093113,0.161909,1.188714,1,1.0,25
1900-01-01 14:31:44.654,0.068859,0.092803,0.159907,1.04727,1,1.0,25
1900-01-01 14:31:45.654,0.06919,0.094383,0.161514,1.014266,1,1.0,25
1900-01-01 14:31:46.654,0.068833,0.094709,0.162654,1.306584,1,1.0,25
1900-01-01 14:31:47.654,0.069043,0.094562,0.161845,1.042555,1,1.0,25
1900-01-01 14:31:48.654,0.069006,0.094236,0.160467,0.967118,1,1.0,25
1900-01-01 14:31:49.654,0.069206,0.094326,0.161257,1.188714,1,1.0,25
1900-01-01 14:31:50.654,0.067872,0.092477,0.159732,1.103847,1,1.0,25
1900-01-01 14:31:51.654,0.068518,0.093307,0.16066,1.264151,1,1.0,25
1900-01-01 14:31:52.654,0.069206,0.093543,0.161202,0.773811,1,1.0,25
1900-01-01 14:31:53.654,0.068985,0.094362,0.161459,1.254721,1,1.0,25
1900-01-01 14:31:54.654,0.068723,0.09347,0.160559,1.15571,1,1.0,25
1900-01-01 14:31:55.654,0.068906,0.093181,0.159962,1.15571,1,1.0,25
1900-01-01 14:31:56.654,0.068124,0.092362,0.159585,1.075559,1,1.0,25
1900-01-01 14:31:57.654,0.068586,0.093417,0.160109,1.000122,1,1.0,25
1900-01-01 14:31:58.654,0.069106,0.093081,0.160182,1.122707,1,1.0,25
1900-01-01 14:31:59.654,0.068245,0.09316,0.160834,1.075559,1,1.0,25
1900-01-01 14:32:00.654,0.068544,0.093764,0.160403,1.051984,1,1.0,25
1900-01-01 14:32:01.654,0.06856,0.093302,0.16009,1.160425,1,1.0,25
1900-01-01 14:32:02.654,0.067851,0.092556,0.159089,1.188714,1,1.0,25
1900-01-01 14:32:03.654,0.06888,0.093853,0.161671,0.825674,1,1.0,25
1900-01-01 14:32:04.654,0.068245,0.094331,0.161239,1.094418,1,1.0,25
1900-01-01 14:32:05.654,0.068386,0.094341,0.160844,1.084988,1,1.0,25
1900-01-01 14:32:06.654,0.068738,0.094515,0.161955,0.91997,1,1.0,25
1900-01-01 14:32:07.654,0.069111,0.094625,0.160908,1.004836,1,1.0,25
1900-01-01 14:32:08.654,0.068129,0.094205,0.161597,0.957688,1,1.0,25
1900-01-01 14:32:09.654,0.067835,0.093638,0.16111,1.207573,1,1.0,25
1900-01-01 14:32:10.654,0.068302,0.093528,0.160761,1.330158,1,1.0,25
1900-01-01 14:32:11.654,0.068602,0.09515,0.161726,1.17457,1,1.0,25
1900-01-01 14:32:12.654,0.068607,0.093953,0.160816,1.250006,1,1.0,25
1900-01-01 14:32:13.654,0.06888,0.09432,0.161092,1.160425,1,1.0,25
1900-01-01 14:32:14.654,0.06908,0.095271,0.162516,1.221718,1,1.0,25
1900-01-01 14:32:15.654,0.068197,0.094231,0.161772,0.985977,1,1.0,25
1900-01-01 14:32:16.654,0.068134,0.094116,0.161009,0.957688,1,1.0,25
1900-01-01 14:32:17.654,0.068428,0.093706,0.161413,0.8021,1,1.0,25
1900-01-01 14:32:18.654,0.068014,0.094116,0.16088,1.250006,1,1.0,25
1900-01-01 14:32:19.654,0.068161,0.093879,0.161248,1.080273,1,1.0,25
1900-01-01 14:32:20.654,0.067998,0.093249,0.160687,1.160425,1,1.0,25
1900-01-01 14:32:21.654,0.067662,0.094026,0.160348,1.212288,1,1.0,25
1900-01-01 14:32:22.654,0.068413,0.093916,0.161312,1.231147,1,1.0,25
1900-01-01 14:32:23.654,0.068124,0.093895,0.16077,1.198144,1,1.0,25
1900-01-01 14:32:24.654,0.06762,0.094404,0.161698,0.995407,1,1.0,25
1900-01-01 14:32:25.654,0.068512,0.094924,0.161257,1.217003,1,1.0,25
1900-01-01 14:32:26.654,0.068465,0.094436,0.160926,1.391451,1,1.0,25
1900-01-01 14:32:27.654,0.068334,0.095003,0.162231,1.132136,1,1.0,25
1900-01-01 14:32:28.654,0.068066,0.094373,0.161358,1.188714,1,1.0,25
1900-01-01 14:32:29.654,0.067468,0.093549,0.160274,0.952974,1,1.0,25
1900-01-01 14:32:30.654,0.06805,0.094446,0.162369,1.000122,1,1.0,25
1900-01-01 14:32:31.654,0.06804,0.093144,0.159659,1.40088,1,1.0,25
1900-01-01 14:32:32.654,0.068308,0.093507,0.160899,1.532895,1,1.0,25
1900-01-01 14:32:33.654,0.069158,0.0942,0.160522,1.245292,1,1.0,25
1900-01-01 14:32:34.654,0.068602,0.093696,0.160614,1.023696,1,1.0,25
1900-01-01 14:32:35.654,0.068723,0.094609,0.16111,1.344303,1,1.0,25
1900-01-01 14:32:36.654,0.068381,0.093816,0.160954,1.160425,1,1.0,25
1900-01-01 14:32:37.654,0.069127,0.095612,0.162497,1.41974,1,1.0,25
1900-01-01 14:32:38.654,0.068539,0.094866,0.161882,1.084988,1,1.0,25
1900-01-01 14:32:39.654,0.068344,0.093727,0.161386,1.316014,1,1.0,25
1900-01-01 14:32:40.654,0.067861,0.094856,0.162332,1.094418,1,1.0,25
1900-01-01 14:32:41.654,0.067714,0.093286,0.160329,1.061414,1,1.0,25
1900-01-01 14:32:42.654,0.06772,0.093654,0.159934,0.938829,1,1.0,25
1900-01-01 14:32:43.654,0.067394,0.092919,0.159695,0.835103,1,1.0,25
1900-01-01 14:32:44.654,0.067819,0.094037,0.161625,1.02841,1,1.0,25
1900-01-01 14:32:45.654,0.068449,0.093643,0.160825,1.179284,1,1.0,25
1900-01-01 14:32:46.654,0.06815,0.093921,0.160825,1.084988,1,1.0,25
1900-01-01 14:32:47.654,0.068512,0.093795,0.160779,1.103847,1,1.0,25
1900-01-01 14:32:48.654,0.067751,0.092682,0.159438,1.188714,1,1.0,25
1900-01-01 14:32:49.654,0.067935,0.093596,0.160311,0.990692,1,1.0,25
1900-01-01 14:32:50.654,0.06826,0.093129,0.160118,1.117992,1,1.0,25
1900-01-01 14:32:51.654,0.068129,0.093344,0.159539,1.443314,1,1.0,25
1900-01-01 14:32:52.654,0.068423,0.093795,0.160568,0.886966,1,1.0,25
1900-01-01 14:32:53.654,0.068287,0.093244,0.16043,1.000122,1,1.0,25
1900-01-01 14:32:54.654,0.06878,0.093822,0.161,0.995407,1,1.0,25
1900-01-01 14:32:55.654,0.068255,0.09463,0.162047,1.014266,1,1.0,25
1900-01-01 14:32:56.654,0.068728,0.094142,0.161156,0.91997,1,1.0,25
1900-01-01 14:32:57.654,0.068371,0.0942,0.160862,0.938829,1,1.0,25
1900-01-01 14:32:58.654,0.069232,0.095937,0.161854,1.084988,1,1.0,25
1900-01-01 14:32:59.654,0.068717,0.095281,0.162608,1.066129,1,1.0,25
1900-01-01 14:33:00.654,0.06846,0.094268,0.160348,0.990692,1,1.0,25
1900-01-01 14:33:01.654,0.068465,0.093659,0.160237,1.132136,1,1.0,25
1900-01-01 14:33:02.654,0.068024,0.09441,0.160586,1.264151,1,1.0,25
1900-01-01 14:33:03.654,0.068791,0.094236,0.161422,1.117992,1,1.0,25
1900-01-01 14:33:04.654,0.068313,0.094593,0.162304,1.009551,1,1.0,25
1900-01-01 14:33:05.654,0.068702,0.094819,0.161533,1.117992,1,1.0,25
1900-01-01 14:33:06.654,0.069263,0.095271,0.162525,1.132136,1,1.0,25
1900-01-01 14:33:07.654,0.068434,0.094404,0.160945,1.009551,1,1.0,25
1900-01-01 14:33:08.654,0.068302,0.093622,0.16066,1.004836,1,1.0,25
1900-01-01 14:33:09.654,0.069053,0.094646,0.160926,1.089703,1,1.0,25
1900-01-01 14:33:10.654,0.067903,0.093816,0.160605,1.033125,1,1.0,25
1900-01-01 14:33:11.654,0.069185,0.09452,0.160706,1.15571,1,1.0,25
1900-01-01 14:33:12.654,0.069069,0.094872,0.16156,1.141566,1,1.0,25
1900-01-01 14:33:13.654,0.069153,0.09421,0.160706,1.014266,1,1.0,25
1900-01-01 14:33:14.654,0.068292,0.093486,0.160605,1.014266,1,1.0,25
1900-01-01 14:33:15.654,0.067977,0.093312,0.160026,0.981262,1,1.0,25
1900-01-01 14:33:16.654,0.068308,0.09389,0.160338,1.193429,1,1.0,25
1900-01-01 14:33:17.654,0.068187,0.094504,0.161331,1.287725,1,1.0,25
1900-01-01 14:33:18.654,0.068896,0.094341,0.160559,1.179284,1,1.0,25
1900-01-01 14:33:19.654,0.068266,0.094226,0.161083,1.113277,1,1.0,25
1900-01-01 14:33:20.654,0.068775,0.094126,0.16111,1.250006,1,1.0,25
1900-01-01 14:33:21.654,0.068833,0.094341,0.160807,1.089703,1,1.0,25
1900-01-01 14:33:22.654,0.06846,0.095323,0.162552,1.193429,1,1.0,25
1900-01-01 14:33:23.654,0.068502,0.094851,0.161671,1.245292,1,1.0,25
1900-01-01 14:33:24.654,0.068617,0.095481,0.162672,1.254721,1,1.0,25
1900-01-01 14:33:25.654,0.068392,0.095323,0.162102,1.188714,1,1.0,25
1900-01-01 14:33:26.654,0.067772,0.093995,0.160825,1.15571,1,1.0,25
1900-01-01 14:33:27.654,0.06814,0.09462,0.161202,1.15571,1,1.0,25
1900-01-01 14:33:28.654,0.067961,0.094179,0.161,1.132136,1,1.0,25
1900-01-01 14:33:29.654,0.06794,0.0939,0.160035,1.02841,1,1.0,25
1900-01-01 14:33:30.654,0.067646,0.092997,0.159319,1.127421,1,1.0,25
1900-01-01 14:33:31.654,0.068392,0.094593,0.161551,1.198144,1,1.0,25
1900-01-01 14:33:32.654,0.067893,0.094425,0.161239,1.042555,1,1.0,25
1900-01-01 14:33:33.654,0.068003,0.093969,0.161055,1.349017,1,1.0,25
1900-01-01 14:33:34.654,0.068234,0.094326,0.161863,0.844533,1,1.0,25
1900-01-01 14:33:35.654,0.068596,0.095549,0.162571,1.221718,1,1.0,25
1900-01-01 14:33:36.654,0.067662,0.093575,0.160972,1.16514,1,1.0,25
1900-01-01 14:33:37.654,0.068728,0.094562,0.16213,1.202858,1,1.0,25
1900-01-01 14:33:38.654,0.068906,0.095323,0.16258,1.325443,1,1.0,25
1900-01-01 14:33:39.654,0.068187,0.093622,0.161744,1.132136,1,1.0,25
1900-01-01 14:33:40.654,0.068208,0.094058,0.161634,1.127421,1,1.0,25
1900-01-01 14:33:41.654,0.068434,0.094116,0.161266,1.17457,1,1.0,25
1900-01-01 14:33:42.654,0.067935,0.093874,0.160283,0.971833,1,1.0,25
1900-01-01 14:33:43.654,0.068596,0.094357,0.162268,1.014266,1,1.0,25
1900-01-01 14:33:44.654,0.068329,0.094068,0.161707,0.929399,1,1.0,25
1900-01-01 14:33:45.654,0.068035,0.093207,0.16111,1.023696,1,1.0,25
1900-01-01 14:33:46.654,0.068187,0.094242,0.161854,1.094418,1,1.0,25
1900-01-01 14:33:47.654,0.068486,0.094803,0.162066,1.014266,1,1.0,25
1900-01-01 14:33:48.654,0.067898,0.093585,0.161101,1.235862,1,1.0,25
1900-01-01 14:33:49.654,0.068917,0.094882,0.161744,1.179284,1,1.0,25
1900-01-01 14:33:50.654,0.068833,0.094,0.161138,1.061414,1,1.0,25
1900-01-01 14:33:51.654,0.069263,0.09453,0.162608,1.27358,1,1.0,25
1900-01-01 14:33:52.654,0.068098,0.093801,0.160495,1.264151,1,1.0,25
1900-01-01 14:33:53.654,0.068418,0.093396,0.160357,1.051984,1,1.0,25
1900-01-01 14:33:54.654,0.069379,0.094982,0.161524,0.764381,1,1.0,25
1900-01-01 14:33:55.654,0.067898,0.093087,0.160191,1.193429,1,1.0,25
1900-01-01 14:33:56.654,0.068371,0.093648,0.16043,1.320729,1,1.0,25
1900-01-01 14:33:57.654,0.06878,0.09369,0.161184,1.377306,1,1.0,25
1900-01-01 14:33:58.654,0.067998,0.093297,0.160173,1.070844,1,1.0,25
1900-01-01 14:33:59.654,0.068791,0.094299,0.162084,0.830388,1,1.0,25
1900-01-01 14:34:00.654,0.068528,0.09442,0.162396,1.033125,1,1.0,25
1900-01-01 14:34:01.654,0.067462,0.093633,0.160908,1.212288,1,1.0,25
1900-01-01 14:34:02.654,0.068208,0.093853,0.162157,0.976548,1,1.0,25
1900-01-01 14:34:03.654,0.068544,0.09348,0.160642,1.070844,1,1.0,25
1900-01-01 14:34:04.654,0.068638,0.094373,0.161753,1.075559,1,1.0,25
1900-01-01 14:34:05.654,0.067961,0.093932,0.161321,1.311299,1,1.0,25
1900-01-01 14:34:06.654,0.068082,0.093118,0.16077,0.830388,1,1.0,25
1900-01-01 14:34:07.654,0.067741,0.093622,0.16111,1.099133,1,1.0,25
1900-01-01 14:34:08.654,0.068218,0.094047,0.161514,1.17457,1,1.0,25
1900-01-01 14:34:09.654,0.068565,0.094672,0.161726,1.212288,1,1.0,25
1900-01-01 14:34:10.654,0.06847,0.094956,0.161762,1.382021,1,1.0,25
1900-01-01 14:34:11.654,0.068943,0.095334,0.16315,1.070844,1,1.0,25
1900-01-01 14:34:12.654,0.068271,0.093864,0.162112,1.117992,1,1.0,25
1900-01-01 14:34:13.654,0.068397,0.095202,0.162764,1.051984,1,1.0,25
1900-01-01 14:34:14.654,0.068197,0.095145,0.162837,1.117992,1,1.0,25
1900-01-01 14:34:15.654,0.068607,0.09473,0.161459,1.033125,1,1.0,25
1900-01-01 14:34:16.654,0.068381,0.093858,0.161919,1.287725,1,1.0,25
1900-01-01 14:34:17.654,0.067804,0.093244,0.160853,1.16514,1,1.0,25
1900-01-01 14:34:18.654,0.068103,0.09399,0.161505,0.891681,1,1.0,25
1900-01-01 14:34:19.654,0.069206,0.094635,0.161119,1.099133,1,1.0,25
1900-01-01 14:34:20.654,0.068675,0.094236,0.160936,0.976548,1,1.0,25
1900-01-01 14:34:21.654,0.068922,0.093969,0.161,0.91997,1,1.0,25
1900-01-01 14:34:22.654,0.068665,0.093822,0.161266,1.089703,1,1.0,25
1900-01-01 14:34:23.654,0.068302,0.093318,0.160063,1.264151,1,1.0,25
1900-01-01 14:34:24.654,0.068854,0.09337,0.160743,1.235862,1,1.0,25
1900-01-01 14:34:25.654,0.06815,0.093244,0.160642,1.259436,1,1.0,25
1900-01-01 14:34:26.654,0.068491,0.093958,0.160945,1.146281,1,1.0,25
1900-01-01 14:34:27.654,0.068759,0.094032,0.161248,1.250006,1,1.0,25
1900-01-01 14:34:28.654,0.068507,0.093585,0.16089,1.122707,1,1.0,25
1900-01-01 14:34:29.654,0.067609,0.092777,0.160357,1.066129,1,1.0,25
1900-01-01 14:34:30.654,0.06805,0.093517,0.161092,1.235862,1,1.0,25
1900-01-01 14:34:31.654,0.068428,0.093958,0.161726,1.202858,1,1.0,25
1900-01-01 14:34:32.654,0.068329,0.093438,0.161524,1.103847,1,1.0,25
1900-01-01 14:34:33.654,0.068817,0.093858,0.161239,1.150995,1,1.0,25
1900-01-01 14:34:34.654,0.068644,0.093008,0.160035,1.221718,1,1.0,25
1900-01-01 14:34:35.654,0.068838,0.093249,0.160761,1.094418,1,1.0,25
1900-01-01 14:34:36.654,0.068691,0.093869,0.161294,1.183999,1,1.0,25
1900-01-01 14:34:37.654,0.068554,0.093381,0.160761,0.934114,1,1.0,25
1900-01-01 14:34:38.654,0.068276,0.093097,0.160338,1.042555,1,1.0,25
1900-01-01 14:34:39.654,0.068864,0.093633,0.160642,0.929399,1,1.0,25
1900-01-01 14:34:40.654,0.068423,0.092714,0.160044,0.976548,1,1.0,25
1900-01-01 14:34:41.654,0.068491,0.093811,0.161147,1.264151,1,1.0,25
1900-01-01 14:34:42.654,0.068964,0.095181,0.162497,0.825674,1,1.0,25
1900-01-01 14:34:43.654,0.068392,0.094341,0.162268,1.03784,1,1.0,25
1900-01-01 14:34:44.654,0.069048,0.094966,0.161818,1.103847,1,1.0,25
1900-01-01 14:34:45.654,0.068423,0.093344,0.160311,1.146281,1,1.0,25
1900-01-01 14:34:46.654,0.068607,0.095087,0.162479,1.080273,1,1.0,25
1900-01-01 14:34:47.654,0.068828,0.094887,0.162047,1.297155,1,1.0,25
1900-01-01 14:34:48.654,0.068533,0.094782,0.161983,1.349017,1,1.0,25
1900-01-01 14:34:49.654,0.067998,0.094084,0.161579,1.080273,1,1.0,25
1900-01-01 14:34:50.654,0.069022,0.095171,0.162534,1.254721,1,1.0,25
1900-01-01 14:34:51.654,0.068554,0.094509,0.161478,1.28301,1,1.0,25
1900-01-01 14:34:52.654,0.069274,0.095916,0.162791,1.000122,1,1.0,25
1900-01-01 14:34:53.654,0.068738,0.094158,0.160972,0.934114,1,1.0,25
1900-01-01 14:34:54.654,0.068759,0.094362,0.16145,1.146281,1,1.0,25
1900-01-01 14:34:55.654,0.068649,0.093874,0.160348,1.221718,1,1.0,25
1900-01-01 14:34:56.654,0.06908,0.094105,0.16089,1.254721,1,1.0,25
1900-01-01 14:34:57.654,0.068176,0.093927,0.161478,1.070844,1,1.0,25
1900-01-01 14:34:58.654,0.069011,0.094509,0.162259,1.150995,1,1.0,25
1900-01-01 14:34:59.654,0.069032,0.094126,0.161349,1.264151,1,1.0,25
1900-01-01 14:35:00.654,0.069626,0.094588,0.162176,1.433884,1,1.0,25
1900-01-01 14:35:01.654,0.068155,0.094704,0.161138,1.04727,1,1.0,25
1900-01-01 14:35:02.654,0.068507,0.094725,0.161818,1.462173,1,1.0,25
1900-01-01 14:35:03.654,0.06867,0.094231,0.161413,1.02841,1,1.0,25
1900-01-01 14:35:04.654,0.068744,0.094882,0.161937,0.839818,1,1.0,25
1900-01-01 14:35:05.654,0.068875,0.095097,0.161854,1.160425,1,1.0,25
1900-01-01 14:35:06.654,0.068964,0.094698,0.161569,1.28301,1,1.0,25
1900-01-01 14:35:07.654,0.068523,0.094168,0.160853,0.976548,1,1.0,25
1900-01-01 14:35:08.654,0.068549,0.093927,0.16122,0.985977,1,1.0,25
1900-01-01 14:35:09.654,0.068733,0.093286,0.160834,1.15571,1,1.0,25
1900-01-01 14:35:10.654,0.068344,0.093617,0.160807,1.113277,1,1.0,25
1900-01-01 14:35:11.654,0.068675,0.093832,0.160274,1.03784,1,1.0,25
1900-01-01 14:35:12.654,0.068229,0.093286,0.161064,1.113277,1,1.0,25
1900-01-01 14:35:13.654,0.06866,0.093906,0.161037,0.976548,1,1.0,25
1900-01-01 14:35:14.654,0.068497,0.093512,0.160706,1.141566,1,1.0,25
1900-01-01 14:35:15.654,0.068964,0.094126,0.161799,0.981262,1,1.0,25
1900-01-01 14:35:16.654,0.069337,0.094809,0.161533,1.245292,1,1.0,25
1900-01-01 14:35:17.654,0.068586,0.094478,0.161551,1.02841,1,1.0,25
1900-01-01 14:35:18.654,0.068623,0.095066,0.161772,1.264151,1,1.0,25
1900-01-01 14:35:19.654,0.068575,0.094068,0.161983,1.113277,1,1.0,25
1900-01-01 14:35:20.654,0.068077,0.093764,0.161055,1.193429,1,1.0,25
1900-01-01 14:35:21.654,0.069337,0.09379,0.160945,1.141566,1,1.0,25
1900-01-01 14:35:22.654,0.069111,0.09431,0.161422,0.995407,1,1.0,25
1900-01-01 14:35:23.654,0.068497,0.09442,0.161468,1.179284,1,1.0,25
1900-01-01 14:35:24.654,0.06846,0.093501,0.160366,0.981262,1,1.0,25
1900-01-01 14:35:25.654,0.06908,0.094289,0.160991,0.764381,1,1.0,25
1900-01-01 14:35:26.654,0.068638,0.093533,0.160614,1.023696,1,1.0,25
1900-01-01 14:35:27.654,0.068838,0.094425,0.161,1.03784,1,1.0,25
1900-01-01 14:35:28.654,0.067714,0.092525,0.160274,0.929399,1,1.0,25
1900-01-01 14:35:29.654,0.068155,0.091989,0.159153,0.976548,1,1.0,25
1900-01-01 14:35:30.654,0.068775,0.094084,0.161496,1.198144,1,1.0,25
1900-01-01 14:35:31.654,0.068297,0.093627,0.160779,1.183999,1,1.0,25
1900-01-01 14:35:32.654,0.068439,0.092735,0.159392,1.113277,1,1.0,25
1900-01-01 14:35:33.654,0.069878,0.093606,0.161055,0.886966,1,1.0,25
1900-01-01 14:35:34.654,0.068728,0.093171,0.160026,1.084988,1,1.0,25
1900-01-01 14:35:35.654,0.068476,0.092908,0.160393,1.160425,1,1.0,25
1900-01-01 14:35:36.654,0.068008,0.093333,0.161533,1.075559,1,1.0,25
1900-01-01 14:35:37.654,0.069557,0.094793,0.162167,1.02841,1,1.0,25
1900-01-01 14:35:38.654,0.067945,0.09357,0.161432,1.202858,1,1.0,25
1900-01-01 14:35:39.654,0.068628,0.093932,0.161827,1.150995,1,1.0,25
1900-01-01 14:35:40.654,0.068744,0.093134,0.159842,1.169855,1,1.0,25
1900-01-01 14:35:41.654,0.069552,0.094042,0.161193,1.363162,1,1.0,25
1900-01-01 14:35:42.654,0.068418,0.092908,0.160439,1.042555,1,1.0,25
1900-01-01 14:35:43.654,0.069032,0.093491,0.161312,1.306584,1,1.0,25
1900-01-01 14:35:44.654,0.069878,0.095213,0.162516,1.221718,1,1.0,25
1900-01-01 14:35:45.654,0.069862,0.094646,0.162929,1.108562,1,1.0,25
1900-01-01 14:35:46.654,0.068297,0.093533,0.161055,1.320729,1,1.0,25
1900-01-01 14:35:47.654,0.069206,0.094452,0.162231,1.061414,1,1.0,25
1900-01-01 14:35:48.654,0.06941,0.093622,0.16122,1.363162,1,1.0,25
1900-01-01 14:35:49.654,0.069731,0.094457,0.162001,1.127421,1,1.0,25
1900-01-01 14:35:50.654,0.068355,0.093622,0.161174,1.061414,1,1.0,25
1900-01-01 14:35:51.654,0.069132,0.093465,0.161625,1.344303,1,1.0,25
1900-01-01 14:35:52.654,0.068801,0.094362,0.161983,1.240577,1,1.0,25
1900-01-01 14:35:53.654,0.068586,0.093039,0.161119,1.28301,1,1.0,25
1900-01-01 14:35:54.654,0.068633,0.091984,0.159374,1.089703,1,1.0,25
1900-01-01 14:35:55.654,0.069521,0.093748,0.16089,1.000122,1,1.0,25
1900-01-01 14:35:56.654,0.068686,0.092567,0.16009,1.04727,1,1.0,25
1900-01-01 14:35:57.654,0.069395,0.093123,0.160127,0.91997,1,1.0,25
1900-01-01 14:35:58.654,0.068854,0.092393,0.160936,1.02841,1,1.0,25
1900-01-01 14:35:59.654,0.070004,0.093832,0.160348,0.91997,1,1.0,25
1900-01-01 14:36:00.654,0.068885,0.092724,0.160375,0.929399,1,1.0,25
1900-01-01 14:36:01.654,0.068612,0.09275,0.160623,1.033125,1,1.0,25
1900-01-01 14:36:02.654,0.069106,0.092898,0.16066,0.938829,1,1.0,25
1900-01-01 14:36:03.654,0.069053,0.09242,0.160228,1.268866,1,1.0,25
1900-01-01 14:36:04.654,0.069027,0.093008,0.160393,1.287725,1,1.0,25
1900-01-01 14:36:05.654,0.069389,0.092456,0.158924,1.391451,1,1.0,25
1900-01-01 14:36:06.654,0.068964,0.092514,0.160283,1.349017,1,1.0,25
1900-01-01 14:36:07.654,0.069143,0.092682,0.16043,1.000122,1,1.0,25
1900-01-01 14:36:08.654,0.069584,0.093207,0.160632,1.15571,1,1.0,25
1900-01-01 14:36:09.654,0.068822,0.09263,0.160568,1.17457,1,1.0,25
1900-01-01 14:36:10.654,0.068938,0.093454,0.161202,1.221718,1,1.0,25
1900-01-01 14:36:11.654,0.069038,0.092157,0.160384,1.056699,1,1.0,25
1900-01-01 14:36:12.654,0.068371,0.093375,0.160779,1.631906,1,1.0,25
1900-01-01 14:36:13.654,0.069059,0.093606,0.162185,1.193429,1,1.0,25
1900-01-01 14:36:14.654,0.068681,0.093585,0.161413,0.839818,1,1.0,25
1900-01-01 14:36:15.654,0.069311,0.092819,0.161202,1.17457,1,1.0,25
1900-01-01 14:36:16.654,0.068969,0.092929,0.161422,1.02841,1,1.0,25
1900-01-01 14:36:17.654,0.068828,0.093055,0.160412,1.183999,1,1.0,25
1900-01-01 14:36:18.654,0.068544,0.092803,0.161,1.15571,1,1.0,25
1900-01-01 14:36:19.654,0.068807,0.09327,0.160871,1.056699,1,1.0,25
1900-01-01 14:36:20.654,0.068969,0.093575,0.16156,1.212288,1,1.0,25
1900-01-01 14:36:21.654,0.06867,0.092315,0.160228,1.15571,1,1.0,25
1900-01-01 14:36:22.654,0.068954,0.092887,0.161367,1.325443,1,1.0,25
1900-01-01 14:36:23.654,0.069137,0.094341,0.162902,1.066129,1,1.0,25
1900-01-01 14:36:24.654,0.068539,0.093228,0.160724,1.042555,1,1.0,25
1900-01-01 14:36:25.654,0.068996,0.091921,0.159383,1.132136,1,1.0,25
1900-01-01 14:36:26.654,0.068817,0.092357,0.16111,1.250006,1,1.0,25
1900-01-01 14:36:27.654,0.068376,0.092572,0.160403,1.075559,1,1.0,25
1900-01-01 14:36:28.654,0.068649,0.092819,0.160917,1.009551,1,1.0,25
1900-01-01 14:36:29.654,0.069059,0.094005,0.162231,0.962403,1,1.0,25
1900-01-01 14:36:30.654,0.069169,0.093633,0.161184,1.306584,1,1.0,25
1900-01-01 14:36:31.654,0.068796,0.092126,0.160393,0.91997,1,1.0,25
1900-01-01 14:36:32.654,0.068644,0.093265,0.161367,1.259436,1,1.0,25
1900-01-01 14:36:33.654,0.068817,0.093097,0.160926,1.240577,1,1.0,25
1900-01-01 14:36:34.654,0.069001,0.093108,0.161615,1.056699,1,1.0,25
1900-01-01 14:36:35.654,0.068323,0.092236,0.159769,1.04727,1,1.0,25
1900-01-01 14:36:36.654,0.068486,0.092215,0.161,0.825674,1,1.0,25
1900-01-01 14:36:37.654,0.068397,0.091979,0.161027,1.056699,1,1.0,25
1900-01-01 14:36:38.654,0.068171,0.091506,0.160403,1.113277,1,1.0,25
1900-01-01 14:36:39.654,0.068591,0.091931,0.16043,0.844533,1,1.0,25
1900-01-01 14:36:40.654,0.068203,0.091238,0.16066,1.122707,1,1.0,25
1900-01-01 14:36:41.654,0.068386,0.091564,0.162185,1.15571,1,1.0,25
1900-01-01 14:36:42.654,0.068035,0.091569,0.160945,1.014266,1,1.0,25
1900-01-01 14:36:43.654,0.068113,0.090997,0.16054,0.797385,1,1.0,25
1900-01-01 14:36:44.654,0.068024,0.09169,0.161193,1.122707,1,1.0,25
1900-01-01 14:36:45.654,0.068008,0.091091,0.161854,1.235862,1,1.0,25
1900-01-01 14:36:46.654,0.06856,0.091385,0.161404,1.023696,1,1.0,25
1900-01-01 14:36:47.654,0.068859,0.093071,0.16315,1.094418,1,1.0,25
1900-01-01 14:36:48.654,0.06825,0.091543,0.161744,1.363162,1,1.0,25
1900-01-01 14:36:49.654,0.068948,0.091973,0.16235,1.122707,1,1.0,25
1900-01-01 14:36:50.654,0.06847,0.091259,0.161671,1.127421,1,1.0,25
1900-01-01 14:36:51.654,0.068581,0.091002,0.161,0.990692,1,1.0,25
1900-01-01 14:36:52.654,0.069038,0.091884,0.16156,1.325443,1,1.0,25
1900-01-01 14:36:53.654,0.068749,0.091606,0.161092,1.051984,1,1.0,25
1900-01-01 14:36:54.654,0.068591,0.090997,0.161349,1.217003,1,1.0,25
1900-01-01 14:36:55.654,0.068549,0.090986,0.161303,1.117992,1,1.0,25
1900-01-01 14:36:56.654,0.067993,0.09075,0.160743,1.056699,1,1.0,25
1900-01-01 14:36:57.654,0.067872,0.090965,0.162259,1.217003,1,1.0,25
1900-01-01 14:36:58.654,0.068786,0.092252,0.162213,1.099133,1,1.0,25
1900-01-01 14:36:59.654,0.067625,0.091181,0.161083,1.254721,1,1.0,25
1900-01-01 14:37:00.654,0.067856,0.090887,0.160504,1.160425,1,1.0,25
1900-01-01 14:37:01.654,0.067898,0.091107,0.160752,1.202858,1,1.0,25
1900-01-01 14:37:02.654,0.067882,0.091139,0.159897,1.29244,1,1.0,25
1900-01-01 14:37:03.654,0.068113,0.091779,0.162084,1.301869,1,1.0,25
1900-01-01 14:37:04.654,0.068308,0.091354,0.161119,1.075559,1,1.0,25
1900-01-01 14:37:05.654,0.06793,0.090656,0.160403,1.16514,1,1.0,25
1900-01-01 14:37:06.654,0.067924,0.091002,0.160651,1.051984,1,1.0,25
1900-01-01 14:37:07.654,0.068187,0.091548,0.161441,1.075559,1,1.0,25
1900-01-01 14:37:08.654,0.068786,0.091769,0.16235,1.297155,1,1.0,25
1900-01-01 14:37:09.654,0.06793,0.090608,0.160522,1.245292,1,1.0,25
1900-01-01 14:37:10.654,0.067977,0.090493,0.160853,1.202858,1,1.0,25
1900-01-01 14:37:11.654,0.068077,0.091574,0.162286,1.377306,1,1.0,25
1900-01-01 14:37:12.654,0.067767,0.091112,0.162497,0.990692,1,1.0,25
1900-01-01 14:37:13.654,0.068334,0.091826,0.161992,1.349017,1,1.0,25
1900-01-01 14:37:14.654,0.066874,0.090551,0.160008,1.02841,1,1.0,25
1900-01-01 14:37:15.654,0.068203,0.091128,0.160522,0.957688,1,1.0,25
1900-01-01 14:37:16.654,0.06762,0.090929,0.161496,0.929399,1,1.0,25
1900-01-01 14:37:17.654,0.067914,0.091475,0.160853,1.094418,1,1.0,25
1900-01-01 14:37:18.654,0.06762,0.090257,0.159833,1.113277,1,1.0,25
1900-01-01 14:37:19.654,0.068213,0.090902,0.161863,0.962403,1,1.0,25
1900-01-01 14:37:20.654,0.067641,0.090761,0.16122,1.141566,1,1.0,25
1900-01-01 14:37:21.654,0.067672,0.090593,0.161083,1.183999,1,1.0,25
1900-01-01 14:37:22.654,0.067919,0.090682,0.161377,1.103847,1,1.0,25
1900-01-01 14:37:23.654,0.067515,0.090461,0.160228,0.858677,1,1.0,25
1900-01-01 14:37:24.654,0.067993,0.090199,0.160531,1.160425,1,1.0,25
1900-01-01 14:37:25.654,0.067258,0.089957,0.160274,1.108562,1,1.0,25
1900-01-01 14:37:26.654,0.068176,0.091186,0.160963,1.122707,1,1.0,25
1900-01-01 14:37:27.654,0.06763,0.089254,0.159273,1.122707,1,1.0,25
1900-01-01 14:37:28.654,0.068129,0.090115,0.160054,1.051984,1,1.0,25
1900-01-01 14:37:29.654,0.067394,0.089584,0.160054,0.886966,1,1.0,25
1900-01-01 14:37:30.654,0.067856,0.089774,0.161073,1.103847,1,1.0,25
1900-01-01 14:37:31.654,0.067746,0.090913,0.161606,1.198144,1,1.0,25
1900-01-01 14:37:32.654,0.067284,0.09011,0.160329,1.231147,1,1.0,25
1900-01-01 14:37:33.654,0.067772,0.09022,0.161156,0.967118,1,1.0,25
1900-01-01 14:37:34.654,0.06836,0.090283,0.160421,0.985977,1,1.0,25
1900-01-01 14:37:35.654,0.066874,0.089453,0.160384,1.169855,1,1.0,25
1900-01-01 14:37:36.654,0.066822,0.089584,0.160632,1.207573,1,1.0,25
1900-01-01 14:37:37.654,0.066995,0.088996,0.159475,0.929399,1,1.0,25
1900-01-01 14:37:38.654,0.067284,0.089784,0.160348,1.226432,1,1.0,25
1900-01-01 14:37:39.654,0.068066,0.090383,0.160449,1.070844,1,1.0,25
1900-01-01 14:37:40.654,0.067027,0.090178,0.160733,1.17457,1,1.0,25
1900-01-01 14:37:41.654,0.066769,0.089915,0.160357,1.113277,1,1.0,25
1900-01-01 14:37:42.654,0.068029,0.089233,0.159861,1.202858,1,1.0,25
1900-01-01 14:37:43.654,0.067478,0.090204,0.161156,1.504606,1,1.0,25
1900-01-01 14:37:44.654,0.067168,0.089721,0.159567,1.014266,1,1.0,25
1900-01-01 14:37:45.654,0.067368,0.089464,0.160393,1.250006,1,1.0,25
1900-01-01 14:37:46.654,0.067121,0.089863,0.161358,1.325443,1,1.0,25
1900-01-01 14:37:47.654,0.066958,0.089038,0.160283,1.367877,1,1.0,25
1900-01-01 14:37:48.654,0.066953,0.089842,0.160127,1.080273,1,1.0,25
1900-01-01 14:37:49.654,0.067436,0.089779,0.160623,1.02841,1,1.0,25
1900-01-01 14:37:50.654,0.067394,0.08991,0.16032,1.108562,1,1.0,25
1900-01-01 14:37:51.654,0.067625,0.089711,0.160265,0.967118,1,1.0,25
1900-01-01 14:37:52.654,0.067557,0.089936,0.160476,1.03784,1,1.0,25
1900-01-01 14:37:53.654,0.067578,0.08991,0.160623,0.91054,1,1.0,25
1900-01-01 14:37:54.654,0.067646,0.090892,0.161716,1.250006,1,1.0,25
1900-01-01 14:37:55.654,0.067851,0.09137,0.162396,0.943544,1,1.0,25
1900-01-01 14:37:56.654,0.067126,0.091018,0.161671,0.915255,1,1.0,25
1900-01-01 14:37:57.654,0.067767,0.090703,0.161781,1.051984,1,1.0,25
1900-01-01 14:37:58.654,0.067247,0.090703,0.160605,1.132136,1,1.0,25
1900-01-01 14:37:59.654,0.068208,0.091086,0.161542,0.952974,1,1.0,25
1900-01-01 14:38:00.654,0.06689,0.090304,0.160531,1.193429,1,1.0,25
1900-01-01 14:38:01.654,0.067006,0.08991,0.16122,1.02841,1,1.0,25
1900-01-01 14:38:02.654,0.067347,0.090141,0.160706,0.844533,1,1.0,25
1900-01-01 14:38:03.654,0.067783,0.091464,0.161321,1.113277,1,1.0,25
1900-01-01 14:38:04.654,0.067279,0.09012,0.160651,1.033125,1,1.0,25
1900-01-01 14:38:05.654,0.067042,0.089926,0.160375,1.136851,1,1.0,25
1900-01-01 14:38:06.654,0.067126,0.089569,0.159907,1.311299,1,1.0,25
1900-01-01 14:38:07.654,0.067956,0.091291,0.162093,1.415025,1,1.0,25
1900-01-01 14:38:08.654,0.066817,0.089474,0.159227,1.278295,1,1.0,25
1900-01-01 14:38:09.654,0.066906,0.089905,0.161174,1.250006,1,1.0,25
1900-01-01 14:38:10.654,0.067153,0.089164,0.159769,1.04727,1,1.0,25
1900-01-01 14:38:11.654,0.067268,0.090099,0.160375,1.084988,1,1.0,25
1900-01-01 14:38:12.654,0.067126,0.089338,0.159567,1.113277,1,1.0,25
1900-01-01 14:38:13.654,0.067111,0.090388,0.160136,1.268866,1,1.0,25
1900-01-01 14:38:14.654,0.067431,0.090031,0.160798,1.023696,1,1.0,25
1900-01-01 14:38:15.654,0.067016,0.090398,0.160614,0.769096,1,1.0,25
1900-01-01 14:38:16.654,0.067174,0.08949,0.159613,1.127421,1,1.0,25
1900-01-01 14:38:17.654,0.067641,0.089999,0.160458,1.089703,1,1.0,25
1900-01-01 14:38:18.654,0.067032,0.089999,0.160173,1.108562,1,1.0,25
1900-01-01 14:38:19.654,0.067011,0.089689,0.160127,1.099133,1,1.0,25
1900-01-01 14:38:20.654,0.067137,0.090283,0.160752,1.287725,1,1.0,25
1900-01-01 14:38:21.654,0.066633,0.089485,0.160834,1.443314,1,1.0,25
1900-01-01 14:38:22.654,0.067657,0.090125,0.160403,1.306584,1,1.0,25
1900-01-01 14:38:23.654,0.067898,0.090356,0.161321,1.094418,1,1.0,25
1900-01-01 14:38:24.654,0.06699,0.090482,0.161441,1.221718,1,1.0,25
1900-01-01 14:38:25.654,0.067546,0.089427,0.161037,0.830388,1,1.0,25
1900-01-01 14:38:26.654,0.067142,0.089742,0.16089,1.023696,1,1.0,25
1900-01-01 14:38:27.654,0.06763,0.090257,0.160844,1.160425,1,1.0,25
1900-01-01 14:38:28.654,0.067489,0.089642,0.160099,1.183999,1,1.0,25
1900-01-01 14:38:29.654,0.067347,0.08949,0.159861,1.367877,1,1.0,25
1900-01-01 14:38:30.654,0.066712,0.090141,0.160752,1.146281,1,1.0,25
1900-01-01 14:38:31.654,0.066659,0.089711,0.160412,1.051984,1,1.0,25
1900-01-01 14:38:32.654,0.067405,0.089753,0.160329,1.004836,1,1.0,25
1900-01-01 14:38:33.654,0.066995,0.089217,0.159659,0.938829,1,1.0,25
1900-01-01 14:38:34.654,0.066943,0.089542,0.159952,1.17457,1,1.0,25
1900-01-01 14:38:35.654,0.066927,0.089374,0.160531,1.066129,1,1.0,25
1900-01-01 14:38:36.654,0.066717,0.089017,0.160063,0.952974,1,1.0,25
1900-01-01 14:38:37.654,0.0671,0.08991,0.160678,1.179284,1,1.0,25
1900-01-01 14:38:38.654,0.066586,0.08907,0.160504,0.952974,1,1.0,25
1900-01-01 14:38:39.654,0.067305,0.089254,0.160623,1.278295,1,1.0,25
1900-01-01 14:38:40.654,0.067111,0.08949,0.160945,1.169855,1,1.0,25
1900-01-01 14:38:41.654,0.066638,0.090073,0.161285,1.169855,1,1.0,25
1900-01-01 14:38:42.654,0.067384,0.089395,0.160338,1.094418,1,1.0,25
1900-01-01 14:38:43.654,0.066906,0.089091,0.160219,1.481032,1,1.0,25
1900-01-01 14:38:44.654,0.066444,0.088666,0.159952,0.886966,1,1.0,25
1900-01-01 14:38:45.654,0.06646,0.088975,0.161,0.924685,1,1.0,25
1900-01-01 14:38:46.654,0.067709,0.089774,0.16088,1.448028,1,1.0,25
1900-01-01 14:38:47.654,0.067893,0.089852,0.159723,1.330158,1,1.0,25
1900-01-01 14:38:48.654,0.066953,0.089516,0.160155,1.127421,1,1.0,25
1900-01-01 14:38:49.654,0.067856,0.089605,0.160201,1.202858,1,1.0,25
1900-01-01 14:38:50.654,0.067819,0.0897,0.160348,1.297155,1,1.0,25
1900-01-01 14:38:51.654,0.068035,0.089884,0.160908,1.042555,1,1.0,25
1900-01-01 14:38:52.654,0.067951,0.089889,0.160908,1.29244,1,1.0,25
1900-01-01 14:38:53.654,0.067247,0.089317,0.16009,0.858677,1,1.0,25
1900-01-01 14:38:54.654,0.06721,0.089637,0.159907,0.967118,1,1.0,25
1900-01-01 14:38:55.654,0.067084,0.088939,0.160044,1.014266,1,1.0,25
1900-01-01 14:38:56.654,0.066507,0.088802,0.158777,1.240577,1,1.0,25
1900-01-01 14:38:57.654,0.067378,0.089789,0.160329,1.396165,1,1.0,25
1900-01-01 14:38:58.654,0.066712,0.089206,0.160329,1.217003,1,1.0,25
1900-01-01 14:38:59.654,0.067,0.089879,0.160642,1.132136,1,1.0,25
1900-01-01 14:39:00.654,0.066733,0.089285,0.160008,1.179284,1,1.0,25
1900-01-01 14:39:01.654,0.066512,0.089007,0.159695,1.297155,1,1.0,25
1900-01-01 14:39:02.654,0.0673,0.089837,0.160761,1.179284,1,1.0,25
1900-01-01 14:39:03.654,0.067168,0.090052,0.160743,1.306584,1,1.0,25
1900-01-01 14:39:04.654,0.067609,0.090104,0.161211,1.094418,1,1.0,25
1900-01-01 14:39:05.654,0.066727,0.088844,0.160605,1.27358,1,1.0,25
1900-01-01 14:39:06.654,0.067179,0.089448,0.160743,0.797385,1,1.0,25
1900-01-01 14:39:07.654,0.066696,0.089521,0.160458,0.863392,1,1.0,25
1900-01-01 14:39:08.654,0.067016,0.089437,0.161119,0.957688,1,1.0,25
1900-01-01 14:39:09.654,0.067231,0.089054,0.160201,1.042555,1,1.0,25
1900-01-01 14:39:10.654,0.067473,0.089317,0.16066,1.089703,1,1.0,25
1900-01-01 14:39:11.654,0.067289,0.088996,0.160421,1.29244,1,1.0,25
1900-01-01 14:39:12.654,0.066454,0.088597,0.159061,1.15571,1,1.0,25
1900-01-01 14:39:13.654,0.067567,0.089999,0.161524,1.108562,1,1.0,25
1900-01-01 14:39:14.654,0.06772,0.090687,0.161551,1.40088,1,1.0,25
1900-01-01 14:39:15.654,0.066864,0.089317,0.15987,1.250006,1,1.0,25
1900-01-01 14:39:16.654,0.0672,0.089306,0.160733,0.981262,1,1.0,25
1900-01-01 14:39:17.654,0.066916,0.089285,0.15964,1.080273,1,1.0,25
1900-01-01 14:39:18.654,0.066496,0.088755,0.161147,1.405595,1,1.0,25
1900-01-01 14:39:19.654,0.066575,0.088177,0.158859,1.287725,1,1.0,25
1900-01-01 14:39:20.654,0.066769,0.088524,0.159172,1.108562,1,1.0,25
1900-01-01 14:39:21.654,0.066475,0.089395,0.161027,0.985977,1,1.0,25
1900-01-01 14:39:22.654,0.06688,0.089348,0.160403,1.127421,1,1.0,25
1900-01-01 14:39:23.654,0.067042,0.089264,0.161478,1.499891,1,1.0,25
1900-01-01 14:39:24.654,0.067126,0.088309,0.159493,1.382021,1,1.0,25
1900-01-01 14:39:25.654,0.066271,0.087442,0.15919,0.948259,1,1.0,25
1900-01-01 14:39:26.654,0.067205,0.088135,0.159659,1.353732,1,1.0,25
1900-01-01 14:39:27.654,0.067048,0.089521,0.161083,1.254721,1,1.0,25
1900-01-01 14:39:28.654,0.067704,0.088944,0.160733,1.188714,1,1.0,25
1900-01-01 14:39:29.654,0.067184,0.088823,0.161046,1.268866,1,1.0,25
1900-01-01 14:39:30.654,0.067247,0.088807,0.160302,1.042555,1,1.0,25
1900-01-01 14:39:31.654,0.067084,0.089679,0.161248,1.202858,1,1.0,25
1900-01-01 14:39:32.654,0.066958,0.088865,0.160724,1.330158,1,1.0,25
1900-01-01 14:39:33.654,0.06762,0.088755,0.160384,1.150995,1,1.0,25
1900-01-01 14:39:34.654,0.067783,0.088162,0.159833,1.259436,1,1.0,25
1900-01-01 14:39:35.654,0.067594,0.088986,0.160366,1.490462,1,1.0,25
1900-01-01 14:39:36.654,0.067599,0.089348,0.161845,1.150995,1,1.0,25
1900-01-01 14:39:37.654,0.066601,0.087931,0.159704,0.924685,1,1.0,25
1900-01-01 14:39:38.654,0.067441,0.087873,0.159484,1.160425,1,1.0,25
1900-01-01 14:39:39.654,0.067473,0.088046,0.160485,0.934114,1,1.0,25
1900-01-01 14:39:40.654,0.066979,0.087952,0.160302,1.127421,1,1.0,25
1900-01-01 14:39:41.654,0.067006,0.088125,0.160265,1.094418,1,1.0,25
1900-01-01 14:39:42.654,0.067394,0.087736,0.159263,1.27358,1,1.0,25
1900-01-01 14:39:43.654,0.066549,0.08686,0.159098,1.231147,1,1.0,25
1900-01-01 14:39:44.654,0.067562,0.089411,0.161432,1.231147,1,1.0,25
1900-01-01 14:39:45.654,0.066958,0.088461,0.160687,1.15571,1,1.0,25
1900-01-01 14:39:46.654,0.067011,0.088403,0.161266,1.056699,1,1.0,25
1900-01-01 14:39:47.654,0.066701,0.088781,0.161046,1.122707,1,1.0,25
1900-01-01 14:39:48.654,0.067625,0.088624,0.160642,1.014266,1,1.0,25
1900-01-01 14:39:49.654,0.067305,0.087857,0.159567,1.146281,1,1.0,25
1900-01-01 14:39:50.654,0.066691,0.086907,0.158602,0.938829,1,1.0,25
1900-01-01 14:39:51.654,0.067378,0.087794,0.15908,1.490462,1,1.0,25
1900-01-01 14:39:52.654,0.06637,0.087332,0.158777,1.207573,1,1.0,25
1900-01-01 14:39:53.654,0.067709,0.088975,0.161266,1.221718,1,1.0,25
1900-01-01 14:39:54.654,0.067032,0.08887,0.16088,1.117992,1,1.0,25
1900-01-01 14:39:55.654,0.066817,0.088267,0.160678,1.094418,1,1.0,25
1900-01-01 14:39:56.654,0.067788,0.08897,0.161762,0.924685,1,1.0,25
1900-01-01 14:39:57.654,0.066654,0.087915,0.159778,1.16514,1,1.0,25
1900-01-01 14:39:58.654,0.066911,0.088141,0.159861,1.320729,1,1.0,25
1900-01-01 14:39:59.654,0.067315,0.088608,0.160743,1.306584,1,1.0,25
1900-01-01 14:40:00.654,0.067252,0.0876,0.159815,1.16514,1,1.0,25
1900-01-01 14:40:01.654,0.066906,0.087311,0.159787,1.363162,1,1.0,25
1900-01-01 14:40:02.654,0.067063,0.088062,0.160926,0.811529,1,1.0,25
1900-01-01 14:40:03.654,0.066565,0.087521,0.159622,1.122707,1,1.0,25
1900-01-01 14:40:04.654,0.066654,0.087327,0.15885,1.15571,1,1.0,25
1900-01-01 14:40:05.654,0.067179,0.087941,0.159594,1.198144,1,1.0,25
1900-01-01 14:40:06.654,0.067305,0.087899,0.158988,1.278295,1,1.0,25
1900-01-01 14:40:07.654,0.067137,0.088162,0.160495,1.29244,1,1.0,25
1900-01-01 14:40:08.654,0.067447,0.088886,0.160743,1.358447,1,1.0,25
1900-01-01 14:40:09.654,0.066838,0.087642,0.158648,1.084988,1,1.0,25
1900-01-01 14:40:10.654,0.067352,0.088104,0.160155,1.188714,1,1.0,25
1900-01-01 14:40:11.654,0.067415,0.088277,0.160219,0.981262,1,1.0,25
1900-01-01 14:40:12.654,0.067919,0.088146,0.160155,0.967118,1,1.0,25
1900-01-01 14:40:13.654,0.066843,0.087022,0.158979,0.863392,1,1.0,25
1900-01-01 14:40:14.654,0.066538,0.086781,0.158519,1.306584,1,1.0,25
1900-01-01 14:40:15.654,0.067006,0.087127,0.159309,1.160425,1,1.0,25
1900-01-01 14:40:16.654,0.067279,0.087526,0.158786,0.957688,1,1.0,25
1900-01-01 14:40:17.654,0.066738,0.08719,0.159291,1.136851,1,1.0,25
1900-01-01 14:40:18.654,0.066638,0.0876,0.158924,1.259436,1,1.0,25
1900-01-01 14:40:19.654,0.066192,0.087306,0.16043,1.226432,1,1.0,25
1900-01-01 14:40:20.654,0.066391,0.087448,0.159539,0.990692,1,1.0,25
1900-01-01 14:40:21.654,0.067342,0.086991,0.159208,1.29244,1,1.0,25
1900-01-01 14:40:22.654,0.066974,0.087794,0.159888,1.217003,1,1.0,25
1900-01-01 14:40:23.654,0.066874,0.087616,0.16043,1.056699,1,1.0,25
1900-01-01 14:40:24.654,0.067226,0.088004,0.160201,1.042555,1,1.0,25
1900-01-01 14:40:25.654,0.0671,0.086781,0.158795,1.051984,1,1.0,25
1900-01-01 14:40:26.654,0.067373,0.087453,0.160375,0.967118,1,1.0,25
1900-01-01 14:40:27.654,0.066906,0.087001,0.15976,1.150995,1,1.0,25
1900-01-01 14:40:28.654,0.067006,0.086749,0.160044,0.868107,1,1.0,25
1900-01-01 14:40:29.654,0.067084,0.086523,0.159512,1.466888,1,1.0,25
1900-01-01 14:40:30.654,0.067363,0.088156,0.161294,1.023696,1,1.0,25
1900-01-01 14:40:31.654,0.067158,0.087232,0.159208,1.169855,1,1.0,25
1900-01-01 14:40:32.654,0.067767,0.088156,0.160632,1.04727,1,1.0,25
1900-01-01 14:40:33.654,0.067541,0.087925,0.160099,1.023696,1,1.0,25
1900-01-01 14:40:34.654,0.067289,0.087579,0.160384,1.183999,1,1.0,25
1900-01-01 14:40:35.654,0.066685,0.08698,0.160044,1.179284,1,1.0,25
1900-01-01 14:40:36.654,0.067741,0.08792,0.160035,1.02841,1,1.0,25
1900-01-01 14:40:37.654,0.067252,0.087668,0.159769,0.929399,1,1.0,25
1900-01-01 14:40:38.654,0.067326,0.08718,0.160366,1.056699,1,1.0,25
1900-01-01 14:40:39.654,0.067373,0.087495,0.160017,1.245292,1,1.0,25
1900-01-01 14:40:40.654,0.067195,0.086502,0.158749,1.132136,1,1.0,25
1900-01-01 14:40:41.654,0.067153,0.086954,0.159493,0.981262,1,1.0,25
1900-01-01 14:40:42.654,0.067672,0.086492,0.15941,1.132136,1,1.0,25
1900-01-01 14:40:43.654,0.067562,0.087385,0.160559,0.976548,1,1.0,25
1900-01-01 14:40:44.654,0.068035,0.087043,0.160246,0.934114,1,1.0,25
1900-01-01 14:40:45.654,0.06752,0.086608,0.1593,1.146281,1,1.0,25
1900-01-01 14:40:46.654,0.067735,0.086613,0.158822,1.235862,1,1.0,25
1900-01-01 14:40:47.654,0.06783,0.086823,0.159208,1.061414,1,1.0,25
1900-01-01 14:40:48.654,0.068203,0.086571,0.158455,1.221718,1,1.0,25
1900-01-01 14:40:49.654,0.067137,0.087427,0.159521,1.117992,1,1.0,25
1900-01-01 14:40:50.654,0.067777,0.087164,0.159567,1.03784,1,1.0,25
1900-01-01 14:40:51.654,0.06668,0.085925,0.158602,1.122707,1,1.0,25
1900-01-01 14:40:52.654,0.066796,0.086324,0.158749,1.250006,1,1.0,25
1900-01-01 14:40:53.654,0.067772,0.087259,0.160403,1.358447,1,1.0,25
1900-01-01 14:40:54.654,0.066932,0.08593,0.158804,1.202858,1,1.0,25
1900-01-01 14:40:55.654,0.067279,0.085689,0.158253,1.02841,1,1.0,25
1900-01-01 14:40:56.654,0.067546,0.086781,0.160605,1.018981,1,1.0,25
1900-01-01 14:40:57.654,0.066538,0.086004,0.158933,1.264151,1,1.0,25
1900-01-01 14:40:58.654,0.067273,0.086902,0.160054,1.080273,1,1.0,25
1900-01-01 14:40:59.654,0.067431,0.086986,0.160761,1.099133,1,1.0,25
1900-01-01 14:41:00.654,0.066859,0.086266,0.15942,1.325443,1,1.0,25
1900-01-01 14:41:01.654,0.067352,0.08613,0.15908,1.113277,1,1.0,25
1900-01-01 14:41:02.654,0.067835,0.087773,0.160504,0.995407,1,1.0,25
1900-01-01 14:41:03.654,0.067116,0.085794,0.159126,1.009551,1,1.0,25
1900-01-01 14:41:04.654,0.068008,0.086776,0.160044,1.103847,1,1.0,25
1900-01-01 14:41:05.654,0.068176,0.087259,0.160118,1.231147,1,1.0,25
1900-01-01 14:41:06.654,0.068549,0.087763,0.160715,1.03784,1,1.0,25
1900-01-01 14:41:07.654,0.067405,0.087148,0.16032,1.254721,1,1.0,25
1900-01-01 14:41:08.654,0.067462,0.087264,0.160109,1.28301,1,1.0,25
1900-01-01 14:41:09.654,0.067604,0.086051,0.159365,0.976548,1,1.0,25
1900-01-01 14:41:10.654,0.067494,0.086959,0.160173,1.056699,1,1.0,25
1900-01-01 14:41:11.654,0.067777,0.087217,0.160899,1.212288,1,1.0,25
1900-01-01 14:41:12.654,0.066775,0.086466,0.160136,1.127421,1,1.0,25
1900-01-01 14:41:13.654,0.067147,0.086534,0.159567,1.136851,1,1.0,25
1900-01-01 14:41:14.654,0.067441,0.086613,0.158758,1.117992,1,1.0,25
1900-01-01 14:41:15.654,0.067688,0.086986,0.160357,0.995407,1,1.0,25
1900-01-01 14:41:16.654,0.067494,0.087385,0.160605,1.061414,1,1.0,25
1900-01-01 14:41:17.654,0.067389,0.086387,0.15863,1.018981,1,1.0,25
1900-01-01 14:41:18.654,0.068339,0.087946,0.160899,1.29244,1,1.0,25
1900-01-01 14:41:19.654,0.066838,0.085647,0.158712,1.183999,1,1.0,25
1900-01-01 14:41:20.654,0.068124,0.087862,0.160283,1.226432,1,1.0,25
1900-01-01 14:41:21.654,0.066895,0.086765,0.15919,1.330158,1,1.0,25
1900-01-01 14:41:22.654,0.066806,0.086308,0.159401,1.259436,1,1.0,25
1900-01-01 14:41:23.654,0.067667,0.0877,0.161073,1.231147,1,1.0,25
1900-01-01 14:41:24.654,0.067352,0.086334,0.159512,1.202858,1,1.0,25
1900-01-01 14:41:25.654,0.067699,0.086823,0.159383,1.141566,1,1.0,25
1900-01-01 14:41:26.654,0.067783,0.087259,0.159907,1.372591,1,1.0,25
1900-01-01 14:41:27.654,0.067788,0.087469,0.160706,1.122707,1,1.0,25
1900-01-01 14:41:28.654,0.067767,0.087479,0.161064,1.051984,1,1.0,25
1900-01-01 14:41:29.654,0.067599,0.08686,0.15987,1.183999,1,1.0,25
1900-01-01 14:41:30.654,0.068229,0.087469,0.160623,1.066129,1,1.0,25
1900-01-01 14:41:31.654,0.067872,0.086424,0.159695,0.915255,1,1.0,25
1900-01-01 14:41:32.654,0.067321,0.086224,0.159015,1.136851,1,1.0,25
1900-01-01 14:41:33.654,0.068087,0.087621,0.159861,1.287725,1,1.0,25
1900-01-01 14:41:34.654,0.067683,0.086592,0.159273,1.306584,1,1.0,25
1900-01-01 14:41:35.654,0.067021,0.086718,0.159732,0.872822,1,1.0,25
1900-01-01 14:41:36.654,0.067153,0.086854,0.159374,0.971833,1,1.0,25
1900-01-01 14:41:37.654,0.068292,0.087437,0.160081,1.179284,1,1.0,25
1900-01-01 14:41:38.654,0.067027,0.086224,0.159006,0.91054,1,1.0,25
1900-01-01 14:41:39.654,0.067951,0.088387,0.161321,1.202858,1,1.0,25
1900-01-01 14:41:40.654,0.067914,0.087306,0.160338,1.070844,1,1.0,25
1900-01-01 14:41:41.654,0.067095,0.085809,0.158087,0.858677,1,1.0,25
1900-01-01 14:41:42.654,0.06805,0.086644,0.160118,0.962403,1,1.0,25
1900-01-01 14:41:43.654,0.067662,0.086429,0.159071,1.193429,1,1.0,25
1900-01-01 14:41:44.654,0.067462,0.086303,0.158933,1.061414,1,1.0,25
1900-01-01 14:41:45.654,0.067735,0.085731,0.158565,0.778526,1,1.0,25
1900-01-01 14:41:46.654,0.068434,0.086697,0.160191,1.287725,1,1.0,25
1900-01-01 14:41:47.654,0.06794,0.087143,0.160513,1.117992,1,1.0,25
1900-01-01 14:41:48.654,0.068565,0.086928,0.159769,1.193429,1,1.0,25
1900-01-01 14:41:49.654,0.067725,0.087521,0.160825,1.198144,1,1.0,25
1900-01-01 14:41:50.654,0.067279,0.086025,0.158271,1.061414,1,1.0,25
1900-01-01 14:41:51.654,0.067462,0.086308,0.159897,1.198144,1,1.0,25
1900-01-01 14:41:52.654,0.067972,0.086235,0.159769,0.844533,1,1.0,25
1900-01-01 14:41:53.654,0.067998,0.086566,0.158685,1.382021,1,1.0,25
1900-01-01 14:41:54.654,0.06835,0.087285,0.160173,1.245292,1,1.0,25
1900-01-01 14:41:55.654,0.068213,0.087831,0.16054,1.15571,1,1.0,25
1900-01-01 14:41:56.654,0.067846,0.087962,0.161073,0.684229,1,1.0,25
1900-01-01 14:41:57.654,0.067452,0.086613,0.159576,1.080273,1,1.0,25
1900-01-01 14:41:58.654,0.067993,0.087211,0.160099,1.240577,1,1.0,25
1900-01-01 14:41:59.654,0.067746,0.086865,0.158832,0.967118,1,1.0,25
1900-01-01 14:42:00.654,0.068344,0.087463,0.160348,1.297155,1,1.0,25
1900-01-01 14:42:01.654,0.067189,0.085804,0.15885,1.113277,1,1.0,25
1900-01-01 14:42:02.654,0.067651,0.086875,0.159475,0.995407,1,1.0,25
1900-01-01 14:42:03.654,0.06793,0.085951,0.15885,1.15571,1,1.0,25
1900-01-01 14:42:04.654,0.068003,0.08645,0.159218,1.004836,1,1.0,25
1900-01-01 14:42:05.654,0.067336,0.085652,0.158189,1.16514,1,1.0,25
1900-01-01 14:42:06.654,0.068449,0.087022,0.159732,1.231147,1,1.0,25
1900-01-01 14:42:07.654,0.067688,0.086161,0.159282,1.17457,1,1.0,25
1900-01-01 14:42:08.654,0.067672,0.085946,0.15885,1.179284,1,1.0,25
1900-01-01 14:42:09.654,0.067756,0.086366,0.158951,0.938829,1,1.0,25
1900-01-01 14:42:10.654,0.068575,0.087369,0.160274,1.160425,1,1.0,25
1900-01-01 14:42:11.654,0.06773,0.08593,0.158694,1.433884,1,1.0,25
1900-01-01 14:42:12.654,0.067966,0.087348,0.160109,1.169855,1,1.0,25
1900-01-01 14:42:13.654,0.068712,0.087715,0.161726,1.259436,1,1.0,25
1900-01-01 14:42:14.654,0.067515,0.086418,0.158777,0.868107,1,1.0,25
1900-01-01 14:42:15.654,0.068255,0.087768,0.160816,1.009551,1,1.0,25
1900-01-01 14:42:16.654,0.068444,0.086035,0.159107,1.179284,1,1.0,25
1900-01-01 14:42:17.654,0.068234,0.086424,0.158813,0.938829,1,1.0,25
1900-01-01 14:42:18.654,0.068329,0.087484,0.159952,1.311299,1,1.0,25
1900-01-01 14:42:19.654,0.068533,0.087117,0.160228,0.971833,1,1.0,25
1900-01-01 14:42:20.654,0.068098,0.086812,0.159998,1.070844,1,1.0,25
1900-01-01 14:42:21.654,0.06814,0.086361,0.159833,0.981262,1,1.0,25
1900-01-01 14:42:22.654,0.068119,0.086366,0.15975,1.108562,1,1.0,25
1900-01-01 14:42:23.654,0.068129,0.08686,0.159998,1.250006,1,1.0,25
1900-01-01 14:42:24.654,0.067657,0.086366,0.159374,0.990692,1,1.0,25
1900-01-01 14:42:25.654,0.067205,0.086009,0.159071,1.023696,1,1.0,25
1900-01-01 14:42:26.654,0.068497,0.086917,0.160586,1.306584,1,1.0,25
1900-01-01 14:42:27.654,0.067993,0.086266,0.159181,1.009551,1,1.0,25
1900-01-01 14:42:28.654,0.068071,0.086145,0.158887,1.235862,1,1.0,25
1900-01-01 14:42:29.654,0.067305,0.086177,0.158795,1.353732,1,1.0,25
1900-01-01 14:42:30.654,0.068061,0.08677,0.159208,1.094418,1,1.0,25
1900-01-01 14:42:31.654,0.06815,0.086881,0.160596,1.226432,1,1.0,25
1900-01-01 14:42:32.654,0.067809,0.086271,0.159585,1.179284,1,1.0,25
1900-01-01 14:42:33.654,0.067604,0.085941,0.158483,1.217003,1,1.0,25
1900-01-01 14:42:34.654,0.067924,0.086671,0.159851,1.287725,1,1.0,25
1900-01-01 14:42:35.654,0.067851,0.086161,0.159199,1.023696,1,1.0,25
1900-01-01 14:42:36.654,0.068024,0.086828,0.159677,1.443314,1,1.0,25
1900-01-01 14:42:37.654,0.067604,0.085725,0.158097,1.250006,1,1.0,25
1900-01-01 14:42:38.654,0.068056,0.086818,0.159659,1.287725,1,1.0,25
1900-01-01 14:42:39.654,0.068292,0.087736,0.160853,1.193429,1,1.0,25
1900-01-01 14:42:40.654,0.06793,0.087505,0.160706,1.41031,1,1.0,25
1900-01-01 14:42:41.654,0.068161,0.087033,0.159824,1.042555,1,1.0,25
1900-01-01 14:42:42.654,0.066911,0.085106,0.158253,1.113277,1,1.0,25
1900-01-01 14:42:43.654,0.068423,0.086403,0.159116,1.202858,1,1.0,25
1900-01-01 14:42:44.654,0.068082,0.087164,0.161119,1.198144,1,1.0,25
1900-01-01 14:42:45.654,0.068297,0.087091,0.160237,1.103847,1,1.0,25
1900-01-01 14:42:46.654,0.06836,0.086203,0.158997,0.962403,1,1.0,25
1900-01-01 14:42:47.654,0.067751,0.085867,0.158878,1.268866,1,1.0,25
1900-01-01 14:42:48.654,0.068339,0.086807,0.159732,1.004836,1,1.0,25
1900-01-01 14:42:49.654,0.067441,0.085594,0.157711,1.042555,1,1.0,25
1900-01-01 14:42:50.654,0.067919,0.086135,0.15885,1.297155,1,1.0,25
1900-01-01 14:42:51.654,0.067735,0.086298,0.158418,1.363162,1,1.0,25
1900-01-01 14:42:52.654,0.06763,0.086151,0.159714,1.141566,1,1.0,25
1900-01-01 14:42:53.654,0.068675,0.086644,0.160191,1.084988,1,1.0,25
1900-01-01 14:42:54.654,0.067735,0.086308,0.159502,1.316014,1,1.0,25
1900-01-01 14:42:55.654,0.067599,0.086671,0.159686,0.872822,1,1.0,25
1900-01-01 14:42:56.654,0.067473,0.086481,0.160917,1.27358,1,1.0,25
1900-01-01 14:42:57.654,0.067898,0.086639,0.159153,1.042555,1,1.0,25
1900-01-01 14:42:58.654,0.06783,0.086896,0.160127,1.17457,1,1.0,25
1900-01-01 14:42:59.654,0.067588,0.085547,0.158905,1.061414,1,1.0,25
1900-01-01 14:43:00.654,0.067699,0.086713,0.160182,1.084988,1,1.0,25
1900-01-01 14:43:01.654,0.067893,0.086413,0.15975,1.061414,1,1.0,25
1900-01-01 14:43:02.654,0.067457,0.086219,0.159208,1.103847,1,1.0,25
1900-01-01 14:43:03.654,0.067557,0.085694,0.159162,1.141566,1,1.0,25
1900-01-01 14:43:04.654,0.067247,0.086303,0.159971,1.02841,1,1.0,25
1900-01-01 14:43:05.654,0.067426,0.086597,0.159824,1.061414,1,1.0,25
1900-01-01 14:43:06.654,0.067557,0.086655,0.159456,1.349017,1,1.0,25
1900-01-01 14:43:07.654,0.067982,0.08708,0.161487,1.061414,1,1.0,25
1900-01-01 14:43:08.654,0.068182,0.086497,0.160642,1.084988,1,1.0,25
1900-01-01 14:43:09.654,0.068108,0.087064,0.160292,1.339588,1,1.0,25
1900-01-01 14:43:10.654,0.067678,0.086466,0.160412,0.858677,1,1.0,25
1900-01-01 14:43:11.654,0.067599,0.086245,0.160311,0.934114,1,1.0,25
1900-01-01 14:43:12.654,0.068565,0.086844,0.159466,1.462173,1,1.0,25
1900-01-01 14:43:13.654,0.067662,0.086576,0.159383,1.297155,1,1.0,25
1900-01-01 14:43:14.654,0.068014,0.08782,0.160706,1.146281,1,1.0,25
1900-01-01 14:43:15.654,0.067625,0.086644,0.160623,1.169855,1,1.0,25
1900-01-01 14:43:16.654,0.06752,0.086623,0.160586,1.080273,1,1.0,25
1900-01-01 14:43:17.654,0.067657,0.087127,0.160733,1.339588,1,1.0,25
1900-01-01 14:43:18.654,0.068071,0.086229,0.158795,1.150995,1,1.0,25
1900-01-01 14:43:19.654,0.067389,0.086035,0.158409,1.141566,1,1.0,25
1900-01-01 14:43:20.654,0.067315,0.08613,0.159943,0.943544,1,1.0,25
1900-01-01 14:43:21.654,0.067888,0.085783,0.158666,0.985977,1,1.0,25
1900-01-01 14:43:22.654,0.067961,0.086282,0.159429,1.080273,1,1.0,25
1900-01-01 14:43:23.654,0.067384,0.085941,0.159328,1.084988,1,1.0,25
1900-01-01 14:43:24.654,0.067368,0.085893,0.158731,1.372591,1,1.0,25
1900-01-01 14:43:25.654,0.067195,0.085248,0.158354,1.259436,1,1.0,25
1900-01-01 14:43:26.654,0.067368,0.085557,0.159245,1.221718,1,1.0,25
1900-01-01 14:43:27.654,0.068014,0.085862,0.159512,1.084988,1,1.0,25
1900-01-01 14:43:28.654,0.068108,0.087217,0.161459,0.971833,1,1.0,25
1900-01-01 14:43:29.654,0.068108,0.086466,0.160467,1.15571,1,1.0,25
1900-01-01 14:43:30.654,0.067636,0.086917,0.159907,0.990692,1,1.0,25
1900-01-01 14:43:31.654,0.067751,0.086198,0.159539,1.254721,1,1.0,25
1900-01-01 14:43:32.654,0.067142,0.085914,0.159475,0.981262,1,1.0,25
1900-01-01 14:43:33.654,0.067557,0.085584,0.15862,1.221718,1,1.0,25
1900-01-01 14:43:34.654,0.06805,0.086917,0.160531,1.391451,1,1.0,25
1900-01-01 14:43:35.654,0.067573,0.085473,0.159015,1.02841,1,1.0,25
1900-01-01 14:43:36.654,0.067573,0.086445,0.159659,1.188714,1,1.0,25
1900-01-01 14:43:37.654,0.067972,0.086791,0.160706,0.985977,1,1.0,25
1900-01-01 14:43:38.654,0.066948,0.085542,0.159897,1.207573,1,1.0,25
1900-01-01 14:43:39.654,0.067252,0.085416,0.159071,1.066129,1,1.0,25
1900-01-01 14:43:40.654,0.067504,0.08541,0.158639,1.231147,1,1.0,25
1900-01-01 14:43:41.654,0.067363,0.085909,0.159107,0.948259,1,1.0,25
1900-01-01 14:43:42.654,0.067861,0.086592,0.160458,1.235862,1,1.0,25
1900-01-01 14:43:43.654,0.068775,0.08666,0.160789,1.099133,1,1.0,25
1900-01-01 14:43:44.654,0.068266,0.08646,0.159778,1.094418,1,1.0,25
1900-01-01 14:43:45.654,0.067993,0.086082,0.159769,0.91054,1,1.0,25
1900-01-01 14:43:46.654,0.067877,0.086902,0.159842,0.835103,1,1.0,25
1900-01-01 14:43:47.654,0.067651,0.085935,0.159116,0.990692,1,1.0,25
1900-01-01 14:43:48.654,0.068024,0.086639,0.159089,1.278295,1,1.0,25
1900-01-01 14:43:49.654,0.068617,0.086481,0.158565,1.108562,1,1.0,25
1900-01-01 14:43:50.654,0.068528,0.086634,0.160237,1.16514,1,1.0,25
1900-01-01 14:43:51.654,0.067993,0.086271,0.158648,0.929399,1,1.0,25
1900-01-01 14:43:52.654,0.068885,0.087332,0.160586,1.141566,1,1.0,25
1900-01-01 14:43:53.654,0.067604,0.085757,0.158786,1.03784,1,1.0,25
1900-01-01 14:43:54.654,0.067205,0.0854,0.159282,1.264151,1,1.0,25
1900-01-01 14:43:55.654,0.067683,0.086292,0.160504,1.070844,1,1.0,25
1900-01-01 14:43:56.654,0.067856,0.085836,0.158933,0.929399,1,1.0,25
1900-01-01 14:43:57.654,0.067924,0.085872,0.159126,1.17457,1,1.0,25
1900-01-01 14:43:58.654,0.067793,0.085153,0.158694,1.014266,1,1.0,25
1900-01-01 14:43:59.654,0.067851,0.086298,0.159319,0.938829,1,1.0,25
1900-01-01 14:44:00.654,0.06815,0.086035,0.15885,0.905825,1,1.0,25
1900-01-01 14:44:01.654,0.06814,0.086492,0.160348,1.089703,1,1.0,25
1900-01-01 14:44:02.654,0.067279,0.085106,0.158455,1.202858,1,1.0,25
1900-01-01 14:44:03.654,0.068707,0.086665,0.160605,1.245292,1,1.0,25
1900-01-01 14:44:04.654,0.068187,0.087143,0.160201,1.240577,1,1.0,25
1900-01-01 14:44:05.654,0.067084,0.086208,0.159962,1.367877,1,1.0,25
1900-01-01 14:44:06.654,0.067667,0.086014,0.160357,1.193429,1,1.0,25
1900-01-01 14:44:07.654,0.067725,0.085867,0.15908,1.146281,1,1.0,25
1900-01-01 14:44:08.654,0.068071,0.086214,0.159962,1.391451,1,1.0,25
1900-01-01 14:44:09.654,0.067741,0.08665,0.160219,1.28301,1,1.0,25
1900-01-01 14:44:10.654,0.067924,0.087122,0.160991,1.075559,1,1.0,25
1900-01-01 14:44:11.654,0.06793,0.086839,0.160017,1.03784,1,1.0,25
1900-01-01 14:44:12.654,0.068119,0.086618,0.159576,1.301869,1,1.0,25
1900-01-01 14:44:13.654,0.068339,0.087253,0.160219,1.009551,1,1.0,25
1900-01-01 14:44:14.654,0.06772,0.086413,0.159613,1.250006,1,1.0,25
1900-01-01 14:44:15.654,0.068134,0.086271,0.159649,1.004836,1,1.0,25
1900-01-01 14:44:16.654,0.067798,0.085683,0.15885,1.136851,1,1.0,25
1900-01-01 14:44:17.654,0.067557,0.085253,0.158565,1.051984,1,1.0,25
1900-01-01 14:44:18.654,0.067027,0.085568,0.15851,1.113277,1,1.0,25
1900-01-01 14:44:19.654,0.067462,0.08508,0.157977,1.160425,1,1.0,25
1900-01-01 14:44:20.654,0.067426,0.085458,0.159144,1.202858,1,1.0,25
1900-01-01 14:44:21.654,0.067604,0.085353,0.158988,0.896396,1,1.0,25
1900-01-01 14:44:22.654,0.067147,0.085788,0.159429,1.009551,1,1.0,25
1900-01-01 14:44:23.654,0.067431,0.085783,0.159686,1.014266,1,1.0,25
1900-01-01 14:44:24.654,0.067305,0.085001,0.158565,1.278295,1,1.0,25
1900-01-01 14:44:25.654,0.067189,0.085111,0.158951,1.27358,1,1.0,25
1900-01-01 14:44:26.654,0.067867,0.085458,0.159603,1.259436,1,1.0,25
1900-01-01 14:44:27.654,0.06721,0.085248,0.159925,1.000122,1,1.0,25
1900-01-01 14:44:28.654,0.067536,0.085626,0.159796,1.122707,1,1.0,25
1900-01-01 14:44:29.654,0.067877,0.086161,0.160439,0.853963,1,1.0,25
1900-01-01 14:44:30.654,0.067888,0.085484,0.158832,1.014266,1,1.0,25
1900-01-01 14:44:31.654,0.067583,0.085515,0.159998,1.117992,1,1.0,25
1900-01-01 14:44:32.654,0.067882,0.086397,0.160926,0.858677,1,1.0,25
1900-01-01 14:44:33.654,0.067888,0.085809,0.16032,0.952974,1,1.0,25
1900-01-01 14:44:34.654,0.067777,0.086518,0.160513,1.250006,1,1.0,25
1900-01-01 14:44:35.654,0.06772,0.085668,0.159649,1.278295,1,1.0,25
1900-01-01 14:44:36.654,0.067972,0.085116,0.158437,1.099133,1,1.0,25
1900-01-01 14:44:37.654,0.067583,0.085473,0.159015,1.235862,1,1.0,25
1900-01-01 14:44:38.654,0.067636,0.085557,0.159732,1.344303,1,1.0,25
1900-01-01 14:44:39.654,0.068061,0.085594,0.160596,1.103847,1,1.0,25
1900-01-01 14:44:40.654,0.067037,0.084623,0.158749,0.929399,1,1.0,25
1900-01-01 14:44:41.654,0.067688,0.085589,0.159778,0.976548,1,1.0,25
1900-01-01 14:44:42.654,0.068302,0.086277,0.161174,1.023696,1,1.0,25
1900-01-01 14:44:43.654,0.067342,0.08519,0.159365,1.240577,1,1.0,25
1900-01-01 14:44:44.654,0.067867,0.08477,0.158979,0.971833,1,1.0,25
1900-01-01 14:44:45.654,0.06815,0.08635,0.160789,1.066129,1,1.0,25
1900-01-01 14:44:46.654,0.067378,0.085059,0.159355,1.042555,1,1.0,25
1900-01-01 14:44:47.654,0.067788,0.085615,0.159613,1.15571,1,1.0,25
1900-01-01 14:44:48.654,0.067604,0.085363,0.159236,1.301869,1,1.0,25
1900-01-01 14:44:49.654,0.068061,0.085678,0.15908,1.217003,1,1.0,25
1900-01-01 14:44:50.654,0.067462,0.085463,0.159126,1.075559,1,1.0,25
1900-01-01 14:44:51.654,0.067903,0.085851,0.159172,1.066129,1,1.0,25
1900-01-01 14:44:52.654,0.068208,0.085594,0.159107,1.268866,1,1.0,25
1900-01-01 14:44:53.654,0.068061,0.086109,0.160366,0.839818,1,1.0,25
1900-01-01 14:44:54.654,0.067121,0.084707,0.159135,1.103847,1,1.0,25
1900-01-01 14:44:55.654,0.067809,0.084912,0.158969,1.136851,1,1.0,25
1900-01-01 14:44:56.654,0.067972,0.086056,0.15953,1.117992,1,1.0,25
1900-01-01 14:44:57.654,0.067783,0.085946,0.159337,1.160425,1,1.0,25
1900-01-01 14:44:58.654,0.067877,0.085657,0.159613,1.316014,1,1.0,25
1900-01-01 14:44:59.654,0.068082,0.085148,0.158675,1.212288,1,1.0,25
1900-01-01 14:45:00.654,0.066974,0.084843,0.159208,1.075559,1,1.0,25
1900-01-01 14:45:01.654,0.067562,0.085164,0.158951,1.094418,1,1.0,25
1900-01-01 14:45:02.654,0.06741,0.08529,0.160724,1.108562,1,1.0,25
1900-01-01 14:45:03.654,0.067436,0.08551,0.160311,1.15571,1,1.0,25
1900-01-01 14:45:04.654,0.067709,0.085017,0.158336,0.957688,1,1.0,25
1900-01-01 14:45:05.654,0.068182,0.085972,0.160173,1.240577,1,1.0,25
1900-01-01 14:45:06.654,0.067851,0.085794,0.159971,0.745522,1,1.0,25
1900-01-01 14:45:07.654,0.067079,0.085526,0.159438,0.952974,1,1.0,25
1900-01-01 14:45:08.654,0.067846,0.085248,0.158777,1.080273,1,1.0,25
1900-01-01 14:45:09.654,0.067599,0.084775,0.159135,1.28301,1,1.0,25
1900-01-01 14:45:10.654,0.067489,0.085295,0.158712,1.009551,1,1.0,25
1900-01-01 14:45:11.654,0.068014,0.085274,0.159952,1.259436,1,1.0,25
1900-01-01 14:45:12.654,0.067625,0.085951,0.160816,1.169855,1,1.0,25
1900-01-01 14:45:13.654,0.068014,0.085983,0.159374,1.080273,1,1.0,25
1900-01-01 14:45:14.654,0.067347,0.085179,0.15908,1.250006,1,1.0,25
1900-01-01 14:45:15.654,0.067966,0.085962,0.160467,0.901111,1,1.0,25
1900-01-01 14:45:16.654,0.068208,0.086271,0.159888,1.160425,1,1.0,25
1900-01-01 14:45:17.654,0.067368,0.085605,0.160081,1.146281,1,1.0,25
1900-01-01 14:45:18.654,0.067573,0.086271,0.159714,1.160425,1,1.0,25
1900-01-01 14:45:19.654,0.067888,0.086639,0.161018,1.207573,1,1.0,25
1900-01-01 14:45:20.654,0.067756,0.085531,0.159631,1.306584,1,1.0,25
1900-01-01 14:45:21.654,0.068056,0.085799,0.160375,1.17457,1,1.0,25
1900-01-01 14:45:22.654,0.067651,0.085836,0.160743,1.103847,1,1.0,25
1900-01-01 14:45:23.654,0.068455,0.086434,0.160495,1.27358,1,1.0,25
1900-01-01 14:45:24.654,0.067142,0.084549,0.158547,1.193429,1,1.0,25
1900-01-01 14:45:25.654,0.067111,0.084649,0.15863,0.943544,1,1.0,25
1900-01-01 14:45:26.654,0.067977,0.085132,0.15863,1.198144,1,1.0,25
1900-01-01 14:45:27.654,0.067489,0.084885,0.158032,1.202858,1,1.0,25
1900-01-01 14:45:28.654,0.067541,0.08499,0.159089,1.136851,1,1.0,25
1900-01-01 14:45:29.654,0.067011,0.085263,0.16032,1.099133,1,1.0,25
1900-01-01 14:45:30.654,0.067735,0.085384,0.159512,1.089703,1,1.0,25
1900-01-01 14:45:31.654,0.067699,0.085673,0.159557,1.301869,1,1.0,25
1900-01-01 14:45:32.654,0.066974,0.084796,0.159126,0.787955,1,1.0,25
1900-01-01 14:45:33.654,0.067315,0.084576,0.158207,1.141566,1,1.0,25
1900-01-01 14:45:34.654,0.067289,0.084754,0.158317,1.02841,1,1.0,25
1900-01-01 14:45:35.654,0.067305,0.084108,0.158087,1.235862,1,1.0,25
1900-01-01 14:45:36.654,0.067321,0.084413,0.158207,1.103847,1,1.0,25
1900-01-01 14:45:37.654,0.067489,0.08383,0.157426,1.080273,1,1.0,25
1900-01-01 14:45:38.654,0.067326,0.08445,0.157573,1.000122,1,1.0,25
1900-01-01 14:45:39.654,0.067688,0.084838,0.158528,1.169855,1,1.0,25
1900-01-01 14:45:40.654,0.067305,0.085195,0.158519,1.160425,1,1.0,25
1900-01-01 14:45:41.654,0.068119,0.086109,0.159309,1.198144,1,1.0,25
1900-01-01 14:45:42.654,0.067478,0.08498,0.159291,1.353732,1,1.0,25
1900-01-01 14:45:43.654,0.067237,0.084292,0.158308,1.29244,1,1.0,25
1900-01-01 14:45:44.654,0.067573,0.084765,0.159089,1.141566,1,1.0,25
1900-01-01 14:45:45.654,0.067662,0.084775,0.158299,1.268866,1,1.0,25
1900-01-01 14:45:46.654,0.067326,0.085195,0.159309,1.212288,1,1.0,25
1900-01-01 14:45:47.654,0.06773,0.084838,0.15828,1.075559,1,1.0,25
1900-01-01 14:45:48.654,0.067468,0.084654,0.15772,1.099133,1,1.0,25
1900-01-01 14:45:49.654,0.067499,0.084744,0.158611,1.226432,1,1.0,25
1900-01-01 14:45:50.654,0.067441,0.085211,0.15862,1.193429,1,1.0,25
1900-01-01 14:45:51.654,0.068371,0.085846,0.159769,1.02841,1,1.0,25
1900-01-01 14:45:52.654,0.067011,0.0852,0.158189,1.207573,1,1.0,25
1900-01-01 14:45:53.654,0.067909,0.085358,0.15896,1.132136,1,1.0,25
1900-01-01 14:45:54.654,0.06762,0.084943,0.158446,0.882251,1,1.0,25
1900-01-01 14:45:55.654,0.066943,0.085258,0.159273,1.316014,1,1.0,25
1900-01-01 14:45:56.654,0.06804,0.085741,0.158997,1.094418,1,1.0,25
1900-01-01 14:45:57.654,0.067888,0.085458,0.159824,1.17457,1,1.0,25
1900-01-01 14:45:58.654,0.067132,0.084486,0.158832,1.415025,1,1.0,25
1900-01-01 14:45:59.654,0.067567,0.084644,0.158777,1.231147,1,1.0,25
1900-01-01 14:46:00.654,0.067562,0.084948,0.158473,1.099133,1,1.0,25
1900-01-01 14:46:01.654,0.067536,0.085211,0.159447,0.91054,1,1.0,25
1900-01-01 14:46:02.654,0.067667,0.085358,0.159548,1.009551,1,1.0,25
1900-01-01 14:46:03.654,0.067714,0.085568,0.158455,1.150995,1,1.0,25
1900-01-01 14:46:04.654,0.067237,0.084759,0.158363,1.226432,1,1.0,25
1900-01-01 14:46:05.654,0.067084,0.084602,0.158721,1.023696,1,1.0,25
1900-01-01 14:46:06.654,0.06762,0.085153,0.159337,1.231147,1,1.0,25
1900-01-01 14:46:07.654,0.068287,0.085778,0.159438,1.367877,1,1.0,25
1900-01-01 14:46:08.654,0.067489,0.084943,0.159254,1.113277,1,1.0,25
1900-01-01 14:46:09.654,0.06741,0.084077,0.158372,0.952974,1,1.0,25
1900-01-01 14:46:10.654,0.066769,0.084381,0.158409,1.41974,1,1.0,25
1900-01-01 14:46:11.654,0.066969,0.084282,0.158179,1.268866,1,1.0,25
1900-01-01 14:46:12.654,0.068187,0.086046,0.158969,1.004836,1,1.0,25
1900-01-01 14:46:13.654,0.06773,0.085148,0.158731,1.344303,1,1.0,25
1900-01-01 14:46:14.654,0.067216,0.084838,0.157711,1.325443,1,1.0,25
1900-01-01 14:46:15.654,0.06794,0.085038,0.159291,1.02841,1,1.0,25
1900-01-01 14:46:16.654,0.067657,0.085452,0.159199,1.03784,1,1.0,25
1900-01-01 14:46:17.654,0.06742,0.084523,0.157803,1.150995,1,1.0,25
1900-01-01 14:46:18.654,0.067951,0.085221,0.15919,1.132136,1,1.0,25
1900-01-01 14:46:19.654,0.067195,0.083961,0.157885,1.04727,1,1.0,25
1900-01-01 14:46:20.654,0.067709,0.08435,0.157141,1.17457,1,1.0,25
1900-01-01 14:46:21.654,0.067058,0.083846,0.157996,1.344303,1,1.0,25
1900-01-01 14:46:22.654,0.067998,0.084854,0.158675,1.188714,1,1.0,25
1900-01-01 14:46:23.654,0.067268,0.085274,0.159126,1.099133,1,1.0,25
1900-01-01 14:46:24.654,0.067226,0.084481,0.157885,1.27358,1,1.0,25
1900-01-01 14:46:25.654,0.067772,0.084471,0.158317,0.872822,1,1.0,25
1900-01-01 14:46:26.654,0.06805,0.085452,0.157812,1.150995,1,1.0,25
1900-01-01 14:46:27.654,0.067814,0.084885,0.159116,1.169855,1,1.0,25
1900-01-01 14:46:28.654,0.067363,0.084896,0.158528,1.188714,1,1.0,25
1900-01-01 14:46:29.654,0.067972,0.085321,0.158032,1.179284,1,1.0,25
1900-01-01 14:46:30.654,0.067609,0.083888,0.157352,1.367877,1,1.0,25
1900-01-01 14:46:31.654,0.067263,0.084497,0.15795,1.193429,1,1.0,25
1900-01-01 14:46:32.654,0.068203,0.085027,0.159116,1.136851,1,1.0,25
1900-01-01 14:46:33.654,0.067447,0.08456,0.15908,1.033125,1,1.0,25
1900-01-01 14:46:34.654,0.068092,0.08541,0.159208,1.349017,1,1.0,25
1900-01-01 14:46:35.654,0.068056,0.086025,0.160201,1.316014,1,1.0,25
1900-01-01 14:46:36.654,0.06773,0.085269,0.158234,0.990692,1,1.0,25
1900-01-01 14:46:37.654,0.067919,0.085269,0.157977,0.990692,1,1.0,25
1900-01-01 14:46:38.654,0.067536,0.085043,0.15908,0.981262,1,1.0,25
1900-01-01 14:46:39.654,0.067877,0.085221,0.158391,1.014266,1,1.0,25
1900-01-01 14:46:40.654,0.067982,0.085484,0.158832,1.245292,1,1.0,25
1900-01-01 14:46:41.654,0.067762,0.08572,0.159374,1.306584,1,1.0,25
1900-01-01 14:46:42.654,0.06688,0.084271,0.158528,1.160425,1,1.0,25
1900-01-01 14:46:43.654,0.067998,0.085983,0.159107,1.080273,1,1.0,25
1900-01-01 14:46:44.654,0.067037,0.085363,0.15874,1.117992,1,1.0,25
1900-01-01 14:46:45.654,0.066901,0.085206,0.158694,1.207573,1,1.0,25
1900-01-01 14:46:46.654,0.067315,0.084098,0.157472,1.117992,1,1.0,25
1900-01-01 14:46:47.654,0.067919,0.085631,0.159521,1.117992,1,1.0,25
1900-01-01 14:46:48.654,0.066827,0.084817,0.158345,1.212288,1,1.0,25
1900-01-01 14:46:49.654,0.067279,0.084465,0.157738,1.150995,1,1.0,25
1900-01-01 14:46:50.654,0.066628,0.085211,0.158602,1.188714,1,1.0,25
1900-01-01 14:46:51.654,0.066932,0.084744,0.157729,1.240577,1,1.0,25
1900-01-01 14:46:52.654,0.067326,0.084822,0.158694,1.051984,1,1.0,25
1900-01-01 14:46:53.654,0.066974,0.084849,0.159061,1.17457,1,1.0,25
1900-01-01 14:46:54.654,0.067084,0.084219,0.158418,0.981262,1,1.0,25
1900-01-01 14:46:55.654,0.067247,0.084051,0.157913,1.27358,1,1.0,25
1900-01-01 14:46:56.654,0.0673,0.084497,0.158391,1.080273,1,1.0,25
1900-01-01 14:46:57.654,0.0672,0.084318,0.157408,1.264151,1,1.0,25
1900-01-01 14:46:58.654,0.067363,0.085641,0.159631,1.000122,1,1.0,25
1900-01-01 14:46:59.654,0.066937,0.084455,0.157619,1.188714,1,1.0,25
1900-01-01 14:47:00.654,0.066638,0.08372,0.157435,1.04727,1,1.0,25
1900-01-01 14:47:01.654,0.066937,0.083625,0.158106,1.183999,1,1.0,25
1900-01-01 14:47:02.654,0.066916,0.084072,0.158133,1.136851,1,1.0,25
1900-01-01 14:47:03.654,0.066985,0.08415,0.158574,1.306584,1,1.0,25
1900-01-01 14:47:04.654,0.066869,0.083478,0.158078,0.943544,1,1.0,25
1900-01-01 14:47:05.654,0.06679,0.08351,0.157849,1.146281,1,1.0,25
1900-01-01 14:47:06.654,0.066617,0.084413,0.158097,1.316014,1,1.0,25
1900-01-01 14:47:07.654,0.066985,0.084528,0.159218,1.29244,1,1.0,25
1900-01-01 14:47:08.654,0.066806,0.084014,0.157885,1.103847,1,1.0,25
1900-01-01 14:47:09.654,0.067678,0.085332,0.159557,1.122707,1,1.0,25
1900-01-01 14:47:10.654,0.066827,0.083263,0.156553,1.344303,1,1.0,25
1900-01-01 14:47:11.654,0.06742,0.084439,0.158262,1.056699,1,1.0,25
1900-01-01 14:47:12.654,0.066958,0.084261,0.157601,0.948259,1,1.0,25
1900-01-01 14:47:13.654,0.067153,0.08414,0.158547,1.202858,1,1.0,25
1900-01-01 14:47:14.654,0.066796,0.084187,0.157665,1.193429,1,1.0,25
1900-01-01 14:47:15.654,0.066733,0.083636,0.157968,1.146281,1,1.0,25
1900-01-01 14:47:16.654,0.067195,0.084234,0.158032,1.240577,1,1.0,25
1900-01-01 14:47:17.654,0.067247,0.083946,0.158354,1.127421,1,1.0,25
1900-01-01 14:47:18.654,0.06637,0.08403,0.157573,1.28301,1,1.0,25
1900-01-01 14:47:19.654,0.066302,0.08394,0.15828,1.188714,1,1.0,25
1900-01-01 14:47:20.654,0.066276,0.083883,0.157307,0.924685,1,1.0,25
1900-01-01 14:47:21.654,0.067636,0.084885,0.159374,1.061414,1,1.0,25
1900-01-01 14:47:22.654,0.067179,0.084864,0.157986,1.349017,1,1.0,25
1900-01-01 14:47:23.654,0.066523,0.083547,0.158051,0.905825,1,1.0,25
1900-01-01 14:47:24.654,0.066208,0.083074,0.157729,1.235862,1,1.0,25
1900-01-01 14:47:25.654,0.067373,0.084177,0.158731,0.948259,1,1.0,25
1900-01-01 14:47:26.654,0.066496,0.084497,0.158666,0.91054,1,1.0,25
1900-01-01 14:47:27.654,0.067699,0.084387,0.158308,1.193429,1,1.0,25
1900-01-01 14:47:28.654,0.067294,0.085116,0.159098,1.245292,1,1.0,25
1900-01-01 14:47:29.654,0.067184,0.084198,0.157307,1.183999,1,1.0,25
1900-01-01 14:47:30.654,0.067478,0.084465,0.158942,0.952974,1,1.0,25
1900-01-01 14:47:31.654,0.066922,0.084093,0.157839,1.179284,1,1.0,25
1900-01-01 14:47:32.654,0.06668,0.083993,0.157601,1.188714,1,1.0,25
1900-01-01 14:47:33.654,0.066775,0.083977,0.158427,1.042555,1,1.0,25
1900-01-01 14:47:34.654,0.067326,0.084581,0.158749,1.061414,1,1.0,25
1900-01-01 14:47:35.654,0.06688,0.084334,0.159208,1.278295,1,1.0,25
1900-01-01 14:47:36.654,0.067321,0.084387,0.159291,1.188714,1,1.0,25
1900-01-01 14:47:37.654,0.066407,0.084376,0.158308,1.009551,1,1.0,25
1900-01-01 14:47:38.654,0.066302,0.083079,0.158097,1.278295,1,1.0,25
1900-01-01 14:47:39.654,0.066806,0.084024,0.157904,1.16514,1,1.0,25
1900-01-01 14:47:40.654,0.06689,0.084329,0.158795,0.957688,1,1.0,25
1900-01-01 14:47:41.654,0.066832,0.083179,0.158179,1.042555,1,1.0,25
1900-01-01 14:47:42.654,0.066391,0.083237,0.158675,1.099133,1,1.0,25
1900-01-01 14:47:43.654,0.066801,0.08362,0.158014,1.212288,1,1.0,25
1900-01-01 14:47:44.654,0.067021,0.08456,0.158721,0.957688,1,1.0,25
1900-01-01 14:47:45.654,0.067084,0.084234,0.158014,1.231147,1,1.0,25
1900-01-01 14:47:46.654,0.067363,0.084387,0.159585,1.301869,1,1.0,25
1900-01-01 14:47:47.654,0.066864,0.084324,0.158299,1.080273,1,1.0,25
1900-01-01 14:47:48.654,0.067216,0.084786,0.1593,1.27358,1,1.0,25
1900-01-01 14:47:49.654,0.067252,0.084271,0.158391,1.254721,1,1.0,25
1900-01-01 14:47:50.654,0.066895,0.083914,0.158189,1.207573,1,1.0,25
1900-01-01 14:47:51.654,0.066544,0.08456,0.159622,0.952974,1,1.0,25
1900-01-01 14:47:52.654,0.067079,0.084602,0.159116,1.080273,1,1.0,25
1900-01-01 14:47:53.654,0.066423,0.083673,0.157536,1.221718,1,1.0,25
1900-01-01 14:47:54.654,0.066586,0.083988,0.159181,1.217003,1,1.0,25
1900-01-01 14:47:55.654,0.066475,0.085169,0.160081,1.297155,1,1.0,25
1900-01-01 14:47:56.654,0.066202,0.083463,0.158106,1.188714,1,1.0,25
1900-01-01 14:47:57.654,0.066643,0.083431,0.158299,1.311299,1,1.0,25
1900-01-01 14:47:58.654,0.066775,0.083956,0.158832,1.108562,1,1.0,25
1900-01-01 14:47:59.654,0.066906,0.084082,0.158786,1.179284,1,1.0,25
1900-01-01 14:48:00.654,0.066649,0.084108,0.15942,1.179284,1,1.0,25
1900-01-01 14:48:01.654,0.066281,0.084481,0.160357,1.042555,1,1.0,25
1900-01-01 14:48:02.654,0.067116,0.084891,0.159337,1.179284,1,1.0,25
1900-01-01 14:48:03.654,0.066717,0.084749,0.159659,1.297155,1,1.0,25
1900-01-01 14:48:04.654,0.066643,0.083909,0.159126,0.943544,1,1.0,25
1900-01-01 14:48:05.654,0.066664,0.084339,0.158133,0.872822,1,1.0,25
1900-01-01 14:48:06.654,0.066255,0.083667,0.158207,1.132136,1,1.0,25
1900-01-01 14:48:07.654,0.067273,0.083473,0.158593,1.160425,1,1.0,25
1900-01-01 14:48:08.654,0.06584,0.083452,0.158198,1.132136,1,1.0,25
1900-01-01 14:48:09.654,0.06699,0.084439,0.159962,1.17457,1,1.0,25
1900-01-01 14:48:10.654,0.06616,0.083631,0.159337,1.221718,1,1.0,25
1900-01-01 14:48:11.654,0.065725,0.083063,0.158446,1.217003,1,1.0,25
1900-01-01 14:48:12.654,0.067137,0.083783,0.158813,0.957688,1,1.0,25
1900-01-01 14:48:13.654,0.066271,0.083174,0.159989,1.160425,1,1.0,25
1900-01-01 14:48:14.654,0.066622,0.083578,0.159576,1.198144,1,1.0,25
1900-01-01 14:48:15.654,0.066155,0.083053,0.159245,1.160425,1,1.0,25
1900-01-01 14:48:16.654,0.067121,0.084366,0.159925,1.334873,1,1.0,25
1900-01-01 14:48:17.654,0.066916,0.084114,0.159374,1.103847,1,1.0,25
1900-01-01 14:48:18.654,0.066376,0.083069,0.158675,1.396165,1,1.0,25
1900-01-01 14:48:19.654,0.066271,0.084093,0.159714,1.03784,1,1.0,25
1900-01-01 14:48:20.654,0.066617,0.084056,0.159034,1.349017,1,1.0,25
1900-01-01 14:48:21.654,0.066675,0.083688,0.159236,1.127421,1,1.0,25
1900-01-01 14:48:22.654,0.066691,0.083615,0.15851,1.287725,1,1.0,25
1900-01-01 14:48:23.654,0.066402,0.083568,0.15885,1.141566,1,1.0,25
1900-01-01 14:48:24.654,0.066092,0.083562,0.158685,1.264151,1,1.0,25
1900-01-01 14:48:25.654,0.066848,0.083872,0.158988,1.278295,1,1.0,25
1900-01-01 14:48:26.654,0.065982,0.083363,0.158143,1.226432,1,1.0,25
1900-01-01 14:48:27.654,0.066475,0.084177,0.159824,1.250006,1,1.0,25
1900-01-01 14:48:28.654,0.066229,0.084534,0.158988,1.023696,1,1.0,25
1900-01-01 14:48:29.654,0.065761,0.08309,0.158363,1.28301,1,1.0,25
1900-01-01 14:48:30.654,0.066444,0.084486,0.158795,0.971833,1,1.0,25
1900-01-01 14:48:31.654,0.066806,0.084003,0.158124,1.306584,1,1.0,25
1900-01-01 14:48:32.654,0.066601,0.084019,0.158703,0.938829,1,1.0,25
1900-01-01 14:48:33.654,0.066071,0.08341,0.158639,0.91054,1,1.0,25
1900-01-01 14:48:34.654,0.06626,0.082953,0.158152,1.27358,1,1.0,25
1900-01-01 14:48:35.654,0.066496,0.082575,0.15817,1.136851,1,1.0,25
1900-01-01 14:48:36.654,0.066638,0.084003,0.158804,0.915255,1,1.0,25
1900-01-01 14:48:37.654,0.066407,0.084565,0.159879,1.212288,1,1.0,25
1900-01-01 14:48:38.654,0.067121,0.084681,0.159061,1.226432,1,1.0,25
1900-01-01 14:48:39.654,0.066759,0.084807,0.159989,1.127421,1,1.0,25
1900-01-01 14:48:40.654,0.066491,0.083315,0.158547,1.056699,1,1.0,25
1900-01-01 14:48:41.654,0.066911,0.084019,0.159502,1.339588,1,1.0,25
1900-01-01 14:48:42.654,0.066418,0.083421,0.159236,1.099133,1,1.0,25
1900-01-01 14:48:43.654,0.067709,0.084376,0.159934,1.254721,1,1.0,25
1900-01-01 14:48:44.654,0.066139,0.084334,0.159649,1.193429,1,1.0,25
1900-01-01 14:48:45.654,0.06657,0.084455,0.159622,1.16514,1,1.0,25
1900-01-01 14:48:46.654,0.066612,0.083835,0.15908,1.386736,1,1.0,25
1900-01-01 14:48:47.654,0.067447,0.083751,0.159162,1.198144,1,1.0,25
1900-01-01 14:48:48.654,0.066523,0.083547,0.159429,1.089703,1,1.0,25
1900-01-01 14:48:49.654,0.066528,0.08456,0.158437,1.221718,1,1.0,25
1900-01-01 14:48:50.654,0.066664,0.083736,0.158124,1.344303,1,1.0,25
1900-01-01 14:48:51.654,0.067993,0.084691,0.159576,1.254721,1,1.0,25
1900-01-01 14:48:52.654,0.066607,0.084108,0.158767,1.29244,1,1.0,25
1900-01-01 14:48:53.654,0.066864,0.084129,0.159475,1.075559,1,1.0,25
1900-01-01 14:48:54.654,0.066239,0.082801,0.157986,1.113277,1,1.0,25
1900-01-01 14:48:55.654,0.067016,0.084318,0.159153,1.042555,1,1.0,25
1900-01-01 14:48:56.654,0.066706,0.084313,0.159585,1.136851,1,1.0,25
1900-01-01 14:48:57.654,0.066533,0.083951,0.159218,1.311299,1,1.0,25
1900-01-01 14:48:58.654,0.066906,0.084413,0.159585,1.004836,1,1.0,25
1900-01-01 14:48:59.654,0.067,0.083898,0.159613,1.301869,1,1.0,25
1900-01-01 14:49:00.654,0.067116,0.084455,0.160531,1.146281,1,1.0,25
1900-01-01 14:49:01.654,0.067237,0.084187,0.159319,1.070844,1,1.0,25
1900-01-01 14:49:02.654,0.067415,0.084702,0.15987,1.089703,1,1.0,25
1900-01-01 14:49:03.654,0.067767,0.085011,0.161174,1.132136,1,1.0,25
1900-01-01 14:49:04.654,0.066754,0.08393,0.15829,1.127421,1,1.0,25
1900-01-01 14:49:05.654,0.067646,0.084544,0.159989,1.089703,1,1.0,25
1900-01-01 14:49:06.654,0.067027,0.084534,0.159631,1.316014,1,1.0,25
1900-01-01 14:49:07.654,0.067142,0.08446,0.159355,1.099133,1,1.0,25
1900-01-01 14:49:08.654,0.066932,0.083683,0.158887,0.971833,1,1.0,25
1900-01-01 14:49:09.654,0.067111,0.083862,0.159245,0.971833,1,1.0,25
1900-01-01 14:49:10.654,0.066339,0.083825,0.159567,1.070844,1,1.0,25
1900-01-01 14:49:11.654,0.066785,0.084817,0.159208,1.018981,1,1.0,25
1900-01-01 14:49:12.654,0.066932,0.08424,0.159539,1.235862,1,1.0,25
1900-01-01 14:49:13.654,0.066717,0.085043,0.159805,1.245292,1,1.0,25
1900-01-01 14:49:14.654,0.067142,0.085363,0.160632,1.179284,1,1.0,25
1900-01-01 14:49:15.654,0.067378,0.084796,0.158924,1.391451,1,1.0,25
1900-01-01 14:49:16.654,0.066927,0.084276,0.158924,1.066129,1,1.0,25
1900-01-01 14:49:17.654,0.06773,0.084387,0.159879,1.330158,1,1.0,25
1900-01-01 14:49:18.654,0.068008,0.085794,0.160936,1.136851,1,1.0,25
1900-01-01 14:49:19.654,0.066475,0.084339,0.159907,1.183999,1,1.0,25
1900-01-01 14:49:20.654,0.067053,0.08436,0.159438,1.051984,1,1.0,25
1900-01-01 14:49:21.654,0.067079,0.084135,0.160265,1.212288,1,1.0,25
1900-01-01 14:49:22.654,0.067168,0.084633,0.159695,1.17457,1,1.0,25
1900-01-01 14:49:23.654,0.067468,0.085305,0.160044,1.094418,1,1.0,25
1900-01-01 14:49:24.654,0.066843,0.084224,0.158694,1.367877,1,1.0,25
1900-01-01 14:49:25.654,0.067756,0.08477,0.159548,1.03784,1,1.0,25
1900-01-01 14:49:26.654,0.067205,0.08382,0.159107,1.344303,1,1.0,25
1900-01-01 14:49:27.654,0.066727,0.083993,0.159824,1.150995,1,1.0,25
1900-01-01 14:49:28.654,0.066407,0.084245,0.159245,1.226432,1,1.0,25
1900-01-01 14:49:29.654,0.066638,0.084849,0.159346,1.320729,1,1.0,25
1900-01-01 14:49:30.654,0.066727,0.084287,0.159392,1.094418,1,1.0,25
1900-01-01 14:49:31.654,0.066964,0.084581,0.159153,1.240577,1,1.0,25
1900-01-01 14:49:32.654,0.067147,0.084192,0.158354,1.278295,1,1.0,25
1900-01-01 14:49:33.654,0.067468,0.084996,0.159723,1.301869,1,1.0,25
1900-01-01 14:49:34.654,0.067158,0.084507,0.15942,1.183999,1,1.0,25
1900-01-01 14:49:35.654,0.066617,0.083636,0.159824,1.268866,1,1.0,25
1900-01-01 14:49:36.654,0.067657,0.084402,0.159971,1.113277,1,1.0,25
1900-01-01 14:49:37.654,0.067431,0.084423,0.159227,1.103847,1,1.0,25
1900-01-01 14:49:38.654,0.068029,0.084896,0.160908,1.259436,1,1.0,25
1900-01-01 14:49:39.654,0.067027,0.085216,0.160531,1.042555,1,1.0,25
1900-01-01 14:49:40.654,0.068029,0.084623,0.160375,1.132136,1,1.0,25
1900-01-01 14:49:41.654,0.067641,0.084502,0.159943,1.207573,1,1.0,25
1900-01-01 14:49:42.654,0.066617,0.083783,0.159107,1.245292,1,1.0,25
1900-01-01 14:49:43.654,0.06784,0.08466,0.159796,1.009551,1,1.0,25
1900-01-01 14:49:44.654,0.06752,0.084093,0.159521,1.28301,1,1.0,25
1900-01-01 14:49:45.654,0.068035,0.084413,0.159089,1.094418,1,1.0,25
1900-01-01 14:49:46.654,0.068166,0.085011,0.160513,1.075559,1,1.0,25
1900-01-01 14:49:47.654,0.066738,0.084098,0.159649,1.042555,1,1.0,25
1900-01-01 14:49:48.654,0.067384,0.084224,0.159539,1.325443,1,1.0,25
1900-01-01 14:49:49.654,0.067011,0.083862,0.159015,1.113277,1,1.0,25
1900-01-01 14:49:50.654,0.067767,0.084166,0.159052,1.297155,1,1.0,25
1900-01-01 14:49:51.654,0.06741,0.084124,0.159365,1.235862,1,1.0,25
1900-01-01 14:49:52.654,0.067599,0.085038,0.160072,0.976548,1,1.0,25
1900-01-01 14:49:53.654,0.067037,0.084628,0.160614,1.094418,1,1.0,25
1900-01-01 14:49:54.654,0.06709,0.084402,0.160485,1.495176,1,1.0,25
1900-01-01 14:49:55.654,0.067237,0.084597,0.159723,1.146281,1,1.0,25
1900-01-01 14:49:56.654,0.068066,0.084843,0.159842,1.240577,1,1.0,25
1900-01-01 14:49:57.654,0.06783,0.084308,0.159502,1.080273,1,1.0,25
1900-01-01 14:49:58.654,0.067426,0.084371,0.159557,1.03784,1,1.0,25
1900-01-01 14:49:59.654,0.067872,0.084843,0.160329,1.117992,1,1.0,25
1900-01-01 14:50:00.654,0.067735,0.085064,0.16043,1.254721,1,1.0,25
1900-01-01 14:50:01.654,0.067751,0.084681,0.159879,1.16514,1,1.0,25
1900-01-01 14:50:02.654,0.066964,0.084313,0.159282,0.995407,1,1.0,25
1900-01-01 14:50:03.654,0.068098,0.085221,0.15964,1.27358,1,1.0,25
1900-01-01 14:50:04.654,0.066591,0.08362,0.15817,1.443314,1,1.0,25
1900-01-01 14:50:05.654,0.067578,0.08478,0.159466,1.108562,1,1.0,25
1900-01-01 14:50:06.654,0.066911,0.083641,0.15896,1.188714,1,1.0,25
1900-01-01 14:50:07.654,0.066958,0.083126,0.158492,1.132136,1,1.0,25
1900-01-01 14:50:08.654,0.067882,0.085242,0.160145,1.023696,1,1.0,25
1900-01-01 14:50:09.654,0.067893,0.084639,0.159787,0.858677,1,1.0,25
1900-01-01 14:50:10.654,0.067179,0.083998,0.159769,1.089703,1,1.0,25
1900-01-01 14:50:11.654,0.068008,0.084959,0.159704,1.03784,1,1.0,25
1900-01-01 14:50:12.654,0.067389,0.084119,0.159539,1.212288,1,1.0,25
1900-01-01 14:50:13.654,0.067336,0.084376,0.159346,0.957688,1,1.0,25
1900-01-01 14:50:14.654,0.067032,0.083872,0.15874,1.179284,1,1.0,25
1900-01-01 14:50:15.654,0.067699,0.085116,0.159907,1.183999,1,1.0,25
1900-01-01 14:50:16.654,0.067741,0.084733,0.158951,1.188714,1,1.0,25
1900-01-01 14:50:17.654,0.068297,0.084969,0.159952,1.259436,1,1.0,25
1900-01-01 14:50:18.654,0.067935,0.08435,0.160256,1.122707,1,1.0,25
1900-01-01 14:50:19.654,0.068161,0.084544,0.159649,1.358447,1,1.0,25
1900-01-01 14:50:20.654,0.067804,0.083363,0.158611,1.066129,1,1.0,25
1900-01-01 14:50:21.654,0.068402,0.085017,0.159695,1.202858,1,1.0,25
1900-01-01 14:50:22.654,0.068418,0.085227,0.160182,0.995407,1,1.0,25
1900-01-01 14:50:23.654,0.067867,0.084775,0.159144,0.820959,1,1.0,25
1900-01-01 14:50:24.654,0.068119,0.084628,0.159172,1.268866,1,1.0,25
1900-01-01 14:50:25.654,0.067819,0.084507,0.160403,0.967118,1,1.0,25
1900-01-01 14:50:26.654,0.068402,0.085563,0.16066,1.193429,1,1.0,25
1900-01-01 14:50:27.654,0.067903,0.085111,0.159631,0.929399,1,1.0,25
1900-01-01 14:50:28.654,0.068402,0.084843,0.160127,1.127421,1,1.0,25
1900-01-01 14:50:29.654,0.067363,0.084434,0.158914,1.051984,1,1.0,25
1900-01-01 14:50:30.654,0.068497,0.085195,0.160403,1.160425,1,1.0,25
1900-01-01 14:50:31.654,0.068124,0.085048,0.160623,1.014266,1,1.0,25
1900-01-01 14:50:32.654,0.068581,0.085116,0.160522,1.386736,1,1.0,25
1900-01-01 14:50:33.654,0.068891,0.085132,0.159557,1.377306,1,1.0,25
1900-01-01 14:50:34.654,0.068817,0.085899,0.161046,1.132136,1,1.0,25
1900-01-01 14:50:35.654,0.068754,0.085153,0.16055,1.014266,1,1.0,25
1900-01-01 14:50:36.654,0.069116,0.086812,0.161422,1.094418,1,1.0,25
1900-01-01 14:50:37.654,0.067515,0.083883,0.158574,1.311299,1,1.0,25
1900-01-01 14:50:38.654,0.068407,0.086256,0.160283,1.127421,1,1.0,25
1900-01-01 14:50:39.654,0.068586,0.086361,0.162084,1.183999,1,1.0,25
1900-01-01 14:50:40.654,0.068155,0.085867,0.160991,1.169855,1,1.0,25
1900-01-01 14:50:41.654,0.068113,0.085515,0.160283,1.089703,1,1.0,25
1900-01-01 14:50:42.654,0.068633,0.086114,0.161193,1.334873,1,1.0,25
1900-01-01 14:50:43.654,0.068644,0.08645,0.161615,1.193429,1,1.0,25
1900-01-01 14:50:44.654,0.068308,0.085274,0.159282,1.198144,1,1.0,25
1900-01-01 14:50:45.654,0.069101,0.086308,0.160109,1.02841,1,1.0,25
1900-01-01 14:50:46.654,0.06731,0.085179,0.159438,1.051984,1,1.0,25
1900-01-01 14:50:47.654,0.068723,0.085437,0.159337,1.344303,1,1.0,25
1900-01-01 14:50:48.654,0.068313,0.086376,0.161248,1.04727,1,1.0,25
1900-01-01 14:50:49.654,0.067893,0.0853,0.160256,1.02841,1,1.0,25
1900-01-01 14:50:50.654,0.068155,0.085337,0.159346,1.198144,1,1.0,25
1900-01-01 14:50:51.654,0.0673,0.084171,0.158758,1.221718,1,1.0,25
1900-01-01 14:50:52.654,0.068744,0.085972,0.160687,1.29244,1,1.0,25
1900-01-01 14:50:53.654,0.067578,0.085368,0.160081,1.264151,1,1.0,25
1900-01-01 14:50:54.654,0.068681,0.086308,0.159649,1.014266,1,1.0,25
1900-01-01 14:50:55.654,0.06847,0.086224,0.160761,1.306584,1,1.0,25
1900-01-01 14:50:56.654,0.068817,0.086334,0.160577,1.188714,1,1.0,25
1900-01-01 14:50:57.654,0.067851,0.084954,0.158152,1.198144,1,1.0,25
1900-01-01 14:50:58.654,0.06888,0.086718,0.160504,1.014266,1,1.0,25
1900-01-01 14:50:59.654,0.068229,0.085683,0.15953,1.28301,1,1.0,25
1900-01-01 14:51:00.654,0.068544,0.085673,0.158749,0.971833,1,1.0,25
1900-01-01 14:51:01.654,0.068649,0.086587,0.160439,1.363162,1,1.0,25
1900-01-01 14:51:02.654,0.068896,0.085694,0.159934,0.905825,1,1.0,25
1900-01-01 14:51:03.654,0.068843,0.086487,0.16021,1.160425,1,1.0,25
1900-01-01 14:51:04.654,0.068082,0.085258,0.159732,1.325443,1,1.0,25
1900-01-01 14:51:05.654,0.068066,0.085804,0.159769,1.551754,1,1.0,25
1900-01-01 14:51:06.654,0.068365,0.085563,0.159456,1.268866,1,1.0,25
1900-01-01 14:51:07.654,0.067846,0.084675,0.158574,1.207573,1,1.0,25
1900-01-01 14:51:08.654,0.069227,0.085536,0.160191,1.264151,1,1.0,25
1900-01-01 14:51:09.654,0.06826,0.08551,0.159971,1.108562,1,1.0,25
1900-01-01 14:51:10.654,0.068439,0.086208,0.161083,1.056699,1,1.0,25
1900-01-01 14:51:11.654,0.068817,0.085631,0.15919,1.301869,1,1.0,25
1900-01-01 14:51:12.654,0.06878,0.086439,0.160292,1.27358,1,1.0,25
1900-01-01 14:51:13.654,0.068423,0.08571,0.159925,0.929399,1,1.0,25
1900-01-01 14:51:14.654,0.068859,0.086902,0.161468,1.122707,1,1.0,25
1900-01-01 14:51:15.654,0.069116,0.086629,0.16122,1.245292,1,1.0,25
1900-01-01 14:51:16.654,0.069347,0.086954,0.161478,1.207573,1,1.0,25
1900-01-01 14:51:17.654,0.068365,0.085626,0.159567,1.179284,1,1.0,25
1900-01-01 14:51:18.654,0.069458,0.087269,0.16021,1.325443,1,1.0,25
1900-01-01 14:51:19.654,0.068302,0.086434,0.160191,1.136851,1,1.0,25
1900-01-01 14:51:20.654,0.068071,0.085064,0.159493,0.990692,1,1.0,25
1900-01-01 14:51:21.654,0.068906,0.08624,0.15964,1.16514,1,1.0,25
1900-01-01 14:51:22.654,0.06919,0.086518,0.161055,0.976548,1,1.0,25
1900-01-01 14:51:23.654,0.068544,0.085946,0.159952,1.084988,1,1.0,25
1900-01-01 14:51:24.654,0.068744,0.086466,0.161441,1.221718,1,1.0,25
1900-01-01 14:51:25.654,0.069148,0.086476,0.160155,0.962403,1,1.0,25
1900-01-01 14:51:26.654,0.069248,0.085347,0.159769,1.452743,1,1.0,25
1900-01-01 14:51:27.654,0.069342,0.087274,0.160256,0.91997,1,1.0,25
1900-01-01 14:51:28.654,0.068308,0.085673,0.160044,0.91997,1,1.0,25
1900-01-01 14:51:29.654,0.06898,0.085836,0.159741,1.28301,1,1.0,25
1900-01-01 14:51:30.654,0.069116,0.086949,0.161331,1.231147,1,1.0,25
1900-01-01 14:51:31.654,0.068197,0.085526,0.15953,1.056699,1,1.0,25
1900-01-01 14:51:32.654,0.069405,0.086403,0.160201,1.103847,1,1.0,25
1900-01-01 14:51:33.654,0.069059,0.086371,0.159805,1.448028,1,1.0,25
1900-01-01 14:51:34.654,0.068969,0.085804,0.158988,1.150995,1,1.0,25
1900-01-01 14:51:35.654,0.068554,0.085941,0.160136,1.240577,1,1.0,25
1900-01-01 14:51:36.654,0.068927,0.085652,0.15975,1.15571,1,1.0,25
1900-01-01 14:51:37.654,0.068933,0.086177,0.160283,1.16514,1,1.0,25
1900-01-01 14:51:38.654,0.06847,0.086539,0.160761,1.099133,1,1.0,25
1900-01-01 14:51:39.654,0.068875,0.086376,0.160458,0.929399,1,1.0,25
1900-01-01 14:51:40.654,0.069605,0.086371,0.161266,1.009551,1,1.0,25
1900-01-01 14:51:41.654,0.069405,0.08666,0.160697,1.245292,1,1.0,25
1900-01-01 14:51:42.654,0.069573,0.086166,0.160687,1.259436,1,1.0,25
1900-01-01 14:51:43.654,0.069116,0.086303,0.160752,1.183999,1,1.0,25
1900-01-01 14:51:44.654,0.068875,0.085941,0.159824,1.16514,1,1.0,25
1900-01-01 14:51:45.654,0.069594,0.08707,0.161487,1.367877,1,1.0,25
1900-01-01 14:51:46.654,0.068355,0.08634,0.16111,0.872822,1,1.0,25
1900-01-01 14:51:47.654,0.069584,0.086812,0.160733,1.122707,1,1.0,25
1900-01-01 14:51:48.654,0.069809,0.087259,0.160991,1.160425,1,1.0,25
1900-01-01 14:51:49.654,0.068465,0.085767,0.159851,1.311299,1,1.0,25
1900-01-01 14:51:50.654,0.068964,0.086671,0.16179,1.202858,1,1.0,25
1900-01-01 14:51:51.654,0.069458,0.085983,0.159502,0.981262,1,1.0,25
1900-01-01 14:51:52.654,0.068817,0.086545,0.160706,1.094418,1,1.0,25
1900-01-01 14:51:53.654,0.069725,0.087537,0.161027,1.066129,1,1.0,25
1900-01-01 14:51:54.654,0.069137,0.086513,0.15941,1.117992,1,1.0,25
1900-01-01 14:51:55.654,0.06878,0.085274,0.158198,0.877537,1,1.0,25
1900-01-01 14:51:56.654,0.069699,0.086119,0.160789,0.990692,1,1.0,25
1900-01-01 14:51:57.654,0.068996,0.086418,0.159686,1.103847,1,1.0,25
1900-01-01 14:51:58.654,0.069169,0.086077,0.159805,0.868107,1,1.0,25
1900-01-01 14:51:59.654,0.068885,0.086198,0.160485,1.245292,1,1.0,25
1900-01-01 14:52:00.654,0.07003,0.086702,0.161156,1.15571,1,1.0,25
1900-01-01 14:52:01.654,0.069599,0.087148,0.160412,1.17457,1,1.0,25
1900-01-01 14:52:02.654,0.068975,0.086765,0.160384,1.188714,1,1.0,25
1900-01-01 14:52:03.654,0.068728,0.086397,0.159512,1.27358,1,1.0,25
1900-01-01 14:52:04.654,0.070271,0.086749,0.160568,1.014266,1,1.0,25
1900-01-01 14:52:05.654,0.068849,0.08676,0.16089,1.132136,1,1.0,25
1900-01-01 14:52:06.654,0.069106,0.086518,0.160008,1.287725,1,1.0,25
1900-01-01 14:52:07.654,0.068948,0.086397,0.160338,1.051984,1,1.0,25
1900-01-01 14:52:08.654,0.069137,0.086502,0.160191,1.193429,1,1.0,25
1900-01-01 14:52:09.654,0.068954,0.086434,0.160605,1.457458,1,1.0,25
1900-01-01 14:52:10.654,0.069925,0.087453,0.161092,1.226432,1,1.0,25
1900-01-01 14:52:11.654,0.069636,0.086292,0.159263,0.934114,1,1.0,25
1900-01-01 14:52:12.654,0.069505,0.08604,0.158666,1.146281,1,1.0,25
1900-01-01 14:52:13.654,0.070151,0.087857,0.160513,1.009551,1,1.0,25
1900-01-01 14:52:14.654,0.069074,0.086713,0.160155,1.183999,1,1.0,25
1900-01-01 14:52:15.654,0.068838,0.086261,0.15987,1.259436,1,1.0,25
1900-01-01 14:52:16.654,0.068943,0.086177,0.159208,1.325443,1,1.0,25
1900-01-01 14:52:17.654,0.0695,0.086534,0.159631,0.938829,1,1.0,25
1900-01-01 14:52:18.654,0.070329,0.087101,0.160099,1.099133,1,1.0,25
1900-01-01 14:52:19.654,0.069363,0.086665,0.160044,1.04727,1,1.0,25
1900-01-01 14:52:20.654,0.069148,0.085809,0.159466,1.141566,1,1.0,25
1900-01-01 14:52:21.654,0.06919,0.086114,0.160173,1.169855,1,1.0,25
1900-01-01 14:52:22.654,0.069767,0.087222,0.160945,1.198144,1,1.0,25
1900-01-01 14:52:23.654,0.070004,0.086938,0.16156,1.344303,1,1.0,25
1900-01-01 14:52:24.654,0.069368,0.087185,0.160605,1.150995,1,1.0,25
1900-01-01 14:52:25.654,0.069447,0.087043,0.160393,1.070844,1,1.0,25
1900-01-01 14:52:26.654,0.070576,0.088125,0.161193,1.316014,1,1.0,25
1900-01-01 14:52:27.654,0.070235,0.087411,0.160651,1.198144,1,1.0,25
1900-01-01 14:52:28.654,0.069904,0.087033,0.160476,1.16514,1,1.0,25
1900-01-01 14:52:29.654,0.069689,0.08677,0.159714,1.014266,1,1.0,25
1900-01-01 14:52:30.654,0.070749,0.087553,0.160568,1.033125,1,1.0,25
1900-01-01 14:52:31.654,0.070571,0.087001,0.161257,0.905825,1,1.0,25
1900-01-01 14:52:32.654,0.07088,0.087091,0.159916,1.061414,1,1.0,25
1900-01-01 14:52:33.654,0.070219,0.087841,0.161487,1.330158,1,1.0,25
1900-01-01 14:52:34.654,0.069815,0.086581,0.159273,1.160425,1,1.0,25
1900-01-01 14:52:35.654,0.070634,0.08749,0.161037,1.122707,1,1.0,25
1900-01-01 14:52:36.654,0.069909,0.086728,0.160054,1.136851,1,1.0,25
1900-01-01 14:52:37.654,0.070177,0.087038,0.161018,1.023696,1,1.0,25
1900-01-01 14:52:38.654,0.070245,0.087668,0.161873,1.089703,1,1.0,25
1900-01-01 14:52:39.654,0.071111,0.087217,0.160586,1.146281,1,1.0,25
1900-01-01 14:52:40.654,0.070392,0.087385,0.161459,1.009551,1,1.0,25
1900-01-01 14:52:41.654,0.069962,0.086203,0.160035,1.424454,1,1.0,25
1900-01-01 14:52:42.654,0.071027,0.087705,0.161009,1.023696,1,1.0,25
1900-01-01 14:52:43.654,0.070124,0.087721,0.161432,1.311299,1,1.0,25
1900-01-01 14:52:44.654,0.070513,0.086481,0.160008,0.901111,1,1.0,25
1900-01-01 14:52:45.654,0.069872,0.08634,0.160054,1.217003,1,1.0,25
1900-01-01 14:52:46.654,0.070308,0.086749,0.16066,1.382021,1,1.0,25
1900-01-01 14:52:47.654,0.070644,0.087353,0.16145,1.240577,1,1.0,25
1900-01-01 14:52:48.654,0.071153,0.087815,0.161377,1.160425,1,1.0,25
1900-01-01 14:52:49.654,0.06983,0.0875,0.160219,1.198144,1,1.0,25
1900-01-01 14:52:50.654,0.071552,0.088839,0.16179,1.080273,1,1.0,25
1900-01-01 14:52:51.654,0.07109,0.087689,0.162112,1.122707,1,1.0,25
1900-01-01 14:52:52.654,0.070775,0.087154,0.160182,0.825674,1,1.0,25
1900-01-01 14:52:53.654,0.070613,0.08676,0.159741,1.349017,1,1.0,25
1900-01-01 14:52:54.654,0.070592,0.087542,0.160605,1.179284,1,1.0,25
1900-01-01 14:52:55.654,0.07014,0.086749,0.159796,1.02841,1,1.0,25
1900-01-01 14:52:56.654,0.070928,0.087563,0.161533,1.061414,1,1.0,25
1900-01-01 14:52:57.654,0.071232,0.087647,0.160256,1.217003,1,1.0,25
1900-01-01 14:52:58.654,0.071111,0.087631,0.161331,1.334873,1,1.0,25
1900-01-01 14:52:59.654,0.071159,0.088314,0.161266,1.207573,1,1.0,25
1900-01-01 14:53:00.654,0.071663,0.087857,0.161487,1.240577,1,1.0,25
1900-01-01 14:53:01.654,0.070466,0.087337,0.160063,1.127421,1,1.0,25
1900-01-01 14:53:02.654,0.070959,0.087957,0.16089,1.17457,1,1.0,25
1900-01-01 14:53:03.654,0.071043,0.087568,0.160862,1.113277,1,1.0,25
1900-01-01 14:53:04.654,0.072408,0.088141,0.161873,1.499891,1,1.0,25
1900-01-01 14:53:05.654,0.072319,0.088849,0.162231,0.915255,1,1.0,25
1900-01-01 14:53:06.654,0.071825,0.087736,0.160513,1.04727,1,1.0,25
1900-01-01 14:53:07.654,0.072114,0.088487,0.161257,1.169855,1,1.0,25
1900-01-01 14:53:08.654,0.071846,0.087574,0.160265,1.075559,1,1.0,25
1900-01-01 14:53:09.654,0.072429,0.088335,0.161055,1.141566,1,1.0,25
1900-01-01 14:53:10.654,0.071054,0.088078,0.160779,1.009551,1,1.0,25
1900-01-01 14:53:11.654,0.07202,0.08834,0.160265,0.962403,1,1.0,25
1900-01-01 14:53:12.654,0.072067,0.087868,0.160761,1.245292,1,1.0,25
1900-01-01 14:53:13.654,0.072771,0.089422,0.163012,0.985977,1,1.0,25
1900-01-01 14:53:14.654,0.071227,0.087794,0.160531,1.169855,1,1.0,25
1900-01-01 14:53:15.654,0.071043,0.086854,0.159824,1.254721,1,1.0,25
1900-01-01 14:53:16.654,0.072014,0.089201,0.16156,1.207573,1,1.0,25
1900-01-01 14:53:17.654,0.071274,0.087185,0.16021,1.254721,1,1.0,25
1900-01-01 14:53:18.654,0.071437,0.087238,0.159649,1.056699,1,1.0,25
1900-01-01 14:53:19.654,0.071201,0.088382,0.16145,1.349017,1,1.0,25
1900-01-01 14:53:20.654,0.070812,0.087085,0.160017,1.108562,1,1.0,25
1900-01-01 14:53:21.654,0.072319,0.088786,0.161,1.169855,1,1.0,25
1900-01-01 14:53:22.654,0.07223,0.08803,0.160366,1.136851,1,1.0,25
1900-01-01 14:53:23.654,0.072167,0.08802,0.160972,1.193429,1,1.0,25
1900-01-01 14:53:24.654,0.071705,0.087495,0.160743,1.15571,1,1.0,25
1900-01-01 14:53:25.654,0.072996,0.089164,0.161873,1.334873,1,1.0,25
1900-01-01 14:53:26.654,0.071411,0.088933,0.161524,1.217003,1,1.0,25
1900-01-01 14:53:27.654,0.072272,0.088156,0.160393,1.16514,1,1.0,25
1900-01-01 14:53:28.654,0.073049,0.088666,0.160807,0.985977,1,1.0,25
1900-01-01 14:53:29.654,0.072492,0.088771,0.161441,1.141566,1,1.0,25
1900-01-01 14:53:30.654,0.073107,0.088576,0.162249,1.29244,1,1.0,25
1900-01-01 14:53:31.654,0.072056,0.088036,0.161092,1.084988,1,1.0,25
1900-01-01 14:53:32.654,0.073332,0.088807,0.160458,1.268866,1,1.0,25
1900-01-01 14:53:33.654,0.073248,0.088918,0.161312,1.179284,1,1.0,25
1900-01-01 14:53:34.654,0.074398,0.088524,0.160908,1.113277,1,1.0,25
1900-01-01 14:53:35.654,0.074025,0.088818,0.160871,1.061414,1,1.0,25
1900-01-01 14:53:36.654,0.072744,0.088729,0.162029,1.250006,1,1.0,25
1900-01-01 14:53:37.654,0.074393,0.090356,0.162543,1.042555,1,1.0,25
1900-01-01 14:53:38.654,0.074246,0.089033,0.16089,1.202858,1,1.0,25
1900-01-01 14:53:39.654,0.074624,0.089128,0.161413,1.250006,1,1.0,25
1900-01-01 14:53:40.654,0.073836,0.088041,0.159879,0.868107,1,1.0,25
1900-01-01 14:53:41.654,0.073758,0.086954,0.159594,1.268866,1,1.0,25
1900-01-01 14:53:42.654,0.074099,0.088093,0.160917,1.056699,1,1.0,25
1900-01-01 14:53:43.654,0.073842,0.088345,0.160044,1.226432,1,1.0,25
1900-01-01 14:53:44.654,0.074246,0.088246,0.160274,1.113277,1,1.0,25
1900-01-01 14:53:45.654,0.075075,0.08782,0.159989,1.169855,1,1.0,25
1900-01-01 14:53:46.654,0.075774,0.087626,0.160724,1.108562,1,1.0,25
1900-01-01 14:53:47.654,0.07496,0.086807,0.160651,1.169855,1,1.0,25
1900-01-01 14:53:48.654,0.074913,0.087563,0.161753,1.132136,1,1.0,25
1900-01-01 14:53:49.654,0.07506,0.085552,0.159769,0.938829,1,1.0,25
1900-01-01 14:53:50.654,0.074067,0.084334,0.159787,1.353732,1,1.0,25
1900-01-01 14:53:51.654,0.075937,0.083447,0.158106,1.226432,1,1.0,25
1900-01-01 14:53:52.654,0.074178,0.085347,0.157839,1.27358,0,1.0,25
1900-01-01 14:53:53.654,0.07349,0.083982,0.156167,1.084988,0,1.0,25
1900-01-01 14:53:54.654,0.072503,0.082638,0.1541,1.377306,0,1.0,25
1900-01-01 14:53:55.654,0.070838,0.080118,0.150352,0.952974,0,1.0,25
1900-01-01 14:53:56.654,0.06971,0.078648,0.146925,0.868107,0,1.0,25
1900-01-01 14:53:57.654,0.068255,0.07691,0.143158,1.004836,0,1.0,25
1900-01-01 14:53:58.654,0.066208,0.074511,0.138482,1.268866,0,1.0,25
1900-01-01 14:53:59.654,0.064701,0.072127,0.13454,1.160425,0,1.0,25
1900-01-01 14:54:00.654,0.063068,0.070158,0.131784,1.014266,0,1.0,25
1900-01-01 14:54:01.654,0.063577,0.07041,0.131233,1.000122,0,1.0,25
1900-01-01 14:54:02.654,0.062559,0.068977,0.130342,1.287725,0,1.0,25
1900-01-01 14:54:03.654,0.062522,0.069428,0.130066,1.02841,0,1.0,25
1900-01-01 14:54:04.654,0.062637,0.069108,0.129883,1.29244,0,1.0,25
1900-01-01 14:54:05.654,0.062748,0.069439,0.129368,1.264151,0,1.0,25
1900-01-01 14:54:06.654,0.062364,0.068919,0.129377,1.122707,0,1.0,25
1900-01-01 14:54:07.654,0.062354,0.068079,0.128909,1.415025,0,1.0,25
1900-01-01 14:54:08.654,0.063057,0.06979,0.129074,1.094418,0,1.0,25
1900-01-01 14:54:09.654,0.06207,0.069276,0.129267,1.235862,0,1.0,25
1900-01-01 14:54:10.654,0.062244,0.068614,0.128606,0.962403,0,1.0,25
1900-01-01 14:54:11.654,0.06353,0.069297,0.128854,1.018981,0,1.0,25
1900-01-01 14:54:12.654,0.062249,0.068824,0.129579,1.056699,0,1.0,25
1900-01-01 14:54:13.654,0.062459,0.068746,0.128541,1.080273,0,1.0,25
1900-01-01 14:54:14.654,0.062501,0.068336,0.128339,1.117992,0,1.0,25
1900-01-01 14:54:15.654,0.061913,0.067963,0.127898,1.316014,0,1.0,25
1900-01-01 14:54:16.654,0.061803,0.067727,0.127797,1.254721,0,1.0,25
1900-01-01 14:54:17.654,0.062574,0.068819,0.128357,1.04727,0,1.0,25
1900-01-01 14:54:18.654,0.062385,0.068268,0.12833,1.084988,0,1.0,25
1900-01-01 14:54:19.654,0.062643,0.068919,0.128376,1.443314,0,1.0,25
1900-01-01 14:54:20.654,0.062632,0.068929,0.128183,1.344303,0,1.0,25
1900-01-01 14:54:21.654,0.062291,0.067937,0.127972,0.990692,0,1.0,25
1900-01-01 14:54:22.654,0.062443,0.068441,0.12765,1.179284,0,1.0,25
1900-01-01 14:54:23.654,0.061892,0.068058,0.127567,1.17457,0,1.0,25
1900-01-01 14:54:24.654,0.062595,0.068856,0.127319,1.023696,0,1.0,25
1900-01-01 14:54:25.654,0.062737,0.068704,0.127246,0.896396,0,1.0,25
1900-01-01 14:54:26.654,0.06206,0.067816,0.127283,1.084988,0,1.0,25
1900-01-01 14:54:27.654,0.06196,0.068441,0.127448,1.231147,0,1.0,25
1900-01-01 14:54:28.654,0.062286,0.068173,0.126989,0.985977,0,1.0,25
1900-01-01 14:54:29.654,0.061761,0.067538,0.127071,1.033125,0,1.0,25
1900-01-01 14:54:30.654,0.062039,0.068184,0.127558,1.056699,0,1.0,25
1900-01-01 14:54:31.654,0.062139,0.067921,0.127356,1.03784,0,1.0,25
1900-01-01 14:54:32.654,0.062737,0.068236,0.126906,1.136851,0,1.0,25
1900-01-01 14:54:33.654,0.062585,0.067659,0.126897,1.207573,0,1.0,25
1900-01-01 14:54:34.654,0.062496,0.068158,0.126722,1.504606,0,1.0,25
1900-01-01 14:54:35.654,0.061997,0.068158,0.126777,1.259436,0,1.0,25
1900-01-01 14:54:36.654,0.062217,0.067774,0.12709,1.066129,0,1.0,25
1900-01-01 14:54:37.654,0.061986,0.068252,0.126676,1.259436,0,1.0,25
1900-01-01 14:54:38.654,0.06206,0.067596,0.126998,1.089703,0,1.0,25
1900-01-01 14:54:39.654,0.062485,0.068273,0.127016,1.051984,0,1.0,25
1900-01-01 14:54:40.654,0.063399,0.069664,0.130094,1.311299,0,1.0,25
1900-01-01 14:54:41.654,0.064926,0.070851,0.132767,1.04727,0,1.0,25
1900-01-01 14:54:42.654,0.069956,0.077488,0.142956,1.084988,0,1.0,25
1900-01-01 14:54:43.654,0.07979,0.090104,0.170058,1.443314,0,1.0,25
1900-01-01 14:54:44.654,0.110158,0.132333,0.244384,1.330158,0,1.0,25
1900-01-01 14:54:45.654,0.156598,0.19411,0.354355,1.198144,0,1.0,25
1900-01-01 14:54:46.654,0.223671,0.276505,0.489665,1.150995,0,1.0,25
1900-01-01 14:54:47.654,0.278874,0.4585,0.724566,1.02841,0,1.0,25
1900-01-01 14:54:48.654,0.242415,1.008497,1.211271,1.15571,0,1.0,25
1900-01-01 14:54:49.654,0.279829,0.99903,1.249361,0.929399,0,1.0,25
1900-01-01 14:54:50.654,0.308911,0.98907,1.243537,0.990692,0,1.0,25
1900-01-01 14:54:51.654,0.334921,0.993953,1.256077,1.018981,0,1.0,25
1900-01-01 14:54:52.654,0.363037,1.021066,1.294416,1.136851,0,1.0,25
1900-01-01 14:54:53.654,0.400814,1.083205,1.380647,1.075559,0,1.0,25
1900-01-01 14:54:54.654,0.457066,1.192361,1.518006,0.981262,0,1.0,25
1900-01-01 14:54:55.654,0.519682,1.268492,1.609098,1.117992,0,1.0,25
1900-01-01 14:54:56.654,0.542211,1.258364,1.604027,1.04727,0,1.0,25
1900-01-01 14:54:57.654,0.549368,1.230736,1.573461,1.235862,0,1.0,25
1900-01-01 14:54:58.654,0.55161,1.20901,1.552551,1.169855,0,1.0,25
1900-01-01 14:54:59.654,0.556466,1.200494,1.550006,1.367877,0,1.0,25
1900-01-01 14:55:00.654,0.56138,1.193112,1.544135,1.084988,0,1.0,25
1900-01-01 14:55:01.654,0.563874,1.180847,1.534461,1.29244,0,1.0,25
1900-01-01 14:55:02.654,0.569314,1.174625,1.53232,1.169855,0,1.0,25
1900-01-01 14:55:03.654,0.574701,1.166734,1.526964,1.207573,0,1.0,25
1900-01-01 14:55:04.654,0.583621,1.166429,1.530437,0.849248,0,1.0,25
1900-01-01 14:55:05.654,0.586215,1.155797,1.520707,1.287725,0,1.0,25
1900-01-01 14:55:06.654,0.590436,1.146467,1.512779,1.160425,0,1.0,25
1900-01-01 14:55:07.654,0.594663,1.140303,1.509444,0.811529,0,1.0,25
1900-01-01 14:55:08.654,0.593056,1.120698,1.486127,1.122707,0,1.0,25
1900-01-01 14:55:09.654,0.583175,1.084659,1.441715,1.485747,0,1.0,25
1900-01-01 14:55:10.654,0.56022,1.0287,1.366563,0.948259,0,1.0,25
1900-01-01 14:55:11.654,0.503117,0.910287,1.210977,1.17457,0,1.0,25
1900-01-01 14:55:12.654,0.452414,0.809831,1.082539,1.04727,0,1.0,25
1900-01-01 14:55:13.654,0.383545,0.670832,0.89205,1.051984,0,1.0,25
1900-01-01 14:55:14.654,0.301508,0.513361,0.687449,1.080273,0,1.0,25
1900-01-01 14:55:15.654,0.230177,0.377402,0.509538,1.146281,0,1.0,25
1900-01-01 14:55:16.654,0.148077,0.224389,0.310348,1.061414,0,1.0,25
1900-01-01 14:55:17.654,0.124119,0.182795,0.270733,1.15571,0,1.0,25
1900-01-01 14:55:18.654,0.117987,0.171008,0.257457,0.924685,0,1.0,25
1900-01-01 14:55:19.654,0.088291,0.118703,0.184565,1.198144,0,1.0,25
1900-01-01 14:55:20.654,0.061183,0.071276,0.127889,1.094418,0,1.0,25
1900-01-01 14:55:21.654,0.053171,0.058518,0.112326,1.094418,0,1.0,25
1900-01-01 14:55:22.654,0.050761,0.055236,0.108247,1.183999,0,1.0,25
1900-01-01 14:55:23.654,0.050919,0.055394,0.109321,1.16514,0,1.0,25
1900-01-01 14:55:24.654,0.050614,0.054722,0.108054,1.179284,0,1.0,25
1900-01-01 14:55:25.654,0.051186,0.054727,0.108669,1.117992,0,1.0,25
1900-01-01 14:55:26.654,0.051066,0.055373,0.108954,1.04727,0,1.0,25
1900-01-01 14:55:27.654,0.051034,0.055389,0.108945,1.15571,0,1.0,25
1900-01-01 14:55:28.654,0.051501,0.05563,0.109634,1.103847,0,1.0,25
1900-01-01 14:55:29.654,0.050782,0.054926,0.108605,1.141566,0,1.0,25
1900-01-01 14:55:30.654,0.05105,0.055347,0.109248,1.108562,0,1.0,25
1900-01-01 14:55:31.654,0.051396,0.055357,0.109156,1.084988,0,1.0,25
1900-01-01 14:55:32.654,0.050892,0.055383,0.109358,1.004836,0,1.0,25
1900-01-01 14:55:33.654,0.051984,0.055872,0.110084,1.207573,0,1.0,25
1900-01-01 14:55:34.654,0.050871,0.055095,0.108522,1.15571,0,1.0,25
1900-01-01 14:55:35.654,0.051055,0.055179,0.109184,1.146281,0,1.0,25
1900-01-01 14:55:36.654,0.051549,0.055347,0.109275,1.127421,0,1.0,25
1900-01-01 14:55:37.654,0.050845,0.055284,0.108761,1.226432,0,1.0,25
