Time,Temperature TS outlet (Mean),Temperature TS inlet (Mean),Bypass temperature (Mean),Tank temperature (Mean),TS outlet pressure (Mean),TS inlet pressure (Mean),Pump outlet pressure (Mean),Flow rate (Mean),Plug,Plug_future,LogId
1900-01-01 13:55:39.663,21.99962,-2.009256,24.05135,-2.157328,0.354064,0.366056,0.646015,0.622937,0,0.0,10
1900-01-01 13:55:40.663,21.992532,-2.00755,24.04833,-2.145516,0.354553,0.366539,0.646474,1.042555,0,0.0,10
1900-01-01 13:55:41.663,21.996995,-2.005187,24.044261,-2.144203,0.354437,0.365835,0.64595,0.740807,0,0.0,10
1900-01-01 13:55:42.663,21.989644,-2.004662,24.046624,-2.144203,0.354327,0.365914,0.6464,1.16514,0,0.0,10
1900-01-01 13:55:43.663,21.976124,-2.009256,24.031921,-2.14906,0.354642,0.365273,0.646134,0.886966,0,0.0,10
1900-01-01 13:55:44.663,21.993713,-2.001512,24.039666,-2.143678,0.353529,0.3653,0.645969,0.825674,0,0.0,10
1900-01-01 13:55:45.663,21.977306,-1.999018,24.027195,-2.138166,0.354295,0.366045,0.64606,0.66537,0,0.0,10
1900-01-01 13:55:46.663,21.981506,-2.0086,24.029952,-2.132916,0.354154,0.365657,0.646253,0.608793,0,0.0,10
1900-01-01 13:55:47.663,21.9861,-1.999018,24.032971,-2.135804,0.354012,0.365777,0.645923,0.924685,0,0.0,10
1900-01-01 13:55:48.663,21.970743,-1.99915,24.026145,-2.131997,0.353429,0.365798,0.645794,0.877537,0,0.0,10
1900-01-01 13:55:49.663,21.998176,-1.983005,24.035859,-2.130685,0.354295,0.366381,0.646143,0.632367,0,0.0,10
1900-01-01 13:55:50.663,21.997258,-1.987074,24.035859,-2.126879,0.354043,0.365678,0.645794,1.014266,0,0.0,10
1900-01-01 13:55:51.663,21.989776,-1.987993,24.031527,-2.122022,0.35461,0.36614,0.645959,0.952974,0,0.0,10
1900-01-01 13:55:52.663,22.009859,-1.975918,24.047936,-2.109816,0.354773,0.366397,0.646263,1.018981,0,0.0,10
1900-01-01 13:55:53.663,22.000277,-1.98248,24.037041,-2.119135,0.353833,0.36509,0.646226,0.839818,0,0.0,10
1900-01-01 13:55:54.663,21.985969,-1.986287,24.025357,-2.115066,0.353828,0.365945,0.645831,1.070844,0,0.0,10
1900-01-01 13:55:55.663,22.00789,-1.970011,24.038879,-2.111391,0.354364,0.365898,0.645812,0.901111,0,0.0,10
1900-01-01 13:55:56.663,21.994632,-1.973161,24.025357,-2.115591,0.353088,0.364922,0.645941,0.721948,0,0.0,10
1900-01-01 13:55:57.663,21.992926,-1.97408,24.027195,-2.105879,0.353886,0.365861,0.645766,0.948259,0,0.0,10
1900-01-01 13:55:58.663,21.977175,-1.977624,24.019581,-2.106666,0.353324,0.365373,0.645693,1.042555,0,0.0,10
1900-01-01 13:55:59.663,21.993845,-1.964761,24.034415,-2.097348,0.354442,0.365735,0.646152,1.042555,0,0.0,10
1900-01-01 13:56:00.663,21.9861,-1.96358,24.022207,-2.10811,0.353744,0.365657,0.64607,0.740807,0,0.0,10
1900-01-01 13:56:01.663,22.001589,-1.966992,24.033759,-2.095379,0.353382,0.36499,0.64595,0.967118,0,0.0,10
1900-01-01 13:56:02.663,22.001983,-1.962923,24.029296,-2.096166,0.35209,0.364076,0.645629,0.835103,0,0.0,10
1900-01-01 13:56:03.663,21.984656,-1.96253,24.028377,-2.098923,0.348173,0.359965,0.645436,1.349017,0,0.0,10
1900-01-01 13:56:04.663,21.987938,-1.961742,24.029164,-2.09236,0.340434,0.351633,0.644296,1.103847,0,0.0,10
1900-01-01 13:56:05.663,22.014978,-1.947698,24.045574,-2.082123,0.334375,0.34497,0.642882,0.797385,0,0.0,10
1900-01-01 13:56:06.663,21.997258,-1.954786,24.032971,-2.085929,0.324473,0.334495,0.64086,0.750237,0,0.0,10
1900-01-01 13:56:07.663,21.99542,-1.955048,24.028245,-2.081598,0.314692,0.324362,0.637737,0.995407,0,0.0,10
1900-01-01 13:56:08.663,21.998308,-1.952292,24.035859,-2.076348,0.305724,0.314271,0.62696,0.764381,0,0.0,10
1900-01-01 13:56:09.663,21.998308,-1.951242,24.036778,-2.078448,0.295722,0.303465,0.608337,1.009551,0,0.0,10
1900-01-01 13:56:10.663,21.985444,-1.944679,24.030215,-2.078579,0.288524,0.296656,0.591525,1.226432,0,0.0,10
1900-01-01 13:56:11.663,21.990957,-1.942842,24.03494,-2.07241,0.277713,0.284569,0.575318,0.929399,0,0.0,10
1900-01-01 13:56:12.663,21.993057,-1.944548,24.03796,-2.07241,0.268048,0.274746,0.557587,0.773811,0,0.0,10
1900-01-01 13:56:13.663,21.998176,-1.935491,24.034678,-2.071754,0.26034,0.266728,0.540269,0.811529,0,0.0,10
1900-01-01 13:56:14.663,21.983606,-1.940216,24.027327,-2.063223,0.252265,0.258406,0.52375,0.957688,0,0.0,10
1900-01-01 13:56:15.663,21.998176,-1.931816,24.03901,-2.061648,0.241229,0.247081,0.507875,0.995407,0,0.0,10
1900-01-01 13:56:16.663,21.995157,-1.930635,24.034284,-2.063092,0.232256,0.238633,0.491347,0.632367,0,0.0,10
1900-01-01 13:56:17.663,21.9819,-1.93431,24.037435,-2.063354,0.22406,0.229072,0.474718,1.04727,0,0.0,10
1900-01-01 13:56:18.663,21.988201,-1.92696,24.035728,-2.074117,0.216683,0.22169,0.457749,0.646511,0,0.0,10
1900-01-01 13:56:19.663,21.991482,-1.916066,24.024964,-2.07241,0.209254,0.212996,0.443205,1.075559,0,0.0,10
1900-01-01 13:56:20.663,21.994239,-1.920791,24.046099,-2.055217,0.199997,0.204259,0.43162,0.877537,0,0.0,10
1900-01-01 13:56:21.663,22.004346,-1.917378,24.044261,-2.058104,0.191949,0.195333,0.417867,1.018981,0,0.0,10
1900-01-01 13:56:22.663,21.99332,-1.922891,24.039535,-2.068342,0.184929,0.188413,0.40347,1.113277,0,0.0,10
1900-01-01 13:56:23.663,22.000277,-1.922497,24.052006,-2.048523,0.177841,0.181026,0.390241,1.15571,0,0.0,10
1900-01-01 13:56:24.663,21.995814,-1.919216,24.043736,-2.052198,0.171451,0.174174,0.378104,0.585218,0,0.0,10
1900-01-01 13:56:25.663,21.989382,-1.916853,24.047411,-2.043142,0.164242,0.167637,0.371113,1.17457,0,0.0,10
1900-01-01 13:56:26.663,21.996339,-1.917378,24.049118,-2.039598,0.159491,0.161888,0.364406,0.717233,0,0.0,10
1900-01-01 13:56:27.663,21.990694,-1.914359,24.043604,-2.037236,0.153427,0.15596,0.355522,0.976548,0,0.0,10
1900-01-01 13:56:28.663,22.015503,-1.90294,24.058176,-2.027392,0.14721,0.148904,0.345866,1.023696,0,0.0,10
1900-01-01 13:56:29.663,21.990432,-1.916984,24.048593,-2.035136,0.141598,0.143286,0.334722,0.905825,0,0.0,10
1900-01-01 13:56:30.663,21.986363,-1.907272,24.047543,-2.034873,0.137628,0.139038,0.324322,1.183999,0,0.0,10
1900-01-01 13:56:31.663,21.990301,-1.90924,24.04216,-2.033036,0.131459,0.13289,0.315153,1.018981,0,0.0,10
1900-01-01 13:56:32.663,21.990301,-1.906484,24.044786,-2.035792,0.125978,0.126915,0.305736,0.967118,0,0.0,10
1900-01-01 13:56:33.663,21.990038,-1.903859,24.04216,-2.032511,0.120559,0.121754,0.296172,0.816244,0,0.0,10
1900-01-01 13:56:34.663,21.990563,-1.90189,24.050693,-2.026473,0.115913,0.116099,0.286801,0.938829,0,0.0,10
1900-01-01 13:56:35.663,21.988988,-1.89979,24.050693,-2.036054,0.111382,0.112644,0.277338,0.952974,0,0.0,10
1900-01-01 13:56:36.663,21.99122,-1.899265,24.051875,-2.020961,0.106473,0.107163,0.268261,0.952974,0,0.0,10
1900-01-01 13:56:37.663,21.993713,-1.892571,24.054631,-2.022273,0.102992,0.104322,0.259772,0.938829,0,0.0,10
1900-01-01 13:56:38.663,21.988857,-1.898478,24.051481,-2.021486,0.098881,0.100133,0.251366,1.056699,0,0.0,10
1900-01-01 13:56:39.663,21.992926,-1.88614,24.05345,-2.021748,0.095835,0.097192,0.24409,1.000122,0,0.0,10
1900-01-01 13:56:40.663,21.994107,-1.886927,24.057388,-2.014136,0.092864,0.093318,0.237006,1.259436,0,0.0,10
1900-01-01 13:56:41.663,22.001195,-1.883777,24.060933,-2.022929,0.08985,0.090099,0.231016,0.971833,0,0.0,10
1900-01-01 13:56:42.663,21.992926,-1.886402,24.054238,-2.014267,0.087309,0.088282,0.225421,0.79267,0,0.0,10
1900-01-01 13:56:43.663,21.990563,-1.877739,24.057519,-2.019386,0.084936,0.084691,0.219936,0.670085,0,0.0,10
1900-01-01 13:56:44.663,21.98715,-1.875771,24.052531,-2.018598,0.083229,0.083242,0.213634,0.740807,0,0.0,10
1900-01-01 13:56:45.663,21.99437,-1.876296,24.053319,-2.020829,0.082741,0.083221,0.208893,1.287725,0,0.0,10
1900-01-01 13:56:46.663,21.987544,-1.869995,24.053581,-2.021092,0.081964,0.081635,0.205117,0.905825,0,0.0,10
1900-01-01 13:56:47.663,21.990301,-1.868945,24.053187,-2.020961,0.081859,0.08236,0.203133,1.000122,0,0.0,10
1900-01-01 13:56:48.663,21.996601,-1.869602,24.057519,-2.023323,0.082484,0.08247,0.200919,0.957688,0,0.0,10
1900-01-01 13:56:49.663,21.996339,-1.868027,24.050824,-2.022667,0.081827,0.081635,0.198567,0.8021,0,0.0,10
1900-01-01 13:56:50.663,21.991745,-1.863564,24.049512,-2.018992,0.082342,0.082307,0.196775,0.632367,0,0.0,10
1900-01-01 13:56:51.663,21.997783,-1.855426,24.054238,-2.030279,0.08157,0.082643,0.194919,1.042555,0,0.0,10
1900-01-01 13:56:52.663,21.99227,-1.85267,24.046492,-2.027129,0.082137,0.082386,0.192843,0.957688,0,0.0,10
1900-01-01 13:56:53.663,21.985838,-1.852145,24.046886,-2.026473,0.082085,0.082738,0.191336,0.853963,0,0.0,10
1900-01-01 13:56:54.663,21.992401,-1.845845,24.048987,-2.027786,0.081134,0.081819,0.18926,1.17457,0,0.0,10
1900-01-01 13:56:55.663,21.998308,-1.84217,24.049774,-2.019779,0.082552,0.081819,0.187928,0.736092,0,0.0,10
1900-01-01 13:56:56.663,21.997389,-1.840988,24.050299,-2.016629,0.080247,0.08079,0.186513,0.750237,0,0.0,10
1900-01-01 13:56:57.663,21.991613,-1.835738,24.04938,-2.020698,0.078971,0.078994,0.185052,0.877537,0,0.0,10
1900-01-01 13:56:58.663,21.990957,-1.836394,24.043211,-2.022404,0.076672,0.076154,0.183279,1.231147,0,0.0,10
1900-01-01 13:56:59.663,21.984919,-1.828782,24.048199,-2.022536,0.07338,0.073613,0.181487,0.915255,0,0.0,10
1900-01-01 13:57:00.663,21.992532,-1.82235,24.044392,-2.029623,0.07244,0.072426,0.179632,1.099133,0,0.0,10
1900-01-01 13:57:01.663,21.991351,-1.8192,24.050037,-2.032248,0.072524,0.072211,0.177721,0.943544,0,0.0,10
1900-01-01 13:57:02.663,21.991482,-1.8213,24.051087,-2.022404,0.072366,0.072563,0.175993,1.009551,0,0.0,10
1900-01-01 13:57:03.663,21.991745,-1.818281,24.055156,-2.029886,0.071726,0.071985,0.174386,1.014266,0,0.0,10
1900-01-01 13:57:04.663,21.994632,-1.814475,24.05345,-2.027654,0.071421,0.071938,0.17309,0.976548,0,0.0,10
1900-01-01 13:57:05.663,21.991351,-1.813294,24.048199,-2.028836,0.072508,0.072594,0.171519,0.952974,0,0.0,10
1900-01-01 13:57:06.663,21.987675,-1.807781,24.050562,-2.035136,0.072267,0.072584,0.169856,0.943544,0,0.0,10
1900-01-01 13:57:07.663,21.986888,-1.803187,24.040585,-2.032773,0.071957,0.07209,0.16834,0.952974,0,0.0,10
1900-01-01 13:57:08.663,21.99332,-1.799774,24.043211,-2.039729,0.071988,0.071686,0.166953,0.934114,0,0.0,10
1900-01-01 13:57:09.663,21.988332,-1.798987,24.03796,-2.038679,0.07233,0.072242,0.165906,0.622937,0,0.0,10
1900-01-01 13:57:10.663,21.986888,-1.795049,24.040323,-2.038548,0.071169,0.071387,0.164675,0.830388,0,0.0,10
1900-01-01 13:57:11.663,21.988857,-1.790062,24.041898,-2.041436,0.072119,0.072337,0.163379,0.901111,0,0.0,10
1900-01-01 13:57:12.663,21.986363,-1.783499,24.040848,-2.040123,0.071731,0.072101,0.16258,0.750237,0,0.0,10
1900-01-01 13:57:13.663,21.992007,-1.779955,24.037303,-2.045504,0.071652,0.071465,0.161138,1.066129,0,0.0,10
1900-01-01 13:57:14.663,21.984,-1.780611,24.039797,-2.043404,0.071138,0.071213,0.16055,0.915255,0,1.0,10
1900-01-01 13:57:15.663,21.991876,-1.775492,24.040979,-2.044585,0.068355,0.068294,0.159401,0.707803,1,1.0,10
1900-01-01 13:57:16.663,21.988857,-1.76893,24.03796,-2.045504,0.066701,0.066719,0.158685,0.651226,1,1.0,10
1900-01-01 13:57:17.663,21.989251,-1.762367,24.03179,-2.051542,0.067882,0.067396,0.158832,1.113277,1,1.0,10
1900-01-01 13:57:18.663,21.99857,-1.769455,24.038485,-2.04511,0.066838,0.066042,0.158584,0.91997,1,1.0,10
1900-01-01 13:57:19.663,21.993451,-1.759479,24.037172,-2.047342,0.067074,0.06685,0.156866,1.023696,1,1.0,10
1900-01-01 13:57:20.663,21.992138,-1.753967,24.044655,-2.052985,0.066943,0.066834,0.155405,0.778526,1,1.0,10
1900-01-01 13:57:21.663,21.990301,-1.755017,24.040848,-2.051148,0.066958,0.066829,0.154128,0.778526,1,1.0,10
1900-01-01 13:57:22.663,21.988726,-1.752917,24.036909,-2.056135,0.067226,0.067265,0.152667,0.957688,1,1.0,10
1900-01-01 13:57:23.663,21.986232,-1.746485,24.038616,-2.054954,0.067657,0.067522,0.151978,1.127421,1,1.0,10
1900-01-01 13:57:24.663,21.988726,-1.744254,24.040585,-2.05771,0.06742,0.066714,0.150315,0.901111,1,1.0,10
1900-01-01 13:57:25.663,21.995289,-1.735722,24.041767,-2.057579,0.06741,0.06747,0.149406,0.938829,1,1.0,10
1900-01-01 13:57:26.663,21.988201,-1.732572,24.044261,-2.053773,0.066832,0.066005,0.148358,0.882251,1,1.0,10
1900-01-01 13:57:27.663,21.986625,-1.738347,24.046099,-2.058104,0.067336,0.06695,0.14743,0.938829,1,1.0,10
1900-01-01 13:57:28.663,21.988463,-1.730472,24.050562,-2.061779,0.06699,0.066089,0.146585,1.070844,1,1.0,10
1900-01-01 13:57:29.663,21.985313,-1.725878,24.042948,-2.063879,0.066638,0.067113,0.146208,0.820959,1,1.0,10
1900-01-01 13:57:30.663,21.984525,-1.726272,24.045311,-2.065717,0.067672,0.067627,0.144968,0.745522,1,1.0,10
1900-01-01 13:57:31.663,21.98505,-1.724041,24.045836,-2.063879,0.06773,0.066992,0.144196,1.169855,1,1.0,10
1900-01-01 13:57:32.663,21.983344,-1.716822,24.049249,-2.065323,0.067704,0.067475,0.14314,1.287725,1,1.0,10
1900-01-01 13:57:33.663,21.988332,-1.712228,24.046755,-2.068473,0.067331,0.067065,0.141854,0.901111,1,1.0,10
1900-01-01 13:57:34.663,21.987413,-1.711965,24.049774,-2.075035,0.067142,0.066908,0.141155,0.995407,1,1.0,10
1900-01-01 13:57:35.663,21.990169,-1.701071,24.050299,-2.070048,0.067714,0.06716,0.140815,0.886966,1,1.0,10
1900-01-01 13:57:36.663,21.991088,-1.694508,24.0545,-2.078579,0.067326,0.067396,0.140319,0.896396,1,1.0,10
1900-01-01 13:57:37.663,21.991745,-1.703171,24.054238,-2.077266,0.066964,0.066572,0.139382,0.726663,1,1.0,10
1900-01-01 13:57:38.663,21.986363,-1.698446,24.053056,-2.078054,0.066544,0.065842,0.139079,1.146281,1,1.0,10
1900-01-01 13:57:39.663,21.983475,-1.688471,24.051875,-2.080941,0.066376,0.06612,0.138114,1.084988,1,1.0,10
1900-01-01 13:57:40.663,21.987019,-1.684008,24.052531,-2.084354,0.066355,0.066393,0.137866,0.976548,1,1.0,10
1900-01-01 13:57:41.663,21.991745,-1.680464,24.053319,-2.083698,0.066454,0.06643,0.137315,0.754952,1,1.0,10
1900-01-01 13:57:42.663,21.987807,-1.678758,24.055025,-2.086716,0.06688,0.066414,0.136938,1.033125,1,1.0,10
1900-01-01 13:57:43.663,21.990957,-1.675608,24.052268,-2.088554,0.06731,0.066808,0.135965,1.127421,1,1.0,10
1900-01-01 13:57:44.663,21.992926,-1.666814,24.059489,-2.088554,0.066691,0.067113,0.135753,0.948259,1,1.0,10
1900-01-01 13:57:45.663,21.99122,-1.667601,24.055156,-2.092098,0.066428,0.06632,0.135377,1.061414,1,1.0,10
1900-01-01 13:57:46.663,21.997651,-1.66327,24.062245,-2.093935,0.066727,0.066787,0.134743,1.193429,1,1.0,10
1900-01-01 13:57:47.663,21.990563,-1.656576,24.06067,-2.096691,0.066349,0.066068,0.133943,1.122707,1,1.0,10
1900-01-01 13:57:48.663,21.985969,-1.655132,24.06172,-2.093541,0.06626,0.06632,0.133897,0.952974,1,1.0,10
1900-01-01 13:57:49.663,21.990169,-1.648044,24.0566,-2.094854,0.066586,0.066645,0.133273,0.905825,1,1.0,10
1900-01-01 13:57:50.663,21.995682,-1.646732,24.05857,-2.099841,0.066255,0.066236,0.132979,0.952974,1,1.0,10
1900-01-01 13:57:51.663,22.00067,-1.644238,24.055682,-2.098923,0.06647,0.066782,0.132492,0.957688,1,1.0,10
1900-01-01 13:57:52.663,22.001589,-1.635707,24.055682,-2.090654,0.066486,0.066656,0.132391,0.655941,1,1.0,10
1900-01-01 13:57:53.663,21.998045,-1.636757,24.055288,-2.104435,0.066696,0.066588,0.132308,0.835103,1,1.0,10
1900-01-01 13:57:54.663,21.998045,-1.629013,24.057388,-2.099316,0.06646,0.066446,0.131334,0.78324,1,1.0,10
1900-01-01 13:57:55.663,21.992663,-1.6214,24.056469,-2.105091,0.067672,0.067134,0.131408,1.117992,1,1.0,10
1900-01-01 13:57:56.663,21.990826,-1.619956,24.054238,-2.107454,0.066533,0.06612,0.130553,0.91054,1,1.0,10
1900-01-01 13:57:57.663,22.005921,-1.608012,24.06172,-2.100891,0.066045,0.066399,0.130875,0.967118,1,1.0,10
1900-01-01 13:57:58.663,21.994895,-1.607224,24.059882,-2.105485,0.065882,0.066404,0.130498,1.009551,1,1.0,10
1900-01-01 13:57:59.663,21.998045,-1.605387,24.056338,-2.110472,0.066444,0.06632,0.130204,0.957688,1,1.0,10
1900-01-01 13:58:00.663,21.997651,-1.599612,24.056469,-2.105879,0.066901,0.066656,0.130388,0.863392,1,1.0,10
1900-01-01 13:58:01.663,22.002639,-1.598168,24.057126,-2.113885,0.067,0.067118,0.130066,0.641796,1,1.0,10
1900-01-01 13:58:02.663,22.000408,-1.592393,24.058701,-2.111654,0.067394,0.066687,0.129726,1.122707,1,1.0,10
1900-01-01 13:58:03.663,21.999489,-1.592524,24.059095,-2.111129,0.067084,0.067517,0.129313,0.778526,1,1.0,10
1900-01-01 13:58:04.663,21.99647,-1.586224,24.056469,-2.112704,0.067336,0.06685,0.128863,0.703089,1,1.0,10
1900-01-01 13:58:05.663,21.99437,-1.575855,24.057651,-2.115066,0.06752,0.067454,0.128909,0.915255,1,1.0,10
1900-01-01 13:58:06.663,21.997651,-1.57743,24.059751,-2.117166,0.066843,0.066357,0.12844,1.122707,1,1.0,10
1900-01-01 13:58:07.663,21.998833,-1.570473,24.056863,-2.11231,0.066244,0.066887,0.128174,1.056699,1,1.0,10
1900-01-01 13:58:08.663,22.003558,-1.566142,24.056469,-2.12386,0.06584,0.065716,0.128174,0.740807,1,1.0,10
1900-01-01 13:58:09.663,22.00172,-1.554066,24.056338,-2.112572,0.06688,0.06696,0.127944,0.712518,1,1.0,10
1900-01-01 13:58:10.663,21.996733,-1.555904,24.046755,-2.120579,0.067137,0.067344,0.127926,1.15571,1,1.0,10
1900-01-01 13:58:11.663,21.998964,-1.548816,24.053319,-2.120316,0.066208,0.066598,0.127558,1.066129,1,1.0,10
1900-01-01 13:58:12.663,22.001852,-1.540547,24.053712,-2.123991,0.066754,0.067696,0.127071,0.901111,1,1.0,10
1900-01-01 13:58:13.663,21.998964,-1.541597,24.052006,-2.123204,0.066176,0.066262,0.127044,0.981262,1,1.0,10
1900-01-01 13:58:14.663,22.001589,-1.533459,24.050562,-2.121235,0.066181,0.067039,0.127237,0.957688,1,1.0,10
1900-01-01 13:58:15.663,21.997389,-1.532409,24.056732,-2.12281,0.066208,0.067275,0.126805,1.033125,1,1.0,10
1900-01-01 13:58:16.663,21.998176,-1.52519,24.055288,-2.127929,0.065987,0.066887,0.126263,1.103847,1,1.0,10
1900-01-01 13:58:17.663,21.991613,-1.518365,24.049774,-2.122022,0.067111,0.067675,0.125996,0.882251,1,1.0,10
1900-01-01 13:58:18.663,21.99752,-1.51994,24.049774,-2.128979,0.065961,0.066462,0.126254,0.773811,1,1.0,10
1900-01-01 13:58:19.663,21.995682,-1.509965,24.048068,-2.13016,0.065347,0.066761,0.126208,0.976548,1,1.0,10
1900-01-01 13:58:20.663,21.997126,-1.503533,24.048462,-2.130422,0.066339,0.067506,0.126097,0.943544,1,1.0,10
1900-01-01 13:58:21.663,21.99437,-1.494346,24.040848,-2.132916,0.065263,0.067013,0.125712,1.04727,1,1.0,10
1900-01-01 13:58:22.663,21.996339,-1.499727,24.04728,-2.134622,0.066034,0.067218,0.125537,1.094418,1,1.0,10
1900-01-01 13:58:23.663,21.99962,-1.487914,24.037172,-2.136066,0.065441,0.067228,0.12584,0.976548,1,1.0,10
1900-01-01 13:58:24.663,22.003164,-1.483058,24.040191,-2.137904,0.06552,0.067317,0.125068,0.79267,1,1.0,10
1900-01-01 13:58:25.663,21.994764,-1.48017,24.038222,-2.14381,0.065856,0.06759,0.125252,0.948259,1,1.0,10
1900-01-01 13:58:26.663,21.998833,-1.472951,24.035072,-2.135935,0.065683,0.066861,0.125151,0.830388,1,1.0,10
1900-01-01 13:58:27.663,21.997258,-1.464945,24.029164,-2.135147,0.06511,0.067333,0.124655,0.811529,1,1.0,10
1900-01-01 13:58:28.663,21.999358,-1.465338,24.029033,-2.140791,0.064669,0.06685,0.124655,0.957688,1,1.0,10
1900-01-01 13:58:29.663,21.998045,-1.456282,24.024701,-2.144203,0.065068,0.067296,0.124977,1.000122,1,1.0,10
1900-01-01 13:58:30.663,21.999095,-1.452344,24.024964,-2.14066,0.064176,0.067076,0.124315,0.981262,1,1.0,10
1900-01-01 13:58:31.663,21.99332,-1.449325,24.024307,-2.136854,0.064821,0.066115,0.12414,1.198144,1,1.0,10
1900-01-01 13:58:32.663,22.000933,-1.439481,24.018269,-2.146172,0.064727,0.066572,0.124885,0.839818,1,1.0,10
1900-01-01 13:58:33.663,21.998964,-1.433444,24.013543,-2.148141,0.064816,0.067039,0.124333,0.745522,1,1.0,10
1900-01-01 13:58:34.663,21.993976,-1.431869,24.013149,-2.153653,0.065866,0.068326,0.124058,0.740807,1,1.0,10
1900-01-01 13:58:35.663,21.993582,-1.425306,24.004485,-2.15431,0.064932,0.067806,0.124398,0.853963,1,1.0,10
1900-01-01 13:58:36.663,22.003821,-1.419137,24.004354,-2.155228,0.064501,0.067149,0.123865,0.745522,1,1.0,10
1900-01-01 13:58:37.663,22.000145,-1.409818,23.999234,-2.157591,0.0648,0.067228,0.123938,0.853963,1,1.0,10
1900-01-01 13:58:38.663,21.999358,-1.404568,23.999628,-2.15326,0.064821,0.067822,0.12381,1.018981,1,1.0,10
1900-01-01 13:58:39.663,21.990563,-1.40168,23.997659,-2.157197,0.064611,0.06675,0.123883,1.207573,1,1.0,10
1900-01-01 13:58:40.663,21.994107,-1.394067,23.995952,-2.158378,0.065037,0.067317,0.123681,0.820959,1,1.0,10
1900-01-01 13:58:41.663,21.995289,-1.393542,23.995952,-2.156803,0.063798,0.066745,0.123663,0.839818,1,1.0,10
1900-01-01 13:58:42.663,21.999095,-1.388292,23.995165,-2.164416,0.064328,0.067753,0.123194,0.646511,1,1.0,10
1900-01-01 13:58:43.663,21.992795,-1.381204,23.996346,-2.16691,0.064496,0.068089,0.123571,1.023696,1,1.0,10
1900-01-01 13:58:44.663,21.992663,-1.374379,23.986369,-2.165335,0.064302,0.067727,0.123167,0.905825,1,1.0,10
1900-01-01 13:58:45.663,21.992138,-1.365454,23.992277,-2.16376,0.063435,0.067927,0.122753,0.6748,1,1.0,10
1900-01-01 13:58:46.663,21.995814,-1.356529,23.987026,-2.165597,0.063792,0.067323,0.122772,1.099133,1,1.0,10
1900-01-01 13:58:47.663,21.992926,-1.358629,23.986238,-2.16586,0.063908,0.066714,0.122818,0.769096,1,1.0,10
1900-01-01 13:58:48.663,21.995157,-1.347472,23.984006,-2.17426,0.063068,0.067858,0.122432,0.905825,1,1.0,10
1900-01-01 13:58:49.663,21.993582,-1.342091,23.986894,-2.175703,0.063294,0.066719,0.122863,1.000122,1,1.0,10
1900-01-01 13:58:50.663,21.99122,-1.34616,23.980987,-2.172816,0.063294,0.067816,0.122597,1.009551,1,1.0,10
1900-01-01 13:58:51.663,22.000277,-1.334084,23.984794,-2.178722,0.063036,0.068341,0.122753,0.759666,1,1.0,10
1900-01-01 13:58:52.663,21.991745,-1.330147,23.980724,-2.175047,0.062889,0.067181,0.122432,0.754952,1,1.0,10
1900-01-01 13:58:53.663,21.994764,-1.320171,23.974686,-2.180034,0.063168,0.067806,0.122377,0.886966,1,1.0,10
1900-01-01 13:58:54.663,21.994632,-1.31584,23.973636,-2.179509,0.063635,0.068236,0.122496,0.863392,1,1.0,10
1900-01-01 13:58:55.663,21.996995,-1.311508,23.970354,-2.184366,0.063451,0.067522,0.122579,0.721948,1,1.0,10
1900-01-01 13:58:56.663,21.995157,-1.302189,23.974948,-2.178591,0.064233,0.069103,0.122303,1.198144,1,1.0,10
1900-01-01 13:58:57.663,21.997783,-1.294445,23.972848,-2.179641,0.062947,0.068137,0.122377,0.712518,1,1.0,10
1900-01-01 13:58:58.663,21.996864,-1.290901,23.971273,-2.190534,0.063488,0.068383,0.122468,1.113277,1,1.0,10
1900-01-01 13:58:59.663,21.988332,-1.289851,23.971535,-2.193684,0.063425,0.068667,0.122597,0.995407,1,1.0,10
1900-01-01 13:59:00.663,21.991088,-1.280664,23.970748,-2.188828,0.063414,0.068593,0.122184,0.971833,1,1.0,10
1900-01-01 13:59:01.663,21.990957,-1.274626,23.968122,-2.187647,0.063341,0.068415,0.122285,0.929399,1,1.0,10
1900-01-01 13:59:02.663,21.989119,-1.267013,23.964315,-2.188959,0.063189,0.067906,0.122285,1.009551,1,1.0,10
1900-01-01 13:59:03.663,21.991745,-1.259269,23.967466,-2.190009,0.062191,0.067296,0.12211,0.934114,1,1.0,10
1900-01-01 13:59:04.663,21.995026,-1.258088,23.961427,-2.189616,0.062805,0.067354,0.122184,0.79267,1,1.0,10
1900-01-01 13:59:05.663,21.985969,-1.25205,23.962215,-2.192241,0.063015,0.067853,0.122211,0.693659,1,1.0,10
1900-01-01 13:59:06.663,21.98505,-1.251394,23.956439,-2.195653,0.062763,0.068814,0.12211,0.891681,1,1.0,10
1900-01-01 13:59:07.663,21.989119,-1.240894,23.963265,-2.195916,0.063063,0.067065,0.121798,1.056699,1,1.0,10
1900-01-01 13:59:08.663,21.986757,-1.229737,23.956045,-2.198803,0.062223,0.066745,0.121816,0.872822,1,1.0,10
1900-01-01 13:59:09.663,21.997651,-1.226718,23.964578,-2.199328,0.061503,0.065973,0.121816,0.637081,1,1.0,10
1900-01-01 13:59:10.663,21.991745,-1.225931,23.967072,-2.206022,0.062364,0.066918,0.121963,0.957688,1,1.0,10
1900-01-01 13:59:11.663,21.982294,-1.218712,23.961559,-2.204841,0.062149,0.067123,0.121531,0.990692,1,1.0,10
1900-01-01 13:59:12.663,21.988201,-1.21963,23.961033,-2.204709,0.06238,0.066504,0.121568,1.004836,1,1.0,10
1900-01-01 13:59:13.663,21.983081,-1.208343,23.957752,-2.207597,0.061908,0.065763,0.121522,0.825674,1,1.0,10
1900-01-01 13:59:14.663,21.99647,-1.202567,23.965628,-2.206678,0.061524,0.064792,0.120337,0.853963,1,1.0,10
1900-01-01 13:59:15.663,21.981244,-1.200205,23.964578,-2.214422,0.063567,0.064671,0.120897,0.995407,1,1.0,10
1900-01-01 13:59:16.663,21.998308,-1.19233,23.968385,-2.21324,0.063834,0.065034,0.121302,0.967118,1,1.0,10
1900-01-01 13:59:17.663,21.999358,-1.184192,23.970223,-2.216784,0.063672,0.06485,0.121182,1.000122,1,1.0,10
1900-01-01 13:59:18.663,21.992532,-1.183798,23.968122,-2.221509,0.063871,0.064346,0.121026,0.952974,1,1.0,10
1900-01-01 13:59:19.663,21.99752,-1.168441,23.97101,-2.214553,0.063131,0.064635,0.120934,1.132136,1,1.0,10
1900-01-01 13:59:20.663,21.991745,-1.166472,23.977443,-2.220459,0.065084,0.066015,0.120907,0.589933,1,1.0,10
1900-01-01 13:59:21.663,21.986757,-1.159385,23.969041,-2.21849,0.065394,0.066777,0.12121,0.764381,0,1.0,10
1900-01-01 13:59:22.663,22.000014,-1.152559,23.97823,-2.223215,0.071495,0.077314,0.122202,1.113277,0,1.0,10
1900-01-01 13:59:23.663,21.991613,-1.145997,23.966416,-2.230959,0.091698,0.095328,0.125418,0.670085,0,1.0,10
1900-01-01 13:59:24.663,22.002377,-1.138778,23.976524,-2.228465,0.101963,0.103152,0.130544,1.108562,0,1.0,10
1900-01-01 13:59:25.663,22.009202,-1.138253,23.982431,-2.222165,0.098681,0.100175,0.136369,0.8021,0,1.0,10
1900-01-01 13:59:26.663,21.998833,-1.133921,23.972192,-2.217309,0.099946,0.102684,0.142699,0.844533,0,1.0,10
1900-01-01 13:59:27.663,21.997258,-1.137071,23.977311,-2.192897,0.1037,0.10584,0.146925,1.240577,0,1.0,10
1900-01-01 13:59:28.663,21.999226,-1.134709,23.982037,-2.165991,0.102251,0.10437,0.149451,0.976548,0,1.0,10
1900-01-01 13:59:29.663,22.001327,-1.156103,23.980593,-2.140397,0.099736,0.101676,0.151298,0.91054,0,1.0,10
1900-01-01 13:59:30.663,21.989513,-1.173954,23.976261,-2.122154,0.100818,0.103083,0.152125,0.882251,0,1.0,10
1900-01-01 13:59:31.663,21.989907,-1.201124,23.981906,-2.103385,0.100125,0.101949,0.153025,0.787955,0,1.0,10
1900-01-01 13:59:32.663,22.000933,-1.232493,23.993983,-2.091835,0.100624,0.101792,0.154284,0.981262,0,1.0,10
1900-01-01 13:59:33.663,22.008546,-1.269507,23.990307,-2.077266,0.099206,0.101372,0.154596,0.844533,0,1.0,10
1900-01-01 13:59:34.663,21.990038,-1.304946,23.985319,-2.07556,0.100366,0.101324,0.155736,1.084988,0,1.0,10
1900-01-01 13:59:35.663,22.001852,-1.343666,23.993195,-2.056267,0.100619,0.102128,0.156618,0.905825,0,1.0,10
1900-01-01 13:59:36.663,22.009596,-1.373198,23.995558,-2.036711,0.100991,0.10217,0.157334,0.754952,0,1.0,10
1900-01-01 13:59:37.663,22.00067,-1.403518,23.99779,-2.034479,0.099936,0.10133,0.158005,0.806814,0,1.0,10
1900-01-01 13:59:38.663,22.001852,-1.433706,23.997396,-2.027786,0.099511,0.101666,0.158152,0.79267,0,1.0,10
1900-01-01 13:59:39.663,22.003821,-1.465076,24.001728,-2.024767,0.099253,0.100967,0.159208,1.066129,0,1.0,10
1900-01-01 13:59:40.663,22.005264,-1.483058,23.999628,-2.018073,0.099999,0.100894,0.160201,0.736092,0,1.0,10
1900-01-01 13:59:41.663,21.999358,-1.513771,24.006192,-2.018598,0.100062,0.100862,0.160366,0.622937,0,1.0,10
1900-01-01 13:59:42.663,22.002508,-1.535428,24.002122,-2.017286,0.099768,0.100605,0.160779,1.089703,0,1.0,10
1900-01-01 13:59:43.663,21.996207,-1.555773,24.005929,-2.013217,0.100345,0.101792,0.160724,0.91054,0,1.0,10
1900-01-01 13:59:44.663,21.995682,-1.575461,24.008686,-2.009804,0.09961,0.10008,0.162084,1.099133,0,1.0,10
1900-01-01 13:59:45.663,21.998439,-1.586749,24.007898,-2.009148,0.100377,0.102275,0.163039,1.051984,0,1.0,10
1900-01-01 13:59:46.663,21.99857,-1.612081,24.01013,-2.008229,0.100519,0.101933,0.16348,1.311299,0,1.0,10
1900-01-01 13:59:47.663,22.009465,-1.618775,24.013805,-2.008623,0.100025,0.102017,0.164013,1.023696,0,1.0,10
1900-01-01 13:59:48.663,22.009727,-1.627569,24.015381,-2.004686,0.100361,0.101912,0.164794,0.863392,0,1.0,10
1900-01-01 13:59:49.663,22.003689,-1.642532,24.012361,-2.00508,0.100592,0.10239,0.165042,0.712518,0,1.0,10
1900-01-01 13:59:50.663,22.002902,-1.648569,24.01328,-2.004948,0.100524,0.101713,0.165713,1.061414,0,1.0,10
1900-01-01 13:59:51.663,22.003164,-1.657495,24.014068,-2.005998,0.101201,0.102936,0.165529,0.967118,0,1.0,10
1900-01-01 13:59:52.663,22.005396,-1.661695,24.015774,-1.99878,0.100766,0.10196,0.166393,0.30233,0,1.0,10
1900-01-01 13:59:53.663,21.993845,-1.672851,24.013149,-2.000486,0.100193,0.102453,0.166558,0.787955,0,1.0,10
1900-01-01 13:59:54.663,22.005527,-1.679677,24.022469,-1.992873,0.099852,0.101319,0.166788,0.759666,0,1.0,10
1900-01-01 13:59:55.663,22.013665,-1.680333,24.0205,-1.989067,0.100141,0.101566,0.167697,0.528641,0,1.0,10
1900-01-01 13:59:56.663,22.001327,-1.686371,24.019581,-1.987492,0.099862,0.10133,0.167798,0.995407,0,1.0,10
1900-01-01 13:59:57.663,22.001327,-1.688208,24.019056,-1.98828,0.100125,0.101445,0.168203,0.731378,0,1.0,10
1900-01-01 13:59:58.663,22.001195,-1.687158,24.020632,-1.979223,0.099658,0.101708,0.168717,1.061414,0,1.0,10
1900-01-01 13:59:59.663,22.002245,-1.696871,24.023257,-1.976205,0.100492,0.102122,0.169011,0.787955,0,1.0,10
1900-01-01 14:00:00.663,21.991876,-1.697002,24.017875,-1.978436,0.100261,0.102663,0.169553,0.707803,0,1.0,10
1900-01-01 14:00:01.663,21.99647,-1.702777,24.015774,-1.97883,0.100676,0.101939,0.169957,1.000122,0,1.0,10
1900-01-01 14:00:02.663,22.006052,-1.704221,24.019188,-1.972136,0.099988,0.101471,0.170049,1.169855,0,1.0,10
1900-01-01 14:00:03.663,21.996339,-1.708815,24.016562,-1.966755,0.0997,0.10145,0.170141,0.712518,0,1.0,10
1900-01-01 14:00:04.663,21.99962,-1.705403,24.02457,-1.967936,0.100188,0.102417,0.170518,1.004836,0,1.0,10
1900-01-01 14:00:05.663,22.007102,-1.702646,24.021682,-1.968461,0.100324,0.102543,0.170646,0.740807,0,1.0,10
1900-01-01 14:00:06.663,22.010515,-1.706059,24.023782,-1.961374,0.100351,0.101666,0.17083,0.901111,0,1.0,10
1900-01-01 14:00:07.663,22.003821,-1.706453,24.021025,-1.96203,0.10117,0.102705,0.171345,0.835103,0,1.0,10
1900-01-01 14:00:08.663,22.00579,-1.708028,24.013412,-1.966624,0.101096,0.102711,0.171721,1.084988,0,1.0,10
1900-01-01 14:00:09.663,22.010121,-1.70619,24.024045,-1.96098,0.10045,0.101939,0.171675,0.816244,0,1.0,10
1900-01-01 14:00:10.663,22.005396,-1.717347,24.017875,-1.964392,0.100724,0.102569,0.172135,1.018981,0,1.0,10
1900-01-01 14:00:11.663,22.005527,-1.707896,24.029164,-1.95783,0.101249,0.102101,0.172842,1.103847,0,1.0,10
1900-01-01 14:00:12.663,21.99857,-1.70934,24.028771,-1.961374,0.100839,0.102506,0.173063,0.877537,0,1.0,10
1900-01-01 14:00:13.663,22.007233,-1.710128,24.02772,-1.950086,0.101842,0.102921,0.173724,0.981262,0,1.0,10
1900-01-01 14:00:14.663,22.009071,-1.703434,24.034153,-1.950874,0.102724,0.103687,0.173779,1.198144,0,1.0,10
1900-01-01 14:00:15.663,22.011303,-1.711178,24.031659,-1.952974,0.105732,0.108155,0.173972,0.985977,0,1.0,10
1900-01-01 14:00:16.663,21.994895,-1.704221,24.02457,-1.951399,0.111319,0.114125,0.174707,0.693659,0,1.0,10
1900-01-01 14:00:17.663,22.009859,-1.707765,24.032446,-1.944574,0.128997,0.133263,0.177528,0.877537,0,1.0,10
1900-01-01 14:00:18.663,22.011565,-1.704746,24.040716,-1.938536,0.152314,0.156475,0.182654,0.835103,0,1.0,10
1900-01-01 14:00:19.663,22.005396,-1.709471,24.035859,-1.939061,0.184808,0.192461,0.242206,0.703089,0,1.0,10
1900-01-01 14:00:20.663,22.016553,-1.697002,24.046624,-1.931055,0.231248,0.239185,0.325939,0.943544,0,1.0,10
1900-01-01 14:00:21.663,22.007102,-1.701727,24.053712,-1.922393,0.238929,0.246362,0.338856,0.91997,0,1.0,10
1900-01-01 14:00:22.663,22.010515,-1.710784,24.023651,-1.952974,0.240289,0.24675,0.344736,0.835103,0,1.0,10
1900-01-01 14:00:23.663,21.986232,-1.732178,24.041767,-1.90638,0.237338,0.244572,0.350102,1.000122,0,1.0,10
1900-01-01 14:00:24.663,21.988857,-1.725091,24.062114,-1.898899,0.241533,0.249013,0.353657,0.825674,0,1.0,10
1900-01-01 14:00:25.663,22.00579,-1.696346,24.061851,-1.904149,0.239685,0.246861,0.356395,0.877537,0,1.0,10
1900-01-01 14:00:26.663,22.029679,-1.69464,24.071434,-1.915699,0.240131,0.246252,0.355164,0.981262,0,1.0,10
1900-01-01 14:00:27.663,22.024166,-1.701334,24.030215,-1.921343,0.240263,0.246913,0.359895,1.061414,0,1.0,10
1900-01-01 14:00:28.663,21.982162,-1.731785,24.029952,-1.887874,0.240053,0.247459,0.363892,0.995407,0,1.0,10
1900-01-01 14:00:29.663,21.989513,-1.711178,24.060539,-1.88853,0.23989,0.247034,0.36594,0.698374,0,1.0,10
1900-01-01 14:00:30.663,21.982162,-1.718397,24.055025,-1.883937,0.240315,0.248961,0.367943,0.91054,0,1.0,10
1900-01-01 14:00:31.663,22.026266,-1.71249,24.024439,-1.919768,0.240599,0.248389,0.366979,0.688944,0,1.0,10
1900-01-01 14:00:32.663,22.020885,-1.693852,24.054369,-1.905855,0.240084,0.247186,0.366629,0.693659,0,1.0,10
1900-01-01 14:00:33.663,22.00172,-1.693065,24.067627,-1.875668,0.240315,0.24841,0.3734,1.009551,0,1.0,10
1900-01-01 14:00:34.663,21.992138,-1.722597,24.043736,-1.879737,0.23999,0.24748,0.375192,0.872822,0,1.0,10
1900-01-01 14:00:35.663,22.013665,-1.689783,24.058176,-1.882099,0.240767,0.247627,0.374678,0.726663,0,1.0,10
1900-01-01 14:00:36.663,22.006315,-1.710784,24.052794,-1.887349,0.241628,0.24905,0.376644,0.825674,0,1.0,10
1900-01-01 14:00:37.663,22.008677,-1.689258,24.060933,-1.864512,0.239465,0.247375,0.37929,0.943544,0,1.0,10
1900-01-01 14:00:38.663,21.997783,-1.718659,24.038747,-1.874093,0.239139,0.246425,0.381485,0.670085,0,1.0,10
1900-01-01 14:00:39.663,22.001589,-1.694246,24.065396,-1.859131,0.238892,0.246047,0.382413,1.202858,0,1.0,10
1900-01-01 14:00:40.663,22.026923,-1.705665,24.060539,-1.858474,0.240315,0.247485,0.384352,0.976548,0,1.0,10
1900-01-01 14:00:41.663,22.008677,-1.700021,24.059489,-1.862543,0.241412,0.248546,0.387586,1.02841,0,1.0,10
1900-01-01 14:00:42.663,22.007233,-1.704221,24.050824,-1.865299,0.240625,0.248425,0.38867,1.108562,0,1.0,10
1900-01-01 14:00:43.663,21.999489,-1.70619,24.046361,-1.853487,0.240966,0.248362,0.389662,1.009551,0,1.0,10
1900-01-01 14:00:44.663,22.032042,-1.687421,24.054238,-1.878424,0.240782,0.248347,0.389598,1.056699,0,1.0,10
1900-01-01 14:00:45.663,22.023379,-1.680858,24.064871,-1.852568,0.239927,0.247097,0.390737,0.891681,0,1.0,10
1900-01-01 14:00:46.663,22.00579,-1.687946,24.06894,-1.828681,0.239963,0.247696,0.395037,0.844533,0,1.0,10
1900-01-01 14:00:47.663,21.998045,-1.697921,24.060539,-1.837868,0.240961,0.249029,0.395588,0.943544,0,1.0,10
1900-01-01 14:00:48.663,22.011959,-1.684402,24.063558,-1.836556,0.23927,0.247286,0.397012,0.976548,0,1.0,10
1900-01-01 14:00:49.663,21.983738,-1.695427,24.054369,-1.837212,0.240887,0.248751,0.398436,0.91997,0,1.0,10
1900-01-01 14:00:50.663,21.993582,-1.682433,24.052662,-1.833012,0.241103,0.249029,0.399456,0.816244,0,1.0,10
1900-01-01 14:00:51.663,22.006708,-1.67902,24.066052,-1.818706,0.241355,0.24905,0.401918,0.976548,0,1.0,10
1900-01-01 14:00:52.663,22.00684,-1.682302,24.057782,-1.832093,0.240725,0.247837,0.401559,0.962403,0,1.0,10
1900-01-01 14:00:53.663,22.01209,-1.67482,24.061983,-1.8212,0.24083,0.247491,0.402533,0.698374,0,1.0,10
1900-01-01 14:00:54.663,22.001983,-1.680333,24.056469,-1.8296,0.240835,0.247659,0.404573,0.726663,0,1.0,10
1900-01-01 14:00:55.663,22.026923,-1.678758,24.066315,-1.823037,0.24136,0.248347,0.405482,1.113277,0,1.0,10
1900-01-01 14:00:56.663,22.007365,-1.669964,24.060014,-1.820018,0.241864,0.249055,0.406061,1.000122,0,1.0,10
1900-01-01 14:00:57.663,22.018128,-1.666683,24.070253,-1.815687,0.238315,0.244782,0.407063,0.901111,0,1.0,10
1900-01-01 14:00:58.663,21.99122,-1.650538,24.075373,-1.799281,0.229814,0.237174,0.408661,1.169855,0,1.0,10
1900-01-01 14:00:59.663,22.019441,-1.649094,24.08128,-1.793506,0.223603,0.229387,0.409295,0.622937,0,1.0,10
1900-01-01 14:01:00.663,22.020491,-1.65067,24.069071,-1.80125,0.214415,0.218949,0.406622,0.901111,0,1.0,10
1900-01-01 14:01:01.663,22.01524,-1.65697,24.066315,-1.802169,0.204492,0.210213,0.405482,1.000122,0,1.0,10
1900-01-01 14:01:02.663,22.004346,-1.664451,24.058438,-1.801906,0.196453,0.202836,0.404279,1.066129,0,1.0,10
1900-01-01 14:01:03.663,22.016553,-1.650407,24.064608,-1.796131,0.190521,0.195664,0.40167,0.901111,0,1.0,10
1900-01-01 14:01:04.663,22.010777,-1.644501,24.057519,-1.803087,0.183979,0.188035,0.398978,0.773811,0,1.0,10
1900-01-01 14:01:05.663,22.00894,-1.649226,24.057388,-1.800856,0.176712,0.180726,0.395551,0.976548,0,1.0,10
1900-01-01 14:01:06.663,22.002639,-1.65172,24.046099,-1.795212,0.17122,0.175466,0.391702,0.764381,0,1.0,10
1900-01-01 14:01:07.663,22.01524,-1.645944,24.061851,-1.794162,0.165261,0.168855,0.387365,0.571074,0,1.0,10
1900-01-01 14:01:08.663,22.017866,-1.645026,24.059095,-1.789437,0.159612,0.163332,0.380769,1.28301,0,1.0,10
1900-01-01 14:01:09.663,22.012615,-1.642926,24.054894,-1.790225,0.153621,0.157388,0.340363,1.358447,0,1.0,10
1900-01-01 14:01:10.663,22.013403,-1.642926,24.060276,-1.790881,0.147898,0.15114,0.307849,1.02841,0,1.0,10
1900-01-01 14:01:11.663,22.014978,-1.636494,24.05555,-1.793375,0.143567,0.146578,0.295998,0.91997,0,1.0,10
1900-01-01 14:01:12.663,22.019047,-1.635575,24.057651,-1.783137,0.139041,0.14181,0.288538,0.929399,0,1.0,10
1900-01-01 14:01:13.663,22.029548,-1.633081,24.059357,-1.785762,0.133208,0.13645,0.28241,0.632367,0,1.0,10
1900-01-01 14:01:14.663,22.014584,-1.635838,24.050168,-1.78025,0.128409,0.131924,0.275492,0.585218,0,1.0,10
1900-01-01 14:01:15.663,22.013271,-1.642663,24.055288,-1.783137,0.122954,0.125944,0.267324,0.886966,0,1.0,10
1900-01-01 14:01:16.663,22.006052,-1.63295,24.048593,-1.774081,0.117777,0.12104,0.260599,0.764381,0,1.0,10
1900-01-01 14:01:17.663,22.020753,-1.628094,24.058963,-1.781037,0.113828,0.115889,0.254738,0.820959,0,1.0,10
1900-01-01 14:01:18.663,22.01104,-1.630194,24.054763,-1.778806,0.109854,0.111673,0.248968,0.703089,0,1.0,10
1900-01-01 14:01:19.663,22.01104,-1.628881,24.050693,-1.782612,0.105491,0.107152,0.24341,0.868107,0,1.0,10
1900-01-01 14:01:20.663,22.016684,-1.634131,24.054238,-1.777231,0.102131,0.10459,0.236841,0.641796,0,1.0,10
1900-01-01 14:01:21.663,22.022066,-1.623894,24.056469,-1.781562,0.10065,0.100967,0.231622,0.905825,0,1.0,10
1900-01-01 14:01:22.663,22.016159,-1.628094,24.05962,-1.775919,0.097111,0.097833,0.226652,0.868107,0,1.0,10
1900-01-01 14:01:23.663,22.018522,-1.618118,24.058963,-1.769488,0.094113,0.094688,0.222031,1.212288,0,1.0,10
1900-01-01 14:01:24.663,22.020228,-1.620087,24.061326,-1.776969,0.090128,0.090656,0.217474,0.693659,0,1.0,10
1900-01-01 14:01:25.663,22.010777,-1.623237,24.056469,-1.777231,0.088863,0.089443,0.212568,0.8021,0,1.0,10
1900-01-01 14:01:26.663,22.014978,-1.618381,24.062245,-1.779331,0.084537,0.08572,0.208241,0.778526,0,1.0,10
1900-01-01 14:01:27.663,22.012615,-1.613656,24.060933,-1.776181,0.083166,0.084292,0.205136,0.901111,0,1.0,10
1900-01-01 14:01:28.663,22.014584,-1.613131,24.064477,-1.776181,0.083145,0.083268,0.201424,0.660655,0,1.0,10
1900-01-01 14:01:29.663,22.008809,-1.607881,24.062902,-1.781825,0.081098,0.080974,0.198217,0.990692,0,1.0,10
1900-01-01 14:01:30.663,22.017078,-1.609193,24.063295,-1.781169,0.080441,0.080843,0.195158,0.825674,0,1.0,10
1900-01-01 14:01:31.663,22.005527,-1.604074,24.061195,-1.783662,0.078756,0.079309,0.192714,0.688944,0,1.0,10
1900-01-01 14:01:32.663,22.008415,-1.599087,24.058176,-1.787337,0.079307,0.080039,0.190215,0.863392,0,1.0,10
1900-01-01 14:01:33.663,22.015109,-1.599743,24.061064,-1.790225,0.079433,0.079582,0.188304,0.811529,0,1.0,10
1900-01-01 14:01:34.663,22.012484,-1.592261,24.065658,-1.789831,0.078871,0.07974,0.187073,1.03784,0,1.0,10
1900-01-01 14:01:35.663,22.012221,-1.592918,24.064214,-1.790356,0.078961,0.080212,0.187386,1.051984,0,1.0,10
1900-01-01 14:01:36.663,22.011303,-1.586617,24.064346,-1.792194,0.078735,0.079383,0.185916,0.985977,0,1.0,10
1900-01-01 14:01:37.663,22.010252,-1.584649,24.063033,-1.789306,0.078488,0.079267,0.183885,1.014266,0,1.0,10
1900-01-01 14:01:38.663,22.007627,-1.583205,24.058832,-1.794031,0.077302,0.07785,0.182324,0.872822,0,1.0,10
1900-01-01 14:01:39.663,22.015765,-1.583861,24.060407,-1.7918,0.076824,0.076695,0.180468,0.811529,0,1.0,10
1900-01-01 14:01:40.663,22.008021,-1.578611,24.061851,-1.795475,0.074288,0.074784,0.178391,1.084988,0,1.0,10
1900-01-01 14:01:41.663,22.016028,-1.569554,24.066052,-1.797575,0.072482,0.073046,0.176655,0.948259,0,1.0,10
1900-01-01 14:01:42.663,22.015109,-1.571523,24.065921,-1.796,0.070613,0.071539,0.174863,0.778526,0,1.0,10
1900-01-01 14:01:43.663,22.015634,-1.567061,24.064477,-1.798231,0.071253,0.071471,0.173329,0.736092,0,1.0,10
1900-01-01 14:01:44.663,22.012221,-1.565092,24.067102,-1.800594,0.071411,0.072017,0.171528,0.891681,0,1.0,10
1900-01-01 14:01:45.663,22.019835,-1.558266,24.068678,-1.802431,0.070933,0.071775,0.169856,1.004836,0,1.0,10
1900-01-01 14:01:46.663,22.013665,-1.557479,24.069597,-1.805975,0.070681,0.071192,0.168276,0.717233,0,1.0,10
1900-01-01 14:01:47.663,22.010121,-1.557085,24.063164,-1.801119,0.070481,0.070132,0.166834,1.193429,0,1.0,10
1900-01-01 14:01:48.663,22.012878,-1.549735,24.067365,-1.805975,0.068686,0.069533,0.165649,1.094418,1,1.0,10
1900-01-01 14:01:49.663,22.017734,-1.544091,24.067102,-1.814506,0.068554,0.069286,0.164491,0.575789,1,1.0,10
1900-01-01 14:01:50.663,22.006577,-1.544616,24.067627,-1.819362,0.068717,0.068977,0.162525,1.009551,1,1.0,10
1900-01-01 14:01:51.663,22.008021,-1.546716,24.065396,-1.815818,0.068948,0.069586,0.161606,0.858677,1,1.0,10
1900-01-01 14:01:52.663,22.021016,-1.540285,24.071172,-1.818968,0.068056,0.068987,0.160366,0.66537,1,1.0,10
1900-01-01 14:01:53.663,22.00894,-1.543697,24.071566,-1.820018,0.068334,0.069349,0.159006,1.04727,1,1.0,10
1900-01-01 14:01:54.663,22.015372,-1.538972,24.071434,-1.820937,0.06699,0.068824,0.157904,1.018981,1,1.0,10
1900-01-01 14:01:55.663,22.01419,-1.530178,24.072485,-1.829206,0.067888,0.068593,0.156728,0.971833,1,1.0,10
1900-01-01 14:01:56.663,22.020097,-1.526503,24.06999,-1.829337,0.068229,0.068845,0.155708,0.971833,1,1.0,10
1900-01-01 14:01:57.663,22.014322,-1.529916,24.066315,-1.836031,0.067268,0.068247,0.154909,0.863392,1,1.0,10
1900-01-01 14:01:58.663,22.011434,-1.520334,24.070384,-1.8359,0.067447,0.069229,0.153797,1.254721,1,1.0,10
1900-01-01 14:01:59.663,22.006577,-1.518365,24.070515,-1.83695,0.068245,0.069139,0.152713,0.5475,1,1.0,10
1900-01-01 14:02:00.663,22.008284,-1.521515,24.071303,-1.844824,0.067525,0.069334,0.151482,1.023696,1,1.0,10
1900-01-01 14:02:01.663,22.010121,-1.518628,24.069071,-1.844431,0.068323,0.069255,0.150986,1.014266,1,1.0,10
1900-01-01 14:02:02.663,22.01104,-1.509834,24.076291,-1.845612,0.067693,0.069323,0.149819,1.000122,1,1.0,10
1900-01-01 14:02:03.663,22.012353,-1.50629,24.072091,-1.850074,0.068208,0.069969,0.149259,0.891681,1,1.0,10
1900-01-01 14:02:04.663,22.018653,-1.500252,24.073666,-1.848893,0.068045,0.069003,0.148799,1.080273,1,1.0,10
1900-01-01 14:02:05.663,22.012353,-1.49894,24.068678,-1.854143,0.067688,0.06925,0.147614,1.014266,1,1.0,10
1900-01-01 14:02:06.663,22.004739,-1.489095,24.067759,-1.860574,0.06847,0.069292,0.146594,1.094418,1,1.0,10
1900-01-01 14:02:07.663,22.001327,-1.491721,24.063427,-1.860049,0.067546,0.068903,0.145914,1.02841,1,1.0,10
1900-01-01 14:02:08.663,22.011303,-1.483058,24.070778,-1.855587,0.067079,0.069475,0.145308,0.552215,1,1.0,10
1900-01-01 14:02:09.663,22.01524,-1.477939,24.066315,-1.869499,0.067326,0.069754,0.144748,0.693659,1,1.0,10
1900-01-01 14:02:10.663,22.017734,-1.476758,24.065527,-1.864118,0.068113,0.069386,0.14393,0.717233,1,1.0,10
1900-01-01 14:02:11.663,22.011171,-1.469014,24.067365,-1.869762,0.067756,0.069617,0.143709,0.839818,1,1.0,10
1900-01-01 14:02:12.663,22.011565,-1.465863,24.064608,-1.870943,0.067856,0.069596,0.142791,0.8021,1,1.0,10
1900-01-01 14:02:13.663,22.011828,-1.463895,24.061851,-1.875143,0.067982,0.070074,0.142092,0.948259,1,1.0,10
1900-01-01 14:02:14.663,22.005527,-1.463501,24.058307,-1.880655,0.067636,0.069213,0.14122,0.66537,1,1.0,10
1900-01-01 14:02:15.663,22.017734,-1.459038,24.062508,-1.888268,0.067819,0.069549,0.14121,1.160425,1,1.0,10
1900-01-01 14:02:16.663,22.014059,-1.449325,24.055025,-1.882887,0.067646,0.069507,0.140301,1.014266,1,1.0,10
1900-01-01 14:02:17.663,22.00999,-1.446832,24.059226,-1.884199,0.067373,0.069292,0.140108,0.533356,1,1.0,10
1900-01-01 14:02:18.663,22.00999,-1.440269,24.059882,-1.890237,0.067531,0.069475,0.139603,0.863392,1,1.0,10
1900-01-01 14:02:19.663,22.014715,-1.434756,24.060407,-1.889974,0.06835,0.070006,0.138886,0.797385,1,1.0,10
1900-01-01 14:02:20.663,22.007627,-1.432787,24.062114,-1.894043,0.067772,0.069208,0.138638,0.717233,1,1.0,10
1900-01-01 14:02:21.663,22.00684,-1.431081,24.057388,-1.901393,0.067882,0.069365,0.138344,0.957688,1,1.0,10
1900-01-01 14:02:22.663,22.017341,-1.421368,24.063689,-1.896405,0.067594,0.069964,0.137765,1.089703,1,1.0,10
1900-01-01 14:02:23.663,22.013271,-1.423206,24.059882,-1.902574,0.067888,0.070158,0.137196,1.018981,1,1.0,10
1900-01-01 14:02:24.663,22.014453,-1.412968,24.067627,-1.901524,0.067048,0.069465,0.136865,1.160425,1,1.0,10
1900-01-01 14:02:25.663,22.005002,-1.405355,24.063558,-1.91163,0.068208,0.070231,0.13636,0.787955,1,1.0,10
1900-01-01 14:02:26.663,22.011696,-1.403911,24.066971,-1.913074,0.067825,0.069475,0.136534,0.778526,1,1.0,10
1900-01-01 14:02:27.663,22.010777,-1.39328,24.060801,-1.914649,0.067552,0.069885,0.136277,0.934114,1,1.0,10
1900-01-01 14:02:28.663,22.007496,-1.395905,24.068809,-1.916618,0.067714,0.069685,0.135569,0.905825,1,1.0,10
1900-01-01 14:02:29.663,22.014453,-1.391967,24.070253,-1.919374,0.067462,0.070242,0.135422,0.853963,1,1.0,10
1900-01-01 14:02:30.663,22.018784,-1.38593,24.071566,-1.922918,0.06731,0.070195,0.13522,1.03784,1,1.0,10
1900-01-01 14:02:31.663,22.006183,-1.381598,24.069071,-1.922261,0.067741,0.0701,0.134651,0.849248,1,1.0,10
1900-01-01 14:02:32.663,22.008809,-1.374248,24.065921,-1.921868,0.068182,0.070384,0.134513,0.618222,1,1.0,10
1900-01-01 14:02:33.663,22.008809,-1.369392,24.064477,-1.928955,0.067042,0.069591,0.134366,1.02841,1,1.0,10
1900-01-01 14:02:34.663,22.006708,-1.369654,24.064739,-1.932499,0.067021,0.069806,0.134173,1.051984,1,1.0,10
1900-01-01 14:02:35.663,22.015503,-1.359941,24.063427,-1.935518,0.067168,0.070205,0.133613,0.943544,1,1.0,10
1900-01-01 14:02:36.663,22.006052,-1.349966,24.066315,-1.934205,0.066743,0.06988,0.132969,0.853963,1,1.0,10
1900-01-01 14:02:37.663,22.010909,-1.351016,24.067102,-1.937355,0.06699,0.06967,0.132464,0.891681,1,1.0,10
1900-01-01 14:02:38.663,22.007627,-1.342484,24.070122,-1.944442,0.067147,0.070604,0.132501,1.000122,1,1.0,10
1900-01-01 14:02:39.663,22.014584,-1.339991,24.068153,-1.949299,0.067237,0.070536,0.132574,0.853963,1,1.0,10
1900-01-01 14:02:40.663,22.009859,-1.336053,24.07301,-1.945624,0.067846,0.07103,0.132042,1.075559,1,1.0,10
1900-01-01 14:02:41.663,22.003427,-1.326996,24.069203,-1.949824,0.066738,0.069502,0.132473,1.146281,1,1.0,10
1900-01-01 14:02:42.663,22.005133,-1.327653,24.06789,-1.957436,0.067205,0.070011,0.131885,0.835103,1,1.0,10
1900-01-01 14:02:43.663,22.008546,-1.314133,24.073797,-1.956124,0.067195,0.069958,0.131683,0.688944,1,1.0,10
1900-01-01 14:02:44.663,22.006971,-1.31374,24.066971,-1.95573,0.067504,0.070646,0.131279,1.150995,1,1.0,10
1900-01-01 14:02:45.663,22.010909,-1.311508,24.070384,-1.959405,0.067048,0.069822,0.131279,1.009551,1,1.0,10
1900-01-01 14:02:46.663,21.99962,-1.305471,24.070515,-1.965705,0.067625,0.070625,0.130893,0.929399,1,1.0,10
1900-01-01 14:02:47.663,22.008284,-1.297595,24.074454,-1.965049,0.06679,0.069937,0.130921,0.703089,1,1.0,10
1900-01-01 14:02:48.663,22.012484,-1.29602,24.073141,-1.968986,0.067531,0.071051,0.130866,0.830388,1,1.0,10
1900-01-01 14:02:49.663,22.000145,-1.292477,24.066183,-1.971742,0.067893,0.070951,0.131114,1.023696,1,1.0,10
1900-01-01 14:02:50.663,22.008415,-1.285126,24.073666,-1.971217,0.067111,0.071066,0.130342,0.886966,1,1.0,10
1900-01-01 14:02:51.663,22.006315,-1.276595,24.072878,-1.973842,0.066848,0.070452,0.130379,0.896396,1,1.0,10
1900-01-01 14:02:52.663,22.008415,-1.274495,24.075635,-1.976073,0.067016,0.06988,0.130075,0.924685,1,1.0,10
1900-01-01 14:02:53.663,22.006971,-1.270688,24.07616,-1.977517,0.066964,0.070646,0.129974,0.886966,1,1.0,10
1900-01-01 14:02:54.663,22.004083,-1.262813,24.079967,-1.97883,0.066601,0.070814,0.129745,0.740807,1,1.0,10
1900-01-01 14:02:55.663,22.014847,-1.257563,24.075898,-1.980142,0.067132,0.070032,0.129524,0.853963,1,1.0,10
1900-01-01 14:02:56.663,22.012221,-1.254282,24.077998,-1.982505,0.06742,0.071187,0.129589,0.787955,1,1.0,10
1900-01-01 14:02:57.663,22.003558,-1.245094,24.076423,-1.991561,0.067132,0.071108,0.130057,0.825674,1,1.0,10
1900-01-01 14:02:58.663,22.012615,-1.242469,24.073797,-1.990511,0.067268,0.071198,0.12912,0.599363,1,1.0,10
1900-01-01 14:02:59.663,22.010909,-1.239975,24.082724,-1.991298,0.067352,0.071129,0.12934,0.901111,1,1.0,10
1900-01-01 14:03:00.663,22.005264,-1.231968,24.075373,-1.989723,0.066223,0.070478,0.128964,0.938829,1,1.0,10
1900-01-01 14:03:01.663,22.009727,-1.227506,24.078129,-1.992086,0.066628,0.070557,0.129359,0.717233,1,1.0,10
1900-01-01 14:03:02.663,22.00684,-1.225012,24.071566,-1.992873,0.067237,0.071177,0.129193,0.924685,1,1.0,10
1900-01-01 14:03:03.663,22.006708,-1.21228,24.065921,-1.994055,0.06731,0.071759,0.129276,0.957688,1,1.0,10
1900-01-01 14:03:04.663,22.016422,-1.205324,24.067627,-1.999698,0.066874,0.071087,0.129166,0.759666,1,1.0,10
1900-01-01 14:03:05.663,22.013928,-1.206374,24.06894,-1.999567,0.067,0.070988,0.129065,0.886966,1,1.0,10
1900-01-01 14:03:06.663,22.010515,-1.199811,24.064214,-2.000617,0.067126,0.07083,0.128927,0.79267,1,1.0,10
1900-01-01 14:03:07.663,22.006183,-1.193642,24.062639,-2.009017,0.066654,0.070452,0.1289,0.797385,1,1.0,10
1900-01-01 14:03:08.663,22.003033,-1.184192,24.063033,-2.003242,0.067063,0.070898,0.128477,0.754952,1,1.0,10
1900-01-01 14:03:09.663,22.015765,-1.181435,24.060539,-2.009936,0.066916,0.070772,0.128688,0.844533,1,1.0,10
1900-01-01 14:03:10.663,22.01314,-1.174479,24.061064,-2.011248,0.066402,0.071213,0.128541,0.787955,1,1.0,10
1900-01-01 14:03:11.663,22.011565,-1.168704,24.060276,-2.013348,0.066418,0.070326,0.127825,0.8021,1,1.0,10
1900-01-01 14:03:12.663,22.016422,-1.164766,24.057126,-2.012692,0.06625,0.070189,0.128027,0.990692,1,1.0,10
1900-01-01 14:03:13.663,22.012615,-1.163191,24.053056,-2.013348,0.067163,0.071145,0.128018,1.353732,1,1.0,10
1900-01-01 14:03:14.663,22.011828,-1.149803,24.057913,-2.021092,0.067027,0.07083,0.128008,0.877537,1,1.0,10
1900-01-01 14:03:15.663,22.012353,-1.150853,24.055682,-2.022404,0.067405,0.071339,0.128275,0.698374,1,1.0,10
1900-01-01 14:03:16.663,22.011303,-1.141928,24.052137,-2.021748,0.066675,0.070405,0.127769,0.877537,1,1.0,10
1900-01-01 14:03:17.663,22.014715,-1.134315,24.055156,-2.027261,0.066554,0.070342,0.12799,1.004836,1,1.0,10
1900-01-01 14:03:18.663,22.017341,-1.134971,24.051875,-2.019911,0.066969,0.071124,0.127916,0.849248,1,1.0,10
1900-01-01 14:03:19.663,22.008677,-1.129327,24.047936,-2.026473,0.066916,0.070725,0.127402,0.580504,1,1.0,10
1900-01-01 14:03:20.663,22.016816,-1.122371,24.048068,-2.026736,0.066664,0.070735,0.127237,0.844533,1,1.0,10
1900-01-01 14:03:21.663,22.011303,-1.116858,24.044655,-2.034348,0.06688,0.072027,0.127595,0.868107,1,1.0,10
1900-01-01 14:03:22.663,22.011171,-1.106358,24.044392,-2.039336,0.067347,0.07229,0.127365,0.731378,1,1.0,10
1900-01-01 14:03:23.663,22.013928,-1.101633,24.040979,-2.039729,0.066323,0.071145,0.127567,0.759666,1,1.0,10
1900-01-01 14:03:24.663,22.01209,-1.098614,24.045311,-2.033167,0.067258,0.071093,0.12709,1.113277,1,1.0,10
1900-01-01 14:03:25.663,22.018653,-1.097301,24.044261,-2.035923,0.066234,0.070609,0.127016,0.981262,1,1.0,10
1900-01-01 14:03:26.663,22.009334,-1.091132,24.033759,-2.045767,0.066953,0.070762,0.127558,1.103847,1,1.0,10
1900-01-01 14:03:27.663,22.011171,-1.084307,24.041242,-2.045242,0.066785,0.07093,0.126685,0.91997,1,1.0,10
1900-01-01 14:03:28.663,22.013665,-1.075776,24.037435,-2.045635,0.066649,0.070935,0.126548,0.886966,1,1.0,10
1900-01-01 14:03:29.663,22.020228,-1.070788,24.035465,-2.051673,0.067142,0.071423,0.12697,0.759666,1,1.0,10
1900-01-01 14:03:30.663,22.011828,-1.062388,24.033234,-2.055085,0.066517,0.070662,0.126492,1.051984,1,1.0,10
1900-01-01 14:03:31.663,22.017866,-1.060288,24.03901,-2.05456,0.066276,0.070195,0.127025,0.985977,1,1.0,10
1900-01-01 14:03:32.663,22.009465,-1.053462,24.037828,-2.052329,0.066229,0.070525,0.126851,1.004836,1,1.0,10
1900-01-01 14:03:33.663,22.006315,-1.044143,24.036778,-2.053642,0.066244,0.070567,0.126603,0.55693,1,1.0,10
1900-01-01 14:03:34.663,22.013009,-1.043093,24.037435,-2.061385,0.067179,0.071639,0.126639,0.934114,1,1.0,10
1900-01-01 14:03:35.663,22.017078,-1.039287,24.036778,-2.053642,0.066271,0.070641,0.127034,0.740807,1,1.0,10
1900-01-01 14:03:36.663,22.018391,-1.030755,24.038091,-2.061385,0.066187,0.071282,0.12663,0.764381,1,1.0,10
1900-01-01 14:03:37.663,22.016159,-1.028262,24.038485,-2.056267,0.066397,0.070814,0.126511,1.000122,1,1.0,10
1900-01-01 14:03:38.663,22.016947,-1.02288,24.043211,-2.059154,0.065982,0.070919,0.126244,1.009551,1,1.0,10
1900-01-01 14:03:39.663,22.016816,-1.011724,24.040716,-2.059285,0.065898,0.070678,0.126786,0.948259,1,1.0,10
1900-01-01 14:03:40.663,22.018916,-1.002011,24.040191,-2.067423,0.066449,0.070778,0.126639,0.971833,1,1.0,10
1900-01-01 14:03:41.663,22.024297,-1.000961,24.050956,-2.074379,0.066565,0.071009,0.126575,1.056699,1,1.0,10
1900-01-01 14:03:42.663,22.016028,-1.000304,24.041373,-2.067029,0.066449,0.070636,0.126474,1.000122,1,1.0,10
1900-01-01 14:03:43.663,22.022854,-0.98731,24.039535,-2.074248,0.065546,0.070893,0.126566,0.745522,1,1.0,10
1900-01-01 14:03:44.663,22.032042,-0.989935,24.048199,-2.074773,0.06584,0.070195,0.126355,0.773811,1,1.0,10
1900-01-01 14:03:45.663,22.022328,-0.983898,24.047936,-2.077135,0.065677,0.070562,0.126079,0.929399,1,1.0,10
1900-01-01 14:03:46.663,22.027316,-0.976416,24.048987,-2.072673,0.065536,0.070294,0.126006,1.056699,1,1.0,10
1900-01-01 14:03:47.663,22.02036,-0.969985,24.038879,-2.08081,0.06595,0.071292,0.12663,0.641796,1,1.0,10
1900-01-01 14:03:48.663,22.019835,-0.965522,24.043867,-2.080416,0.065772,0.070473,0.126437,0.91997,1,1.0,10
1900-01-01 14:03:49.663,22.031123,-0.958041,24.051087,-2.080548,0.065457,0.071366,0.126364,1.316014,1,1.0,10
1900-01-01 14:03:50.663,22.022722,-0.952265,24.049774,-2.086979,0.064748,0.069953,0.126244,1.051984,1,1.0,10
1900-01-01 14:03:51.663,22.023247,-0.94544,24.055025,-2.079891,0.065746,0.070457,0.126437,0.750237,1,1.0,10
1900-01-01 14:03:52.663,22.027841,-0.941896,24.057651,-2.085798,0.065798,0.070982,0.126051,0.990692,1,1.0,10
1900-01-01 14:03:53.663,22.023247,-0.934677,24.053844,-2.091179,0.065509,0.071066,0.126198,0.670085,1,1.0,10
1900-01-01 14:03:54.663,22.025741,-0.934284,24.057126,-2.08711,0.066192,0.070841,0.126226,0.717233,1,1.0,10
1900-01-01 14:03:55.663,22.019178,-0.922208,24.059751,-2.090523,0.065919,0.071402,0.126318,0.962403,1,1.0,10
1900-01-01 14:03:56.663,22.024429,-0.918796,24.060407,-2.09026,0.06573,0.070867,0.126272,0.542785,1,1.0,10
1900-01-01 14:03:57.663,22.027448,-0.919321,24.063033,-2.091704,0.065441,0.070163,0.126345,1.183999,1,1.0,10
1900-01-01 14:03:58.663,22.030729,-0.910264,24.06579,-2.090916,0.065893,0.071171,0.126235,0.575789,1,1.0,10
1900-01-01 14:03:59.663,22.017341,-0.905276,24.059095,-2.093935,0.065877,0.071838,0.126088,0.78324,1,1.0,10
1900-01-01 14:04:00.663,22.028498,-0.898976,24.070515,-2.094591,0.065683,0.070756,0.126042,0.995407,1,1.0,10
1900-01-01 14:04:01.663,22.031254,-0.890051,24.068809,-2.092623,0.064879,0.071161,0.126318,0.787955,1,1.0,10
1900-01-01 14:04:02.663,22.032173,-0.887163,24.075241,-2.093541,0.064974,0.070893,0.126051,0.985977,1,1.0,10
1900-01-01 14:04:03.663,22.023247,-0.886376,24.068153,-2.092491,0.066255,0.071203,0.12584,0.717233,1,1.0,10
1900-01-01 14:04:04.663,22.023772,-0.881913,24.069728,-2.09446,0.065404,0.071969,0.126061,0.764381,1,1.0,10
1900-01-01 14:04:05.663,22.022066,-0.873775,24.069728,-2.094329,0.065856,0.072615,0.126125,0.891681,1,1.0,10
1900-01-01 14:04:06.663,22.018784,-0.867869,24.073666,-2.098135,0.065956,0.072017,0.125987,0.797385,1,1.0,10
1900-01-01 14:04:07.663,22.025347,-0.862094,24.074716,-2.097479,0.065709,0.071035,0.126153,0.985977,1,1.0,10
1900-01-01 14:04:08.663,22.029679,-0.85225,24.075766,-2.093804,0.06479,0.070132,0.126116,1.009551,1,1.0,10
1900-01-01 14:04:09.663,22.025873,-0.848181,24.075241,-2.089079,0.065284,0.071439,0.126033,0.995407,1,1.0,10
1900-01-01 14:04:10.663,22.030073,-0.849625,24.074979,-2.094723,0.064737,0.071276,0.126189,0.820959,1,1.0,10
1900-01-01 14:04:11.663,22.033748,-0.846606,24.077079,-2.088554,0.065373,0.071219,0.126198,0.679515,1,1.0,10
1900-01-01 14:04:12.663,22.025873,-0.841224,24.075898,-2.091179,0.065452,0.07178,0.125987,0.863392,1,1.0,10
1900-01-01 14:04:13.663,22.027316,-0.836237,24.074585,-2.091179,0.065084,0.070357,0.125831,0.825674,1,1.0,10
1900-01-01 14:04:14.663,22.022854,-0.835449,24.07301,-2.081598,0.064968,0.070394,0.125932,0.938829,1,1.0,10
1900-01-01 14:04:15.663,22.028235,-0.830199,24.076029,-2.088685,0.065268,0.071586,0.125822,1.15571,1,1.0,10
1900-01-01 14:04:16.663,22.020885,-0.82193,24.07406,-2.089866,0.064827,0.071203,0.126309,0.816244,1,1.0,10
1900-01-01 14:04:17.663,22.030992,-0.809461,24.078129,-2.092491,0.064953,0.070946,0.12607,0.882251,1,1.0,10
1900-01-01 14:04:18.663,22.021935,-0.808279,24.075635,-2.094329,0.064921,0.071114,0.125831,0.698374,1,1.0,10
1900-01-01 14:04:19.663,22.022066,-0.809329,24.070909,-2.088948,0.065352,0.070977,0.125721,0.750237,1,1.0,10
1900-01-01 14:04:20.663,22.024954,-0.806179,24.076029,-2.085798,0.065971,0.071849,0.12596,0.990692,1,1.0,10
1900-01-01 14:04:21.663,22.019441,-0.800535,24.075898,-2.092098,0.06501,0.071471,0.126401,1.061414,1,1.0,10
1900-01-01 14:04:22.663,22.023247,-0.785704,24.079705,-2.089998,0.066092,0.071964,0.1263,0.938829,1,1.0,10
1900-01-01 14:04:23.663,22.023379,-0.786229,24.079705,-2.084879,0.065158,0.071276,0.126033,0.754952,1,1.0,10
1900-01-01 14:04:24.663,22.027054,-0.779141,24.07721,-2.088816,0.065226,0.071245,0.126024,1.094418,1,1.0,10
1900-01-01 14:04:25.663,22.023247,-0.772841,24.082593,-2.084616,0.065026,0.070688,0.125748,0.915255,1,1.0,10
1900-01-01 14:04:26.663,22.032304,-0.769822,24.080886,-2.080416,0.064916,0.070799,0.125656,0.943544,1,1.0,10
1900-01-01 14:04:27.663,22.022854,-0.765097,24.081017,-2.086716,0.06542,0.07146,0.125583,0.981262,1,1.0,10
1900-01-01 14:04:28.663,22.024691,-0.767066,24.080886,-2.086454,0.064963,0.071166,0.125629,1.042555,1,1.0,10
1900-01-01 14:04:29.663,22.021147,-0.760765,24.080098,-2.083435,0.065693,0.071906,0.125509,0.825674,1,1.0,10
1900-01-01 14:04:30.663,22.018259,-0.75709,24.079967,-2.083829,0.065294,0.072043,0.12539,0.778526,1,1.0,10
1900-01-01 14:04:31.663,22.02456,-0.753284,24.082068,-2.080023,0.065504,0.071885,0.12607,0.703089,1,1.0,10
1900-01-01 14:04:32.663,22.023247,-0.745146,24.083774,-2.079104,0.064695,0.071576,0.126051,0.712518,1,1.0,10
1900-01-01 14:04:33.663,22.015897,-0.742521,24.083249,-2.083698,0.065761,0.07251,0.125712,0.608793,1,1.0,10
1900-01-01 14:04:34.663,22.023641,-0.73819,24.087056,-2.082123,0.065992,0.071885,0.125904,1.004836,1,1.0,10
1900-01-01 14:04:35.663,22.026004,-0.730577,24.088106,-2.077529,0.065247,0.07114,0.125904,0.853963,1,1.0,10
1900-01-01 14:04:36.663,22.021803,-0.734515,24.087712,-2.078316,0.065478,0.071177,0.125362,0.967118,1,1.0,10
1900-01-01 14:04:37.663,22.026529,-0.723489,24.091782,-2.076216,0.065026,0.071618,0.1255,0.750237,1,1.0,10
1900-01-01 14:04:38.663,22.025347,-0.724539,24.094538,-2.076348,0.065068,0.071187,0.125647,0.934114,1,1.0,10
1900-01-01 14:04:39.663,22.027841,-0.715876,24.094538,-2.074642,0.064837,0.071397,0.125849,0.901111,1,1.0,10
1900-01-01 14:04:40.663,22.025216,-0.705376,24.093488,-2.070704,0.06489,0.070447,0.126125,0.703089,1,1.0,10
1900-01-01 14:04:41.663,22.020622,-0.707607,24.086268,-2.067948,0.065404,0.071964,0.12562,0.948259,1,1.0,10
1900-01-01 14:04:42.663,22.022722,-0.70682,24.092569,-2.07241,0.064548,0.071749,0.125638,0.79267,1,1.0,10
1900-01-01 14:04:43.663,22.027841,-0.695532,24.091388,-2.071623,0.065515,0.071775,0.125519,0.825674,1,1.0,10
1900-01-01 14:04:44.663,22.023772,-0.691988,24.091257,-2.067554,0.064669,0.071528,0.126033,0.915255,1,1.0,10
1900-01-01 14:04:45.663,22.024954,-0.692382,24.092832,-2.065454,0.065121,0.070956,0.125528,1.117992,1,1.0,10
1900-01-01 14:04:46.663,22.018128,-0.687525,24.087844,-2.072148,0.065672,0.071817,0.125693,0.929399,1,1.0,10
1900-01-01 14:04:47.663,22.02246,-0.678469,24.091913,-2.068079,0.065252,0.07262,0.12595,0.769096,1,1.0,10
1900-01-01 14:04:48.663,22.02771,-0.677944,24.092176,-2.070442,0.065383,0.071765,0.125546,0.78324,1,1.0,10
1900-01-01 14:04:49.663,22.029023,-0.673481,24.092832,-2.068342,0.064622,0.071287,0.125776,0.962403,1,1.0,10
1900-01-01 14:04:50.663,22.029417,-0.668887,24.094801,-2.065454,0.065467,0.071833,0.126171,1.000122,1,1.0,10
1900-01-01 14:04:51.663,22.022591,-0.6618,24.093094,-2.060467,0.065016,0.07167,0.125748,0.981262,1,1.0,10
1900-01-01 14:04:52.663,22.015897,-0.660225,24.094013,-2.064535,0.06552,0.072442,0.125656,0.78324,1,1.0,10
1900-01-01 14:04:53.663,22.021541,-0.657993,24.102152,-2.067029,0.065635,0.072269,0.125969,0.882251,1,1.0,10
1900-01-01 14:04:54.663,22.021672,-0.652874,24.095457,-2.051542,0.065478,0.072337,0.125757,0.618222,1,1.0,10
1900-01-01 14:04:55.663,22.026923,-0.648018,24.092569,-2.054429,0.06479,0.071329,0.125666,0.985977,1,1.0,10
1900-01-01 14:04:56.663,22.019835,-0.648149,24.091125,-2.059548,0.065021,0.072153,0.126116,0.670085,1,1.0,10
1900-01-01 14:04:57.663,22.027973,-0.643818,24.091519,-2.046685,0.064312,0.071177,0.12584,0.820959,1,1.0,10
1900-01-01 14:04:58.663,22.016028,-0.641718,24.092701,-2.058498,0.064821,0.071345,0.125546,0.938829,1,1.0,10
1900-01-01 14:04:59.663,22.017866,-0.63463,24.087712,-2.049967,0.064664,0.071266,0.125509,0.868107,1,1.0,10
1900-01-01 14:05:00.663,22.022985,-0.635155,24.090075,-2.050623,0.064727,0.071607,0.125344,0.839818,1,1.0,10
1900-01-01 14:05:01.663,22.009202,-0.624392,24.076685,-2.052985,0.065105,0.071875,0.125684,0.981262,1,1.0,10
1900-01-01 14:05:02.663,22.025085,-0.623473,24.079705,-2.050229,0.064753,0.071717,0.125482,0.816244,1,1.0,10
1900-01-01 14:05:03.663,22.016947,-0.617173,24.07616,-2.043273,0.065116,0.072211,0.125803,0.943544,1,1.0,10
1900-01-01 14:05:04.663,22.022197,-0.613104,24.071434,-2.048917,0.064774,0.072263,0.125886,0.976548,1,1.0,10
1900-01-01 14:05:05.663,22.013928,-0.612842,24.066577,-2.049179,0.064869,0.071828,0.1255,0.934114,1,1.0,10
1900-01-01 14:05:06.663,22.020885,-0.60536,24.068415,-2.049179,0.064821,0.07262,0.125702,0.787955,1,1.0,10
1900-01-01 14:05:07.663,22.029154,-0.605492,24.068546,-2.042354,0.064989,0.071828,0.125877,0.882251,1,1.0,10
1900-01-01 14:05:08.663,22.021278,-0.602341,24.070909,-2.043929,0.065089,0.071707,0.12562,1.113277,1,1.0,10
1900-01-01 14:05:09.663,22.018259,-0.59696,24.066709,-2.045504,0.065467,0.072547,0.125757,0.490922,1,1.0,10
1900-01-01 14:05:10.663,22.021935,-0.595122,24.069203,-2.036317,0.064638,0.071093,0.125463,0.971833,1,1.0,10
1900-01-01 14:05:11.663,22.017078,-0.591316,24.067365,-2.038942,0.065116,0.071266,0.12539,0.938829,1,1.0,10
1900-01-01 14:05:12.663,22.019309,-0.585147,24.064346,-2.039073,0.064879,0.071607,0.125666,0.613507,1,1.0,10
1900-01-01 14:05:13.663,22.021147,-0.587903,24.064346,-2.036973,0.065016,0.071129,0.125537,0.670085,1,1.0,10
1900-01-01 14:05:14.663,22.02561,-0.582653,24.067759,-2.035004,0.064774,0.071292,0.12562,0.948259,1,1.0,10
1900-01-01 14:05:15.663,22.017603,-0.581472,24.065133,-2.039467,0.064554,0.071413,0.125427,1.132136,1,1.0,10
1900-01-01 14:05:16.663,22.028235,-0.571103,24.067365,-2.033167,0.06479,0.072395,0.125041,0.849248,1,1.0,10
1900-01-01 14:05:17.663,22.019441,-0.573334,24.064871,-2.032904,0.064365,0.071817,0.12528,0.938829,1,1.0,10
1900-01-01 14:05:18.663,22.021672,-0.571234,24.065658,-2.021223,0.064517,0.072594,0.125454,0.853963,1,1.0,10
1900-01-01 14:05:19.663,22.017866,-0.565459,24.067759,-2.023848,0.064601,0.071565,0.125712,0.764381,1,1.0,10
1900-01-01 14:05:20.663,22.017997,-0.565196,24.069071,-2.036579,0.06459,0.072064,0.125307,0.745522,1,1.0,10
1900-01-01 14:05:21.663,22.020885,-0.561784,24.066709,-2.030804,0.064218,0.071534,0.125124,1.094418,1,1.0,10
1900-01-01 14:05:22.663,22.015503,-0.557846,24.069859,-2.034873,0.064396,0.072521,0.125592,1.02841,1,1.0,10
1900-01-01 14:05:23.663,22.01629,-0.553909,24.062902,-2.033167,0.064302,0.072164,0.125206,0.571074,1,1.0,10
1900-01-01 14:05:24.663,22.022066,-0.54879,24.066709,-2.026736,0.064617,0.071376,0.125537,0.981262,1,1.0,10
1900-01-01 14:05:25.663,22.023904,-0.546033,24.071434,-2.032642,0.064307,0.072095,0.125675,0.797385,1,1.0,10
1900-01-01 14:05:26.663,22.01419,-0.544065,24.064871,-2.026211,0.064858,0.071885,0.124885,1.009551,1,1.0,10
1900-01-01 14:05:27.663,22.017472,-0.542227,24.05962,-2.028048,0.065121,0.072699,0.125427,0.91054,1,1.0,10
1900-01-01 14:05:28.663,22.012484,-0.536189,24.059095,-2.026079,0.064548,0.071297,0.125831,0.943544,1,1.0,10
1900-01-01 14:05:29.663,22.023116,-0.53317,24.061983,-2.026998,0.064806,0.071807,0.125693,0.91997,1,1.0,10
1900-01-01 14:05:30.663,22.022197,-0.526214,24.059751,-2.026079,0.065079,0.072153,0.12562,1.070844,1,1.0,10
1900-01-01 14:05:31.663,22.024691,-0.525689,24.059489,-2.028836,0.065121,0.072631,0.125316,1.023696,1,1.0,10
1900-01-01 14:05:32.663,22.016684,-0.524376,24.055419,-2.026211,0.06459,0.071492,0.125555,0.995407,1,1.0,10
1900-01-01 14:05:33.663,22.019178,-0.525951,24.055288,-2.026473,0.065226,0.071791,0.125454,0.929399,1,1.0,10
1900-01-01 14:05:34.663,22.019835,-0.520701,24.055156,-2.027261,0.065252,0.072074,0.125638,1.27358,1,1.0,10
1900-01-01 14:05:35.663,22.013665,-0.51637,24.055813,-2.026211,0.064953,0.072358,0.125316,0.731378,1,1.0,10
1900-01-01 14:05:36.663,22.010909,-0.507707,24.056075,-2.028311,0.064506,0.072484,0.125436,0.901111,1,1.0,10
1900-01-01 14:05:37.663,22.016553,-0.505213,24.053319,-2.028048,0.064737,0.071308,0.125179,0.8021,1,1.0,10
1900-01-01 14:05:38.663,22.014978,-0.507838,24.048987,-2.026079,0.064821,0.072689,0.125454,0.797385,1,1.0,10
1900-01-01 14:05:39.663,22.018259,-0.502457,24.051612,-2.025948,0.065478,0.071912,0.125362,0.670085,1,1.0,10
1900-01-01 14:05:40.663,22.022985,-0.497469,24.047543,-2.020042,0.064438,0.071528,0.125307,0.726663,1,1.0,10
1900-01-01 14:05:41.663,22.021278,-0.498651,24.049249,-2.023848,0.064664,0.072379,0.125298,1.004836,1,1.0,10
1900-01-01 14:05:42.663,22.011696,-0.493138,24.0524,-2.026473,0.064501,0.072395,0.125289,1.183999,1,1.0,10
1900-01-01 14:05:43.663,22.01524,-0.4955,24.0524,-2.026079,0.064669,0.071985,0.125601,0.929399,1,1.0,10
1900-01-01 14:05:44.663,22.01419,-0.492613,24.048987,-2.021223,0.065704,0.072956,0.12573,0.764381,1,1.0,10
1900-01-01 14:05:45.663,22.013534,-0.487625,24.042292,-2.023586,0.06521,0.071586,0.125565,0.872822,1,1.0,10
1900-01-01 14:05:46.663,22.019178,-0.485394,24.04833,-2.023323,0.064937,0.071649,0.125124,0.849248,1,1.0,10
1900-01-01 14:05:47.663,22.020885,-0.479619,24.048068,-2.020829,0.06553,0.072284,0.124977,0.938829,1,1.0,10
1900-01-01 14:05:48.663,22.011434,-0.479881,24.044261,-2.024767,0.064774,0.072552,0.125831,0.797385,1,1.0,10
1900-01-01 14:05:49.663,22.013665,-0.478175,24.048724,-2.024373,0.064989,0.072836,0.125427,0.924685,1,1.0,10
1900-01-01 14:05:50.663,22.008284,-0.477781,24.046624,-2.023979,0.064638,0.071691,0.125794,1.202858,1,1.0,10
1900-01-01 14:05:51.663,22.018916,-0.467018,24.052137,-2.024767,0.064827,0.071681,0.125399,1.231147,1,1.0,10
1900-01-01 14:05:52.663,22.01209,-0.464787,24.050956,-2.018861,0.065058,0.072116,0.125638,0.943544,1,1.0,10
1900-01-01 14:05:53.663,22.010777,-0.470562,24.045705,-2.027654,0.065578,0.073019,0.125583,0.990692,1,1.0,10
1900-01-01 14:05:54.663,22.013009,-0.469381,24.049774,-2.025292,0.064848,0.072431,0.124894,1.033125,1,1.0,10
1900-01-01 14:05:55.663,22.011565,-0.465706,24.047411,-2.027917,0.0648,0.071765,0.125353,0.806814,1,1.0,10
1900-01-01 14:05:56.663,22.011565,-0.456255,24.050299,-2.021748,0.065494,0.072689,0.125022,0.797385,1,1.0,10
1900-01-01 14:05:57.663,22.013009,-0.455074,24.052662,-2.030017,0.064879,0.072358,0.125427,0.608793,1,1.0,10
1900-01-01 14:05:58.663,22.01209,-0.454943,24.052268,-2.018598,0.065336,0.072536,0.125252,0.868107,1,1.0,10
1900-01-01 14:05:59.663,22.015897,-0.44418,24.050562,-2.022142,0.065089,0.072153,0.125445,0.91054,1,1.0,10
1900-01-01 14:06:00.663,22.010384,-0.455205,24.047018,-2.018861,0.065394,0.071975,0.12528,0.698374,1,1.0,10
1900-01-01 14:06:01.663,22.01314,-0.44628,24.051612,-2.023979,0.065326,0.072158,0.12539,0.853963,1,1.0,10
1900-01-01 14:06:02.663,22.012615,-0.440899,24.055025,-2.022667,0.065431,0.072878,0.125271,0.759666,1,1.0,10
1900-01-01 14:06:03.663,22.015634,-0.442867,24.052662,-2.022142,0.064716,0.072174,0.125059,0.901111,1,1.0,10
1900-01-01 14:06:04.663,22.018391,-0.436042,24.061326,-2.022011,0.06479,0.071486,0.125509,0.679515,1,1.0,10
1900-01-01 14:06:05.663,22.015372,-0.439324,24.052137,-2.022011,0.064863,0.072479,0.125666,0.622937,1,1.0,10
1900-01-01 14:06:06.663,22.018391,-0.438667,24.055419,-2.024373,0.065095,0.071717,0.1255,0.934114,1,1.0,10
1900-01-01 14:06:07.663,22.009334,-0.433548,24.053581,-2.028704,0.065357,0.072647,0.125059,1.207573,1,1.0,10
1900-01-01 14:06:08.663,22.015634,-0.426329,24.059357,-2.029492,0.065284,0.071833,0.125344,1.033125,1,1.0,10
1900-01-01 14:06:09.663,22.017078,-0.429086,24.055944,-2.021354,0.065247,0.071859,0.125206,0.726663,1,1.0,10
1900-01-01 14:06:10.663,22.009334,-0.431842,24.057782,-2.024504,0.065646,0.0723,0.125721,0.915255,1,1.0,10
1900-01-01 14:06:11.663,22.011565,-0.429742,24.06277,-2.021354,0.065299,0.072158,0.125739,1.056699,1,1.0,10
1900-01-01 14:06:12.663,22.015372,-0.423836,24.059489,-2.023979,0.065383,0.072221,0.126061,1.018981,1,1.0,10
1900-01-01 14:06:13.663,22.010252,-0.421211,24.05555,-2.032642,0.066612,0.072983,0.12561,0.778526,1,1.0,10
1900-01-01 14:06:14.663,22.008021,-0.41596,24.054369,-2.028442,0.065788,0.071833,0.125813,0.773811,1,1.0,10
1900-01-01 14:06:15.663,22.011434,-0.41911,24.055156,-2.029623,0.065247,0.072305,0.125454,0.8021,1,1.0,10
1900-01-01 14:06:16.663,22.013009,-0.414254,24.056075,-2.028179,0.065242,0.0724,0.125656,0.985977,1,1.0,10
1900-01-01 14:06:17.663,22.007496,-0.415829,24.055025,-2.031461,0.065147,0.073098,0.126125,0.6748,1,1.0,10
1900-01-01 14:06:18.663,22.007758,-0.40651,24.057651,-2.034217,0.065268,0.072736,0.125666,0.938829,1,1.0,10
1900-01-01 14:06:19.663,22.010646,-0.412416,24.052006,-2.035398,0.065966,0.072437,0.125757,1.061414,1,1.0,10
1900-01-01 14:06:20.663,22.011959,-0.403754,24.053319,-2.029623,0.065404,0.071896,0.125941,0.872822,1,1.0,10
1900-01-01 14:06:21.663,22.005527,-0.402441,24.058044,-2.027523,0.066076,0.072547,0.126061,0.750237,1,1.0,10
1900-01-01 14:06:22.663,22.008809,-0.403097,24.060407,-2.026079,0.065357,0.07229,0.125656,0.943544,1,1.0,10
1900-01-01 14:06:23.663,22.005658,-0.398504,24.061064,-2.031461,0.066024,0.072573,0.125757,0.849248,1,1.0,10
1900-01-01 14:06:24.663,22.002771,-0.400341,24.06067,-2.032904,0.06595,0.072232,0.12562,0.646511,1,1.0,10
1900-01-01 14:06:25.663,22.009465,-0.397191,24.061851,-2.032511,0.065031,0.071129,0.125004,0.816244,1,1.0,10
1900-01-01 14:06:26.663,22.001983,-0.395091,24.057126,-2.033429,0.066192,0.072363,0.12561,1.108562,1,1.0,10
1900-01-01 14:06:27.663,22.008021,-0.391285,24.058176,-2.034217,0.065084,0.070284,0.125381,0.825674,1,1.0,10
1900-01-01 14:06:28.663,22.001327,-0.384591,24.065396,-2.031461,0.064837,0.071192,0.12573,0.773811,1,1.0,10
1900-01-01 14:06:29.663,22.010121,-0.394172,24.058176,-2.037104,0.065257,0.071639,0.12573,0.91997,1,1.0,10
1900-01-01 14:06:30.663,22.006708,-0.385772,24.057519,-2.039992,0.065226,0.07157,0.12573,0.952974,1,1.0,10
1900-01-01 14:06:31.663,22.002639,-0.384984,24.058963,-2.037498,0.065625,0.07166,0.125748,0.641796,1,1.0,10
1900-01-01 14:06:32.663,22.010121,-0.376584,24.062114,-2.037761,0.065662,0.071003,0.125565,0.901111,1,1.0,10
1900-01-01 14:06:33.663,22.005921,-0.381966,24.06277,-2.037236,0.065105,0.071544,0.125225,0.740807,1,1.0,10
1900-01-01 14:06:34.663,22.002377,-0.377897,24.056732,-2.031461,0.065824,0.071864,0.125087,0.816244,1,1.0,10
1900-01-01 14:06:35.663,22.008021,-0.376978,24.058832,-2.046029,0.065047,0.071859,0.125206,0.858677,1,1.0,10
1900-01-01 14:06:36.663,21.999489,-0.373434,24.057519,-2.036448,0.06479,0.070583,0.125362,0.858677,1,1.0,10
1900-01-01 14:06:37.663,22.00999,-0.378028,24.062377,-2.040123,0.065042,0.070457,0.125022,0.995407,1,1.0,10
1900-01-01 14:06:38.663,22.008677,-0.371596,24.058307,-2.037629,0.065614,0.071114,0.125096,0.740807,1,1.0,10
1900-01-01 14:06:39.663,22.008677,-0.36884,24.055682,-2.045898,0.065373,0.071502,0.125372,0.957688,1,1.0,10
1900-01-01 14:06:40.663,22.002639,-0.36674,24.058832,-2.042617,0.065945,0.072374,0.125372,0.901111,1,1.0,10
1900-01-01 14:06:41.663,22.011565,-0.359127,24.059489,-2.043929,0.06531,0.072095,0.125583,1.056699,1,1.0,10
1900-01-01 14:06:42.663,22.013009,-0.354665,24.055944,-2.048129,0.065767,0.071381,0.125647,0.905825,1,1.0,10
1900-01-01 14:06:43.663,22.007365,-0.360046,24.06067,-2.04406,0.065725,0.071009,0.126336,0.688944,1,1.0,10
1900-01-01 14:06:44.663,22.012353,-0.361621,24.060933,-2.040648,0.065026,0.070893,0.125739,0.929399,1,1.0,10
1900-01-01 14:06:45.663,22.007758,-0.35939,24.060145,-2.047998,0.066066,0.071717,0.125601,0.679515,1,1.0,10
1900-01-01 14:06:46.663,22.008021,-0.359521,24.058701,-2.050098,0.065677,0.071864,0.125408,0.924685,1,1.0,10
1900-01-01 14:06:47.663,22.010121,-0.357946,24.062639,-2.049835,0.065551,0.071355,0.125813,1.023696,1,1.0,10
1900-01-01 14:06:48.663,22.015372,-0.350596,24.06789,-2.04931,0.065746,0.071744,0.125528,0.915255,1,1.0,10
1900-01-01 14:06:49.663,22.006708,-0.354796,24.065133,-2.047604,0.065851,0.07166,0.125381,1.051984,1,1.0,10
1900-01-01 14:06:50.663,22.007496,-0.349677,24.060539,-2.047079,0.065609,0.071681,0.12561,1.070844,1,1.0,10
1900-01-01 14:06:51.663,22.000145,-0.349021,24.062508,-2.044717,0.065509,0.07093,0.126143,0.962403,1,1.0,10
1900-01-01 14:06:52.663,22.010777,-0.33957,24.057782,-2.050623,0.065126,0.071051,0.125133,0.872822,1,1.0,10
1900-01-01 14:06:53.663,22.006315,-0.344821,24.06067,-2.047342,0.065735,0.071555,0.125243,1.136851,1,1.0,10
1900-01-01 14:06:54.663,22.004608,-0.343245,24.06579,-2.049048,0.065882,0.071261,0.125307,1.009551,1,1.0,10
1900-01-01 14:06:55.663,22.005658,-0.340752,24.064871,-2.050229,0.066229,0.071255,0.125638,0.943544,1,1.0,10
1900-01-01 14:06:56.663,22.011565,-0.340095,24.062902,-2.054954,0.065819,0.071749,0.125537,0.622937,1,1.0,10
1900-01-01 14:06:57.663,22.011959,-0.338783,24.061851,-2.052723,0.064191,0.072022,0.125748,0.91054,0,1.0,10
1900-01-01 14:06:58.663,22.008415,-0.33327,24.05555,-2.05561,0.064916,0.070609,0.125785,0.726663,0,1.0,10
1900-01-01 14:06:59.663,22.002508,-0.333533,24.058307,-2.055217,0.0648,0.070205,0.125712,0.872822,0,1.0,10
1900-01-01 14:07:00.663,22.013796,-0.330908,24.05962,-2.052198,0.064254,0.069344,0.125353,0.830388,0,1.0,10
1900-01-01 14:07:01.663,22.003164,-0.334451,24.05857,-2.05981,0.064086,0.070216,0.12528,0.632367,0,1.0,10
1900-01-01 14:07:02.663,22.006183,-0.339439,24.055419,-2.05981,0.063609,0.069166,0.125068,0.825674,0,1.0,10
1900-01-01 14:07:03.663,22.001327,-0.331039,24.06172,-2.064142,0.063435,0.067932,0.125316,0.844533,0,1.0,10
1900-01-01 14:07:04.663,22.004477,-0.324739,24.062508,-2.068079,0.062879,0.067459,0.125353,1.02841,0,1.0,10
1900-01-01 14:07:05.663,22.005133,-0.324476,24.057257,-2.05876,0.062181,0.066761,0.125418,0.580504,0,1.0,10
1900-01-01 14:07:06.663,22.008021,-0.326445,24.064346,-2.066635,0.061913,0.065737,0.125473,0.787955,0,1.0,10
1900-01-01 14:07:07.663,22.007496,-0.31962,24.063821,-2.067817,0.061519,0.065758,0.125151,0.858677,0,1.0,10
1900-01-01 14:07:08.663,22.00789,-0.318045,24.065265,-2.068473,0.062338,0.065317,0.125114,0.764381,0,1.0,10
1900-01-01 14:07:09.663,22.005396,-0.320801,24.06999,-2.071623,0.061619,0.065207,0.125188,0.967118,0,1.0,10
1900-01-01 14:07:10.663,22.002508,-0.321589,24.068678,-2.07766,0.061629,0.065359,0.124664,0.952974,0,1.0,10
1900-01-01 14:07:11.663,22.00172,-0.318701,24.065002,-2.07766,0.062349,0.065296,0.12449,0.967118,0,1.0,10
1900-01-01 14:07:12.663,22.002902,-0.310826,24.068284,-2.083304,0.062286,0.065795,0.124591,0.905825,0,1.0,10
1900-01-01 14:07:13.663,22.004871,-0.309251,24.066052,-2.081073,0.061965,0.066341,0.124508,0.839818,0,1.0,10
1900-01-01 14:07:14.663,22.001983,-0.314501,24.065002,-2.084223,0.063509,0.068142,0.124618,0.6748,0,1.0,10
1900-01-01 14:07:15.663,22.006708,-0.312794,24.064214,-2.085929,0.066407,0.071917,0.124554,0.703089,0,1.0,10
1900-01-01 14:07:16.663,22.011828,-0.308463,24.064608,-2.08816,0.075107,0.091154,0.135808,1.132136,0,1.0,10
1900-01-01 14:07:17.663,22.01104,-0.308857,24.064608,-2.091441,0.103553,0.116005,0.173899,0.769096,0,1.0,10
1900-01-01 14:07:18.663,22.01104,-0.305838,24.062114,-2.098266,0.115414,0.116246,0.194442,1.108562,0,1.0,10
1900-01-01 14:07:19.663,21.989776,-0.310432,24.060539,-2.094198,0.10841,0.108271,0.195158,0.943544,0,1.0,10
1900-01-01 14:07:20.663,22.010909,-0.321064,24.062902,-2.082516,0.104882,0.104501,0.195287,0.589933,0,1.0,10
1900-01-01 14:07:21.663,22.010121,-0.360177,24.063558,-2.07031,0.113141,0.114151,0.199201,0.55693,0,1.0,10
1900-01-01 14:07:22.663,22.004871,-0.398372,24.062245,-2.045635,0.11775,0.118567,0.205264,0.514496,0,1.0,10
1900-01-01 14:07:23.663,22.000539,-0.4682,24.06067,-2.011642,0.126891,0.12869,0.23142,0.915255,0,1.0,10
1900-01-01 14:07:24.663,22.004871,-0.524639,24.064739,-1.974498,0.1407,0.142677,0.257604,0.688944,0,1.0,10
1900-01-01 14:07:25.663,22.016553,-0.601291,24.070122,-1.94523,0.144018,0.145412,0.266332,1.16514,0,1.0,10
1900-01-01 14:07:26.663,22.003689,-0.664293,24.067759,-1.917668,0.144365,0.14662,0.268601,0.882251,0,1.0,10
1900-01-01 14:07:27.663,22.014322,-0.735565,24.070122,-1.894043,0.144979,0.146809,0.269116,0.929399,0,1.0,10
1900-01-01 14:07:28.663,22.013796,-0.796467,24.072485,-1.88013,0.146675,0.148011,0.269391,0.693659,0,1.0,10
1900-01-01 14:07:29.663,22.009596,-0.869838,24.073141,-1.864381,0.146312,0.147691,0.270393,0.981262,0,1.0,10
1900-01-01 14:07:30.663,21.995157,-0.931002,24.063821,-1.855456,0.144837,0.146399,0.270815,0.787955,0,1.0,10
1900-01-01 14:07:31.663,22.006971,-0.992298,24.072222,-1.844037,0.144485,0.146252,0.271119,0.811529,0,1.0,10
1900-01-01 14:07:32.663,22.015372,-1.040468,24.081805,-1.823431,0.144674,0.146478,0.271872,0.924685,0,1.0,10
1900-01-01 14:07:33.663,22.022854,-1.094939,24.076685,-1.817787,0.144086,0.145722,0.272368,0.896396,0,1.0,10
1900-01-01 14:07:34.663,22.01419,-1.143765,24.072747,-1.811618,0.143798,0.146026,0.272754,0.79267,0,1.0,10
1900-01-01 14:07:35.663,22.006315,-1.190361,24.077867,-1.80545,0.144527,0.14641,0.273333,0.769096,0,1.0,10
1900-01-01 14:07:36.663,22.005264,-1.222518,24.075504,-1.792325,0.144585,0.146756,0.273774,1.127421,0,1.0,10
1900-01-01 14:07:37.663,21.99647,-1.2573,24.078523,-1.793637,0.144123,0.146047,0.274297,0.868107,0,1.0,10
1900-01-01 14:07:38.663,22.008546,-1.287226,24.082986,-1.779331,0.143693,0.145617,0.274555,0.816244,0,1.0,10
1900-01-01 14:07:39.663,22.016684,-1.309933,24.08443,-1.778544,0.144407,0.146357,0.275198,0.646511,0,1.0,10
1900-01-01 14:07:40.663,22.019703,-1.332509,24.091125,-1.774475,0.143288,0.145407,0.275464,1.03784,0,1.0,10
1900-01-01 14:07:41.663,21.993976,-1.364404,24.082855,-1.779725,0.144165,0.145843,0.275859,0.882251,0,1.0,10
1900-01-01 14:07:42.663,22.02141,-1.37451,24.08955,-1.769356,0.14438,0.146457,0.276107,0.670085,0,1.0,10
1900-01-01 14:07:43.663,22.014715,-1.386061,24.101759,-1.754131,0.148875,0.150374,0.276934,0.787955,0,1.0,10
1900-01-01 14:07:44.663,21.996339,-1.409293,24.092176,-1.757806,0.153075,0.154763,0.277788,0.948259,0,1.0,10
1900-01-01 14:07:45.663,22.014847,-1.4215,24.099396,-1.760956,0.168306,0.169937,0.287646,0.78324,0,1.0,10
1900-01-01 14:07:46.663,22.009727,-1.431737,24.096508,-1.752031,0.201273,0.204416,0.3378,0.835103,0,1.0,10
1900-01-01 14:07:47.663,22.016028,-1.435412,24.101627,-1.748488,0.21839,0.221821,0.348301,0.91054,0,1.0,10
1900-01-01 14:07:48.663,22.018259,-1.438563,24.105959,-1.753213,0.219608,0.222226,0.352821,0.934114,0,1.0,10
1900-01-01 14:07:49.663,22.017997,-1.441056,24.105828,-1.738907,0.219566,0.221947,0.353933,0.830388,0,1.0,10
1900-01-01 14:07:50.663,22.009071,-1.442369,24.100052,-1.736938,0.219219,0.221464,0.355265,0.901111,0,1.0,10
1900-01-01 14:07:51.663,22.011565,-1.447094,24.102677,-1.736807,0.216352,0.219028,0.356156,0.415485,0,1.0,10
1900-01-01 14:07:52.663,22.00579,-1.451425,24.108716,-1.732213,0.211123,0.213048,0.356349,0.552215,0,1.0,10
1900-01-01 14:07:53.663,22.004739,-1.458907,24.10294,-1.72355,0.211029,0.213605,0.357001,1.014266,0,1.0,10
1900-01-01 14:07:54.663,21.989382,-1.460351,24.092701,-1.730113,0.212467,0.215054,0.357277,1.018981,0,1.0,10
1900-01-01 14:07:55.663,22.005396,-1.459301,24.104909,-1.720663,0.208136,0.210502,0.358434,1.014266,0,1.0,10
1900-01-01 14:07:56.663,21.99227,-1.459563,24.098477,-1.719613,0.208062,0.209247,0.358692,1.132136,0,1.0,10
1900-01-01 14:07:57.663,22.002114,-1.467701,24.104121,-1.713707,0.203526,0.205414,0.358591,0.990692,0,1.0,10
1900-01-01 14:07:58.663,22.006052,-1.472557,24.100971,-1.713969,0.201678,0.202972,0.358434,0.971833,0,1.0,10
1900-01-01 14:07:59.663,22.006971,-1.468882,24.100315,-1.709507,0.199572,0.201796,0.358352,0.938829,0,1.0,10
1900-01-01 14:08:00.663,22.017734,-1.474264,24.111735,-1.695463,0.192647,0.193159,0.358232,0.891681,0,1.0,10
1900-01-01 14:08:01.663,21.996995,-1.480564,24.105959,-1.699794,0.190206,0.191427,0.357663,1.094418,0,1.0,10
1900-01-01 14:08:02.663,22.013271,-1.475839,24.111079,-1.694019,0.186735,0.187552,0.357304,0.514496,0,1.0,10
1900-01-01 14:08:03.663,21.998439,-1.475839,24.106484,-1.690607,0.186599,0.187846,0.357451,0.844533,0,1.0,10
1900-01-01 14:08:04.663,22.017997,-1.467439,24.114623,-1.684701,0.184966,0.185436,0.356735,0.679515,0,1.0,10
1900-01-01 14:08:05.663,22.008152,-1.47387,24.110816,-1.684176,0.18684,0.187851,0.356294,0.952974,0,1.0,10
1900-01-01 14:08:06.663,22.013928,-1.46967,24.11016,-1.684701,0.189176,0.19003,0.355752,0.797385,0,1.0,10
1900-01-01 14:08:07.663,22.003296,-1.474789,24.103334,-1.682076,0.179201,0.179682,0.355761,0.882251,0,1.0,10
1900-01-01 14:08:08.663,22.012221,-1.472951,24.109504,-1.679188,0.175169,0.176295,0.354732,0.929399,0,1.0,10
1900-01-01 14:08:09.663,21.997126,-1.478464,24.099133,-1.677876,0.177347,0.178758,0.354153,0.618222,0,1.0,10
1900-01-01 14:08:10.663,22.011434,-1.476889,24.104121,-1.671182,0.176702,0.17808,0.35294,0.882251,0,1.0,10
1900-01-01 14:08:11.663,22.008415,-1.470589,24.102546,-1.666457,0.180928,0.182155,0.352555,0.929399,0,1.0,10
1900-01-01 14:08:12.663,22.020622,-1.467964,24.103334,-1.663307,0.181248,0.182407,0.352297,1.014266,0,1.0,10
1900-01-01 14:08:13.663,22.004477,-1.471245,24.097426,-1.66567,0.181647,0.182695,0.351608,0.901111,0,1.0,10
1900-01-01 14:08:14.663,22.003821,-1.471245,24.103596,-1.655957,0.181516,0.181966,0.351011,0.651226,0,1.0,10
1900-01-01 14:08:15.663,22.018916,-1.46232,24.099396,-1.649657,0.180797,0.181798,0.35034,0.589933,0,1.0,10
1900-01-01 14:08:16.663,21.998701,-1.465076,24.09572,-1.650313,0.180382,0.181441,0.350432,0.651226,0,1.0,10
1900-01-01 14:08:17.663,22.021016,-1.455494,24.102415,-1.655301,0.167949,0.168945,0.349955,1.169855,0,1.0,10
1900-01-01 14:08:18.663,22.017866,-1.458644,24.09165,-1.644932,0.155984,0.157037,0.348429,0.754952,0,1.0,10
1900-01-01 14:08:19.663,22.016159,-1.453001,24.096245,-1.64152,0.151652,0.152773,0.347024,0.707803,0,1.0,10
1900-01-01 14:08:20.663,22.014978,-1.454707,24.093488,-1.641651,0.151626,0.152222,0.34548,0.967118,0,1.0,10
1900-01-01 14:08:21.663,22.000145,-1.459432,24.086531,-1.638107,0.150518,0.15219,0.343753,0.773811,0,1.0,10
1900-01-01 14:08:22.663,21.992532,-1.461138,24.080755,-1.642963,0.186893,0.187384,0.343321,0.948259,0,1.0,10
1900-01-01 14:08:23.663,22.008021,-1.453657,24.090469,-1.633907,0.17709,0.177608,0.343064,0.731378,0,1.0,10
1900-01-01 14:08:24.663,22.02561,-1.442238,24.092176,-1.631282,0.175242,0.176416,0.342568,1.127421,0,1.0,10
1900-01-01 14:08:25.663,22.019835,-1.4446,24.086925,-1.632332,0.174759,0.176138,0.342366,1.000122,0,1.0,10
1900-01-01 14:08:26.663,22.008152,-1.443813,24.075898,-1.629182,0.17509,0.177209,0.341906,0.905825,0,1.0,10
1900-01-01 14:08:27.663,22.020753,-1.435937,24.08338,-1.621701,0.175531,0.17639,0.341309,0.585218,0,1.0,10
1900-01-01 14:08:28.663,22.00579,-1.438694,24.070647,-1.624982,0.175536,0.177466,0.341254,0.759666,0,1.0,10
1900-01-01 14:08:29.663,21.992663,-1.440138,24.071566,-1.626557,0.175468,0.176269,0.340758,1.04727,0,1.0,10
1900-01-01 14:08:30.663,22.010384,-1.433312,24.082068,-1.617764,0.175788,0.1763,0.34006,0.811529,0,1.0,10
1900-01-01 14:08:31.663,22.014847,-1.433181,24.075504,-1.619601,0.175389,0.175933,0.339536,1.018981,0,1.0,10
1900-01-01 14:08:32.663,22.009334,-1.435019,24.078917,-1.615401,0.172433,0.173864,0.339472,0.891681,0,1.0,10
1900-01-01 14:08:33.663,22.010252,-1.426093,24.081805,-1.605951,0.171924,0.173586,0.338719,1.009551,0,1.0,10
1900-01-01 14:08:34.663,22.023247,-1.420843,24.07511,-1.612645,0.171745,0.173822,0.338195,1.316014,0,1.0,10
1900-01-01 14:08:35.663,21.998045,-1.4278,24.072616,-1.608314,0.17257,0.173985,0.337882,0.717233,0,1.0,10
1900-01-01 14:08:36.663,22.012746,-1.416906,24.076029,-1.605164,0.172675,0.174006,0.337386,1.018981,0,1.0,10
1900-01-01 14:08:37.663,22.014453,-1.421762,24.075766,-1.600176,0.172286,0.17378,0.337193,0.929399,0,1.0,10
1900-01-01 14:08:38.663,22.016947,-1.419137,24.07616,-1.602408,0.171997,0.173932,0.336752,0.896396,0,1.0,10
1900-01-01 14:08:39.663,22.029942,-1.412312,24.081017,-1.597683,0.172486,0.174667,0.336256,0.660655,0,1.0,10
1900-01-01 14:08:40.663,22.022985,-1.409293,24.076948,-1.60057,0.171982,0.173854,0.335825,0.778526,0,1.0,10
1900-01-01 14:08:41.663,22.010121,-1.412968,24.070253,-1.598864,0.17059,0.172137,0.335338,0.929399,0,1.0,10
1900-01-01 14:08:42.663,22.004871,-1.40693,24.064871,-1.594926,0.17027,0.172515,0.33475,0.684229,0,1.0,10
1900-01-01 14:08:43.663,21.99647,-1.409687,24.057257,-1.593089,0.171042,0.172079,0.334198,1.051984,0,1.0,10
1900-01-01 14:08:44.663,22.023247,-1.399055,24.071828,-1.58587,0.171246,0.172478,0.333519,1.160425,0,1.0,10
1900-01-01 14:08:45.663,22.014059,-1.39328,24.062639,-1.587314,0.170616,0.172993,0.333142,1.03784,0,1.0,10
1900-01-01 14:08:46.663,21.995289,-1.403911,24.052006,-1.593483,0.170275,0.171617,0.332664,0.769096,0,1.0,10
1900-01-01 14:08:47.663,22.021016,-1.390786,24.075898,-1.578914,0.169992,0.171911,0.332278,1.080273,0,1.0,10
1900-01-01 14:08:48.663,22.001064,-1.396955,24.059751,-1.584558,0.170391,0.172646,0.332131,0.717233,0,1.0,10
1900-01-01 14:08:49.663,22.010252,-1.395511,24.060014,-1.578651,0.171519,0.17263,0.331755,0.806814,0,1.0,10
1900-01-01 14:08:50.663,21.992926,-1.392886,24.049249,-1.580095,0.17059,0.172242,0.331075,1.226432,0,1.0,10
1900-01-01 14:08:51.663,22.007758,-1.387242,24.05345,-1.579439,0.170627,0.172252,0.330882,0.943544,0,1.0,10
1900-01-01 14:08:52.663,22.018128,-1.386192,24.057782,-1.575633,0.170758,0.17169,0.330762,0.6748,0,1.0,10
1900-01-01 14:08:53.663,22.015503,-1.378054,24.055813,-1.569202,0.170496,0.172179,0.330386,0.844533,0,1.0,10
1900-01-01 14:08:54.663,22.003164,-1.377004,24.052268,-1.565133,0.171283,0.172457,0.329678,1.160425,0,1.0,10
1900-01-01 14:08:55.663,22.01524,-1.371098,24.057782,-1.565789,0.170469,0.172368,0.329136,1.132136,0,1.0,10
1900-01-01 14:08:56.663,22.014978,-1.372542,24.048199,-1.56592,0.17058,0.17273,0.329099,0.373052,0,1.0,10
1900-01-01 14:08:57.663,22.003164,-1.373854,24.049118,-1.564083,0.169929,0.171706,0.32898,0.905825,0,1.0,10
1900-01-01 14:08:58.663,22.007627,-1.36821,24.045705,-1.56172,0.170926,0.172378,0.328401,0.962403,0,1.0,10
1900-01-01 14:08:59.663,22.016422,-1.361385,24.051875,-1.55857,0.170742,0.172121,0.32819,0.924685,0,1.0,10
1900-01-01 14:09:00.663,21.989776,-1.370179,24.034809,-1.567102,0.17091,0.172515,0.327694,0.825674,0,1.0,10
1900-01-01 14:09:01.663,22.013796,-1.356004,24.045311,-1.558177,0.171693,0.173402,0.327666,0.806814,0,1.0,10
1900-01-01 14:09:02.663,22.009465,-1.357054,24.046361,-1.555552,0.173058,0.1741,0.327234,0.934114,0,1.0,10
1900-01-01 14:09:03.663,21.998964,-1.361385,24.035072,-1.556733,0.171646,0.173623,0.327721,0.698374,0,1.0,10
1900-01-01 14:09:04.663,22.000277,-1.356135,24.035072,-1.553845,0.171808,0.173381,0.326729,0.877537,0,1.0,10
1900-01-01 14:09:05.663,22.000277,-1.358629,24.030871,-1.554108,0.17299,0.17409,0.326775,1.023696,0,1.0,10
1900-01-01 14:09:06.663,22.013271,-1.349572,24.04216,-1.545052,0.172402,0.173827,0.326215,0.853963,0,1.0,10
1900-01-01 14:09:07.663,21.996207,-1.351278,24.026014,-1.548202,0.171982,0.174064,0.326325,1.004836,0,1.0,10
1900-01-01 14:09:08.663,22.019835,-1.341566,24.042948,-1.537702,0.166568,0.168005,0.326205,0.905825,0,1.0,10
1900-01-01 14:09:09.663,22.015897,-1.341828,24.041242,-1.542952,0.16167,0.163337,0.325599,0.816244,0,1.0,10
1900-01-01 14:09:10.663,22.013928,-1.341959,24.043342,-1.533764,0.155753,0.156863,0.324552,0.948259,0,1.0,10
1900-01-01 14:09:11.663,21.983869,-1.344716,24.025357,-1.54072,0.150644,0.152017,0.323514,0.839818,0,1.0,10
1900-01-01 14:09:12.663,21.991745,-1.341303,24.02772,-1.544264,0.144937,0.147119,0.322742,1.051984,0,1.0,10
1900-01-01 14:09:13.663,22.00067,-1.341303,24.030477,-1.540589,0.140532,0.143764,0.321106,0.948259,0,1.0,10
1900-01-01 14:09:14.663,21.993057,-1.339859,24.026801,-1.535339,0.133334,0.13583,0.319416,0.448489,0,1.0,10
1900-01-01 14:09:15.663,21.99752,-1.341041,24.034284,-1.533371,0.127406,0.1289,0.317946,0.8021,0,1.0,10
1900-01-01 14:09:16.663,21.996864,-1.337891,24.030215,-1.537571,0.125022,0.126232,0.316017,0.806814,0,1.0,10
1900-01-01 14:09:17.663,21.993845,-1.338678,24.030871,-1.534421,0.119866,0.12094,0.314409,0.924685,0,1.0,10
1900-01-01 14:09:18.663,22.002377,-1.330278,24.034547,-1.533764,0.117735,0.118667,0.312314,0.778526,0,1.0,10
1900-01-01 14:09:19.663,22.003033,-1.331722,24.03284,-1.533239,0.115173,0.115753,0.310403,0.79267,0,1.0,10
1900-01-01 14:09:20.663,22.003558,-1.336184,24.034547,-1.533371,0.11396,0.115102,0.307785,0.6748,0,1.0,10
1900-01-01 14:09:21.663,21.996733,-1.328965,24.028377,-1.538621,0.112054,0.112896,0.307032,0.660655,0,1.0,10
1900-01-01 14:09:22.663,21.995945,-1.325553,24.032971,-1.531796,0.111503,0.112419,0.305148,0.948259,0,1.0,10
1900-01-01 14:09:23.663,22.00172,-1.322271,24.031265,-1.541508,0.111907,0.113049,0.303522,0.976548,0,1.0,10
1900-01-01 14:09:24.663,22.002245,-1.31374,24.035072,-1.530352,0.111781,0.112398,0.301841,0.858677,0,1.0,10
1900-01-01 14:09:25.663,22.008677,-1.314921,24.040979,-1.529433,0.111781,0.112434,0.300077,0.693659,0,1.0,10
1900-01-01 14:09:26.663,22.005002,-1.317546,24.037566,-1.524577,0.112264,0.113112,0.299333,0.769096,0,1.0,10
1900-01-01 14:09:27.663,22.016553,-1.309802,24.046492,-1.527202,0.110552,0.112114,0.29756,0.820959,0,1.0,10
1900-01-01 14:09:28.663,22.011959,-1.308621,24.042292,-1.523133,0.111618,0.113253,0.295933,0.641796,0,1.0,10
1900-01-01 14:09:29.663,21.990694,-1.312427,24.040848,-1.533764,0.111839,0.113059,0.294711,1.070844,0,1.0,10
1900-01-01 14:09:30.663,21.996339,-1.310065,24.039141,-1.527989,0.111497,0.112503,0.293251,0.660655,0,1.0,10
1900-01-01 14:09:31.663,21.993188,-1.307177,24.045705,-1.531533,0.111114,0.112177,0.291983,0.688944,0,1.0,10
1900-01-01 14:09:32.663,21.997126,-1.305996,24.049774,-1.528777,0.11166,0.112907,0.290798,0.825674,0,1.0,10
1900-01-01 14:09:33.663,21.99122,-1.302452,24.045311,-1.531927,0.111928,0.112539,0.289539,0.698374,0,1.0,10
1900-01-01 14:09:34.663,21.996076,-1.304814,24.044261,-1.524052,0.111161,0.112135,0.288455,0.797385,0,1.0,10
1900-01-01 14:09:35.663,21.998045,-1.297464,24.051218,-1.526546,0.099521,0.100117,0.286967,0.745522,0,1.0,10
1900-01-01 14:09:36.663,21.999358,-1.295495,24.054369,-1.527727,0.098681,0.099534,0.285193,1.066129,0,1.0,10
1900-01-01 14:09:37.663,21.993188,-1.295758,24.042686,-1.525889,0.097972,0.099014,0.283549,1.051984,0,1.0,10
1900-01-01 14:09:38.663,21.99122,-1.291952,24.059357,-1.526677,0.09991,0.10071,0.281491,1.009551,0,1.0,10
1900-01-01 14:09:39.663,21.993582,-1.290376,24.053844,-1.524971,0.099899,0.101135,0.280462,0.721948,0,1.0,10
1900-01-01 14:09:40.663,21.999226,-1.288276,24.057126,-1.525758,0.100613,0.101876,0.278634,0.712518,0,1.0,10
1900-01-01 14:09:41.663,22.006052,-1.282895,24.064346,-1.526152,0.100072,0.100673,0.277669,0.561644,0,1.0,10
1900-01-01 14:09:42.663,21.992138,-1.28867,24.053581,-1.527858,0.100408,0.101456,0.276466,1.018981,0,1.0,10
1900-01-01 14:09:43.663,22.002114,-1.278957,24.060276,-1.526808,0.100041,0.101335,0.275106,0.825674,0,1.0,10
1900-01-01 14:09:44.663,22.003296,-1.276595,24.06894,-1.525889,0.10045,0.100694,0.27381,0.698374,0,1.0,10
1900-01-01 14:09:45.663,21.996864,-1.270557,24.065921,-1.526021,0.100619,0.101482,0.272873,1.316014,0,1.0,10
1900-01-01 14:09:46.663,21.987413,-1.273182,24.062902,-1.527989,0.100576,0.101592,0.271128,0.91054,0,1.0,10
1900-01-01 14:09:47.663,22.000802,-1.26872,24.071697,-1.525627,0.10065,0.101744,0.27076,0.858677,0,1.0,10
1900-01-01 14:09:48.663,21.988332,-1.271476,24.06277,-1.527464,0.100235,0.101792,0.268987,0.938829,0,1.0,10
1900-01-01 14:09:49.663,22.01104,-1.265044,24.076029,-1.526808,0.100902,0.102054,0.268004,0.773811,0,1.0,10
1900-01-01 14:09:50.663,21.995945,-1.261894,24.068284,-1.525889,0.100414,0.101576,0.266562,0.448489,0,1.0,10
1900-01-01 14:09:51.663,22.012353,-1.259532,24.084824,-1.522214,0.108268,0.110523,0.265817,0.443774,0,1.0,10
1900-01-01 14:09:52.663,21.996995,-1.258613,24.073141,-1.521164,0.11041,0.11214,0.265294,0.797385,0,1.0,10
1900-01-01 14:09:53.663,22.003296,-1.255988,24.081674,-1.526021,0.109224,0.111174,0.264871,0.830388,0,1.0,10
1900-01-01 14:09:54.663,21.990826,-1.249819,24.076817,-1.518802,0.109728,0.110686,0.26375,1.16514,0,1.0,10
1900-01-01 14:09:55.663,21.99542,-1.259269,24.081936,-1.521427,0.10999,0.112356,0.263061,0.943544,0,1.0,10
1900-01-01 14:09:56.663,21.991745,-1.253625,24.076685,-1.522214,0.109696,0.111358,0.26217,0.325904,0,1.0,10
1900-01-01 14:09:57.663,22.005133,-1.2489,24.084824,-1.518539,0.109303,0.110864,0.261013,0.773811,0,1.0,10
1900-01-01 14:09:58.663,21.999489,-1.252838,24.085218,-1.523658,0.10873,0.111027,0.26014,1.023696,0,1.0,10
1900-01-01 14:09:59.663,22.01104,-1.252706,24.088369,-1.519983,0.10956,0.111536,0.25934,1.070844,0,1.0,10
1900-01-01 14:10:00.663,21.983869,-1.260713,24.070778,-1.523658,0.109397,0.111316,0.259074,0.863392,0,1.0,10
1900-01-01 14:10:01.663,21.996995,-1.255463,24.086531,-1.526283,0.109644,0.111678,0.258615,0.754952,0,1.0,10
1900-01-01 14:10:02.663,22.003952,-1.253625,24.0864,-1.526546,0.110347,0.111694,0.257926,0.863392,0,1.0,10
1900-01-01 14:10:03.663,21.996864,-1.254019,24.081674,-1.525364,0.109985,0.111263,0.256538,0.901111,0,1.0,10
1900-01-01 14:10:04.663,22.00172,-1.257432,24.088237,-1.519196,0.112033,0.113274,0.255987,0.688944,0,1.0,10
1900-01-01 14:10:05.663,22.005133,-1.254019,24.095589,-1.519721,0.112064,0.113773,0.25528,0.8021,0,1.0,10
1900-01-01 14:10:06.663,22.001589,-1.254413,24.090863,-1.518671,0.112411,0.113584,0.25471,1.009551,0,1.0,10
1900-01-01 14:10:07.663,22.012221,-1.251656,24.09572,-1.517883,0.112311,0.113747,0.253929,0.773811,0,1.0,10
1900-01-01 14:10:08.663,21.994632,-1.25415,24.091388,-1.516046,0.112374,0.114618,0.253957,0.863392,0,1.0,10
1900-01-01 14:10:09.663,22.003296,-1.251394,24.094276,-1.517621,0.1125,0.114057,0.253075,0.849248,0,1.0,10
1900-01-01 14:10:10.663,22.000933,-1.250213,24.087056,-1.511058,0.112579,0.114828,0.252661,1.000122,0,1.0,10
1900-01-01 14:10:11.663,22.006577,-1.249819,24.095326,-1.518933,0.113902,0.115663,0.251908,0.622937,0,1.0,10
1900-01-01 14:10:12.663,21.99122,-1.245488,24.08745,-1.515127,0.112826,0.11444,0.251651,0.778526,0,1.0,10
1900-01-01 14:10:13.663,21.996995,-1.247719,24.086662,-1.514602,0.113025,0.114498,0.250769,0.712518,0,1.0,10
1900-01-01 14:10:14.663,22.00067,-1.249688,24.077867,-1.511846,0.112742,0.114634,0.250364,0.646511,0,1.0,10
1900-01-01 14:10:15.663,21.979143,-1.256119,24.071959,-1.515127,0.113324,0.114997,0.249299,0.78324,0,0.0,10
1900-01-01 14:10:16.663,22.000014,-1.250738,24.079836,-1.505021,0.112647,0.114345,0.249234,0.967118,0,0.0,10
1900-01-01 14:10:17.663,22.002377,-1.250606,24.08128,-1.507646,0.112826,0.114897,0.248334,0.679515,0,0.0,10
1900-01-01 14:10:18.663,22.003689,-1.248506,24.073403,-1.507646,0.112978,0.114519,0.248398,0.995407,0,0.0,10
1900-01-01 14:10:19.663,21.999226,-1.249556,24.072353,-1.50489,0.112201,0.114697,0.247856,1.070844,0,0.0,10
1900-01-01 14:10:20.663,22.001064,-1.245619,24.075241,-1.501215,0.112106,0.114288,0.247057,0.726663,0,0.0,10
1900-01-01 14:10:21.663,22.006971,-1.249688,24.078392,-1.499377,0.111839,0.114461,0.246717,0.891681,0,0.0,10
1900-01-01 14:10:22.663,22.003427,-1.255988,24.068021,-1.50384,0.112484,0.114461,0.246129,0.651226,0,0.0,10
1900-01-01 14:10:23.663,21.991482,-1.246538,24.066183,-1.500821,0.112295,0.114797,0.245734,0.53807,0,0.0,10
1900-01-01 14:10:24.663,21.992532,-1.249688,24.056863,-1.507777,0.112805,0.114965,0.245899,0.670085,0,0.0,10
1900-01-01 14:10:25.663,22.00684,-1.238006,24.059226,-1.502396,0.112852,0.114907,0.245017,1.103847,0,0.0,10
1900-01-01 14:10:26.663,22.005527,-1.238006,24.060145,-1.500952,0.112773,0.114377,0.244356,0.622937,0,0.0,10
1900-01-01 14:10:27.663,21.994239,-1.24575,24.05135,-1.504365,0.112563,0.114597,0.244108,0.717233,0,0.0,10
1900-01-01 14:10:28.663,21.982688,-1.246406,24.047805,-1.502527,0.113246,0.115301,0.243722,0.886966,0,0.0,10
1900-01-01 14:10:29.663,21.998439,-1.243125,24.046361,-1.498852,0.112369,0.11423,0.243005,0.684229,0,0.0,10
1900-01-01 14:10:30.663,21.996995,-1.239844,24.04413,-1.495308,0.113036,0.114891,0.242087,0.971833,0,0.0,10
1900-01-01 14:10:31.663,21.984919,-1.239712,24.038747,-1.496096,0.112831,0.11433,0.242335,0.684229,0,0.0,10
1900-01-01 14:10:32.663,21.997389,-1.242862,24.037828,-1.498327,0.112463,0.114393,0.241967,0.868107,0,0.0,10
1900-01-01 14:10:33.663,21.991745,-1.24365,24.034153,-1.497277,0.112196,0.114403,0.241839,1.084988,0,0.0,10
1900-01-01 14:10:34.663,21.988463,-1.244831,24.033234,-1.496358,0.112742,0.114545,0.241444,0.934114,0,0.0,10
1900-01-01 14:10:35.663,21.98715,-1.241944,24.03284,-1.497146,0.112248,0.114246,0.241095,0.618222,0,0.0,10
1900-01-01 14:10:36.663,22.004739,-1.238137,24.038485,-1.49964,0.112563,0.11402,0.240323,0.373052,0,0.0,10
1900-01-01 14:10:37.663,21.971662,-1.24575,24.02562,-1.50384,0.112841,0.114555,0.2399,1.089703,0,0.0,10
1900-01-01 14:10:38.663,21.988594,-1.242075,24.028245,-1.502265,0.112511,0.11465,0.239523,0.566359,0,0.0,10
1900-01-01 14:10:39.663,22.00172,-1.236825,24.033759,-1.496752,0.112175,0.114083,0.238862,0.929399,0,0.0,10
1900-01-01 14:10:40.663,21.993845,-1.237875,24.02667,-1.497146,0.112516,0.11487,0.238926,1.042555,0,0.0,10
1900-01-01 14:10:41.663,21.988988,-1.236431,24.022601,-1.49649,0.112274,0.114051,0.238559,0.759666,0,0.0,10
1900-01-01 14:10:42.663,21.982425,-1.242994,24.021025,-1.502658,0.114579,0.116818,0.23776,0.981262,0,0.0,10
1900-01-01 14:10:43.663,21.985838,-1.238137,24.023126,-1.502396,0.117173,0.119675,0.237603,0.490922,0,0.0,10
1900-01-01 14:10:44.663,21.991745,-1.234856,24.026933,-1.497408,0.118444,0.12052,0.237511,0.929399,0,0.0,10
1900-01-01 14:10:45.663,21.988857,-1.242731,24.016825,-1.501608,0.118759,0.120646,0.236887,0.929399,0,0.0,10
1900-01-01 14:10:46.663,21.988857,-1.24365,24.0205,-1.496752,0.117766,0.120184,0.236657,0.934114,0,0.0,10
1900-01-01 14:10:47.663,21.990301,-1.237087,24.015774,-1.505415,0.117882,0.119606,0.236492,0.698374,0,0.0,10
1900-01-01 14:10:48.663,21.9798,-1.231575,24.012624,-1.50384,0.117493,0.119559,0.236648,0.764381,0,0.0,10
1900-01-01 14:10:49.663,21.998439,-1.230525,24.013149,-1.498065,0.117115,0.119171,0.236115,0.915255,0,0.0,10
1900-01-01 14:10:50.663,21.977043,-1.237218,24.006979,-1.50069,0.116238,0.118483,0.235288,0.717233,0,0.0,10
1900-01-01 14:10:51.663,21.993188,-1.234725,24.008029,-1.492946,0.116196,0.118604,0.235986,1.301869,0,0.0,10
1900-01-01 14:10:52.663,22.001983,-1.232887,24.014724,-1.491765,0.115005,0.116503,0.235454,1.018981,0,0.0,10
1900-01-01 14:10:53.663,21.981244,-1.232493,24.005535,-1.494652,0.115561,0.117622,0.235022,0.721948,0,0.0,10
1900-01-01 14:10:54.663,21.9798,-1.234331,23.997527,-1.496358,0.115456,0.117338,0.234572,1.000122,0,0.0,10
1900-01-01 14:10:55.663,21.989382,-1.230262,23.996477,-1.493733,0.115472,0.117417,0.234535,0.66537,0,0.0,10
1900-01-01 14:10:56.663,21.988726,-1.238662,23.990439,-1.491765,0.115461,0.118315,0.23368,0.637081,0,0.0,10
1900-01-01 14:10:57.663,21.99227,-1.234987,23.993852,-1.492027,0.116307,0.118131,0.23346,0.844533,0,0.0,10
1900-01-01 14:10:58.663,21.990563,-1.236168,23.991226,-1.491896,0.115897,0.118157,0.233919,1.075559,0,0.0,10
1900-01-01 14:10:59.663,21.984263,-1.238137,23.987157,-1.486908,0.112805,0.113999,0.233405,0.594648,0,0.0,10
1900-01-01 14:11:00.663,21.997258,-1.2321,23.992539,-1.486383,0.111298,0.113931,0.23267,0.679515,0,0.0,10
1900-01-01 14:11:01.663,21.980062,-1.237875,23.982168,-1.487696,0.112537,0.114587,0.232486,0.778526,0,0.0,10
1900-01-01 14:11:02.663,21.981637,-1.230131,23.983481,-1.484808,0.112028,0.114135,0.232275,0.934114,0,0.0,10
1900-01-01 14:11:03.663,21.973499,-1.241025,23.979149,-1.489402,0.114369,0.1158,0.232017,1.141566,0,0.0,10
1900-01-01 14:11:04.663,21.983606,-1.241287,23.983744,-1.489533,0.117945,0.120074,0.231944,0.981262,0,0.0,10
1900-01-01 14:11:05.663,21.991351,-1.241812,23.984006,-1.488877,0.118302,0.120236,0.232091,0.764381,0,0.0,10
1900-01-01 14:11:06.663,21.990826,-1.230656,23.983219,-1.487433,0.117708,0.119654,0.231843,1.042555,0,0.0,10
1900-01-01 14:11:07.663,21.97875,-1.240762,23.976392,-1.493733,0.11796,0.120284,0.231825,0.948259,0,0.0,10
1900-01-01 14:11:08.663,21.985182,-1.233937,23.976261,-1.488877,0.11774,0.119423,0.231944,1.061414,0,0.0,10
1900-01-01 14:11:09.663,21.98505,-1.235643,23.97718,-1.486646,0.117855,0.120105,0.23109,0.684229,0,0.0,10
1900-01-01 14:11:10.663,21.9819,-1.236825,23.974686,-1.485333,0.117882,0.119234,0.23097,0.825674,0,0.0,10
1900-01-01 14:11:11.663,21.983738,-1.237218,23.978493,-1.479427,0.117735,0.119428,0.230842,0.816244,0,0.0,10
1900-01-01 14:11:12.663,21.979537,-1.240106,23.972717,-1.489271,0.118176,0.120599,0.230152,0.8021,0,0.0,10
1900-01-01 14:11:13.663,21.984656,-1.243256,23.975605,-1.484283,0.118281,0.120184,0.23041,0.849248,0,0.0,10
1900-01-01 14:11:14.663,21.980719,-1.235643,23.979806,-1.475358,0.117609,0.120221,0.230456,1.193429,0,0.0,10
1900-01-01 14:11:15.663,21.99332,-1.232362,23.983087,-1.480477,0.117493,0.119585,0.230079,0.938829,0,0.0,10
1900-01-01 14:11:16.663,21.99122,-1.241287,23.982825,-1.474571,0.11775,0.119974,0.230051,0.679515,0,0.0,10
1900-01-01 14:11:17.663,21.982425,-1.233543,23.980987,-1.479165,0.117787,0.119974,0.23018,0.844533,0,0.0,10
1900-01-01 14:11:18.663,21.967855,-1.240369,23.974555,-1.481002,0.117719,0.119937,0.229546,0.637081,0,0.0,10
1900-01-01 14:11:19.663,21.992663,-1.238662,23.983744,-1.470765,0.117782,0.120252,0.229133,1.051984,0,0.0,10
1900-01-01 14:11:20.663,21.9798,-1.242994,23.97206,-1.478902,0.117498,0.119759,0.229169,0.599363,0,0.0,10
1900-01-01 14:11:21.663,21.991876,-1.235512,23.983875,-1.471421,0.117782,0.119643,0.229326,0.797385,0,0.0,10
1900-01-01 14:11:22.663,21.983344,-1.234593,23.977311,-1.480083,0.117609,0.119921,0.228903,0.55693,0,0.0,10
1900-01-01 14:11:23.663,21.980456,-1.238531,23.973504,-1.485333,0.117435,0.118887,0.228683,0.679515,0,0.0,10
1900-01-01 14:11:24.663,21.989251,-1.232887,23.979806,-1.484021,0.118149,0.119759,0.228058,0.868107,0,0.0,10
1900-01-01 14:11:25.663,21.982162,-1.237087,23.977574,-1.477721,0.117756,0.119465,0.228416,0.858677,0,0.0,10
1900-01-01 14:11:26.663,21.997258,-1.234068,23.985713,-1.477852,0.117855,0.120042,0.22792,0.486207,0,0.0,10
1900-01-01 14:11:27.663,21.98295,-1.235775,23.976261,-1.473783,0.117588,0.119276,0.227801,0.571074,0,0.0,10
1900-01-01 14:11:28.663,21.97665,-1.2384,23.96891,-1.471946,0.117703,0.120205,0.228085,0.901111,0,0.0,10
1900-01-01 14:11:29.663,21.970218,-1.24155,23.971404,-1.476015,0.117252,0.119249,0.227608,0.830388,0,0.0,10
1900-01-01 14:11:30.663,21.980981,-1.241025,23.971142,-1.47339,0.118181,0.120095,0.227461,1.113277,0,0.0,10
1900-01-01 14:11:31.663,21.987282,-1.236431,23.976918,-1.468009,0.117813,0.119811,0.227773,0.806814,0,0.0,10
1900-01-01 14:11:32.663,21.993582,-1.239712,23.980199,-1.468271,0.117435,0.11979,0.22758,0.561644,0,0.0,10
1900-01-01 14:11:33.663,21.993057,-1.232887,23.976918,-1.47234,0.11826,0.120032,0.227699,0.533356,0,0.0,10
1900-01-01 14:11:34.663,21.978225,-1.239712,23.970485,-1.47129,0.117477,0.119071,0.227139,1.042555,0,0.0,10
1900-01-01 14:11:35.663,21.988201,-1.233412,23.977968,-1.47654,0.118176,0.120242,0.226882,0.91054,0,0.0,10
1900-01-01 14:11:36.663,21.969561,-1.23735,23.965366,-1.472733,0.117189,0.119202,0.22702,1.179284,0,0.0,10
1900-01-01 14:11:37.663,21.978093,-1.234856,23.974817,-1.476408,0.116858,0.119134,0.227148,0.901111,0,0.0,10
1900-01-01 14:11:38.663,21.976781,-1.232493,23.977443,-1.47654,0.117808,0.119921,0.226634,0.566359,0,0.0,10
1900-01-01 14:11:39.663,21.973237,-1.231443,23.983481,-1.473783,0.117388,0.119785,0.226,0.915255,0,0.0,10
1900-01-01 14:11:40.663,21.968905,-1.241812,23.972192,-1.474965,0.117556,0.119533,0.226073,0.764381,0,0.0,10
1900-01-01 14:11:41.663,21.968774,-1.241025,23.979149,-1.476933,0.118344,0.121118,0.226064,0.943544,0,0.0,10
1900-01-01 14:11:42.663,21.963655,-1.239319,23.975211,-1.482052,0.118207,0.120588,0.225917,1.344303,0,0.0,10
1900-01-01 14:11:43.663,21.974812,-1.241025,23.976392,-1.475621,0.118428,0.120677,0.226018,0.787955,0,0.0,10
1900-01-01 14:11:44.663,21.975862,-1.2342,23.978887,-1.473127,0.11836,0.120116,0.225816,0.472063,0,0.0,10
1900-01-01 14:11:45.663,21.975599,-1.236693,23.983875,-1.476146,0.117876,0.119654,0.22554,1.127421,0,0.0,10
1900-01-01 14:11:46.663,21.974812,-1.238006,23.980068,-1.477721,0.118317,0.120431,0.225531,1.04727,0,0.0,10
1900-01-01 14:11:47.663,21.975206,-1.233937,23.979149,-1.472077,0.117194,0.118677,0.225954,0.915255,0,0.0,10
1900-01-01 14:11:48.663,21.974549,-1.239319,23.9823,-1.47759,0.110998,0.112067,0.225274,0.688944,0,0.0,10
1900-01-01 14:11:49.663,21.961817,-1.238662,23.977443,-1.47234,0.110573,0.112991,0.225164,0.6748,0,0.0,10
1900-01-01 14:11:50.663,21.977043,-1.236168,23.984925,-1.475227,0.110122,0.111983,0.225081,1.033125,0,0.0,10
1900-01-01 14:11:51.663,21.96418,-1.237875,23.978099,-1.474833,0.110599,0.112534,0.224263,0.835103,0,0.0,10
1900-01-01 14:11:52.663,21.979012,-1.240237,23.98335,-1.474308,0.111214,0.11245,0.224217,0.924685,0,0.0,10
1900-01-01 14:11:53.663,21.977831,-1.240237,23.980724,-1.475358,0.110851,0.112214,0.223905,0.981262,0,0.0,10
1900-01-01 14:11:54.663,21.976781,-1.233937,23.989257,-1.470765,0.110043,0.112214,0.223969,0.844533,0,0.0,10
1900-01-01 14:11:55.663,21.9777,-1.234593,23.987419,-1.470502,0.110794,0.112587,0.223363,0.66537,0,0.0,10
1900-01-01 14:11:56.663,21.969824,-1.234725,23.986501,-1.473127,0.111224,0.113101,0.223326,0.839818,0,0.0,10
1900-01-01 14:11:57.663,21.96313,-1.232756,23.982431,-1.469715,0.110531,0.112686,0.223032,0.754952,0,0.0,10
1900-01-01 14:11:58.663,21.970874,-1.237612,23.982694,-1.475621,0.111886,0.113915,0.222885,0.745522,0,0.0,10
1900-01-01 14:11:59.663,21.98085,-1.231443,23.987945,-1.469584,0.110941,0.11224,0.222665,0.868107,0,0.0,10
1900-01-01 14:12:00.663,21.956173,-1.236037,23.980856,-1.474833,0.110951,0.112592,0.222343,0.981262,0,0.0,10
1900-01-01 14:12:01.663,21.97875,-1.223699,23.990176,-1.462496,0.110594,0.112251,0.222196,0.684229,0,0.0,10
1900-01-01 14:12:02.663,21.978356,-1.226587,23.990176,-1.468271,0.111198,0.112865,0.222141,0.858677,0,0.0,10
1900-01-01 14:12:03.663,21.966805,-1.231181,23.981643,-1.474046,0.110353,0.11234,0.221719,0.849248,0,0.0,10
1900-01-01 14:12:04.663,21.973893,-1.222124,23.982956,-1.472602,0.110505,0.112692,0.221425,1.004836,0,0.0,10
1900-01-01 14:12:05.663,21.965361,-1.229343,23.979937,-1.477327,0.109723,0.111615,0.221222,0.853963,0,0.0,10
1900-01-01 14:12:06.663,21.967199,-1.229868,23.984794,-1.467484,0.11061,0.112277,0.22068,0.971833,0,0.0,10
1900-01-01 14:12:07.663,21.969168,-1.219368,23.985975,-1.46394,0.110426,0.111589,0.220726,0.608793,0,0.0,10
1900-01-01 14:12:08.663,21.977831,-1.226062,23.978099,-1.473652,0.10945,0.111836,0.22001,0.825674,0,0.0,10
1900-01-01 14:12:09.663,21.965099,-1.229606,23.974161,-1.469846,0.109985,0.111647,0.220157,0.542785,0,0.0,10
1900-01-01 14:12:10.663,21.968249,-1.223174,23.979674,-1.468271,0.109686,0.111179,0.219881,0.528641,0,0.0,10
1900-01-01 14:12:11.663,21.961817,-1.223962,23.974817,-1.470765,0.109969,0.111421,0.219605,0.868107,0,0.0,10
1900-01-01 14:12:12.663,21.968643,-1.218974,23.974948,-1.464859,0.10945,0.111662,0.219119,0.787955,0,0.0,10
1900-01-01 14:12:13.663,21.958404,-1.228818,23.971798,-1.474833,0.109959,0.111741,0.219229,0.759666,0,0.0,10
1900-01-01 14:12:14.663,21.962605,-1.221074,23.968122,-1.470634,0.110515,0.111699,0.219017,0.726663,0,0.0,10
1900-01-01 14:12:15.663,21.960373,-1.223043,23.970223,-1.471027,0.110788,0.112419,0.219091,0.490922,0,0.0,10
1900-01-01 14:12:16.663,21.95906,-1.227243,23.974423,-1.471421,0.109969,0.11193,0.218843,0.886966,0,0.0,10
1900-01-01 14:12:17.663,21.969299,-1.228162,23.975736,-1.464334,0.109975,0.111946,0.218567,0.943544,0,0.0,10
1900-01-01 14:12:18.663,21.960111,-1.229999,23.975867,-1.462496,0.10924,0.111095,0.218191,0.915255,0,0.0,10
1900-01-01 14:12:19.663,21.969561,-1.21648,23.982562,-1.46289,0.10999,0.112067,0.218384,0.797385,0,0.0,10
1900-01-01 14:12:20.663,21.966149,-1.216612,23.975999,-1.466959,0.110085,0.112025,0.217649,0.943544,0,0.0,10
1900-01-01 14:12:21.663,21.9798,-1.217137,23.984663,-1.466696,0.10936,0.111489,0.217814,0.566359,0,0.0,10
1900-01-01 14:12:22.663,21.96418,-1.218449,23.974817,-1.471421,0.109775,0.111405,0.217566,1.146281,0,0.0,10
1900-01-01 14:12:23.663,21.975468,-1.212543,23.983219,-1.465646,0.110321,0.111941,0.21741,0.891681,0,0.0,10
1900-01-01 14:12:24.663,21.968511,-1.21438,23.982168,-1.458559,0.110148,0.111578,0.217171,0.651226,0,0.0,10
1900-01-01 14:12:25.663,21.961686,-1.217005,23.982431,-1.459871,0.109927,0.111915,0.21662,0.839818,0,0.0,10
1900-01-01 14:12:26.663,21.95696,-1.217662,23.983481,-1.464071,0.109549,0.111179,0.217033,0.967118,0,0.0,10
1900-01-01 14:12:27.663,21.958929,-1.212805,23.979543,-1.465909,0.110001,0.111831,0.217345,0.849248,0,0.0,10
1900-01-01 14:12:28.663,21.958535,-1.213461,23.983087,-1.46709,0.110326,0.111993,0.217088,0.882251,0,0.0,10
1900-01-01 14:12:29.663,21.962079,-1.216612,23.985844,-1.465252,0.109675,0.111951,0.216785,0.91054,0,0.0,10
1900-01-01 14:12:30.663,21.974024,-1.213068,23.988076,-1.456327,0.109555,0.111536,0.216656,0.797385,0,0.0,10
1900-01-01 14:12:31.663,21.96418,-1.206767,23.986238,-1.458427,0.109292,0.111405,0.216032,0.952974,0,0.0,10
1900-01-01 14:12:32.663,21.958142,-1.212018,23.983087,-1.460134,0.109523,0.111195,0.215903,1.051984,0,0.0,10
1900-01-01 14:12:33.663,21.967067,-1.206505,23.987288,-1.457377,0.109476,0.111395,0.215875,0.853963,0,0.0,10
1900-01-01 14:12:34.663,21.963786,-1.210049,23.983875,-1.459871,0.109922,0.110959,0.215673,0.938829,0,0.0,10
1900-01-01 14:12:35.663,21.96628,-1.210968,23.981512,-1.466434,0.109985,0.111631,0.215839,0.6748,0,0.0,10
1900-01-01 14:12:36.663,21.956698,-1.20913,23.975605,-1.464727,0.109261,0.11129,0.21514,0.825674,0,0.0,10
1900-01-01 14:12:37.663,21.96418,-1.210311,23.985057,-1.461184,0.108757,0.110733,0.214791,0.759666,0,0.0,10
1900-01-01 14:12:38.663,21.958404,-1.207161,23.977574,-1.463284,0.108977,0.110969,0.215214,0.853963,0,0.0,10
1900-01-01 14:12:39.663,21.957092,-1.210443,23.978755,-1.457115,0.10987,0.111778,0.214791,0.962403,0,0.0,10
1900-01-01 14:12:40.663,21.95066,-1.212149,23.972979,-1.458427,0.112694,0.114435,0.214552,0.806814,0,0.0,10
1900-01-01 14:12:41.663,21.961029,-1.210443,23.977311,-1.457377,0.114926,0.117076,0.214562,0.990692,0,0.0,10
1900-01-01 14:12:42.663,21.962736,-1.206636,23.980593,-1.457246,0.115146,0.117469,0.214461,0.707803,0,0.0,10
1900-01-01 14:12:43.663,21.95171,-1.209918,23.976524,-1.456984,0.115593,0.117254,0.21435,1.023696,0,0.0,10
1900-01-01 14:12:44.663,21.957879,-1.207555,23.97718,-1.45974,0.115813,0.117595,0.214369,0.688944,0,0.0,10
1900-01-01 14:12:45.663,21.971924,-1.205849,23.987288,-1.455409,0.115593,0.117622,0.214654,0.825674,0,0.0,10
1900-01-01 14:12:46.663,21.958404,-1.208474,23.985057,-1.460002,0.116343,0.118955,0.21436,0.844533,0,0.0,10
1900-01-01 14:12:47.663,21.950791,-1.206767,23.97718,-1.452784,0.115923,0.118294,0.21469,0.622937,0,0.0,10
1900-01-01 14:12:48.663,21.95066,-1.204142,23.984794,-1.45869,0.116837,0.118866,0.214507,0.655941,0,0.0,10
1900-01-01 14:12:49.663,21.95696,-1.199548,23.98545,-1.451865,0.116826,0.11957,0.21424,0.990692,0,0.0,10
1900-01-01 14:12:50.663,21.950791,-1.205586,23.979018,-1.454621,0.116832,0.119507,0.214672,0.754952,0,0.0,10
1900-01-01 14:12:51.663,21.949347,-1.195611,23.976786,-1.454096,0.116359,0.119123,0.214295,0.8021,0,0.0,10
1900-01-01 14:12:52.663,21.946722,-1.205717,23.973242,-1.45764,0.11711,0.119081,0.213964,0.967118,0,0.0,10
1900-01-01 14:12:53.663,21.944228,-1.205586,23.970223,-1.455146,0.116905,0.119312,0.214525,1.122707,0,0.0,10
1900-01-01 14:12:54.663,21.955385,-1.196136,23.972848,-1.455015,0.117031,0.119617,0.21424,0.943544,0,0.0,10
1900-01-01 14:12:55.663,21.95591,-1.208474,23.981381,-1.452521,0.117556,0.120032,0.214405,0.844533,0,0.0,10
1900-01-01 14:12:56.663,21.946591,-1.205849,23.970354,-1.459477,0.117724,0.119937,0.214295,0.759666,0,0.0,10
1900-01-01 14:12:57.663,21.957223,-1.200205,23.975999,-1.451209,0.117246,0.1201,0.214176,1.03784,0,0.0,10
1900-01-01 14:12:58.663,21.953547,-1.199811,23.972979,-1.459215,0.117981,0.12073,0.214424,0.604078,0,0.0,10
1900-01-01 14:12:59.663,21.966017,-1.198105,23.982037,-1.452127,0.116952,0.119648,0.214258,0.509782,0,0.0,10
1900-01-01 14:13:00.663,21.942653,-1.201386,23.968779,-1.453177,0.117509,0.1202,0.214286,0.830388,0,0.0,10
1900-01-01 14:13:01.663,21.952497,-1.201517,23.972192,-1.45239,0.117945,0.120446,0.214608,0.637081,0,0.0,10
1900-01-01 14:13:02.663,21.956567,-1.200205,23.973898,-1.445827,0.116916,0.119029,0.214258,1.075559,0,0.0,10
1900-01-01 14:13:03.663,21.963655,-1.198367,23.980068,-1.453571,0.116333,0.119223,0.214304,0.91054,0,0.0,10
1900-01-01 14:13:04.663,21.959979,-1.195086,23.970748,-1.45239,0.116034,0.118898,0.214148,1.080273,0,0.0,10
1900-01-01 14:13:05.663,21.947903,-1.200992,23.967991,-1.451077,0.1169,0.119396,0.21458,0.787955,0,0.0,10
1900-01-01 14:13:06.663,21.952497,-1.200467,23.972323,-1.448321,0.115918,0.118583,0.214525,0.995407,0,0.0,10
1900-01-01 14:13:07.663,21.955254,-1.19338,23.978493,-1.449765,0.116606,0.119339,0.214295,1.198144,0,0.0,10
1900-01-01 14:13:08.663,21.940684,-1.198367,23.959196,-1.446615,0.116454,0.119559,0.214378,1.042555,0,0.0,10
1900-01-01 14:13:09.663,21.960636,-1.188786,23.972323,-1.451865,0.116653,0.118803,0.214736,0.721948,0,0.0,10
1900-01-01 14:13:10.663,21.957092,-1.186554,23.96891,-1.449109,0.116238,0.119087,0.214718,0.670085,0,0.0,10
1900-01-01 14:13:11.663,21.959192,-1.195217,23.96996,-1.452127,0.116968,0.118976,0.214497,0.91997,0,0.0,10
1900-01-01 14:13:12.663,21.94239,-1.195611,23.965366,-1.454096,0.116868,0.118278,0.214157,1.136851,0,0.0,10
1900-01-01 14:13:13.663,21.945541,-1.188786,23.97101,-1.451734,0.116469,0.118509,0.21436,0.825674,0,0.0,10
1900-01-01 14:13:14.663,21.952235,-1.190229,23.964578,-1.459609,0.11711,0.118877,0.214203,1.03784,0,0.0,10
1900-01-01 14:13:15.663,21.94449,-1.187473,23.961952,-1.454227,0.116984,0.119627,0.214709,0.91997,0,0.0,10
1900-01-01 14:13:16.663,21.950266,-1.187473,23.963528,-1.453177,0.116023,0.118661,0.214102,0.8021,0,0.0,10
1900-01-01 14:13:17.663,21.959323,-1.191279,23.972717,-1.455146,0.117472,0.11958,0.214121,1.240577,0,0.0,10
1900-01-01 14:13:18.663,21.959979,-1.190098,23.979018,-1.453309,0.117383,0.119055,0.214213,1.306584,0,0.0,10
1900-01-01 14:13:19.663,21.949741,-1.182092,23.97206,-1.443727,0.117551,0.119449,0.214295,0.952974,0,0.0,10
1900-01-01 14:13:20.663,21.947509,-1.190623,23.972192,-1.453309,0.11722,0.11957,0.213928,1.103847,0,0.0,10
1900-01-01 14:13:21.663,21.949085,-1.180648,23.96996,-1.444384,0.117603,0.11947,0.214461,0.868107,0,0.0,10
1900-01-01 14:13:22.663,21.950003,-1.181173,23.975736,-1.447402,0.117231,0.119911,0.214369,0.816244,0,0.0,10
1900-01-01 14:13:23.663,21.94239,-1.181304,23.968647,-1.452915,0.116427,0.11874,0.213928,0.467348,0,0.0,10
1900-01-01 14:13:24.663,21.958273,-1.179073,23.976524,-1.449634,0.117393,0.119381,0.21413,0.806814,0,0.0,10
1900-01-01 14:13:25.663,21.950397,-1.176579,23.97718,-1.442677,0.117483,0.119396,0.214167,1.023696,0,0.0,10
1900-01-01 14:13:26.663,21.953285,-1.174873,23.979412,-1.443202,0.116721,0.119165,0.214157,0.915255,0,0.0,10
1900-01-01 14:13:27.663,21.946459,-1.17986,23.977705,-1.444252,0.116737,0.119633,0.21402,1.084988,0,0.0,10
1900-01-01 14:13:28.663,21.92887,-1.178285,23.96064,-1.447796,0.117582,0.119753,0.214644,1.127421,0,0.0,10
1900-01-01 14:13:29.663,21.949216,-1.176316,23.980593,-1.445302,0.116438,0.118982,0.214038,0.835103,0,0.0,10
1900-01-01 14:13:30.663,21.952235,-1.175529,23.982562,-1.443596,0.116884,0.119606,0.214369,0.901111,0,0.0,10
1900-01-01 14:13:31.663,21.952235,-1.177104,23.982431,-1.435853,0.116648,0.119055,0.213817,0.872822,0,0.0,10
1900-01-01 14:13:32.663,21.945934,-1.178154,23.980856,-1.439265,0.117267,0.119759,0.214185,1.051984,0,0.0,10
1900-01-01 14:13:33.663,21.950266,-1.175135,23.989651,-1.445565,0.116868,0.119654,0.214451,1.117992,0,0.0,10
1900-01-01 14:13:34.663,21.949478,-1.170673,23.988338,-1.444252,0.116874,0.120252,0.214157,1.042555,0,0.0,10
1900-01-01 14:13:35.663,21.948035,-1.178285,23.987813,-1.439134,0.117357,0.119948,0.213726,0.8021,0,0.0,10
1900-01-01 14:13:36.663,21.939896,-1.170279,23.986894,-1.437559,0.117031,0.120047,0.213707,0.853963,0,0.0,10
1900-01-01 14:13:37.663,21.955123,-1.171198,23.991489,-1.44399,0.117015,0.119318,0.213514,0.542785,0,0.0,10
1900-01-01 14:13:38.663,21.95066,-1.169623,23.997002,-1.43769,0.117304,0.118887,0.213928,1.226432,0,0.0,10
1900-01-01 14:13:39.663,21.947641,-1.16936,23.99674,-1.444777,0.116007,0.118672,0.213928,0.91997,0,0.0,10
1900-01-01 14:13:40.663,21.951054,-1.168572,23.997002,-1.441759,0.116958,0.119192,0.213919,0.754952,0,0.0,10
1900-01-01 14:13:41.663,21.947509,-1.166604,23.99267,-1.440577,0.117435,0.120089,0.214038,0.750237,0,0.0,10
1900-01-01 14:13:42.663,21.950791,-1.16936,23.994508,-1.441102,0.116874,0.119486,0.214001,0.707803,0,0.0,10
1900-01-01 14:13:43.663,21.949347,-1.168835,23.997002,-1.44504,0.11711,0.119375,0.214084,0.849248,0,0.0,10
1900-01-01 14:13:44.663,21.950397,-1.169623,23.998053,-1.441496,0.117336,0.11958,0.213772,0.868107,0,0.0,10
1900-01-01 14:13:45.663,21.930183,-1.170673,23.992408,-1.44294,0.117031,0.119816,0.214102,0.505067,0,0.0,10
1900-01-01 14:13:46.663,21.944359,-1.162272,23.99674,-1.444515,0.116968,0.119638,0.21413,0.872822,0,0.0,10
1900-01-01 14:13:47.663,21.953285,-1.165947,23.996871,-1.441234,0.117078,0.119759,0.214111,1.084988,0,0.0,10
1900-01-01 14:13:48.663,21.949478,-1.15991,24.009342,-1.43559,0.116616,0.118971,0.213955,0.811529,0,0.0,10
1900-01-01 14:13:49.663,21.939634,-1.171329,23.998053,-1.44084,0.116669,0.119234,0.213964,0.948259,0,0.0,10
1900-01-01 14:13:50.663,21.948297,-1.159516,24.004616,-1.437428,0.117341,0.119039,0.21413,0.948259,0,0.0,10
1900-01-01 14:13:51.663,21.952891,-1.16831,24.001072,-1.438609,0.117372,0.120026,0.21401,0.637081,0,0.0,10
1900-01-01 14:13:52.663,21.927558,-1.172773,23.993589,-1.43769,0.117593,0.119617,0.213909,0.816244,0,0.0,10
1900-01-01 14:13:53.663,21.94856,-1.166866,24.001859,-1.432178,0.1168,0.118976,0.213753,1.070844,0,0.0,10
1900-01-01 14:13:54.663,21.93819,-1.167785,23.99779,-1.432309,0.117068,0.118971,0.213873,1.051984,0,0.0,10
1900-01-01 14:13:55.663,21.936484,-1.174741,23.997659,-1.437559,0.116842,0.119675,0.213854,0.844533,0,0.0,10
1900-01-01 14:13:56.663,21.934252,-1.175135,23.990045,-1.438871,0.117021,0.119517,0.214157,1.075559,0,0.0,10
1900-01-01 14:13:57.663,21.950397,-1.162666,24.004748,-1.434934,0.117315,0.11958,0.214093,0.462633,0,0.0,10
1900-01-01 14:13:58.663,21.937665,-1.16411,23.995427,-1.443202,0.116454,0.118656,0.213928,0.31176,0,0.0,10
1900-01-01 14:13:59.663,21.947509,-1.163716,23.999759,-1.437821,0.116774,0.119328,0.213569,0.853963,0,0.0,10
1900-01-01 14:14:00.663,21.940421,-1.165554,23.998315,-1.432571,0.116364,0.120016,0.214167,0.948259,0,0.0,10
1900-01-01 14:14:01.663,21.951579,-1.165554,24.001991,-1.435984,0.116742,0.119486,0.2139,0.778526,0,0.0,10
1900-01-01 14:14:02.663,21.943703,-1.171723,23.994639,-1.439134,0.11595,0.118446,0.213955,1.084988,0,0.0,10
1900-01-01 14:14:03.663,21.951054,-1.164241,23.998709,-1.431784,0.114143,0.115653,0.214056,0.79267,0,0.0,10
1900-01-01 14:14:04.663,21.938977,-1.159778,23.99057,-1.435459,0.109807,0.112072,0.213726,0.868107,0,0.0,10
1900-01-01 14:14:05.663,21.942128,-1.157547,23.988863,-1.43664,0.10788,0.109547,0.213239,0.637081,0,0.0,10
1900-01-01 14:14:06.663,21.941078,-1.159385,23.99162,-1.438871,0.108499,0.110234,0.213165,0.820959,0,0.0,10
1900-01-01 14:14:07.663,21.944359,-1.164635,23.989126,-1.437953,0.107449,0.1092,0.21288,1.231147,0,0.0,10
1900-01-01 14:14:08.663,21.929658,-1.165029,23.993983,-1.440446,0.103265,0.10532,0.212743,1.250006,0,0.0,10
1900-01-01 14:14:09.663,21.94344,-1.157022,23.996871,-1.440971,0.102157,0.10406,0.212458,0.8021,0,0.0,10
1900-01-01 14:14:10.663,21.940028,-1.154528,24.003304,-1.440184,0.101159,0.1027,0.211668,0.91054,0,0.0,10
1900-01-01 14:14:11.663,21.941471,-1.156103,23.999628,-1.441759,0.100823,0.102784,0.211778,0.934114,0,0.0,10
1900-01-01 14:14:12.663,21.938977,-1.153872,23.998971,-1.44819,0.102089,0.103356,0.211328,0.868107,0,0.0,10
1900-01-01 14:14:13.663,21.938977,-1.150984,24.009211,-1.442415,0.10233,0.103493,0.210786,0.679515,0,0.0,10
1900-01-01 14:14:14.663,21.945278,-1.149934,24.001859,-1.445696,0.1016,0.103629,0.210712,1.127421,0,0.0,10
1900-01-01 14:14:15.663,21.94239,-1.152034,24.005404,-1.450552,0.101453,0.103398,0.210317,0.453204,0,0.0,10
1900-01-01 14:14:16.663,21.947903,-1.143765,24.011836,-1.445171,0.101012,0.102674,0.210381,0.839818,0,0.0,10
1900-01-01 14:14:17.663,21.943572,-1.150197,24.008423,-1.443071,0.101894,0.103388,0.210051,0.924685,0,0.0,10
1900-01-01 14:14:18.663,21.94029,-1.145997,24.009605,-1.442546,0.101217,0.103157,0.209922,0.79267,0,0.0,10
1900-01-01 14:14:19.663,21.939634,-1.143372,24.010786,-1.443202,0.101632,0.103498,0.209325,0.740807,0,0.0,10
1900-01-01 14:14:20.663,21.941209,-1.14009,24.016037,-1.442546,0.101527,0.10343,0.208654,0.839818,0,0.0,10
1900-01-01 14:14:21.663,21.944228,-1.139697,24.021419,-1.433359,0.101438,0.10322,0.208094,0.858677,0,0.0,10
1900-01-01 14:14:22.663,21.939896,-1.137071,24.018925,-1.440709,0.1016,0.10311,0.208406,0.703089,0,0.0,10
1900-01-01 14:14:23.663,21.937796,-1.13694,24.022863,-1.439921,0.101653,0.103283,0.207791,0.952974,0,0.0,10
1900-01-01 14:14:24.663,21.94449,-1.13589,24.027852,-1.43979,0.101653,0.103141,0.208222,0.806814,0,0.0,10
1900-01-01 14:14:25.663,21.93609,-1.141534,24.022076,-1.435196,0.10139,0.10302,0.207478,1.023696,0,0.0,10
1900-01-01 14:14:26.663,21.931364,-1.13694,24.020763,-1.44084,0.101742,0.102978,0.207028,1.198144,0,0.0,10
1900-01-01 14:14:27.663,21.940946,-1.136284,24.023651,-1.445696,0.101574,0.102375,0.207148,0.78324,0,0.0,10
1900-01-01 14:14:28.663,21.934908,-1.139303,24.036778,-1.439921,0.100708,0.102595,0.206955,0.707803,0,0.0,10
1900-01-01 14:14:29.663,21.942522,-1.140353,24.02562,-1.44714,0.101228,0.103666,0.206514,1.094418,0,0.0,10
1900-01-01 14:14:30.663,21.940553,-1.137728,24.031133,-1.444121,0.101611,0.103204,0.206073,0.990692,0,0.0,10
1900-01-01 14:14:31.663,21.936221,-1.14219,24.030083,-1.442415,0.101327,0.103351,0.205926,0.948259,0,0.0,10
1900-01-01 14:14:32.663,21.949478,-1.134315,24.032315,-1.454096,0.1018,0.103257,0.205604,0.868107,0,0.0,10
1900-01-01 14:14:33.663,21.932677,-1.135103,24.032184,-1.44504,0.100918,0.10291,0.205806,0.6748,0,0.0,10
1900-01-01 14:14:34.663,21.936484,-1.142715,24.033234,-1.455802,0.101558,0.103136,0.20554,0.571074,0,0.0,10
1900-01-01 14:14:35.663,21.937271,-1.146391,24.035991,-1.44609,0.101842,0.103377,0.20509,0.764381,0,0.0,10
1900-01-01 14:14:36.663,21.940553,-1.143503,24.041767,-1.444384,0.101873,0.103467,0.204695,0.585218,0,0.0,10
1900-01-01 14:14:37.663,21.927033,-1.147178,24.03796,-1.441102,0.101228,0.10302,0.204695,0.91054,0,0.0,10
1900-01-01 14:14:38.663,21.932152,-1.144684,24.041898,-1.442415,0.101474,0.10269,0.20452,0.868107,0,0.0,10
1900-01-01 14:14:39.663,21.923882,-1.145472,24.043604,-1.442415,0.101569,0.103535,0.204401,0.924685,0,0.0,10
1900-01-01 14:14:40.663,21.944622,-1.138253,24.052794,-1.445696,0.100734,0.10249,0.204005,1.066129,0,0.0,10
1900-01-01 14:14:41.663,21.930839,-1.146653,24.052794,-1.447402,0.100897,0.10269,0.203289,0.481493,0,0.0,10
1900-01-01 14:14:42.663,21.940159,-1.138515,24.058438,-1.45344,0.101217,0.102753,0.203509,1.02841,0,0.0,10
1900-01-01 14:14:43.663,21.937796,-1.144553,24.050299,-1.448977,0.100997,0.103026,0.203326,0.91054,0,0.0,10
1900-01-01 14:14:44.663,21.936877,-1.149147,24.052925,-1.455409,0.101002,0.103146,0.202949,0.731378,0,0.0,10
1900-01-01 14:14:45.663,21.936877,-1.14429,24.064608,-1.455146,0.101716,0.103524,0.202609,0.754952,0,0.0,10
1900-01-01 14:14:46.663,21.941865,-1.140222,24.064477,-1.45449,0.101978,0.103388,0.20248,0.995407,0,0.0,10
1900-01-01 14:14:47.663,21.93819,-1.137728,24.067759,-1.454359,0.100718,0.102558,0.202379,0.877537,0,0.0,10
1900-01-01 14:14:48.663,21.941603,-1.13589,24.067365,-1.459084,0.10085,0.102553,0.202058,0.434345,0,0.0,10
1900-01-01 14:14:49.663,21.945409,-1.136678,24.072485,-1.461577,0.100907,0.102564,0.202039,0.717233,0,0.0,10
1900-01-01 14:14:50.663,21.941865,-1.140747,24.07511,-1.45344,0.101432,0.103482,0.201598,0.858677,0,0.0,10
1900-01-01 14:14:51.663,21.947116,-1.14009,24.079836,-1.447271,0.101658,0.103635,0.201819,0.731378,0,0.0,10
1900-01-01 14:14:52.663,21.930708,-1.143897,24.076948,-1.460396,0.100624,0.10291,0.201111,0.797385,0,0.0,10
1900-01-01 14:14:53.663,21.935302,-1.137596,24.077473,-1.458034,0.101201,0.103341,0.201111,0.731378,0,0.0,10
1900-01-01 14:14:54.663,21.939109,-1.138647,24.083118,-1.459215,0.101558,0.103215,0.200643,1.018981,0,0.0,10
1900-01-01 14:14:55.663,21.944359,-1.137728,24.085087,-1.462365,0.101968,0.104102,0.20034,0.849248,0,0.0,10
1900-01-01 14:14:56.663,21.938452,-1.142322,24.086137,-1.458952,0.101411,0.102889,0.200496,0.868107,0,0.0,10
1900-01-01 14:14:57.663,21.945803,-1.140747,24.085349,-1.463021,0.101506,0.10322,0.200165,0.981262,0,0.0,10
1900-01-01 14:14:58.663,21.948428,-1.138384,24.094276,-1.465909,0.100834,0.103372,0.200073,0.79267,0,0.0,10
1900-01-01 14:14:59.663,21.938977,-1.139172,24.088762,-1.466696,0.101002,0.10311,0.199724,0.684229,0,0.0,10
1900-01-01 14:15:00.663,21.948428,-1.14429,24.097952,-1.464465,0.100471,0.102159,0.199586,1.141566,0,0.0,10
1900-01-01 14:15:01.663,21.949085,-1.137071,24.091782,-1.466302,0.10086,0.102595,0.199403,0.811529,0,0.0,10
1900-01-01 14:15:02.663,21.932414,-1.138647,24.08955,-1.468402,0.101138,0.102821,0.199761,0.896396,0,0.0,10
1900-01-01 14:15:03.663,21.935827,-1.136021,24.093882,-1.468534,0.101217,0.102721,0.199522,0.684229,0,0.0,10
1900-01-01 14:15:04.663,21.939765,-1.136678,24.096639,-1.469584,0.101312,0.103178,0.199577,1.056699,0,0.0,10
1900-01-01 14:15:05.663,21.942522,-1.137728,24.096376,-1.461315,0.101679,0.103257,0.199201,0.929399,0,0.0,10
1900-01-01 14:15:06.663,21.93609,-1.136415,24.096245,-1.465252,0.101537,0.103897,0.198796,0.599363,0,0.0,10
1900-01-01 14:15:07.663,21.954073,-1.132609,24.102809,-1.462365,0.100997,0.102821,0.198796,0.78324,0,0.0,10
1900-01-01 14:15:08.663,21.936615,-1.135628,24.100446,-1.463546,0.100587,0.102112,0.198254,1.02841,0,0.0,10
1900-01-01 14:15:09.663,21.953416,-1.13484,24.107928,-1.463415,0.101364,0.103115,0.198576,0.91054,0,0.0,10
1900-01-01 14:15:10.663,21.92782,-1.138778,24.099002,-1.467877,0.101333,0.102868,0.198466,0.721948,0,0.0,10
1900-01-01 14:15:11.663,21.947247,-1.129852,24.105565,-1.460134,0.101317,0.103498,0.197997,0.764381,0,0.0,10
1900-01-01 14:15:12.663,21.944622,-1.127752,24.108979,-1.45974,0.100398,0.102936,0.197951,0.981262,0,0.0,10
1900-01-01 14:15:13.663,21.940684,-1.12959,24.104778,-1.45974,0.10128,0.103262,0.197473,0.78324,0,0.0,10
1900-01-01 14:15:14.663,21.935696,-1.135365,24.104515,-1.467484,0.101133,0.103183,0.197602,0.750237,0,0.0,10
1900-01-01 14:15:15.663,21.938321,-1.133528,24.104647,-1.472602,0.101002,0.103068,0.197878,1.042555,0,0.0,10
1900-01-01 14:15:16.663,21.948822,-1.127884,24.108716,-1.465515,0.100697,0.1027,0.197244,0.53807,0,0.0,10
1900-01-01 14:15:17.663,21.94961,-1.129852,24.11121,-1.462496,0.099973,0.10218,0.19729,0.8021,0,0.0,10
1900-01-01 14:15:18.663,21.937796,-1.13064,24.104909,-1.467221,0.101107,0.10386,0.19683,0.670085,0,0.0,10
1900-01-01 14:15:19.663,21.942915,-1.134053,24.107535,-1.460921,0.100991,0.103036,0.197198,0.759666,0,0.0,10
1900-01-01 14:15:20.663,21.932808,-1.136284,24.100315,-1.466827,0.100188,0.102406,0.197087,0.858677,0,0.0,10
1900-01-01 14:15:21.663,21.952891,-1.123552,24.113179,-1.469846,0.100708,0.102611,0.196839,0.684229,0,0.0,10
1900-01-01 14:15:22.663,21.951447,-1.129196,24.109897,-1.467484,0.100566,0.103272,0.196858,1.103847,0,0.0,10
1900-01-01 14:15:23.663,21.953416,-1.123421,24.118562,-1.471946,0.100734,0.102905,0.196095,0.750237,0,0.0,10
1900-01-01 14:15:24.663,21.942128,-1.133528,24.114623,-1.469321,0.100907,0.102348,0.196398,0.542785,0,0.0,10
1900-01-01 14:15:25.663,21.940946,-1.128934,24.109635,-1.469584,0.100697,0.102852,0.196509,0.745522,0,0.0,10
1900-01-01 14:15:26.663,21.950135,-1.133659,24.115017,-1.474046,0.100445,0.102821,0.195829,0.872822,0,0.0,10
1900-01-01 14:15:27.663,21.936877,-1.127096,24.113048,-1.470634,0.100823,0.103041,0.195957,0.745522,0,0.0,10
1900-01-01 14:15:28.663,21.940159,-1.132871,24.113179,-1.472865,0.101627,0.103645,0.19582,0.599363,0,0.0,10
1900-01-01 14:15:29.663,21.946328,-1.131821,24.11843,-1.475227,0.10054,0.103204,0.196049,0.712518,0,0.0,10
1900-01-01 14:15:30.663,21.937927,-1.134315,24.116461,-1.472077,0.101207,0.103341,0.19581,0.8021,0,0.0,10
1900-01-01 14:15:31.663,21.947509,-1.134971,24.122237,-1.471684,0.100703,0.102653,0.195617,0.472063,0,0.0,10
1900-01-01 14:15:32.663,21.92992,-1.132478,24.108979,-1.475621,0.100582,0.10302,0.195443,0.882251,0,0.0,10
1900-01-01 14:15:33.663,21.944228,-1.142322,24.113573,-1.472471,0.100566,0.102915,0.19502,0.453204,0,0.0,10
1900-01-01 14:15:34.663,21.938321,-1.138909,24.11843,-1.469715,0.101254,0.104013,0.195259,0.830388,0,0.0,10
1900-01-01 14:15:35.663,21.944097,-1.136546,24.118299,-1.469584,0.101663,0.103871,0.194781,0.863392,0,0.0,10
1900-01-01 14:15:36.663,21.935171,-1.138515,24.113704,-1.473258,0.100314,0.102779,0.195204,0.811529,0,0.0,10
1900-01-01 14:15:37.663,21.929133,-1.139303,24.116461,-1.474571,0.100277,0.10333,0.194965,0.769096,0,0.0,10
1900-01-01 14:15:38.663,21.939109,-1.144815,24.115673,-1.473915,0.100792,0.103199,0.194745,0.91997,0,0.0,10
1900-01-01 14:15:39.663,21.944359,-1.144684,24.115542,-1.470634,0.100393,0.103031,0.19468,0.934114,0,0.0,10
1900-01-01 14:15:40.663,21.948035,-1.139828,24.118168,-1.469715,0.101553,0.103792,0.194607,0.750237,0,0.0,10
1900-01-01 14:15:41.663,21.945541,-1.143765,24.117774,-1.469715,0.100682,0.103199,0.194239,1.099133,0,0.0,10
1900-01-01 14:15:42.663,21.941996,-1.144947,24.11226,-1.470502,0.100876,0.103398,0.194589,1.217003,0,0.0,10
1900-01-01 14:15:43.663,21.946591,-1.142059,24.121712,-1.468796,0.10075,0.1029,0.194175,0.943544,0,0.0,10
1900-01-01 14:15:44.663,21.94449,-1.135365,24.115148,-1.473258,0.101537,0.103792,0.194221,1.099133,0,0.0,10
1900-01-01 14:15:45.663,21.944097,-1.144815,24.109766,-1.474702,0.101322,0.103671,0.193863,0.66537,0,0.0,10
1900-01-01 14:15:46.663,21.949872,-1.139828,24.116986,-1.475752,0.100592,0.102684,0.194028,0.655941,0,0.0,10
1900-01-01 14:15:47.663,21.948166,-1.145603,24.110291,-1.480477,0.100482,0.102905,0.194083,0.736092,0,0.0,10
1900-01-01 14:15:48.663,21.948691,-1.141534,24.107403,-1.480477,0.100608,0.102973,0.194166,0.78324,0,0.0,10
1900-01-01 14:15:49.663,21.951447,-1.141009,24.10911,-1.48074,0.101296,0.103876,0.193936,0.943544,0,0.0,10
1900-01-01 14:15:50.663,21.94029,-1.14429,24.104384,-1.479558,0.100324,0.102973,0.193661,0.967118,0,0.0,10
1900-01-01 14:15:51.663,21.943965,-1.143503,24.102809,-1.485465,0.101102,0.103839,0.193321,1.056699,0,0.0,10
1900-01-01 14:15:52.663,21.935565,-1.148097,24.106353,-1.485596,0.100881,0.103346,0.193596,0.627652,0,0.0,10
1900-01-01 14:15:53.663,21.933202,-1.147572,24.091125,-1.480871,0.100482,0.103509,0.193357,1.009551,0,0.0,10
1900-01-01 14:15:54.663,21.938321,-1.142453,24.095589,-1.480346,0.100844,0.103162,0.193422,0.844533,0,0.0,10
1900-01-01 14:15:55.663,21.941734,-1.147834,24.098214,-1.481133,0.100561,0.102763,0.192871,0.952974,0,0.0,10
1900-01-01 14:15:56.663,21.934252,-1.143765,24.099396,-1.480083,0.100981,0.104018,0.193091,1.103847,0,0.0,10
1900-01-01 14:15:57.663,21.93399,-1.148884,24.094538,-1.479033,0.101595,0.103918,0.192935,0.712518,0,0.0,10
1900-01-01 14:15:58.663,21.943834,-1.147703,24.097295,-1.476933,0.10107,0.103246,0.192751,0.745522,0,0.0,10
1900-01-01 14:15:59.663,21.93819,-1.144947,24.095326,-1.47969,0.100251,0.1029,0.192558,0.726663,0,0.0,10
1900-01-01 14:16:00.663,21.931758,-1.144422,24.087712,-1.480871,0.101317,0.103797,0.192935,0.53807,0,0.0,10
1900-01-01 14:16:01.663,21.95801,-1.143765,24.101759,-1.482708,0.100314,0.102968,0.192797,0.769096,0,0.0,10
1900-01-01 14:16:02.663,21.941996,-1.144422,24.097164,-1.483627,0.100345,0.103393,0.192714,0.929399,0,0.0,10
1900-01-01 14:16:03.663,21.941734,-1.145997,24.091519,-1.485333,0.101338,0.104459,0.192751,0.4202,0,0.0,10
1900-01-01 14:16:04.663,21.936221,-1.151247,24.086662,-1.486121,0.101333,0.104175,0.192136,0.849248,0,0.0,10
1900-01-01 14:16:05.663,21.943572,-1.150197,24.099133,-1.478771,0.099868,0.102868,0.192641,0.91054,0,0.0,10
1900-01-01 14:16:06.663,21.939371,-1.145603,24.094276,-1.483496,0.100524,0.103535,0.192145,1.056699,0,0.0,10
1900-01-01 14:16:07.663,21.937665,-1.153609,24.086793,-1.482315,0.100734,0.104238,0.192209,0.849248,0,0.0,10
1900-01-01 14:16:08.663,21.929395,-1.156891,24.087844,-1.48179,0.100844,0.104349,0.192328,0.929399,0,0.0,10
1900-01-01 14:16:09.663,21.947378,-1.154003,24.086006,-1.482577,0.100508,0.103724,0.192531,1.099133,0,0.0,10
1900-01-01 14:16:10.663,21.940946,-1.150328,24.084824,-1.481396,0.099988,0.103236,0.192136,0.712518,0,0.0,10
1900-01-01 14:16:11.663,21.949216,-1.145209,24.089813,-1.478508,0.100619,0.103792,0.191897,0.915255,0,0.0,10
1900-01-01 14:16:12.663,21.942259,-1.148753,24.092307,-1.48389,0.100272,0.103367,0.1922,0.985977,0,0.0,10
1900-01-01 14:16:13.663,21.947247,-1.147178,24.093882,-1.478902,0.100545,0.10311,0.191805,0.566359,0,0.0,10
1900-01-01 14:16:14.663,21.949347,-1.148753,24.086793,-1.474177,0.100934,0.103682,0.191814,0.764381,0,0.0,10
1900-01-01 14:16:15.663,21.943309,-1.146391,24.090206,-1.47969,0.100492,0.103524,0.191639,0.655941,0,0.0,10
1900-01-01 14:16:16.663,21.935958,-1.141797,24.086925,-1.478508,0.101207,0.103283,0.191989,0.891681,0,0.0,10
1900-01-01 14:16:17.663,21.942784,-1.147572,24.082461,-1.476277,0.099852,0.102952,0.191263,1.146281,0,0.0,10
1900-01-01 14:16:18.663,21.945672,-1.149016,24.086925,-1.478377,0.100135,0.103341,0.191401,0.707803,0,0.0,10
1900-01-01 14:16:19.663,21.945672,-1.147703,24.082199,-1.480215,0.099626,0.103509,0.191263,0.660655,0,0.0,10
1900-01-01 14:16:20.663,21.944359,-1.155053,24.082593,-1.476671,0.100844,0.103881,0.191658,0.820959,0,0.0,10
1900-01-01 14:16:21.663,21.946328,-1.14324,24.084693,-1.476277,0.100293,0.103388,0.191391,0.853963,0,0.0,10
1900-01-01 14:16:22.663,21.946591,-1.141665,24.087318,-1.484152,0.100377,0.103561,0.191557,0.816244,0,0.0,10
1900-01-01 14:16:23.663,21.941865,-1.145865,24.077998,-1.483627,0.100724,0.103456,0.191345,1.018981,0,0.0,10
1900-01-01 14:16:24.663,21.940684,-1.140747,24.084299,-1.484283,0.099736,0.102653,0.19096,0.552215,0,0.0,10
1900-01-01 14:16:25.663,21.938321,-1.146128,24.076423,-1.478771,0.100167,0.102852,0.191097,0.717233,0,0.0,10
1900-01-01 14:16:26.663,21.944359,-1.141928,24.077735,-1.477065,0.100881,0.10437,0.190969,0.764381,0,0.0,10
1900-01-01 14:16:27.663,21.95171,-1.13904,24.087844,-1.471946,0.100813,0.103687,0.190895,0.905825,0,0.0,10
1900-01-01 14:16:28.663,21.938715,-1.140222,24.074716,-1.481921,0.100755,0.103409,0.19107,0.717233,0,0.0,10
1900-01-01 14:16:29.663,21.934383,-1.142453,24.077342,-1.477065,0.100676,0.103488,0.191254,0.703089,0,0.0,10
1900-01-01 14:16:30.663,21.939896,-1.144684,24.075241,-1.47759,0.100235,0.103419,0.19129,0.778526,0,0.0,10
1900-01-01 14:16:31.663,21.932152,-1.142059,24.074716,-1.482446,0.099831,0.103099,0.191511,0.78324,0,0.0,10
1900-01-01 14:16:32.663,21.946591,-1.139697,24.081149,-1.48179,0.100041,0.103015,0.19096,0.78324,0,0.0,10
1900-01-01 14:16:33.663,21.947378,-1.137203,24.077473,-1.484152,0.099579,0.102994,0.190059,1.056699,0,0.0,10
1900-01-01 14:16:34.663,21.937927,-1.142453,24.073797,-1.478508,0.100051,0.102942,0.190399,0.91054,0,0.0,10
1900-01-01 14:16:35.663,21.943047,-1.139172,24.076948,-1.484808,0.100046,0.102637,0.190335,0.703089,0,0.0,10
1900-01-01 14:16:36.663,21.946197,-1.13904,24.079836,-1.477065,0.100267,0.102826,0.190537,0.6748,0,0.0,10
1900-01-01 14:16:37.663,21.931627,-1.147047,24.067365,-1.483365,0.099516,0.102648,0.190785,0.868107,0,0.0,10
1900-01-01 14:16:38.663,21.939634,-1.14219,24.071172,-1.487827,0.100708,0.103608,0.190463,0.764381,0,0.0,10
1900-01-01 14:16:39.663,21.92992,-1.140615,24.071172,-1.485596,0.099731,0.103304,0.190482,0.811529,0,0.0,10
1900-01-01 14:16:40.663,21.946853,-1.140222,24.077342,-1.490583,0.099789,0.102837,0.190418,0.688944,0,0.0,10
1900-01-01 14:16:41.663,21.941996,-1.140484,24.067365,-1.487696,0.099915,0.102679,0.190013,0.825674,0,0.0,10
1900-01-01 14:16:42.663,21.946853,-1.138515,24.071959,-1.492946,0.100114,0.102952,0.190482,0.948259,0,0.0,10
1900-01-01 14:16:43.663,21.953285,-1.138121,24.075898,-1.486515,0.100934,0.10386,0.189949,0.853963,0,0.0,10
1900-01-01 14:16:44.663,21.948822,-1.139828,24.066315,-1.498458,0.099988,0.103425,0.190225,0.712518,0,0.0,10
1900-01-01 14:16:45.663,21.948297,-1.142322,24.066709,-1.489665,0.099574,0.102385,0.189931,0.585218,0,0.0,10
1900-01-01 14:16:46.663,21.949085,-1.140353,24.070515,-1.496227,0.099736,0.102821,0.189866,0.820959,0,0.0,10
1900-01-01 14:16:47.663,21.943965,-1.143765,24.069859,-1.493077,0.100487,0.103414,0.190215,0.91997,0,0.0,10
1900-01-01 14:16:48.663,21.952629,-1.134184,24.070253,-1.49334,0.099883,0.103041,0.189995,0.8021,0,0.0,10
1900-01-01 14:16:49.663,21.949478,-1.138384,24.066709,-1.491371,0.100356,0.103246,0.189728,0.754952,0,0.0,10
1900-01-01 14:16:50.663,21.944228,-1.144028,24.065396,-1.489665,0.100193,0.102947,0.190004,1.009551,0,0.0,10
1900-01-01 14:16:51.663,21.940159,-1.146128,24.06789,-1.489796,0.099826,0.103356,0.190032,0.886966,0,0.0,10
1900-01-01 14:16:52.663,21.939109,-1.142978,24.058307,-1.490583,0.099637,0.103073,0.189719,0.750237,0,0.0,10
1900-01-01 14:16:53.663,21.94134,-1.150459,24.060933,-1.490583,0.099925,0.102999,0.189627,0.759666,0,0.0,10
1900-01-01 14:16:54.663,21.947903,-1.146128,24.06277,-1.489533,0.100608,0.103661,0.189802,1.056699,0,0.0,10
1900-01-01 14:16:55.663,21.957092,-1.142715,24.063033,-1.490321,0.099427,0.103015,0.189756,0.886966,0,0.0,10
1900-01-01 14:16:56.663,21.953679,-1.139565,24.064477,-1.48809,0.099904,0.103467,0.189581,0.863392,0,0.0,10
1900-01-01 14:16:57.663,21.963655,-1.142453,24.06579,-1.488746,0.100666,0.10344,0.189618,0.91997,0,0.0,10
1900-01-01 14:16:58.663,21.948691,-1.137071,24.055682,-1.492027,0.099778,0.103141,0.18949,0.976548,0,0.0,10
1900-01-01 14:16:59.663,21.951972,-1.140747,24.059095,-1.489665,0.100172,0.103262,0.189297,0.481493,0,0.0,10
1900-01-01 14:17:00.663,21.961292,-1.142322,24.050693,-1.488221,0.099841,0.103304,0.189471,0.769096,0,0.0,10
1900-01-01 14:17:01.663,21.958929,-1.144422,24.059751,-1.484021,0.100162,0.10374,0.189517,0.750237,0,0.0,10
1900-01-01 14:17:02.663,21.959586,-1.141665,24.059226,-1.486121,0.100787,0.103929,0.189076,0.726663,0,0.0,10
1900-01-01 14:17:03.663,21.954073,-1.146916,24.045442,-1.482971,0.099537,0.103561,0.189003,0.731378,0,0.0,10
1900-01-01 14:17:04.663,21.953022,-1.147703,24.050824,-1.484808,0.10002,0.103335,0.189287,0.519211,0,0.0,10
1900-01-01 14:17:05.663,21.955516,-1.145997,24.044655,-1.487696,0.099994,0.10291,0.188938,1.117992,0,0.0,10
1900-01-01 14:17:06.663,21.964705,-1.146128,24.050562,-1.487958,0.100088,0.103367,0.189058,0.736092,0,0.0,10
1900-01-01 14:17:07.663,21.961029,-1.149147,24.042029,-1.491502,0.0995,0.103519,0.189067,0.849248,0,0.0,10
1900-01-01 14:17:08.663,21.968249,-1.149409,24.047411,-1.494258,0.100603,0.103451,0.18903,0.618222,0,0.0,10
1900-01-01 14:17:09.663,21.957354,-1.15466,24.037697,-1.488352,0.099521,0.103351,0.18903,0.976548,0,0.0,10
1900-01-01 14:17:10.663,21.961554,-1.153741,24.04006,-1.487827,0.10003,0.103488,0.189039,0.712518,0,0.0,10
1900-01-01 14:17:11.663,21.959323,-1.158203,24.029427,-1.490321,0.100114,0.103451,0.189104,0.53807,0,0.0,10
1900-01-01 14:17:12.663,21.954466,-1.159778,24.028902,-1.487302,0.099789,0.1026,0.188626,0.769096,0,0.0,10
1900-01-01 14:17:13.663,21.951579,-1.154922,24.023782,-1.488221,0.100177,0.10323,0.188865,0.91997,0,0.0,10
1900-01-01 14:17:14.663,21.964311,-1.157022,24.023651,-1.485333,0.100634,0.103225,0.188635,0.816244,0,0.0,10
1900-01-01 14:17:15.663,21.966936,-1.155185,24.01945,-1.483627,0.099568,0.103031,0.188415,0.55693,0,0.0,10
1900-01-01 14:17:16.663,21.961817,-1.157547,24.017087,-1.488221,0.099673,0.102684,0.188801,0.886966,0,0.0,10
1900-01-01 14:17:17.663,21.970611,-1.159778,24.023388,-1.492027,0.099358,0.102779,0.18847,0.886966,0,0.0,10
1900-01-01 14:17:18.663,21.960898,-1.158466,24.018137,-1.491108,0.10065,0.103199,0.188194,0.820959,0,0.0,10
1900-01-01 14:17:19.663,21.950397,-1.163454,24.006979,-1.503971,0.100545,0.103419,0.188727,0.924685,0,0.0,10
1900-01-01 14:17:20.663,21.963523,-1.159385,24.015118,-1.499377,0.100366,0.10365,0.188451,0.849248,0,0.0,10
1900-01-01 14:17:21.663,21.960636,-1.163847,24.015774,-1.496227,0.100393,0.103451,0.188461,0.693659,0,0.0,10
1900-01-01 14:17:22.663,21.960111,-1.164241,24.012624,-1.493996,0.099847,0.103698,0.188102,0.778526,0,0.0,10
1900-01-01 14:17:23.663,21.95591,-1.160041,24.014856,-1.493602,0.099794,0.103241,0.188258,0.976548,0,0.0,10
1900-01-01 14:17:24.663,21.965624,-1.163979,24.017481,-1.48599,0.099673,0.103146,0.188001,0.42963,0,0.0,10
1900-01-01 14:17:25.663,21.962342,-1.161485,24.013543,-1.49754,0.099516,0.103619,0.188378,1.009551,0,0.0,10
1900-01-01 14:17:26.663,21.953547,-1.158597,24.008554,-1.498327,0.099689,0.103089,0.188617,1.16514,0,0.0,10
1900-01-01 14:17:27.663,21.949216,-1.162141,24.012624,-1.494521,0.100146,0.10386,0.188249,1.089703,0,0.0,10
1900-01-01 14:17:28.663,21.94961,-1.165029,24.01013,-1.496096,0.099715,0.10302,0.188185,0.608793,0,0.0,10
1900-01-01 14:17:29.663,21.962998,-1.156235,24.019844,-1.491371,0.099138,0.102579,0.188258,0.773811,0,0.0,10
1900-01-01 14:17:30.663,21.958929,-1.161353,24.016037,-1.490321,0.099815,0.1028,0.187983,0.688944,0,0.0,10
1900-01-01 14:17:31.663,21.959717,-1.166735,24.021157,-1.49124,0.099122,0.103068,0.187818,0.585218,0,0.0,10
1900-01-01 14:17:32.663,21.969955,-1.157285,24.022207,-1.484283,0.100041,0.103535,0.188056,0.731378,0,0.0,10
1900-01-01 14:17:33.663,21.954335,-1.169098,24.0163,-1.49649,0.099406,0.103083,0.18801,0.929399,0,0.0,10
1900-01-01 14:17:34.663,21.963261,-1.162797,24.023126,-1.495833,0.099826,0.103393,0.18801,1.009551,0,0.0,10
1900-01-01 14:17:35.663,21.966411,-1.157153,24.020369,-1.495833,0.099999,0.103488,0.188479,0.976548,0,0.0,10
1900-01-01 14:17:36.663,21.968118,-1.156235,24.022076,-1.494258,0.100183,0.103734,0.187873,0.863392,0,0.0,10
1900-01-01 14:17:37.663,21.960504,-1.161091,24.018006,-1.495177,0.099883,0.103677,0.187569,0.835103,0,0.0,10
1900-01-01 14:17:38.663,21.955123,-1.158597,24.020369,-1.495965,0.09949,0.103561,0.187615,0.79267,0,0.0,10
1900-01-01 14:17:39.663,21.97153,-1.159516,24.024832,-1.496621,0.099605,0.103131,0.187845,0.387197,0,0.0,10
1900-01-01 14:17:40.663,21.961161,-1.158466,24.024832,-1.492552,0.099658,0.10302,0.187845,0.901111,0,0.0,10
1900-01-01 14:17:41.663,21.956435,-1.162666,24.015774,-1.499902,0.099957,0.103713,0.18768,0.759666,0,0.0,10
1900-01-01 14:17:42.663,21.959717,-1.155972,24.024045,-1.496883,0.100309,0.103535,0.187606,0.736092,0,0.0,10
1900-01-01 14:17:43.663,21.958142,-1.151772,24.020763,-1.497933,0.100939,0.104774,0.187625,0.901111,0,0.0,10
1900-01-01 14:17:44.663,21.95486,-1.156235,24.019188,-1.496621,0.099201,0.103593,0.187974,0.707803,0,0.0,10
1900-01-01 14:17:45.663,21.968774,-1.155447,24.030871,-1.491633,0.100372,0.103997,0.187882,0.476778,0,0.0,10
1900-01-01 14:17:46.663,21.967461,-1.160041,24.022732,-1.493471,0.0997,0.103246,0.188111,1.061414,0,0.0,10
1900-01-01 14:17:47.663,21.951579,-1.159122,24.022863,-1.500952,0.099558,0.103488,0.188056,0.78324,0,0.0,10
1900-01-01 14:17:48.663,21.958667,-1.15886,24.026801,-1.496883,0.099532,0.10332,0.188286,0.811529,0,0.0,10
1900-01-01 14:17:49.663,21.966542,-1.158203,24.034284,-1.493996,0.098865,0.102816,0.188066,0.858677,0,0.0,10
1900-01-01 14:17:50.663,21.962473,-1.155053,24.022469,-1.500296,0.099316,0.103519,0.18802,0.886966,0,0.0,10
1900-01-01 14:17:51.663,21.958404,-1.152166,24.028508,-1.506464,0.10023,0.103398,0.188176,0.721948,0,0.0,10
1900-01-01 14:17:52.663,21.963786,-1.156628,24.024964,-1.503183,0.098692,0.103131,0.187753,0.806814,0,0.0,10
1900-01-01 14:17:53.663,21.966674,-1.159778,24.026276,-1.500952,0.099726,0.103472,0.188213,0.971833,0,0.0,10
1900-01-01 14:17:54.663,21.964573,-1.15466,24.032971,-1.498983,0.099437,0.103761,0.188121,0.835103,0,0.0,10
1900-01-01 14:17:55.663,21.97258,-1.15991,24.031659,-1.496883,0.098713,0.102821,0.187818,0.806814,0,0.0,10
1900-01-01 14:17:56.663,21.969561,-1.16411,24.036122,-1.502133,0.099427,0.10323,0.187799,0.632367,0,0.0,10
1900-01-01 14:17:57.663,21.952104,-1.163585,24.024307,-1.506727,0.099815,0.103146,0.187707,0.962403,0,0.0,10
1900-01-01 14:17:58.663,21.957092,-1.159122,24.024832,-1.49544,0.099526,0.103393,0.187919,0.726663,0,0.0,10
1900-01-01 14:17:59.663,21.965099,-1.161222,24.028508,-1.500952,0.099154,0.102732,0.187716,0.962403,0,0.0,10
1900-01-01 14:18:00.663,21.950135,-1.165029,24.023126,-1.500427,0.099668,0.103535,0.187487,0.740807,0,0.0,10
1900-01-01 14:18:01.663,21.967199,-1.163716,24.024701,-1.493471,0.099784,0.103782,0.187413,0.764381,0,0.0,10
1900-01-01 14:18:02.663,21.962473,-1.160828,24.02667,-1.499508,0.099967,0.103923,0.187873,0.929399,0,0.0,10
1900-01-01 14:18:03.663,21.962211,-1.166472,24.031133,-1.498458,0.099805,0.103577,0.187698,0.764381,0,0.0,10
1900-01-01 14:18:04.663,21.977175,-1.162141,24.035334,-1.495308,0.099889,0.103671,0.187579,1.113277,0,0.0,10
1900-01-01 14:18:05.663,21.964048,-1.163585,24.023913,-1.501477,0.099915,0.102952,0.188066,0.886966,0,0.0,10
1900-01-01 14:18:06.663,21.958929,-1.15886,24.030215,-1.494783,0.099274,0.103351,0.187863,0.91054,0,0.0,10
1900-01-01 14:18:07.663,21.954073,-1.164241,24.026014,-1.503183,0.09856,0.102852,0.187487,0.5475,0,0.0,10
1900-01-01 14:18:08.663,21.946066,-1.161879,24.020106,-1.502527,0.09961,0.104128,0.187762,0.915255,0,0.0,10
1900-01-01 14:18:09.663,21.972843,-1.164635,24.032315,-1.493865,0.100093,0.103299,0.187165,0.901111,0,0.0,10
1900-01-01 14:18:10.663,21.94856,-1.162929,24.017218,-1.50489,0.10012,0.103871,0.187634,1.132136,0,0.0,10
1900-01-01 14:18:11.663,21.969561,-1.161353,24.026145,-1.501477,0.099668,0.10374,0.187707,0.589933,0,0.0,10
1900-01-01 14:18:12.663,21.95906,-1.164241,24.023913,-1.501346,0.099878,0.103755,0.187551,0.726663,0,0.0,10
1900-01-01 14:18:13.663,21.968118,-1.163585,24.025226,-1.502002,0.099416,0.103713,0.187845,0.693659,0,0.0,10
1900-01-01 14:18:14.663,21.967461,-1.162666,24.023913,-1.499115,0.10033,0.103435,0.187606,0.585218,0,0.0,10
1900-01-01 14:18:15.663,21.959979,-1.161485,24.017087,-1.497802,0.09991,0.103367,0.187432,0.877537,0,0.0,10
1900-01-01 14:18:16.663,21.95591,-1.161222,24.020238,-1.503971,0.09971,0.104107,0.187285,0.877537,0,0.0,10
1900-01-01 14:18:17.663,21.964836,-1.161353,24.026276,-1.500165,0.099516,0.102931,0.186724,0.778526,0,0.0,10
1900-01-01 14:18:18.663,21.966411,-1.159647,24.027195,-1.50489,0.0997,0.10312,0.187257,0.660655,0,0.0,10
1900-01-01 14:18:19.663,21.959586,-1.154791,24.02352,-1.501215,0.10045,0.104375,0.187413,1.042555,0,0.0,10
1900-01-01 14:18:20.663,21.943834,-1.161091,24.022207,-1.497802,0.0996,0.103682,0.187294,0.594648,0,0.0,10
1900-01-01 14:18:21.663,21.966936,-1.165029,24.028245,-1.498196,0.099017,0.102936,0.187064,0.78324,0,0.0,10
1900-01-01 14:18:22.663,21.953416,-1.169623,24.026276,-1.502658,0.099316,0.103608,0.187514,0.896396,0,0.0,10
1900-01-01 14:18:23.663,21.954204,-1.15991,24.030346,-1.499115,0.099138,0.103094,0.187312,0.736092,0,0.0,10
1900-01-01 14:18:24.663,21.949741,-1.156497,24.027983,-1.505677,0.099889,0.103803,0.187514,0.952974,0,0.0,10
1900-01-01 14:18:25.663,21.967199,-1.15466,24.037828,-1.504496,0.099295,0.10344,0.187441,1.179284,0,0.0,10
1900-01-01 14:18:26.663,21.963655,-1.150591,24.033234,-1.509877,0.099673,0.10407,0.187643,0.820959,0,0.0,10
1900-01-01 14:18:27.663,21.964442,-1.156103,24.020763,-1.503446,0.099505,0.102385,0.187331,0.976548,0,0.0,10
1900-01-01 14:18:28.663,21.964573,-1.154922,24.03389,-1.503708,0.099185,0.102637,0.187349,0.571074,0,0.0,10
1900-01-01 14:18:29.663,21.965755,-1.157416,24.032971,-1.507252,0.099059,0.102732,0.187266,0.853963,0,0.0,10
1900-01-01 14:18:30.663,21.948428,-1.160172,24.0205,-1.504627,0.099374,0.103792,0.187009,1.070844,0,0.0,10
1900-01-01 14:18:31.663,21.954466,-1.151378,24.028377,-1.499377,0.099159,0.103351,0.187459,0.787955,0,0.0,10
1900-01-01 14:18:32.663,21.954991,-1.157285,24.031396,-1.500165,0.098828,0.102621,0.187037,1.03784,0,0.0,10
1900-01-01 14:18:33.663,21.951054,-1.159122,24.033234,-1.505283,0.099663,0.103766,0.187165,1.108562,0,0.0,10
1900-01-01 14:18:34.663,21.951185,-1.157547,24.026276,-1.506202,0.09971,0.10417,0.187239,0.627652,0,0.0,10
1900-01-01 14:18:35.663,21.944753,-1.158203,24.022076,-1.505152,0.100377,0.103866,0.187018,0.863392,0,0.0,10
1900-01-01 14:18:36.663,21.953547,-1.16096,24.026539,-1.50174,0.099269,0.102936,0.187027,0.604078,0,0.0,10
1900-01-01 14:18:37.663,21.94961,-1.16831,24.023257,-1.499115,0.099789,0.104028,0.187239,0.886966,0,0.0,10
1900-01-01 14:18:38.663,21.949872,-1.16516,24.028377,-1.499377,0.100571,0.104464,0.187055,0.575789,0,0.0,10
1900-01-01 14:18:39.663,21.943309,-1.167391,24.023651,-1.499377,0.099474,0.103965,0.187156,0.811529,0,0.0,10
1900-01-01 14:18:40.663,21.948297,-1.167522,24.027064,-1.50489,0.10003,0.103152,0.186871,0.387197,0,0.0,10
1900-01-01 14:18:41.663,21.962473,-1.165291,24.031921,-1.499902,0.099826,0.103283,0.187257,0.627652,0,0.0,10
1900-01-01 14:18:42.663,21.956829,-1.170016,24.027195,-1.503183,0.098954,0.10322,0.187303,0.811529,0,0.0,10
1900-01-01 14:18:43.663,21.942784,-1.171591,24.027852,-1.507121,0.100524,0.103824,0.187064,0.604078,0,0.0,10
1900-01-01 14:18:44.663,21.946197,-1.17566,24.024439,-1.507777,0.099101,0.102254,0.187138,0.679515,0,0.0,10
1900-01-01 14:18:45.663,21.956435,-1.178942,24.032577,-1.505808,0.099369,0.10301,0.187055,0.585218,0,0.0,10
1900-01-01 14:18:46.663,21.951316,-1.173298,24.035334,-1.508827,0.099479,0.103383,0.186899,0.938829,0,0.0,10
1900-01-01 14:18:47.663,21.956698,-1.173166,24.032971,-1.514864,0.100114,0.103204,0.186724,1.070844,0,0.0,10
1900-01-01 14:18:48.663,21.952366,-1.168047,24.028245,-1.519589,0.09971,0.104091,0.186614,0.825674,0,0.0,10
1900-01-01 14:18:49.663,21.964311,-1.165029,24.036909,-1.512502,0.100198,0.103404,0.186963,0.764381,0,0.0,10
1900-01-01 14:18:50.663,21.95696,-1.171854,24.032971,-1.508171,0.100093,0.10323,0.186926,0.835103,0,0.0,10
1900-01-01 14:18:51.663,21.947509,-1.171854,24.027852,-1.510008,0.100408,0.104133,0.186733,0.858677,0,0.0,10
1900-01-01 14:18:52.663,21.964573,-1.168835,24.035465,-1.506464,0.100025,0.103498,0.186274,0.585218,0,0.0,10
1900-01-01 14:18:53.663,21.958142,-1.171985,24.035072,-1.504233,0.099201,0.10344,0.186531,0.599363,0,0.0,10
1900-01-01 14:18:54.663,21.939634,-1.170935,24.02562,-1.508958,0.099369,0.103824,0.186642,1.000122,0,0.0,10
1900-01-01 14:18:55.663,21.956041,-1.165685,24.03494,-1.510139,0.098807,0.102642,0.186871,0.896396,0,0.0,10
1900-01-01 14:18:56.663,21.947247,-1.163585,24.02457,-1.509614,0.099043,0.103099,0.187101,0.778526,0,0.0,10
1900-01-01 14:18:57.663,21.941734,-1.168704,24.027852,-1.503183,0.099631,0.103309,0.186816,1.108562,0,0.0,10
1900-01-01 14:18:58.663,21.953679,-1.170016,24.028245,-1.506858,0.100587,0.103398,0.186834,1.089703,0,0.0,10
1900-01-01 14:18:59.663,21.944884,-1.165947,24.02457,-1.507514,0.100298,0.10386,0.186237,0.589933,0,0.0,10
1900-01-01 14:19:00.663,21.947378,-1.169229,24.029296,-1.506989,0.09992,0.10386,0.18632,0.684229,0,0.0,10
1900-01-01 14:19:01.663,21.965361,-1.165685,24.037697,-1.508302,0.099563,0.103236,0.186338,0.773811,0,0.0,10
1900-01-01 14:19:02.663,21.948035,-1.169754,24.031659,-1.508958,0.099736,0.102858,0.186642,0.759666,0,0.0,10
1900-01-01 14:19:03.663,21.949085,-1.159385,24.029689,-1.505415,0.100067,0.103934,0.186825,0.717233,0,0.0,10
1900-01-01 14:19:04.663,21.942653,-1.160172,24.028245,-1.507514,0.099637,0.103572,0.186577,0.698374,0,0.0,10
1900-01-01 14:19:05.663,21.955516,-1.160041,24.032184,-1.502921,0.099553,0.103183,0.186449,0.858677,0,0.0,10
1900-01-01 14:19:06.663,21.948822,-1.16411,24.031659,-1.503577,0.099852,0.104307,0.18621,0.797385,0,0.0,10
1900-01-01 14:19:07.663,21.945803,-1.163454,24.031921,-1.505415,0.099999,0.103414,0.186632,0.811529,0,0.0,10
1900-01-01 14:19:08.663,21.952104,-1.168966,24.032971,-1.508827,0.099595,0.103299,0.185631,0.698374,0,0.0,10
1900-01-01 14:19:09.663,21.956829,-1.165291,24.040979,-1.510796,0.099442,0.102931,0.186513,0.759666,0,0.0,10
1900-01-01 14:19:10.663,21.949216,-1.167522,24.032971,-1.513027,0.099826,0.103855,0.186752,1.000122,0,0.0,10
1900-01-01 14:19:11.663,21.961029,-1.16411,24.037303,-1.513552,0.099416,0.103866,0.186981,0.613507,0,0.0,10
1900-01-01 14:19:12.663,21.968511,-1.15781,24.043342,-1.502265,0.100125,0.104049,0.187037,0.646511,0,0.0,10
1900-01-01 14:19:13.663,21.960898,-1.155972,24.038616,-1.506202,0.100445,0.103818,0.186715,0.523926,0,0.0,10
1900-01-01 14:19:14.663,21.962605,-1.159122,24.037697,-1.511058,0.099584,0.103587,0.186651,0.622937,0,0.0,10
1900-01-01 14:19:15.663,21.965492,-1.162797,24.043867,-1.505808,0.098618,0.103146,0.186816,0.651226,0,0.0,10
1900-01-01 14:19:16.663,21.956829,-1.165685,24.038879,-1.507252,0.099337,0.10365,0.186743,0.844533,0,0.0,10
1900-01-01 14:19:17.663,21.963523,-1.160697,24.039404,-1.510927,0.098828,0.102863,0.186697,0.967118,0,0.0,10
1900-01-01 14:19:18.663,21.963786,-1.159385,24.042554,-1.509221,0.099164,0.103251,0.186623,0.424915,0,0.0,10
1900-01-01 14:19:19.663,21.951185,-1.162535,24.045967,-1.514996,0.099757,0.10332,0.18688,1.099133,0,0.0,10
1900-01-01 14:19:20.663,21.949872,-1.162797,24.036647,-1.513158,0.0996,0.103514,0.186568,0.79267,0,0.0,10
1900-01-01 14:19:21.663,21.95696,-1.159778,24.037172,-1.515652,0.099673,0.103545,0.186485,0.91997,0,0.0,10
1900-01-01 14:19:22.663,21.958142,-1.164897,24.039929,-1.511058,0.099285,0.103183,0.187156,0.91997,0,0.0,10
1900-01-01 14:19:23.663,21.949478,-1.170541,24.037172,-1.510008,0.100057,0.103635,0.18677,0.863392,0,0.0,10
1900-01-01 14:19:24.663,21.946459,-1.163454,24.035465,-1.507777,0.099778,0.103283,0.186495,0.886966,0,0.0,10
1900-01-01 14:19:25.663,21.958929,-1.16516,24.036909,-1.509746,0.099568,0.103797,0.18643,1.103847,0,0.0,10
1900-01-01 14:19:26.663,21.947116,-1.162141,24.031265,-1.509746,0.099442,0.103094,0.186348,1.141566,0,0.0,10
1900-01-01 14:19:27.663,21.963392,-1.16411,24.034809,-1.503315,0.099799,0.103241,0.186201,0.820959,0,0.0,10
1900-01-01 14:19:28.663,21.965886,-1.164766,24.037697,-1.512896,0.0995,0.102611,0.186384,0.660655,0,0.0,10
1900-01-01 14:19:29.663,21.948691,-1.166472,24.027852,-1.507777,0.10033,0.103976,0.186081,1.127421,0,0.0,10
1900-01-01 14:19:30.663,21.948822,-1.171066,24.028639,-1.50489,0.099395,0.104028,0.186384,0.8021,0,0.0,10
1900-01-01 14:19:31.663,21.956173,-1.176185,24.027589,-1.506989,0.099547,0.103813,0.186733,0.787955,0,0.0,10
1900-01-01 14:19:32.663,21.95801,-1.163191,24.029558,-1.506202,0.099427,0.103157,0.186384,1.080273,0,0.0,10
1900-01-01 14:19:33.663,21.949085,-1.169098,24.022207,-1.507252,0.099463,0.103356,0.186164,0.613507,0,0.0,10
1900-01-01 14:19:34.663,21.958798,-1.16726,24.032315,-1.505152,0.099138,0.102663,0.186752,0.835103,0,0.0,10
1900-01-01 14:19:35.663,21.961948,-1.170541,24.029164,-1.508302,0.100235,0.103845,0.186026,0.707803,0,0.0,10
1900-01-01 14:19:36.663,21.963261,-1.170148,24.039929,-1.50489,0.099232,0.103362,0.186155,0.938829,0,0.0,10
1900-01-01 14:19:37.663,21.962736,-1.169885,24.034153,-1.507908,0.100524,0.103981,0.186522,0.905825,0,0.0,10
1900-01-01 14:19:38.663,21.951054,-1.173035,24.027852,-1.508564,0.099778,0.103167,0.186054,0.825674,0,0.0,10
1900-01-01 14:19:39.663,21.961292,-1.166997,24.032184,-1.506727,0.099306,0.102952,0.18655,0.79267,0,0.0,10
1900-01-01 14:19:40.663,21.969299,-1.170016,24.03074,-1.511583,0.099663,0.103698,0.186421,0.934114,0,0.0,10
1900-01-01 14:19:41.663,21.955779,-1.175135,24.025357,-1.513027,0.099994,0.103593,0.186366,0.717233,0,0.0,10
1900-01-01 14:19:42.663,21.962605,-1.167916,24.031396,-1.517358,0.099747,0.103866,0.186017,0.787955,0,0.0,10
1900-01-01 14:19:43.663,21.957617,-1.169754,24.023388,-1.521033,0.100109,0.10353,0.18621,0.820959,0,0.0,10
1900-01-01 14:19:44.663,21.967724,-1.165554,24.029689,-1.515389,0.099553,0.103635,0.186366,0.712518,0,0.0,10
1900-01-01 14:19:45.663,21.95591,-1.171854,24.027458,-1.515783,0.100592,0.10417,0.185907,1.113277,0,0.0,10
1900-01-01 14:19:46.663,21.95591,-1.165291,24.028771,-1.519721,0.100214,0.103477,0.186513,0.693659,0,0.0,10
1900-01-01 14:19:47.663,21.969693,-1.16726,24.030083,-1.514208,0.099773,0.10322,0.186008,0.905825,0,0.0,10
1900-01-01 14:19:48.663,21.955385,-1.168835,24.019713,-1.516702,0.099742,0.10395,0.186164,0.759666,0,0.0,10
1900-01-01 14:19:49.663,21.952104,-1.169229,24.023782,-1.513289,0.09961,0.102868,0.185851,1.15571,0,0.0,10
1900-01-01 14:19:50.663,21.945934,-1.172116,24.018662,-1.518671,0.100183,0.104097,0.186568,0.684229,0,0.0,10
1900-01-01 14:19:51.663,21.961554,-1.171329,24.024307,-1.520246,0.099689,0.104133,0.186485,0.915255,0,0.0,10
1900-01-01 14:19:52.663,21.974943,-1.15781,24.032315,-1.517621,0.099726,0.103115,0.185732,0.599363,0,0.0,10
1900-01-01 14:19:53.663,21.958929,-1.161222,24.025489,-1.523396,0.099406,0.103467,0.186807,0.613507,0,0.0,10
1900-01-01 14:19:54.663,21.971924,-1.159122,24.03284,-1.521821,0.099883,0.103078,0.186191,0.750237,0,0.0,10
1900-01-01 14:19:55.663,21.962473,-1.159647,24.022995,-1.522739,0.100025,0.103482,0.186596,0.698374,0,0.0,10
1900-01-01 14:19:56.663,21.958667,-1.163322,24.022076,-1.524577,0.099826,0.103629,0.186421,0.971833,0,0.0,10
1900-01-01 14:19:57.663,21.96628,-1.168704,24.020238,-1.524314,0.100351,0.104118,0.186366,0.8021,0,0.0,10
1900-01-01 14:19:58.663,21.970874,-1.169885,24.021813,-1.524971,0.099327,0.103687,0.186393,0.839818,0,0.0,10
1900-01-01 14:19:59.663,21.95906,-1.168441,24.017087,-1.525889,0.099847,0.103556,0.185851,0.990692,0,0.0,10
1900-01-01 14:20:00.663,21.963392,-1.160697,24.014856,-1.522477,0.099652,0.103624,0.186072,0.698374,0,0.0,10
1900-01-01 14:20:01.663,21.969693,-1.159385,24.009605,-1.522214,0.100151,0.103818,0.185962,0.787955,0,0.0,10
1900-01-01 14:20:02.663,21.956698,-1.162272,23.997921,-1.524577,0.099915,0.103929,0.186449,0.952974,0,0.0,10
1900-01-01 14:20:03.663,21.966149,-1.164504,24.00291,-1.519589,0.099679,0.103692,0.186513,0.985977,0,0.0,10
1900-01-01 14:20:04.663,21.95381,-1.166472,23.999365,-1.522346,0.099049,0.103414,0.186357,0.924685,0,0.0,10
1900-01-01 14:20:05.663,21.945147,-1.164635,23.991883,-1.518014,0.099999,0.103661,0.186329,0.721948,0,0.0,10
1900-01-01 14:20:06.663,21.961292,-1.164766,23.98847,-1.521821,0.100151,0.103467,0.186164,0.712518,0,0.0,10
1900-01-01 14:20:07.663,21.958404,-1.163847,23.991489,-1.515258,0.09992,0.103787,0.186338,0.990692,0,0.0,10
1900-01-01 14:20:08.663,21.960898,-1.163716,23.989126,-1.519589,0.099915,0.103209,0.186164,0.825674,0,0.0,10
1900-01-01 14:20:09.663,21.961423,-1.161616,23.984663,-1.520771,0.09939,0.103477,0.185998,0.891681,0,0.0,10
1900-01-01 14:20:10.663,21.956041,-1.164372,23.979937,-1.523396,0.099883,0.103409,0.186191,0.971833,0,0.0,10
1900-01-01 14:20:11.663,21.95801,-1.162404,23.977968,-1.516833,0.099967,0.103687,0.186099,1.061414,0,0.0,10
1900-01-01 14:20:12.663,21.965492,-1.157547,23.987157,-1.519721,0.100408,0.103976,0.18598,0.79267,0,0.0,10
1900-01-01 14:20:13.663,21.967855,-1.160041,23.978099,-1.517358,0.099211,0.103115,0.185842,0.712518,0,0.0,10
1900-01-01 14:20:14.663,21.961817,-1.163585,23.982037,-1.515258,0.100088,0.10375,0.185888,0.773811,0,0.0,10
1900-01-01 14:20:15.663,21.955516,-1.168179,23.968779,-1.518146,0.099206,0.10312,0.185769,0.693659,0,0.0,10
1900-01-01 14:20:16.663,21.962998,-1.163979,23.971535,-1.512502,0.099778,0.103041,0.185851,0.91997,0,0.0,10
1900-01-01 14:20:17.663,21.964967,-1.165029,23.96064,-1.526939,0.100009,0.10354,0.185714,0.684229,0,0.0,10
1900-01-01 14:20:18.663,21.952235,-1.16306,23.958539,-1.521296,0.100393,0.104039,0.185934,0.693659,0,0.0,10
1900-01-01 14:20:19.663,21.963261,-1.15991,23.967991,-1.520771,0.100492,0.103981,0.18587,0.693659,0,0.0,10
1900-01-01 14:20:20.663,21.95696,-1.160435,23.963528,-1.515521,0.099164,0.103671,0.18632,1.018981,0,0.0,10
1900-01-01 14:20:21.663,21.94961,-1.164241,23.966416,-1.523264,0.099983,0.104307,0.186348,0.811529,0,0.0,10
1900-01-01 14:20:22.663,21.952235,-1.169885,23.964447,-1.527858,0.100571,0.103619,0.186329,0.868107,0,0.0,10
1900-01-01 14:20:23.663,21.966149,-1.164635,23.967597,-1.526021,0.099967,0.103509,0.186412,1.000122,0,0.0,10
1900-01-01 14:20:24.663,21.955254,-1.161091,23.96379,-1.521821,0.100151,0.103845,0.186237,0.891681,0,0.0,10
1900-01-01 14:20:25.663,21.946459,-1.16726,23.960377,-1.523264,0.099805,0.103556,0.186145,0.773811,0,0.0,10
1900-01-01 14:20:26.663,21.964836,-1.157547,23.970616,-1.523921,0.100487,0.104238,0.18587,0.750237,0,0.0,10
1900-01-01 14:20:27.663,21.968643,-1.163454,23.969566,-1.526021,0.099379,0.103782,0.186155,0.684229,0,0.0,10
1900-01-01 14:20:28.663,21.967067,-1.160697,23.967072,-1.526283,0.099673,0.103488,0.186219,0.387197,0,0.0,10
1900-01-01 14:20:29.663,21.962867,-1.166604,23.971667,-1.528514,0.099385,0.103582,0.186292,0.434345,0,0.0,10
1900-01-01 14:20:30.663,21.967592,-1.160435,23.979543,-1.519721,0.099757,0.103461,0.185925,1.160425,0,0.0,10
1900-01-01 14:20:31.663,21.958929,-1.165554,23.972323,-1.524971,0.099679,0.10374,0.186008,0.929399,0,0.0,10
1900-01-01 14:20:32.663,21.97665,-1.157416,23.982037,-1.522739,0.099505,0.104343,0.18621,0.66537,0,0.0,10
1900-01-01 14:20:33.663,21.964048,-1.166472,23.976918,-1.524577,0.099915,0.103887,0.185925,0.736092,0,0.0,10
1900-01-01 14:20:34.663,21.961817,-1.165554,23.974686,-1.527858,0.100277,0.104149,0.186384,0.773811,0,0.0,10
1900-01-01 14:20:35.663,21.963655,-1.168966,23.982694,-1.526939,0.099694,0.103661,0.186403,1.117992,0,0.0,10
1900-01-01 14:20:36.663,21.960111,-1.16936,23.980724,-1.525889,0.099605,0.103818,0.186338,0.853963,0,0.0,10
1900-01-01 14:20:37.663,21.961817,-1.169885,23.979806,-1.531402,0.098865,0.10364,0.185989,1.16514,0,0.0,10
1900-01-01 14:20:38.663,21.964311,-1.175529,23.980462,-1.535339,0.099647,0.103866,0.18621,1.004836,0,0.0,10
1900-01-01 14:20:39.663,21.962998,-1.176842,23.982037,-1.530877,0.100277,0.103939,0.186421,0.622937,0,0.0,10
1900-01-01 14:20:40.663,21.973499,-1.175923,23.987288,-1.535077,0.09992,0.104002,0.186099,0.924685,0,0.0,10
1900-01-01 14:20:41.663,21.977175,-1.181304,23.993327,-1.528383,0.099631,0.104223,0.185833,0.688944,0,0.0,10
1900-01-01 14:20:42.663,21.967461,-1.186686,23.980593,-1.533371,0.099763,0.103981,0.185971,0.858677,0,0.0,10
1900-01-01 14:20:43.663,21.972055,-1.178023,23.988207,-1.534421,0.099521,0.103314,0.18598,0.622937,0,0.0,10
1900-01-01 14:20:44.663,21.951972,-1.187736,23.983875,-1.540195,0.0996,0.103409,0.185649,0.938829,0,0.0,10
1900-01-01 14:20:45.663,21.961817,-1.188392,23.978624,-1.530483,0.099469,0.102921,0.185824,0.712518,0,0.0,10
1900-01-01 14:20:46.663,21.963917,-1.185767,23.988338,-1.535471,0.099353,0.103257,0.185723,0.778526,0,0.0,10
1900-01-01 14:20:47.663,21.958404,-1.184717,23.980724,-1.530614,0.100135,0.103813,0.185567,1.051984,0,0.0,10
1900-01-01 14:20:48.663,21.970611,-1.190229,23.982168,-1.534814,0.10044,0.104018,0.185704,0.721948,0,0.0,10
1900-01-01 14:20:49.663,21.97363,-1.188917,23.986238,-1.534158,0.099626,0.103797,0.185925,1.160425,0,0.0,10
1900-01-01 14:20:50.663,21.954466,-1.192067,23.981906,-1.531927,0.099458,0.10374,0.186054,0.872822,0,0.0,10
1900-01-01 14:20:51.663,21.970349,-1.188654,23.985844,-1.532058,0.099537,0.103346,0.186026,1.287725,0,0.0,10
1900-01-01 14:20:52.663,21.974418,-1.187604,23.987813,-1.523658,0.096597,0.100794,0.185916,0.830388,0,0.0,10
1900-01-01 14:20:53.663,21.967986,-1.190623,23.989126,-1.533239,0.093252,0.097072,0.18575,0.566359,0,0.0,10
1900-01-01 14:20:54.663,21.966017,-1.194561,23.983219,-1.535733,0.090102,0.093995,0.185282,0.632367,0,0.0,10
1900-01-01 14:20:55.663,21.967986,-1.196923,23.98545,-1.531402,0.087855,0.091028,0.184988,1.132136,0,0.0,10
1900-01-01 14:20:56.663,21.96523,-1.189967,23.984663,-1.534552,0.085639,0.089721,0.184813,0.816244,0,0.0,10
1900-01-01 14:20:57.663,21.96943,-1.192067,23.989782,-1.538096,0.084495,0.088534,0.184308,0.500352,0,0.0,10
1900-01-01 14:20:58.663,21.9777,-1.185504,24.000022,-1.541377,0.084768,0.088246,0.183757,0.839818,0,0.0,10
1900-01-01 14:20:59.663,21.976124,-1.187998,23.997002,-1.537571,0.084762,0.087983,0.183711,0.773811,0,0.0,10
1900-01-01 14:21:00.663,21.965361,-1.192986,23.999103,-1.548464,0.083707,0.087642,0.183417,0.523926,0,0.0,10
1900-01-01 14:21:01.663,21.975337,-1.191148,23.996346,-1.548464,0.0845,0.088151,0.182581,0.905825,0,0.0,10
1900-01-01 14:21:02.663,21.971268,-1.188261,24.002516,-1.549645,0.083886,0.088009,0.182425,0.787955,0,0.0,10
1900-01-01 14:21:03.663,21.971662,-1.186029,24.010786,-1.552533,0.084925,0.088256,0.182167,0.660655,0,0.0,10
1900-01-01 14:21:04.663,21.970611,-1.182485,24.011049,-1.553189,0.08472,0.088461,0.181478,0.693659,0,0.0,10
1900-01-01 14:21:05.663,21.970611,-1.19233,24.013149,-1.55017,0.084878,0.088408,0.18146,0.967118,0,0.0,10
1900-01-01 14:21:06.663,21.966805,-1.185767,24.009473,-1.555289,0.084237,0.088456,0.181405,1.16514,0,0.0,10
1900-01-01 14:21:07.663,21.971137,-1.182223,24.017218,-1.555289,0.08514,0.088781,0.181037,0.820959,0,0.0,10
1900-01-01 14:21:08.663,21.968643,-1.178417,24.020369,-1.556208,0.083849,0.08708,0.180422,0.957688,0,0.0,10
1900-01-01 14:21:09.663,21.967592,-1.183404,24.023782,-1.55647,0.084605,0.088639,0.18033,1.198144,0,0.0,10
1900-01-01 14:21:10.663,21.963392,-1.178417,24.025751,-1.55017,0.083865,0.087637,0.180284,0.830388,0,0.0,10
1900-01-01 14:21:11.663,21.969693,-1.179335,24.036384,-1.552795,0.084421,0.088151,0.179999,0.976548,0,0.0,10
1900-01-01 14:21:12.663,21.966542,-1.179729,24.039272,-1.551745,0.084274,0.08792,0.179301,1.231147,0,0.0,10
1900-01-01 14:21:13.663,21.965492,-1.176185,24.035991,-1.551483,0.084253,0.088382,0.179181,0.995407,0,0.0,10
1900-01-01 14:21:14.663,21.9819,-1.174873,24.046099,-1.552533,0.0844,0.08813,0.178759,0.877537,0,0.0,10
1900-01-01 14:21:15.663,21.97258,-1.17461,24.034415,-1.556339,0.084453,0.088025,0.178878,0.726663,0,0.0,10
1900-01-01 14:21:16.663,21.958273,-1.179204,24.044917,-1.558439,0.085056,0.088146,0.178446,1.051984,0,0.0,10
1900-01-01 14:21:17.663,21.969299,-1.174085,24.04518,-1.565002,0.083786,0.08729,0.178437,0.307045,0,0.0,10
1900-01-01 14:21:18.663,21.960504,-1.172641,24.051087,-1.559227,0.084521,0.088114,0.178575,0.745522,0,0.0,10
1900-01-01 14:21:19.663,21.976256,-1.174085,24.060539,-1.562245,0.084012,0.088466,0.177519,0.731378,0,0.0,10
1900-01-01 14:21:20.663,21.973499,-1.168966,24.063558,-1.573139,0.083975,0.087967,0.177326,1.108562,0,0.0,10
1900-01-01 14:21:21.663,21.967592,-1.16726,24.063427,-1.567364,0.085067,0.088834,0.176802,0.566359,0,0.0,10
1900-01-01 14:21:22.663,21.968905,-1.169885,24.064477,-1.574845,0.084815,0.088918,0.176554,0.344763,0,0.0,10
1900-01-01 14:21:23.663,21.962998,-1.173166,24.064214,-1.574189,0.084243,0.088109,0.176536,0.981262,0,0.0,10
1900-01-01 14:21:24.663,21.966805,-1.164897,24.069597,-1.58167,0.082983,0.086959,0.176425,1.014266,0,0.0,10
1900-01-01 14:21:25.663,21.976256,-1.160041,24.073929,-1.576683,0.082631,0.086996,0.175764,0.816244,0,0.0,10
1900-01-01 14:21:26.663,21.969561,-1.168047,24.073666,-1.574189,0.08283,0.086445,0.175837,0.830388,0,0.0,10
1900-01-01 14:21:27.663,21.983081,-1.169754,24.082724,-1.575108,0.082683,0.086702,0.175791,0.740807,0,0.0,10
1900-01-01 14:21:28.663,21.967199,-1.171723,24.080361,-1.57852,0.082704,0.086056,0.175635,0.938829,0,0.0,10
1900-01-01 14:21:29.663,21.974156,-1.166472,24.089681,-1.573664,0.082037,0.08603,0.175167,0.967118,0,0.0,10
1900-01-01 14:21:30.663,21.964311,-1.163585,24.08443,-1.579833,0.082673,0.086256,0.174652,0.632367,0,0.0,10
1900-01-01 14:21:31.663,21.968774,-1.160828,24.092832,-1.582064,0.082741,0.086807,0.174643,0.608793,0,0.0,10
1900-01-01 14:21:32.663,21.966411,-1.163191,24.089419,-1.57852,0.082295,0.086376,0.174257,0.693659,0,0.0,10
1900-01-01 14:21:33.663,21.971268,-1.167785,24.093094,-1.582326,0.08219,0.08592,0.174128,0.66537,0,0.0,10
1900-01-01 14:21:34.663,21.963786,-1.162141,24.092438,-1.579833,0.082174,0.086261,0.173632,1.080273,0,0.0,10
1900-01-01 14:21:35.663,21.975731,-1.165422,24.107403,-1.583901,0.08292,0.086051,0.173467,0.948259,0,0.0,10
1900-01-01 14:21:36.663,21.971005,-1.161485,24.104515,-1.586658,0.082037,0.085578,0.173072,0.891681,0,0.0,10
1900-01-01 14:21:37.663,21.969561,-1.163716,24.104778,-1.590726,0.082085,0.085799,0.173182,0.439059,0,0.0,10
1900-01-01 14:21:38.663,21.958929,-1.166341,24.097033,-1.594926,0.082001,0.08593,0.172934,0.811529,0,0.0,10
1900-01-01 14:21:39.663,21.968118,-1.164897,24.105697,-1.593745,0.081985,0.086145,0.172888,1.084988,0,0.0,10
1900-01-01 14:21:40.663,21.960111,-1.164766,24.095064,-1.592826,0.082048,0.085888,0.172254,0.608793,0,0.0,10
1900-01-01 14:21:41.663,21.966674,-1.170279,24.099002,-1.595845,0.082662,0.086376,0.172263,0.995407,0,0.0,10
1900-01-01 14:21:42.663,21.975337,-1.160566,24.105697,-1.600701,0.082058,0.086776,0.171777,0.985977,0,0.0,10
1900-01-01 14:21:43.663,21.955254,-1.163847,24.093094,-1.598076,0.082615,0.087295,0.171501,0.646511,0,0.0,10
1900-01-01 14:21:44.663,21.960636,-1.160566,24.099921,-1.597683,0.08199,0.086292,0.171519,0.754952,0,0.0,10
1900-01-01 14:21:45.663,21.972055,-1.162404,24.10504,-1.598864,0.082709,0.086203,0.171446,0.66537,0,0.0,10
1900-01-01 14:21:46.663,21.960504,-1.158466,24.102415,-1.60267,0.082631,0.086786,0.171602,0.703089,0,0.0,10
1900-01-01 14:21:47.663,21.961029,-1.167129,24.091913,-1.596895,0.081785,0.086219,0.171023,0.6748,0,0.0,10
1900-01-01 14:21:48.663,21.962998,-1.165291,24.099789,-1.600833,0.08126,0.085836,0.170564,1.122707,0,0.0,10
1900-01-01 14:21:49.663,21.964573,-1.165816,24.097558,-1.60057,0.081103,0.085447,0.170242,0.78324,0,0.0,10
1900-01-01 14:21:50.663,21.956173,-1.163454,24.092176,-1.600701,0.082027,0.086471,0.169957,0.896396,0,0.0,10
1900-01-01 14:21:51.663,21.962867,-1.162666,24.098739,-1.595976,0.081974,0.085962,0.170261,0.990692,0,0.0,10
1900-01-01 14:21:52.663,21.956829,-1.162535,24.096508,-1.600964,0.082058,0.086807,0.16993,0.976548,0,0.0,10
1900-01-01 14:21:53.663,21.960504,-1.163585,24.104121,-1.602408,0.081628,0.086235,0.169526,0.670085,0,0.0,10
1900-01-01 14:21:54.663,21.966411,-1.157416,24.098608,-1.604245,0.081885,0.086124,0.169599,1.004836,0,0.0,10
1900-01-01 14:21:55.663,21.963786,-1.164372,24.100183,-1.607001,0.081365,0.085804,0.169618,0.688944,0,0.0,10
1900-01-01 14:21:56.663,21.960373,-1.162535,24.094538,-1.608839,0.082253,0.086397,0.168928,0.825674,0,0.0,10
1900-01-01 14:21:57.663,21.97048,-1.165554,24.103596,-1.608314,0.081213,0.086166,0.168598,0.731378,0,0.0,10
1900-01-01 14:21:58.663,21.956829,-1.16411,24.101627,-1.616057,0.081376,0.086487,0.168423,1.099133,0,0.0,10
1900-01-01 14:21:59.663,21.967724,-1.163454,24.105172,-1.612382,0.08114,0.085951,0.168285,1.198144,0,0.0,10
1900-01-01 14:22:00.663,21.963523,-1.156235,24.103334,-1.614089,0.081045,0.085552,0.168276,0.684229,0,0.0,10
1900-01-01 14:22:01.663,21.960636,-1.158597,24.098739,-1.614482,0.081392,0.086807,0.167844,0.580504,0,0.0,10
1900-01-01 14:22:02.663,21.960504,-1.16201,24.10084,-1.618157,0.081292,0.085799,0.167808,0.566359,0,0.0,10
1900-01-01 14:22:03.663,21.968249,-1.163322,24.103071,-1.615139,0.081607,0.086839,0.167504,0.6748,0,0.0,10
1900-01-01 14:22:04.663,21.975337,-1.169229,24.105697,-1.609101,0.081287,0.086613,0.167302,0.957688,0,0.0,10
1900-01-01 14:22:05.663,21.969693,-1.16621,24.107797,-1.610545,0.081696,0.087049,0.167302,1.066129,0,0.0,10
1900-01-01 14:22:06.663,21.958535,-1.163979,24.102284,-1.612251,0.081565,0.086545,0.1671,0.91054,0,0.0,10
1900-01-01 14:22:07.663,21.962998,-1.170279,24.102809,-1.611464,0.08072,0.086597,0.166935,0.995407,0,0.0,10
1900-01-01 14:22:08.663,21.96418,-1.16411,24.099264,-1.611726,0.080321,0.086481,0.166705,0.594648,0,0.0,10
1900-01-01 14:22:09.663,21.966805,-1.165816,24.102021,-1.617764,0.081213,0.085893,0.166512,1.16514,0,0.0,10
1900-01-01 14:22:10.663,21.963392,-1.169098,24.10504,-1.611332,0.080809,0.086229,0.166108,0.853963,0,0.0,10
1900-01-01 14:22:11.663,21.964967,-1.162141,24.107666,-1.617632,0.081796,0.086886,0.166577,0.580504,0,0.0,10
1900-01-01 14:22:12.663,21.955385,-1.166735,24.100315,-1.619995,0.081287,0.086545,0.166567,0.53807,0,0.0,10
1900-01-01 14:22:13.663,21.970743,-1.163716,24.109766,-1.617632,0.082127,0.086618,0.166283,0.896396,0,0.0,10
1900-01-01 14:22:14.663,21.959848,-1.165291,24.101102,-1.618945,0.081964,0.086692,0.165869,1.113277,0,0.0,10
1900-01-01 14:22:15.663,21.954335,-1.170935,24.108847,-1.617632,0.081124,0.086408,0.165226,0.679515,0,0.0,10
1900-01-01 14:22:16.663,21.959323,-1.165685,24.107009,-1.618682,0.080741,0.086382,0.165327,0.773811,0,0.0,10
1900-01-01 14:22:17.663,21.960767,-1.165947,24.103071,-1.621964,0.080846,0.086014,0.165299,0.971833,0,0.0,10
1900-01-01 14:22:18.663,21.954991,-1.168835,24.10399,-1.619339,0.080772,0.085594,0.165005,0.905825,0,0.0,10
1900-01-01 14:22:19.663,21.958142,-1.169754,24.109504,-1.618551,0.080998,0.086445,0.165391,0.915255,0,0.0,10
1900-01-01 14:22:20.663,21.962998,-1.169229,24.115017,-1.61632,0.080898,0.08665,0.165235,0.985977,0,0.0,10
1900-01-01 14:22:21.663,21.962736,-1.16726,24.119218,-1.618289,0.082127,0.086807,0.164794,0.915255,0,0.0,10
1900-01-01 14:22:22.663,21.966542,-1.170148,24.118824,-1.624457,0.081512,0.086256,0.164941,0.844533,0,0.0,10
1900-01-01 14:22:23.663,21.971399,-1.168179,24.122631,-1.626557,0.080452,0.086313,0.164252,0.924685,0,0.0,10
1900-01-01 14:22:24.663,21.96418,-1.167916,24.120793,-1.621439,0.081628,0.087259,0.165097,1.136851,0,0.0,10
1900-01-01 14:22:25.663,21.96313,-1.175135,24.125256,-1.628001,0.080777,0.08646,0.164473,0.618222,0,0.0,10
1900-01-01 14:22:26.663,21.955779,-1.173823,24.127357,-1.624195,0.080924,0.087001,0.164271,1.018981,0,0.0,10
1900-01-01 14:22:27.663,21.968643,-1.168047,24.13077,-1.627082,0.080914,0.087642,0.164399,0.830388,0,0.0,10
1900-01-01 14:22:28.663,21.964442,-1.176448,24.133395,-1.627214,0.081003,0.08676,0.163536,1.198144,0,0.0,10
1900-01-01 14:22:29.663,21.980325,-1.168179,24.138121,-1.628264,0.080714,0.086529,0.163802,0.646511,0,0.0,10
1900-01-01 14:22:30.663,21.956567,-1.18406,24.13182,-1.634039,0.081176,0.086471,0.163875,0.844533,0,0.0,10
1900-01-01 14:22:31.663,21.96628,-1.181829,24.132083,-1.633776,0.081061,0.087033,0.163554,1.056699,0,0.0,10
1900-01-01 14:22:32.663,21.965492,-1.177235,24.133002,-1.632464,0.081218,0.086781,0.16315,0.495637,0,0.0,10
1900-01-01 14:22:33.663,21.967461,-1.176054,24.139697,-1.636139,0.081434,0.087148,0.162635,0.589933,0,0.0,10
1900-01-01 14:22:34.663,21.967855,-1.177629,24.141666,-1.624064,0.081066,0.08656,0.162415,1.193429,0,0.0,10
1900-01-01 14:22:35.663,21.97153,-1.175791,24.139434,-1.632201,0.080998,0.08582,0.162984,0.670085,0,0.0,10
1900-01-01 14:22:36.663,21.963786,-1.171985,24.136152,-1.630232,0.081665,0.087033,0.163232,0.886966,0,0.0,10
1900-01-01 14:22:37.663,21.969955,-1.184586,24.142453,-1.632201,0.080819,0.086492,0.163085,0.849248,0,0.0,10
1900-01-01 14:22:38.663,21.984394,-1.173691,24.151511,-1.630757,0.081586,0.086802,0.16269,0.778526,0,0.0,10
1900-01-01 14:22:39.663,21.972318,-1.178942,24.150986,-1.629707,0.080945,0.086298,0.162396,0.476778,0,0.0,10
1900-01-01 14:22:40.663,21.979406,-1.184192,24.149279,-1.63522,0.080856,0.086392,0.162727,0.882251,0,0.0,10
1900-01-01 14:22:41.663,21.976781,-1.179073,24.154662,-1.637189,0.081696,0.086671,0.162525,0.863392,0,0.0,10
1900-01-01 14:22:42.663,21.974681,-1.178417,24.148886,-1.63732,0.080982,0.086681,0.162617,0.79267,0,0.0,10
1900-01-01 14:22:43.663,21.981506,-1.17356,24.153349,-1.633907,0.081617,0.086571,0.161974,1.183999,0,0.0,10
1900-01-01 14:22:44.663,21.976781,-1.175398,24.152955,-1.634826,0.080956,0.08625,0.162525,0.693659,0,0.0,10
1900-01-01 14:22:45.663,21.9819,-1.177104,24.1565,-1.635089,0.081381,0.086597,0.162112,0.528641,0,0.0,10
1900-01-01 14:22:46.663,21.973105,-1.182617,24.146654,-1.635482,0.081738,0.087022,0.162075,1.27358,0,0.0,10
1900-01-01 14:22:47.663,21.9819,-1.180254,24.157156,-1.631676,0.080951,0.086734,0.161744,0.797385,0,0.0,10
1900-01-01 14:22:48.663,21.980325,-1.174348,24.150723,-1.633514,0.080919,0.086965,0.161432,0.816244,0,0.0,10
1900-01-01 14:22:49.663,21.977306,-1.175398,24.155449,-1.629707,0.081402,0.086529,0.161459,0.967118,0,0.0,10
1900-01-01 14:22:50.663,21.979406,-1.183667,24.148754,-1.634826,0.08105,0.08614,0.16168,1.117992,0,0.0,10
1900-01-01 14:22:51.663,21.979537,-1.178023,24.149411,-1.630364,0.081791,0.087127,0.161257,0.853963,0,0.0,10
1900-01-01 14:22:52.663,21.977175,-1.179467,24.147967,-1.633382,0.081455,0.087379,0.161257,1.212288,0,0.0,10
1900-01-01 14:22:53.663,21.99122,-1.180385,24.150986,-1.631414,0.081155,0.086613,0.161441,1.018981,0,0.0,10
1900-01-01 14:22:54.663,21.978225,-1.181698,24.143766,-1.630364,0.081948,0.087295,0.161377,0.759666,0,0.0,10
1900-01-01 14:22:55.663,21.969168,-1.183535,24.144685,-1.635614,0.080741,0.086891,0.161101,0.981262,0,0.0,10
1900-01-01 14:22:56.663,21.963786,-1.186161,24.13799,-1.644932,0.07999,0.086481,0.161119,0.613507,0,0.0,10
1900-01-01 14:22:57.663,21.976256,-1.183404,24.147179,-1.63942,0.081465,0.086781,0.160568,0.981262,0,0.0,10
1900-01-01 14:22:58.663,21.970743,-1.182879,24.144554,-1.640995,0.081591,0.087348,0.160981,1.193429,0,0.0,10
1900-01-01 14:22:59.663,21.971399,-1.183798,24.141666,-1.642832,0.081544,0.087332,0.160605,0.651226,0,0.0,10
1900-01-01 14:23:00.663,21.982162,-1.18091,24.140878,-1.647163,0.081749,0.086933,0.160568,0.811529,0,0.0,10
1900-01-01 14:23:01.663,21.988726,-1.183142,24.142847,-1.648738,0.08115,0.08677,0.160779,0.943544,0,0.0,10
1900-01-01 14:23:02.663,21.984656,-1.184323,24.138384,-1.646638,0.08126,0.086912,0.160577,0.717233,0,0.0,10
1900-01-01 14:23:03.663,21.975731,-1.182748,24.142453,-1.655301,0.081292,0.086382,0.160632,0.778526,0,0.0,10
1900-01-01 14:23:04.663,21.97258,-1.184454,24.141797,-1.651757,0.080982,0.086166,0.16032,0.684229,0,0.0,10
1900-01-01 14:23:05.663,21.982425,-1.187079,24.146129,-1.645195,0.081203,0.086093,0.160449,0.764381,0,0.0,10
1900-01-01 14:23:06.663,21.983344,-1.187473,24.135233,-1.652413,0.081182,0.086623,0.160642,0.868107,0,0.0,10
1900-01-01 14:23:07.663,21.977568,-1.181304,24.139697,-1.651232,0.081833,0.086713,0.160421,0.717233,0,0.0,10
1900-01-01 14:23:08.663,21.989119,-1.183404,24.144291,-1.651363,0.080945,0.086319,0.160155,0.934114,0,0.0,10
1900-01-01 14:23:09.663,21.9819,-1.183142,24.134446,-1.648607,0.081602,0.087348,0.159888,0.891681,0,0.0,10
1900-01-01 14:23:10.663,21.983869,-1.182879,24.138909,-1.657007,0.081176,0.086676,0.160017,0.91997,0,0.0,10
1900-01-01 14:23:11.663,21.980456,-1.182354,24.136809,-1.652938,0.081035,0.086114,0.159512,0.816244,0,0.0,10
1900-01-01 14:23:12.663,21.974812,-1.186161,24.135364,-1.658451,0.081176,0.086266,0.159631,0.764381,0,0.0,10
1900-01-01 14:23:13.663,21.971793,-1.183667,24.138909,-1.656876,0.081029,0.086208,0.15942,0.929399,0,0.0,10
1900-01-01 14:23:14.663,21.980719,-1.184848,24.13392,-1.655957,0.081827,0.087143,0.15908,1.033125,0,0.0,10
1900-01-01 14:23:15.663,21.980062,-1.18301,24.126307,-1.65937,0.081838,0.086828,0.159245,0.891681,0,0.0,10
1900-01-01 14:23:16.663,21.979143,-1.185504,24.131426,-1.663176,0.08063,0.086256,0.159447,0.943544,0,0.0,10
1900-01-01 14:23:17.663,21.9798,-1.191542,24.125388,-1.659107,0.08135,0.086618,0.15941,0.957688,0,0.0,10
1900-01-01 14:23:18.663,21.974681,-1.191936,24.131032,-1.65937,0.080368,0.08635,0.159006,0.773811,0,0.0,10
1900-01-01 14:23:19.663,21.968643,-1.190754,24.123287,-1.660288,0.081019,0.086261,0.159052,0.641796,0,0.0,10
1900-01-01 14:23:20.663,21.988069,-1.188129,24.130901,-1.650576,0.081733,0.087091,0.159061,0.580504,0,0.0,10
1900-01-01 14:23:21.663,21.986625,-1.190229,24.130507,-1.656351,0.080814,0.08646,0.158813,0.721948,0,0.0,10
1900-01-01 14:23:22.663,21.969168,-1.190361,24.116592,-1.666457,0.080263,0.086476,0.159199,0.439059,0,0.0,10
1900-01-01 14:23:23.663,21.985444,-1.189442,24.123156,-1.659107,0.081381,0.086224,0.159263,1.136851,0,0.0,10
1900-01-01 14:23:24.663,21.989119,-1.186423,24.114229,-1.657663,0.081864,0.086566,0.159071,0.627652,0,0.0,10
1900-01-01 14:23:25.663,21.980194,-1.191148,24.114361,-1.66462,0.081659,0.086933,0.15862,0.622937,0,0.0,10
1900-01-01 14:23:26.663,21.9777,-1.191936,24.111867,-1.666851,0.081003,0.086497,0.158602,0.66537,0,0.0,10
1900-01-01 14:23:27.663,21.991613,-1.191017,24.115673,-1.665538,0.080783,0.085941,0.158547,0.552215,0,0.0,10
1900-01-01 14:23:28.663,21.984394,-1.194167,24.114229,-1.669738,0.08189,0.087112,0.158556,0.736092,0,0.0,10
1900-01-01 14:23:29.663,21.971924,-1.197448,24.100183,-1.66357,0.080399,0.086266,0.157986,0.604078,0,0.0,10
1900-01-01 14:23:30.663,21.9798,-1.19653,24.102021,-1.664095,0.08073,0.086697,0.158308,0.962403,0,0.0,10
1900-01-01 14:23:31.663,21.976256,-1.191936,24.101233,-1.660551,0.081817,0.08728,0.158161,0.886966,0,0.0,10
1900-01-01 14:23:32.663,21.986757,-1.190492,24.112654,-1.667507,0.081644,0.086434,0.15817,1.122707,0,0.0,10
1900-01-01 14:23:33.663,21.975074,-1.192986,24.101102,-1.658451,0.080725,0.086208,0.158244,0.990692,0,0.0,10
1900-01-01 14:23:34.663,21.981769,-1.195742,24.103728,-1.665013,0.081245,0.086145,0.157876,0.957688,0,0.0,10
1900-01-01 14:23:35.663,21.977043,-1.193248,24.10189,-1.662782,0.081365,0.086881,0.157334,0.830388,0,0.0,10
1900-01-01 14:23:36.663,21.989776,-1.194167,24.104121,-1.660945,0.08147,0.086502,0.157748,0.599363,0,0.0,10
1900-01-01 14:23:37.663,21.973893,-1.197842,24.097689,-1.668557,0.081092,0.086382,0.15749,0.915255,0,0.0,10
1900-01-01 14:23:38.663,21.977175,-1.199417,24.101233,-1.661863,0.081486,0.086676,0.157646,0.769096,0,0.0,10
1900-01-01 14:23:39.663,21.980062,-1.197842,24.098345,-1.665276,0.081686,0.087038,0.157757,0.354193,0,0.0,10
1900-01-01 14:23:40.663,21.978881,-1.195873,24.105565,-1.663176,0.081581,0.08624,0.157444,0.769096,0,0.0,10
1900-01-01 14:23:41.663,21.981244,-1.198761,24.096508,-1.663176,0.08063,0.086361,0.157472,0.886966,0,0.0,10
1900-01-01 14:23:42.663,21.987413,-1.195086,24.10399,-1.659107,0.08135,0.086334,0.157601,1.014266,0,0.0,10
1900-01-01 14:23:43.663,21.980325,-1.192986,24.101496,-1.657663,0.080762,0.086334,0.157757,0.773811,0,0.0,10
1900-01-01 14:23:44.663,21.982556,-1.19968,24.10189,-1.658582,0.080893,0.086266,0.15761,1.108562,0,0.0,10
1900-01-01 14:23:45.663,21.984394,-1.200992,24.101627,-1.666588,0.081969,0.08665,0.157555,0.839818,0,0.0,10
1900-01-01 14:23:46.663,21.978356,-1.197448,24.101233,-1.667245,0.080856,0.086082,0.157426,0.811529,0,0.0,10
1900-01-01 14:23:47.663,21.978618,-1.196661,24.105172,-1.664095,0.081764,0.087217,0.157509,0.868107,0,0.0,10
1900-01-01 14:23:48.663,21.990563,-1.204405,24.107272,-1.661863,0.081917,0.087028,0.157472,0.825674,0,0.0,10
1900-01-01 14:23:49.663,21.978093,-1.203092,24.10504,-1.671707,0.081817,0.08697,0.15704,0.806814,0,0.0,10
1900-01-01 14:23:50.663,21.985182,-1.201386,24.115805,-1.670526,0.081775,0.087143,0.156976,0.915255,0,0.0,10
1900-01-01 14:23:51.663,21.987544,-1.200336,24.105959,-1.676826,0.081528,0.086592,0.157775,0.655941,0,0.0,10
1900-01-01 14:23:52.663,21.982819,-1.201649,24.115542,-1.674332,0.082106,0.087316,0.157233,1.089703,0,0.0,10
1900-01-01 14:23:53.663,21.980981,-1.203486,24.113442,-1.671051,0.080998,0.086119,0.157527,0.877537,0,0.0,10
1900-01-01 14:23:54.663,21.983738,-1.19968,24.111867,-1.674332,0.080846,0.086755,0.157123,0.962403,0,0.0,10
1900-01-01 14:23:55.663,21.986494,-1.203749,24.122368,-1.672626,0.080042,0.085689,0.157481,0.858677,0,0.0,10
1900-01-01 14:23:56.663,21.986232,-1.208999,24.121318,-1.674201,0.081885,0.086791,0.157141,0.872822,0,0.0,10
1900-01-01 14:23:57.663,21.988069,-1.201255,24.127226,-1.672757,0.08115,0.086523,0.156884,0.858677,0,0.0,10
1900-01-01 14:23:58.663,21.980325,-1.204799,24.118955,-1.672626,0.081423,0.086854,0.157104,1.02841,0,0.0,10
1900-01-01 14:23:59.663,21.974943,-1.207555,24.121843,-1.678532,0.081066,0.086424,0.156985,0.877537,0,0.0,10
1900-01-01 14:24:00.663,21.981506,-1.206111,24.129457,-1.667113,0.081066,0.085521,0.157178,0.844533,0,0.0,10
1900-01-01 14:24:01.663,21.991088,-1.210836,24.127619,-1.670788,0.081491,0.086277,0.156709,0.816244,0,0.0,10
1900-01-01 14:24:02.663,21.9861,-1.208868,24.134183,-1.669476,0.081213,0.085783,0.156719,1.193429,0,0.0,10
1900-01-01 14:24:03.663,21.98295,-1.20283,24.130114,-1.676694,0.081281,0.087033,0.156994,0.825674,0,0.0,10
1900-01-01 14:24:04.663,21.986757,-1.202961,24.134446,-1.680238,0.082106,0.087479,0.156599,0.759666,0,0.0,10
1900-01-01 14:24:05.663,21.977306,-1.213986,24.134446,-1.681419,0.081628,0.086382,0.156737,0.8021,0,0.0,10
1900-01-01 14:24:06.663,21.977175,-1.207555,24.130901,-1.683388,0.082195,0.086807,0.156985,0.820959,0,0.0,10
1900-01-01 14:24:07.663,21.9819,-1.212674,24.129326,-1.678138,0.081166,0.086613,0.15693,0.712518,0,0.0,10
1900-01-01 14:24:08.663,21.983344,-1.208999,24.136809,-1.679057,0.082268,0.086986,0.156608,0.797385,0,0.0,10
1900-01-01 14:24:09.663,21.978881,-1.20913,24.138778,-1.681026,0.081092,0.086566,0.156369,0.712518,0,0.0,10
1900-01-01 14:24:10.663,21.983081,-1.207424,24.136283,-1.680369,0.080825,0.086497,0.156443,1.075559,0,0.0,10
1900-01-01 14:24:11.663,21.976256,-1.206374,24.133527,-1.681419,0.081003,0.086392,0.155928,1.212288,0,0.0,10
1900-01-01 14:24:12.663,21.981506,-1.20913,24.139434,-1.682338,0.081208,0.086177,0.156397,1.014266,0,0.0,10
1900-01-01 14:24:13.663,21.983738,-1.208474,24.140747,-1.678007,0.081024,0.085783,0.155947,0.410771,0,0.0,10
1900-01-01 14:24:14.663,21.97363,-1.206505,24.135233,-1.688769,0.081586,0.087264,0.156471,0.896396,0,0.0,10
1900-01-01 14:24:15.663,21.984394,-1.210574,24.137727,-1.680763,0.081402,0.08646,0.156177,0.740807,0,0.0,10
1900-01-01 14:24:16.663,21.984394,-1.208736,24.138909,-1.677744,0.081554,0.086571,0.15648,0.816244,0,0.0,10
1900-01-01 14:24:17.663,21.985969,-1.209918,24.143372,-1.677482,0.080741,0.08645,0.156259,0.523926,0,0.0,10
1900-01-01 14:24:18.663,21.985444,-1.204011,24.140353,-1.679057,0.081759,0.08707,0.156213,0.91997,0,0.0,10
1900-01-01 14:24:19.663,21.997126,-1.209393,24.142453,-1.672495,0.08198,0.086928,0.156011,0.787955,0,0.0,10
1900-01-01 14:24:20.663,21.982556,-1.206374,24.133002,-1.676694,0.081596,0.08718,0.155809,0.938829,0,0.0,10
1900-01-01 14:24:21.663,21.980062,-1.209655,24.13287,-1.671182,0.080804,0.085552,0.15591,1.03784,0,0.0,10
1900-01-01 14:24:22.663,21.984919,-1.204536,24.131032,-1.670788,0.080562,0.085358,0.15603,0.806814,0,0.0,10
1900-01-01 14:24:23.663,21.978356,-1.207818,24.127094,-1.671313,0.080331,0.085169,0.155809,0.929399,0,0.0,10
1900-01-01 14:24:24.663,21.977306,-1.210836,24.125519,-1.667245,0.080573,0.08603,0.155984,0.91997,0,0.0,10
1900-01-01 14:24:25.663,21.985313,-1.207555,24.123287,-1.671576,0.08063,0.085353,0.156461,0.599363,0,0.0,10
1900-01-01 14:24:26.663,21.982425,-1.205586,24.125782,-1.66987,0.080903,0.085531,0.155837,0.660655,0,0.0,10
1900-01-01 14:24:27.663,21.97875,-1.202699,24.120137,-1.673019,0.081145,0.086523,0.156379,0.811529,0,0.0,10
1900-01-01 14:24:28.663,21.976387,-1.203617,24.121318,-1.671838,0.081161,0.086313,0.155965,0.670085,0,0.0,10
1900-01-01 14:24:29.663,21.978225,-1.201649,24.115805,-1.674988,0.081119,0.087411,0.155781,0.816244,0,0.0,10
1900-01-01 14:24:30.663,21.986757,-1.20598,24.113836,-1.673151,0.080284,0.084959,0.155671,1.018981,0,0.0,10
1900-01-01 14:24:31.663,21.975599,-1.20598,24.113048,-1.668426,0.080557,0.085904,0.155579,0.816244,0,0.0,10
1900-01-01 14:24:32.663,21.985575,-1.208605,24.116855,-1.671313,0.080903,0.085867,0.155359,0.6748,0,0.0,10
1900-01-01 14:24:33.663,21.97048,-1.207424,24.112917,-1.665538,0.080284,0.084859,0.155634,0.651226,0,0.0,10
1900-01-01 14:24:34.663,21.978618,-1.202699,24.117118,-1.665013,0.080389,0.085337,0.155359,1.16514,0,0.0,10
1900-01-01 14:24:35.663,21.983475,-1.203355,24.115542,-1.672757,0.080699,0.085626,0.15501,0.995407,0,0.0,10
1900-01-01 14:24:36.663,21.981244,-1.197711,24.114098,-1.662782,0.080063,0.085715,0.155193,0.764381,0,0.0,10
1900-01-01 14:24:37.663,21.984131,-1.200467,24.115542,-1.662782,0.08105,0.086571,0.155221,0.844533,0,0.0,10
1900-01-01 14:24:38.663,21.975862,-1.198236,24.112523,-1.666851,0.08114,0.085552,0.155625,0.679515,0,0.0,10
1900-01-01 14:24:39.663,21.982031,-1.196136,24.113311,-1.662388,0.08062,0.08614,0.155074,0.995407,0,0.0,10
1900-01-01 14:24:40.663,21.988988,-1.200205,24.11121,-1.661601,0.080462,0.085531,0.154945,0.849248,0,0.0,10
1900-01-01 14:24:41.663,21.975862,-1.198105,24.115017,-1.668688,0.080609,0.085893,0.155184,0.797385,0,0.0,10
1900-01-01 14:24:42.663,21.980981,-1.197711,24.113048,-1.663045,0.081182,0.086424,0.154909,0.8021,0,0.0,10
1900-01-01 14:24:43.663,21.975599,-1.191411,24.107535,-1.667376,0.080893,0.085977,0.155432,0.651226,0,0.0,10
1900-01-01 14:24:44.663,21.972318,-1.201124,24.108979,-1.65937,0.080142,0.085589,0.155405,0.820959,0,0.0,10
1900-01-01 14:24:45.663,21.978881,-1.19548,24.110816,-1.665013,0.080357,0.085521,0.154945,1.122707,0,0.0,10
1900-01-01 14:24:46.663,21.972843,-1.19443,24.111604,-1.671313,0.080557,0.085316,0.154661,0.929399,0,0.0,10
1900-01-01 14:24:47.663,21.981112,-1.20283,24.111735,-1.663701,0.080693,0.086282,0.154486,0.78324,0,0.0,10
1900-01-01 14:24:48.663,21.977831,-1.19233,24.117774,-1.666851,0.081187,0.086397,0.154863,0.863392,0,0.0,10
1900-01-01 14:24:49.663,21.970349,-1.201649,24.110554,-1.670263,0.08135,0.085762,0.155037,0.868107,0,0.0,10
1900-01-01 14:24:50.663,21.971924,-1.19653,24.108716,-1.674594,0.080247,0.085741,0.155184,0.764381,0,0.0,10
1900-01-01 14:24:51.663,21.982425,-1.194036,24.114492,-1.666982,0.080993,0.085946,0.15501,0.858677,0,0.0,10
1900-01-01 14:24:52.663,21.976518,-1.197317,24.118299,-1.663701,0.081161,0.08582,0.15455,0.91054,0,0.0,10
1900-01-01 14:24:53.663,21.978881,-1.193248,24.116199,-1.667245,0.080804,0.086014,0.154468,0.91997,0,0.0,10
1900-01-01 14:24:54.663,21.983344,-1.190886,24.117774,-1.65937,0.080699,0.085773,0.154357,0.627652,0,0.0,10
1900-01-01 14:24:55.663,21.975074,-1.195086,24.111604,-1.656745,0.080877,0.085893,0.154752,0.769096,0,0.0,10
1900-01-01 14:24:56.663,21.970874,-1.194167,24.113311,-1.657926,0.08105,0.086056,0.15501,0.523926,0,0.0,10
1900-01-01 14:24:57.663,21.971268,-1.195873,24.114886,-1.662913,0.081071,0.086518,0.154642,0.754952,0,0.0,10
1900-01-01 14:24:58.663,21.973105,-1.190623,24.115148,-1.658976,0.079948,0.085641,0.154863,0.764381,0,0.0,10
1900-01-01 14:24:59.663,21.974156,-1.19548,24.110291,-1.657532,0.081701,0.086576,0.155019,0.754952,0,0.0,10
1900-01-01 14:25:00.663,21.975993,-1.190754,24.115673,-1.657663,0.080594,0.085689,0.155092,0.844533,0,0.0,10
1900-01-01 14:25:01.663,21.971005,-1.193511,24.106222,-1.661863,0.080441,0.085699,0.154716,0.754952,0,0.0,10
1900-01-01 14:25:02.663,21.976387,-1.194036,24.112392,-1.659895,0.080384,0.085095,0.154863,1.042555,0,0.0,10
1900-01-01 14:25:03.663,21.974156,-1.189442,24.113967,-1.656351,0.080741,0.085815,0.154578,0.8021,0,0.0,10
1900-01-01 14:25:04.663,21.95906,-1.193511,24.106878,-1.654907,0.081848,0.086166,0.154578,0.721948,0,0.0,10
1900-01-01 14:25:05.663,21.977175,-1.190492,24.115542,-1.660945,0.081203,0.085841,0.153981,0.580504,0,0.0,10
1900-01-01 14:25:06.663,21.95906,-1.193773,24.108322,-1.658188,0.08115,0.085951,0.154201,0.990692,0,0.0,10
1900-01-01 14:25:07.663,21.968643,-1.192592,24.106747,-1.654645,0.080594,0.085326,0.153999,0.868107,0,0.0,10
1900-01-01 14:25:08.663,21.964573,-1.20073,24.10911,-1.655432,0.081339,0.085878,0.153769,0.717233,0,0.0,10
1900-01-01 14:25:09.663,21.973237,-1.196792,24.105303,-1.65307,0.081686,0.087269,0.154165,0.740807,0,0.0,10
1900-01-01 14:25:10.663,21.966542,-1.190229,24.113179,-1.647295,0.08104,0.086145,0.153907,0.773811,0,0.0,10
1900-01-01 14:25:11.663,21.968118,-1.196661,24.11226,-1.648345,0.080746,0.085694,0.154128,1.03784,0,0.0,10
1900-01-01 14:25:12.663,21.967592,-1.192592,24.110816,-1.655038,0.080987,0.086019,0.154027,0.651226,0,0.0,10
1900-01-01 14:25:13.663,21.973762,-1.191411,24.105828,-1.653332,0.081092,0.086266,0.154174,0.948259,0,0.0,10
1900-01-01 14:25:14.663,21.968118,-1.185636,24.109897,-1.656482,0.081176,0.086109,0.153769,1.066129,0,0.0,10
1900-01-01 14:25:15.663,21.966017,-1.188786,24.107666,-1.648213,0.080473,0.085883,0.154018,0.566359,0,0.0,10
1900-01-01 14:25:16.663,21.975468,-1.186948,24.11016,-1.65307,0.080069,0.085647,0.154165,0.750237,0,0.0,10
1900-01-01 14:25:17.663,21.974549,-1.185898,24.110816,-1.653988,0.080982,0.085846,0.154293,1.183999,0,0.0,10
1900-01-01 14:25:18.663,21.971005,-1.185111,24.105828,-1.656482,0.081738,0.086833,0.15433,0.773811,0,0.0,10
1900-01-01 14:25:19.663,21.96943,-1.190623,24.111867,-1.648213,0.080053,0.085442,0.154165,0.816244,0,0.0,10
1900-01-01 14:25:20.663,21.98085,-1.185242,24.114492,-1.648345,0.081754,0.087112,0.154275,0.721948,0,0.0,10
1900-01-01 14:25:21.663,21.970874,-1.182879,24.107141,-1.64572,0.080636,0.086208,0.153999,0.967118,0,0.0,10
1900-01-01 14:25:22.663,21.967592,-1.186292,24.106222,-1.654907,0.081318,0.086229,0.153714,0.377767,0,0.0,10
1900-01-01 14:25:23.663,21.964311,-1.188523,24.107797,-1.646245,0.080751,0.086403,0.153292,1.089703,0,0.0,10
1900-01-01 14:25:24.663,21.971793,-1.18406,24.114492,-1.646376,0.081224,0.086224,0.153678,1.094418,0,0.0,10
1900-01-01 14:25:25.663,21.963261,-1.183404,24.106616,-1.648082,0.080536,0.085337,0.153485,0.462633,0,0.0,10
1900-01-01 14:25:26.663,21.965624,-1.184323,24.11633,-1.646376,0.080903,0.085473,0.153705,1.089703,0,0.0,10
1900-01-01 14:25:27.663,21.963655,-1.182879,24.109897,-1.643488,0.080667,0.085395,0.153531,0.811529,0,0.0,10
1900-01-01 14:25:28.663,21.963261,-1.178548,24.112785,-1.64992,0.080767,0.085027,0.153852,0.604078,0,0.0,10
1900-01-01 14:25:29.663,21.953547,-1.192986,24.106353,-1.648082,0.080746,0.086235,0.154385,0.693659,0,0.0,10
1900-01-01 14:25:30.663,21.965361,-1.181698,24.10911,-1.64572,0.080735,0.085605,0.153613,0.849248,0,0.0,10
1900-01-01 14:25:31.663,21.962605,-1.186423,24.101627,-1.65622,0.081575,0.08634,0.153916,0.825674,0,0.0,10
1900-01-01 14:25:32.663,21.971793,-1.181698,24.114492,-1.649263,0.081134,0.085862,0.153586,0.698374,0,0.0,10
1900-01-01 14:25:33.663,21.967461,-1.187998,24.112785,-1.642307,0.081245,0.086067,0.154247,0.820959,0,0.0,10
1900-01-01 14:25:34.663,21.973368,-1.180254,24.118299,-1.64152,0.080699,0.086261,0.154054,0.985977,0,0.0,10
1900-01-01 14:25:35.663,21.958798,-1.185636,24.111604,-1.64887,0.081329,0.086172,0.154119,0.830388,0,0.0,10
1900-01-01 14:25:36.663,21.959979,-1.187736,24.113048,-1.647688,0.081423,0.086455,0.153852,0.759666,0,0.0,10
1900-01-01 14:25:37.663,21.961686,-1.187998,24.111998,-1.644801,0.080609,0.086403,0.153531,0.830388,0,0.0,10
1900-01-01 14:25:38.663,21.959192,-1.185504,24.110816,-1.646507,0.081381,0.086534,0.153558,0.731378,0,0.0,10
1900-01-01 14:25:39.663,21.964705,-1.183929,24.121187,-1.643226,0.081691,0.086298,0.153687,1.127421,0,0.0,10
1900-01-01 14:25:40.663,21.963523,-1.18091,24.122762,-1.643751,0.080972,0.086392,0.154045,1.141566,0,0.0,10
1900-01-01 14:25:41.663,21.956698,-1.185504,24.122631,-1.642438,0.080609,0.085883,0.153797,0.778526,0,0.0,10
1900-01-01 14:25:42.663,21.969693,-1.179204,24.126307,-1.642307,0.08072,0.085573,0.153724,0.684229,0,0.0,10
1900-01-01 14:25:43.663,21.950266,-1.178942,24.118562,-1.641257,0.081497,0.087185,0.153154,0.698374,0,0.0,10
1900-01-01 14:25:44.663,21.973893,-1.183273,24.128932,-1.639157,0.081166,0.086602,0.153227,0.839818,0,0.0,10
1900-01-01 14:25:45.663,21.959979,-1.188392,24.12867,-1.634695,0.080468,0.085584,0.153374,0.825674,0,0.0,10
1900-01-01 14:25:46.663,21.96313,-1.182223,24.130507,-1.640207,0.080945,0.086035,0.153825,0.769096,0,0.0,10
1900-01-01 14:25:47.663,21.957617,-1.185242,24.126963,-1.635614,0.080993,0.086418,0.15308,0.868107,0,0.0,10
1900-01-01 14:25:48.663,21.947903,-1.181042,24.12565,-1.636664,0.082352,0.087106,0.152906,0.79267,0,0.0,10
1900-01-01 14:25:49.663,21.952366,-1.182485,24.1246,-1.639157,0.080021,0.086219,0.153521,0.976548,0,0.0,10
1900-01-01 14:25:50.663,21.952497,-1.182617,24.120531,-1.640207,0.080777,0.08655,0.153687,0.745522,0,0.0,10
1900-01-01 14:25:51.663,21.960898,-1.18301,24.12355,-1.630757,0.081764,0.08698,0.153237,1.202858,0,0.0,10
1900-01-01 14:25:52.663,21.960898,-1.178942,24.130245,-1.634564,0.080615,0.086072,0.153411,0.858677,0,0.0,10
1900-01-01 14:25:53.663,21.953154,-1.180779,24.121318,-1.633251,0.080956,0.086581,0.153246,1.301869,0,0.0,10
1900-01-01 14:25:54.663,21.962605,-1.176448,24.121318,-1.637189,0.081234,0.087075,0.153512,0.985977,0,0.0,10
1900-01-01 14:25:55.663,21.955385,-1.187211,24.121581,-1.638764,0.080809,0.08635,0.15376,0.820959,0,0.0,10
1900-01-01 14:25:56.663,21.968249,-1.178285,24.130639,-1.632989,0.080016,0.085694,0.153714,0.53807,0,0.0,10
1900-01-01 14:25:57.663,21.956435,-1.179335,24.119743,-1.640863,0.081638,0.086319,0.153347,0.750237,0,0.0,10
1900-01-01 14:25:58.663,21.95276,-1.182354,24.118955,-1.643357,0.081581,0.086833,0.153457,0.78324,0,0.0,10
1900-01-01 14:25:59.663,21.96418,-1.185242,24.125125,-1.638501,0.081145,0.085962,0.152989,0.835103,0,0.0,10
1900-01-01 14:26:00.663,21.955648,-1.182748,24.120531,-1.63522,0.081271,0.086518,0.153227,0.929399,0,0.0,10
1900-01-01 14:26:01.663,21.961161,-1.183404,24.121187,-1.631676,0.08147,0.087022,0.153338,1.108562,0,0.0,10
1900-01-01 14:26:02.663,21.962473,-1.181698,24.123681,-1.634432,0.081381,0.086744,0.153549,0.825674,0,0.0,10
1900-01-01 14:26:03.663,21.958667,-1.173166,24.125388,-1.63417,0.080641,0.086329,0.153448,0.844533,0,0.0,10
1900-01-01 14:26:04.663,21.966411,-1.173298,24.124863,-1.628657,0.081691,0.087185,0.153356,0.637081,0,0.0,10
1900-01-01 14:26:05.663,21.959979,-1.17986,24.119612,-1.62682,0.081161,0.086166,0.153347,0.957688,0,0.0,10
1900-01-01 14:26:06.663,21.961292,-1.176185,24.125125,-1.62787,0.081365,0.086061,0.153246,0.613507,0,0.0,10
1900-01-01 14:26:07.663,21.961029,-1.175135,24.126569,-1.632332,0.081098,0.086004,0.153126,0.901111,0,0.0,10
1900-01-01 14:26:08.663,21.964311,-1.179204,24.126044,-1.625507,0.080956,0.08635,0.153062,0.736092,0,0.0,10
1900-01-01 14:26:09.663,21.956041,-1.177104,24.122237,-1.634039,0.080063,0.086539,0.15342,0.745522,0,0.0,10
1900-01-01 14:26:10.663,21.964311,-1.171854,24.127619,-1.63627,0.08104,0.086287,0.153613,1.066129,0,0.0,10
1900-01-01 14:26:11.663,21.955254,-1.181042,24.12145,-1.632595,0.080814,0.085746,0.15354,0.830388,0,0.0,10
1900-01-01 14:26:12.663,21.966674,-1.173298,24.130114,-1.622489,0.080515,0.086019,0.15354,0.330619,0,0.0,10
1900-01-01 14:26:13.663,21.972843,-1.171854,24.136546,-1.627476,0.081764,0.087395,0.153485,0.448489,0,0.0,10
1900-01-01 14:26:14.663,21.95801,-1.177892,24.129195,-1.627345,0.080783,0.086187,0.153163,1.084988,0,0.0,10
1900-01-01 14:26:15.663,21.963392,-1.17356,24.130114,-1.627345,0.081539,0.086639,0.153273,0.797385,0,0.0,10
1900-01-01 14:26:16.663,21.966936,-1.175135,24.129326,-1.628526,0.080609,0.086418,0.153237,1.127421,0,0.0,10
1900-01-01 14:26:17.663,21.955516,-1.174348,24.133002,-1.628526,0.079969,0.085468,0.153264,0.641796,0,0.0,10
1900-01-01 14:26:18.663,21.959586,-1.175529,24.134314,-1.629314,0.080856,0.08561,0.152842,0.830388,0,0.0,10
1900-01-01 14:26:19.663,21.966674,-1.170148,24.127488,-1.62787,0.081014,0.086665,0.15331,0.948259,0,0.0,10
1900-01-01 14:26:20.663,21.963655,-1.176448,24.127094,-1.634039,0.081318,0.086786,0.153227,0.740807,0,0.0,10
1900-01-01 14:26:21.663,21.957354,-1.178285,24.120531,-1.632201,0.081413,0.08686,0.153145,1.212288,0,0.0,10
1900-01-01 14:26:22.663,21.971268,-1.170935,24.127357,-1.630495,0.081691,0.086713,0.153641,0.679515,0,0.0,10
1900-01-01 14:26:23.663,21.960636,-1.171329,24.12355,-1.621964,0.080468,0.085762,0.153071,0.542785,0,0.0,10
1900-01-01 14:26:24.663,21.966674,-1.177498,24.119612,-1.628001,0.080216,0.086208,0.152465,0.877537,0,0.0,10
1900-01-01 14:26:25.663,21.967199,-1.174479,24.117905,-1.623539,0.081129,0.086292,0.153356,0.849248,0,0.0,10
1900-01-01 14:26:26.663,21.970874,-1.172773,24.120531,-1.624982,0.080961,0.086718,0.153273,0.948259,0,0.0,10
1900-01-01 14:26:27.663,21.962342,-1.16621,24.116067,-1.626951,0.080342,0.085704,0.152465,0.806814,0,0.0,10
1900-01-01 14:26:28.663,21.976912,-1.167522,24.121187,-1.624064,0.081281,0.086109,0.152943,1.056699,0,0.0,10
1900-01-01 14:26:29.663,21.961948,-1.166997,24.107928,-1.627607,0.081633,0.087217,0.152979,0.976548,0,0.0,10
1900-01-01 14:26:30.663,21.968905,-1.17146,24.108585,-1.62787,0.08136,0.087406,0.152612,0.971833,0,0.0,10
1900-01-01 14:26:31.663,21.968118,-1.17041,24.113442,-1.63102,0.080667,0.085825,0.152952,0.712518,0,0.0,10
1900-01-01 14:26:32.663,21.97258,-1.169623,24.11528,-1.630757,0.081617,0.086928,0.152869,0.825674,0,0.0,10
1900-01-01 14:26:33.663,21.963392,-1.173035,24.105697,-1.623014,0.081644,0.087411,0.1532,0.853963,0,0.0,10
1900-01-01 14:26:34.663,21.967592,-1.170148,24.104515,-1.62997,0.081491,0.087064,0.153237,0.481493,0,0.0,10
1900-01-01 14:26:35.663,21.963392,-1.167391,24.111079,-1.626295,0.081712,0.086692,0.15309,0.905825,0,0.0,10
1900-01-01 14:26:36.663,21.965886,-1.167129,24.103334,-1.63207,0.080147,0.086009,0.153034,0.91054,0,0.0,10
1900-01-01 14:26:37.663,21.971005,-1.167785,24.105434,-1.624064,0.080032,0.085164,0.152943,0.707803,0,0.0,10
1900-01-01 14:26:38.663,21.96523,-1.168441,24.099789,-1.629707,0.080977,0.08686,0.152621,1.127421,0,0.0,10
1900-01-01 14:26:39.663,21.970874,-1.170148,24.095064,-1.626557,0.080825,0.086329,0.153044,0.637081,0,0.0,10
1900-01-01 14:26:40.663,21.961029,-1.179467,24.102284,-1.628789,0.080473,0.086371,0.152658,0.915255,0,0.0,10
1900-01-01 14:26:41.663,21.959323,-1.172641,24.092569,-1.625901,0.080735,0.085347,0.152593,0.750237,0,0.0,10
1900-01-01 14:26:42.663,21.96628,-1.16726,24.095982,-1.621307,0.081633,0.08624,0.152649,0.905825,0,0.0,10
1900-01-01 14:26:43.663,21.969955,-1.17146,24.096114,-1.62262,0.080069,0.085657,0.153273,0.759666,0,0.0,10
1900-01-01 14:26:44.663,21.967067,-1.168179,24.0885,-1.61947,0.081528,0.086923,0.152869,0.505067,0,0.0,10
1900-01-01 14:26:45.663,21.965886,-1.167785,24.088894,-1.616976,0.080546,0.086135,0.153301,0.6748,0,0.0,10
1900-01-01 14:26:46.663,21.967855,-1.168047,24.084562,-1.617895,0.080268,0.085815,0.153025,1.014266,0,0.0,10
1900-01-01 14:26:47.663,21.96523,-1.17041,24.085874,-1.612776,0.08052,0.086319,0.152897,0.943544,0,0.0,10
1900-01-01 14:26:48.663,21.966805,-1.169885,24.083774,-1.615007,0.080105,0.08541,0.15286,0.608793,0,0.0,10
1900-01-01 14:26:49.663,21.964967,-1.170541,24.076948,-1.617239,0.080399,0.086145,0.152759,0.604078,0,0.0,10
1900-01-01 14:26:50.663,21.961554,-1.169491,24.072353,-1.621832,0.081245,0.086203,0.152667,1.080273,0,0.0,10
1900-01-01 14:26:51.663,21.973105,-1.170016,24.082724,-1.611595,0.080415,0.086707,0.152676,0.764381,0,0.0,10
1900-01-01 14:26:52.663,21.967067,-1.172116,24.071172,-1.618551,0.080263,0.08646,0.152731,0.575789,0,0.0,10
1900-01-01 14:26:53.663,21.96628,-1.172641,24.074979,-1.618814,0.080079,0.085809,0.152474,0.589933,0,0.0,10
1900-01-01 14:26:54.663,21.964967,-1.161879,24.075373,-1.62157,0.080567,0.086403,0.152869,0.684229,0,0.0,10
1900-01-01 14:26:55.663,21.971793,-1.169754,24.078523,-1.612907,0.081182,0.086812,0.152989,0.78324,0,0.0,10
1900-01-01 14:26:56.663,21.965624,-1.167391,24.070384,-1.611332,0.079979,0.086156,0.152943,0.66537,0,0.0,10
1900-01-01 14:26:57.663,21.968774,-1.168441,24.073535,-1.614089,0.081197,0.086944,0.152639,0.952974,0,0.0,10
1900-01-01 14:26:58.663,21.970349,-1.176316,24.070515,-1.617895,0.080935,0.085589,0.152355,1.075559,0,0.0,10
1900-01-01 14:26:59.663,21.969561,-1.162666,24.075898,-1.615532,0.080846,0.086744,0.152502,0.646511,0,0.0,10
1900-01-01 14:27:00.663,21.961554,-1.169754,24.069334,-1.614482,0.080835,0.086697,0.152208,0.811529,0,0.0,10
1900-01-01 14:27:01.663,21.971793,-1.161222,24.073535,-1.620651,0.081155,0.087243,0.152933,0.971833,0,0.0,10
1900-01-01 14:27:02.663,21.97258,-1.162141,24.065658,-1.610151,0.080636,0.086686,0.152704,0.618222,0,0.0,10
1900-01-01 14:27:03.663,21.966542,-1.164897,24.070647,-1.605295,0.079806,0.085237,0.152823,0.679515,0,0.0,10
1900-01-01 14:27:04.663,21.96418,-1.162272,24.064346,-1.606739,0.080835,0.086303,0.152244,1.023696,0,0.0,10
1900-01-01 14:27:05.663,21.961161,-1.16201,24.067365,-1.605558,0.081092,0.086692,0.152538,0.891681,0,0.0,10
1900-01-01 14:27:06.663,21.959717,-1.160303,24.064608,-1.604901,0.080562,0.086896,0.152906,1.089703,0,0.0,10
1900-01-01 14:27:07.663,21.974549,-1.158466,24.071697,-1.601883,0.07936,0.08394,0.152593,0.750237,0,0.0,10
1900-01-01 14:27:08.663,21.961161,-1.15991,24.061851,-1.607395,0.07696,0.082139,0.152796,0.849248,0,0.0,10
1900-01-01 14:27:09.663,21.96523,-1.161747,24.065658,-1.604114,0.076005,0.080606,0.152492,0.740807,0,0.0,10
1900-01-01 14:27:10.663,21.964836,-1.166997,24.060933,-1.603589,0.07433,0.078826,0.152318,0.816244,0,0.0,10
1900-01-01 14:27:11.663,21.961948,-1.157285,24.056863,-1.604639,0.073532,0.077057,0.152263,0.439059,0,0.0,10
1900-01-01 14:27:12.663,21.970349,-1.159385,24.060539,-1.603851,0.071248,0.075382,0.151702,0.703089,0,0.0,10
1900-01-01 14:27:13.663,21.967986,-1.157678,24.064346,-1.606476,0.069925,0.072867,0.152254,0.971833,0,0.0,10
1900-01-01 14:27:14.663,21.968905,-1.151903,24.067496,-1.607132,0.069032,0.072311,0.151519,0.816244,0,0.0,10
1900-01-01 14:27:15.663,21.9777,-1.153347,24.068678,-1.606739,0.067704,0.070893,0.151096,1.018981,0,0.0,10
1900-01-01 14:27:16.663,21.972187,-1.150591,24.072222,-1.611857,0.066281,0.069307,0.150692,0.929399,0,0.0,10
1900-01-01 14:27:17.663,21.969561,-1.149934,24.067234,-1.609101,0.064758,0.067543,0.150389,0.811529,0,0.0,10
1900-01-01 14:27:18.663,21.966805,-1.143109,24.061326,-1.615532,0.065289,0.067638,0.149764,0.839818,0,0.0,10
1900-01-01 14:27:19.663,21.963392,-1.13799,24.063164,-1.62367,0.066239,0.068142,0.149644,1.033125,0,0.0,10
1900-01-01 14:27:20.663,21.960111,-1.142059,24.064346,-1.620782,0.065546,0.068273,0.148992,0.849248,0,0.0,10
1900-01-01 14:27:21.663,21.96838,-1.130771,24.071041,-1.624195,0.06604,0.068247,0.148919,1.061414,0,0.0,10
1900-01-01 14:27:22.663,21.970086,-1.121583,24.071041,-1.625114,0.066181,0.067685,0.148983,1.084988,0,0.0,10
1900-01-01 14:27:23.663,21.967724,-1.121452,24.067365,-1.626295,0.065137,0.066981,0.148496,0.816244,0,0.0,10
1900-01-01 14:27:24.663,21.966017,-1.110427,24.066709,-1.634039,0.065992,0.0679,0.148083,0.773811,0,0.0,10
1900-01-01 14:27:25.663,21.967855,-1.100452,24.066052,-1.64257,0.065914,0.068446,0.14743,0.830388,0,0.0,10
1900-01-01 14:27:26.663,21.973499,-1.087326,24.069071,-1.636007,0.064926,0.067953,0.147274,0.604078,0,0.0,10
1900-01-01 14:27:27.663,21.962605,-1.092051,24.065921,-1.639026,0.065063,0.067585,0.147063,0.872822,0,0.0,10
1900-01-01 14:27:28.663,21.956041,-1.084963,24.063952,-1.651101,0.065641,0.06675,0.146897,0.820959,0,0.0,10
1900-01-01 14:27:29.663,21.967855,-1.071182,24.06684,-1.645195,0.065845,0.067512,0.146493,1.160425,0,0.0,10
1900-01-01 14:27:30.663,21.964967,-1.061469,24.068284,-1.653726,0.065541,0.067738,0.146218,0.721948,0,0.0,10
1900-01-01 14:27:31.663,21.960636,-1.053987,24.070909,-1.652676,0.065194,0.067895,0.14596,0.731378,0,0.0,10
1900-01-01 14:27:32.663,21.964442,-1.049525,24.073272,-1.660026,0.065221,0.067627,0.145666,0.721948,0,0.0,10
1900-01-01 14:27:33.663,21.963917,-1.043093,24.076291,-1.662257,0.0649,0.067029,0.145097,0.91997,0,0.0,10
1900-01-01 14:27:34.663,21.965886,-1.031674,24.077867,-1.664095,0.06531,0.066792,0.145299,0.707803,0,0.0,10
1900-01-01 14:27:35.663,21.962867,-1.031937,24.079573,-1.670395,0.064979,0.067218,0.144637,1.207573,0,0.0,10
1900-01-01 14:27:36.663,21.965886,-1.025768,24.081017,-1.674594,0.064627,0.067018,0.144251,0.627652,0,0.0,10
1900-01-01 14:27:37.663,21.972449,-1.01028,24.08443,-1.677088,0.065173,0.067302,0.14438,0.901111,0,0.0,10
1900-01-01 14:27:38.663,21.973237,-1.004505,24.084956,-1.682076,0.065746,0.068677,0.144141,0.844533,0,0.0,10
1900-01-01 14:27:39.663,21.968774,-1.003192,24.089944,-1.682469,0.065488,0.067706,0.143526,0.707803,0,0.0,10
1900-01-01 14:27:40.663,21.966805,-0.989935,24.079311,-1.685882,0.065872,0.068084,0.143792,0.816244,0,0.0,10
1900-01-01 14:27:41.663,21.963917,-0.990592,24.085349,-1.690607,0.065903,0.068294,0.143618,0.604078,0,0.0,10
1900-01-01 14:27:42.663,21.974156,-0.981666,24.0906,-1.695332,0.066171,0.068641,0.143351,0.773811,0,0.0,10
1900-01-01 14:27:43.663,21.968774,-0.964735,24.0906,-1.693888,0.065961,0.068121,0.143085,1.004836,0,0.0,10
1900-01-01 14:27:44.663,21.968118,-0.964078,24.091519,-1.703863,0.065131,0.067317,0.142956,0.580504,0,0.0,10
1900-01-01 14:27:45.663,21.969824,-0.958172,24.095589,-1.697957,0.064816,0.067102,0.142497,0.877537,0,0.0,10
1900-01-01 14:27:46.663,21.962605,-0.953709,24.094013,-1.702944,0.06489,0.066929,0.142432,1.070844,0,0.0,10
1900-01-01 14:27:47.663,21.96733,-0.943865,24.092569,-1.703469,0.064265,0.066441,0.142524,0.806814,0,0.0,10
1900-01-01 14:27:48.663,21.960504,-0.940715,24.095457,-1.710819,0.064134,0.067328,0.14223,0.637081,0,0.0,10
1900-01-01 14:27:49.663,21.961686,-0.943209,24.09782,-1.71515,0.064459,0.066787,0.142074,0.863392,0,0.0,10
1900-01-01 14:27:50.663,21.965886,-0.938615,24.100708,-1.709638,0.064275,0.066525,0.141486,0.726663,0,0.0,10
1900-01-01 14:27:51.663,21.962998,-0.921421,24.099396,-1.719613,0.064485,0.066278,0.141284,1.04727,0,0.0,10
1900-01-01 14:27:52.663,21.960373,-0.913414,24.103596,-1.716857,0.064753,0.065874,0.141266,0.835103,0,0.0,10
1900-01-01 14:27:53.663,21.969824,-0.911445,24.107141,-1.727619,0.064359,0.066556,0.140521,0.91054,0,0.0,10
1900-01-01 14:27:54.663,21.971005,-0.903308,24.106484,-1.727488,0.064638,0.066126,0.140889,0.839818,0,0.0,10
1900-01-01 14:27:55.663,21.961686,-0.893463,24.107666,-1.735494,0.06406,0.066645,0.140466,0.872822,0,0.0,10
1900-01-01 14:27:56.663,21.969299,-0.878894,24.116067,-1.737725,0.063672,0.066126,0.140172,0.731378,0,0.0,10
1900-01-01 14:27:57.663,21.964967,-0.879682,24.113048,-1.7414,0.06396,0.066304,0.140108,0.858677,0,0.0,10
1900-01-01 14:27:58.663,21.969168,-0.87745,24.116592,-1.745075,0.064569,0.067065,0.139869,0.8021,0,0.0,10
1900-01-01 14:27:59.663,21.964573,-0.867081,24.118036,-1.748094,0.064254,0.065758,0.139428,0.698374,0,0.0,10
1900-01-01 14:28:00.663,21.967855,-0.860781,24.11738,-1.748356,0.064638,0.066414,0.139217,0.849248,0,0.0,10
1900-01-01 14:28:01.663,21.964311,-0.853037,24.120006,-1.753738,0.064333,0.066157,0.138886,0.811529,0,0.0,10
1900-01-01 14:28:02.663,21.961029,-0.852643,24.112917,-1.76345,0.064748,0.067081,0.138693,0.872822,0,0.0,10
1900-01-01 14:28:03.663,21.97153,-0.841093,24.112917,-1.759775,0.064454,0.066199,0.139134,0.830388,0,0.0,10
1900-01-01 14:28:04.663,21.970611,-0.834005,24.117643,-1.767256,0.063819,0.066099,0.138473,0.53807,0,0.0,10
1900-01-01 14:28:05.663,21.968511,-0.838337,24.119349,-1.770275,0.063372,0.065984,0.138041,0.78324,0,0.0,10
1900-01-01 14:28:06.663,21.96838,-0.823899,24.114886,-1.77815,0.063656,0.065952,0.137857,0.835103,0,0.0,10
1900-01-01 14:28:07.663,21.963655,-0.824424,24.112129,-1.779725,0.064291,0.06642,0.137655,0.962403,0,0.0,10
1900-01-01 14:28:08.663,21.968249,-0.814186,24.113573,-1.781431,0.063897,0.066477,0.137453,0.797385,0,0.0,10
1900-01-01 14:28:09.663,21.963786,-0.815761,24.108453,-1.787206,0.063834,0.066304,0.137627,0.985977,0,0.0,10
1900-01-01 14:28:10.663,21.964705,-0.80211,24.107403,-1.791275,0.063729,0.066178,0.137232,0.736092,0,0.0,10
1900-01-01 14:28:11.663,21.961161,-0.793973,24.100577,-1.792456,0.064013,0.065569,0.137343,1.070844,0,0.0,10
1900-01-01 14:28:12.663,21.964705,-0.791741,24.101759,-1.793244,0.063997,0.065527,0.137122,0.698374,0,0.0,10
1900-01-01 14:28:13.663,21.962998,-0.785441,24.097952,-1.800069,0.063609,0.066,0.136304,1.03784,0,0.0,10
1900-01-01 14:28:14.663,21.96418,-0.784522,24.094538,-1.804662,0.063966,0.0659,0.136213,0.915255,0,0.0,10
1900-01-01 14:28:15.663,21.970349,-0.771791,24.089944,-1.804925,0.06416,0.066094,0.136121,0.868107,0,0.0,10
1900-01-01 14:28:16.663,21.956304,-0.769822,24.081674,-1.805712,0.064338,0.065968,0.136084,0.858677,0,0.0,10
1900-01-01 14:28:17.663,21.965361,-0.762209,24.076291,-1.815293,0.06374,0.066078,0.13613,0.778526,0,0.0,10
1900-01-01 14:28:18.663,21.967461,-0.751053,24.074322,-1.815031,0.064517,0.066115,0.135551,0.924685,0,0.0,10
1900-01-01 14:28:19.663,21.963261,-0.748953,24.06789,-1.815818,0.064134,0.066719,0.135726,0.651226,0,0.0,10
1900-01-01 14:28:20.663,21.958667,-0.750659,24.06579,-1.823168,0.063456,0.065238,0.135625,0.858677,0,0.0,10
1900-01-01 14:28:21.663,21.965755,-0.737533,24.064608,-1.828943,0.064244,0.066309,0.135404,1.117992,0,0.0,10
1900-01-01 14:28:22.663,21.967724,-0.732283,24.05962,-1.827368,0.063304,0.065601,0.135064,1.004836,0,0.0,10
1900-01-01 14:28:23.663,21.965361,-0.726114,24.052268,-1.831962,0.064454,0.066047,0.135211,0.533356,0,0.0,10
1900-01-01 14:28:24.663,21.95486,-0.725327,24.0524,-1.838918,0.064176,0.066519,0.135275,0.830388,0,0.0,10
1900-01-01 14:28:25.663,21.96838,-0.712201,24.053056,-1.840887,0.063703,0.066204,0.135174,1.066129,0,0.0,10
1900-01-01 14:28:26.663,21.964836,-0.710626,24.050037,-1.843249,0.063997,0.066136,0.134596,0.717233,0,0.0,10
1900-01-01 14:28:27.663,21.960504,-0.70577,24.054631,-1.843512,0.06353,0.065942,0.134439,0.976548,0,0.0,10
1900-01-01 14:28:28.663,21.963523,-0.705507,24.049512,-1.852306,0.063903,0.065858,0.134302,0.693659,0,0.0,10
1900-01-01 14:28:29.663,21.966936,-0.698945,24.051875,-1.852174,0.063299,0.065826,0.134044,0.618222,0,0.0,10
1900-01-01 14:28:30.663,21.964048,-0.691332,24.046755,-1.855193,0.063236,0.066215,0.134164,0.976548,0,0.0,10
1900-01-01 14:28:31.663,21.958273,-0.685032,24.040323,-1.861362,0.064139,0.066241,0.134072,0.519211,0,0.0,10
1900-01-01 14:28:32.663,21.971005,-0.676631,24.049906,-1.859393,0.063546,0.065916,0.133962,0.759666,0,0.0,10
1900-01-01 14:28:33.663,21.957485,-0.6723,24.047936,-1.865956,0.063735,0.06569,0.133585,0.877537,0,0.0,10
1900-01-01 14:28:34.663,21.956829,-0.669412,24.043867,-1.869368,0.063829,0.066273,0.133512,0.613507,0,0.0,10
1900-01-01 14:28:35.663,21.957879,-0.664293,24.042029,-1.871731,0.064008,0.066294,0.133429,0.924685,0,0.0,10
1900-01-01 14:28:36.663,21.959454,-0.657337,24.044917,-1.874224,0.063913,0.066819,0.132933,0.660655,0,0.0,10
1900-01-01 14:28:37.663,21.957485,-0.643293,24.042686,-1.87803,0.063892,0.066498,0.133346,0.853963,0,0.0,10
1900-01-01 14:28:38.663,21.959848,-0.643162,24.045967,-1.881837,0.064128,0.066656,0.133025,0.915255,0,0.0,10
1900-01-01 14:28:39.663,21.962473,-0.646443,24.045836,-1.878818,0.063903,0.066094,0.132887,0.773811,0,0.0,10
1900-01-01 14:28:40.663,21.969168,-0.635943,24.043211,-1.878293,0.063871,0.06654,0.132777,0.962403,0,0.0,10
1900-01-01 14:28:41.663,21.959192,-0.627674,24.043736,-1.893255,0.063803,0.066199,0.132234,0.66537,0,0.0,10
1900-01-01 14:28:42.663,21.962079,-0.619273,24.042948,-1.889843,0.063441,0.066099,0.132189,0.79267,0,0.0,10
1900-01-01 14:28:43.663,21.965492,-0.624392,24.04216,-1.890237,0.064018,0.066782,0.132418,1.04727,0,0.0,10
1900-01-01 14:28:44.663,21.956698,-0.615204,24.043604,-1.895355,0.064307,0.066409,0.132234,0.759666,0,0.0,10
1900-01-01 14:28:45.663,21.961686,-0.606148,24.044655,-1.903493,0.063456,0.065921,0.132179,0.754952,0,0.0,10
1900-01-01 14:28:46.663,21.959717,-0.608117,24.043998,-1.898112,0.063824,0.066283,0.132657,0.924685,0,0.0,10
1900-01-01 14:28:47.663,21.960636,-0.597879,24.047936,-1.897455,0.06353,0.066556,0.132152,0.830388,0,0.0,10
1900-01-01 14:28:48.663,21.96313,-0.59591,24.041767,-1.905724,0.064391,0.067317,0.132161,0.684229,0,0.0,10
1900-01-01 14:28:49.663,21.966805,-0.583178,24.048855,-1.904543,0.063519,0.066189,0.131821,0.8021,0,0.0,10
1900-01-01 14:28:50.663,21.966149,-0.586985,24.047805,-1.909399,0.063357,0.065842,0.13183,0.91054,0,0.0,10
1900-01-01 14:28:51.663,21.962605,-0.581866,24.045048,-1.90533,0.064291,0.066729,0.131545,0.952974,0,0.0,10
1900-01-01 14:28:52.663,21.968511,-0.578191,24.04728,-1.906643,0.063582,0.066152,0.131564,0.981262,0,0.0,10
1900-01-01 14:28:53.663,21.963786,-0.569003,24.043736,-1.911368,0.063966,0.066981,0.131555,0.938829,0,0.0,10
1900-01-01 14:28:54.663,21.961292,-0.565853,24.040848,-1.914518,0.06406,0.066299,0.131297,0.797385,0,0.0,10
1900-01-01 14:28:55.663,21.963261,-0.566772,24.044261,-1.907561,0.063882,0.066761,0.131619,0.740807,0,0.0,10
1900-01-01 14:28:56.663,21.963655,-0.562965,24.045574,-1.912155,0.063498,0.066336,0.131169,0.905825,0,0.0,10
1900-01-01 14:28:57.663,21.953941,-0.554959,24.04413,-1.917405,0.063766,0.066572,0.130829,0.91997,0,0.0,10
1900-01-01 14:28:58.663,21.966149,-0.547215,24.052794,-1.914911,0.064228,0.066698,0.130682,0.736092,0,0.0,10
1900-01-01 14:28:59.663,21.96418,-0.551546,24.050168,-1.92528,0.063603,0.065779,0.130415,0.698374,0,0.0,10
1900-01-01 14:29:00.663,21.966936,-0.540127,24.046624,-1.920818,0.064239,0.067002,0.130939,0.6748,0,0.0,10
1900-01-01 14:29:01.663,21.961423,-0.542358,24.051612,-1.924624,0.063189,0.066572,0.130728,0.797385,0,0.0,10
1900-01-01 14:29:02.663,21.960898,-0.532645,24.049249,-1.924624,0.063567,0.066945,0.130792,1.108562,0,0.0,10
1900-01-01 14:29:03.663,21.95906,-0.528445,24.048068,-1.924493,0.064186,0.06674,0.130461,0.839818,0,0.0,10
1900-01-01 14:29:04.663,21.965361,-0.525689,24.052531,-1.926068,0.063771,0.066252,0.130048,0.712518,0,0.0,10
1900-01-01 14:29:05.663,21.95591,-0.524901,24.052794,-1.925805,0.064291,0.066845,0.129717,0.745522,0,0.0,10
1900-01-01 14:29:06.663,21.961948,-0.521358,24.050956,-1.931449,0.063792,0.067296,0.129533,0.717233,0,0.0,10
1900-01-01 14:29:07.663,21.967986,-0.517945,24.054894,-1.927118,0.064711,0.066404,0.129708,0.853963,0,0.0,10
1900-01-01 14:29:08.663,21.961029,-0.509676,24.052531,-1.931318,0.064233,0.066897,0.12957,0.863392,0,0.0,10
1900-01-01 14:29:09.663,21.961686,-0.508232,24.054631,-1.923968,0.06384,0.066582,0.129258,0.967118,0,0.0,10
1900-01-01 14:29:10.663,21.961817,-0.503376,24.050956,-1.933943,0.064459,0.067391,0.129625,0.985977,0,0.0,10
1900-01-01 14:29:11.663,21.960636,-0.498913,24.051087,-1.93263,0.063525,0.06674,0.129396,0.707803,0,0.0,10
1900-01-01 14:29:12.663,21.965755,-0.497338,24.046886,-1.932105,0.063714,0.066294,0.129212,1.018981,0,0.0,10
1900-01-01 14:29:13.663,21.965492,-0.494057,24.051481,-1.934205,0.063582,0.066598,0.129175,0.835103,0,0.0,10
1900-01-01 14:29:14.663,21.962867,-0.489069,24.051087,-1.93473,0.063855,0.066267,0.128936,1.132136,0,0.0,10
1900-01-01 14:29:15.663,21.95906,-0.48605,24.048462,-1.936174,0.063441,0.066614,0.129074,0.712518,0,0.0,10
1900-01-01 14:29:16.663,21.959192,-0.475681,24.055288,-1.933286,0.064317,0.066351,0.128909,0.839818,0,0.0,10
1900-01-01 14:29:17.663,21.96313,-0.471218,24.049643,-1.934205,0.064134,0.067155,0.128936,0.717233,0,0.0,10
1900-01-01 14:29:18.663,21.965361,-0.464262,24.050168,-1.933811,0.063535,0.067081,0.128734,0.948259,0,0.0,10
1900-01-01 14:29:19.663,21.961161,-0.463081,24.046886,-1.935518,0.063729,0.066404,0.128624,0.811529,0,0.0,10
1900-01-01 14:29:20.663,21.964573,-0.461112,24.047805,-1.939193,0.064349,0.066094,0.128569,1.150995,0,0.0,10
1900-01-01 14:29:21.663,21.967067,-0.45468,24.051743,-1.938536,0.063945,0.066855,0.128357,0.844533,0,0.0,10
1900-01-01 14:29:22.663,21.961554,-0.455468,24.04728,-1.93788,0.063855,0.066656,0.128312,0.754952,0,0.0,10
1900-01-01 14:29:23.663,21.964705,-0.452712,24.047805,-1.941949,0.063063,0.066199,0.128256,0.915255,0,0.0,10
1900-01-01 14:29:24.663,21.955516,-0.451268,24.04833,-1.943786,0.064228,0.066771,0.128036,1.023696,0,0.0,10
1900-01-01 14:29:25.663,21.966149,-0.445099,24.046361,-1.941555,0.063756,0.066525,0.127907,0.816244,0,0.0,10
1900-01-01 14:29:26.663,21.970611,-0.434598,24.054369,-1.947724,0.063,0.066162,0.128036,0.816244,0,0.0,10
1900-01-01 14:29:27.663,21.964048,-0.43158,24.050693,-1.947461,0.063719,0.066614,0.128486,0.655941,0,0.0,10
1900-01-01 14:29:28.663,21.969693,-0.436042,24.048987,-1.943392,0.063651,0.066672,0.127935,1.099133,0,0.0,10
1900-01-01 14:29:29.663,21.964048,-0.430005,24.050037,-1.942999,0.06395,0.06684,0.127788,0.8021,0,0.0,10
1900-01-01 14:29:30.663,21.963261,-0.424754,24.056338,-1.949299,0.063845,0.06717,0.12742,0.787955,0,0.0,10
1900-01-01 14:29:31.663,21.964705,-0.422129,24.053187,-1.94313,0.06385,0.067034,0.127834,0.646511,0,0.0,10
1900-01-01 14:29:32.663,21.960504,-0.414779,24.057257,-1.94523,0.06374,0.066908,0.127687,0.797385,0,0.0,10
1900-01-01 14:29:33.663,21.966936,-0.411629,24.058963,-1.944967,0.064191,0.066824,0.127733,0.825674,0,0.0,10
1900-01-01 14:29:34.663,21.966411,-0.416223,24.055419,-1.945755,0.063829,0.06621,0.127797,0.962403,0,0.0,10
1900-01-01 14:29:35.663,21.967986,-0.412548,24.05857,-1.944574,0.063598,0.066336,0.127567,1.014266,0,0.0,10
1900-01-01 14:29:36.663,21.963917,-0.410841,24.061326,-1.949299,0.064281,0.066929,0.12754,1.03784,0,0.0,10
1900-01-01 14:29:37.663,21.963261,-0.411498,24.063427,-1.948249,0.063446,0.066677,0.127622,0.995407,0,0.0,10
1900-01-01 14:29:38.663,21.958798,-0.400472,24.057126,-1.949299,0.063714,0.066089,0.127237,0.825674,0,0.0,10
1900-01-01 14:29:39.663,21.970611,-0.394697,24.057913,-1.949824,0.063582,0.066903,0.127531,0.778526,0,0.0,10
1900-01-01 14:29:40.663,21.972712,-0.398766,24.059882,-1.945099,0.063724,0.066882,0.127283,0.764381,0,0.0,10
1900-01-01 14:29:41.663,21.959979,-0.392203,24.053712,-1.953105,0.063189,0.066567,0.127227,0.679515,0,0.0,10
1900-01-01 14:29:42.663,21.962473,-0.383016,24.054369,-1.949036,0.064207,0.066519,0.126915,0.79267,0,0.0,10
1900-01-01 14:29:43.663,21.96313,-0.382359,24.0545,-1.949167,0.063462,0.065853,0.1272,1.099133,0,0.0,10
1900-01-01 14:29:44.663,21.961423,-0.376978,24.060145,-1.94838,0.06438,0.067323,0.126869,1.056699,0,0.0,10
1900-01-01 14:29:45.663,21.959586,-0.379997,24.05555,-1.951267,0.063845,0.066792,0.126713,0.79267,0,0.0,10
1900-01-01 14:29:46.663,21.966017,-0.379209,24.057782,-1.951792,0.063483,0.066782,0.126676,1.014266,0,0.0,10
1900-01-01 14:29:47.663,21.96313,-0.365034,24.058176,-1.948774,0.063645,0.066782,0.126998,1.000122,0,0.0,10
1900-01-01 14:29:48.663,21.96313,-0.366609,24.0566,-1.948642,0.063372,0.066462,0.12674,0.806814,0,0.0,10
1900-01-01 14:29:49.663,21.966411,-0.36044,24.057126,-1.956386,0.063094,0.066798,0.126851,0.825674,0,0.0,10
1900-01-01 14:29:50.663,21.964311,-0.352171,24.059226,-1.949955,0.063624,0.06705,0.126832,1.014266,0,0.0,10
1900-01-01 14:29:51.663,21.965886,-0.359127,24.063427,-1.950217,0.063168,0.066771,0.126382,0.670085,0,0.0,10
1900-01-01 14:29:52.663,21.95906,-0.354402,24.060145,-1.955205,0.063603,0.06621,0.126704,0.830388,0,0.0,10
1900-01-01 14:29:53.663,21.961292,-0.346264,24.061458,-1.956517,0.063551,0.067134,0.126281,1.179284,0,0.0,10
1900-01-01 14:29:54.663,21.961817,-0.345608,24.062245,-1.951399,0.063771,0.067081,0.126456,0.863392,0,0.0,10
1900-01-01 14:29:55.663,21.967592,-0.339308,24.073797,-1.957436,0.063682,0.066577,0.126318,0.943544,0,0.0,10
1900-01-01 14:29:56.663,21.95801,-0.338652,24.066446,-1.953892,0.064118,0.066761,0.12641,0.410771,0,0.0,10
1900-01-01 14:29:57.663,21.962473,-0.333795,24.066183,-1.96098,0.063456,0.067239,0.125886,0.684229,0,0.0,10
1900-01-01 14:29:58.663,21.961554,-0.328414,24.073272,-1.957042,0.063577,0.066981,0.126107,0.585218,0,0.0,10
1900-01-01 14:29:59.663,21.956173,-0.329464,24.070515,-1.953892,0.062926,0.066546,0.125803,0.896396,0,0.0,10
1900-01-01 14:30:00.663,21.95381,-0.32487,24.072616,-1.956255,0.063388,0.06653,0.125601,0.938829,0,0.0,10
1900-01-01 14:30:01.663,21.958535,-0.316863,24.07406,-1.955992,0.063278,0.065926,0.125739,1.009551,0,0.0,10
1900-01-01 14:30:02.663,21.961423,-0.316338,24.071959,-1.958092,0.063861,0.066199,0.125877,0.646511,0,0.0,10
1900-01-01 14:30:03.663,21.958404,-0.312532,24.082199,-1.956517,0.06427,0.066845,0.12561,0.872822,0,0.0,10
1900-01-01 14:30:04.663,21.961554,-0.310432,24.079573,-1.949824,0.064044,0.066572,0.125629,0.952974,0,0.0,10
1900-01-01 14:30:05.663,21.960504,-0.309382,24.087187,-1.950611,0.063309,0.066903,0.125831,0.91997,0,0.0,10
1900-01-01 14:30:06.663,21.961029,-0.302819,24.080361,-1.959011,0.062994,0.066299,0.125693,0.787955,0,0.0,10
1900-01-01 14:30:07.663,21.953416,-0.304525,24.08443,-1.958224,0.063918,0.067081,0.125923,0.6748,0,0.0,10
1900-01-01 14:30:08.663,21.959454,-0.299932,24.083774,-1.959405,0.063462,0.06663,0.125776,0.698374,0,0.0,10
1900-01-01 14:30:09.663,21.960504,-0.293238,24.094932,-1.956255,0.063304,0.066399,0.126006,0.839818,0,0.0,10
1900-01-01 14:30:10.663,21.964573,-0.295338,24.090469,-1.952186,0.063099,0.066693,0.125693,0.769096,0,0.0,10
1900-01-01 14:30:11.663,21.954073,-0.283656,24.093094,-1.946542,0.063572,0.066666,0.125344,0.806814,0,0.0,10
1900-01-01 14:30:12.663,21.958273,-0.285494,24.09677,-1.950349,0.063645,0.066729,0.125555,0.877537,0,0.0,10
1900-01-01 14:30:13.663,21.959586,-0.277881,24.098477,-1.950874,0.063976,0.067223,0.125032,0.6748,0,0.0,10
1900-01-01 14:30:14.663,21.960111,-0.277881,24.099527,-1.952317,0.063462,0.066745,0.125225,0.797385,0,0.0,10
1900-01-01 14:30:15.663,21.957092,-0.270137,24.101627,-1.952055,0.064071,0.066404,0.124949,0.886966,0,0.0,10
1900-01-01 14:30:16.663,21.958404,-0.263968,24.104515,-1.94628,0.063357,0.066787,0.12516,0.820959,0,0.0,10
1900-01-01 14:30:17.663,21.960111,-0.263837,24.100183,-1.94523,0.063225,0.066493,0.125546,0.78324,0,0.0,10
1900-01-01 14:30:18.663,21.961817,-0.258324,24.099658,-1.950086,0.063735,0.066913,0.125362,0.608793,0,0.0,10
1900-01-01 14:30:19.663,21.958142,-0.258324,24.098083,-1.946411,0.063383,0.066493,0.125078,0.745522,0,0.0,10
1900-01-01 14:30:20.663,21.957748,-0.252811,24.098477,-1.951792,0.063162,0.066724,0.124848,0.731378,0,0.0,10
1900-01-01 14:30:21.663,21.962998,-0.248742,24.092044,-1.944836,0.063703,0.066315,0.125215,0.91997,0,0.0,10
1900-01-01 14:30:22.663,21.963786,-0.250055,24.095982,-1.947724,0.06301,0.066456,0.125041,0.891681,0,0.0,10
1900-01-01 14:30:23.663,21.959717,-0.242442,24.092438,-1.943261,0.06364,0.067281,0.124719,0.712518,0,0.0,10
1900-01-01 14:30:24.663,21.958929,-0.239817,24.085349,-1.942999,0.064086,0.066719,0.124811,0.957688,0,0.0,10
1900-01-01 14:30:25.663,21.960636,-0.237192,24.084693,-1.942474,0.062858,0.06664,0.125418,0.882251,0,0.0,10
1900-01-01 14:30:26.663,21.959192,-0.231286,24.079705,-1.942211,0.063131,0.067055,0.125013,0.830388,0,0.0,10
1900-01-01 14:30:27.663,21.960242,-0.230629,24.0864,-1.941686,0.063519,0.066241,0.124747,0.868107,0,0.0,10
1900-01-01 14:30:28.663,21.95696,-0.231417,24.085612,-1.940505,0.063603,0.066703,0.12483,0.769096,0,0.0,10
1900-01-01 14:30:29.663,21.963917,-0.223673,24.084693,-1.941817,0.063252,0.066698,0.124958,1.113277,0,0.0,10
1900-01-01 14:30:30.663,21.95801,-0.215141,24.07616,-1.944967,0.063462,0.066572,0.124728,0.877537,0,0.0,10
1900-01-01 14:30:31.663,21.95906,-0.213435,24.084299,-1.943655,0.063052,0.066404,0.124545,1.066129,0,0.0,10
1900-01-01 14:30:32.663,21.959848,-0.212122,24.084693,-1.940243,0.063257,0.067344,0.12448,0.703089,0,0.0,10
1900-01-01 14:30:33.663,21.956698,-0.206347,24.079967,-1.948117,0.062727,0.066367,0.124425,0.853963,0,0.0,10
1900-01-01 14:30:34.663,21.96313,-0.205035,24.080492,-1.948511,0.063094,0.066619,0.12494,0.528641,0,0.0,10
1900-01-01 14:30:35.663,21.960898,-0.206085,24.087318,-1.943786,0.062842,0.06569,0.124499,0.91997,0,0.0,10
1900-01-01 14:30:36.663,21.96733,-0.199128,24.090469,-1.950611,0.063084,0.066514,0.125124,0.990692,0,0.0,10
1900-01-01 14:30:37.663,21.952629,-0.198735,24.089288,-1.950349,0.063325,0.066703,0.124508,0.608793,0,0.0,10
1900-01-01 14:30:38.663,21.954991,-0.196503,24.09165,-1.952186,0.062443,0.06621,0.124572,0.764381,0,0.0,10
1900-01-01 14:30:39.663,21.958404,-0.192959,24.093226,-1.942605,0.063063,0.066729,0.124719,0.830388,0,0.0,10
1900-01-01 14:30:40.663,21.961423,-0.185084,24.085874,-1.946017,0.0628,0.066572,0.124508,0.896396,0,0.0,10
1900-01-01 14:30:41.663,21.965624,-0.18679,24.095982,-1.950874,0.062354,0.066246,0.12471,1.089703,0,0.0,10
1900-01-01 14:30:42.663,21.962473,-0.176421,24.0906,-1.948642,0.062706,0.066404,0.124287,0.811529,0,0.0,10
1900-01-01 14:30:43.663,21.965099,-0.178128,24.098214,-1.943917,0.062317,0.06621,0.12403,0.693659,0,0.0,10
1900-01-01 14:30:44.663,21.958404,-0.178915,24.094145,-1.948905,0.062826,0.066084,0.124287,1.094418,0,0.0,10
1900-01-01 14:30:45.663,21.96838,-0.170777,24.099133,-1.947199,0.06312,0.066241,0.123782,0.754952,0,0.0,10
1900-01-01 14:30:46.663,21.962998,-0.174321,24.095326,-1.948117,0.062784,0.06654,0.124333,0.858677,0,0.0,10
1900-01-01 14:30:47.663,21.96733,-0.171171,24.096376,-1.945492,0.063089,0.066582,0.12437,0.990692,0,0.0,10
1900-01-01 14:30:48.663,21.968249,-0.156602,24.092569,-1.951661,0.062826,0.066409,0.124343,0.849248,0,0.0,10
1900-01-01 14:30:49.663,21.968905,-0.157783,24.097952,-1.94523,0.062837,0.066782,0.124545,0.66537,0,0.0,10
1900-01-01 14:30:50.663,21.962473,-0.158964,24.09572,-1.940505,0.062721,0.066199,0.124517,0.891681,0,0.0,10
1900-01-01 14:30:51.663,21.956567,-0.156602,24.093094,-1.950349,0.063204,0.066614,0.12437,0.670085,0,0.0,10
1900-01-01 14:30:52.663,21.962211,-0.152796,24.092832,-1.950742,0.063136,0.06642,0.123966,0.542785,0,0.0,10
1900-01-01 14:30:53.663,21.963261,-0.151352,24.090206,-1.952186,0.063603,0.06716,0.1237,0.806814,0,0.0,10
1900-01-01 14:30:54.663,21.966805,-0.150827,24.090469,-1.953367,0.0629,0.066294,0.124049,0.934114,0,0.0,10
1900-01-01 14:30:55.663,21.974024,-0.14177,24.094145,-1.946017,0.062858,0.067013,0.124232,0.698374,0,0.0,10
1900-01-01 14:30:56.663,21.965099,-0.136651,24.08443,-1.94943,0.063677,0.066267,0.123911,0.91054,0,0.0,10
1900-01-01 14:30:57.663,21.972318,-0.140326,24.086137,-1.95153,0.062506,0.066719,0.123672,0.938829,0,0.0,10
1900-01-01 14:30:58.663,21.963655,-0.135995,24.081674,-1.950742,0.063136,0.066824,0.124039,0.589933,0,0.0,10
1900-01-01 14:30:59.663,21.967067,-0.127988,24.081411,-1.95153,0.063462,0.067071,0.123902,0.872822,0,0.0,10
1900-01-01 14:31:00.663,21.968774,-0.129563,24.079967,-1.949561,0.06291,0.066378,0.124012,0.585218,0,0.0,10
1900-01-01 14:31:01.663,21.968511,-0.122738,24.075766,-1.950611,0.063777,0.067034,0.124223,1.113277,0,0.0,10
1900-01-01 14:31:02.663,21.969955,-0.118144,24.072353,-1.952449,0.063341,0.066141,0.123984,0.703089,0,0.0,10
1900-01-01 14:31:03.663,21.965099,-0.118932,24.072222,-1.949692,0.063194,0.066483,0.123883,0.811529,0,0.0,10
1900-01-01 14:31:04.663,21.969693,-0.126545,24.070515,-1.95153,0.062994,0.066031,0.123837,0.882251,0,0.0,10
1900-01-01 14:31:05.663,21.963655,-0.117226,24.073141,-1.95468,0.063645,0.066619,0.123534,0.962403,0,0.0,10
1900-01-01 14:31:06.663,21.969036,-0.112894,24.071172,-1.947724,0.062548,0.066399,0.123865,0.453204,0,0.0,10
1900-01-01 14:31:07.663,21.968774,-0.108563,24.078392,-1.949167,0.063147,0.065837,0.123598,0.934114,0,0.0,10
1900-01-01 14:31:08.663,21.965886,-0.102656,24.071172,-1.949692,0.06343,0.066693,0.123644,0.957688,0,0.0,10
1900-01-01 14:31:09.663,21.974549,-0.109482,24.07301,-1.953761,0.063378,0.066693,0.124122,0.934114,0,0.0,10
1900-01-01 14:31:10.663,21.968249,-0.103969,24.069465,-1.951267,0.063561,0.067202,0.123553,0.825674,0,0.0,10
1900-01-01 14:31:11.663,21.966411,-0.098062,24.073535,-1.951267,0.063462,0.066351,0.124076,0.825674,0,0.0,10
1900-01-01 14:31:12.663,21.969168,-0.09675,24.07301,-1.953236,0.064029,0.067291,0.12392,0.717233,0,0.0,10
1900-01-01 14:31:13.663,21.971005,-0.097406,24.076291,-1.955205,0.063015,0.066336,0.124315,0.580504,0,0.0,10
1900-01-01 14:31:14.663,21.967986,-0.09675,24.074191,-1.953761,0.063178,0.06611,0.12403,0.981262,0,0.0,10
1900-01-01 14:31:15.663,21.966674,-0.0957,24.076685,-1.963342,0.063483,0.067134,0.1237,0.618222,0,0.0,10
1900-01-01 14:31:16.663,21.96313,-0.091237,24.074979,-1.951136,0.063493,0.066572,0.123837,0.816244,0,0.0,10
1900-01-01 14:31:17.663,21.96523,-0.094387,24.077079,-1.95888,0.062611,0.066446,0.123883,0.434345,0,0.0,10
1900-01-01 14:31:18.663,21.962211,-0.088481,24.083249,-1.955205,0.063803,0.066966,0.12369,0.778526,0,0.0,10
1900-01-01 14:31:19.663,21.967724,-0.082837,24.084693,-1.953105,0.063283,0.066498,0.124352,0.627652,0,0.0,10
1900-01-01 14:31:20.663,21.978881,-0.08835,24.089419,-1.960455,0.063315,0.066157,0.124214,0.797385,0,0.0,10
1900-01-01 14:31:21.663,21.963261,-0.084937,24.084956,-1.962161,0.06322,0.068053,0.123948,0.754952,0,0.0,10
1900-01-01 14:31:22.663,21.966411,-0.084675,24.088762,-1.95888,0.063383,0.06747,0.124039,0.849248,0,0.0,10
1900-01-01 14:31:23.663,21.972712,-0.080868,24.0885,-1.962555,0.063556,0.067044,0.124407,0.797385,0,0.0,10
1900-01-01 14:31:24.663,21.972712,-0.080343,24.092438,-1.963474,0.062312,0.066567,0.123801,0.660655,0,0.0,10
1900-01-01 14:31:25.663,21.96628,-0.085068,24.084824,-1.963736,0.063414,0.066262,0.123948,0.688944,0,0.0,10
1900-01-01 14:31:26.663,21.960767,-0.080737,24.091388,-1.963736,0.062307,0.065732,0.123865,0.778526,0,0.0,10
1900-01-01 14:31:27.663,21.969168,-0.078506,24.101759,-1.966886,0.062154,0.065359,0.123819,0.754952,0,0.0,10
1900-01-01 14:31:28.663,21.968249,-0.074568,24.100183,-1.967674,0.062202,0.064713,0.123644,0.773811,0,0.0,10
1900-01-01 14:31:29.663,21.967199,-0.075487,24.101102,-1.970561,0.061529,0.064498,0.123892,0.740807,0,0.0,10
1900-01-01 14:31:30.663,21.966674,-0.074305,24.099921,-1.978305,0.061708,0.064503,0.123148,0.53807,0,0.0,10
1900-01-01 14:31:31.663,21.961161,-0.069187,24.099133,-1.976205,0.060863,0.06402,0.123911,0.523926,0,0.0,10
1900-01-01 14:31:32.663,21.968249,-0.07588,24.097952,-1.97568,0.061078,0.063731,0.123451,0.670085,0,0.0,10
1900-01-01 14:31:33.663,21.971399,-0.069974,24.107403,-1.980798,0.060537,0.063621,0.123617,0.825674,0,0.0,10
1900-01-01 14:31:34.663,21.964836,-0.070237,24.111079,-1.980273,0.060416,0.063201,0.123553,0.91997,0,0.0,10
1900-01-01 14:31:35.663,21.965624,-0.06853,24.109504,-1.986442,0.059571,0.062634,0.123433,0.604078,0,0.0,10
1900-01-01 14:31:36.663,21.970086,-0.065774,24.112523,-1.983948,0.059939,0.062582,0.123185,0.688944,0,0.0,10
1900-01-01 14:31:37.663,21.965361,-0.06853,24.111867,-1.989723,0.059697,0.062377,0.123562,1.051984,0,0.0,10
1900-01-01 14:31:38.663,21.962867,-0.058686,24.114361,-1.998386,0.060679,0.061957,0.123433,0.599363,0,0.0,10
1900-01-01 14:31:39.663,21.962998,-0.065249,24.116986,-1.99668,0.060359,0.062666,0.123837,0.91054,0,0.0,10
1900-01-01 14:31:40.663,21.981112,-0.058686,24.123944,-1.998517,0.061256,0.063857,0.123571,0.91997,0,0.0,10
1900-01-01 14:31:41.663,21.963655,-0.06118,24.120531,-2.006523,0.062868,0.066157,0.123451,0.717233,0,0.0,10
1900-01-01 14:31:42.663,21.961029,-0.063018,24.122762,-2.000092,0.069762,0.076868,0.123644,1.094418,0,0.0,10
1900-01-01 14:31:43.663,21.966411,-0.06223,24.118824,-2.009673,0.082394,0.098899,0.125261,0.882251,0,0.0,10
1900-01-01 14:31:44.663,21.95696,-0.060392,24.119743,-2.017023,0.111445,0.126253,0.146227,0.754952,0,0.0,10
1900-01-01 14:31:45.663,21.970218,-0.05803,24.129851,-2.008886,0.122423,0.139017,0.159815,0.561644,0,0.0,10
1900-01-01 14:31:46.663,21.966017,-0.062624,24.12565,-2.018204,0.119284,0.142787,0.160789,0.721948,0,0.0,10
1900-01-01 14:31:47.663,21.973105,-0.053042,24.133133,-2.019123,0.112558,0.134029,0.161625,0.6748,0,0.0,10
1900-01-01 14:31:48.663,21.96733,-0.055011,24.128013,-2.021223,0.113361,0.134108,0.161799,0.571074,0,0.0,10
1900-01-01 14:31:49.663,21.968118,-0.056849,24.132214,-2.016629,0.112248,0.133641,0.162102,0.769096,0,0.0,10
1900-01-01 14:31:50.663,21.966674,-0.059474,24.131295,-2.016104,0.110704,0.132433,0.162984,0.806814,0,0.0,10
1900-01-01 14:31:51.663,21.979143,-0.059605,24.134052,-2.007836,0.108426,0.130496,0.16303,0.66537,0,0.0,10
1900-01-01 14:31:52.663,21.962867,-0.060786,24.130507,-2.001011,0.108153,0.129446,0.163637,0.561644,0,0.0,10
1900-01-01 14:31:53.663,21.964705,-0.058161,24.133395,-1.989986,0.106452,0.128191,0.163839,0.660655,0,0.0,10
1900-01-01 14:31:54.663,21.965886,-0.06958,24.13392,-1.982636,0.105092,0.127172,0.16439,0.688944,0,0.0,10
1900-01-01 14:31:55.663,21.963917,-0.108694,24.137202,-1.965836,0.105538,0.126857,0.164712,1.056699,0,0.0,10
1900-01-01 14:31:56.663,21.958535,-0.176159,24.129457,-1.952317,0.104289,0.126295,0.164712,0.594648,0,0.0,10
1900-01-01 14:31:57.663,21.968643,-0.256355,24.138646,-1.920424,0.105517,0.126873,0.165704,0.858677,0,0.0,10
1900-01-01 14:31:58.663,21.973893,-0.34062,24.140222,-1.90743,0.105643,0.127041,0.16563,0.78324,0,0.0,10
1900-01-01 14:31:59.663,21.96838,-0.414254,24.142453,-1.890368,0.105827,0.127193,0.166016,0.872822,0,0.0,10
1900-01-01 14:32:00.663,21.96523,-0.4892,24.140353,-1.882099,0.105417,0.126589,0.16676,0.618222,0,0.0,10
1900-01-01 14:32:01.663,21.959586,-0.567559,24.139959,-1.872124,0.106205,0.127387,0.166779,0.641796,0,0.0,10
1900-01-01 14:32:02.663,21.972712,-0.632005,24.133395,-1.860312,0.106425,0.127419,0.16699,0.853963,0,0.0,10
1900-01-01 14:32:03.663,21.961554,-0.701045,24.136152,-1.854537,0.107722,0.128532,0.167762,0.952974,0,0.0,10
1900-01-01 14:32:04.663,21.970349,-0.755778,24.14311,-1.843118,0.106336,0.128028,0.167982,0.703089,0,0.0,10
1900-01-01 14:32:05.663,21.959717,-0.802898,24.139303,-1.828681,0.107229,0.128448,0.168469,0.717233,0,0.0,10
1900-01-01 14:32:06.663,21.963261,-0.8575,24.14416,-1.826975,0.108001,0.129362,0.168607,0.948259,0,0.0,10
1900-01-01 14:32:07.663,21.961554,-0.895301,24.144029,-1.820018,0.108725,0.130112,0.16914,0.608793,0,0.0,10
1900-01-01 14:32:08.663,21.966017,-0.929821,24.141403,-1.816475,0.108095,0.129782,0.169333,1.033125,0,0.0,10
1900-01-01 14:32:09.663,21.972187,-0.962503,24.142191,-1.8128,0.108499,0.130317,0.169912,0.6748,0,0.0,10
1900-01-01 14:32:10.663,21.964705,-0.993873,24.135102,-1.805319,0.107328,0.129293,0.170132,0.736092,0,0.0,10
1900-01-01 14:32:11.663,21.972318,-1.023011,24.133658,-1.791144,0.108531,0.129614,0.169847,0.863392,0,0.0,10
1900-01-01 14:32:12.663,21.965886,-1.046506,24.136152,-1.795606,0.108132,0.130391,0.170867,0.561644,0,0.0,10
1900-01-01 14:32:13.663,21.97363,-1.06895,24.135233,-1.783662,0.109171,0.130427,0.170904,0.769096,0,0.0,10
1900-01-01 14:32:14.663,21.968511,-1.092839,24.128144,-1.780906,0.108058,0.130417,0.171538,0.943544,0,0.0,10
1900-01-01 14:32:15.663,21.960242,-1.112133,24.129326,-1.773556,0.107985,0.129708,0.171804,0.754952,0,0.0,10
1900-01-01 14:32:16.663,21.957617,-1.127359,24.129326,-1.765681,0.108741,0.130511,0.172199,0.698374,0,0.0,10
1900-01-01 14:32:17.663,21.95381,-1.143109,24.125519,-1.763188,0.108573,0.130275,0.172613,1.075559,0,0.0,10
1900-01-01 14:32:18.663,21.971924,-1.151509,24.126832,-1.753606,0.108279,0.130769,0.172475,0.778526,0,0.0,10
1900-01-01 14:32:19.663,21.975468,-1.166866,24.132083,-1.757544,0.108751,0.130732,0.173228,1.023696,0,0.0,10
1900-01-01 14:32:20.663,21.966017,-1.177498,24.126438,-1.757413,0.107838,0.13038,0.173743,0.575789,0,0.0,10
1900-01-01 14:32:21.663,21.95801,-1.194955,24.128932,-1.745338,0.10925,0.130764,0.173963,0.797385,0,0.0,10
1900-01-01 14:32:22.663,21.957092,-1.209393,24.127751,-1.744419,0.109219,0.130364,0.173926,1.094418,0,0.0,10
1900-01-01 14:32:23.663,21.960636,-1.213593,24.131558,-1.739957,0.108468,0.130548,0.174459,0.627652,0,0.0,10
1900-01-01 14:32:24.663,21.95486,-1.221468,24.126832,-1.733657,0.108704,0.130716,0.174955,0.637081,0,0.0,10
1900-01-01 14:32:25.663,21.95486,-1.228424,24.1225,-1.72775,0.109665,0.131016,0.174762,0.415485,0,0.0,10
1900-01-01 14:32:26.663,21.971137,-1.226456,24.133527,-1.724863,0.108772,0.13049,0.175497,0.853963,0,0.0,10
1900-01-01 14:32:27.663,21.962079,-1.233937,24.129195,-1.721319,0.108883,0.130737,0.175194,0.877537,0,0.0,10
1900-01-01 14:32:28.663,21.966411,-1.238662,24.131689,-1.723419,0.108573,0.130464,0.175755,0.66537,0,0.0,10
1900-01-01 14:32:29.663,21.964573,-1.246931,24.131032,-1.714888,0.10852,0.13059,0.176361,0.901111,0,0.0,10
1900-01-01 14:32:30.663,21.954991,-1.254282,24.130901,-1.716988,0.109234,0.131415,0.176719,0.731378,0,0.0,10
1900-01-01 14:32:31.663,21.964442,-1.253363,24.136809,-1.711869,0.112511,0.136035,0.176894,1.009551,0,0.0,10
1900-01-01 14:32:32.663,21.96418,-1.257825,24.136546,-1.709507,0.117698,0.142005,0.177408,0.797385,0,0.0,10
1900-01-01 14:32:33.663,21.981112,-1.264913,24.142191,-1.711869,0.133817,0.161883,0.178419,0.693659,0,0.0,10
1900-01-01 14:32:34.663,21.979931,-1.267932,24.141797,-1.710688,0.155233,0.190009,0.183031,1.146281,0,0.0,10
1900-01-01 14:32:35.663,21.964967,-1.272657,24.14416,-1.710425,0.183328,0.227539,0.222977,0.580504,0,0.0,10
1900-01-01 14:32:36.663,21.961948,-1.273051,24.140878,-1.706882,0.232954,0.295679,0.279856,0.849248,0,0.0,10
1900-01-01 14:32:37.663,21.959979,-1.274626,24.143897,-1.706488,0.277561,0.369321,0.342605,0.618222,0,0.0,10
1900-01-01 14:32:38.663,21.964048,-1.273445,24.137859,-1.697169,0.276427,0.381298,0.356597,0.79267,0,0.0,10
1900-01-01 14:32:39.663,21.9777,-1.259925,24.144291,-1.685094,0.282449,0.384579,0.36131,0.830388,0,0.0,10
1900-01-01 14:32:40.663,21.985969,-1.255069,24.154005,-1.673676,0.281777,0.384773,0.365839,0.575789,0,0.0,10
1900-01-01 14:32:41.663,21.96523,-1.260976,24.140878,-1.66672,0.284366,0.387939,0.369836,0.844533,0,0.0,10
1900-01-01 14:32:42.663,21.967724,-1.260713,24.143766,-1.661207,0.289553,0.395227,0.375027,0.660655,0,0.0,10
1900-01-01 14:32:43.663,21.943178,-1.263601,24.137859,-1.65307,0.297996,0.407702,0.390287,0.976548,0,0.0,10
1900-01-01 14:32:44.663,21.965624,-1.272132,24.144291,-1.642963,0.320767,0.443,0.426402,0.679515,0,0.0,10
1900-01-01 14:32:45.663,21.992532,-1.266619,24.161094,-1.63207,0.346084,0.491593,0.476822,0.698374,0,0.0,10
1900-01-01 14:32:46.663,21.974943,-1.273576,24.154924,-1.617107,0.370551,0.534358,0.51708,0.929399,0,0.0,10
1900-01-01 14:32:47.663,21.988332,-1.275676,24.158731,-1.62052,0.37652,0.537739,0.525726,0.891681,0,0.0,10
1900-01-01 14:32:48.663,21.975862,-1.278957,24.159256,-1.613564,0.379093,0.532168,0.530227,0.948259,0,0.0,10
1900-01-01 14:32:49.663,21.985575,-1.280664,24.164113,-1.605295,0.375024,0.52371,0.534463,0.79267,0,0.0,10
1900-01-01 14:32:50.663,21.986363,-1.284208,24.168708,-1.599783,0.374782,0.523201,0.538689,0.778526,0,0.0,10
1900-01-01 14:32:51.663,22.008021,-1.279482,24.178685,-1.588364,0.377733,0.52225,0.543218,0.896396,0,0.0,10
1900-01-01 14:32:52.663,21.978881,-1.288408,24.160569,-1.587314,0.369695,0.511854,0.546801,0.736092,0,0.0,10
1900-01-01 14:32:53.663,21.975206,-1.287358,24.157156,-1.584558,0.368062,0.506888,0.550559,0.66537,0,0.0,10
1900-01-01 14:32:54.663,21.976387,-1.284995,24.157944,-1.573795,0.368393,0.507754,0.554041,0.886966,0,0.0,10
1900-01-01 14:32:55.663,21.974156,-1.284208,24.159781,-1.567102,0.385871,0.510426,0.558423,0.778526,0,0.0,10
1900-01-01 14:32:56.663,22.000539,-1.264913,24.187743,-1.558833,0.430174,0.510195,0.559847,0.957688,0,0.0,10
1900-01-01 14:32:57.663,21.990694,-1.277907,24.171465,-1.560802,0.419011,0.510505,0.565084,0.731378,0,0.0,10
1900-01-01 14:32:58.663,21.987544,-1.284864,24.169496,-1.547808,0.411619,0.507959,0.568713,0.712518,0,0.0,10
1900-01-01 14:32:59.663,21.972449,-1.275676,24.160438,-1.552927,0.40535,0.50777,0.572112,0.929399,0,0.0,10
1900-01-01 14:33:00.663,21.983475,-1.271345,24.169496,-1.54177,0.400462,0.507365,0.575217,0.627652,0,0.0,10
1900-01-01 14:33:01.663,21.980062,-1.275282,24.163063,-1.538358,0.396886,0.506352,0.578966,0.688944,0,0.0,10
1900-01-01 14:33:02.663,21.97875,-1.275151,24.173828,-1.529696,0.397642,0.508342,0.582586,0.406056,0,0.0,10
1900-01-01 14:33:03.663,21.985182,-1.261894,24.174747,-1.520377,0.393279,0.504493,0.584864,0.78324,0,0.0,10
1900-01-01 14:33:04.663,21.97258,-1.263994,24.170414,-1.514471,0.392445,0.504504,0.58886,0.750237,0,0.0,10
1900-01-01 14:33:05.663,21.990432,-1.265044,24.17514,-1.514996,0.390449,0.502173,0.5909,0.646511,0,0.0,10
1900-01-01 14:33:06.663,21.962998,-1.259925,24.165557,-1.508433,0.396109,0.495825,0.594125,0.990692,0,0.0,10
1900-01-01 14:33:07.663,21.983738,-1.253494,24.168839,-1.504627,0.397128,0.496066,0.596973,0.646511,0,0.0,10
1900-01-01 14:33:08.663,21.979275,-1.247981,24.175797,-1.490058,0.396277,0.49603,0.599619,0.806814,0,0.0,10
1900-01-01 14:33:09.663,21.985707,-1.244437,24.169627,-1.497015,0.392749,0.493142,0.601723,0.655941,0,0.0,10
1900-01-01 14:33:10.663,21.958404,-1.254413,24.162669,-1.487171,0.394886,0.495452,0.604819,0.6748,0,0.0,10
1900-01-01 14:33:11.663,21.996733,-1.236825,24.186692,-1.479296,0.394188,0.496224,0.606463,0.929399,0,0.0,10
1900-01-01 14:33:12.663,21.977043,-1.23315,24.169758,-1.48389,0.39507,0.496161,0.608604,0.406056,0,0.0,10
1900-01-01 14:33:13.663,21.99857,-1.23525,24.190499,-1.472077,0.397007,0.496586,0.6117,0.637081,0,0.0,10
1900-01-01 14:33:14.663,21.983738,-1.230787,24.183804,-1.46394,0.396288,0.496912,0.614962,0.759666,0,0.0,10
1900-01-01 14:33:15.663,22.001195,-1.223043,24.192075,-1.461577,0.394875,0.494371,0.616413,0.660655,0,0.0,10
1900-01-01 14:33:16.663,21.991088,-1.220943,24.186167,-1.461052,0.395674,0.4953,0.619105,1.009551,0,0.0,10
1900-01-01 14:33:17.663,21.971924,-1.228818,24.178422,-1.463677,0.395847,0.49531,0.621108,0.500352,0,0.0,10
1900-01-01 14:33:18.663,21.975337,-1.216612,24.183804,-1.452784,0.395206,0.494439,0.623552,1.117992,0,0.0,10
1900-01-01 14:33:19.663,21.977568,-1.217662,24.179604,-1.453702,0.389877,0.490312,0.624994,0.773811,0,0.0,10
1900-01-01 14:33:20.663,22.006971,-1.208343,24.199032,-1.450946,0.388481,0.488653,0.62696,0.514496,0,0.0,10
1900-01-01 14:33:21.663,21.989513,-1.213986,24.199688,-1.437559,0.388008,0.487876,0.628761,0.622937,0,0.0,10
1900-01-01 14:33:22.663,21.994764,-1.199155,24.205727,-1.437428,0.388102,0.488354,0.630332,0.872822,0,0.0,10
1900-01-01 14:33:23.663,21.977437,-1.201124,24.184329,-1.437296,0.388076,0.488459,0.631903,0.943544,0,0.0,10
1900-01-01 14:33:24.663,21.977175,-1.19758,24.188661,-1.422728,0.383797,0.484516,0.634117,0.655941,0,0.0,10
1900-01-01 14:33:25.663,21.983606,-1.199811,24.193387,-1.42824,0.381618,0.482358,0.634705,0.613507,0,0.0,10
1900-01-01 14:33:26.663,22.006446,-1.184979,24.210453,-1.411178,0.380022,0.481371,0.636212,0.78324,0,0.0,10
1900-01-01 14:33:27.663,21.988857,-1.190886,24.202183,-1.414065,0.377849,0.479344,0.637691,0.877537,0,0.0,10
1900-01-01 14:33:28.663,22.003952,-1.18196,24.214916,-1.406059,0.376195,0.478719,0.638141,0.712518,0,0.0,10
1900-01-01 14:33:29.663,21.987807,-1.18091,24.204677,-1.40199,0.375622,0.47801,0.640181,0.655941,0,0.0,10
1900-01-01 14:33:30.663,21.977306,-1.185636,24.200476,-1.407371,0.374578,0.477595,0.640502,0.976548,0,0.0,10
1900-01-01 14:33:31.663,21.983869,-1.17356,24.209534,-1.401203,0.373018,0.47507,0.641669,1.080273,0,0.0,10
1900-01-01 14:33:32.663,21.969168,-1.174216,24.199032,-1.39674,0.373128,0.475322,0.642496,0.853963,0,0.0,10
1900-01-01 14:33:33.663,22.000145,-1.162404,24.217017,-1.385715,0.372677,0.474503,0.643709,0.750237,0,0.0,10
1900-01-01 14:33:34.663,21.99752,-1.167654,24.213735,-1.381384,0.372414,0.475826,0.6446,0.670085,0,0.0,10
1900-01-01 14:33:35.663,21.977568,-1.17041,24.209796,-1.375609,0.37064,0.472996,0.645427,0.849248,0,0.0,10
1900-01-01 14:33:36.663,21.991876,-1.161747,24.217673,-1.371803,0.37137,0.473374,0.646648,0.670085,0,0.0,10
1900-01-01 14:33:37.663,21.9861,-1.156628,24.219511,-1.374822,0.369317,0.472203,0.647549,0.797385,0,0.0,10
1900-01-01 14:33:38.663,21.982162,-1.157941,24.213603,-1.370097,0.362586,0.462448,0.648486,0.646511,0,0.0,10
1900-01-01 14:33:39.663,21.992532,-1.145734,24.215441,-1.364059,0.352536,0.449259,0.648348,0.778526,0,0.0,10
1900-01-01 14:33:40.663,22.000933,-1.146653,24.223843,-1.358678,0.326369,0.415977,0.647723,0.448489,0,0.0,10
1900-01-01 14:33:41.663,21.992138,-1.145603,24.219511,-1.357234,0.292026,0.369243,0.645123,0.641796,0,0.0,10
1900-01-01 14:33:42.663,21.978487,-1.142978,24.212816,-1.356972,0.255867,0.322131,0.641945,0.868107,0,0.0,10
1900-01-01 14:33:43.663,21.974549,-1.136284,24.218198,-1.351066,0.208493,0.257929,0.636046,0.726663,0,0.0,10
1900-01-01 14:33:44.663,21.987282,-1.130903,24.220823,-1.348441,0.197294,0.24191,0.629533,0.811529,0,0.0,10
1900-01-01 14:33:45.663,21.967855,-1.139434,24.206383,-1.351722,0.191833,0.234517,0.623726,0.514496,0,0.0,10
1900-01-01 14:33:46.663,21.975862,-1.125915,24.211372,-1.343584,0.185737,0.225838,0.617846,0.849248,0,0.0,10
1900-01-01 14:33:47.663,21.981244,-1.128802,24.212947,-1.333216,0.168207,0.203445,0.611296,0.943544,0,0.0,10
1900-01-01 14:33:48.663,21.987675,-1.129984,24.216623,-1.33571,0.148486,0.176206,0.601824,0.604078,0,0.0,10
1900-01-01 14:33:49.663,21.996207,-1.127096,24.22253,-1.329016,0.141146,0.166823,0.457565,0.731378,0,0.0,10
1900-01-01 14:33:50.663,21.9777,-1.129459,24.212685,-1.336497,0.137949,0.162297,0.404444,1.018981,0,0.0,10
1900-01-01 14:33:51.663,21.970349,-1.126309,24.215441,-1.340434,0.13661,0.160812,0.400843,0.787955,0,0.0,10
1900-01-01 14:33:52.663,21.991482,-1.119615,24.223318,-1.326916,0.136515,0.160029,0.397012,0.55693,0,0.0,10
1900-01-01 14:33:53.663,21.986494,-1.11909,24.220561,-1.330197,0.136442,0.160917,0.394164,0.759666,0,0.0,10
1900-01-01 14:33:54.663,21.989513,-1.119352,24.223318,-1.333872,0.136358,0.160087,0.391196,0.6748,0,0.0,10
1900-01-01 14:33:55.663,21.976387,-1.118696,24.227387,-1.326522,0.137009,0.161032,0.388955,0.806814,0,0.0,10
1900-01-01 14:33:56.663,21.986232,-1.120665,24.229225,-1.33256,0.136899,0.161835,0.386814,0.514496,0,0.0,10
1900-01-01 14:33:57.663,21.978093,-1.115414,24.234345,-1.329803,0.137823,0.161242,0.384168,0.731378,0,0.0,10
1900-01-01 14:33:58.663,21.982294,-1.119877,24.238545,-1.329672,0.136489,0.160696,0.382514,0.853963,0,0.0,10
1900-01-01 14:33:59.663,21.987807,-1.113314,24.236576,-1.329016,0.136673,0.160917,0.381053,0.820959,0,0.0,10
1900-01-01 14:34:00.663,21.988463,-1.109771,24.234607,-1.328753,0.13557,0.160119,0.378747,0.754952,0,0.0,10
1900-01-01 14:34:01.663,21.986888,-1.109902,24.24931,-1.32731,0.136657,0.160785,0.37669,0.825674,0,0.0,10
1900-01-01 14:34:02.663,21.988726,-1.108064,24.248785,-1.328491,0.136977,0.160665,0.375321,0.901111,0,0.0,10
1900-01-01 14:34:03.663,21.982688,-1.113708,24.241565,-1.322191,0.137376,0.161547,0.372785,0.849248,0,0.0,10
1900-01-01 14:34:04.663,21.985707,-1.109639,24.24314,-1.320616,0.135822,0.15972,0.370543,0.778526,0,0.0,10
1900-01-01 14:34:05.663,21.981244,-1.111346,24.251541,-1.318516,0.136164,0.160434,0.369891,0.849248,0,0.0,10
1900-01-01 14:34:06.663,21.988726,-1.101108,24.247472,-1.32416,0.136164,0.160717,0.367594,1.075559,0,0.0,10
1900-01-01 14:34:07.663,21.980456,-1.103733,24.247603,-1.320222,0.136626,0.160607,0.365922,0.8021,0,0.0,10
1900-01-01 14:34:08.663,21.972187,-1.110952,24.238152,-1.325603,0.136746,0.160554,0.364673,0.622937,0,0.0,10
1900-01-01 14:34:09.663,21.992795,-1.09927,24.24826,-1.329541,0.135964,0.159909,0.362945,0.868107,0,0.0,10
1900-01-01 14:34:10.663,21.973762,-1.102683,24.23487,-1.330985,0.136016,0.159972,0.361448,0.825674,0,0.0,10
1900-01-01 14:34:11.663,21.985182,-1.10452,24.241958,-1.326391,0.135932,0.159714,0.359509,0.670085,0,0.0,10
1900-01-01 14:34:12.663,21.984394,-1.09297,24.248522,-1.33046,0.13641,0.160749,0.357874,0.721948,0,0.0,10
1900-01-01 14:34:13.663,21.99437,-1.097039,24.250097,-1.319435,0.137161,0.161615,0.356716,0.924685,0,0.0,10
1900-01-01 14:34:14.663,21.983344,-1.094808,24.247341,-1.320747,0.136626,0.159888,0.355338,0.985977,0,0.0,10
1900-01-01 14:34:15.663,21.981637,-1.092182,24.25036,-1.324553,0.135969,0.159846,0.35396,0.849248,0,0.0,10
1900-01-01 14:34:16.663,21.9819,-1.090607,24.245765,-1.321666,0.135927,0.159504,0.352077,0.764381,0,0.0,10
1900-01-01 14:34:17.663,21.982031,-1.089164,24.242877,-1.327835,0.136242,0.160035,0.351075,0.778526,0,0.0,10
1900-01-01 14:34:18.663,21.977175,-1.090476,24.242615,-1.327572,0.135885,0.159882,0.349642,0.698374,0,0.0,10
1900-01-01 14:34:19.663,21.984656,-1.09927,24.248391,-1.324553,0.135974,0.159578,0.347685,0.66537,0,0.0,10
1900-01-01 14:34:20.663,21.986232,-1.086014,24.247209,-1.316678,0.136547,0.160029,0.346959,0.655941,0,0.0,10
1900-01-01 14:34:21.663,21.98715,-1.090607,24.249572,-1.316285,0.135255,0.159882,0.345297,0.651226,0,0.0,10
1900-01-01 14:34:22.663,21.979012,-1.090476,24.240252,-1.322453,0.135959,0.159777,0.344451,0.858677,0,0.0,10
1900-01-01 14:34:23.663,21.981375,-1.084307,24.244321,-1.32731,0.136505,0.160087,0.343009,0.712518,0,0.0,10
1900-01-01 14:34:24.663,21.985313,-1.088901,24.24419,-1.323503,0.1361,0.160245,0.342072,0.717233,0,0.0,10
1900-01-01 14:34:25.663,21.991482,-1.085882,24.246159,-1.319172,0.13577,0.160182,0.340225,0.655941,0,0.0,10
1900-01-01 14:34:26.663,21.976518,-1.087589,24.24419,-1.316941,0.136258,0.160176,0.339352,0.948259,0,0.0,10
1900-01-01 14:34:27.663,21.99962,-1.078663,24.251541,-1.321272,0.135864,0.160218,0.337901,0.712518,0,0.0,10
1900-01-01 14:34:28.663,21.987675,-1.084176,24.240252,-1.317597,0.135365,0.159683,0.33701,0.448489,0,0.0,10
1900-01-01 14:34:29.663,21.990301,-1.08562,24.240252,-1.320222,0.136174,0.159861,0.335944,0.707803,0,0.0,10
1900-01-01 14:34:30.663,21.997783,-1.083651,24.240908,-1.313135,0.1364,0.160943,0.334694,1.066129,0,0.0,10
1900-01-01 14:34:31.663,21.98715,-1.076957,24.237233,-1.315235,0.135649,0.159368,0.333546,0.924685,0,0.0,10
1900-01-01 14:34:32.663,21.987413,-1.083126,24.235526,-1.322978,0.134804,0.158543,0.332499,0.693659,0,0.0,10
1900-01-01 14:34:33.663,21.978093,-1.080632,24.233426,-1.323897,0.134011,0.158386,0.331167,0.6748,0,0.0,10
1900-01-01 14:34:34.663,21.991745,-1.076169,24.244453,-1.320353,0.134987,0.159546,0.330285,0.825674,0,0.0,10
1900-01-01 14:34:35.663,21.978093,-1.082601,24.233426,-1.324553,0.135182,0.158596,0.329155,0.575789,0,0.0,10
1900-01-01 14:34:36.663,21.975599,-1.078795,24.235395,-1.323635,0.135176,0.159389,0.328162,0.962403,0,0.0,10
1900-01-01 14:34:37.663,21.99332,-1.078401,24.240383,-1.323372,0.135071,0.159221,0.327299,0.759666,0,0.0,10
1900-01-01 14:34:38.663,21.982556,-1.087326,24.230931,-1.325735,0.134599,0.158528,0.32581,0.721948,0,0.0,10
1900-01-01 14:34:39.663,21.983213,-1.077351,24.237101,-1.321535,0.13452,0.158654,0.324892,0.684229,0,0.0,10
1900-01-01 14:34:40.663,21.990432,-1.075513,24.239596,-1.310772,0.135497,0.159357,0.323771,0.406056,0,0.0,10
1900-01-01 14:34:41.663,21.969168,-1.089557,24.225287,-1.32521,0.135376,0.159583,0.3231,0.79267,0,0.0,10
1900-01-01 14:34:42.663,21.997783,-1.086276,24.23907,-1.323635,0.134615,0.159583,0.321952,0.519211,0,0.0,10
1900-01-01 14:34:43.663,21.966411,-1.086014,24.228043,-1.327703,0.134615,0.158696,0.320987,0.759666,0,0.0,10
1900-01-01 14:34:44.663,21.98505,-1.081026,24.229356,-1.32416,0.134861,0.158963,0.320858,0.877537,0,0.0,10
1900-01-01 14:34:45.663,21.977306,-1.084438,24.225943,-1.331247,0.135234,0.159053,0.319251,1.000122,0,0.0,10
1900-01-01 14:34:46.663,21.988857,-1.085226,24.233426,-1.32626,0.13494,0.1591,0.318213,0.533356,0,0.0,10
1900-01-01 14:34:47.663,21.996207,-1.086801,24.231719,-1.328885,0.13536,0.159636,0.317331,0.740807,0,0.0,10
1900-01-01 14:34:48.663,21.982688,-1.095858,24.224368,-1.327572,0.134767,0.159189,0.316761,0.990692,0,0.0,10
1900-01-01 14:34:49.663,21.977962,-1.086145,24.23185,-1.332428,0.135539,0.159977,0.315824,0.778526,0,0.0,10
1900-01-01 14:34:50.663,21.97665,-1.082601,24.226862,-1.332953,0.134872,0.158517,0.314988,1.113277,0,0.0,10
1900-01-01 14:34:51.663,21.978618,-1.08352,24.223711,-1.326785,0.134541,0.159152,0.314492,1.084988,0,0.0,10
1900-01-01 14:34:52.663,21.983213,-1.089951,24.229094,-1.322585,0.135497,0.159573,0.313132,0.646511,0,0.0,10
1900-01-01 14:34:53.663,21.973105,-1.091526,24.215704,-1.32626,0.135297,0.159095,0.312544,0.872822,0,0.0,10
1900-01-01 14:34:54.663,21.975599,-1.093101,24.21531,-1.331772,0.134746,0.158811,0.311901,0.773811,0,0.0,10
1900-01-01 14:34:55.663,21.96523,-1.09087,24.215179,-1.330328,0.134662,0.15869,0.310899,0.627652,0,0.0,10
1900-01-01 14:34:56.663,21.979406,-1.089951,24.216754,-1.322978,0.133538,0.158029,0.309852,1.04727,0,0.0,10
1900-01-01 14:34:57.663,21.979143,-1.102158,24.217673,-1.328885,0.13473,0.15868,0.309264,0.91997,0,0.0,10
1900-01-01 14:34:58.663,21.972974,-1.091132,24.217673,-1.328622,0.134294,0.158591,0.308952,1.056699,0,0.0,10
1900-01-01 14:34:59.663,21.977437,-1.08667,24.21636,-1.325735,0.134399,0.15836,0.308299,0.651226,0,0.0,10
1900-01-01 14:35:00.663,21.986888,-1.092445,24.215835,-1.321666,0.134919,0.15878,0.306949,0.79267,0,0.0,10
1900-01-01 14:35:01.663,21.988988,-1.092839,24.218198,-1.322978,0.134909,0.158743,0.306315,0.825674,0,0.0,10
1900-01-01 14:35:02.663,21.979669,-1.097958,24.218461,-1.328228,0.13556,0.159147,0.305323,0.571074,0,0.0,10
1900-01-01 14:35:03.663,21.974943,-1.09822,24.221874,-1.321928,0.135707,0.159741,0.304661,0.773811,0,0.0,10
1900-01-01 14:35:04.663,21.963655,-1.098089,24.210847,-1.325997,0.134709,0.158843,0.304193,1.066129,0,0.0,10
1900-01-01 14:35:05.663,21.976387,-1.095333,24.210847,-1.324553,0.134746,0.158412,0.303743,0.472063,0,0.0,10
1900-01-01 14:35:06.663,21.961948,-1.104258,24.200739,-1.333216,0.135071,0.159021,0.302971,0.905825,0,0.0,10
1900-01-01 14:35:07.663,21.972974,-1.10137,24.209796,-1.322453,0.134657,0.158449,0.302263,0.500352,0,0.0,10
1900-01-01 14:35:08.663,21.976518,-1.084963,24.215441,-1.325472,0.134216,0.157882,0.30129,1.278295,0,0.0,10
1900-01-01 14:35:09.663,21.982819,-1.091132,24.217148,-1.323372,0.133916,0.158176,0.300711,0.637081,0,0.0,10
1900-01-01 14:35:10.663,21.971137,-1.111477,24.209009,-1.323635,0.135313,0.159441,0.300141,0.830388,0,0.0,10
1900-01-01 14:35:11.663,21.972449,-1.110164,24.215573,-1.326653,0.135549,0.159441,0.299498,0.637081,0,0.0,10
1900-01-01 14:35:12.663,21.970086,-1.110952,24.212816,-1.327178,0.13484,0.158827,0.298855,0.78324,0,0.0,10
1900-01-01 14:35:13.663,21.980719,-1.107802,24.219248,-1.324685,0.135302,0.1591,0.298037,0.476778,0,0.0,10
1900-01-01 14:35:14.663,21.977831,-1.107539,24.207959,-1.32941,0.134704,0.158654,0.298212,0.655941,0,0.0,10
1900-01-01 14:35:15.663,21.968511,-1.104127,24.207827,-1.326128,0.135134,0.157961,0.297128,0.542785,0,0.0,10
1900-01-01 14:35:16.663,21.967855,-1.09927,24.210847,-1.332428,0.134683,0.158512,0.296393,0.886966,0,0.0,10
1900-01-01 14:35:17.663,21.972318,-1.10452,24.207302,-1.330591,0.134394,0.15785,0.29631,0.655941,0,0.0,10
1900-01-01 14:35:18.663,21.97258,-1.110427,24.213472,-1.321272,0.13388,0.157735,0.29529,0.967118,0,0.0,10
1900-01-01 14:35:19.663,21.975468,-1.106358,24.207696,-1.329016,0.134016,0.157667,0.294546,1.084988,0,0.0,10
1900-01-01 14:35:20.663,21.969824,-1.098876,24.212291,-1.329541,0.134515,0.157903,0.293701,0.78324,0,0.0,10
1900-01-01 14:35:21.663,21.971793,-1.114496,24.212422,-1.326785,0.133906,0.157079,0.29337,0.693659,0,0.0,10
1900-01-01 14:35:22.663,21.977568,-1.108458,24.212159,-1.32626,0.133528,0.157184,0.292856,0.698374,0,0.0,10
1900-01-01 14:35:23.663,21.96733,-1.105964,24.208221,-1.331116,0.133124,0.1569,0.29167,0.787955,0,0.0,10
1900-01-01 14:35:24.663,21.975337,-1.108589,24.210322,-1.322978,0.133985,0.15731,0.291523,0.868107,0,0.0,10
1900-01-01 14:35:25.663,21.973105,-1.095464,24.211766,-1.325472,0.133832,0.156417,0.290752,0.858677,0,0.0,10
1900-01-01 14:35:26.663,21.960373,-1.113314,24.19982,-1.326522,0.133927,0.15753,0.290191,0.731378,0,0.0,10
1900-01-01 14:35:27.663,21.970218,-1.114496,24.211503,-1.325866,0.134315,0.157945,0.289778,0.943544,0,0.0,10
1900-01-01 14:35:28.663,21.957485,-1.115677,24.209928,-1.334922,0.13399,0.157163,0.289273,0.707803,0,0.0,10
1900-01-01 14:35:29.663,21.96418,-1.115021,24.203627,-1.334528,0.13284,0.156291,0.288712,0.934114,0,0.0,10
1900-01-01 14:35:30.663,21.960504,-1.10662,24.205858,-1.333872,0.133538,0.157142,0.288271,0.78324,0,0.0,10
1900-01-01 14:35:31.663,21.965361,-1.115152,24.205596,-1.332953,0.133344,0.157462,0.287389,0.646511,0,0.0,10
1900-01-01 14:35:32.663,21.972449,-1.11594,24.211634,-1.331772,0.132767,0.157052,0.287049,0.688944,0,0.0,10
1900-01-01 14:35:33.663,21.967724,-1.118171,24.211503,-1.334135,0.133927,0.158076,0.28648,0.91997,0,0.0,10
1900-01-01 14:35:34.663,21.970349,-1.12224,24.202314,-1.331641,0.13367,0.157651,0.285837,0.622937,0,0.0,10
1900-01-01 14:35:35.663,21.95066,-1.115021,24.201526,-1.33256,0.133727,0.157425,0.28546,0.637081,0,0.0,10
1900-01-01 14:35:36.663,21.964311,-1.113971,24.205071,-1.329803,0.133806,0.157866,0.284835,1.033125,0,0.0,10
1900-01-01 14:35:37.663,21.966674,-1.115283,24.211109,-1.339909,0.133722,0.1569,0.284808,0.835103,0,0.0,10
1900-01-01 14:35:38.663,21.972843,-1.128934,24.211109,-1.334266,0.133601,0.157084,0.284238,1.084988,0,0.0,10
1900-01-01 14:35:39.663,21.982688,-1.113577,24.215704,-1.33676,0.133234,0.157026,0.284082,0.533356,0,0.0,10
1900-01-01 14:35:40.663,21.968249,-1.111608,24.209796,-1.33781,0.134,0.157541,0.283338,0.839818,0,0.0,10
1900-01-01 14:35:41.663,21.962211,-1.121058,24.204152,-1.341484,0.134935,0.157919,0.282869,0.905825,0,0.0,10
1900-01-01 14:35:42.663,21.973368,-1.116071,24.209403,-1.344503,0.134814,0.158339,0.282621,0.698374,0,0.0,10
1900-01-01 14:35:43.663,21.963786,-1.12434,24.204283,-1.341353,0.134137,0.157682,0.281941,0.750237,0,0.0,10
1900-01-01 14:35:44.663,21.971924,-1.123421,24.210453,-1.338072,0.134814,0.158475,0.281693,0.868107,0,0.0,10
1900-01-01 14:35:45.663,21.966936,-1.129065,24.212685,-1.337941,0.133911,0.157556,0.280912,0.797385,0,0.0,10
1900-01-01 14:35:46.663,21.980062,-1.121977,24.221086,-1.335053,0.134856,0.158585,0.280177,1.160425,0,0.0,10
1900-01-01 14:35:47.663,21.955516,-1.120927,24.209534,-1.344241,0.134604,0.158559,0.280398,0.78324,0,0.0,10
1900-01-01 14:35:48.663,21.964311,-1.120008,24.213078,-1.345291,0.133218,0.157525,0.279718,0.759666,0,0.0,10
1900-01-01 14:35:49.663,21.958929,-1.122896,24.203495,-1.347653,0.134027,0.158234,0.279488,0.816244,0,0.0,10
1900-01-01 14:35:50.663,21.964836,-1.125652,24.212816,-1.345028,0.134578,0.15848,0.27924,0.622937,0,0.0,10
1900-01-01 14:35:51.663,21.96313,-1.137071,24.207959,-1.348834,0.134336,0.158071,0.278919,0.806814,0,0.0,10
1900-01-01 14:35:52.663,21.96733,-1.12749,24.214129,-1.340434,0.133948,0.158092,0.278432,0.585218,0,0.0,10
1900-01-01 14:35:53.663,21.962867,-1.128671,24.212291,-1.341878,0.134735,0.157976,0.277531,0.721948,0,0.0,10
1900-01-01 14:35:54.663,21.95906,-1.13274,24.202708,-1.341616,0.134405,0.158228,0.277531,0.981262,0,0.0,10
1900-01-01 14:35:55.663,21.964442,-1.123158,24.212422,-1.334397,0.133486,0.15785,0.277118,0.962403,0,0.0,10
1900-01-01 14:35:56.663,21.964442,-1.118696,24.211766,-1.332822,0.134142,0.157682,0.276704,1.014266,0,0.0,10
1900-01-01 14:35:57.663,21.96313,-1.123421,24.207827,-1.342141,0.134273,0.158081,0.276328,0.839818,0,0.0,10
1900-01-01 14:35:58.663,21.954335,-1.132084,24.201526,-1.336235,0.133885,0.157478,0.276309,0.721948,0,0.0,10
1900-01-01 14:35:59.663,21.963261,-1.130377,24.205858,-1.341878,0.133969,0.157661,0.275731,0.773811,0,0.0,10
1900-01-01 14:36:00.663,21.964836,-1.134446,24.208878,-1.339384,0.134048,0.157126,0.274986,0.938829,0,0.0,10
1900-01-01 14:36:01.663,21.956041,-1.130509,24.202445,-1.342797,0.133864,0.157982,0.275014,1.117992,0,0.0,10
1900-01-01 14:36:02.663,21.963523,-1.129852,24.207302,-1.334266,0.134137,0.158239,0.274307,0.839818,0,0.0,10
1900-01-01 14:36:03.663,21.954729,-1.125521,24.198507,-1.346866,0.134384,0.15815,0.27449,0.712518,0,0.0,10
1900-01-01 14:36:04.663,21.960767,-1.123684,24.20087,-1.342009,0.134226,0.157772,0.273939,0.830388,0,0.0,10
1900-01-01 14:36:05.663,21.961029,-1.125127,24.200739,-1.339122,0.134326,0.158297,0.273323,0.825674,0,0.0,10
1900-01-01 14:36:06.663,21.962998,-1.129721,24.197588,-1.341616,0.134153,0.157903,0.272882,0.853963,0,0.0,10
1900-01-01 14:36:07.663,21.971005,-1.133659,24.205464,-1.334003,0.133785,0.157787,0.273066,0.844533,0,0.0,10
1900-01-01 14:36:08.663,21.970611,-1.124996,24.206121,-1.340828,0.134137,0.158071,0.272754,0.844533,0,0.0,10
1900-01-01 14:36:09.663,21.95906,-1.123946,24.191943,-1.346341,0.133848,0.157551,0.272386,0.896396,0,0.0,10
1900-01-01 14:36:10.663,21.970218,-1.126834,24.194963,-1.344241,0.134137,0.157677,0.272239,0.929399,0,0.0,10
1900-01-01 14:36:11.663,21.964836,-1.122633,24.195094,-1.350147,0.1341,0.157719,0.271624,0.915255,0,0.0,10
1900-01-01 14:36:12.663,21.968511,-1.122371,24.197063,-1.345947,0.133901,0.157997,0.271183,0.901111,0,0.0,10
1900-01-01 14:36:13.663,21.969955,-1.123552,24.197719,-1.342272,0.133318,0.157499,0.270586,0.764381,0,0.0,10
1900-01-01 14:36:14.663,21.955779,-1.133003,24.189187,-1.349228,0.1342,0.15815,0.270779,0.91997,0,0.0,10
1900-01-01 14:36:15.663,21.956567,-1.126834,24.190105,-1.349359,0.133775,0.157861,0.270797,0.971833,0,0.0,10
1900-01-01 14:36:16.663,21.957748,-1.12224,24.191943,-1.347916,0.133166,0.157504,0.270668,0.877537,0,0.0,10
1900-01-01 14:36:17.663,21.957879,-1.121846,24.1947,-1.348703,0.134006,0.158102,0.269777,0.519211,0,0.0,10
1900-01-01 14:36:18.663,21.970086,-1.13904,24.201658,-1.344109,0.133769,0.157488,0.269823,0.6748,0,0.0,10
1900-01-01 14:36:19.663,21.970743,-1.121583,24.195225,-1.341484,0.133785,0.157793,0.269465,0.693659,0,0.0,10
1900-01-01 14:36:20.663,21.960373,-1.130903,24.197457,-1.344634,0.134226,0.158354,0.26929,0.787955,0,0.0,10
1900-01-01 14:36:21.663,21.961029,-1.124471,24.193781,-1.342928,0.134326,0.158165,0.2685,0.627652,0,0.0,10
1900-01-01 14:36:22.663,21.961948,-1.129852,24.196144,-1.343059,0.134273,0.158732,0.268583,0.976548,0,0.0,10
1900-01-01 14:36:23.663,21.964705,-1.12434,24.202183,-1.343322,0.133743,0.158428,0.268078,0.486207,0,0.0,10
1900-01-01 14:36:24.663,21.963392,-1.128015,24.19982,-1.346472,0.13315,0.157425,0.268022,0.519211,0,0.0,10
1900-01-01 14:36:25.663,21.966936,-1.118696,24.201001,-1.342403,0.133601,0.157651,0.268013,0.542785,0,0.0,10
1900-01-01 14:36:26.663,21.953679,-1.12434,24.195619,-1.347784,0.134147,0.157588,0.267545,0.604078,0,0.0,10
1900-01-01 14:36:27.663,21.953022,-1.128015,24.196407,-1.345947,0.134305,0.158276,0.267508,1.160425,0,0.0,10
1900-01-01 14:36:28.663,21.959323,-1.127621,24.199295,-1.343453,0.134389,0.158223,0.266828,0.769096,0,0.0,10
1900-01-01 14:36:29.663,21.973237,-1.126834,24.201395,-1.338597,0.133701,0.15794,0.266755,0.811529,0,0.0,10
1900-01-01 14:36:30.663,21.963261,-1.116071,24.199295,-1.348309,0.134352,0.158711,0.266323,0.769096,0,0.0,10
1900-01-01 14:36:31.663,21.966542,-1.11909,24.197588,-1.348178,0.133995,0.157583,0.266902,0.773811,0,0.0,10
1900-01-01 14:36:32.663,21.965886,-1.12539,24.199295,-1.347784,0.133323,0.157814,0.266121,0.481493,0,0.0,10
1900-01-01 14:36:33.663,21.95381,-1.127621,24.197063,-1.346472,0.13388,0.15763,0.265772,0.604078,0,0.0,10
1900-01-01 14:36:34.663,21.961029,-1.133659,24.200345,-1.349753,0.134079,0.157961,0.265634,1.113277,0,0.0,10
1900-01-01 14:36:35.663,21.971137,-1.122765,24.200345,-1.345947,0.133974,0.158155,0.265165,0.882251,0,0.0,10
1900-01-01 14:36:36.663,21.968774,-1.119877,24.204677,-1.345553,0.133066,0.156968,0.265229,0.882251,0,0.0,10
1900-01-01 14:36:37.663,21.980981,-1.111214,24.208221,-1.337678,0.133166,0.157709,0.265073,0.811529,0,0.0,10
1900-01-01 14:36:38.663,21.971399,-1.125259,24.203758,-1.343059,0.134321,0.15805,0.264651,0.693659,0,0.0,10
1900-01-01 14:36:39.663,21.971924,-1.126177,24.211897,-1.340697,0.133559,0.158087,0.264191,0.78324,0,0.0,10
1900-01-01 14:36:40.663,21.980062,-1.123421,24.207565,-1.33256,0.13388,0.157105,0.263998,0.754952,0,0.0,10
1900-01-01 14:36:41.663,21.975862,-1.119352,24.211503,-1.339909,0.133628,0.157661,0.264099,0.967118,0,0.0,10
1900-01-01 14:36:42.663,21.97258,-1.121715,24.208878,-1.344372,0.134641,0.158711,0.264127,0.990692,0,0.0,10
1900-01-01 14:36:43.663,21.977568,-1.118958,24.20914,-1.345028,0.133838,0.157908,0.263916,0.962403,0,0.0,10
1900-01-01 14:36:44.663,21.975206,-1.12539,24.212028,-1.341091,0.134058,0.157987,0.263346,0.976548,0,0.0,10
1900-01-01 14:36:45.663,21.96733,-1.126571,24.198244,-1.339253,0.134273,0.157688,0.263475,0.698374,0,0.0,10
1900-01-01 14:36:46.663,21.97665,-1.11699,24.209665,-1.342009,0.134179,0.15836,0.262988,0.8021,0,0.0,10
1900-01-01 14:36:47.663,21.977175,-1.121846,24.211503,-1.345422,0.133916,0.157819,0.262923,0.990692,0,0.0,10
1900-01-01 14:36:48.663,21.9819,-1.129327,24.215179,-1.340566,0.133559,0.158013,0.262767,0.858677,0,0.0,10
1900-01-01 14:36:49.663,21.981375,-1.125521,24.210847,-1.342534,0.133874,0.157493,0.262216,0.703089,0,0.0,10
1900-01-01 14:36:50.663,21.960242,-1.123815,24.201132,-1.348834,0.133475,0.157735,0.26251,0.929399,0,0.0,10
1900-01-01 14:36:51.663,21.991745,-1.124209,24.219117,-1.334266,0.133565,0.158255,0.261509,0.490922,0,0.0,10
1900-01-01 14:36:52.663,21.980194,-1.124602,24.210453,-1.342797,0.132966,0.157819,0.261454,1.004836,0,0.0,10
1900-01-01 14:36:53.663,21.985575,-1.124996,24.212685,-1.346472,0.133538,0.158144,0.261472,0.6748,0,0.0,10
1900-01-01 14:36:54.663,21.977962,-1.125521,24.205596,-1.340434,0.133103,0.157205,0.261215,0.967118,0,0.0,10
1900-01-01 14:36:55.663,21.990301,-1.127359,24.213472,-1.342272,0.133743,0.158129,0.26081,0.820959,0,0.0,10
1900-01-01 14:36:56.663,21.980719,-1.119221,24.202051,-1.348703,0.133082,0.157493,0.261077,1.014266,0,0.0,10
1900-01-01 14:36:57.663,21.981506,-1.119483,24.207434,-1.343716,0.133922,0.157992,0.260305,0.490922,0,0.0,10
1900-01-01 14:36:58.663,21.991745,-1.108327,24.202183,-1.342009,0.133622,0.157745,0.260259,0.952974,0,0.0,10
1900-01-01 14:36:59.663,21.983081,-1.116333,24.201001,-1.349491,0.133045,0.157273,0.260195,0.825674,0,0.0,10
1900-01-01 14:37:00.663,22.001458,-1.109771,24.208352,-1.343716,0.133019,0.157556,0.260232,0.769096,0,0.0,10
1900-01-01 14:37:01.663,21.985444,-1.11804,24.200607,-1.347259,0.13367,0.157992,0.259855,0.4202,0,0.0,10
1900-01-01 14:37:02.663,21.988988,-1.111608,24.200214,-1.348441,0.133239,0.157913,0.259726,1.452743,0,0.0,10
1900-01-01 14:37:03.663,21.971662,-1.119615,24.184461,-1.348441,0.134184,0.158281,0.259497,0.660655,0,0.0,10
1900-01-01 14:37:04.663,21.980719,-1.116858,24.190631,-1.342403,0.133412,0.157089,0.259497,0.915255,0,0.0,10
1900-01-01 14:37:05.663,21.982031,-1.113314,24.190237,-1.346997,0.134252,0.158339,0.259405,1.122707,0,0.0,10
1900-01-01 14:37:06.663,21.983081,-1.112133,24.188399,-1.342666,0.13283,0.15774,0.259193,0.872822,0,0.0,10
1900-01-01 14:37:07.663,21.984788,-1.120271,24.188924,-1.340828,0.13346,0.157871,0.258817,0.764381,0,0.0,10
1900-01-01 14:37:08.663,21.980719,-1.112264,24.182754,-1.337022,0.133339,0.157845,0.258945,0.53807,0,0.0,10
1900-01-01 14:37:09.663,21.970086,-1.121058,24.178947,-1.344241,0.133864,0.158533,0.258826,0.78324,0,0.0,10
1900-01-01 14:37:10.663,21.972318,-1.12749,24.175009,-1.351591,0.134279,0.157961,0.258339,0.519211,0,0.0,10
1900-01-01 14:37:11.663,21.981506,-1.10032,24.180654,-1.338728,0.133969,0.158438,0.258431,0.769096,0,0.0,10
1900-01-01 14:37:12.663,21.978487,-1.110952,24.176191,-1.338334,0.134032,0.158627,0.258293,0.924685,0,0.0,10
1900-01-01 14:37:13.663,21.960504,-1.113183,24.173302,-1.341484,0.133559,0.158281,0.258008,0.849248,0,0.0,10
1900-01-01 14:37:14.663,21.976518,-1.117252,24.165951,-1.340828,0.133187,0.157866,0.258155,0.721948,0,0.0,10
1900-01-01 14:37:15.663,21.981244,-1.119352,24.170677,-1.337285,0.133313,0.157488,0.257494,0.764381,0,0.0,10
1900-01-01 14:37:16.663,21.97665,-1.106227,24.171858,-1.344897,0.134258,0.158087,0.257852,0.948259,0,0.0,10
1900-01-01 14:37:17.663,21.991088,-1.098745,24.17514,-1.339122,0.132987,0.15795,0.257402,0.443774,0,0.0,10
1900-01-01 14:37:18.663,21.9819,-1.104783,24.166739,-1.342666,0.133229,0.158018,0.257227,0.750237,0,0.0,10
1900-01-01 14:37:19.663,21.979012,-1.112789,24.166608,-1.341484,0.13409,0.15784,0.257338,0.754952,0,0.0,10
1900-01-01 14:37:20.663,21.976518,-1.113446,24.162144,-1.339253,0.133801,0.158365,0.257145,0.736092,0,0.0,10
1900-01-01 14:37:21.663,21.972712,-1.111214,24.16687,-1.339122,0.13273,0.157457,0.256915,0.703089,0,0.0,10
1900-01-01 14:37:22.663,21.977568,-1.114627,24.165032,-1.346472,0.133045,0.157514,0.256456,0.717233,0,0.0,10
1900-01-01 14:37:23.663,21.965492,-1.108458,24.161882,-1.343191,0.133024,0.158018,0.256639,1.033125,0,0.0,10
1900-01-01 14:37:24.663,21.978618,-1.098483,24.161357,-1.347784,0.132877,0.157887,0.256805,1.03784,0,0.0,10
1900-01-01 14:37:25.663,21.969561,-1.105833,24.155187,-1.340434,0.133538,0.158113,0.256538,0.745522,0,0.0,10
1900-01-01 14:37:26.663,21.974156,-1.103077,24.166214,-1.349097,0.133549,0.157882,0.255923,0.78324,0,0.0,10
1900-01-01 14:37:27.663,21.979406,-1.102945,24.164376,-1.342272,0.133638,0.157409,0.255941,0.750237,0,0.0,10
1900-01-01 14:37:28.663,21.979012,-1.103733,24.168052,-1.339384,0.132982,0.157457,0.255941,0.759666,0,0.0,10
1900-01-01 14:37:29.663,21.965886,-1.114102,24.159388,-1.353166,0.133496,0.158596,0.255629,0.844533,0,0.0,10
1900-01-01 14:37:30.663,21.986494,-1.106095,24.170808,-1.350016,0.133654,0.158381,0.255666,0.509782,0,0.0,10
1900-01-01 14:37:31.663,21.975206,-1.104914,24.172646,-1.342534,0.134263,0.158465,0.255895,0.877537,0,0.0,10
1900-01-01 14:37:32.663,21.984656,-1.115021,24.163063,-1.345291,0.13378,0.157677,0.255877,0.938829,0,0.0,10
1900-01-01 14:37:33.663,21.980456,-1.101502,24.165426,-1.346997,0.133927,0.157682,0.255289,0.721948,0,0.0,10
1900-01-01 14:37:34.663,21.9798,-1.10452,24.170808,-1.345553,0.134153,0.15784,0.255519,1.075559,0,0.0,10
1900-01-01 14:37:35.663,21.964573,-1.115546,24.160438,-1.349097,0.134042,0.158423,0.255711,0.660655,0,0.0,10
1900-01-01 14:37:36.663,21.970349,-1.102289,24.159388,-1.344897,0.133874,0.15815,0.255096,0.325904,0,0.0,10
1900-01-01 14:37:37.663,21.987807,-1.128409,24.172515,-1.351197,0.133507,0.157651,0.254931,0.8021,0,0.0,10
1900-01-01 14:37:38.663,21.979931,-1.113314,24.166476,-1.346734,0.133675,0.15805,0.254618,0.816244,0,0.0,10
1900-01-01 14:37:39.663,21.969824,-1.110689,24.169889,-1.351853,0.134158,0.159504,0.254554,0.589933,0,0.0,10
1900-01-01 14:37:40.663,21.980587,-1.100058,24.16897,-1.343322,0.133958,0.159473,0.254499,0.703089,0,0.0,10
1900-01-01 14:37:41.663,21.964573,-1.114233,24.163982,-1.348309,0.133733,0.158302,0.254829,0.769096,0,0.0,10
1900-01-01 14:37:42.663,21.994501,-1.10032,24.185905,-1.338072,0.134037,0.158055,0.254535,0.717233,0,0.0,10
1900-01-01 14:37:43.663,21.97875,-1.111739,24.168708,-1.343191,0.133953,0.158701,0.254177,1.02841,0,0.0,10
1900-01-01 14:37:44.663,21.979406,-1.103208,24.173171,-1.346603,0.133092,0.157861,0.253635,1.084988,0,0.0,10
1900-01-01 14:37:45.663,21.968774,-1.109771,24.17094,-1.343716,0.134137,0.157987,0.254186,0.901111,0,0.0,10
1900-01-01 14:37:46.663,21.975074,-1.112921,24.174221,-1.352247,0.134237,0.158559,0.253819,1.231147,0,0.0,10
1900-01-01 14:37:47.663,21.976256,-1.10767,24.17409,-1.346341,0.133874,0.158438,0.253507,0.787955,0,0.0,10
1900-01-01 14:37:48.663,21.980587,-1.107014,24.173696,-1.350672,0.13483,0.15868,0.254196,1.113277,0,0.0,10
1900-01-01 14:37:49.663,21.964048,-1.113446,24.168577,-1.351853,0.133948,0.158396,0.253718,0.731378,0,0.0,10
1900-01-01 14:37:50.663,21.978356,-1.104389,24.176191,-1.357234,0.133722,0.158312,0.254177,0.849248,0,0.0,10
1900-01-01 14:37:51.663,21.974156,-1.105045,24.171465,-1.352772,0.13368,0.158092,0.253249,0.533356,0,0.0,10
1900-01-01 14:37:52.663,21.973762,-1.102814,24.178028,-1.354741,0.133586,0.157976,0.253387,1.127421,0,0.0,10
1900-01-01 14:37:53.663,21.970349,-1.104258,24.181835,-1.355922,0.133633,0.15816,0.252955,0.754952,0,0.0,10
1900-01-01 14:37:54.663,21.9777,-1.113314,24.181441,-1.351853,0.133974,0.158816,0.252762,1.004836,0,0.0,10
1900-01-01 14:37:55.663,21.985182,-1.108589,24.185117,-1.354478,0.133685,0.157992,0.25301,1.033125,0,0.0,10
1900-01-01 14:37:56.663,21.970743,-1.104389,24.18131,-1.348309,0.13388,0.158795,0.253121,0.787955,0,0.0,10
1900-01-01 14:37:57.663,21.971924,-1.106227,24.181967,-1.352378,0.13336,0.15753,0.252946,0.627652,0,0.0,10
1900-01-01 14:37:58.663,21.985838,-1.102945,24.183279,-1.359072,0.133901,0.158102,0.25267,0.580504,0,0.0,10
1900-01-01 14:37:59.663,21.981112,-1.108983,24.183148,-1.356184,0.133685,0.15848,0.253258,0.78324,0,0.0,10
1900-01-01 14:38:00.663,21.964573,-1.115546,24.175272,-1.355266,0.133748,0.158465,0.252716,0.453204,0,0.0,10
1900-01-01 14:38:01.663,21.963655,-1.119877,24.176059,-1.361172,0.133853,0.158633,0.252542,0.726663,0,0.0,10
1900-01-01 14:38:02.663,21.968249,-1.109246,24.182623,-1.356578,0.134189,0.158354,0.252229,1.042555,0,0.0,10
1900-01-01 14:38:03.663,21.974812,-1.113708,24.176453,-1.356841,0.133953,0.158654,0.25245,0.561644,0,0.0,10
1900-01-01 14:38:04.663,21.978618,-1.102289,24.179341,-1.357234,0.133775,0.158554,0.252358,0.707803,0,0.0,10
1900-01-01 14:38:05.663,21.972712,-1.112396,24.173565,-1.355397,0.134195,0.158438,0.252459,0.750237,0,0.0,10
1900-01-01 14:38:06.663,21.972055,-1.108327,24.176191,-1.355659,0.1341,0.157877,0.251972,0.703089,0,0.0,10
1900-01-01 14:38:07.663,21.96838,-1.117777,24.170283,-1.359859,0.134436,0.158701,0.251954,0.957688,0,0.0,10
1900-01-01 14:38:08.663,21.953022,-1.124865,24.162801,-1.355922,0.134268,0.158386,0.251963,0.882251,0,0.0,10
1900-01-01 14:38:09.663,21.972449,-1.115808,24.175797,-1.360122,0.134116,0.158102,0.251632,0.670085,0,0.0,10
1900-01-01 14:38:10.663,21.964836,-1.118696,24.170414,-1.363403,0.134709,0.158612,0.251761,0.985977,0,0.0,10
1900-01-01 14:38:11.663,21.98085,-1.114364,24.17514,-1.361566,0.134058,0.157525,0.251853,0.486207,0,0.0,10
1900-01-01 14:38:12.663,21.97153,-1.104258,24.176453,-1.355528,0.134063,0.15826,0.252128,0.787955,0,0.0,10
1900-01-01 14:38:13.663,21.968905,-1.114758,24.179341,-1.356184,0.133475,0.157908,0.251283,0.754952,0,0.0,10
1900-01-01 14:38:14.663,21.966674,-1.112789,24.175009,-1.356972,0.133596,0.157593,0.251697,0.769096,0,0.0,10
1900-01-01 14:38:15.663,21.977568,-1.109246,24.177897,-1.351984,0.133901,0.158323,0.251954,0.561644,0,0.0,10
1900-01-01 14:38:16.663,21.988726,-1.118171,24.185117,-1.360516,0.13367,0.157945,0.251485,0.377767,0,0.0,10
1900-01-01 14:38:17.663,21.979275,-1.108983,24.178685,-1.364453,0.134137,0.157976,0.251403,0.604078,0,0.0,10
1900-01-01 14:38:18.663,21.976387,-1.113183,24.180785,-1.354741,0.133754,0.158108,0.251274,0.340048,0,0.0,10
1900-01-01 14:38:19.663,21.982688,-1.103864,24.177503,-1.356053,0.133717,0.158228,0.25109,1.056699,0,0.0,10
1900-01-01 14:38:20.663,21.976256,-1.115808,24.17921,-1.348966,0.134032,0.157583,0.250916,0.967118,0,0.0,10
1900-01-01 14:38:21.663,21.975074,-1.121977,24.178422,-1.354872,0.133481,0.15753,0.250907,0.934114,0,0.0,10
1900-01-01 14:38:22.663,21.988201,-1.112133,24.194963,-1.350016,0.133523,0.158302,0.250245,0.835103,0,0.0,10
1900-01-01 14:38:23.663,21.983475,-1.119615,24.181179,-1.351459,0.133334,0.157829,0.251522,0.6748,0,0.0,10
1900-01-01 14:38:24.663,21.975468,-1.115677,24.182098,-1.353559,0.133643,0.158186,0.250907,0.811529,0,0.0,10
1900-01-01 14:38:25.663,21.974156,-1.115021,24.182098,-1.354872,0.133696,0.157693,0.25109,0.849248,0,0.0,10
1900-01-01 14:38:26.663,21.977568,-1.122633,24.18026,-1.355791,0.134342,0.158459,0.25041,0.872822,0,0.0,10
1900-01-01 14:38:27.663,21.962867,-1.117908,24.177766,-1.358022,0.134216,0.158302,0.250383,0.467348,0,0.0,10
1900-01-01 14:38:28.663,21.987938,-1.113052,24.185642,-1.357103,0.133864,0.158045,0.2503,0.905825,0,0.0,10
1900-01-01 14:38:29.663,21.982819,-1.110164,24.186299,-1.356053,0.133722,0.157661,0.25064,0.571074,0,0.0,10
1900-01-01 14:38:30.663,21.994107,-1.110952,24.191024,-1.349228,0.133575,0.157877,0.250227,1.042555,0,0.0,10
1900-01-01 14:38:31.663,21.968905,-1.12119,24.177503,-1.353822,0.133748,0.158097,0.249878,0.948259,0,0.0,10
1900-01-01 14:38:32.663,21.977962,-1.11594,24.179472,-1.350672,0.132992,0.157751,0.250374,0.778526,0,0.0,10
1900-01-01 14:38:33.663,21.993845,-1.123684,24.186167,-1.351722,0.134158,0.158974,0.250291,0.594648,0,0.0,10
1900-01-01 14:38:34.663,21.982425,-1.126571,24.177109,-1.355791,0.13441,0.158102,0.250374,0.736092,0,0.0,10
1900-01-01 14:38:35.663,21.979012,-1.115021,24.179866,-1.357366,0.133748,0.158449,0.250438,0.764381,0,0.0,10
1900-01-01 14:38:36.663,21.976124,-1.119483,24.174484,-1.359466,0.134021,0.158396,0.249914,0.825674,0,0.0,10
1900-01-01 14:38:37.663,21.988857,-1.120402,24.188793,-1.349884,0.133743,0.157877,0.250089,1.099133,0,0.0,10
1900-01-01 14:38:38.663,21.983738,-1.115546,24.181048,-1.354347,0.13367,0.158066,0.250282,1.070844,0,0.0,10
1900-01-01 14:38:39.663,21.982556,-1.112527,24.183279,-1.348966,0.134032,0.158659,0.250098,0.952974,0,0.0,10
1900-01-01 14:38:40.663,21.978618,-1.109508,24.177503,-1.349359,0.13326,0.158165,0.250061,0.778526,0,0.0,10
1900-01-01 14:38:41.663,21.989644,-1.104127,24.184329,-1.349228,0.13379,0.158276,0.249712,1.094418,0,0.0,10
1900-01-01 14:38:42.663,21.973105,-1.127096,24.180391,-1.361303,0.133706,0.158302,0.249464,0.816244,0,0.0,10
1900-01-01 14:38:43.663,21.983738,-1.122633,24.186299,-1.357628,0.13399,0.158323,0.249299,0.726663,0,0.0,10
1900-01-01 14:38:44.663,21.98295,-1.108327,24.190631,-1.356184,0.133297,0.15794,0.249878,0.811529,0,0.0,10
1900-01-01 14:38:45.663,21.980981,-1.110689,24.183017,-1.353691,0.134147,0.15879,0.249556,0.78324,0,0.0,10
1900-01-01 14:38:46.663,21.964442,-1.116202,24.175797,-1.358153,0.133323,0.157614,0.249455,0.651226,0,0.0,10
1900-01-01 14:38:47.663,21.961161,-1.117121,24.174484,-1.362747,0.133633,0.158638,0.24951,0.915255,0,0.0,10
1900-01-01 14:38:48.663,21.970874,-1.112527,24.180391,-1.349753,0.133738,0.15774,0.249234,0.693659,0,0.0,10
1900-01-01 14:38:49.663,21.975731,-1.114102,24.179079,-1.358416,0.132567,0.157514,0.24917,0.938829,0,0.0,10
1900-01-01 14:38:50.663,21.9777,-1.116202,24.176716,-1.353953,0.133118,0.157682,0.248665,0.91997,0,0.0,10
1900-01-01 14:38:51.663,21.975337,-1.108983,24.174878,-1.357891,0.133402,0.158034,0.248996,0.651226,0,0.0,10
1900-01-01 14:38:52.663,21.975468,-1.111739,24.176322,-1.354609,0.133166,0.157961,0.248748,0.839818,0,0.0,10
1900-01-01 14:38:53.663,21.9777,-1.112133,24.178291,-1.356972,0.133496,0.157835,0.249005,0.726663,0,0.0,10
1900-01-01 14:38:54.663,21.974549,-1.115021,24.176322,-1.360122,0.133118,0.157651,0.249409,0.853963,0,0.0,10
1900-01-01 14:38:55.663,21.984525,-1.109771,24.183017,-1.358678,0.133559,0.158281,0.249409,0.486207,0,0.0,10
1900-01-01 14:38:56.663,21.959323,-1.117383,24.170677,-1.363009,0.133712,0.157656,0.24895,0.594648,0,0.0,10
1900-01-01 14:38:57.663,21.9819,-1.112264,24.17921,-1.355922,0.133192,0.158181,0.248922,0.820959,0,0.0,10
1900-01-01 14:38:58.663,21.975337,-1.113446,24.16897,-1.357759,0.133292,0.157898,0.248408,0.830388,0,0.0,10
1900-01-01 14:38:59.663,21.972187,-1.118696,24.175009,-1.353428,0.133743,0.15805,0.24883,0.688944,0,0.0,10
1900-01-01 14:39:00.663,21.957879,-1.114889,24.16582,-1.356578,0.13368,0.158018,0.248656,0.868107,0,0.0,10
1900-01-01 14:39:01.663,21.995157,-1.10767,24.179997,-1.351066,0.134147,0.157845,0.248738,0.684229,0,0.0,10
1900-01-01 14:39:02.663,21.964311,-1.107802,24.167526,-1.363928,0.132987,0.15763,0.248582,0.769096,0,0.0,10
1900-01-01 14:39:03.663,21.97665,-1.114496,24.171465,-1.357366,0.134305,0.158659,0.248876,0.797385,0,0.0,10
1900-01-01 14:39:04.663,21.986494,-1.108589,24.177372,-1.358547,0.133071,0.15743,0.248646,0.679515,0,0.0,10
1900-01-01 14:39:05.663,21.968511,-1.123421,24.16687,-1.349622,0.133633,0.158092,0.248895,0.91054,0,0.0,10
1900-01-01 14:39:06.663,21.965886,-1.123158,24.165426,-1.356053,0.133449,0.157929,0.249069,0.853963,0,0.0,10
1900-01-01 14:39:07.663,21.978881,-1.118827,24.171465,-1.347391,0.13263,0.157525,0.24883,0.886966,0,0.0,10
1900-01-01 14:39:08.663,21.959979,-1.111346,24.162407,-1.355266,0.133055,0.157861,0.248665,0.773811,0,0.0,10
1900-01-01 14:39:09.663,21.991482,-1.108327,24.177766,-1.344241,0.133082,0.157451,0.248601,0.849248,0,0.0,10
1900-01-01 14:39:10.663,21.962605,-1.110689,24.16175,-1.343453,0.133922,0.158076,0.248481,0.905825,0,0.0,10
1900-01-01 14:39:11.663,21.975731,-1.113052,24.172384,-1.346341,0.133843,0.157777,0.248555,0.42963,0,0.0,10
1900-01-01 14:39:12.663,21.983475,-1.112527,24.172909,-1.349097,0.133155,0.15816,0.248279,0.858677,0,0.0,10
1900-01-01 14:39:13.663,21.973499,-1.12014,24.173696,-1.346997,0.133475,0.157861,0.247994,0.655941,0,0.0,10
1900-01-01 14:39:14.663,21.975206,-1.118696,24.175009,-1.345947,0.133328,0.158197,0.248251,0.844533,0,0.0,10
1900-01-01 14:39:15.663,21.976387,-1.116071,24.175009,-1.348966,0.133428,0.158171,0.248371,0.839818,0,0.0,10
1900-01-01 14:39:16.663,21.981112,-1.118696,24.170677,-1.347784,0.133381,0.157887,0.248233,0.91054,0,0.0,10
1900-01-01 14:39:17.663,21.970218,-1.11909,24.165951,-1.357366,0.133974,0.158297,0.248288,1.099133,0,0.0,10
1900-01-01 14:39:18.663,21.971137,-1.116071,24.172384,-1.346472,0.133218,0.157766,0.248242,0.703089,0,0.0,10
1900-01-01 14:39:19.663,21.964836,-1.107539,24.164638,-1.350934,0.133502,0.157735,0.247939,0.79267,0,0.0,10
1900-01-01 14:39:20.663,21.972055,-1.122896,24.167133,-1.351591,0.13315,0.157698,0.248123,1.099133,0,0.0,10
1900-01-01 14:39:21.663,21.981112,-1.121977,24.168314,-1.345816,0.132851,0.157814,0.248509,0.853963,0,0.0,10
1900-01-01 14:39:22.663,21.960111,-1.120665,24.168314,-1.351591,0.133643,0.158291,0.248169,0.462633,0,0.0,10
1900-01-01 14:39:23.663,21.96418,-1.117908,24.16687,-1.354872,0.133355,0.157289,0.247617,0.995407,0,0.0,10
1900-01-01 14:39:24.663,21.964442,-1.110296,24.162669,-1.343322,0.133103,0.157934,0.248334,0.79267,0,0.0,10
1900-01-01 14:39:25.663,21.973368,-1.114364,24.167789,-1.345422,0.133061,0.157415,0.247728,0.717233,0,0.0,10
1900-01-01 14:39:26.663,21.960111,-1.124734,24.155056,-1.347391,0.132593,0.157247,0.247526,0.91997,0,0.0,10
1900-01-01 14:39:27.663,21.962867,-1.118565,24.162013,-1.346078,0.132719,0.157168,0.248104,0.938829,0,0.0,10
1900-01-01 14:39:28.663,21.965492,-1.122896,24.1565,-1.347653,0.133822,0.157425,0.248031,0.575789,0,0.0,10
1900-01-01 14:39:29.663,21.97153,-1.120271,24.158206,-1.344109,0.133155,0.157583,0.24815,0.651226,0,0.0,10
1900-01-01 14:39:30.663,21.958929,-1.114627,24.15453,-1.355397,0.132746,0.157121,0.247627,0.773811,0,0.0,10
1900-01-01 14:39:31.663,21.963523,-1.117383,24.152955,-1.349884,0.133108,0.157157,0.247351,0.448489,0,0.0,10
1900-01-01 14:39:32.663,21.966542,-1.119615,24.148623,-1.348966,0.133533,0.157535,0.247866,0.571074,0,0.0,10
1900-01-01 14:39:33.663,21.953022,-1.126571,24.139959,-1.355266,0.1321,0.156527,0.2477,0.816244,0,0.0,10
1900-01-01 14:39:34.663,21.969036,-1.114496,24.149805,-1.352378,0.133696,0.158097,0.247333,0.915255,0,0.0,10
1900-01-01 14:39:35.663,21.975468,-1.111346,24.154399,-1.351328,0.134058,0.158444,0.247167,0.717233,0,0.0,10
1900-01-01 14:39:36.663,21.971399,-1.120008,24.15033,-1.353953,0.133628,0.158102,0.247112,0.858677,0,0.0,10
1900-01-01 14:39:37.663,21.95591,-1.122765,24.147179,-1.350541,0.133076,0.158659,0.246662,0.853963,0,0.0,10
1900-01-01 14:39:38.663,21.959848,-1.12224,24.144422,-1.354741,0.132777,0.157541,0.247379,0.401341,0,0.0,10
1900-01-01 14:39:39.663,21.958667,-1.120008,24.147179,-1.356841,0.132331,0.157021,0.246873,0.78324,0,0.0,10
1900-01-01 14:39:40.663,21.954729,-1.12014,24.138253,-1.359597,0.13379,0.157845,0.247397,1.070844,0,0.0,10
1900-01-01 14:39:41.663,21.970743,-1.119483,24.151117,-1.359597,0.132856,0.157719,0.247259,0.589933,0,0.0,10
1900-01-01 14:39:42.663,21.960898,-1.113577,24.141403,-1.355397,0.133276,0.157226,0.247195,0.971833,0,0.0,10
1900-01-01 14:39:43.663,21.964705,-1.120008,24.143241,-1.351197,0.133108,0.15711,0.2468,0.707803,0,0.0,10
1900-01-01 14:39:44.663,21.962079,-1.118958,24.143372,-1.356184,0.133638,0.157441,0.246892,0.316474,0,0.0,10
1900-01-01 14:39:45.663,21.969036,-1.111871,24.152036,-1.350672,0.133523,0.157551,0.247103,0.787955,0,0.0,10
1900-01-01 14:39:46.663,21.971268,-1.119483,24.149017,-1.353297,0.133743,0.157504,0.247158,0.726663,0,0.0,10
1900-01-01 14:39:47.663,21.960767,-1.11594,24.149673,-1.355003,0.133328,0.15774,0.246974,1.023696,0,0.0,10
1900-01-01 14:39:48.663,21.969955,-1.117908,24.154793,-1.355266,0.132693,0.157625,0.247388,1.070844,0,0.0,10
1900-01-01 14:39:49.663,21.957617,-1.11909,24.149279,-1.351853,0.133071,0.15689,0.247029,0.693659,0,0.0,10
1900-01-01 14:39:50.663,21.971399,-1.127359,24.15348,-1.352903,0.134525,0.158528,0.246763,0.637081,0,0.0,10
1900-01-01 14:39:51.663,21.975862,-1.112921,24.160569,-1.347128,0.133192,0.157152,0.247305,0.651226,0,0.0,10
1900-01-01 14:39:52.663,21.965492,-1.122633,24.152824,-1.352772,0.133344,0.156916,0.246625,0.797385,0,0.0,10
1900-01-01 14:39:53.663,21.960111,-1.118171,24.155187,-1.349491,0.13316,0.157509,0.2468,0.528641,0,0.0,10
1900-01-01 14:39:54.663,21.968249,-1.11909,24.165557,-1.351459,0.133003,0.157278,0.246956,0.490922,0,0.0,10
1900-01-01 14:39:55.663,21.957748,-1.118827,24.158862,-1.356316,0.132614,0.157378,0.246432,0.773811,0,0.0,10
1900-01-01 14:39:56.663,21.964048,-1.12014,24.157156,-1.350278,0.133775,0.157667,0.246313,0.731378,0,0.0,10
1900-01-01 14:39:57.663,21.967592,-1.11699,24.161094,-1.349228,0.133454,0.158155,0.24668,0.896396,0,0.0,10
1900-01-01 14:39:58.663,21.966411,-1.125784,24.170283,-1.344503,0.133937,0.158181,0.246515,0.736092,0,0.0,10
1900-01-01 14:39:59.663,21.971005,-1.119877,24.167789,-1.346341,0.133853,0.157583,0.246533,1.02841,0,0.0,10
1900-01-01 14:40:00.663,21.960767,-1.118565,24.163326,-1.345028,0.133145,0.157131,0.246478,0.849248,0,0.0,10
1900-01-01 14:40:01.663,21.960373,-1.114233,24.162932,-1.354347,0.13304,0.157373,0.246524,0.750237,0,0.0,10
1900-01-01 14:40:02.663,21.970611,-1.118827,24.170283,-1.348966,0.133638,0.158218,0.246589,0.585218,0,0.0,10
1900-01-01 14:40:03.663,21.967986,-1.115152,24.164376,-1.349097,0.133502,0.157336,0.246671,0.703089,0,0.0,10
1900-01-01 14:40:04.663,21.957879,-1.117383,24.166345,-1.355266,0.133696,0.157646,0.246304,0.79267,0,0.0,10
1900-01-01 14:40:05.663,21.960767,-1.126702,24.167264,-1.349097,0.133822,0.158097,0.246579,0.835103,0,0.0,10
1900-01-01 14:40:06.663,21.961292,-1.121058,24.166082,-1.349884,0.13346,0.157005,0.246543,0.858677,0,0.0,10
1900-01-01 14:40:07.663,21.959848,-1.128802,24.166476,-1.353559,0.133292,0.157651,0.246239,0.952974,0,0.0,10
1900-01-01 14:40:08.663,21.984656,-1.124077,24.183542,-1.350541,0.133869,0.157509,0.24634,0.726663,0,0.0,10
1900-01-01 14:40:09.663,21.969036,-1.120402,24.179472,-1.351984,0.133559,0.157178,0.245973,0.924685,0,0.0,10
1900-01-01 14:40:10.663,21.964836,-1.12644,24.177241,-1.354347,0.133166,0.157115,0.246625,0.962403,0,0.0,10
1900-01-01 14:40:11.663,21.970874,-1.13169,24.174353,-1.348966,0.133087,0.156748,0.246175,0.679515,0,0.0,10
1900-01-01 14:40:12.663,21.964573,-1.123684,24.180916,-1.349622,0.133617,0.157173,0.246249,0.684229,0,0.0,10
1900-01-01 14:40:13.663,21.964705,-1.122502,24.178816,-1.356578,0.132761,0.156947,0.24623,0.608793,0,0.0,10
1900-01-01 14:40:14.663,21.975862,-1.12539,24.192075,-1.357103,0.133785,0.157478,0.24657,0.990692,0,0.0,10
1900-01-01 14:40:15.663,21.963261,-1.121583,24.187217,-1.350934,0.133013,0.15722,0.246405,0.618222,0,0.0,10
1900-01-01 14:40:16.663,21.969168,-1.115414,24.18958,-1.348178,0.132992,0.15743,0.246285,0.849248,0,0.0,10
1900-01-01 14:40:17.663,21.955254,-1.126177,24.183936,-1.355266,0.132845,0.157089,0.246129,0.580504,0,0.0,10
1900-01-01 14:40:18.663,21.960242,-1.126309,24.190237,-1.359334,0.132346,0.157105,0.24635,1.009551,0,0.0,10
1900-01-01 14:40:19.663,21.968511,-1.123552,24.197588,-1.358416,0.132956,0.156989,0.246754,0.924685,0,0.0,10
1900-01-01 14:40:20.663,21.969168,-1.123815,24.193912,-1.355134,0.133355,0.15648,0.246589,0.721948,0,0.0,10
1900-01-01 14:40:21.663,21.961554,-1.132609,24.188268,-1.362616,0.132751,0.156538,0.246552,0.868107,0,0.0,10
1900-01-01 14:40:22.663,21.959586,-1.128277,24.186824,-1.365503,0.13389,0.157299,0.246625,0.995407,0,0.0,10
1900-01-01 14:40:23.663,21.973499,-1.121583,24.197588,-1.357891,0.133397,0.157299,0.245918,0.53807,0,0.0,10
1900-01-01 14:40:24.663,21.965624,-1.130771,24.194831,-1.365503,0.13284,0.157157,0.245955,0.561644,0,0.0,10
1900-01-01 14:40:25.663,21.97048,-1.129984,24.200476,-1.353953,0.132809,0.157415,0.246386,0.637081,0,0.0,10
1900-01-01 14:40:26.663,21.968643,-1.123158,24.199557,-1.360909,0.132971,0.157404,0.246001,0.839818,0,0.0,10
1900-01-01 14:40:27.663,21.959979,-1.12539,24.191024,-1.363272,0.1342,0.158092,0.246092,0.938829,0,0.0,10
1900-01-01 14:40:28.663,21.959454,-1.130903,24.192731,-1.364453,0.133433,0.157604,0.246175,0.8021,0,0.0,10
1900-01-01 14:40:29.663,21.974418,-1.125915,24.200345,-1.363141,0.133071,0.156837,0.246239,0.731378,0,0.0,10
1900-01-01 14:40:30.663,21.957485,-1.122633,24.189843,-1.369703,0.133129,0.157425,0.246065,0.613507,0,0.0,10
1900-01-01 14:40:31.663,21.964311,-1.123027,24.20402,-1.368259,0.133139,0.157677,0.24634,0.835103,0,0.0,10
1900-01-01 14:40:32.663,21.969955,-1.121583,24.20402,-1.376134,0.133759,0.157598,0.246267,0.382482,0,0.0,10
1900-01-01 14:40:33.663,21.952366,-1.128671,24.188399,-1.372328,0.133255,0.156795,0.246203,0.79267,0,0.0,10
1900-01-01 14:40:34.663,21.964836,-1.131034,24.196275,-1.373247,0.133355,0.15722,0.245578,0.754952,0,0.0,10
1900-01-01 14:40:35.663,21.953022,-1.134315,24.198244,-1.380072,0.134132,0.157898,0.245661,0.778526,0,0.0,10
1900-01-01 14:40:36.663,21.963523,-1.128015,24.207696,-1.379678,0.13274,0.156727,0.245716,0.269326,0,0.0,10
1900-01-01 14:40:37.663,21.967592,-1.130903,24.201658,-1.377578,0.133706,0.157955,0.246322,0.91054,0,0.0,10
1900-01-01 14:40:38.663,21.961686,-1.121715,24.203889,-1.37469,0.134027,0.15815,0.246037,1.301869,0,0.0,10
1900-01-01 14:40:39.663,21.961423,-1.130771,24.197194,-1.378497,0.133355,0.15722,0.245982,0.462633,0,0.0,10
1900-01-01 14:40:40.663,21.954073,-1.138384,24.201132,-1.38519,0.133234,0.157457,0.245808,0.726663,0,0.0,10
1900-01-01 14:40:41.663,21.952891,-1.131559,24.201001,-1.381384,0.133538,0.157488,0.246092,0.604078,0,0.0,10
1900-01-01 14:40:42.663,21.965099,-1.128015,24.21019,-1.382828,0.133738,0.157861,0.245936,0.740807,0,0.0,10
1900-01-01 14:40:43.663,21.96418,-1.130903,24.207302,-1.382697,0.133759,0.158097,0.245256,1.136851,0,0.0,10
1900-01-01 14:40:44.663,21.954073,-1.136153,24.206383,-1.386634,0.133061,0.157583,0.245752,0.486207,0,0.0,10
1900-01-01 14:40:45.663,21.964048,-1.132346,24.208746,-1.380465,0.132772,0.157084,0.24567,0.717233,0,0.0,10
1900-01-01 14:40:46.663,21.961292,-1.130771,24.20599,-1.382434,0.133722,0.157331,0.246157,0.91997,0,0.0,10
1900-01-01 14:40:47.663,21.966805,-1.136678,24.209271,-1.385453,0.133323,0.156869,0.245688,0.882251,0,0.0,10
1900-01-01 14:40:48.663,21.962473,-1.137596,24.201001,-1.379809,0.134111,0.158465,0.245633,0.203319,0,0.0,10
1900-01-01 14:40:49.663,21.95381,-1.145734,24.201789,-1.381515,0.134079,0.158134,0.245403,0.731378,0,0.0,10
1900-01-01 14:40:50.663,21.962079,-1.132346,24.203889,-1.382434,0.133638,0.157257,0.246092,0.726663,0,0.0,10
1900-01-01 14:40:51.663,21.966542,-1.137203,24.20402,-1.385978,0.133019,0.156375,0.245688,0.599363,0,0.0,10
1900-01-01 14:40:52.663,21.964573,-1.137071,24.202839,-1.381253,0.133061,0.157005,0.246074,0.8021,0,0.0,10
1900-01-01 14:40:53.663,21.962342,-1.143109,24.201395,-1.383747,0.133874,0.157115,0.246065,0.613507,0,0.0,10
1900-01-01 14:40:54.663,21.952891,-1.144553,24.197719,-1.387159,0.133475,0.157451,0.24578,0.561644,0,0.0,10
1900-01-01 14:40:55.663,21.956435,-1.13169,24.194044,-1.390703,0.133932,0.157241,0.246092,0.882251,0,0.0,10
1900-01-01 14:40:56.663,21.959979,-1.145734,24.197719,-1.394772,0.133591,0.15732,0.245624,0.325904,0,0.0,10
1900-01-01 14:40:57.663,21.964048,-1.141272,24.204808,-1.387947,0.133659,0.157546,0.245651,0.769096,0,0.0,10
1900-01-01 14:40:58.663,21.952497,-1.141928,24.194963,-1.385059,0.133922,0.157588,0.245679,0.707803,0,0.0,10
1900-01-01 14:40:59.663,21.947509,-1.14429,24.207302,-1.392015,0.133885,0.157373,0.245385,0.952974,0,0.0,10
1900-01-01 14:41:00.663,21.956698,-1.143109,24.206252,-1.382959,0.133407,0.1568,0.245293,0.759666,0,0.0,10
1900-01-01 14:41:01.663,21.962473,-1.137465,24.207959,-1.385059,0.133386,0.15743,0.245311,0.759666,0,0.0,10
1900-01-01 14:41:02.663,21.953941,-1.131953,24.210059,-1.382697,0.133544,0.157278,0.245164,0.787955,0,0.0,10
1900-01-01 14:41:03.663,21.960504,-1.140353,24.216098,-1.388603,0.133239,0.156732,0.245587,0.476778,0,0.0,10
1900-01-01 14:41:04.663,21.95696,-1.150591,24.21426,-1.390047,0.133155,0.157903,0.24521,0.811529,0,0.0,10
1900-01-01 14:41:05.663,21.957354,-1.145997,24.218723,-1.394903,0.133895,0.157467,0.245128,0.589933,0,0.0,10
1900-01-01 14:41:06.663,21.963786,-1.144422,24.222005,-1.394509,0.133491,0.157268,0.245054,1.127421,0,0.0,10
1900-01-01 14:41:07.663,21.964311,-1.134184,24.22358,-1.395165,0.134294,0.157514,0.245054,0.8021,0,0.0,10
1900-01-01 14:41:08.663,21.950266,-1.142715,24.223318,-1.388865,0.133864,0.157934,0.245514,0.580504,0,0.0,10
1900-01-01 14:41:09.663,21.949347,-1.146653,24.218854,-1.396478,0.134336,0.157745,0.245403,0.915255,0,0.0,10
1900-01-01 14:41:10.663,21.959979,-1.140878,24.227125,-1.394903,0.132824,0.156785,0.245909,0.571074,0,0.0,10
1900-01-01 14:41:11.663,21.952497,-1.148097,24.216623,-1.393197,0.133911,0.158286,0.24556,0.594648,0,0.0,10
1900-01-01 14:41:12.663,21.941865,-1.145209,24.222661,-1.396609,0.133171,0.15763,0.245321,0.622937,0,0.0,10
1900-01-01 14:41:13.663,21.952235,-1.142978,24.230931,-1.396347,0.133654,0.157346,0.245541,1.339588,0,0.0,10
1900-01-01 14:41:14.663,21.956304,-1.152822,24.23592,-1.40094,0.133449,0.157252,0.245054,0.764381,0,0.0,10
1900-01-01 14:41:15.663,21.966674,-1.148753,24.237495,-1.394772,0.133649,0.157646,0.24533,0.901111,0,0.0,10
1900-01-01 14:41:16.663,21.958273,-1.14114,24.232507,-1.39044,0.134084,0.157415,0.245183,0.797385,0,0.0,10
1900-01-01 14:41:17.663,21.959586,-1.136021,24.235657,-1.398578,0.133953,0.15721,0.245311,0.6748,0,0.0,10
1900-01-01 14:41:18.663,21.955779,-1.139434,24.236051,-1.39359,0.133265,0.156585,0.245376,0.886966,0,0.0,10
1900-01-01 14:41:19.663,21.943834,-1.13904,24.238283,-1.396609,0.133302,0.157724,0.245119,0.358908,0,0.0,10
1900-01-01 14:41:20.663,21.958404,-1.145865,24.238808,-1.403959,0.133654,0.157677,0.244944,0.533356,0,0.0,10
1900-01-01 14:41:21.663,21.951841,-1.148884,24.240777,-1.40094,0.133969,0.15773,0.245762,0.472063,0,0.0,10
1900-01-01 14:41:22.663,21.961423,-1.149934,24.245109,-1.392672,0.133958,0.157483,0.245918,1.075559,0,0.0,10
1900-01-01 14:41:23.663,21.952629,-1.14429,24.243665,-1.39464,0.133775,0.15763,0.245982,0.5475,0,0.0,10
1900-01-01 14:41:24.663,21.96628,-1.133921,24.25141,-1.397265,0.133223,0.157215,0.245707,0.844533,0,0.0,10
1900-01-01 14:41:25.663,21.962867,-1.14534,24.245372,-1.393459,0.133302,0.15753,0.245247,0.8021,0,0.0,10
1900-01-01 14:41:26.663,21.944359,-1.148491,24.235132,-1.39884,0.13452,0.158428,0.245734,0.924685,0,0.0,10
1900-01-01 14:41:27.663,21.960504,-1.149409,24.240121,-1.395822,0.133764,0.157446,0.245973,0.769096,0,0.0,10
1900-01-01 14:41:28.663,21.951316,-1.13484,24.239596,-1.399234,0.134289,0.158118,0.246111,0.688944,0,0.0,10
1900-01-01 14:41:29.663,21.948297,-1.143765,24.235001,-1.40199,0.133601,0.158291,0.245431,0.519211,0,0.0,10
1900-01-01 14:41:30.663,21.946328,-1.150459,24.24104,-1.404484,0.133796,0.157929,0.245817,0.967118,0,0.0,10
1900-01-01 14:41:31.663,21.941603,-1.153741,24.243402,-1.404353,0.133475,0.157283,0.245872,1.160425,0,0.0,10
1900-01-01 14:41:32.663,21.945672,-1.151247,24.238677,-1.401859,0.133323,0.156858,0.245863,0.523926,0,0.0,10
1900-01-01 14:41:33.663,21.952891,-1.154266,24.243665,-1.404222,0.132226,0.156118,0.24601,0.514496,0,0.0,10
1900-01-01 14:41:34.663,21.954204,-1.145078,24.244059,-1.402909,0.133197,0.157446,0.246019,0.943544,0,0.0,10
1900-01-01 14:41:35.663,21.958535,-1.142453,24.245765,-1.403303,0.133313,0.157084,0.245431,0.858677,0,0.0,10
1900-01-01 14:41:36.663,21.948035,-1.146391,24.23802,-1.406321,0.133313,0.157299,0.245679,0.297615,0,0.0,10
1900-01-01 14:41:37.663,21.94239,-1.145472,24.23907,-1.404878,0.133659,0.157787,0.245495,0.745522,0,0.0,10
1900-01-01 14:41:38.663,21.945016,-1.160566,24.240252,-1.406321,0.133517,0.15773,0.245458,0.250467,0,0.0,10
1900-01-01 14:41:39.663,21.939634,-1.149803,24.230931,-1.408815,0.133769,0.157509,0.24567,0.830388,0,0.0,10
1900-01-01 14:41:40.663,21.949347,-1.141665,24.237364,-1.409865,0.133974,0.157824,0.245569,0.618222,0,0.0,10
1900-01-01 14:41:41.663,21.967067,-1.152559,24.250622,-1.400678,0.133538,0.158087,0.245514,0.820959,0,0.0,10
1900-01-01 14:41:42.663,21.959454,-1.148622,24.246028,-1.405534,0.133817,0.157751,0.245504,0.717233,0,0.0,10
1900-01-01 14:41:43.663,21.939371,-1.150853,24.241696,-1.410915,0.133549,0.157908,0.245514,0.938829,0,0.0,10
1900-01-01 14:41:44.663,21.942128,-1.148228,24.243928,-1.408815,0.133454,0.157042,0.245238,1.033125,0,0.0,10
1900-01-01 14:41:45.663,21.950528,-1.143765,24.235264,-1.405928,0.133743,0.157593,0.245596,0.929399,0,0.0,10
1900-01-01 14:41:46.663,21.945934,-1.150066,24.239333,-1.410653,0.133444,0.157178,0.245541,0.533356,0,0.0,10
1900-01-01 14:41:47.663,21.942522,-1.150197,24.233294,-1.411965,0.13337,0.157493,0.245302,0.575789,0,0.0,10
1900-01-01 14:41:48.663,21.966674,-1.148097,24.242877,-1.403434,0.132966,0.157488,0.245615,0.773811,0,0.0,10
1900-01-01 14:41:49.663,21.941996,-1.159778,24.232769,-1.416428,0.133738,0.158108,0.245238,0.745522,0,0.0,10
1900-01-01 14:41:50.663,21.943834,-1.151247,24.234213,-1.412096,0.132929,0.157745,0.24499,0.726663,0,0.0,10
1900-01-01 14:41:51.663,21.937796,-1.149147,24.224237,-1.414065,0.13294,0.157063,0.244751,0.712518,0,0.0,10
1900-01-01 14:41:52.663,21.943309,-1.150197,24.229619,-1.411571,0.133166,0.157199,0.244678,0.580504,0,0.0,10
1900-01-01 14:41:53.663,21.93714,-1.150459,24.221086,-1.411571,0.13315,0.157567,0.244962,0.698374,0,0.0,10
1900-01-01 14:41:54.663,21.945934,-1.151509,24.232901,-1.411309,0.132956,0.157152,0.244861,0.66537,0,0.0,10
1900-01-01 14:41:55.663,21.937665,-1.150722,24.225943,-1.41564,0.133874,0.158034,0.24522,0.952974,0,0.0,10
1900-01-01 14:41:56.663,21.935302,-1.152691,24.225943,-1.41039,0.134231,0.158249,0.244687,0.736092,0,0.0,10
1900-01-01 14:41:57.663,21.94449,-1.157285,24.227912,-1.410521,0.130556,0.15376,0.244494,0.651226,0,0.0,10
1900-01-01 14:41:58.663,21.942259,-1.152297,24.226206,-1.407109,0.128188,0.150474,0.244751,0.561644,0,0.0,10
1900-01-01 14:41:59.663,21.938321,-1.154397,24.225812,-1.421153,0.128146,0.150678,0.245321,0.509782,0,0.0,10
1900-01-01 14:42:00.663,21.941471,-1.162797,24.233426,-1.414065,0.126912,0.149492,0.244852,0.825674,0,0.0,10
1900-01-01 14:42:01.663,21.931627,-1.161353,24.223843,-1.418396,0.127637,0.150495,0.244439,0.670085,0,0.0,10
1900-01-01 14:42:02.663,21.943047,-1.158203,24.233557,-1.41774,0.127605,0.149644,0.243842,1.061414,0,0.0,10
1900-01-01 14:42:03.663,21.930839,-1.157678,24.230013,-1.42194,0.127411,0.149917,0.244347,0.505067,0,0.0,10
1900-01-01 14:42:04.663,21.93819,-1.155053,24.227518,-1.423778,0.127401,0.149597,0.244273,0.519211,0,0.0,10
1900-01-01 14:42:05.663,21.936877,-1.151509,24.232244,-1.42194,0.127002,0.149402,0.243796,0.712518,0,0.0,10
1900-01-01 14:42:06.663,21.939371,-1.153084,24.233032,-1.421021,0.127747,0.149991,0.244126,0.622937,0,0.0,10
1900-01-01 14:42:07.663,21.948822,-1.157416,24.233426,-1.41564,0.127143,0.14946,0.243667,0.806814,0,0.0,10
1900-01-01 14:42:08.663,21.931496,-1.154003,24.224368,-1.419446,0.127448,0.14945,0.243924,0.759666,0,0.0,10
1900-01-01 14:42:09.663,21.930314,-1.161485,24.231325,-1.424303,0.127479,0.149612,0.243281,0.688944,0,0.0,10
1900-01-01 14:42:10.663,21.938715,-1.156497,24.224368,-1.419053,0.127049,0.149366,0.243254,0.707803,0,0.0,10
1900-01-01 14:42:11.663,21.941209,-1.155447,24.231063,-1.414196,0.127206,0.14957,0.243299,0.750237,0,0.0,10
1900-01-01 14:42:12.663,21.920863,-1.155053,24.226074,-1.415509,0.12173,0.141873,0.243097,0.759666,0,0.0,10
1900-01-01 14:42:13.663,21.931364,-1.154528,24.226468,-1.422203,0.125195,0.146016,0.24318,0.886966,0,0.0,10
1900-01-01 14:42:14.663,21.934515,-1.173429,24.228437,-1.42089,0.125106,0.147365,0.242785,0.344763,0,0.0,10
1900-01-01 14:42:15.663,21.93504,-1.158991,24.223055,-1.426534,0.124812,0.146935,0.2425,0.622937,0,0.0,10
1900-01-01 14:42:16.663,21.934383,-1.159516,24.22358,-1.426271,0.12488,0.146725,0.242335,0.769096,0,0.0,10
1900-01-01 14:42:17.663,21.926245,-1.158466,24.218329,-1.431784,0.125059,0.146599,0.242206,0.533356,0,0.0,10
1900-01-01 14:42:18.663,21.921126,-1.169623,24.21531,-1.431653,0.124975,0.147045,0.241921,0.231608,0,0.0,10
1900-01-01 14:42:19.663,21.943703,-1.158991,24.223449,-1.429684,0.123988,0.145711,0.242252,0.938829,0,0.0,10
1900-01-01 14:42:20.663,21.938321,-1.15781,24.221086,-1.43034,0.124576,0.14579,0.241701,0.703089,0,0.0,10
1900-01-01 14:42:21.663,21.933858,-1.15676,24.216229,-1.429028,0.124271,0.146105,0.242004,1.084988,0,0.0,10
1900-01-01 14:42:22.663,21.918369,-1.15991,24.201395,-1.439396,0.124156,0.145858,0.24137,0.523926,0,0.0,10
1900-01-01 14:42:23.663,21.918501,-1.160041,24.205071,-1.438871,0.122969,0.144299,0.241333,0.670085,0,0.0,10
1900-01-01 14:42:24.663,21.914694,-1.159122,24.195488,-1.437821,0.122334,0.142939,0.241269,0.542785,0,0.0,10
1900-01-01 14:42:25.663,21.93504,-1.16936,24.198638,-1.439265,0.121798,0.143291,0.241177,0.816244,0,0.0,10
1900-01-01 14:42:26.663,21.939371,-1.172248,24.196538,-1.433884,0.122308,0.142629,0.24069,0.773811,0,0.0,10
1900-01-01 14:42:27.663,21.93399,-1.162666,24.194963,-1.437953,0.121961,0.143932,0.240387,0.844533,0,0.0,10
1900-01-01 14:42:28.663,21.929002,-1.153347,24.194831,-1.43559,0.122156,0.14338,0.240056,0.896396,0,0.0,10
1900-01-01 14:42:29.663,21.93504,-1.158072,24.187349,-1.434803,0.121893,0.142986,0.240433,0.750237,0,0.0,10
1900-01-01 14:42:30.663,21.932546,-1.168441,24.189974,-1.435721,0.121914,0.142934,0.240093,0.811529,0,0.0,10
1900-01-01 14:42:31.663,21.929527,-1.161879,24.180654,-1.436115,0.122429,0.143102,0.240075,0.91997,0,0.0,10
1900-01-01 14:42:32.663,21.936877,-1.16936,24.183673,-1.440577,0.12215,0.142829,0.239827,0.519211,0,0.0,10
1900-01-01 14:42:33.663,21.925851,-1.164241,24.176453,-1.44189,0.122192,0.143254,0.239211,0.55693,0,0.0,10
1900-01-01 14:42:34.663,21.915482,-1.169754,24.162801,-1.448452,0.121746,0.142656,0.239184,0.863392,0,0.0,10
1900-01-01 14:42:35.663,21.919945,-1.16831,24.161225,-1.448846,0.122665,0.143428,0.239138,0.608793,0,0.0,10
1900-01-01 14:42:36.663,21.925458,-1.157153,24.163194,-1.442021,0.122271,0.143034,0.239229,0.707803,0,0.0,10
1900-01-01 14:42:37.663,21.927952,-1.167391,24.161094,-1.44294,0.122056,0.143606,0.238798,0.382482,0,0.0,10
1900-01-01 14:42:38.663,21.918238,-1.17041,24.152167,-1.441759,0.121651,0.143223,0.238678,1.099133,0,0.0,10
1900-01-01 14:42:39.663,21.93399,-1.168047,24.153086,-1.440971,0.122371,0.143233,0.238614,0.627652,0,0.0,10
1900-01-01 14:42:40.663,21.928214,-1.163979,24.149017,-1.442021,0.121252,0.142687,0.238357,0.6748,0,0.0,10
1900-01-01 14:42:41.663,21.938584,-1.169098,24.148886,-1.440052,0.121793,0.143049,0.23787,0.637081,0,0.0,10
1900-01-01 14:42:42.663,21.925326,-1.165685,24.148754,-1.434803,0.122371,0.143748,0.237842,0.872822,0,0.0,10
1900-01-01 14:42:43.663,21.930577,-1.167785,24.143241,-1.435328,0.121746,0.142881,0.238219,0.4202,0,0.0,10
1900-01-01 14:42:44.663,21.929395,-1.15886,24.143635,-1.442021,0.122607,0.143674,0.237824,0.976548,0,0.0,10
1900-01-01 14:42:45.663,21.929527,-1.171329,24.13799,-1.445171,0.121972,0.143512,0.237668,0.8021,0,0.0,10
1900-01-01 14:42:46.663,21.917319,-1.170673,24.133002,-1.450159,0.12172,0.142687,0.237319,0.467348,0,0.0,10
1900-01-01 14:42:47.663,21.928214,-1.172773,24.127357,-1.445565,0.121473,0.142845,0.237006,0.877537,0,0.0,10
1900-01-01 14:42:48.663,21.923095,-1.157416,24.126963,-1.440315,0.122639,0.143091,0.237025,0.962403,0,0.0,10
1900-01-01 14:42:49.663,21.932152,-1.165947,24.127882,-1.443859,0.121704,0.14285,0.236666,0.858677,0,0.0,10
1900-01-01 14:42:50.663,21.932677,-1.17566,24.124863,-1.441102,0.122497,0.142934,0.236464,0.651226,0,0.0,10
1900-01-01 14:42:51.663,21.934252,-1.162404,24.120137,-1.446221,0.121567,0.143097,0.236703,0.976548,0,0.0,10
1900-01-01 14:42:52.663,21.929789,-1.167654,24.115017,-1.451996,0.122087,0.143296,0.236675,0.486207,0,0.0,10
1900-01-01 14:42:53.663,21.935302,-1.15466,24.113573,-1.447402,0.121378,0.142262,0.23628,0.542785,0,0.0,10
1900-01-01 14:42:54.663,21.926245,-1.167522,24.106878,-1.448715,0.12298,0.14338,0.236198,0.627652,0,0.0,10
1900-01-01 14:42:55.663,21.929133,-1.168572,24.104909,-1.449896,0.122129,0.14306,0.235849,0.816244,0,0.0,10
1900-01-01 14:42:56.663,21.917844,-1.174873,24.0864,-1.460527,0.122292,0.14264,0.235867,0.882251,0,0.0,10
1900-01-01 14:42:57.663,21.933858,-1.170541,24.098083,-1.449502,0.122555,0.143207,0.235803,0.759666,0,0.0,10
1900-01-01 14:42:58.663,21.928739,-1.166604,24.093357,-1.452259,0.121967,0.143648,0.235821,1.051984,0,0.0,10
1900-01-01 14:42:59.663,21.925326,-1.165816,24.087975,-1.453177,0.122024,0.143196,0.235261,1.226432,0,0.0,10
1900-01-01 14:43:00.663,21.917976,-1.172248,24.079705,-1.451734,0.121699,0.142845,0.235472,0.976548,0,0.0,10
1900-01-01 14:43:01.663,21.919945,-1.178942,24.076685,-1.454752,0.121515,0.142734,0.234847,0.872822,0,0.0,10
1900-01-01 14:43:02.663,21.920863,-1.172904,24.077867,-1.44609,0.122224,0.143175,0.234838,0.934114,0,0.0,10
1900-01-01 14:43:03.663,21.92257,-1.175004,24.083118,-1.450159,0.122114,0.142855,0.234957,0.79267,0,0.0,10
1900-01-01 14:43:04.663,21.921913,-1.175923,24.073666,-1.442021,0.122402,0.143312,0.234957,0.462633,0,0.0,10
1900-01-01 14:43:05.663,21.92572,-1.172641,24.07406,-1.441759,0.122423,0.143097,0.234167,0.439059,0,0.0,10
1900-01-01 14:43:06.663,21.922439,-1.167522,24.080361,-1.439659,0.122418,0.143128,0.234452,0.608793,0,0.0,10
1900-01-01 14:43:07.663,21.919682,-1.171329,24.074847,-1.448452,0.122229,0.143375,0.234186,1.188714,0,0.0,10
1900-01-01 14:43:08.663,21.923489,-1.178285,24.074585,-1.451209,0.12319,0.144294,0.234167,0.632367,0,0.0,10
1900-01-01 14:43:09.663,21.926508,-1.174085,24.070778,-1.441365,0.12215,0.143685,0.234167,0.78324,0,0.0,10
1900-01-01 14:43:10.663,21.909706,-1.178417,24.071303,-1.445171,0.121746,0.143711,0.234131,0.849248,0,0.0,10
1900-01-01 14:43:11.663,21.921782,-1.180385,24.079705,-1.44189,0.123038,0.143643,0.233653,0.858677,0,0.0,10
1900-01-01 14:43:12.663,21.929395,-1.177498,24.081411,-1.446615,0.122544,0.1439,0.233607,0.679515,0,0.0,10
1900-01-01 14:43:13.663,21.925983,-1.17461,24.088369,-1.440709,0.122544,0.143522,0.233919,0.981262,0,0.0,10
1900-01-01 14:43:14.663,21.924933,-1.17986,24.08338,-1.449765,0.122927,0.143942,0.233524,0.641796,0,0.0,10
1900-01-01 14:43:15.663,21.920076,-1.174216,24.08128,-1.447271,0.12204,0.142965,0.233249,0.820959,0,0.0,10
1900-01-01 14:43:16.663,21.932283,-1.181173,24.084562,-1.445827,0.12236,0.143653,0.233184,0.825674,0,0.0,10
1900-01-01 14:43:17.663,21.921782,-1.177498,24.080361,-1.449896,0.122413,0.143884,0.233267,0.816244,0,0.0,10
1900-01-01 14:43:18.663,21.928345,-1.177498,24.090994,-1.441102,0.122717,0.143165,0.233129,0.660655,0,0.0,10
1900-01-01 14:43:19.663,21.924145,-1.177892,24.085743,-1.445959,0.122618,0.143848,0.233359,0.651226,0,0.0,10
1900-01-01 14:43:20.663,21.937927,-1.16936,24.091519,-1.44609,0.122077,0.142477,0.233258,0.811529,0,0.0,10
1900-01-01 14:43:21.663,21.914432,-1.181173,24.084693,-1.448715,0.122318,0.14306,0.232798,0.519211,0,0.0,10
1900-01-01 14:43:22.663,21.92467,-1.179335,24.089813,-1.446746,0.12193,0.14265,0.232899,0.896396,0,0.0,10
1900-01-01 14:43:23.663,21.916663,-1.173823,24.081411,-1.450946,0.122177,0.142908,0.232743,1.009551,0,0.0,10
1900-01-01 14:43:24.663,21.912988,-1.180517,24.080361,-1.461446,0.122234,0.143638,0.233056,0.660655,0,0.0,10
1900-01-01 14:43:25.663,21.932808,-1.171723,24.089419,-1.447665,0.122282,0.143732,0.232403,0.820959,0,0.0,10
1900-01-01 14:43:26.663,21.918632,-1.190098,24.085612,-1.451996,0.121762,0.142834,0.232311,0.91054,0,0.0,10
1900-01-01 14:43:27.663,21.917451,-1.174479,24.0864,-1.453965,0.122082,0.14253,0.232091,0.976548,0,0.0,10
1900-01-01 14:43:28.663,21.917319,-1.178942,24.081542,-1.45134,0.121982,0.142593,0.23233,0.934114,0,0.0,10
1900-01-01 14:43:29.663,21.907737,-1.182092,24.073272,-1.461709,0.121531,0.142152,0.232017,0.505067,0,0.0,10
1900-01-01 14:43:30.663,21.934252,-1.181435,24.0885,-1.457115,0.122565,0.143538,0.232036,0.849248,0,0.0,10
1900-01-01 14:43:31.663,21.922439,-1.17881,24.085087,-1.455015,0.122465,0.143049,0.232155,0.542785,0,0.0,10
1900-01-01 14:43:32.663,21.931364,-1.17356,24.092176,-1.450946,0.122796,0.14389,0.232348,0.849248,0,0.0,10
1900-01-01 14:43:33.663,21.916007,-1.18301,24.083774,-1.452259,0.122082,0.142572,0.232367,0.467348,0,0.0,10
1900-01-01 14:43:34.663,21.921257,-1.189311,24.084562,-1.455146,0.121988,0.142976,0.232284,0.457919,0,0.0,10
1900-01-01 14:43:35.663,21.917188,-1.182354,24.077867,-1.455277,0.122581,0.143653,0.23233,0.632367,0,0.0,10
1900-01-01 14:43:36.663,21.919551,-1.176842,24.087187,-1.457509,0.122066,0.143322,0.232651,0.8021,0,0.0,10
1900-01-01 14:43:37.663,21.907343,-1.181304,24.080886,-1.458952,0.121919,0.143097,0.232164,0.528641,0,0.0,10
1900-01-01 14:43:38.663,21.918107,-1.186029,24.087581,-1.455671,0.12277,0.143133,0.232054,0.769096,0,0.0,10
1900-01-01 14:43:39.663,21.924933,-1.192723,24.088106,-1.46289,0.12183,0.142708,0.231595,0.476778,0,0.0,10
1900-01-01 14:43:40.663,21.92257,-1.182748,24.088237,-1.459215,0.122003,0.143212,0.231586,0.599363,0,0.0,10
1900-01-01 14:43:41.663,21.935171,-1.185636,24.098345,-1.457377,0.121867,0.142561,0.231797,0.627652,0,0.0,10
1900-01-01 14:43:42.663,21.924933,-1.181173,24.087712,-1.462496,0.12203,0.142745,0.231457,0.849248,0,0.0,10
1900-01-01 14:43:43.663,21.930577,-1.181042,24.091519,-1.461709,0.122287,0.143081,0.231595,0.500352,0,0.0,10
1900-01-01 14:43:44.663,21.924014,-1.186817,24.092963,-1.466565,0.121657,0.143643,0.231641,0.594648,0,0.0,10
1900-01-01 14:43:45.663,21.920732,-1.184454,24.090994,-1.462496,0.123038,0.143322,0.231328,0.797385,0,0.0,10
1900-01-01 14:43:46.663,21.915613,-1.183273,24.0885,-1.465121,0.122119,0.142367,0.231053,0.853963,0,0.0,10
1900-01-01 14:43:47.663,21.92677,-1.179992,24.099264,-1.464465,0.121693,0.143485,0.231595,0.203319,0,0.0,10
1900-01-01 14:43:48.663,21.927033,-1.183404,24.098739,-1.466302,0.12141,0.142997,0.231172,1.014266,0,0.0,10
1900-01-01 14:43:49.663,21.920995,-1.180648,24.10189,-1.459609,0.121814,0.14296,0.231191,0.8021,0,0.0,10
1900-01-01 14:43:50.663,21.91325,-1.186948,24.094801,-1.463152,0.122177,0.142918,0.2312,0.30233,0,0.0,10
1900-01-01 14:43:51.663,21.924933,-1.18196,24.105565,-1.459215,0.121914,0.142944,0.23142,0.938829,0,0.0,10
1900-01-01 14:43:52.663,21.929658,-1.184717,24.102021,-1.463284,0.122366,0.143564,0.231126,0.905825,0,0.0,10
1900-01-01 14:43:53.663,21.914957,-1.190229,24.090863,-1.467746,0.12214,0.143165,0.230401,0.434345,0,0.0,10
1900-01-01 14:43:54.663,21.918763,-1.18406,24.103465,-1.468665,0.122507,0.142677,0.23086,0.8021,0,0.0,10
1900-01-01 14:43:55.663,21.903799,-1.191017,24.100971,-1.465252,0.122339,0.143611,0.230713,1.000122,0,0.0,10
1900-01-01 14:43:56.663,21.921782,-1.188129,24.11121,-1.463546,0.122418,0.143454,0.230456,0.797385,0,0.0,10
1900-01-01 14:43:57.663,21.925064,-1.185767,24.110685,-1.464727,0.121998,0.142335,0.230263,1.014266,0,0.0,10
1900-01-01 14:43:58.663,21.925589,-1.187211,24.110948,-1.460134,0.122864,0.143795,0.230695,0.490922,0,0.0,10
1900-01-01 14:43:59.663,21.910888,-1.185373,24.106747,-1.467484,0.12194,0.143144,0.230162,0.8021,0,0.0,10
1900-01-01 14:44:00.663,21.910888,-1.188392,24.114361,-1.470896,0.122171,0.142866,0.230152,0.929399,0,0.0,10
1900-01-01 14:44:01.663,21.906162,-1.193511,24.104515,-1.473652,0.12203,0.142719,0.230235,0.457919,0,0.0,10
1900-01-01 14:44:02.663,21.915875,-1.193905,24.114098,-1.472077,0.121662,0.142797,0.229877,0.943544,0,0.0,10
1900-01-01 14:44:03.663,21.918632,-1.188392,24.114229,-1.468796,0.122418,0.143013,0.229858,0.736092,0,0.0,10
1900-01-01 14:44:04.663,21.915088,-1.190361,24.111473,-1.472077,0.122513,0.143207,0.230079,0.962403,0,0.0,10
1900-01-01 14:44:05.663,21.910231,-1.19233,24.107666,-1.472602,0.122434,0.142666,0.229932,0.509782,0,0.0,10
1900-01-01 14:44:06.663,21.922964,-1.187473,24.118824,-1.46919,0.122392,0.142593,0.229675,0.651226,0,0.0,10
1900-01-01 14:44:07.663,21.9101,-1.192986,24.114492,-1.471421,0.122177,0.142362,0.229684,0.981262,0,0.0,10
1900-01-01 14:44:08.663,21.906293,-1.186686,24.116724,-1.476671,0.121788,0.142288,0.230152,0.740807,0,0.0,10
1900-01-01 14:44:09.663,21.919551,-1.191279,24.121318,-1.472208,0.121415,0.143359,0.229748,0.990692,0,0.0,10
1900-01-01 14:44:10.663,21.918107,-1.195086,24.121187,-1.472733,0.122303,0.142866,0.229748,1.056699,0,0.0,10
1900-01-01 14:44:11.663,21.914957,-1.193117,24.11633,-1.475096,0.121525,0.142472,0.229555,0.863392,0,0.0,10
1900-01-01 14:44:12.663,21.904456,-1.20388,24.114098,-1.476802,0.121925,0.142671,0.229381,0.764381,0,0.0,10
1900-01-01 14:44:13.663,21.907606,-1.191017,24.118036,-1.475358,0.122497,0.14328,0.229684,0.816244,0,0.0,10
1900-01-01 14:44:14.663,21.919682,-1.197448,24.125388,-1.477721,0.122182,0.142934,0.229941,0.787955,0,0.0,10
1900-01-01 14:44:15.663,21.925589,-1.196005,24.118824,-1.47654,0.122093,0.142372,0.230051,0.787955,0,0.0,10
1900-01-01 14:44:16.663,21.917319,-1.195086,24.120399,-1.476802,0.122198,0.143018,0.229234,0.646511,0,0.0,10
1900-01-01 14:44:17.663,21.907737,-1.19443,24.115805,-1.478508,0.122234,0.142509,0.228591,1.056699,0,0.0,10
1900-01-01 14:44:18.663,21.913644,-1.198236,24.123025,-1.479821,0.122775,0.14337,0.22882,0.78324,0,0.0,10
1900-01-01 14:44:19.663,21.924145,-1.192986,24.126569,-1.478246,0.121725,0.141968,0.229133,0.377767,0,0.0,10
1900-01-01 14:44:20.663,21.905637,-1.197317,24.115542,-1.480871,0.122628,0.143039,0.229169,0.816244,0,0.0,10
1900-01-01 14:44:21.663,21.921651,-1.195348,24.122237,-1.484283,0.122628,0.142577,0.228554,0.853963,0,0.0,10
1900-01-01 14:44:22.663,21.911675,-1.19968,24.120531,-1.476802,0.122345,0.142251,0.228499,0.886966,0,0.0,10
1900-01-01 14:44:23.663,21.912725,-1.201517,24.122762,-1.473258,0.122303,0.142372,0.22883,0.519211,0,0.0,10
1900-01-01 14:44:24.663,21.914694,-1.204274,24.1225,-1.478377,0.123032,0.143254,0.228701,0.78324,0,0.0,10
1900-01-01 14:44:25.663,21.9101,-1.200992,24.111735,-1.481921,0.122261,0.142698,0.228756,0.778526,0,0.0,10
1900-01-01 14:44:26.663,21.895924,-1.203224,24.112129,-1.482708,0.122544,0.142829,0.228719,0.632367,0,0.0,10
1900-01-01 14:44:27.663,21.919288,-1.193642,24.123025,-1.474833,0.122591,0.143023,0.228563,0.736092,0,0.0,10
1900-01-01 14:44:28.663,21.9101,-1.203749,24.118693,-1.479165,0.122791,0.14307,0.228627,0.627652,0,0.0,10
1900-01-01 14:44:29.663,21.898943,-1.203617,24.111867,-1.482708,0.122917,0.142871,0.228921,0.872822,0,0.0,10
1900-01-01 14:44:30.663,21.91535,-1.197186,24.121187,-1.476146,0.122381,0.142797,0.228976,0.594648,0,0.0,10
1900-01-01 14:44:31.663,21.927164,-1.197186,24.117905,-1.484677,0.122696,0.143097,0.228306,0.552215,0,0.0,10
1900-01-01 14:44:32.663,21.916926,-1.203092,24.113048,-1.478246,0.122691,0.142808,0.22883,0.731378,0,0.0,10
1900-01-01 14:44:33.663,21.904324,-1.203749,24.110029,-1.479296,0.123437,0.143275,0.228683,0.594648,0,0.0,10
1900-01-01 14:44:34.663,21.901568,-1.205061,24.109897,-1.475096,0.122786,0.143086,0.228407,1.004836,0,0.0,10
1900-01-01 14:44:35.663,21.914694,-1.203617,24.121712,-1.48074,0.122969,0.143601,0.228416,0.707803,0,0.0,10
1900-01-01 14:44:36.663,21.909181,-1.211361,24.111735,-1.477458,0.122691,0.142797,0.228278,0.679515,0,0.0,10
1900-01-01 14:44:37.663,21.909575,-1.202305,24.110816,-1.478115,0.12152,0.142881,0.228343,0.608793,0,0.0,10
1900-01-01 14:44:38.663,21.913644,-1.201911,24.117643,-1.47759,0.122765,0.142372,0.228591,1.108562,0,0.0,10
1900-01-01 14:44:39.663,21.911938,-1.20388,24.119218,-1.482183,0.122786,0.142976,0.22803,0.787955,0,0.0,10
1900-01-01 14:44:40.663,21.912331,-1.201386,24.117774,-1.477327,0.122975,0.143307,0.227635,0.830388,0,0.0,10
1900-01-01 14:44:41.663,21.908394,-1.203092,24.117774,-1.481527,0.12225,0.142419,0.228159,0.750237,0,0.0,10
1900-01-01 14:44:42.663,21.914563,-1.200205,24.114755,-1.479427,0.122817,0.142519,0.228076,0.646511,0,0.0,10
1900-01-01 14:44:43.663,21.915744,-1.200992,24.122762,-1.479427,0.122523,0.14253,0.228434,0.453204,0,0.0,10
1900-01-01 14:44:44.663,21.914957,-1.199417,24.118824,-1.482708,0.122502,0.143133,0.227782,0.825674,0,0.0,10
1900-01-01 14:44:45.663,21.921388,-1.200861,24.124075,-1.484283,0.12308,0.143627,0.228085,0.797385,0,0.0,10
1900-01-01 14:44:46.663,21.909706,-1.206111,24.115148,-1.484283,0.122051,0.142545,0.227929,0.967118,0,0.0,10
1900-01-01 14:44:47.663,21.909706,-1.209655,24.119349,-1.48494,0.122156,0.142824,0.227837,0.571074,0,0.0,10
1900-01-01 14:44:48.663,21.906687,-1.206242,24.110948,-1.48809,0.122607,0.142251,0.228104,0.509782,0,0.0,10
1900-01-01 14:44:49.663,21.928477,-1.201649,24.123287,-1.480477,0.122224,0.142288,0.227755,0.604078,0,0.0,10
1900-01-01 14:44:50.663,21.9143,-1.20388,24.1225,-1.480871,0.122255,0.142629,0.227819,0.976548,0,0.0,10
1900-01-01 14:44:51.663,21.92257,-1.19968,24.127357,-1.48494,0.122738,0.143191,0.22815,0.717233,0,0.0,10
1900-01-01 14:44:52.663,21.90905,-1.209786,24.116199,-1.490977,0.121699,0.142351,0.227948,0.594648,0,0.0,10
1900-01-01 14:44:53.663,21.910756,-1.208999,24.120662,-1.488746,0.122555,0.143333,0.22781,0.820959,0,0.0,10
1900-01-01 14:44:54.663,21.910231,-1.215299,24.120137,-1.494783,0.122481,0.143354,0.227543,0.434345,0,0.0,10
1900-01-01 14:44:55.663,21.902881,-1.211624,24.113573,-1.496621,0.122156,0.143028,0.227608,0.736092,0,0.0,10
1900-01-01 14:44:56.663,21.921126,-1.208343,24.127619,-1.487171,0.122539,0.14286,0.227552,0.571074,0,0.0,10
1900-01-01 14:44:57.663,21.901174,-1.21543,24.113311,-1.489402,0.122434,0.143233,0.227387,0.641796,0,0.0,10
1900-01-01 14:44:58.663,21.916794,-1.212411,24.122762,-1.492552,0.122801,0.143149,0.227626,0.561644,0,0.0,10
1900-01-01 14:44:59.663,21.917976,-1.204799,24.123681,-1.488483,0.122156,0.14202,0.227562,0.891681,0,0.0,10
1900-01-01 14:45:00.663,21.922964,-1.202305,24.123156,-1.49334,0.12246,0.142388,0.227672,0.575789,0,0.0,10
1900-01-01 14:45:01.663,21.906556,-1.212805,24.120137,-1.488483,0.122901,0.142572,0.227121,0.8021,0,0.0,10
1900-01-01 14:45:02.663,21.915088,-1.208999,24.132345,-1.493996,0.123253,0.142887,0.22735,0.670085,0,0.0,10
1900-01-01 14:45:03.663,21.914957,-1.208211,24.121056,-1.492683,0.122639,0.142482,0.227295,1.108562,0,0.0,10
1900-01-01 14:45:04.663,21.919551,-1.206505,24.125388,-1.48914,0.122381,0.142362,0.227433,0.476778,0,0.0,10
1900-01-01 14:45:05.663,21.904062,-1.211886,24.119874,-1.492158,0.121935,0.143149,0.227828,0.580504,0,0.0,10
1900-01-01 14:45:06.663,21.911675,-1.211361,24.116592,-1.492027,0.122444,0.142803,0.227332,0.877537,0,0.0,10
1900-01-01 14:45:07.663,21.931627,-1.197973,24.131426,-1.481133,0.121777,0.142929,0.227056,0.754952,0,0.0,10
1900-01-01 14:45:08.663,21.899074,-1.211493,24.109372,-1.492815,0.123494,0.143664,0.227249,0.877537,0,0.0,10
1900-01-01 14:45:09.663,21.907737,-1.21543,24.121975,-1.488746,0.122297,0.143102,0.227424,0.844533,0,0.0,10
1900-01-01 14:45:10.663,21.905243,-1.215168,24.118168,-1.48914,0.122093,0.143118,0.227258,0.721948,0,0.0,10
1900-01-01 14:45:11.663,21.909837,-1.214774,24.113836,-1.483627,0.122282,0.14285,0.227066,0.698374,0,0.0,10
1900-01-01 14:45:12.663,21.911806,-1.218843,24.114623,-1.494652,0.12204,0.141653,0.227387,0.750237,0,0.0,10
1900-01-01 14:45:13.663,21.907869,-1.21228,24.108322,-1.493996,0.12267,0.142724,0.227415,0.707803,0,0.0,10
1900-01-01 14:45:14.663,21.914038,-1.208999,24.117249,-1.489927,0.122471,0.143454,0.22758,0.990692,0,0.0,10
1900-01-01 14:45:15.663,21.912988,-1.21648,24.114098,-1.495308,0.122833,0.143118,0.227369,0.891681,0,0.0,10
1900-01-01 14:45:16.663,21.921257,-1.208605,24.115542,-1.490715,0.122744,0.142787,0.227194,0.712518,0,0.0,10
1900-01-01 14:45:17.663,21.909706,-1.214511,24.105828,-1.492815,0.122355,0.143023,0.227102,0.589933,0,0.0,10
1900-01-01 14:45:18.663,21.912725,-1.217399,24.110554,-1.492683,0.122135,0.143097,0.227111,1.009551,0,0.0,10
1900-01-01 14:45:19.663,21.904324,-1.215562,24.106353,-1.499508,0.122497,0.142498,0.227341,0.868107,0,0.0,10
1900-01-01 14:45:20.663,21.906293,-1.213855,24.110423,-1.491502,0.122208,0.143506,0.227121,0.754952,0,0.0,10
1900-01-01 14:45:21.663,21.905243,-1.218055,24.103859,-1.496096,0.123127,0.143627,0.227258,0.820959,0,0.0,10
1900-01-01 14:45:22.663,21.917319,-1.214511,24.118036,-1.492421,0.122523,0.143091,0.227203,0.552215,0,0.0,10
1900-01-01 14:45:23.663,21.915613,-1.213855,24.121843,-1.491108,0.121982,0.142981,0.227075,0.731378,0,0.0,10
1900-01-01 14:45:24.663,21.912725,-1.215693,24.115148,-1.492158,0.12245,0.142808,0.227222,0.78324,0,0.0,10
1900-01-01 14:45:25.663,21.905375,-1.220155,24.11633,-1.498327,0.122917,0.143139,0.227047,1.188714,0,0.0,10
1900-01-01 14:45:26.663,21.914563,-1.213461,24.113967,-1.494521,0.122675,0.143254,0.227093,0.594648,0,0.0,10
1900-01-01 14:45:27.663,21.899205,-1.214118,24.110685,-1.491502,0.122261,0.142719,0.226992,0.637081,0,0.0,10
1900-01-01 14:45:28.663,21.916007,-1.210968,24.12355,-1.491371,0.122371,0.142787,0.226588,0.915255,0,0.0,10
1900-01-01 14:45:29.663,21.913907,-1.215168,24.120793,-1.493602,0.12203,0.14243,0.226744,0.948259,0,0.0,10
1900-01-01 14:45:30.663,21.915744,-1.222649,24.117905,-1.489402,0.122129,0.14264,0.226523,0.91054,0,0.0,10
1900-01-01 14:45:31.663,21.91115,-1.21753,24.116855,-1.498327,0.122219,0.143013,0.226744,0.896396,0,0.0,10
1900-01-01 14:45:32.663,21.904456,-1.220418,24.107141,-1.491896,0.122434,0.142855,0.226873,0.608793,0,0.0,10
1900-01-01 14:45:33.663,21.892773,-1.217137,24.114886,-1.494652,0.122618,0.14337,0.226523,0.670085,0,0.0,10
1900-01-01 14:45:34.663,21.904456,-1.214249,24.118693,-1.492683,0.122738,0.142792,0.22656,0.943544,0,0.0,10
1900-01-01 14:45:35.663,21.905637,-1.225012,24.113573,-1.496358,0.122465,0.143517,0.226239,0.698374,0,0.0,10
1900-01-01 14:45:36.663,21.903406,-1.217137,24.118168,-1.489402,0.122397,0.142052,0.227157,0.844533,0,0.0,10
1900-01-01 14:45:37.663,21.908131,-1.217005,24.117511,-1.492158,0.122182,0.142834,0.226946,0.684229,0,0.0,10
1900-01-01 14:45:38.663,21.910494,-1.21543,24.127357,-1.492027,0.123127,0.142997,0.226349,0.764381,0,0.0,10
1900-01-01 14:45:39.663,21.918238,-1.212674,24.127882,-1.49334,0.122838,0.143674,0.226845,0.8021,0,0.0,10
1900-01-01 14:45:40.663,21.907606,-1.21438,24.121843,-1.492027,0.121956,0.142724,0.226321,0.750237,0,0.0,10
1900-01-01 14:45:41.663,21.900255,-1.221205,24.126175,-1.486383,0.122969,0.142845,0.226744,0.924685,0,0.0,10
1900-01-01 14:45:42.663,21.902487,-1.217399,24.123025,-1.490977,0.121967,0.142556,0.226698,0.740807,0,0.0,10
1900-01-01 14:45:43.663,21.908262,-1.217662,24.121318,-1.486646,0.12257,0.143375,0.226487,0.773811,0,0.0,10
1900-01-01 14:45:44.663,21.9059,-1.220024,24.125782,-1.48704,0.122654,0.143443,0.226138,0.717233,0,0.0,10
1900-01-01 14:45:45.663,21.898549,-1.219762,24.127619,-1.485858,0.122891,0.143391,0.226147,0.943544,0,0.0,10
1900-01-01 14:45:46.663,21.901962,-1.222124,24.121975,-1.495308,0.123232,0.143039,0.226275,0.391911,0,0.0,10
1900-01-01 14:45:47.663,21.9059,-1.219762,24.126307,-1.495046,0.122586,0.142834,0.225954,0.571074,0,0.0,10
1900-01-01 14:45:48.663,21.916532,-1.214511,24.132476,-1.487565,0.123048,0.142845,0.225853,1.004836,0,0.0,10
1900-01-01 14:45:49.663,21.911544,-1.220812,24.13392,-1.494521,0.122381,0.142824,0.22622,0.934114,0,0.0,10
1900-01-01 14:45:50.663,21.896449,-1.222781,24.121581,-1.490321,0.123332,0.143228,0.226184,0.981262,0,0.0,10
1900-01-01 14:45:51.663,21.9122,-1.214118,24.133658,-1.492027,0.122649,0.142955,0.226193,0.325904,0,0.0,10
1900-01-01 14:45:52.663,21.904324,-1.219893,24.129588,-1.501608,0.122492,0.143322,0.226257,0.896396,0,0.0,10
1900-01-01 14:45:53.663,21.903799,-1.218187,24.135364,-1.49229,0.121861,0.142661,0.226018,0.604078,0,0.0,10
1900-01-01 14:45:54.663,21.903931,-1.21963,24.128407,-1.495702,0.122765,0.143412,0.226321,1.089703,0,0.0,10
1900-01-01 14:45:55.663,21.895267,-1.226587,24.129851,-1.496096,0.122145,0.142587,0.226606,1.122707,0,0.0,10
1900-01-01 14:45:56.663,21.897105,-1.222912,24.132739,-1.498983,0.123017,0.143554,0.226349,0.952974,0,0.0,10
1900-01-01 14:45:57.663,21.902487,-1.221862,24.133133,-1.496358,0.122565,0.144163,0.226588,0.750237,0,0.0,10
1900-01-01 14:45:58.663,21.896711,-1.224356,24.134183,-1.498852,0.121625,0.142346,0.226753,0.943544,0,0.0,10
1900-01-01 14:45:59.663,21.880829,-1.226456,24.125388,-1.502265,0.12236,0.14243,0.226285,0.896396,0,0.0,10
1900-01-01 14:46:00.663,21.905506,-1.219237,24.136809,-1.504627,0.122219,0.143028,0.226487,0.707803,0,0.0,10
1900-01-01 14:46:01.663,21.899468,-1.225537,24.135627,-1.505808,0.123127,0.143312,0.226496,0.877537,0,0.0,10
1900-01-01 14:46:02.663,21.899993,-1.223831,24.137071,-1.500165,0.122072,0.142923,0.227056,0.717233,0,0.0,10
1900-01-01 14:46:03.663,21.883585,-1.234068,24.129982,-1.501346,0.123321,0.143858,0.226487,1.042555,0,0.0,10
1900-01-01 14:46:04.663,21.905506,-1.22068,24.141272,-1.503446,0.12172,0.14253,0.226165,0.797385,0,0.0,10
1900-01-01 14:46:05.663,21.869146,-1.235512,24.124338,-1.504365,0.121919,0.142997,0.226625,0.467348,0,0.0,10
1900-01-01 14:46:06.663,21.885554,-1.230787,24.128276,-1.506333,0.122434,0.142356,0.226349,0.868107,0,0.0,10
1900-01-01 14:46:07.663,21.898155,-1.226062,24.134052,-1.500296,0.122565,0.142892,0.226606,0.655941,0,0.0,10
1900-01-01 14:46:08.663,21.879385,-1.225931,24.12972,-1.49754,0.122733,0.143827,0.226321,0.688944,0,0.0,10
1900-01-01 14:46:09.663,21.887129,-1.2321,24.13392,-1.501346,0.122371,0.14264,0.226376,0.745522,0,0.0,10
1900-01-01 14:46:10.663,21.892773,-1.229081,24.133789,-1.497671,0.122838,0.143196,0.226128,0.740807,0,0.0,10
1900-01-01 14:46:11.663,21.899205,-1.225143,24.133002,-1.498983,0.122528,0.142776,0.226523,0.580504,0,0.0,10
1900-01-01 14:46:12.663,21.895136,-1.227243,24.126963,-1.501608,0.122492,0.142257,0.22623,0.604078,0,0.0,10
1900-01-01 14:46:13.663,21.899074,-1.225012,24.126044,-1.500296,0.122528,0.142902,0.226459,0.679515,0,0.0,10
1900-01-01 14:46:14.663,21.879779,-1.228556,24.116067,-1.500165,0.122434,0.143364,0.22634,0.514496,0,0.0,10
1900-01-01 14:46:15.663,21.885554,-1.230262,24.117774,-1.499377,0.122145,0.142792,0.226285,0.929399,0,0.0,10
1900-01-01 14:46:16.663,21.885948,-1.23315,24.105303,-1.500821,0.122203,0.142992,0.226468,0.632367,0,0.0,10
1900-01-01 14:46:17.663,21.895661,-1.227506,24.113048,-1.500427,0.122061,0.142488,0.226064,0.872822,0,0.0,10
1900-01-01 14:46:18.663,21.886079,-1.227637,24.112392,-1.49754,0.122639,0.142677,0.226615,0.905825,0,0.0,10
1900-01-01 14:46:19.663,21.905375,-1.227506,24.117511,-1.498458,0.123316,0.14338,0.226055,0.684229,0,0.0,10
1900-01-01 14:46:20.663,21.886998,-1.227899,24.101365,-1.494127,0.122224,0.143223,0.226505,0.443774,0,0.0,10
1900-01-01 14:46:21.663,21.883191,-1.232756,24.100708,-1.495702,0.122954,0.144131,0.22588,0.957688,0,0.0,10
1900-01-01 14:46:22.663,21.893955,-1.229737,24.105303,-1.498065,0.122765,0.143564,0.225798,0.651226,0,0.0,10
1900-01-01 14:46:23.663,21.885817,-1.233281,24.097295,-1.492552,0.121977,0.143307,0.22622,0.571074,0,0.0,10
1900-01-01 14:46:24.663,21.891461,-1.228556,24.092963,-1.496752,0.122345,0.143764,0.226,0.79267,0,0.0,10
1900-01-01 14:46:25.663,21.886998,-1.228687,24.094538,-1.494783,0.122308,0.143543,0.226211,0.957688,0,0.0,10
1900-01-01 14:46:26.663,21.886079,-1.2321,24.097952,-1.494915,0.123053,0.143995,0.225972,0.981262,0,0.0,10
1900-01-01 14:46:27.663,21.908,-1.229474,24.096376,-1.495833,0.122696,0.142976,0.226257,0.78324,0,0.0,10
1900-01-01 14:46:28.663,21.893036,-1.230787,24.090994,-1.502265,0.122744,0.143317,0.226266,0.995407,0,0.0,10
1900-01-01 14:46:29.663,21.88726,-1.236431,24.08745,-1.499771,0.122434,0.14338,0.226349,0.712518,0,0.0,10
1900-01-01 14:46:30.663,21.885292,-1.234462,24.079311,-1.496227,0.121357,0.142341,0.22634,0.66537,0,0.0,10
1900-01-01 14:46:31.663,21.890017,-1.231312,24.082724,-1.491633,0.121982,0.142713,0.225936,1.15571,0,0.0,10
1900-01-01 14:46:32.663,21.877941,-1.236168,24.073141,-1.497802,0.122287,0.142729,0.225687,1.04727,0,0.0,10
1900-01-01 14:46:33.663,21.880697,-1.233675,24.074585,-1.502658,0.121662,0.141679,0.225642,0.401341,0,0.0,10
1900-01-01 14:46:34.663,21.893298,-1.229606,24.078654,-1.497408,0.122198,0.142829,0.226266,0.717233,0,0.0,10
1900-01-01 14:46:35.663,21.896186,-1.229212,24.075898,-1.502133,0.121851,0.142241,0.225357,0.938829,0,0.0,10
1900-01-01 14:46:36.663,21.896843,-1.2321,24.070253,-1.500427,0.122455,0.143223,0.225605,0.806814,0,0.0,10
1900-01-01 14:46:37.663,21.881747,-1.2405,24.066315,-1.500821,0.121756,0.142572,0.225311,0.641796,0,0.0,10
1900-01-01 14:46:38.663,21.883716,-1.232362,24.068153,-1.509221,0.121604,0.142377,0.225173,0.91997,0,0.0,10
1900-01-01 14:46:39.663,21.88201,-1.234856,24.059095,-1.505152,0.121814,0.14253,0.225265,0.55693,0,0.0,10
1900-01-01 14:46:40.663,21.893824,-1.231837,24.066052,-1.507777,0.122009,0.142881,0.225623,0.637081,0,0.0,10
1900-01-01 14:46:41.663,21.89343,-1.228556,24.067234,-1.507252,0.12193,0.142199,0.225256,0.849248,0,0.0,10
1900-01-01 14:46:42.663,21.868096,-1.235775,24.056338,-1.508958,0.122434,0.142808,0.225228,0.835103,0,0.0,10
1900-01-01 14:46:43.663,21.879647,-1.23525,24.060145,-1.511977,0.121961,0.143128,0.225393,0.703089,0,0.0,10
1900-01-01 14:46:44.663,21.88516,-1.233806,24.05857,-1.511714,0.12235,0.142803,0.225357,0.773811,0,0.0,10
1900-01-01 14:46:45.663,21.885948,-1.236037,24.060801,-1.514077,0.122255,0.14253,0.225265,1.033125,0,0.0,10
1900-01-01 14:46:46.663,21.887392,-1.233806,24.056863,-1.511452,0.121835,0.142939,0.225623,0.787955,0,0.0,10
1900-01-01 14:46:47.663,21.874922,-1.232231,24.060801,-1.509746,0.122129,0.142666,0.225559,0.566359,0,0.0,10
1900-01-01 14:46:48.663,21.88621,-1.232625,24.066052,-1.506202,0.122287,0.142881,0.225623,0.877537,0,0.0,10
1900-01-01 14:46:49.663,21.879516,-1.235118,24.064346,-1.507514,0.122072,0.142577,0.225733,0.825674,0,0.0,10
1900-01-01 14:46:50.663,21.889492,-1.235775,24.070515,-1.506333,0.122213,0.142661,0.225724,0.811529,0,0.0,10
1900-01-01 14:46:51.663,21.890936,-1.232756,24.065133,-1.508433,0.122161,0.14286,0.225504,0.627652,0,0.0,10
1900-01-01 14:46:52.663,21.888311,-1.239712,24.063295,-1.509746,0.122938,0.14274,0.225605,0.886966,0,0.0,10
1900-01-01 14:46:53.663,21.878072,-1.2426,24.068546,-1.508302,0.122014,0.142572,0.225458,0.8021,0,0.0,10
1900-01-01 14:46:54.663,21.883716,-1.235906,24.073141,-1.510402,0.121562,0.142377,0.225853,0.858677,0,0.0,10
1900-01-01 14:46:55.663,21.885817,-1.234987,24.073403,-1.505283,0.12203,0.142855,0.225807,0.660655,0,0.0,10
1900-01-01 14:46:56.663,21.87991,-1.241287,24.069071,-1.512502,0.121709,0.142635,0.225706,0.731378,0,0.0,10
1900-01-01 14:46:57.663,21.889492,-1.237218,24.075635,-1.509614,0.121636,0.143039,0.225485,0.698374,0,0.0,10
1900-01-01 14:46:58.663,21.883979,-1.2384,24.074322,-1.511977,0.122429,0.142635,0.225798,0.688944,0,0.0,10
1900-01-01 14:46:59.663,21.886473,-1.239319,24.07616,-1.512108,0.122318,0.14347,0.225072,1.04727,0,0.0,10
1900-01-01 14:47:00.663,21.886998,-1.235775,24.078523,-1.510664,0.121699,0.142293,0.225458,0.938829,0,0.0,10
1900-01-01 14:47:01.663,21.88516,-1.23735,24.077867,-1.509221,0.121893,0.142918,0.22589,0.472063,0,0.0,10
1900-01-01 14:47:02.663,21.877416,-1.239056,24.075898,-1.506989,0.121956,0.142645,0.225789,0.750237,0,0.0,10
1900-01-01 14:47:03.663,21.869278,-1.239056,24.078523,-1.510533,0.122114,0.14306,0.225559,1.02841,0,0.0,10
1900-01-01 14:47:04.663,21.882404,-1.236037,24.082461,-1.504627,0.122119,0.14253,0.225476,0.481493,0,0.0,10
1900-01-01 14:47:05.663,21.85812,-1.237087,24.078261,-1.514339,0.122135,0.14201,0.225412,0.806814,0,0.0,10
1900-01-01 14:47:06.663,21.88621,-1.237875,24.079705,-1.510139,0.121489,0.142871,0.225834,0.934114,0,0.0,10
1900-01-01 14:47:07.663,21.882929,-1.233806,24.087581,-1.509483,0.121846,0.142351,0.225485,0.684229,0,0.0,10
1900-01-01 14:47:08.663,21.882666,-1.238925,24.081017,-1.507383,0.121436,0.142393,0.225237,0.415485,0,0.0,10
1900-01-01 14:47:09.663,21.883716,-1.240369,24.083249,-1.508564,0.12172,0.142425,0.225651,0.797385,0,0.0,10
1900-01-01 14:47:10.663,21.881616,-1.237087,24.087975,-1.509483,0.121667,0.143559,0.225274,0.882251,0,0.0,10
1900-01-01 14:47:11.663,21.888704,-1.241944,24.086268,-1.513289,0.121615,0.143364,0.225348,0.495637,0,0.0,10
1900-01-01 14:47:12.663,21.886473,-1.240762,24.086137,-1.508958,0.121935,0.142535,0.225926,1.02841,0,0.0,10
1900-01-01 14:47:13.663,21.888967,-1.237875,24.090338,-1.505808,0.121967,0.143301,0.22555,0.731378,0,0.0,10
1900-01-01 14:47:14.663,21.900124,-1.239187,24.091913,-1.511583,0.122077,0.142598,0.225899,0.8021,0,0.0,10
1900-01-01 14:47:15.663,21.885817,-1.232362,24.093226,-1.512764,0.121552,0.142367,0.225834,0.78324,0,0.0,10
1900-01-01 14:47:16.663,21.897893,-1.232362,24.091125,-1.511321,0.122098,0.143065,0.225825,0.679515,0,0.0,10
1900-01-01 14:47:17.663,21.880697,-1.238531,24.085743,-1.513683,0.1213,0.142708,0.225476,0.769096,0,0.0,10
1900-01-01 14:47:18.663,21.881222,-1.234068,24.085743,-1.512371,0.121667,0.142598,0.225605,0.78324,0,0.0,10
1900-01-01 14:47:19.663,21.876235,-1.245619,24.085349,-1.514864,0.122014,0.142661,0.225981,0.811529,0,0.0,10
1900-01-01 14:47:20.663,21.896449,-1.231312,24.096639,-1.505415,0.122817,0.143428,0.226147,0.604078,0,0.0,10
1900-01-01 14:47:21.663,21.892248,-1.239844,24.099527,-1.509746,0.122066,0.143422,0.225632,1.278295,0,0.0,10
1900-01-01 14:47:22.663,21.884504,-1.237612,24.091257,-1.511058,0.121767,0.14274,0.225623,0.976548,0,0.0,10
1900-01-01 14:47:23.663,21.880172,-1.237743,24.093488,-1.517096,0.122523,0.14369,0.225623,0.787955,0,0.0,10
1900-01-01 14:47:24.663,21.893955,-1.2405,24.09467,-1.509352,0.121851,0.142388,0.22555,0.731378,0,0.0,10
1900-01-01 14:47:25.663,21.890148,-1.2321,24.09782,-1.509483,0.121893,0.143464,0.225669,0.688944,0,0.0,10
1900-01-01 14:47:26.663,21.883191,-1.233412,24.09165,-1.508171,0.122229,0.143485,0.22577,0.646511,0,0.0,10
1900-01-01 14:47:27.663,21.899337,-1.239319,24.097033,-1.509877,0.122345,0.142955,0.225421,0.698374,0,0.0,10
1900-01-01 14:47:28.663,21.9059,-1.248113,24.108585,-1.502921,0.122518,0.143212,0.225054,1.080273,0,0.0,10
1900-01-01 14:47:29.663,21.889886,-1.239056,24.101365,-1.503708,0.122523,0.143926,0.225329,0.806814,0,0.0,10
1900-01-01 14:47:30.663,21.890279,-1.240894,24.103465,-1.509614,0.121882,0.143238,0.225917,0.401341,0,0.0,10
1900-01-01 14:47:31.663,21.890148,-1.234462,24.102677,-1.50489,0.122618,0.14327,0.225789,1.023696,0,0.0,10
1900-01-01 14:47:32.663,21.900255,-1.239844,24.105697,-1.501477,0.12204,0.143139,0.226083,0.91997,0,0.0,10
1900-01-01 14:47:33.663,21.89868,-1.237875,24.108585,-1.501871,0.122738,0.142887,0.225926,0.957688,0,0.0,10
1900-01-01 14:47:34.663,21.907475,-1.241287,24.11016,-1.499246,0.122854,0.143527,0.225623,0.571074,0,0.0,10
1900-01-01 14:47:35.663,21.885948,-1.241812,24.100708,-1.506333,0.121609,0.142167,0.225237,1.132136,0,0.0,10
1900-01-01 14:47:36.663,21.907869,-1.236825,24.111998,-1.501871,0.121431,0.142446,0.225191,0.368337,0,0.0,10
1900-01-01 14:47:37.663,21.89763,-1.244044,24.10911,-1.507383,0.122896,0.143916,0.22555,0.877537,0,0.0,10
1900-01-01 14:47:38.663,21.896843,-1.242337,24.105959,-1.514077,0.121993,0.142509,0.225439,0.599363,0,0.0,10
1900-01-01 14:47:39.663,21.902356,-1.235643,24.113048,-1.511189,0.122429,0.143407,0.225421,0.684229,0,0.0,10
1900-01-01 14:47:40.663,21.894611,-1.25415,24.11016,-1.513814,0.121809,0.143296,0.22555,0.825674,0,0.0,10
1900-01-01 14:47:41.663,21.887917,-1.243912,24.10504,-1.517227,0.122129,0.142892,0.225724,0.773811,0,0.0,10
1900-01-01 14:47:42.663,21.896974,-1.247325,24.110816,-1.517358,0.121956,0.143438,0.225439,0.698374,0,0.0,10
1900-01-01 14:47:43.663,21.902356,-1.243519,24.109504,-1.514602,0.122418,0.142766,0.225008,0.891681,0,0.0,10
1900-01-01 14:47:44.663,21.903668,-1.24155,24.114229,-1.511452,0.121189,0.14264,0.225412,0.934114,0,0.0,10
1900-01-01 14:47:45.663,21.885817,-1.241419,24.105303,-1.513027,0.121263,0.14191,0.225145,0.787955,0,0.0,10
1900-01-01 14:47:46.663,21.902093,-1.233543,24.111604,-1.517096,0.12172,0.14295,0.225926,1.051984,0,0.0,10
1900-01-01 14:47:47.663,21.893036,-1.237612,24.10084,-1.511583,0.122051,0.143065,0.225678,0.787955,0,0.0,10
1900-01-01 14:47:48.663,21.894349,-1.241944,24.101102,-1.514208,0.122465,0.143049,0.225789,0.797385,0,0.0,10
1900-01-01 14:47:49.663,21.907081,-1.236562,24.117905,-1.504758,0.122019,0.142619,0.225412,0.368337,0,0.0,10
1900-01-01 14:47:50.663,21.887917,-1.245225,24.101233,-1.513027,0.122303,0.143149,0.225265,0.641796,0,0.0,10
1900-01-01 14:47:51.663,21.894217,-1.248244,24.106878,-1.514208,0.121657,0.142451,0.22543,0.759666,0,0.0,10
1900-01-01 14:47:52.663,21.896711,-1.240106,24.103859,-1.516046,0.121693,0.142881,0.225283,0.740807,0,0.0,10
1900-01-01 14:47:53.663,21.88516,-1.239712,24.095851,-1.519196,0.121777,0.142913,0.225302,0.505067,0,0.0,10
1900-01-01 14:47:54.663,21.889229,-1.248375,24.104384,-1.522608,0.121536,0.14254,0.225017,0.684229,0,0.0,10
1900-01-01 14:47:55.663,21.902093,-1.2426,24.109504,-1.508827,0.121735,0.142729,0.225338,0.707803,0,0.0,10
1900-01-01 14:47:56.663,21.900124,-1.2426,24.106091,-1.512108,0.121174,0.142435,0.225715,0.830388,0,0.0,10
1900-01-01 14:47:57.663,21.893692,-1.243125,24.100183,-1.514602,0.122124,0.143018,0.225779,1.04727,0,0.0,10
1900-01-01 14:47:58.663,21.911281,-1.245094,24.114229,-1.511583,0.121552,0.141963,0.225375,0.599363,0,0.0,10
1900-01-01 14:47:59.663,21.882666,-1.250213,24.09572,-1.521033,0.12193,0.143154,0.225467,0.457919,0,0.0,10
1900-01-01 14:48:00.663,21.902356,-1.241944,24.10504,-1.510796,0.121363,0.14275,0.225375,0.830388,0,0.0,10
1900-01-01 14:48:01.663,21.896974,-1.247456,24.092176,-1.524183,0.12163,0.142157,0.225348,0.971833,0,0.0,10
1900-01-01 14:48:02.663,21.888573,-1.2489,24.095982,-1.516833,0.121825,0.142897,0.225384,0.877537,0,0.0,10
1900-01-01 14:48:03.663,21.886735,-1.251,24.087581,-1.513158,0.122108,0.143958,0.225623,0.886966,0,0.0,10
1900-01-01 14:48:04.663,21.893298,-1.235381,24.09572,-1.514208,0.122009,0.142902,0.225375,0.839818,0,0.0,10
1900-01-01 14:48:05.663,21.900387,-1.238137,24.089813,-1.513027,0.121814,0.142666,0.225403,0.670085,0,0.0,10
1900-01-01 14:48:06.663,21.883454,-1.241025,24.085349,-1.514339,0.122213,0.142293,0.225577,0.858677,0,0.0,10
1900-01-01 14:48:07.663,21.899993,-1.240762,24.09362,-1.517489,0.121709,0.142041,0.225302,0.750237,0,0.0,10
1900-01-01 14:48:08.663,21.891592,-1.242469,24.085874,-1.521821,0.12131,0.142535,0.225697,0.481493,0,0.0,10
1900-01-01 14:48:09.663,21.887523,-1.241812,24.083643,-1.522346,0.122292,0.142918,0.225182,0.750237,0,0.0,10
1900-01-01 14:48:10.663,21.898286,-1.2468,24.085874,-1.518802,0.12193,0.142656,0.225789,1.160425,0,0.0,10
1900-01-01 14:48:11.663,21.893167,-1.245488,24.083905,-1.521164,0.122397,0.142876,0.225577,0.571074,0,0.0,10
1900-01-01 14:48:12.663,21.893036,-1.248638,24.073797,-1.521427,0.121405,0.14211,0.225706,1.150995,0,0.0,10
1900-01-01 14:48:13.663,21.904193,-1.247588,24.08955,-1.518802,0.121835,0.142551,0.225596,1.099133,0,0.0,10
1900-01-01 14:48:14.663,21.894217,-1.245488,24.080624,-1.518933,0.121998,0.142587,0.225403,0.981262,0,0.0,10
1900-01-01 14:48:15.663,21.885685,-1.260319,24.075766,-1.521558,0.121683,0.142393,0.225265,1.094418,0,0.0,10
1900-01-01 14:48:16.663,21.889361,-1.247981,24.074191,-1.520771,0.122066,0.142913,0.225228,0.736092,0,0.0,10
1900-01-01 14:48:17.663,21.888704,-1.245356,24.064214,-1.518671,0.121798,0.142608,0.225476,0.736092,0,0.0,10
1900-01-01 14:48:18.663,21.886998,-1.243256,24.070909,-1.516833,0.12151,0.142383,0.225256,0.835103,0,0.0,10
1900-01-01 14:48:19.663,21.895792,-1.24365,24.072616,-1.518014,0.121205,0.142755,0.225577,0.938829,0,0.0,10
1900-01-01 14:48:20.663,21.889492,-1.245225,24.067759,-1.519721,0.121588,0.142309,0.225439,0.929399,0,0.0,10
1900-01-01 14:48:21.663,21.899074,-1.244437,24.072878,-1.517227,0.121389,0.142724,0.225669,0.787955,0,0.0,10
1900-01-01 14:48:22.663,21.891986,-1.241419,24.069728,-1.511846,0.121714,0.141957,0.225265,0.759666,0,0.0,10
1900-01-01 14:48:23.663,21.889886,-1.247456,24.065133,-1.515127,0.120901,0.141837,0.225366,0.820959,0,0.0,10
1900-01-01 14:48:24.663,21.894874,-1.247456,24.061851,-1.518539,0.122208,0.143265,0.225338,0.924685,0,0.0,10
1900-01-01 14:48:25.663,21.892248,-1.24155,24.066183,-1.516833,0.121888,0.142577,0.225265,0.929399,0,0.0,10
1900-01-01 14:48:26.663,21.890542,-1.238662,24.053056,-1.517489,0.122077,0.14275,0.225118,0.816244,0,0.0,10
1900-01-01 14:48:27.663,21.905112,-1.242994,24.063821,-1.517621,0.121111,0.141989,0.225164,0.613507,0,0.0,10
1900-01-01 14:48:28.663,21.896711,-1.2468,24.057257,-1.521033,0.12214,0.143091,0.225054,0.896396,0,0.0,10
1900-01-01 14:48:29.663,21.886735,-1.239056,24.048987,-1.518802,0.122513,0.143296,0.225467,0.882251,0,0.0,10
1900-01-01 14:48:30.663,21.886604,-1.245619,24.053319,-1.523789,0.121258,0.142671,0.224861,0.495637,0,0.0,10
1900-01-01 14:48:31.663,21.896843,-1.244831,24.0566,-1.525758,0.121195,0.141669,0.224842,1.004836,0,0.0,10
1900-01-01 14:48:32.663,21.898811,-1.2384,24.05962,-1.517752,0.121478,0.142199,0.225283,0.731378,0,0.0,10
1900-01-01 14:48:33.663,21.875184,-1.246013,24.044392,-1.527202,0.121988,0.142666,0.225109,0.604078,0,0.0,10
1900-01-01 14:48:34.663,21.886998,-1.25415,24.043998,-1.525233,0.122187,0.143091,0.225081,0.971833,0,0.0,10
1900-01-01 14:48:35.663,21.887917,-1.247063,24.043998,-1.515127,0.121688,0.142724,0.225513,1.075559,0,0.0,10
1900-01-01 14:48:36.663,21.885292,-1.243387,24.04518,-1.518671,0.121378,0.142162,0.224888,0.853963,0,0.0,10
1900-01-01 14:48:37.663,21.886079,-1.249163,24.042686,-1.519196,0.121457,0.142824,0.225246,0.533356,0,0.0,10
1900-01-01 14:48:38.663,21.899074,-1.246013,24.043473,-1.527464,0.121352,0.142125,0.225439,0.981262,0,0.0,10
1900-01-01 14:48:39.663,21.883323,-1.249163,24.034415,-1.525233,0.122114,0.143102,0.225072,0.500352,0,0.0,10
1900-01-01 14:48:40.663,21.896711,-1.251788,24.03179,-1.520771,0.121688,0.14223,0.225366,0.745522,0,0.0,10
1900-01-01 14:48:41.663,21.898155,-1.24995,24.039141,-1.519327,0.122177,0.14265,0.225118,0.566359,0,0.0,10
1900-01-01 14:48:42.663,21.878597,-1.253625,24.025751,-1.523789,0.121625,0.142887,0.225164,0.453204,0,0.0,10
1900-01-01 14:48:43.663,21.889623,-1.256119,24.026539,-1.526808,0.122208,0.142587,0.225237,0.849248,0,0.0,10
1900-01-01 14:48:44.663,21.887917,-1.2447,24.021813,-1.524708,0.12142,0.142813,0.225384,0.670085,0,0.0,10
1900-01-01 14:48:45.663,21.897105,-1.254282,24.026014,-1.524446,0.121835,0.142383,0.225329,0.66537,0,0.0,10
1900-01-01 14:48:46.663,21.889754,-1.250606,24.018662,-1.528646,0.122098,0.14285,0.224971,0.91054,0,0.0,10
1900-01-01 14:48:47.663,21.883323,-1.253888,24.010917,-1.531271,0.122261,0.143023,0.225145,0.585218,0,0.0,10
1900-01-01 14:48:48.663,21.884898,-1.2552,24.006454,-1.529564,0.12079,0.141742,0.224934,0.745522,0,0.0,10
1900-01-01 14:48:49.663,21.882141,-1.255594,24.01223,-1.526546,0.121872,0.142755,0.224971,0.773811,0,0.0,10
1900-01-01 14:48:50.663,21.886998,-1.253363,24.008292,-1.528252,0.12152,0.142377,0.225063,0.948259,0,0.0,10
1900-01-01 14:48:51.663,21.890542,-1.259269,24.007898,-1.528777,0.120691,0.141915,0.225081,0.938829,0,0.0,10
1900-01-01 14:48:52.663,21.879122,-1.254807,24.000547,-1.527989,0.121384,0.142824,0.225439,0.660655,0,0.0,10
1900-01-01 14:48:53.663,21.887917,-1.2552,24.000415,-1.529958,0.121557,0.14243,0.224952,0.589933,0,0.0,10
1900-01-01 14:48:54.663,21.881485,-1.260844,23.998971,-1.536127,0.121746,0.142902,0.225072,0.740807,0,0.0,10
1900-01-01 14:48:55.663,21.873872,-1.257432,23.990833,-1.534158,0.121599,0.142115,0.225136,0.736092,0,0.0,10
1900-01-01 14:48:56.663,21.891723,-1.254544,24.000547,-1.532583,0.120995,0.142309,0.225348,0.905825,0,0.0,10
1900-01-01 14:48:57.663,21.897761,-1.247588,24.002122,-1.526283,0.121116,0.142099,0.225348,0.820959,0,0.0,10
1900-01-01 14:48:58.663,21.880829,-1.253888,23.989914,-1.533896,0.121321,0.142608,0.225182,0.533356,0,0.0,10
1900-01-01 14:48:59.663,21.893692,-1.248375,23.994639,-1.533896,0.12121,0.142855,0.22532,1.000122,0,0.0,10
1900-01-01 14:49:00.663,21.881091,-1.265963,23.987682,-1.532846,0.121462,0.142787,0.225182,0.835103,0,0.0,10
1900-01-01 14:49:01.663,21.878728,-1.258219,23.987551,-1.536521,0.121294,0.142724,0.225219,0.872822,0,0.0,10
1900-01-01 14:49:02.663,21.879516,-1.250738,23.987682,-1.535733,0.121473,0.141705,0.225366,0.688944,0,0.0,10
1900-01-01 14:49:03.663,21.878991,-1.254413,23.980593,-1.537308,0.120428,0.141942,0.225632,0.585218,0,0.0,10
1900-01-01 14:49:04.663,21.875578,-1.250213,23.988601,-1.537571,0.121657,0.142787,0.224925,0.4202,0,0.0,10
1900-01-01 14:49:05.663,21.888048,-1.259925,23.986763,-1.529696,0.12162,0.142351,0.224557,0.769096,0,0.0,10
1900-01-01 14:49:06.663,21.884504,-1.2573,23.981381,-1.532058,0.121914,0.142803,0.225256,0.750237,0,0.0,10
1900-01-01 14:49:07.663,21.879779,-1.257038,23.980593,-1.534814,0.121683,0.142902,0.225173,1.018981,0,0.0,10
1900-01-01 14:49:08.663,21.883454,-1.249425,23.977968,-1.527596,0.121473,0.142866,0.225145,0.79267,0,0.0,10
1900-01-01 14:49:09.663,21.88306,-1.259925,23.97508,-1.523921,0.120654,0.142073,0.225164,0.580504,0,0.0,10
1900-01-01 14:49:10.663,21.887786,-1.253363,23.978493,-1.523789,0.121053,0.142209,0.225228,0.844533,0,0.0,10
1900-01-01 14:49:11.663,21.874528,-1.257957,23.969435,-1.521296,0.121882,0.143475,0.225118,0.877537,0,0.0,10
1900-01-01 14:49:12.663,21.884898,-1.257432,23.965891,-1.522083,0.121132,0.141931,0.225081,0.853963,0,0.0,10
1900-01-01 14:49:13.663,21.88516,-1.258219,23.965759,-1.517227,0.121368,0.142593,0.225311,0.91997,0,0.0,10
1900-01-01 14:49:14.663,21.888704,-1.257694,23.971929,-1.520771,0.1213,0.142955,0.225063,0.952974,0,0.0,10
1900-01-01 14:49:15.663,21.887786,-1.258482,23.967597,-1.522871,0.121819,0.142955,0.225219,0.651226,0,0.0,10
1900-01-01 14:49:16.663,21.878991,-1.261501,23.96379,-1.516046,0.121294,0.142419,0.225145,0.660655,0,0.0,10
1900-01-01 14:49:17.663,21.88411,-1.261369,23.96484,-1.512764,0.121835,0.142656,0.224815,1.127421,0,0.0,10
1900-01-01 14:49:18.663,21.885817,-1.258744,23.959064,-1.518802,0.120916,0.142283,0.224952,0.934114,0,0.0,10
1900-01-01 14:49:19.663,21.894349,-1.257432,23.96484,-1.520377,0.12194,0.143911,0.225127,0.806814,0,0.0,10
1900-01-01 14:49:20.663,21.87676,-1.255594,23.956439,-1.527071,0.12109,0.142183,0.22532,0.707803,0,0.0,10
1900-01-01 14:49:21.663,21.889492,-1.261763,23.960377,-1.527989,0.120843,0.141711,0.225145,0.637081,0,0.0,10
1900-01-01 14:49:22.663,21.872297,-1.260844,23.959852,-1.528777,0.120838,0.142356,0.22543,0.769096,0,0.0,10
1900-01-01 14:49:23.663,21.873084,-1.261894,23.958671,-1.535208,0.121363,0.143028,0.224989,0.863392,0,0.0,10
1900-01-01 14:49:24.663,21.880435,-1.253363,23.956308,-1.530614,0.121048,0.142372,0.225715,1.132136,0,0.0,10
1900-01-01 14:49:25.663,21.882929,-1.262026,23.960246,-1.537308,0.121158,0.142409,0.224741,0.778526,0,0.0,10
1900-01-01 14:49:26.663,21.883585,-1.24995,23.963922,-1.529696,0.12131,0.142724,0.22521,0.462633,0,0.0,10
1900-01-01 14:49:27.663,21.880304,-1.262813,23.961296,-1.531796,0.121189,0.141868,0.224769,0.8021,0,0.0,10
1900-01-01 14:49:28.663,21.895661,-1.261501,23.966678,-1.528646,0.121284,0.142834,0.224502,0.820959,0,0.0,10
1900-01-01 14:49:29.663,21.889492,-1.261632,23.963659,-1.536127,0.121342,0.142881,0.225219,0.693659,0,0.0,10
1900-01-01 14:49:30.663,21.877547,-1.259138,23.951582,-1.534158,0.121205,0.142766,0.224824,0.599363,0,0.0,10
1900-01-01 14:49:31.663,21.877416,-1.260188,23.955389,-1.538621,0.121189,0.142782,0.225246,0.938829,0,0.0,10
1900-01-01 14:49:32.663,21.882929,-1.269376,23.957752,-1.536258,0.121132,0.142262,0.224962,1.070844,0,0.0,10
1900-01-01 14:49:33.663,21.876497,-1.261763,23.957227,-1.531402,0.121672,0.14285,0.225201,0.693659,0,0.0,10
1900-01-01 14:49:34.663,21.872428,-1.263338,23.951319,-1.540327,0.121688,0.142398,0.225026,0.688944,0,0.0,10
1900-01-01 14:49:35.663,21.891723,-1.25835,23.957489,-1.532583,0.122045,0.143202,0.224916,0.778526,0,0.0,10
1900-01-01 14:49:36.663,21.883848,-1.259663,23.952895,-1.535077,0.12152,0.142603,0.224998,0.594648,0,0.0,10
1900-01-01 14:49:37.663,21.880435,-1.268063,23.957095,-1.538358,0.121373,0.142792,0.225044,0.443774,0,0.0,10
1900-01-01 14:49:38.663,21.875053,-1.259007,23.946987,-1.536521,0.121573,0.142272,0.225099,0.952974,0,0.0,10
1900-01-01 14:49:39.663,21.885948,-1.26045,23.954207,-1.531533,0.121925,0.142755,0.224576,0.938829,0,0.0,10
1900-01-01 14:49:40.663,21.882535,-1.254019,23.948169,-1.533239,0.121226,0.141873,0.224907,0.604078,0,0.0,10
1900-01-01 14:49:41.663,21.864946,-1.265307,23.935566,-1.531664,0.121877,0.142482,0.224787,0.566359,0,0.0,10
1900-01-01 14:49:42.663,21.887917,-1.261763,23.943443,-1.526414,0.121132,0.142356,0.22475,0.778526,0,0.0,10
1900-01-01 14:49:43.663,21.883979,-1.270295,23.94935,-1.530483,0.122056,0.142661,0.224686,0.434345,0,0.0,10
1900-01-01 14:49:44.663,21.892117,-1.259532,23.951188,-1.522346,0.120927,0.142556,0.224778,0.5475,0,0.0,10
1900-01-01 14:49:45.663,21.876891,-1.262419,23.939111,-1.526283,0.121956,0.142719,0.224475,0.679515,0,0.0,10
1900-01-01 14:49:46.663,21.881354,-1.258482,23.93898,-1.526021,0.120633,0.142188,0.225136,0.533356,0,0.0,10
1900-01-01 14:49:47.663,21.875447,-1.265044,23.942524,-1.526283,0.121441,0.143496,0.224842,0.707803,0,0.0,10
1900-01-01 14:49:48.663,21.863765,-1.278826,23.936617,-1.536914,0.121777,0.142582,0.224603,0.891681,0,0.0,10
1900-01-01 14:49:49.663,21.887523,-1.262026,23.945806,-1.528908,0.121814,0.143139,0.224576,0.670085,0,0.0,10
1900-01-01 14:49:50.663,21.890279,-1.260319,23.946725,-1.529433,0.12109,0.14201,0.224603,0.448489,0,0.0,10
1900-01-01 14:49:51.663,21.893298,-1.254282,23.946068,-1.523396,0.121625,0.142367,0.224732,0.806814,0,0.0,10
1900-01-01 14:49:52.663,21.886867,-1.262288,23.943443,-1.525758,0.120958,0.14181,0.22498,0.55693,0,0.0,10
1900-01-01 14:49:53.663,21.878335,-1.266488,23.936748,-1.526414,0.121672,0.14296,0.224943,0.618222,0,0.0,10
1900-01-01 14:49:54.663,21.885423,-1.262813,23.939898,-1.531664,0.121084,0.14191,0.224649,0.618222,0,0.0,10
1900-01-01 14:49:55.663,21.878072,-1.263076,23.932022,-1.529039,0.121205,0.141994,0.224842,0.66537,0,0.0,10
1900-01-01 14:49:56.663,21.879122,-1.270032,23.935173,-1.530746,0.122203,0.142661,0.224925,0.740807,0,0.0,10
1900-01-01 14:49:57.663,21.883454,-1.270557,23.93176,-1.530614,0.121168,0.142162,0.224741,0.754952,0,0.0,10
1900-01-01 14:49:58.663,21.893824,-1.265307,23.936354,-1.539408,0.120775,0.141863,0.225182,0.5475,0,0.0,10
1900-01-01 14:49:59.663,21.870196,-1.273182,23.927559,-1.542952,0.121625,0.143196,0.224925,1.023696,0,0.0,10
1900-01-01 14:50:00.663,21.884504,-1.265307,23.925984,-1.539933,0.120958,0.142383,0.225072,0.651226,0,0.0,10
1900-01-01 14:50:01.663,21.88201,-1.262419,23.937667,-1.537308,0.120937,0.142509,0.224392,0.8021,0,0.0,10
1900-01-01 14:50:02.663,21.874922,-1.260319,23.929659,-1.533239,0.121321,0.142713,0.22498,1.000122,0,0.0,10
1900-01-01 14:50:03.663,21.888311,-1.259269,23.93176,-1.536783,0.120911,0.142188,0.224732,0.641796,0,0.0,10
1900-01-01 14:50:04.663,21.872953,-1.258219,23.930709,-1.541639,0.121536,0.142876,0.224861,0.754952,0,0.0,10
1900-01-01 14:50:05.663,21.898155,-1.256513,23.93491,-1.543477,0.120922,0.141826,0.224622,0.377767,0,0.0,10
1900-01-01 14:50:06.663,21.87781,-1.267669,23.927821,-1.543477,0.12057,0.142467,0.22464,0.655941,0,0.0,10
1900-01-01 14:50:07.663,21.879647,-1.270163,23.929003,-1.548858,0.121457,0.142451,0.224796,0.599363,0,0.0,10
1900-01-01 14:50:08.663,21.880697,-1.271213,23.930578,-1.548202,0.121756,0.14317,0.225274,0.849248,0,0.0,10
1900-01-01 14:50:09.663,21.876628,-1.266619,23.92257,-1.543345,0.121394,0.142446,0.225384,0.839818,0,0.0,10
1900-01-01 14:50:10.663,21.87781,-1.263076,23.92559,-1.539277,0.121573,0.14307,0.224916,0.844533,0,0.0,10
1900-01-01 14:50:11.663,21.876628,-1.262813,23.921389,-1.536914,0.121462,0.142913,0.224622,0.905825,0,0.0,10
1900-01-01 14:50:12.663,21.880304,-1.266226,23.92769,-1.536652,0.121158,0.142356,0.224732,0.967118,0,0.0,10
1900-01-01 14:50:13.663,21.869015,-1.267801,23.921389,-1.537571,0.121735,0.143585,0.224833,0.599363,0,0.0,10
1900-01-01 14:50:14.663,21.876628,-1.266226,23.922833,-1.536521,0.121357,0.14274,0.225044,0.693659,0,0.0,10
1900-01-01 14:50:15.663,21.876891,-1.262157,23.922177,-1.535864,0.121032,0.142398,0.22476,0.886966,0,0.0,10
1900-01-01 14:50:16.663,21.878466,-1.269113,23.924671,-1.539933,0.121153,0.14275,0.224401,1.033125,0,0.0,10
1900-01-01 14:50:17.663,21.882535,-1.264782,23.925065,-1.533239,0.120349,0.142162,0.224952,1.169855,0,0.0,10
1900-01-01 14:50:18.663,21.88306,-1.272657,23.923095,-1.538752,0.119998,0.141154,0.224925,0.552215,0,0.0,10
1900-01-01 14:50:19.663,21.870722,-1.270426,23.916532,-1.534158,0.121389,0.142839,0.224842,0.938829,0,0.0,10
1900-01-01 14:50:20.663,21.88726,-1.266751,23.918107,-1.531927,0.121699,0.142661,0.224521,0.79267,0,0.0,10
1900-01-01 14:50:21.663,21.879647,-1.266619,23.918895,-1.536521,0.121625,0.143601,0.224456,0.830388,0,0.0,10
1900-01-01 14:50:22.663,21.873741,-1.273445,23.919945,-1.535733,0.121273,0.142829,0.224723,0.575789,0,0.0,10
1900-01-01 14:50:23.663,21.873347,-1.278039,23.91115,-1.531008,0.121767,0.142677,0.224833,0.514496,0,0.0,10
1900-01-01 14:50:24.663,21.868753,-1.283289,23.910625,-1.532977,0.120806,0.142015,0.224769,0.585218,0,0.0,10
1900-01-01 14:50:25.663,21.866127,-1.272001,23.905636,-1.536258,0.121998,0.142776,0.224741,0.825674,0,0.0,10
1900-01-01 14:50:26.663,21.877547,-1.267407,23.906555,-1.532583,0.120932,0.142367,0.224769,0.816244,0,0.0,10
1900-01-01 14:50:27.663,21.879254,-1.277907,23.909706,-1.528383,0.121578,0.142545,0.22487,0.5475,0,0.0,10
1900-01-01 14:50:28.663,21.869803,-1.267013,23.903798,-1.531664,0.122045,0.142761,0.224392,0.608793,0,0.0,10
1900-01-01 14:50:29.663,21.881091,-1.273445,23.909706,-1.528908,0.121315,0.142797,0.224539,0.707803,0,0.0,10
1900-01-01 14:50:30.663,21.872822,-1.279089,23.908655,-1.533764,0.121084,0.142094,0.224732,0.637081,0,0.0,10
1900-01-01 14:50:31.663,21.863108,-1.27397,23.900648,-1.529039,0.121105,0.14306,0.224824,0.79267,0,0.0,10
1900-01-01 14:50:32.663,21.872297,-1.268851,23.910887,-1.526808,0.121221,0.14316,0.224888,0.575789,0,0.0,10
1900-01-01 14:50:33.663,21.874791,-1.263469,23.897891,-1.531664,0.12036,0.141999,0.224971,0.712518,0,0.0,10
1900-01-01 14:50:34.663,21.867965,-1.274495,23.907474,-1.534421,0.121294,0.142598,0.224521,0.830388,0,0.0,10
1900-01-01 14:50:35.663,21.86954,-1.280401,23.906949,-1.528121,0.121289,0.142792,0.224897,0.604078,0,0.0,10
1900-01-01 14:50:36.663,21.879122,-1.266882,23.908787,-1.530221,0.120271,0.141196,0.224962,0.693659,0,0.0,10
1900-01-01 14:50:37.663,21.881354,-1.267144,23.90603,-1.534421,0.120743,0.141333,0.224603,0.78324,0,0.0,10
1900-01-01 14:50:38.663,21.865471,-1.267669,23.904848,-1.538883,0.120533,0.141417,0.224723,0.877537,0,0.0,10
1900-01-01 14:50:39.663,21.87059,-1.269507,23.909443,-1.538227,0.119966,0.140797,0.224796,1.28301,0,0.0,10
1900-01-01 14:50:40.663,21.885948,-1.270163,23.9122,-1.540852,0.120365,0.14159,0.224429,0.594648,0,0.0,10
1900-01-01 14:50:41.663,21.875841,-1.271738,23.905636,-1.540195,0.119929,0.141112,0.22441,0.599363,0,0.0,10
1900-01-01 14:50:42.663,21.881222,-1.282501,23.912069,-1.536652,0.120512,0.140881,0.224879,0.552215,0,0.0,10
1900-01-01 14:50:43.663,21.878728,-1.274757,23.914825,-1.54387,0.120076,0.141133,0.224805,0.721948,0,0.0,10
1900-01-01 14:50:44.663,21.872822,-1.270557,23.90813,-1.548202,0.119593,0.140708,0.22453,0.613507,0,0.0,10
1900-01-01 14:50:45.663,21.882535,-1.268982,23.910625,-1.536783,0.119945,0.140813,0.224392,0.863392,0,0.0,10
1900-01-01 14:50:46.663,21.878991,-1.267144,23.913513,-1.54282,0.119929,0.140503,0.224962,0.528641,0,0.0,10
1900-01-01 14:50:47.663,21.876497,-1.280532,23.909049,-1.544527,0.119536,0.140482,0.224355,0.844533,0,0.0,10
1900-01-01 14:50:48.663,21.886342,-1.264651,23.909706,-1.545708,0.120297,0.14054,0.224438,0.849248,0,0.0,10
1900-01-01 14:50:49.663,21.869146,-1.273576,23.901435,-1.549777,0.120108,0.141453,0.224613,0.707803,0,0.0,10
1900-01-01 14:50:50.663,21.869671,-1.272001,23.906949,-1.546364,0.119368,0.140991,0.224585,1.132136,0,0.0,10
1900-01-01 14:50:51.663,21.866784,-1.272657,23.901304,-1.549777,0.119719,0.140577,0.224502,0.533356,0,0.0,10
1900-01-01 14:50:52.663,21.876366,-1.26977,23.915875,-1.544133,0.11983,0.140802,0.224815,0.839818,0,0.0,10
1900-01-01 14:50:53.663,21.877022,-1.260844,23.910099,-1.550564,0.119788,0.140099,0.224291,0.684229,0,0.0,10
1900-01-01 14:50:54.663,21.866259,-1.272657,23.899598,-1.544395,0.120097,0.140634,0.224208,0.948259,0,0.0,10
1900-01-01 14:50:55.663,21.860614,-1.270163,23.899991,-1.545183,0.119042,0.139878,0.224475,0.703089,0,0.0,10
1900-01-01 14:50:56.663,21.882666,-1.259925,23.905899,-1.537308,0.119903,0.140372,0.224649,0.542785,0,0.0,10
1900-01-01 14:50:57.663,21.86744,-1.266619,23.895791,-1.537439,0.118354,0.139012,0.224227,0.721948,0,0.0,10
1900-01-01 14:50:58.663,21.878072,-1.267407,23.902486,-1.546233,0.119247,0.14034,0.224677,0.830388,0,0.0,10
1900-01-01 14:50:59.663,21.869278,-1.282239,23.890146,-1.547677,0.119536,0.141054,0.224576,0.773811,0,0.0,10
1900-01-01 14:51:00.663,21.865865,-1.271082,23.894478,-1.541114,0.119987,0.140172,0.224355,0.853963,0,0.0,10
1900-01-01 14:51:01.663,21.875972,-1.257957,23.897891,-1.542427,0.11983,0.140949,0.223786,0.962403,0,0.0,10
1900-01-01 14:51:02.663,21.872034,-1.272263,23.891065,-1.543739,0.118995,0.140388,0.224052,1.146281,0,0.0,10
1900-01-01 14:51:03.663,21.875053,-1.270557,23.893034,-1.537702,0.119263,0.140514,0.224098,1.150995,0,0.0,10
1900-01-01 14:51:04.663,21.861927,-1.267407,23.883845,-1.543477,0.119404,0.140897,0.224254,0.740807,0,0.0,10
1900-01-01 14:51:05.663,21.875841,-1.273838,23.890146,-1.539277,0.119278,0.141086,0.224098,1.009551,0,0.0,10
1900-01-01 14:51:06.663,21.867309,-1.267276,23.881876,-1.540589,0.119294,0.139936,0.22351,0.820959,0,0.0,10
1900-01-01 14:51:07.663,21.86219,-1.270557,23.882007,-1.544658,0.120202,0.14106,0.224126,0.778526,0,0.0,10
1900-01-01 14:51:08.663,21.872822,-1.265963,23.883713,-1.544264,0.11911,0.14034,0.223786,0.637081,0,0.0,10
1900-01-01 14:51:09.663,21.865471,-1.268588,23.879381,-1.549252,0.120134,0.141065,0.223969,0.443774,0,0.0,10
1900-01-01 14:51:10.663,21.867177,-1.271607,23.875837,-1.548858,0.119499,0.14065,0.223446,0.79267,0,0.0,10
1900-01-01 14:51:11.663,21.868228,-1.273707,23.882138,-1.544133,0.120292,0.141196,0.224107,0.618222,0,0.0,10
1900-01-01 14:51:12.663,21.870328,-1.270032,23.881876,-1.545577,0.119583,0.140009,0.224061,0.721948,0,0.0,10
1900-01-01 14:51:13.663,21.872034,-1.266226,23.876362,-1.546233,0.120481,0.141411,0.223584,0.853963,0,0.0,10
1900-01-01 14:51:14.663,21.87269,-1.269245,23.883582,-1.547677,0.12026,0.141028,0.22362,0.495637,0,0.0,10
1900-01-01 14:51:15.663,21.86639,-1.269507,23.878594,-1.549908,0.12046,0.141196,0.223703,0.811529,0,0.0,10
1900-01-01 14:51:16.663,21.873478,-1.267538,23.881219,-1.549252,0.119772,0.140519,0.223721,0.891681,0,0.0,10
1900-01-01 14:51:17.663,21.862452,-1.268194,23.880169,-1.544133,0.120171,0.140934,0.223942,0.759666,0,0.0,10
1900-01-01 14:51:18.663,21.875841,-1.266751,23.888571,-1.54702,0.119777,0.140902,0.224291,0.769096,0,0.0,10
1900-01-01 14:51:19.663,21.86639,-1.266751,23.883845,-1.550695,0.119567,0.140666,0.223731,0.778526,0,0.0,10
1900-01-01 14:51:20.663,21.865209,-1.27187,23.884239,-1.546495,0.11932,0.14044,0.223501,0.618222,0,0.0,10
1900-01-01 14:51:21.663,21.869671,-1.264651,23.882795,-1.545708,0.121263,0.142041,0.224052,0.877537,0,0.0,10
1900-01-01 14:51:22.663,21.870984,-1.271082,23.879644,-1.546758,0.121247,0.142955,0.223795,0.726663,0,0.0,10
1900-01-01 14:51:23.663,21.880829,-1.27397,23.891459,-1.542033,0.121205,0.142341,0.223859,0.863392,0,0.0,10
1900-01-01 14:51:24.663,21.863765,-1.265701,23.873999,-1.543083,0.121168,0.142918,0.223822,0.688944,0,0.0,10
1900-01-01 14:51:25.663,21.869409,-1.272788,23.880432,-1.543083,0.121541,0.142629,0.223271,0.896396,0,0.0,10
1900-01-01 14:51:26.663,21.858383,-1.274232,23.875049,-1.54597,0.121069,0.142524,0.223749,0.905825,0,0.0,10
1900-01-01 14:51:27.663,21.868621,-1.266619,23.883188,-1.541902,0.121221,0.14243,0.223657,0.646511,0,0.0,10
1900-01-01 14:51:28.663,21.867965,-1.273838,23.882795,-1.540983,0.1211,0.142724,0.224006,0.877537,0,0.0,10
1900-01-01 14:51:29.663,21.866784,-1.275676,23.880432,-1.543214,0.121042,0.141978,0.223997,0.985977,0,0.0,10
1900-01-01 14:51:30.663,21.86639,-1.278695,23.883451,-1.544264,0.121179,0.143412,0.223731,0.66537,0,0.0,10
1900-01-01 14:51:31.663,21.870196,-1.271607,23.881351,-1.543608,0.12172,0.142839,0.223767,0.901111,0,0.0,10
1900-01-01 14:51:32.663,21.860483,-1.272657,23.882401,-1.548727,0.122114,0.143238,0.223951,0.853963,0,0.0,10
1900-01-01 14:51:33.663,21.86849,-1.281976,23.88949,-1.543214,0.120853,0.142551,0.223786,0.835103,0,0.0,10
1900-01-01 14:51:34.663,21.862321,-1.274232,23.879381,-1.542033,0.120796,0.142944,0.224116,0.938829,0,0.0,10
1900-01-01 14:51:35.663,21.873084,-1.275282,23.887389,-1.540852,0.121599,0.143217,0.223923,0.78324,0,0.0,10
1900-01-01 14:51:36.663,21.876235,-1.270032,23.891459,-1.538752,0.120796,0.141501,0.224227,0.622937,0,0.0,10
1900-01-01 14:51:37.663,21.856677,-1.27502,23.888571,-1.54492,0.120796,0.141411,0.223813,0.53807,0,0.0,10
1900-01-01 14:51:38.663,21.858383,-1.281057,23.8782,-1.542295,0.120733,0.142461,0.223887,0.868107,0,0.0,10
1900-01-01 14:51:39.663,21.864946,-1.274888,23.888702,-1.536783,0.120979,0.142472,0.224126,0.721948,0,0.0,10
1900-01-01 14:51:40.663,21.858777,-1.276201,23.887914,-1.538358,0.121189,0.142677,0.223749,0.858677,0,0.0,10
1900-01-01 14:51:41.663,21.860877,-1.27712,23.89159,-1.541508,0.12058,0.141947,0.224015,0.868107,0,0.0,10
1900-01-01 14:51:42.663,21.876628,-1.276332,23.892115,-1.543214,0.120607,0.142136,0.223997,1.089703,0,0.0,10
1900-01-01 14:51:43.663,21.867703,-1.284864,23.886208,-1.542295,0.119788,0.141564,0.223437,1.070844,0,0.0,10
1900-01-01 14:51:44.663,21.859958,-1.277382,23.891196,-1.539145,0.120355,0.142293,0.223942,0.688944,0,0.0,10
1900-01-01 14:51:45.663,21.866915,-1.27502,23.88949,-1.54177,0.120769,0.142199,0.224181,0.297615,0,0.0,10
1900-01-01 14:51:46.663,21.855233,-1.27292,23.888571,-1.545052,0.121321,0.143322,0.223979,0.901111,0,0.0,10
1900-01-01 14:51:47.663,21.868753,-1.273182,23.893034,-1.541245,0.120517,0.14264,0.224089,0.66537,0,0.0,10
1900-01-01 14:51:48.663,21.871509,-1.281189,23.892903,-1.546889,0.120764,0.142472,0.224162,0.618222,0,0.0,10
1900-01-01 14:51:49.663,21.858777,-1.270295,23.893428,-1.541902,0.120712,0.142577,0.224061,0.825674,0,0.0,10
1900-01-01 14:51:50.663,21.858645,-1.276464,23.892903,-1.542427,0.121462,0.143091,0.224107,0.740807,0,0.0,10
1900-01-01 14:51:51.663,21.858645,-1.278957,23.897103,-1.54387,0.120481,0.142787,0.223822,0.698374,0,0.0,10
1900-01-01 14:51:52.663,21.864421,-1.276989,23.899335,-1.544789,0.120664,0.142792,0.224135,0.618222,0,0.0,10
1900-01-01 14:51:53.663,21.864421,-1.278039,23.898022,-1.540852,0.121105,0.142519,0.224181,0.995407,0,0.0,10
1900-01-01 14:51:54.663,21.854708,-1.279351,23.895528,-1.544133,0.121163,0.142624,0.224319,0.740807,0,0.0,10
1900-01-01 14:51:55.663,21.870853,-1.270295,23.897366,-1.545183,0.120218,0.142419,0.22453,0.439059,0,0.0,10
1900-01-01 14:51:56.663,21.855233,-1.277251,23.891459,-1.546627,0.120313,0.142482,0.22419,0.641796,0,0.0,10
1900-01-01 14:51:57.663,21.870196,-1.268326,23.902092,-1.538358,0.121252,0.142792,0.224135,0.853963,0,0.0,10
1900-01-01 14:51:58.663,21.878335,-1.271345,23.904192,-1.541902,0.121053,0.142551,0.224199,0.655941,0,0.0,10
1900-01-01 14:51:59.663,21.868621,-1.271738,23.899335,-1.532977,0.121289,0.14232,0.224447,0.6748,0,0.0,10
1900-01-01 14:52:00.663,21.878991,-1.276989,23.906424,-1.530352,0.121,0.142687,0.224319,0.66537,0,0.0,10
1900-01-01 14:52:01.663,21.856152,-1.272657,23.893296,-1.540327,0.121326,0.142624,0.224153,0.698374,0,0.0,10
1900-01-01 14:52:02.663,21.862452,-1.277645,23.906292,-1.537833,0.121032,0.142577,0.22419,0.816244,0,0.0,10
1900-01-01 14:52:03.663,21.875184,-1.273838,23.904586,-1.539802,0.120654,0.142472,0.224263,1.04727,0,0.0,10
1900-01-01 14:52:04.663,21.867309,-1.27082,23.902223,-1.540983,0.120796,0.142892,0.224392,0.806814,0,0.0,10
1900-01-01 14:52:05.663,21.861271,-1.273707,23.900385,-1.541114,0.120943,0.142871,0.224144,0.938829,0,0.0,10
1900-01-01 14:52:06.663,21.861927,-1.268851,23.903798,-1.540589,0.121394,0.142713,0.224401,0.698374,0,0.0,10
1900-01-01 14:52:07.663,21.866915,-1.266619,23.907999,-1.54072,0.120512,0.142498,0.224291,0.8021,0,0.0,10
1900-01-01 14:52:08.663,21.864684,-1.270951,23.910231,-1.543083,0.1211,0.142524,0.224135,0.971833,0,0.0,10
1900-01-01 14:52:09.663,21.848932,-1.280926,23.908918,-1.544133,0.121032,0.142614,0.224374,0.839818,0,0.0,10
1900-01-01 14:52:10.663,21.866127,-1.270163,23.914563,-1.542164,0.121441,0.143386,0.224135,0.79267,0,0.0,10
1900-01-01 14:52:11.663,21.865077,-1.276332,23.911281,-1.542689,0.120118,0.141831,0.224364,0.901111,0,0.0,10
1900-01-01 14:52:12.663,21.854839,-1.267407,23.907343,-1.547677,0.120748,0.142283,0.224668,0.585218,0,0.0,10
1900-01-01 14:52:13.663,21.867965,-1.268982,23.919157,-1.542033,0.120633,0.142614,0.224181,0.589933,0,0.0,10
1900-01-01 14:52:14.663,21.864552,-1.27397,23.92152,-1.540589,0.120654,0.14233,0.224539,0.787955,0,0.0,10
1900-01-01 14:52:15.663,21.868884,-1.276726,23.914038,-1.538883,0.120318,0.142383,0.224291,0.759666,0,0.0,10
1900-01-01 14:52:16.663,21.856939,-1.278301,23.915613,-1.544002,0.120129,0.14211,0.224539,0.476778,0,0.0,10
1900-01-01 14:52:17.663,21.850901,-1.277776,23.908918,-1.544658,0.120979,0.142944,0.224401,0.618222,0,0.0,10
1900-01-01 14:52:18.663,21.856152,-1.273707,23.914563,-1.546889,0.120748,0.142241,0.224355,0.641796,0,0.0,10
1900-01-01 14:52:19.663,21.854445,-1.280401,23.910756,-1.544133,0.12079,0.142488,0.224236,0.830388,0,0.0,10
1900-01-01 14:52:20.663,21.857727,-1.264257,23.917188,-1.544264,0.120769,0.143259,0.224282,0.505067,0,0.0,10
1900-01-01 14:52:21.663,21.855626,-1.265832,23.915482,-1.547808,0.120386,0.142671,0.224181,0.726663,0,0.0,10
1900-01-01 14:52:22.663,21.862977,-1.276857,23.923752,-1.538883,0.120848,0.142099,0.223786,0.622937,0,0.0,10
1900-01-01 14:52:23.663,21.853001,-1.276989,23.9143,-1.54177,0.120502,0.142199,0.224144,0.53807,0,0.0,10
1900-01-01 14:52:24.663,21.86534,-1.272788,23.925458,-1.542295,0.120748,0.142881,0.224502,0.5475,0,0.0,10
1900-01-01 14:52:25.663,21.846438,-1.277645,23.906949,-1.545314,0.120638,0.141784,0.224447,0.599363,0,0.0,10
1900-01-01 14:52:26.663,21.858908,-1.278957,23.913513,-1.54492,0.120229,0.142267,0.224273,0.670085,0,0.0,10
1900-01-01 14:52:27.663,21.855101,-1.280401,23.911412,-1.54492,0.120643,0.142619,0.224043,0.387197,0,0.0,10
1900-01-01 14:52:28.663,21.851032,-1.28237,23.909443,-1.54597,0.120418,0.142619,0.224291,0.858677,0,0.0,10
1900-01-01 14:52:29.663,21.852345,-1.275413,23.912856,-1.542689,0.120958,0.143317,0.224006,0.467348,0,0.0,10
1900-01-01 14:52:30.663,21.852607,-1.266357,23.91115,-1.549777,0.120349,0.141763,0.223951,0.915255,0,0.0,10
1900-01-01 14:52:31.663,21.865996,-1.268588,23.910756,-1.540195,0.120076,0.141543,0.224502,1.084988,0,0.0,10
1900-01-01 14:52:32.663,21.861664,-1.260319,23.912462,-1.54387,0.121478,0.143091,0.224796,0.457919,0,0.0,10
1900-01-01 14:52:33.663,21.862977,-1.265832,23.902879,-1.542952,0.121258,0.142608,0.224337,0.66537,0,0.0,10
1900-01-01 14:52:34.663,21.850113,-1.290245,23.906686,-1.542689,0.120124,0.142325,0.224217,0.4202,0,0.0,10
1900-01-01 14:52:35.663,21.856939,-1.270951,23.901567,-1.543345,0.121006,0.142099,0.224236,0.736092,0,0.0,10
1900-01-01 14:52:36.663,21.86429,-1.272001,23.906424,-1.538096,0.120754,0.142425,0.22407,0.571074,0,0.0,10
1900-01-01 14:52:37.663,21.856808,-1.271476,23.910625,-1.542558,0.119725,0.141669,0.224208,0.938829,0,0.0,10
1900-01-01 14:52:38.663,21.846438,-1.27712,23.904455,-1.540589,0.121226,0.142866,0.224521,0.726663,0,0.0,10
1900-01-01 14:52:39.663,21.856414,-1.27502,23.903404,-1.543345,0.121105,0.141774,0.224025,1.03784,0,0.0,10
1900-01-01 14:52:40.663,21.845782,-1.282632,23.900779,-1.544658,0.120575,0.142057,0.224364,0.6748,0,0.0,10
1900-01-01 14:52:41.663,21.861533,-1.282107,23.905111,-1.54387,0.121048,0.143191,0.224227,0.79267,0,0.0,10
1900-01-01 14:52:42.663,21.854839,-1.27502,23.899598,-1.546627,0.12026,0.142892,0.224126,0.929399,0,0.0,10
1900-01-01 14:52:43.663,21.850901,-1.276201,23.888833,-1.549252,0.120796,0.14265,0.224631,0.509782,0,0.0,10
1900-01-01 14:52:44.663,21.862321,-1.277514,23.898547,-1.549383,0.120355,0.142503,0.224567,0.736092,0,0.0,10
1900-01-01 14:52:45.663,21.858645,-1.267801,23.895134,-1.551352,0.120533,0.142351,0.224456,0.580504,0,0.0,10
1900-01-01 14:52:46.663,21.865471,-1.273051,23.893034,-1.547808,0.120727,0.142635,0.224089,0.863392,0,0.0,10
1900-01-01 14:52:47.663,21.844075,-1.27187,23.892509,-1.548858,0.120428,0.142409,0.224704,0.78324,0,0.0,10
1900-01-01 14:52:48.663,21.846701,-1.280795,23.884501,-1.552139,0.121956,0.14338,0.224585,0.740807,0,0.0,10
1900-01-01 14:52:49.663,21.846176,-1.281057,23.884501,-1.550039,0.121315,0.142923,0.2243,0.778526,0,0.0,10
1900-01-01 14:52:50.663,21.869934,-1.278564,23.897628,-1.545183,0.120969,0.143233,0.224493,0.707803,0,0.0,10
1900-01-01 14:52:51.663,21.852082,-1.28237,23.8803,-1.550433,0.120575,0.14253,0.224374,0.571074,0,0.0,10
1900-01-01 14:52:52.663,21.857595,-1.271082,23.880825,-1.548858,0.121504,0.142834,0.224172,0.79267,0,0.0,10
1900-01-01 14:52:53.663,21.857333,-1.27397,23.886601,-1.546102,0.120748,0.142582,0.224025,0.457919,0,0.0,10
1900-01-01 14:52:54.663,21.844075,-1.276332,23.877412,-1.551877,0.120638,0.142897,0.224364,0.962403,0,0.0,10
1900-01-01 14:52:55.663,21.850639,-1.274495,23.883451,-1.550302,0.120559,0.142078,0.224355,0.505067,0,0.0,10
1900-01-01 14:52:56.663,21.840138,-1.272132,23.877281,-1.549383,0.121069,0.142976,0.22453,0.835103,0,0.0,10
1900-01-01 14:52:57.663,21.843157,-1.285651,23.874918,-1.545708,0.121053,0.142776,0.224603,0.872822,0,0.0,10
1900-01-01 14:52:58.663,21.855758,-1.276726,23.87925,-1.535864,0.120092,0.141448,0.224466,0.5475,0,0.0,10
1900-01-01 14:52:59.663,21.846176,-1.287358,23.876362,-1.54387,0.121205,0.142204,0.224162,0.740807,0,0.0,10
1900-01-01 14:53:00.663,21.851426,-1.280926,23.8782,-1.542295,0.120628,0.142173,0.224227,0.882251,0,0.0,10
1900-01-01 14:53:01.663,21.85497,-1.278957,23.878069,-1.543083,0.121095,0.143396,0.224355,0.877537,0,0.0,10
1900-01-01 14:53:02.663,21.841581,-1.281976,23.864416,-1.543214,0.120633,0.142572,0.224162,1.15571,0,0.0,10
1900-01-01 14:53:03.663,21.854839,-1.274495,23.870324,-1.549252,0.120859,0.142545,0.223988,0.934114,0,0.0,10
1900-01-01 14:53:04.663,21.853658,-1.275151,23.882401,-1.543477,0.120407,0.14181,0.224613,0.78324,0,0.0,10
1900-01-01 14:53:05.663,21.842894,-1.277514,23.871899,-1.541902,0.12026,0.142173,0.224273,0.641796,0,0.0,10
1900-01-01 14:53:06.663,21.857333,-1.272526,23.875443,-1.550302,0.120029,0.141915,0.22442,0.721948,0,0.0,10
1900-01-01 14:53:07.663,21.845913,-1.277251,23.875575,-1.543214,0.120407,0.141952,0.224245,0.655941,0,0.0,10
1900-01-01 14:53:08.663,21.857464,-1.277907,23.879513,-1.543345,0.121084,0.142981,0.224364,0.637081,0,0.0,10
1900-01-01 14:53:09.663,21.859564,-1.271213,23.890277,-1.540589,0.120255,0.14244,0.224217,0.868107,0,0.0,10
1900-01-01 14:53:10.663,21.856939,-1.278695,23.882926,-1.542558,0.120643,0.142997,0.224576,0.670085,0,0.0,10
1900-01-01 14:53:11.663,21.853526,-1.282764,23.881482,-1.545183,0.120696,0.142089,0.224319,0.839818,0,0.0,10
1900-01-01 14:53:12.663,21.850639,-1.274232,23.876231,-1.541639,0.120533,0.142299,0.22487,0.670085,0,0.0,10
1900-01-01 14:53:13.663,21.833706,-1.278564,23.871768,-1.545839,0.121315,0.142383,0.224594,0.905825,0,0.0,10
1900-01-01 14:53:14.663,21.837644,-1.283814,23.868355,-1.542952,0.120759,0.142593,0.22509,0.599363,0,0.0,10
1900-01-01 14:53:15.663,21.851951,-1.277645,23.873999,-1.547283,0.120827,0.142776,0.224603,0.971833,0,0.0,10
1900-01-01 14:53:16.663,21.866784,-1.272526,23.887127,-1.535996,0.120859,0.142419,0.22475,0.787955,0,0.0,10
1900-01-01 14:53:17.663,21.855233,-1.275282,23.879775,-1.545052,0.121342,0.142971,0.224511,0.750237,0,0.0,10
1900-01-01 14:53:18.663,21.84972,-1.278039,23.874131,-1.541902,0.120365,0.142619,0.224778,0.825674,0,0.0,10
1900-01-01 14:53:19.663,21.850639,-1.267538,23.880957,-1.539277,0.121195,0.143028,0.224916,0.811529,0,0.0,10
1900-01-01 14:53:20.663,21.840925,-1.272526,23.869142,-1.547808,0.120633,0.142246,0.224521,0.439059,0,0.0,10
1900-01-01 14:53:21.663,21.844601,-1.283551,23.870849,-1.550039,0.120911,0.143002,0.224989,0.651226,0,0.0,10
1900-01-01 14:53:22.663,21.850245,-1.277514,23.874524,-1.550827,0.120995,0.142524,0.224631,0.608793,0,0.0,10
1900-01-01 14:53:23.663,21.848407,-1.271213,23.877281,-1.543083,0.120391,0.141737,0.224594,0.971833,0,0.0,10
1900-01-01 14:53:24.663,21.844863,-1.27397,23.86993,-1.546889,0.121042,0.142719,0.224438,0.962403,0,0.0,10
1900-01-01 14:53:25.663,21.840531,-1.275282,23.874787,-1.547152,0.120811,0.142409,0.224916,1.094418,0,0.0,10
1900-01-01 14:53:26.663,21.840794,-1.277382,23.873999,-1.54912,0.120596,0.142645,0.224576,0.712518,0,0.0,10
1900-01-01 14:53:27.663,21.841844,-1.274101,23.881088,-1.546233,0.12099,0.142566,0.224824,0.646511,0,0.0,10
1900-01-01 14:53:28.663,21.856283,-1.269376,23.879644,-1.546364,0.120355,0.142645,0.224805,0.486207,0,0.0,10
1900-01-01 14:53:29.663,21.846963,-1.28552,23.874131,-1.543608,0.121,0.143002,0.224245,0.514496,0,0.0,10
1900-01-01 14:53:30.663,21.861008,-1.272788,23.882269,-1.538227,0.12089,0.142236,0.224833,0.811529,0,0.0,10
1900-01-01 14:53:31.663,21.857464,-1.274495,23.883976,-1.543739,0.120622,0.141847,0.224355,0.78324,0,0.0,10
1900-01-01 14:53:32.663,21.854183,-1.273838,23.88437,-1.539933,0.120244,0.142666,0.224695,0.990692,0,0.0,10
1900-01-01 14:53:33.663,21.846438,-1.269507,23.876493,-1.544395,0.121189,0.142635,0.225081,0.934114,0,0.0,10
1900-01-01 14:53:34.663,21.843944,-1.276595,23.868355,-1.546495,0.120601,0.142566,0.22442,0.882251,0,0.0,10
1900-01-01 14:53:35.663,21.853658,-1.272657,23.874787,-1.546495,0.12004,0.143076,0.224429,1.03784,0,0.0,10
1900-01-01 14:53:36.663,21.847357,-1.27502,23.875575,-1.543608,0.120118,0.142246,0.224567,0.91997,0,0.0,10
1900-01-01 14:53:37.663,21.838694,-1.281057,23.87098,-1.54282,0.121011,0.143228,0.224677,0.905825,0,0.0,10
1900-01-01 14:53:38.663,21.853395,-1.277382,23.871505,-1.536127,0.120969,0.14285,0.224631,0.839818,0,0.0,10
1900-01-01 14:53:39.663,21.845388,-1.282107,23.872424,-1.545314,0.121541,0.143202,0.225017,0.882251,0,0.0,10
1900-01-01 14:53:40.663,21.844469,-1.281057,23.865466,-1.548858,0.120596,0.142729,0.224879,0.726663,0,0.0,10
1900-01-01 14:53:41.663,21.838431,-1.276857,23.862185,-1.544789,0.120643,0.142902,0.22453,0.670085,0,0.0,10
1900-01-01 14:53:42.663,21.848013,-1.273445,23.860216,-1.544395,0.120691,0.142015,0.224456,0.754952,0,0.0,10
1900-01-01 14:53:43.663,21.845782,-1.280007,23.864285,-1.544658,0.120145,0.142645,0.224695,0.698374,0,0.0,10
1900-01-01 14:53:44.663,21.848276,-1.278695,23.855884,-1.543345,0.120748,0.142524,0.224649,0.858677,0,0.0,10
1900-01-01 14:53:45.663,21.842107,-1.278039,23.857853,-1.550302,0.120402,0.142346,0.224677,0.872822,0,0.0,10
1900-01-01 14:53:46.663,21.827274,-1.276332,23.848007,-1.548727,0.120118,0.14243,0.224714,0.655941,0,0.0,10
1900-01-01 14:53:47.663,21.850113,-1.283289,23.857459,-1.54912,0.120733,0.143244,0.224282,0.721948,0,0.0,10
1900-01-01 14:53:48.663,21.843944,-1.281845,23.852733,-1.548202,0.120953,0.143018,0.224677,0.637081,0,0.0,10
1900-01-01 14:53:49.663,21.833181,-1.282895,23.851814,-1.550827,0.120549,0.142855,0.224677,0.943544,0,0.0,10
1900-01-01 14:53:50.663,21.840663,-1.276595,23.854965,-1.550039,0.120229,0.142204,0.224034,0.717233,0,0.0,10
1900-01-01 14:53:51.663,21.843944,-1.272657,23.851683,-1.550433,0.120517,0.142713,0.22453,0.335334,0,0.0,10
1900-01-01 14:53:52.663,21.841975,-1.280139,23.852339,-1.551614,0.120838,0.142708,0.224502,1.004836,0,0.0,10
1900-01-01 14:53:53.663,21.840663,-1.27817,23.852208,-1.546627,0.12016,0.142687,0.224971,0.78324,0,0.0,10
1900-01-01 14:53:54.663,21.843025,-1.278826,23.858246,-1.547939,0.121063,0.14275,0.224971,0.53807,0,0.0,10
1900-01-01 14:53:55.663,21.823861,-1.283026,23.853521,-1.548989,0.120685,0.142351,0.224833,0.717233,0,0.0,10
1900-01-01 14:53:56.663,21.840531,-1.274757,23.861134,-1.548727,0.12067,0.142383,0.224557,0.924685,0,0.0,10
1900-01-01 14:53:57.663,21.838694,-1.270951,23.856671,-1.550039,0.120748,0.142341,0.224493,0.703089,0,0.0,10
1900-01-01 14:53:58.663,21.837644,-1.276857,23.853127,-1.54807,0.120985,0.142687,0.224668,0.811529,0,0.0,10
1900-01-01 14:53:59.663,21.8383,-1.280795,23.858378,-1.549514,0.120748,0.142572,0.224677,0.957688,0,0.0,10
1900-01-01 14:54:00.663,21.849063,-1.276464,23.861922,-1.544264,0.120785,0.142661,0.224649,0.396626,0,0.0,10
1900-01-01 14:54:01.663,21.833706,-1.281976,23.860084,-1.550302,0.120628,0.143412,0.224658,0.608793,0,0.0,10
1900-01-01 14:54:02.663,21.843288,-1.27502,23.861791,-1.546102,0.120895,0.142346,0.224208,0.901111,0,0.0,10
1900-01-01 14:54:03.663,21.849326,-1.26872,23.859034,-1.544789,0.120727,0.142524,0.224658,1.018981,0,0.0,10
1900-01-01 14:54:04.663,21.835018,-1.27502,23.852208,-1.54387,0.120066,0.141957,0.224815,0.868107,0,0.0,10
1900-01-01 14:54:05.663,21.845257,-1.278826,23.858378,-1.543739,0.120265,0.142656,0.224658,0.486207,0,0.0,10
1900-01-01 14:54:06.663,21.833706,-1.275545,23.850764,-1.552008,0.120843,0.14264,0.224668,0.91054,0,0.0,10
1900-01-01 14:54:07.663,21.845388,-1.279089,23.855884,-1.550039,0.121368,0.143007,0.224622,1.018981,0,0.0,10
1900-01-01 14:54:08.663,21.844075,-1.274363,23.858378,-1.54702,0.120722,0.142335,0.22476,0.618222,0,0.0,10
1900-01-01 14:54:09.663,21.822811,-1.281976,23.849451,-1.54912,0.121,0.142866,0.224723,0.684229,0,0.0,10
1900-01-01 14:54:10.663,21.841713,-1.275807,23.855752,-1.544133,0.120433,0.142052,0.224732,0.967118,0,0.0,10
1900-01-01 14:54:11.663,21.838956,-1.278826,23.862053,-1.545183,0.120454,0.142755,0.225063,1.042555,0,0.0,10
1900-01-01 14:54:12.663,21.837775,-1.280795,23.853258,-1.548202,0.120628,0.142645,0.224888,0.66537,0,0.0,10
1900-01-01 14:54:13.663,21.833181,-1.28132,23.849976,-1.552008,0.121037,0.142671,0.224668,0.915255,0,0.0,10
1900-01-01 14:54:14.663,21.833312,-1.27817,23.849976,-1.542164,0.120727,0.14253,0.224328,0.6748,0,0.0,10
1900-01-01 14:54:15.663,21.847226,-1.27817,23.854702,-1.550958,0.120979,0.142871,0.224484,0.820959,0,0.0,10
1900-01-01 14:54:16.663,21.848276,-1.278301,23.856934,-1.543739,0.121126,0.141994,0.224916,0.835103,0,0.0,10
1900-01-01 14:54:17.663,21.831081,-1.27817,23.853521,-1.547808,0.119877,0.142498,0.224576,0.453204,0,0.0,10
1900-01-01 14:54:18.663,21.8383,-1.283157,23.846038,-1.54807,0.120244,0.142188,0.224374,0.764381,0,0.0,10
1900-01-01 14:54:19.663,21.842763,-1.273707,23.853521,-1.55437,0.121305,0.142997,0.224668,0.55693,0,0.0,10
1900-01-01 14:54:20.663,21.839219,-1.275807,23.844331,-1.546364,0.120701,0.142766,0.22453,0.203319,0,0.0,10
1900-01-01 14:54:21.663,21.836069,-1.272395,23.850895,-1.548333,0.121063,0.143254,0.224833,0.79267,0,0.0,10
1900-01-01 14:54:22.663,21.834756,-1.279482,23.844594,-1.551352,0.121205,0.142729,0.224392,0.604078,0,0.0,10
1900-01-01 14:54:23.663,21.822549,-1.280007,23.839343,-1.550695,0.1212,0.143139,0.224805,0.684229,0,0.0,10
1900-01-01 14:54:24.663,21.843813,-1.275282,23.850895,-1.546495,0.120859,0.143013,0.22476,0.542785,0,0.0,10
1900-01-01 14:54:25.663,21.835543,-1.268588,23.846169,-1.548202,0.120722,0.142614,0.224658,0.967118,0,0.0,10
1900-01-01 14:54:26.663,21.832918,-1.279876,23.843413,-1.547677,0.121284,0.143086,0.225008,0.78324,0,0.0,10
1900-01-01 14:54:27.663,21.844207,-1.283157,23.849057,-1.53967,0.121646,0.142818,0.224567,0.632367,0,0.0,10
1900-01-01 14:54:28.663,21.831212,-1.27397,23.841969,-1.54282,0.120328,0.142435,0.224686,0.853963,0,0.0,10
1900-01-01 14:54:29.663,21.8341,-1.268194,23.849845,-1.542033,0.121095,0.143123,0.224383,0.679515,0,0.0,10
1900-01-01 14:54:30.663,21.843813,-1.279876,23.847876,-1.538227,0.120901,0.142477,0.224493,0.693659,0,0.0,10
1900-01-01 14:54:31.663,21.841056,-1.273576,23.849057,-1.545577,0.120208,0.14201,0.224658,0.769096,0,0.0,10
1900-01-01 14:54:32.663,21.835281,-1.276201,23.8421,-1.543608,0.120743,0.142556,0.224254,0.448489,0,0.0,10
1900-01-01 14:54:33.663,21.834625,-1.276464,23.839737,-1.541377,0.119977,0.142398,0.224585,0.721948,0,0.0,10
1900-01-01 14:54:34.663,21.839219,-1.272263,23.848401,-1.539933,0.12088,0.143039,0.22498,0.575789,0,0.0,10
1900-01-01 14:54:35.663,21.822024,-1.278039,23.832517,-1.547545,0.121205,0.142514,0.22509,0.778526,0,0.0,10
1900-01-01 14:54:36.663,21.845388,-1.271476,23.839737,-1.545708,0.121032,0.142939,0.224962,0.957688,0,0.0,10
1900-01-01 14:54:37.663,21.851295,-1.268194,23.846432,-1.54912,0.12089,0.142472,0.224805,0.721948,0,0.0,10
1900-01-01 14:54:38.663,21.830949,-1.275938,23.836455,-1.548333,0.120097,0.14223,0.224603,0.868107,0,0.0,10
1900-01-01 14:54:39.663,21.831999,-1.282632,23.83803,-1.544395,0.12121,0.142236,0.224888,0.79267,0,0.0,10
1900-01-01 14:54:40.663,21.850113,-1.264782,23.846432,-1.542558,0.11983,0.141999,0.225008,0.835103,0,0.0,10
1900-01-01 14:54:41.663,21.827799,-1.282895,23.835274,-1.548595,0.120701,0.142556,0.224291,0.929399,0,0.0,10
1900-01-01 14:54:42.663,21.828718,-1.289064,23.833567,-1.549252,0.120439,0.142582,0.224897,0.764381,0,0.0,10
1900-01-01 14:54:43.663,21.833968,-1.283026,23.839868,-1.547808,0.120223,0.142367,0.224392,0.679515,0,0.0,10
1900-01-01 14:54:44.663,21.833181,-1.277645,23.839999,-1.548989,0.119935,0.142367,0.224815,0.868107,0,0.0,10
1900-01-01 14:54:45.663,21.827011,-1.27502,23.838293,-1.541377,0.121405,0.143585,0.224704,0.839818,0,0.0,10
1900-01-01 14:54:46.663,21.823336,-1.277776,23.835405,-1.547677,0.120901,0.142141,0.224686,0.806814,0,0.0,10
1900-01-01 14:54:47.663,21.841975,-1.270426,23.844725,-1.540458,0.120586,0.142929,0.224888,0.91054,0,0.0,10
1900-01-01 14:54:48.663,21.831606,-1.275151,23.841312,-1.542558,0.120307,0.142262,0.22464,0.825674,0,0.0,10
1900-01-01 14:54:49.663,21.844863,-1.273838,23.845382,-1.538227,0.120386,0.143307,0.224998,0.589933,0,0.0,10
1900-01-01 14:54:50.663,21.839088,-1.277776,23.8421,-1.538752,0.120985,0.142519,0.224603,0.764381,0,0.0,10
1900-01-01 14:54:51.663,21.836987,-1.280532,23.845775,-1.539933,0.12152,0.142965,0.224273,0.373052,0,0.0,10
1900-01-01 14:54:52.663,21.830949,-1.278957,23.841969,-1.537177,0.121137,0.143265,0.224769,0.580504,0,0.0,10
1900-01-01 14:54:53.663,21.840794,-1.262813,23.837505,-1.534946,0.120076,0.142582,0.22453,0.533356,0,0.0,10
1900-01-01 14:54:54.663,21.824124,-1.280926,23.836718,-1.539802,0.120937,0.143596,0.224897,0.835103,0,0.0,10
1900-01-01 14:54:55.663,21.831474,-1.278301,23.8442,-1.544658,0.120932,0.142902,0.224658,0.561644,0,0.0,10
1900-01-01 14:54:56.663,21.831343,-1.273576,23.845513,-1.535733,0.120134,0.142587,0.22521,0.981262,0,0.0,10
1900-01-01 14:54:57.663,21.835543,-1.273313,23.844725,-1.537177,0.120617,0.142409,0.225173,0.759666,0,0.0,10
1900-01-01 14:54:58.663,21.827405,-1.275413,23.839474,-1.542558,0.120244,0.142671,0.224851,0.787955,0,0.0,10
1900-01-01 14:54:59.663,21.835937,-1.280007,23.849845,-1.531008,0.120869,0.14317,0.225145,0.731378,0,0.0,10
1900-01-01 14:55:00.663,21.827274,-1.271345,23.851945,-1.538489,0.12036,0.142299,0.224952,0.905825,0,0.0,10
1900-01-01 14:55:01.663,21.820973,-1.290245,23.847088,-1.533633,0.121352,0.142855,0.225375,0.948259,0,0.0,10
1900-01-01 14:55:02.663,21.831606,-1.277514,23.855884,-1.537439,0.120911,0.142855,0.224897,0.618222,0,0.0,10
1900-01-01 14:55:03.663,21.830293,-1.277907,23.856934,-1.537308,0.120118,0.142682,0.225035,0.523926,0,0.0,10
1900-01-01 14:55:04.663,21.831737,-1.268457,23.851945,-1.542295,0.121184,0.143097,0.225054,0.736092,0,0.0,10
1900-01-01 14:55:05.663,21.837381,-1.274757,23.852077,-1.54072,0.121006,0.143585,0.225063,0.594648,0,0.0,10
1900-01-01 14:55:06.663,21.828849,-1.276464,23.856934,-1.539802,0.120869,0.14264,0.224888,0.528641,0,0.0,10
1900-01-01 14:55:07.663,21.82478,-1.271607,23.854833,-1.540195,0.120313,0.142204,0.224732,0.632367,0,0.0,10
1900-01-01 14:55:08.663,21.823467,-1.271607,23.861528,-1.534158,0.121111,0.143301,0.225173,0.575789,0,0.0,10
1900-01-01 14:55:09.663,21.832262,-1.269901,23.863235,-1.533108,0.120759,0.142115,0.225136,0.608793,0,0.0,10
1900-01-01 14:55:10.663,21.832524,-1.269638,23.86166,-1.531664,0.120229,0.142304,0.224833,0.825674,0,0.0,10
1900-01-01 14:55:11.663,21.82478,-1.273576,23.851289,-1.537046,0.121063,0.143002,0.224952,0.561644,0,0.0,10
1900-01-01 14:55:12.663,21.840006,-1.268194,23.86166,-1.531927,0.120281,0.142393,0.225338,0.693659,0,0.0,10
1900-01-01 14:55:13.663,21.832262,-1.272657,23.857196,-1.535471,0.119977,0.142215,0.224833,0.415485,0,0.0,10
1900-01-01 14:55:14.663,21.82583,-1.276464,23.849451,-1.532846,0.119992,0.142299,0.225338,0.505067,0,0.0,10
1900-01-01 14:55:15.663,21.833181,-1.272132,23.858115,-1.541508,0.120643,0.142367,0.224971,0.797385,0,0.0,10
1900-01-01 14:55:16.663,21.829112,-1.276595,23.851814,-1.538621,0.12068,0.142824,0.225035,0.759666,0,0.0,10
1900-01-01 14:55:17.663,21.82373,-1.274888,23.842362,-1.537046,0.120538,0.142834,0.224925,0.613507,0,0.0,10
1900-01-01 14:55:18.663,21.80916,-1.276464,23.848401,-1.545445,0.120906,0.14348,0.225228,0.651226,0,0.0,10
1900-01-01 14:55:19.663,21.833706,-1.279482,23.852077,-1.534421,0.120454,0.141994,0.225384,0.759666,0,0.0,10
1900-01-01 14:55:20.663,21.840006,-1.276726,23.851158,-1.54177,0.119914,0.142047,0.224851,0.688944,0,0.0,10
1900-01-01 14:55:21.663,21.811391,-1.278826,23.840393,-1.543608,0.12025,0.14295,0.225384,0.641796,0,0.0,10
1900-01-01 14:55:22.663,21.82583,-1.275282,23.843544,-1.544133,0.120108,0.142608,0.224714,0.344763,0,0.0,10
1900-01-01 14:55:23.663,21.826355,-1.281582,23.845907,-1.548595,0.120097,0.142178,0.224916,0.462633,0,0.0,10
1900-01-01 14:55:24.663,21.814935,-1.280664,23.843544,-1.53967,0.121021,0.142986,0.225265,0.613507,0,0.0,10
1900-01-01 14:55:25.663,21.810341,-1.283945,23.837899,-1.544133,0.120722,0.142635,0.225155,0.613507,0,0.0,10
1900-01-01 14:55:26.663,21.816379,-1.280664,23.841181,-1.540064,0.121011,0.143343,0.225384,0.844533,0,0.0,10
1900-01-01 14:55:27.663,21.82163,-1.273576,23.840525,-1.54177,0.121441,0.142913,0.22521,0.42963,0,0.0,10
1900-01-01 14:55:28.663,21.830687,-1.269376,23.845513,-1.543608,0.120691,0.142278,0.224897,0.382482,0,0.0,10
1900-01-01 14:55:29.663,21.828849,-1.274495,23.845644,-1.543214,0.120045,0.141627,0.225182,0.759666,0,0.0,10
1900-01-01 14:55:30.663,21.823599,-1.277514,23.842625,-1.537964,0.12088,0.143112,0.224603,0.472063,0,0.0,10
1900-01-01 14:55:31.663,21.825568,-1.278564,23.846432,-1.538883,0.12026,0.142488,0.225044,0.721948,0,0.0,10
1900-01-01 14:55:32.663,21.821236,-1.271476,23.849451,-1.535996,0.121137,0.142897,0.224998,0.703089,0,0.0,10
1900-01-01 14:55:33.663,21.827274,-1.274757,23.851026,-1.537833,0.120801,0.142535,0.224723,0.552215,0,0.0,10
1900-01-01 14:55:34.663,21.812441,-1.283682,23.843675,-1.543345,0.120948,0.142587,0.225495,0.589933,0,0.0,10
1900-01-01 14:55:35.663,21.806666,-1.282239,23.837899,-1.541902,0.120979,0.142698,0.22487,1.094418,0,0.0,10
1900-01-01 14:55:36.663,21.821498,-1.26872,23.842494,-1.540458,0.120255,0.142729,0.225109,0.849248,0,0.0,10
1900-01-01 14:55:37.663,21.823599,-1.267538,23.851289,-1.532714,0.120218,0.142414,0.225127,0.759666,0,0.0,10
1900-01-01 14:55:38.663,21.814148,-1.267669,23.838162,-1.535864,0.120859,0.142608,0.225072,0.745522,0,0.0,10
1900-01-01 14:55:39.663,21.812573,-1.278039,23.843806,-1.535208,0.120517,0.14274,0.225733,0.844533,0,0.0,10
1900-01-01 14:55:40.663,21.825961,-1.275413,23.848401,-1.545183,0.120995,0.142698,0.225017,0.971833,0,0.0,10
1900-01-01 14:55:41.663,21.827274,-1.271607,23.857196,-1.542164,0.120444,0.141978,0.225063,0.6748,0,0.0,10
1900-01-01 14:55:42.663,21.825305,-1.266751,23.85247,-1.537308,0.12141,0.143128,0.225274,0.858677,0,0.0,10
1900-01-01 14:55:43.663,21.81953,-1.275413,23.85142,-1.540195,0.121646,0.14328,0.224925,0.688944,0,0.0,10
1900-01-01 14:55:44.663,21.810079,-1.274495,23.847482,-1.547414,0.12047,0.143018,0.224897,1.061414,0,0.0,10
1900-01-01 14:55:45.663,21.814017,-1.274626,23.851552,-1.542033,0.120943,0.142892,0.225081,0.797385,0,0.0,10
1900-01-01 14:55:46.663,21.825961,-1.271345,23.857853,-1.533502,0.121179,0.143506,0.224952,0.905825,0,0.0,10
1900-01-01 14:55:47.663,21.819923,-1.273182,23.855227,-1.539145,0.120733,0.142729,0.225513,0.707803,0,0.0,10
1900-01-01 14:55:48.663,21.82268,-1.271213,23.856671,-1.542689,0.120643,0.14316,0.225072,0.769096,0,0.0,10
1900-01-01 14:55:49.663,21.824124,-1.276857,23.855227,-1.539277,0.121095,0.143401,0.225302,1.15571,0,0.0,10
1900-01-01 14:55:50.663,21.818742,-1.272395,23.857721,-1.535864,0.120108,0.14232,0.225228,0.915255,0,0.0,10
1900-01-01 14:55:51.663,21.823336,-1.270688,23.859034,-1.539145,0.120192,0.14253,0.225642,0.78324,0,0.0,10
1900-01-01 14:55:52.663,21.817954,-1.274626,23.854965,-1.533502,0.120932,0.142771,0.225127,0.66537,0,0.0,10
1900-01-01 14:55:53.663,21.818611,-1.27187,23.857459,-1.535339,0.121399,0.143659,0.225127,0.820959,0,0.0,10
1900-01-01 14:55:54.663,21.825699,-1.267801,23.857065,-1.535996,0.120391,0.142519,0.225798,0.684229,0,0.0,10
1900-01-01 14:55:55.663,21.815329,-1.273445,23.854571,-1.539408,0.120496,0.142026,0.225256,0.448489,0,0.0,10
1900-01-01 14:55:56.663,21.819923,-1.276464,23.858509,-1.529433,0.120223,0.142083,0.225228,0.467348,0,0.0,10
1900-01-01 14:55:57.663,21.815198,-1.273576,23.858115,-1.535733,0.12078,0.143275,0.225118,1.070844,0,0.0,10
1900-01-01 14:55:58.663,21.820711,-1.272001,23.85759,-1.539277,0.120034,0.142188,0.225715,0.731378,0,0.0,10
1900-01-01 14:55:59.663,21.819792,-1.265044,23.864416,-1.54177,0.120423,0.142792,0.225228,0.811529,0,0.0,10
1900-01-01 14:56:00.663,21.836856,-1.259925,23.867829,-1.536783,0.120418,0.14244,0.224916,0.566359,0,0.0,10
1900-01-01 14:56:01.663,21.804435,-1.275807,23.850633,-1.542427,0.120664,0.143123,0.225155,1.099133,0,0.0,10
1900-01-01 14:56:02.663,21.808372,-1.269507,23.858509,-1.544395,0.120638,0.142824,0.225026,0.967118,0,0.0,10
1900-01-01 14:56:03.663,21.814542,-1.270163,23.853652,-1.542295,0.120964,0.143196,0.225504,0.872822,0,0.0,10
1900-01-01 14:56:04.663,21.803778,-1.27292,23.857853,-1.536258,0.121216,0.143023,0.225182,0.943544,0,0.0,10
1900-01-01 14:56:05.663,21.818217,-1.263207,23.863497,-1.538883,0.120397,0.143107,0.224723,0.66537,0,0.0,10
1900-01-01 14:56:06.663,21.809816,-1.270295,23.859559,-1.542427,0.120654,0.142971,0.22532,0.721948,0,0.0,10
1900-01-01 14:56:07.663,21.799315,-1.264519,23.854965,-1.544002,0.120491,0.143207,0.224805,0.552215,0,0.0,10
1900-01-01 14:56:08.663,21.807191,-1.267276,23.853521,-1.542952,0.120769,0.143386,0.224879,0.773811,0,0.0,10
1900-01-01 14:56:09.663,21.818742,-1.27082,23.864022,-1.536652,0.120512,0.142682,0.224952,0.646511,0,0.0,10
1900-01-01 14:56:10.663,21.814542,-1.273313,23.860478,-1.537439,0.120523,0.142451,0.22453,0.594648,0,0.0,10
1900-01-01 14:56:11.663,21.805747,-1.27607,23.851814,-1.543739,0.120549,0.14296,0.224879,0.509782,0,0.0,10
1900-01-01 14:56:12.663,21.806403,-1.270426,23.856671,-1.542295,0.120864,0.14337,0.224998,1.094418,0,0.0,10
1900-01-01 14:56:13.663,21.81126,-1.273051,23.853914,-1.543083,0.120885,0.143622,0.225109,0.736092,0,0.0,10
1900-01-01 14:56:14.663,21.805222,-1.272001,23.853521,-1.538227,0.120544,0.142813,0.225274,0.79267,0,0.0,10
1900-01-01 14:56:15.663,21.819136,-1.270163,23.858115,-1.544002,0.12025,0.142703,0.224907,0.769096,0,0.0,10
1900-01-01 14:56:16.663,21.815067,-1.270688,23.856671,-1.541377,0.121357,0.143627,0.224787,0.641796,0,0.0,10
1900-01-01 14:56:17.663,21.819136,-1.268982,23.859034,-1.544264,0.120286,0.142923,0.224815,1.136851,0,0.0,10
1900-01-01 14:56:18.663,21.816773,-1.270951,23.860741,-1.545577,0.120481,0.142818,0.225044,0.844533,0,0.0,10
1900-01-01 14:56:19.663,21.810473,-1.268063,23.855884,-1.540064,0.120381,0.142871,0.225081,0.901111,0,0.0,10
1900-01-01 14:56:20.663,21.797478,-1.268982,23.843544,-1.547808,0.120418,0.142582,0.224897,0.896396,0,0.0,10
1900-01-01 14:56:21.663,21.801678,-1.270163,23.851683,-1.544658,0.12036,0.14223,0.225246,0.542785,0,0.0,10
1900-01-01 14:56:22.663,21.804435,-1.272263,23.85444,-1.542164,0.120696,0.142598,0.22521,0.514496,0,0.0,10
1900-01-01 14:56:23.663,21.803778,-1.27502,23.852208,-1.537702,0.121032,0.142897,0.225109,0.726663,0,0.0,10
1900-01-01 14:56:24.663,21.819398,-1.263994,23.86271,-1.53967,0.120397,0.142661,0.224658,0.707803,0,0.0,10
1900-01-01 14:56:25.663,21.807716,-1.27187,23.856802,-1.541377,0.120507,0.143091,0.224888,0.976548,0,0.0,10
1900-01-01 14:56:26.663,21.80496,-1.268588,23.855358,-1.545052,0.120197,0.142341,0.225274,0.717233,0,0.0,10
1900-01-01 14:56:27.663,21.808504,-1.265044,23.851683,-1.551877,0.120822,0.142708,0.225844,0.868107,0,0.0,10
1900-01-01 14:56:28.663,21.809685,-1.268326,23.857065,-1.545052,0.12079,0.142755,0.225237,0.712518,0,0.0,10
1900-01-01 14:56:29.663,21.80601,-1.266619,23.857328,-1.53967,0.121342,0.143527,0.225504,0.533356,0,0.0,10
1900-01-01 14:56:30.663,21.810866,-1.272263,23.85969,-1.539933,0.120349,0.142272,0.225439,0.424915,0,0.0,10
1900-01-01 14:56:31.663,21.800365,-1.271082,23.858115,-1.544658,0.120507,0.14285,0.225779,0.891681,0,0.0,10
1900-01-01 14:56:32.663,21.807322,-1.267538,23.859428,-1.535471,0.120234,0.142902,0.225513,0.641796,0,0.0,10
1900-01-01 14:56:33.663,21.803778,-1.266226,23.856934,-1.541639,0.119945,0.141884,0.225476,0.66537,0,0.0,10
1900-01-01 14:56:34.663,21.809029,-1.269376,23.857196,-1.533896,0.119998,0.141495,0.224989,0.613507,0,0.0,10
1900-01-01 14:56:35.663,21.818873,-1.271738,23.863104,-1.531796,0.119866,0.142398,0.226174,0.952974,0,0.0,10
1900-01-01 14:56:36.663,21.811916,-1.260713,23.857459,-1.531796,0.121158,0.142992,0.225348,0.684229,0,0.0,10
1900-01-01 14:56:37.663,21.799315,-1.273838,23.844857,-1.538227,0.120591,0.142572,0.225531,0.641796,0,0.0,10
1900-01-01 14:56:38.663,21.814542,-1.277514,23.850764,-1.530221,0.12079,0.142808,0.225256,0.608793,0,0.0,10
1900-01-01 14:56:39.663,21.814542,-1.267276,23.852339,-1.537833,0.120376,0.142698,0.22555,0.901111,0,0.0,10
1900-01-01 14:56:40.663,21.813492,-1.268326,23.851289,-1.537964,0.121331,0.143123,0.22532,0.839818,0,0.0,10
1900-01-01 14:56:41.663,21.814017,-1.277251,23.859297,-1.537964,0.120024,0.142099,0.225577,0.255182,0,0.0,10
1900-01-01 14:56:42.663,21.803253,-1.269113,23.850501,-1.53967,0.120355,0.142923,0.225182,0.797385,0,0.0,10
1900-01-01 14:56:43.663,21.814673,-1.268194,23.85654,-1.536914,0.120785,0.143322,0.225421,1.193429,0,0.0,10
1900-01-01 14:56:44.663,21.822155,-1.267669,23.859559,-1.533764,0.12067,0.142892,0.225044,0.896396,0,0.0,10
1900-01-01 14:56:45.663,21.809029,-1.271213,23.857853,-1.528646,0.120365,0.142388,0.224677,0.825674,0,0.0,10
1900-01-01 14:56:46.663,21.806666,-1.277382,23.861134,-1.527071,0.120544,0.143086,0.224815,0.8021,0,0.0,10
1900-01-01 14:56:47.663,21.811391,-1.268063,23.857721,-1.533896,0.120281,0.14211,0.224998,0.905825,0,0.0,10
1900-01-01 14:56:48.663,21.814804,-1.264519,23.863497,-1.527727,0.120187,0.142078,0.224962,0.604078,0,0.0,10
1900-01-01 14:56:49.663,21.808766,-1.274888,23.856146,-1.537308,0.119793,0.142052,0.225504,0.915255,0,0.0,10
1900-01-01 14:56:50.663,21.814673,-1.264257,23.860478,-1.526808,0.119814,0.141852,0.225063,0.750237,0,0.0,10
1900-01-01 14:56:51.663,21.808635,-1.267407,23.855096,-1.535602,0.120066,0.142204,0.225145,0.726663,0,0.0,10
1900-01-01 14:56:52.663,21.814542,-1.267932,23.854571,-1.531664,0.120008,0.142456,0.225145,0.717233,0,0.0,10
1900-01-01 14:56:53.663,21.795115,-1.27082,23.843019,-1.534552,0.120922,0.14223,0.225274,0.863392,0,0.0,10
1900-01-01 14:56:54.663,21.812573,-1.264782,23.859034,-1.531533,0.12025,0.142514,0.225072,1.16514,0,0.0,10
1900-01-01 14:56:55.663,21.817561,-1.262944,23.86166,-1.533108,0.120486,0.142698,0.225035,0.679515,0,0.0,10
1900-01-01 14:56:56.663,21.790915,-1.267407,23.849189,-1.539145,0.120943,0.142719,0.224925,0.66537,0,0.0,10
1900-01-01 14:56:57.663,21.792752,-1.262288,23.848926,-1.537046,0.120859,0.143585,0.225155,0.816244,0,0.0,10
1900-01-01 14:56:58.663,21.807454,-1.269376,23.850895,-1.537833,0.120376,0.142671,0.224998,0.55693,0,0.0,10
1900-01-01 14:56:59.663,21.803516,-1.270426,23.856146,-1.536389,0.120785,0.142031,0.224805,0.943544,0,0.0,10
1900-01-01 14:57:00.663,21.809816,-1.267538,23.855884,-1.535864,0.120281,0.142377,0.225384,0.707803,0,0.0,10
1900-01-01 14:57:01.663,21.80916,-1.267801,23.852733,-1.537702,0.121226,0.142981,0.225283,0.891681,0,0.0,10
1900-01-01 14:57:02.663,21.818479,-1.261107,23.862447,-1.531271,0.120418,0.142981,0.224861,0.764381,0,0.0,10
1900-01-01 14:57:03.663,21.820055,-1.260319,23.859165,-1.53967,0.120365,0.142755,0.225017,0.703089,0,0.0,10
1900-01-01 14:57:04.663,21.79669,-1.267144,23.855227,-1.536652,0.120607,0.142787,0.225008,0.424915,0,0.0,10
1900-01-01 14:57:05.663,21.812967,-1.267407,23.856671,-1.54177,0.121016,0.143543,0.225384,0.453204,0,0.0,10
1900-01-01 14:57:06.663,21.814673,-1.262682,23.863104,-1.535733,0.120176,0.142608,0.225421,0.655941,0,0.0,10
1900-01-01 14:57:07.663,21.799709,-1.265307,23.845907,-1.540064,0.120638,0.142887,0.225577,0.806814,0,0.0,10
1900-01-01 14:57:08.663,21.817823,-1.262813,23.862185,-1.533108,0.120297,0.14285,0.225256,0.6748,0,0.0,10
1900-01-01 14:57:09.663,21.80811,-1.265307,23.857721,-1.534552,0.12089,0.143417,0.225118,0.773811,0,0.0,10
1900-01-01 14:57:10.663,21.817823,-1.269507,23.856146,-1.538096,0.119698,0.141936,0.225155,0.764381,0,0.0,10
1900-01-01 14:57:11.663,21.812967,-1.264913,23.858246,-1.536258,0.120176,0.142257,0.225219,1.108562,0,0.0,10
1900-01-01 14:57:12.663,21.810735,-1.258482,23.854046,-1.533108,0.120549,0.142493,0.225311,0.844533,0,0.0,10
1900-01-01 14:57:13.663,21.807585,-1.259138,23.849582,-1.542952,0.120748,0.143186,0.225421,0.717233,0,0.0,10
1900-01-01 14:57:14.663,21.816904,-1.260976,23.847088,-1.528646,0.120202,0.14202,0.225256,0.655941,0,0.0,10
1900-01-01 14:57:15.663,21.802466,-1.269638,23.845119,-1.536521,0.120701,0.142619,0.225522,0.622937,0,0.0,10
1900-01-01 14:57:16.663,21.799578,-1.269638,23.843675,-1.537439,0.120223,0.141774,0.225155,0.599363,0,0.0,10
1900-01-01 14:57:17.663,21.812967,-1.261369,23.852733,-1.526808,0.120911,0.143196,0.225384,0.8021,0,0.0,10
1900-01-01 14:57:18.663,21.794984,-1.259138,23.834355,-1.537308,0.119987,0.141994,0.225724,0.655941,0,0.0,10
1900-01-01 14:57:19.663,21.817167,-1.260713,23.854046,-1.539014,0.120465,0.142461,0.22554,0.660655,0,0.0,10
1900-01-01 14:57:20.663,21.801678,-1.265963,23.848007,-1.534027,0.119914,0.142887,0.225311,1.04727,0,0.0,10
1900-01-01 14:57:21.663,21.801284,-1.263994,23.841443,-1.531664,0.12004,0.143039,0.225109,1.146281,0,0.0,10
1900-01-01 14:57:22.663,21.799315,-1.274757,23.838162,-1.537833,0.120292,0.142834,0.225246,0.566359,0,0.0,10
1900-01-01 14:57:23.663,21.811391,-1.267932,23.841837,-1.533502,0.121132,0.143491,0.225026,0.618222,0,0.0,10
1900-01-01 14:57:24.663,21.790652,-1.271213,23.839212,-1.531664,0.121163,0.142556,0.224897,0.797385,0,0.0,10
1900-01-01 14:57:25.663,21.794196,-1.271345,23.837243,-1.530221,0.120376,0.142582,0.224861,0.707803,0,0.0,10
1900-01-01 14:57:26.663,21.805616,-1.272526,23.848663,-1.524971,0.120302,0.143202,0.225366,0.736092,0,0.0,10
1900-01-01 14:57:27.663,21.801415,-1.271738,23.847088,-1.526021,0.120197,0.142755,0.225274,0.971833,0,0.0,10
1900-01-01 14:57:28.663,21.797215,-1.265176,23.846826,-1.525758,0.119646,0.141831,0.225605,0.655941,0,0.0,10
1900-01-01 14:57:29.663,21.803384,-1.263601,23.847482,-1.528514,0.120271,0.142446,0.225449,0.915255,0,0.0,10
1900-01-01 14:57:30.663,21.811785,-1.265963,23.851158,-1.526808,0.121032,0.142808,0.225256,0.283471,0,0.0,10
1900-01-01 14:57:31.663,21.800234,-1.273313,23.85142,-1.531139,0.120297,0.142682,0.224824,0.891681,0,0.0,10
1900-01-01 14:57:32.663,21.80811,-1.2573,23.851158,-1.531139,0.120454,0.142692,0.225191,0.505067,0,0.0,10
1900-01-01 14:57:33.663,21.803516,-1.264651,23.854046,-1.528908,0.120523,0.143018,0.224861,0.542785,0,0.0,10
1900-01-01 14:57:34.663,21.799315,-1.26872,23.848663,-1.534421,0.120297,0.142472,0.224962,0.79267,0,0.0,10
1900-01-01 14:57:35.663,21.799972,-1.269638,23.844988,-1.531664,0.120323,0.142283,0.224998,0.679515,0,0.0,10
1900-01-01 14:57:36.663,21.802991,-1.267669,23.849582,-1.531139,0.120223,0.142818,0.225632,0.915255,0,0.0,10
1900-01-01 14:57:37.663,21.803516,-1.268588,23.849582,-1.532714,0.119971,0.142509,0.225274,0.514496,0,0.0,10
1900-01-01 14:57:38.663,21.810079,-1.268194,23.852996,-1.529958,0.120255,0.142635,0.225265,0.604078,0,0.0,10
1900-01-01 14:57:39.663,21.802466,-1.270557,23.856277,-1.530614,0.120806,0.142913,0.22521,1.000122,0,0.0,10
1900-01-01 14:57:40.663,21.806403,-1.270163,23.85142,-1.528121,0.12047,0.143007,0.22498,0.66537,0,0.0,10
1900-01-01 14:57:41.663,21.795771,-1.261501,23.852602,-1.526414,0.120313,0.14233,0.225393,0.816244,0,0.0,10
1900-01-01 14:57:42.663,21.788027,-1.269507,23.846432,-1.538227,0.120628,0.143018,0.225476,1.122707,0,0.0,10
1900-01-01 14:57:43.663,21.801547,-1.266882,23.858115,-1.539933,0.119835,0.142068,0.225357,0.957688,0,0.0,10
1900-01-01 14:57:44.663,21.793277,-1.268457,23.850501,-1.535339,0.120055,0.142645,0.225651,0.55693,0,0.0,10
1900-01-01 14:57:45.663,21.806535,-1.266094,23.857721,-1.532846,0.1212,0.14327,0.225118,0.853963,0,0.0,10
1900-01-01 14:57:46.663,21.802466,-1.26872,23.857984,-1.534683,0.120397,0.142199,0.224815,0.363622,0,0.0,10
1900-01-01 14:57:47.663,21.798922,-1.267801,23.852864,-1.538621,0.120796,0.143191,0.224649,0.651226,0,0.0,10
1900-01-01 14:57:48.663,21.797084,-1.265307,23.857196,-1.530746,0.121037,0.142666,0.225081,0.589933,0,0.0,10
1900-01-01 14:57:49.663,21.802203,-1.265438,23.854571,-1.526414,0.120108,0.142409,0.225054,0.552215,0,0.0,10
1900-01-01 14:57:50.663,21.799315,-1.262026,23.854965,-1.531927,0.120717,0.142918,0.22498,1.080273,0,0.0,10
1900-01-01 14:57:51.663,21.802859,-1.263732,23.853389,-1.525102,0.120318,0.142299,0.224851,0.646511,0,0.0,10
1900-01-01 14:57:52.663,21.801284,-1.263601,23.856802,-1.526414,0.120281,0.142871,0.225155,0.703089,0,0.0,10
1900-01-01 14:57:53.663,21.807454,-1.267538,23.860872,-1.531402,0.120265,0.142881,0.224971,0.604078,0,0.0,10
1900-01-01 14:57:54.663,21.799709,-1.267538,23.854702,-1.530221,0.12131,0.14295,0.225109,0.787955,0,0.0,10
1900-01-01 14:57:55.663,21.810998,-1.258219,23.865992,-1.523789,0.120554,0.14285,0.224897,1.000122,0,0.0,10
1900-01-01 14:57:56.663,21.806141,-1.257957,23.860872,-1.521689,0.119977,0.142414,0.225109,0.684229,0,0.0,10
1900-01-01 14:57:57.663,21.802466,-1.268982,23.870324,-1.522346,0.120691,0.142341,0.225081,0.604078,0,0.0,10
1900-01-01 14:57:58.663,21.792358,-1.257957,23.861134,-1.518671,0.120927,0.143911,0.225265,0.66537,0,0.0,10
1900-01-01 14:57:59.663,21.789077,-1.262157,23.859165,-1.528252,0.120696,0.143322,0.225237,0.613507,0,0.0,10
1900-01-01 14:58:00.663,21.800103,-1.265569,23.86166,-1.526414,0.120612,0.14327,0.22555,0.820959,0,0.0,10
1900-01-01 14:58:01.663,21.79459,-1.270557,23.856146,-1.531927,0.120176,0.142944,0.225439,0.542785,0,0.0,10
1900-01-01 14:58:02.663,21.796953,-1.265701,23.856934,-1.530877,0.120796,0.142503,0.22521,1.113277,0,0.0,10
1900-01-01 14:58:03.663,21.787108,-1.265307,23.856015,-1.528646,0.120449,0.142393,0.225513,1.033125,0,0.0,10
1900-01-01 14:58:04.663,21.802466,-1.262419,23.862447,-1.525233,0.119257,0.141369,0.225412,0.759666,0,0.0,10
1900-01-01 14:58:05.663,21.803647,-1.262682,23.870455,-1.525496,0.121084,0.143207,0.225228,0.646511,0,0.0,10
1900-01-01 14:58:06.663,21.797346,-1.270688,23.859297,-1.529958,0.120313,0.142131,0.225357,0.830388,0,0.0,10
1900-01-01 14:58:07.663,21.792358,-1.264651,23.855096,-1.528646,0.120276,0.141921,0.225219,0.91997,0,0.0,10
1900-01-01 14:58:08.663,21.804566,-1.26977,23.861791,-1.521427,0.120113,0.142146,0.225412,0.707803,0,0.0,10
1900-01-01 14:58:09.663,21.79564,-1.26977,23.853389,-1.527596,0.12025,0.142325,0.224842,0.754952,0,0.0,10
1900-01-01 14:58:10.663,21.79984,-1.267276,23.857853,-1.522871,0.1212,0.143249,0.224916,0.967118,0,0.0,10
1900-01-01 14:58:11.663,21.804435,-1.262944,23.861134,-1.526546,0.120213,0.142776,0.225127,0.872822,0,0.0,10
1900-01-01 14:58:12.663,21.791702,-1.261632,23.85654,-1.529302,0.120271,0.141737,0.225099,1.009551,0,0.0,10
1900-01-01 14:58:13.663,21.814542,-1.259532,23.871243,-1.526939,0.119977,0.142992,0.225384,0.660655,0,0.0,10
1900-01-01 14:58:14.663,21.807191,-1.267801,23.86271,-1.521296,0.120181,0.141999,0.225256,0.877537,0,0.0,10
1900-01-01 14:58:15.663,21.796428,-1.270295,23.856409,-1.531533,0.120612,0.143265,0.225118,0.500352,0,0.0,10
1900-01-01 14:58:16.663,21.78422,-1.267144,23.854046,-1.526283,0.121305,0.143475,0.22521,0.679515,0,0.0,10
1900-01-01 14:58:17.663,21.79354,-1.271607,23.852339,-1.526677,0.119809,0.142351,0.225265,0.655941,0,0.0,10
1900-01-01 14:58:18.663,21.804566,-1.268194,23.860609,-1.529302,0.119772,0.141663,0.225467,0.509782,0,0.0,10
1900-01-01 14:58:19.663,21.802072,-1.266226,23.863497,-1.526414,0.120722,0.143123,0.225099,0.514496,0,0.0,10
1900-01-01 14:58:20.663,21.803909,-1.264651,23.864154,-1.524314,0.120985,0.142992,0.224916,0.693659,0,0.0,10
1900-01-01 14:58:21.663,21.791177,-1.260976,23.85759,-1.528514,0.120286,0.142131,0.225623,0.740807,0,0.0,10
1900-01-01 14:58:22.663,21.802859,-1.266488,23.856277,-1.526283,0.120575,0.142677,0.225338,0.849248,0,0.0,10
1900-01-01 14:58:23.663,21.795246,-1.266751,23.851814,-1.525496,0.119982,0.142015,0.225421,0.604078,0,0.0,10
1900-01-01 14:58:24.663,21.806666,-1.259138,23.857984,-1.521296,0.120265,0.142582,0.224971,0.632367,0,0.0,10
1900-01-01 14:58:25.663,21.791965,-1.268851,23.851289,-1.528514,0.12057,0.143002,0.225191,0.934114,0,0.0,10
1900-01-01 14:58:26.663,21.785795,-1.267144,23.849451,-1.524708,0.120134,0.142761,0.224962,0.31176,0,0.0,10
1900-01-01 14:58:27.663,21.803516,-1.268326,23.853127,-1.527333,0.120481,0.142425,0.225127,0.877537,0,0.0,10
1900-01-01 14:58:28.663,21.810735,-1.261238,23.86271,-1.521689,0.120754,0.142929,0.225127,0.915255,0,0.0,10
1900-01-01 14:58:29.663,21.796034,-1.263469,23.852733,-1.525102,0.119158,0.1419,0.225669,0.773811,0,0.0,10
1900-01-01 14:58:30.663,21.802991,-1.259532,23.858115,-1.523264,0.120139,0.142792,0.22554,0.330619,0,0.0,10
1900-01-01 14:58:31.663,21.800759,-1.263863,23.855752,-1.523396,0.120517,0.142881,0.225412,0.660655,0,0.0,10
1900-01-01 14:58:32.663,21.802203,-1.267407,23.859428,-1.524708,0.120187,0.142614,0.225274,0.731378,0,0.0,10
1900-01-01 14:58:33.663,21.801547,-1.259663,23.854702,-1.525758,0.12047,0.142215,0.226092,0.863392,0,0.0,10
1900-01-01 14:58:34.663,21.800234,-1.255069,23.852996,-1.529302,0.120397,0.141984,0.225531,0.769096,0,0.0,10
1900-01-01 14:58:35.663,21.796034,-1.264126,23.859034,-1.521164,0.120533,0.142677,0.225265,0.806814,0,0.0,10
1900-01-01 14:58:36.663,21.799972,-1.265701,23.858115,-1.527071,0.119557,0.141747,0.225577,0.55693,0,0.0,10
1900-01-01 14:58:37.663,21.801415,-1.257957,23.858246,-1.525758,0.120108,0.141926,0.225109,0.655941,0,0.0,10
1900-01-01 14:58:38.663,21.793802,-1.262813,23.851158,-1.527464,0.120496,0.142687,0.225495,0.754952,0,0.0,10
1900-01-01 14:58:39.663,21.786452,-1.262157,23.846694,-1.534814,0.119914,0.142414,0.225614,0.759666,0,0.0,10
1900-01-01 14:58:40.663,21.799447,-1.265307,23.851814,-1.534158,0.120313,0.142566,0.225421,1.018981,0,0.0,10
1900-01-01 14:58:41.663,21.790915,-1.264126,23.850108,-1.531008,0.11983,0.142902,0.225026,0.637081,0,0.0,10
1900-01-01 14:58:42.663,21.791833,-1.263207,23.853521,-1.530746,0.120433,0.142535,0.225338,0.641796,0,0.0,10
1900-01-01 14:58:43.663,21.809422,-1.262551,23.857853,-1.529302,0.120691,0.142346,0.225228,0.78324,0,0.0,10
1900-01-01 14:58:44.663,21.796296,-1.257957,23.856802,-1.532714,0.12015,0.141742,0.224907,0.844533,0,0.0,10
1900-01-01 14:58:45.663,21.800365,-1.262813,23.85037,-1.526152,0.120517,0.142803,0.22509,0.505067,0,0.0,10
1900-01-01 14:58:46.663,21.800234,-1.2594,23.849189,-1.531402,0.120255,0.142419,0.224851,0.8021,0,0.0,10
1900-01-01 14:58:47.663,21.794852,-1.260976,23.852208,-1.525102,0.119614,0.142398,0.225072,0.764381,0,0.0,10
1900-01-01 14:58:48.663,21.811785,-1.259925,23.857328,-1.524314,0.120297,0.142944,0.224916,0.707803,0,0.0,10
1900-01-01 14:58:49.663,21.795771,-1.264519,23.859297,-1.530614,0.120817,0.142509,0.224998,0.594648,0,0.0,10
1900-01-01 14:58:50.663,21.793015,-1.266882,23.847613,-1.534814,0.120223,0.142083,0.225393,0.750237,0,0.0,10
1900-01-01 14:58:51.663,21.785927,-1.262419,23.848532,-1.537702,0.120932,0.142724,0.225393,0.778526,0,0.0,10
1900-01-01 14:58:52.663,21.804697,-1.262813,23.85864,-1.531664,0.120864,0.142388,0.224998,0.769096,0,0.0,10
1900-01-01 14:58:53.663,21.798003,-1.262682,23.864941,-1.524183,0.120449,0.14222,0.225191,0.731378,0,0.0,10
1900-01-01 14:58:54.663,21.808372,-1.261107,23.86271,-1.521821,0.120454,0.142965,0.224585,0.736092,0,0.0,10
1900-01-01 14:58:55.663,21.78422,-1.263994,23.859953,-1.529958,0.120323,0.142593,0.225302,0.849248,0,0.0,10
1900-01-01 14:58:56.663,21.794721,-1.263732,23.864285,-1.522871,0.120995,0.143238,0.225063,1.014266,0,0.0,10
1900-01-01 14:58:57.663,21.794459,-1.262944,23.858509,-1.531139,0.120349,0.142692,0.225393,0.858677,0,0.0,10
1900-01-01 14:58:58.663,21.802203,-1.259925,23.860216,-1.532058,0.120087,0.142005,0.225246,0.731378,0,0.0,10
1900-01-01 14:58:59.663,21.797871,-1.267801,23.871374,-1.526283,0.120559,0.142624,0.225348,0.259897,0,0.0,10
1900-01-01 14:59:00.663,21.794196,-1.265701,23.865992,-1.527202,0.120265,0.14244,0.225439,0.863392,0,0.0,10
1900-01-01 14:59:01.663,21.779364,-1.264388,23.854177,-1.526808,0.120444,0.142845,0.225357,0.78324,0,0.0,10
1900-01-01 14:59:02.663,21.802597,-1.268457,23.868355,-1.525627,0.120055,0.141863,0.224943,0.769096,0,0.0,10
1900-01-01 14:59:03.663,21.803384,-1.264126,23.876493,-1.525889,0.120134,0.142062,0.22476,0.849248,0,0.0,10
1900-01-01 14:59:04.663,21.79984,-1.263994,23.870455,-1.524839,0.12047,0.143737,0.224511,0.731378,0,0.0,10
1900-01-01 14:59:05.663,21.807716,-1.25625,23.877412,-1.528383,0.120743,0.143133,0.225191,0.957688,0,0.0,10
1900-01-01 14:59:06.663,21.802728,-1.265963,23.872161,-1.525889,0.120785,0.142041,0.225173,0.769096,0,0.0,10
1900-01-01 14:59:07.663,21.798134,-1.262419,23.870061,-1.527858,0.12016,0.142545,0.224851,0.754952,0,0.0,10
1900-01-01 14:59:08.663,21.784483,-1.259269,23.863891,-1.530746,0.119788,0.142052,0.225044,0.952974,0,0.0,10
1900-01-01 14:59:09.663,21.79564,-1.265569,23.862316,-1.527464,0.1211,0.143028,0.224916,0.509782,0,0.0,10
1900-01-01 14:59:10.663,21.791308,-1.269376,23.863235,-1.523396,0.119394,0.14169,0.225614,0.778526,0,0.0,10
1900-01-01 14:59:11.663,21.79879,-1.263338,23.865598,-1.526021,0.120218,0.142131,0.225439,0.985977,0,0.0,10
1900-01-01 14:59:12.663,21.778576,-1.265438,23.856671,-1.528777,0.120003,0.142304,0.225632,0.505067,0,0.0,10
1900-01-01 14:59:13.663,21.777263,-1.263338,23.849976,-1.534158,0.119998,0.142057,0.22555,0.811529,0,0.0,10
1900-01-01 14:59:14.663,21.797215,-1.254544,23.861266,-1.522608,0.119971,0.1419,0.225164,0.703089,0,0.0,10
1900-01-01 14:59:15.663,21.796165,-1.263207,23.860084,-1.527727,0.120197,0.142141,0.224907,0.740807,0,0.0,10
1900-01-01 14:59:16.663,21.790258,-1.262551,23.854177,-1.529039,0.120549,0.142566,0.224934,1.160425,0,0.0,10
1900-01-01 14:59:17.663,21.791046,-1.266357,23.84827,-1.529433,0.120318,0.141768,0.225145,0.905825,0,0.0,10
1900-01-01 14:59:18.663,21.785927,-1.257957,23.848926,-1.531796,0.119221,0.141658,0.224851,0.594648,0,0.0,10
1900-01-01 14:59:19.663,21.794852,-1.262682,23.850895,-1.530352,0.119772,0.14211,0.225081,0.684229,0,0.0,10
1900-01-01 14:59:20.663,21.792358,-1.263207,23.851683,-1.530746,0.120013,0.141884,0.225246,1.023696,0,0.0,10
1900-01-01 14:59:21.663,21.793671,-1.272132,23.849976,-1.533764,0.119935,0.142267,0.224842,1.056699,0,0.0,10
1900-01-01 14:59:22.663,21.799709,-1.262157,23.850633,-1.533764,0.119977,0.141884,0.225054,0.835103,0,0.0,10
1900-01-01 14:59:23.663,21.785402,-1.258482,23.851552,-1.535077,0.119572,0.142057,0.225127,1.150995,0,0.0,10
1900-01-01 14:59:24.663,21.809554,-1.254807,23.86586,-1.525496,0.120916,0.142115,0.22498,0.467348,0,0.0,10
1900-01-01 14:59:25.663,21.790652,-1.267932,23.856802,-1.527464,0.120145,0.142314,0.225008,1.004836,0,0.0,10
1900-01-01 14:59:26.663,21.796559,-1.257825,23.866123,-1.526021,0.120439,0.14285,0.224897,0.6748,0,0.0,10
1900-01-01 14:59:27.663,21.790258,-1.262813,23.865335,-1.524052,0.120355,0.142062,0.224934,0.863392,0,0.0,10
1900-01-01 14:59:28.663,21.787108,-1.253494,23.868355,-1.525496,0.120554,0.141952,0.225375,0.53807,0,0.0,10
1900-01-01 14:59:29.663,21.800628,-1.259007,23.86691,-1.510139,0.118984,0.141747,0.225044,0.948259,0,0.0,10
1900-01-01 14:59:30.663,21.79354,-1.268982,23.873999,-1.521558,0.119352,0.141385,0.225283,0.773811,0,0.0,10
1900-01-01 14:59:31.663,21.788027,-1.266488,23.87203,-1.521689,0.120013,0.142173,0.225017,1.193429,0,0.0,10
1900-01-01 14:59:32.663,21.787896,-1.266094,23.878463,-1.520639,0.12036,0.14212,0.225467,0.726663,0,0.0,10
1900-01-01 14:59:33.663,21.785139,-1.249294,23.878856,-1.519983,0.120197,0.142939,0.225017,0.66537,0,0.0,10
1900-01-01 14:59:34.663,21.784089,-1.264782,23.87715,-1.522871,0.120045,0.142535,0.22509,0.901111,0,0.0,10
1900-01-01 14:59:35.663,21.79564,-1.264651,23.892903,-1.518671,0.119614,0.141679,0.224861,0.55693,0,0.0,10
1900-01-01 14:59:36.663,21.786583,-1.257432,23.88437,-1.516571,0.119908,0.142068,0.225191,0.552215,0,0.0,10
1900-01-01 14:59:37.663,21.793802,-1.262682,23.889358,-1.522083,0.12088,0.142519,0.22498,0.934114,0,0.0,10
1900-01-01 14:59:38.663,21.800497,-1.263732,23.895528,-1.525758,0.120386,0.142351,0.224695,0.533356,0,0.0,10
1900-01-01 14:59:39.663,21.792227,-1.263076,23.89159,-1.518277,0.12015,0.142251,0.225191,1.000122,0,0.0,10
1900-01-01 14:59:40.663,21.804697,-1.254413,23.90091,-1.517096,0.120391,0.142173,0.225118,0.981262,0,0.0,10
1900-01-01 14:59:41.663,21.809291,-1.258482,23.903273,-1.510008,0.120397,0.142167,0.224861,0.462633,0,0.0,10
1900-01-01 14:59:42.663,21.796428,-1.257825,23.893428,-1.521821,0.119541,0.141422,0.224989,0.778526,0,0.0,10
1900-01-01 14:59:43.663,21.79249,-1.261238,23.891852,-1.522083,0.120208,0.142761,0.225412,0.915255,0,0.0,10
1900-01-01 14:59:44.663,21.798265,-1.258219,23.904192,-1.523527,0.120895,0.142383,0.225338,0.608793,0,0.0,10
1900-01-01 14:59:45.663,21.790915,-1.270951,23.898941,-1.526808,0.12004,0.142309,0.224879,0.736092,0,0.0,10
1900-01-01 14:59:46.663,21.788946,-1.25205,23.904717,-1.528514,0.120244,0.142561,0.22498,0.608793,0,0.0,10
1900-01-01 14:59:47.663,21.797346,-1.263732,23.904061,-1.527464,0.120003,0.142661,0.225044,0.835103,0,0.0,10
1900-01-01 14:59:48.663,21.796296,-1.255857,23.914431,-1.521033,0.120129,0.142818,0.225302,0.764381,0,0.0,10
1900-01-01 14:59:49.663,21.794852,-1.258088,23.90393,-1.527464,0.120906,0.142629,0.22521,0.825674,0,0.0,10
1900-01-01 14:59:50.663,21.797084,-1.25415,23.91115,-1.522608,0.120418,0.142398,0.225504,1.132136,0,0.0,10
1900-01-01 14:59:51.663,21.801153,-1.255594,23.924539,-1.517621,0.119935,0.141726,0.224952,0.632367,0,0.0,10
1900-01-01 14:59:52.663,21.784089,-1.264782,23.916401,-1.524971,0.11984,0.141879,0.224686,0.571074,0,0.0,10
1900-01-01 14:59:53.663,21.787371,-1.255988,23.921783,-1.513552,0.119263,0.141249,0.22487,0.736092,0,0.0,10
1900-01-01 14:59:54.663,21.802203,-1.262813,23.927821,-1.517752,0.120019,0.1416,0.224888,0.670085,0,0.0,10
1900-01-01 14:59:55.663,21.802203,-1.254544,23.928609,-1.518933,0.120055,0.142194,0.225182,0.91054,0,0.0,10
1900-01-01 14:59:56.663,21.80811,-1.257432,23.937404,-1.515783,0.120481,0.142041,0.225155,1.089703,0,0.0,10
1900-01-01 14:59:57.663,21.79249,-1.259269,23.929265,-1.517621,0.120706,0.142881,0.225026,0.952974,0,0.0,10
1900-01-01 14:59:58.663,21.789471,-1.258613,23.920864,-1.517752,0.120223,0.142514,0.224916,0.472063,0,0.0,10
1900-01-01 14:59:59.663,21.79564,-1.254413,23.933597,-1.523002,0.120433,0.142188,0.225136,0.811529,0,0.0,10
1900-01-01 15:00:00.663,21.796953,-1.263732,23.931103,-1.516439,0.119641,0.141627,0.224952,0.896396,0,0.0,10
1900-01-01 15:00:01.663,21.796165,-1.260582,23.935304,-1.513946,0.119641,0.142078,0.224879,0.736092,0,0.0,10
1900-01-01 15:00:02.663,21.798396,-1.250475,23.935566,-1.518408,0.119635,0.142545,0.22498,0.905825,0,0.0,10
1900-01-01 15:00:03.663,21.796428,-1.259269,23.943968,-1.514864,0.119326,0.141737,0.224925,0.816244,0,0.0,10
1900-01-01 15:00:04.663,21.802072,-1.258088,23.939242,-1.520246,0.120124,0.14285,0.225292,0.981262,0,0.0,10
1900-01-01 15:00:05.663,21.804303,-1.254544,23.941211,-1.513814,0.12015,0.141994,0.224649,0.698374,0,0.0,10
1900-01-01 15:00:06.663,21.798922,-1.255463,23.93898,-1.516964,0.119914,0.142304,0.224943,0.863392,0,0.0,10
1900-01-01 15:00:07.663,21.79879,-1.254544,23.940424,-1.516833,0.120255,0.141747,0.224888,0.726663,0,0.0,10
1900-01-01 15:00:08.663,21.799184,-1.250738,23.944362,-1.510664,0.12025,0.142582,0.224907,1.136851,0,0.0,10
1900-01-01 15:00:09.663,21.802728,-1.251131,23.946593,-1.520377,0.120108,0.141831,0.225054,0.778526,0,0.0,10
1900-01-01 15:00:10.663,21.802991,-1.262551,23.947775,-1.518408,0.12026,0.142477,0.225081,1.141566,0,0.0,10
1900-01-01 15:00:11.663,21.798528,-1.264913,23.947906,-1.513683,0.119074,0.141128,0.225164,1.009551,0,0.0,10
1900-01-01 15:00:12.663,21.804697,-1.258219,23.952763,-1.517883,0.120155,0.143039,0.224741,0.721948,0,0.0,10
1900-01-01 15:00:13.663,21.818611,-1.256513,23.961952,-1.507252,0.120003,0.142356,0.224704,0.552215,0,0.0,10
1900-01-01 15:00:14.663,21.796428,-1.257432,23.949875,-1.514077,0.119667,0.142461,0.225384,0.368337,0,0.0,10
1900-01-01 15:00:15.663,21.808766,-1.254282,23.956964,-1.513289,0.119998,0.142346,0.22498,0.759666,0,0.0,10
1900-01-01 15:00:16.663,21.816248,-1.254019,23.959852,-1.513946,0.119809,0.142855,0.225063,0.721948,0,0.0,10
1900-01-01 15:00:17.663,21.791965,-1.2552,23.951844,-1.514733,0.119809,0.141669,0.225063,0.957688,0,0.0,10
1900-01-01 15:00:18.663,21.80496,-1.257957,23.948037,-1.516964,0.12005,0.142062,0.224769,0.976548,0,0.0,10
1900-01-01 15:00:19.663,21.812573,-1.2489,23.956308,-1.514602,0.119662,0.141831,0.225201,0.505067,0,0.0,10
1900-01-01 15:00:20.663,21.805353,-1.262419,23.952369,-1.516177,0.119877,0.141716,0.224952,1.070844,0,0.0,10
1900-01-01 15:00:21.663,21.815723,-1.257432,23.960902,-1.514602,0.119751,0.142288,0.225237,1.009551,0,0.0,10
1900-01-01 15:00:22.663,21.810473,-1.256382,23.961296,-1.517883,0.119347,0.141543,0.224851,0.820959,0,0.0,10
1900-01-01 15:00:23.663,21.802466,-1.260976,23.959721,-1.521033,0.120507,0.142829,0.225136,0.806814,0,0.0,10
1900-01-01 15:00:24.663,21.815986,-1.253757,23.967335,-1.517358,0.120276,0.142356,0.224943,0.670085,0,0.0,10
1900-01-01 15:00:25.663,21.813098,-1.255463,23.958539,-1.516964,0.120727,0.142488,0.224622,0.736092,0,0.0,10
1900-01-01 15:00:26.663,21.806535,-1.258482,23.958277,-1.517489,0.120129,0.142356,0.22498,0.938829,0,0.0,10
1900-01-01 15:00:27.663,21.805616,-1.249425,23.958671,-1.517621,0.119924,0.142167,0.225145,0.505067,0,0.0,10
1900-01-01 15:00:28.663,21.806666,-1.254807,23.956308,-1.521427,0.119767,0.141506,0.225311,0.750237,0,0.0,10
1900-01-01 15:00:29.663,21.806666,-1.260713,23.960246,-1.519327,0.120113,0.142026,0.225292,0.835103,0,0.0,10
1900-01-01 15:00:30.663,21.810735,-1.25835,23.962609,-1.520639,0.120418,0.14296,0.224971,0.736092,0,0.0,10
1900-01-01 15:00:31.663,21.813492,-1.262944,23.963922,-1.516046,0.119746,0.142262,0.224971,0.79267,0,0.0,10
1900-01-01 15:00:32.663,21.810866,-1.249556,23.963528,-1.521296,0.12067,0.142671,0.225155,0.962403,0,0.0,10
1900-01-01 15:00:33.663,21.816773,-1.259007,23.961033,-1.523921,0.120076,0.142052,0.225292,0.853963,0,0.0,10
1900-01-01 15:00:34.663,21.809816,-1.262551,23.956964,-1.527071,0.120239,0.142719,0.22509,0.745522,0,0.0,10
1900-01-01 15:00:35.663,21.810473,-1.252575,23.959064,-1.520639,0.12015,0.142346,0.225017,0.91054,0,0.0,10
1900-01-01 15:00:36.663,21.806141,-1.253363,23.955914,-1.521821,0.120943,0.142997,0.224897,0.901111,0,0.0,10
1900-01-01 15:00:37.663,21.81546,-1.248506,23.969435,-1.516833,0.120034,0.142162,0.224925,0.561644,0,0.0,10
1900-01-01 15:00:38.663,21.808766,-1.247456,23.95552,-1.516177,0.120139,0.142346,0.22498,0.985977,0,0.0,10
1900-01-01 15:00:39.663,21.814542,-1.253494,23.958014,-1.522346,0.119929,0.141999,0.225265,0.78324,0,0.0,10
1900-01-01 15:00:40.663,21.809422,-1.254807,23.956701,-1.524446,0.1192,0.141653,0.225311,0.797385,0,0.0,10
1900-01-01 15:00:41.663,21.808766,-1.251656,23.963003,-1.528121,0.119735,0.142152,0.224796,0.915255,0,0.0,10
1900-01-01 15:00:42.663,21.800759,-1.251788,23.957095,-1.523789,0.120139,0.142446,0.225651,1.160425,0,0.0,10
1900-01-01 15:00:43.663,21.815198,-1.250213,23.966941,-1.519064,0.119772,0.142572,0.224925,0.533356,0,0.0,10
1900-01-01 15:00:44.663,21.813229,-1.256382,23.959721,-1.519852,0.119656,0.141721,0.225072,0.853963,0,0.0,10
1900-01-01 15:00:45.663,21.81441,-1.249819,23.962477,-1.516702,0.120155,0.142131,0.224576,0.731378,0,0.0,10
1900-01-01 15:00:46.663,21.815854,-1.257694,23.962084,-1.519852,0.119704,0.142136,0.225008,0.552215,0,0.0,10
1900-01-01 15:00:47.663,21.801678,-1.266882,23.954995,-1.523527,0.119893,0.142215,0.224741,0.797385,0,0.0,10
1900-01-01 15:00:48.663,21.814673,-1.273445,23.963265,-1.523527,0.119389,0.141716,0.225072,0.745522,0,0.0,10
1900-01-01 15:00:49.663,21.821892,-1.253232,23.96169,-1.521689,0.119903,0.141684,0.225302,0.641796,0,0.0,10
1900-01-01 15:00:50.663,21.817298,-1.258744,23.956308,-1.519589,0.120055,0.142141,0.224989,0.505067,0,0.0,10
1900-01-01 15:00:51.663,21.815329,-1.257169,23.949088,-1.520902,0.11984,0.142031,0.224934,0.745522,0,0.0,10
1900-01-01 15:00:52.663,21.822155,-1.249031,23.959852,-1.520771,0.11974,0.14223,0.225035,0.703089,0,0.0,10
1900-01-01 15:00:53.663,21.812704,-1.253757,23.958671,-1.517358,0.119357,0.141737,0.225357,0.934114,0,0.0,10
1900-01-01 15:00:54.663,21.816511,-1.263601,23.953288,-1.516046,0.11994,0.142451,0.22532,0.825674,0,0.0,10
1900-01-01 15:00:55.663,21.827405,-1.249163,23.958671,-1.517096,0.119273,0.14127,0.225467,1.018981,0,0.0,10
1900-01-01 15:00:56.663,21.804172,-1.259663,23.947775,-1.511583,0.119677,0.141994,0.22532,0.703089,0,0.0,10
1900-01-01 15:00:57.663,21.817036,-1.259532,23.951057,-1.515389,0.120129,0.142215,0.225495,1.231147,0,0.0,10
1900-01-01 15:00:58.663,21.802466,-1.2426,23.943837,-1.516964,0.119499,0.142257,0.22555,0.66537,0,0.0,10
1900-01-01 15:00:59.663,21.818348,-1.253888,23.953026,-1.513814,0.119404,0.141926,0.225642,0.806814,0,0.0,10
1900-01-01 15:01:00.663,21.828062,-1.252313,23.952632,-1.519589,0.12037,0.142362,0.225246,0.6748,0,0.0,10
1900-01-01 15:01:01.663,21.821105,-1.248506,23.949744,-1.513158,0.119982,0.14222,0.225256,0.660655,0,0.0,10
1900-01-01 15:01:02.663,21.815198,-1.259138,23.950269,-1.518671,0.120071,0.142724,0.224796,0.787955,0,0.0,10
1900-01-01 15:01:03.663,21.820317,-1.252181,23.957227,-1.516177,0.120124,0.142225,0.225173,0.509782,0,0.0,10
1900-01-01 15:01:04.663,21.83003,-1.263732,23.956964,-1.513814,0.119698,0.142572,0.225118,0.679515,0,0.0,10
1900-01-01 15:01:05.663,21.827799,-1.247719,23.960115,-1.511321,0.119725,0.142419,0.225485,0.839818,0,0.0,10
1900-01-01 15:01:06.663,21.82898,-1.249819,23.962477,-1.517227,0.119625,0.142204,0.225155,0.406056,0,0.0,10
1900-01-01 15:01:07.663,21.819792,-1.260713,23.954207,-1.516439,0.11899,0.141921,0.22543,0.731378,0,0.0,10
1900-01-01 15:01:08.663,21.829374,-1.257825,23.958802,-1.517096,0.119898,0.141884,0.225182,0.490922,0,0.0,10
1900-01-01 15:01:09.663,21.816511,-1.252444,23.953682,-1.518014,0.11974,0.141837,0.225017,0.589933,0,0.0,10
1900-01-01 15:01:10.663,21.827668,-1.252181,23.960115,-1.510533,0.119935,0.142545,0.224861,0.608793,0,0.0,10
1900-01-01 15:01:11.663,21.832262,-1.24365,23.961952,-1.510008,0.11879,0.141249,0.225026,0.599363,0,0.0,10
1900-01-01 15:01:12.663,21.822942,-1.2468,23.954995,-1.514471,0.119777,0.14223,0.225568,0.764381,0,0.0,10
1900-01-01 15:01:13.663,21.813754,-1.248638,23.947381,-1.516702,0.119725,0.142026,0.225182,0.877537,0,0.0,10
1900-01-01 15:01:14.663,21.827668,-1.246013,23.96169,-1.513946,0.11931,0.141291,0.225035,0.594648,0,0.0,10
1900-01-01 15:01:15.663,21.82688,-1.257038,23.955126,-1.517883,0.119719,0.141401,0.224842,0.55693,0,0.0,10
1900-01-01 15:01:16.663,21.809554,-1.254807,23.947775,-1.518933,0.120013,0.142414,0.225302,0.769096,0,0.0,10
1900-01-01 15:01:17.663,21.816379,-1.243256,23.949875,-1.527202,0.120029,0.142677,0.224888,0.985977,0,0.0,10
1900-01-01 15:01:18.663,21.803384,-1.244437,23.940817,-1.522608,0.120197,0.142934,0.225596,0.816244,0,0.0,10
1900-01-01 15:01:19.663,21.81953,-1.254544,23.951451,-1.526808,0.11962,0.141921,0.225063,0.872822,0,0.0,10
1900-01-01 15:01:20.663,21.817954,-1.256513,23.952238,-1.524577,0.119551,0.142209,0.22532,0.53807,0,0.0,10
1900-01-01 15:01:21.663,21.823074,-1.251788,23.957489,-1.515258,0.119289,0.141837,0.224897,0.981262,0,0.0,10
1900-01-01 15:01:22.663,21.820711,-1.250738,23.952369,-1.519064,0.118885,0.141984,0.225118,0.698374,0,0.0,10
1900-01-01 15:01:23.663,21.826486,-1.243125,23.96169,-1.517358,0.11962,0.141973,0.225054,0.519211,0,0.0,10
1900-01-01 15:01:24.663,21.826618,-1.243256,23.955389,-1.512633,0.12046,0.143233,0.225145,0.754952,0,0.0,10
1900-01-01 15:01:25.663,21.821498,-1.264782,23.957095,-1.513814,0.120071,0.142146,0.225302,0.853963,0,0.0,10
1900-01-01 15:01:26.663,21.820973,-1.260188,23.954207,-1.513289,0.119966,0.142204,0.225265,1.193429,0,0.0,10
1900-01-01 15:01:27.663,21.824911,-1.248244,23.961821,-1.512502,0.119163,0.142209,0.225081,0.726663,0,0.0,10
1900-01-01 15:01:28.663,21.828849,-1.255332,23.958014,-1.516833,0.119263,0.142377,0.225063,0.967118,0,0.0,10
1900-01-01 15:01:29.663,21.831343,-1.252969,23.965497,-1.515389,0.11868,0.141522,0.225145,0.698374,0,0.0,10
1900-01-01 15:01:30.663,21.830687,-1.239319,23.966678,-1.515127,0.119567,0.141889,0.225109,0.651226,0,0.0,10
1900-01-01 15:01:31.663,21.830162,-1.255857,23.96169,-1.513421,0.119247,0.141548,0.225081,0.78324,0,0.0,10
1900-01-01 15:01:32.663,21.818217,-1.25835,23.95447,-1.516308,0.119362,0.142199,0.225054,1.278295,0,0.0,10
1900-01-01 15:01:33.663,21.826618,-1.25415,23.958539,-1.519589,0.119599,0.142346,0.224952,0.608793,0,0.0,10
1900-01-01 15:01:34.663,21.836069,-1.245619,23.961821,-1.517621,0.119525,0.142587,0.224861,0.839818,0,0.0,10
1900-01-01 15:01:35.663,21.83305,-1.249031,23.961821,-1.512764,0.119935,0.14253,0.224907,0.91054,0,0.0,10
1900-01-01 15:01:36.663,21.821105,-1.2531,23.958933,-1.516571,0.119431,0.14181,0.225182,0.594648,0,0.0,10
1900-01-01 15:01:37.663,21.821498,-1.253888,23.956045,-1.522214,0.119625,0.142472,0.224962,0.604078,0,0.0,10
1900-01-01 15:01:38.663,21.825568,-1.254282,23.953157,-1.518802,0.119992,0.14243,0.225228,0.542785,0,0.0,10
1900-01-01 15:01:39.663,21.83515,-1.247194,23.949481,-1.510533,0.119882,0.142509,0.225292,0.797385,0,0.0,10
1900-01-01 15:01:40.663,21.826093,-1.245619,23.959589,-1.511714,0.119646,0.142125,0.224521,0.905825,0,0.0,10
1900-01-01 15:01:41.663,21.807847,-1.251131,23.94213,-1.519983,0.120481,0.142351,0.224805,0.552215,0,0.0,10
1900-01-01 15:01:42.663,21.825436,-1.245225,23.953288,-1.513683,0.120145,0.14253,0.225044,1.075559,0,0.0,10
1900-01-01 15:01:43.663,21.828587,-1.255857,23.946856,-1.516177,0.119746,0.142157,0.225228,0.509782,0,0.0,10
1900-01-01 15:01:44.663,21.829505,-1.2573,23.949744,-1.517358,0.119882,0.142598,0.225182,0.490922,0,0.0,10
1900-01-01 15:01:45.663,21.828324,-1.249688,23.949744,-1.512896,0.119147,0.142288,0.225302,0.957688,0,0.0,10
1900-01-01 15:01:46.663,21.829899,-1.259925,23.953288,-1.520902,0.119541,0.14253,0.225586,0.901111,0,0.0,10
1900-01-01 15:01:47.663,21.833443,-1.254019,23.956045,-1.513946,0.119053,0.142267,0.225531,0.514496,0,0.0,10
1900-01-01 15:01:48.663,21.834756,-1.247719,23.95447,-1.519983,0.12046,0.142792,0.225099,0.297615,0,0.0,10
1900-01-01 15:01:49.663,21.823861,-1.250738,23.950794,-1.523658,0.120759,0.142902,0.224943,0.891681,0,0.0,10
1900-01-01 15:01:50.663,21.822549,-1.259138,23.948825,-1.520246,0.119599,0.142251,0.224989,0.901111,0,0.0,10
1900-01-01 15:01:51.663,21.834887,-1.251131,23.947512,-1.513814,0.120045,0.142141,0.225228,0.731378,0,0.0,10
1900-01-01 15:01:52.663,21.82793,-1.256907,23.95552,-1.511846,0.119278,0.141994,0.224861,0.363622,0,0.0,10
1900-01-01 15:01:53.663,21.817561,-1.24575,23.948956,-1.515127,0.11983,0.142404,0.225219,0.971833,0,0.0,10
1900-01-01 15:01:54.663,21.826355,-1.249425,23.954864,-1.518802,0.119845,0.142346,0.225256,0.6748,0,0.0,10
1900-01-01 15:01:55.663,21.822024,-1.251,23.946987,-1.520639,0.119021,0.142094,0.225017,0.585218,0,0.0,10
1900-01-01 15:01:56.663,21.826618,-1.242862,23.95657,-1.518933,0.119782,0.1418,0.225338,0.641796,0,0.0,10
1900-01-01 15:01:57.663,21.83515,-1.242469,23.950663,-1.518671,0.11983,0.142782,0.225109,0.660655,0,0.0,10
1900-01-01 15:01:58.663,21.841188,-1.253363,23.958145,-1.515389,0.12005,0.142094,0.224888,0.745522,0,0.0,10
1900-01-01 15:01:59.663,21.831606,-1.251656,23.951844,-1.516964,0.120418,0.142209,0.225099,0.981262,0,0.0,10
1900-01-01 15:02:00.663,21.831212,-1.254019,23.947775,-1.508827,0.118927,0.141999,0.224943,0.769096,0,0.0,10
1900-01-01 15:02:01.663,21.825043,-1.257957,23.947119,-1.517358,0.119604,0.142598,0.225265,0.632367,0,0.0,10
1900-01-01 15:02:02.663,21.838037,-1.252969,23.962346,-1.516439,0.119236,0.141758,0.225044,0.787955,0,0.0,10
1900-01-01 15:02:03.663,21.840269,-1.242206,23.953945,-1.512764,0.119263,0.141175,0.224833,0.934114,0,0.0,10
1900-01-01 15:02:04.663,21.838562,-1.254675,23.958539,-1.519196,0.119992,0.142698,0.225421,0.571074,0,0.0,10
1900-01-01 15:02:05.663,21.831737,-1.244437,23.953945,-1.515389,0.119578,0.142708,0.225237,0.839818,0,0.0,10
1900-01-01 15:02:06.663,21.836594,-1.242469,23.958802,-1.513027,0.120055,0.143055,0.224897,0.797385,0,0.0,10
1900-01-01 15:02:07.663,21.835543,-1.253494,23.956439,-1.518277,0.119672,0.141653,0.225302,1.084988,0,0.0,10
1900-01-01 15:02:08.663,21.834231,-1.251394,23.966153,-1.518146,0.120202,0.142551,0.225421,0.853963,0,0.0,10
1900-01-01 15:02:09.663,21.8383,-1.246144,23.965891,-1.520114,0.119583,0.142414,0.225513,0.806814,0,0.0,10
1900-01-01 15:02:10.663,21.8362,-1.262026,23.962084,-1.519196,0.119719,0.142257,0.225669,0.646511,0,0.0,10
1900-01-01 15:02:11.663,21.832656,-1.244831,23.960246,-1.513814,0.120087,0.14244,0.225577,0.655941,0,0.0,10
1900-01-01 15:02:12.663,21.833443,-1.2489,23.961559,-1.517489,0.119861,0.142545,0.22543,0.585218,0,0.0,10
1900-01-01 15:02:13.663,21.837119,-1.237481,23.96379,-1.509746,0.119268,0.141999,0.225201,0.358908,0,0.0,10
1900-01-01 15:02:14.663,21.846569,-1.236956,23.970748,-1.510271,0.120255,0.142719,0.225798,0.948259,0,0.0,10
1900-01-01 15:02:15.663,21.832524,-1.24995,23.961427,-1.515652,0.119242,0.142152,0.225026,0.820959,0,0.0,10
1900-01-01 15:02:16.663,21.84355,-1.248113,23.97508,-1.510927,0.119331,0.141868,0.225008,0.552215,0,0.0,10
1900-01-01 15:02:17.663,21.832918,-1.256119,23.971798,-1.516833,0.119357,0.142204,0.225191,0.816244,0,0.0,10
1900-01-01 15:02:18.663,21.84867,-1.245225,23.978099,-1.517358,0.119646,0.142661,0.225136,0.976548,0,0.0,10
1900-01-01 15:02:19.663,21.840531,-1.243256,23.975999,-1.520377,0.119746,0.142635,0.225586,0.764381,0,0.0,10
1900-01-01 15:02:20.663,21.835675,-1.248244,23.967203,-1.516571,0.119651,0.142099,0.225348,0.533356,0,0.0,10
1900-01-01 15:02:21.663,21.850113,-1.250213,23.981775,-1.513552,0.119578,0.141884,0.225228,0.891681,0,0.0,10
1900-01-01 15:02:22.663,21.844075,-1.250475,23.977836,-1.512502,0.119777,0.141495,0.225099,0.764381,0,0.0,10
1900-01-01 15:02:23.663,21.833181,-1.249556,23.967335,-1.520114,0.119478,0.142173,0.225632,0.8021,0,0.0,10
1900-01-01 15:02:24.663,21.846044,-1.249688,23.980856,-1.517489,0.11941,0.141784,0.225403,0.688944,0,0.0,10
1900-01-01 15:02:25.663,21.82373,-1.259138,23.971404,-1.519983,0.119929,0.141942,0.225191,1.17457,0,0.0,10
1900-01-01 15:02:26.663,21.83725,-1.253757,23.97823,-1.513814,0.119609,0.141978,0.225155,0.938829,0,0.0,10
1900-01-01 15:02:27.663,21.841056,-1.246406,23.982168,-1.515258,0.12016,0.142834,0.225384,0.632367,0,0.0,10
1900-01-01 15:02:28.663,21.845651,-1.245881,23.9844,-1.516439,0.119966,0.142419,0.225017,0.806814,0,0.0,10
1900-01-01 15:02:29.663,21.832393,-1.245488,23.973767,-1.514208,0.12016,0.142293,0.224934,0.670085,0,0.0,10
1900-01-01 15:02:30.663,21.826355,-1.255594,23.978493,-1.516833,0.120491,0.14285,0.225605,0.901111,0,0.0,10
1900-01-01 15:02:31.663,21.830162,-1.253625,23.981775,-1.520114,0.120418,0.142587,0.225136,0.627652,0,0.0,10
1900-01-01 15:02:32.663,21.826355,-1.25205,23.979018,-1.512239,0.120092,0.142708,0.225393,0.646511,0,0.0,10
1900-01-01 15:02:33.663,21.840138,-1.249163,23.985582,-1.514602,0.120444,0.142624,0.225118,0.552215,0,0.0,10
1900-01-01 15:02:34.663,21.82793,-1.250738,23.973767,-1.519589,0.119977,0.143081,0.225246,0.509782,0,0.0,10
1900-01-01 15:02:35.663,21.8404,-1.252706,23.983087,-1.513158,0.119646,0.142288,0.225623,0.820959,0,0.0,10
1900-01-01 15:02:36.663,21.848145,-1.239975,23.988338,-1.505415,0.119872,0.142299,0.225237,0.66537,0,0.0,10
1900-01-01 15:02:37.663,21.847226,-1.247588,23.98545,-1.513946,0.119441,0.142236,0.225044,0.896396,0,0.0,10
1900-01-01 15:02:38.663,21.841188,-1.248113,23.984138,-1.514864,0.119504,0.142467,0.225026,0.618222,0,0.0,10
1900-01-01 15:02:39.663,21.834625,-1.245356,23.982694,-1.513289,0.119341,0.142041,0.225256,0.481493,0,0.0,10
1900-01-01 15:02:40.663,21.838694,-1.247325,23.983087,-1.514077,0.11963,0.14202,0.225338,1.004836,0,0.0,10
1900-01-01 15:02:41.663,21.837775,-1.24995,23.9844,-1.510139,0.119856,0.142136,0.225008,0.457919,0,0.0,10
1900-01-01 15:02:42.663,21.840269,-1.247588,23.987813,-1.508958,0.11962,0.142446,0.225191,0.325904,0,0.0,10
1900-01-01 15:02:43.663,21.82163,-1.256644,23.975736,-1.514602,0.119861,0.142388,0.225099,0.679515,0,0.0,10
1900-01-01 15:02:44.663,21.8383,-1.250213,23.992145,-1.503052,0.120029,0.142839,0.224907,0.627652,0,0.0,10
1900-01-01 15:02:45.663,21.841975,-1.248506,23.984269,-1.503577,0.119599,0.142157,0.224916,0.655941,0,0.0,10
1900-01-01 15:02:46.663,21.835937,-1.250738,23.978493,-1.511321,0.119,0.141543,0.225173,0.948259,0,0.0,10
1900-01-01 15:02:47.663,21.831474,-1.240631,23.979018,-1.50279,0.119326,0.141999,0.225265,0.684229,0,0.0,10
1900-01-01 15:02:48.663,21.833575,-1.247588,23.983875,-1.511714,0.119751,0.142225,0.225191,0.995407,0,0.0,10
1900-01-01 15:02:49.663,21.823467,-1.247063,23.971273,-1.513552,0.119898,0.14223,0.225191,1.023696,0,0.0,10
1900-01-01 15:02:50.663,21.831737,-1.242994,23.982037,-1.512764,0.119845,0.142425,0.224907,0.750237,0,0.0,10
1900-01-01 15:02:51.663,21.846963,-1.244962,23.984138,-1.506727,0.119788,0.142703,0.225366,0.693659,0,0.0,10
1900-01-01 15:02:52.663,21.840269,-1.245619,23.972454,-1.512239,0.119971,0.142603,0.224998,0.688944,0,0.0,10
1900-01-01 15:02:53.663,21.823861,-1.244831,23.977311,-1.504233,0.119945,0.142299,0.225201,1.018981,0,0.0,10
1900-01-01 15:02:54.663,21.834231,-1.242206,23.97823,-1.506202,0.119394,0.141427,0.225476,0.797385,0,0.0,10
1900-01-01 15:02:55.663,21.833968,-1.246144,23.982694,-1.503183,0.119866,0.142267,0.225348,0.618222,0,0.0,10
1900-01-01 15:02:56.663,21.832262,-1.242731,23.973504,-1.511058,0.119478,0.141747,0.225256,0.849248,0,0.0,10
1900-01-01 15:02:57.663,21.829637,-1.23525,23.972454,-1.508433,0.120276,0.142362,0.225384,0.915255,0,0.0,10
1900-01-01 15:02:58.663,21.829768,-1.246013,23.972586,-1.505939,0.119861,0.142792,0.22521,1.136851,0,0.0,10
1900-01-01 15:02:59.663,21.832393,-1.250869,23.968122,-1.508958,0.120129,0.142325,0.225329,0.542785,0,0.0,10
1900-01-01 15:03:00.663,21.837119,-1.249163,23.971798,-1.507121,0.11984,0.142267,0.224989,0.971833,0,0.0,10
1900-01-01 15:03:01.663,21.830687,-1.245356,23.968779,-1.503708,0.119551,0.142661,0.225329,0.853963,0,0.0,10
1900-01-01 15:03:02.663,21.830293,-1.244044,23.970748,-1.504627,0.119368,0.141763,0.225081,0.660655,0,0.0,10
1900-01-01 15:03:03.663,21.817692,-1.247456,23.950794,-1.510533,0.119709,0.142398,0.225348,0.849248,0,0.0,10
1900-01-01 15:03:04.663,21.834362,-1.232756,23.967072,-1.505283,0.119641,0.141978,0.225375,0.651226,0,0.0,10
1900-01-01 15:03:05.663,21.825043,-1.255332,23.946593,-1.50279,0.11973,0.142461,0.225182,0.849248,0,0.0,10
1900-01-01 15:03:06.663,21.8425,-1.244044,23.952238,-1.498458,0.119688,0.141842,0.224907,0.453204,0,0.0,10
1900-01-01 15:03:07.663,21.839088,-1.2384,23.95552,-1.500033,0.120376,0.142451,0.225118,1.099133,0,0.0,10
1900-01-01 15:03:08.663,21.831081,-1.244306,23.946331,-1.503052,0.119473,0.142477,0.225182,1.075559,0,0.0,10
1900-01-01 15:03:09.663,21.832918,-1.236562,23.946987,-1.499771,0.119315,0.142367,0.22543,0.915255,0,0.0,10
1900-01-01 15:03:10.663,21.831999,-1.248638,23.947775,-1.501215,0.119567,0.142341,0.225237,0.519211,0,0.0,10
1900-01-01 15:03:11.663,21.834887,-1.242075,23.946068,-1.502002,0.119058,0.141632,0.224998,0.929399,0,0.0,10
1900-01-01 15:03:12.663,21.822024,-1.241681,23.940424,-1.50174,0.118916,0.142246,0.225586,0.811529,0,0.0,10
1900-01-01 15:03:13.663,21.835281,-1.247719,23.939898,-1.502921,0.120229,0.143244,0.225182,0.354193,0,0.0,10
1900-01-01 15:03:14.663,21.827537,-1.247588,23.943837,-1.501346,0.118885,0.142314,0.22475,0.806814,0,0.0,10
1900-01-01 15:03:15.663,21.825043,-1.235118,23.937929,-1.50489,0.119026,0.142057,0.225246,0.646511,0,0.0,10
1900-01-01 15:03:16.663,21.82373,-1.238137,23.937142,-1.510008,0.119294,0.142572,0.225072,0.844533,0,0.0,10
1900-01-01 15:03:17.663,21.830818,-1.232625,23.938848,-1.502527,0.119567,0.142136,0.225596,0.896396,0,0.0,10
1900-01-01 15:03:18.663,21.827405,-1.233937,23.938717,-1.500165,0.119499,0.141695,0.225577,0.811529,0,0.0,10
1900-01-01 15:03:19.663,21.831606,-1.247456,23.934385,-1.499508,0.12026,0.142104,0.225127,0.882251,0,0.0,10
1900-01-01 15:03:20.663,21.832393,-1.240762,23.931103,-1.499115,0.119751,0.14223,0.225348,0.731378,0,0.0,10
1900-01-01 15:03:21.663,21.831999,-1.237218,23.929134,-1.501083,0.118969,0.141994,0.225127,0.736092,0,0.0,10
1900-01-01 15:03:22.663,21.823074,-1.241156,23.924671,-1.500952,0.118858,0.141569,0.225127,0.91054,0,0.0,10
1900-01-01 15:03:23.663,21.831868,-1.239975,23.930184,-1.49859,0.118942,0.141474,0.225191,0.679515,0,0.0,10
1900-01-01 15:03:24.663,21.829899,-1.2363,23.922702,-1.495702,0.119289,0.14243,0.225201,0.594648,0,0.0,10
1900-01-01 15:03:25.663,21.824386,-1.2405,23.924014,-1.500296,0.119347,0.142383,0.225145,1.311299,0,0.0,10
1900-01-01 15:03:26.663,21.820711,-1.238662,23.92047,-1.493208,0.11899,0.141884,0.225118,0.816244,0,0.0,10
1900-01-01 15:03:27.663,21.829768,-1.232231,23.924671,-1.498458,0.11878,0.142083,0.224989,0.274041,0,0.0,10
1900-01-01 15:03:28.663,21.824255,-1.245094,23.92257,-1.495965,0.119347,0.142351,0.225136,0.934114,0,0.0,10
1900-01-01 15:03:29.663,21.835937,-1.241681,23.923227,-1.497277,0.118948,0.14243,0.225283,0.589933,0,0.0,10
1900-01-01 15:03:30.663,21.82898,-1.233937,23.916138,-1.501215,0.119793,0.141957,0.225008,0.575789,0,0.0,10
1900-01-01 15:03:31.663,21.828062,-1.238006,23.919289,-1.496227,0.11995,0.142556,0.22543,0.712518,0,0.0,10
1900-01-01 15:03:32.663,21.825043,-1.244569,23.914957,-1.49964,0.118963,0.142299,0.224649,1.17457,0,0.0,10
1900-01-01 15:03:33.663,21.8341,-1.246144,23.925852,-1.500427,0.118648,0.141753,0.22509,0.78324,0,0.0,10
1900-01-01 15:03:34.663,21.839088,-1.245619,23.922045,-1.499377,0.119483,0.142703,0.225366,0.778526,0,0.0,10
1900-01-01 15:03:35.663,21.82373,-1.240369,23.918501,-1.500165,0.119877,0.142677,0.225201,1.103847,0,0.0,10
1900-01-01 15:03:36.663,21.832656,-1.246931,23.922702,-1.49859,0.118806,0.141889,0.225348,0.608793,0,0.0,10
1900-01-01 15:03:37.663,21.822155,-1.246013,23.914563,-1.500952,0.119168,0.142162,0.224796,0.472063,0,0.0,10
1900-01-01 15:03:38.663,21.832656,-1.231706,23.922308,-1.490583,0.119866,0.142813,0.22521,0.637081,0,0.0,10
1900-01-01 15:03:39.663,21.832787,-1.244831,23.918107,-1.498327,0.119383,0.142398,0.225265,0.759666,0,0.0,10
1900-01-01 15:03:40.663,21.817298,-1.240369,23.905374,-1.506596,0.120145,0.142608,0.225237,0.806814,0,0.0,10
1900-01-01 15:03:41.663,21.825043,-1.242075,23.913644,-1.498458,0.119362,0.142173,0.225246,0.849248,0,0.0,10
1900-01-01 15:03:42.663,21.838169,-1.236168,23.912069,-1.50069,0.118984,0.14232,0.22521,0.684229,0,0.0,10
1900-01-01 15:03:43.663,21.830818,-1.240237,23.912594,-1.49334,0.119289,0.14201,0.224916,0.373052,0,0.0,10
1900-01-01 15:03:44.663,21.829112,-1.238006,23.911937,-1.499377,0.119452,0.14201,0.225017,0.688944,0,0.0,10
1900-01-01 15:03:45.663,21.827668,-1.241025,23.911543,-1.491896,0.119131,0.141795,0.225155,0.599363,0,0.0,10
1900-01-01 15:03:46.663,21.831343,-1.238662,23.92047,-1.497277,0.119142,0.141768,0.225081,0.599363,0,0.0,10
1900-01-01 15:03:47.663,21.819398,-1.242862,23.91325,-1.500427,0.119268,0.141989,0.225118,1.094418,0,0.0,10
1900-01-01 15:03:48.663,21.825174,-1.2384,23.916532,-1.498065,0.118543,0.141621,0.224805,0.703089,0,0.0,10
1900-01-01 15:03:49.663,21.812573,-1.238006,23.911675,-1.502002,0.119063,0.142456,0.225513,0.750237,0,0.0,10
1900-01-01 15:03:50.663,21.831999,-1.237218,23.915875,-1.493733,0.119184,0.142236,0.224668,0.778526,0,0.0,10
1900-01-01 15:03:51.663,21.824649,-1.236037,23.917319,-1.492421,0.119152,0.142299,0.224787,0.901111,0,0.0,10
1900-01-01 15:03:52.663,21.834231,-1.238925,23.917319,-1.492552,0.119845,0.142015,0.224631,0.934114,0,0.0,10
1900-01-01 15:03:53.663,21.825305,-1.251656,23.921914,-1.492815,0.119793,0.142346,0.224778,0.571074,0,0.0,10
1900-01-01 15:03:54.663,21.824518,-1.236693,23.916269,-1.491896,0.119242,0.141527,0.224998,0.655941,0,0.0,10
1900-01-01 15:03:55.663,21.831212,-1.237087,23.925721,-1.496096,0.118727,0.141957,0.224851,0.476778,0,0.0,10
1900-01-01 15:03:56.663,21.837512,-1.229343,23.928215,-1.492815,0.119299,0.142047,0.224925,0.91997,0,0.0,10
1900-01-01 15:03:57.663,21.834362,-1.223174,23.932153,-1.490321,0.119373,0.141553,0.225026,1.023696,0,0.0,10
1900-01-01 15:03:58.663,21.833443,-1.232756,23.936617,-1.48809,0.118916,0.141558,0.224466,0.976548,0,0.0,10
1900-01-01 15:03:59.663,21.826093,-1.232756,23.93176,-1.493602,0.118963,0.142194,0.224796,0.288186,0,0.0,10
1900-01-01 15:04:00.663,21.828324,-1.236562,23.929528,-1.495833,0.119032,0.141726,0.225191,0.627652,0,0.0,10
1900-01-01 15:04:01.663,21.828193,-1.2363,23.93176,-1.49124,0.119105,0.141637,0.225375,0.882251,0,0.0,10
1900-01-01 15:04:02.663,21.843025,-1.226324,23.941868,-1.492946,0.119284,0.142362,0.225311,0.349478,0,0.0,10
1900-01-01 15:04:03.663,21.831212,-1.232756,23.93596,-1.495833,0.118858,0.142057,0.225182,0.731378,0,0.0,10
1900-01-01 15:04:04.663,21.818611,-1.239319,23.92979,-1.498065,0.119326,0.142278,0.22498,0.853963,0,0.0,10
1900-01-01 15:04:05.663,21.833443,-1.231575,23.932153,-1.498196,0.118916,0.141837,0.225421,0.726663,0,0.0,10
1900-01-01 15:04:06.663,21.819136,-1.231706,23.932022,-1.496752,0.119037,0.141957,0.225063,0.651226,0,0.0,10
1900-01-01 15:04:07.663,21.8425,-1.226718,23.941736,-1.488746,0.119394,0.141737,0.225109,0.787955,0,0.0,10
1900-01-01 15:04:08.663,21.833837,-1.235118,23.939898,-1.492158,0.119089,0.142167,0.224989,0.495637,0,0.0,10
1900-01-01 15:04:09.663,21.835018,-1.234462,23.944362,-1.496096,0.119142,0.142314,0.225099,0.585218,0,0.0,10
1900-01-01 15:04:10.663,21.823336,-1.233543,23.936092,-1.497408,0.119305,0.142346,0.224916,0.858677,0,0.0,10
1900-01-01 15:04:11.663,21.816379,-1.244569,23.932416,-1.497408,0.118858,0.141553,0.225283,0.745522,0,0.0,10
1900-01-01 15:04:12.663,21.83305,-1.222649,23.946068,-1.494127,0.119546,0.142493,0.225329,0.929399,0,0.0,10
1900-01-01 15:04:13.663,21.827274,-1.235775,23.933204,-1.497671,0.119515,0.142372,0.225338,0.670085,0,0.0,10
1900-01-01 15:04:14.663,21.824649,-1.238794,23.933597,-1.48809,0.119336,0.142971,0.224466,0.707803,0,0.0,10
1900-01-01 15:04:15.663,21.812967,-1.231837,23.921651,-1.495965,0.119987,0.142178,0.225044,0.806814,0,0.0,10
1900-01-01 15:04:16.663,21.83305,-1.235118,23.936485,-1.487827,0.119368,0.141821,0.225348,0.467348,0,0.0,10
1900-01-01 15:04:17.663,21.828193,-1.230656,23.932153,-1.494127,0.11941,0.141978,0.224879,0.91997,0,0.0,10
1900-01-01 15:04:18.663,21.831474,-1.228687,23.937273,-1.48704,0.119536,0.142419,0.22509,0.712518,0,0.0,10
1900-01-01 15:04:19.663,21.834625,-1.220418,23.934254,-1.488877,0.11962,0.14264,0.224943,0.443774,0,0.0,10
1900-01-01 15:04:20.663,21.830424,-1.233806,23.93386,-1.490058,0.119893,0.143023,0.22554,0.868107,0,0.0,10
1900-01-01 15:04:21.663,21.817692,-1.226718,23.929003,-1.492421,0.119084,0.141453,0.22543,0.707803,0,0.0,10
1900-01-01 15:04:22.663,21.835018,-1.233018,23.936223,-1.491633,0.11931,0.142015,0.224815,0.750237,0,0.0,10
1900-01-01 15:04:23.663,21.815592,-1.234593,23.929003,-1.499771,0.119856,0.142136,0.225458,0.736092,0,0.0,10
1900-01-01 15:04:24.663,21.811785,-1.233675,23.92874,-1.502265,0.11858,0.141396,0.225127,0.787955,0,0.0,10
1900-01-01 15:04:25.663,21.834493,-1.228293,23.939373,-1.493996,0.119667,0.14274,0.225495,0.731378,0,0.0,10
1900-01-01 15:04:26.663,21.822811,-1.235381,23.930841,-1.498196,0.11962,0.142341,0.225605,1.004836,0,0.0,10
1900-01-01 15:04:27.663,21.822549,-1.229343,23.931628,-1.493077,0.118501,0.141506,0.225329,0.580504,0,0.0,10
1900-01-01 15:04:28.663,21.830687,-1.234856,23.930578,-1.496883,0.119399,0.142026,0.224925,0.613507,0,0.0,10
1900-01-01 15:04:29.663,21.830949,-1.226062,23.930709,-1.492815,0.119326,0.141726,0.225237,0.957688,0,0.0,10
1900-01-01 15:04:30.663,21.820711,-1.223437,23.933335,-1.492027,0.119362,0.14211,0.224668,0.467348,0,0.0,10
1900-01-01 15:04:31.663,21.821892,-1.226193,23.927296,-1.498721,0.119341,0.141957,0.224971,0.938829,0,0.0,10
1900-01-01 15:04:32.663,21.828718,-1.221468,23.931891,-1.489533,0.119226,0.141663,0.224989,0.929399,0,0.0,10
1900-01-01 15:04:33.663,21.839744,-1.221862,23.942261,-1.486646,0.119509,0.142083,0.225054,0.891681,0,0.0,10
1900-01-01 15:04:34.663,21.817429,-1.228818,23.926115,-1.490452,0.120024,0.142015,0.224668,0.712518,0,0.0,10
1900-01-01 15:04:35.663,21.829374,-1.221993,23.924539,-1.488483,0.119446,0.142194,0.224741,0.78324,0,0.0,10
1900-01-01 15:04:36.663,21.810866,-1.219893,23.917582,-1.490583,0.120008,0.142209,0.224907,0.684229,0,0.0,10
1900-01-01 15:04:37.663,21.83935,-1.218974,23.930316,-1.484283,0.119084,0.142173,0.224971,0.844533,0,0.0,10
1900-01-01 15:04:38.663,21.810735,-1.224881,23.914431,-1.490846,0.119268,0.142855,0.225357,0.877537,0,0.0,10
1900-01-01 15:04:39.663,21.829505,-1.216087,23.929265,-1.485071,0.119893,0.142304,0.224585,0.868107,0,0.0,10
1900-01-01 15:04:40.663,21.833443,-1.233281,23.930053,-1.479821,0.119137,0.142078,0.225311,0.637081,0,0.0,10
1900-01-01 15:04:41.663,21.827011,-1.230393,23.925852,-1.485202,0.119058,0.141422,0.224796,0.816244,0,0.0,10
1900-01-01 15:04:42.663,21.820317,-1.223962,23.92152,-1.486777,0.120097,0.142519,0.224897,0.745522,0,0.0,10
1900-01-01 15:04:43.663,21.818086,-1.220418,23.918501,-1.491371,0.120276,0.142986,0.224971,0.566359,0,0.0,10
1900-01-01 15:04:44.663,21.826486,-1.221205,23.925852,-1.490583,0.119394,0.141978,0.224548,0.505067,0,0.0,10
1900-01-01 15:04:45.663,21.827143,-1.225668,23.917319,-1.492421,0.119599,0.142566,0.225173,0.321189,0,0.0,10
1900-01-01 15:04:46.663,21.827799,-1.213986,23.930972,-1.481658,0.119609,0.142057,0.22464,0.882251,0,0.0,10
1900-01-01 15:04:47.663,21.827274,-1.218449,23.926246,-1.48599,0.119525,0.142283,0.224677,0.655941,0,0.0,10
1900-01-01 15:04:48.663,21.829768,-1.231575,23.93281,-1.482446,0.118491,0.141936,0.224217,0.505067,0,0.0,10
1900-01-01 15:04:49.663,21.824124,-1.223962,23.925327,-1.493865,0.118885,0.141947,0.224796,0.670085,0,0.0,10
1900-01-01 15:04:50.663,21.836856,-1.228293,23.934122,-1.485727,0.119331,0.141254,0.225026,0.952974,0,0.0,10
1900-01-01 15:04:51.663,21.843419,-1.225143,23.936485,-1.48809,0.11973,0.142241,0.224585,0.726663,0,0.0,10
1900-01-01 15:04:52.663,21.83725,-1.221074,23.935829,-1.486777,0.119646,0.142341,0.224548,0.6748,0,0.0,10
1900-01-01 15:04:53.663,21.827405,-1.225143,23.935698,-1.493733,0.118664,0.142346,0.224649,0.745522,0,0.0,10
1900-01-01 15:04:54.663,21.81231,-1.239975,23.922964,-1.497671,0.119257,0.141684,0.224493,0.542785,0,0.0,10
1900-01-01 15:04:55.663,21.81546,-1.220024,23.928215,-1.489402,0.118948,0.141343,0.224934,0.816244,0,0.0,10
1900-01-01 15:04:56.663,21.82373,-1.232231,23.933729,-1.489533,0.119662,0.142083,0.224998,0.830388,0,0.0,10
1900-01-01 15:04:57.663,21.821105,-1.227637,23.926115,-1.491633,0.118711,0.141978,0.224851,0.901111,0,0.0,10
1900-01-01 15:04:58.663,21.828587,-1.241287,23.926509,-1.487302,0.118895,0.141464,0.224787,0.5475,0,0.0,10
1900-01-01 15:04:59.663,21.830162,-1.224093,23.932153,-1.491108,0.119956,0.142262,0.224962,0.872822,0,0.0,10
1900-01-01 15:05:00.663,21.820186,-1.221205,23.926115,-1.492683,0.119488,0.142288,0.224704,0.764381,0,0.0,10
1900-01-01 15:05:01.663,21.826093,-1.214905,23.921651,-1.492683,0.119016,0.142572,0.22464,0.877537,0,0.0,10
1900-01-01 15:05:02.663,21.828718,-1.216612,23.925196,-1.493733,0.118806,0.14243,0.224613,0.523926,0,0.0,10
1900-01-01 15:05:03.663,21.825305,-1.224356,23.921651,-1.486777,0.119961,0.142293,0.224796,0.868107,0,0.0,10
1900-01-01 15:05:04.663,21.821367,-1.223831,23.914957,-1.480215,0.119746,0.141816,0.225219,0.703089,0,0.0,10
1900-01-01 15:05:05.663,21.820317,-1.225274,23.916926,-1.479033,0.118937,0.141831,0.224723,0.736092,0,0.0,10
1900-01-01 15:05:06.663,21.818479,-1.228556,23.913119,-1.488615,0.11941,0.142503,0.225054,0.820959,0,0.0,10
1900-01-01 15:05:07.663,21.820842,-1.224224,23.914825,-1.484152,0.119368,0.141936,0.225035,0.655941,0,0.0,10
1900-01-01 15:05:08.663,21.821498,-1.220418,23.919945,-1.476408,0.119593,0.142682,0.22476,1.000122,0,0.0,10
1900-01-01 15:05:09.663,21.814804,-1.227243,23.911281,-1.485858,0.120376,0.142776,0.22532,0.5475,0,0.0,10
1900-01-01 15:05:10.663,21.819136,-1.217005,23.91115,-1.47969,0.119457,0.143044,0.224998,0.778526,0,0.0,10
1900-01-01 15:05:11.663,21.809029,-1.224618,23.905242,-1.482052,0.118774,0.141989,0.225155,0.901111,0,0.0,10
1900-01-01 15:05:12.663,21.818217,-1.227768,23.908393,-1.48074,0.119299,0.141674,0.225256,0.608793,0,0.0,10
1900-01-01 15:05:13.663,21.815986,-1.224618,23.915088,-1.478771,0.119263,0.141968,0.225155,1.080273,0,0.0,10
1900-01-01 15:05:14.663,21.825961,-1.221468,23.916532,-1.478508,0.118948,0.142199,0.224796,0.726663,0,0.0,10
1900-01-01 15:05:15.663,21.825961,-1.2363,23.91325,-1.475358,0.118738,0.140923,0.224677,0.6748,0,0.0,10
1900-01-01 15:05:16.663,21.821892,-1.223306,23.915875,-1.475096,0.11921,0.142656,0.225219,0.934114,0,0.0,10
1900-01-01 15:05:17.663,21.838431,-1.219237,23.920207,-1.466959,0.118554,0.141795,0.225017,0.439059,0,0.0,10
1900-01-01 15:05:18.663,21.807454,-1.222518,23.90708,-1.481002,0.11962,0.142692,0.225017,0.839818,0,0.0,10
1900-01-01 15:05:19.663,21.821892,-1.231575,23.916532,-1.481265,0.119331,0.142215,0.224952,0.806814,0,0.0,10
1900-01-01 15:05:20.663,21.816773,-1.225931,23.915613,-1.479427,0.119221,0.141548,0.224769,0.608793,0,0.0,10
1900-01-01 15:05:21.663,21.818611,-1.219762,23.918895,-1.481002,0.119509,0.141957,0.224971,0.698374,0,0.0,10
1900-01-01 15:05:22.663,21.813229,-1.2405,23.914957,-1.48284,0.11942,0.142041,0.224805,0.78324,0,0.0,10
1900-01-01 15:05:23.663,21.820842,-1.223437,23.920076,-1.474046,0.1191,0.141858,0.224613,0.764381,0,0.0,10
1900-01-01 15:05:24.663,21.811391,-1.221993,23.91837,-1.482708,0.118701,0.141753,0.225182,0.759666,0,0.0,10
1900-01-01 15:05:25.663,21.827537,-1.222255,23.924146,-1.474965,0.119646,0.142104,0.224787,0.688944,0,0.0,10
1900-01-01 15:05:26.663,21.822942,-1.222387,23.921914,-1.475621,0.119184,0.141779,0.224567,0.759666,0,0.0,10
1900-01-01 15:05:27.663,21.814148,-1.220418,23.922964,-1.481265,0.118617,0.141474,0.224686,0.79267,0,0.0,10
1900-01-01 15:05:28.663,21.80706,-1.224224,23.920995,-1.480871,0.119184,0.142236,0.224888,0.505067,0,0.0,10
1900-01-01 15:05:29.663,21.827274,-1.215693,23.933991,-1.482971,0.119079,0.141816,0.224971,0.655941,0,0.0,10
1900-01-01 15:05:30.663,21.825436,-1.224749,23.934122,-1.476408,0.119809,0.141921,0.224851,0.78324,0,0.0,10
1900-01-01 15:05:31.663,21.82793,-1.221074,23.937142,-1.480346,0.119609,0.142083,0.224723,0.613507,0,0.0,10
1900-01-01 15:05:32.663,21.809422,-1.221205,23.936092,-1.483102,0.119011,0.141947,0.22487,0.552215,0,0.0,10
1900-01-01 15:05:33.663,21.820186,-1.21648,23.941736,-1.479033,0.119226,0.141564,0.22532,1.056699,0,0.0,10
1900-01-01 15:05:34.663,21.823861,-1.224881,23.932941,-1.483102,0.118974,0.142005,0.224888,0.773811,0,0.0,10
1900-01-01 15:05:35.663,21.819136,-1.222124,23.941736,-1.487171,0.119956,0.142446,0.225127,0.731378,0,0.0,10
1900-01-01 15:05:36.663,21.827011,-1.220155,23.948825,-1.480477,0.119063,0.142015,0.225109,0.868107,0,0.0,10
1900-01-01 15:05:37.663,21.8404,-1.215955,23.955126,-1.481265,0.118785,0.142173,0.225035,0.91054,0,0.0,10
1900-01-01 15:05:38.663,21.831212,-1.215299,23.954601,-1.478115,0.119179,0.141705,0.225118,0.627652,0,0.0,10
1900-01-01 15:05:39.663,21.835018,-1.225931,23.958539,-1.481002,0.118911,0.14212,0.224796,0.684229,0,0.0,10
1900-01-01 15:05:40.663,21.838431,-1.219105,23.959852,-1.486908,0.119189,0.142325,0.225191,0.882251,0,0.0,10
1900-01-01 15:05:41.663,21.837906,-1.209261,23.959721,-1.477196,0.11942,0.142178,0.22543,0.853963,0,0.0,10
1900-01-01 15:05:42.663,21.825305,-1.223043,23.957358,-1.478115,0.119494,0.142404,0.225265,0.8021,0,0.0,10
1900-01-01 15:05:43.663,21.843944,-1.20913,23.968122,-1.475096,0.119278,0.142057,0.225329,0.948259,0,0.0,10
1900-01-01 15:05:44.663,21.829899,-1.215299,23.963265,-1.469452,0.119504,0.142661,0.225357,0.957688,0,0.0,10
1900-01-01 15:05:45.663,21.842763,-1.213724,23.972979,-1.469452,0.119735,0.142656,0.225072,0.519211,0,0.0,10
1900-01-01 15:05:46.663,21.838956,-1.220418,23.969041,-1.476277,0.118664,0.14191,0.225485,0.844533,0,0.0,10
1900-01-01 15:05:47.663,21.838825,-1.223174,23.967991,-1.481133,0.118423,0.141732,0.224732,0.637081,0,0.0,10
1900-01-01 15:05:48.663,21.849982,-1.214249,23.977705,-1.473521,0.117924,0.14064,0.225136,0.42963,0,0.0,10
1900-01-01 15:05:49.663,21.831868,-1.213855,23.96484,-1.484415,0.119184,0.142209,0.225357,1.004836,0,0.0,10
1900-01-01 15:05:50.663,21.841844,-1.214511,23.973767,-1.482708,0.119415,0.142157,0.225651,1.03784,0,0.0,10
1900-01-01 15:05:51.663,21.8341,-1.212411,23.969304,-1.482446,0.119362,0.142183,0.225173,0.698374,0,0.0,10
1900-01-01 15:05:52.663,21.843419,-1.218843,23.971667,-1.482577,0.119126,0.142498,0.225375,0.684229,0,0.0,10
1900-01-01 15:05:53.663,21.848407,-1.21018,23.976261,-1.47864,0.118522,0.141606,0.22509,0.839818,0,0.0,10
1900-01-01 15:05:54.663,21.835937,-1.215693,23.970616,-1.482052,0.118354,0.141606,0.225063,1.117992,0,0.0,10
1900-01-01 15:05:55.663,21.841581,-1.219893,23.965234,-1.49019,0.119016,0.141448,0.225035,0.820959,0,0.0,10
1900-01-01 15:05:56.663,21.838037,-1.21753,23.959327,-1.485202,0.119362,0.141973,0.225054,1.042555,0,0.0,10
1900-01-01 15:05:57.663,21.852214,-1.218712,23.961559,-1.477458,0.119247,0.142288,0.225145,0.91997,0,0.0,10
1900-01-01 15:05:58.663,21.845651,-1.223174,23.962215,-1.484152,0.118853,0.141994,0.22498,0.693659,0,0.0,10
1900-01-01 15:05:59.663,21.840663,-1.219499,23.960246,-1.482577,0.118659,0.141354,0.224861,0.929399,0,0.0,10
1900-01-01 15:06:00.663,21.835937,-1.210311,23.955783,-1.47444,0.118874,0.141973,0.224851,1.070844,0,0.0,10
1900-01-01 15:06:01.663,21.835675,-1.215693,23.959983,-1.482315,0.118974,0.141585,0.225302,0.863392,0,0.0,10
1900-01-01 15:06:02.663,21.839875,-1.224618,23.962477,-1.478902,0.119604,0.142209,0.225605,0.868107,0,0.0,10
1900-01-01 15:06:03.663,21.826618,-1.227112,23.949613,-1.482446,0.118911,0.141936,0.225338,0.731378,0,0.0,10
1900-01-01 15:06:04.663,21.830818,-1.219762,23.955257,-1.482183,0.118601,0.141658,0.22464,0.486207,0,0.0,10
1900-01-01 15:06:05.663,21.841844,-1.211099,23.959589,-1.477196,0.119074,0.141621,0.224824,0.53807,0,0.0,10
1900-01-01 15:06:06.663,21.84762,-1.206767,23.95552,-1.478377,0.118984,0.141443,0.22509,0.580504,0,0.0,10
1900-01-01 15:06:07.663,21.844601,-1.216612,23.957227,-1.479427,0.118412,0.141558,0.225182,0.754952,0,0.0,10
1900-01-01 15:06:08.663,21.840269,-1.210705,23.958539,-1.479558,0.118564,0.1417,0.225035,1.02841,0,0.0,10
1900-01-01 15:06:09.663,21.836594,-1.210443,23.954076,-1.469452,0.118911,0.141973,0.224907,0.660655,0,0.0,10
1900-01-01 15:06:10.663,21.827799,-1.223306,23.948825,-1.475096,0.119341,0.1416,0.224888,0.646511,0,0.0,10
1900-01-01 15:06:11.663,21.855495,-1.20808,23.957227,-1.471027,0.118785,0.141474,0.224677,0.53807,0,0.0,10
1900-01-01 15:06:12.663,21.842369,-1.212543,23.951319,-1.478246,0.119714,0.142755,0.225201,0.528641,0,0.0,10
1900-01-01 15:06:13.663,21.849063,-1.212543,23.952763,-1.479952,0.11869,0.141658,0.224943,0.835103,0,0.0,10
1900-01-01 15:06:14.663,21.825436,-1.215824,23.939898,-1.47759,0.118517,0.141816,0.224557,0.660655,0,0.0,10
1900-01-01 15:06:15.663,21.82898,-1.20178,23.942786,-1.483365,0.119483,0.142047,0.225017,0.651226,0,0.0,10
1900-01-01 15:06:16.663,21.827011,-1.216349,23.936223,-1.482052,0.119,0.142362,0.224741,0.797385,0,0.0,10
1900-01-01 15:06:17.663,21.848145,-1.20703,23.956176,-1.475883,0.119016,0.141847,0.224778,0.31176,0,0.0,10
1900-01-01 15:06:18.663,21.831737,-1.215824,23.944756,-1.48494,0.119299,0.142309,0.224824,0.651226,0,0.0,10
1900-01-01 15:06:19.663,21.839744,-1.215693,23.946593,-1.48284,0.119236,0.14202,0.224833,0.726663,0,0.0,10
1900-01-01 15:06:20.663,21.823336,-1.218712,23.934254,-1.481002,0.120323,0.142519,0.224916,0.354193,0,0.0,10
1900-01-01 15:06:21.663,21.841975,-1.210836,23.9462,-1.47969,0.118323,0.141873,0.225302,0.835103,0,0.0,10
1900-01-01 15:06:22.663,21.830949,-1.215168,23.939636,-1.485596,0.119063,0.142073,0.22487,0.797385,0,0.0,10
1900-01-01 15:06:23.663,21.850113,-1.20493,23.952238,-1.474308,0.119908,0.141999,0.225201,0.750237,0,0.0,10
1900-01-01 15:06:24.663,21.838694,-1.214249,23.940161,-1.479821,0.118496,0.141595,0.224907,0.934114,0,0.0,10
1900-01-01 15:06:25.663,21.836331,-1.208474,23.946725,-1.480083,0.118911,0.141553,0.224539,1.009551,0,0.0,10
1900-01-01 15:06:26.663,21.841319,-1.213593,23.948956,-1.476802,0.119105,0.141758,0.224769,1.084988,0,0.0,10
1900-01-01 15:06:27.663,21.811523,-1.218318,23.933729,-1.480083,0.119105,0.141354,0.225054,0.886966,0,0.0,10
1900-01-01 15:06:28.663,21.829112,-1.217662,23.943049,-1.479558,0.119494,0.142923,0.225008,0.462633,0,0.0,10
1900-01-01 15:06:29.663,21.831343,-1.20913,23.93898,-1.478771,0.118543,0.141028,0.224897,0.528641,0,0.0,10
1900-01-01 15:06:30.663,21.833706,-1.210836,23.945412,-1.482183,0.119289,0.141947,0.225081,0.91997,0,0.0,10
1900-01-01 15:06:31.663,21.831343,-1.215955,23.946725,-1.477327,0.118969,0.141474,0.224998,0.816244,0,0.0,10
1900-01-01 15:06:32.663,21.819398,-1.209655,23.939242,-1.47444,0.119845,0.14149,0.225118,0.830388,0,0.0,10
1900-01-01 15:06:33.663,21.841319,-1.209261,23.937929,-1.475883,0.119415,0.141579,0.224962,1.103847,0,0.0,10
1900-01-01 15:06:34.663,21.833312,-1.213199,23.938323,-1.473127,0.119394,0.141522,0.225136,0.731378,0,0.0,10
1900-01-01 15:06:35.663,21.84355,-1.206242,23.946856,-1.47444,0.119037,0.14169,0.225366,0.31176,0,0.0,10
1900-01-01 15:06:36.663,21.835281,-1.212411,23.939242,-1.468665,0.119483,0.142771,0.225044,0.66537,0,0.0,10
1900-01-01 15:06:37.663,21.82898,-1.20283,23.942655,-1.470896,0.119142,0.141653,0.22498,0.589933,0,0.0,10
1900-01-01 15:06:38.663,21.822286,-1.204274,23.937142,-1.471684,0.119026,0.141149,0.225642,0.967118,0,0.0,10
1900-01-01 15:06:39.663,21.832918,-1.208736,23.937536,-1.46814,0.119898,0.143044,0.225476,0.641796,0,0.0,10
1900-01-01 15:06:40.663,21.825305,-1.212674,23.937667,-1.472733,0.119226,0.142724,0.225099,0.863392,0,0.0,10
1900-01-01 15:06:41.663,21.830949,-1.213593,23.941736,-1.47024,0.119383,0.142041,0.224962,0.868107,0,0.0,10
1900-01-01 15:06:42.663,21.839613,-1.211361,23.945543,-1.470765,0.119709,0.141695,0.224907,0.552215,0,0.0,10
1900-01-01 15:06:43.663,21.835675,-1.21438,23.941474,-1.468927,0.118958,0.141663,0.22521,0.816244,0,0.0,10
1900-01-01 15:06:44.663,21.827011,-1.211624,23.937404,-1.48074,0.119572,0.141968,0.225338,0.8021,0,0.0,10
1900-01-01 15:06:45.663,21.831868,-1.204011,23.9462,-1.475227,0.11931,0.142251,0.225035,0.773811,0,0.0,10
1900-01-01 15:06:46.663,21.831737,-1.200992,23.938061,-1.471027,0.119021,0.141574,0.225054,0.820959,0,0.0,10
1900-01-01 15:06:47.663,21.825436,-1.211493,23.933466,-1.468534,0.119179,0.141616,0.22487,0.806814,0,0.0,10
1900-01-01 15:06:48.663,21.832393,-1.206767,23.945675,-1.468796,0.119236,0.141758,0.224907,0.764381,0,0.0,10
1900-01-01 15:06:49.663,21.842369,-1.204536,23.946987,-1.467221,0.119457,0.141469,0.225246,0.637081,0,0.0,10
1900-01-01 15:06:50.663,21.841975,-1.200336,23.940292,-1.469452,0.119488,0.142335,0.225375,0.726663,0,0.0,10
1900-01-01 15:06:51.663,21.830556,-1.206767,23.939505,-1.472208,0.119289,0.141915,0.224934,0.948259,0,0.0,10
1900-01-01 15:06:52.663,21.817954,-1.212411,23.937929,-1.472996,0.119194,0.141653,0.224879,0.363622,0,0.0,10
1900-01-01 15:06:53.663,21.84355,-1.197973,23.943443,-1.475227,0.119483,0.142335,0.22532,0.608793,0,0.0,10
1900-01-01 15:06:54.663,21.815067,-1.212674,23.928084,-1.472077,0.119042,0.141737,0.224787,0.528641,0,0.0,10
1900-01-01 15:06:55.663,21.821498,-1.210049,23.933466,-1.474571,0.119756,0.142425,0.224952,0.995407,0,0.0,10
1900-01-01 15:06:56.663,21.838431,-1.208999,23.942393,-1.465646,0.119404,0.141989,0.225127,0.514496,0,0.0,10
1900-01-01 15:06:57.663,21.831606,-1.202961,23.935173,-1.468665,0.119315,0.1417,0.224861,0.853963,0,0.0,10
1900-01-01 15:06:58.663,21.834362,-1.20703,23.934648,-1.461052,0.118706,0.141453,0.225384,0.632367,0,0.0,10
1900-01-01 15:06:59.663,21.83935,-1.203092,23.942393,-1.469584,0.119126,0.141847,0.225246,0.79267,0,0.0,10
1900-01-01 15:07:00.663,21.82373,-1.205324,23.930972,-1.46919,0.119861,0.141821,0.224943,0.703089,0,0.0,10
1900-01-01 15:07:01.663,21.831868,-1.20703,23.932416,-1.469584,0.119457,0.141789,0.224998,0.858677,0,0.0,10
1900-01-01 15:07:02.663,21.84355,-1.198761,23.941211,-1.466434,0.119058,0.14201,0.225118,0.585218,0,0.0,10
1900-01-01 15:07:03.663,21.831343,-1.198236,23.937142,-1.466302,0.119704,0.142257,0.225329,0.844533,0,0.0,10
1900-01-01 15:07:04.663,21.836594,-1.201255,23.930578,-1.465909,0.119158,0.141768,0.225219,0.679515,0,0.0,10
1900-01-01 15:07:05.663,21.844994,-1.200074,23.93386,-1.468796,0.118921,0.141894,0.225467,0.472063,0,0.0,10
1900-01-01 15:07:06.663,21.838956,-1.199155,23.938586,-1.464859,0.119488,0.142299,0.225283,0.462633,0,0.0,10
1900-01-01 15:07:07.663,21.829243,-1.207293,23.938717,-1.464596,0.119782,0.142503,0.225072,0.688944,0,0.0,10
1900-01-01 15:07:08.663,21.830687,-1.200992,23.931891,-1.466171,0.118396,0.1416,0.225155,0.707803,0,0.0,10
1900-01-01 15:07:09.663,21.828718,-1.19758,23.927034,-1.468534,0.118633,0.141511,0.225302,0.637081,0,0.0,10
1900-01-01 15:07:10.663,21.8362,-1.20073,23.938717,-1.464202,0.119011,0.141842,0.225035,0.736092,0,0.0,10
1900-01-01 15:07:11.663,21.84762,-1.192067,23.943443,-1.464465,0.119247,0.14223,0.225054,0.915255,0,0.0,10
1900-01-01 15:07:12.663,21.825305,-1.196792,23.93596,-1.466302,0.119452,0.142173,0.225145,0.905825,0,0.0,10
1900-01-01 15:07:13.663,21.829768,-1.197711,23.930578,-1.466434,0.119462,0.142488,0.225044,0.552215,0,0.0,10
1900-01-01 15:07:14.663,21.825043,-1.203355,23.930972,-1.466565,0.120103,0.142866,0.224943,0.952974,0,0.0,10
1900-01-01 15:07:15.663,21.823074,-1.201517,23.934516,-1.465515,0.119777,0.142561,0.225173,0.670085,0,0.0,10
1900-01-01 15:07:16.663,21.817429,-1.19758,23.929659,-1.478377,0.119536,0.142283,0.225568,0.764381,0,0.0,10
1900-01-01 15:07:17.663,21.837644,-1.193773,23.935041,-1.47129,0.119483,0.141705,0.225164,0.627652,0,0.0,10
1900-01-01 15:07:18.663,21.831868,-1.200992,23.936354,-1.467746,0.119483,0.141978,0.225265,0.938829,0,0.0,10
1900-01-01 15:07:19.663,21.828324,-1.203486,23.94213,-1.466171,0.119929,0.142761,0.224897,0.78324,0,0.0,10
1900-01-01 15:07:20.663,21.817692,-1.198105,23.924146,-1.474308,0.119593,0.141963,0.225265,1.051984,0,0.0,10
1900-01-01 15:07:21.663,21.825305,-1.194955,23.93701,-1.471946,0.118701,0.14149,0.225017,0.877537,0,0.0,10
1900-01-01 15:07:22.663,21.825436,-1.201517,23.928215,-1.470109,0.119205,0.142099,0.224971,0.670085,0,0.0,10
1900-01-01 15:07:23.663,21.828324,-1.199417,23.937798,-1.466827,0.119698,0.142094,0.225265,0.5475,0,0.0,10
1900-01-01 15:07:24.663,21.825568,-1.191279,23.930972,-1.467746,0.119084,0.141978,0.225412,0.552215,0,0.0,10
1900-01-01 15:07:25.663,21.833443,-1.198105,23.93281,-1.465777,0.118984,0.142267,0.225329,0.91054,0,0.0,10
1900-01-01 15:07:26.663,21.823992,-1.198105,23.93176,-1.464202,0.119714,0.142797,0.225136,0.646511,0,0.0,10
1900-01-01 15:07:27.663,21.826224,-1.203486,23.936092,-1.464465,0.119336,0.141721,0.225173,0.599363,0,0.0,10
1900-01-01 15:07:28.663,21.835675,-1.197973,23.939636,-1.466565,0.11973,0.141905,0.224603,0.585218,0,0.0,10
1900-01-01 15:07:29.663,21.820842,-1.199286,23.92979,-1.465121,0.118381,0.141243,0.224741,0.457919,0,0.0,10
1900-01-01 15:07:30.663,21.827011,-1.188654,23.932153,-1.466302,0.118134,0.141259,0.225219,0.797385,0,0.0,10
1900-01-01 15:07:31.663,21.810735,-1.196136,23.92979,-1.464465,0.119499,0.142178,0.224649,0.773811,0,0.0,10
1900-01-01 15:07:32.663,21.831868,-1.207293,23.934385,-1.45974,0.119819,0.141973,0.225228,0.797385,0,0.0,10
1900-01-01 15:07:33.663,21.82268,-1.210049,23.931628,-1.46394,0.119079,0.141747,0.225054,0.5475,0,0.0,10
1900-01-01 15:07:34.663,21.814542,-1.202436,23.931234,-1.472077,0.119252,0.142073,0.225136,0.646511,0,0.0,10
1900-01-01 15:07:35.663,21.827537,-1.190886,23.929134,-1.460134,0.119289,0.141753,0.225375,0.835103,0,0.0,10
1900-01-01 15:07:36.663,21.826093,-1.196005,23.925196,-1.470371,0.119205,0.142199,0.225348,0.91054,0,0.0,10
1900-01-01 15:07:37.663,21.831212,-1.195873,23.932678,-1.458296,0.118585,0.141081,0.224778,0.415485,0,0.0,10
1900-01-01 15:07:38.663,21.821236,-1.19443,23.933335,-1.463677,0.119368,0.141816,0.224925,0.391911,0,0.0,10
1900-01-01 15:07:39.663,21.816248,-1.201386,23.928215,-1.47129,0.119042,0.142062,0.225164,0.778526,0,0.0,10
1900-01-01 15:07:40.663,21.824649,-1.195217,23.932678,-1.461184,0.119047,0.142157,0.224741,0.797385,0,0.0,10
1900-01-01 15:07:41.663,21.813885,-1.202961,23.926115,-1.468009,0.119173,0.141952,0.224962,0.637081,0,0.0,10
1900-01-01 15:07:42.663,21.813492,-1.194823,23.931234,-1.467877,0.11889,0.141658,0.225495,0.736092,0,0.0,10
1900-01-01 15:07:43.663,21.817561,-1.190754,23.93386,-1.467615,0.119478,0.141884,0.22487,0.660655,0,0.0,10
1900-01-01 15:07:44.663,21.820317,-1.193248,23.937142,-1.471421,0.119767,0.142377,0.225026,0.660655,0,0.0,10
1900-01-01 15:07:45.663,21.817561,-1.200074,23.939636,-1.466959,0.118664,0.140981,0.224861,0.604078,0,0.0,10
1900-01-01 15:07:46.663,21.825961,-1.192592,23.942655,-1.46499,0.119746,0.142335,0.224943,1.084988,0,0.0,10
1900-01-01 15:07:47.663,21.79879,-1.184192,23.931234,-1.46604,0.119672,0.141579,0.224943,0.849248,0,0.0,10
1900-01-01 15:07:48.663,21.829899,-1.197448,23.948694,-1.458559,0.119053,0.141243,0.224769,0.589933,0,0.0,10
1900-01-01 15:07:49.663,21.811916,-1.196005,23.935435,-1.465121,0.119079,0.141417,0.224805,1.009551,0,0.0,10
1900-01-01 15:07:50.663,21.820055,-1.194823,23.938192,-1.461184,0.118843,0.141002,0.22476,0.736092,0,0.0,10
1900-01-01 15:07:51.663,21.824124,-1.188917,23.939242,-1.459215,0.119956,0.142194,0.224952,0.811529,0,0.0,10
1900-01-01 15:07:52.663,21.835281,-1.20283,23.942786,-1.458296,0.119599,0.141459,0.225026,0.797385,0,0.0,10
1900-01-01 15:07:53.663,21.833181,-1.200599,23.939898,-1.458427,0.119677,0.142089,0.224971,0.655941,0,0.0,10
1900-01-01 15:07:54.663,21.828587,-1.201911,23.937404,-1.457902,0.119389,0.141249,0.225063,0.736092,0,0.0,10
1900-01-01 15:07:55.663,21.821892,-1.21123,23.935304,-1.461577,0.119646,0.14148,0.225054,0.698374,0,0.0,10
1900-01-01 15:07:56.663,21.841975,-1.199417,23.947119,-1.456459,0.118748,0.141285,0.225118,0.816244,0,0.0,10
1900-01-01 15:07:57.663,21.819005,-1.194692,23.936223,-1.459871,0.118743,0.140419,0.225035,0.816244,0,0.0,10
1900-01-01 15:07:58.663,21.821367,-1.191542,23.93596,-1.461709,0.119504,0.141679,0.224962,0.712518,0,0.0,10
1900-01-01 15:07:59.663,21.820842,-1.195348,23.938848,-1.460396,0.119415,0.141726,0.225421,0.604078,0,0.0,10
1900-01-01 15:08:00.663,21.81231,-1.198105,23.93281,-1.460396,0.119079,0.141154,0.224943,0.787955,0,0.0,10
1900-01-01 15:08:01.663,21.819005,-1.195611,23.94108,-1.454359,0.119966,0.142493,0.224925,0.637081,0,0.0,10
1900-01-01 15:08:02.663,21.819923,-1.195611,23.940161,-1.458821,0.119919,0.142094,0.225044,0.66537,0,0.0,10
1900-01-01 15:08:03.663,21.822811,-1.191148,23.946331,-1.454884,0.119709,0.141842,0.225145,0.731378,0,0.0,10
1900-01-01 15:08:04.663,21.82583,-1.189048,23.946987,-1.456852,0.119977,0.142372,0.225246,0.778526,0,0.0,10
1900-01-01 15:08:05.663,21.820317,-1.199417,23.938586,-1.448846,0.11963,0.141401,0.225054,0.849248,0,0.0,10
1900-01-01 15:08:06.663,21.82373,-1.192067,23.944887,-1.458165,0.119467,0.142388,0.225008,0.660655,0,0.0,10
1900-01-01 15:08:07.663,21.825043,-1.190098,23.946725,-1.451865,0.119478,0.141968,0.225246,1.160425,0,0.0,10
1900-01-01 15:08:08.663,21.83305,-1.190754,23.948431,-1.456852,0.119536,0.141847,0.225348,0.830388,0,0.0,10
1900-01-01 15:08:09.663,21.812704,-1.188129,23.944493,-1.457246,0.119562,0.142057,0.224833,0.703089,0,0.0,10
1900-01-01 15:08:10.663,21.817167,-1.19233,23.948169,-1.458296,0.119609,0.142383,0.224677,0.726663,0,0.0,10
1900-01-01 15:08:11.663,21.821892,-1.200861,23.945543,-1.460134,0.119746,0.141348,0.225384,0.707803,0,0.0,10
1900-01-01 15:08:12.663,21.829374,-1.198367,23.952369,-1.453834,0.119032,0.14159,0.225375,0.571074,0,0.0,10
1900-01-01 15:08:13.663,21.821761,-1.190886,23.947775,-1.454621,0.119557,0.142178,0.225834,1.113277,0,0.0,10
1900-01-01 15:08:14.663,21.826618,-1.187998,23.937667,-1.447402,0.11932,0.141984,0.225348,0.707803,0,0.0,10
1900-01-01 15:08:15.663,21.830556,-1.193117,23.948037,-1.445827,0.119247,0.141039,0.225292,0.934114,0,0.0,10
1900-01-01 15:08:16.663,21.810604,-1.179467,23.938454,-1.454359,0.11941,0.140855,0.225421,0.830388,0,0.0,10
1900-01-01 15:08:17.663,21.815198,-1.18301,23.941736,-1.452127,0.120386,0.142498,0.22509,0.321189,0,0.0,10
1900-01-01 15:08:18.663,21.813229,-1.194036,23.936092,-1.45659,0.119179,0.141726,0.225246,0.877537,0,0.0,10
1900-01-01 15:08:19.663,21.819661,-1.189704,23.942918,-1.45764,0.119373,0.142115,0.22532,0.78324,0,0.0,10
1900-01-01 15:08:20.663,21.817954,-1.195873,23.937798,-1.459084,0.118801,0.140482,0.225173,0.707803,0,0.0,10
1900-01-01 15:08:21.663,21.821105,-1.190492,23.940424,-1.45869,0.118984,0.141228,0.225164,0.505067,0,0.0,10
1900-01-01 15:08:22.663,21.812835,-1.192855,23.934122,-1.458821,0.119436,0.141133,0.224879,0.660655,0,0.0,10
1900-01-01 15:08:23.663,21.818611,-1.189573,23.945937,-1.456327,0.119961,0.141432,0.225384,0.462633,0,0.0,10
1900-01-01 15:08:24.663,21.82478,-1.191411,23.945937,-1.462759,0.119399,0.141716,0.224787,0.552215,0,0.0,10
1900-01-01 15:08:25.663,21.826749,-1.200992,23.946462,-1.45869,0.119714,0.142288,0.225035,0.655941,0,0.0,10
1900-01-01 15:08:26.663,21.833443,-1.189442,23.951582,-1.465777,0.119373,0.141464,0.22532,1.004836,0,0.0,10
1900-01-01 15:08:27.663,21.816904,-1.187736,23.945675,-1.463415,0.119656,0.142099,0.224907,1.089703,0,0.0,10
1900-01-01 15:08:28.663,21.813885,-1.192723,23.941342,-1.460396,0.119578,0.142052,0.224585,0.877537,0,0.0,10
1900-01-01 15:08:29.663,21.815592,-1.180648,23.944756,-1.45449,0.119058,0.141663,0.22532,0.971833,0,0.0,10
1900-01-01 15:08:30.663,21.822286,-1.177235,23.948169,-1.45764,0.11994,0.141837,0.224557,0.981262,0,0.0,10
1900-01-01 15:08:31.663,21.818873,-1.192855,23.948431,-1.464071,0.119698,0.142031,0.225127,0.552215,0,0.0,10
1900-01-01 15:08:32.663,21.805222,-1.191804,23.944493,-1.455015,0.12005,0.142293,0.224649,0.858677,0,0.0,10
1900-01-01 15:08:33.663,21.819005,-1.183273,23.947381,-1.454752,0.120124,0.141968,0.225081,0.957688,0,0.0,10
1900-01-01 15:08:34.663,21.79774,-1.192198,23.934516,-1.456327,0.119394,0.141632,0.225063,0.754952,0,0.0,10
1900-01-01 15:08:35.663,21.809029,-1.183404,23.944362,-1.45659,0.119782,0.141532,0.224824,0.509782,0,0.0,10
1900-01-01 15:08:36.663,21.805353,-1.175266,23.942261,-1.450946,0.120166,0.142104,0.224879,0.943544,0,0.0,10
1900-01-01 15:08:37.663,21.807454,-1.188654,23.943574,-1.451209,0.119641,0.141317,0.224897,0.396626,0,0.0,10
1900-01-01 15:08:38.663,21.812441,-1.195611,23.946725,-1.451865,0.119037,0.14076,0.224374,0.905825,0,0.0,10
1900-01-01 15:08:39.663,21.821498,-1.194692,23.947906,-1.448846,0.119551,0.141637,0.22475,0.853963,0,0.0,10
1900-01-01 15:08:40.663,21.807979,-1.195742,23.943312,-1.44714,0.119352,0.141863,0.224796,0.608793,0,0.0,10
1900-01-01 15:08:41.663,21.827537,-1.186161,23.956176,-1.442809,0.119824,0.142215,0.224888,0.754952,0,0.0,10
1900-01-01 15:08:42.663,21.812573,-1.189704,23.94935,-1.44714,0.119294,0.141207,0.224861,0.533356,0,0.0,10
1900-01-01 15:08:43.663,21.817823,-1.189179,23.945543,-1.455671,0.119635,0.141548,0.225292,1.004836,0,0.0,10
1900-01-01 15:08:44.663,21.81336,-1.186423,23.938717,-1.452784,0.119814,0.142162,0.225109,0.632367,0,0.0,10
1900-01-01 15:08:45.663,21.813229,-1.190623,23.94108,-1.450421,0.119798,0.141994,0.225026,0.731378,0,0.0,10
1900-01-01 15:08:46.663,21.817298,-1.181567,23.944887,-1.442152,0.119588,0.14075,0.224952,1.03784,0,0.0,10
1900-01-01 15:08:47.663,21.808504,-1.176448,23.940292,-1.444777,0.119992,0.141348,0.224897,0.91997,0,0.0,10
1900-01-01 15:08:48.663,21.814804,-1.187473,23.941342,-1.456459,0.119189,0.14159,0.225219,1.264151,0,0.0,10
1900-01-01 15:08:49.663,21.825568,-1.184454,23.945937,-1.449109,0.119441,0.141821,0.22498,0.721948,0,0.0,10
1900-01-01 15:08:50.663,21.817298,-1.197317,23.938454,-1.45239,0.11983,0.141359,0.224805,0.651226,0,0.0,10
1900-01-01 15:08:51.663,21.82268,-1.187736,23.938454,-1.453571,0.11932,0.141994,0.224916,0.872822,0,0.0,10
1900-01-01 15:08:52.663,21.813754,-1.192198,23.928872,-1.460002,0.120134,0.142089,0.225026,0.736092,0,0.0,10
1900-01-01 15:08:53.663,21.815067,-1.183798,23.929397,-1.456721,0.119546,0.141627,0.225127,0.670085,0,0.0,10
1900-01-01 15:08:54.663,21.809816,-1.172116,23.929397,-1.450815,0.119147,0.141648,0.225099,0.703089,0,0.0,10
1900-01-01 15:08:55.663,21.809554,-1.192986,23.933335,-1.447402,0.119656,0.141585,0.22453,0.66537,0,0.0,10
1900-01-01 15:08:56.663,21.819136,-1.182748,23.930053,-1.44294,0.120129,0.141642,0.224567,1.042555,0,0.0,10
1900-01-01 15:08:57.663,21.807979,-1.182879,23.924671,-1.450684,0.119646,0.141942,0.22498,0.651226,0,0.0,10
1900-01-01 15:08:58.663,21.811785,-1.185898,23.927953,-1.450946,0.119352,0.14201,0.225035,0.929399,0,0.0,10
1900-01-01 15:08:59.663,21.819005,-1.187211,23.931103,-1.447665,0.119651,0.141842,0.224943,0.533356,0,0.0,10
1900-01-01 15:09:00.663,21.809947,-1.188523,23.930447,-1.452259,0.11942,0.141543,0.225063,0.905825,0,0.0,10
1900-01-01 15:09:01.663,21.811785,-1.187867,23.929003,-1.455802,0.119646,0.14149,0.225118,0.820959,0,0.0,10
1900-01-01 15:09:02.663,21.805222,-1.179992,23.919026,-1.45344,0.120187,0.142241,0.224833,0.651226,0,0.0,10
1900-01-01 15:09:03.663,21.813229,-1.177367,23.932547,-1.44924,0.119058,0.14117,0.224769,0.948259,0,0.0,10
1900-01-01 15:09:04.663,21.814673,-1.187998,23.936748,-1.44609,0.119126,0.141186,0.224466,0.655941,0,0.0,10
1900-01-01 15:09:05.663,21.802072,-1.185636,23.926246,-1.453702,0.119357,0.141579,0.224714,1.202858,0,0.0,10
1900-01-01 15:09:06.663,21.80089,-1.187736,23.926246,-1.453177,0.119646,0.141795,0.224879,0.769096,0,0.0,10
1900-01-01 15:09:07.663,21.802991,-1.194298,23.927034,-1.44819,0.118559,0.140713,0.225201,0.778526,0,0.0,10
1900-01-01 15:09:08.663,21.812573,-1.183667,23.930709,-1.450946,0.119063,0.141868,0.22521,0.500352,0,0.0,10
1900-01-01 15:09:09.663,21.81546,-1.183142,23.92979,-1.452259,0.12036,0.141763,0.225495,0.599363,0,0.0,10
1900-01-01 15:09:10.663,21.811129,-1.184323,23.918238,-1.453309,0.119761,0.14169,0.22532,0.688944,0,0.0,10
1900-01-01 15:09:11.663,21.802728,-1.19338,23.924539,-1.45134,0.12005,0.142236,0.224897,0.839818,0,0.0,10
1900-01-01 15:09:12.663,21.810473,-1.182879,23.927296,-1.446615,0.119788,0.141548,0.225044,1.014266,0,0.0,10
1900-01-01 15:09:13.663,21.804172,-1.185898,23.924277,-1.451209,0.119956,0.141795,0.225375,0.915255,0,0.0,10
1900-01-01 15:09:14.663,21.80089,-1.177235,23.920995,-1.451077,0.120223,0.142052,0.225109,0.849248,0,0.0,10
1900-01-01 15:09:15.663,21.819661,-1.17671,23.927821,-1.444515,0.119761,0.141296,0.225081,0.410771,0,0.0,10
1900-01-01 15:09:16.663,21.810473,-1.192198,23.920733,-1.451209,0.120265,0.141994,0.224658,0.853963,0,0.0,10
1900-01-01 15:09:17.663,21.814279,-1.187079,23.917451,-1.450027,0.120187,0.141831,0.224769,0.78324,0,0.0,10
1900-01-01 15:09:18.663,21.804566,-1.187211,23.925065,-1.452127,0.119184,0.140965,0.225081,0.868107,0,0.0,10
1900-01-01 15:09:19.663,21.812573,-1.189442,23.92769,-1.447271,0.120554,0.142325,0.224971,0.750237,0,0.0,10
1900-01-01 15:09:20.663,21.805616,-1.187211,23.920864,-1.453571,0.120118,0.142005,0.224613,0.698374,0,0.0,10
1900-01-01 15:09:21.663,21.802728,-1.180648,23.921651,-1.448059,0.120082,0.141249,0.225283,0.806814,0,0.0,10
1900-01-01 15:09:22.663,21.81441,-1.184192,23.914169,-1.450552,0.120559,0.142209,0.225099,0.679515,0,0.0,10
1900-01-01 15:09:23.663,21.818479,-1.190098,23.918107,-1.446877,0.12004,0.141816,0.225348,0.740807,0,0.0,10
1900-01-01 15:09:24.663,21.800103,-1.189442,23.912462,-1.451865,0.119557,0.142005,0.224346,0.820959,0,0.0,10
1900-01-01 15:09:25.663,21.819136,-1.177498,23.918107,-1.453046,0.119593,0.141406,0.224879,0.509782,0,0.0,10
1900-01-01 15:09:26.663,21.802072,-1.179335,23.911675,-1.449109,0.119966,0.141915,0.224897,1.103847,0,0.0,10
1900-01-01 15:09:27.663,21.801809,-1.178285,23.916269,-1.448584,0.119441,0.141275,0.224833,0.448489,0,0.0,10
1900-01-01 15:09:28.663,21.809816,-1.181829,23.908655,-1.450421,0.120402,0.14253,0.225246,0.901111,0,0.0,10
1900-01-01 15:09:29.663,21.803253,-1.187211,23.905767,-1.443202,0.120229,0.141957,0.225329,0.787955,0,0.0,10
1900-01-01 15:09:30.663,21.798922,-1.180779,23.909706,-1.452784,0.120979,0.143039,0.224989,0.816244,0,0.0,10
1900-01-01 15:09:31.663,21.805878,-1.187604,23.908918,-1.44609,0.120575,0.142204,0.224934,0.5475,0,0.0,10
1900-01-01 15:09:32.663,21.810473,-1.185636,23.915219,-1.445434,0.119803,0.1419,0.22476,0.6748,0,0.0,10
1900-01-01 15:09:33.663,21.791571,-1.190754,23.901829,-1.446221,0.11953,0.141779,0.224888,1.056699,0,0.0,10
1900-01-01 15:09:34.663,21.812573,-1.180648,23.917582,-1.442284,0.119551,0.141485,0.224916,0.726663,0,0.0,10
1900-01-01 15:09:35.663,21.80916,-1.181042,23.909049,-1.442021,0.120218,0.141553,0.224658,0.622937,0,0.0,10
1900-01-01 15:09:36.663,21.806666,-1.188129,23.902354,-1.451077,0.120785,0.142057,0.224897,0.641796,0,0.0,10
1900-01-01 15:09:37.663,21.808504,-1.184323,23.895659,-1.443727,0.120706,0.143338,0.225017,0.769096,0,0.0,10
1900-01-01 15:09:38.663,21.800497,-1.179598,23.895266,-1.447927,0.120271,0.141558,0.225017,0.396626,0,0.0,10
1900-01-01 15:09:39.663,21.79669,-1.18406,23.892115,-1.448846,0.119431,0.141501,0.225228,0.698374,0,0.0,10
1900-01-01 15:09:40.663,21.800759,-1.18091,23.895266,-1.449109,0.119777,0.141238,0.224916,0.589933,0,0.0,10
1900-01-01 15:09:41.663,21.809947,-1.180517,23.902092,-1.446746,0.12004,0.14212,0.224888,0.830388,0,0.0,10
1900-01-01 15:09:42.663,21.794327,-1.180123,23.893296,-1.444384,0.119824,0.141868,0.224695,0.533356,0,0.0,10
1900-01-01 15:09:43.663,21.802203,-1.176448,23.893428,-1.445171,0.120197,0.14222,0.225228,1.014266,0,0.0,10
1900-01-01 15:09:44.663,21.803647,-1.17251,23.895922,-1.449896,0.120313,0.142283,0.225099,0.79267,0,0.0,10
1900-01-01 15:09:45.663,21.783958,-1.172116,23.888964,-1.449634,0.120517,0.142635,0.225504,0.886966,0,0.0,10
1900-01-01 15:09:46.663,21.816248,-1.169623,23.902617,-1.448846,0.120087,0.141795,0.225458,0.712518,0,0.0,10
1900-01-01 15:09:47.663,21.801941,-1.168572,23.899729,-1.450421,0.12257,0.144625,0.225366,0.368337,0,0.0,10
1900-01-01 15:09:48.663,21.803122,-1.173691,23.896184,-1.453571,0.124602,0.147549,0.225632,0.703089,0,0.0,10
1900-01-01 15:09:49.663,21.795115,-1.17881,23.902879,-1.449896,0.123893,0.14704,0.225439,0.439059,0,0.0,10
1900-01-01 15:09:50.663,21.788027,-1.174216,23.896972,-1.454884,0.126965,0.149129,0.22566,1.070844,0,0.0,10
1900-01-01 15:09:51.663,21.807979,-1.16936,23.908655,-1.445302,0.127569,0.15176,0.225375,0.703089,0,0.0,10
1900-01-01 15:09:52.663,21.803122,-1.170016,23.907999,-1.442284,0.130414,0.155041,0.226101,0.717233,0,0.0,10
1900-01-01 15:09:53.663,21.799447,-1.180123,23.906161,-1.445959,0.13347,0.158837,0.225669,0.490922,0,0.0,10
1900-01-01 15:09:54.663,21.801415,-1.189704,23.90603,-1.440052,0.136458,0.163547,0.226597,0.490922,0,0.0,10
1900-01-01 15:09:55.663,21.803122,-1.182092,23.911937,-1.436115,0.14102,0.168582,0.226891,0.811529,0,0.0,10
1900-01-01 15:09:56.663,21.804697,-1.175791,23.909837,-1.431915,0.145556,0.174998,0.227755,0.53807,0,0.0,10
1900-01-01 15:09:57.663,21.802334,-1.185504,23.912331,-1.430603,0.150319,0.180805,0.228793,1.014266,0,0.0,10
1900-01-01 15:09:58.663,21.806535,-1.178154,23.914038,-1.43664,0.153715,0.185683,0.229353,0.707803,0,0.0,10
1900-01-01 15:09:59.663,21.793671,-1.171198,23.90708,-1.430209,0.155217,0.188077,0.229849,0.924685,0,0.0,10
1900-01-01 15:10:00.663,21.807847,-1.165291,23.92047,-1.425353,0.158635,0.192414,0.231283,0.816244,0,0.0,10
1900-01-01 15:10:01.663,21.805616,-1.170673,23.922964,-1.42194,0.162573,0.197916,0.232293,0.740807,0,0.0,10
1900-01-01 15:10:02.663,21.823992,-1.176973,23.93281,-1.417215,0.166915,0.203072,0.233019,0.754952,0,0.0,10
1900-01-01 15:10:03.663,21.813098,-1.17356,23.928084,-1.423646,0.172123,0.210985,0.23436,0.8021,0,0.0,10
1900-01-01 15:10:04.663,21.800103,-1.17146,23.930578,-1.41669,0.175883,0.215148,0.236069,1.17457,0,0.0,10
1900-01-01 15:10:05.663,21.809816,-1.170279,23.933991,-1.412228,0.181432,0.223139,0.237732,0.571074,0,0.0,10
1900-01-01 15:10:06.663,21.806403,-1.161616,23.936485,-1.402909,0.187769,0.231325,0.239376,0.6748,0,0.0,10
1900-01-01 15:10:07.663,21.824386,-1.174216,23.936617,-1.399497,0.193744,0.240124,0.241554,0.773811,0,0.0,10
1900-01-01 15:10:08.663,21.829374,-1.158072,23.94935,-1.38939,0.199766,0.248635,0.244218,0.905825,0,0.0,10
1900-01-01 15:10:09.663,21.825436,-1.158728,23.952107,-1.386503,0.2056,0.256485,0.246405,0.622937,0,0.0,10
1900-01-01 15:10:10.663,21.80916,-1.160828,23.944493,-1.390047,0.212971,0.266082,0.249087,0.707803,0,0.0,10
1900-01-01 15:10:11.663,21.808241,-1.152559,23.939898,-1.390834,0.220442,0.276636,0.252799,0.844533,0,0.0,10
1900-01-01 15:10:12.663,21.820317,-1.150591,23.951057,-1.380072,0.221204,0.278153,0.256208,0.901111,0,0.0,10
1900-01-01 15:10:13.663,21.818873,-1.13799,23.94423,-1.378103,0.222884,0.280106,0.259193,0.721948,0,0.0,10
1900-01-01 15:10:14.663,21.812441,-1.148228,23.9504,-1.372328,0.224118,0.281366,0.262308,0.580504,0,0.0,10
1900-01-01 15:10:15.663,21.833837,-1.130246,23.961559,-1.367209,0.224632,0.282233,0.265625,0.858677,0,0.0,10
1900-01-01 15:10:16.663,21.821236,-1.13589,23.958802,-1.361828,0.224049,0.281597,0.268206,0.8021,0,0.0,10
1900-01-01 15:10:17.663,21.789733,-1.144815,23.939898,-1.363928,0.222558,0.280379,0.271854,0.552215,0,0.0,10
1900-01-01 15:10:18.663,21.804828,-1.132871,23.947119,-1.357497,0.223692,0.28196,0.274233,0.901111,0,0.0,10
1900-01-01 15:10:19.663,21.807454,-1.131165,23.953813,-1.347259,0.223897,0.282107,0.277283,0.571074,0,0.0,10
1900-01-01 15:10:20.663,21.813623,-1.122896,23.952763,-1.338859,0.224186,0.283351,0.280306,1.023696,0,0.0,10
1900-01-01 15:10:21.663,21.801678,-1.124471,23.952895,-1.336366,0.2229,0.281834,0.283044,0.849248,0,0.0,10
1900-01-01 15:10:22.663,21.817167,-1.117646,23.953813,-1.33676,0.222884,0.282579,0.285855,0.646511,0,0.0,10
1900-01-01 15:10:23.663,21.803778,-1.114496,23.951319,-1.331772,0.223288,0.282942,0.288437,0.439059,0,0.0,10
1900-01-01 15:10:24.663,21.817823,-1.104783,23.957227,-1.323897,0.221629,0.281324,0.291138,0.495637,0,0.0,10
1900-01-01 15:10:25.663,21.835018,-1.087326,23.973242,-1.316678,0.222249,0.282238,0.293278,0.632367,0,0.0,10
1900-01-01 15:10:26.663,21.814148,-1.097039,23.966547,-1.313003,0.222501,0.282306,0.296016,0.717233,0,0.0,10
1900-01-01 15:10:27.663,21.824649,-1.08667,23.976524,-1.307753,0.222254,0.282417,0.29835,0.670085,0,0.0,10
1900-01-01 15:10:28.663,21.814148,-1.077876,23.967072,-1.30106,0.223582,0.284023,0.301446,0.679515,0,0.0,10
1900-01-01 15:10:29.663,21.822286,-1.075251,23.967335,-1.293972,0.222469,0.282742,0.304046,0.839818,0,0.0,10
1900-01-01 15:10:30.663,21.809554,-1.072888,23.957227,-1.295022,0.222774,0.283362,0.306251,0.891681,0,0.0,10
1900-01-01 15:10:31.663,21.808241,-1.073413,23.958671,-1.285047,0.223036,0.283913,0.308015,0.651226,0,0.0,10
1900-01-01 15:10:32.663,21.824649,-1.060944,23.972717,-1.279404,0.222847,0.282994,0.310982,0.688944,0,0.0,10
1900-01-01 15:10:33.663,21.825305,-1.057925,23.968516,-1.270348,0.222112,0.283251,0.312121,0.585218,0,0.0,10
1900-01-01 15:10:34.663,21.80811,-1.062257,23.957358,-1.266804,0.223566,0.284238,0.314832,0.924685,0,0.0,10
1900-01-01 15:10:35.663,21.818086,-1.056481,23.962215,-1.267854,0.223456,0.283871,0.316706,0.750237,0,0.0,10
