Time,TS outlet pressure (Mean),TS inlet pressure (Mean),Pump outlet pressure (Mean),Plug,LogId
1900-01-01 13:57:42.474,0.212488,0.284606,0.339518,0,24
1900-01-01 13:57:43.474,0.212672,0.284081,0.338599,0,24
1900-01-01 13:57:44.474,0.212394,0.28491,0.339729,0,24
1900-01-01 13:57:45.474,0.212667,0.285057,0.340519,0,24
1900-01-01 13:57:46.474,0.210903,0.283619,0.338085,0,24
1900-01-01 13:57:47.474,0.211312,0.283083,0.338278,0,24
1900-01-01 13:57:48.474,0.210887,0.282989,0.337699,0,24
1900-01-01 13:57:49.474,0.2118,0.28344,0.339509,0,24
1900-01-01 13:57:50.474,0.211732,0.285351,0.340418,0,24
1900-01-01 13:57:51.474,0.212105,0.283855,0.339444,0,24
1900-01-01 13:57:52.474,0.210918,0.281876,0.337524,0,24
1900-01-01 13:57:53.474,0.211422,0.284181,0.339141,0,24
1900-01-01 13:57:54.474,0.211559,0.283262,0.338911,0,24
1900-01-01 13:57:55.474,0.210934,0.283299,0.33836,0,24
1900-01-01 13:57:56.474,0.212042,0.284322,0.339481,0,24
1900-01-01 13:57:57.474,0.211044,0.282989,0.33814,0,24
1900-01-01 13:57:58.474,0.210882,0.282947,0.33881,0,24
1900-01-01 13:57:59.474,0.21085,0.282627,0.337634,0,24
1900-01-01 13:58:00.474,0.211743,0.282952,0.337552,0,24
1900-01-01 13:58:01.474,0.21065,0.282784,0.337818,0,24
1900-01-01 13:58:02.474,0.211338,0.283089,0.338967,0,24
1900-01-01 13:58:03.474,0.211176,0.283173,0.338351,0,24
1900-01-01 13:58:04.474,0.211653,0.283719,0.338654,0,24
1900-01-01 13:58:05.474,0.210036,0.281429,0.336266,0,24
1900-01-01 13:58:06.474,0.210987,0.283068,0.338094,0,24
1900-01-01 13:58:07.474,0.210293,0.2828,0.337561,0,24
1900-01-01 13:58:08.474,0.21085,0.282469,0.33769,0,24
1900-01-01 13:58:09.474,0.211764,0.283299,0.339343,0,24
1900-01-01 13:58:10.474,0.210645,0.283173,0.338847,0,24
1900-01-01 13:58:11.474,0.211055,0.283194,0.338388,0,24
1900-01-01 13:58:12.474,0.21096,0.282821,0.338663,0,24
1900-01-01 13:58:13.474,0.21011,0.281377,0.336964,0,24
1900-01-01 13:58:14.474,0.210283,0.28145,0.336504,0,24
1900-01-01 13:58:15.474,0.211527,0.28354,0.337046,0,24
1900-01-01 13:58:16.474,0.210251,0.281923,0.337579,0,24
1900-01-01 13:58:17.474,0.210614,0.282742,0.337644,0,24
1900-01-01 13:58:18.474,0.21138,0.282464,0.337487,0,24
1900-01-01 13:58:19.474,0.210682,0.282222,0.337478,0,24
1900-01-01 13:58:20.474,0.210241,0.282206,0.337432,0,24
1900-01-01 13:58:21.474,0.210493,0.282312,0.337065,0,24
1900-01-01 13:58:22.474,0.209957,0.28154,0.336899,0,24
1900-01-01 13:58:23.474,0.210735,0.282816,0.336973,0,24
1900-01-01 13:58:24.474,0.210897,0.283309,0.336991,0,24
1900-01-01 13:58:25.474,0.21044,0.28124,0.337294,0,24
1900-01-01 13:58:26.474,0.210167,0.281634,0.337147,0,24
1900-01-01 13:58:27.474,0.210099,0.281576,0.337138,0,24
1900-01-01 13:58:28.474,0.211323,0.282338,0.337533,0,24
1900-01-01 13:58:29.474,0.210824,0.281965,0.337588,0,24
1900-01-01 13:58:30.474,0.209926,0.281949,0.33723,0,24
1900-01-01 13:58:31.474,0.210257,0.28175,0.337543,0,24
1900-01-01 13:58:32.474,0.209873,0.281524,0.337359,0,24
1900-01-01 13:58:33.474,0.209921,0.28166,0.337193,0,24
1900-01-01 13:58:34.474,0.209984,0.281933,0.337166,0,24
1900-01-01 13:58:35.474,0.209868,0.280988,0.337157,0,24
1900-01-01 13:58:36.474,0.210377,0.281209,0.337138,0,24
1900-01-01 13:58:37.474,0.209984,0.282007,0.337396,0,24
1900-01-01 13:58:38.474,0.210183,0.281466,0.337304,0,24
1900-01-01 13:58:39.474,0.210787,0.281933,0.337267,0,24
1900-01-01 13:58:40.474,0.211296,0.283477,0.338002,0,24
1900-01-01 13:58:41.474,0.210341,0.282122,0.337855,0,24
1900-01-01 13:58:42.474,0.210141,0.281996,0.337791,0,24
1900-01-01 13:58:43.474,0.209705,0.282212,0.337956,0,24
1900-01-01 13:58:44.474,0.210209,0.282049,0.337699,0,24
1900-01-01 13:58:45.474,0.210288,0.281692,0.337644,0,24
1900-01-01 13:58:46.474,0.210393,0.281944,0.338204,0,24
1900-01-01 13:58:47.474,0.209763,0.281545,0.337846,0,24
1900-01-01 13:58:48.474,0.209401,0.280411,0.337947,0,24
1900-01-01 13:58:49.474,0.210971,0.282317,0.337984,0,24
1900-01-01 13:58:50.474,0.209858,0.281986,0.338186,0,24
1900-01-01 13:58:51.474,0.209306,0.281382,0.337864,0,24
1900-01-01 13:58:52.474,0.209789,0.281057,0.338066,0,24
1900-01-01 13:58:53.474,0.210356,0.281456,0.337947,0,24
1900-01-01 13:58:54.474,0.210094,0.281645,0.33848,0,24
1900-01-01 13:58:55.474,0.20928,0.280295,0.33791,0,24
1900-01-01 13:58:56.474,0.2096,0.281466,0.338158,0,24
1900-01-01 13:58:57.474,0.210041,0.281093,0.338186,0,24
1900-01-01 13:58:58.474,0.210451,0.281954,0.337864,0,24
1900-01-01 13:58:59.474,0.210535,0.281429,0.338213,0,24
1900-01-01 13:59:00.474,0.209879,0.280967,0.338379,0,24
1900-01-01 13:59:01.474,0.209511,0.281188,0.338461,0,24
1900-01-01 13:59:02.474,0.2098,0.281445,0.338397,0,24
1900-01-01 13:59:03.474,0.211391,0.282884,0.338608,0,24
1900-01-01 13:59:04.474,0.208687,0.280416,0.338691,0,24
1900-01-01 13:59:05.474,0.209028,0.280196,0.338673,0,24
1900-01-01 13:59:06.474,0.209259,0.280479,0.337993,0,24
1900-01-01 13:59:07.474,0.209144,0.280925,0.338186,0,24
1900-01-01 13:59:08.474,0.209369,0.280238,0.338397,0,24
1900-01-01 13:59:09.474,0.209821,0.280805,0.337956,0,24
1900-01-01 13:59:10.474,0.211044,0.282154,0.33814,0,24
1900-01-01 13:59:11.474,0.209233,0.28091,0.338149,0,24
1900-01-01 13:59:12.474,0.2099,0.280442,0.338829,0,24
1900-01-01 13:59:13.474,0.208703,0.279361,0.337993,0,24
1900-01-01 13:59:14.474,0.209553,0.281293,0.337735,0,24
1900-01-01 13:59:15.474,0.208855,0.280395,0.337947,0,24
1900-01-01 13:59:16.474,0.208314,0.279723,0.33791,0,24
1900-01-01 13:59:17.474,0.209238,0.280411,0.338066,0,24
1900-01-01 13:59:18.474,0.210236,0.281429,0.337984,0,24
1900-01-01 13:59:19.474,0.20875,0.279734,0.337754,0,24
1900-01-01 13:59:20.474,0.208944,0.280322,0.337938,0,24
1900-01-01 13:59:21.474,0.209506,0.280201,0.337947,0,24
1900-01-01 13:59:22.474,0.209616,0.279634,0.337974,0,24
1900-01-01 13:59:23.474,0.209569,0.280001,0.337304,0,24
1900-01-01 13:59:24.474,0.2096,0.279744,0.337552,0,24
1900-01-01 13:59:25.474,0.20927,0.280337,0.337616,0,24
1900-01-01 13:59:26.474,0.209196,0.280416,0.3378,0,24
1900-01-01 13:59:27.474,0.208619,0.279818,0.337524,0,24
1900-01-01 13:59:28.474,0.20834,0.278941,0.337331,0,24
1900-01-01 13:59:29.474,0.209574,0.280358,0.337166,0,24
1900-01-01 13:59:30.474,0.209396,0.281645,0.337267,0,24
1900-01-01 13:59:31.474,0.209501,0.280999,0.337735,0,24
1900-01-01 13:59:32.474,0.20843,0.278662,0.337469,0,24
1900-01-01 13:59:33.474,0.20823,0.279802,0.337864,0,24
1900-01-01 13:59:34.474,0.209417,0.279676,0.337193,0,24
1900-01-01 13:59:35.474,0.209642,0.27998,0.337441,0,24
1900-01-01 13:59:36.474,0.209338,0.279986,0.337763,0,24
1900-01-01 13:59:37.474,0.208687,0.279644,0.337304,0,24
1900-01-01 13:59:38.474,0.208902,0.280374,0.33735,0,24
1900-01-01 13:59:39.474,0.207469,0.278573,0.337625,0,24
1900-01-01 13:59:40.474,0.209086,0.280406,0.337396,0,24
1900-01-01 13:59:41.474,0.210057,0.280778,0.33757,0,24
1900-01-01 13:59:42.474,0.210031,0.281193,0.337818,0,24
1900-01-01 13:59:43.474,0.20927,0.280358,0.337644,0,24
1900-01-01 13:59:44.474,0.20875,0.279833,0.337947,0,24
1900-01-01 13:59:45.474,0.209422,0.280064,0.338002,0,24
1900-01-01 13:59:46.474,0.209978,0.281282,0.338186,0,24
1900-01-01 13:59:47.474,0.209039,0.280238,0.33814,0,24
1900-01-01 13:59:48.474,0.209695,0.281204,0.33791,0,24
1900-01-01 13:59:49.474,0.21023,0.282364,0.338176,0,24
1900-01-01 13:59:50.474,0.210351,0.282033,0.338167,0,24
1900-01-01 13:59:51.474,0.209637,0.280663,0.33847,0,24
1900-01-01 13:59:52.474,0.209007,0.280946,0.338232,0,24
1900-01-01 13:59:53.474,0.209516,0.280196,0.337662,0,24
1900-01-01 13:59:54.474,0.208965,0.280185,0.337735,0,24
1900-01-01 13:59:55.474,0.209039,0.279644,0.338323,0,24
1900-01-01 13:59:56.474,0.209175,0.27986,0.338314,0,24
1900-01-01 13:59:57.474,0.208304,0.279518,0.33791,0,24
1900-01-01 13:59:58.474,0.209627,0.28133,0.338048,0,24
1900-01-01 13:59:59.474,0.208928,0.280689,0.337892,0,24
1900-01-01 14:00:00.474,0.209873,0.281477,0.338259,0,24
1900-01-01 14:00:01.474,0.209317,0.28029,0.337726,0,24
1900-01-01 14:00:02.474,0.210267,0.281414,0.338434,0,24
1900-01-01 14:00:03.474,0.209721,0.280663,0.338397,0,24
1900-01-01 14:00:04.474,0.208886,0.280159,0.338535,0,24
1900-01-01 14:00:05.474,0.209375,0.281177,0.338461,0,24
1900-01-01 14:00:06.474,0.20906,0.280033,0.338296,0,24
1900-01-01 14:00:07.474,0.209228,0.280169,0.338057,0,24
1900-01-01 14:00:08.474,0.209228,0.280752,0.338645,0,24
1900-01-01 14:00:09.474,0.209742,0.281156,0.338654,0,24
1900-01-01 14:00:10.474,0.208608,0.280007,0.338682,0,24
1900-01-01 14:00:11.474,0.21044,0.281923,0.338489,0,24
1900-01-01 14:00:12.474,0.209873,0.280574,0.338544,0,24
1900-01-01 14:00:13.474,0.209921,0.28102,0.338709,0,24
1900-01-01 14:00:14.474,0.209333,0.280033,0.338351,0,24
1900-01-01 14:00:15.474,0.210656,0.281965,0.338498,0,24
1900-01-01 14:00:16.474,0.20938,0.281471,0.338682,0,24
1900-01-01 14:00:17.474,0.209627,0.280752,0.338911,0,24
1900-01-01 14:00:18.474,0.20917,0.280941,0.338783,0,24
1900-01-01 14:00:19.474,0.208624,0.279875,0.338498,0,24
1900-01-01 14:00:20.474,0.208918,0.280196,0.338452,0,24
1900-01-01 14:00:21.474,0.208545,0.279377,0.33836,0,24
1900-01-01 14:00:22.474,0.210152,0.281471,0.338232,0,24
1900-01-01 14:00:23.474,0.209028,0.280831,0.338645,0,24
1900-01-01 14:00:24.474,0.210141,0.281881,0.338544,0,24
1900-01-01 14:00:25.474,0.210451,0.28228,0.339086,0,24
1900-01-01 14:00:26.474,0.209333,0.280164,0.338875,0,24
1900-01-01 14:00:27.474,0.209984,0.280978,0.33859,0,24
1900-01-01 14:00:28.474,0.210036,0.281151,0.338755,0,24
1900-01-01 14:00:29.474,0.209406,0.280521,0.338516,0,24
1900-01-01 14:00:30.474,0.209627,0.280311,0.338783,0,24
1900-01-01 14:00:31.474,0.208745,0.279791,0.338526,0,24
1900-01-01 14:00:32.474,0.209054,0.280106,0.338562,0,24
1900-01-01 14:00:33.474,0.209485,0.280794,0.338425,0,24
1900-01-01 14:00:34.474,0.209291,0.280243,0.338544,0,24
1900-01-01 14:00:35.474,0.209821,0.282369,0.339049,0,24
1900-01-01 14:00:36.474,0.210519,0.282164,0.338911,0,24
1900-01-01 14:00:37.474,0.209233,0.280967,0.338783,0,24
1900-01-01 14:00:38.474,0.209474,0.28092,0.339196,0,24
1900-01-01 14:00:39.474,0.210005,0.280852,0.338673,0,24
1900-01-01 14:00:40.474,0.209606,0.281093,0.339058,0,24
1900-01-01 14:00:41.474,0.209658,0.280994,0.339187,0,24
1900-01-01 14:00:42.474,0.209243,0.280448,0.338875,0,24
1900-01-01 14:00:43.474,0.208981,0.280857,0.338581,0,24
1900-01-01 14:00:44.474,0.209789,0.282049,0.338682,0,24
1900-01-01 14:00:45.474,0.20792,0.279004,0.338287,0,24
1900-01-01 14:00:46.474,0.209054,0.280211,0.338131,0,24
1900-01-01 14:00:47.474,0.209474,0.280453,0.33814,0,24
1900-01-01 14:00:48.474,0.209275,0.279335,0.338176,0,24
1900-01-01 14:00:49.474,0.209222,0.281188,0.338213,0,24
1900-01-01 14:00:50.474,0.210115,0.282075,0.338434,0,24
1900-01-01 14:00:51.474,0.209721,0.279996,0.338526,0,24
1900-01-01 14:00:52.474,0.210488,0.282101,0.338516,0,24
1900-01-01 14:00:53.474,0.208787,0.279697,0.338425,0,24
1900-01-01 14:00:54.474,0.208136,0.279487,0.338461,0,24
1900-01-01 14:00:55.474,0.208697,0.279944,0.338121,0,24
1900-01-01 14:00:56.474,0.209711,0.281256,0.33814,0,24
1900-01-01 14:00:57.474,0.208771,0.280421,0.338608,0,24
1900-01-01 14:00:58.474,0.20949,0.28039,0.337938,0,24
1900-01-01 14:00:59.474,0.209432,0.281067,0.338066,0,24
1900-01-01 14:01:00.474,0.208766,0.280379,0.338296,0,24
1900-01-01 14:01:01.474,0.209422,0.280054,0.338075,0,24
1900-01-01 14:01:02.474,0.208766,0.278836,0.338397,0,24
1900-01-01 14:01:03.474,0.208634,0.279592,0.337735,0,24
1900-01-01 14:01:04.474,0.208214,0.279655,0.337469,0,24
1900-01-01 14:01:05.474,0.208414,0.279891,0.337598,0,24
1900-01-01 14:01:06.474,0.208309,0.27965,0.338131,0,24
1900-01-01 14:01:07.474,0.208582,0.280127,0.338011,0,24
1900-01-01 14:01:08.474,0.20918,0.280385,0.337919,0,24
1900-01-01 14:01:09.474,0.210398,0.282086,0.338176,0,24
1900-01-01 14:01:10.474,0.209406,0.280626,0.337938,0,24
1900-01-01 14:01:11.474,0.208823,0.279455,0.337726,0,24
1900-01-01 14:01:12.474,0.20855,0.280631,0.337965,0,24
1900-01-01 14:01:13.474,0.209338,0.279487,0.338029,0,24
1900-01-01 14:01:14.474,0.209128,0.280773,0.337864,0,24
1900-01-01 14:01:15.474,0.208818,0.279828,0.338002,0,24
1900-01-01 14:01:16.474,0.20896,0.28028,0.33825,0,24
1900-01-01 14:01:17.474,0.208267,0.279209,0.337772,0,24
1900-01-01 14:01:18.474,0.209585,0.282149,0.337928,0,24
1900-01-01 14:01:19.474,0.208629,0.280154,0.338066,0,24
1900-01-01 14:01:20.474,0.208897,0.280143,0.338029,0,24
1900-01-01 14:01:21.474,0.20897,0.280327,0.338351,0,24
1900-01-01 14:01:22.474,0.208414,0.279219,0.337791,0,24
1900-01-01 14:01:23.474,0.20918,0.280348,0.337322,0,24
1900-01-01 14:01:24.474,0.209716,0.281088,0.337579,0,24
1900-01-01 14:01:25.474,0.208283,0.279319,0.337873,0,24
1900-01-01 14:01:26.474,0.207495,0.278557,0.337717,0,24
1900-01-01 14:01:27.474,0.207784,0.278851,0.337487,0,24
1900-01-01 14:01:28.474,0.208876,0.280574,0.33768,0,24
1900-01-01 14:01:29.474,0.20918,0.280521,0.337809,0,24
1900-01-01 14:01:30.474,0.210146,0.281566,0.3378,0,24
1900-01-01 14:01:31.474,0.20897,0.280017,0.337791,0,24
1900-01-01 14:01:32.474,0.207947,0.278836,0.337267,0,24
1900-01-01 14:01:33.474,0.208666,0.279707,0.337616,0,24
1900-01-01 14:01:34.474,0.209485,0.280322,0.337497,0,24
1900-01-01 14:01:35.474,0.209033,0.280479,0.337607,0,24
1900-01-01 14:01:36.474,0.208724,0.279886,0.337533,0,24
1900-01-01 14:01:37.474,0.209054,0.280101,0.337579,0,24
1900-01-01 14:01:38.474,0.209343,0.280274,0.337882,0,24
1900-01-01 14:01:39.474,0.208608,0.27965,0.337304,0,24
1900-01-01 14:01:40.474,0.209348,0.280794,0.338029,0,24
1900-01-01 14:01:41.474,0.209275,0.280841,0.337974,0,24
1900-01-01 14:01:42.474,0.208136,0.279492,0.337506,0,24
1900-01-01 14:01:43.474,0.210535,0.282406,0.337873,0,24
1900-01-01 14:01:44.474,0.209453,0.28092,0.338388,0,24
1900-01-01 14:01:45.474,0.208939,0.281067,0.338425,0,24
1900-01-01 14:01:46.474,0.20801,0.279382,0.338278,0,24
1900-01-01 14:01:47.474,0.209285,0.281345,0.338388,0,24
1900-01-01 14:01:48.474,0.209306,0.280479,0.337993,0,24
1900-01-01 14:01:49.474,0.208892,0.280217,0.338186,0,24
1900-01-01 14:01:50.474,0.207915,0.278872,0.338149,0,24
1900-01-01 14:01:51.474,0.208724,0.280311,0.338489,0,24
1900-01-01 14:01:52.474,0.208235,0.28007,0.338406,0,24
1900-01-01 14:01:53.474,0.208918,0.28007,0.338305,0,24
1900-01-01 14:01:54.474,0.209154,0.281345,0.33814,0,24
1900-01-01 14:01:55.474,0.20938,0.280715,0.338415,0,24
1900-01-01 14:01:56.474,0.208923,0.279839,0.338379,0,24
1900-01-01 14:01:57.474,0.208409,0.280101,0.338204,0,24
1900-01-01 14:01:58.474,0.208713,0.279986,0.33802,0,24
1900-01-01 14:01:59.474,0.210188,0.281282,0.338103,0,24
1900-01-01 14:02:00.474,0.208629,0.280925,0.33791,0,24
1900-01-01 14:02:01.474,0.209049,0.280437,0.338149,0,24
1900-01-01 14:02:02.474,0.208529,0.279865,0.337928,0,24
1900-01-01 14:02:03.474,0.208346,0.280778,0.337827,0,24
1900-01-01 14:02:04.474,0.207227,0.279235,0.337873,0,24
1900-01-01 14:02:05.474,0.208346,0.279644,0.338296,0,24
1900-01-01 14:02:06.474,0.207175,0.278615,0.337855,0,24
1900-01-01 14:02:07.474,0.208724,0.28092,0.337763,0,24
1900-01-01 14:02:08.474,0.209149,0.282101,0.337772,0,24
1900-01-01 14:02:09.474,0.208923,0.281303,0.33825,0,24
1900-01-01 14:02:10.474,0.20792,0.280154,0.338112,0,24
1900-01-01 14:02:11.474,0.208566,0.281083,0.338167,0,24
1900-01-01 14:02:12.474,0.208409,0.279975,0.337561,0,24
1900-01-01 14:02:13.474,0.208172,0.279345,0.338085,0,24
1900-01-01 14:02:14.474,0.206634,0.278689,0.337497,0,24
1900-01-01 14:02:15.474,0.208424,0.280967,0.337616,0,24
1900-01-01 14:02:16.474,0.208435,0.280301,0.338204,0,24
1900-01-01 14:02:17.474,0.207768,0.279986,0.3378,0,24
1900-01-01 14:02:18.474,0.208629,0.281225,0.338149,0,24
1900-01-01 14:02:19.474,0.20927,0.282059,0.338121,0,24
1900-01-01 14:02:20.474,0.208913,0.281009,0.338149,0,24
1900-01-01 14:02:21.474,0.208409,0.280537,0.338461,0,24
1900-01-01 14:02:22.474,0.208146,0.280789,0.338048,0,24
1900-01-01 14:02:23.474,0.207348,0.279419,0.338103,0,24
1900-01-01 14:02:24.474,0.209868,0.282527,0.338369,0,24
1900-01-01 14:02:25.474,0.208125,0.279445,0.337984,0,24
1900-01-01 14:02:26.474,0.209175,0.281461,0.338415,0,24
1900-01-01 14:02:27.474,0.208377,0.280805,0.338002,0,24
1900-01-01 14:02:28.474,0.208277,0.279571,0.338158,0,24
1900-01-01 14:02:29.474,0.208776,0.281335,0.33802,0,24
1900-01-01 14:02:30.474,0.20781,0.279749,0.337965,0,24
1900-01-01 14:02:31.474,0.207737,0.278715,0.337892,0,24
1900-01-01 14:02:32.474,0.209243,0.281219,0.337827,0,24
1900-01-01 14:02:33.474,0.208781,0.280831,0.337607,0,24
1900-01-01 14:02:34.474,0.208645,0.280332,0.338066,0,24
1900-01-01 14:02:35.474,0.209191,0.281907,0.33825,0,24
1900-01-01 14:02:36.474,0.20843,0.280831,0.338278,0,24
1900-01-01 14:02:37.474,0.208692,0.280238,0.338121,0,24
1900-01-01 14:02:38.474,0.209039,0.282301,0.338241,0,24
1900-01-01 14:02:39.474,0.209086,0.28154,0.338232,0,24
1900-01-01 14:02:40.474,0.209249,0.282185,0.338783,0,24
1900-01-01 14:02:41.474,0.208892,0.28145,0.338875,0,24
1900-01-01 14:02:42.474,0.208498,0.28061,0.338654,0,24
1900-01-01 14:02:43.474,0.208913,0.280448,0.338783,0,24
1900-01-01 14:02:44.474,0.208414,0.281681,0.338461,0,24
1900-01-01 14:02:45.474,0.209186,0.281282,0.338645,0,24
1900-01-01 14:02:46.474,0.209333,0.281965,0.338617,0,24
1900-01-01 14:02:47.474,0.208787,0.281219,0.338856,0,24
1900-01-01 14:02:48.474,0.208913,0.280999,0.338948,0,24
1900-01-01 14:02:49.474,0.208073,0.281198,0.338581,0,24
1900-01-01 14:02:50.474,0.209112,0.281608,0.338333,0,24
1900-01-01 14:02:51.474,0.209611,0.281639,0.338415,0,24
1900-01-01 14:02:52.474,0.209212,0.282164,0.338746,0,24
1900-01-01 14:02:53.474,0.208613,0.280626,0.338939,0,24
1900-01-01 14:02:54.474,0.209149,0.282075,0.338838,0,24
1900-01-01 14:02:55.474,0.209238,0.282301,0.339242,0,24
1900-01-01 14:02:56.474,0.209606,0.281939,0.339003,0,24
1900-01-01 14:02:57.474,0.20843,0.282154,0.33915,0,24
1900-01-01 14:02:58.474,0.209385,0.281319,0.339233,0,24
1900-01-01 14:02:59.474,0.20864,0.281293,0.339012,0,24
1900-01-01 14:03:00.474,0.209096,0.282669,0.338884,0,24
1900-01-01 14:03:01.474,0.209989,0.283199,0.339233,0,24
1900-01-01 14:03:02.474,0.208629,0.281272,0.339196,0,24
1900-01-01 14:03:03.474,0.210183,0.283246,0.33961,0,24
1900-01-01 14:03:04.474,0.208844,0.281361,0.339656,0,24
1900-01-01 14:03:05.474,0.209222,0.281844,0.339665,0,24
1900-01-01 14:03:06.474,0.208708,0.28133,0.339435,0,24
1900-01-01 14:03:07.474,0.208687,0.281114,0.339398,0,24
1900-01-01 14:03:08.474,0.207878,0.281277,0.339527,0,24
1900-01-01 14:03:09.474,0.208419,0.280201,0.33904,0,24
1900-01-01 14:03:10.474,0.209191,0.282595,0.339444,0,24
1900-01-01 14:03:11.474,0.207852,0.280096,0.338829,0,24
1900-01-01 14:03:12.474,0.208981,0.280621,0.338829,0,24
1900-01-01 14:03:13.474,0.208283,0.280547,0.33881,0,24
1900-01-01 14:03:14.474,0.209312,0.281818,0.338884,0,24
1900-01-01 14:03:15.474,0.209207,0.281524,0.338884,0,24
1900-01-01 14:03:16.474,0.208335,0.281193,0.338792,0,24
1900-01-01 14:03:17.474,0.207952,0.281125,0.338461,0,24
1900-01-01 14:03:18.474,0.20897,0.282201,0.338443,0,24
1900-01-01 14:03:19.474,0.207957,0.2804,0.338498,0,24
1900-01-01 14:03:20.474,0.208036,0.280484,0.338296,0,24
1900-01-01 14:03:21.474,0.20939,0.282375,0.338599,0,24
1900-01-01 14:03:22.474,0.208514,0.2804,0.338489,0,24
1900-01-01 14:03:23.474,0.208472,0.281828,0.338774,0,24
1900-01-01 14:03:24.474,0.207427,0.280647,0.338425,0,24
1900-01-01 14:03:25.474,0.2078,0.280789,0.337864,0,24
1900-01-01 14:03:26.474,0.20991,0.282296,0.338783,0,24
1900-01-01 14:03:27.474,0.208876,0.282364,0.33881,0,24
1900-01-01 14:03:28.474,0.208923,0.280862,0.338323,0,24
1900-01-01 14:03:29.474,0.208162,0.280589,0.338131,0,24
1900-01-01 14:03:30.474,0.207663,0.280763,0.338158,0,24
1900-01-01 14:03:31.474,0.208592,0.28154,0.338452,0,24
1900-01-01 14:03:32.474,0.206755,0.279203,0.338066,0,24
1900-01-01 14:03:33.474,0.207794,0.280479,0.337956,0,24
1900-01-01 14:03:34.474,0.208335,0.280663,0.337864,0,24
1900-01-01 14:03:35.474,0.209317,0.281681,0.338232,0,24
1900-01-01 14:03:36.474,0.209028,0.281414,0.338452,0,24
1900-01-01 14:03:37.474,0.208356,0.281146,0.338305,0,24
1900-01-01 14:03:38.474,0.209747,0.28207,0.338268,0,24
1900-01-01 14:03:39.474,0.209396,0.281576,0.338415,0,24
1900-01-01 14:03:40.474,0.208886,0.28155,0.338544,0,24
1900-01-01 14:03:41.474,0.208703,0.280946,0.338232,0,24
1900-01-01 14:03:42.474,0.209837,0.283115,0.338434,0,24
1900-01-01 14:03:43.474,0.208923,0.282101,0.338268,0,24
1900-01-01 14:03:44.474,0.2096,0.282978,0.338663,0,24
1900-01-01 14:03:45.474,0.208655,0.281865,0.338948,0,24
1900-01-01 14:03:46.474,0.208986,0.281051,0.338875,0,24
1900-01-01 14:03:47.474,0.208939,0.281608,0.338709,0,24
1900-01-01 14:03:48.474,0.210188,0.283472,0.339095,0,24
1900-01-01 14:03:49.474,0.208052,0.28154,0.338875,0,24
1900-01-01 14:03:50.474,0.209096,0.282915,0.338976,0,24
1900-01-01 14:03:51.474,0.209774,0.282038,0.338911,0,24
1900-01-01 14:03:52.474,0.209301,0.281991,0.339132,0,24
1900-01-01 14:03:53.474,0.209852,0.281792,0.338902,0,24
1900-01-01 14:03:54.474,0.21273,0.283703,0.338774,0,24
1900-01-01 14:03:55.474,0.213018,0.283409,0.339224,0,24
1900-01-01 14:03:56.474,0.212173,0.282585,0.338893,0,24
1900-01-01 14:03:57.474,0.212919,0.282795,0.339297,0,24
1900-01-01 14:03:58.474,0.212037,0.281093,0.339114,0,24
1900-01-01 14:03:59.474,0.21274,0.282159,0.339141,0,24
1900-01-01 14:04:00.474,0.212898,0.282532,0.339095,0,24
1900-01-01 14:04:01.474,0.214021,0.283393,0.338783,0,24
1900-01-01 14:04:02.474,0.213171,0.283734,0.339619,0,24
1900-01-01 14:04:03.474,0.213412,0.283692,0.339104,0,24
1900-01-01 14:04:04.474,0.213706,0.283986,0.339509,0,24
1900-01-01 14:04:05.474,0.213249,0.283398,0.339747,0,24
1900-01-01 14:04:06.474,0.213018,0.283278,0.339389,0,24
1900-01-01 14:04:07.474,0.213743,0.284485,0.339545,0,24
1900-01-01 14:04:08.474,0.212189,0.283083,0.339343,0,24
1900-01-01 14:04:09.474,0.212709,0.282637,0.339343,0,24
1900-01-01 14:04:10.474,0.213092,0.283456,0.339986,0,24
1900-01-01 14:04:11.474,0.21285,0.282957,0.339095,0,24
1900-01-01 14:04:12.474,0.21399,0.283346,0.339656,0,24
1900-01-01 14:04:13.474,0.213596,0.283866,0.339536,0,24
1900-01-01 14:04:14.474,0.21399,0.283845,0.339453,0,24
1900-01-01 14:04:15.474,0.213774,0.283871,0.339858,0,24
1900-01-01 14:04:16.474,0.213244,0.283283,0.339858,0,24
1900-01-01 14:04:17.474,0.213564,0.283593,0.339821,0,24
1900-01-01 14:04:18.474,0.213801,0.284338,0.33995,0,24
1900-01-01 14:04:19.474,0.214205,0.284632,0.339499,0,24
1900-01-01 14:04:20.474,0.213633,0.283761,0.340234,0,24
1900-01-01 14:04:21.474,0.213192,0.283377,0.339564,0,24
1900-01-01 14:04:22.474,0.213879,0.284538,0.339996,0,24
1900-01-01 14:04:23.474,0.213522,0.284065,0.340345,0,24
1900-01-01 14:04:24.474,0.213449,0.28385,0.340519,0,24
1900-01-01 14:04:25.474,0.212651,0.282931,0.340078,0,24
1900-01-01 14:04:26.474,0.214037,0.284685,0.340106,0,24
1900-01-01 14:04:27.474,0.213869,0.283209,0.340308,0,24
1900-01-01 14:04:28.474,0.214242,0.284391,0.340317,0,24
1900-01-01 14:04:29.474,0.213627,0.283509,0.340427,0,24
1900-01-01 14:04:30.474,0.213045,0.283976,0.340097,0,24
1900-01-01 14:04:31.474,0.213748,0.28395,0.340115,0,24
1900-01-01 14:04:32.474,0.214237,0.285299,0.340345,0,24
1900-01-01 14:04:33.474,0.212966,0.283509,0.340345,0,24
1900-01-01 14:04:34.474,0.21379,0.283776,0.339996,0,24
1900-01-01 14:04:35.474,0.214515,0.284343,0.340335,0,24
1900-01-01 14:04:36.474,0.214326,0.283934,0.340069,0,24
1900-01-01 14:04:37.474,0.213512,0.283267,0.340418,0,24
1900-01-01 14:04:38.474,0.213501,0.28323,0.340253,0,24
1900-01-01 14:04:39.474,0.212819,0.282595,0.340381,0,24
1900-01-01 14:04:40.474,0.213123,0.283356,0.340455,0,24
1900-01-01 14:04:41.474,0.213979,0.284658,0.340198,0,24
1900-01-01 14:04:42.474,0.214924,0.284202,0.34006,0,24
1900-01-01 14:04:43.474,0.214258,0.283535,0.340106,0,24
1900-01-01 14:04:44.474,0.21327,0.283971,0.340326,0,24
1900-01-01 14:04:45.474,0.213339,0.282921,0.339573,0,24
1900-01-01 14:04:46.474,0.213349,0.282721,0.33961,0,24
1900-01-01 14:04:47.474,0.215124,0.284606,0.33983,0,24
1900-01-01 14:04:48.474,0.215434,0.283923,0.33994,0,24
1900-01-01 14:04:49.474,0.216216,0.285288,0.340234,0,24
1900-01-01 14:04:50.474,0.215722,0.284517,0.340464,0,24
1900-01-01 14:04:51.474,0.215092,0.284002,0.340409,0,24
1900-01-01 14:04:52.474,0.215224,0.284049,0.340372,0,24
1900-01-01 14:04:53.474,0.215071,0.283813,0.34028,0,24
1900-01-01 14:04:54.474,0.215796,0.28522,0.34006,0,24
1900-01-01 14:04:55.474,0.2163,0.284611,0.340023,0,24
1900-01-01 14:04:56.474,0.214762,0.284128,0.340317,0,24
1900-01-01 14:04:57.474,0.214919,0.283514,0.339793,0,24
1900-01-01 14:04:58.474,0.214977,0.283619,0.340299,0,24
1900-01-01 14:04:59.474,0.214184,0.282858,0.339894,0,24
1900-01-01 14:05:00.474,0.216053,0.283734,0.340087,0,24
1900-01-01 14:05:01.474,0.214935,0.283535,0.340014,0,24
1900-01-01 14:05:02.474,0.21577,0.284842,0.340299,0,24
1900-01-01 14:05:03.474,0.215623,0.284097,0.340216,0,24
1900-01-01 14:05:04.474,0.215959,0.285252,0.340492,0,24
1900-01-01 14:05:05.474,0.216032,0.284769,0.340354,0,24
1900-01-01 14:05:06.474,0.216531,0.285682,0.340528,0,24
1900-01-01 14:05:07.474,0.215371,0.284091,0.340271,0,24
1900-01-01 14:05:08.474,0.215602,0.284338,0.340299,0,24
1900-01-01 14:05:09.474,0.216163,0.285204,0.34051,0,24
1900-01-01 14:05:10.474,0.21483,0.284448,0.340629,0,24
1900-01-01 14:05:11.474,0.214357,0.283278,0.340464,0,24
1900-01-01 14:05:12.474,0.214489,0.282343,0.339766,0,24
1900-01-01 14:05:13.474,0.215313,0.283577,0.340437,0,24
1900-01-01 14:05:14.474,0.215229,0.284154,0.340078,0,24
1900-01-01 14:05:15.474,0.215224,0.284307,0.340501,0,24
1900-01-01 14:05:16.474,0.215633,0.284926,0.340492,0,24
1900-01-01 14:05:17.474,0.21599,0.285814,0.34074,0,24
1900-01-01 14:05:18.474,0.216211,0.285614,0.341245,0,24
1900-01-01 14:05:19.474,0.214273,0.2826,0.340731,0,24
1900-01-01 14:05:20.474,0.215245,0.284485,0.340593,0,24
1900-01-01 14:05:21.474,0.215533,0.284874,0.340721,0,24
1900-01-01 14:05:22.474,0.2161,0.285089,0.340528,0,24
1900-01-01 14:05:23.474,0.215523,0.28491,0.340878,0,24
1900-01-01 14:05:24.474,0.215554,0.284128,0.340593,0,24
1900-01-01 14:05:25.474,0.214956,0.28344,0.340593,0,24
1900-01-01 14:05:26.474,0.216205,0.285803,0.340354,0,24
1900-01-01 14:05:27.474,0.216988,0.286979,0.340804,0,24
1900-01-01 14:05:28.474,0.214825,0.284154,0.340795,0,24
1900-01-01 14:05:29.474,0.215764,0.284706,0.340988,0,24
1900-01-01 14:05:30.474,0.216148,0.285162,0.341227,0,24
1900-01-01 14:05:31.474,0.216032,0.285336,0.340868,0,24
1900-01-01 14:05:32.474,0.216694,0.286218,0.341291,0,24
1900-01-01 14:05:33.474,0.215397,0.284013,0.341392,0,24
1900-01-01 14:05:34.474,0.215575,0.285583,0.341254,0,24
1900-01-01 14:05:35.474,0.214714,0.283824,0.340712,0,24
1900-01-01 14:05:36.474,0.215428,0.28533,0.340648,0,24
1900-01-01 14:05:37.474,0.215271,0.284664,0.34096,0,24
1900-01-01 14:05:38.474,0.215712,0.285362,0.340795,0,24
1900-01-01 14:05:39.474,0.215738,0.286003,0.340822,0,24
1900-01-01 14:05:40.474,0.216022,0.285325,0.340979,0,24
1900-01-01 14:05:41.474,0.216247,0.285651,0.341144,0,24
1900-01-01 14:05:42.474,0.21577,0.284847,0.340841,0,24
1900-01-01 14:05:43.474,0.216074,0.285971,0.34119,0,24
1900-01-01 14:05:44.474,0.216746,0.285898,0.341217,0,24
1900-01-01 14:05:45.474,0.215796,0.285504,0.341034,0,24
1900-01-01 14:05:46.474,0.215528,0.284401,0.340997,0,24
1900-01-01 14:05:47.474,0.21599,0.285267,0.341383,0,24
1900-01-01 14:05:48.474,0.216074,0.285252,0.341612,0,24
1900-01-01 14:05:49.474,0.215119,0.283204,0.341778,0,24
1900-01-01 14:05:50.474,0.215024,0.283845,0.341116,0,24
1900-01-01 14:05:51.474,0.215623,0.284191,0.340776,0,24
1900-01-01 14:05:52.474,0.215119,0.284501,0.340933,0,24
1900-01-01 14:05:53.474,0.215113,0.284233,0.340795,0,24
1900-01-01 14:05:54.474,0.215176,0.2849,0.340694,0,24
1900-01-01 14:05:55.474,0.215838,0.285414,0.340859,0,24
1900-01-01 14:05:56.474,0.215554,0.284097,0.340832,0,24
1900-01-01 14:05:57.474,0.216589,0.285903,0.34074,0,24
1900-01-01 14:05:58.474,0.21535,0.284212,0.340694,0,24
1900-01-01 14:05:59.474,0.215985,0.285325,0.340629,0,24
1900-01-01 14:06:00.474,0.214919,0.28332,0.340749,0,24
1900-01-01 14:06:01.474,0.216127,0.285351,0.34107,0,24
1900-01-01 14:06:02.474,0.215213,0.283619,0.340418,0,24
1900-01-01 14:06:03.474,0.215155,0.28374,0.34085,0,24
1900-01-01 14:06:04.474,0.21577,0.284784,0.340914,0,24
1900-01-01 14:06:05.474,0.216205,0.284207,0.341006,0,24
1900-01-01 14:06:06.474,0.215927,0.283818,0.340611,0,24
1900-01-01 14:06:07.474,0.21472,0.283272,0.340639,0,24
1900-01-01 14:06:08.474,0.215974,0.283881,0.340317,0,24
1900-01-01 14:06:09.474,0.216048,0.284454,0.340326,0,24
1900-01-01 14:06:10.474,0.217334,0.28594,0.340629,0,24
1900-01-01 14:06:11.474,0.216536,0.28553,0.340804,0,24
1900-01-01 14:06:12.474,0.216452,0.284942,0.340363,0,24
1900-01-01 14:06:13.474,0.217623,0.285625,0.340905,0,24
1900-01-01 14:06:14.474,0.215654,0.283876,0.340694,0,24
1900-01-01 14:06:15.474,0.216778,0.285383,0.34062,0,24
1900-01-01 14:06:16.474,0.216242,0.284475,0.340694,0,24
1900-01-01 14:06:17.474,0.216069,0.284538,0.340473,0,24
1900-01-01 14:06:18.474,0.217303,0.286365,0.340731,0,24
1900-01-01 14:06:19.474,0.21661,0.28459,0.340786,0,24
1900-01-01 14:06:20.474,0.216898,0.285446,0.341025,0,24
1900-01-01 14:06:21.474,0.216704,0.285204,0.340822,0,24
1900-01-01 14:06:22.474,0.216998,0.285861,0.340657,0,24
1900-01-01 14:06:23.474,0.216106,0.28501,0.340804,0,24
1900-01-01 14:06:24.474,0.215833,0.284795,0.34108,0,24
1900-01-01 14:06:25.474,0.216757,0.285304,0.340914,0,24
1900-01-01 14:06:26.474,0.216468,0.284622,0.340859,0,24
1900-01-01 14:06:27.474,0.216205,0.284979,0.340832,0,24
1900-01-01 14:06:28.474,0.21757,0.285714,0.34096,0,24
1900-01-01 14:06:29.474,0.216289,0.285236,0.34085,0,24
1900-01-01 14:06:30.474,0.215785,0.284007,0.341034,0,24
1900-01-01 14:06:31.474,0.215465,0.285204,0.341208,0,24
1900-01-01 14:06:32.474,0.216232,0.284805,0.341153,0,24
1900-01-01 14:06:33.474,0.216841,0.285898,0.34142,0,24
1900-01-01 14:06:34.474,0.217187,0.285372,0.341502,0,24
1900-01-01 14:06:35.474,0.215581,0.284653,0.340997,0,24
1900-01-01 14:06:36.474,0.215665,0.284238,0.341015,0,24
1900-01-01 14:06:37.474,0.216578,0.285131,0.34108,0,24
1900-01-01 14:06:38.474,0.215449,0.28333,0.340795,0,24
1900-01-01 14:06:39.474,0.215859,0.284669,0.340657,0,24
1900-01-01 14:06:40.474,0.216184,0.284989,0.34108,0,24
1900-01-01 14:06:41.474,0.216074,0.284973,0.340648,0,24
1900-01-01 14:06:42.474,0.217224,0.285724,0.341006,0,24
1900-01-01 14:06:43.474,0.216127,0.285493,0.341217,0,24
1900-01-01 14:06:44.474,0.216358,0.284359,0.341089,0,24
1900-01-01 14:06:45.474,0.216573,0.284952,0.340988,0,24
1900-01-01 14:06:46.474,0.216442,0.283908,0.341153,0,24
1900-01-01 14:06:47.474,0.216536,0.286045,0.340988,0,24
1900-01-01 14:06:48.474,0.216142,0.284627,0.340997,0,24
1900-01-01 14:06:49.474,0.216316,0.284706,0.341337,0,24
1900-01-01 14:06:50.474,0.21619,0.284364,0.341401,0,24
1900-01-01 14:06:51.474,0.217187,0.28594,0.340896,0,24
1900-01-01 14:06:52.474,0.216557,0.284926,0.341447,0,24
1900-01-01 14:06:53.474,0.216631,0.284895,0.341015,0,24
1900-01-01 14:06:54.474,0.216053,0.28407,0.340896,0,24
1900-01-01 14:06:55.474,0.217402,0.286879,0.341116,0,24
1900-01-01 14:06:56.474,0.216478,0.284312,0.341107,0,24
1900-01-01 14:06:57.474,0.215581,0.283661,0.340749,0,24
1900-01-01 14:06:58.474,0.216463,0.284664,0.340942,0,24
1900-01-01 14:06:59.474,0.216069,0.284763,0.340923,0,24
1900-01-01 14:07:00.474,0.216242,0.285462,0.340795,0,24
1900-01-01 14:07:01.474,0.216027,0.28448,0.340841,0,24
1900-01-01 14:07:02.474,0.216594,0.285357,0.340675,0,24
1900-01-01 14:07:03.474,0.216295,0.284952,0.341043,0,24
1900-01-01 14:07:04.474,0.216363,0.284643,0.340776,0,24
1900-01-01 14:07:05.474,0.217208,0.285241,0.340878,0,24
1900-01-01 14:07:06.474,0.216331,0.28428,0.341254,0,24
1900-01-01 14:07:07.474,0.216394,0.284658,0.340776,0,24
1900-01-01 14:07:08.474,0.216232,0.28522,0.341456,0,24
1900-01-01 14:07:09.474,0.216846,0.286501,0.341043,0,24
1900-01-01 14:07:10.474,0.216268,0.283813,0.340731,0,24
1900-01-01 14:07:11.474,0.216972,0.285987,0.341245,0,24
1900-01-01 14:07:12.474,0.2164,0.285325,0.341521,0,24
1900-01-01 14:07:13.474,0.214987,0.283939,0.341208,0,24
1900-01-01 14:07:14.474,0.216037,0.28458,0.340923,0,24
1900-01-01 14:07:15.474,0.215518,0.283341,0.340868,0,24
1900-01-01 14:07:16.474,0.215602,0.284559,0.340685,0,24
1900-01-01 14:07:17.474,0.215565,0.284228,0.340492,0,24
1900-01-01 14:07:18.474,0.216331,0.284443,0.340299,0,24
1900-01-01 14:07:19.474,0.215539,0.283955,0.340308,0,24
1900-01-01 14:07:20.474,0.216783,0.28627,0.340464,0,24
1900-01-01 14:07:21.474,0.216006,0.28458,0.340822,0,24
1900-01-01 14:07:22.474,0.218453,0.287179,0.340804,0,24
1900-01-01 14:07:23.474,0.216426,0.285845,0.340942,0,24
1900-01-01 14:07:24.474,0.215712,0.284732,0.340767,0,24
1900-01-01 14:07:25.474,0.216851,0.285378,0.341447,0,24
1900-01-01 14:07:26.474,0.216751,0.285892,0.341263,0,24
1900-01-01 14:07:27.474,0.216221,0.285073,0.341374,0,24
1900-01-01 14:07:28.474,0.215491,0.282879,0.340914,0,24
1900-01-01 14:07:29.474,0.215302,0.284343,0.340657,0,24
1900-01-01 14:07:30.474,0.214867,0.284228,0.340767,0,24
1900-01-01 14:07:31.474,0.216085,0.283902,0.340629,0,24
1900-01-01 14:07:32.474,0.215297,0.283918,0.340097,0,24
1900-01-01 14:07:33.474,0.216536,0.284842,0.341061,0,24
1900-01-01 14:07:34.474,0.216725,0.285152,0.340859,0,24
1900-01-01 14:07:35.474,0.216783,0.285562,0.340685,0,24
1900-01-01 14:07:36.474,0.217003,0.28564,0.340712,0,24
1900-01-01 14:07:37.474,0.21797,0.286848,0.340822,0,24
1900-01-01 14:07:38.474,0.216242,0.285404,0.340657,0,24
1900-01-01 14:07:39.474,0.215885,0.284286,0.34085,0,24
1900-01-01 14:07:40.474,0.216531,0.284968,0.341025,0,24
1900-01-01 14:07:41.474,0.215623,0.284501,0.340969,0,24
1900-01-01 14:07:42.474,0.216079,0.285052,0.341144,0,24
1900-01-01 14:07:43.474,0.216457,0.284879,0.341116,0,24
1900-01-01 14:07:44.474,0.216226,0.285178,0.340951,0,24
1900-01-01 14:07:45.474,0.215281,0.283881,0.340887,0,24
1900-01-01 14:07:46.474,0.215386,0.284249,0.340391,0,24
1900-01-01 14:07:47.474,0.215103,0.284244,0.340841,0,24
1900-01-01 14:07:48.474,0.216106,0.284223,0.340482,0,24
1900-01-01 14:07:49.474,0.216715,0.285997,0.340593,0,24
1900-01-01 14:07:50.474,0.216032,0.283561,0.340923,0,24
1900-01-01 14:07:51.474,0.21619,0.284669,0.340547,0,24
1900-01-01 14:07:52.474,0.218206,0.286512,0.340786,0,24
1900-01-01 14:07:53.474,0.216436,0.284653,0.340685,0,24
1900-01-01 14:07:54.474,0.21872,0.285829,0.340703,0,24
1900-01-01 14:07:55.474,0.217733,0.285619,0.340721,0,24
1900-01-01 14:07:56.474,0.217901,0.285987,0.340381,0,24
1900-01-01 14:07:57.474,0.218426,0.286407,0.340721,0,24
1900-01-01 14:07:58.474,0.216883,0.284532,0.341107,0,24
1900-01-01 14:07:59.474,0.218211,0.286417,0.341199,0,24
1900-01-01 14:08:00.474,0.217576,0.286491,0.341107,0,24
1900-01-01 14:08:01.474,0.218437,0.286081,0.341181,0,24
1900-01-01 14:08:02.474,0.217229,0.285147,0.341383,0,24
1900-01-01 14:08:03.474,0.21797,0.285619,0.341025,0,24
1900-01-01 14:08:04.474,0.218904,0.287273,0.341319,0,24
1900-01-01 14:08:05.474,0.218736,0.28732,0.34153,0,24
1900-01-01 14:08:06.474,0.218085,0.286134,0.342109,0,24
1900-01-01 14:08:07.474,0.219046,0.287609,0.341879,0,24
1900-01-01 14:08:08.474,0.217817,0.285031,0.342063,0,24
1900-01-01 14:08:09.474,0.217639,0.285131,0.341217,0,24
1900-01-01 14:08:10.474,0.218363,0.286517,0.341227,0,24
1900-01-01 14:08:11.474,0.219382,0.287331,0.341769,0,24
1900-01-01 14:08:12.474,0.217844,0.285126,0.341658,0,24
1900-01-01 14:08:13.474,0.218768,0.285541,0.34164,0,24
1900-01-01 14:08:14.474,0.217644,0.284527,0.341291,0,24
1900-01-01 14:08:15.474,0.218657,0.285488,0.341998,0,24
1900-01-01 14:08:16.474,0.217844,0.28585,0.341466,0,24
1900-01-01 14:08:17.474,0.218274,0.285036,0.341383,0,24
1900-01-01 14:08:18.474,0.217823,0.285147,0.341438,0,24
1900-01-01 14:08:19.474,0.218117,0.286669,0.341438,0,24
1900-01-01 14:08:20.474,0.218736,0.286675,0.341796,0,24
1900-01-01 14:08:21.474,0.218101,0.28491,0.341934,0,24
1900-01-01 14:08:22.474,0.218505,0.286386,0.341805,0,24
1900-01-01 14:08:23.474,0.217891,0.285567,0.341622,0,24
1900-01-01 14:08:24.474,0.217318,0.285751,0.34164,0,24
1900-01-01 14:08:25.474,0.217802,0.285803,0.341585,0,24
1900-01-01 14:08:26.474,0.218789,0.286906,0.341521,0,24
1900-01-01 14:08:27.474,0.217607,0.286013,0.34187,0,24
1900-01-01 14:08:28.474,0.218027,0.285861,0.341906,0,24
1900-01-01 14:08:29.474,0.217009,0.284816,0.341319,0,24
1900-01-01 14:08:30.474,0.21839,0.286286,0.341622,0,24
1900-01-01 14:08:31.474,0.217534,0.285173,0.341714,0,24
1900-01-01 14:08:32.474,0.218432,0.286365,0.341796,0,24
1900-01-01 14:08:33.474,0.21914,0.286612,0.341594,0,24
1900-01-01 14:08:34.474,0.21757,0.285078,0.341557,0,24
1900-01-01 14:08:35.474,0.217975,0.286549,0.341916,0,24
1900-01-01 14:08:36.474,0.217817,0.285493,0.341429,0,24
1900-01-01 14:08:37.474,0.217255,0.284821,0.341493,0,24
1900-01-01 14:08:38.474,0.217728,0.286538,0.341576,0,24
1900-01-01 14:08:39.474,0.217318,0.284994,0.341181,0,24
1900-01-01 14:08:40.474,0.217324,0.284606,0.341153,0,24
1900-01-01 14:08:41.474,0.218248,0.286911,0.341034,0,24
1900-01-01 14:08:42.474,0.217738,0.286165,0.341484,0,24
1900-01-01 14:08:43.474,0.21745,0.286045,0.341649,0,24
1900-01-01 14:08:44.474,0.2186,0.287131,0.341153,0,24
1900-01-01 14:08:45.474,0.218474,0.28542,0.341759,0,24
1900-01-01 14:08:46.474,0.218741,0.285656,0.341539,0,24
1900-01-01 14:08:47.474,0.218069,0.286318,0.341631,0,24
1900-01-01 14:08:48.474,0.218558,0.285808,0.341695,0,24
1900-01-01 14:08:49.474,0.21818,0.286344,0.341162,0,24
1900-01-01 14:08:50.474,0.216578,0.284916,0.341355,0,24
1900-01-01 14:08:51.474,0.217686,0.286018,0.34108,0,24
1900-01-01 14:08:52.474,0.217103,0.285997,0.341263,0,24
1900-01-01 14:08:53.474,0.21756,0.286837,0.34153,0,24
1900-01-01 14:08:54.474,0.218762,0.287273,0.342026,0,24
1900-01-01 14:08:55.474,0.217303,0.284926,0.341475,0,24
1900-01-01 14:08:56.474,0.218085,0.286318,0.341815,0,24
1900-01-01 14:08:57.474,0.217114,0.284952,0.341484,0,24
1900-01-01 14:08:58.474,0.21703,0.286354,0.341199,0,24
1900-01-01 14:08:59.474,0.217429,0.286339,0.342017,0,24
1900-01-01 14:09:00.474,0.217586,0.285745,0.341897,0,24
1900-01-01 14:09:01.474,0.216804,0.284595,0.341521,0,24
1900-01-01 14:09:02.474,0.217954,0.2869,0.341181,0,24
1900-01-01 14:09:03.474,0.216809,0.285483,0.34142,0,24
1900-01-01 14:09:04.474,0.217303,0.286113,0.341594,0,24
1900-01-01 14:09:05.474,0.217434,0.285514,0.341346,0,24
1900-01-01 14:09:06.474,0.217129,0.285635,0.341815,0,24
1900-01-01 14:09:07.474,0.218027,0.286276,0.341162,0,24
1900-01-01 14:09:08.474,0.217781,0.286234,0.34187,0,24
1900-01-01 14:09:09.474,0.218111,0.286202,0.341245,0,24
1900-01-01 14:09:10.474,0.217198,0.285913,0.341732,0,24
1900-01-01 14:09:11.474,0.218043,0.286517,0.34153,0,24
1900-01-01 14:09:12.474,0.218285,0.286722,0.341456,0,24
1900-01-01 14:09:13.474,0.217591,0.286895,0.341861,0,24
1900-01-01 14:09:14.474,0.217434,0.285761,0.341741,0,24
1900-01-01 14:09:15.474,0.217502,0.285845,0.341778,0,24
1900-01-01 14:09:16.474,0.218547,0.2869,0.341796,0,24
1900-01-01 14:09:17.474,0.218201,0.287782,0.342136,0,24
1900-01-01 14:09:18.474,0.218012,0.286654,0.342256,0,24
1900-01-01 14:09:19.474,0.216652,0.285803,0.341934,0,24
1900-01-01 14:09:20.474,0.215995,0.284763,0.341952,0,24
1900-01-01 14:09:21.474,0.217912,0.285856,0.341677,0,24
1900-01-01 14:09:22.474,0.217723,0.286365,0.341521,0,24
1900-01-01 14:09:23.474,0.217555,0.28657,0.341796,0,24
1900-01-01 14:09:24.474,0.217198,0.285803,0.341511,0,24
1900-01-01 14:09:25.474,0.217586,0.286543,0.341943,0,24
1900-01-01 14:09:26.474,0.218069,0.287294,0.341714,0,24
1900-01-01 14:09:27.474,0.218741,0.286265,0.341796,0,24
1900-01-01 14:09:28.474,0.218579,0.286155,0.34198,0,24
1900-01-01 14:09:29.474,0.217161,0.285614,0.342044,0,24
1900-01-01 14:09:30.474,0.217376,0.28563,0.341769,0,24
1900-01-01 14:09:31.474,0.217413,0.286218,0.342109,0,24
1900-01-01 14:09:32.474,0.217555,0.285793,0.34175,0,24
1900-01-01 14:09:33.474,0.217371,0.284874,0.341796,0,24
1900-01-01 14:09:34.474,0.217597,0.285924,0.341364,0,24
1900-01-01 14:09:35.474,0.217087,0.285604,0.341337,0,24
1900-01-01 14:09:36.474,0.218332,0.28784,0.341897,0,24
1900-01-01 14:09:37.474,0.218153,0.286948,0.342136,0,24
1900-01-01 14:09:38.474,0.218075,0.287268,0.342182,0,24
1900-01-01 14:09:39.474,0.217019,0.285383,0.341815,0,24
1900-01-01 14:09:40.474,0.217607,0.285955,0.342017,0,24
1900-01-01 14:09:41.474,0.217177,0.286228,0.34175,0,24
1900-01-01 14:09:42.474,0.216909,0.286092,0.341631,0,24
1900-01-01 14:09:43.474,0.217943,0.286822,0.342274,0,24
1900-01-01 14:09:44.474,0.216599,0.285225,0.341824,0,24
1900-01-01 14:09:45.474,0.216982,0.285341,0.34221,0,24
1900-01-01 14:09:46.474,0.217245,0.286396,0.341622,0,24
1900-01-01 14:09:47.474,0.21788,0.286801,0.34141,0,24
1900-01-01 14:09:48.474,0.218778,0.287268,0.341824,0,24
1900-01-01 14:09:49.474,0.218421,0.285614,0.342099,0,24
1900-01-01 14:09:50.474,0.217156,0.285105,0.341989,0,24
1900-01-01 14:09:51.474,0.218054,0.286297,0.341668,0,24
1900-01-01 14:09:52.474,0.217907,0.286785,0.341603,0,24
1900-01-01 14:09:53.474,0.217744,0.284947,0.34187,0,24
1900-01-01 14:09:54.474,0.217791,0.28606,0.341842,0,24
1900-01-01 14:09:55.474,0.21736,0.286328,0.342109,0,24
1900-01-01 14:09:56.474,0.217381,0.286018,0.341842,0,24
1900-01-01 14:09:57.474,0.217156,0.285467,0.341493,0,24
1900-01-01 14:09:58.474,0.217166,0.285388,0.341704,0,24
1900-01-01 14:09:59.474,0.217654,0.285819,0.341686,0,24
1900-01-01 14:10:00.474,0.217786,0.285913,0.341622,0,24
1900-01-01 14:10:01.474,0.217276,0.286202,0.341732,0,24
1900-01-01 14:10:02.474,0.21788,0.285262,0.341677,0,24
1900-01-01 14:10:03.474,0.217607,0.285819,0.341704,0,24
1900-01-01 14:10:04.474,0.217523,0.286853,0.341319,0,24
1900-01-01 14:10:05.474,0.217271,0.285336,0.341273,0,24
1900-01-01 14:10:06.474,0.218631,0.287273,0.341493,0,24
1900-01-01 14:10:07.474,0.217481,0.286286,0.341631,0,24
1900-01-01 14:10:08.474,0.218463,0.28816,0.342035,0,24
1900-01-01 14:10:09.474,0.217996,0.286234,0.341714,0,24
1900-01-01 14:10:10.474,0.217576,0.285168,0.341493,0,24
1900-01-01 14:10:11.474,0.217686,0.285882,0.342439,0,24
1900-01-01 14:10:12.474,0.218122,0.286202,0.342017,0,24
1900-01-01 14:10:13.474,0.217555,0.285619,0.341897,0,24
1900-01-01 14:10:14.474,0.217591,0.285945,0.342026,0,24
1900-01-01 14:10:15.474,0.217633,0.286654,0.341962,0,24
1900-01-01 14:10:16.474,0.218757,0.286297,0.341925,0,24
1900-01-01 14:10:17.474,0.21746,0.285903,0.341723,0,24
1900-01-01 14:10:18.474,0.218484,0.286963,0.341612,0,24
1900-01-01 14:10:19.474,0.218946,0.287362,0.342063,0,24
1900-01-01 14:10:20.474,0.217959,0.285609,0.34243,0,24
1900-01-01 14:10:21.474,0.217686,0.286706,0.34221,0,24
1900-01-01 14:10:22.474,0.216977,0.285021,0.341952,0,24
1900-01-01 14:10:23.474,0.217696,0.285577,0.341787,0,24
1900-01-01 14:10:24.474,0.217765,0.285425,0.341668,0,24
1900-01-01 14:10:25.474,0.2184,0.285535,0.341778,0,24
1900-01-01 14:10:26.474,0.218405,0.285315,0.341998,0,24
1900-01-01 14:10:27.474,0.216872,0.285467,0.34187,0,24
1900-01-01 14:10:28.474,0.216736,0.284931,0.341557,0,24
1900-01-01 14:10:29.474,0.217408,0.286344,0.341539,0,24
1900-01-01 14:10:30.474,0.218012,0.286795,0.341392,0,24
1900-01-01 14:10:31.474,0.217654,0.286276,0.341668,0,24
1900-01-01 14:10:32.474,0.217455,0.286013,0.341723,0,24
1900-01-01 14:10:33.474,0.216148,0.285173,0.341557,0,24
1900-01-01 14:10:34.474,0.21683,0.285541,0.341585,0,24
1900-01-01 14:10:35.474,0.218421,0.287268,0.342109,0,24
1900-01-01 14:10:36.474,0.217754,0.286659,0.34209,0,24
1900-01-01 14:10:37.474,0.21797,0.286921,0.341842,0,24
1900-01-01 14:10:38.474,0.218059,0.286606,0.341824,0,24
1900-01-01 14:10:39.474,0.217723,0.286633,0.342375,0,24
1900-01-01 14:10:40.474,0.217387,0.285824,0.342063,0,24
1900-01-01 14:10:41.474,0.216893,0.28606,0.341824,0,24
1900-01-01 14:10:42.474,0.217823,0.286528,0.341695,0,24
1900-01-01 14:10:43.474,0.217649,0.286129,0.341759,0,24
1900-01-01 14:10:44.474,0.219119,0.287688,0.341906,0,24
1900-01-01 14:10:45.474,0.218027,0.285845,0.34232,0,24
1900-01-01 14:10:46.474,0.217949,0.287725,0.34198,0,24
1900-01-01 14:10:47.474,0.217938,0.287546,0.34243,0,24
1900-01-01 14:10:48.474,0.217612,0.286302,0.342531,0,24
1900-01-01 14:10:49.474,0.217198,0.286801,0.34232,0,24
1900-01-01 14:10:50.474,0.21787,0.287494,0.342743,0,24
1900-01-01 14:10:51.474,0.217203,0.285588,0.342164,0,24
1900-01-01 14:10:52.474,0.216778,0.286081,0.342246,0,24
1900-01-01 14:10:53.474,0.217644,0.286402,0.342311,0,24
1900-01-01 14:10:54.474,0.21724,0.285966,0.342641,0,24
1900-01-01 14:10:55.474,0.21829,0.287478,0.342246,0,24
1900-01-01 14:10:56.474,0.216631,0.284916,0.342044,0,24
1900-01-01 14:10:57.474,0.217208,0.285898,0.342329,0,24
1900-01-01 14:10:58.474,0.218442,0.286449,0.342439,0,24
1900-01-01 14:10:59.474,0.218316,0.288082,0.342274,0,24
1900-01-01 14:11:00.474,0.217539,0.286318,0.342412,0,24
1900-01-01 14:11:01.474,0.21715,0.286045,0.34221,0,24
1900-01-01 14:11:02.474,0.217145,0.28626,0.341925,0,24
1900-01-01 14:11:03.474,0.218243,0.287525,0.342118,0,24
1900-01-01 14:11:04.474,0.218027,0.286402,0.342072,0,24
1900-01-01 14:11:05.474,0.216851,0.286102,0.341888,0,24
1900-01-01 14:11:06.474,0.217392,0.285987,0.34209,0,24
1900-01-01 14:11:07.474,0.217045,0.285661,0.341612,0,24
1900-01-01 14:11:08.474,0.21693,0.286171,0.341732,0,24
1900-01-01 14:11:09.474,0.216825,0.28584,0.342008,0,24
1900-01-01 14:11:10.474,0.217539,0.286528,0.341916,0,24
1900-01-01 14:11:11.474,0.21818,0.288076,0.342338,0,24
1900-01-01 14:11:12.474,0.21809,0.286533,0.342458,0,24
1900-01-01 14:11:13.474,0.217528,0.287357,0.342127,0,24
1900-01-01 14:11:14.474,0.217875,0.287845,0.342559,0,24
1900-01-01 14:11:15.474,0.217009,0.286239,0.342485,0,24
1900-01-01 14:11:16.474,0.217045,0.286769,0.342173,0,24
1900-01-01 14:11:17.474,0.217308,0.287263,0.342384,0,24
1900-01-01 14:11:18.474,0.217266,0.286696,0.342191,0,24
1900-01-01 14:11:19.474,0.217229,0.285772,0.342302,0,24
1900-01-01 14:11:20.474,0.217303,0.286848,0.342109,0,24
1900-01-01 14:11:21.474,0.218033,0.286701,0.342265,0,24
1900-01-01 14:11:22.474,0.217875,0.286596,0.34243,0,24
1900-01-01 14:11:23.474,0.216767,0.285745,0.341906,0,24
1900-01-01 14:11:24.474,0.217786,0.286249,0.342063,0,24
1900-01-01 14:11:25.474,0.218148,0.287646,0.342614,0,24
1900-01-01 14:11:26.474,0.217465,0.286507,0.342136,0,24
1900-01-01 14:11:27.474,0.216757,0.285378,0.34221,0,24
1900-01-01 14:11:28.474,0.217397,0.286517,0.3422,0,24
1900-01-01 14:11:29.474,0.216998,0.285057,0.342311,0,24
1900-01-01 14:11:30.474,0.217003,0.286911,0.341962,0,24
1900-01-01 14:11:31.474,0.218983,0.288775,0.342329,0,24
1900-01-01 14:11:32.474,0.217775,0.286879,0.342421,0,24
1900-01-01 14:11:33.474,0.217087,0.286538,0.342044,0,24
1900-01-01 14:11:34.474,0.217576,0.286024,0.342393,0,24
1900-01-01 14:11:35.474,0.218001,0.28732,0.342513,0,24
1900-01-01 14:11:36.474,0.218274,0.287798,0.342752,0,24
1900-01-01 14:11:37.474,0.216946,0.286333,0.342715,0,24
1900-01-01 14:11:38.474,0.217633,0.286181,0.342531,0,24
1900-01-01 14:11:39.474,0.217292,0.285861,0.342017,0,24
1900-01-01 14:11:40.474,0.216793,0.286648,0.342026,0,24
1900-01-01 14:11:41.474,0.216925,0.28563,0.342044,0,24
1900-01-01 14:11:42.474,0.218064,0.287604,0.342099,0,24
1900-01-01 14:11:43.474,0.217959,0.287163,0.341842,0,24
1900-01-01 14:11:44.474,0.217707,0.285845,0.342329,0,24
1900-01-01 14:11:45.474,0.218101,0.28763,0.34198,0,24
1900-01-01 14:11:46.474,0.217591,0.285929,0.341815,0,24
1900-01-01 14:11:47.474,0.218594,0.288019,0.341842,0,24
1900-01-01 14:11:48.474,0.218153,0.28679,0.342044,0,24
1900-01-01 14:11:49.474,0.217907,0.287341,0.342145,0,24
1900-01-01 14:11:50.474,0.21693,0.286318,0.342136,0,24
1900-01-01 14:11:51.474,0.217781,0.286234,0.342292,0,24
1900-01-01 14:11:52.474,0.217738,0.286669,0.342081,0,24
1900-01-01 14:11:53.474,0.217943,0.286706,0.341824,0,24
1900-01-01 14:11:54.474,0.217476,0.287215,0.342311,0,24
1900-01-01 14:11:55.474,0.216972,0.286806,0.342476,0,24
1900-01-01 14:11:56.474,0.218227,0.286769,0.342504,0,24
1900-01-01 14:11:57.474,0.216715,0.285793,0.3422,0,24
1900-01-01 14:11:58.474,0.217282,0.287551,0.342081,0,24
1900-01-01 14:11:59.474,0.217334,0.286129,0.341971,0,24
1900-01-01 14:12:00.474,0.217507,0.286711,0.342182,0,24
1900-01-01 14:12:01.474,0.218059,0.287971,0.342283,0,24
1900-01-01 14:12:02.474,0.217928,0.286139,0.342182,0,24
1900-01-01 14:12:03.474,0.217103,0.285866,0.342522,0,24
1900-01-01 14:12:04.474,0.216657,0.28585,0.342384,0,24
1900-01-01 14:12:05.474,0.217576,0.287315,0.342173,0,24
1900-01-01 14:12:06.474,0.21757,0.286848,0.342099,0,24
1900-01-01 14:12:07.474,0.217429,0.286507,0.342302,0,24
1900-01-01 14:12:08.474,0.217376,0.286165,0.341934,0,24
1900-01-01 14:12:09.474,0.21746,0.287,0.342439,0,24
1900-01-01 14:12:10.474,0.216967,0.285541,0.342283,0,24
1900-01-01 14:12:11.474,0.216373,0.284805,0.342311,0,24
1900-01-01 14:12:12.474,0.217707,0.287221,0.34198,0,24
1900-01-01 14:12:13.474,0.217192,0.286066,0.341943,0,24
1900-01-01 14:12:14.474,0.21693,0.285341,0.342017,0,24
1900-01-01 14:12:15.474,0.21714,0.28626,0.341998,0,24
1900-01-01 14:12:16.474,0.218138,0.287378,0.342081,0,24
1900-01-01 14:12:17.474,0.218285,0.287788,0.342136,0,24
1900-01-01 14:12:18.474,0.217938,0.287011,0.34221,0,24
1900-01-01 14:12:19.474,0.216982,0.286606,0.341998,0,24
1900-01-01 14:12:20.474,0.217292,0.286843,0.342311,0,24
1900-01-01 14:12:21.474,0.217649,0.286822,0.34221,0,24
1900-01-01 14:12:22.474,0.217481,0.286186,0.342347,0,24
1900-01-01 14:12:23.474,0.2183,0.287357,0.342311,0,24
1900-01-01 14:12:24.474,0.217297,0.286291,0.341916,0,24
1900-01-01 14:12:25.474,0.216688,0.285299,0.341842,0,24
1900-01-01 14:12:26.474,0.218022,0.287803,0.342347,0,24
1900-01-01 14:12:27.474,0.217723,0.287305,0.34232,0,24
1900-01-01 14:12:28.474,0.218253,0.28784,0.342605,0,24
1900-01-01 14:12:29.474,0.216872,0.286491,0.342283,0,24
1900-01-01 14:12:30.474,0.216163,0.285173,0.342439,0,24
1900-01-01 14:12:31.474,0.21745,0.28647,0.342384,0,24
1900-01-01 14:12:32.474,0.217702,0.287037,0.341962,0,24
1900-01-01 14:12:33.474,0.217355,0.286438,0.342494,0,24
1900-01-01 14:12:34.474,0.217051,0.285646,0.341851,0,24
1900-01-01 14:12:35.474,0.216426,0.285309,0.342145,0,24
1900-01-01 14:12:36.474,0.217219,0.285976,0.34221,0,24
1900-01-01 14:12:37.474,0.217056,0.286291,0.341805,0,24
1900-01-01 14:12:38.474,0.217129,0.285157,0.341576,0,24
1900-01-01 14:12:39.474,0.217712,0.286711,0.342035,0,24
1900-01-01 14:12:40.474,0.217203,0.28658,0.342008,0,24
1900-01-01 14:12:41.474,0.217859,0.286627,0.342191,0,24
1900-01-01 14:12:42.474,0.218416,0.287835,0.342256,0,24
1900-01-01 14:12:43.474,0.218038,0.287179,0.342283,0,24
1900-01-01 14:12:44.474,0.217901,0.287294,0.342237,0,24
1900-01-01 14:12:45.474,0.217465,0.287383,0.342559,0,24
1900-01-01 14:12:46.474,0.217313,0.286942,0.342605,0,24
1900-01-01 14:12:47.474,0.217618,0.286391,0.342044,0,24
1900-01-01 14:12:48.474,0.217539,0.286727,0.342219,0,24
1900-01-01 14:12:49.474,0.216825,0.286312,0.342632,0,24
1900-01-01 14:12:50.474,0.216972,0.285882,0.3422,0,24
1900-01-01 14:12:51.474,0.218684,0.288428,0.342403,0,24
1900-01-01 14:12:52.474,0.217271,0.285824,0.342476,0,24
1900-01-01 14:12:53.474,0.216888,0.285803,0.3422,0,24
1900-01-01 14:12:54.474,0.217366,0.285929,0.342127,0,24
1900-01-01 14:12:55.474,0.217339,0.286543,0.342237,0,24
1900-01-01 14:12:56.474,0.218232,0.287625,0.342439,0,24
1900-01-01 14:12:57.474,0.217576,0.286339,0.342366,0,24
1900-01-01 14:12:58.474,0.217019,0.285976,0.342366,0,24
1900-01-01 14:12:59.474,0.218027,0.286638,0.342393,0,24
1900-01-01 14:13:00.474,0.216683,0.286391,0.342145,0,24
1900-01-01 14:13:01.474,0.21882,0.288055,0.342393,0,24
1900-01-01 14:13:02.474,0.218584,0.287992,0.342577,0,24
1900-01-01 14:13:03.474,0.218453,0.287693,0.342081,0,24
1900-01-01 14:13:04.474,0.217077,0.285504,0.342706,0,24
1900-01-01 14:13:05.474,0.218069,0.286333,0.342219,0,24
1900-01-01 14:13:06.474,0.217707,0.286806,0.342651,0,24
1900-01-01 14:13:07.474,0.217276,0.286323,0.342237,0,24
1900-01-01 14:13:08.474,0.217696,0.287231,0.342403,0,24
1900-01-01 14:13:09.474,0.217938,0.2871,0.342292,0,24
1900-01-01 14:13:10.474,0.217623,0.287089,0.342991,0,24
1900-01-01 14:13:11.474,0.217975,0.286596,0.34255,0,24
1900-01-01 14:13:12.474,0.217103,0.285572,0.342329,0,24
1900-01-01 14:13:13.474,0.217376,0.287163,0.342531,0,24
1900-01-01 14:13:14.474,0.218169,0.286717,0.342283,0,24
1900-01-01 14:13:15.474,0.217628,0.286239,0.342467,0,24
1900-01-01 14:13:16.474,0.217297,0.28616,0.342265,0,24
1900-01-01 14:13:17.474,0.217313,0.28668,0.34243,0,24
1900-01-01 14:13:18.474,0.217786,0.287095,0.342265,0,24
1900-01-01 14:13:19.474,0.218185,0.286858,0.34254,0,24
1900-01-01 14:13:20.474,0.217481,0.286538,0.34255,0,24
1900-01-01 14:13:21.474,0.218295,0.287609,0.34266,0,24
1900-01-01 14:13:22.474,0.217465,0.285887,0.342302,0,24
1900-01-01 14:13:23.474,0.217823,0.286743,0.341897,0,24
1900-01-01 14:13:24.474,0.218232,0.28825,0.34243,0,24
1900-01-01 14:13:25.474,0.217644,0.286312,0.342596,0,24
1900-01-01 14:13:26.474,0.216069,0.28458,0.342522,0,24
1900-01-01 14:13:27.474,0.217581,0.286008,0.342439,0,24
1900-01-01 14:13:28.474,0.217901,0.287032,0.342044,0,24
1900-01-01 14:13:29.474,0.21787,0.287441,0.342678,0,24
1900-01-01 14:13:30.474,0.217597,0.286879,0.342458,0,24
1900-01-01 14:13:31.474,0.217775,0.287163,0.342155,0,24
1900-01-01 14:13:32.474,0.218195,0.287221,0.342954,0,24
1900-01-01 14:13:33.474,0.218426,0.287478,0.342678,0,24
1900-01-01 14:13:34.474,0.218253,0.287032,0.342504,0,24
1900-01-01 14:13:35.474,0.216977,0.285304,0.342467,0,24
1900-01-01 14:13:36.474,0.217665,0.286139,0.342136,0,24
1900-01-01 14:13:37.474,0.217292,0.286664,0.342136,0,24
1900-01-01 14:13:38.474,0.217166,0.286291,0.342494,0,24
1900-01-01 14:13:39.474,0.217823,0.287221,0.342641,0,24
1900-01-01 14:13:40.474,0.217639,0.287005,0.342439,0,24
1900-01-01 14:13:41.474,0.2186,0.288024,0.342182,0,24
1900-01-01 14:13:42.474,0.218668,0.287908,0.342421,0,24
1900-01-01 14:13:43.474,0.217612,0.285772,0.342761,0,24
1900-01-01 14:13:44.474,0.217765,0.286291,0.342403,0,24
1900-01-01 14:13:45.474,0.218111,0.285194,0.342311,0,24
1900-01-01 14:13:46.474,0.217366,0.286139,0.342393,0,24
1900-01-01 14:13:47.474,0.218248,0.287294,0.342412,0,24
1900-01-01 14:13:48.474,0.215974,0.285147,0.342338,0,24
1900-01-01 14:13:49.474,0.216547,0.286144,0.342063,0,24
1900-01-01 14:13:50.474,0.216688,0.286129,0.342531,0,24
1900-01-01 14:13:51.474,0.216541,0.286874,0.342678,0,24
1900-01-01 14:13:52.474,0.217045,0.286822,0.34243,0,24
1900-01-01 14:13:53.474,0.216799,0.286129,0.342412,0,24
1900-01-01 14:13:54.474,0.216688,0.285819,0.34209,0,24
1900-01-01 14:13:55.474,0.216295,0.285751,0.342302,0,24
1900-01-01 14:13:56.474,0.215969,0.285105,0.341925,0,24
1900-01-01 14:13:57.474,0.217003,0.286465,0.342099,0,24
1900-01-01 14:13:58.474,0.21673,0.286706,0.341916,0,24
1900-01-01 14:13:59.474,0.216804,0.286066,0.342283,0,24
1900-01-01 14:14:00.474,0.216846,0.286622,0.342063,0,24
1900-01-01 14:14:01.474,0.216352,0.285682,0.34198,0,24
1900-01-01 14:14:02.474,0.217896,0.287126,0.342311,0,24
1900-01-01 14:14:03.474,0.217308,0.288061,0.342393,0,24
1900-01-01 14:14:04.474,0.216688,0.286853,0.342302,0,24
1900-01-01 14:14:05.474,0.217135,0.285141,0.342182,0,24
1900-01-01 14:14:06.474,0.215885,0.285787,0.342228,0,24
1900-01-01 14:14:07.474,0.216877,0.286008,0.342145,0,24
1900-01-01 14:14:08.474,0.216982,0.286218,0.342485,0,24
1900-01-01 14:14:09.474,0.21652,0.28626,0.342485,0,24
1900-01-01 14:14:10.474,0.2163,0.286071,0.342485,0,24
1900-01-01 14:14:11.474,0.217518,0.287866,0.342991,0,24
1900-01-01 14:14:12.474,0.216846,0.287032,0.342724,0,24
1900-01-01 14:14:13.474,0.216919,0.286465,0.342292,0,24
1900-01-01 14:14:14.474,0.2164,0.287152,0.342623,0,24
1900-01-01 14:14:15.474,0.217255,0.287289,0.343027,0,24
1900-01-01 14:14:16.474,0.217486,0.287656,0.342605,0,24
1900-01-01 14:14:17.474,0.216615,0.285735,0.342779,0,24
1900-01-01 14:14:18.474,0.216657,0.286633,0.342393,0,24
1900-01-01 14:14:19.474,0.217166,0.287546,0.342899,0,24
1900-01-01 14:14:20.474,0.21682,0.286701,0.342724,0,24
1900-01-01 14:14:21.474,0.216379,0.286491,0.342844,0,24
1900-01-01 14:14:22.474,0.216426,0.285357,0.343082,0,24
1900-01-01 14:14:23.474,0.216069,0.286192,0.342485,0,24
1900-01-01 14:14:24.474,0.216137,0.286312,0.342559,0,24
1900-01-01 14:14:25.474,0.217628,0.286848,0.342798,0,24
1900-01-01 14:14:26.474,0.216599,0.285336,0.341732,0,24
1900-01-01 14:14:27.474,0.216877,0.287184,0.34198,0,24
1900-01-01 14:14:28.474,0.217245,0.286942,0.342596,0,24
1900-01-01 14:14:29.474,0.217733,0.287147,0.342127,0,24
1900-01-01 14:14:30.474,0.215995,0.285315,0.342513,0,24
1900-01-01 14:14:31.474,0.216568,0.287215,0.34266,0,24
1900-01-01 14:14:32.474,0.218043,0.288066,0.342559,0,24
1900-01-01 14:14:33.474,0.217465,0.287152,0.342651,0,24
1900-01-01 14:14:34.474,0.216127,0.285982,0.342641,0,24
1900-01-01 14:14:35.474,0.216253,0.286816,0.342963,0,24
1900-01-01 14:14:36.474,0.216415,0.285835,0.342706,0,24
1900-01-01 14:14:37.474,0.217345,0.286932,0.342586,0,24
1900-01-01 14:14:38.474,0.216526,0.286291,0.342292,0,24
1900-01-01 14:14:39.474,0.216951,0.286375,0.342568,0,24
1900-01-01 14:14:40.474,0.216342,0.285551,0.342403,0,24
1900-01-01 14:14:41.474,0.217618,0.286559,0.342357,0,24
1900-01-01 14:14:42.474,0.218563,0.286423,0.342375,0,24
1900-01-01 14:14:43.474,0.219329,0.288292,0.341906,0,24
1900-01-01 14:14:44.474,0.218426,0.287221,0.342173,0,24
1900-01-01 14:14:45.474,0.218253,0.287278,0.342246,0,24
1900-01-01 14:14:46.474,0.218972,0.287095,0.342173,0,24
1900-01-01 14:14:47.474,0.21818,0.286176,0.34232,0,24
1900-01-01 14:14:48.474,0.218589,0.288439,0.342467,0,24
1900-01-01 14:14:49.474,0.218159,0.285651,0.342329,0,24
1900-01-01 14:14:50.474,0.218111,0.287488,0.342596,0,24
1900-01-01 14:14:51.474,0.218836,0.287683,0.342586,0,24
1900-01-01 14:14:52.474,0.218978,0.286223,0.342458,0,24
1900-01-01 14:14:53.474,0.219303,0.288785,0.342568,0,24
1900-01-01 14:14:54.474,0.218432,0.287205,0.342449,0,24
1900-01-01 14:14:55.474,0.217996,0.286123,0.342605,0,24
1900-01-01 14:14:56.474,0.218815,0.28836,0.342347,0,24
1900-01-01 14:14:57.474,0.218846,0.287977,0.342641,0,24
1900-01-01 14:14:58.474,0.218652,0.287189,0.342421,0,24
1900-01-01 14:14:59.474,0.219408,0.287625,0.342697,0,24
1900-01-01 14:15:00.474,0.220337,0.288397,0.342623,0,24
1900-01-01 14:15:01.474,0.21851,0.285934,0.342651,0,24
1900-01-01 14:15:02.474,0.21777,0.285829,0.342586,0,24
1900-01-01 14:15:03.474,0.21871,0.287158,0.342577,0,24
1900-01-01 14:15:04.474,0.218988,0.287767,0.342788,0,24
1900-01-01 14:15:05.474,0.218873,0.286402,0.342412,0,24
1900-01-01 14:15:06.474,0.218117,0.285682,0.342605,0,24
1900-01-01 14:15:07.474,0.218999,0.286816,0.342485,0,24
1900-01-01 14:15:08.474,0.219009,0.287688,0.342568,0,24
1900-01-01 14:15:09.474,0.219618,0.287378,0.342798,0,24
1900-01-01 14:15:10.474,0.218353,0.287268,0.34232,0,24
1900-01-01 14:15:11.474,0.218862,0.285835,0.342697,0,24
1900-01-01 14:15:12.474,0.218316,0.286617,0.342458,0,24
1900-01-01 14:15:13.474,0.21935,0.288349,0.342513,0,24
1900-01-01 14:15:14.474,0.218101,0.285535,0.342412,0,24
1900-01-01 14:15:15.474,0.218668,0.287341,0.342825,0,24
1900-01-01 14:15:16.474,0.21819,0.285772,0.342256,0,24
1900-01-01 14:15:17.474,0.217124,0.285756,0.342191,0,24
1900-01-01 14:15:18.474,0.21756,0.285866,0.342191,0,24
1900-01-01 14:15:19.474,0.218542,0.286696,0.342357,0,24
1900-01-01 14:15:20.474,0.218337,0.287667,0.34254,0,24
1900-01-01 14:15:21.474,0.218516,0.287226,0.342669,0,24
1900-01-01 14:15:22.474,0.218668,0.287677,0.34266,0,24
1900-01-01 14:15:23.474,0.218384,0.286176,0.342155,0,24
1900-01-01 14:15:24.474,0.218862,0.287851,0.342375,0,24
1900-01-01 14:15:25.474,0.21935,0.288507,0.342256,0,24
1900-01-01 14:15:26.474,0.218521,0.287184,0.342347,0,24
1900-01-01 14:15:27.474,0.217796,0.287352,0.342853,0,24
1900-01-01 14:15:28.474,0.218143,0.28647,0.342899,0,24
1900-01-01 14:15:29.474,0.217612,0.28669,0.342467,0,24
1900-01-01 14:15:30.474,0.218227,0.287126,0.342807,0,24
1900-01-01 14:15:31.474,0.217949,0.286711,0.342862,0,24
1900-01-01 14:15:32.474,0.219009,0.288223,0.343101,0,24
1900-01-01 14:15:33.474,0.218369,0.287394,0.342504,0,24
1900-01-01 14:15:34.474,0.219671,0.288722,0.342651,0,24
1900-01-01 14:15:35.474,0.217886,0.286003,0.342632,0,24
1900-01-01 14:15:36.474,0.218547,0.28731,0.342623,0,24
1900-01-01 14:15:37.474,0.219314,0.287368,0.342899,0,24
1900-01-01 14:15:38.474,0.217565,0.287824,0.342651,0,24
1900-01-01 14:15:39.474,0.218437,0.287011,0.342871,0,24
1900-01-01 14:15:40.474,0.217539,0.286286,0.342945,0,24
1900-01-01 14:15:41.474,0.217502,0.285168,0.342715,0,24
1900-01-01 14:15:42.474,0.217791,0.286386,0.342072,0,24
1900-01-01 14:15:43.474,0.217497,0.286444,0.342347,0,24
1900-01-01 14:15:44.474,0.217618,0.286265,0.342329,0,24
1900-01-01 14:15:45.474,0.218752,0.287483,0.342375,0,24
1900-01-01 14:15:46.474,0.218253,0.286722,0.342421,0,24
1900-01-01 14:15:47.474,0.218127,0.287053,0.342099,0,24
1900-01-01 14:15:48.474,0.218852,0.287436,0.342283,0,24
1900-01-01 14:15:49.474,0.21809,0.286795,0.342844,0,24
1900-01-01 14:15:50.474,0.218804,0.287205,0.342623,0,24
1900-01-01 14:15:51.474,0.217938,0.286554,0.342743,0,24
1900-01-01 14:15:52.474,0.218411,0.286853,0.342632,0,24
1900-01-01 14:15:53.474,0.218447,0.28732,0.342449,0,24
1900-01-01 14:15:54.474,0.218815,0.28742,0.342605,0,24
1900-01-01 14:15:55.474,0.218012,0.286501,0.342329,0,24
1900-01-01 14:15:56.474,0.218867,0.288008,0.342467,0,24
1900-01-01 14:15:57.474,0.218437,0.286612,0.342733,0,24
1900-01-01 14:15:58.474,0.218127,0.285782,0.342329,0,24
1900-01-01 14:15:59.474,0.217723,0.286564,0.342467,0,24
1900-01-01 14:16:00.474,0.218232,0.287567,0.342246,0,24
1900-01-01 14:16:01.474,0.217922,0.287074,0.341916,0,24
1900-01-01 14:16:02.474,0.217707,0.286102,0.342403,0,24
1900-01-01 14:16:03.474,0.219335,0.289274,0.342752,0,24
1900-01-01 14:16:04.474,0.218673,0.287488,0.34311,0,24
1900-01-01 14:16:05.474,0.217712,0.286491,0.342357,0,24
1900-01-01 14:16:06.474,0.218699,0.287824,0.342798,0,24
1900-01-01 14:16:07.474,0.217051,0.286265,0.342403,0,24
1900-01-01 14:16:08.474,0.217234,0.285751,0.342228,0,24
1900-01-01 14:16:09.474,0.218369,0.287032,0.342366,0,24
1900-01-01 14:16:10.474,0.219004,0.287536,0.342531,0,24
1900-01-01 14:16:11.474,0.219424,0.28877,0.342513,0,24
1900-01-01 14:16:12.474,0.218747,0.287824,0.342871,0,24
1900-01-01 14:16:13.474,0.218243,0.28732,0.34254,0,24
1900-01-01 14:16:14.474,0.218342,0.287373,0.342641,0,24
1900-01-01 14:16:15.474,0.217644,0.286512,0.342265,0,24
1900-01-01 14:16:16.474,0.218169,0.286864,0.34232,0,24
1900-01-01 14:16:17.474,0.217696,0.286186,0.342458,0,24
1900-01-01 14:16:18.474,0.217985,0.286113,0.342449,0,24
1900-01-01 14:16:19.474,0.218132,0.286895,0.342136,0,24
1900-01-01 14:16:20.474,0.218778,0.287567,0.342053,0,24
1900-01-01 14:16:21.474,0.219823,0.289111,0.342302,0,24
1900-01-01 14:16:22.474,0.218904,0.287462,0.342393,0,24
1900-01-01 14:16:23.474,0.218621,0.287803,0.342292,0,24
1900-01-01 14:16:24.474,0.217539,0.285425,0.342412,0,24
1900-01-01 14:16:25.474,0.218216,0.286843,0.342403,0,24
1900-01-01 14:16:26.474,0.218127,0.286066,0.342219,0,24
1900-01-01 14:16:27.474,0.218537,0.287247,0.342641,0,24
1900-01-01 14:16:28.474,0.220479,0.288328,0.342531,0,24
1900-01-01 14:16:29.474,0.220122,0.287105,0.342963,0,24
1900-01-01 14:16:30.474,0.219844,0.288124,0.342733,0,24
1900-01-01 14:16:31.474,0.220385,0.287956,0.343147,0,24
1900-01-01 14:16:32.474,0.217507,0.286654,0.342972,0,24
1900-01-01 14:16:33.474,0.218274,0.286029,0.343009,0,24
1900-01-01 14:16:34.474,0.218867,0.288286,0.34254,0,24
1900-01-01 14:16:35.474,0.218741,0.288202,0.342568,0,24
1900-01-01 14:16:36.474,0.218253,0.286953,0.342568,0,24
1900-01-01 14:16:37.474,0.218468,0.287478,0.342853,0,24
1900-01-01 14:16:38.474,0.21902,0.287562,0.342706,0,24
1900-01-01 14:16:39.474,0.218332,0.286522,0.342816,0,24
1900-01-01 14:16:40.474,0.218689,0.288391,0.342761,0,24
1900-01-01 14:16:41.474,0.218201,0.287415,0.343156,0,24
1900-01-01 14:16:42.474,0.218222,0.286312,0.342697,0,24
1900-01-01 14:16:43.474,0.218453,0.287095,0.342972,0,24
1900-01-01 14:16:44.474,0.218584,0.288181,0.343266,0,24
1900-01-01 14:16:45.474,0.218096,0.286223,0.342917,0,24
1900-01-01 14:16:46.474,0.218563,0.287961,0.342825,0,24
1900-01-01 14:16:47.474,0.217733,0.286433,0.342687,0,24
1900-01-01 14:16:48.474,0.218285,0.287005,0.342926,0,24
1900-01-01 14:16:49.474,0.218096,0.286801,0.342596,0,24
1900-01-01 14:16:50.474,0.218185,0.286969,0.342485,0,24
1900-01-01 14:16:51.474,0.218589,0.287588,0.34243,0,24
1900-01-01 14:16:52.474,0.218605,0.288139,0.342926,0,24
1900-01-01 14:16:53.474,0.219492,0.286953,0.342926,0,24
1900-01-01 14:16:54.474,0.217171,0.285351,0.342605,0,24
1900-01-01 14:16:55.474,0.217728,0.28678,0.342899,0,24
1900-01-01 14:16:56.474,0.218195,0.286428,0.343082,0,24
1900-01-01 14:16:57.474,0.219151,0.288644,0.342522,0,24
1900-01-01 14:16:58.474,0.218584,0.287341,0.342421,0,24
1900-01-01 14:16:59.474,0.218085,0.286612,0.342476,0,24
1900-01-01 14:17:00.474,0.217429,0.286134,0.342596,0,24
1900-01-01 14:17:01.474,0.218027,0.287005,0.342678,0,24
1900-01-01 14:17:02.474,0.218778,0.287788,0.342807,0,24
1900-01-01 14:17:03.474,0.2184,0.287977,0.342991,0,24
1900-01-01 14:17:04.474,0.21893,0.286643,0.343073,0,24
1900-01-01 14:17:05.474,0.218379,0.28648,0.342329,0,24
1900-01-01 14:17:06.474,0.217833,0.286785,0.342816,0,24
1900-01-01 14:17:07.474,0.218374,0.28732,0.342761,0,24
1900-01-01 14:17:08.474,0.217539,0.286029,0.342559,0,24
1900-01-01 14:17:09.474,0.217397,0.285819,0.342614,0,24
1900-01-01 14:17:10.474,0.21808,0.28721,0.3422,0,24
1900-01-01 14:17:11.474,0.217833,0.287336,0.34254,0,24
1900-01-01 14:17:12.474,0.218447,0.287079,0.342761,0,24
1900-01-01 14:17:13.474,0.217513,0.286349,0.342743,0,24
1900-01-01 14:17:14.474,0.21777,0.28626,0.342439,0,24
1900-01-01 14:17:15.474,0.217922,0.287504,0.342302,0,24
1900-01-01 14:17:16.474,0.219182,0.288528,0.342504,0,24
1900-01-01 14:17:17.474,0.218825,0.28784,0.342641,0,24
1900-01-01 14:17:18.474,0.218274,0.287179,0.342531,0,24
1900-01-01 14:17:19.474,0.218085,0.286738,0.34255,0,24
1900-01-01 14:17:20.474,0.218258,0.286748,0.342605,0,24
1900-01-01 14:17:21.474,0.218463,0.287121,0.342917,0,24
1900-01-01 14:17:22.474,0.217324,0.285677,0.342513,0,24
1900-01-01 14:17:23.474,0.21839,0.286853,0.342458,0,24
1900-01-01 14:17:24.474,0.217465,0.287368,0.342173,0,24
1900-01-01 14:17:25.474,0.21818,0.288386,0.342779,0,24
1900-01-01 14:17:26.474,0.21757,0.287126,0.342669,0,24
1900-01-01 14:17:27.474,0.219319,0.288402,0.342531,0,24
1900-01-01 14:17:28.474,0.217549,0.286717,0.342926,0,24
1900-01-01 14:17:29.474,0.219093,0.28763,0.342531,0,24
1900-01-01 14:17:30.474,0.218043,0.2872,0.342788,0,24
1900-01-01 14:17:31.474,0.217744,0.28636,0.342807,0,24
1900-01-01 14:17:32.474,0.217828,0.2869,0.343037,0,24
1900-01-01 14:17:33.474,0.218006,0.286869,0.343211,0,24
1900-01-01 14:17:34.474,0.217717,0.287315,0.342109,0,24
1900-01-01 14:17:35.474,0.219282,0.289321,0.342706,0,24
1900-01-01 14:17:36.474,0.219098,0.287263,0.343055,0,24
1900-01-01 14:17:37.474,0.219723,0.288418,0.342568,0,24
1900-01-01 14:17:38.474,0.218201,0.287032,0.342908,0,24
1900-01-01 14:17:39.474,0.217607,0.286223,0.342908,0,24
1900-01-01 14:17:40.474,0.21766,0.287242,0.342779,0,24
1900-01-01 14:17:41.474,0.218048,0.287919,0.342531,0,24
1900-01-01 14:17:42.474,0.218521,0.287173,0.342743,0,24
1900-01-01 14:17:43.474,0.217418,0.286286,0.34254,0,24
1900-01-01 14:17:44.474,0.217696,0.287053,0.342494,0,24
1900-01-01 14:17:45.474,0.217009,0.28648,0.34289,0,24
1900-01-01 14:17:46.474,0.218195,0.28699,0.342651,0,24
1900-01-01 14:17:47.474,0.219314,0.288386,0.342935,0,24
1900-01-01 14:17:48.474,0.218537,0.287714,0.342641,0,24
1900-01-01 14:17:49.474,0.217817,0.286843,0.342494,0,24
1900-01-01 14:17:50.474,0.218075,0.287189,0.342467,0,24
1900-01-01 14:17:51.474,0.218379,0.287914,0.342871,0,24
1900-01-01 14:17:52.474,0.218615,0.288402,0.342632,0,24
1900-01-01 14:17:53.474,0.218321,0.286953,0.343092,0,24
1900-01-01 14:17:54.474,0.218972,0.288134,0.342733,0,24
1900-01-01 14:17:55.474,0.217371,0.286339,0.342779,0,24
1900-01-01 14:17:56.474,0.217492,0.286066,0.342844,0,24
1900-01-01 14:17:57.474,0.2186,0.287698,0.342862,0,24
1900-01-01 14:17:58.474,0.218542,0.286858,0.342449,0,24
1900-01-01 14:17:59.474,0.217607,0.286874,0.342596,0,24
1900-01-01 14:18:00.474,0.218075,0.287137,0.343147,0,24
1900-01-01 14:18:01.474,0.217833,0.287011,0.342853,0,24
1900-01-01 14:18:02.474,0.218269,0.287352,0.342733,0,24
1900-01-01 14:18:03.474,0.218216,0.286979,0.342393,0,24
1900-01-01 14:18:04.474,0.218075,0.286717,0.342559,0,24
1900-01-01 14:18:05.474,0.218531,0.288087,0.342605,0,24
1900-01-01 14:18:06.474,0.218085,0.286459,0.342724,0,24
1900-01-01 14:18:07.474,0.217796,0.286675,0.342531,0,24
1900-01-01 14:18:08.474,0.217502,0.285824,0.34277,0,24
1900-01-01 14:18:09.474,0.21714,0.28594,0.34255,0,24
1900-01-01 14:18:10.474,0.218526,0.28847,0.343101,0,24
1900-01-01 14:18:11.474,0.217712,0.286318,0.342724,0,24
1900-01-01 14:18:12.474,0.217964,0.287583,0.342862,0,24
1900-01-01 14:18:13.474,0.217187,0.28648,0.342485,0,24
1900-01-01 14:18:14.474,0.217891,0.286449,0.342641,0,24
1900-01-01 14:18:15.474,0.218185,0.288349,0.342724,0,24
1900-01-01 14:18:16.474,0.217802,0.286197,0.342403,0,24
1900-01-01 14:18:17.474,0.218626,0.287709,0.342605,0,24
1900-01-01 14:18:18.474,0.219282,0.288659,0.343101,0,24
1900-01-01 14:18:19.474,0.218594,0.287252,0.343082,0,24
1900-01-01 14:18:20.474,0.217686,0.286176,0.342761,0,24
1900-01-01 14:18:21.474,0.21652,0.286097,0.342347,0,24
1900-01-01 14:18:22.474,0.217455,0.288129,0.342733,0,24
1900-01-01 14:18:23.474,0.219198,0.28837,0.342715,0,24
1900-01-01 14:18:24.474,0.218243,0.287389,0.342798,0,24
1900-01-01 14:18:25.474,0.217917,0.286664,0.343082,0,24
1900-01-01 14:18:26.474,0.217812,0.286591,0.34277,0,24
1900-01-01 14:18:27.474,0.21945,0.28816,0.342798,0,24
1900-01-01 14:18:28.474,0.21756,0.286596,0.342596,0,24
1900-01-01 14:18:29.474,0.218216,0.287158,0.342586,0,24
1900-01-01 14:18:30.474,0.217943,0.287184,0.342917,0,24
1900-01-01 14:18:31.474,0.218411,0.286543,0.343037,0,24
1900-01-01 14:18:32.474,0.219004,0.288612,0.343321,0,24
1900-01-01 14:18:33.474,0.218122,0.287184,0.342945,0,24
1900-01-01 14:18:34.474,0.218432,0.287289,0.342743,0,24
1900-01-01 14:18:35.474,0.21809,0.287326,0.343046,0,24
1900-01-01 14:18:36.474,0.217702,0.285814,0.343202,0,24
1900-01-01 14:18:37.474,0.218127,0.286963,0.343082,0,24
1900-01-01 14:18:38.474,0.21798,0.286916,0.343018,0,24
1900-01-01 14:18:39.474,0.218348,0.287084,0.34277,0,24
1900-01-01 14:18:40.474,0.218715,0.286517,0.342669,0,24
1900-01-01 14:18:41.474,0.218306,0.28711,0.342559,0,24
1900-01-01 14:18:42.474,0.218846,0.287357,0.342899,0,24
1900-01-01 14:18:43.474,0.218736,0.285593,0.342761,0,24
1900-01-01 14:18:44.474,0.217901,0.287079,0.342752,0,24
1900-01-01 14:18:45.474,0.219062,0.28816,0.342403,0,24
1900-01-01 14:18:46.474,0.219371,0.287599,0.34288,0,24
1900-01-01 14:18:47.474,0.218983,0.286612,0.342687,0,24
1900-01-01 14:18:48.474,0.21913,0.28794,0.343128,0,24
1900-01-01 14:18:49.474,0.218878,0.286727,0.342522,0,24
1900-01-01 14:18:50.474,0.220164,0.287788,0.342522,0,24
1900-01-01 14:18:51.474,0.219319,0.288092,0.342449,0,24
1900-01-01 14:18:52.474,0.218925,0.286186,0.342439,0,24
1900-01-01 14:18:53.474,0.218437,0.286858,0.34277,0,24
1900-01-01 14:18:54.474,0.219182,0.286927,0.342375,0,24
1900-01-01 14:18:55.474,0.220075,0.289053,0.342596,0,24
1900-01-01 14:18:56.474,0.219739,0.287299,0.342926,0,24
1900-01-01 14:18:57.474,0.218867,0.287389,0.342954,0,24
1900-01-01 14:18:58.474,0.219602,0.287683,0.342972,0,24
1900-01-01 14:18:59.474,0.219324,0.286932,0.342596,0,24
1900-01-01 14:19:00.474,0.218395,0.287105,0.342917,0,24
1900-01-01 14:19:01.474,0.219681,0.288533,0.342972,0,24
1900-01-01 14:19:02.474,0.219188,0.286748,0.34322,0,24
1900-01-01 14:19:03.474,0.219797,0.288817,0.343092,0,24
1900-01-01 14:19:04.474,0.219455,0.287362,0.343321,0,24
1900-01-01 14:19:05.474,0.218699,0.28637,0.342963,0,24
1900-01-01 14:19:06.474,0.219004,0.286706,0.343138,0,24
1900-01-01 14:19:07.474,0.21839,0.286318,0.34288,0,24
1900-01-01 14:19:08.474,0.219119,0.287688,0.34289,0,24
1900-01-01 14:19:09.474,0.218495,0.285609,0.342844,0,24
1900-01-01 14:19:10.474,0.218894,0.287389,0.342632,0,24
1900-01-01 14:19:11.474,0.219014,0.287152,0.342972,0,24
1900-01-01 14:19:12.474,0.218558,0.285929,0.342816,0,24
1900-01-01 14:19:13.474,0.218689,0.286748,0.342357,0,24
1900-01-01 14:19:14.474,0.21839,0.286428,0.342403,0,24
1900-01-01 14:19:15.474,0.219004,0.286559,0.342596,0,24
1900-01-01 14:19:16.474,0.218741,0.286554,0.342476,0,24
1900-01-01 14:19:17.474,0.218153,0.285283,0.342338,0,24
1900-01-01 14:19:18.474,0.21892,0.287205,0.342164,0,24
1900-01-01 14:19:19.474,0.219104,0.286491,0.342596,0,24
1900-01-01 14:19:20.474,0.218258,0.286806,0.342283,0,24
1900-01-01 14:19:21.474,0.219455,0.287415,0.342008,0,24
1900-01-01 14:19:22.474,0.219949,0.288428,0.342265,0,24
1900-01-01 14:19:23.474,0.218988,0.287053,0.342651,0,24
1900-01-01 14:19:24.474,0.21893,0.28753,0.342513,0,24
1900-01-01 14:19:25.474,0.220253,0.288602,0.342834,0,24
1900-01-01 14:19:26.474,0.21924,0.287415,0.343,0,24
1900-01-01 14:19:27.474,0.218904,0.287257,0.342421,0,24
1900-01-01 14:19:28.474,0.219025,0.286774,0.342596,0,24
1900-01-01 14:19:29.474,0.218495,0.286108,0.342338,0,24
1900-01-01 14:19:30.474,0.219377,0.287683,0.342697,0,24
1900-01-01 14:19:31.474,0.218768,0.287294,0.342531,0,24
1900-01-01 14:19:32.474,0.218747,0.287788,0.343009,0,24
1900-01-01 14:19:33.474,0.219135,0.287777,0.343,0,24
1900-01-01 14:19:34.474,0.218925,0.286501,0.342614,0,24
1900-01-01 14:19:35.474,0.219114,0.287032,0.342127,0,24
1900-01-01 14:19:36.474,0.218783,0.286911,0.34232,0,24
1900-01-01 14:19:37.474,0.218747,0.286218,0.342531,0,24
1900-01-01 14:19:38.474,0.218195,0.286669,0.341879,0,24
1900-01-01 14:19:39.474,0.219529,0.288197,0.342779,0,24
1900-01-01 14:19:40.474,0.219429,0.287047,0.342513,0,24
1900-01-01 14:19:41.474,0.218531,0.287368,0.342329,0,24
1900-01-01 14:19:42.474,0.218815,0.286144,0.342788,0,24
1900-01-01 14:19:43.474,0.218589,0.287672,0.342687,0,24
1900-01-01 14:19:44.474,0.219518,0.287777,0.343073,0,24
1900-01-01 14:19:45.474,0.218988,0.287016,0.34289,0,24
1900-01-01 14:19:46.474,0.218432,0.287042,0.342724,0,24
1900-01-01 14:19:47.474,0.218054,0.286795,0.342651,0,24
1900-01-01 14:19:48.474,0.218552,0.287845,0.342853,0,24
1900-01-01 14:19:49.474,0.217082,0.287047,0.342733,0,24
1900-01-01 14:19:50.474,0.21818,0.287042,0.34254,0,24
1900-01-01 14:19:51.474,0.218127,0.28615,0.342504,0,24
1900-01-01 14:19:52.474,0.21798,0.286879,0.34289,0,24
1900-01-01 14:19:53.474,0.218195,0.286575,0.342531,0,24
1900-01-01 14:19:54.474,0.217865,0.287919,0.342908,0,24
1900-01-01 14:19:55.474,0.217928,0.286328,0.342669,0,24
1900-01-01 14:19:56.474,0.217907,0.286538,0.34277,0,24
1900-01-01 14:19:57.474,0.218279,0.287483,0.342816,0,24
1900-01-01 14:19:58.474,0.218972,0.28742,0.342715,0,24
1900-01-01 14:19:59.474,0.218054,0.287872,0.343046,0,24
1900-01-01 14:20:00.474,0.218647,0.287368,0.342954,0,24
1900-01-01 14:20:01.474,0.218773,0.28742,0.34322,0,24
1900-01-01 14:20:02.474,0.218941,0.288139,0.342844,0,24
1900-01-01 14:20:03.474,0.21798,0.286449,0.342844,0,24
1900-01-01 14:20:04.474,0.217928,0.287389,0.343018,0,24
1900-01-01 14:20:05.474,0.218195,0.287572,0.342926,0,24
1900-01-01 14:20:06.474,0.217823,0.287567,0.342871,0,24
1900-01-01 14:20:07.474,0.218153,0.286354,0.343147,0,24
1900-01-01 14:20:08.474,0.217928,0.286601,0.343165,0,24
1900-01-01 14:20:09.474,0.218111,0.287021,0.343422,0,24
1900-01-01 14:20:10.474,0.218521,0.287714,0.342917,0,24
1900-01-01 14:20:11.474,0.21797,0.286822,0.343046,0,24
1900-01-01 14:20:12.474,0.218054,0.287105,0.342788,0,24
1900-01-01 14:20:13.474,0.218232,0.286879,0.342807,0,24
1900-01-01 14:20:14.474,0.217639,0.287221,0.342669,0,24
1900-01-01 14:20:15.474,0.216568,0.285372,0.342494,0,24
1900-01-01 14:20:16.474,0.21704,0.285651,0.342439,0,24
1900-01-01 14:20:17.474,0.217696,0.28648,0.342458,0,24
1900-01-01 14:20:18.474,0.217959,0.286864,0.342623,0,24
1900-01-01 14:20:19.474,0.218295,0.28647,0.343055,0,24
1900-01-01 14:20:20.474,0.217245,0.286255,0.342449,0,24
1900-01-01 14:20:21.474,0.217765,0.287273,0.342743,0,24
1900-01-01 14:20:22.474,0.216494,0.28679,0.342283,0,24
1900-01-01 14:20:23.474,0.21588,0.285782,0.342219,0,24
1900-01-01 14:20:24.474,0.216069,0.286937,0.342476,0,24
1900-01-01 14:20:25.474,0.217156,0.287058,0.342614,0,24
1900-01-01 14:20:26.474,0.217108,0.286669,0.342026,0,24
1900-01-01 14:20:27.474,0.216583,0.285882,0.342256,0,24
1900-01-01 14:20:28.474,0.216148,0.285877,0.341943,0,24
1900-01-01 14:20:29.474,0.217324,0.28657,0.342081,0,24
1900-01-01 14:20:30.474,0.216783,0.287893,0.342412,0,24
1900-01-01 14:20:31.474,0.216767,0.285777,0.342393,0,24
1900-01-01 14:20:32.474,0.216877,0.287436,0.342302,0,24
1900-01-01 14:20:33.474,0.216799,0.286055,0.342733,0,24
1900-01-01 14:20:34.474,0.217282,0.286522,0.342485,0,24
1900-01-01 14:20:35.474,0.21662,0.285572,0.342347,0,24
1900-01-01 14:20:36.474,0.214709,0.285803,0.341962,0,24
1900-01-01 14:20:37.474,0.21598,0.28627,0.342246,0,24
1900-01-01 14:20:38.474,0.215365,0.285887,0.342504,0,24
1900-01-01 14:20:39.474,0.215323,0.286785,0.342329,0,24
1900-01-01 14:20:40.474,0.215502,0.284543,0.342311,0,24
1900-01-01 14:20:41.474,0.215119,0.287273,0.342173,0,24
1900-01-01 14:20:42.474,0.215229,0.286564,0.341989,0,24
1900-01-01 14:20:43.474,0.215371,0.285021,0.341998,0,24
1900-01-01 14:20:44.474,0.214741,0.285651,0.341879,0,24
1900-01-01 14:20:45.474,0.214819,0.286302,0.342035,0,24
1900-01-01 14:20:46.474,0.214478,0.285446,0.342017,0,24
1900-01-01 14:20:47.474,0.214478,0.284611,0.342118,0,24
1900-01-01 14:20:48.474,0.214205,0.285057,0.341677,0,24
1900-01-01 14:20:49.474,0.215255,0.286969,0.341989,0,24
1900-01-01 14:20:50.474,0.214709,0.285887,0.341796,0,24
1900-01-01 14:20:51.474,0.214735,0.285336,0.341833,0,24
1900-01-01 14:20:52.474,0.214368,0.284774,0.341585,0,24
1900-01-01 14:20:53.474,0.214951,0.285499,0.34175,0,24
1900-01-01 14:20:54.474,0.214615,0.285499,0.341769,0,24
1900-01-01 14:20:55.474,0.214415,0.28533,0.34142,0,24
1900-01-01 14:20:56.474,0.215806,0.286958,0.341704,0,24
1900-01-01 14:20:57.474,0.215355,0.284611,0.341934,0,24
1900-01-01 14:20:58.474,0.215187,0.285257,0.341649,0,24
1900-01-01 14:20:59.474,0.215108,0.286008,0.34142,0,24
1900-01-01 14:21:00.474,0.214567,0.28459,0.341851,0,24
1900-01-01 14:21:01.474,0.215339,0.28678,0.341484,0,24
1900-01-01 14:21:02.474,0.214468,0.284485,0.341723,0,24
1900-01-01 14:21:03.474,0.214594,0.284863,0.341319,0,24
1900-01-01 14:21:04.474,0.214447,0.284464,0.341245,0,24
1900-01-01 14:21:05.474,0.214541,0.285798,0.341052,0,24
1900-01-01 14:21:06.474,0.214982,0.285709,0.340951,0,24
1900-01-01 14:21:07.474,0.214578,0.284454,0.34107,0,24
1900-01-01 14:21:08.474,0.215008,0.285052,0.341759,0,24
1900-01-01 14:21:09.474,0.214919,0.285047,0.341383,0,24
1900-01-01 14:21:10.474,0.214651,0.284464,0.341374,0,24
1900-01-01 14:21:11.474,0.214699,0.284359,0.341603,0,24
1900-01-01 14:21:12.474,0.214426,0.284811,0.340988,0,24
1900-01-01 14:21:13.474,0.215591,0.287278,0.340951,0,24
1900-01-01 14:21:14.474,0.21463,0.284632,0.34142,0,24
1900-01-01 14:21:15.474,0.214987,0.285703,0.341769,0,24
1900-01-01 14:21:16.474,0.21494,0.285656,0.341162,0,24
1900-01-01 14:21:17.474,0.214966,0.286349,0.341603,0,24
1900-01-01 14:21:18.474,0.21473,0.284469,0.341622,0,24
1900-01-01 14:21:19.474,0.214641,0.286165,0.341364,0,24
1900-01-01 14:21:20.474,0.214546,0.284527,0.341502,0,24
1900-01-01 14:21:21.474,0.214956,0.285635,0.341603,0,24
1900-01-01 14:21:22.474,0.215407,0.286323,0.341466,0,24
1900-01-01 14:21:23.474,0.214436,0.284947,0.341732,0,24
1900-01-01 14:21:24.474,0.214173,0.284511,0.341668,0,24
1900-01-01 14:21:25.474,0.214047,0.284632,0.341475,0,24
1900-01-01 14:21:26.474,0.21451,0.2848,0.341438,0,24
1900-01-01 14:21:27.474,0.214783,0.285541,0.341695,0,24
1900-01-01 14:21:28.474,0.214525,0.285262,0.341732,0,24
1900-01-01 14:21:29.474,0.214384,0.285168,0.341833,0,24
1900-01-01 14:21:30.474,0.214405,0.285677,0.341658,0,24
1900-01-01 14:21:31.474,0.214924,0.285761,0.341567,0,24
1900-01-01 14:21:32.474,0.214725,0.28595,0.34142,0,24
1900-01-01 14:21:33.474,0.214998,0.286202,0.341511,0,24
1900-01-01 14:21:34.474,0.214662,0.285236,0.341475,0,24
1900-01-01 14:21:35.474,0.214609,0.28543,0.341998,0,24
1900-01-01 14:21:36.474,0.214688,0.284769,0.341493,0,24
1900-01-01 14:21:37.474,0.215077,0.285598,0.341787,0,24
1900-01-01 14:21:38.474,0.214893,0.284627,0.341658,0,24
1900-01-01 14:21:39.474,0.21451,0.284779,0.341144,0,24
1900-01-01 14:21:40.474,0.214657,0.284895,0.341989,0,24
1900-01-01 14:21:41.474,0.214966,0.285425,0.341668,0,24
1900-01-01 14:21:42.474,0.214977,0.286144,0.341612,0,24
1900-01-01 14:21:43.474,0.215392,0.287236,0.341511,0,24
1900-01-01 14:21:44.474,0.214263,0.283435,0.341484,0,24
1900-01-01 14:21:45.474,0.214294,0.284874,0.34142,0,24
1900-01-01 14:21:46.474,0.214977,0.285735,0.341594,0,24
1900-01-01 14:21:47.474,0.21536,0.285404,0.341732,0,24
1900-01-01 14:21:48.474,0.214389,0.284359,0.341851,0,24
1900-01-01 14:21:49.474,0.214562,0.284737,0.34142,0,24
1900-01-01 14:21:50.474,0.2143,0.285472,0.341236,0,24
1900-01-01 14:21:51.474,0.214242,0.285141,0.341548,0,24
1900-01-01 14:21:52.474,0.214804,0.284847,0.34096,0,24
1900-01-01 14:21:53.474,0.215276,0.285499,0.341254,0,24
1900-01-01 14:21:54.474,0.214672,0.285094,0.341401,0,24
1900-01-01 14:21:55.474,0.214536,0.284553,0.341622,0,24
1900-01-01 14:21:56.474,0.214746,0.285378,0.341567,0,24
1900-01-01 14:21:57.474,0.21411,0.285934,0.341181,0,24
1900-01-01 14:21:58.474,0.214919,0.284784,0.3413,0,24
1900-01-01 14:21:59.474,0.215518,0.286076,0.341521,0,24
1900-01-01 14:22:00.474,0.214667,0.284942,0.341401,0,24
1900-01-01 14:22:01.474,0.214426,0.284784,0.341567,0,24
1900-01-01 14:22:02.474,0.215029,0.284968,0.341392,0,24
1900-01-01 14:22:03.474,0.214636,0.285462,0.341658,0,24
1900-01-01 14:22:04.474,0.214888,0.284244,0.341034,0,24
1900-01-01 14:22:05.474,0.214447,0.284391,0.341172,0,24
1900-01-01 14:22:06.474,0.21389,0.28385,0.341346,0,24
1900-01-01 14:22:07.474,0.214352,0.284333,0.341135,0,24
1900-01-01 14:22:08.474,0.214767,0.285105,0.341006,0,24
1900-01-01 14:22:09.474,0.21399,0.283593,0.340685,0,24
1900-01-01 14:22:10.474,0.214835,0.285882,0.340804,0,24
1900-01-01 14:22:11.474,0.214189,0.284317,0.340896,0,24
1900-01-01 14:22:12.474,0.214504,0.284133,0.341116,0,24
1900-01-01 14:22:13.474,0.214315,0.284312,0.34096,0,24
1900-01-01 14:22:14.474,0.214368,0.284475,0.340997,0,24
1900-01-01 14:22:15.474,0.214793,0.284679,0.341052,0,24
1900-01-01 14:22:16.474,0.214861,0.285052,0.340694,0,24
1900-01-01 14:22:17.474,0.214116,0.285,0.341006,0,24
1900-01-01 14:22:18.474,0.214541,0.285194,0.340841,0,24
1900-01-01 14:22:19.474,0.214215,0.285026,0.341181,0,24
1900-01-01 14:22:20.474,0.21399,0.284937,0.341006,0,24
1900-01-01 14:22:21.474,0.214814,0.285814,0.340675,0,24
1900-01-01 14:22:22.474,0.214856,0.285042,0.340795,0,24
1900-01-01 14:22:23.474,0.215255,0.285787,0.341245,0,24
1900-01-01 14:22:24.474,0.214783,0.285856,0.34142,0,24
1900-01-01 14:22:25.474,0.214531,0.285372,0.341337,0,24
1900-01-01 14:22:26.474,0.213948,0.28491,0.341282,0,24
1900-01-01 14:22:27.474,0.21493,0.285299,0.341778,0,24
1900-01-01 14:22:28.474,0.215334,0.285084,0.34164,0,24
1900-01-01 14:22:29.474,0.21463,0.284769,0.341511,0,24
1900-01-01 14:22:30.474,0.214793,0.284401,0.341144,0,24
1900-01-01 14:22:31.474,0.214657,0.284454,0.341319,0,24
1900-01-01 14:22:32.474,0.215008,0.284942,0.340896,0,24
1900-01-01 14:22:33.474,0.214588,0.285084,0.341557,0,24
1900-01-01 14:22:34.474,0.213948,0.28374,0.341034,0,24
1900-01-01 14:22:35.474,0.2142,0.284905,0.34074,0,24
1900-01-01 14:22:36.474,0.215066,0.285583,0.341135,0,24
1900-01-01 14:22:37.474,0.215197,0.285766,0.341493,0,24
1900-01-01 14:22:38.474,0.214352,0.28396,0.340868,0,24
1900-01-01 14:22:39.474,0.214016,0.283283,0.341162,0,24
1900-01-01 14:22:40.474,0.213538,0.284506,0.341208,0,24
1900-01-01 14:22:41.474,0.215014,0.285714,0.340969,0,24
1900-01-01 14:22:42.474,0.213843,0.284364,0.34119,0,24
1900-01-01 14:22:43.474,0.214914,0.285814,0.340859,0,24
1900-01-01 14:22:44.474,0.214399,0.285829,0.341015,0,24
1900-01-01 14:22:45.474,0.214342,0.284711,0.3413,0,24
1900-01-01 14:22:46.474,0.214,0.284548,0.341668,0,24
1900-01-01 14:22:47.474,0.214846,0.285971,0.341089,0,24
1900-01-01 14:22:48.474,0.215313,0.285709,0.341098,0,24
1900-01-01 14:22:49.474,0.21546,0.286144,0.341346,0,24
1900-01-01 14:22:50.474,0.215654,0.286617,0.341622,0,24
1900-01-01 14:22:51.474,0.214578,0.284123,0.341172,0,24
1900-01-01 14:22:52.474,0.213932,0.28407,0.341484,0,24
1900-01-01 14:22:53.474,0.214037,0.285341,0.341539,0,24
1900-01-01 14:22:54.474,0.214252,0.284233,0.340969,0,24
1900-01-01 14:22:55.474,0.213937,0.283482,0.340822,0,24
1900-01-01 14:22:56.474,0.213349,0.283992,0.341015,0,24
1900-01-01 14:22:57.474,0.214368,0.284795,0.341089,0,24
1900-01-01 14:22:58.474,0.214205,0.284034,0.340997,0,24
1900-01-01 14:22:59.474,0.213837,0.283671,0.340657,0,24
1900-01-01 14:23:00.474,0.214599,0.28521,0.340492,0,24
1900-01-01 14:23:01.474,0.214987,0.285068,0.340611,0,24
1900-01-01 14:23:02.474,0.215213,0.284548,0.340657,0,24
1900-01-01 14:23:03.474,0.215161,0.285105,0.341199,0,24
1900-01-01 14:23:04.474,0.214405,0.284338,0.341511,0,24
1900-01-01 14:23:05.474,0.214221,0.284921,0.341043,0,24
1900-01-01 14:23:06.474,0.214394,0.285357,0.340721,0,24
1900-01-01 14:23:07.474,0.214583,0.284622,0.340528,0,24
1900-01-01 14:23:08.474,0.213239,0.282847,0.340859,0,24
1900-01-01 14:23:09.474,0.213774,0.284128,0.341015,0,24
1900-01-01 14:23:10.474,0.214651,0.285073,0.340979,0,24
1900-01-01 14:23:11.474,0.214772,0.284574,0.340639,0,24
1900-01-01 14:23:12.474,0.215113,0.285078,0.340804,0,24
1900-01-01 14:23:13.474,0.214615,0.285383,0.340896,0,24
1900-01-01 14:23:14.474,0.215239,0.284538,0.340933,0,24
1900-01-01 14:23:15.474,0.214793,0.28448,0.341245,0,24
1900-01-01 14:23:16.474,0.214699,0.28406,0.34074,0,24
1900-01-01 14:23:17.474,0.21504,0.284853,0.34085,0,24
1900-01-01 14:23:18.474,0.214273,0.283965,0.340841,0,24
1900-01-01 14:23:19.474,0.214846,0.285288,0.340896,0,24
1900-01-01 14:23:20.474,0.214636,0.284664,0.340786,0,24
1900-01-01 14:23:21.474,0.215418,0.286176,0.340878,0,24
1900-01-01 14:23:22.474,0.215224,0.284564,0.340988,0,24
1900-01-01 14:23:23.474,0.21451,0.284832,0.340602,0,24
1900-01-01 14:23:24.474,0.215281,0.285068,0.340942,0,24
1900-01-01 14:23:25.474,0.214851,0.285903,0.340455,0,24
1900-01-01 14:23:26.474,0.215591,0.285541,0.340905,0,24
1900-01-01 14:23:27.474,0.21484,0.284716,0.341126,0,24
1900-01-01 14:23:28.474,0.214294,0.28448,0.340878,0,24
1900-01-01 14:23:29.474,0.214588,0.284464,0.341273,0,24
1900-01-01 14:23:30.474,0.215313,0.28533,0.341061,0,24
1900-01-01 14:23:31.474,0.213769,0.283834,0.340942,0,24
1900-01-01 14:23:32.474,0.214903,0.285231,0.34107,0,24
1900-01-01 14:23:33.474,0.214877,0.284853,0.34107,0,24
1900-01-01 14:23:34.474,0.214583,0.284763,0.340758,0,24
1900-01-01 14:23:35.474,0.21462,0.28406,0.341162,0,24
1900-01-01 14:23:36.474,0.215019,0.286013,0.340896,0,24
1900-01-01 14:23:37.474,0.217649,0.285703,0.341199,0,24
1900-01-01 14:23:38.474,0.215302,0.28386,0.34119,0,24
1900-01-01 14:23:39.474,0.213906,0.284727,0.341346,0,24
1900-01-01 14:23:40.474,0.214557,0.28573,0.341015,0,24
1900-01-01 14:23:41.474,0.214436,0.285031,0.341346,0,24
1900-01-01 14:23:42.474,0.214636,0.284569,0.341025,0,24
1900-01-01 14:23:43.474,0.214809,0.285336,0.340933,0,24
1900-01-01 14:23:44.474,0.214531,0.285572,0.341217,0,24
1900-01-01 14:23:45.474,0.214063,0.283582,0.341245,0,24
1900-01-01 14:23:46.474,0.215413,0.286197,0.341089,0,24
1900-01-01 14:23:47.474,0.215066,0.283719,0.340822,0,24
1900-01-01 14:23:48.474,0.215302,0.285225,0.340584,0,24
1900-01-01 14:23:49.474,0.214441,0.284769,0.34085,0,24
1900-01-01 14:23:50.474,0.213869,0.283482,0.340547,0,24
1900-01-01 14:23:51.474,0.214945,0.285514,0.340933,0,24
1900-01-01 14:23:52.474,0.214672,0.285283,0.341061,0,24
1900-01-01 14:23:53.474,0.214158,0.284569,0.340363,0,24
1900-01-01 14:23:54.474,0.214641,0.284427,0.340712,0,24
1900-01-01 14:23:55.474,0.215045,0.285924,0.340997,0,24
1900-01-01 14:23:56.474,0.214683,0.285562,0.341245,0,24
1900-01-01 14:23:57.474,0.214893,0.284994,0.341199,0,24
1900-01-01 14:23:58.474,0.213192,0.282333,0.340749,0,24
1900-01-01 14:23:59.474,0.213643,0.28437,0.340905,0,24
1900-01-01 14:24:00.474,0.214294,0.285236,0.340317,0,24
1900-01-01 14:24:01.474,0.21483,0.283708,0.340565,0,24
1900-01-01 14:24:02.474,0.214483,0.285084,0.341034,0,24
1900-01-01 14:24:03.474,0.214399,0.284711,0.341052,0,24
1900-01-01 14:24:04.474,0.215045,0.284748,0.34085,0,24
1900-01-01 14:24:05.474,0.214882,0.284139,0.340519,0,24
1900-01-01 14:24:06.474,0.214741,0.285682,0.340648,0,24
1900-01-01 14:24:07.474,0.214856,0.284685,0.340859,0,24
1900-01-01 14:24:08.474,0.214578,0.285672,0.340914,0,24
1900-01-01 14:24:09.474,0.215428,0.285236,0.341374,0,24
1900-01-01 14:24:10.474,0.21472,0.284249,0.341383,0,24
1900-01-01 14:24:11.474,0.214709,0.284385,0.340712,0,24
1900-01-01 14:24:12.474,0.215313,0.285325,0.340795,0,24
1900-01-01 14:24:13.474,0.214032,0.283299,0.341006,0,24
1900-01-01 14:24:14.474,0.214825,0.286029,0.340988,0,24
1900-01-01 14:24:15.474,0.215056,0.28658,0.34153,0,24
1900-01-01 14:24:16.474,0.21535,0.284265,0.341254,0,24
1900-01-01 14:24:17.474,0.214746,0.286543,0.341319,0,24
1900-01-01 14:24:18.474,0.215119,0.284858,0.34108,0,24
1900-01-01 14:24:19.474,0.215029,0.285457,0.341217,0,24
1900-01-01 14:24:20.474,0.215255,0.285598,0.341364,0,24
1900-01-01 14:24:21.474,0.215691,0.285877,0.341631,0,24
1900-01-01 14:24:22.474,0.214861,0.284674,0.341346,0,24
1900-01-01 14:24:23.474,0.21547,0.285,0.341162,0,24
1900-01-01 14:24:24.474,0.214909,0.286144,0.341686,0,24
1900-01-01 14:24:25.474,0.214578,0.283971,0.34096,0,24
1900-01-01 14:24:26.474,0.214258,0.284879,0.340822,0,24
1900-01-01 14:24:27.474,0.215203,0.285703,0.341199,0,24
1900-01-01 14:24:28.474,0.21463,0.284023,0.341153,0,24
1900-01-01 14:24:29.474,0.214625,0.284396,0.341658,0,24
1900-01-01 14:24:30.474,0.214184,0.284858,0.341107,0,24
1900-01-01 14:24:31.474,0.214368,0.283713,0.34096,0,24
1900-01-01 14:24:32.474,0.214615,0.286139,0.341456,0,24
1900-01-01 14:24:33.474,0.215539,0.285772,0.341337,0,24
1900-01-01 14:24:34.474,0.215397,0.285173,0.341107,0,24
1900-01-01 14:24:35.474,0.214399,0.284916,0.341576,0,24
1900-01-01 14:24:36.474,0.214672,0.286774,0.340951,0,24
1900-01-01 14:24:37.474,0.215297,0.285661,0.341098,0,24
1900-01-01 14:24:38.474,0.215145,0.285499,0.34153,0,24
1900-01-01 14:24:39.474,0.214898,0.286034,0.341429,0,24
1900-01-01 14:24:40.474,0.215549,0.286155,0.341815,0,24
1900-01-01 14:24:41.474,0.21493,0.285351,0.341631,0,24
1900-01-01 14:24:42.474,0.215806,0.285609,0.34119,0,24
1900-01-01 14:24:43.474,0.215287,0.28553,0.341309,0,24
1900-01-01 14:24:44.474,0.214357,0.284973,0.341521,0,24
1900-01-01 14:24:45.474,0.214226,0.284538,0.341337,0,24
1900-01-01 14:24:46.474,0.215071,0.286255,0.341576,0,24
1900-01-01 14:24:47.474,0.215323,0.285525,0.341576,0,24
1900-01-01 14:24:48.474,0.215014,0.285231,0.341309,0,24
1900-01-01 14:24:49.474,0.214389,0.285661,0.341217,0,24
1900-01-01 14:24:50.474,0.214819,0.2849,0.341732,0,24
1900-01-01 14:24:51.474,0.214336,0.284601,0.341374,0,24
1900-01-01 14:24:52.474,0.215481,0.285819,0.34141,0,24
1900-01-01 14:24:53.474,0.214977,0.284742,0.341576,0,24
1900-01-01 14:24:54.474,0.215418,0.286003,0.34119,0,24
1900-01-01 14:24:55.474,0.214851,0.285341,0.341466,0,24
1900-01-01 14:24:56.474,0.21515,0.285583,0.341971,0,24
1900-01-01 14:24:57.474,0.214872,0.284118,0.341475,0,24
1900-01-01 14:24:58.474,0.21463,0.285882,0.341842,0,24
1900-01-01 14:24:59.474,0.215014,0.286433,0.341805,0,24
1900-01-01 14:25:00.474,0.214877,0.284984,0.34175,0,24
1900-01-01 14:25:01.474,0.215124,0.285435,0.341594,0,24
1900-01-01 14:25:02.474,0.214751,0.285556,0.341107,0,24
1900-01-01 14:25:03.474,0.214809,0.285026,0.341383,0,24
1900-01-01 14:25:04.474,0.215339,0.286066,0.341787,0,24
1900-01-01 14:25:05.474,0.215245,0.286144,0.3413,0,24
1900-01-01 14:25:06.474,0.214683,0.284758,0.341585,0,24
1900-01-01 14:25:07.474,0.214935,0.286003,0.341346,0,24
1900-01-01 14:25:08.474,0.21578,0.28636,0.34175,0,24
1900-01-01 14:25:09.474,0.215665,0.287347,0.342099,0,24
1900-01-01 14:25:10.474,0.214814,0.285267,0.34209,0,24
1900-01-01 14:25:11.474,0.214819,0.284727,0.341796,0,24
1900-01-01 14:25:12.474,0.215187,0.285094,0.341934,0,24
1900-01-01 14:25:13.474,0.21515,0.285005,0.341181,0,24
1900-01-01 14:25:14.474,0.215712,0.285782,0.341374,0,24
1900-01-01 14:25:15.474,0.214037,0.283299,0.341245,0,24
1900-01-01 14:25:16.474,0.214804,0.284128,0.341429,0,24
1900-01-01 14:25:17.474,0.214604,0.285934,0.341116,0,24
1900-01-01 14:25:18.474,0.214851,0.28532,0.341714,0,24
1900-01-01 14:25:19.474,0.2143,0.285357,0.341429,0,24
1900-01-01 14:25:20.474,0.214898,0.286732,0.341291,0,24
1900-01-01 14:25:21.474,0.215481,0.28491,0.341245,0,24
1900-01-01 14:25:22.474,0.21514,0.285257,0.341309,0,24
1900-01-01 14:25:23.474,0.215444,0.285278,0.341567,0,24
1900-01-01 14:25:24.474,0.214462,0.284364,0.341282,0,24
1900-01-01 14:25:25.474,0.214977,0.284501,0.34141,0,24
1900-01-01 14:25:26.474,0.215271,0.284637,0.341585,0,24
1900-01-01 14:25:27.474,0.214788,0.285488,0.340832,0,24
1900-01-01 14:25:28.474,0.214405,0.284958,0.341594,0,24
1900-01-01 14:25:29.474,0.215203,0.284994,0.3413,0,24
1900-01-01 14:25:30.474,0.214893,0.284963,0.341309,0,24
1900-01-01 14:25:31.474,0.215255,0.285997,0.34108,0,24
1900-01-01 14:25:32.474,0.214525,0.285441,0.341576,0,24
1900-01-01 14:25:33.474,0.215019,0.285,0.341466,0,24
1900-01-01 14:25:34.474,0.215859,0.285551,0.341447,0,24
1900-01-01 14:25:35.474,0.214903,0.285262,0.341162,0,24
1900-01-01 14:25:36.474,0.21504,0.286428,0.341787,0,24
1900-01-01 14:25:37.474,0.21536,0.285703,0.341539,0,24
1900-01-01 14:25:38.474,0.215239,0.28636,0.341466,0,24
1900-01-01 14:25:39.474,0.214951,0.28427,0.341502,0,24
1900-01-01 14:25:40.474,0.214972,0.285835,0.34164,0,24
1900-01-01 14:25:41.474,0.214825,0.285766,0.341346,0,24
1900-01-01 14:25:42.474,0.215108,0.285646,0.341833,0,24
1900-01-01 14:25:43.474,0.214441,0.284674,0.341374,0,24
1900-01-01 14:25:44.474,0.215045,0.286606,0.341658,0,24
1900-01-01 14:25:45.474,0.214903,0.284947,0.341273,0,24
1900-01-01 14:25:46.474,0.215549,0.286092,0.341622,0,24
1900-01-01 14:25:47.474,0.21484,0.284422,0.341172,0,24
1900-01-01 14:25:48.474,0.214746,0.284805,0.341576,0,24
1900-01-01 14:25:49.474,0.214599,0.285714,0.341162,0,24
1900-01-01 14:25:50.474,0.214872,0.285126,0.34141,0,24
1900-01-01 14:25:51.474,0.214683,0.284485,0.341107,0,24
1900-01-01 14:25:52.474,0.21525,0.285646,0.340841,0,24
1900-01-01 14:25:53.474,0.21472,0.284118,0.340611,0,24
1900-01-01 14:25:54.474,0.215229,0.286176,0.34096,0,24
1900-01-01 14:25:55.474,0.215119,0.285215,0.340887,0,24
1900-01-01 14:25:56.474,0.21547,0.285341,0.341245,0,24
1900-01-01 14:25:57.474,0.215476,0.286349,0.341015,0,24
1900-01-01 14:25:58.474,0.215386,0.28501,0.341236,0,24
1900-01-01 14:25:59.474,0.214867,0.284307,0.34141,0,24
1900-01-01 14:26:00.474,0.215418,0.285772,0.341254,0,24
1900-01-01 14:26:01.474,0.215092,0.285042,0.341374,0,24
1900-01-01 14:26:02.474,0.214541,0.284553,0.341291,0,24
1900-01-01 14:26:03.474,0.215119,0.284758,0.341236,0,24
1900-01-01 14:26:04.474,0.214945,0.285047,0.340887,0,24
1900-01-01 14:26:05.474,0.215581,0.285357,0.340923,0,24
1900-01-01 14:26:06.474,0.215376,0.286685,0.341245,0,24
1900-01-01 14:26:07.474,0.215518,0.285262,0.340868,0,24
1900-01-01 14:26:08.474,0.215192,0.285215,0.341355,0,24
1900-01-01 14:26:09.474,0.215029,0.284643,0.341319,0,24
1900-01-01 14:26:10.474,0.214594,0.285567,0.340969,0,24
1900-01-01 14:26:11.474,0.216037,0.285378,0.34119,0,24
1900-01-01 14:26:12.474,0.21557,0.285157,0.340942,0,24
1900-01-01 14:26:13.474,0.215308,0.286449,0.341484,0,24
1900-01-01 14:26:14.474,0.215649,0.28553,0.341704,0,24
1900-01-01 14:26:15.474,0.215161,0.284469,0.341548,0,24
1900-01-01 14:26:16.474,0.21463,0.28459,0.340933,0,24
1900-01-01 14:26:17.474,0.214809,0.284716,0.341282,0,24
1900-01-01 14:26:18.474,0.215738,0.28585,0.341025,0,24
1900-01-01 14:26:19.474,0.214966,0.283986,0.341227,0,24
1900-01-01 14:26:20.474,0.215077,0.285751,0.341052,0,24
1900-01-01 14:26:21.474,0.21577,0.284553,0.341493,0,24
1900-01-01 14:26:22.474,0.215575,0.285283,0.341383,0,24
1900-01-01 14:26:23.474,0.214919,0.284443,0.341153,0,24
1900-01-01 14:26:24.474,0.214762,0.284664,0.341116,0,24
1900-01-01 14:26:25.474,0.215003,0.284616,0.341116,0,24
1900-01-01 14:26:26.474,0.215533,0.28657,0.341116,0,24
1900-01-01 14:26:27.474,0.215848,0.285183,0.341217,0,24
1900-01-01 14:26:28.474,0.215948,0.284779,0.341135,0,24
1900-01-01 14:26:29.474,0.215271,0.284653,0.341025,0,24
1900-01-01 14:26:30.474,0.215302,0.285667,0.341466,0,24
1900-01-01 14:26:31.474,0.216405,0.286795,0.341392,0,24
1900-01-01 14:26:32.474,0.21662,0.286911,0.341263,0,24
1900-01-01 14:26:33.474,0.216237,0.285567,0.341364,0,24
1900-01-01 14:26:34.474,0.215276,0.28585,0.341429,0,24
1900-01-01 14:26:35.474,0.215922,0.286517,0.341521,0,24
1900-01-01 14:26:36.474,0.215287,0.285803,0.341521,0,24
1900-01-01 14:26:37.474,0.215245,0.285236,0.341585,0,24
1900-01-01 14:26:38.474,0.216641,0.286349,0.34141,0,24
1900-01-01 14:26:39.474,0.216636,0.285966,0.341677,0,24
1900-01-01 14:26:40.474,0.21504,0.285346,0.341254,0,24
1900-01-01 14:26:41.474,0.215334,0.285488,0.341842,0,24
1900-01-01 14:26:42.474,0.214935,0.284165,0.341466,0,24
1900-01-01 14:26:43.474,0.214819,0.285173,0.341456,0,24
1900-01-01 14:26:44.474,0.215476,0.284133,0.341181,0,24
1900-01-01 14:26:45.474,0.215234,0.284669,0.341208,0,24
1900-01-01 14:26:46.474,0.214746,0.28354,0.341126,0,24
1900-01-01 14:26:47.474,0.214972,0.285745,0.340905,0,24
1900-01-01 14:26:48.474,0.215339,0.286575,0.34153,0,24
1900-01-01 14:26:49.474,0.215024,0.285656,0.34108,0,24
1900-01-01 14:26:50.474,0.21567,0.285971,0.341355,0,24
1900-01-01 14:26:51.474,0.21631,0.28678,0.341567,0,24
1900-01-01 14:26:52.474,0.21577,0.28616,0.341337,0,24
1900-01-01 14:26:53.474,0.21557,0.284128,0.341208,0,24
1900-01-01 14:26:54.474,0.214546,0.284889,0.341025,0,24
1900-01-01 14:26:55.474,0.215371,0.285294,0.341364,0,24
1900-01-01 14:26:56.474,0.215418,0.286549,0.340629,0,24
1900-01-01 14:26:57.474,0.21546,0.285094,0.340841,0,24
1900-01-01 14:26:58.474,0.216384,0.285892,0.340804,0,24
1900-01-01 14:26:59.474,0.215512,0.285877,0.341548,0,24
1900-01-01 14:27:00.474,0.215791,0.286076,0.34119,0,24
1900-01-01 14:27:01.474,0.215938,0.286732,0.341309,0,24
1900-01-01 14:27:02.474,0.215985,0.285677,0.341594,0,24
1900-01-01 14:27:03.474,0.216263,0.286003,0.341475,0,24
1900-01-01 14:27:04.474,0.216085,0.286764,0.341567,0,24
1900-01-01 14:27:05.474,0.216321,0.286024,0.341282,0,24
1900-01-01 14:27:06.474,0.215203,0.284527,0.341962,0,24
1900-01-01 14:27:07.474,0.215775,0.284611,0.341153,0,24
1900-01-01 14:27:08.474,0.215859,0.285572,0.341447,0,24
1900-01-01 14:27:09.474,0.21578,0.285147,0.341245,0,24
1900-01-01 14:27:10.474,0.215481,0.285351,0.341245,0,24
1900-01-01 14:27:11.474,0.215854,0.28542,0.341291,0,24
1900-01-01 14:27:12.474,0.21651,0.285614,0.341061,0,24
1900-01-01 14:27:13.474,0.215801,0.283608,0.340988,0,24
1900-01-01 14:27:14.474,0.214851,0.284916,0.341015,0,24
1900-01-01 14:27:15.474,0.216253,0.286444,0.340923,0,24
1900-01-01 14:27:16.474,0.216169,0.284837,0.341043,0,24
1900-01-01 14:27:17.474,0.216316,0.285493,0.341144,0,24
1900-01-01 14:27:18.474,0.21609,0.285283,0.340878,0,24
1900-01-01 14:27:19.474,0.216384,0.284559,0.341484,0,24
1900-01-01 14:27:20.474,0.216053,0.28416,0.340868,0,24
1900-01-01 14:27:21.474,0.215539,0.284805,0.3413,0,24
1900-01-01 14:27:22.474,0.215239,0.285425,0.341052,0,24
1900-01-01 14:27:23.474,0.215964,0.286648,0.341438,0,24
1900-01-01 14:27:24.474,0.216258,0.285309,0.340997,0,24
1900-01-01 14:27:25.474,0.215014,0.284963,0.341456,0,24
1900-01-01 14:27:26.474,0.215071,0.284118,0.34085,0,24
1900-01-01 14:27:27.474,0.21568,0.285745,0.340942,0,24
1900-01-01 14:27:28.474,0.215885,0.284758,0.341364,0,24
1900-01-01 14:27:29.474,0.215439,0.285162,0.340832,0,24
1900-01-01 14:27:30.474,0.215922,0.28594,0.340804,0,24
1900-01-01 14:27:31.474,0.215827,0.284632,0.341116,0,24
1900-01-01 14:27:32.474,0.215633,0.285609,0.340969,0,24
1900-01-01 14:27:33.474,0.21652,0.286029,0.341006,0,24
1900-01-01 14:27:34.474,0.216179,0.285588,0.340767,0,24
1900-01-01 14:27:35.474,0.215875,0.285399,0.341466,0,24
1900-01-01 14:27:36.474,0.216179,0.286906,0.341328,0,24
1900-01-01 14:27:37.474,0.216505,0.286228,0.341493,0,24
1900-01-01 14:27:38.474,0.216531,0.285856,0.341778,0,24
1900-01-01 14:27:39.474,0.216557,0.285021,0.341346,0,24
1900-01-01 14:27:40.474,0.216295,0.286207,0.341355,0,24
1900-01-01 14:27:41.474,0.216657,0.285588,0.341116,0,24
1900-01-01 14:27:42.474,0.215775,0.2849,0.34108,0,24
1900-01-01 14:27:43.474,0.21557,0.28459,0.341098,0,24
1900-01-01 14:27:44.474,0.216232,0.285288,0.341401,0,24
1900-01-01 14:27:45.474,0.215943,0.284711,0.340988,0,24
1900-01-01 14:27:46.474,0.215817,0.28563,0.340988,0,24
1900-01-01 14:27:47.474,0.216961,0.285604,0.340712,0,24
1900-01-01 14:27:48.474,0.215738,0.286386,0.341043,0,24
1900-01-01 14:27:49.474,0.216337,0.285982,0.34153,0,24
1900-01-01 14:27:50.474,0.216379,0.285945,0.341245,0,24
1900-01-01 14:27:51.474,0.215833,0.284349,0.341089,0,24
1900-01-01 14:27:52.474,0.216468,0.286207,0.341116,0,24
1900-01-01 14:27:53.474,0.216037,0.286701,0.341374,0,24
1900-01-01 14:27:54.474,0.2163,0.284737,0.341254,0,24
1900-01-01 14:27:55.474,0.216284,0.28542,0.341098,0,24
1900-01-01 14:27:56.474,0.215502,0.285283,0.341217,0,24
1900-01-01 14:27:57.474,0.215728,0.284097,0.340933,0,24
1900-01-01 14:27:58.474,0.216022,0.28584,0.341319,0,24
1900-01-01 14:27:59.474,0.215686,0.285635,0.341383,0,24
1900-01-01 14:28:00.474,0.216079,0.28552,0.341208,0,24
1900-01-01 14:28:01.474,0.216247,0.285871,0.341364,0,24
1900-01-01 14:28:02.474,0.215308,0.284679,0.340988,0,24
1900-01-01 14:28:03.474,0.216095,0.285772,0.341511,0,24
1900-01-01 14:28:04.474,0.21619,0.283603,0.341227,0,24
1900-01-01 14:28:05.474,0.21556,0.284543,0.341236,0,24
1900-01-01 14:28:06.474,0.215476,0.284816,0.340914,0,24
1900-01-01 14:28:07.474,0.215901,0.284952,0.34108,0,24
1900-01-01 14:28:08.474,0.216279,0.286549,0.341273,0,24
1900-01-01 14:28:09.474,0.2161,0.285257,0.341319,0,24
1900-01-01 14:28:10.474,0.215649,0.284611,0.341401,0,24
1900-01-01 14:28:11.474,0.216058,0.285315,0.341061,0,24
1900-01-01 14:28:12.474,0.216211,0.285126,0.34108,0,24
1900-01-01 14:28:13.474,0.216174,0.284322,0.341227,0,24
1900-01-01 14:28:14.474,0.216006,0.285546,0.341456,0,24
1900-01-01 14:28:15.474,0.215791,0.285619,0.340675,0,24
1900-01-01 14:28:16.474,0.215843,0.284049,0.340951,0,24
1900-01-01 14:28:17.474,0.214945,0.28532,0.341162,0,24
1900-01-01 14:28:18.474,0.215533,0.285583,0.341429,0,24
1900-01-01 14:28:19.474,0.215518,0.285625,0.341502,0,24
1900-01-01 14:28:20.474,0.215696,0.285703,0.341548,0,24
1900-01-01 14:28:21.474,0.216142,0.285262,0.341631,0,24
1900-01-01 14:28:22.474,0.215911,0.284123,0.341677,0,24
1900-01-01 14:28:23.474,0.21588,0.28564,0.341631,0,24
1900-01-01 14:28:24.474,0.215686,0.284874,0.341116,0,24
1900-01-01 14:28:25.474,0.215476,0.283057,0.34096,0,24
1900-01-01 14:28:26.474,0.215528,0.285073,0.340685,0,24
1900-01-01 14:28:27.474,0.215675,0.285351,0.341043,0,24
1900-01-01 14:28:28.474,0.215691,0.28491,0.34107,0,24
1900-01-01 14:28:29.474,0.215932,0.285793,0.340758,0,24
1900-01-01 14:28:30.474,0.215434,0.286549,0.341172,0,24
1900-01-01 14:28:31.474,0.2163,0.284879,0.341208,0,24
1900-01-01 14:28:32.474,0.215686,0.284548,0.340988,0,24
1900-01-01 14:28:33.474,0.215659,0.285336,0.340712,0,24
1900-01-01 14:28:34.474,0.215392,0.284863,0.341273,0,24
1900-01-01 14:28:35.474,0.215554,0.284412,0.340979,0,24
1900-01-01 14:28:36.474,0.214903,0.285294,0.340887,0,24
1900-01-01 14:28:37.474,0.214961,0.284044,0.341364,0,24
1900-01-01 14:28:38.474,0.214982,0.285562,0.341116,0,24
1900-01-01 14:28:39.474,0.21567,0.286732,0.341263,0,24
1900-01-01 14:28:40.474,0.215633,0.284853,0.34096,0,24
1900-01-01 14:28:41.474,0.215381,0.284249,0.341153,0,24
1900-01-01 14:28:42.474,0.216137,0.285787,0.341089,0,24
1900-01-01 14:28:43.474,0.216767,0.286853,0.341199,0,24
1900-01-01 14:28:44.474,0.216788,0.286601,0.341631,0,24
1900-01-01 14:28:45.474,0.216888,0.287541,0.341539,0,24
1900-01-01 14:28:46.474,0.216489,0.285267,0.341447,0,24
1900-01-01 14:28:47.474,0.21609,0.285756,0.341475,0,24
1900-01-01 14:28:48.474,0.21588,0.285808,0.341612,0,24
1900-01-01 14:28:49.474,0.215659,0.283629,0.341374,0,24
1900-01-01 14:28:50.474,0.215418,0.284585,0.34119,0,24
1900-01-01 14:28:51.474,0.214693,0.285036,0.341135,0,24
1900-01-01 14:28:52.474,0.215901,0.285126,0.340868,0,24
1900-01-01 14:28:53.474,0.215392,0.285682,0.341392,0,24
1900-01-01 14:28:54.474,0.216116,0.285913,0.341502,0,24
1900-01-01 14:28:55.474,0.216027,0.285976,0.341245,0,24
1900-01-01 14:28:56.474,0.216295,0.285393,0.341355,0,24
1900-01-01 14:28:57.474,0.215392,0.284091,0.341309,0,24
1900-01-01 14:28:58.474,0.215213,0.285619,0.341043,0,24
1900-01-01 14:28:59.474,0.215985,0.286601,0.34119,0,24
1900-01-01 14:29:00.474,0.215785,0.286312,0.341456,0,24
1900-01-01 14:29:01.474,0.215507,0.2848,0.341456,0,24
1900-01-01 14:29:02.474,0.216268,0.285824,0.341172,0,24
1900-01-01 14:29:03.474,0.215701,0.285089,0.341392,0,24
1900-01-01 14:29:04.474,0.215103,0.283929,0.341594,0,24
1900-01-01 14:29:05.474,0.215544,0.284853,0.34119,0,24
1900-01-01 14:29:06.474,0.215124,0.285257,0.341217,0,24
1900-01-01 14:29:07.474,0.215266,0.285015,0.341291,0,24
1900-01-01 14:29:08.474,0.215308,0.284527,0.341493,0,24
1900-01-01 14:29:09.474,0.215281,0.284154,0.340997,0,24
1900-01-01 14:29:10.474,0.216006,0.28615,0.341144,0,24
1900-01-01 14:29:11.474,0.215533,0.285162,0.340914,0,24
1900-01-01 14:29:12.474,0.216132,0.285478,0.340574,0,24
1900-01-01 14:29:13.474,0.215444,0.28522,0.341015,0,24
1900-01-01 14:29:14.474,0.215465,0.285057,0.341245,0,24
1900-01-01 14:29:15.474,0.215313,0.285514,0.341144,0,24
1900-01-01 14:29:16.474,0.216016,0.285105,0.341484,0,24
1900-01-01 14:29:17.474,0.215176,0.283671,0.341273,0,24
1900-01-01 14:29:18.474,0.215019,0.284296,0.340804,0,24
1900-01-01 14:29:19.474,0.21451,0.284307,0.340914,0,24
1900-01-01 14:29:20.474,0.215407,0.285525,0.340804,0,24
1900-01-01 14:29:21.474,0.214489,0.284427,0.341217,0,24
1900-01-01 14:29:22.474,0.21568,0.286029,0.340758,0,24
1900-01-01 14:29:23.474,0.215959,0.286207,0.340878,0,24
1900-01-01 14:29:24.474,0.216058,0.286543,0.340859,0,24
1900-01-01 14:29:25.474,0.215854,0.28395,0.341227,0,24
1900-01-01 14:29:26.474,0.21588,0.285677,0.341355,0,24
1900-01-01 14:29:27.474,0.215224,0.283797,0.341732,0,24
1900-01-01 14:29:28.474,0.215528,0.285483,0.34119,0,24
1900-01-01 14:29:29.474,0.215817,0.284643,0.341199,0,24
1900-01-01 14:29:30.474,0.215565,0.285362,0.34107,0,24
1900-01-01 14:29:31.474,0.215817,0.286055,0.341273,0,24
1900-01-01 14:29:32.474,0.214982,0.284039,0.341585,0,24
1900-01-01 14:29:33.474,0.215056,0.284989,0.341015,0,24
1900-01-01 14:29:34.474,0.21514,0.28407,0.340868,0,24
1900-01-01 14:29:35.474,0.215024,0.283467,0.341025,0,24
1900-01-01 14:29:36.474,0.214987,0.284443,0.340896,0,24
1900-01-01 14:29:37.474,0.214268,0.283356,0.340832,0,24
1900-01-01 14:29:38.474,0.21452,0.284732,0.340804,0,24
1900-01-01 14:29:39.474,0.215864,0.285824,0.340923,0,24
1900-01-01 14:29:40.474,0.215392,0.283514,0.340694,0,24
1900-01-01 14:29:41.474,0.215339,0.285845,0.340767,0,24
1900-01-01 14:29:42.474,0.215323,0.284401,0.340813,0,24
1900-01-01 14:29:43.474,0.215077,0.284438,0.340758,0,24
1900-01-01 14:29:44.474,0.21505,0.28417,0.340712,0,24
1900-01-01 14:29:45.474,0.214909,0.284485,0.340786,0,24
1900-01-01 14:29:46.474,0.215875,0.285042,0.340611,0,24
1900-01-01 14:29:47.474,0.215161,0.283325,0.340593,0,24
1900-01-01 14:29:48.474,0.214919,0.28459,0.340786,0,24
1900-01-01 14:29:49.474,0.215113,0.283698,0.340216,0,24
1900-01-01 14:29:50.474,0.215444,0.284842,0.340675,0,24
1900-01-01 14:29:51.474,0.215943,0.286769,0.340868,0,24
1900-01-01 14:29:52.474,0.215785,0.283997,0.34074,0,24
1900-01-01 14:29:53.474,0.215113,0.28438,0.340602,0,24
1900-01-01 14:29:54.474,0.215381,0.283582,0.340629,0,24
1900-01-01 14:29:55.474,0.215927,0.284958,0.340446,0,24
1900-01-01 14:29:56.474,0.21599,0.286234,0.340685,0,24
1900-01-01 14:29:57.474,0.215392,0.283377,0.341089,0,24
1900-01-01 14:29:58.474,0.215974,0.28385,0.340776,0,24
1900-01-01 14:29:59.474,0.215155,0.284506,0.340492,0,24
1900-01-01 14:30:00.474,0.215497,0.284842,0.340758,0,24
1900-01-01 14:30:01.474,0.214998,0.283782,0.34029,0,24
1900-01-01 14:30:02.474,0.214872,0.284475,0.340437,0,24
1900-01-01 14:30:03.474,0.214825,0.283934,0.340005,0,24
1900-01-01 14:30:04.474,0.21588,0.284821,0.340143,0,24
1900-01-01 14:30:05.474,0.215213,0.282768,0.340492,0,24
1900-01-01 14:30:06.474,0.215045,0.284842,0.340602,0,24
1900-01-01 14:30:07.474,0.214468,0.283566,0.340501,0,24
1900-01-01 14:30:08.474,0.214772,0.284543,0.340115,0,24
1900-01-01 14:30:09.474,0.214893,0.284317,0.340446,0,24
1900-01-01 14:30:10.474,0.214825,0.28449,0.340345,0,24
1900-01-01 14:30:11.474,0.214851,0.284947,0.340611,0,24
1900-01-01 14:30:12.474,0.214856,0.285346,0.340868,0,24
1900-01-01 14:30:13.474,0.215544,0.284548,0.340354,0,24
1900-01-01 14:30:14.474,0.215423,0.285015,0.340547,0,24
1900-01-01 14:30:15.474,0.214961,0.284501,0.340593,0,24
1900-01-01 14:30:16.474,0.214714,0.285467,0.340501,0,24
1900-01-01 14:30:17.474,0.215318,0.285152,0.340602,0,24
1900-01-01 14:30:18.474,0.215213,0.285141,0.340786,0,24
1900-01-01 14:30:19.474,0.214693,0.284963,0.340749,0,24
1900-01-01 14:30:20.474,0.215659,0.286948,0.34074,0,24
1900-01-01 14:30:21.474,0.215539,0.286171,0.340822,0,24
1900-01-01 14:30:22.474,0.215959,0.284186,0.341208,0,24
1900-01-01 14:30:23.474,0.215581,0.285231,0.34096,0,24
1900-01-01 14:30:24.474,0.215302,0.284412,0.34107,0,24
1900-01-01 14:30:25.474,0.215008,0.283834,0.340253,0,24
1900-01-01 14:30:26.474,0.215292,0.285089,0.340032,0,24
1900-01-01 14:30:27.474,0.214662,0.283619,0.340804,0,24
1900-01-01 14:30:28.474,0.214699,0.284301,0.340556,0,24
1900-01-01 14:30:29.474,0.215586,0.285751,0.340712,0,24
1900-01-01 14:30:30.474,0.215245,0.284322,0.340565,0,24
1900-01-01 14:30:31.474,0.215145,0.285388,0.34108,0,24
1900-01-01 14:30:32.474,0.21535,0.285178,0.341217,0,24
1900-01-01 14:30:33.474,0.215218,0.285283,0.340804,0,24
1900-01-01 14:30:34.474,0.215449,0.28364,0.340758,0,24
1900-01-01 14:30:35.474,0.214646,0.283771,0.340767,0,24
1900-01-01 14:30:36.474,0.214919,0.283099,0.340528,0,24
1900-01-01 14:30:37.474,0.21442,0.282863,0.340446,0,24
1900-01-01 14:30:38.474,0.214788,0.282443,0.33994,0,24
1900-01-01 14:30:39.474,0.214562,0.283866,0.339573,0,24
1900-01-01 14:30:40.474,0.215365,0.284244,0.339968,0,24
1900-01-01 14:30:41.474,0.214777,0.284695,0.340124,0,24
1900-01-01 14:30:42.474,0.215082,0.284464,0.339913,0,24
1900-01-01 14:30:43.474,0.215103,0.28448,0.340023,0,24
1900-01-01 14:30:44.474,0.215838,0.284643,0.340152,0,24
1900-01-01 14:30:45.474,0.214998,0.283887,0.340308,0,24
1900-01-01 14:30:46.474,0.215764,0.284905,0.339913,0,24
1900-01-01 14:30:47.474,0.215092,0.284385,0.339858,0,24
1900-01-01 14:30:48.474,0.215161,0.284517,0.340097,0,24
1900-01-01 14:30:49.474,0.214242,0.283425,0.34006,0,24
1900-01-01 14:30:50.474,0.214189,0.282963,0.340115,0,24
1900-01-01 14:30:51.474,0.214394,0.282837,0.339849,0,24
1900-01-01 14:30:52.474,0.213995,0.283299,0.339766,0,24
1900-01-01 14:30:53.474,0.214825,0.282516,0.339362,0,24
1900-01-01 14:30:54.474,0.214357,0.284417,0.340032,0,24
1900-01-01 14:30:55.474,0.215318,0.284553,0.340482,0,24
1900-01-01 14:30:56.474,0.214583,0.282705,0.34006,0,24
1900-01-01 14:30:57.474,0.214457,0.284412,0.339876,0,24
1900-01-01 14:30:58.474,0.214741,0.285005,0.340005,0,24
1900-01-01 14:30:59.474,0.214494,0.284364,0.340069,0,24
1900-01-01 14:31:00.474,0.215386,0.285078,0.340161,0,24
1900-01-01 14:31:01.474,0.215392,0.284291,0.340097,0,24
1900-01-01 14:31:02.474,0.21514,0.28228,0.340418,0,24
1900-01-01 14:31:03.474,0.214347,0.282952,0.340207,0,24
1900-01-01 14:31:04.474,0.214305,0.28333,0.339692,0,24
1900-01-01 14:31:05.474,0.214783,0.283383,0.339775,0,24
1900-01-01 14:31:06.474,0.214263,0.283834,0.33961,0,24
1900-01-01 14:31:07.474,0.214289,0.283409,0.339729,0,24
1900-01-01 14:31:08.474,0.215019,0.283472,0.339683,0,24
1900-01-01 14:31:09.474,0.215371,0.283393,0.339187,0,24
1900-01-01 14:31:10.474,0.215334,0.283272,0.339435,0,24
1900-01-01 14:31:11.474,0.214735,0.283871,0.339573,0,24
1900-01-01 14:31:12.474,0.21536,0.283141,0.339463,0,24
1900-01-01 14:31:13.474,0.21556,0.284375,0.339536,0,24
1900-01-01 14:31:14.474,0.214987,0.283624,0.339959,0,24
1900-01-01 14:31:15.474,0.214646,0.284091,0.339775,0,24
1900-01-01 14:31:16.474,0.214662,0.283855,0.339692,0,24
1900-01-01 14:31:17.474,0.214882,0.284296,0.339591,0,24
1900-01-01 14:31:18.474,0.214977,0.284396,0.339885,0,24
1900-01-01 14:31:19.474,0.214541,0.283839,0.339555,0,24
1900-01-01 14:31:20.474,0.214709,0.283257,0.33961,0,24
1900-01-01 14:31:21.474,0.214945,0.283425,0.339793,0,24
1900-01-01 14:31:22.474,0.214494,0.28239,0.339812,0,24
1900-01-01 14:31:23.474,0.214368,0.283283,0.339499,0,24
1900-01-01 14:31:24.474,0.214452,0.282648,0.339803,0,24
1900-01-01 14:31:25.474,0.214751,0.283719,0.339812,0,24
1900-01-01 14:31:26.474,0.214279,0.283892,0.339996,0,24
1900-01-01 14:31:27.474,0.214394,0.283015,0.339628,0,24
1900-01-01 14:31:28.474,0.215182,0.283367,0.33961,0,24
1900-01-01 14:31:29.474,0.215108,0.283451,0.339931,0,24
1900-01-01 14:31:30.474,0.214357,0.282774,0.339711,0,24
1900-01-01 14:31:31.474,0.214562,0.28343,0.339555,0,24
1900-01-01 14:31:32.474,0.214562,0.284443,0.340069,0,24
1900-01-01 14:31:33.474,0.214678,0.284926,0.340087,0,24
1900-01-01 14:31:34.474,0.215287,0.285099,0.339757,0,24
1900-01-01 14:31:35.474,0.215255,0.284611,0.340032,0,24
1900-01-01 14:31:36.474,0.21515,0.285236,0.33995,0,24
1900-01-01 14:31:37.474,0.215077,0.284627,0.340262,0,24
1900-01-01 14:31:38.474,0.215113,0.284595,0.340666,0,24
1900-01-01 14:31:39.474,0.214867,0.284123,0.340437,0,24
1900-01-01 14:31:40.474,0.214651,0.284664,0.340648,0,24
1900-01-01 14:31:41.474,0.214935,0.284102,0.340188,0,24
1900-01-01 14:31:42.474,0.214903,0.284538,0.340455,0,24
1900-01-01 14:31:43.474,0.214725,0.284181,0.340326,0,24
1900-01-01 14:31:44.474,0.214557,0.28449,0.340547,0,24
1900-01-01 14:31:45.474,0.214819,0.284685,0.340308,0,24
1900-01-01 14:31:46.474,0.214363,0.283776,0.340455,0,24
1900-01-01 14:31:47.474,0.214672,0.285099,0.340629,0,24
1900-01-01 14:31:48.474,0.214615,0.284333,0.34029,0,24
1900-01-01 14:31:49.474,0.21504,0.283388,0.340152,0,24
1900-01-01 14:31:50.474,0.214557,0.283902,0.340106,0,24
1900-01-01 14:31:51.474,0.214457,0.283971,0.340437,0,24
1900-01-01 14:31:52.474,0.214751,0.284538,0.33994,0,24
1900-01-01 14:31:53.474,0.214604,0.284228,0.340051,0,24
1900-01-01 14:31:54.474,0.214615,0.284228,0.339702,0,24
1900-01-01 14:31:55.474,0.214546,0.285178,0.33961,0,24
1900-01-01 14:31:56.474,0.21463,0.284343,0.339619,0,24
1900-01-01 14:31:57.474,0.214888,0.284548,0.34028,0,24
1900-01-01 14:31:58.474,0.21525,0.284658,0.339885,0,24
1900-01-01 14:31:59.474,0.214751,0.283362,0.339573,0,24
1900-01-01 14:32:00.474,0.21493,0.285026,0.340326,0,24
1900-01-01 14:32:01.474,0.214783,0.284769,0.340124,0,24
1900-01-01 14:32:02.474,0.214678,0.283902,0.340381,0,24
1900-01-01 14:32:03.474,0.214284,0.284858,0.34017,0,24
1900-01-01 14:32:04.474,0.215738,0.285982,0.340492,0,24
1900-01-01 14:32:05.474,0.215182,0.284616,0.34051,0,24
1900-01-01 14:32:06.474,0.215266,0.285026,0.340859,0,24
1900-01-01 14:32:07.474,0.214489,0.28365,0.340482,0,24
1900-01-01 14:32:08.474,0.215134,0.284212,0.340538,0,24
1900-01-01 14:32:09.474,0.214951,0.283971,0.340519,0,24
1900-01-01 14:32:10.474,0.214641,0.284217,0.340087,0,24
1900-01-01 14:32:11.474,0.215581,0.285388,0.340161,0,24
1900-01-01 14:32:12.474,0.214636,0.284349,0.340216,0,24
1900-01-01 14:32:13.474,0.214898,0.285115,0.340391,0,24
1900-01-01 14:32:14.474,0.214867,0.283845,0.340381,0,24
1900-01-01 14:32:15.474,0.214846,0.284443,0.340418,0,24
1900-01-01 14:32:16.474,0.214856,0.2848,0.339977,0,24
1900-01-01 14:32:17.474,0.214431,0.285362,0.340124,0,24
1900-01-01 14:32:18.474,0.214861,0.284065,0.340721,0,24
1900-01-01 14:32:19.474,0.214777,0.285131,0.340446,0,24
1900-01-01 14:32:20.474,0.214179,0.283734,0.340069,0,24
1900-01-01 14:32:21.474,0.214683,0.283656,0.340078,0,24
1900-01-01 14:32:22.474,0.214221,0.28407,0.340023,0,24
1900-01-01 14:32:23.474,0.215533,0.285546,0.34029,0,24
1900-01-01 14:32:24.474,0.214798,0.284496,0.340482,0,24
1900-01-01 14:32:25.474,0.214215,0.283414,0.339867,0,24
1900-01-01 14:32:26.474,0.214431,0.28427,0.339931,0,24
1900-01-01 14:32:27.474,0.214515,0.284028,0.340216,0,24
1900-01-01 14:32:28.474,0.214541,0.284023,0.340143,0,24
1900-01-01 14:32:29.474,0.214368,0.283771,0.340694,0,24
1900-01-01 14:32:30.474,0.214725,0.284427,0.340657,0,24
1900-01-01 14:32:31.474,0.215213,0.284522,0.339747,0,24
1900-01-01 14:32:32.474,0.214699,0.284354,0.33994,0,24
1900-01-01 14:32:33.474,0.214683,0.285036,0.340225,0,24
1900-01-01 14:32:34.474,0.21462,0.285021,0.340078,0,24
1900-01-01 14:32:35.474,0.214573,0.284212,0.340556,0,24
1900-01-01 14:32:36.474,0.214793,0.284622,0.340253,0,24
1900-01-01 14:32:37.474,0.21462,0.285393,0.340868,0,24
1900-01-01 14:32:38.474,0.214657,0.284396,0.340519,0,24
1900-01-01 14:32:39.474,0.214746,0.283241,0.340152,0,24
1900-01-01 14:32:40.474,0.214798,0.284601,0.340666,0,24
1900-01-01 14:32:41.474,0.214951,0.285714,0.340097,0,24
1900-01-01 14:32:42.474,0.215166,0.285042,0.340473,0,24
1900-01-01 14:32:43.474,0.214258,0.284538,0.340299,0,24
1900-01-01 14:32:44.474,0.214772,0.284669,0.340473,0,24
1900-01-01 14:32:45.474,0.215103,0.285063,0.340492,0,24
1900-01-01 14:32:46.474,0.214641,0.284522,0.340143,0,24
1900-01-01 14:32:47.474,0.214762,0.283918,0.340244,0,24
1900-01-01 14:32:48.474,0.215318,0.285488,0.340528,0,24
1900-01-01 14:32:49.474,0.215119,0.28585,0.34062,0,24
1900-01-01 14:32:50.474,0.21536,0.286097,0.34074,0,24
1900-01-01 14:32:51.474,0.215008,0.284984,0.340749,0,24
1900-01-01 14:32:52.474,0.214578,0.28364,0.340299,0,24
1900-01-01 14:32:53.474,0.214604,0.285283,0.340657,0,24
1900-01-01 14:32:54.474,0.214604,0.283456,0.340822,0,24
1900-01-01 14:32:55.474,0.214426,0.284233,0.340519,0,24
1900-01-01 14:32:56.474,0.214336,0.282858,0.339986,0,24
1900-01-01 14:32:57.474,0.214846,0.286076,0.340464,0,24
1900-01-01 14:32:58.474,0.214772,0.284853,0.340354,0,24
1900-01-01 14:32:59.474,0.215182,0.286512,0.34051,0,24
1900-01-01 14:33:00.474,0.215171,0.283881,0.340152,0,24
1900-01-01 14:33:01.474,0.214237,0.285047,0.340335,0,24
1900-01-01 14:33:02.474,0.215376,0.286276,0.340786,0,24
1900-01-01 14:33:03.474,0.215323,0.286186,0.340648,0,24
1900-01-01 14:33:04.474,0.214441,0.284884,0.340703,0,24
1900-01-01 14:33:05.474,0.215623,0.285115,0.340694,0,24
1900-01-01 14:33:06.474,0.215129,0.284569,0.340685,0,24
1900-01-01 14:33:07.474,0.21504,0.28417,0.34062,0,24
1900-01-01 14:33:08.474,0.21493,0.28417,0.340473,0,24
1900-01-01 14:33:09.474,0.215161,0.284511,0.340409,0,24
1900-01-01 14:33:10.474,0.215061,0.284952,0.340225,0,24
1900-01-01 14:33:11.474,0.214898,0.284055,0.339757,0,24
1900-01-01 14:33:12.474,0.214709,0.285383,0.340253,0,24
1900-01-01 14:33:13.474,0.2139,0.283771,0.340427,0,24
1900-01-01 14:33:14.474,0.214651,0.284706,0.340547,0,24
1900-01-01 14:33:15.474,0.214993,0.284118,0.340482,0,24
1900-01-01 14:33:16.474,0.215491,0.285257,0.340446,0,24
1900-01-01 14:33:17.474,0.215119,0.286076,0.340565,0,24
1900-01-01 14:33:18.474,0.215355,0.285541,0.340363,0,24
1900-01-01 14:33:19.474,0.214804,0.285362,0.340822,0,24
1900-01-01 14:33:20.474,0.215061,0.284984,0.34096,0,24
1900-01-01 14:33:21.474,0.214189,0.284538,0.340859,0,24
1900-01-01 14:33:22.474,0.214609,0.284343,0.34085,0,24
1900-01-01 14:33:23.474,0.214846,0.285698,0.340749,0,24
1900-01-01 14:33:24.474,0.214415,0.28469,0.340538,0,24
1900-01-01 14:33:25.474,0.214767,0.28542,0.340721,0,24
1900-01-01 14:33:26.474,0.214856,0.287095,0.341006,0,24
1900-01-01 14:33:27.474,0.215497,0.284706,0.341116,0,24
1900-01-01 14:33:28.474,0.215045,0.28532,0.34107,0,24
1900-01-01 14:33:29.474,0.21441,0.284868,0.3404,0,24
1900-01-01 14:33:30.474,0.214709,0.285982,0.341346,0,24
1900-01-01 14:33:31.474,0.215423,0.284228,0.340584,0,24
1900-01-01 14:33:32.474,0.214725,0.284837,0.340547,0,24
1900-01-01 14:33:33.474,0.215045,0.286081,0.341015,0,24
1900-01-01 14:33:34.474,0.214798,0.284181,0.340437,0,24
1900-01-01 14:33:35.474,0.215061,0.285157,0.340969,0,24
1900-01-01 14:33:36.474,0.215024,0.283561,0.340501,0,24
1900-01-01 14:33:37.474,0.214047,0.285189,0.340547,0,24
1900-01-01 14:33:38.474,0.215077,0.285745,0.340538,0,24
1900-01-01 14:33:39.474,0.214693,0.284448,0.340758,0,24
1900-01-01 14:33:40.474,0.21484,0.285483,0.340841,0,24
1900-01-01 14:33:41.474,0.214767,0.285162,0.340942,0,24
1900-01-01 14:33:42.474,0.214767,0.285294,0.340482,0,24
1900-01-01 14:33:43.474,0.214835,0.284979,0.340786,0,24
1900-01-01 14:33:44.474,0.21556,0.284438,0.340574,0,24
1900-01-01 14:33:45.474,0.214993,0.28512,0.340657,0,24
1900-01-01 14:33:46.474,0.214709,0.284585,0.340547,0,24
1900-01-01 14:33:47.474,0.215612,0.284427,0.340437,0,24
1900-01-01 14:33:48.474,0.215628,0.285236,0.340887,0,24
1900-01-01 14:33:49.474,0.214567,0.284732,0.340363,0,24
1900-01-01 14:33:50.474,0.214951,0.284643,0.340446,0,24
1900-01-01 14:33:51.474,0.214562,0.283587,0.34017,0,24
1900-01-01 14:33:52.474,0.215061,0.283199,0.339849,0,24
1900-01-01 14:33:53.474,0.214352,0.284275,0.340143,0,24
1900-01-01 14:33:54.474,0.214468,0.284748,0.340198,0,24
1900-01-01 14:33:55.474,0.21442,0.284553,0.34028,0,24
1900-01-01 14:33:56.474,0.214095,0.285393,0.340437,0,24
1900-01-01 14:33:57.474,0.215003,0.283829,0.339968,0,24
1900-01-01 14:33:58.474,0.21463,0.284968,0.339803,0,24
1900-01-01 14:33:59.474,0.215008,0.284611,0.340207,0,24
1900-01-01 14:34:00.474,0.214546,0.284958,0.340308,0,24
1900-01-01 14:34:01.474,0.214641,0.284275,0.340244,0,24
1900-01-01 14:34:02.474,0.214903,0.28637,0.340409,0,24
1900-01-01 14:34:03.474,0.215712,0.284391,0.340207,0,24
1900-01-01 14:34:04.474,0.214615,0.284574,0.340335,0,24
1900-01-01 14:34:05.474,0.215124,0.284391,0.340188,0,24
1900-01-01 14:34:06.474,0.214525,0.284296,0.34028,0,24
1900-01-01 14:34:07.474,0.215155,0.285115,0.33994,0,24
1900-01-01 14:34:08.474,0.21525,0.285719,0.340078,0,24
1900-01-01 14:34:09.474,0.214888,0.284223,0.34028,0,24
1900-01-01 14:34:10.474,0.214625,0.284811,0.340409,0,24
1900-01-01 14:34:11.474,0.21473,0.284606,0.340381,0,24
1900-01-01 14:34:12.474,0.214872,0.284942,0.340188,0,24
1900-01-01 14:34:13.474,0.21505,0.28595,0.340326,0,24
1900-01-01 14:34:14.474,0.215376,0.28449,0.339986,0,24
1900-01-01 14:34:15.474,0.215187,0.285057,0.340547,0,24
1900-01-01 14:34:16.474,0.215029,0.283855,0.340161,0,24
1900-01-01 14:34:17.474,0.214998,0.285414,0.34028,0,24
1900-01-01 14:34:18.474,0.215187,0.285462,0.340519,0,24
1900-01-01 14:34:19.474,0.215077,0.286339,0.340253,0,24
1900-01-01 14:34:20.474,0.215518,0.285362,0.340556,0,24
1900-01-01 14:34:21.474,0.214872,0.28406,0.340464,0,24
1900-01-01 14:34:22.474,0.214793,0.285509,0.340446,0,24
1900-01-01 14:34:23.474,0.214966,0.285955,0.340923,0,24
1900-01-01 14:34:24.474,0.215035,0.285614,0.341025,0,24
1900-01-01 14:34:25.474,0.215103,0.285362,0.34062,0,24
1900-01-01 14:34:26.474,0.215255,0.284459,0.34062,0,24
1900-01-01 14:34:27.474,0.215176,0.286039,0.340657,0,24
1900-01-01 14:34:28.474,0.215392,0.285525,0.340841,0,24
1900-01-01 14:34:29.474,0.21462,0.283782,0.340528,0,24
1900-01-01 14:34:30.474,0.214777,0.283755,0.34074,0,24
1900-01-01 14:34:31.474,0.215108,0.284653,0.34029,0,24
1900-01-01 14:34:32.474,0.214657,0.282884,0.340207,0,24
1900-01-01 14:34:33.474,0.214814,0.284664,0.340106,0,24
1900-01-01 14:34:34.474,0.21493,0.285514,0.340372,0,24
1900-01-01 14:34:35.474,0.214462,0.284984,0.340997,0,24
1900-01-01 14:34:36.474,0.215476,0.285178,0.340161,0,24
1900-01-01 14:34:37.474,0.214426,0.285541,0.340492,0,24
1900-01-01 14:34:38.474,0.214893,0.284212,0.340611,0,24
1900-01-01 14:34:39.474,0.215082,0.285709,0.340482,0,24
1900-01-01 14:34:40.474,0.214951,0.285661,0.340547,0,24
1900-01-01 14:34:41.474,0.214982,0.285745,0.340666,0,24
1900-01-01 14:34:42.474,0.215176,0.28459,0.340473,0,24
1900-01-01 14:34:43.474,0.215329,0.28521,0.340492,0,24
1900-01-01 14:34:44.474,0.215329,0.284753,0.340685,0,24
1900-01-01 14:34:45.474,0.215003,0.285078,0.340685,0,24
1900-01-01 14:34:46.474,0.214657,0.286071,0.340565,0,24
1900-01-01 14:34:47.474,0.215113,0.286307,0.340813,0,24
1900-01-01 14:34:48.474,0.214935,0.285309,0.340712,0,24
1900-01-01 14:34:49.474,0.214924,0.285877,0.340776,0,24
1900-01-01 14:34:50.474,0.215208,0.284895,0.34074,0,24
1900-01-01 14:34:51.474,0.215507,0.285435,0.340923,0,24
1900-01-01 14:34:52.474,0.214867,0.284658,0.340878,0,24
1900-01-01 14:34:53.474,0.214583,0.285194,0.340473,0,24
1900-01-01 14:34:54.474,0.215182,0.286496,0.340942,0,24
1900-01-01 14:34:55.474,0.215308,0.284879,0.340528,0,24
1900-01-01 14:34:56.474,0.213948,0.284433,0.340547,0,24
1900-01-01 14:34:57.474,0.214788,0.285299,0.340556,0,24
1900-01-01 14:34:58.474,0.215014,0.284952,0.340758,0,24
1900-01-01 14:34:59.474,0.214693,0.286223,0.340942,0,24
1900-01-01 14:35:00.474,0.215014,0.284611,0.340795,0,24
1900-01-01 14:35:01.474,0.215313,0.284207,0.340409,0,24
1900-01-01 14:35:02.474,0.21452,0.28542,0.34017,0,24
1900-01-01 14:35:03.474,0.214993,0.285719,0.340372,0,24
1900-01-01 14:35:04.474,0.214615,0.284774,0.340216,0,24
1900-01-01 14:35:05.474,0.214772,0.284322,0.340354,0,24
1900-01-01 14:35:06.474,0.214163,0.286528,0.340528,0,24
1900-01-01 14:35:07.474,0.215029,0.28574,0.340629,0,24
1900-01-01 14:35:08.474,0.215812,0.286244,0.340519,0,24
1900-01-01 14:35:09.474,0.215171,0.283971,0.340602,0,24
1900-01-01 14:35:10.474,0.214877,0.285924,0.341429,0,24
1900-01-01 14:35:11.474,0.21504,0.285283,0.341217,0,24
1900-01-01 14:35:12.474,0.21505,0.28374,0.340685,0,24
1900-01-01 14:35:13.474,0.214809,0.285625,0.340712,0,24
1900-01-01 14:35:14.474,0.214972,0.285162,0.34085,0,24
1900-01-01 14:35:15.474,0.214877,0.284023,0.340731,0,24
1900-01-01 14:35:16.474,0.214688,0.283792,0.340188,0,24
1900-01-01 14:35:17.474,0.214751,0.283656,0.3404,0,24
1900-01-01 14:35:18.474,0.215313,0.284364,0.340198,0,24
1900-01-01 14:35:19.474,0.214321,0.284091,0.340097,0,24
1900-01-01 14:35:20.474,0.214373,0.285309,0.340124,0,24
1900-01-01 14:35:21.474,0.214363,0.284942,0.339885,0,24
1900-01-01 14:35:22.474,0.215113,0.285467,0.34006,0,24
1900-01-01 14:35:23.474,0.214777,0.285031,0.340124,0,24
1900-01-01 14:35:24.474,0.214347,0.285309,0.340758,0,24
1900-01-01 14:35:25.474,0.215098,0.285451,0.340345,0,24
1900-01-01 14:35:26.474,0.215066,0.284559,0.340051,0,24
1900-01-01 14:35:27.474,0.214945,0.284774,0.340087,0,24
1900-01-01 14:35:28.474,0.214594,0.286197,0.340115,0,24
1900-01-01 14:35:29.474,0.215365,0.285845,0.340584,0,24
1900-01-01 14:35:30.474,0.214783,0.285514,0.340611,0,24
1900-01-01 14:35:31.474,0.214809,0.284133,0.340005,0,24
1900-01-01 14:35:32.474,0.214725,0.2849,0.3404,0,24
1900-01-01 14:35:33.474,0.214462,0.285824,0.340501,0,24
1900-01-01 14:35:34.474,0.21515,0.285078,0.340574,0,24
1900-01-01 14:35:35.474,0.215649,0.285252,0.340758,0,24
1900-01-01 14:35:36.474,0.214231,0.284296,0.340767,0,24
1900-01-01 14:35:37.474,0.215019,0.284763,0.340501,0,24
1900-01-01 14:35:38.474,0.215491,0.285393,0.340492,0,24
1900-01-01 14:35:39.474,0.214615,0.283204,0.340161,0,24
1900-01-01 14:35:40.474,0.214699,0.28552,0.340051,0,24
1900-01-01 14:35:41.474,0.214672,0.285,0.339894,0,24
1900-01-01 14:35:42.474,0.214762,0.285341,0.340005,0,24
1900-01-01 14:35:43.474,0.214242,0.285745,0.340363,0,24
1900-01-01 14:35:44.474,0.214835,0.283876,0.34029,0,24
1900-01-01 14:35:45.474,0.214462,0.286008,0.340675,0,24
1900-01-01 14:35:46.474,0.215355,0.285651,0.340905,0,24
1900-01-01 14:35:47.474,0.215082,0.285094,0.340538,0,24
1900-01-01 14:35:48.474,0.214536,0.284307,0.34051,0,24
1900-01-01 14:35:49.474,0.214194,0.284637,0.339996,0,24
1900-01-01 14:35:50.474,0.214399,0.284963,0.3404,0,24
1900-01-01 14:35:51.474,0.215591,0.286417,0.340446,0,24
1900-01-01 14:35:52.474,0.214966,0.285877,0.34051,0,24
1900-01-01 14:35:53.474,0.214567,0.285966,0.340492,0,24
1900-01-01 14:35:54.474,0.214993,0.286701,0.34141,0,24
1900-01-01 14:35:55.474,0.215129,0.283535,0.340666,0,24
1900-01-01 14:35:56.474,0.214746,0.28532,0.340308,0,24
1900-01-01 14:35:57.474,0.215182,0.285698,0.3404,0,24
1900-01-01 14:35:58.474,0.214877,0.284826,0.340749,0,24
1900-01-01 14:35:59.474,0.214851,0.285204,0.340584,0,24
1900-01-01 14:36:00.474,0.214609,0.284574,0.340363,0,24
1900-01-01 14:36:01.474,0.214793,0.284889,0.340887,0,24
1900-01-01 14:36:02.474,0.214914,0.285152,0.340593,0,24
1900-01-01 14:36:03.474,0.214804,0.284842,0.340482,0,24
1900-01-01 14:36:04.474,0.214678,0.284233,0.340381,0,24
1900-01-01 14:36:05.474,0.215323,0.285514,0.339986,0,24
1900-01-01 14:36:06.474,0.214951,0.28574,0.340014,0,24
1900-01-01 14:36:07.474,0.214489,0.285246,0.340473,0,24
1900-01-01 14:36:08.474,0.214809,0.285178,0.340363,0,24
1900-01-01 14:36:09.474,0.214945,0.285751,0.340685,0,24
1900-01-01 14:36:10.474,0.214746,0.28501,0.340133,0,24
1900-01-01 14:36:11.474,0.214394,0.285099,0.340556,0,24
1900-01-01 14:36:12.474,0.214767,0.284795,0.340822,0,24
1900-01-01 14:36:13.474,0.214935,0.285246,0.340345,0,24
1900-01-01 14:36:14.474,0.215218,0.28626,0.340712,0,24
1900-01-01 14:36:15.474,0.214457,0.284706,0.340795,0,24
1900-01-01 14:36:16.474,0.21452,0.284396,0.340308,0,24
1900-01-01 14:36:17.474,0.214578,0.284307,0.339683,0,24
1900-01-01 14:36:18.474,0.213979,0.284952,0.339839,0,24
1900-01-01 14:36:19.474,0.214588,0.285703,0.339996,0,24
1900-01-01 14:36:20.474,0.214615,0.285562,0.340464,0,24
1900-01-01 14:36:21.474,0.214688,0.285262,0.340482,0,24
1900-01-01 14:36:22.474,0.214672,0.284013,0.340143,0,24
1900-01-01 14:36:23.474,0.214819,0.285262,0.339968,0,24
1900-01-01 14:36:24.474,0.215134,0.28626,0.340271,0,24
1900-01-01 14:36:25.474,0.214877,0.284396,0.34017,0,24
1900-01-01 14:36:26.474,0.214751,0.287515,0.3404,0,24
1900-01-01 14:36:27.474,0.215029,0.284905,0.340602,0,24
1900-01-01 14:36:28.474,0.214583,0.284501,0.340106,0,24
1900-01-01 14:36:29.474,0.21472,0.285703,0.340161,0,24
1900-01-01 14:36:30.474,0.21504,0.284742,0.340528,0,24
1900-01-01 14:36:31.474,0.214473,0.284905,0.340372,0,24
1900-01-01 14:36:32.474,0.214898,0.285378,0.340391,0,24
1900-01-01 14:36:33.474,0.214609,0.28553,0.340381,0,24
1900-01-01 14:36:34.474,0.214888,0.283813,0.340326,0,24
1900-01-01 14:36:35.474,0.215145,0.286349,0.340666,0,24
1900-01-01 14:36:36.474,0.215192,0.28407,0.340391,0,24
1900-01-01 14:36:37.474,0.214751,0.28428,0.340032,0,24
1900-01-01 14:36:38.474,0.214636,0.283771,0.340032,0,24
1900-01-01 14:36:39.474,0.215124,0.285015,0.339986,0,24
1900-01-01 14:36:40.474,0.214872,0.284517,0.340161,0,24
1900-01-01 14:36:41.474,0.214357,0.284748,0.340143,0,24
1900-01-01 14:36:42.474,0.214179,0.284275,0.340032,0,24
1900-01-01 14:36:43.474,0.21441,0.285031,0.340556,0,24
1900-01-01 14:36:44.474,0.214809,0.284842,0.340225,0,24
1900-01-01 14:36:45.474,0.215313,0.285845,0.340611,0,24
1900-01-01 14:36:46.474,0.214357,0.285399,0.340345,0,24
1900-01-01 14:36:47.474,0.215502,0.285042,0.340372,0,24
1900-01-01 14:36:48.474,0.214699,0.284627,0.340115,0,24
1900-01-01 14:36:49.474,0.214525,0.283157,0.339766,0,24
1900-01-01 14:36:50.474,0.214788,0.285541,0.339803,0,24
1900-01-01 14:36:51.474,0.214867,0.284742,0.340161,0,24
1900-01-01 14:36:52.474,0.214378,0.285299,0.34006,0,24
1900-01-01 14:36:53.474,0.215087,0.285976,0.340574,0,24
1900-01-01 14:36:54.474,0.215187,0.284139,0.340115,0,24
1900-01-01 14:36:55.474,0.215134,0.285693,0.339757,0,24
1900-01-01 14:36:56.474,0.214861,0.285036,0.339812,0,24
1900-01-01 14:36:57.474,0.214373,0.283624,0.340078,0,24
1900-01-01 14:36:58.474,0.214226,0.284427,0.339968,0,24
1900-01-01 14:36:59.474,0.214032,0.284406,0.340271,0,24
1900-01-01 14:37:00.474,0.214615,0.284653,0.33983,0,24
1900-01-01 14:37:01.474,0.214279,0.283929,0.339518,0,24
1900-01-01 14:37:02.474,0.213953,0.285084,0.33995,0,24
1900-01-01 14:37:03.474,0.214342,0.284217,0.340069,0,24
1900-01-01 14:37:04.474,0.214751,0.284532,0.339849,0,24
1900-01-01 14:37:05.474,0.214289,0.283398,0.339803,0,24
1900-01-01 14:37:06.474,0.214888,0.285236,0.339692,0,24
1900-01-01 14:37:07.474,0.2143,0.285136,0.340032,0,24
1900-01-01 14:37:08.474,0.214636,0.286333,0.340188,0,24
1900-01-01 14:37:09.474,0.214693,0.284359,0.340005,0,24
1900-01-01 14:37:10.474,0.214667,0.285199,0.340253,0,24
1900-01-01 14:37:11.474,0.214368,0.285147,0.340069,0,24
1900-01-01 14:37:12.474,0.214982,0.284538,0.340391,0,24
1900-01-01 14:37:13.474,0.214504,0.285005,0.339637,0,24
1900-01-01 14:37:14.474,0.214221,0.284868,0.339729,0,24
1900-01-01 14:37:15.474,0.214331,0.285745,0.340271,0,24
1900-01-01 14:37:16.474,0.214336,0.284196,0.34017,0,24
1900-01-01 14:37:17.474,0.214767,0.285273,0.340418,0,24
1900-01-01 14:37:18.474,0.214672,0.284832,0.340299,0,24
1900-01-01 14:37:19.474,0.214882,0.28522,0.340482,0,24
1900-01-01 14:37:20.474,0.214667,0.285567,0.340345,0,24
1900-01-01 14:37:21.474,0.214772,0.284994,0.340308,0,24
1900-01-01 14:37:22.474,0.214746,0.285084,0.340611,0,24
1900-01-01 14:37:23.474,0.214588,0.284207,0.339931,0,24
1900-01-01 14:37:24.474,0.214646,0.28573,0.340584,0,24
1900-01-01 14:37:25.474,0.214704,0.284338,0.340372,0,24
1900-01-01 14:37:26.474,0.214756,0.285409,0.339931,0,24
1900-01-01 14:37:27.474,0.214179,0.284259,0.340271,0,24
1900-01-01 14:37:28.474,0.215119,0.284879,0.340326,0,24
1900-01-01 14:37:29.474,0.214772,0.285372,0.34006,0,24
1900-01-01 14:37:30.474,0.214972,0.285982,0.339849,0,24
1900-01-01 14:37:31.474,0.214252,0.284658,0.33994,0,24
1900-01-01 14:37:32.474,0.215145,0.28563,0.340446,0,24
1900-01-01 14:37:33.474,0.214935,0.284784,0.33983,0,24
1900-01-01 14:37:34.474,0.214704,0.286633,0.340381,0,24
1900-01-01 14:37:35.474,0.214546,0.286228,0.340308,0,24
1900-01-01 14:37:36.474,0.21462,0.283839,0.340464,0,24
1900-01-01 14:37:37.474,0.214615,0.284758,0.340648,0,24
1900-01-01 14:37:38.474,0.215722,0.286843,0.340326,0,24
1900-01-01 14:37:39.474,0.214767,0.284727,0.340326,0,24
1900-01-01 14:37:40.474,0.214562,0.285478,0.340363,0,24
1900-01-01 14:37:41.474,0.214751,0.285798,0.340556,0,24
1900-01-01 14:37:42.474,0.21472,0.284685,0.34028,0,24
1900-01-01 14:37:43.474,0.214809,0.28491,0.340244,0,24
1900-01-01 14:37:44.474,0.214357,0.285509,0.340244,0,24
1900-01-01 14:37:45.474,0.214977,0.285162,0.340584,0,24
1900-01-01 14:37:46.474,0.214142,0.284417,0.339986,0,24
1900-01-01 14:37:47.474,0.214924,0.284973,0.34029,0,24
1900-01-01 14:37:48.474,0.214336,0.285378,0.339876,0,24
1900-01-01 14:37:49.474,0.214263,0.286596,0.340942,0,24
1900-01-01 14:37:50.474,0.215003,0.284464,0.3404,0,24
1900-01-01 14:37:51.474,0.215092,0.284622,0.34028,0,24
1900-01-01 14:37:52.474,0.214693,0.284643,0.339766,0,24
1900-01-01 14:37:53.474,0.214809,0.285677,0.339977,0,24
1900-01-01 14:37:54.474,0.214305,0.284406,0.340299,0,24
1900-01-01 14:37:55.474,0.214326,0.285572,0.340161,0,24
1900-01-01 14:37:56.474,0.214368,0.285787,0.340179,0,24
1900-01-01 14:37:57.474,0.214872,0.28552,0.339931,0,24
1900-01-01 14:37:58.474,0.214431,0.284212,0.340317,0,24
1900-01-01 14:37:59.474,0.2141,0.284952,0.340133,0,24
1900-01-01 14:38:00.474,0.214678,0.286055,0.340354,0,24
1900-01-01 14:38:01.474,0.213995,0.284244,0.339803,0,24
1900-01-01 14:38:02.474,0.214735,0.284674,0.340106,0,24
1900-01-01 14:38:03.474,0.214667,0.284732,0.339904,0,24
1900-01-01 14:38:04.474,0.214709,0.284753,0.33995,0,24
1900-01-01 14:38:05.474,0.21441,0.284805,0.340225,0,24
1900-01-01 14:38:06.474,0.214709,0.286244,0.339692,0,24
1900-01-01 14:38:07.474,0.214263,0.285562,0.340115,0,24
1900-01-01 14:38:08.474,0.214026,0.285499,0.339867,0,24
1900-01-01 14:38:09.474,0.214961,0.285803,0.340023,0,24
1900-01-01 14:38:10.474,0.214289,0.284868,0.34062,0,24
1900-01-01 14:38:11.474,0.214567,0.284916,0.340124,0,24
1900-01-01 14:38:12.474,0.214625,0.284664,0.340041,0,24
1900-01-01 14:38:13.474,0.214809,0.285961,0.340335,0,24
1900-01-01 14:38:14.474,0.214788,0.285,0.340446,0,24
1900-01-01 14:38:15.474,0.215119,0.2847,0.340427,0,24
1900-01-01 14:38:16.474,0.214399,0.2849,0.339986,0,24
1900-01-01 14:38:17.474,0.214483,0.286207,0.340115,0,24
1900-01-01 14:38:18.474,0.214515,0.285467,0.340317,0,24
1900-01-01 14:38:19.474,0.214636,0.285304,0.340574,0,24
1900-01-01 14:38:20.474,0.214746,0.284889,0.340629,0,24
1900-01-01 14:38:21.474,0.21442,0.286144,0.340299,0,24
1900-01-01 14:38:22.474,0.214814,0.284517,0.340308,0,24
1900-01-01 14:38:23.474,0.2141,0.283178,0.340216,0,24
1900-01-01 14:38:24.474,0.214441,0.285015,0.339821,0,24
1900-01-01 14:38:25.474,0.215092,0.286081,0.340097,0,24
1900-01-01 14:38:26.474,0.214662,0.286522,0.340629,0,24
1900-01-01 14:38:27.474,0.214872,0.28563,0.339913,0,24
1900-01-01 14:38:28.474,0.214462,0.285877,0.340179,0,24
1900-01-01 14:38:29.474,0.214804,0.286349,0.340391,0,24
1900-01-01 14:38:30.474,0.214814,0.285682,0.34062,0,24
1900-01-01 14:38:31.474,0.215087,0.284627,0.340639,0,24
1900-01-01 14:38:32.474,0.21535,0.285435,0.340335,0,24
1900-01-01 14:38:33.474,0.214856,0.28627,0.340299,0,24
1900-01-01 14:38:34.474,0.214945,0.286795,0.340482,0,24
1900-01-01 14:38:35.474,0.214588,0.285913,0.340473,0,24
1900-01-01 14:38:36.474,0.214993,0.284795,0.340078,0,24
1900-01-01 14:38:37.474,0.215035,0.284895,0.340234,0,24
1900-01-01 14:38:38.474,0.214373,0.285661,0.340473,0,24
1900-01-01 14:38:39.474,0.214804,0.285703,0.340446,0,24
1900-01-01 14:38:40.474,0.214809,0.286512,0.340326,0,24
1900-01-01 14:38:41.474,0.214961,0.285294,0.340418,0,24
1900-01-01 14:38:42.474,0.214294,0.286108,0.340161,0,24
1900-01-01 14:38:43.474,0.215491,0.285246,0.340299,0,24
1900-01-01 14:38:44.474,0.21484,0.285929,0.340335,0,24
1900-01-01 14:38:45.474,0.214615,0.285882,0.340547,0,24
1900-01-01 14:38:46.474,0.214604,0.284805,0.340547,0,24
1900-01-01 14:38:47.474,0.215344,0.285798,0.340143,0,24
1900-01-01 14:38:48.474,0.214252,0.285667,0.3404,0,24
1900-01-01 14:38:49.474,0.215003,0.284811,0.340354,0,24
1900-01-01 14:38:50.474,0.214331,0.286008,0.339996,0,24
1900-01-01 14:38:51.474,0.214305,0.285567,0.340161,0,24
1900-01-01 14:38:52.474,0.214363,0.285562,0.340354,0,24
1900-01-01 14:38:53.474,0.214877,0.285162,0.340528,0,24
1900-01-01 14:38:54.474,0.214258,0.285971,0.340244,0,24
1900-01-01 14:38:55.474,0.214494,0.28647,0.339885,0,24
1900-01-01 14:38:56.474,0.214662,0.286181,0.340528,0,24
1900-01-01 14:38:57.474,0.214268,0.285267,0.340455,0,24
1900-01-01 14:38:58.474,0.214767,0.28543,0.340629,0,24
1900-01-01 14:38:59.474,0.214972,0.285225,0.340446,0,24
1900-01-01 14:39:00.474,0.21472,0.286879,0.340363,0,24
1900-01-01 14:39:01.474,0.215045,0.284391,0.340492,0,24
1900-01-01 14:39:02.474,0.214872,0.285042,0.34006,0,24
1900-01-01 14:39:03.474,0.215087,0.286606,0.340363,0,24
1900-01-01 14:39:04.474,0.214646,0.287284,0.340694,0,24
1900-01-01 14:39:05.474,0.215444,0.287299,0.340308,0,24
1900-01-01 14:39:06.474,0.21504,0.284879,0.34051,0,24
1900-01-01 14:39:07.474,0.214882,0.285168,0.341116,0,24
1900-01-01 14:39:08.474,0.214835,0.285535,0.340244,0,24
1900-01-01 14:39:09.474,0.215187,0.284417,0.340584,0,24
1900-01-01 14:39:10.474,0.215134,0.285225,0.340179,0,24
1900-01-01 14:39:11.474,0.214814,0.286291,0.3404,0,24
1900-01-01 14:39:12.474,0.214924,0.285478,0.340345,0,24
1900-01-01 14:39:13.474,0.214657,0.284438,0.340648,0,24
1900-01-01 14:39:14.474,0.214772,0.284895,0.34017,0,24
1900-01-01 14:39:15.474,0.215371,0.286932,0.340161,0,24
1900-01-01 14:39:16.474,0.215056,0.285351,0.340345,0,24
1900-01-01 14:39:17.474,0.215203,0.284454,0.34017,0,24
1900-01-01 14:39:18.474,0.214531,0.284191,0.340354,0,24
1900-01-01 14:39:19.474,0.215124,0.286213,0.340326,0,24
1900-01-01 14:39:20.474,0.215024,0.285325,0.339913,0,24
1900-01-01 14:39:21.474,0.21463,0.286916,0.339849,0,24
1900-01-01 14:39:22.474,0.215234,0.286129,0.340391,0,24
1900-01-01 14:39:23.474,0.215161,0.286932,0.340446,0,24
1900-01-01 14:39:24.474,0.215528,0.286454,0.341043,0,24
1900-01-01 14:39:25.474,0.21577,0.286333,0.340878,0,24
1900-01-01 14:39:26.474,0.215539,0.285782,0.340795,0,24
1900-01-01 14:39:27.474,0.21525,0.285341,0.340418,0,24
1900-01-01 14:39:28.474,0.215428,0.284979,0.340629,0,24
1900-01-01 14:39:29.474,0.214998,0.285745,0.340437,0,24
1900-01-01 14:39:30.474,0.214756,0.284732,0.340611,0,24
1900-01-01 14:39:31.474,0.21472,0.285131,0.340437,0,24
1900-01-01 14:39:32.474,0.214772,0.286381,0.340988,0,24
1900-01-01 14:39:33.474,0.214809,0.285672,0.340639,0,24
1900-01-01 14:39:34.474,0.215371,0.286129,0.340602,0,24
1900-01-01 14:39:35.474,0.215187,0.285997,0.340381,0,24
1900-01-01 14:39:36.474,0.214394,0.285336,0.340372,0,24
1900-01-01 14:39:37.474,0.215418,0.287546,0.340629,0,24
1900-01-01 14:39:38.474,0.215281,0.287294,0.340648,0,24
1900-01-01 14:39:39.474,0.214851,0.285236,0.340951,0,24
1900-01-01 14:39:40.474,0.215129,0.284853,0.340437,0,24
1900-01-01 14:39:41.474,0.214473,0.285756,0.340749,0,24
1900-01-01 14:39:42.474,0.215171,0.285819,0.340593,0,24
1900-01-01 14:39:43.474,0.215119,0.285619,0.340776,0,24
1900-01-01 14:39:44.474,0.215155,0.285357,0.340868,0,24
1900-01-01 14:39:45.474,0.214914,0.286459,0.340749,0,24
1900-01-01 14:39:46.474,0.215077,0.285593,0.340345,0,24
1900-01-01 14:39:47.474,0.214641,0.283356,0.340143,0,24
1900-01-01 14:39:48.474,0.215145,0.286533,0.340703,0,24
1900-01-01 14:39:49.474,0.214951,0.286265,0.340409,0,24
1900-01-01 14:39:50.474,0.214825,0.285441,0.340161,0,24
1900-01-01 14:39:51.474,0.215092,0.28552,0.34051,0,24
1900-01-01 14:39:52.474,0.215271,0.286433,0.340391,0,24
1900-01-01 14:39:53.474,0.21557,0.286774,0.340786,0,24
1900-01-01 14:39:54.474,0.215497,0.285787,0.340409,0,24
1900-01-01 14:39:55.474,0.214767,0.284433,0.340455,0,24
1900-01-01 14:39:56.474,0.214861,0.284606,0.340391,0,24
1900-01-01 14:39:57.474,0.214541,0.284963,0.340317,0,24
1900-01-01 14:39:58.474,0.214184,0.28606,0.340271,0,24
1900-01-01 14:39:59.474,0.215197,0.285819,0.339555,0,24
1900-01-01 14:40:00.474,0.214562,0.285782,0.34029,0,24
1900-01-01 14:40:01.474,0.215203,0.285021,0.34051,0,24
1900-01-01 14:40:02.474,0.215103,0.284737,0.339986,0,24
1900-01-01 14:40:03.474,0.215082,0.286585,0.340143,0,24
1900-01-01 14:40:04.474,0.215234,0.285787,0.340133,0,24
1900-01-01 14:40:05.474,0.214636,0.284874,0.34029,0,24
1900-01-01 14:40:06.474,0.215187,0.286008,0.34028,0,24
1900-01-01 14:40:07.474,0.214562,0.285,0.340629,0,24
1900-01-01 14:40:08.474,0.214126,0.285378,0.34051,0,24
1900-01-01 14:40:09.474,0.214672,0.285567,0.340464,0,24
1900-01-01 14:40:10.474,0.215313,0.286564,0.340345,0,24
1900-01-01 14:40:11.474,0.215423,0.285829,0.340023,0,24
1900-01-01 14:40:12.474,0.214966,0.285966,0.340207,0,24
1900-01-01 14:40:13.474,0.214431,0.286144,0.340639,0,24
1900-01-01 14:40:14.474,0.215276,0.28574,0.340418,0,24
1900-01-01 14:40:15.474,0.214987,0.285257,0.340822,0,24
1900-01-01 14:40:16.474,0.215134,0.285147,0.3404,0,24
1900-01-01 14:40:17.474,0.215292,0.286601,0.340528,0,24
1900-01-01 14:40:18.474,0.214735,0.286617,0.340795,0,24
1900-01-01 14:40:19.474,0.21546,0.28522,0.340749,0,24
1900-01-01 14:40:20.474,0.21472,0.285336,0.340565,0,24
1900-01-01 14:40:21.474,0.21389,0.284748,0.340418,0,24
1900-01-01 14:40:22.474,0.21535,0.286239,0.340115,0,24
1900-01-01 14:40:23.474,0.214793,0.285126,0.340317,0,24
1900-01-01 14:40:24.474,0.214762,0.285577,0.3404,0,24
1900-01-01 14:40:25.474,0.214861,0.285052,0.340584,0,24
1900-01-01 14:40:26.474,0.214699,0.284322,0.340087,0,24
1900-01-01 14:40:27.474,0.215092,0.285267,0.340675,0,24
1900-01-01 14:40:28.474,0.215166,0.286092,0.340409,0,24
1900-01-01 14:40:29.474,0.214872,0.284238,0.340482,0,24
1900-01-01 14:40:30.474,0.215218,0.283834,0.339738,0,24
1900-01-01 14:40:31.474,0.21515,0.285357,0.339996,0,24
1900-01-01 14:40:32.474,0.214998,0.286475,0.339959,0,24
1900-01-01 14:40:33.474,0.215281,0.283225,0.340115,0,24
1900-01-01 14:40:34.474,0.215003,0.286701,0.340097,0,24
1900-01-01 14:40:35.474,0.215035,0.285393,0.339849,0,24
1900-01-01 14:40:36.474,0.214809,0.284322,0.339738,0,24
1900-01-01 14:40:37.474,0.214819,0.284763,0.339444,0,24
1900-01-01 14:40:38.474,0.214588,0.285304,0.339904,0,24
1900-01-01 14:40:39.474,0.215119,0.285372,0.339702,0,24
1900-01-01 14:40:40.474,0.215675,0.286648,0.340069,0,24
1900-01-01 14:40:41.474,0.214478,0.285924,0.340464,0,24
1900-01-01 14:40:42.474,0.215255,0.286554,0.340749,0,24
1900-01-01 14:40:43.474,0.215171,0.285294,0.340124,0,24
1900-01-01 14:40:44.474,0.215255,0.286417,0.340253,0,24
1900-01-01 14:40:45.474,0.214741,0.285325,0.340271,0,24
1900-01-01 14:40:46.474,0.215413,0.285656,0.34017,0,24
1900-01-01 14:40:47.474,0.215313,0.284522,0.340087,0,24
1900-01-01 14:40:48.474,0.215607,0.285903,0.340097,0,24
1900-01-01 14:40:49.474,0.215544,0.286097,0.340299,0,24
1900-01-01 14:40:50.474,0.215035,0.285903,0.340225,0,24
1900-01-01 14:40:51.474,0.214903,0.285273,0.34028,0,24
1900-01-01 14:40:52.474,0.214993,0.284847,0.340492,0,24
1900-01-01 14:40:53.474,0.214867,0.286848,0.340363,0,24
1900-01-01 14:40:54.474,0.21556,0.286055,0.340657,0,24
1900-01-01 14:40:55.474,0.215434,0.286223,0.340574,0,24
1900-01-01 14:40:56.474,0.215187,0.285824,0.340584,0,24
1900-01-01 14:40:57.474,0.214898,0.285099,0.340565,0,24
1900-01-01 14:40:58.474,0.215213,0.285572,0.34062,0,24
1900-01-01 14:40:59.474,0.214956,0.285919,0.340804,0,24
1900-01-01 14:41:00.474,0.215392,0.287121,0.34062,0,24
1900-01-01 14:41:01.474,0.215638,0.286108,0.340914,0,24
1900-01-01 14:41:02.474,0.215602,0.285625,0.340804,0,24
1900-01-01 14:41:03.474,0.215413,0.285194,0.34062,0,24
1900-01-01 14:41:04.474,0.215029,0.284863,0.340675,0,24
1900-01-01 14:41:05.474,0.214793,0.284889,0.340721,0,24
1900-01-01 14:41:06.474,0.21535,0.285808,0.340547,0,24
1900-01-01 14:41:07.474,0.214783,0.285215,0.3404,0,24
1900-01-01 14:41:08.474,0.21484,0.285882,0.340437,0,24
1900-01-01 14:41:09.474,0.214798,0.286759,0.340207,0,24
1900-01-01 14:41:10.474,0.214504,0.284937,0.340758,0,24
1900-01-01 14:41:11.474,0.214877,0.285414,0.340372,0,24
1900-01-01 14:41:12.474,0.215329,0.286727,0.340841,0,24
1900-01-01 14:41:13.474,0.215192,0.284952,0.340418,0,24
1900-01-01 14:41:14.474,0.214588,0.285567,0.340032,0,24
1900-01-01 14:41:15.474,0.21515,0.285131,0.340427,0,24
1900-01-01 14:41:16.474,0.214945,0.28521,0.34017,0,24
1900-01-01 14:41:17.474,0.21462,0.284784,0.340556,0,24
1900-01-01 14:41:18.474,0.214903,0.284018,0.339747,0,24
1900-01-01 14:41:19.474,0.215129,0.285714,0.340437,0,24
1900-01-01 14:41:20.474,0.215213,0.286354,0.339959,0,24
1900-01-01 14:41:21.474,0.215533,0.28699,0.340143,0,24
1900-01-01 14:41:22.474,0.214636,0.285525,0.339894,0,24
1900-01-01 14:41:23.474,0.215271,0.284695,0.340234,0,24
1900-01-01 14:41:24.474,0.215187,0.286748,0.340234,0,24
1900-01-01 14:41:25.474,0.214861,0.285619,0.340648,0,24
1900-01-01 14:41:26.474,0.214909,0.285005,0.340446,0,24
1900-01-01 14:41:27.474,0.214625,0.284868,0.340335,0,24
1900-01-01 14:41:28.474,0.215192,0.28553,0.34029,0,24
1900-01-01 14:41:29.474,0.214751,0.28532,0.340354,0,24
1900-01-01 14:41:30.474,0.214882,0.284947,0.340014,0,24
1900-01-01 14:41:31.474,0.214489,0.285793,0.340299,0,24
1900-01-01 14:41:32.474,0.214919,0.285898,0.340593,0,24
1900-01-01 14:41:33.474,0.214552,0.28512,0.340354,0,24
1900-01-01 14:41:34.474,0.21514,0.285845,0.340087,0,24
1900-01-01 14:41:35.474,0.214809,0.285856,0.340124,0,24
1900-01-01 14:41:36.474,0.214877,0.284895,0.339821,0,24
1900-01-01 14:41:37.474,0.214704,0.286496,0.340574,0,24
1900-01-01 14:41:38.474,0.215334,0.286822,0.340427,0,24
1900-01-01 14:41:39.474,0.214683,0.285099,0.340188,0,24
1900-01-01 14:41:40.474,0.215155,0.285567,0.340143,0,24
1900-01-01 14:41:41.474,0.214657,0.286013,0.340253,0,24
1900-01-01 14:41:42.474,0.214431,0.285824,0.340308,0,24
1900-01-01 14:41:43.474,0.215203,0.285798,0.340216,0,24
1900-01-01 14:41:44.474,0.214567,0.285735,0.340087,0,24
1900-01-01 14:41:45.474,0.215465,0.28521,0.340133,0,24
1900-01-01 14:41:46.474,0.214877,0.28532,0.340519,0,24
1900-01-01 14:41:47.474,0.215087,0.285309,0.340455,0,24
1900-01-01 14:41:48.474,0.215234,0.28501,0.340528,0,24
1900-01-01 14:41:49.474,0.214672,0.2847,0.339821,0,24
1900-01-01 14:41:50.474,0.214741,0.284947,0.339931,0,24
1900-01-01 14:41:51.474,0.215029,0.28564,0.339977,0,24
1900-01-01 14:41:52.474,0.214405,0.28585,0.340041,0,24
1900-01-01 14:41:53.474,0.215386,0.286522,0.340225,0,24
1900-01-01 14:41:54.474,0.214368,0.285346,0.340207,0,24
1900-01-01 14:41:55.474,0.214919,0.285467,0.340721,0,24
1900-01-01 14:41:56.474,0.215045,0.285199,0.340758,0,24
1900-01-01 14:41:57.474,0.21547,0.28605,0.340482,0,24
1900-01-01 14:41:58.474,0.215302,0.285372,0.340501,0,24
1900-01-01 14:41:59.474,0.214583,0.28605,0.340629,0,24
1900-01-01 14:42:00.474,0.214147,0.285661,0.340437,0,24
1900-01-01 14:42:01.474,0.214504,0.285861,0.340381,0,24
1900-01-01 14:42:02.474,0.214473,0.284895,0.34051,0,24
1900-01-01 14:42:03.474,0.214363,0.285556,0.340216,0,24
1900-01-01 14:42:04.474,0.215108,0.287042,0.340841,0,24
1900-01-01 14:42:05.474,0.214861,0.286533,0.341025,0,24
1900-01-01 14:42:06.474,0.215297,0.285099,0.340822,0,24
1900-01-01 14:42:07.474,0.214793,0.285383,0.340933,0,24
1900-01-01 14:42:08.474,0.21515,0.285535,0.340464,0,24
1900-01-01 14:42:09.474,0.214042,0.285099,0.340547,0,24
1900-01-01 14:42:10.474,0.214279,0.283845,0.340473,0,24
1900-01-01 14:42:11.474,0.215129,0.285955,0.340409,0,24
1900-01-01 14:42:12.474,0.214662,0.28511,0.340657,0,24
1900-01-01 14:42:13.474,0.214494,0.284643,0.340207,0,24
1900-01-01 14:42:14.474,0.215281,0.284984,0.339959,0,24
1900-01-01 14:42:15.474,0.215014,0.285756,0.339839,0,24
1900-01-01 14:42:16.474,0.214431,0.285682,0.340492,0,24
1900-01-01 14:42:17.474,0.214636,0.285493,0.339959,0,24
1900-01-01 14:42:18.474,0.214599,0.284842,0.340179,0,24
1900-01-01 14:42:19.474,0.214767,0.284753,0.340317,0,24
1900-01-01 14:42:20.474,0.214426,0.286816,0.340299,0,24
1900-01-01 14:42:21.474,0.214683,0.284532,0.340565,0,24
1900-01-01 14:42:22.474,0.214662,0.284028,0.339839,0,24
1900-01-01 14:42:23.474,0.214604,0.285604,0.34017,0,24
1900-01-01 14:42:24.474,0.214478,0.284905,0.340179,0,24
1900-01-01 14:42:25.474,0.214588,0.284102,0.340354,0,24
1900-01-01 14:42:26.474,0.214977,0.28532,0.339867,0,24
1900-01-01 14:42:27.474,0.21442,0.284821,0.340198,0,24
1900-01-01 14:42:28.474,0.214184,0.285288,0.340143,0,24
1900-01-01 14:42:29.474,0.21484,0.286034,0.340087,0,24
1900-01-01 14:42:30.474,0.214011,0.28491,0.339959,0,24
1900-01-01 14:42:31.474,0.214231,0.284711,0.340005,0,24
1900-01-01 14:42:32.474,0.214746,0.284527,0.340097,0,24
1900-01-01 14:42:33.474,0.214042,0.285472,0.340124,0,24
1900-01-01 14:42:34.474,0.215449,0.28553,0.340271,0,24
1900-01-01 14:42:35.474,0.21494,0.284695,0.339913,0,24
1900-01-01 14:42:36.474,0.214546,0.284454,0.340363,0,24
1900-01-01 14:42:37.474,0.214347,0.285703,0.340253,0,24
1900-01-01 14:42:38.474,0.21483,0.284548,0.339757,0,24
1900-01-01 14:42:39.474,0.215229,0.286706,0.339656,0,24
1900-01-01 14:42:40.474,0.21504,0.285126,0.339904,0,24
1900-01-01 14:42:41.474,0.215166,0.286349,0.340271,0,24
1900-01-01 14:42:42.474,0.215187,0.284154,0.339858,0,24
1900-01-01 14:42:43.474,0.215197,0.285609,0.340032,0,24
1900-01-01 14:42:44.474,0.215297,0.284611,0.340198,0,24
1900-01-01 14:42:45.474,0.214872,0.285141,0.339702,0,24
1900-01-01 14:42:46.474,0.214662,0.285068,0.339894,0,24
1900-01-01 14:42:47.474,0.21483,0.286202,0.340161,0,24
1900-01-01 14:42:48.474,0.215161,0.285924,0.340216,0,24
1900-01-01 14:42:49.474,0.215014,0.284963,0.339481,0,24
1900-01-01 14:42:50.474,0.215145,0.285698,0.339977,0,24
1900-01-01 14:42:51.474,0.215575,0.285656,0.339996,0,24
1900-01-01 14:42:52.474,0.214452,0.284795,0.340253,0,24
1900-01-01 14:42:53.474,0.214893,0.283997,0.340391,0,24
1900-01-01 14:42:54.474,0.21493,0.285241,0.339931,0,24
1900-01-01 14:42:55.474,0.215507,0.287005,0.339996,0,24
1900-01-01 14:42:56.474,0.215481,0.28553,0.340179,0,24
1900-01-01 14:42:57.474,0.214993,0.285015,0.339931,0,24
1900-01-01 14:42:58.474,0.215056,0.284648,0.340078,0,24
1900-01-01 14:42:59.474,0.215087,0.284506,0.339904,0,24
1900-01-01 14:43:00.474,0.215418,0.286223,0.340234,0,24
1900-01-01 14:43:01.474,0.214772,0.284522,0.34006,0,24
1900-01-01 14:43:02.474,0.215145,0.285955,0.339775,0,24
1900-01-01 14:43:03.474,0.21473,0.285393,0.339977,0,24
1900-01-01 14:43:04.474,0.21484,0.284994,0.3404,0,24
1900-01-01 14:43:05.474,0.214515,0.285609,0.339968,0,24
1900-01-01 14:43:06.474,0.215444,0.286192,0.33994,0,24
1900-01-01 14:43:07.474,0.214914,0.285315,0.340547,0,24
1900-01-01 14:43:08.474,0.215045,0.285934,0.340005,0,24
1900-01-01 14:43:09.474,0.215539,0.285756,0.340326,0,24
1900-01-01 14:43:10.474,0.215024,0.285068,0.34017,0,24
1900-01-01 14:43:11.474,0.214515,0.284758,0.339839,0,24
1900-01-01 14:43:12.474,0.214919,0.286706,0.339839,0,24
1900-01-01 14:43:13.474,0.215848,0.285341,0.34006,0,24
1900-01-01 14:43:14.474,0.215355,0.284349,0.339996,0,24
1900-01-01 14:43:15.474,0.215623,0.286024,0.340437,0,24
1900-01-01 14:43:16.474,0.214914,0.28479,0.340225,0,24
1900-01-01 14:43:17.474,0.21431,0.28479,0.339968,0,24
1900-01-01 14:43:18.474,0.214289,0.284637,0.339996,0,24
1900-01-01 14:43:19.474,0.214331,0.283986,0.33983,0,24
1900-01-01 14:43:20.474,0.214888,0.286375,0.340464,0,24
1900-01-01 14:43:21.474,0.215507,0.284989,0.34029,0,24
1900-01-01 14:43:22.474,0.214798,0.285351,0.339821,0,24
1900-01-01 14:43:23.474,0.214489,0.286039,0.340198,0,24
1900-01-01 14:43:24.474,0.214368,0.285808,0.340473,0,24
1900-01-01 14:43:25.474,0.214415,0.284616,0.340198,0,24
1900-01-01 14:43:26.474,0.215124,0.284401,0.340207,0,24
1900-01-01 14:43:27.474,0.214667,0.285362,0.339977,0,24
1900-01-01 14:43:28.474,0.214583,0.285073,0.33994,0,24
1900-01-01 14:43:29.474,0.214378,0.285635,0.340234,0,24
1900-01-01 14:43:30.474,0.21494,0.285724,0.340207,0,24
1900-01-01 14:43:31.474,0.215113,0.285903,0.34029,0,24
1900-01-01 14:43:32.474,0.215633,0.28648,0.340262,0,24
1900-01-01 14:43:33.474,0.214893,0.286307,0.340565,0,24
1900-01-01 14:43:34.474,0.215113,0.285882,0.340354,0,24
1900-01-01 14:43:35.474,0.214882,0.285656,0.340372,0,24
1900-01-01 14:43:36.474,0.215098,0.284055,0.340391,0,24
1900-01-01 14:43:37.474,0.214751,0.285336,0.3404,0,24
1900-01-01 14:43:38.474,0.214415,0.285409,0.340345,0,24
1900-01-01 14:43:39.474,0.214945,0.284422,0.34028,0,24
1900-01-01 14:43:40.474,0.214415,0.285294,0.340501,0,24
1900-01-01 14:43:41.474,0.215245,0.284627,0.340051,0,24
1900-01-01 14:43:42.474,0.215481,0.28552,0.34028,0,24
1900-01-01 14:43:43.474,0.215082,0.284816,0.339913,0,24
1900-01-01 14:43:44.474,0.214956,0.286171,0.33972,0,24
1900-01-01 14:43:45.474,0.215166,0.285572,0.339996,0,24
1900-01-01 14:43:46.474,0.214489,0.285441,0.33972,0,24
1900-01-01 14:43:47.474,0.214625,0.285619,0.339959,0,24
1900-01-01 14:43:48.474,0.214772,0.284721,0.340299,0,24
1900-01-01 14:43:49.474,0.215061,0.285204,0.340381,0,24
1900-01-01 14:43:50.474,0.214809,0.28594,0.340749,0,24
1900-01-01 14:43:51.474,0.215029,0.284742,0.340482,0,24
1900-01-01 14:43:52.474,0.215287,0.286412,0.340519,0,24
1900-01-01 14:43:53.474,0.214289,0.285877,0.340363,0,24
1900-01-01 14:43:54.474,0.214378,0.285084,0.340455,0,24
1900-01-01 14:43:55.474,0.214678,0.286228,0.340464,0,24
1900-01-01 14:43:56.474,0.215266,0.285246,0.3404,0,24
1900-01-01 14:43:57.474,0.215434,0.285619,0.340143,0,24
1900-01-01 14:43:58.474,0.214793,0.285152,0.340299,0,24
1900-01-01 14:43:59.474,0.214678,0.284669,0.34017,0,24
1900-01-01 14:44:00.474,0.21505,0.28615,0.340326,0,24
1900-01-01 14:44:01.474,0.214877,0.286092,0.340097,0,24
1900-01-01 14:44:02.474,0.215255,0.28595,0.340317,0,24
1900-01-01 14:44:03.474,0.214982,0.284774,0.340115,0,24
1900-01-01 14:44:04.474,0.214767,0.285063,0.340244,0,24
1900-01-01 14:44:05.474,0.215071,0.284737,0.340391,0,24
1900-01-01 14:44:06.474,0.214888,0.286522,0.340005,0,24
1900-01-01 14:44:07.474,0.215066,0.285267,0.340437,0,24
1900-01-01 14:44:08.474,0.21514,0.284259,0.340216,0,24
1900-01-01 14:44:09.474,0.214846,0.286349,0.339913,0,24
1900-01-01 14:44:10.474,0.214903,0.286113,0.340179,0,24
1900-01-01 14:44:11.474,0.21536,0.284175,0.340372,0,24
1900-01-01 14:44:12.474,0.214825,0.283824,0.340152,0,24
1900-01-01 14:44:13.474,0.214294,0.285882,0.339849,0,24
1900-01-01 14:44:14.474,0.21505,0.285635,0.340556,0,24
1900-01-01 14:44:15.474,0.21526,0.285987,0.340391,0,24
1900-01-01 14:44:16.474,0.215176,0.285546,0.340538,0,24
1900-01-01 14:44:17.474,0.214772,0.286659,0.340538,0,24
1900-01-01 14:44:18.474,0.21451,0.286864,0.340675,0,24
1900-01-01 14:44:19.474,0.215229,0.286449,0.340345,0,24
1900-01-01 14:44:20.474,0.215507,0.285141,0.340648,0,24
1900-01-01 14:44:21.474,0.215665,0.285241,0.340299,0,24
1900-01-01 14:44:22.474,0.21493,0.286585,0.34028,0,24
1900-01-01 14:44:23.474,0.214882,0.286029,0.340685,0,24
1900-01-01 14:44:24.474,0.215092,0.285435,0.340593,0,24
1900-01-01 14:44:25.474,0.215176,0.284669,0.340418,0,24
1900-01-01 14:44:26.474,0.21462,0.286895,0.340326,0,24
1900-01-01 14:44:27.474,0.215533,0.285772,0.34062,0,24
1900-01-01 14:44:28.474,0.216279,0.285315,0.340611,0,24
1900-01-01 14:44:29.474,0.215245,0.285871,0.34074,0,24
1900-01-01 14:44:30.474,0.214945,0.28521,0.340354,0,24
1900-01-01 14:44:31.474,0.214924,0.285304,0.340473,0,24
1900-01-01 14:44:32.474,0.214699,0.284884,0.340482,0,24
1900-01-01 14:44:33.474,0.214336,0.284737,0.340216,0,24
1900-01-01 14:44:34.474,0.215161,0.285509,0.340234,0,24
1900-01-01 14:44:35.474,0.215066,0.285299,0.340014,0,24
1900-01-01 14:44:36.474,0.215386,0.286816,0.340023,0,24
1900-01-01 14:44:37.474,0.215224,0.285724,0.340923,0,24
1900-01-01 14:44:38.474,0.215812,0.285225,0.340437,0,24
1900-01-01 14:44:39.474,0.214609,0.286801,0.340188,0,24
1900-01-01 14:44:40.474,0.215287,0.285372,0.340446,0,24
1900-01-01 14:44:41.474,0.215392,0.285288,0.340253,0,24
1900-01-01 14:44:42.474,0.21535,0.285814,0.340409,0,24
1900-01-01 14:44:43.474,0.215035,0.284973,0.340482,0,24
1900-01-01 14:44:44.474,0.214699,0.284979,0.340381,0,24
1900-01-01 14:44:45.474,0.214305,0.284727,0.339858,0,24
1900-01-01 14:44:46.474,0.215071,0.285887,0.339894,0,24
1900-01-01 14:44:47.474,0.215292,0.285084,0.340253,0,24
1900-01-01 14:44:48.474,0.215386,0.285231,0.340381,0,24
1900-01-01 14:44:49.474,0.215224,0.28543,0.340593,0,24
1900-01-01 14:44:50.474,0.214588,0.285614,0.340354,0,24
1900-01-01 14:44:51.474,0.215014,0.286407,0.340703,0,24
1900-01-01 14:44:52.474,0.21557,0.286806,0.3404,0,24
1900-01-01 14:44:53.474,0.215334,0.286648,0.340795,0,24
1900-01-01 14:44:54.474,0.215208,0.286895,0.340593,0,24
1900-01-01 14:44:55.474,0.215313,0.28626,0.340988,0,24
1900-01-01 14:44:56.474,0.214562,0.285588,0.340795,0,24
1900-01-01 14:44:57.474,0.215313,0.286543,0.341107,0,24
1900-01-01 14:44:58.474,0.214798,0.285567,0.340914,0,24
1900-01-01 14:44:59.474,0.214972,0.285583,0.340427,0,24
1900-01-01 14:45:00.474,0.215287,0.285488,0.340584,0,24
1900-01-01 14:45:01.474,0.214819,0.28606,0.340446,0,24
1900-01-01 14:45:02.474,0.215019,0.287966,0.341135,0,24
1900-01-01 14:45:03.474,0.215297,0.286218,0.341116,0,24
1900-01-01 14:45:04.474,0.214709,0.284769,0.341043,0,24
1900-01-01 14:45:05.474,0.215434,0.286958,0.340482,0,24
1900-01-01 14:45:06.474,0.214447,0.284333,0.341153,0,24
1900-01-01 14:45:07.474,0.215287,0.285257,0.341034,0,24
1900-01-01 14:45:08.474,0.214751,0.284658,0.340629,0,24
1900-01-01 14:45:09.474,0.215008,0.28533,0.340188,0,24
1900-01-01 14:45:10.474,0.215539,0.287173,0.340565,0,24
1900-01-01 14:45:11.474,0.215203,0.286318,0.340878,0,24
1900-01-01 14:45:12.474,0.215019,0.284842,0.340629,0,24
1900-01-01 14:45:13.474,0.214588,0.285982,0.340482,0,24
1900-01-01 14:45:14.474,0.214405,0.284821,0.340501,0,24
1900-01-01 14:45:15.474,0.215113,0.285572,0.340832,0,24
1900-01-01 14:45:16.474,0.215423,0.287425,0.340795,0,24
1900-01-01 14:45:17.474,0.215449,0.284632,0.340326,0,24
1900-01-01 14:45:18.474,0.214772,0.285735,0.340207,0,24
1900-01-01 14:45:19.474,0.214735,0.284632,0.340253,0,24
1900-01-01 14:45:20.474,0.214478,0.285814,0.340611,0,24
1900-01-01 14:45:21.474,0.215056,0.285961,0.340253,0,24
1900-01-01 14:45:22.474,0.215229,0.285063,0.340041,0,24
1900-01-01 14:45:23.474,0.215733,0.285435,0.340409,0,24
1900-01-01 14:45:24.474,0.215449,0.28564,0.340244,0,24
1900-01-01 14:45:25.474,0.21451,0.284758,0.340262,0,24
1900-01-01 14:45:26.474,0.214305,0.28543,0.340363,0,24
1900-01-01 14:45:27.474,0.214221,0.285861,0.340299,0,24
1900-01-01 14:45:28.474,0.215465,0.285052,0.340933,0,24
1900-01-01 14:45:29.474,0.214578,0.286102,0.340464,0,24
1900-01-01 14:45:30.474,0.214961,0.286328,0.340547,0,24
1900-01-01 14:45:31.474,0.214347,0.285414,0.340832,0,24
1900-01-01 14:45:32.474,0.215266,0.2849,0.340528,0,24
1900-01-01 14:45:33.474,0.214751,0.286281,0.340593,0,24
1900-01-01 14:45:34.474,0.215087,0.287037,0.34108,0,24
1900-01-01 14:45:35.474,0.214856,0.284154,0.340896,0,24
1900-01-01 14:45:36.474,0.214903,0.284952,0.340538,0,24
1900-01-01 14:45:37.474,0.214436,0.284464,0.340391,0,24
1900-01-01 14:45:38.474,0.215549,0.285178,0.340014,0,24
1900-01-01 14:45:39.474,0.214552,0.286155,0.340841,0,24
1900-01-01 14:45:40.474,0.214609,0.28512,0.3404,0,24
1900-01-01 14:45:41.474,0.214961,0.285136,0.34029,0,24
1900-01-01 14:45:42.474,0.214741,0.285005,0.340602,0,24
1900-01-01 14:45:43.474,0.214767,0.284721,0.340198,0,24
1900-01-01 14:45:44.474,0.214557,0.28512,0.339867,0,24
1900-01-01 14:45:45.474,0.215176,0.286181,0.340473,0,24
1900-01-01 14:45:46.474,0.214903,0.285761,0.340326,0,24
1900-01-01 14:45:47.474,0.215129,0.285698,0.340299,0,24
1900-01-01 14:45:48.474,0.214678,0.285814,0.340326,0,24
1900-01-01 14:45:49.474,0.214657,0.285099,0.340372,0,24
1900-01-01 14:45:50.474,0.214578,0.286449,0.340372,0,24
1900-01-01 14:45:51.474,0.214804,0.286113,0.340565,0,24
1900-01-01 14:45:52.474,0.215381,0.285961,0.340317,0,24
1900-01-01 14:45:53.474,0.214945,0.286286,0.340381,0,24
1900-01-01 14:45:54.474,0.214615,0.283755,0.340317,0,24
1900-01-01 14:45:55.474,0.214667,0.285955,0.34006,0,24
1900-01-01 14:45:56.474,0.214294,0.285887,0.340528,0,24
1900-01-01 14:45:57.474,0.215171,0.285178,0.340106,0,24
1900-01-01 14:45:58.474,0.214636,0.284154,0.340813,0,24
1900-01-01 14:45:59.474,0.215113,0.285551,0.34062,0,24
1900-01-01 14:46:00.474,0.215208,0.284832,0.340528,0,24
1900-01-01 14:46:01.474,0.215224,0.286486,0.339996,0,24
1900-01-01 14:46:02.474,0.215318,0.284958,0.339913,0,24
1900-01-01 14:46:03.474,0.215218,0.285598,0.340087,0,24
1900-01-01 14:46:04.474,0.215098,0.286391,0.34006,0,24
1900-01-01 14:46:05.474,0.214966,0.286869,0.34062,0,24
1900-01-01 14:46:06.474,0.21451,0.28407,0.340381,0,24
1900-01-01 14:46:07.474,0.215344,0.286585,0.340363,0,24
1900-01-01 14:46:08.474,0.21535,0.285472,0.340574,0,24
1900-01-01 14:46:09.474,0.214888,0.285026,0.340492,0,24
1900-01-01 14:46:10.474,0.215035,0.286538,0.340602,0,24
1900-01-01 14:46:11.474,0.215376,0.285514,0.340703,0,24
1900-01-01 14:46:12.474,0.215197,0.284622,0.340547,0,24
1900-01-01 14:46:13.474,0.215119,0.286496,0.340363,0,24
1900-01-01 14:46:14.474,0.21493,0.285955,0.340437,0,24
1900-01-01 14:46:15.474,0.21536,0.285346,0.340234,0,24
1900-01-01 14:46:16.474,0.214284,0.285141,0.340225,0,24
1900-01-01 14:46:17.474,0.214462,0.28501,0.340198,0,24
1900-01-01 14:46:18.474,0.214809,0.286554,0.340179,0,24
1900-01-01 14:46:19.474,0.214536,0.284937,0.340565,0,24
1900-01-01 14:46:20.474,0.21473,0.285178,0.340143,0,24
1900-01-01 14:46:21.474,0.21473,0.285724,0.340437,0,24
1900-01-01 14:46:22.474,0.214809,0.285845,0.340611,0,24
1900-01-01 14:46:23.474,0.214909,0.283818,0.340198,0,24
1900-01-01 14:46:24.474,0.21463,0.285136,0.340234,0,24
1900-01-01 14:46:25.474,0.214578,0.285541,0.340547,0,24
1900-01-01 14:46:26.474,0.214536,0.285399,0.340234,0,24
1900-01-01 14:46:27.474,0.215103,0.285803,0.340556,0,24
1900-01-01 14:46:28.474,0.215491,0.285546,0.340308,0,24
1900-01-01 14:46:29.474,0.214951,0.286039,0.340593,0,24
1900-01-01 14:46:30.474,0.215003,0.284511,0.3404,0,24
1900-01-01 14:46:31.474,0.214688,0.284364,0.340335,0,24
1900-01-01 14:46:32.474,0.214641,0.284968,0.340005,0,24
1900-01-01 14:46:33.474,0.215255,0.285414,0.33972,0,24
1900-01-01 14:46:34.474,0.214594,0.285383,0.339876,0,24
1900-01-01 14:46:35.474,0.21462,0.284784,0.340161,0,24
1900-01-01 14:46:36.474,0.214751,0.284958,0.340115,0,24
1900-01-01 14:46:37.474,0.214725,0.285693,0.339931,0,24
1900-01-01 14:46:38.474,0.214924,0.286029,0.34006,0,24
1900-01-01 14:46:39.474,0.214835,0.285273,0.340023,0,24
1900-01-01 14:46:40.474,0.214247,0.285945,0.34006,0,24
1900-01-01 14:46:41.474,0.214872,0.28543,0.340087,0,24
1900-01-01 14:46:42.474,0.214709,0.285682,0.340446,0,24
1900-01-01 14:46:43.474,0.214457,0.285404,0.340455,0,24
1900-01-01 14:46:44.474,0.214683,0.287284,0.340822,0,24
1900-01-01 14:46:45.474,0.215476,0.286333,0.340675,0,24
1900-01-01 14:46:46.474,0.214861,0.286123,0.340188,0,24
1900-01-01 14:46:47.474,0.214741,0.285562,0.340584,0,24
1900-01-01 14:46:48.474,0.215581,0.286076,0.340391,0,24
1900-01-01 14:46:49.474,0.215113,0.284254,0.340427,0,24
1900-01-01 14:46:50.474,0.214903,0.285084,0.340345,0,24
1900-01-01 14:46:51.474,0.214489,0.285152,0.340372,0,24
1900-01-01 14:46:52.474,0.215287,0.286391,0.340106,0,24
1900-01-01 14:46:53.474,0.214347,0.284275,0.340179,0,24
1900-01-01 14:46:54.474,0.215045,0.286318,0.3404,0,24
1900-01-01 14:46:55.474,0.21441,0.286328,0.340427,0,24
1900-01-01 14:46:56.474,0.214604,0.285646,0.34085,0,24
1900-01-01 14:46:57.474,0.214909,0.284259,0.340492,0,24
1900-01-01 14:46:58.474,0.214909,0.285362,0.340492,0,24
1900-01-01 14:46:59.474,0.214898,0.284937,0.3404,0,24
1900-01-01 14:47:00.474,0.21463,0.285661,0.340363,0,24
1900-01-01 14:47:01.474,0.215171,0.28626,0.340923,0,24
1900-01-01 14:47:02.474,0.214578,0.284758,0.340657,0,24
1900-01-01 14:47:03.474,0.214447,0.28479,0.340758,0,24
1900-01-01 14:47:04.474,0.214068,0.285388,0.340804,0,24
1900-01-01 14:47:05.474,0.214683,0.284905,0.340501,0,24
1900-01-01 14:47:06.474,0.214798,0.285141,0.340437,0,24
1900-01-01 14:47:07.474,0.214725,0.285525,0.340161,0,24
1900-01-01 14:47:08.474,0.214247,0.284485,0.340482,0,24
1900-01-01 14:47:09.474,0.214987,0.284564,0.340299,0,24
1900-01-01 14:47:10.474,0.214641,0.284102,0.340363,0,24
1900-01-01 14:47:11.474,0.214541,0.285267,0.340106,0,24
1900-01-01 14:47:12.474,0.214851,0.28563,0.340032,0,24
1900-01-01 14:47:13.474,0.215218,0.285288,0.33983,0,24
1900-01-01 14:47:14.474,0.214594,0.28552,0.340133,0,24
1900-01-01 14:47:15.474,0.215281,0.286575,0.340574,0,24
1900-01-01 14:47:16.474,0.215145,0.285835,0.340188,0,24
1900-01-01 14:47:17.474,0.214814,0.284527,0.340271,0,24
1900-01-01 14:47:18.474,0.214725,0.285021,0.340363,0,24
1900-01-01 14:47:19.474,0.215087,0.285409,0.340455,0,24
1900-01-01 14:47:20.474,0.215029,0.285367,0.340427,0,24
1900-01-01 14:47:21.474,0.214468,0.284097,0.340593,0,24
1900-01-01 14:47:22.474,0.215271,0.286596,0.340326,0,24
1900-01-01 14:47:23.474,0.21452,0.285105,0.34017,0,24
1900-01-01 14:47:24.474,0.21452,0.287047,0.340363,0,24
1900-01-01 14:47:25.474,0.215554,0.285924,0.340299,0,24
1900-01-01 14:47:26.474,0.215029,0.286433,0.340519,0,24
1900-01-01 14:47:27.474,0.214735,0.284459,0.340694,0,24
1900-01-01 14:47:28.474,0.21515,0.285714,0.340253,0,24
1900-01-01 14:47:29.474,0.214993,0.287194,0.34085,0,24
1900-01-01 14:47:30.474,0.214783,0.28573,0.340666,0,24
1900-01-01 14:47:31.474,0.214972,0.285499,0.340106,0,24
1900-01-01 14:47:32.474,0.214856,0.286118,0.3404,0,24
1900-01-01 14:47:33.474,0.215434,0.287152,0.34074,0,24
1900-01-01 14:47:34.474,0.21567,0.286444,0.340547,0,24
1900-01-01 14:47:35.474,0.215743,0.286738,0.34107,0,24
1900-01-01 14:47:36.474,0.214562,0.285761,0.340703,0,24
1900-01-01 14:47:37.474,0.215129,0.28552,0.341107,0,24
1900-01-01 14:47:38.474,0.21473,0.284128,0.340933,0,24
1900-01-01 14:47:39.474,0.214583,0.284795,0.340547,0,24
1900-01-01 14:47:40.474,0.214835,0.285015,0.340868,0,24
1900-01-01 14:47:41.474,0.214693,0.285525,0.340731,0,24
1900-01-01 14:47:42.474,0.214625,0.285299,0.3404,0,24
1900-01-01 14:47:43.474,0.214704,0.28428,0.340528,0,24
1900-01-01 14:47:44.474,0.214851,0.284291,0.340207,0,24
1900-01-01 14:47:45.474,0.214856,0.284485,0.340648,0,24
1900-01-01 14:47:46.474,0.214688,0.286087,0.340473,0,24
1900-01-01 14:47:47.474,0.214683,0.286948,0.340629,0,24
1900-01-01 14:47:48.474,0.215749,0.284889,0.340538,0,24
1900-01-01 14:47:49.474,0.215019,0.286045,0.340786,0,24
1900-01-01 14:47:50.474,0.214861,0.286837,0.340657,0,24
1900-01-01 14:47:51.474,0.215612,0.28721,0.340721,0,24
1900-01-01 14:47:52.474,0.215381,0.286176,0.341061,0,24
1900-01-01 14:47:53.474,0.214977,0.285551,0.340813,0,24
1900-01-01 14:47:54.474,0.215334,0.286811,0.340776,0,24
1900-01-01 14:47:55.474,0.214536,0.284574,0.340721,0,24
1900-01-01 14:47:56.474,0.214909,0.284979,0.340712,0,24
1900-01-01 14:47:57.474,0.215287,0.286181,0.34074,0,24
1900-01-01 14:47:58.474,0.214809,0.286171,0.340639,0,24
1900-01-01 14:47:59.474,0.214909,0.285803,0.340547,0,24
1900-01-01 14:48:00.474,0.214405,0.284343,0.340455,0,24
1900-01-01 14:48:01.474,0.215087,0.28438,0.340574,0,24
1900-01-01 14:48:02.474,0.214704,0.285147,0.340519,0,24
1900-01-01 14:48:03.474,0.21484,0.28732,0.340804,0,24
1900-01-01 14:48:04.474,0.215439,0.286575,0.340942,0,24
1900-01-01 14:48:05.474,0.215203,0.286018,0.340749,0,24
1900-01-01 14:48:06.474,0.214961,0.285462,0.340749,0,24
1900-01-01 14:48:07.474,0.214966,0.28584,0.340602,0,24
1900-01-01 14:48:08.474,0.21483,0.285467,0.340464,0,24
1900-01-01 14:48:09.474,0.214867,0.28563,0.341282,0,24
1900-01-01 14:48:10.474,0.215266,0.286522,0.340859,0,24
1900-01-01 14:48:11.474,0.215397,0.286564,0.341217,0,24
1900-01-01 14:48:12.474,0.214851,0.286176,0.341098,0,24
1900-01-01 14:48:13.474,0.214699,0.285105,0.34028,0,24
1900-01-01 14:48:14.474,0.215397,0.286113,0.340767,0,24
1900-01-01 14:48:15.474,0.215134,0.285488,0.340188,0,24
1900-01-01 14:48:16.474,0.215607,0.285898,0.340721,0,24
1900-01-01 14:48:17.474,0.214662,0.285745,0.34096,0,24
1900-01-01 14:48:18.474,0.214478,0.284396,0.340786,0,24
1900-01-01 14:48:19.474,0.214473,0.285698,0.340859,0,24
1900-01-01 14:48:20.474,0.214825,0.284842,0.34051,0,24
1900-01-01 14:48:21.474,0.214515,0.284847,0.340832,0,24
1900-01-01 14:48:22.474,0.214893,0.285073,0.340786,0,24
1900-01-01 14:48:23.474,0.214641,0.284874,0.340354,0,24
1900-01-01 14:48:24.474,0.21494,0.285698,0.340538,0,24
1900-01-01 14:48:25.474,0.214205,0.285588,0.340464,0,24
1900-01-01 14:48:26.474,0.214772,0.285556,0.340675,0,24
1900-01-01 14:48:27.474,0.215544,0.284884,0.340262,0,24
1900-01-01 14:48:28.474,0.21473,0.285393,0.340363,0,24
1900-01-01 14:48:29.474,0.215003,0.286475,0.340584,0,24
1900-01-01 14:48:30.474,0.214373,0.285572,0.340813,0,24
1900-01-01 14:48:31.474,0.214961,0.285441,0.340427,0,24
1900-01-01 14:48:32.474,0.214237,0.284013,0.340198,0,24
1900-01-01 14:48:33.474,0.214389,0.284727,0.340574,0,24
1900-01-01 14:48:34.474,0.215056,0.286281,0.340556,0,24
1900-01-01 14:48:35.474,0.214914,0.284742,0.340216,0,24
1900-01-01 14:48:36.474,0.215675,0.285593,0.340492,0,24
1900-01-01 14:48:37.474,0.214657,0.286617,0.340887,0,24
1900-01-01 14:48:38.474,0.214578,0.285551,0.34096,0,24
1900-01-01 14:48:39.474,0.215098,0.285131,0.340878,0,24
1900-01-01 14:48:40.474,0.215113,0.285562,0.340639,0,24
1900-01-01 14:48:41.474,0.214851,0.28522,0.340887,0,24
1900-01-01 14:48:42.474,0.215633,0.284322,0.341089,0,24
1900-01-01 14:48:43.474,0.215276,0.286449,0.340795,0,24
1900-01-01 14:48:44.474,0.215434,0.286512,0.34108,0,24
1900-01-01 14:48:45.474,0.21515,0.285294,0.340455,0,24
1900-01-01 14:48:46.474,0.215035,0.285414,0.340482,0,24
1900-01-01 14:48:47.474,0.215854,0.285656,0.340547,0,24
1900-01-01 14:48:48.474,0.215145,0.287677,0.340381,0,24
1900-01-01 14:48:49.474,0.21567,0.284296,0.340804,0,24
1900-01-01 14:48:50.474,0.215271,0.285189,0.341126,0,24
1900-01-01 14:48:51.474,0.214756,0.28585,0.34062,0,24
1900-01-01 14:48:52.474,0.215166,0.285115,0.340731,0,24
1900-01-01 14:48:53.474,0.215297,0.285829,0.340703,0,24
1900-01-01 14:48:54.474,0.214604,0.285325,0.340538,0,24
1900-01-01 14:48:55.474,0.215035,0.285341,0.340887,0,24
1900-01-01 14:48:56.474,0.21504,0.286113,0.340896,0,24
1900-01-01 14:48:57.474,0.215465,0.285451,0.340639,0,24
1900-01-01 14:48:58.474,0.214851,0.286307,0.340611,0,24
1900-01-01 14:48:59.474,0.215166,0.285751,0.341025,0,24
1900-01-01 14:49:00.474,0.214867,0.285351,0.341034,0,24
1900-01-01 14:49:01.474,0.214888,0.284811,0.340776,0,24
1900-01-01 14:49:02.474,0.215423,0.286685,0.341043,0,24
1900-01-01 14:49:03.474,0.215061,0.286176,0.340776,0,24
1900-01-01 14:49:04.474,0.214252,0.284963,0.340786,0,24
1900-01-01 14:49:05.474,0.215518,0.286491,0.340813,0,24
1900-01-01 14:49:06.474,0.215355,0.28595,0.340731,0,24
1900-01-01 14:49:07.474,0.214914,0.285583,0.340446,0,24
1900-01-01 14:49:08.474,0.215386,0.286066,0.340694,0,24
1900-01-01 14:49:09.474,0.214809,0.286328,0.340942,0,24
1900-01-01 14:49:10.474,0.214746,0.286375,0.340868,0,24
1900-01-01 14:49:11.474,0.215255,0.285441,0.340657,0,24
1900-01-01 14:49:12.474,0.215071,0.285604,0.341098,0,24
1900-01-01 14:49:13.474,0.215098,0.287047,0.341337,0,24
1900-01-01 14:49:14.474,0.215308,0.285588,0.341126,0,24
1900-01-01 14:49:15.474,0.215045,0.284569,0.340611,0,24
1900-01-01 14:49:16.474,0.215187,0.285105,0.340198,0,24
1900-01-01 14:49:17.474,0.215056,0.284963,0.340547,0,24
1900-01-01 14:49:18.474,0.215082,0.284548,0.340418,0,24
1900-01-01 14:49:19.474,0.215045,0.28563,0.340675,0,24
1900-01-01 14:49:20.474,0.215271,0.285604,0.340721,0,24
1900-01-01 14:49:21.474,0.214536,0.28543,0.34062,0,24
1900-01-01 14:49:22.474,0.215355,0.285877,0.340345,0,24
1900-01-01 14:49:23.474,0.21515,0.285656,0.340933,0,24
1900-01-01 14:49:24.474,0.215008,0.285882,0.340758,0,24
1900-01-01 14:49:25.474,0.214919,0.286507,0.340335,0,24
1900-01-01 14:49:26.474,0.215014,0.285168,0.340519,0,24
1900-01-01 14:49:27.474,0.215024,0.286984,0.340804,0,24
1900-01-01 14:49:28.474,0.215644,0.285509,0.340648,0,24
1900-01-01 14:49:29.474,0.214903,0.284496,0.340519,0,24
1900-01-01 14:49:30.474,0.21514,0.285257,0.340335,0,24
1900-01-01 14:49:31.474,0.214741,0.285478,0.340584,0,24
1900-01-01 14:49:32.474,0.214478,0.285572,0.340482,0,24
1900-01-01 14:49:33.474,0.215003,0.285829,0.340731,0,24
1900-01-01 14:49:34.474,0.214972,0.285661,0.340685,0,24
1900-01-01 14:49:35.474,0.21472,0.286118,0.340455,0,24
1900-01-01 14:49:36.474,0.214793,0.286428,0.340841,0,24
1900-01-01 14:49:37.474,0.21493,0.285278,0.340629,0,24
1900-01-01 14:49:38.474,0.215024,0.284916,0.340262,0,24
1900-01-01 14:49:39.474,0.215434,0.285488,0.340731,0,24
1900-01-01 14:49:40.474,0.214373,0.285992,0.340501,0,24
1900-01-01 14:49:41.474,0.215318,0.284984,0.340473,0,24
1900-01-01 14:49:42.474,0.214888,0.285672,0.340547,0,24
1900-01-01 14:49:43.474,0.215098,0.285005,0.340179,0,24
1900-01-01 14:49:44.474,0.215119,0.285609,0.340198,0,24
1900-01-01 14:49:45.474,0.214961,0.285493,0.340335,0,24
1900-01-01 14:49:46.474,0.215208,0.286202,0.340244,0,24
1900-01-01 14:49:47.474,0.215344,0.285861,0.34062,0,24
1900-01-01 14:49:48.474,0.215229,0.285598,0.34028,0,24
1900-01-01 14:49:49.474,0.214987,0.284774,0.340354,0,24
1900-01-01 14:49:50.474,0.214573,0.285577,0.340308,0,24
1900-01-01 14:49:51.474,0.214347,0.285357,0.340069,0,24
1900-01-01 14:49:52.474,0.215218,0.286171,0.340225,0,24
1900-01-01 14:49:53.474,0.215045,0.285577,0.340446,0,24
1900-01-01 14:49:54.474,0.214457,0.285551,0.340225,0,24
1900-01-01 14:49:55.474,0.214725,0.285646,0.34051,0,24
1900-01-01 14:49:56.474,0.214604,0.284396,0.340244,0,24
1900-01-01 14:49:57.474,0.214483,0.284816,0.34029,0,24
1900-01-01 14:49:58.474,0.214945,0.284832,0.340023,0,24
1900-01-01 14:49:59.474,0.214431,0.285136,0.340115,0,24
1900-01-01 14:50:00.474,0.214163,0.284301,0.340381,0,24
1900-01-01 14:50:01.474,0.215087,0.284559,0.340427,0,24
1900-01-01 14:50:02.474,0.214888,0.286081,0.340124,0,24
1900-01-01 14:50:03.474,0.215092,0.285719,0.340271,0,24
1900-01-01 14:50:04.474,0.214741,0.286029,0.340464,0,24
1900-01-01 14:50:05.474,0.215318,0.285194,0.340455,0,24
1900-01-01 14:50:06.474,0.214709,0.285567,0.340859,0,24
1900-01-01 14:50:07.474,0.21536,0.285556,0.34029,0,24
1900-01-01 14:50:08.474,0.215386,0.285283,0.340179,0,24
1900-01-01 14:50:09.474,0.214961,0.285798,0.340446,0,24
1900-01-01 14:50:10.474,0.214893,0.285898,0.340482,0,24
1900-01-01 14:50:11.474,0.21505,0.285451,0.340437,0,24
1900-01-01 14:50:12.474,0.214888,0.285236,0.340234,0,24
1900-01-01 14:50:13.474,0.215507,0.285462,0.340731,0,24
1900-01-01 14:50:14.474,0.21451,0.286097,0.340795,0,24
1900-01-01 14:50:15.474,0.215161,0.285688,0.340409,0,24
1900-01-01 14:50:16.474,0.214751,0.28553,0.340051,0,24
1900-01-01 14:50:17.474,0.215056,0.285351,0.340427,0,24
1900-01-01 14:50:18.474,0.214867,0.284963,0.339894,0,24
1900-01-01 14:50:19.474,0.215061,0.286701,0.340317,0,24
1900-01-01 14:50:20.474,0.214877,0.284711,0.340363,0,24
1900-01-01 14:50:21.474,0.215113,0.286465,0.340198,0,24
1900-01-01 14:50:22.474,0.214473,0.286323,0.340565,0,24
1900-01-01 14:50:23.474,0.214898,0.285152,0.3404,0,24
1900-01-01 14:50:24.474,0.215334,0.284616,0.340069,0,24
1900-01-01 14:50:25.474,0.215145,0.285262,0.340271,0,24
1900-01-01 14:50:26.474,0.215413,0.286386,0.340207,0,24
1900-01-01 14:50:27.474,0.215449,0.286386,0.340427,0,24
1900-01-01 14:50:28.474,0.215355,0.285798,0.340519,0,24
1900-01-01 14:50:29.474,0.215155,0.284648,0.340253,0,24
1900-01-01 14:50:30.474,0.214741,0.285661,0.340078,0,24
1900-01-01 14:50:31.474,0.214977,0.284942,0.340501,0,24
1900-01-01 14:50:32.474,0.214693,0.285425,0.340271,0,24
1900-01-01 14:50:33.474,0.215192,0.285709,0.340482,0,24
1900-01-01 14:50:34.474,0.215019,0.285094,0.340216,0,24
1900-01-01 14:50:35.474,0.21535,0.285866,0.340179,0,24
1900-01-01 14:50:36.474,0.214846,0.28574,0.340345,0,24
1900-01-01 14:50:37.474,0.214426,0.284433,0.340262,0,24
1900-01-01 14:50:38.474,0.214982,0.285625,0.340161,0,24
1900-01-01 14:50:39.474,0.214499,0.285152,0.340372,0,24
1900-01-01 14:50:40.474,0.214457,0.28522,0.340602,0,24
1900-01-01 14:50:41.474,0.215134,0.28563,0.340547,0,24
1900-01-01 14:50:42.474,0.215098,0.285882,0.34085,0,24
1900-01-01 14:50:43.474,0.215554,0.285052,0.340639,0,24
1900-01-01 14:50:44.474,0.214877,0.285294,0.340326,0,24
1900-01-01 14:50:45.474,0.21556,0.28574,0.340593,0,24
1900-01-01 14:50:46.474,0.215334,0.286102,0.34074,0,24
1900-01-01 14:50:47.474,0.215255,0.286291,0.340547,0,24
1900-01-01 14:50:48.474,0.215764,0.286995,0.340611,0,24
1900-01-01 14:50:49.474,0.214583,0.284553,0.340648,0,24
1900-01-01 14:50:50.474,0.214447,0.286769,0.340519,0,24
1900-01-01 14:50:51.474,0.214657,0.285451,0.340786,0,24
1900-01-01 14:50:52.474,0.214725,0.285168,0.340979,0,24
1900-01-01 14:50:53.474,0.215239,0.285036,0.340133,0,24
1900-01-01 14:50:54.474,0.214699,0.285588,0.340721,0,24
1900-01-01 14:50:55.474,0.214788,0.285514,0.340253,0,24
1900-01-01 14:50:56.474,0.214567,0.285126,0.340776,0,24
1900-01-01 14:50:57.474,0.214882,0.28553,0.340988,0,24
1900-01-01 14:50:58.474,0.214798,0.284968,0.340317,0,24
1900-01-01 14:50:59.474,0.214961,0.284984,0.340969,0,24
1900-01-01 14:51:00.474,0.214893,0.286475,0.340675,0,24
1900-01-01 14:51:01.474,0.215176,0.283461,0.340143,0,24
1900-01-01 14:51:02.474,0.21441,0.284905,0.339986,0,24
1900-01-01 14:51:03.474,0.214394,0.285068,0.340308,0,24
1900-01-01 14:51:04.474,0.214993,0.285309,0.34028,0,24
1900-01-01 14:51:05.474,0.214368,0.285714,0.340115,0,24
1900-01-01 14:51:06.474,0.214877,0.286438,0.341025,0,24
1900-01-01 14:51:07.474,0.214651,0.28626,0.34062,0,24
1900-01-01 14:51:08.474,0.215182,0.284391,0.340933,0,24
1900-01-01 14:51:09.474,0.215119,0.286113,0.340776,0,24
1900-01-01 14:51:10.474,0.214972,0.286066,0.340427,0,24
1900-01-01 14:51:11.474,0.215502,0.287047,0.341006,0,24
1900-01-01 14:51:12.474,0.214846,0.284553,0.34062,0,24
1900-01-01 14:51:13.474,0.214772,0.285583,0.340574,0,24
1900-01-01 14:51:14.474,0.215024,0.285735,0.340584,0,24
1900-01-01 14:51:15.474,0.214882,0.284601,0.340501,0,24
1900-01-01 14:51:16.474,0.214609,0.286386,0.340868,0,24
1900-01-01 14:51:17.474,0.215071,0.285955,0.34074,0,24
1900-01-01 14:51:18.474,0.214704,0.285,0.340703,0,24
1900-01-01 14:51:19.474,0.214867,0.285136,0.341006,0,24
1900-01-01 14:51:20.474,0.214326,0.284349,0.340179,0,24
1900-01-01 14:51:21.474,0.214641,0.285052,0.340253,0,24
1900-01-01 14:51:22.474,0.214662,0.284973,0.34017,0,24
1900-01-01 14:51:23.474,0.214436,0.285866,0.340648,0,24
1900-01-01 14:51:24.474,0.215203,0.286118,0.340547,0,24
1900-01-01 14:51:25.474,0.215182,0.284417,0.340703,0,24
1900-01-01 14:51:26.474,0.214725,0.284422,0.340161,0,24
1900-01-01 14:51:27.474,0.214215,0.285399,0.339812,0,24
1900-01-01 14:51:28.474,0.214152,0.284013,0.340299,0,24
1900-01-01 14:51:29.474,0.214441,0.285861,0.340317,0,24
1900-01-01 14:51:30.474,0.215077,0.284674,0.340023,0,24
1900-01-01 14:51:31.474,0.214468,0.284685,0.339885,0,24
1900-01-01 14:51:32.474,0.214441,0.284133,0.340988,0,24
1900-01-01 14:51:33.474,0.215134,0.285919,0.340087,0,24
1900-01-01 14:51:34.474,0.21526,0.286144,0.34028,0,24
1900-01-01 14:51:35.474,0.214919,0.2869,0.340335,0,24
1900-01-01 14:51:36.474,0.214998,0.284931,0.340703,0,24
1900-01-01 14:51:37.474,0.215533,0.286192,0.340629,0,24
1900-01-01 14:51:38.474,0.21515,0.286055,0.340804,0,24
1900-01-01 14:51:39.474,0.214336,0.284674,0.340593,0,24
1900-01-01 14:51:40.474,0.21472,0.285483,0.340749,0,24
1900-01-01 14:51:41.474,0.215019,0.28428,0.340391,0,24
1900-01-01 14:51:42.474,0.214121,0.285409,0.340335,0,24
1900-01-01 14:51:43.474,0.214562,0.284632,0.340538,0,24
1900-01-01 14:51:44.474,0.214263,0.285451,0.340786,0,24
1900-01-01 14:51:45.474,0.21493,0.285299,0.340675,0,24
1900-01-01 14:51:46.474,0.214814,0.284695,0.340418,0,24
1900-01-01 14:51:47.474,0.215008,0.285535,0.340372,0,24
1900-01-01 14:51:48.474,0.214777,0.28533,0.340538,0,24
1900-01-01 14:51:49.474,0.214541,0.286029,0.340574,0,24
1900-01-01 14:51:50.474,0.215271,0.284879,0.340749,0,24
1900-01-01 14:51:51.474,0.215434,0.286423,0.340225,0,24
1900-01-01 14:51:52.474,0.214893,0.286501,0.34062,0,24
1900-01-01 14:51:53.474,0.215182,0.286402,0.340923,0,24
1900-01-01 14:51:54.474,0.214814,0.285766,0.341126,0,24
1900-01-01 14:51:55.474,0.214867,0.284916,0.341052,0,24
1900-01-01 14:51:56.474,0.214903,0.285808,0.340666,0,24
1900-01-01 14:51:57.474,0.214987,0.285835,0.340832,0,24
1900-01-01 14:51:58.474,0.215161,0.284863,0.340629,0,24
1900-01-01 14:51:59.474,0.214683,0.284879,0.340721,0,24
1900-01-01 14:52:00.474,0.214525,0.284391,0.340611,0,24
1900-01-01 14:52:01.474,0.214872,0.284632,0.340326,0,24
1900-01-01 14:52:02.474,0.214441,0.285178,0.340776,0,24
1900-01-01 14:52:03.474,0.215192,0.285987,0.340758,0,24
1900-01-01 14:52:04.474,0.215019,0.285667,0.340473,0,24
1900-01-01 14:52:05.474,0.215008,0.284816,0.340299,0,24
1900-01-01 14:52:06.474,0.214636,0.285567,0.340482,0,24
1900-01-01 14:52:07.474,0.214258,0.286181,0.340611,0,24
1900-01-01 14:52:08.474,0.214903,0.285992,0.34051,0,24
1900-01-01 14:52:09.474,0.214179,0.285751,0.340675,0,24
1900-01-01 14:52:10.474,0.2143,0.285157,0.340611,0,24
1900-01-01 14:52:11.474,0.215155,0.28636,0.340455,0,24
1900-01-01 14:52:12.474,0.215397,0.284433,0.340427,0,24
1900-01-01 14:52:13.474,0.21462,0.284438,0.340547,0,24
1900-01-01 14:52:14.474,0.214494,0.286071,0.340216,0,24
1900-01-01 14:52:15.474,0.215344,0.285892,0.340455,0,24
1900-01-01 14:52:16.474,0.214783,0.284028,0.340418,0,24
1900-01-01 14:52:17.474,0.21442,0.28585,0.339913,0,24
1900-01-01 14:52:18.474,0.214279,0.284485,0.340087,0,24
1900-01-01 14:52:19.474,0.215334,0.285913,0.340244,0,24
1900-01-01 14:52:20.474,0.215155,0.28553,0.340299,0,24
1900-01-01 14:52:21.474,0.21463,0.285068,0.340216,0,24
1900-01-01 14:52:22.474,0.214735,0.28626,0.340455,0,24
1900-01-01 14:52:23.474,0.215213,0.285992,0.340721,0,24
1900-01-01 14:52:24.474,0.215213,0.286249,0.340372,0,24
1900-01-01 14:52:25.474,0.215045,0.286223,0.340639,0,24
1900-01-01 14:52:26.474,0.215234,0.286769,0.341245,0,24
1900-01-01 14:52:27.474,0.215313,0.285567,0.341015,0,24
1900-01-01 14:52:28.474,0.215056,0.284779,0.341043,0,24
1900-01-01 14:52:29.474,0.214814,0.285619,0.340657,0,24
1900-01-01 14:52:30.474,0.215371,0.286024,0.340271,0,24
1900-01-01 14:52:31.474,0.214536,0.286323,0.340574,0,24
1900-01-01 14:52:32.474,0.215397,0.285257,0.340804,0,24
1900-01-01 14:52:33.474,0.214956,0.284627,0.340629,0,24
1900-01-01 14:52:34.474,0.214767,0.285656,0.340868,0,24
1900-01-01 14:52:35.474,0.215549,0.28428,0.340749,0,24
1900-01-01 14:52:36.474,0.215035,0.286118,0.340565,0,24
1900-01-01 14:52:37.474,0.214909,0.286092,0.340657,0,24
1900-01-01 14:52:38.474,0.214767,0.285824,0.340565,0,24
1900-01-01 14:52:39.474,0.214347,0.28427,0.340446,0,24
1900-01-01 14:52:40.474,0.214462,0.283556,0.340565,0,24
1900-01-01 14:52:41.474,0.21514,0.286286,0.340712,0,24
1900-01-01 14:52:42.474,0.215087,0.285435,0.34029,0,24
1900-01-01 14:52:43.474,0.21442,0.283824,0.340115,0,24
1900-01-01 14:52:44.474,0.214924,0.284622,0.340345,0,24
1900-01-01 14:52:45.474,0.214678,0.284921,0.340409,0,24
1900-01-01 14:52:46.474,0.214767,0.286286,0.340519,0,24
1900-01-01 14:52:47.474,0.214504,0.284249,0.340611,0,24
1900-01-01 14:52:48.474,0.21536,0.286312,0.340391,0,24
1900-01-01 14:52:49.474,0.215297,0.286354,0.340427,0,24
1900-01-01 14:52:50.474,0.214835,0.285,0.340363,0,24
1900-01-01 14:52:51.474,0.214856,0.28491,0.340712,0,24
1900-01-01 14:52:52.474,0.213974,0.284905,0.340069,0,24
1900-01-01 14:52:53.474,0.215371,0.285493,0.340832,0,24
1900-01-01 14:52:54.474,0.214237,0.283792,0.340308,0,24
1900-01-01 14:52:55.474,0.21473,0.284795,0.3404,0,24
1900-01-01 14:52:56.474,0.214047,0.28552,0.340124,0,24
1900-01-01 14:52:57.474,0.214662,0.284984,0.340574,0,24
1900-01-01 14:52:58.474,0.214814,0.285861,0.340556,0,24
1900-01-01 14:52:59.474,0.214956,0.286092,0.340868,0,24
1900-01-01 14:53:00.474,0.214237,0.284118,0.341116,0,24
1900-01-01 14:53:01.474,0.214646,0.284669,0.340639,0,24
1900-01-01 14:53:02.474,0.214667,0.28512,0.340528,0,24
1900-01-01 14:53:03.474,0.214289,0.286039,0.340363,0,24
1900-01-01 14:53:04.474,0.214903,0.28448,0.340813,0,24
1900-01-01 14:53:05.474,0.214672,0.283913,0.340721,0,24
1900-01-01 14:53:06.474,0.214793,0.284648,0.340253,0,24
1900-01-01 14:53:07.474,0.215182,0.286239,0.340133,0,24
1900-01-01 14:53:08.474,0.214678,0.285467,0.340317,0,24
1900-01-01 14:53:09.474,0.214772,0.284396,0.340584,0,24
1900-01-01 14:53:10.474,0.214525,0.284973,0.340538,0,24
1900-01-01 14:53:11.474,0.214357,0.286685,0.340418,0,24
1900-01-01 14:53:12.474,0.214447,0.284081,0.340308,0,24
1900-01-01 14:53:13.474,0.215092,0.28564,0.340418,0,24
1900-01-01 14:53:14.474,0.214457,0.284559,0.340391,0,24
1900-01-01 14:53:15.474,0.21463,0.284926,0.340317,0,24
1900-01-01 14:53:16.474,0.214793,0.286013,0.340354,0,24
1900-01-01 14:53:17.474,0.214541,0.286244,0.340694,0,24
1900-01-01 14:53:18.474,0.215066,0.28553,0.3404,0,24
1900-01-01 14:53:19.474,0.21451,0.286354,0.340584,0,24
1900-01-01 14:53:20.474,0.215413,0.285945,0.340446,0,24
1900-01-01 14:53:21.474,0.215397,0.286953,0.340813,0,24
1900-01-01 14:53:22.474,0.214993,0.286244,0.341144,0,24
1900-01-01 14:53:23.474,0.215045,0.28585,0.341098,0,24
1900-01-01 14:53:24.474,0.214898,0.284354,0.340914,0,24
1900-01-01 14:53:25.474,0.214231,0.284396,0.340501,0,24
1900-01-01 14:53:26.474,0.215213,0.287525,0.340841,0,24
1900-01-01 14:53:27.474,0.214536,0.284517,0.340565,0,24
1900-01-01 14:53:28.474,0.215019,0.284664,0.340574,0,24
1900-01-01 14:53:29.474,0.214,0.284816,0.340455,0,24
1900-01-01 14:53:30.474,0.214919,0.284039,0.340584,0,24
1900-01-01 14:53:31.474,0.214279,0.28552,0.340188,0,24
1900-01-01 14:53:32.474,0.215108,0.285283,0.340841,0,24
1900-01-01 14:53:33.474,0.214867,0.28427,0.340051,0,24
1900-01-01 14:53:34.474,0.215334,0.285231,0.340097,0,24
1900-01-01 14:53:35.474,0.215318,0.284926,0.340133,0,24
1900-01-01 14:53:36.474,0.21472,0.285115,0.34017,0,24
1900-01-01 14:53:37.474,0.21442,0.285414,0.3404,0,24
1900-01-01 14:53:38.474,0.214825,0.285378,0.340501,0,24
1900-01-01 14:53:39.474,0.215334,0.285005,0.339977,0,24
1900-01-01 14:53:40.474,0.214762,0.285299,0.340574,0,24
1900-01-01 14:53:41.474,0.214573,0.284963,0.340032,0,24
1900-01-01 14:53:42.474,0.214688,0.285378,0.340418,0,24
1900-01-01 14:53:43.474,0.214247,0.285619,0.340675,0,24
1900-01-01 14:53:44.474,0.215197,0.286486,0.340721,0,24
1900-01-01 14:53:45.474,0.214772,0.285583,0.340657,0,24
1900-01-01 14:53:46.474,0.214993,0.284879,0.340547,0,24
1900-01-01 14:53:47.474,0.215287,0.287095,0.340841,0,24
1900-01-01 14:53:48.474,0.214888,0.285388,0.340657,0,24
1900-01-01 14:53:49.474,0.21525,0.283461,0.340675,0,24
1900-01-01 14:53:50.474,0.215008,0.285309,0.340813,0,24
1900-01-01 14:53:51.474,0.214546,0.285772,0.340887,0,24
1900-01-01 14:53:52.474,0.214998,0.285147,0.340556,0,24
1900-01-01 14:53:53.474,0.214851,0.285231,0.340427,0,24
1900-01-01 14:53:54.474,0.214814,0.284396,0.340354,0,24
1900-01-01 14:53:55.474,0.215334,0.284942,0.340152,0,24
1900-01-01 14:53:56.474,0.215218,0.285745,0.340381,0,24
1900-01-01 14:53:57.474,0.214552,0.284905,0.340593,0,24
1900-01-01 14:53:58.474,0.215392,0.284895,0.340473,0,24
1900-01-01 14:53:59.474,0.215197,0.286265,0.339986,0,24
1900-01-01 14:54:00.474,0.215386,0.285882,0.340262,0,24
1900-01-01 14:54:01.474,0.215586,0.285493,0.340629,0,24
1900-01-01 14:54:02.474,0.215575,0.285562,0.3404,0,24
1900-01-01 14:54:03.474,0.214363,0.284343,0.340427,0,24
1900-01-01 14:54:04.474,0.215502,0.285231,0.340179,0,24
1900-01-01 14:54:05.474,0.214609,0.285336,0.340335,0,24
1900-01-01 14:54:06.474,0.215271,0.285294,0.340198,0,24
1900-01-01 14:54:07.474,0.214977,0.285903,0.34017,0,24
1900-01-01 14:54:08.474,0.214494,0.286585,0.340455,0,24
1900-01-01 14:54:09.474,0.214289,0.285199,0.3404,0,24
1900-01-01 14:54:10.474,0.215323,0.284627,0.340639,0,24
1900-01-01 14:54:11.474,0.215082,0.286927,0.34051,0,24
1900-01-01 14:54:12.474,0.214798,0.284102,0.34074,0,24
1900-01-01 14:54:13.474,0.214557,0.284889,0.340767,0,24
1900-01-01 14:54:14.474,0.214672,0.285136,0.340639,0,24
1900-01-01 14:54:15.474,0.215329,0.285162,0.340629,0,24
1900-01-01 14:54:16.474,0.214394,0.283997,0.340519,0,24
1900-01-01 14:54:17.474,0.214872,0.286039,0.340519,0,24
1900-01-01 14:54:18.474,0.214651,0.285115,0.340951,0,24
1900-01-01 14:54:19.474,0.214609,0.283855,0.340648,0,24
1900-01-01 14:54:20.474,0.214636,0.285892,0.340473,0,24
1900-01-01 14:54:21.474,0.21515,0.285535,0.340593,0,24
1900-01-01 14:54:22.474,0.215512,0.284842,0.340528,0,24
1900-01-01 14:54:23.474,0.21514,0.285252,0.340758,0,24
1900-01-01 14:54:24.474,0.215003,0.285315,0.340363,0,24
1900-01-01 14:54:25.474,0.214646,0.285042,0.340335,0,24
1900-01-01 14:54:26.474,0.215108,0.285955,0.340455,0,24
1900-01-01 14:54:27.474,0.214552,0.284643,0.340611,0,24
1900-01-01 14:54:28.474,0.214678,0.287126,0.34051,0,24
1900-01-01 14:54:29.474,0.214977,0.285336,0.341116,0,24
1900-01-01 14:54:30.474,0.214819,0.284081,0.340657,0,24
1900-01-01 14:54:31.474,0.214615,0.285304,0.340473,0,24
1900-01-01 14:54:32.474,0.214436,0.285409,0.340538,0,24
1900-01-01 14:54:33.474,0.214961,0.28428,0.340712,0,24
1900-01-01 14:54:34.474,0.215334,0.285514,0.340547,0,24
1900-01-01 14:54:35.474,0.214882,0.286024,0.340593,0,24
1900-01-01 14:54:36.474,0.215381,0.285583,0.340841,0,24
1900-01-01 14:54:37.474,0.21472,0.285472,0.340133,0,24
1900-01-01 14:54:38.474,0.214909,0.283451,0.3404,0,24
1900-01-01 14:54:39.474,0.214919,0.286255,0.340391,0,24
1900-01-01 14:54:40.474,0.215297,0.285709,0.340804,0,24
1900-01-01 14:54:41.474,0.215092,0.284658,0.340124,0,24
1900-01-01 14:54:42.474,0.214804,0.285593,0.34051,0,24
1900-01-01 14:54:43.474,0.214625,0.284952,0.340602,0,24
1900-01-01 14:54:44.474,0.215444,0.285026,0.340584,0,24
1900-01-01 14:54:45.474,0.215003,0.284448,0.340216,0,24
1900-01-01 14:54:46.474,0.215465,0.285619,0.339977,0,24
1900-01-01 14:54:47.474,0.21473,0.284296,0.340574,0,24
1900-01-01 14:54:48.474,0.21472,0.285688,0.340593,0,24
1900-01-01 14:54:49.474,0.214573,0.285057,0.340381,0,24
1900-01-01 14:54:50.474,0.215313,0.285457,0.34006,0,24
1900-01-01 14:54:51.474,0.213906,0.283593,0.340473,0,24
1900-01-01 14:54:52.474,0.214945,0.284669,0.340234,0,24
1900-01-01 14:54:53.474,0.214683,0.286496,0.340437,0,24
1900-01-01 14:54:54.474,0.214966,0.285414,0.340326,0,24
1900-01-01 14:54:55.474,0.214179,0.285646,0.340492,0,24
1900-01-01 14:54:56.474,0.214588,0.285036,0.340822,0,24
1900-01-01 14:54:57.474,0.214063,0.284685,0.340519,0,24
1900-01-01 14:54:58.474,0.214636,0.28448,0.340326,0,24
1900-01-01 14:54:59.474,0.214672,0.283923,0.340354,0,24
1900-01-01 14:55:00.474,0.214945,0.284931,0.340308,0,24
1900-01-01 14:55:01.474,0.214426,0.282642,0.340097,0,24
1900-01-01 14:55:02.474,0.214263,0.284643,0.340271,0,24
1900-01-01 14:55:03.474,0.214594,0.286386,0.339904,0,24
1900-01-01 14:55:04.474,0.215287,0.285299,0.340437,0,24
1900-01-01 14:55:05.474,0.215203,0.284165,0.3404,0,24
1900-01-01 14:55:06.474,0.214604,0.285441,0.340124,0,24
1900-01-01 14:55:07.474,0.214767,0.28658,0.340538,0,24
1900-01-01 14:55:08.474,0.215743,0.285866,0.340556,0,24
1900-01-01 14:55:09.474,0.214783,0.284958,0.340482,0,24
1900-01-01 14:55:10.474,0.215239,0.284685,0.340234,0,24
1900-01-01 14:55:11.474,0.215119,0.285267,0.340032,0,24
1900-01-01 14:55:12.474,0.214924,0.285782,0.340675,0,24
1900-01-01 14:55:13.474,0.21535,0.28522,0.340639,0,24
1900-01-01 14:55:14.474,0.215192,0.286081,0.340629,0,24
1900-01-01 14:55:15.474,0.215098,0.285598,0.340234,0,24
1900-01-01 14:55:16.474,0.215329,0.285057,0.34051,0,24
1900-01-01 14:55:17.474,0.215266,0.285546,0.340198,0,24
1900-01-01 14:55:18.474,0.215161,0.28532,0.340464,0,24
1900-01-01 14:55:19.474,0.215717,0.286197,0.340666,0,24
1900-01-01 14:55:20.474,0.215397,0.284296,0.3404,0,24
1900-01-01 14:55:21.474,0.214746,0.284753,0.340712,0,24
1900-01-01 14:55:22.474,0.215087,0.284695,0.340345,0,24
1900-01-01 14:55:23.474,0.214657,0.285015,0.340152,0,24
1900-01-01 14:55:24.474,0.215082,0.28449,0.340565,0,24
1900-01-01 14:55:25.474,0.215806,0.285971,0.340629,0,24
1900-01-01 14:55:26.474,0.214767,0.28522,0.340528,0,24
1900-01-01 14:55:27.474,0.214909,0.285551,0.339803,0,24
1900-01-01 14:55:28.474,0.214851,0.285971,0.340216,0,24
1900-01-01 14:55:29.474,0.215418,0.284517,0.339904,0,24
1900-01-01 14:55:30.474,0.214084,0.283782,0.34006,0,24
1900-01-01 14:55:31.474,0.214751,0.285693,0.339968,0,24
1900-01-01 14:55:32.474,0.21525,0.284979,0.340593,0,24
1900-01-01 14:55:33.474,0.214788,0.284658,0.340262,0,24
1900-01-01 14:55:34.474,0.215182,0.286486,0.340354,0,24
1900-01-01 14:55:35.474,0.215187,0.287368,0.340391,0,24
1900-01-01 14:55:36.474,0.215434,0.287021,0.340492,0,24
1900-01-01 14:55:37.474,0.215302,0.285105,0.340565,0,24
1900-01-01 14:55:38.474,0.214573,0.285724,0.340584,0,24
1900-01-01 14:55:39.474,0.215239,0.285372,0.341015,0,24
1900-01-01 14:55:40.474,0.215092,0.285945,0.340464,0,24
1900-01-01 14:55:41.474,0.21556,0.285451,0.341162,0,24
1900-01-01 14:55:42.474,0.214798,0.284779,0.340786,0,24
1900-01-01 14:55:43.474,0.214972,0.284485,0.340455,0,24
1900-01-01 14:55:44.474,0.215098,0.284637,0.340602,0,24
1900-01-01 14:55:45.474,0.214515,0.284091,0.34074,0,24
1900-01-01 14:55:46.474,0.214725,0.285724,0.340565,0,24
1900-01-01 14:55:47.474,0.214504,0.28448,0.3404,0,24
1900-01-01 14:55:48.474,0.215203,0.286286,0.340363,0,24
1900-01-01 14:55:49.474,0.215628,0.286024,0.340611,0,24
1900-01-01 14:55:50.474,0.215119,0.284443,0.340639,0,24
1900-01-01 14:55:51.474,0.214846,0.284664,0.340822,0,24
1900-01-01 14:55:52.474,0.214625,0.284128,0.34051,0,24
1900-01-01 14:55:53.474,0.214861,0.284527,0.340427,0,24
1900-01-01 14:55:54.474,0.214746,0.285325,0.340427,0,24
1900-01-01 14:55:55.474,0.214762,0.285824,0.340335,0,24
1900-01-01 14:55:56.474,0.214557,0.286874,0.340878,0,24
1900-01-01 14:55:57.474,0.214804,0.285808,0.340584,0,24
1900-01-01 14:55:58.474,0.215171,0.284711,0.340942,0,24
1900-01-01 14:55:59.474,0.214914,0.284742,0.340363,0,24
1900-01-01 14:56:00.474,0.215208,0.285057,0.340538,0,24
1900-01-01 14:56:01.474,0.215119,0.284774,0.340299,0,24
1900-01-01 14:56:02.474,0.21504,0.283829,0.340271,0,24
1900-01-01 14:56:03.474,0.215449,0.286223,0.340749,0,24
1900-01-01 14:56:04.474,0.214672,0.284149,0.340363,0,24
1900-01-01 14:56:05.474,0.214788,0.28573,0.340675,0,24
1900-01-01 14:56:06.474,0.214919,0.284805,0.340464,0,24
1900-01-01 14:56:07.474,0.214326,0.286134,0.3404,0,24
1900-01-01 14:56:08.474,0.214678,0.285882,0.340225,0,24
1900-01-01 14:56:09.474,0.214746,0.285798,0.340593,0,24
1900-01-01 14:56:10.474,0.215218,0.286055,0.341061,0,24
1900-01-01 14:56:11.474,0.215113,0.284984,0.340822,0,24
1900-01-01 14:56:12.474,0.214867,0.284926,0.340657,0,24
1900-01-01 14:56:13.474,0.215302,0.285257,0.340087,0,24
1900-01-01 14:56:14.474,0.214552,0.284301,0.340244,0,24
1900-01-01 14:56:15.474,0.214215,0.28449,0.339977,0,24
1900-01-01 14:56:16.474,0.214851,0.285336,0.340501,0,24
1900-01-01 14:56:17.474,0.214861,0.284112,0.340335,0,24
1900-01-01 14:56:18.474,0.214793,0.285772,0.339959,0,24
1900-01-01 14:56:19.474,0.214394,0.284669,0.340179,0,24
1900-01-01 14:56:20.474,0.215497,0.285992,0.340363,0,24
1900-01-01 14:56:21.474,0.215008,0.284832,0.340409,0,24
1900-01-01 14:56:22.474,0.214646,0.285057,0.34029,0,24
1900-01-01 14:56:23.474,0.215008,0.285488,0.340528,0,24
1900-01-01 14:56:24.474,0.215171,0.286213,0.340381,0,24
1900-01-01 14:56:25.474,0.215339,0.286092,0.340556,0,24
1900-01-01 14:56:26.474,0.214898,0.286727,0.340519,0,24
1900-01-01 14:56:27.474,0.215171,0.287137,0.341006,0,24
1900-01-01 14:56:28.474,0.215707,0.283698,0.340979,0,24
1900-01-01 14:56:29.474,0.214888,0.284585,0.340951,0,24
1900-01-01 14:56:30.474,0.214662,0.284202,0.340574,0,24
1900-01-01 14:56:31.474,0.215035,0.285625,0.340565,0,24
1900-01-01 14:56:32.474,0.214762,0.285341,0.340666,0,24
1900-01-01 14:56:33.474,0.214867,0.284664,0.340354,0,24
1900-01-01 14:56:34.474,0.215334,0.284648,0.340666,0,24
1900-01-01 14:56:35.474,0.214993,0.284916,0.340602,0,24
1900-01-01 14:56:36.474,0.215539,0.285882,0.340381,0,24
1900-01-01 14:56:37.474,0.214431,0.283803,0.340482,0,24
1900-01-01 14:56:38.474,0.214772,0.28553,0.340519,0,24
1900-01-01 14:56:39.474,0.214993,0.285057,0.340308,0,24
1900-01-01 14:56:40.474,0.215276,0.285068,0.339858,0,24
1900-01-01 14:56:41.474,0.214242,0.283535,0.340198,0,24
1900-01-01 14:56:42.474,0.214919,0.285388,0.34006,0,24
1900-01-01 14:56:43.474,0.214751,0.285031,0.340262,0,24
1900-01-01 14:56:44.474,0.215003,0.285273,0.33994,0,24
1900-01-01 14:56:45.474,0.214441,0.285414,0.339931,0,24
1900-01-01 14:56:46.474,0.214415,0.284181,0.340152,0,24
1900-01-01 14:56:47.474,0.21462,0.284727,0.340041,0,24
1900-01-01 14:56:48.474,0.215224,0.285646,0.340188,0,24
1900-01-01 14:56:49.474,0.215077,0.285682,0.340335,0,24
1900-01-01 14:56:50.474,0.214919,0.285467,0.340482,0,24
1900-01-01 14:56:51.474,0.214914,0.285346,0.340253,0,24
1900-01-01 14:56:52.474,0.214709,0.28512,0.340023,0,24
1900-01-01 14:56:53.474,0.214935,0.28542,0.340538,0,24
1900-01-01 14:56:54.474,0.214688,0.284937,0.34085,0,24
1900-01-01 14:56:55.474,0.215266,0.285194,0.340188,0,24
1900-01-01 14:56:56.474,0.214777,0.285656,0.340482,0,24
1900-01-01 14:56:57.474,0.214977,0.285577,0.340427,0,24
1900-01-01 14:56:58.474,0.215266,0.286769,0.340795,0,24
1900-01-01 14:56:59.474,0.215087,0.284538,0.340418,0,24
1900-01-01 14:57:00.474,0.214305,0.283703,0.340685,0,24
1900-01-01 14:57:01.474,0.214657,0.284863,0.340721,0,24
1900-01-01 14:57:02.474,0.214284,0.284742,0.340914,0,24
1900-01-01 14:57:03.474,0.21483,0.284259,0.340391,0,24
1900-01-01 14:57:04.474,0.214515,0.28615,0.340354,0,24
1900-01-01 14:57:05.474,0.214384,0.284139,0.3404,0,24
1900-01-01 14:57:06.474,0.21526,0.284811,0.340455,0,24
1900-01-01 14:57:07.474,0.214814,0.286785,0.340629,0,24
1900-01-01 14:57:08.474,0.21493,0.285126,0.34029,0,24
1900-01-01 14:57:09.474,0.214877,0.28521,0.340749,0,24
1900-01-01 14:57:10.474,0.214588,0.284779,0.340574,0,24
1900-01-01 14:57:11.474,0.215308,0.286223,0.340271,0,24
1900-01-01 14:57:12.474,0.215066,0.28522,0.340501,0,24
1900-01-01 14:57:13.474,0.21577,0.286648,0.340538,0,24
1900-01-01 14:57:14.474,0.215581,0.283887,0.340345,0,24
1900-01-01 14:57:15.474,0.214893,0.285488,0.340271,0,24
1900-01-01 14:57:16.474,0.215019,0.286811,0.340767,0,24
1900-01-01 14:57:17.474,0.214636,0.285052,0.340381,0,24
1900-01-01 14:57:18.474,0.214982,0.285782,0.340271,0,24
1900-01-01 14:57:19.474,0.214756,0.284627,0.340657,0,24
1900-01-01 14:57:20.474,0.214767,0.284616,0.340381,0,24
1900-01-01 14:57:21.474,0.215428,0.287877,0.340308,0,24
1900-01-01 14:57:22.474,0.214856,0.285084,0.340942,0,24
1900-01-01 14:57:23.474,0.215407,0.285483,0.340776,0,24
1900-01-01 14:57:24.474,0.215381,0.286281,0.340832,0,24
1900-01-01 14:57:25.474,0.214856,0.286055,0.340648,0,24
1900-01-01 14:57:26.474,0.214704,0.284779,0.340694,0,24
1900-01-01 14:57:27.474,0.214814,0.285908,0.340482,0,24
1900-01-01 14:57:28.474,0.215323,0.285047,0.340767,0,24
1900-01-01 14:57:29.474,0.214226,0.285225,0.340437,0,24
1900-01-01 14:57:30.474,0.214599,0.28469,0.340556,0,24
1900-01-01 14:57:31.474,0.215129,0.286218,0.340584,0,24
1900-01-01 14:57:32.474,0.214573,0.284212,0.340933,0,24
1900-01-01 14:57:33.474,0.214709,0.284427,0.340372,0,24
1900-01-01 14:57:34.474,0.214741,0.285803,0.340473,0,24
1900-01-01 14:57:35.474,0.215071,0.285929,0.340593,0,24
1900-01-01 14:57:36.474,0.214872,0.284438,0.340335,0,24
1900-01-01 14:57:37.474,0.214646,0.285478,0.340602,0,24
1900-01-01 14:57:38.474,0.21494,0.285414,0.340409,0,24
1900-01-01 14:57:39.474,0.214846,0.285068,0.340721,0,24
1900-01-01 14:57:40.474,0.214956,0.286459,0.340473,0,24
1900-01-01 14:57:41.474,0.215035,0.285157,0.340887,0,24
1900-01-01 14:57:42.474,0.214924,0.2849,0.340391,0,24
1900-01-01 14:57:43.474,0.215056,0.285057,0.340335,0,24
1900-01-01 14:57:44.474,0.214546,0.28428,0.34028,0,24
1900-01-01 14:57:45.474,0.214914,0.285357,0.340372,0,24
1900-01-01 14:57:46.474,0.21462,0.286585,0.340666,0,24
1900-01-01 14:57:47.474,0.21441,0.284469,0.340538,0,24
1900-01-01 14:57:48.474,0.215229,0.285803,0.340492,0,24
1900-01-01 14:57:49.474,0.215035,0.284448,0.340721,0,24
1900-01-01 14:57:50.474,0.214793,0.28584,0.340335,0,24
1900-01-01 14:57:51.474,0.214541,0.284937,0.340951,0,24
1900-01-01 14:57:52.474,0.214231,0.284669,0.340813,0,24
1900-01-01 14:57:53.474,0.215455,0.285955,0.340418,0,24
1900-01-01 14:57:54.474,0.215213,0.286302,0.340492,0,24
1900-01-01 14:57:55.474,0.215108,0.286885,0.340584,0,24
1900-01-01 14:57:56.474,0.215323,0.285341,0.34051,0,24
1900-01-01 14:57:57.474,0.215397,0.285814,0.3404,0,24
1900-01-01 14:57:58.474,0.21535,0.284973,0.340905,0,24
1900-01-01 14:57:59.474,0.215155,0.285057,0.340868,0,24
1900-01-01 14:58:00.474,0.215507,0.28595,0.34085,0,24
1900-01-01 14:58:01.474,0.215239,0.285136,0.340657,0,24
1900-01-01 14:58:02.474,0.215098,0.285955,0.341208,0,24
1900-01-01 14:58:03.474,0.215077,0.284895,0.34074,0,24
1900-01-01 14:58:04.474,0.215281,0.28375,0.340437,0,24
1900-01-01 14:58:05.474,0.214672,0.285383,0.340538,0,24
1900-01-01 14:58:06.474,0.215113,0.284611,0.340629,0,24
1900-01-01 14:58:07.474,0.214903,0.286307,0.340538,0,24
1900-01-01 14:58:08.474,0.214861,0.284501,0.340675,0,24
1900-01-01 14:58:09.474,0.215155,0.283908,0.34074,0,24
1900-01-01 14:58:10.474,0.214583,0.28605,0.340317,0,24
1900-01-01 14:58:11.474,0.215192,0.285057,0.340611,0,24
1900-01-01 14:58:12.474,0.214562,0.283666,0.340446,0,24
1900-01-01 14:58:13.474,0.215224,0.285262,0.340629,0,24
1900-01-01 14:58:14.474,0.215161,0.284926,0.340188,0,24
1900-01-01 14:58:15.474,0.214657,0.286034,0.34051,0,24
1900-01-01 14:58:16.474,0.215292,0.284737,0.340905,0,24
1900-01-01 14:58:17.474,0.21451,0.28396,0.340152,0,24
1900-01-01 14:58:18.474,0.214394,0.285204,0.340437,0,24
1900-01-01 14:58:19.474,0.214882,0.285126,0.340639,0,24
1900-01-01 14:58:20.474,0.215423,0.286018,0.340234,0,24
1900-01-01 14:58:21.474,0.21515,0.284921,0.33995,0,24
1900-01-01 14:58:22.474,0.214809,0.285189,0.340124,0,24
1900-01-01 14:58:23.474,0.215255,0.285147,0.340482,0,24
1900-01-01 14:58:24.474,0.214783,0.285787,0.340391,0,24
1900-01-01 14:58:25.474,0.215675,0.284102,0.34017,0,24
1900-01-01 14:58:26.474,0.214594,0.28585,0.340216,0,24
1900-01-01 14:58:27.474,0.214882,0.285598,0.340143,0,24
1900-01-01 14:58:28.474,0.215066,0.284322,0.340069,0,24
1900-01-01 14:58:29.474,0.215313,0.285682,0.340418,0,24
1900-01-01 14:58:30.474,0.215029,0.286391,0.340391,0,24
1900-01-01 14:58:31.474,0.214657,0.283724,0.340335,0,24
1900-01-01 14:58:32.474,0.214693,0.285393,0.340556,0,24
1900-01-01 14:58:33.474,0.215323,0.285525,0.340786,0,24
1900-01-01 14:58:34.474,0.21536,0.285372,0.340363,0,24
1900-01-01 14:58:35.474,0.215491,0.286444,0.340868,0,24
1900-01-01 14:58:36.474,0.215612,0.285399,0.34074,0,24
1900-01-01 14:58:37.474,0.215612,0.287089,0.340666,0,24
1900-01-01 14:58:38.474,0.215817,0.284417,0.340914,0,24
1900-01-01 14:58:39.474,0.215155,0.28427,0.340446,0,24
1900-01-01 14:58:40.474,0.215638,0.28469,0.340629,0,24
1900-01-01 14:58:41.474,0.215213,0.284454,0.340712,0,24
1900-01-01 14:58:42.474,0.214872,0.285829,0.340574,0,24
1900-01-01 14:58:43.474,0.214583,0.284601,0.340565,0,24
1900-01-01 14:58:44.474,0.215276,0.285808,0.340363,0,24
1900-01-01 14:58:45.474,0.215434,0.284727,0.340611,0,24
1900-01-01 14:58:46.474,0.215518,0.285688,0.340464,0,24
1900-01-01 14:58:47.474,0.215155,0.285667,0.340409,0,24
1900-01-01 14:58:48.474,0.21504,0.286139,0.340629,0,24
1900-01-01 14:58:49.474,0.215959,0.285367,0.340786,0,24
1900-01-01 14:58:50.474,0.215843,0.285241,0.340795,0,24
1900-01-01 14:58:51.474,0.215896,0.285661,0.340427,0,24
1900-01-01 14:58:52.474,0.215843,0.286207,0.340556,0,24
1900-01-01 14:58:53.474,0.215948,0.285246,0.340942,0,24
1900-01-01 14:58:54.474,0.215607,0.284601,0.340473,0,24
1900-01-01 14:58:55.474,0.214809,0.284832,0.340923,0,24
1900-01-01 14:58:56.474,0.215686,0.285929,0.340519,0,24
1900-01-01 14:58:57.474,0.215497,0.285761,0.340804,0,24
1900-01-01 14:58:58.474,0.215166,0.284653,0.340317,0,24
1900-01-01 14:58:59.474,0.214546,0.284832,0.340014,0,24
1900-01-01 14:59:00.474,0.21536,0.284926,0.339904,0,24
1900-01-01 14:59:01.474,0.214888,0.285194,0.340372,0,24
1900-01-01 14:59:02.474,0.214882,0.286417,0.340133,0,24
1900-01-01 14:59:03.474,0.215014,0.285478,0.339996,0,24
1900-01-01 14:59:04.474,0.215302,0.284863,0.340014,0,24
1900-01-01 14:59:05.474,0.215077,0.284727,0.339922,0,24
1900-01-01 14:59:06.474,0.214972,0.286449,0.340538,0,24
1900-01-01 14:59:07.474,0.215098,0.284947,0.33994,0,24
1900-01-01 14:59:08.474,0.215119,0.284338,0.340216,0,24
1900-01-01 14:59:09.474,0.214478,0.285099,0.340078,0,24
1900-01-01 14:59:10.474,0.214804,0.28522,0.339849,0,24
1900-01-01 14:59:11.474,0.214756,0.285782,0.340216,0,24
1900-01-01 14:59:12.474,0.215308,0.285682,0.340143,0,24
1900-01-01 14:59:13.474,0.214678,0.285703,0.340069,0,24
1900-01-01 14:59:14.474,0.214746,0.285604,0.340703,0,24
1900-01-01 14:59:15.474,0.214888,0.284128,0.340216,0,24
1900-01-01 14:59:16.474,0.214814,0.284853,0.339913,0,24
1900-01-01 14:59:17.474,0.214289,0.284637,0.339637,0,24
1900-01-01 14:59:18.474,0.21462,0.284349,0.339986,0,24
1900-01-01 14:59:19.474,0.214777,0.286517,0.340087,0,24
1900-01-01 14:59:20.474,0.215161,0.285435,0.33994,0,24
1900-01-01 14:59:21.474,0.214473,0.284165,0.339766,0,24
1900-01-01 14:59:22.474,0.215129,0.286591,0.340069,0,24
1900-01-01 14:59:23.474,0.215418,0.286276,0.340069,0,24
1900-01-01 14:59:24.474,0.214993,0.285551,0.339757,0,24
1900-01-01 14:59:25.474,0.215266,0.2849,0.339784,0,24
1900-01-01 14:59:26.474,0.214956,0.284858,0.340271,0,24
1900-01-01 14:59:27.474,0.214804,0.286118,0.340161,0,24
1900-01-01 14:59:28.474,0.215628,0.286402,0.340326,0,24
1900-01-01 14:59:29.474,0.215554,0.286696,0.340381,0,24
1900-01-01 14:59:30.474,0.214594,0.2847,0.340602,0,24
1900-01-01 14:59:31.474,0.215234,0.285052,0.340106,0,24
1900-01-01 14:59:32.474,0.215045,0.285724,0.340878,0,24
1900-01-01 14:59:33.474,0.215061,0.283713,0.340372,0,24
1900-01-01 14:59:34.474,0.215533,0.28479,0.340464,0,24
1900-01-01 14:59:35.474,0.214793,0.284207,0.340326,0,24
1900-01-01 14:59:36.474,0.214793,0.285929,0.340841,0,24
1900-01-01 14:59:37.474,0.214851,0.286139,0.339839,0,24
1900-01-01 14:59:38.474,0.215586,0.286885,0.340473,0,24
1900-01-01 14:59:39.474,0.214804,0.285772,0.340538,0,24
1900-01-01 14:59:40.474,0.215145,0.284853,0.340896,0,24
1900-01-01 14:59:41.474,0.215381,0.286202,0.340556,0,24
1900-01-01 14:59:42.474,0.215239,0.286969,0.340648,0,24
1900-01-01 14:59:43.474,0.215329,0.286549,0.340519,0,24
1900-01-01 14:59:44.474,0.21547,0.284207,0.340519,0,24
1900-01-01 14:59:45.474,0.214872,0.283645,0.340335,0,24
1900-01-01 14:59:46.474,0.214877,0.28605,0.340832,0,24
1900-01-01 14:59:47.474,0.215155,0.286554,0.340381,0,24
1900-01-01 14:59:48.474,0.215119,0.285493,0.340593,0,24
1900-01-01 14:59:49.474,0.215287,0.285845,0.340758,0,24
1900-01-01 14:59:50.474,0.21483,0.284217,0.340528,0,24
1900-01-01 14:59:51.474,0.215035,0.28657,0.340473,0,24
1900-01-01 14:59:52.474,0.215071,0.285877,0.340942,0,24
1900-01-01 14:59:53.474,0.215124,0.284375,0.340776,0,24
1900-01-01 14:59:54.474,0.215077,0.28407,0.340143,0,24
1900-01-01 14:59:55.474,0.215087,0.285288,0.340253,0,24
1900-01-01 14:59:56.474,0.215381,0.285703,0.340611,0,24
1900-01-01 14:59:57.474,0.214888,0.286003,0.340538,0,24
1900-01-01 14:59:58.474,0.215092,0.285441,0.340712,0,24
1900-01-01 14:59:59.474,0.214772,0.28522,0.340023,0,24
1900-01-01 15:00:00.474,0.215938,0.285756,0.340574,0,24
1900-01-01 15:00:01.474,0.215213,0.286155,0.340391,0,24
1900-01-01 15:00:02.474,0.215586,0.286013,0.340492,0,24
1900-01-01 15:00:03.474,0.214998,0.284632,0.340547,0,24
1900-01-01 15:00:04.474,0.215854,0.286055,0.34051,0,24
1900-01-01 15:00:05.474,0.215581,0.285541,0.340721,0,24
1900-01-01 15:00:06.474,0.215155,0.286213,0.340896,0,24
1900-01-01 15:00:07.474,0.215287,0.284863,0.340446,0,24
1900-01-01 15:00:08.474,0.215029,0.285955,0.340234,0,24
1900-01-01 15:00:09.474,0.215402,0.285204,0.340446,0,24
1900-01-01 15:00:10.474,0.215365,0.285677,0.340703,0,24
1900-01-01 15:00:11.474,0.21526,0.285241,0.340666,0,24
1900-01-01 15:00:12.474,0.215271,0.285141,0.340712,0,24
1900-01-01 15:00:13.474,0.215239,0.285661,0.340878,0,24
1900-01-01 15:00:14.474,0.214993,0.284958,0.340437,0,24
1900-01-01 15:00:15.474,0.21504,0.286328,0.340464,0,24
1900-01-01 15:00:16.474,0.214935,0.284763,0.340639,0,24
1900-01-01 15:00:17.474,0.215187,0.284774,0.340207,0,24
1900-01-01 15:00:18.474,0.214636,0.285745,0.340556,0,24
1900-01-01 15:00:19.474,0.214531,0.284433,0.340565,0,24
1900-01-01 15:00:20.474,0.214741,0.283834,0.339931,0,24
1900-01-01 15:00:21.474,0.215476,0.284574,0.340023,0,24
1900-01-01 15:00:22.474,0.214336,0.284459,0.339757,0,24
1900-01-01 15:00:23.474,0.215003,0.284795,0.340133,0,24
1900-01-01 15:00:24.474,0.215113,0.284721,0.339931,0,24
1900-01-01 15:00:25.474,0.214982,0.285651,0.340253,0,24
1900-01-01 15:00:26.474,0.215187,0.284695,0.340005,0,24
1900-01-01 15:00:27.474,0.214294,0.285052,0.340216,0,24
1900-01-01 15:00:28.474,0.215276,0.284517,0.339536,0,24
1900-01-01 15:00:29.474,0.214909,0.284721,0.339793,0,24
1900-01-01 15:00:30.474,0.215082,0.285063,0.340188,0,24
1900-01-01 15:00:31.474,0.214373,0.28458,0.340041,0,24
1900-01-01 15:00:32.474,0.214384,0.284826,0.340124,0,24
1900-01-01 15:00:33.474,0.214368,0.284637,0.339435,0,24
1900-01-01 15:00:34.474,0.21494,0.286454,0.339913,0,24
1900-01-01 15:00:35.474,0.215428,0.284879,0.340133,0,24
1900-01-01 15:00:36.474,0.214861,0.284853,0.339747,0,24
1900-01-01 15:00:37.474,0.214609,0.284259,0.339582,0,24
1900-01-01 15:00:38.474,0.214835,0.284716,0.339481,0,24
1900-01-01 15:00:39.474,0.214714,0.284196,0.340097,0,24
1900-01-01 15:00:40.474,0.215103,0.284847,0.33995,0,24
1900-01-01 15:00:41.474,0.214609,0.285309,0.339757,0,24
1900-01-01 15:00:42.474,0.214651,0.284569,0.340244,0,24
1900-01-01 15:00:43.474,0.214783,0.285073,0.340381,0,24
1900-01-01 15:00:44.474,0.214793,0.285325,0.340437,0,24
1900-01-01 15:00:45.474,0.214972,0.284574,0.339996,0,24
1900-01-01 15:00:46.474,0.21493,0.285409,0.339894,0,24
1900-01-01 15:00:47.474,0.214452,0.284422,0.340253,0,24
1900-01-01 15:00:48.474,0.214856,0.284973,0.340152,0,24
1900-01-01 15:00:49.474,0.214231,0.285546,0.34029,0,24
1900-01-01 15:00:50.474,0.214562,0.285189,0.34017,0,24
1900-01-01 15:00:51.474,0.214499,0.285246,0.34017,0,24
1900-01-01 15:00:52.474,0.215203,0.286197,0.340244,0,24
1900-01-01 15:00:53.474,0.215323,0.285709,0.340409,0,24
1900-01-01 15:00:54.474,0.215103,0.284338,0.340234,0,24
1900-01-01 15:00:55.474,0.214893,0.284874,0.340198,0,24
1900-01-01 15:00:56.474,0.215008,0.285294,0.340308,0,24
1900-01-01 15:00:57.474,0.214452,0.28553,0.340023,0,24
1900-01-01 15:00:58.474,0.214814,0.284496,0.339793,0,24
1900-01-01 15:00:59.474,0.214242,0.283929,0.339334,0,24
1900-01-01 15:01:00.474,0.214678,0.285252,0.339775,0,24
1900-01-01 15:01:01.474,0.215413,0.284958,0.340005,0,24
1900-01-01 15:01:02.474,0.214945,0.285315,0.33983,0,24
1900-01-01 15:01:03.474,0.214735,0.285467,0.340225,0,24
1900-01-01 15:01:04.474,0.214909,0.28532,0.340069,0,24
1900-01-01 15:01:05.474,0.214809,0.284616,0.340032,0,24
1900-01-01 15:01:06.474,0.215082,0.284748,0.339812,0,24
1900-01-01 15:01:07.474,0.214772,0.285094,0.339665,0,24
1900-01-01 15:01:08.474,0.215339,0.284627,0.339931,0,24
1900-01-01 15:01:09.474,0.214909,0.286344,0.34017,0,24
1900-01-01 15:01:10.474,0.214641,0.28491,0.340216,0,24
1900-01-01 15:01:11.474,0.214993,0.285215,0.339849,0,24
1900-01-01 15:01:12.474,0.214672,0.28574,0.34006,0,24
1900-01-01 15:01:13.474,0.215077,0.284648,0.340593,0,24
1900-01-01 15:01:14.474,0.215092,0.28564,0.3396,0,24
1900-01-01 15:01:15.474,0.215155,0.284653,0.339849,0,24
1900-01-01 15:01:16.474,0.215176,0.286265,0.33995,0,24
1900-01-01 15:01:17.474,0.214987,0.285346,0.339986,0,24
1900-01-01 15:01:18.474,0.214746,0.285126,0.340262,0,24
1900-01-01 15:01:19.474,0.214588,0.285057,0.340051,0,24
1900-01-01 15:01:20.474,0.214872,0.284538,0.339996,0,24
1900-01-01 15:01:21.474,0.214667,0.283703,0.340161,0,24
1900-01-01 15:01:22.474,0.215171,0.284742,0.340299,0,24
1900-01-01 15:01:23.474,0.21515,0.284842,0.340152,0,24
1900-01-01 15:01:24.474,0.21493,0.284737,0.339867,0,24
1900-01-01 15:01:25.474,0.214704,0.285073,0.339858,0,24
1900-01-01 15:01:26.474,0.214756,0.285231,0.339959,0,24
1900-01-01 15:01:27.474,0.214331,0.283377,0.339646,0,24
1900-01-01 15:01:28.474,0.214809,0.285462,0.33994,0,24
1900-01-01 15:01:29.474,0.215218,0.284968,0.339968,0,24
1900-01-01 15:01:30.474,0.2143,0.284811,0.33983,0,24
1900-01-01 15:01:31.474,0.214678,0.284328,0.339692,0,24
1900-01-01 15:01:32.474,0.214531,0.285315,0.339205,0,24
1900-01-01 15:01:33.474,0.214945,0.284874,0.339747,0,24
1900-01-01 15:01:34.474,0.214756,0.28407,0.33995,0,24
1900-01-01 15:01:35.474,0.214079,0.283913,0.339692,0,24
1900-01-01 15:01:36.474,0.214457,0.285892,0.339793,0,24
1900-01-01 15:01:37.474,0.214515,0.285231,0.339766,0,24
1900-01-01 15:01:38.474,0.214578,0.285483,0.339885,0,24
1900-01-01 15:01:39.474,0.214567,0.285388,0.340455,0,24
1900-01-01 15:01:40.474,0.215108,0.286108,0.340198,0,24
1900-01-01 15:01:41.474,0.214998,0.285635,0.340409,0,24
1900-01-01 15:01:42.474,0.214982,0.285099,0.340694,0,24
1900-01-01 15:01:43.474,0.215092,0.284317,0.340326,0,24
1900-01-01 15:01:44.474,0.214462,0.283162,0.340078,0,24
1900-01-01 15:01:45.474,0.214163,0.285325,0.339977,0,24
1900-01-01 15:01:46.474,0.215418,0.285283,0.339894,0,24
1900-01-01 15:01:47.474,0.213774,0.284601,0.340372,0,24
1900-01-01 15:01:48.474,0.214804,0.284779,0.34029,0,24
1900-01-01 15:01:49.474,0.214541,0.284706,0.339803,0,24
1900-01-01 15:01:50.474,0.214541,0.284868,0.339711,0,24
1900-01-01 15:01:51.474,0.215239,0.285793,0.340179,0,24
1900-01-01 15:01:52.474,0.214468,0.284291,0.34017,0,24
1900-01-01 15:01:53.474,0.214284,0.285976,0.340106,0,24
1900-01-01 15:01:54.474,0.215008,0.285703,0.340685,0,24
1900-01-01 15:01:55.474,0.214851,0.284637,0.34006,0,24
1900-01-01 15:01:56.474,0.214552,0.284443,0.339628,0,24
1900-01-01 15:01:57.474,0.214987,0.285913,0.339775,0,24
1900-01-01 15:01:58.474,0.214567,0.28396,0.340078,0,24
1900-01-01 15:01:59.474,0.214357,0.284737,0.340216,0,24
1900-01-01 15:02:00.474,0.215161,0.284485,0.340124,0,24
1900-01-01 15:02:01.474,0.215061,0.284354,0.340051,0,24
1900-01-01 15:02:02.474,0.214903,0.28636,0.339784,0,24
1900-01-01 15:02:03.474,0.214699,0.285404,0.34006,0,24
1900-01-01 15:02:04.474,0.215271,0.285189,0.339977,0,24
1900-01-01 15:02:05.474,0.215003,0.28532,0.340253,0,24
1900-01-01 15:02:06.474,0.214898,0.28458,0.339885,0,24
1900-01-01 15:02:07.474,0.215476,0.284774,0.339692,0,24
1900-01-01 15:02:08.474,0.214945,0.285457,0.34028,0,24
1900-01-01 15:02:09.474,0.214935,0.284853,0.340041,0,24
1900-01-01 15:02:10.474,0.214546,0.285178,0.340188,0,24
1900-01-01 15:02:11.474,0.214415,0.284328,0.340051,0,24
1900-01-01 15:02:12.474,0.214777,0.284543,0.340115,0,24
1900-01-01 15:02:13.474,0.214877,0.285598,0.340078,0,24
1900-01-01 15:02:14.474,0.215103,0.286003,0.340317,0,24
1900-01-01 15:02:15.474,0.214945,0.286249,0.33994,0,24
1900-01-01 15:02:16.474,0.214646,0.285078,0.339959,0,24
1900-01-01 15:02:17.474,0.214809,0.28479,0.3404,0,24
1900-01-01 15:02:18.474,0.21483,0.284727,0.340317,0,24
1900-01-01 15:02:19.474,0.214756,0.284664,0.340391,0,24
1900-01-01 15:02:20.474,0.21526,0.285057,0.340418,0,24
1900-01-01 15:02:21.474,0.214982,0.284186,0.339986,0,24
1900-01-01 15:02:22.474,0.215029,0.284643,0.339775,0,24
1900-01-01 15:02:23.474,0.214321,0.285,0.3396,0,24
1900-01-01 15:02:24.474,0.214468,0.28406,0.340317,0,24
1900-01-01 15:02:25.474,0.215108,0.284574,0.34006,0,24
1900-01-01 15:02:26.474,0.214441,0.284102,0.340188,0,24
1900-01-01 15:02:27.474,0.215397,0.285761,0.340234,0,24
1900-01-01 15:02:28.474,0.214966,0.28479,0.339977,0,24
1900-01-01 15:02:29.474,0.215124,0.284868,0.340262,0,24
1900-01-01 15:02:30.474,0.215187,0.285499,0.340087,0,24
1900-01-01 15:02:31.474,0.21484,0.285183,0.34017,0,24
1900-01-01 15:02:32.474,0.214394,0.282784,0.339619,0,24
1900-01-01 15:02:33.474,0.214258,0.284538,0.340345,0,24
1900-01-01 15:02:34.474,0.214846,0.285036,0.340041,0,24
1900-01-01 15:02:35.474,0.214982,0.285745,0.339849,0,24
1900-01-01 15:02:36.474,0.215308,0.285225,0.340492,0,24
1900-01-01 15:02:37.474,0.215628,0.286375,0.340087,0,24
1900-01-01 15:02:38.474,0.215071,0.284564,0.340198,0,24
1900-01-01 15:02:39.474,0.215045,0.284942,0.340234,0,24
1900-01-01 15:02:40.474,0.214693,0.285015,0.34017,0,24
1900-01-01 15:02:41.474,0.214326,0.284895,0.340308,0,24
1900-01-01 15:02:42.474,0.214247,0.284427,0.340143,0,24
1900-01-01 15:02:43.474,0.214483,0.285136,0.340244,0,24
1900-01-01 15:02:44.474,0.214515,0.285136,0.340427,0,24
1900-01-01 15:02:45.474,0.214504,0.284196,0.340593,0,24
1900-01-01 15:02:46.474,0.215077,0.286276,0.340372,0,24
1900-01-01 15:02:47.474,0.214977,0.286328,0.340051,0,24
1900-01-01 15:02:48.474,0.215197,0.285693,0.34029,0,24
1900-01-01 15:02:49.474,0.215045,0.284637,0.340914,0,24
1900-01-01 15:02:50.474,0.214788,0.285656,0.340685,0,24
1900-01-01 15:02:51.474,0.214982,0.282973,0.340639,0,24
1900-01-01 15:02:52.474,0.214489,0.285005,0.34028,0,24
1900-01-01 15:02:53.474,0.215255,0.285084,0.340326,0,24
1900-01-01 15:02:54.474,0.214483,0.284317,0.340188,0,24
1900-01-01 15:02:55.474,0.214972,0.285168,0.340041,0,24
1900-01-01 15:02:56.474,0.21442,0.285961,0.340437,0,24
1900-01-01 15:02:57.474,0.215066,0.284622,0.340694,0,24
1900-01-01 15:02:58.474,0.215418,0.283671,0.340014,0,24
1900-01-01 15:02:59.474,0.215255,0.285567,0.339996,0,24
1900-01-01 15:03:00.474,0.215014,0.284349,0.339812,0,24
1900-01-01 15:03:01.474,0.214625,0.283656,0.339867,0,24
1900-01-01 15:03:02.474,0.213507,0.284118,0.339775,0,24
1900-01-01 15:03:03.474,0.214147,0.283577,0.340087,0,24
1900-01-01 15:03:04.474,0.214095,0.284028,0.339876,0,24
1900-01-01 15:03:05.474,0.214872,0.285562,0.340023,0,24
1900-01-01 15:03:06.474,0.215323,0.285462,0.339904,0,24
1900-01-01 15:03:07.474,0.21557,0.285625,0.339352,0,24
1900-01-01 15:03:08.474,0.214793,0.283918,0.339793,0,24
1900-01-01 15:03:09.474,0.21515,0.285068,0.339867,0,24
1900-01-01 15:03:10.474,0.214641,0.284942,0.339922,0,24
1900-01-01 15:03:11.474,0.214903,0.285703,0.339812,0,24
1900-01-01 15:03:12.474,0.214741,0.284727,0.339913,0,24
1900-01-01 15:03:13.474,0.214447,0.284832,0.339803,0,24
1900-01-01 15:03:14.474,0.214804,0.285047,0.34028,0,24
1900-01-01 15:03:15.474,0.214242,0.285052,0.339922,0,24
1900-01-01 15:03:16.474,0.214321,0.284753,0.339849,0,24
1900-01-01 15:03:17.474,0.214284,0.285084,0.340051,0,24
1900-01-01 15:03:18.474,0.214441,0.285215,0.339472,0,24
1900-01-01 15:03:19.474,0.214688,0.284149,0.339619,0,24
1900-01-01 15:03:20.474,0.214179,0.284464,0.339527,0,24
1900-01-01 15:03:21.474,0.214651,0.284805,0.340078,0,24
1900-01-01 15:03:22.474,0.214084,0.28563,0.340363,0,24
1900-01-01 15:03:23.474,0.214352,0.284181,0.339784,0,24
1900-01-01 15:03:24.474,0.21431,0.284175,0.339509,0,24
1900-01-01 15:03:25.474,0.214478,0.284879,0.339729,0,24
1900-01-01 15:03:26.474,0.214331,0.285084,0.339747,0,24
1900-01-01 15:03:27.474,0.214625,0.284989,0.339968,0,24
1900-01-01 15:03:28.474,0.215722,0.285509,0.339996,0,24
1900-01-01 15:03:29.474,0.214783,0.284837,0.340538,0,24
1900-01-01 15:03:30.474,0.214578,0.283309,0.339738,0,24
1900-01-01 15:03:31.474,0.214284,0.28375,0.339509,0,24
1900-01-01 15:03:32.474,0.214489,0.284186,0.339435,0,24
1900-01-01 15:03:33.474,0.214798,0.283687,0.339803,0,24
1900-01-01 15:03:34.474,0.214525,0.285241,0.339518,0,24
1900-01-01 15:03:35.474,0.214725,0.285556,0.339334,0,24
1900-01-01 15:03:36.474,0.214767,0.284821,0.33972,0,24
1900-01-01 15:03:37.474,0.214562,0.285173,0.340363,0,24
1900-01-01 15:03:38.474,0.215281,0.286328,0.340427,0,24
1900-01-01 15:03:39.474,0.215413,0.285735,0.340014,0,24
1900-01-01 15:03:40.474,0.215045,0.28449,0.340041,0,24
1900-01-01 15:03:41.474,0.215119,0.285168,0.3404,0,24
1900-01-01 15:03:42.474,0.214294,0.282963,0.340097,0,24
1900-01-01 15:03:43.474,0.214058,0.285351,0.340179,0,24
1900-01-01 15:03:44.474,0.215407,0.287126,0.339757,0,24
1900-01-01 15:03:45.474,0.214945,0.285,0.339931,0,24
1900-01-01 15:03:46.474,0.215161,0.284889,0.340234,0,24
1900-01-01 15:03:47.474,0.215082,0.284595,0.33983,0,24
1900-01-01 15:03:48.474,0.214935,0.284081,0.340271,0,24
1900-01-01 15:03:49.474,0.215245,0.28428,0.339913,0,24
1900-01-01 15:03:50.474,0.214462,0.283677,0.33983,0,24
1900-01-01 15:03:51.474,0.214562,0.284868,0.340335,0,24
1900-01-01 15:03:52.474,0.214273,0.284459,0.339766,0,24
1900-01-01 15:03:53.474,0.214352,0.284721,0.339968,0,24
1900-01-01 15:03:54.474,0.214699,0.283761,0.339509,0,24
1900-01-01 15:03:55.474,0.214683,0.285178,0.339931,0,24
1900-01-01 15:03:56.474,0.214515,0.284627,0.339564,0,24
1900-01-01 15:03:57.474,0.214793,0.285625,0.339591,0,24
1900-01-01 15:03:58.474,0.215014,0.28606,0.339849,0,24
1900-01-01 15:03:59.474,0.215113,0.285278,0.33995,0,24
1900-01-01 15:04:00.474,0.215161,0.284259,0.3404,0,24
1900-01-01 15:04:01.474,0.214478,0.283866,0.339876,0,24
1900-01-01 15:04:02.474,0.214972,0.28606,0.340069,0,24
1900-01-01 15:04:03.474,0.214562,0.284427,0.340198,0,24
1900-01-01 15:04:04.474,0.214672,0.283761,0.339858,0,24
1900-01-01 15:04:05.474,0.214709,0.28479,0.3396,0,24
1900-01-01 15:04:06.474,0.214683,0.283251,0.33927,0,24
1900-01-01 15:04:07.474,0.214237,0.283283,0.339858,0,24
1900-01-01 15:04:08.474,0.214615,0.284007,0.339628,0,24
1900-01-01 15:04:09.474,0.214767,0.284632,0.339242,0,24
1900-01-01 15:04:10.474,0.214047,0.283351,0.339362,0,24
1900-01-01 15:04:11.474,0.214636,0.283598,0.339408,0,24
1900-01-01 15:04:12.474,0.214499,0.285325,0.339509,0,24
1900-01-01 15:04:13.474,0.214226,0.284916,0.339793,0,24
1900-01-01 15:04:14.474,0.21494,0.284942,0.33995,0,24
1900-01-01 15:04:15.474,0.214903,0.285026,0.339711,0,24
1900-01-01 15:04:16.474,0.21526,0.284863,0.339913,0,24
1900-01-01 15:04:17.474,0.215003,0.284259,0.339325,0,24
1900-01-01 15:04:18.474,0.214867,0.285525,0.340005,0,24
1900-01-01 15:04:19.474,0.214536,0.283876,0.339904,0,24
1900-01-01 15:04:20.474,0.214583,0.284585,0.34017,0,24
1900-01-01 15:04:21.474,0.214326,0.284669,0.339702,0,24
1900-01-01 15:04:22.474,0.214835,0.283619,0.339288,0,24
1900-01-01 15:04:23.474,0.214945,0.284333,0.339178,0,24
1900-01-01 15:04:24.474,0.214762,0.284653,0.339169,0,24
1900-01-01 15:04:25.474,0.21494,0.284858,0.339453,0,24
1900-01-01 15:04:26.474,0.214573,0.285777,0.339435,0,24
1900-01-01 15:04:27.474,0.214604,0.284721,0.339683,0,24
1900-01-01 15:04:28.474,0.214147,0.284753,0.339729,0,24
1900-01-01 15:04:29.474,0.214714,0.283671,0.339628,0,24
1900-01-01 15:04:30.474,0.215003,0.285467,0.339389,0,24
1900-01-01 15:04:31.474,0.214515,0.2848,0.340188,0,24
1900-01-01 15:04:32.474,0.21442,0.284795,0.340326,0,24
1900-01-01 15:04:33.474,0.214861,0.285351,0.340188,0,24
1900-01-01 15:04:34.474,0.21442,0.284501,0.339784,0,24
1900-01-01 15:04:35.474,0.214347,0.283866,0.33972,0,24
1900-01-01 15:04:36.474,0.214468,0.284648,0.339518,0,24
1900-01-01 15:04:37.474,0.214326,0.284307,0.339894,0,24
1900-01-01 15:04:38.474,0.214441,0.285567,0.339573,0,24
1900-01-01 15:04:39.474,0.214735,0.284695,0.340124,0,24
1900-01-01 15:04:40.474,0.21547,0.284627,0.339646,0,24
1900-01-01 15:04:41.474,0.214987,0.284695,0.339784,0,24
1900-01-01 15:04:42.474,0.214105,0.283551,0.339371,0,24
1900-01-01 15:04:43.474,0.214599,0.284963,0.339711,0,24
1900-01-01 15:04:44.474,0.214562,0.285057,0.340115,0,24
1900-01-01 15:04:45.474,0.214531,0.283419,0.339555,0,24
1900-01-01 15:04:46.474,0.214552,0.284464,0.340087,0,24
1900-01-01 15:04:47.474,0.215497,0.285462,0.339646,0,24
1900-01-01 15:04:48.474,0.214462,0.283178,0.339178,0,24
1900-01-01 15:04:49.474,0.214541,0.285772,0.339343,0,24
1900-01-01 15:04:50.474,0.214914,0.284706,0.340161,0,24
1900-01-01 15:04:51.474,0.215155,0.284732,0.340032,0,24
1900-01-01 15:04:52.474,0.214909,0.284616,0.340234,0,24
1900-01-01 15:04:53.474,0.214604,0.284023,0.339904,0,24
1900-01-01 15:04:54.474,0.215092,0.284543,0.339858,0,24
1900-01-01 15:04:55.474,0.214326,0.284212,0.339711,0,24
1900-01-01 15:04:56.474,0.215182,0.28521,0.339472,0,24
1900-01-01 15:04:57.474,0.214646,0.28533,0.340133,0,24
1900-01-01 15:04:58.474,0.214625,0.284805,0.339858,0,24
1900-01-01 15:04:59.474,0.214483,0.284412,0.339904,0,24
1900-01-01 15:05:00.474,0.2142,0.283719,0.339123,0,24
1900-01-01 15:05:01.474,0.215035,0.283409,0.33938,0,24
1900-01-01 15:05:02.474,0.214457,0.284275,0.33961,0,24
1900-01-01 15:05:03.474,0.214163,0.283346,0.339683,0,24
1900-01-01 15:05:04.474,0.214,0.284123,0.339711,0,24
1900-01-01 15:05:05.474,0.214173,0.284196,0.339812,0,24
1900-01-01 15:05:06.474,0.214609,0.284968,0.339922,0,24
1900-01-01 15:05:07.474,0.214536,0.284643,0.339729,0,24
1900-01-01 15:05:08.474,0.215428,0.284753,0.339371,0,24
1900-01-01 15:05:09.474,0.214426,0.284065,0.339619,0,24
1900-01-01 15:05:10.474,0.214646,0.284396,0.339904,0,24
1900-01-01 15:05:11.474,0.213958,0.284149,0.339389,0,24
1900-01-01 15:05:12.474,0.214447,0.285136,0.339555,0,24
1900-01-01 15:05:13.474,0.214525,0.284989,0.339582,0,24
1900-01-01 15:05:14.474,0.214252,0.284097,0.339444,0,24
1900-01-01 15:05:15.474,0.214567,0.284758,0.339628,0,24
1900-01-01 15:05:16.474,0.214919,0.284233,0.33972,0,24
1900-01-01 15:05:17.474,0.214473,0.283871,0.339637,0,24
1900-01-01 15:05:18.474,0.214489,0.28458,0.339729,0,24
1900-01-01 15:05:19.474,0.21389,0.283902,0.33938,0,24
1900-01-01 15:05:20.474,0.214131,0.283561,0.339141,0,24
1900-01-01 15:05:21.474,0.213864,0.284249,0.339012,0,24
1900-01-01 15:05:22.474,0.214021,0.283593,0.339159,0,24
1900-01-01 15:05:23.474,0.2141,0.284312,0.339251,0,24
1900-01-01 15:05:24.474,0.214163,0.283866,0.339784,0,24
1900-01-01 15:05:25.474,0.214131,0.283955,0.339793,0,24
1900-01-01 15:05:26.474,0.214441,0.28374,0.338957,0,24
1900-01-01 15:05:27.474,0.214562,0.28606,0.339003,0,24
1900-01-01 15:05:28.474,0.214735,0.28458,0.339702,0,24
1900-01-01 15:05:29.474,0.214515,0.284895,0.339435,0,24
1900-01-01 15:05:30.474,0.214767,0.283125,0.339729,0,24
1900-01-01 15:05:31.474,0.214846,0.284826,0.339738,0,24
1900-01-01 15:05:32.474,0.214331,0.283587,0.339077,0,24
1900-01-01 15:05:33.474,0.214399,0.284548,0.339159,0,24
1900-01-01 15:05:34.474,0.214079,0.284359,0.338985,0,24
1900-01-01 15:05:35.474,0.214011,0.28374,0.339545,0,24
1900-01-01 15:05:36.474,0.214478,0.28438,0.339095,0,24
1900-01-01 15:05:37.474,0.215035,0.283734,0.339784,0,24
1900-01-01 15:05:38.474,0.214478,0.284874,0.339426,0,24
1900-01-01 15:05:39.474,0.21484,0.283052,0.33847,0,24
1900-01-01 15:05:40.474,0.214982,0.284753,0.339261,0,24
1900-01-01 15:05:41.474,0.214541,0.285934,0.339637,0,24
1900-01-01 15:05:42.474,0.214074,0.285241,0.339619,0,24
1900-01-01 15:05:43.474,0.214683,0.283414,0.339591,0,24
1900-01-01 15:05:44.474,0.21484,0.284133,0.339702,0,24
1900-01-01 15:05:45.474,0.215061,0.28491,0.339674,0,24
1900-01-01 15:05:46.474,0.214867,0.284181,0.339444,0,24
1900-01-01 15:05:47.474,0.215155,0.285325,0.339481,0,24
1900-01-01 15:05:48.474,0.215365,0.28396,0.339555,0,24
1900-01-01 15:05:49.474,0.214594,0.284968,0.339738,0,24
1900-01-01 15:05:50.474,0.21451,0.283251,0.340097,0,24
1900-01-01 15:05:51.474,0.214415,0.284538,0.339766,0,24
1900-01-01 15:05:52.474,0.214588,0.284753,0.339242,0,24
1900-01-01 15:05:53.474,0.214599,0.283362,0.339463,0,24
1900-01-01 15:05:54.474,0.214,0.283047,0.339426,0,24
1900-01-01 15:05:55.474,0.214756,0.285562,0.339389,0,24
1900-01-01 15:05:56.474,0.214699,0.284454,0.340005,0,24
1900-01-01 15:05:57.474,0.214447,0.284265,0.339747,0,24
1900-01-01 15:05:58.474,0.214531,0.284443,0.339426,0,24
1900-01-01 15:05:59.474,0.215103,0.284186,0.339316,0,24
1900-01-01 15:06:00.474,0.21462,0.285404,0.33961,0,24
1900-01-01 15:06:01.474,0.21421,0.284664,0.340234,0,24
1900-01-01 15:06:02.474,0.214137,0.283855,0.339665,0,24
1900-01-01 15:06:03.474,0.214515,0.283845,0.339582,0,24
1900-01-01 15:06:04.474,0.214462,0.284181,0.339408,0,24
1900-01-01 15:06:05.474,0.214578,0.2847,0.339306,0,24
1900-01-01 15:06:06.474,0.214394,0.284081,0.339793,0,24
1900-01-01 15:06:07.474,0.214173,0.283393,0.339058,0,24
1900-01-01 15:06:08.474,0.214452,0.284774,0.339408,0,24
1900-01-01 15:06:09.474,0.214504,0.283797,0.339555,0,24
1900-01-01 15:06:10.474,0.21484,0.284522,0.339362,0,24
1900-01-01 15:06:11.474,0.214121,0.283834,0.339251,0,24
1900-01-01 15:06:12.474,0.214646,0.284448,0.339435,0,24
1900-01-01 15:06:13.474,0.214909,0.285189,0.339646,0,24
1900-01-01 15:06:14.474,0.214977,0.284753,0.339453,0,24
1900-01-01 15:06:15.474,0.215024,0.284517,0.339261,0,24
1900-01-01 15:06:16.474,0.214226,0.284286,0.339215,0,24
1900-01-01 15:06:17.474,0.215077,0.284973,0.339793,0,24
1900-01-01 15:06:18.474,0.215255,0.284853,0.339977,0,24
1900-01-01 15:06:19.474,0.21463,0.283509,0.339564,0,24
1900-01-01 15:06:20.474,0.214426,0.284097,0.339316,0,24
1900-01-01 15:06:21.474,0.214431,0.283577,0.339876,0,24
1900-01-01 15:06:22.474,0.213927,0.283362,0.340179,0,24
1900-01-01 15:06:23.474,0.214074,0.284265,0.33915,0,24
1900-01-01 15:06:24.474,0.214268,0.284412,0.339582,0,24
1900-01-01 15:06:25.474,0.214194,0.284559,0.339334,0,24
1900-01-01 15:06:26.474,0.214657,0.284994,0.339022,0,24
1900-01-01 15:06:27.474,0.214704,0.28521,0.339371,0,24
1900-01-01 15:06:28.474,0.214294,0.286396,0.340179,0,24
1900-01-01 15:06:29.474,0.214919,0.284664,0.339481,0,24
1900-01-01 15:06:30.474,0.214636,0.284354,0.339766,0,24
1900-01-01 15:06:31.474,0.214331,0.283456,0.339306,0,24
1900-01-01 15:06:32.474,0.21462,0.285499,0.339738,0,24
1900-01-01 15:06:33.474,0.214861,0.285341,0.340115,0,24
1900-01-01 15:06:34.474,0.215423,0.284049,0.339555,0,24
1900-01-01 15:06:35.474,0.214515,0.285383,0.339849,0,24
1900-01-01 15:06:36.474,0.214709,0.284359,0.339334,0,24
1900-01-01 15:06:37.474,0.214494,0.282574,0.339261,0,24
1900-01-01 15:06:38.474,0.214798,0.284391,0.339233,0,24
1900-01-01 15:06:39.474,0.21494,0.28479,0.33949,0,24
1900-01-01 15:06:40.474,0.214447,0.285309,0.339821,0,24
1900-01-01 15:06:41.474,0.214462,0.285551,0.339619,0,24
1900-01-01 15:06:42.474,0.213916,0.284018,0.339536,0,24
1900-01-01 15:06:43.474,0.214662,0.285966,0.339729,0,24
1900-01-01 15:06:44.474,0.214882,0.283582,0.339334,0,24
1900-01-01 15:06:45.474,0.214441,0.284364,0.339619,0,24
1900-01-01 15:06:46.474,0.214657,0.285262,0.339215,0,24
1900-01-01 15:06:47.474,0.214993,0.284595,0.339463,0,24
1900-01-01 15:06:48.474,0.214468,0.285073,0.339858,0,24
1900-01-01 15:06:49.474,0.215554,0.285898,0.339453,0,24
1900-01-01 15:06:50.474,0.214877,0.284212,0.339766,0,24
1900-01-01 15:06:51.474,0.214399,0.284921,0.339959,0,24
1900-01-01 15:06:52.474,0.214867,0.283929,0.339389,0,24
1900-01-01 15:06:53.474,0.214352,0.284244,0.339362,0,24
1900-01-01 15:06:54.474,0.214966,0.28438,0.339812,0,24
1900-01-01 15:06:55.474,0.214121,0.283955,0.33961,0,24
1900-01-01 15:06:56.474,0.214489,0.284359,0.338875,0,24
1900-01-01 15:06:57.474,0.214053,0.28512,0.339573,0,24
1900-01-01 15:06:58.474,0.215523,0.286118,0.339821,0,24
1900-01-01 15:06:59.474,0.215329,0.285478,0.339812,0,24
1900-01-01 15:07:00.474,0.21483,0.284826,0.340005,0,24
1900-01-01 15:07:01.474,0.214846,0.286076,0.340317,0,24
1900-01-01 15:07:02.474,0.214095,0.284973,0.340216,0,24
1900-01-01 15:07:03.474,0.214793,0.284165,0.339766,0,24
1900-01-01 15:07:04.474,0.214919,0.284784,0.339849,0,24
1900-01-01 15:07:05.474,0.214762,0.285225,0.340078,0,24
1900-01-01 15:07:06.474,0.214473,0.283792,0.339839,0,24
1900-01-01 15:07:07.474,0.214026,0.28353,0.33994,0,24
1900-01-01 15:07:08.474,0.214725,0.285078,0.339242,0,24
1900-01-01 15:07:09.474,0.21484,0.284002,0.339702,0,24
1900-01-01 15:07:10.474,0.214762,0.284412,0.33938,0,24
1900-01-01 15:07:11.474,0.214735,0.285803,0.340032,0,24
1900-01-01 15:07:12.474,0.215512,0.284721,0.339509,0,24
1900-01-01 15:07:13.474,0.215014,0.285478,0.33983,0,24
1900-01-01 15:07:14.474,0.214714,0.283876,0.3396,0,24
1900-01-01 15:07:15.474,0.214384,0.28533,0.339536,0,24
1900-01-01 15:07:16.474,0.214588,0.284816,0.339463,0,24
1900-01-01 15:07:17.474,0.215439,0.285052,0.339885,0,24
1900-01-01 15:07:18.474,0.214678,0.284396,0.339674,0,24
1900-01-01 15:07:19.474,0.214184,0.284779,0.339408,0,24
1900-01-01 15:07:20.474,0.214594,0.284496,0.339674,0,24
1900-01-01 15:07:21.474,0.214415,0.285084,0.339362,0,24
1900-01-01 15:07:22.474,0.214221,0.28364,0.339674,0,24
1900-01-01 15:07:23.474,0.214552,0.284706,0.339582,0,24
1900-01-01 15:07:24.474,0.214247,0.283918,0.339665,0,24
1900-01-01 15:07:25.474,0.215019,0.284459,0.339757,0,24
1900-01-01 15:07:26.474,0.214567,0.285047,0.339904,0,24
1900-01-01 15:07:27.474,0.214562,0.28332,0.339738,0,24
1900-01-01 15:07:28.474,0.214735,0.284464,0.339408,0,24
1900-01-01 15:07:29.474,0.214489,0.284254,0.339545,0,24
1900-01-01 15:07:30.474,0.213948,0.282275,0.339463,0,24
1900-01-01 15:07:31.474,0.214541,0.283241,0.339086,0,24
1900-01-01 15:07:32.474,0.213848,0.283094,0.339499,0,24
1900-01-01 15:07:33.474,0.214089,0.285992,0.339527,0,24
1900-01-01 15:07:34.474,0.214987,0.286638,0.339803,0,24
1900-01-01 15:07:35.474,0.214966,0.283892,0.339793,0,24
1900-01-01 15:07:36.474,0.215444,0.284354,0.33994,0,24
1900-01-01 15:07:37.474,0.214982,0.285583,0.340133,0,24
1900-01-01 15:07:38.474,0.214693,0.284312,0.339922,0,24
1900-01-01 15:07:39.474,0.214924,0.285168,0.33983,0,24
1900-01-01 15:07:40.474,0.214825,0.285409,0.340014,0,24
1900-01-01 15:07:41.474,0.214972,0.285099,0.340124,0,24
1900-01-01 15:07:42.474,0.214846,0.284527,0.340115,0,24
1900-01-01 15:07:43.474,0.214058,0.28344,0.340225,0,24
1900-01-01 15:07:44.474,0.214205,0.283708,0.340299,0,24
1900-01-01 15:07:45.474,0.214609,0.284779,0.340308,0,24
1900-01-01 15:07:46.474,0.214615,0.284858,0.339453,0,24
1900-01-01 15:07:47.474,0.215192,0.285583,0.339812,0,24
1900-01-01 15:07:48.474,0.214641,0.285336,0.340005,0,24
1900-01-01 15:07:49.474,0.215796,0.285651,0.340216,0,24
1900-01-01 15:07:50.474,0.215077,0.285961,0.340234,0,24
1900-01-01 15:07:51.474,0.214756,0.285115,0.340464,0,24
1900-01-01 15:07:52.474,0.214258,0.284401,0.340712,0,24
1900-01-01 15:07:53.474,0.214898,0.284343,0.339821,0,24
1900-01-01 15:07:54.474,0.214909,0.284412,0.340115,0,24
1900-01-01 15:07:55.474,0.214578,0.284863,0.339959,0,24
1900-01-01 15:07:56.474,0.214231,0.283351,0.339986,0,24
1900-01-01 15:07:57.474,0.214058,0.284417,0.339435,0,24
1900-01-01 15:07:58.474,0.213648,0.28269,0.339591,0,24
1900-01-01 15:07:59.474,0.213848,0.284391,0.339389,0,24
1900-01-01 15:08:00.474,0.214152,0.285073,0.339058,0,24
1900-01-01 15:08:01.474,0.214494,0.2849,0.339472,0,24
1900-01-01 15:08:02.474,0.215602,0.284926,0.339913,0,24
1900-01-01 15:08:03.474,0.214667,0.285583,0.339555,0,24
1900-01-01 15:08:04.474,0.21421,0.284506,0.339931,0,24
1900-01-01 15:08:05.474,0.214273,0.284569,0.339665,0,24
1900-01-01 15:08:06.474,0.214914,0.284044,0.339885,0,24
1900-01-01 15:08:07.474,0.214515,0.284748,0.338957,0,24
1900-01-01 15:08:08.474,0.214819,0.285882,0.339233,0,24
1900-01-01 15:08:09.474,0.21421,0.284359,0.339793,0,24
1900-01-01 15:08:10.474,0.214641,0.283241,0.339996,0,24
1900-01-01 15:08:11.474,0.215192,0.285509,0.339793,0,24
1900-01-01 15:08:12.474,0.214531,0.28479,0.339839,0,24
1900-01-01 15:08:13.474,0.214289,0.284485,0.339426,0,24
1900-01-01 15:08:14.474,0.214483,0.284149,0.33994,0,24
1900-01-01 15:08:15.474,0.214746,0.284968,0.339913,0,24
1900-01-01 15:08:16.474,0.214735,0.284328,0.339931,0,24
1900-01-01 15:08:17.474,0.214473,0.282333,0.339674,0,24
1900-01-01 15:08:18.474,0.214,0.283818,0.339839,0,24
1900-01-01 15:08:19.474,0.214205,0.284538,0.339665,0,24
1900-01-01 15:08:20.474,0.214258,0.283871,0.339591,0,24
1900-01-01 15:08:21.474,0.214252,0.28449,0.339747,0,24
1900-01-01 15:08:22.474,0.21472,0.286155,0.339582,0,24
1900-01-01 15:08:23.474,0.2142,0.283141,0.339426,0,24
1900-01-01 15:08:24.474,0.214699,0.284543,0.339426,0,24
1900-01-01 15:08:25.474,0.214699,0.283803,0.339316,0,24
1900-01-01 15:08:26.474,0.214331,0.284002,0.339435,0,24
1900-01-01 15:08:27.474,0.213916,0.284301,0.339885,0,24
1900-01-01 15:08:28.474,0.214788,0.284275,0.339472,0,24
1900-01-01 15:08:29.474,0.213659,0.283692,0.339215,0,24
1900-01-01 15:08:30.474,0.214625,0.284574,0.3396,0,24
1900-01-01 15:08:31.474,0.214173,0.283913,0.339288,0,24
1900-01-01 15:08:32.474,0.214756,0.28458,0.339371,0,24
1900-01-01 15:08:33.474,0.213769,0.283713,0.339674,0,24
1900-01-01 15:08:34.474,0.214457,0.284301,0.339426,0,24
1900-01-01 15:08:35.474,0.21546,0.286654,0.339894,0,24
1900-01-01 15:08:36.474,0.214972,0.286407,0.339821,0,24
1900-01-01 15:08:37.474,0.215502,0.285336,0.339775,0,24
1900-01-01 15:08:38.474,0.215203,0.285215,0.340262,0,24
1900-01-01 15:08:39.474,0.215455,0.284669,0.339959,0,24
1900-01-01 15:08:40.474,0.214368,0.284385,0.340207,0,24
1900-01-01 15:08:41.474,0.214473,0.285194,0.340326,0,24
1900-01-01 15:08:42.474,0.215161,0.284816,0.340528,0,24
1900-01-01 15:08:43.474,0.214562,0.283278,0.340041,0,24
1900-01-01 15:08:44.474,0.214478,0.28407,0.33938,0,24
1900-01-01 15:08:45.474,0.214546,0.284763,0.339858,0,24
1900-01-01 15:08:46.474,0.214447,0.28437,0.340198,0,24
1900-01-01 15:08:47.474,0.214368,0.285866,0.339931,0,24
1900-01-01 15:08:48.474,0.214861,0.285803,0.340133,0,24
1900-01-01 15:08:49.474,0.214436,0.284931,0.339904,0,24
1900-01-01 15:08:50.474,0.21442,0.284002,0.339839,0,24
1900-01-01 15:08:51.474,0.21421,0.284748,0.340115,0,24
1900-01-01 15:08:52.474,0.215371,0.285309,0.340363,0,24
1900-01-01 15:08:53.474,0.214562,0.283845,0.34029,0,24
1900-01-01 15:08:54.474,0.213948,0.283409,0.340188,0,24
1900-01-01 15:08:55.474,0.214447,0.284118,0.339757,0,24
1900-01-01 15:08:56.474,0.21431,0.284433,0.339702,0,24
1900-01-01 15:08:57.474,0.215124,0.285982,0.339527,0,24
1900-01-01 15:08:58.474,0.214672,0.284979,0.339757,0,24
1900-01-01 15:08:59.474,0.214861,0.286186,0.340161,0,24
1900-01-01 15:09:00.474,0.214987,0.285162,0.340207,0,24
1900-01-01 15:09:01.474,0.214426,0.284485,0.340391,0,24
1900-01-01 15:09:02.474,0.21451,0.283881,0.339922,0,24
1900-01-01 15:09:03.474,0.214105,0.283881,0.339637,0,24
1900-01-01 15:09:04.474,0.214005,0.285105,0.340124,0,24
1900-01-01 15:09:05.474,0.214289,0.285646,0.340234,0,24
1900-01-01 15:09:06.474,0.2141,0.285793,0.340225,0,24
1900-01-01 15:09:07.474,0.215234,0.285204,0.340225,0,24
1900-01-01 15:09:08.474,0.214956,0.284522,0.340492,0,24
1900-01-01 15:09:09.474,0.214636,0.285856,0.340556,0,24
1900-01-01 15:09:10.474,0.214399,0.284821,0.339784,0,24
1900-01-01 15:09:11.474,0.214609,0.284532,0.339894,0,24
1900-01-01 15:09:12.474,0.214725,0.284732,0.339977,0,24
1900-01-01 15:09:13.474,0.214546,0.28416,0.339894,0,24
1900-01-01 15:09:14.474,0.213953,0.284496,0.339858,0,24
1900-01-01 15:09:15.474,0.214074,0.284443,0.340005,0,24
1900-01-01 15:09:16.474,0.214725,0.286559,0.339747,0,24
1900-01-01 15:09:17.474,0.214562,0.28311,0.339646,0,24
1900-01-01 15:09:18.474,0.213785,0.282789,0.339362,0,24
1900-01-01 15:09:19.474,0.214331,0.284968,0.339784,0,24
1900-01-01 15:09:20.474,0.214646,0.285908,0.339637,0,24
1900-01-01 15:09:21.474,0.214347,0.284165,0.339536,0,24
1900-01-01 15:09:22.474,0.214331,0.286055,0.339665,0,24
1900-01-01 15:09:23.474,0.215066,0.285283,0.339306,0,24
1900-01-01 15:09:24.474,0.21493,0.284028,0.340244,0,24
1900-01-01 15:09:25.474,0.214373,0.286349,0.339986,0,24
1900-01-01 15:09:26.474,0.215344,0.284286,0.34006,0,24
1900-01-01 15:09:27.474,0.215071,0.285362,0.339885,0,24
1900-01-01 15:09:28.474,0.215381,0.283881,0.339573,0,24
1900-01-01 15:09:29.474,0.214357,0.283577,0.339867,0,24
1900-01-01 15:09:30.474,0.21441,0.285457,0.340133,0,24
1900-01-01 15:09:31.474,0.214741,0.284417,0.339959,0,24
1900-01-01 15:09:32.474,0.214405,0.284816,0.340115,0,24
1900-01-01 15:09:33.474,0.21556,0.285168,0.339692,0,24
1900-01-01 15:09:34.474,0.214557,0.284002,0.339858,0,24
1900-01-01 15:09:35.474,0.215371,0.28595,0.339444,0,24
1900-01-01 15:09:36.474,0.215208,0.285309,0.339692,0,24
1900-01-01 15:09:37.474,0.214756,0.286123,0.339959,0,24
1900-01-01 15:09:38.474,0.215061,0.285105,0.339536,0,24
1900-01-01 15:09:39.474,0.21505,0.285982,0.340051,0,24
1900-01-01 15:09:40.474,0.215161,0.285751,0.340023,0,24
1900-01-01 15:09:41.474,0.214657,0.282716,0.340124,0,24
1900-01-01 15:09:42.474,0.215481,0.285204,0.339545,0,24
1900-01-01 15:09:43.474,0.215245,0.285131,0.339031,0,24
1900-01-01 15:09:44.474,0.215465,0.284758,0.336881,0,24
1900-01-01 15:09:45.474,0.214872,0.284433,0.337984,0,24
1900-01-01 15:09:46.474,0.21484,0.28469,0.339986,0,24
1900-01-01 15:09:47.474,0.214531,0.284826,0.33961,0,24
1900-01-01 15:09:48.474,0.214552,0.285068,0.339674,0,24
1900-01-01 15:09:49.474,0.21441,0.284233,0.339444,0,24
1900-01-01 15:09:50.474,0.214321,0.285299,0.339711,0,24
1900-01-01 15:09:51.474,0.214231,0.283624,0.340198,0,24
1900-01-01 15:09:52.474,0.214762,0.28501,0.339784,0,24
1900-01-01 15:09:53.474,0.213774,0.284401,0.339509,0,24
1900-01-01 15:09:54.474,0.214368,0.284648,0.339711,0,24
1900-01-01 15:09:55.474,0.214594,0.285168,0.339683,0,24
1900-01-01 15:09:56.474,0.214573,0.284753,0.340051,0,24
1900-01-01 15:09:57.474,0.214793,0.284984,0.339821,0,24
1900-01-01 15:09:58.474,0.214798,0.285194,0.340253,0,24
1900-01-01 15:09:59.474,0.214215,0.284349,0.339656,0,24
1900-01-01 15:10:00.474,0.214389,0.284947,0.339757,0,24
1900-01-01 15:10:01.474,0.213858,0.284081,0.339417,0,24
1900-01-01 15:10:02.474,0.214237,0.284559,0.339747,0,24
1900-01-01 15:10:03.474,0.214473,0.284223,0.340014,0,24
1900-01-01 15:10:04.474,0.213869,0.284028,0.339738,0,24
1900-01-01 15:10:05.474,0.214032,0.284895,0.339389,0,24
1900-01-01 15:10:06.474,0.214867,0.285919,0.339692,0,24
1900-01-01 15:10:07.474,0.214473,0.28437,0.339665,0,24
1900-01-01 15:10:08.474,0.214531,0.284223,0.339527,0,24
1900-01-01 15:10:09.474,0.214504,0.284926,0.339729,0,24
1900-01-01 15:10:10.474,0.214357,0.28311,0.339867,0,24
1900-01-01 15:10:11.474,0.214084,0.284847,0.339646,0,24
1900-01-01 15:10:12.474,0.214473,0.284564,0.340152,0,24
1900-01-01 15:10:13.474,0.214168,0.284055,0.339564,0,24
1900-01-01 15:10:14.474,0.214137,0.284574,0.339637,0,24
1900-01-01 15:10:15.474,0.21431,0.284275,0.339637,0,24
1900-01-01 15:10:16.474,0.214342,0.284343,0.339674,0,24
1900-01-01 15:10:17.474,0.214037,0.283803,0.339738,0,24
1900-01-01 15:10:18.474,0.214625,0.285315,0.339775,0,24
1900-01-01 15:10:19.474,0.213979,0.285073,0.339665,0,24
1900-01-01 15:10:20.474,0.214861,0.284606,0.340124,0,24
1900-01-01 15:10:21.474,0.214625,0.284748,0.339986,0,24
1900-01-01 15:10:22.474,0.213953,0.285031,0.339839,0,24
1900-01-01 15:10:23.474,0.214384,0.284837,0.339637,0,24
1900-01-01 15:10:24.474,0.214583,0.284989,0.340152,0,24
1900-01-01 15:10:25.474,0.214846,0.285457,0.340115,0,24
1900-01-01 15:10:26.474,0.214221,0.284821,0.33938,0,24
1900-01-01 15:10:27.474,0.214268,0.285499,0.339426,0,24
1900-01-01 15:10:28.474,0.214693,0.284349,0.339683,0,24
1900-01-01 15:10:29.474,0.214116,0.284317,0.339564,0,24
1900-01-01 15:10:30.474,0.214483,0.286087,0.339858,0,24
1900-01-01 15:10:31.474,0.214305,0.284412,0.339803,0,24
1900-01-01 15:10:32.474,0.21462,0.285887,0.34028,0,24
1900-01-01 15:10:33.474,0.21462,0.283509,0.339656,0,24
1900-01-01 15:10:34.474,0.214179,0.284832,0.340014,0,24
1900-01-01 15:10:35.474,0.214903,0.285672,0.339812,0,24
1900-01-01 15:10:36.474,0.214788,0.285798,0.339398,0,24
1900-01-01 15:10:37.474,0.214457,0.284795,0.33983,0,24
1900-01-01 15:10:38.474,0.21411,0.285115,0.339683,0,24
1900-01-01 15:10:39.474,0.213932,0.284543,0.339591,0,24
1900-01-01 15:10:40.474,0.214835,0.285105,0.339518,0,24
1900-01-01 15:10:41.474,0.214609,0.285204,0.339674,0,24
1900-01-01 15:10:42.474,0.214499,0.284569,0.339812,0,24
1900-01-01 15:10:43.474,0.21525,0.284952,0.339757,0,24
1900-01-01 15:10:44.474,0.213864,0.285141,0.33961,0,24
1900-01-01 15:10:45.474,0.2143,0.284401,0.3396,0,24
1900-01-01 15:10:46.474,0.214194,0.284695,0.339747,0,24
1900-01-01 15:10:47.474,0.214893,0.286087,0.339757,0,24
1900-01-01 15:10:48.474,0.214126,0.283262,0.339996,0,24
1900-01-01 15:10:49.474,0.214189,0.284842,0.339959,0,24
1900-01-01 15:10:50.474,0.214583,0.285304,0.340005,0,24
1900-01-01 15:10:51.474,0.214825,0.286444,0.340051,0,24
1900-01-01 15:10:52.474,0.214814,0.284459,0.339536,0,24
1900-01-01 15:10:53.474,0.214583,0.284622,0.340207,0,24
1900-01-01 15:10:54.474,0.214825,0.285236,0.340446,0,24
1900-01-01 15:10:55.474,0.214557,0.285488,0.340124,0,24
1900-01-01 15:10:56.474,0.214247,0.284055,0.339913,0,24
1900-01-01 15:10:57.474,0.214945,0.285509,0.339711,0,24
1900-01-01 15:10:58.474,0.214594,0.284354,0.339398,0,24
1900-01-01 15:10:59.474,0.214137,0.28364,0.339702,0,24
1900-01-01 15:11:00.474,0.213591,0.284013,0.339922,0,24
1900-01-01 15:11:01.474,0.214699,0.285173,0.33972,0,24
1900-01-01 15:11:02.474,0.214725,0.284501,0.340087,0,24
1900-01-01 15:11:03.474,0.214363,0.284349,0.339858,0,24
1900-01-01 15:11:04.474,0.214468,0.284658,0.339499,0,24
1900-01-01 15:11:05.474,0.214678,0.28594,0.339784,0,24
1900-01-01 15:11:06.474,0.214315,0.285472,0.340005,0,24
1900-01-01 15:11:07.474,0.214903,0.284858,0.339849,0,24
1900-01-01 15:11:08.474,0.21504,0.285378,0.34028,0,24
1900-01-01 15:11:09.474,0.214184,0.283871,0.339747,0,24
1900-01-01 15:11:10.474,0.214074,0.283892,0.339986,0,24
1900-01-01 15:11:11.474,0.214578,0.285157,0.340014,0,24
1900-01-01 15:11:12.474,0.214342,0.284895,0.339904,0,24
1900-01-01 15:11:13.474,0.214326,0.285,0.340051,0,24
1900-01-01 15:11:14.474,0.214657,0.284349,0.33994,0,24
1900-01-01 15:11:15.474,0.214693,0.284049,0.339729,0,24
1900-01-01 15:11:16.474,0.214704,0.284779,0.33994,0,24
1900-01-01 15:11:17.474,0.214095,0.28479,0.339398,0,24
1900-01-01 15:11:18.474,0.21484,0.284784,0.339408,0,24
1900-01-01 15:11:19.474,0.214426,0.283577,0.339986,0,24
1900-01-01 15:11:20.474,0.214231,0.285393,0.340262,0,24
1900-01-01 15:11:21.474,0.215413,0.286874,0.34028,0,24
1900-01-01 15:11:22.474,0.214924,0.28417,0.339996,0,24
1900-01-01 15:11:23.474,0.214583,0.283923,0.339821,0,24
1900-01-01 15:11:24.474,0.214126,0.285404,0.340014,0,24
1900-01-01 15:11:25.474,0.214861,0.284832,0.340317,0,24
1900-01-01 15:11:26.474,0.214956,0.285362,0.340482,0,24
1900-01-01 15:11:27.474,0.215087,0.285393,0.340694,0,24
1900-01-01 15:11:28.474,0.214646,0.283944,0.340207,0,24
1900-01-01 15:11:29.474,0.214546,0.284459,0.339922,0,24
1900-01-01 15:11:30.474,0.214636,0.285299,0.339894,0,24
1900-01-01 15:11:31.474,0.214867,0.285031,0.340317,0,24
1900-01-01 15:11:32.474,0.214378,0.284895,0.33994,0,24
1900-01-01 15:11:33.474,0.214515,0.283871,0.34006,0,24
1900-01-01 15:11:34.474,0.21451,0.285,0.339775,0,24
1900-01-01 15:11:35.474,0.214284,0.284795,0.339637,0,24
1900-01-01 15:11:36.474,0.214609,0.285278,0.339858,0,24
1900-01-01 15:11:37.474,0.214252,0.284685,0.339738,0,24
1900-01-01 15:11:38.474,0.214457,0.285126,0.339931,0,24
1900-01-01 15:11:39.474,0.214546,0.286144,0.340244,0,24
1900-01-01 15:11:40.474,0.214872,0.285378,0.340069,0,24
1900-01-01 15:11:41.474,0.214798,0.285562,0.340078,0,24
1900-01-01 15:11:42.474,0.215334,0.284396,0.340446,0,24
1900-01-01 15:11:43.474,0.214914,0.284212,0.339849,0,24
1900-01-01 15:11:44.474,0.215512,0.284847,0.339738,0,24
1900-01-01 15:11:45.474,0.214651,0.285992,0.340133,0,24
1900-01-01 15:11:46.474,0.214961,0.285346,0.33995,0,24
1900-01-01 15:11:47.474,0.215392,0.284716,0.339674,0,24
1900-01-01 15:11:48.474,0.214184,0.285672,0.340391,0,24
1900-01-01 15:11:49.474,0.214725,0.284779,0.340097,0,24
1900-01-01 15:11:50.474,0.214247,0.284989,0.339996,0,24
1900-01-01 15:11:51.474,0.214882,0.284532,0.33994,0,24
1900-01-01 15:11:52.474,0.21514,0.285304,0.339922,0,24
1900-01-01 15:11:53.474,0.214609,0.285856,0.340482,0,24
1900-01-01 15:11:54.474,0.214893,0.284937,0.340225,0,24
1900-01-01 15:11:55.474,0.214725,0.28533,0.339959,0,24
1900-01-01 15:11:56.474,0.215129,0.286549,0.340335,0,24
1900-01-01 15:11:57.474,0.215056,0.285309,0.340372,0,24
1900-01-01 15:11:58.474,0.214851,0.284664,0.340519,0,24
1900-01-01 15:11:59.474,0.215292,0.287457,0.340574,0,24
1900-01-01 15:12:00.474,0.215245,0.285115,0.340391,0,24
1900-01-01 15:12:01.474,0.214961,0.284186,0.339729,0,24
1900-01-01 15:12:02.474,0.214987,0.285105,0.339894,0,24
1900-01-01 15:12:03.474,0.214573,0.284412,0.33995,0,24
1900-01-01 15:12:04.474,0.214809,0.283934,0.340262,0,24
1900-01-01 15:12:05.474,0.214667,0.284648,0.339968,0,24
1900-01-01 15:12:06.474,0.21411,0.283467,0.339913,0,24
1900-01-01 15:12:07.474,0.21411,0.284847,0.339793,0,24
1900-01-01 15:12:08.474,0.214405,0.285325,0.339389,0,24
1900-01-01 15:12:09.474,0.214956,0.284517,0.339536,0,24
1900-01-01 15:12:10.474,0.213853,0.284842,0.340152,0,24
1900-01-01 15:12:11.474,0.214636,0.285425,0.340335,0,24
1900-01-01 15:12:12.474,0.21421,0.284832,0.340097,0,24
1900-01-01 15:12:13.474,0.214693,0.284454,0.340207,0,24
1900-01-01 15:12:14.474,0.215329,0.287163,0.340317,0,24
1900-01-01 15:12:15.474,0.214578,0.284532,0.340207,0,24
1900-01-01 15:12:16.474,0.214851,0.284753,0.340198,0,24
1900-01-01 15:12:17.474,0.215192,0.28573,0.340372,0,24
1900-01-01 15:12:18.474,0.214279,0.283477,0.340354,0,24
1900-01-01 15:12:19.474,0.214573,0.283708,0.340262,0,24
1900-01-01 15:12:20.474,0.214158,0.285299,0.340032,0,24
1900-01-01 15:12:21.474,0.214667,0.284532,0.339674,0,24
1900-01-01 15:12:22.474,0.214237,0.284312,0.340143,0,24
1900-01-01 15:12:23.474,0.215224,0.285903,0.340446,0,24
1900-01-01 15:12:24.474,0.215229,0.285651,0.339931,0,24
1900-01-01 15:12:25.474,0.214961,0.2847,0.339922,0,24
1900-01-01 15:12:26.474,0.214152,0.284653,0.339858,0,24
1900-01-01 15:12:27.474,0.214625,0.285966,0.340262,0,24
1900-01-01 15:12:28.474,0.214468,0.285651,0.340188,0,24
1900-01-01 15:12:29.474,0.214909,0.284601,0.340152,0,24
1900-01-01 15:12:30.474,0.214772,0.286276,0.340133,0,24
1900-01-01 15:12:31.474,0.215155,0.28491,0.340345,0,24
1900-01-01 15:12:32.474,0.21473,0.286402,0.340381,0,24
1900-01-01 15:12:33.474,0.214494,0.284144,0.340354,0,24
1900-01-01 15:12:34.474,0.21473,0.284081,0.340225,0,24
1900-01-01 15:12:35.474,0.214352,0.284989,0.34006,0,24
1900-01-01 15:12:36.474,0.214898,0.284727,0.340115,0,24
1900-01-01 15:12:37.474,0.213696,0.284595,0.340372,0,24
1900-01-01 15:12:38.474,0.214945,0.285987,0.340198,0,24
1900-01-01 15:12:39.474,0.215061,0.284958,0.340143,0,24
1900-01-01 15:12:40.474,0.214741,0.284364,0.340262,0,24
1900-01-01 15:12:41.474,0.214783,0.285157,0.340492,0,24
1900-01-01 15:12:42.474,0.21472,0.285898,0.340455,0,24
1900-01-01 15:12:43.474,0.21484,0.284643,0.340363,0,24
1900-01-01 15:12:44.474,0.214709,0.283472,0.340032,0,24
1900-01-01 15:12:45.474,0.215024,0.286129,0.339904,0,24
1900-01-01 15:12:46.474,0.214746,0.286281,0.340455,0,24
1900-01-01 15:12:47.474,0.215155,0.284973,0.340528,0,24
1900-01-01 15:12:48.474,0.215082,0.284013,0.340216,0,24
1900-01-01 15:12:49.474,0.215071,0.285472,0.339692,0,24
1900-01-01 15:12:50.474,0.214662,0.285162,0.340032,0,24
1900-01-01 15:12:51.474,0.214315,0.283645,0.339711,0,24
1900-01-01 15:12:52.474,0.214672,0.283645,0.340023,0,24
1900-01-01 15:12:53.474,0.213874,0.284811,0.340253,0,24
1900-01-01 15:12:54.474,0.214657,0.284837,0.340115,0,24
1900-01-01 15:12:55.474,0.21472,0.284779,0.340133,0,24
1900-01-01 15:12:56.474,0.214961,0.286759,0.33994,0,24
1900-01-01 15:12:57.474,0.215491,0.284958,0.339692,0,24
1900-01-01 15:12:58.474,0.214583,0.284112,0.340133,0,24
1900-01-01 15:12:59.474,0.21442,0.284774,0.33972,0,24
1900-01-01 15:13:00.474,0.214945,0.28479,0.339665,0,24
1900-01-01 15:13:01.474,0.214819,0.285703,0.34028,0,24
1900-01-01 15:13:02.474,0.214478,0.284364,0.339977,0,24
1900-01-01 15:13:03.474,0.214683,0.285325,0.340106,0,24
1900-01-01 15:13:04.474,0.21504,0.2849,0.33995,0,24
1900-01-01 15:13:05.474,0.214625,0.285026,0.339711,0,24
1900-01-01 15:13:06.474,0.214273,0.283703,0.340188,0,24
1900-01-01 15:13:07.474,0.214441,0.285499,0.340078,0,24
1900-01-01 15:13:08.474,0.214987,0.28542,0.34006,0,24
1900-01-01 15:13:09.474,0.21535,0.285987,0.3404,0,24
1900-01-01 15:13:10.474,0.215287,0.285026,0.34051,0,24
1900-01-01 15:13:11.474,0.214819,0.283152,0.3404,0,24
1900-01-01 15:13:12.474,0.214893,0.283587,0.33983,0,24
1900-01-01 15:13:13.474,0.215449,0.283845,0.339803,0,24
1900-01-01 15:13:14.474,0.21473,0.28438,0.339968,0,24
1900-01-01 15:13:15.474,0.214142,0.284496,0.340133,0,24
1900-01-01 15:13:16.474,0.214877,0.284811,0.339536,0,24
1900-01-01 15:13:17.474,0.214026,0.284527,0.3396,0,24
1900-01-01 15:13:18.474,0.214436,0.28543,0.339683,0,24
1900-01-01 15:13:19.474,0.214615,0.284322,0.339968,0,24
1900-01-01 15:13:20.474,0.214641,0.285126,0.339986,0,24
1900-01-01 15:13:21.474,0.21504,0.284889,0.33983,0,24
1900-01-01 15:13:22.474,0.214882,0.285367,0.339858,0,24
1900-01-01 15:13:23.474,0.214993,0.284658,0.339555,0,24
1900-01-01 15:13:24.474,0.21431,0.285115,0.33972,0,24
1900-01-01 15:13:25.474,0.214814,0.284774,0.339922,0,24
1900-01-01 15:13:26.474,0.214279,0.282653,0.339518,0,24
1900-01-01 15:13:27.474,0.214163,0.28543,0.339656,0,24
1900-01-01 15:13:28.474,0.214452,0.285357,0.339775,0,24
1900-01-01 15:13:29.474,0.21452,0.2847,0.339545,0,24
1900-01-01 15:13:30.474,0.21451,0.285309,0.340097,0,24
1900-01-01 15:13:31.474,0.214588,0.283834,0.339977,0,24
1900-01-01 15:13:32.474,0.215218,0.285273,0.340023,0,24
1900-01-01 15:13:33.474,0.214777,0.285036,0.339867,0,24
1900-01-01 15:13:34.474,0.214998,0.283866,0.339839,0,24
1900-01-01 15:13:35.474,0.214126,0.282973,0.33983,0,24
1900-01-01 15:13:36.474,0.214856,0.284532,0.339656,0,24
1900-01-01 15:13:37.474,0.214762,0.285604,0.339646,0,24
1900-01-01 15:13:38.474,0.214189,0.283934,0.340014,0,24
1900-01-01 15:13:39.474,0.214289,0.284716,0.33949,0,24
1900-01-01 15:13:40.474,0.214326,0.285015,0.339849,0,24
1900-01-01 15:13:41.474,0.21515,0.285709,0.339986,0,24
1900-01-01 15:13:42.474,0.214972,0.283965,0.340253,0,24
1900-01-01 15:13:43.474,0.214888,0.284622,0.339692,0,24
1900-01-01 15:13:44.474,0.214494,0.284669,0.340087,0,24
1900-01-01 15:13:45.474,0.21493,0.285131,0.340041,0,24
1900-01-01 15:13:46.474,0.213885,0.283755,0.339711,0,24
1900-01-01 15:13:47.474,0.214079,0.283871,0.340244,0,24
1900-01-01 15:13:48.474,0.214861,0.284679,0.340106,0,24
1900-01-01 15:13:49.474,0.214609,0.283902,0.339564,0,24
1900-01-01 15:13:50.474,0.214468,0.28416,0.340041,0,24
1900-01-01 15:13:51.474,0.214026,0.284433,0.33995,0,24
1900-01-01 15:13:52.474,0.214426,0.283225,0.339242,0,24
1900-01-01 15:13:53.474,0.213738,0.28396,0.339894,0,24
1900-01-01 15:13:54.474,0.214189,0.283456,0.339775,0,24
1900-01-01 15:13:55.474,0.21442,0.285693,0.339738,0,24
1900-01-01 15:13:56.474,0.214426,0.285745,0.339775,0,24
1900-01-01 15:13:57.474,0.214672,0.28458,0.340014,0,24
1900-01-01 15:13:58.474,0.214977,0.284779,0.340014,0,24
1900-01-01 15:13:59.474,0.214604,0.284763,0.339986,0,24
1900-01-01 15:14:00.474,0.214861,0.284464,0.339849,0,24
1900-01-01 15:14:01.474,0.214326,0.285162,0.339656,0,24
1900-01-01 15:14:02.474,0.214751,0.285378,0.339463,0,24
1900-01-01 15:14:03.474,0.215266,0.285273,0.339812,0,24
1900-01-01 15:14:04.474,0.215266,0.284664,0.339793,0,24
1900-01-01 15:14:05.474,0.214468,0.283498,0.339977,0,24
1900-01-01 15:14:06.474,0.214089,0.284532,0.339812,0,24
1900-01-01 15:14:07.474,0.215297,0.285372,0.339683,0,24
1900-01-01 15:14:08.474,0.214536,0.283866,0.339646,0,24
1900-01-01 15:14:09.474,0.214279,0.284097,0.339729,0,24
1900-01-01 15:14:10.474,0.213706,0.283372,0.339453,0,24
1900-01-01 15:14:11.474,0.21411,0.2847,0.339628,0,24
1900-01-01 15:14:12.474,0.214089,0.285409,0.339702,0,24
1900-01-01 15:14:13.474,0.21484,0.28458,0.339619,0,24
1900-01-01 15:14:14.474,0.214032,0.284028,0.339545,0,24
1900-01-01 15:14:15.474,0.214725,0.286612,0.340244,0,24
1900-01-01 15:14:16.474,0.214436,0.285173,0.340078,0,24
1900-01-01 15:14:17.474,0.214336,0.284611,0.339858,0,24
1900-01-01 15:14:18.474,0.214089,0.283965,0.339996,0,24
1900-01-01 15:14:19.474,0.214672,0.286291,0.33983,0,24
1900-01-01 15:14:20.474,0.215434,0.285215,0.3396,0,24
1900-01-01 15:14:21.474,0.214882,0.285404,0.339646,0,24
1900-01-01 15:14:22.474,0.215071,0.28574,0.339876,0,24
1900-01-01 15:14:23.474,0.214578,0.285026,0.340097,0,24
1900-01-01 15:14:24.474,0.214573,0.284863,0.339959,0,24
1900-01-01 15:14:25.474,0.214546,0.284664,0.339867,0,24
1900-01-01 15:14:26.474,0.214746,0.284301,0.340069,0,24
1900-01-01 15:14:27.474,0.214604,0.284884,0.339922,0,24
1900-01-01 15:14:28.474,0.215008,0.284349,0.340133,0,24
1900-01-01 15:14:29.474,0.214667,0.283787,0.339591,0,24
1900-01-01 15:14:30.474,0.214557,0.28375,0.339812,0,24
1900-01-01 15:14:31.474,0.214462,0.284601,0.339463,0,24
1900-01-01 15:14:32.474,0.215056,0.284459,0.339674,0,24
1900-01-01 15:14:33.474,0.214531,0.284433,0.339408,0,24
1900-01-01 15:14:34.474,0.214604,0.284889,0.339444,0,24
1900-01-01 15:14:35.474,0.214342,0.284595,0.339747,0,24
1900-01-01 15:14:36.474,0.214594,0.285262,0.339904,0,24
1900-01-01 15:14:37.474,0.214945,0.285525,0.340216,0,24
1900-01-01 15:14:38.474,0.214987,0.284417,0.340198,0,24
1900-01-01 15:14:39.474,0.215245,0.285021,0.340409,0,24
1900-01-01 15:14:40.474,0.215176,0.284795,0.339803,0,24
1900-01-01 15:14:41.474,0.214825,0.285782,0.339913,0,24
1900-01-01 15:14:42.474,0.214473,0.28281,0.339784,0,24
1900-01-01 15:14:43.474,0.214856,0.284364,0.340097,0,24
1900-01-01 15:14:44.474,0.214557,0.286129,0.340299,0,24
1900-01-01 15:14:45.474,0.215197,0.284758,0.339913,0,24
1900-01-01 15:14:46.474,0.214258,0.283887,0.339766,0,24
1900-01-01 15:14:47.474,0.214625,0.285772,0.339472,0,24
1900-01-01 15:14:48.474,0.215208,0.284265,0.339738,0,24
1900-01-01 15:14:49.474,0.215113,0.284853,0.339702,0,24
1900-01-01 15:14:50.474,0.214646,0.28437,0.339747,0,24
1900-01-01 15:14:51.474,0.214489,0.284055,0.339389,0,24
1900-01-01 15:14:52.474,0.214636,0.283519,0.339784,0,24
1900-01-01 15:14:53.474,0.213727,0.283965,0.339628,0,24
1900-01-01 15:14:54.474,0.213906,0.285073,0.339132,0,24
1900-01-01 15:14:55.474,0.214651,0.28564,0.339591,0,24
1900-01-01 15:14:56.474,0.214237,0.28459,0.339977,0,24
1900-01-01 15:14:57.474,0.214851,0.283551,0.339986,0,24
1900-01-01 15:14:58.474,0.2142,0.284979,0.339858,0,24
1900-01-01 15:14:59.474,0.214252,0.284469,0.339665,0,24
1900-01-01 15:15:00.474,0.213874,0.283236,0.339205,0,24
1900-01-01 15:15:01.474,0.214457,0.285882,0.339343,0,24
1900-01-01 15:15:02.474,0.214336,0.283782,0.339279,0,24
1900-01-01 15:15:03.474,0.214074,0.284196,0.339683,0,24
1900-01-01 15:15:04.474,0.214084,0.283818,0.339876,0,24
1900-01-01 15:15:05.474,0.214121,0.283671,0.339766,0,24
1900-01-01 15:15:06.474,0.214237,0.284501,0.339674,0,24
1900-01-01 15:15:07.474,0.214378,0.283803,0.339224,0,24
1900-01-01 15:15:08.474,0.214636,0.28438,0.339536,0,24
1900-01-01 15:15:09.474,0.214247,0.284648,0.339224,0,24
1900-01-01 15:15:10.474,0.213759,0.283026,0.339784,0,24
1900-01-01 15:15:11.474,0.214079,0.284307,0.339426,0,24
1900-01-01 15:15:12.474,0.21441,0.284527,0.339334,0,24
1900-01-01 15:15:13.474,0.214347,0.284585,0.339123,0,24
1900-01-01 15:15:14.474,0.214888,0.285714,0.339628,0,24
1900-01-01 15:15:15.474,0.214615,0.283404,0.339766,0,24
1900-01-01 15:15:16.474,0.214089,0.283986,0.339637,0,24
1900-01-01 15:15:17.474,0.21494,0.286097,0.33949,0,24
1900-01-01 15:15:18.474,0.214525,0.284732,0.339408,0,24
1900-01-01 15:15:19.474,0.214242,0.283241,0.33961,0,24
1900-01-01 15:15:20.474,0.214352,0.283944,0.33927,0,24
1900-01-01 15:15:21.474,0.215108,0.284837,0.339784,0,24
1900-01-01 15:15:22.474,0.214499,0.284994,0.339481,0,24
1900-01-01 15:15:23.474,0.213979,0.283125,0.339187,0,24
1900-01-01 15:15:24.474,0.21336,0.282968,0.339426,0,24
1900-01-01 15:15:25.474,0.213774,0.284196,0.339371,0,24
1900-01-01 15:15:26.474,0.214037,0.285288,0.339876,0,24
1900-01-01 15:15:27.474,0.214273,0.285225,0.339573,0,24
1900-01-01 15:15:28.474,0.214436,0.284858,0.339747,0,24
1900-01-01 15:15:29.474,0.214237,0.285877,0.340023,0,24
1900-01-01 15:15:30.474,0.214846,0.285283,0.33983,0,24
1900-01-01 15:15:31.474,0.215024,0.284611,0.340097,0,24
1900-01-01 15:15:32.474,0.214672,0.284175,0.340023,0,24
1900-01-01 15:15:33.474,0.214846,0.283435,0.340087,0,24
1900-01-01 15:15:34.474,0.214105,0.283955,0.339793,0,24
1900-01-01 15:15:35.474,0.214788,0.285562,0.339968,0,24
1900-01-01 15:15:36.474,0.213816,0.283745,0.339904,0,24
1900-01-01 15:15:37.474,0.2143,0.285562,0.339784,0,24
1900-01-01 15:15:38.474,0.214515,0.284616,0.33994,0,24
1900-01-01 15:15:39.474,0.214289,0.284427,0.339913,0,24
1900-01-01 15:15:40.474,0.214672,0.28511,0.33961,0,24
1900-01-01 15:15:41.474,0.214725,0.284144,0.339481,0,24
1900-01-01 15:15:42.474,0.214951,0.284763,0.339352,0,24
1900-01-01 15:15:43.474,0.215397,0.285168,0.340179,0,24
1900-01-01 15:15:44.474,0.21472,0.284081,0.339996,0,24
1900-01-01 15:15:45.474,0.214342,0.284553,0.339738,0,24
1900-01-01 15:15:46.474,0.21473,0.28437,0.339821,0,24
1900-01-01 15:15:47.474,0.214394,0.284942,0.339619,0,24
1900-01-01 15:15:48.474,0.214951,0.284574,0.340014,0,24
1900-01-01 15:15:49.474,0.214289,0.283965,0.340152,0,24
1900-01-01 15:15:50.474,0.213984,0.283503,0.339003,0,24
1900-01-01 15:15:51.474,0.214609,0.283582,0.339362,0,24
1900-01-01 15:15:52.474,0.214289,0.284837,0.340133,0,24
1900-01-01 15:15:53.474,0.214468,0.284879,0.340216,0,24
1900-01-01 15:15:54.474,0.214804,0.283262,0.339729,0,24
1900-01-01 15:15:55.474,0.214189,0.28479,0.339894,0,24
1900-01-01 15:15:56.474,0.214231,0.284249,0.33983,0,24
1900-01-01 15:15:57.474,0.214279,0.284007,0.339628,0,24
1900-01-01 15:15:58.474,0.214504,0.286076,0.339509,0,24
1900-01-01 15:15:59.474,0.215056,0.2848,0.339564,0,24
1900-01-01 15:16:00.474,0.214315,0.284312,0.340069,0,24
1900-01-01 15:16:01.474,0.21493,0.284847,0.339904,0,24
1900-01-01 15:16:02.474,0.214856,0.284034,0.340078,0,24
1900-01-01 15:16:03.474,0.214683,0.284727,0.339876,0,24
1900-01-01 15:16:04.474,0.214415,0.284973,0.340041,0,24
1900-01-01 15:16:05.474,0.214294,0.285572,0.340143,0,24
1900-01-01 15:16:06.474,0.21483,0.284795,0.340363,0,24
1900-01-01 15:16:07.474,0.214609,0.284417,0.339977,0,24
1900-01-01 15:16:08.474,0.214005,0.284128,0.339637,0,24
1900-01-01 15:16:09.474,0.214268,0.285556,0.340005,0,24
1900-01-01 15:16:10.474,0.214667,0.283635,0.340041,0,24
1900-01-01 15:16:11.474,0.214342,0.284238,0.340335,0,24
1900-01-01 15:16:12.474,0.21441,0.284968,0.340188,0,24
1900-01-01 15:16:13.474,0.214825,0.284595,0.340262,0,24
1900-01-01 15:16:14.474,0.214473,0.284884,0.340437,0,24
1900-01-01 15:16:15.474,0.21462,0.28553,0.34017,0,24
1900-01-01 15:16:16.474,0.214809,0.283682,0.339656,0,24
1900-01-01 15:16:17.474,0.214315,0.2847,0.339766,0,24
1900-01-01 15:16:18.474,0.214783,0.283845,0.340041,0,24
1900-01-01 15:16:19.474,0.214105,0.28406,0.340345,0,24
1900-01-01 15:16:20.474,0.214599,0.286029,0.340005,0,24
1900-01-01 15:16:21.474,0.214247,0.285042,0.340326,0,24
1900-01-01 15:16:22.474,0.215024,0.284538,0.339931,0,24
1900-01-01 15:16:23.474,0.214347,0.28395,0.340234,0,24
1900-01-01 15:16:24.474,0.214137,0.283335,0.33972,0,24
1900-01-01 15:16:25.474,0.213795,0.285304,0.340308,0,24
1900-01-01 15:16:26.474,0.21421,0.284123,0.339711,0,24
1900-01-01 15:16:27.474,0.214609,0.284506,0.339931,0,24
1900-01-01 15:16:28.474,0.214436,0.283545,0.339545,0,24
1900-01-01 15:16:29.474,0.215066,0.284711,0.33972,0,24
1900-01-01 15:16:30.474,0.213906,0.285409,0.33995,0,24
1900-01-01 15:16:31.474,0.214609,0.284926,0.339876,0,24
1900-01-01 15:16:32.474,0.21484,0.283918,0.340023,0,24
1900-01-01 15:16:33.474,0.214005,0.284333,0.339885,0,24
1900-01-01 15:16:34.474,0.215019,0.285304,0.340097,0,24
1900-01-01 15:16:35.474,0.21515,0.285882,0.340602,0,24
1900-01-01 15:16:36.474,0.215082,0.284543,0.340005,0,24
1900-01-01 15:16:37.474,0.214489,0.284454,0.339692,0,24
1900-01-01 15:16:38.474,0.214898,0.283976,0.339996,0,24
1900-01-01 15:16:39.474,0.214063,0.28521,0.340032,0,24
1900-01-01 15:16:40.474,0.215224,0.284359,0.339931,0,24
1900-01-01 15:16:41.474,0.214867,0.284454,0.339931,0,24
1900-01-01 15:16:42.474,0.215397,0.284947,0.340106,0,24
1900-01-01 15:16:43.474,0.21463,0.2849,0.340032,0,24
1900-01-01 15:16:44.474,0.214121,0.283944,0.340262,0,24
1900-01-01 15:16:45.474,0.214231,0.283451,0.339711,0,24
1900-01-01 15:16:46.474,0.214095,0.283341,0.339683,0,24
1900-01-01 15:16:47.474,0.214704,0.284989,0.339472,0,24
1900-01-01 15:16:48.474,0.214294,0.284448,0.339527,0,24
1900-01-01 15:16:49.474,0.214767,0.285835,0.340069,0,24
1900-01-01 15:16:50.474,0.214762,0.285057,0.339692,0,24
1900-01-01 15:16:51.474,0.215213,0.284889,0.339775,0,24
1900-01-01 15:16:52.474,0.2142,0.284968,0.340198,0,24
1900-01-01 15:16:53.474,0.21484,0.284884,0.339803,0,24
1900-01-01 15:16:54.474,0.214121,0.284606,0.33983,0,24
1900-01-01 15:16:55.474,0.214625,0.2847,0.339775,0,24
1900-01-01 15:16:56.474,0.214651,0.284774,0.340115,0,24
1900-01-01 15:16:57.474,0.214504,0.283283,0.340032,0,24
1900-01-01 15:16:58.474,0.215339,0.284574,0.339839,0,24
1900-01-01 15:16:59.474,0.214326,0.284018,0.340143,0,24
1900-01-01 15:17:00.474,0.214373,0.282826,0.339711,0,24
1900-01-01 15:17:01.474,0.213911,0.28396,0.339683,0,24
1900-01-01 15:17:02.474,0.214541,0.283808,0.339812,0,24
1900-01-01 15:17:03.474,0.214399,0.284805,0.339628,0,24
1900-01-01 15:17:04.474,0.214956,0.284979,0.339499,0,24
1900-01-01 15:17:05.474,0.213885,0.284086,0.339656,0,24
1900-01-01 15:17:06.474,0.214599,0.284553,0.339288,0,24
1900-01-01 15:17:07.474,0.215444,0.285499,0.339738,0,24
1900-01-01 15:17:08.474,0.214294,0.284034,0.339692,0,24
1900-01-01 15:17:09.474,0.214452,0.283104,0.33949,0,24
1900-01-01 15:17:10.474,0.21451,0.284522,0.339481,0,24
1900-01-01 15:17:11.474,0.214531,0.283897,0.339261,0,24
1900-01-01 15:17:12.474,0.214688,0.284396,0.339499,0,24
1900-01-01 15:17:13.474,0.214562,0.284921,0.339729,0,24
1900-01-01 15:17:14.474,0.214888,0.285294,0.339885,0,24
1900-01-01 15:17:15.474,0.215297,0.285588,0.339702,0,24
1900-01-01 15:17:16.474,0.215617,0.28375,0.339849,0,24
1900-01-01 15:17:17.474,0.214903,0.284811,0.339986,0,24
1900-01-01 15:17:18.474,0.214919,0.285099,0.339656,0,24
1900-01-01 15:17:19.474,0.215318,0.285409,0.339977,0,24
1900-01-01 15:17:20.474,0.215129,0.285388,0.339729,0,24
1900-01-01 15:17:21.474,0.214651,0.284186,0.340234,0,24
1900-01-01 15:17:22.474,0.214189,0.284658,0.339876,0,24
1900-01-01 15:17:23.474,0.21411,0.284727,0.339959,0,24
1900-01-01 15:17:24.474,0.21462,0.285267,0.34029,0,24
1900-01-01 15:17:25.474,0.214131,0.282768,0.340326,0,24
1900-01-01 15:17:26.474,0.214189,0.284795,0.339839,0,24
1900-01-01 15:17:27.474,0.214363,0.284286,0.339738,0,24
1900-01-01 15:17:28.474,0.214636,0.284417,0.340115,0,24
1900-01-01 15:17:29.474,0.21484,0.284973,0.340262,0,24
1900-01-01 15:17:30.474,0.215066,0.285625,0.340234,0,24
1900-01-01 15:17:31.474,0.214982,0.285078,0.34028,0,24
1900-01-01 15:17:32.474,0.21463,0.28437,0.340115,0,24
1900-01-01 15:17:33.474,0.213722,0.283257,0.340152,0,24
1900-01-01 15:17:34.474,0.214095,0.284175,0.339784,0,24
1900-01-01 15:17:35.474,0.214893,0.284727,0.340832,0,24
1900-01-01 15:17:36.474,0.214399,0.283482,0.339931,0,24
1900-01-01 15:17:37.474,0.2143,0.284107,0.340253,0,24
1900-01-01 15:17:38.474,0.214625,0.285325,0.339904,0,24
1900-01-01 15:17:39.474,0.214116,0.285015,0.339729,0,24
1900-01-01 15:17:40.474,0.214179,0.284275,0.339683,0,24
1900-01-01 15:17:41.474,0.213659,0.283766,0.339867,0,24
1900-01-01 15:17:42.474,0.213953,0.285635,0.340005,0,24
1900-01-01 15:17:43.474,0.215155,0.285593,0.339876,0,24
1900-01-01 15:17:44.474,0.214867,0.284475,0.340381,0,24
1900-01-01 15:17:45.474,0.214489,0.284816,0.339821,0,24
1900-01-01 15:17:46.474,0.215066,0.286087,0.339968,0,24
1900-01-01 15:17:47.474,0.214641,0.285656,0.340041,0,24
1900-01-01 15:17:48.474,0.214882,0.28311,0.340345,0,24
1900-01-01 15:17:49.474,0.214289,0.283724,0.340299,0,24
1900-01-01 15:17:50.474,0.214441,0.285236,0.339453,0,24
1900-01-01 15:17:51.474,0.214714,0.28637,0.339931,0,24
1900-01-01 15:17:52.474,0.214483,0.284144,0.340014,0,24
1900-01-01 15:17:53.474,0.214037,0.284359,0.340051,0,24
1900-01-01 15:17:54.474,0.213984,0.283745,0.340005,0,24
1900-01-01 15:17:55.474,0.214431,0.284884,0.340446,0,24
1900-01-01 15:17:56.474,0.214777,0.285514,0.339077,0,24
1900-01-01 15:17:57.474,0.214804,0.285682,0.339518,0,24
1900-01-01 15:17:58.474,0.215518,0.285971,0.340381,0,24
1900-01-01 15:17:59.474,0.215124,0.286937,0.34006,0,24
1900-01-01 15:18:00.474,0.214924,0.285488,0.34006,0,24
1900-01-01 15:18:01.474,0.214793,0.284464,0.340225,0,24
1900-01-01 15:18:02.474,0.214289,0.283813,0.339747,0,24
1900-01-01 15:18:03.474,0.214646,0.285892,0.339885,0,24
1900-01-01 15:18:04.474,0.2143,0.283876,0.339858,0,24
1900-01-01 15:18:05.474,0.2142,0.285231,0.339738,0,24
1900-01-01 15:18:06.474,0.214331,0.284858,0.340051,0,24
1900-01-01 15:18:07.474,0.214336,0.283603,0.339821,0,24
1900-01-01 15:18:08.474,0.214263,0.284013,0.340198,0,24
1900-01-01 15:18:09.474,0.21484,0.284889,0.339702,0,24
1900-01-01 15:18:10.474,0.214352,0.286291,0.339555,0,24
1900-01-01 15:18:11.474,0.214562,0.285126,0.339784,0,24
1900-01-01 15:18:12.474,0.214667,0.284742,0.339867,0,24
1900-01-01 15:18:13.474,0.214714,0.284328,0.340244,0,24
1900-01-01 15:18:14.474,0.214546,0.283876,0.339702,0,24
1900-01-01 15:18:15.474,0.213916,0.285236,0.339766,0,24
1900-01-01 15:18:16.474,0.214462,0.284816,0.340216,0,24
1900-01-01 15:18:17.474,0.214725,0.284475,0.339894,0,24
1900-01-01 15:18:18.474,0.21451,0.283587,0.339812,0,24
1900-01-01 15:18:19.474,0.214384,0.284622,0.339518,0,24
1900-01-01 15:18:20.474,0.213948,0.28353,0.339913,0,24
1900-01-01 15:18:21.474,0.213696,0.282716,0.339692,0,24
1900-01-01 15:18:22.474,0.213801,0.283425,0.33915,0,24
1900-01-01 15:18:23.474,0.213822,0.285089,0.339169,0,24
1900-01-01 15:18:24.474,0.214415,0.285341,0.339472,0,24
1900-01-01 15:18:25.474,0.214252,0.284102,0.339499,0,24
1900-01-01 15:18:26.474,0.214798,0.283435,0.339426,0,24
1900-01-01 15:18:27.474,0.214305,0.283887,0.339876,0,24
1900-01-01 15:18:28.474,0.213895,0.283104,0.339766,0,24
1900-01-01 15:18:29.474,0.214746,0.285567,0.339132,0,24
1900-01-01 15:18:30.474,0.214483,0.284517,0.339187,0,24
1900-01-01 15:18:31.474,0.214646,0.285267,0.339619,0,24
1900-01-01 15:18:32.474,0.21473,0.28427,0.339426,0,24
1900-01-01 15:18:33.474,0.214793,0.283698,0.339251,0,24
1900-01-01 15:18:34.474,0.214026,0.285115,0.339536,0,24
1900-01-01 15:18:35.474,0.214767,0.284396,0.339619,0,24
1900-01-01 15:18:36.474,0.214215,0.2847,0.339656,0,24
1900-01-01 15:18:37.474,0.21494,0.286123,0.340051,0,24
1900-01-01 15:18:38.474,0.215019,0.283881,0.339986,0,24
1900-01-01 15:18:39.474,0.214305,0.284186,0.339867,0,24
1900-01-01 15:18:40.474,0.214331,0.283997,0.339711,0,24
1900-01-01 15:18:41.474,0.214384,0.28417,0.33972,0,24
1900-01-01 15:18:42.474,0.214363,0.284181,0.33938,0,24
1900-01-01 15:18:43.474,0.214074,0.284349,0.33949,0,24
1900-01-01 15:18:44.474,0.215402,0.285225,0.339619,0,24
1900-01-01 15:18:45.474,0.214163,0.283425,0.33961,0,24
1900-01-01 15:18:46.474,0.214279,0.283729,0.339417,0,24
1900-01-01 15:18:47.474,0.214305,0.284805,0.339233,0,24
1900-01-01 15:18:48.474,0.214525,0.285315,0.339279,0,24
1900-01-01 15:18:49.474,0.215192,0.286381,0.339849,0,24
1900-01-01 15:18:50.474,0.214762,0.284427,0.340115,0,24
1900-01-01 15:18:51.474,0.214951,0.284847,0.33995,0,24
1900-01-01 15:18:52.474,0.214578,0.285304,0.339408,0,24
1900-01-01 15:18:53.474,0.214368,0.283509,0.339775,0,24
1900-01-01 15:18:54.474,0.214378,0.284527,0.339913,0,24
1900-01-01 15:18:55.474,0.214604,0.283677,0.339628,0,24
1900-01-01 15:18:56.474,0.21431,0.285357,0.339187,0,24
1900-01-01 15:18:57.474,0.214258,0.285467,0.339408,0,24
1900-01-01 15:18:58.474,0.214168,0.284763,0.339757,0,24
1900-01-01 15:18:59.474,0.214541,0.284569,0.339665,0,24
1900-01-01 15:19:00.474,0.214373,0.284811,0.339793,0,24
1900-01-01 15:19:01.474,0.214767,0.285357,0.339775,0,24
1900-01-01 15:19:02.474,0.214531,0.284254,0.339582,0,24
1900-01-01 15:19:03.474,0.214158,0.284013,0.339591,0,24
1900-01-01 15:19:04.474,0.214646,0.2848,0.340372,0,24
1900-01-01 15:19:05.474,0.214531,0.2848,0.339977,0,24
1900-01-01 15:19:06.474,0.214504,0.285609,0.34028,0,24
1900-01-01 15:19:07.474,0.214289,0.283388,0.340023,0,24
1900-01-01 15:19:08.474,0.214231,0.285,0.339839,0,24
1900-01-01 15:19:09.474,0.214237,0.283845,0.339637,0,24
1900-01-01 15:19:10.474,0.214284,0.284023,0.340087,0,24
1900-01-01 15:19:11.474,0.213984,0.28522,0.340299,0,24
1900-01-01 15:19:12.474,0.215413,0.285105,0.340143,0,24
1900-01-01 15:19:13.474,0.214053,0.283645,0.340014,0,24
1900-01-01 15:19:14.474,0.214336,0.283887,0.339518,0,24
1900-01-01 15:19:15.474,0.214095,0.283766,0.339215,0,24
1900-01-01 15:19:16.474,0.214042,0.284312,0.339858,0,24
1900-01-01 15:19:17.474,0.21451,0.285162,0.339573,0,24
1900-01-01 15:19:18.474,0.214457,0.284921,0.3396,0,24
1900-01-01 15:19:19.474,0.214531,0.283745,0.339408,0,24
1900-01-01 15:19:20.474,0.21483,0.284947,0.339637,0,24
1900-01-01 15:19:21.474,0.214394,0.28365,0.339683,0,24
1900-01-01 15:19:22.474,0.213848,0.284175,0.339169,0,24
1900-01-01 15:19:23.474,0.213522,0.284853,0.339711,0,24
1900-01-01 15:19:24.474,0.214058,0.284858,0.339573,0,24
1900-01-01 15:19:25.474,0.214473,0.284013,0.339205,0,24
1900-01-01 15:19:26.474,0.214378,0.283708,0.338994,0,24
1900-01-01 15:19:27.474,0.214126,0.284905,0.338948,0,24
1900-01-01 15:19:28.474,0.214384,0.285892,0.339757,0,24
1900-01-01 15:19:29.474,0.214741,0.285336,0.339619,0,24
1900-01-01 15:19:30.474,0.214588,0.284081,0.339297,0,24
1900-01-01 15:19:31.474,0.214746,0.285204,0.339555,0,24
1900-01-01 15:19:32.474,0.214903,0.286071,0.339674,0,24
1900-01-01 15:19:33.474,0.213816,0.284097,0.339702,0,24
1900-01-01 15:19:34.474,0.213806,0.283708,0.33938,0,24
1900-01-01 15:19:35.474,0.21411,0.285535,0.339683,0,24
1900-01-01 15:19:36.474,0.213853,0.285015,0.33938,0,24
1900-01-01 15:19:37.474,0.21463,0.285031,0.33983,0,24
1900-01-01 15:19:38.474,0.214552,0.284674,0.339747,0,24
1900-01-01 15:19:39.474,0.213921,0.28343,0.339178,0,24
1900-01-01 15:19:40.474,0.213522,0.284002,0.339398,0,24
1900-01-01 15:19:41.474,0.214315,0.285005,0.339766,0,24
1900-01-01 15:19:42.474,0.21442,0.284727,0.339665,0,24
1900-01-01 15:19:43.474,0.215003,0.285262,0.339628,0,24
1900-01-01 15:19:44.474,0.214242,0.284968,0.339628,0,24
1900-01-01 15:19:45.474,0.214473,0.284648,0.340161,0,24
1900-01-01 15:19:46.474,0.213722,0.28374,0.339564,0,24
1900-01-01 15:19:47.474,0.214336,0.285351,0.339968,0,24
1900-01-01 15:19:48.474,0.214552,0.285646,0.339922,0,24
1900-01-01 15:19:49.474,0.214657,0.284868,0.340005,0,24
1900-01-01 15:19:50.474,0.214709,0.285021,0.34029,0,24
1900-01-01 15:19:51.474,0.215087,0.286522,0.340023,0,24
1900-01-01 15:19:52.474,0.214846,0.284217,0.339959,0,24
1900-01-01 15:19:53.474,0.214562,0.284564,0.339858,0,24
1900-01-01 15:19:54.474,0.214751,0.285152,0.34029,0,24
1900-01-01 15:19:55.474,0.214951,0.284616,0.339711,0,24
1900-01-01 15:19:56.474,0.214856,0.286475,0.340124,0,24
1900-01-01 15:19:57.474,0.214063,0.283986,0.339904,0,24
1900-01-01 15:19:58.474,0.21411,0.284396,0.340179,0,24
1900-01-01 15:19:59.474,0.213958,0.284884,0.339867,0,24
1900-01-01 15:20:00.474,0.213669,0.283372,0.340023,0,24
1900-01-01 15:20:01.474,0.21463,0.285987,0.339793,0,24
1900-01-01 15:20:02.474,0.214762,0.284989,0.33972,0,24
1900-01-01 15:20:03.474,0.215003,0.285499,0.33994,0,24
1900-01-01 15:20:04.474,0.21473,0.28344,0.340097,0,24
1900-01-01 15:20:05.474,0.214877,0.285892,0.340005,0,24
1900-01-01 15:20:06.474,0.214777,0.284611,0.339931,0,24
1900-01-01 15:20:07.474,0.214693,0.284779,0.340124,0,24
1900-01-01 15:20:08.474,0.214347,0.28532,0.340501,0,24
1900-01-01 15:20:09.474,0.21494,0.283724,0.340216,0,24
1900-01-01 15:20:10.474,0.214089,0.284202,0.340299,0,24
1900-01-01 15:20:11.474,0.214935,0.286323,0.340069,0,24
1900-01-01 15:20:12.474,0.214641,0.283766,0.34017,0,24
1900-01-01 15:20:13.474,0.215218,0.284517,0.339894,0,24
1900-01-01 15:20:14.474,0.214347,0.283866,0.339757,0,24
1900-01-01 15:20:15.474,0.214604,0.285252,0.339747,0,24
1900-01-01 15:20:16.474,0.213806,0.284469,0.339959,0,24
1900-01-01 15:20:17.474,0.214678,0.2847,0.340069,0,24
1900-01-01 15:20:18.474,0.214772,0.283803,0.339913,0,24
1900-01-01 15:20:19.474,0.214263,0.28501,0.339555,0,24
1900-01-01 15:20:20.474,0.214394,0.28427,0.339747,0,24
1900-01-01 15:20:21.474,0.214867,0.285141,0.340023,0,24
1900-01-01 15:20:22.474,0.214305,0.28437,0.339931,0,24
1900-01-01 15:20:23.474,0.214504,0.284259,0.339849,0,24
1900-01-01 15:20:24.474,0.214546,0.28364,0.339536,0,24
1900-01-01 15:20:25.474,0.214331,0.284821,0.339279,0,24
1900-01-01 15:20:26.474,0.214909,0.285262,0.339656,0,24
1900-01-01 15:20:27.474,0.214699,0.284128,0.339757,0,24
1900-01-01 15:20:28.474,0.214226,0.285105,0.339564,0,24
1900-01-01 15:20:29.474,0.214746,0.285782,0.339913,0,24
1900-01-01 15:20:30.474,0.215218,0.284658,0.33995,0,24
1900-01-01 15:20:31.474,0.214861,0.285546,0.339894,0,24
1900-01-01 15:20:32.474,0.215239,0.28427,0.339959,0,24
1900-01-01 15:20:33.474,0.214462,0.284385,0.339757,0,24
1900-01-01 15:20:34.474,0.215176,0.286633,0.339821,0,24
1900-01-01 15:20:35.474,0.215654,0.284947,0.339904,0,24
1900-01-01 15:20:36.474,0.21525,0.284611,0.339793,0,24
1900-01-01 15:20:37.474,0.214483,0.284627,0.33995,0,24
1900-01-01 15:20:38.474,0.215276,0.286265,0.339729,0,24
1900-01-01 15:20:39.474,0.215077,0.286071,0.340198,0,24
1900-01-01 15:20:40.474,0.215292,0.285751,0.339867,0,24
1900-01-01 15:20:41.474,0.215161,0.285399,0.340363,0,24
1900-01-01 15:20:42.474,0.215082,0.284527,0.340455,0,24
1900-01-01 15:20:43.474,0.214515,0.284664,0.339757,0,24
1900-01-01 15:20:44.474,0.214898,0.284517,0.340345,0,24
1900-01-01 15:20:45.474,0.214783,0.286297,0.340381,0,24
1900-01-01 15:20:46.474,0.215171,0.284569,0.340097,0,24
1900-01-01 15:20:47.474,0.215124,0.283992,0.340427,0,24
1900-01-01 15:20:48.474,0.215066,0.285136,0.34028,0,24
1900-01-01 15:20:49.474,0.214557,0.284207,0.340253,0,24
1900-01-01 15:20:50.474,0.214772,0.283713,0.340087,0,24
1900-01-01 15:20:51.474,0.214184,0.284559,0.33961,0,24
1900-01-01 15:20:52.474,0.214693,0.284212,0.33994,0,24
1900-01-01 15:20:53.474,0.214835,0.284979,0.340161,0,24
1900-01-01 15:20:54.474,0.214142,0.284506,0.340207,0,24
1900-01-01 15:20:55.474,0.215014,0.284595,0.339812,0,24
1900-01-01 15:20:56.474,0.215056,0.285472,0.340005,0,24
1900-01-01 15:20:57.474,0.215019,0.285141,0.339729,0,24
1900-01-01 15:20:58.474,0.214751,0.285682,0.33994,0,24
1900-01-01 15:20:59.474,0.215596,0.285814,0.340041,0,24
1900-01-01 15:21:00.474,0.215271,0.284816,0.340345,0,24
1900-01-01 15:21:01.474,0.214961,0.284727,0.340363,0,24
1900-01-01 15:21:02.474,0.21483,0.285299,0.340023,0,24
1900-01-01 15:21:03.474,0.215134,0.286549,0.340115,0,24
1900-01-01 15:21:04.474,0.215428,0.284895,0.339968,0,24
1900-01-01 15:21:05.474,0.214909,0.285031,0.34017,0,24
1900-01-01 15:21:06.474,0.215266,0.284711,0.340152,0,24
1900-01-01 15:21:07.474,0.214798,0.284805,0.340262,0,24
1900-01-01 15:21:08.474,0.215019,0.283976,0.339986,0,24
1900-01-01 15:21:09.474,0.214804,0.28437,0.339821,0,24
1900-01-01 15:21:10.474,0.214893,0.285288,0.339812,0,24
1900-01-01 15:21:11.474,0.215287,0.284805,0.340244,0,24
1900-01-01 15:21:12.474,0.215019,0.284228,0.340188,0,24
1900-01-01 15:21:13.474,0.214405,0.284422,0.340014,0,24
1900-01-01 15:21:14.474,0.214615,0.284149,0.339959,0,24
1900-01-01 15:21:15.474,0.214804,0.284343,0.339922,0,24
1900-01-01 15:21:16.474,0.214515,0.285493,0.339637,0,24
1900-01-01 15:21:17.474,0.213916,0.28332,0.339766,0,24
1900-01-01 15:21:18.474,0.21441,0.28385,0.339894,0,24
1900-01-01 15:21:19.474,0.214026,0.285157,0.340051,0,24
1900-01-01 15:21:20.474,0.214305,0.285073,0.339986,0,24
1900-01-01 15:21:21.474,0.214625,0.286239,0.340152,0,24
1900-01-01 15:21:22.474,0.214924,0.284658,0.340005,0,24
1900-01-01 15:21:23.474,0.214982,0.284727,0.340152,0,24
1900-01-01 15:21:24.474,0.214893,0.285735,0.340455,0,24
1900-01-01 15:21:25.474,0.214735,0.283813,0.340253,0,24
1900-01-01 15:21:26.474,0.214436,0.283944,0.34028,0,24
1900-01-01 15:21:27.474,0.214084,0.283451,0.339839,0,24
1900-01-01 15:21:28.474,0.214594,0.283855,0.339793,0,24
1900-01-01 15:21:29.474,0.214121,0.284937,0.339793,0,24
1900-01-01 15:21:30.474,0.214709,0.283866,0.339692,0,24
1900-01-01 15:21:31.474,0.214021,0.283923,0.339564,0,24
1900-01-01 15:21:32.474,0.21473,0.284879,0.339885,0,24
1900-01-01 15:21:33.474,0.21472,0.284501,0.339968,0,24
1900-01-01 15:21:34.474,0.214489,0.284538,0.339316,0,24
1900-01-01 15:21:35.474,0.214588,0.284133,0.339656,0,24
1900-01-01 15:21:36.474,0.2142,0.284039,0.339775,0,24
1900-01-01 15:21:37.474,0.214084,0.283671,0.339555,0,24
1900-01-01 15:21:38.474,0.214315,0.285488,0.339591,0,24
1900-01-01 15:21:39.474,0.214987,0.286081,0.339656,0,24
1900-01-01 15:21:40.474,0.215318,0.286969,0.33983,0,24
1900-01-01 15:21:41.474,0.214741,0.284034,0.339913,0,24
1900-01-01 15:21:42.474,0.215134,0.284863,0.339986,0,24
1900-01-01 15:21:43.474,0.21484,0.284522,0.33949,0,24
1900-01-01 15:21:44.474,0.214536,0.284291,0.339977,0,24
1900-01-01 15:21:45.474,0.214851,0.284055,0.339509,0,24
1900-01-01 15:21:46.474,0.214221,0.284196,0.339251,0,24
1900-01-01 15:21:47.474,0.214557,0.283409,0.339178,0,24
1900-01-01 15:21:48.474,0.214058,0.284259,0.339389,0,24
1900-01-01 15:21:49.474,0.214478,0.284317,0.33983,0,24
1900-01-01 15:21:50.474,0.214147,0.284118,0.339702,0,24
1900-01-01 15:21:51.474,0.214342,0.284475,0.339169,0,24
1900-01-01 15:21:52.474,0.214126,0.284133,0.339692,0,24
1900-01-01 15:21:53.474,0.214347,0.284406,0.33961,0,24
1900-01-01 15:21:54.474,0.214373,0.283897,0.339564,0,24
1900-01-01 15:21:55.474,0.214683,0.285572,0.339692,0,24
1900-01-01 15:21:56.474,0.215287,0.284559,0.339766,0,24
1900-01-01 15:21:57.474,0.215056,0.284249,0.339463,0,24
1900-01-01 15:21:58.474,0.214373,0.285698,0.339619,0,24
1900-01-01 15:21:59.474,0.214877,0.284685,0.339463,0,24
1900-01-01 15:22:00.474,0.215134,0.284774,0.339867,0,24
1900-01-01 15:22:01.474,0.21463,0.284884,0.339977,0,24
1900-01-01 15:22:02.474,0.215297,0.28648,0.34029,0,24
1900-01-01 15:22:03.474,0.214804,0.284963,0.340363,0,24
1900-01-01 15:22:04.474,0.214951,0.28449,0.339986,0,24
1900-01-01 15:22:05.474,0.214588,0.284338,0.34006,0,24
1900-01-01 15:22:06.474,0.215213,0.284716,0.339858,0,24
1900-01-01 15:22:07.474,0.215591,0.284842,0.339453,0,24
1900-01-01 15:22:08.474,0.214924,0.285131,0.33972,0,24
1900-01-01 15:22:09.474,0.214667,0.284322,0.339876,0,24
1900-01-01 15:22:10.474,0.214268,0.284144,0.34017,0,24
1900-01-01 15:22:11.474,0.214788,0.285793,0.339555,0,24
1900-01-01 15:22:12.474,0.215203,0.284443,0.339867,0,24
1900-01-01 15:22:13.474,0.214903,0.284165,0.340087,0,24
1900-01-01 15:22:14.474,0.214783,0.284721,0.340143,0,24
1900-01-01 15:22:15.474,0.214693,0.284989,0.339803,0,24
1900-01-01 15:22:16.474,0.21505,0.284559,0.339619,0,24
1900-01-01 15:22:17.474,0.215103,0.284475,0.339913,0,24
1900-01-01 15:22:18.474,0.215276,0.285231,0.339692,0,24
1900-01-01 15:22:19.474,0.21536,0.284916,0.340069,0,24
1900-01-01 15:22:20.474,0.214751,0.283509,0.339729,0,24
1900-01-01 15:22:21.474,0.214609,0.285057,0.339499,0,24
1900-01-01 15:22:22.474,0.21493,0.285089,0.339674,0,24
1900-01-01 15:22:23.474,0.215791,0.284606,0.340262,0,24
1900-01-01 15:22:24.474,0.215308,0.284884,0.339619,0,24
1900-01-01 15:22:25.474,0.215014,0.284753,0.339251,0,24
1900-01-01 15:22:26.474,0.215155,0.285583,0.339959,0,24
1900-01-01 15:22:27.474,0.214688,0.284044,0.340124,0,24
1900-01-01 15:22:28.474,0.214583,0.285388,0.33983,0,24
1900-01-01 15:22:29.474,0.215077,0.28501,0.339894,0,24
1900-01-01 15:22:30.474,0.214956,0.284086,0.340051,0,24
1900-01-01 15:22:31.474,0.214709,0.283887,0.339894,0,24
1900-01-01 15:22:32.474,0.214116,0.284333,0.33949,0,24
1900-01-01 15:22:33.474,0.214846,0.284895,0.339481,0,24
1900-01-01 15:22:34.474,0.214357,0.284832,0.339463,0,24
1900-01-01 15:22:35.474,0.21452,0.28375,0.339499,0,24
1900-01-01 15:22:36.474,0.214273,0.284937,0.339747,0,24
1900-01-01 15:22:37.474,0.214263,0.283871,0.339362,0,24
1900-01-01 15:22:38.474,0.214147,0.285577,0.339564,0,24
1900-01-01 15:22:39.474,0.215166,0.285189,0.339564,0,24
1900-01-01 15:22:40.474,0.215098,0.285015,0.339885,0,24
1900-01-01 15:22:41.474,0.214856,0.285126,0.339996,0,24
1900-01-01 15:22:42.474,0.214741,0.284448,0.34029,0,24
1900-01-01 15:22:43.474,0.215092,0.284742,0.339904,0,24
1900-01-01 15:22:44.474,0.214993,0.284601,0.340188,0,24
1900-01-01 15:22:45.474,0.214751,0.284826,0.340124,0,24
1900-01-01 15:22:46.474,0.215019,0.284097,0.339536,0,24
1900-01-01 15:22:47.474,0.214756,0.285162,0.339775,0,24
1900-01-01 15:22:48.474,0.21442,0.284868,0.33995,0,24
1900-01-01 15:22:49.474,0.214594,0.285619,0.33972,0,24
1900-01-01 15:22:50.474,0.214814,0.284947,0.340005,0,24
1900-01-01 15:22:51.474,0.215103,0.284774,0.339453,0,24
1900-01-01 15:22:52.474,0.214924,0.284422,0.340152,0,24
1900-01-01 15:22:53.474,0.214714,0.284391,0.339591,0,24
1900-01-01 15:22:54.474,0.215171,0.284532,0.339812,0,24
1900-01-01 15:22:55.474,0.214452,0.284737,0.339821,0,24
1900-01-01 15:22:56.474,0.214662,0.284149,0.339747,0,24
1900-01-01 15:22:57.474,0.214704,0.284469,0.339453,0,24
1900-01-01 15:22:58.474,0.214489,0.283115,0.339031,0,24
1900-01-01 15:22:59.474,0.214809,0.284931,0.339426,0,24
1900-01-01 15:23:00.474,0.214478,0.285404,0.339334,0,24
1900-01-01 15:23:01.474,0.214321,0.285267,0.339876,0,24
1900-01-01 15:23:02.474,0.215276,0.283451,0.339885,0,24
1900-01-01 15:23:03.474,0.214588,0.283855,0.33949,0,24
1900-01-01 15:23:04.474,0.214594,0.285015,0.339619,0,24
1900-01-01 15:23:05.474,0.215082,0.284338,0.339757,0,24
1900-01-01 15:23:06.474,0.215565,0.287462,0.340069,0,24
1900-01-01 15:23:07.474,0.215302,0.283152,0.339876,0,24
1900-01-01 15:23:08.474,0.214993,0.284842,0.339968,0,24
1900-01-01 15:23:09.474,0.21493,0.284511,0.339812,0,24
1900-01-01 15:23:10.474,0.214452,0.284979,0.339757,0,24
1900-01-01 15:23:11.474,0.214625,0.284196,0.339509,0,24
1900-01-01 15:23:12.474,0.214263,0.284196,0.339996,0,24
1900-01-01 15:23:13.474,0.21463,0.284228,0.339545,0,24
1900-01-01 15:23:14.474,0.215234,0.285383,0.339665,0,24
1900-01-01 15:23:15.474,0.214068,0.283167,0.339766,0,24
1900-01-01 15:23:16.474,0.214751,0.284469,0.33995,0,24
1900-01-01 15:23:17.474,0.214279,0.28417,0.33949,0,24
1900-01-01 15:23:18.474,0.213822,0.283671,0.339362,0,24
1900-01-01 15:23:19.474,0.214914,0.284585,0.339426,0,24
1900-01-01 15:23:20.474,0.214588,0.28449,0.339757,0,24
1900-01-01 15:23:21.474,0.214431,0.284674,0.339582,0,24
1900-01-01 15:23:22.474,0.214877,0.286386,0.33972,0,24
1900-01-01 15:23:23.474,0.214961,0.2847,0.339426,0,24
1900-01-01 15:23:24.474,0.21514,0.285955,0.339931,0,24
1900-01-01 15:23:25.474,0.21505,0.284984,0.340124,0,24
1900-01-01 15:23:26.474,0.214126,0.284847,0.339775,0,24
1900-01-01 15:23:27.474,0.214662,0.283855,0.340005,0,24
1900-01-01 15:23:28.474,0.215066,0.285341,0.33983,0,24
1900-01-01 15:23:29.474,0.214678,0.283808,0.339499,0,24
1900-01-01 15:23:30.474,0.214131,0.284496,0.339867,0,24
1900-01-01 15:23:31.474,0.214441,0.284706,0.339968,0,24
1900-01-01 15:23:32.474,0.214636,0.284664,0.340271,0,24
1900-01-01 15:23:33.474,0.214594,0.283572,0.340032,0,24
1900-01-01 15:23:34.474,0.214525,0.28564,0.340179,0,24
1900-01-01 15:23:35.474,0.214835,0.283971,0.339775,0,24
1900-01-01 15:23:36.474,0.214594,0.283829,0.339527,0,24
1900-01-01 15:23:37.474,0.214594,0.285966,0.339738,0,24
1900-01-01 15:23:38.474,0.214525,0.283498,0.339711,0,24
1900-01-01 15:23:39.474,0.214604,0.284438,0.339325,0,24
1900-01-01 15:23:40.474,0.214163,0.2848,0.3396,0,24
1900-01-01 15:23:41.474,0.214179,0.284133,0.339555,0,24
1900-01-01 15:23:42.474,0.214825,0.284522,0.339582,0,24
1900-01-01 15:23:43.474,0.214588,0.285446,0.339619,0,24
1900-01-01 15:23:44.474,0.214063,0.283734,0.339637,0,24
1900-01-01 15:23:45.474,0.21441,0.283619,0.339619,0,24
1900-01-01 15:23:46.474,0.214373,0.284286,0.339591,0,24
1900-01-01 15:23:47.474,0.214903,0.283824,0.339435,0,24
1900-01-01 15:23:48.474,0.214394,0.284118,0.339784,0,24
1900-01-01 15:23:49.474,0.214714,0.284569,0.339306,0,24
1900-01-01 15:23:50.474,0.215302,0.285525,0.339885,0,24
1900-01-01 15:23:51.474,0.214835,0.284469,0.339803,0,24
1900-01-01 15:23:52.474,0.215092,0.285252,0.339996,0,24
1900-01-01 15:23:53.474,0.215497,0.28533,0.3396,0,24
1900-01-01 15:23:54.474,0.214735,0.283708,0.33949,0,24
1900-01-01 15:23:55.474,0.21484,0.284916,0.339086,0,24
1900-01-01 15:23:56.474,0.214121,0.285346,0.339922,0,24
1900-01-01 15:23:57.474,0.214378,0.284433,0.339573,0,24
1900-01-01 15:23:58.474,0.214893,0.284963,0.339922,0,24
1900-01-01 15:23:59.474,0.215045,0.283608,0.339251,0,24
1900-01-01 15:24:00.474,0.214352,0.284622,0.339536,0,24
1900-01-01 15:24:01.474,0.214279,0.283923,0.339564,0,24
1900-01-01 15:24:02.474,0.2142,0.285588,0.340005,0,24
1900-01-01 15:24:03.474,0.214604,0.283572,0.339711,0,24
1900-01-01 15:24:04.474,0.214704,0.283262,0.339747,0,24
1900-01-01 15:24:05.474,0.213769,0.28438,0.339803,0,24
1900-01-01 15:24:06.474,0.214394,0.285451,0.339398,0,24
1900-01-01 15:24:07.474,0.21411,0.284931,0.339729,0,24
1900-01-01 15:24:08.474,0.21462,0.284637,0.339803,0,24
1900-01-01 15:24:09.474,0.215119,0.285225,0.339904,0,24
1900-01-01 15:24:10.474,0.214998,0.284532,0.33972,0,24
1900-01-01 15:24:11.474,0.215218,0.285971,0.340143,0,24
1900-01-01 15:24:12.474,0.214746,0.285871,0.340115,0,24
1900-01-01 15:24:13.474,0.215218,0.285772,0.339885,0,24
1900-01-01 15:24:14.474,0.215098,0.28522,0.340115,0,24
1900-01-01 15:24:15.474,0.214993,0.28448,0.340216,0,24
1900-01-01 15:24:16.474,0.214683,0.284102,0.340143,0,24
1900-01-01 15:24:17.474,0.214084,0.284496,0.340041,0,24
1900-01-01 15:24:18.474,0.214672,0.285393,0.33994,0,24
1900-01-01 15:24:19.474,0.214179,0.283425,0.340023,0,24
1900-01-01 15:24:20.474,0.21472,0.286029,0.339839,0,24
1900-01-01 15:24:21.474,0.214494,0.284989,0.34017,0,24
1900-01-01 15:24:22.474,0.214405,0.284763,0.340014,0,24
1900-01-01 15:24:23.474,0.214068,0.28459,0.340216,0,24
1900-01-01 15:24:24.474,0.21442,0.284632,0.339986,0,24
1900-01-01 15:24:25.474,0.214699,0.283913,0.340244,0,24
1900-01-01 15:24:26.474,0.21462,0.283771,0.339858,0,24
1900-01-01 15:24:27.474,0.214793,0.284706,0.33961,0,24
1900-01-01 15:24:28.474,0.21484,0.283986,0.339977,0,24
1900-01-01 15:24:29.474,0.214352,0.284034,0.339968,0,24
1900-01-01 15:24:30.474,0.214762,0.283435,0.339784,0,24
1900-01-01 15:24:31.474,0.214541,0.283598,0.33983,0,24
1900-01-01 15:24:32.474,0.214373,0.284648,0.339215,0,24
1900-01-01 15:24:33.474,0.2142,0.283519,0.339463,0,24
1900-01-01 15:24:34.474,0.214089,0.284469,0.339821,0,24
1900-01-01 15:24:35.474,0.214867,0.285189,0.340005,0,24
1900-01-01 15:24:36.474,0.214851,0.284695,0.339692,0,24
1900-01-01 15:24:37.474,0.215098,0.285351,0.339922,0,24
1900-01-01 15:24:38.474,0.215082,0.285267,0.340023,0,24
1900-01-01 15:24:39.474,0.214788,0.285898,0.339867,0,24
1900-01-01 15:24:40.474,0.214935,0.284821,0.340005,0,24
1900-01-01 15:24:41.474,0.215224,0.284228,0.340161,0,24
1900-01-01 15:24:42.474,0.215239,0.283409,0.339977,0,24
1900-01-01 15:24:43.474,0.215197,0.28365,0.340198,0,24
1900-01-01 15:24:44.474,0.214116,0.283682,0.339564,0,24
1900-01-01 15:24:45.474,0.214011,0.283099,0.339518,0,24
1900-01-01 15:24:46.474,0.21411,0.284049,0.339628,0,24
1900-01-01 15:24:47.474,0.214651,0.285761,0.339793,0,24
1900-01-01 15:24:48.474,0.213974,0.282338,0.339775,0,24
1900-01-01 15:24:49.474,0.21441,0.285105,0.340014,0,24
1900-01-01 15:24:50.474,0.214053,0.284569,0.339821,0,24
1900-01-01 15:24:51.474,0.214226,0.284931,0.339205,0,24
1900-01-01 15:24:52.474,0.214378,0.284034,0.339463,0,24
1900-01-01 15:24:53.474,0.213969,0.284921,0.339279,0,24
1900-01-01 15:24:54.474,0.214263,0.28573,0.340124,0,24
1900-01-01 15:24:55.474,0.214583,0.284553,0.34017,0,24
1900-01-01 15:24:56.474,0.214788,0.284496,0.340198,0,24
1900-01-01 15:24:57.474,0.214504,0.283976,0.33994,0,24
1900-01-01 15:24:58.474,0.214352,0.28417,0.339812,0,24
1900-01-01 15:24:59.474,0.214898,0.284317,0.340078,0,24
1900-01-01 15:25:00.474,0.21472,0.285504,0.339986,0,24
1900-01-01 15:25:01.474,0.214478,0.283398,0.339683,0,24
1900-01-01 15:25:02.474,0.215203,0.285399,0.339711,0,24
1900-01-01 15:25:03.474,0.214394,0.283818,0.339986,0,24
1900-01-01 15:25:04.474,0.215108,0.285278,0.339646,0,24
1900-01-01 15:25:05.474,0.214672,0.284212,0.339876,0,24
1900-01-01 15:25:06.474,0.215203,0.285535,0.340143,0,24
1900-01-01 15:25:07.474,0.214987,0.28563,0.340225,0,24
1900-01-01 15:25:08.474,0.214804,0.284039,0.340041,0,24
1900-01-01 15:25:09.474,0.215192,0.283923,0.340381,0,24
1900-01-01 15:25:10.474,0.214541,0.28522,0.339986,0,24
1900-01-01 15:25:11.474,0.214058,0.284653,0.34006,0,24
1900-01-01 15:25:12.474,0.215087,0.284328,0.339849,0,24
1900-01-01 15:25:13.474,0.21463,0.284763,0.340262,0,24
1900-01-01 15:25:14.474,0.214625,0.284832,0.340391,0,24
1900-01-01 15:25:15.474,0.214867,0.285656,0.340547,0,24
1900-01-01 15:25:16.474,0.215444,0.285866,0.340253,0,24
1900-01-01 15:25:17.474,0.215397,0.285798,0.340299,0,24
1900-01-01 15:25:18.474,0.215229,0.284406,0.339904,0,24
1900-01-01 15:25:19.474,0.21493,0.285005,0.340124,0,24
1900-01-01 15:25:20.474,0.21505,0.285908,0.339858,0,24
1900-01-01 15:25:21.474,0.214809,0.284076,0.34017,0,24
1900-01-01 15:25:22.474,0.21421,0.282774,0.339839,0,24
1900-01-01 15:25:23.474,0.214699,0.284212,0.339711,0,24
1900-01-01 15:25:24.474,0.214457,0.284181,0.339922,0,24
1900-01-01 15:25:25.474,0.214898,0.286013,0.340299,0,24
1900-01-01 15:25:26.474,0.214263,0.283803,0.339757,0,24
1900-01-01 15:25:27.474,0.214846,0.283939,0.339591,0,24
1900-01-01 15:25:28.474,0.214599,0.285189,0.339977,0,24
1900-01-01 15:25:29.474,0.214704,0.284013,0.340133,0,24
1900-01-01 15:25:30.474,0.215035,0.284658,0.339747,0,24
1900-01-01 15:25:31.474,0.214872,0.285078,0.339757,0,24
1900-01-01 15:25:32.474,0.215297,0.28448,0.339922,0,24
1900-01-01 15:25:33.474,0.214326,0.283908,0.339922,0,24
1900-01-01 15:25:34.474,0.214667,0.285078,0.34017,0,24
1900-01-01 15:25:35.474,0.214615,0.284926,0.339821,0,24
1900-01-01 15:25:36.474,0.214825,0.284616,0.339922,0,24
1900-01-01 15:25:37.474,0.214531,0.283992,0.340106,0,24
1900-01-01 15:25:38.474,0.214888,0.284233,0.3396,0,24
1900-01-01 15:25:39.474,0.214436,0.283692,0.339444,0,24
1900-01-01 15:25:40.474,0.214452,0.283729,0.339656,0,24
1900-01-01 15:25:41.474,0.214268,0.284674,0.339692,0,24
1900-01-01 15:25:42.474,0.214447,0.283456,0.339426,0,24
1900-01-01 15:25:43.474,0.214604,0.283761,0.339683,0,24
1900-01-01 15:25:44.474,0.214284,0.284774,0.340023,0,24
1900-01-01 15:25:45.474,0.214641,0.284811,0.339637,0,24
1900-01-01 15:25:46.474,0.214683,0.285656,0.340133,0,24
1900-01-01 15:25:47.474,0.214982,0.285042,0.339876,0,24
1900-01-01 15:25:48.474,0.215533,0.284286,0.339619,0,24
1900-01-01 15:25:49.474,0.214562,0.28374,0.33972,0,24
1900-01-01 15:25:50.474,0.214326,0.284816,0.339931,0,24
1900-01-01 15:25:51.474,0.215229,0.283808,0.339793,0,24
1900-01-01 15:25:52.474,0.214599,0.28353,0.339545,0,24
1900-01-01 15:25:53.474,0.214321,0.284223,0.339582,0,24
1900-01-01 15:25:54.474,0.214861,0.285457,0.33994,0,24
1900-01-01 15:25:55.474,0.214709,0.284364,0.339894,0,24
1900-01-01 15:25:56.474,0.214972,0.284795,0.339527,0,24
1900-01-01 15:25:57.474,0.214662,0.284658,0.339674,0,24
1900-01-01 15:25:58.474,0.215507,0.284538,0.339619,0,24
1900-01-01 15:25:59.474,0.21525,0.285036,0.3396,0,24
1900-01-01 15:26:00.474,0.214951,0.283719,0.339343,0,24
1900-01-01 15:26:01.474,0.215071,0.284076,0.339463,0,24
1900-01-01 15:26:02.474,0.214473,0.283787,0.339904,0,24
1900-01-01 15:26:03.474,0.214546,0.284322,0.339894,0,24
1900-01-01 15:26:04.474,0.214861,0.284448,0.339656,0,24
1900-01-01 15:26:05.474,0.214688,0.284055,0.339646,0,24
1900-01-01 15:26:06.474,0.213911,0.283293,0.339692,0,24
1900-01-01 15:26:07.474,0.214567,0.282931,0.339766,0,24
1900-01-01 15:26:08.474,0.214131,0.283524,0.339205,0,24
1900-01-01 15:26:09.474,0.214641,0.284133,0.339472,0,24
1900-01-01 15:26:10.474,0.214699,0.284443,0.339784,0,24
1900-01-01 15:26:11.474,0.214294,0.285126,0.339904,0,24
1900-01-01 15:26:12.474,0.214678,0.2849,0.339729,0,24
1900-01-01 15:26:13.474,0.214693,0.282994,0.339417,0,24
1900-01-01 15:26:14.474,0.214793,0.28458,0.339766,0,24
1900-01-01 15:26:15.474,0.215166,0.284742,0.339555,0,24
1900-01-01 15:26:16.474,0.214924,0.284769,0.33949,0,24
1900-01-01 15:26:17.474,0.215098,0.284517,0.339683,0,24
1900-01-01 15:26:18.474,0.214814,0.284081,0.339729,0,24
1900-01-01 15:26:19.474,0.21452,0.284916,0.340023,0,24
1900-01-01 15:26:20.474,0.214116,0.283104,0.339564,0,24
1900-01-01 15:26:21.474,0.213953,0.282532,0.339527,0,24
1900-01-01 15:26:22.474,0.214562,0.285625,0.339022,0,24
1900-01-01 15:26:23.474,0.214546,0.284438,0.339931,0,24
1900-01-01 15:26:24.474,0.21452,0.282548,0.339573,0,24
1900-01-01 15:26:25.474,0.21472,0.283986,0.339371,0,24
1900-01-01 15:26:26.474,0.214363,0.284727,0.339757,0,24
1900-01-01 15:26:27.474,0.214562,0.286139,0.339628,0,24
1900-01-01 15:26:28.474,0.215502,0.285231,0.339306,0,24
1900-01-01 15:26:29.474,0.215182,0.284328,0.339472,0,24
1900-01-01 15:26:30.474,0.214636,0.284496,0.339187,0,24
1900-01-01 15:26:31.474,0.214226,0.28396,0.33904,0,24
1900-01-01 15:26:32.474,0.214882,0.284884,0.339628,0,24
1900-01-01 15:26:33.474,0.21494,0.284868,0.338774,0,24
1900-01-01 15:26:34.474,0.214321,0.284637,0.339196,0,24
1900-01-01 15:26:35.474,0.214279,0.284007,0.339114,0,24
1900-01-01 15:26:36.474,0.21494,0.284622,0.339582,0,24
1900-01-01 15:26:37.474,0.215208,0.286018,0.33994,0,24
1900-01-01 15:26:38.474,0.21483,0.284144,0.340133,0,24
1900-01-01 15:26:39.474,0.215119,0.28606,0.339913,0,24
1900-01-01 15:26:40.474,0.21515,0.284559,0.339885,0,24
1900-01-01 15:26:41.474,0.215008,0.282558,0.33994,0,24
1900-01-01 15:26:42.474,0.214777,0.283929,0.339858,0,24
1900-01-01 15:26:43.474,0.214867,0.284422,0.339316,0,24
1900-01-01 15:26:44.474,0.215003,0.284123,0.339803,0,24
1900-01-01 15:26:45.474,0.214352,0.283829,0.339509,0,24
1900-01-01 15:26:46.474,0.214846,0.284091,0.339233,0,24
1900-01-01 15:26:47.474,0.214657,0.283608,0.3396,0,24
1900-01-01 15:26:48.474,0.214594,0.284186,0.339463,0,24
1900-01-01 15:26:49.474,0.213633,0.282705,0.339049,0,24
1900-01-01 15:26:50.474,0.214158,0.284028,0.339555,0,24
1900-01-01 15:26:51.474,0.214321,0.284448,0.33938,0,24
1900-01-01 15:26:52.474,0.21483,0.282721,0.33893,0,24
1900-01-01 15:26:53.474,0.214678,0.284013,0.338627,0,24
1900-01-01 15:26:54.474,0.214016,0.284249,0.339646,0,24
1900-01-01 15:26:55.474,0.21484,0.285709,0.339453,0,24
1900-01-01 15:26:56.474,0.214714,0.284506,0.339628,0,24
1900-01-01 15:26:57.474,0.215119,0.284632,0.339894,0,24
1900-01-01 15:26:58.474,0.214704,0.285031,0.339775,0,24
1900-01-01 15:26:59.474,0.215218,0.284422,0.339398,0,24
1900-01-01 15:27:00.474,0.214888,0.283341,0.340041,0,24
1900-01-01 15:27:01.474,0.214158,0.283425,0.339426,0,24
1900-01-01 15:27:02.474,0.214163,0.28491,0.339977,0,24
1900-01-01 15:27:03.474,0.214961,0.28428,0.339711,0,24
1900-01-01 15:27:04.474,0.214714,0.283913,0.339849,0,24
1900-01-01 15:27:05.474,0.214788,0.283808,0.339352,0,24
1900-01-01 15:27:06.474,0.21399,0.282784,0.339242,0,24
1900-01-01 15:27:07.474,0.214573,0.283729,0.339518,0,24
1900-01-01 15:27:08.474,0.213953,0.282548,0.339481,0,24
1900-01-01 15:27:09.474,0.214583,0.285246,0.340087,0,24
1900-01-01 15:27:10.474,0.213722,0.283509,0.339582,0,24
1900-01-01 15:27:11.474,0.213843,0.283372,0.339545,0,24
1900-01-01 15:27:12.474,0.214184,0.284317,0.339159,0,24
1900-01-01 15:27:13.474,0.213916,0.284475,0.339408,0,24
1900-01-01 15:27:14.474,0.215271,0.285031,0.339582,0,24
1900-01-01 15:27:15.474,0.214809,0.284244,0.339453,0,24
1900-01-01 15:27:16.474,0.214662,0.284275,0.339784,0,24
1900-01-01 15:27:17.474,0.215087,0.283834,0.339334,0,24
1900-01-01 15:27:18.474,0.214982,0.283435,0.338985,0,24
1900-01-01 15:27:19.474,0.2143,0.284307,0.339545,0,24
1900-01-01 15:27:20.474,0.214641,0.28375,0.339591,0,24
1900-01-01 15:27:21.474,0.214252,0.283939,0.339582,0,24
1900-01-01 15:27:22.474,0.214053,0.284144,0.339573,0,24
1900-01-01 15:27:23.474,0.214084,0.284942,0.339518,0,24
1900-01-01 15:27:24.474,0.214678,0.286291,0.339316,0,24
1900-01-01 15:27:25.474,0.21484,0.285409,0.33927,0,24
1900-01-01 15:27:26.474,0.214326,0.283913,0.340069,0,24
1900-01-01 15:27:27.474,0.214489,0.283173,0.339453,0,24
1900-01-01 15:27:28.474,0.214893,0.285798,0.339784,0,24
1900-01-01 15:27:29.474,0.214583,0.28459,0.340078,0,24
1900-01-01 15:27:30.474,0.214394,0.283986,0.339564,0,24
1900-01-01 15:27:31.474,0.2142,0.282973,0.339159,0,24
1900-01-01 15:27:32.474,0.21431,0.283808,0.339628,0,24
1900-01-01 15:27:33.474,0.21389,0.284091,0.339555,0,24
1900-01-01 15:27:34.474,0.213969,0.283561,0.339784,0,24
1900-01-01 15:27:35.474,0.214205,0.283414,0.339334,0,24
1900-01-01 15:27:36.474,0.214121,0.283356,0.339444,0,24
1900-01-01 15:27:37.474,0.214231,0.283908,0.339573,0,24
1900-01-01 15:27:38.474,0.214588,0.286396,0.339343,0,24
1900-01-01 15:27:39.474,0.214562,0.285357,0.339518,0,24
1900-01-01 15:27:40.474,0.214583,0.284118,0.340115,0,24
1900-01-01 15:27:41.474,0.214982,0.285393,0.33983,0,24
1900-01-01 15:27:42.474,0.214573,0.284884,0.340198,0,24
1900-01-01 15:27:43.474,0.214657,0.285215,0.339867,0,24
1900-01-01 15:27:44.474,0.214636,0.284296,0.339159,0,24
1900-01-01 15:27:45.474,0.214389,0.284926,0.339371,0,24
1900-01-01 15:27:46.474,0.214131,0.285404,0.340143,0,24
1900-01-01 15:27:47.474,0.21462,0.283467,0.339977,0,24
1900-01-01 15:27:48.474,0.214394,0.284359,0.340041,0,24
1900-01-01 15:27:49.474,0.214489,0.283981,0.339453,0,24
1900-01-01 15:27:50.474,0.214016,0.285026,0.339499,0,24
1900-01-01 15:27:51.474,0.214567,0.284742,0.339536,0,24
1900-01-01 15:27:52.474,0.214604,0.284023,0.339803,0,24
1900-01-01 15:27:53.474,0.214961,0.285194,0.339812,0,24
1900-01-01 15:27:54.474,0.214683,0.285414,0.33938,0,24
1900-01-01 15:27:55.474,0.21462,0.284102,0.339481,0,24
1900-01-01 15:27:56.474,0.214441,0.284758,0.339986,0,24
1900-01-01 15:27:57.474,0.2143,0.28428,0.339711,0,24
1900-01-01 15:27:58.474,0.214468,0.284254,0.340097,0,24
1900-01-01 15:27:59.474,0.214168,0.284065,0.339766,0,24
1900-01-01 15:28:00.474,0.214557,0.28469,0.339904,0,24
1900-01-01 15:28:01.474,0.214825,0.285283,0.339968,0,24
1900-01-01 15:28:02.474,0.214378,0.283724,0.339628,0,24
1900-01-01 15:28:03.474,0.213879,0.283157,0.339325,0,24
1900-01-01 15:28:04.474,0.21421,0.28479,0.339582,0,24
1900-01-01 15:28:05.474,0.214683,0.285457,0.339793,0,24
1900-01-01 15:28:06.474,0.214074,0.283451,0.339656,0,24
1900-01-01 15:28:07.474,0.214315,0.284375,0.339904,0,24
1900-01-01 15:28:08.474,0.214483,0.284364,0.339224,0,24
1900-01-01 15:28:09.474,0.214583,0.284244,0.33915,0,24
1900-01-01 15:28:10.474,0.214541,0.285015,0.33972,0,24
1900-01-01 15:28:11.474,0.214646,0.283383,0.339545,0,24
1900-01-01 15:28:12.474,0.213869,0.284863,0.339582,0,24
1900-01-01 15:28:13.474,0.214499,0.285147,0.339242,0,24
1900-01-01 15:28:14.474,0.214399,0.283887,0.339646,0,24
1900-01-01 15:28:15.474,0.213995,0.284044,0.339417,0,24
1900-01-01 15:28:16.474,0.214478,0.283923,0.339389,0,24
1900-01-01 15:28:17.474,0.214473,0.283892,0.339086,0,24
1900-01-01 15:28:18.474,0.214872,0.284884,0.339683,0,24
1900-01-01 15:28:19.474,0.214258,0.283797,0.339674,0,24
1900-01-01 15:28:20.474,0.213963,0.284275,0.339389,0,24
1900-01-01 15:28:21.474,0.214452,0.285267,0.339049,0,24
1900-01-01 15:28:22.474,0.215182,0.284007,0.339545,0,24
1900-01-01 15:28:23.474,0.214173,0.283902,0.339463,0,24
1900-01-01 15:28:24.474,0.214247,0.284433,0.33927,0,24
1900-01-01 15:28:25.474,0.214557,0.284375,0.33961,0,24
1900-01-01 15:28:26.474,0.214798,0.284296,0.339031,0,24
1900-01-01 15:28:27.474,0.214861,0.28543,0.339711,0,24
1900-01-01 15:28:28.474,0.214032,0.282543,0.339472,0,24
1900-01-01 15:28:29.474,0.214331,0.284884,0.33927,0,24
1900-01-01 15:28:30.474,0.215019,0.283902,0.339306,0,24
1900-01-01 15:28:31.474,0.2139,0.2848,0.339665,0,24
1900-01-01 15:28:32.474,0.214152,0.28291,0.339683,0,24
1900-01-01 15:28:33.474,0.213864,0.283645,0.339463,0,24
1900-01-01 15:28:34.474,0.213606,0.284028,0.338875,0,24
1900-01-01 15:28:35.474,0.214394,0.283797,0.339123,0,24
1900-01-01 15:28:36.474,0.214289,0.284391,0.339132,0,24
1900-01-01 15:28:37.474,0.214053,0.282889,0.339205,0,24
1900-01-01 15:28:38.474,0.214756,0.283167,0.33915,0,24
1900-01-01 15:28:39.474,0.21442,0.283939,0.339288,0,24
1900-01-01 15:28:40.474,0.213869,0.284307,0.338985,0,24
1900-01-01 15:28:41.474,0.214147,0.284076,0.339279,0,24
1900-01-01 15:28:42.474,0.214888,0.284338,0.338893,0,24
1900-01-01 15:28:43.474,0.214552,0.284349,0.339334,0,24
1900-01-01 15:28:44.474,0.213743,0.284207,0.339049,0,24
1900-01-01 15:28:45.474,0.213816,0.284049,0.339426,0,24
1900-01-01 15:28:46.474,0.214389,0.28459,0.339242,0,24
1900-01-01 15:28:47.474,0.214888,0.285246,0.339325,0,24
1900-01-01 15:28:48.474,0.214935,0.283818,0.339527,0,24
1900-01-01 15:28:49.474,0.21442,0.28365,0.339408,0,24
1900-01-01 15:28:50.474,0.214021,0.28428,0.339582,0,24
1900-01-01 15:28:51.474,0.214457,0.285057,0.339499,0,24
1900-01-01 15:28:52.474,0.214951,0.283724,0.340041,0,24
1900-01-01 15:28:53.474,0.214373,0.285078,0.339389,0,24
1900-01-01 15:28:54.474,0.214735,0.283566,0.339251,0,24
1900-01-01 15:28:55.474,0.214352,0.284275,0.339738,0,24
1900-01-01 15:28:56.474,0.214541,0.284501,0.339674,0,24
1900-01-01 15:28:57.474,0.214042,0.285336,0.339499,0,24
1900-01-01 15:28:58.474,0.215019,0.285267,0.339637,0,24
1900-01-01 15:28:59.474,0.214903,0.286113,0.339417,0,24
1900-01-01 15:29:00.474,0.214405,0.284023,0.339242,0,24
1900-01-01 15:29:01.474,0.214116,0.283745,0.339656,0,24
1900-01-01 15:29:02.474,0.214898,0.28428,0.339426,0,24
1900-01-01 15:29:03.474,0.214331,0.284774,0.339628,0,24
1900-01-01 15:29:04.474,0.214641,0.284832,0.339922,0,24
1900-01-01 15:29:05.474,0.214903,0.284412,0.339766,0,24
1900-01-01 15:29:06.474,0.214483,0.283299,0.339738,0,24
1900-01-01 15:29:07.474,0.214336,0.285351,0.339986,0,24
1900-01-01 15:29:08.474,0.215434,0.283792,0.339757,0,24
1900-01-01 15:29:09.474,0.214966,0.284758,0.339536,0,24
1900-01-01 15:29:10.474,0.214567,0.284984,0.339894,0,24
1900-01-01 15:29:11.474,0.214394,0.28469,0.340345,0,24
1900-01-01 15:29:12.474,0.214667,0.284065,0.339527,0,24
1900-01-01 15:29:13.474,0.21452,0.284443,0.339628,0,24
1900-01-01 15:29:14.474,0.214294,0.284191,0.339711,0,24
1900-01-01 15:29:15.474,0.214531,0.284485,0.340097,0,24
1900-01-01 15:29:16.474,0.21514,0.28428,0.339968,0,24
1900-01-01 15:29:17.474,0.214604,0.283713,0.340014,0,24
1900-01-01 15:29:18.474,0.214168,0.283225,0.339628,0,24
1900-01-01 15:29:19.474,0.214363,0.283608,0.339343,0,24
1900-01-01 15:29:20.474,0.214546,0.285225,0.339371,0,24
1900-01-01 15:29:21.474,0.21451,0.284931,0.339674,0,24
1900-01-01 15:29:22.474,0.214672,0.284301,0.339288,0,24
1900-01-01 15:29:23.474,0.214499,0.283587,0.339527,0,24
1900-01-01 15:29:24.474,0.214872,0.283409,0.339159,0,24
1900-01-01 15:29:25.474,0.214373,0.284632,0.338921,0,24
1900-01-01 15:29:26.474,0.214767,0.284469,0.339738,0,24
1900-01-01 15:29:27.474,0.214426,0.283477,0.339509,0,24
1900-01-01 15:29:28.474,0.214531,0.285273,0.339793,0,24
1900-01-01 15:29:29.474,0.215014,0.285283,0.339986,0,24
1900-01-01 15:29:30.474,0.215554,0.284055,0.339637,0,24
1900-01-01 15:29:31.474,0.214951,0.284758,0.339867,0,24
1900-01-01 15:29:32.474,0.21473,0.284196,0.339922,0,24
1900-01-01 15:29:33.474,0.214131,0.283477,0.339564,0,24
1900-01-01 15:29:34.474,0.213832,0.283545,0.339582,0,24
1900-01-01 15:29:35.474,0.21369,0.284123,0.339426,0,24
1900-01-01 15:29:36.474,0.214226,0.283902,0.339463,0,24
1900-01-01 15:29:37.474,0.214289,0.286669,0.339481,0,24
1900-01-01 15:29:38.474,0.215129,0.285667,0.33938,0,24
1900-01-01 15:29:39.474,0.214331,0.283839,0.339683,0,24
1900-01-01 15:29:40.474,0.214877,0.283724,0.339426,0,24
1900-01-01 15:29:41.474,0.214121,0.284112,0.339812,0,24
1900-01-01 15:29:42.474,0.214242,0.284422,0.339702,0,24
1900-01-01 15:29:43.474,0.214426,0.28332,0.339674,0,24
1900-01-01 15:29:44.474,0.21515,0.285278,0.339408,0,24
1900-01-01 15:29:45.474,0.214809,0.284889,0.340087,0,24
1900-01-01 15:29:46.474,0.214426,0.283404,0.339922,0,24
1900-01-01 15:29:47.474,0.214714,0.284102,0.339362,0,24
1900-01-01 15:29:48.474,0.213853,0.285026,0.339858,0,24
1900-01-01 15:29:49.474,0.214342,0.284049,0.339453,0,24
1900-01-01 15:29:50.474,0.214226,0.283908,0.338921,0,24
1900-01-01 15:29:51.474,0.214105,0.284574,0.339187,0,24
1900-01-01 15:29:52.474,0.214326,0.285457,0.339242,0,24
1900-01-01 15:29:53.474,0.214426,0.284868,0.339545,0,24
1900-01-01 15:29:54.474,0.214457,0.283183,0.339288,0,24
1900-01-01 15:29:55.474,0.214457,0.283771,0.339003,0,24
1900-01-01 15:29:56.474,0.214662,0.284874,0.339536,0,24
1900-01-01 15:29:57.474,0.214746,0.285099,0.339646,0,24
1900-01-01 15:29:58.474,0.214536,0.284018,0.339582,0,24
1900-01-01 15:29:59.474,0.214194,0.283398,0.339885,0,24
1900-01-01 15:30:00.474,0.214667,0.28585,0.33961,0,24
1900-01-01 15:30:01.474,0.214405,0.286207,0.339729,0,24
1900-01-01 15:30:02.474,0.214893,0.28522,0.339472,0,24
1900-01-01 15:30:03.474,0.215402,0.283876,0.339628,0,24
1900-01-01 15:30:04.474,0.215313,0.284433,0.339757,0,24
1900-01-01 15:30:05.474,0.215008,0.284916,0.339766,0,24
1900-01-01 15:30:06.474,0.214478,0.283582,0.339509,0,24
1900-01-01 15:30:07.474,0.214625,0.284795,0.3396,0,24
1900-01-01 15:30:08.474,0.214846,0.283519,0.33972,0,24
1900-01-01 15:30:09.474,0.214368,0.283992,0.339371,0,24
1900-01-01 15:30:10.474,0.2143,0.284438,0.339637,0,24
1900-01-01 15:30:11.474,0.215581,0.284994,0.339233,0,24
1900-01-01 15:30:12.474,0.215371,0.284049,0.339527,0,24
1900-01-01 15:30:13.474,0.214242,0.283955,0.339279,0,24
1900-01-01 15:30:14.474,0.214767,0.284674,0.339536,0,24
1900-01-01 15:30:15.474,0.213648,0.284002,0.339463,0,24
1900-01-01 15:30:16.474,0.215066,0.285026,0.339398,0,24
1900-01-01 15:30:17.474,0.214672,0.285588,0.339812,0,24
1900-01-01 15:30:18.474,0.215239,0.282957,0.339371,0,24
1900-01-01 15:30:19.474,0.214772,0.284375,0.339812,0,24
1900-01-01 15:30:20.474,0.214168,0.283734,0.339665,0,24
1900-01-01 15:30:21.474,0.214468,0.283209,0.339132,0,24
1900-01-01 15:30:22.474,0.214142,0.283818,0.339261,0,24
1900-01-01 15:30:23.474,0.214772,0.284464,0.339343,0,24
1900-01-01 15:30:24.474,0.214194,0.28312,0.339288,0,24
1900-01-01 15:30:25.474,0.214021,0.28407,0.339334,0,24
1900-01-01 15:30:26.474,0.214704,0.285283,0.339325,0,24
1900-01-01 15:30:27.474,0.21421,0.283839,0.339187,0,24
1900-01-01 15:30:28.474,0.215071,0.285152,0.339453,0,24
1900-01-01 15:30:29.474,0.214541,0.285982,0.339343,0,24
1900-01-01 15:30:30.474,0.21483,0.285367,0.339646,0,24
1900-01-01 15:30:31.474,0.214678,0.284863,0.339729,0,24
1900-01-01 15:30:32.474,0.214215,0.283251,0.339619,0,24
1900-01-01 15:30:33.474,0.214583,0.285604,0.339766,0,24
1900-01-01 15:30:34.474,0.214767,0.283083,0.340005,0,24
1900-01-01 15:30:35.474,0.214074,0.284538,0.339812,0,24
1900-01-01 15:30:36.474,0.215124,0.28459,0.339573,0,24
1900-01-01 15:30:37.474,0.214636,0.284979,0.339692,0,24
1900-01-01 15:30:38.474,0.214851,0.28501,0.339453,0,24
1900-01-01 15:30:39.474,0.214972,0.284574,0.339674,0,24
1900-01-01 15:30:40.474,0.214189,0.282333,0.3396,0,24
1900-01-01 15:30:41.474,0.214552,0.284317,0.339215,0,24
1900-01-01 15:30:42.474,0.21463,0.282989,0.339711,0,24
1900-01-01 15:30:43.474,0.213864,0.284947,0.339628,0,24
1900-01-01 15:30:44.474,0.214363,0.284973,0.339729,0,24
1900-01-01 15:30:45.474,0.214384,0.283535,0.339573,0,24
1900-01-01 15:30:46.474,0.214237,0.283944,0.339362,0,24
1900-01-01 15:30:47.474,0.214615,0.283267,0.339242,0,24
1900-01-01 15:30:48.474,0.214373,0.285031,0.339499,0,24
1900-01-01 15:30:49.474,0.2142,0.284233,0.33927,0,24
1900-01-01 15:30:50.474,0.214441,0.283839,0.339408,0,24
1900-01-01 15:30:51.474,0.215045,0.284916,0.339426,0,24
1900-01-01 15:30:52.474,0.214877,0.285955,0.340078,0,24
1900-01-01 15:30:53.474,0.214998,0.286228,0.340244,0,24
1900-01-01 15:30:54.474,0.214945,0.284763,0.340308,0,24
1900-01-01 15:30:55.474,0.214347,0.284091,0.339968,0,24
1900-01-01 15:30:56.474,0.214725,0.284942,0.340354,0,24
1900-01-01 15:30:57.474,0.214152,0.283729,0.340069,0,24
1900-01-01 15:30:58.474,0.215218,0.285036,0.340115,0,24
1900-01-01 15:30:59.474,0.215271,0.283834,0.340152,0,24
1900-01-01 15:31:00.474,0.214982,0.284679,0.340335,0,24
1900-01-01 15:31:01.474,0.213948,0.28375,0.340014,0,24
1900-01-01 15:31:02.474,0.214452,0.284527,0.339931,0,24
1900-01-01 15:31:03.474,0.214231,0.283887,0.339913,0,24
1900-01-01 15:31:04.474,0.214384,0.284412,0.340023,0,24
1900-01-01 15:31:05.474,0.215108,0.285,0.340051,0,24
1900-01-01 15:31:06.474,0.214867,0.284039,0.339729,0,24
1900-01-01 15:31:07.474,0.214289,0.284354,0.33994,0,24
1900-01-01 15:31:08.474,0.21493,0.2848,0.339876,0,24
1900-01-01 15:31:09.474,0.214026,0.283692,0.33995,0,24
1900-01-01 15:31:10.474,0.214804,0.285225,0.339858,0,24
1900-01-01 15:31:11.474,0.214756,0.284039,0.33983,0,24
1900-01-01 15:31:12.474,0.214221,0.282957,0.339702,0,24
1900-01-01 15:31:13.474,0.214179,0.284364,0.339922,0,24
1900-01-01 15:31:14.474,0.214336,0.283052,0.339435,0,24
1900-01-01 15:31:15.474,0.214489,0.284889,0.339665,0,24
1900-01-01 15:31:16.474,0.213827,0.285115,0.339821,0,24
1900-01-01 15:31:17.474,0.214478,0.284769,0.339499,0,24
1900-01-01 15:31:18.474,0.215061,0.283041,0.339527,0,24
1900-01-01 15:31:19.474,0.21451,0.284139,0.339931,0,24
1900-01-01 15:31:20.474,0.214037,0.284338,0.339637,0,24
1900-01-01 15:31:21.474,0.214263,0.284548,0.33995,0,24
1900-01-01 15:31:22.474,0.21462,0.285451,0.339885,0,24
1900-01-01 15:31:23.474,0.214835,0.285115,0.339738,0,24
1900-01-01 15:31:24.474,0.214636,0.284196,0.339665,0,24
1900-01-01 15:31:25.474,0.214158,0.283719,0.34006,0,24
1900-01-01 15:31:26.474,0.214777,0.284837,0.339904,0,24
1900-01-01 15:31:27.474,0.21463,0.284548,0.33994,0,24
1900-01-01 15:31:28.474,0.214657,0.285115,0.339959,0,24
1900-01-01 15:31:29.474,0.214604,0.284826,0.340179,0,24
1900-01-01 15:31:30.474,0.21389,0.284081,0.339913,0,24
1900-01-01 15:31:31.474,0.213417,0.283215,0.339977,0,24
1900-01-01 15:31:32.474,0.214273,0.283876,0.339564,0,24
1900-01-01 15:31:33.474,0.214231,0.285435,0.339821,0,24
1900-01-01 15:31:34.474,0.214667,0.28448,0.340372,0,24
1900-01-01 15:31:35.474,0.214447,0.282779,0.339784,0,24
1900-01-01 15:31:36.474,0.214331,0.283356,0.339894,0,24
1900-01-01 15:31:37.474,0.214646,0.285404,0.339904,0,24
1900-01-01 15:31:38.474,0.213895,0.285435,0.3396,0,24
1900-01-01 15:31:39.474,0.214047,0.283005,0.339665,0,24
1900-01-01 15:31:40.474,0.214047,0.283467,0.339646,0,24
1900-01-01 15:31:41.474,0.214457,0.283467,0.339894,0,24
1900-01-01 15:31:42.474,0.214426,0.282485,0.339876,0,24
1900-01-01 15:31:43.474,0.213869,0.285273,0.339674,0,24
1900-01-01 15:31:44.474,0.214326,0.282616,0.33994,0,24
1900-01-01 15:31:45.474,0.213937,0.285462,0.340014,0,24
1900-01-01 15:31:46.474,0.21389,0.284349,0.339894,0,24
1900-01-01 15:31:47.474,0.214042,0.284191,0.339628,0,24
1900-01-01 15:31:48.474,0.213486,0.282978,0.340354,0,24
1900-01-01 15:31:49.474,0.21442,0.284963,0.339582,0,24
1900-01-01 15:31:50.474,0.214194,0.285672,0.340492,0,24
1900-01-01 15:31:51.474,0.214819,0.284133,0.340225,0,24
1900-01-01 15:31:52.474,0.214588,0.284616,0.33994,0,24
1900-01-01 15:31:53.474,0.214615,0.284133,0.33983,0,24
1900-01-01 15:31:54.474,0.214583,0.284312,0.339885,0,24
1900-01-01 15:31:55.474,0.213974,0.284485,0.339711,0,24
1900-01-01 15:31:56.474,0.214405,0.282931,0.339867,0,24
1900-01-01 15:31:57.474,0.213942,0.284044,0.339591,0,24
1900-01-01 15:31:58.474,0.21473,0.285047,0.339646,0,24
1900-01-01 15:31:59.474,0.214667,0.284128,0.339481,0,24
1900-01-01 15:32:00.474,0.213528,0.28333,0.339849,0,24
1900-01-01 15:32:01.474,0.2142,0.283834,0.339435,0,24
1900-01-01 15:32:02.474,0.214499,0.284648,0.339977,0,24
1900-01-01 15:32:03.474,0.215035,0.284874,0.339656,0,24
1900-01-01 15:32:04.474,0.214279,0.283876,0.3396,0,24
1900-01-01 15:32:05.474,0.214447,0.284616,0.339738,0,24
1900-01-01 15:32:06.474,0.214636,0.285057,0.33972,0,24
1900-01-01 15:32:07.474,0.214457,0.284942,0.339803,0,24
1900-01-01 15:32:08.474,0.214457,0.284973,0.340381,0,24
1900-01-01 15:32:09.474,0.214326,0.283482,0.339996,0,24
1900-01-01 15:32:10.474,0.214268,0.282522,0.339913,0,24
1900-01-01 15:32:11.474,0.214473,0.284401,0.339352,0,24
1900-01-01 15:32:12.474,0.213648,0.284039,0.339738,0,24
1900-01-01 15:32:13.474,0.214089,0.28364,0.339867,0,24
1900-01-01 15:32:14.474,0.214966,0.283031,0.339453,0,24
1900-01-01 15:32:15.474,0.213816,0.283955,0.339977,0,24
1900-01-01 15:32:16.474,0.21451,0.285987,0.339894,0,24
1900-01-01 15:32:17.474,0.214457,0.28395,0.339702,0,24
1900-01-01 15:32:18.474,0.214835,0.285015,0.339527,0,24
1900-01-01 15:32:19.474,0.214583,0.28385,0.340455,0,24
1900-01-01 15:32:20.474,0.213869,0.283745,0.339931,0,24
1900-01-01 15:32:21.474,0.214179,0.282994,0.339692,0,24
1900-01-01 15:32:22.474,0.214289,0.284181,0.339371,0,24
1900-01-01 15:32:23.474,0.21472,0.284569,0.339536,0,24
1900-01-01 15:32:24.474,0.214704,0.284937,0.339362,0,24
1900-01-01 15:32:25.474,0.214279,0.28416,0.339444,0,24
1900-01-01 15:32:26.474,0.2139,0.283535,0.340041,0,24
1900-01-01 15:32:27.474,0.214436,0.284847,0.339986,0,24
1900-01-01 15:32:28.474,0.214693,0.283876,0.339637,0,24
1900-01-01 15:32:29.474,0.214667,0.284826,0.339692,0,24
1900-01-01 15:32:30.474,0.214993,0.284968,0.339573,0,24
1900-01-01 15:32:31.474,0.214352,0.283629,0.339738,0,24
1900-01-01 15:32:32.474,0.214667,0.284448,0.339573,0,24
1900-01-01 15:32:33.474,0.214142,0.283729,0.339637,0,24
1900-01-01 15:32:34.474,0.214405,0.284375,0.339656,0,24
1900-01-01 15:32:35.474,0.214441,0.283293,0.339389,0,24
1900-01-01 15:32:36.474,0.214651,0.284338,0.339509,0,24
1900-01-01 15:32:37.474,0.214851,0.283965,0.339821,0,24
1900-01-01 15:32:38.474,0.213811,0.283755,0.339757,0,24
1900-01-01 15:32:39.474,0.214499,0.284595,0.33949,0,24
1900-01-01 15:32:40.474,0.21441,0.284427,0.339692,0,24
1900-01-01 15:32:41.474,0.21421,0.284685,0.339711,0,24
1900-01-01 15:32:42.474,0.214562,0.283377,0.340051,0,24
1900-01-01 15:32:43.474,0.214137,0.283845,0.339555,0,24
1900-01-01 15:32:44.474,0.214809,0.284669,0.339867,0,24
1900-01-01 15:32:45.474,0.214142,0.283446,0.339343,0,24
1900-01-01 15:32:46.474,0.213927,0.282705,0.339169,0,24
1900-01-01 15:32:47.474,0.2141,0.283902,0.339619,0,24
1900-01-01 15:32:48.474,0.21337,0.283015,0.338948,0,24
1900-01-01 15:32:49.474,0.21378,0.283372,0.33927,0,24
1900-01-01 15:32:50.474,0.213727,0.283178,0.338719,0,24
1900-01-01 15:32:51.474,0.214599,0.284186,0.339343,0,24
1900-01-01 15:32:52.474,0.21484,0.284674,0.339555,0,24
1900-01-01 15:32:53.474,0.2143,0.284028,0.33961,0,24
1900-01-01 15:32:54.474,0.214662,0.284107,0.339683,0,24
1900-01-01 15:32:55.474,0.214305,0.28291,0.339509,0,24
1900-01-01 15:32:56.474,0.214289,0.284984,0.339334,0,24
1900-01-01 15:32:57.474,0.214735,0.284091,0.339352,0,24
1900-01-01 15:32:58.474,0.213822,0.283703,0.33983,0,24
1900-01-01 15:32:59.474,0.214126,0.283178,0.340032,0,24
1900-01-01 15:33:00.474,0.213937,0.284433,0.3396,0,24
1900-01-01 15:33:01.474,0.214189,0.283603,0.339104,0,24
1900-01-01 15:33:02.474,0.214237,0.283913,0.339022,0,24
1900-01-01 15:33:03.474,0.214378,0.285241,0.339683,0,24
1900-01-01 15:33:04.474,0.214089,0.282994,0.3396,0,24
1900-01-01 15:33:05.474,0.21493,0.283892,0.33961,0,24
1900-01-01 15:33:06.474,0.213916,0.283986,0.339306,0,24
1900-01-01 15:33:07.474,0.21421,0.282973,0.339472,0,24
1900-01-01 15:33:08.474,0.214131,0.283782,0.339334,0,24
1900-01-01 15:33:09.474,0.21452,0.285283,0.339426,0,24
1900-01-01 15:33:10.474,0.214242,0.282322,0.338893,0,24
1900-01-01 15:33:11.474,0.213339,0.284007,0.339215,0,24
1900-01-01 15:33:12.474,0.214089,0.284622,0.339187,0,24
1900-01-01 15:33:13.474,0.213995,0.282957,0.33915,0,24
1900-01-01 15:33:14.474,0.213879,0.284013,0.338866,0,24
1900-01-01 15:33:15.474,0.213727,0.283409,0.339169,0,24
1900-01-01 15:33:16.474,0.213575,0.283146,0.339178,0,24
1900-01-01 15:33:17.474,0.213774,0.283713,0.339325,0,24
1900-01-01 15:33:18.474,0.213402,0.28386,0.339371,0,24
1900-01-01 15:33:19.474,0.214026,0.283934,0.339518,0,24
1900-01-01 15:33:20.474,0.214478,0.285425,0.339545,0,24
1900-01-01 15:33:21.474,0.213927,0.283052,0.339031,0,24
1900-01-01 15:33:22.474,0.214142,0.283855,0.339371,0,24
1900-01-01 15:33:23.474,0.213963,0.284863,0.339261,0,24
1900-01-01 15:33:24.474,0.214294,0.283834,0.339261,0,24
1900-01-01 15:33:25.474,0.214142,0.283918,0.339628,0,24
1900-01-01 15:33:26.474,0.214121,0.283981,0.339297,0,24
1900-01-01 15:33:27.474,0.213748,0.2828,0.339141,0,24
1900-01-01 15:33:28.474,0.213533,0.283787,0.33893,0,24
1900-01-01 15:33:29.474,0.213659,0.282527,0.339022,0,24
1900-01-01 15:33:30.474,0.214373,0.283645,0.339215,0,24
1900-01-01 15:33:31.474,0.214525,0.284291,0.339288,0,24
1900-01-01 15:33:32.474,0.213827,0.283761,0.339518,0,24
1900-01-01 15:33:33.474,0.213806,0.283992,0.339316,0,24
1900-01-01 15:33:34.474,0.214772,0.284328,0.338838,0,24
1900-01-01 15:33:35.474,0.213927,0.284107,0.338783,0,24
1900-01-01 15:33:36.474,0.213811,0.283251,0.339362,0,24
1900-01-01 15:33:37.474,0.213853,0.284931,0.339362,0,24
1900-01-01 15:33:38.474,0.213979,0.282915,0.339481,0,24
1900-01-01 15:33:39.474,0.214242,0.283157,0.339169,0,24
1900-01-01 15:33:40.474,0.213165,0.283199,0.33915,0,24
1900-01-01 15:33:41.474,0.213071,0.282637,0.33893,0,24
1900-01-01 15:33:42.474,0.213711,0.284674,0.339058,0,24
1900-01-01 15:33:43.474,0.214473,0.284233,0.339417,0,24
1900-01-01 15:33:44.474,0.214189,0.284622,0.339398,0,24
1900-01-01 15:33:45.474,0.214005,0.283593,0.339095,0,24
1900-01-01 15:33:46.474,0.214074,0.283267,0.339591,0,24
1900-01-01 15:33:47.474,0.21358,0.283062,0.339518,0,24
1900-01-01 15:33:48.474,0.213837,0.284779,0.339123,0,24
1900-01-01 15:33:49.474,0.214137,0.284422,0.339068,0,24
1900-01-01 15:33:50.474,0.213969,0.283461,0.339022,0,24
1900-01-01 15:33:51.474,0.212845,0.283393,0.339591,0,24
1900-01-01 15:33:52.474,0.214468,0.285593,0.339637,0,24
1900-01-01 15:33:53.474,0.214011,0.284217,0.33915,0,24
1900-01-01 15:33:54.474,0.213958,0.282805,0.339196,0,24
1900-01-01 15:33:55.474,0.214189,0.284165,0.339215,0,24
1900-01-01 15:33:56.474,0.214347,0.283661,0.339215,0,24
1900-01-01 15:33:57.474,0.214089,0.282758,0.339389,0,24
1900-01-01 15:33:58.474,0.213601,0.28353,0.33961,0,24
1900-01-01 15:33:59.474,0.213879,0.284265,0.339371,0,24
1900-01-01 15:34:00.474,0.214226,0.284821,0.339022,0,24
1900-01-01 15:34:01.474,0.214389,0.284349,0.339132,0,24
1900-01-01 15:34:02.474,0.214478,0.284328,0.339205,0,24
1900-01-01 15:34:03.474,0.213412,0.283131,0.338967,0,24
1900-01-01 15:34:04.474,0.213801,0.284706,0.339068,0,24
1900-01-01 15:34:05.474,0.214116,0.283131,0.338948,0,24
1900-01-01 15:34:06.474,0.214651,0.285042,0.338902,0,24
1900-01-01 15:34:07.474,0.213958,0.284553,0.339343,0,24
1900-01-01 15:34:08.474,0.214573,0.283383,0.338985,0,24
1900-01-01 15:34:09.474,0.214184,0.284543,0.339389,0,24
1900-01-01 15:34:10.474,0.214798,0.284265,0.339417,0,24
1900-01-01 15:34:11.474,0.214079,0.285751,0.339159,0,24
1900-01-01 15:34:12.474,0.215245,0.283509,0.3396,0,24
1900-01-01 15:34:13.474,0.214231,0.283603,0.339371,0,24
1900-01-01 15:34:14.474,0.214163,0.284695,0.339169,0,24
1900-01-01 15:34:15.474,0.214005,0.283582,0.339444,0,24
1900-01-01 15:34:16.474,0.21369,0.283724,0.339279,0,24
1900-01-01 15:34:17.474,0.214021,0.284039,0.339646,0,24
1900-01-01 15:34:18.474,0.214594,0.284611,0.339132,0,24
1900-01-01 15:34:19.474,0.214394,0.284396,0.339362,0,24
1900-01-01 15:34:20.474,0.213764,0.283146,0.339352,0,24
1900-01-01 15:34:21.474,0.213727,0.283068,0.33904,0,24
1900-01-01 15:34:22.474,0.214011,0.284784,0.339628,0,24
1900-01-01 15:34:23.474,0.214557,0.284086,0.339178,0,24
1900-01-01 15:34:24.474,0.215203,0.284496,0.339472,0,24
1900-01-01 15:34:25.474,0.214336,0.285472,0.339261,0,24
1900-01-01 15:34:26.474,0.214084,0.283514,0.339334,0,24
1900-01-01 15:34:27.474,0.213963,0.284433,0.339251,0,24
1900-01-01 15:34:28.474,0.21421,0.284727,0.339555,0,24
1900-01-01 15:34:29.474,0.214258,0.283194,0.339169,0,24
1900-01-01 15:34:30.474,0.214121,0.284228,0.339077,0,24
1900-01-01 15:34:31.474,0.213753,0.2827,0.338866,0,24
1900-01-01 15:34:32.474,0.214289,0.284847,0.339398,0,24
1900-01-01 15:34:33.474,0.214131,0.285336,0.339729,0,24
1900-01-01 15:34:34.474,0.214294,0.282543,0.339362,0,24
1900-01-01 15:34:35.474,0.213627,0.283026,0.339325,0,24
1900-01-01 15:34:36.474,0.213785,0.283372,0.339306,0,24
1900-01-01 15:34:37.474,0.213696,0.283104,0.33904,0,24
1900-01-01 15:34:38.474,0.213906,0.284317,0.338847,0,24
1900-01-01 15:34:39.474,0.214242,0.28344,0.338967,0,24
1900-01-01 15:34:40.474,0.21421,0.284228,0.339251,0,24
1900-01-01 15:34:41.474,0.214189,0.284863,0.339582,0,24
1900-01-01 15:34:42.474,0.214536,0.284002,0.339022,0,24
1900-01-01 15:34:43.474,0.213722,0.284685,0.339297,0,24
1900-01-01 15:34:44.474,0.2142,0.282905,0.339196,0,24
1900-01-01 15:34:45.474,0.214126,0.284202,0.339453,0,24
1900-01-01 15:34:46.474,0.213433,0.284375,0.339132,0,24
1900-01-01 15:34:47.474,0.214005,0.284181,0.339233,0,24
1900-01-01 15:34:48.474,0.213759,0.283939,0.339343,0,24
1900-01-01 15:34:49.474,0.213759,0.283062,0.338967,0,24
1900-01-01 15:34:50.474,0.213386,0.283808,0.338728,0,24
1900-01-01 15:34:51.474,0.213764,0.284317,0.338553,0,24
1900-01-01 15:34:52.474,0.213171,0.283062,0.339123,0,24
1900-01-01 15:34:53.474,0.213491,0.283824,0.339242,0,24
1900-01-01 15:34:54.474,0.21378,0.283488,0.338921,0,24
1900-01-01 15:34:55.474,0.213633,0.283986,0.338636,0,24
1900-01-01 15:34:56.474,0.213543,0.284228,0.338526,0,24
1900-01-01 15:34:57.474,0.214026,0.284679,0.338911,0,24
1900-01-01 15:34:58.474,0.214116,0.284186,0.338911,0,24
1900-01-01 15:34:59.474,0.214242,0.28448,0.339261,0,24
1900-01-01 15:35:00.474,0.214194,0.284149,0.339306,0,24
1900-01-01 15:35:01.474,0.214084,0.28469,0.339766,0,24
1900-01-01 15:35:02.474,0.214237,0.284196,0.339261,0,24
1900-01-01 15:35:03.474,0.214704,0.284601,0.33927,0,24
1900-01-01 15:35:04.474,0.214,0.283241,0.339297,0,24
1900-01-01 15:35:05.474,0.21389,0.28344,0.339472,0,24
1900-01-01 15:35:06.474,0.213538,0.282327,0.338893,0,24
1900-01-01 15:35:07.474,0.213858,0.283692,0.339068,0,24
1900-01-01 15:35:08.474,0.21368,0.283598,0.339472,0,24
1900-01-01 15:35:09.474,0.213743,0.282963,0.338902,0,24
1900-01-01 15:35:10.474,0.214452,0.283682,0.339012,0,24
1900-01-01 15:35:11.474,0.213958,0.284139,0.339003,0,24
1900-01-01 15:35:12.474,0.21389,0.284706,0.339555,0,24
1900-01-01 15:35:13.474,0.214447,0.284296,0.339215,0,24
1900-01-01 15:35:14.474,0.213386,0.283923,0.339104,0,24
1900-01-01 15:35:15.474,0.214609,0.284307,0.338948,0,24
1900-01-01 15:35:16.474,0.214389,0.283755,0.33904,0,24
1900-01-01 15:35:17.474,0.213585,0.282858,0.339279,0,24
1900-01-01 15:35:18.474,0.213654,0.282784,0.339334,0,24
1900-01-01 15:35:19.474,0.213255,0.283414,0.339077,0,24
1900-01-01 15:35:20.474,0.213827,0.28458,0.339169,0,24
1900-01-01 15:35:21.474,0.21399,0.285351,0.339058,0,24
1900-01-01 15:35:22.474,0.214651,0.283456,0.339169,0,24
1900-01-01 15:35:23.474,0.214242,0.283734,0.339251,0,24
1900-01-01 15:35:24.474,0.214105,0.283803,0.338976,0,24
1900-01-01 15:35:25.474,0.214152,0.284039,0.339279,0,24
1900-01-01 15:35:26.474,0.213921,0.283236,0.339325,0,24
1900-01-01 15:35:27.474,0.214095,0.283572,0.339288,0,24
1900-01-01 15:35:28.474,0.214258,0.284228,0.339444,0,24
1900-01-01 15:35:29.474,0.214315,0.283708,0.339068,0,24
1900-01-01 15:35:30.474,0.214305,0.28427,0.339104,0,24
1900-01-01 15:35:31.474,0.213843,0.284979,0.33915,0,24
1900-01-01 15:35:32.474,0.213953,0.283556,0.339812,0,24
1900-01-01 15:35:33.474,0.214252,0.28385,0.339518,0,24
1900-01-01 15:35:34.474,0.214762,0.283687,0.339408,0,24
1900-01-01 15:35:35.474,0.213743,0.283178,0.33938,0,24
1900-01-01 15:35:36.474,0.213417,0.282453,0.339591,0,24
1900-01-01 15:35:37.474,0.21336,0.284128,0.339141,0,24
1900-01-01 15:35:38.474,0.214588,0.283986,0.338893,0,24
1900-01-01 15:35:39.474,0.213984,0.283997,0.339169,0,24
1900-01-01 15:35:40.474,0.214247,0.285236,0.339233,0,24
1900-01-01 15:35:41.474,0.214357,0.283288,0.339003,0,24
1900-01-01 15:35:42.474,0.213627,0.28364,0.339316,0,24
1900-01-01 15:35:43.474,0.214158,0.283818,0.339049,0,24
1900-01-01 15:35:44.474,0.213832,0.284007,0.338976,0,24
1900-01-01 15:35:45.474,0.214173,0.28564,0.339656,0,24
1900-01-01 15:35:46.474,0.214357,0.283619,0.339481,0,24
1900-01-01 15:35:47.474,0.2139,0.282564,0.338893,0,24
1900-01-01 15:35:48.474,0.213706,0.284202,0.339141,0,24
1900-01-01 15:35:49.474,0.214378,0.284202,0.339334,0,24
1900-01-01 15:35:50.474,0.214,0.282826,0.339536,0,24
1900-01-01 15:35:51.474,0.213916,0.285152,0.33881,0,24
1900-01-01 15:35:52.474,0.213953,0.283719,0.339371,0,24
1900-01-01 15:35:53.474,0.21431,0.28521,0.339435,0,24
1900-01-01 15:35:54.474,0.214184,0.28428,0.339132,0,24
1900-01-01 15:35:55.474,0.214116,0.284128,0.339251,0,24
1900-01-01 15:35:56.474,0.214405,0.284244,0.339242,0,24
1900-01-01 15:35:57.474,0.214215,0.284396,0.339215,0,24
1900-01-01 15:35:58.474,0.214284,0.283272,0.339132,0,24
1900-01-01 15:35:59.474,0.214688,0.284506,0.339233,0,24
1900-01-01 15:36:00.474,0.214935,0.284653,0.339775,0,24
1900-01-01 15:36:01.474,0.213963,0.283981,0.339279,0,24
1900-01-01 15:36:02.474,0.214068,0.283377,0.339656,0,24
1900-01-01 15:36:03.474,0.214331,0.28364,0.339518,0,24
1900-01-01 15:36:04.474,0.214431,0.283614,0.339518,0,24
1900-01-01 15:36:05.474,0.214662,0.285294,0.339637,0,24
1900-01-01 15:36:06.474,0.214788,0.283918,0.339747,0,24
1900-01-01 15:36:07.474,0.214063,0.283241,0.33938,0,24
1900-01-01 15:36:08.474,0.21462,0.284653,0.339472,0,24
1900-01-01 15:36:09.474,0.213659,0.282669,0.339398,0,24
1900-01-01 15:36:10.474,0.213617,0.283677,0.339325,0,24
1900-01-01 15:36:11.474,0.214368,0.285793,0.33961,0,24
1900-01-01 15:36:12.474,0.2142,0.284076,0.339279,0,24
1900-01-01 15:36:13.474,0.214147,0.283362,0.339527,0,24
1900-01-01 15:36:14.474,0.214336,0.284107,0.339463,0,24
1900-01-01 15:36:15.474,0.213711,0.283976,0.33938,0,24
1900-01-01 15:36:16.474,0.214284,0.284128,0.3396,0,24
1900-01-01 15:36:17.474,0.21462,0.283162,0.339775,0,24
1900-01-01 15:36:18.474,0.214452,0.285005,0.339876,0,24
1900-01-01 15:36:19.474,0.214914,0.284984,0.339362,0,24
1900-01-01 15:36:20.474,0.214961,0.285798,0.339398,0,24
1900-01-01 15:36:21.474,0.214536,0.283561,0.340041,0,24
1900-01-01 15:36:22.474,0.214536,0.283078,0.339619,0,24
1900-01-01 15:36:23.474,0.214026,0.284716,0.339904,0,24
1900-01-01 15:36:24.474,0.213969,0.282658,0.340152,0,24
1900-01-01 15:36:25.474,0.213239,0.281624,0.339408,0,24
1900-01-01 15:36:26.474,0.213454,0.284349,0.339444,0,24
1900-01-01 15:36:27.474,0.214573,0.284212,0.339729,0,24
1900-01-01 15:36:28.474,0.213549,0.283299,0.339481,0,24
1900-01-01 15:36:29.474,0.213402,0.283472,0.339095,0,24
1900-01-01 15:36:30.474,0.214226,0.285157,0.339711,0,24
1900-01-01 15:36:31.474,0.214168,0.285136,0.340124,0,24
1900-01-01 15:36:32.474,0.214431,0.284207,0.339729,0,24
1900-01-01 15:36:33.474,0.214384,0.283136,0.3396,0,24
1900-01-01 15:36:34.474,0.214168,0.283131,0.33972,0,24
1900-01-01 15:36:35.474,0.214531,0.283566,0.339793,0,24
1900-01-01 15:36:36.474,0.214237,0.283283,0.339408,0,24
1900-01-01 15:36:37.474,0.214221,0.283262,0.339288,0,24
1900-01-01 15:36:38.474,0.214126,0.284202,0.339261,0,24
1900-01-01 15:36:39.474,0.214011,0.283566,0.339646,0,24
1900-01-01 15:36:40.474,0.214389,0.283414,0.339408,0,24
1900-01-01 15:36:41.474,0.213575,0.284674,0.339306,0,24
1900-01-01 15:36:42.474,0.214179,0.285141,0.339692,0,24
1900-01-01 15:36:43.474,0.215098,0.284238,0.339408,0,24
1900-01-01 15:36:44.474,0.214468,0.283939,0.339472,0,24
1900-01-01 15:36:45.474,0.214016,0.285362,0.339665,0,24
1900-01-01 15:36:46.474,0.214583,0.28511,0.339692,0,24
1900-01-01 15:36:47.474,0.214441,0.283493,0.339904,0,24
1900-01-01 15:36:48.474,0.213795,0.282837,0.339729,0,24
1900-01-01 15:36:49.474,0.214756,0.28353,0.339692,0,24
1900-01-01 15:36:50.474,0.213822,0.283283,0.339619,0,24
1900-01-01 15:36:51.474,0.213564,0.284265,0.339169,0,24
1900-01-01 15:36:52.474,0.212945,0.283435,0.339619,0,24
1900-01-01 15:36:53.474,0.213911,0.283682,0.339334,0,24
1900-01-01 15:36:54.474,0.213606,0.284118,0.339656,0,24
1900-01-01 15:36:55.474,0.214021,0.284333,0.339499,0,24
1900-01-01 15:36:56.474,0.215024,0.28458,0.339398,0,24
1900-01-01 15:36:57.474,0.214457,0.283698,0.339555,0,24
1900-01-01 15:36:58.474,0.215103,0.283876,0.339352,0,24
1900-01-01 15:36:59.474,0.214237,0.283173,0.339306,0,24
1900-01-01 15:37:00.474,0.214152,0.284716,0.339297,0,24
1900-01-01 15:37:01.474,0.21348,0.283929,0.339573,0,24
1900-01-01 15:37:02.474,0.213995,0.283624,0.339527,0,24
1900-01-01 15:37:03.474,0.214368,0.285031,0.3396,0,24
1900-01-01 15:37:04.474,0.214005,0.282931,0.339196,0,24
1900-01-01 15:37:05.474,0.2139,0.282805,0.339169,0,24
1900-01-01 15:37:06.474,0.213596,0.284228,0.339536,0,24
1900-01-01 15:37:07.474,0.214279,0.284291,0.339499,0,24
1900-01-01 15:37:08.474,0.214068,0.284291,0.339711,0,24
1900-01-01 15:37:09.474,0.214258,0.283136,0.339747,0,24
1900-01-01 15:37:10.474,0.214888,0.284994,0.339408,0,24
1900-01-01 15:37:11.474,0.214982,0.284317,0.339215,0,24
1900-01-01 15:37:12.474,0.214289,0.283603,0.339527,0,24
1900-01-01 15:37:13.474,0.214468,0.285472,0.339821,0,24
1900-01-01 15:37:14.474,0.214305,0.283587,0.339683,0,24
1900-01-01 15:37:15.474,0.2139,0.284007,0.339224,0,24
1900-01-01 15:37:16.474,0.214609,0.285457,0.339169,0,24
1900-01-01 15:37:17.474,0.214741,0.284023,0.339518,0,24
1900-01-01 15:37:18.474,0.214084,0.282999,0.339426,0,24
1900-01-01 15:37:19.474,0.214604,0.284884,0.339564,0,24
1900-01-01 15:37:20.474,0.214005,0.283645,0.339408,0,24
1900-01-01 15:37:21.474,0.214184,0.283299,0.339518,0,24
1900-01-01 15:37:22.474,0.214095,0.284648,0.339665,0,24
1900-01-01 15:37:23.474,0.214179,0.28301,0.33949,0,24
1900-01-01 15:37:24.474,0.213685,0.282637,0.338967,0,24
1900-01-01 15:37:25.474,0.213433,0.284354,0.339049,0,24
1900-01-01 15:37:26.474,0.2141,0.28512,0.339527,0,24
1900-01-01 15:37:27.474,0.214573,0.28427,0.339325,0,24
1900-01-01 15:37:28.474,0.214321,0.283986,0.339885,0,24
1900-01-01 15:37:29.474,0.214594,0.284044,0.339279,0,24
1900-01-01 15:37:30.474,0.214651,0.283782,0.339288,0,24
1900-01-01 15:37:31.474,0.213648,0.282312,0.339316,0,24
1900-01-01 15:37:32.474,0.214205,0.284265,0.339793,0,24
1900-01-01 15:37:33.474,0.213874,0.282858,0.338893,0,24
1900-01-01 15:37:34.474,0.214063,0.284081,0.33927,0,24
1900-01-01 15:37:35.474,0.213664,0.2829,0.339003,0,24
1900-01-01 15:37:36.474,0.214378,0.284779,0.339463,0,24
1900-01-01 15:37:37.474,0.214205,0.28458,0.339178,0,24
1900-01-01 15:37:38.474,0.214305,0.284249,0.339196,0,24
1900-01-01 15:37:39.474,0.214767,0.284223,0.339656,0,24
1900-01-01 15:37:40.474,0.214709,0.285031,0.339656,0,24
1900-01-01 15:37:41.474,0.214184,0.282564,0.339536,0,24
1900-01-01 15:37:42.474,0.214415,0.283099,0.339279,0,24
1900-01-01 15:37:43.474,0.2142,0.282915,0.339215,0,24
1900-01-01 15:37:44.474,0.214011,0.283913,0.339325,0,24
1900-01-01 15:37:45.474,0.214,0.283146,0.339086,0,24
1900-01-01 15:37:46.474,0.214158,0.283041,0.339555,0,24
1900-01-01 15:37:47.474,0.213444,0.283902,0.339343,0,24
1900-01-01 15:37:48.474,0.21493,0.283614,0.339205,0,24
1900-01-01 15:37:49.474,0.214363,0.283209,0.339187,0,24
1900-01-01 15:37:50.474,0.214567,0.284879,0.339343,0,24
1900-01-01 15:37:51.474,0.213937,0.28344,0.339408,0,24
1900-01-01 15:37:52.474,0.213827,0.28259,0.339104,0,24
1900-01-01 15:37:53.474,0.21431,0.284175,0.339573,0,24
1900-01-01 15:37:54.474,0.214457,0.283971,0.339022,0,24
1900-01-01 15:37:55.474,0.213738,0.282842,0.339316,0,24
1900-01-01 15:37:56.474,0.213407,0.283803,0.338985,0,24
1900-01-01 15:37:57.474,0.214263,0.284196,0.339205,0,24
1900-01-01 15:37:58.474,0.213664,0.284879,0.339196,0,24
1900-01-01 15:37:59.474,0.21441,0.285173,0.33949,0,24
1900-01-01 15:38:00.474,0.214762,0.283409,0.33927,0,24
1900-01-01 15:38:01.474,0.21399,0.28616,0.339435,0,24
1900-01-01 15:38:02.474,0.214641,0.283178,0.33983,0,24
1900-01-01 15:38:03.474,0.214657,0.28312,0.339362,0,24
1900-01-01 15:38:04.474,0.214615,0.28364,0.339371,0,24
1900-01-01 15:38:05.474,0.214105,0.282091,0.339499,0,24
1900-01-01 15:38:06.474,0.213942,0.284286,0.339545,0,24
1900-01-01 15:38:07.474,0.214063,0.283986,0.339757,0,24
1900-01-01 15:38:08.474,0.213449,0.282369,0.339306,0,24
1900-01-01 15:38:09.474,0.213832,0.283477,0.339095,0,24
1900-01-01 15:38:10.474,0.214714,0.283834,0.339371,0,24
1900-01-01 15:38:11.474,0.213974,0.282999,0.339426,0,24
1900-01-01 15:38:12.474,0.213727,0.283341,0.338856,0,24
1900-01-01 15:38:13.474,0.213927,0.28459,0.339022,0,24
1900-01-01 15:38:14.474,0.214363,0.283887,0.339012,0,24
1900-01-01 15:38:15.474,0.214893,0.284417,0.339077,0,24
1900-01-01 15:38:16.474,0.214,0.285304,0.339674,0,24
1900-01-01 15:38:17.474,0.214573,0.284669,0.339472,0,24
1900-01-01 15:38:18.474,0.214326,0.283325,0.339389,0,24
1900-01-01 15:38:19.474,0.214352,0.284406,0.339876,0,24
1900-01-01 15:38:20.474,0.214336,0.282884,0.339362,0,24
1900-01-01 15:38:21.474,0.214357,0.283724,0.339867,0,24
1900-01-01 15:38:22.474,0.214047,0.284207,0.339389,0,24
1900-01-01 15:38:23.474,0.213995,0.283729,0.339738,0,24
1900-01-01 15:38:24.474,0.214226,0.283068,0.339527,0,24
1900-01-01 15:38:25.474,0.21379,0.283913,0.339297,0,24
1900-01-01 15:38:26.474,0.214084,0.284123,0.339793,0,24
1900-01-01 15:38:27.474,0.213921,0.283656,0.339573,0,24
1900-01-01 15:38:28.474,0.213916,0.283089,0.339545,0,24
1900-01-01 15:38:29.474,0.214005,0.283026,0.339205,0,24
1900-01-01 15:38:30.474,0.213748,0.283267,0.339316,0,24
1900-01-01 15:38:31.474,0.213774,0.283839,0.339371,0,24
1900-01-01 15:38:32.474,0.213864,0.284427,0.339233,0,24
1900-01-01 15:38:33.474,0.214699,0.283776,0.339656,0,24
1900-01-01 15:38:34.474,0.213895,0.282805,0.339665,0,24
1900-01-01 15:38:35.474,0.214152,0.283309,0.339187,0,24
1900-01-01 15:38:36.474,0.214105,0.284233,0.33904,0,24
1900-01-01 15:38:37.474,0.214384,0.28344,0.339205,0,24
1900-01-01 15:38:38.474,0.213874,0.284007,0.339637,0,24
1900-01-01 15:38:39.474,0.214273,0.283871,0.338967,0,24
1900-01-01 15:38:40.474,0.214158,0.284196,0.339261,0,24
1900-01-01 15:38:41.474,0.214373,0.283787,0.339472,0,24
1900-01-01 15:38:42.474,0.214237,0.284653,0.339178,0,24
1900-01-01 15:38:43.474,0.213654,0.283614,0.339261,0,24
1900-01-01 15:38:44.474,0.213822,0.28353,0.339389,0,24
1900-01-01 15:38:45.474,0.214116,0.283094,0.339251,0,24
1900-01-01 15:38:46.474,0.212976,0.281949,0.339123,0,24
1900-01-01 15:38:47.474,0.213811,0.283992,0.339224,0,24
1900-01-01 15:38:48.474,0.21316,0.282711,0.339187,0,24
1900-01-01 15:38:49.474,0.21357,0.283614,0.339178,0,24
1900-01-01 15:38:50.474,0.213921,0.28197,0.339022,0,24
1900-01-01 15:38:51.474,0.21327,0.282858,0.339334,0,24
1900-01-01 15:38:52.474,0.213722,0.282574,0.338866,0,24
1900-01-01 15:38:53.474,0.213874,0.284601,0.338663,0,24
1900-01-01 15:38:54.474,0.21378,0.282138,0.338636,0,24
1900-01-01 15:38:55.474,0.214284,0.283719,0.33893,0,24
1900-01-01 15:38:56.474,0.214646,0.283824,0.33882,0,24
1900-01-01 15:38:57.474,0.214483,0.283808,0.338884,0,24
1900-01-01 15:38:58.474,0.214877,0.283782,0.338985,0,24
1900-01-01 15:38:59.474,0.213906,0.282574,0.33859,0,24
1900-01-01 15:39:00.474,0.213633,0.284091,0.339196,0,24
1900-01-01 15:39:01.474,0.214074,0.282758,0.339003,0,24
1900-01-01 15:39:02.474,0.213171,0.282931,0.338902,0,24
1900-01-01 15:39:03.474,0.21369,0.284307,0.338948,0,24
1900-01-01 15:39:04.474,0.214315,0.283456,0.338774,0,24
1900-01-01 15:39:05.474,0.213349,0.282291,0.338553,0,24
1900-01-01 15:39:06.474,0.214263,0.284774,0.338682,0,24
1900-01-01 15:39:07.474,0.21411,0.283467,0.339224,0,24
1900-01-01 15:39:08.474,0.213675,0.282259,0.339077,0,24
1900-01-01 15:39:09.474,0.213365,0.282973,0.338866,0,24
1900-01-01 15:39:10.474,0.21421,0.283393,0.338783,0,24
1900-01-01 15:39:11.474,0.213627,0.283482,0.338829,0,24
1900-01-01 15:39:12.474,0.21411,0.28301,0.33881,0,24
1900-01-01 15:39:13.474,0.213927,0.284112,0.338682,0,24
1900-01-01 15:39:14.474,0.214105,0.284811,0.339169,0,24
1900-01-01 15:39:15.474,0.21505,0.28365,0.338893,0,24
1900-01-01 15:39:16.474,0.213606,0.283503,0.338893,0,24
1900-01-01 15:39:17.474,0.213612,0.282915,0.339279,0,24
1900-01-01 15:39:18.474,0.214231,0.283435,0.338755,0,24
1900-01-01 15:39:19.474,0.21368,0.282285,0.338764,0,24
1900-01-01 15:39:20.474,0.214173,0.283971,0.338764,0,24
1900-01-01 15:39:21.474,0.213312,0.282233,0.338985,0,24
1900-01-01 15:39:22.474,0.214562,0.2848,0.339306,0,24
1900-01-01 15:39:23.474,0.214252,0.283608,0.338847,0,24
1900-01-01 15:39:24.474,0.213391,0.282627,0.339012,0,24
1900-01-01 15:39:25.474,0.21399,0.284916,0.339233,0,24
1900-01-01 15:39:26.474,0.213307,0.284091,0.33915,0,24
1900-01-01 15:39:27.474,0.214273,0.283283,0.338774,0,24
1900-01-01 15:39:28.474,0.213496,0.284165,0.338884,0,24
1900-01-01 15:39:29.474,0.214152,0.283398,0.339086,0,24
1900-01-01 15:39:30.474,0.214226,0.283808,0.339123,0,24
1900-01-01 15:39:31.474,0.213564,0.2829,0.338939,0,24
1900-01-01 15:39:32.474,0.213354,0.281823,0.338856,0,24
1900-01-01 15:39:33.474,0.212782,0.282227,0.338976,0,24
1900-01-01 15:39:34.474,0.213381,0.283446,0.338801,0,24
1900-01-01 15:39:35.474,0.213428,0.283409,0.338884,0,24
1900-01-01 15:39:36.474,0.213192,0.283293,0.338406,0,24
1900-01-01 15:39:37.474,0.213428,0.283955,0.338902,0,24
1900-01-01 15:39:38.474,0.213879,0.284417,0.339288,0,24
1900-01-01 15:39:39.474,0.214231,0.282821,0.338893,0,24
1900-01-01 15:39:40.474,0.214026,0.282648,0.33904,0,24
1900-01-01 15:39:41.474,0.21358,0.282385,0.338755,0,24
1900-01-01 15:39:42.474,0.214163,0.285425,0.339012,0,24
1900-01-01 15:39:43.474,0.2143,0.284559,0.338709,0,24
1900-01-01 15:39:44.474,0.213806,0.282133,0.338608,0,24
1900-01-01 15:39:45.474,0.213501,0.283362,0.338884,0,24
1900-01-01 15:39:46.474,0.213927,0.283761,0.33848,0,24
1900-01-01 15:39:47.474,0.213465,0.2829,0.338985,0,24
1900-01-01 15:39:48.474,0.213444,0.284007,0.338866,0,24
1900-01-01 15:39:49.474,0.213675,0.284028,0.338654,0,24
1900-01-01 15:39:50.474,0.213874,0.284291,0.338985,0,24
1900-01-01 15:39:51.474,0.2142,0.284013,0.339398,0,24
1900-01-01 15:39:52.474,0.213449,0.282522,0.338957,0,24
1900-01-01 15:39:53.474,0.214441,0.284858,0.339058,0,24
1900-01-01 15:39:54.474,0.21357,0.28291,0.339352,0,24
1900-01-01 15:39:55.474,0.213995,0.285,0.339316,0,24
1900-01-01 15:39:56.474,0.214079,0.283057,0.339086,0,24
1900-01-01 15:39:57.474,0.213507,0.283514,0.339343,0,24
1900-01-01 15:39:58.474,0.214095,0.282837,0.339637,0,24
1900-01-01 15:39:59.474,0.213213,0.283524,0.339132,0,24
1900-01-01 15:40:00.474,0.213895,0.284632,0.339408,0,24
1900-01-01 15:40:01.474,0.214489,0.283934,0.339242,0,24
1900-01-01 15:40:02.474,0.213701,0.282621,0.339104,0,24
1900-01-01 15:40:03.474,0.213123,0.282259,0.33915,0,24
1900-01-01 15:40:04.474,0.213444,0.283362,0.339187,0,24
1900-01-01 15:40:05.474,0.213433,0.284118,0.338847,0,24
1900-01-01 15:40:06.474,0.214189,0.284249,0.338544,0,24
1900-01-01 15:40:07.474,0.213701,0.283393,0.339058,0,24
1900-01-01 15:40:08.474,0.214079,0.284018,0.33904,0,24
1900-01-01 15:40:09.474,0.213333,0.284475,0.338783,0,24
1900-01-01 15:40:10.474,0.213664,0.283645,0.339068,0,24
1900-01-01 15:40:11.474,0.214373,0.284196,0.339159,0,24
1900-01-01 15:40:12.474,0.214588,0.283267,0.338921,0,24
1900-01-01 15:40:13.474,0.213853,0.283845,0.339169,0,24
1900-01-01 15:40:14.474,0.213444,0.283278,0.338709,0,24
1900-01-01 15:40:15.474,0.212751,0.281324,0.33859,0,24
1900-01-01 15:40:16.474,0.213024,0.283062,0.338719,0,24
1900-01-01 15:40:17.474,0.213622,0.28323,0.338553,0,24
1900-01-01 15:40:18.474,0.213507,0.284611,0.338783,0,24
1900-01-01 15:40:19.474,0.214231,0.284669,0.338755,0,24
1900-01-01 15:40:20.474,0.213633,0.284249,0.339555,0,24
1900-01-01 15:40:21.474,0.214279,0.285714,0.339049,0,24
1900-01-01 15:40:22.474,0.214504,0.284853,0.339306,0,24
1900-01-01 15:40:23.474,0.214452,0.284942,0.339839,0,24
1900-01-01 15:40:24.474,0.214562,0.284133,0.339426,0,24
1900-01-01 15:40:25.474,0.213953,0.283582,0.339499,0,24
1900-01-01 15:40:26.474,0.213118,0.282695,0.339187,0,24
1900-01-01 15:40:27.474,0.21348,0.283818,0.338866,0,24
1900-01-01 15:40:28.474,0.213916,0.284532,0.339159,0,24
1900-01-01 15:40:29.474,0.213617,0.283929,0.339417,0,24
1900-01-01 15:40:30.474,0.213344,0.284123,0.339444,0,24
1900-01-01 15:40:31.474,0.214389,0.285509,0.339637,0,24
1900-01-01 15:40:32.474,0.214005,0.284149,0.339729,0,24
1900-01-01 15:40:33.474,0.213617,0.284349,0.339775,0,24
1900-01-01 15:40:34.474,0.213585,0.282453,0.339077,0,24
1900-01-01 15:40:35.474,0.213365,0.282789,0.339049,0,24
1900-01-01 15:40:36.474,0.2142,0.28375,0.339316,0,24
1900-01-01 15:40:37.474,0.212971,0.283225,0.339481,0,24
1900-01-01 15:40:38.474,0.213265,0.285005,0.338856,0,24
1900-01-01 15:40:39.474,0.213916,0.283871,0.33904,0,24
1900-01-01 15:40:40.474,0.213659,0.282248,0.339068,0,24
1900-01-01 15:40:41.474,0.212635,0.283267,0.338994,0,24
1900-01-01 15:40:42.474,0.213549,0.283829,0.33882,0,24
1900-01-01 15:40:43.474,0.212982,0.282842,0.338866,0,24
1900-01-01 15:40:44.474,0.212525,0.283136,0.338792,0,24
1900-01-01 15:40:45.474,0.212761,0.28385,0.338691,0,24
1900-01-01 15:40:46.474,0.213916,0.283792,0.33915,0,24
1900-01-01 15:40:47.474,0.21316,0.282994,0.338829,0,24
1900-01-01 15:40:48.474,0.212877,0.283881,0.33882,0,24
1900-01-01 15:40:49.474,0.213874,0.28449,0.339104,0,24
1900-01-01 15:40:50.474,0.213848,0.284223,0.338875,0,24
1900-01-01 15:40:51.474,0.213717,0.284942,0.339224,0,24
1900-01-01 15:40:52.474,0.213354,0.283897,0.338875,0,24
1900-01-01 15:40:53.474,0.213806,0.284317,0.339297,0,24
1900-01-01 15:40:54.474,0.213223,0.283388,0.339205,0,24
1900-01-01 15:40:55.474,0.213171,0.283409,0.339169,0,24
1900-01-01 15:40:56.474,0.213349,0.283409,0.33882,0,24
1900-01-01 15:40:57.474,0.213328,0.28353,0.33904,0,24
1900-01-01 15:40:58.474,0.21347,0.284921,0.339095,0,24
1900-01-01 15:40:59.474,0.213727,0.285131,0.339398,0,24
1900-01-01 15:41:00.474,0.21357,0.283388,0.339104,0,24
1900-01-01 15:41:01.474,0.213491,0.284522,0.339389,0,24
1900-01-01 15:41:02.474,0.213942,0.283855,0.339325,0,24
1900-01-01 15:41:03.474,0.213118,0.284091,0.339058,0,24
1900-01-01 15:41:04.474,0.214746,0.284538,0.339343,0,24
1900-01-01 15:41:05.474,0.214121,0.284916,0.339058,0,24
1900-01-01 15:41:06.474,0.214158,0.283761,0.339058,0,24
1900-01-01 15:41:07.474,0.212766,0.282684,0.338875,0,24
1900-01-01 15:41:08.474,0.213906,0.285194,0.339398,0,24
1900-01-01 15:41:09.474,0.213517,0.284406,0.339279,0,24
1900-01-01 15:41:10.474,0.214116,0.283346,0.33915,0,24
1900-01-01 15:41:11.474,0.213549,0.284448,0.339573,0,24
1900-01-01 15:41:12.474,0.213606,0.283519,0.339876,0,24
1900-01-01 15:41:13.474,0.21315,0.282406,0.339261,0,24
1900-01-01 15:41:14.474,0.213727,0.283461,0.339352,0,24
1900-01-01 15:41:15.474,0.213228,0.283435,0.339472,0,24
1900-01-01 15:41:16.474,0.213601,0.284013,0.339729,0,24
1900-01-01 15:41:17.474,0.21336,0.283372,0.339196,0,24
1900-01-01 15:41:18.474,0.213171,0.284496,0.339169,0,24
1900-01-01 15:41:19.474,0.21368,0.28353,0.339435,0,24
1900-01-01 15:41:20.474,0.213596,0.284391,0.339196,0,24
1900-01-01 15:41:21.474,0.213769,0.282837,0.339132,0,24
1900-01-01 15:41:22.474,0.213428,0.282101,0.339784,0,24
1900-01-01 15:41:23.474,0.212651,0.283188,0.339068,0,24
1900-01-01 15:41:24.474,0.213192,0.283398,0.338829,0,24
1900-01-01 15:41:25.474,0.212955,0.284606,0.338783,0,24
1900-01-01 15:41:26.474,0.213654,0.284527,0.339306,0,24
1900-01-01 15:41:27.474,0.213659,0.283209,0.33961,0,24
1900-01-01 15:41:28.474,0.21378,0.283645,0.339058,0,24
1900-01-01 15:41:29.474,0.213743,0.284769,0.339803,0,24
1900-01-01 15:41:30.474,0.213706,0.28386,0.339453,0,24
1900-01-01 15:41:31.474,0.213218,0.283881,0.339114,0,24
1900-01-01 15:41:32.474,0.213906,0.28332,0.339178,0,24
1900-01-01 15:41:33.474,0.213092,0.284139,0.338893,0,24
1900-01-01 15:41:34.474,0.213129,0.283598,0.339049,0,24
1900-01-01 15:41:35.474,0.213365,0.283152,0.339343,0,24
1900-01-01 15:41:36.474,0.213218,0.284758,0.339242,0,24
1900-01-01 15:41:37.474,0.213291,0.284275,0.339306,0,24
1900-01-01 15:41:38.474,0.213627,0.282033,0.339215,0,24
1900-01-01 15:41:39.474,0.21315,0.282768,0.339012,0,24
1900-01-01 15:41:40.474,0.213097,0.284233,0.339058,0,24
1900-01-01 15:41:41.474,0.213543,0.284448,0.339242,0,24
1900-01-01 15:41:42.474,0.214389,0.28322,0.339068,0,24
1900-01-01 15:41:43.474,0.214279,0.284028,0.339665,0,24
1900-01-01 15:41:44.474,0.21389,0.284202,0.339481,0,24
1900-01-01 15:41:45.474,0.213963,0.283556,0.339453,0,24
1900-01-01 15:41:46.474,0.213753,0.282558,0.339068,0,24
1900-01-01 15:41:47.474,0.213491,0.283813,0.339564,0,24
1900-01-01 15:41:48.474,0.213979,0.284459,0.339408,0,24
1900-01-01 15:41:49.474,0.213438,0.28302,0.339472,0,24
1900-01-01 15:41:50.474,0.213617,0.283456,0.339077,0,24
1900-01-01 15:41:51.474,0.214116,0.284065,0.339499,0,24
1900-01-01 15:41:52.474,0.213879,0.284622,0.339499,0,24
1900-01-01 15:41:53.474,0.214772,0.283656,0.339325,0,24
1900-01-01 15:41:54.474,0.213764,0.283236,0.339178,0,24
1900-01-01 15:41:55.474,0.213423,0.282548,0.339104,0,24
1900-01-01 15:41:56.474,0.213239,0.281886,0.338948,0,24
1900-01-01 15:41:57.474,0.213223,0.28238,0.33848,0,24
1900-01-01 15:41:58.474,0.213417,0.283377,0.338562,0,24
1900-01-01 15:41:59.474,0.213449,0.283661,0.338847,0,24
1900-01-01 15:42:00.474,0.212787,0.283477,0.338985,0,24
1900-01-01 15:42:01.474,0.21336,0.282648,0.338663,0,24
1900-01-01 15:42:02.474,0.213911,0.283929,0.338856,0,24
1900-01-01 15:42:03.474,0.214,0.283062,0.338911,0,24
1900-01-01 15:42:04.474,0.213774,0.284217,0.338976,0,24
1900-01-01 15:42:05.474,0.213444,0.283566,0.339178,0,24
1900-01-01 15:42:06.474,0.213701,0.283451,0.339068,0,24
1900-01-01 15:42:07.474,0.21442,0.285152,0.339104,0,24
1900-01-01 15:42:08.474,0.214305,0.283566,0.339729,0,24
1900-01-01 15:42:09.474,0.213895,0.284396,0.338994,0,24
1900-01-01 15:42:10.474,0.214798,0.284832,0.339288,0,24
1900-01-01 15:42:11.474,0.214347,0.283808,0.339196,0,24
1900-01-01 15:42:12.474,0.213538,0.283561,0.33961,0,24
1900-01-01 15:42:13.474,0.214363,0.284128,0.339196,0,24
1900-01-01 15:42:14.474,0.213407,0.281634,0.339463,0,24
1900-01-01 15:42:15.474,0.213433,0.283897,0.339187,0,24
1900-01-01 15:42:16.474,0.213816,0.285194,0.338985,0,24
1900-01-01 15:42:17.474,0.214258,0.283524,0.33927,0,24
1900-01-01 15:42:18.474,0.214105,0.283425,0.339104,0,24
1900-01-01 15:42:19.474,0.213543,0.283556,0.339224,0,24
1900-01-01 15:42:20.474,0.214053,0.284375,0.339463,0,24
1900-01-01 15:42:21.474,0.213927,0.283068,0.338627,0,24
1900-01-01 15:42:22.474,0.213701,0.283929,0.338856,0,24
1900-01-01 15:42:23.474,0.213071,0.284459,0.339169,0,24
1900-01-01 15:42:24.474,0.21399,0.283955,0.339132,0,24
1900-01-01 15:42:25.474,0.214557,0.284674,0.339196,0,24
1900-01-01 15:42:26.474,0.213664,0.283808,0.33915,0,24
1900-01-01 15:42:27.474,0.214142,0.285724,0.339187,0,24
1900-01-01 15:42:28.474,0.214594,0.284244,0.339178,0,24
1900-01-01 15:42:29.474,0.213858,0.283624,0.339123,0,24
1900-01-01 15:42:30.474,0.214205,0.283209,0.338994,0,24
1900-01-01 15:42:31.474,0.213407,0.283398,0.339058,0,24
1900-01-01 15:42:32.474,0.213386,0.284485,0.339123,0,24
1900-01-01 15:42:33.474,0.213795,0.284527,0.339031,0,24
1900-01-01 15:42:34.474,0.214252,0.283619,0.338645,0,24
1900-01-01 15:42:35.474,0.213769,0.283551,0.339261,0,24
1900-01-01 15:42:36.474,0.213974,0.283897,0.338792,0,24
1900-01-01 15:42:37.474,0.214384,0.284102,0.339389,0,24
1900-01-01 15:42:38.474,0.213339,0.283325,0.339279,0,24
1900-01-01 15:42:39.474,0.214347,0.283099,0.339132,0,24
1900-01-01 15:42:40.474,0.21336,0.283608,0.339123,0,24
1900-01-01 15:42:41.474,0.213774,0.284338,0.339417,0,24
1900-01-01 15:42:42.474,0.213764,0.283971,0.339316,0,24
1900-01-01 15:42:43.474,0.213533,0.283209,0.339077,0,24
1900-01-01 15:42:44.474,0.213832,0.284349,0.338957,0,24
1900-01-01 15:42:45.474,0.214011,0.284821,0.339417,0,24
1900-01-01 15:42:46.474,0.21378,0.283015,0.339261,0,24
1900-01-01 15:42:47.474,0.213585,0.282296,0.339215,0,24
1900-01-01 15:42:48.474,0.21316,0.283267,0.339169,0,24
1900-01-01 15:42:49.474,0.21316,0.283152,0.339316,0,24
1900-01-01 15:42:50.474,0.21336,0.283414,0.338838,0,24
1900-01-01 15:42:51.474,0.213396,0.283734,0.338994,0,24
1900-01-01 15:42:52.474,0.213181,0.282957,0.338875,0,24
1900-01-01 15:42:53.474,0.21378,0.285283,0.339389,0,24
1900-01-01 15:42:54.474,0.213522,0.282527,0.33949,0,24
1900-01-01 15:42:55.474,0.214016,0.283887,0.33881,0,24
1900-01-01 15:42:56.474,0.213533,0.283477,0.338902,0,24
1900-01-01 15:42:57.474,0.213969,0.283934,0.339251,0,24
1900-01-01 15:42:58.474,0.213869,0.283771,0.338948,0,24
1900-01-01 15:42:59.474,0.213496,0.28417,0.3387,0,24
1900-01-01 15:43:00.474,0.214021,0.283635,0.338443,0,24
1900-01-01 15:43:01.474,0.212961,0.283482,0.338645,0,24
1900-01-01 15:43:02.474,0.213864,0.283803,0.338948,0,24
1900-01-01 15:43:03.474,0.213837,0.283818,0.338976,0,24
1900-01-01 15:43:04.474,0.213344,0.283062,0.339132,0,24
1900-01-01 15:43:05.474,0.214032,0.284711,0.338617,0,24
1900-01-01 15:43:06.474,0.214231,0.284296,0.339132,0,24
1900-01-01 15:43:07.474,0.214436,0.284375,0.33904,0,24
1900-01-01 15:43:08.474,0.214147,0.282579,0.339058,0,24
1900-01-01 15:43:09.474,0.214079,0.283855,0.338829,0,24
1900-01-01 15:43:10.474,0.213606,0.284028,0.338957,0,24
1900-01-01 15:43:11.474,0.213895,0.284916,0.339251,0,24
1900-01-01 15:43:12.474,0.214352,0.283157,0.338608,0,24
1900-01-01 15:43:13.474,0.213522,0.283115,0.339123,0,24
1900-01-01 15:43:14.474,0.213895,0.283272,0.338856,0,24
1900-01-01 15:43:15.474,0.214258,0.285199,0.339306,0,24
1900-01-01 15:43:16.474,0.214389,0.284107,0.339472,0,24
1900-01-01 15:43:17.474,0.214305,0.283892,0.339766,0,24
1900-01-01 15:43:18.474,0.214546,0.283671,0.339334,0,24
1900-01-01 15:43:19.474,0.213774,0.284013,0.339279,0,24
1900-01-01 15:43:20.474,0.214567,0.283566,0.339068,0,24
1900-01-01 15:43:21.474,0.214131,0.284375,0.339095,0,24
1900-01-01 15:43:22.474,0.214058,0.283404,0.339417,0,24
1900-01-01 15:43:23.474,0.213832,0.282763,0.339619,0,24
1900-01-01 15:43:24.474,0.214142,0.28428,0.339068,0,24
1900-01-01 15:43:25.474,0.213218,0.282994,0.338976,0,24
1900-01-01 15:43:26.474,0.214289,0.285152,0.339242,0,24
1900-01-01 15:43:27.474,0.214142,0.283682,0.339279,0,24
1900-01-01 15:43:28.474,0.214499,0.284622,0.339325,0,24
1900-01-01 15:43:29.474,0.214089,0.284133,0.339306,0,24
1900-01-01 15:43:30.474,0.214074,0.283656,0.338875,0,24
1900-01-01 15:43:31.474,0.214237,0.283047,0.339104,0,24
1900-01-01 15:43:32.474,0.213491,0.28311,0.339068,0,24
1900-01-01 15:43:33.474,0.213738,0.283803,0.338434,0,24
1900-01-01 15:43:34.474,0.21451,0.284238,0.339068,0,24
1900-01-01 15:43:35.474,0.214436,0.28375,0.338957,0,24
1900-01-01 15:43:36.474,0.213627,0.28417,0.338902,0,24
1900-01-01 15:43:37.474,0.214699,0.285861,0.339352,0,24
1900-01-01 15:43:38.474,0.214699,0.28543,0.33938,0,24
1900-01-01 15:43:39.474,0.214184,0.283918,0.338774,0,24
1900-01-01 15:43:40.474,0.213874,0.283677,0.339224,0,24
1900-01-01 15:43:41.474,0.214793,0.285987,0.339242,0,24
1900-01-01 15:43:42.474,0.214237,0.283808,0.339738,0,24
1900-01-01 15:43:43.474,0.214305,0.283845,0.339435,0,24
1900-01-01 15:43:44.474,0.214342,0.283782,0.339306,0,24
1900-01-01 15:43:45.474,0.213591,0.283887,0.33893,0,24
1900-01-01 15:43:46.474,0.214105,0.284438,0.339114,0,24
1900-01-01 15:43:47.474,0.21514,0.284548,0.339058,0,24
1900-01-01 15:43:48.474,0.21504,0.283908,0.339233,0,24
1900-01-01 15:43:49.474,0.214037,0.283656,0.339444,0,24
1900-01-01 15:43:50.474,0.214189,0.284254,0.339435,0,24
1900-01-01 15:43:51.474,0.21452,0.284669,0.33893,0,24
1900-01-01 15:43:52.474,0.214394,0.28417,0.339536,0,24
1900-01-01 15:43:53.474,0.214105,0.28311,0.339499,0,24
1900-01-01 15:43:54.474,0.213853,0.284868,0.339729,0,24
1900-01-01 15:43:55.474,0.214247,0.283976,0.339766,0,24
1900-01-01 15:43:56.474,0.213911,0.281912,0.339555,0,24
1900-01-01 15:43:57.474,0.213475,0.283467,0.338847,0,24
1900-01-01 15:43:58.474,0.213307,0.283477,0.339058,0,24
1900-01-01 15:43:59.474,0.214173,0.285236,0.339417,0,24
1900-01-01 15:44:00.474,0.21379,0.283078,0.339426,0,24
1900-01-01 15:44:01.474,0.214058,0.283692,0.339095,0,24
1900-01-01 15:44:02.474,0.214389,0.283635,0.339086,0,24
1900-01-01 15:44:03.474,0.21399,0.285682,0.339233,0,24
1900-01-01 15:44:04.474,0.214294,0.283887,0.338902,0,24
1900-01-01 15:44:05.474,0.214436,0.283929,0.339251,0,24
1900-01-01 15:44:06.474,0.214205,0.285341,0.339012,0,24
1900-01-01 15:44:07.474,0.214342,0.283908,0.339196,0,24
1900-01-01 15:44:08.474,0.214746,0.283661,0.339371,0,24
1900-01-01 15:44:09.474,0.214368,0.282978,0.339371,0,24
1900-01-01 15:44:10.474,0.214053,0.284165,0.339095,0,24
1900-01-01 15:44:11.474,0.214499,0.283855,0.339334,0,24
1900-01-01 15:44:12.474,0.213822,0.284265,0.339205,0,24
1900-01-01 15:44:13.474,0.214079,0.284858,0.339509,0,24
1900-01-01 15:44:14.474,0.214368,0.285131,0.339582,0,24
1900-01-01 15:44:15.474,0.214074,0.283755,0.339453,0,24
1900-01-01 15:44:16.474,0.213911,0.282732,0.33881,0,24
1900-01-01 15:44:17.474,0.213501,0.283845,0.338902,0,24
1900-01-01 15:44:18.474,0.213675,0.283477,0.339196,0,24
1900-01-01 15:44:19.474,0.213885,0.284034,0.339114,0,24
1900-01-01 15:44:20.474,0.214168,0.283551,0.339527,0,24
1900-01-01 15:44:21.474,0.213722,0.283503,0.339297,0,24
1900-01-01 15:44:22.474,0.213816,0.283698,0.339463,0,24
1900-01-01 15:44:23.474,0.213974,0.282763,0.338866,0,24
1900-01-01 15:44:24.474,0.214478,0.284275,0.338875,0,24
1900-01-01 15:44:25.474,0.214378,0.283446,0.33915,0,24
1900-01-01 15:44:26.474,0.214352,0.28406,0.339077,0,24
1900-01-01 15:44:27.474,0.213921,0.283178,0.33915,0,24
1900-01-01 15:44:28.474,0.213843,0.283524,0.339003,0,24
1900-01-01 15:44:29.474,0.214063,0.283824,0.338893,0,24
1900-01-01 15:44:30.474,0.214289,0.282669,0.338856,0,24
1900-01-01 15:44:31.474,0.214142,0.284616,0.339132,0,24
1900-01-01 15:44:32.474,0.213974,0.283755,0.339169,0,24
1900-01-01 15:44:33.474,0.213207,0.283855,0.339114,0,24
1900-01-01 15:44:34.474,0.213444,0.282432,0.3387,0,24
1900-01-01 15:44:35.474,0.213396,0.283052,0.338801,0,24
1900-01-01 15:44:36.474,0.214142,0.284685,0.338617,0,24
1900-01-01 15:44:37.474,0.213559,0.284076,0.338884,0,24
1900-01-01 15:44:38.474,0.213496,0.282548,0.339114,0,24
1900-01-01 15:44:39.474,0.214026,0.283083,0.338866,0,24
1900-01-01 15:44:40.474,0.213827,0.282847,0.33893,0,24
1900-01-01 15:44:41.474,0.214005,0.284396,0.339169,0,24
1900-01-01 15:44:42.474,0.214084,0.284044,0.338608,0,24
1900-01-01 15:44:43.474,0.213606,0.284874,0.33893,0,24
1900-01-01 15:44:44.474,0.21484,0.284112,0.339545,0,24
1900-01-01 15:44:45.474,0.213585,0.282606,0.338866,0,24
1900-01-01 15:44:46.474,0.213738,0.284585,0.339049,0,24
1900-01-01 15:44:47.474,0.214063,0.284464,0.339573,0,24
1900-01-01 15:44:48.474,0.213874,0.282711,0.339463,0,24
1900-01-01 15:44:49.474,0.214615,0.285204,0.338957,0,24
1900-01-01 15:44:50.474,0.21357,0.282931,0.339463,0,24
1900-01-01 15:44:51.474,0.213249,0.282333,0.338856,0,24
1900-01-01 15:44:52.474,0.212919,0.283173,0.338673,0,24
1900-01-01 15:44:53.474,0.21358,0.283845,0.338948,0,24
1900-01-01 15:44:54.474,0.213444,0.28311,0.338902,0,24
1900-01-01 15:44:55.474,0.213596,0.283824,0.338856,0,24
1900-01-01 15:44:56.474,0.213391,0.28312,0.338627,0,24
1900-01-01 15:44:57.474,0.213837,0.284385,0.339251,0,24
1900-01-01 15:44:58.474,0.213622,0.283335,0.339463,0,24
1900-01-01 15:44:59.474,0.213533,0.283115,0.33893,0,24
1900-01-01 15:45:00.474,0.213701,0.283267,0.338856,0,24
1900-01-01 15:45:01.474,0.213816,0.28427,0.338149,0,24
1900-01-01 15:45:02.474,0.213585,0.283267,0.338425,0,24
1900-01-01 15:45:03.474,0.213948,0.284417,0.338856,0,24
1900-01-01 15:45:04.474,0.213748,0.284737,0.339114,0,24
1900-01-01 15:45:05.474,0.214258,0.284307,0.338976,0,24
1900-01-01 15:45:06.474,0.214541,0.283152,0.33927,0,24
1900-01-01 15:45:07.474,0.21336,0.282217,0.338728,0,24
1900-01-01 15:45:08.474,0.213507,0.283388,0.338939,0,24
1900-01-01 15:45:09.474,0.213727,0.284202,0.338921,0,24
1900-01-01 15:45:10.474,0.213853,0.283467,0.33859,0,24
1900-01-01 15:45:11.474,0.213822,0.283656,0.339058,0,24
1900-01-01 15:45:12.474,0.21378,0.284118,0.33938,0,24
1900-01-01 15:45:13.474,0.213811,0.282333,0.339077,0,24
1900-01-01 15:45:14.474,0.213102,0.284637,0.338985,0,24
1900-01-01 15:45:15.474,0.214084,0.284055,0.339058,0,24
1900-01-01 15:45:16.474,0.214615,0.284564,0.339159,0,24
1900-01-01 15:45:17.474,0.213864,0.283488,0.339325,0,24
1900-01-01 15:45:18.474,0.213449,0.283687,0.339251,0,24
1900-01-01 15:45:19.474,0.213307,0.283152,0.33904,0,24
1900-01-01 15:45:20.474,0.213874,0.283866,0.33893,0,24
1900-01-01 15:45:21.474,0.213806,0.284658,0.339077,0,24
1900-01-01 15:45:22.474,0.213822,0.283409,0.339233,0,24
1900-01-01 15:45:23.474,0.213948,0.284023,0.338939,0,24
1900-01-01 15:45:24.474,0.213491,0.283992,0.339086,0,24
1900-01-01 15:45:25.474,0.212782,0.283666,0.339141,0,24
1900-01-01 15:45:26.474,0.214352,0.284548,0.339022,0,24
1900-01-01 15:45:27.474,0.213827,0.283976,0.339058,0,24
1900-01-01 15:45:28.474,0.214405,0.283467,0.33893,0,24
1900-01-01 15:45:29.474,0.213948,0.283209,0.339132,0,24
1900-01-01 15:45:30.474,0.213906,0.284606,0.339205,0,24
1900-01-01 15:45:31.474,0.213895,0.284805,0.339665,0,24
1900-01-01 15:45:32.474,0.213995,0.283671,0.339408,0,24
1900-01-01 15:45:33.474,0.214384,0.284307,0.338406,0,24
1900-01-01 15:45:34.474,0.213879,0.284139,0.339261,0,24
1900-01-01 15:45:35.474,0.213638,0.283272,0.339316,0,24
1900-01-01 15:45:36.474,0.214179,0.284385,0.339371,0,24
1900-01-01 15:45:37.474,0.213433,0.283687,0.339398,0,24
1900-01-01 15:45:38.474,0.213265,0.283645,0.33938,0,24
1900-01-01 15:45:39.474,0.213239,0.282779,0.339196,0,24
1900-01-01 15:45:40.474,0.213108,0.283824,0.338654,0,24
1900-01-01 15:45:41.474,0.2141,0.283866,0.339049,0,24
1900-01-01 15:45:42.474,0.213171,0.282364,0.339132,0,24
1900-01-01 15:45:43.474,0.21284,0.284233,0.339187,0,24
1900-01-01 15:45:44.474,0.213795,0.282054,0.339104,0,24
1900-01-01 15:45:45.474,0.21326,0.283467,0.33927,0,24
1900-01-01 15:45:46.474,0.212677,0.282033,0.338884,0,24
1900-01-01 15:45:47.474,0.213696,0.284669,0.338911,0,24
1900-01-01 15:45:48.474,0.213974,0.285362,0.339233,0,24
1900-01-01 15:45:49.474,0.214074,0.284212,0.339573,0,24
1900-01-01 15:45:50.474,0.213816,0.283629,0.339463,0,24
1900-01-01 15:45:51.474,0.2139,0.284149,0.33927,0,24
1900-01-01 15:45:52.474,0.214373,0.283419,0.339132,0,24
1900-01-01 15:45:53.474,0.214011,0.285246,0.339325,0,24
1900-01-01 15:45:54.474,0.214205,0.283913,0.339123,0,24
1900-01-01 15:45:55.474,0.213974,0.282679,0.339123,0,24
1900-01-01 15:45:56.474,0.213202,0.283293,0.339242,0,24
1900-01-01 15:45:57.474,0.213255,0.282742,0.339288,0,24
1900-01-01 15:45:58.474,0.21421,0.28428,0.338663,0,24
1900-01-01 15:45:59.474,0.213585,0.283425,0.338764,0,24
1900-01-01 15:46:00.474,0.214478,0.284616,0.339398,0,24
1900-01-01 15:46:01.474,0.214363,0.28449,0.338957,0,24
1900-01-01 15:46:02.474,0.213648,0.283215,0.339408,0,24
1900-01-01 15:46:03.474,0.213843,0.283073,0.338921,0,24
1900-01-01 15:46:04.474,0.213507,0.282222,0.33927,0,24
1900-01-01 15:46:05.474,0.213512,0.283619,0.339215,0,24
1900-01-01 15:46:06.474,0.213916,0.283325,0.338829,0,24
1900-01-01 15:46:07.474,0.213979,0.284128,0.339086,0,24
1900-01-01 15:46:08.474,0.213328,0.284118,0.338957,0,24
1900-01-01 15:46:09.474,0.21368,0.283713,0.339114,0,24
1900-01-01 15:46:10.474,0.213559,0.283241,0.339518,0,24
1900-01-01 15:46:11.474,0.213491,0.283593,0.339159,0,24
1900-01-01 15:46:12.474,0.213286,0.28459,0.339306,0,24
1900-01-01 15:46:13.474,0.213764,0.284485,0.339426,0,24
1900-01-01 15:46:14.474,0.213155,0.282721,0.339527,0,24
1900-01-01 15:46:15.474,0.213927,0.283178,0.33938,0,24
1900-01-01 15:46:16.474,0.214147,0.28428,0.339306,0,24
1900-01-01 15:46:17.474,0.213659,0.283241,0.338719,0,24
1900-01-01 15:46:18.474,0.213706,0.284958,0.338875,0,24
1900-01-01 15:46:19.474,0.213864,0.284931,0.339068,0,24
1900-01-01 15:46:20.474,0.214473,0.283965,0.339398,0,24
1900-01-01 15:46:21.474,0.21431,0.283335,0.339031,0,24
1900-01-01 15:46:22.474,0.21378,0.284296,0.339628,0,24
1900-01-01 15:46:23.474,0.213816,0.283351,0.33904,0,24
1900-01-01 15:46:24.474,0.213711,0.283608,0.338663,0,24
1900-01-01 15:46:25.474,0.21357,0.283908,0.339123,0,24
1900-01-01 15:46:26.474,0.213638,0.284433,0.339408,0,24
1900-01-01 15:46:27.474,0.214237,0.284291,0.339334,0,24
1900-01-01 15:46:28.474,0.214037,0.283682,0.339362,0,24
1900-01-01 15:46:29.474,0.214194,0.282726,0.339729,0,24
1900-01-01 15:46:30.474,0.213423,0.283346,0.339132,0,24
1900-01-01 15:46:31.474,0.213218,0.283162,0.33915,0,24
1900-01-01 15:46:32.474,0.213465,0.283089,0.339362,0,24
1900-01-01 15:46:33.474,0.212976,0.282422,0.338838,0,24
1900-01-01 15:46:34.474,0.213034,0.283482,0.339068,0,24
1900-01-01 15:46:35.474,0.213669,0.283598,0.339058,0,24
1900-01-01 15:46:36.474,0.213549,0.282931,0.338866,0,24
1900-01-01 15:46:37.474,0.213234,0.282879,0.338847,0,24
1900-01-01 15:46:38.474,0.213864,0.284695,0.339463,0,24
1900-01-01 15:46:39.474,0.214058,0.284884,0.339187,0,24
1900-01-01 15:46:40.474,0.213932,0.282821,0.33972,0,24
1900-01-01 15:46:41.474,0.214158,0.285178,0.339426,0,24
1900-01-01 15:46:42.474,0.213948,0.284013,0.339637,0,24
1900-01-01 15:46:43.474,0.213785,0.282648,0.33949,0,24
1900-01-01 15:46:44.474,0.213633,0.283435,0.338939,0,24
1900-01-01 15:46:45.474,0.214,0.284065,0.339114,0,24
1900-01-01 15:46:46.474,0.213953,0.284506,0.3396,0,24
1900-01-01 15:46:47.474,0.213864,0.283488,0.339077,0,24
1900-01-01 15:46:48.474,0.213543,0.283335,0.339132,0,24
1900-01-01 15:46:49.474,0.213843,0.283582,0.338884,0,24
1900-01-01 15:46:50.474,0.213622,0.283351,0.339068,0,24
1900-01-01 15:46:51.474,0.21368,0.283251,0.339426,0,24
1900-01-01 15:46:52.474,0.21421,0.28605,0.339306,0,24
1900-01-01 15:46:53.474,0.214205,0.283866,0.339527,0,24
1900-01-01 15:46:54.474,0.214468,0.283708,0.339435,0,24
1900-01-01 15:46:55.474,0.213832,0.283734,0.33938,0,24
1900-01-01 15:46:56.474,0.213722,0.284228,0.339068,0,24
1900-01-01 15:46:57.474,0.213795,0.284133,0.339435,0,24
1900-01-01 15:46:58.474,0.214095,0.284097,0.339453,0,24
1900-01-01 15:46:59.474,0.213339,0.282501,0.339389,0,24
1900-01-01 15:47:00.474,0.213717,0.283493,0.339288,0,24
1900-01-01 15:47:01.474,0.213438,0.283372,0.339499,0,24
1900-01-01 15:47:02.474,0.214079,0.284926,0.339334,0,24
1900-01-01 15:47:03.474,0.213507,0.284144,0.339573,0,24
1900-01-01 15:47:04.474,0.213486,0.283519,0.339499,0,24
1900-01-01 15:47:05.474,0.213108,0.282879,0.339325,0,24
1900-01-01 15:47:06.474,0.212861,0.282401,0.339224,0,24
1900-01-01 15:47:07.474,0.213528,0.284448,0.33949,0,24
1900-01-01 15:47:08.474,0.213522,0.283057,0.339518,0,24
1900-01-01 15:47:09.474,0.213454,0.282448,0.338866,0,24
1900-01-01 15:47:10.474,0.213375,0.283734,0.339178,0,24
1900-01-01 15:47:11.474,0.213575,0.284343,0.339444,0,24
1900-01-01 15:47:12.474,0.21368,0.283818,0.339499,0,24
1900-01-01 15:47:13.474,0.213612,0.283136,0.33961,0,24
1900-01-01 15:47:14.474,0.214242,0.284805,0.339509,0,24
1900-01-01 15:47:15.474,0.213916,0.283551,0.339086,0,24
1900-01-01 15:47:16.474,0.213832,0.283152,0.338976,0,24
1900-01-01 15:47:17.474,0.213501,0.283561,0.339702,0,24
1900-01-01 15:47:18.474,0.21316,0.283178,0.339178,0,24
1900-01-01 15:47:19.474,0.212698,0.283776,0.339582,0,24
1900-01-01 15:47:20.474,0.213979,0.283976,0.3396,0,24
1900-01-01 15:47:21.474,0.214137,0.283524,0.339233,0,24
1900-01-01 15:47:22.474,0.21389,0.28344,0.339444,0,24
1900-01-01 15:47:23.474,0.213596,0.283719,0.339509,0,24
1900-01-01 15:47:24.474,0.213491,0.282984,0.339215,0,24
1900-01-01 15:47:25.474,0.213979,0.283498,0.339297,0,24
1900-01-01 15:47:26.474,0.213396,0.28291,0.338976,0,24
1900-01-01 15:47:27.474,0.213344,0.28354,0.339242,0,24
1900-01-01 15:47:28.474,0.21369,0.28407,0.338866,0,24
1900-01-01 15:47:29.474,0.21442,0.284517,0.339306,0,24
1900-01-01 15:47:30.474,0.213864,0.283934,0.339472,0,24
1900-01-01 15:47:31.474,0.213822,0.283057,0.339086,0,24
1900-01-01 15:47:32.474,0.214137,0.284254,0.339334,0,24
1900-01-01 15:47:33.474,0.213234,0.283157,0.339095,0,24
1900-01-01 15:47:34.474,0.213748,0.283682,0.338866,0,24
1900-01-01 15:47:35.474,0.21347,0.283136,0.339325,0,24
1900-01-01 15:47:36.474,0.213617,0.284884,0.339123,0,24
1900-01-01 15:47:37.474,0.213785,0.284679,0.339279,0,24
1900-01-01 15:47:38.474,0.213995,0.284931,0.33961,0,24
1900-01-01 15:47:39.474,0.214415,0.284265,0.339536,0,24
1900-01-01 15:47:40.474,0.214331,0.284622,0.339509,0,24
1900-01-01 15:47:41.474,0.213822,0.284112,0.339417,0,24
1900-01-01 15:47:42.474,0.214966,0.285262,0.339582,0,24
1900-01-01 15:47:43.474,0.213759,0.282705,0.339894,0,24
1900-01-01 15:47:44.474,0.213375,0.283104,0.339499,0,24
1900-01-01 15:47:45.474,0.214342,0.284653,0.33915,0,24
1900-01-01 15:47:46.474,0.212982,0.282107,0.33904,0,24
1900-01-01 15:47:47.474,0.21326,0.282947,0.339058,0,24
1900-01-01 15:47:48.474,0.212919,0.28395,0.33881,0,24
1900-01-01 15:47:49.474,0.214515,0.28458,0.339104,0,24
1900-01-01 15:47:50.474,0.213396,0.283818,0.339159,0,24
1900-01-01 15:47:51.474,0.214016,0.283041,0.339334,0,24
1900-01-01 15:47:52.474,0.21379,0.283666,0.339095,0,24
1900-01-01 15:47:53.474,0.214047,0.283824,0.339169,0,24
1900-01-01 15:47:54.474,0.213864,0.284013,0.339132,0,24
1900-01-01 15:47:55.474,0.214189,0.284317,0.338985,0,24
1900-01-01 15:47:56.474,0.213554,0.284233,0.339499,0,24
1900-01-01 15:47:57.474,0.213759,0.284023,0.339114,0,24
1900-01-01 15:47:58.474,0.213764,0.283299,0.339343,0,24
1900-01-01 15:47:59.474,0.213543,0.284548,0.33927,0,24
1900-01-01 15:48:00.474,0.214032,0.284191,0.339022,0,24
1900-01-01 15:48:01.474,0.213617,0.284522,0.339472,0,24
1900-01-01 15:48:02.474,0.213816,0.283556,0.339426,0,24
1900-01-01 15:48:03.474,0.213827,0.282653,0.339417,0,24
1900-01-01 15:48:04.474,0.213365,0.283671,0.33938,0,24
1900-01-01 15:48:05.474,0.21326,0.283855,0.339306,0,24
1900-01-01 15:48:06.474,0.214205,0.284748,0.339371,0,24
1900-01-01 15:48:07.474,0.214294,0.284464,0.339398,0,24
1900-01-01 15:48:08.474,0.214231,0.28396,0.339261,0,24
1900-01-01 15:48:09.474,0.214221,0.283981,0.339343,0,24
1900-01-01 15:48:10.474,0.213743,0.284133,0.339306,0,24
1900-01-01 15:48:11.474,0.213874,0.283377,0.338654,0,24
1900-01-01 15:48:12.474,0.214215,0.283514,0.339334,0,24
1900-01-01 15:48:13.474,0.214105,0.283446,0.339169,0,24
1900-01-01 15:48:14.474,0.214,0.28532,0.339692,0,24
1900-01-01 15:48:15.474,0.214368,0.283173,0.339555,0,24
1900-01-01 15:48:16.474,0.214305,0.284244,0.339692,0,24
1900-01-01 15:48:17.474,0.214378,0.283619,0.338985,0,24
1900-01-01 15:48:18.474,0.213921,0.283409,0.33949,0,24
1900-01-01 15:48:19.474,0.213711,0.283204,0.339049,0,24
1900-01-01 15:48:20.474,0.213717,0.284611,0.339261,0,24
1900-01-01 15:48:21.474,0.213785,0.285063,0.339362,0,24
1900-01-01 15:48:22.474,0.21379,0.283278,0.339343,0,24
1900-01-01 15:48:23.474,0.214494,0.284055,0.339205,0,24
1900-01-01 15:48:24.474,0.214378,0.284265,0.339499,0,24
1900-01-01 15:48:25.474,0.213958,0.283965,0.33938,0,24
1900-01-01 15:48:26.474,0.2143,0.284065,0.339316,0,24
1900-01-01 15:48:27.474,0.214047,0.283283,0.339352,0,24
1900-01-01 15:48:28.474,0.21379,0.283493,0.339417,0,24
1900-01-01 15:48:29.474,0.21326,0.283372,0.339334,0,24
1900-01-01 15:48:30.474,0.213076,0.282805,0.338884,0,24
1900-01-01 15:48:31.474,0.213801,0.285604,0.339086,0,24
1900-01-01 15:48:32.474,0.213937,0.284721,0.33915,0,24
1900-01-01 15:48:33.474,0.213701,0.283729,0.339527,0,24
1900-01-01 15:48:34.474,0.214373,0.283446,0.339325,0,24
1900-01-01 15:48:35.474,0.214336,0.285152,0.339141,0,24
1900-01-01 15:48:36.474,0.214462,0.284837,0.339352,0,24
1900-01-01 15:48:37.474,0.21336,0.282227,0.339003,0,24
1900-01-01 15:48:38.474,0.213202,0.283404,0.33881,0,24
1900-01-01 15:48:39.474,0.213706,0.283272,0.338957,0,24
1900-01-01 15:48:40.474,0.213769,0.283509,0.339334,0,24
1900-01-01 15:48:41.474,0.21305,0.283524,0.339224,0,24
1900-01-01 15:48:42.474,0.213507,0.281671,0.338838,0,24
1900-01-01 15:48:43.474,0.213564,0.283461,0.338755,0,24
1900-01-01 15:48:44.474,0.213218,0.283398,0.339086,0,24
1900-01-01 15:48:45.474,0.213234,0.283519,0.338746,0,24
1900-01-01 15:48:46.474,0.214063,0.284496,0.339371,0,24
1900-01-01 15:48:47.474,0.213732,0.283824,0.338911,0,24
1900-01-01 15:48:48.474,0.213165,0.283204,0.339196,0,24
1900-01-01 15:48:49.474,0.214284,0.284259,0.33893,0,24
1900-01-01 15:48:50.474,0.214336,0.285336,0.339196,0,24
1900-01-01 15:48:51.474,0.214194,0.283682,0.33927,0,24
1900-01-01 15:48:52.474,0.213769,0.283141,0.339205,0,24
1900-01-01 15:48:53.474,0.213753,0.283041,0.339665,0,24
1900-01-01 15:48:54.474,0.213396,0.283393,0.339481,0,24
1900-01-01 15:48:55.474,0.213832,0.283986,0.339068,0,24
1900-01-01 15:48:56.474,0.213795,0.284448,0.339472,0,24
1900-01-01 15:48:57.474,0.213391,0.283456,0.339031,0,24
1900-01-01 15:48:58.474,0.214063,0.28427,0.339453,0,24
1900-01-01 15:48:59.474,0.213591,0.284039,0.339747,0,24
1900-01-01 15:49:00.474,0.213969,0.283173,0.339527,0,24
1900-01-01 15:49:01.474,0.213953,0.284091,0.339509,0,24
1900-01-01 15:49:02.474,0.212866,0.283183,0.339196,0,24
1900-01-01 15:49:03.474,0.212903,0.283031,0.338948,0,24
1900-01-01 15:49:04.474,0.212903,0.282926,0.338737,0,24
1900-01-01 15:49:05.474,0.213307,0.285225,0.339003,0,24
1900-01-01 15:49:06.474,0.213853,0.284312,0.339012,0,24
1900-01-01 15:49:07.474,0.214021,0.284763,0.339049,0,24
1900-01-01 15:49:08.474,0.213743,0.284769,0.338976,0,24
1900-01-01 15:49:09.474,0.21337,0.282795,0.339453,0,24
1900-01-01 15:49:10.474,0.213207,0.283629,0.339003,0,24
1900-01-01 15:49:11.474,0.213911,0.28386,0.338866,0,24
1900-01-01 15:49:12.474,0.213591,0.282674,0.339104,0,24
1900-01-01 15:49:13.474,0.213076,0.283083,0.339261,0,24
1900-01-01 15:49:14.474,0.213286,0.28343,0.338884,0,24
1900-01-01 15:49:15.474,0.212777,0.283351,0.33881,0,24
1900-01-01 15:49:16.474,0.213213,0.283414,0.338939,0,24
1900-01-01 15:49:17.474,0.212782,0.282931,0.338902,0,24
1900-01-01 15:49:18.474,0.213543,0.283246,0.338461,0,24
1900-01-01 15:49:19.474,0.212898,0.282963,0.33893,0,24
1900-01-01 15:49:20.474,0.212546,0.282369,0.338608,0,24
1900-01-01 15:49:21.474,0.213039,0.283367,0.338884,0,24
1900-01-01 15:49:22.474,0.213449,0.284396,0.338654,0,24
1900-01-01 15:49:23.474,0.21327,0.282522,0.338774,0,24
1900-01-01 15:49:24.474,0.213396,0.282968,0.338719,0,24
1900-01-01 15:49:25.474,0.213575,0.284154,0.338498,0,24
1900-01-01 15:49:26.474,0.213339,0.283881,0.338544,0,24
1900-01-01 15:49:27.474,0.212651,0.2827,0.338323,0,24
1900-01-01 15:49:28.474,0.213895,0.283598,0.338957,0,24
1900-01-01 15:49:29.474,0.213837,0.284485,0.338562,0,24
1900-01-01 15:49:30.474,0.213916,0.283866,0.338985,0,24
1900-01-01 15:49:31.474,0.21315,0.281939,0.338847,0,24
1900-01-01 15:49:32.474,0.213181,0.283047,0.338572,0,24
1900-01-01 15:49:33.474,0.213885,0.284149,0.338535,0,24
1900-01-01 15:49:34.474,0.213076,0.282873,0.338755,0,24
1900-01-01 15:49:35.474,0.213234,0.284254,0.33848,0,24
1900-01-01 15:49:36.474,0.213449,0.282343,0.33938,0,24
1900-01-01 15:49:37.474,0.213554,0.283855,0.338847,0,24
1900-01-01 15:49:38.474,0.2141,0.284952,0.339012,0,24
1900-01-01 15:49:39.474,0.213407,0.281996,0.339012,0,24
1900-01-01 15:49:40.474,0.213685,0.283698,0.338764,0,24
1900-01-01 15:49:41.474,0.213465,0.283388,0.33904,0,24
1900-01-01 15:49:42.474,0.213108,0.283183,0.33893,0,24
1900-01-01 15:49:43.474,0.213134,0.282464,0.339141,0,24
1900-01-01 15:49:44.474,0.213412,0.284816,0.338617,0,24
1900-01-01 15:49:45.474,0.213234,0.283393,0.338737,0,24
1900-01-01 15:49:46.474,0.213617,0.282873,0.338719,0,24
1900-01-01 15:49:47.474,0.212693,0.283141,0.338884,0,24
1900-01-01 15:49:48.474,0.21316,0.282553,0.3387,0,24
1900-01-01 15:49:49.474,0.213144,0.283656,0.338535,0,24
1900-01-01 15:49:50.474,0.213291,0.283068,0.339205,0,24
1900-01-01 15:49:51.474,0.213853,0.285246,0.339132,0,24
1900-01-01 15:49:52.474,0.214021,0.284427,0.33881,0,24
1900-01-01 15:49:53.474,0.213984,0.282585,0.338544,0,24
1900-01-01 15:49:54.474,0.213344,0.283262,0.338388,0,24
1900-01-01 15:49:55.474,0.213365,0.283682,0.338957,0,24
1900-01-01 15:49:56.474,0.212609,0.281813,0.338875,0,24
1900-01-01 15:49:57.474,0.213024,0.282931,0.338406,0,24
1900-01-01 15:49:58.474,0.21306,0.283367,0.338617,0,24
1900-01-01 15:49:59.474,0.213496,0.28301,0.338535,0,24
1900-01-01 15:50:00.474,0.213459,0.283419,0.338737,0,24
1900-01-01 15:50:01.474,0.213585,0.283687,0.338875,0,24
1900-01-01 15:50:02.474,0.212766,0.282994,0.338425,0,24
1900-01-01 15:50:03.474,0.213244,0.282206,0.338278,0,24
1900-01-01 15:50:04.474,0.213654,0.285084,0.338608,0,24
1900-01-01 15:50:05.474,0.213333,0.28186,0.338204,0,24
1900-01-01 15:50:06.474,0.213438,0.282753,0.338764,0,24
1900-01-01 15:50:07.474,0.213407,0.283215,0.338645,0,24
1900-01-01 15:50:08.474,0.213265,0.284564,0.338296,0,24
1900-01-01 15:50:09.474,0.212976,0.282747,0.338268,0,24
1900-01-01 15:50:10.474,0.213134,0.284123,0.338728,0,24
1900-01-01 15:50:11.474,0.213165,0.282291,0.338939,0,24
1900-01-01 15:50:12.474,0.213475,0.2829,0.338333,0,24
1900-01-01 15:50:13.474,0.212383,0.283619,0.338608,0,24
1900-01-01 15:50:14.474,0.213428,0.284364,0.338369,0,24
1900-01-01 15:50:15.474,0.213822,0.283435,0.338516,0,24
1900-01-01 15:50:16.474,0.213648,0.284244,0.338663,0,24
1900-01-01 15:50:17.474,0.212997,0.282858,0.338976,0,24
1900-01-01 15:50:18.474,0.21337,0.282768,0.338526,0,24
1900-01-01 15:50:19.474,0.212903,0.283703,0.3387,0,24
1900-01-01 15:50:20.474,0.213255,0.284175,0.338562,0,24
1900-01-01 15:50:21.474,0.213396,0.28322,0.338572,0,24
1900-01-01 15:50:22.474,0.213459,0.283404,0.338599,0,24
1900-01-01 15:50:23.474,0.213045,0.282942,0.338452,0,24
1900-01-01 15:50:24.474,0.213281,0.283645,0.33881,0,24
1900-01-01 15:50:25.474,0.213885,0.284543,0.338682,0,24
1900-01-01 15:50:26.474,0.213297,0.283125,0.338792,0,24
1900-01-01 15:50:27.474,0.213454,0.284637,0.338719,0,24
1900-01-01 15:50:28.474,0.213596,0.283351,0.338764,0,24
1900-01-01 15:50:29.474,0.213753,0.284994,0.339114,0,24
1900-01-01 15:50:30.474,0.213963,0.283992,0.338691,0,24
1900-01-01 15:50:31.474,0.214504,0.283519,0.339297,0,24
1900-01-01 15:50:32.474,0.213659,0.283283,0.338746,0,24
1900-01-01 15:50:33.474,0.213218,0.283115,0.338856,0,24
1900-01-01 15:50:34.474,0.212871,0.282931,0.338755,0,24
1900-01-01 15:50:35.474,0.213307,0.282905,0.338663,0,24
1900-01-01 15:50:36.474,0.213423,0.283425,0.338599,0,24
1900-01-01 15:50:37.474,0.21389,0.283766,0.338572,0,24
1900-01-01 15:50:38.474,0.213507,0.28353,0.33825,0,24
1900-01-01 15:50:39.474,0.21284,0.282963,0.338425,0,24
1900-01-01 15:50:40.474,0.213039,0.283582,0.338388,0,24
1900-01-01 15:50:41.474,0.213381,0.282921,0.338572,0,24
1900-01-01 15:50:42.474,0.212724,0.283372,0.338847,0,24
1900-01-01 15:50:43.474,0.21357,0.285231,0.338829,0,24
1900-01-01 15:50:44.474,0.2139,0.284186,0.338994,0,24
1900-01-01 15:50:45.474,0.213528,0.28259,0.338792,0,24
1900-01-01 15:50:46.474,0.213108,0.282411,0.338397,0,24
1900-01-01 15:50:47.474,0.212903,0.282879,0.338967,0,24
1900-01-01 15:50:48.474,0.213286,0.28312,0.338829,0,24
1900-01-01 15:50:49.474,0.2141,0.283635,0.338737,0,24
1900-01-01 15:50:50.474,0.213249,0.283131,0.338682,0,24
1900-01-01 15:50:51.474,0.21357,0.283545,0.338792,0,24
1900-01-01 15:50:52.474,0.213465,0.283204,0.338764,0,24
1900-01-01 15:50:53.474,0.213249,0.282947,0.338232,0,24
1900-01-01 15:50:54.474,0.212604,0.282926,0.338617,0,24
1900-01-01 15:50:55.474,0.213906,0.284538,0.339169,0,24
1900-01-01 15:50:56.474,0.213234,0.283677,0.338728,0,24
1900-01-01 15:50:57.474,0.214047,0.285204,0.338406,0,24
1900-01-01 15:50:58.474,0.213937,0.284685,0.339058,0,24
1900-01-01 15:50:59.474,0.213328,0.2828,0.338792,0,24
1900-01-01 15:51:00.474,0.213066,0.282726,0.338801,0,24
1900-01-01 15:51:01.474,0.213522,0.284165,0.338921,0,24
1900-01-01 15:51:02.474,0.212535,0.283677,0.338516,0,24
1900-01-01 15:51:03.474,0.214221,0.284312,0.338774,0,24
1900-01-01 15:51:04.474,0.213764,0.284191,0.339196,0,24
1900-01-01 15:51:05.474,0.213832,0.28354,0.339169,0,24
1900-01-01 15:51:06.474,0.213932,0.28563,0.339362,0,24
1900-01-01 15:51:07.474,0.214074,0.28428,0.339417,0,24
1900-01-01 15:51:08.474,0.213811,0.282185,0.339187,0,24
1900-01-01 15:51:09.474,0.213612,0.282411,0.338939,0,24
1900-01-01 15:51:10.474,0.213307,0.283608,0.338774,0,24
1900-01-01 15:51:11.474,0.21252,0.282989,0.338719,0,24
1900-01-01 15:51:12.474,0.212898,0.283561,0.338719,0,24
1900-01-01 15:51:13.474,0.213475,0.284333,0.338866,0,24
1900-01-01 15:51:14.474,0.213302,0.282543,0.338976,0,24
1900-01-01 15:51:15.474,0.213333,0.283519,0.339077,0,24
1900-01-01 15:51:16.474,0.212982,0.28406,0.338572,0,24
1900-01-01 15:51:17.474,0.213969,0.285105,0.338673,0,24
1900-01-01 15:51:18.474,0.213806,0.283934,0.339123,0,24
1900-01-01 15:51:19.474,0.213664,0.2828,0.338893,0,24
1900-01-01 15:51:20.474,0.212992,0.283199,0.338948,0,24
1900-01-01 15:51:21.474,0.21294,0.283745,0.339104,0,24
1900-01-01 15:51:22.474,0.213795,0.283498,0.338599,0,24
1900-01-01 15:51:23.474,0.213013,0.283183,0.338838,0,24
1900-01-01 15:51:24.474,0.213081,0.283645,0.338443,0,24
1900-01-01 15:51:25.474,0.21295,0.282795,0.338728,0,24
1900-01-01 15:51:26.474,0.212856,0.283461,0.338636,0,24
1900-01-01 15:51:27.474,0.212656,0.283262,0.339012,0,24
1900-01-01 15:51:28.474,0.213417,0.284963,0.338682,0,24
1900-01-01 15:51:29.474,0.213585,0.283797,0.338884,0,24
1900-01-01 15:51:30.474,0.213963,0.284181,0.339058,0,24
1900-01-01 15:51:31.474,0.213664,0.283687,0.339077,0,24
1900-01-01 15:51:32.474,0.213433,0.284165,0.338801,0,24
1900-01-01 15:51:33.474,0.213008,0.282905,0.338829,0,24
1900-01-01 15:51:34.474,0.213097,0.282868,0.339224,0,24
1900-01-01 15:51:35.474,0.212929,0.282364,0.338801,0,24
1900-01-01 15:51:36.474,0.212504,0.284942,0.338397,0,24
1900-01-01 15:51:37.474,0.21295,0.283162,0.338801,0,24
1900-01-01 15:51:38.474,0.213633,0.284811,0.339196,0,24
1900-01-01 15:51:39.474,0.214237,0.283808,0.339352,0,24
1900-01-01 15:51:40.474,0.213538,0.282438,0.339343,0,24
1900-01-01 15:51:41.474,0.212908,0.283923,0.338856,0,24
1900-01-01 15:51:42.474,0.213559,0.283199,0.338388,0,24
1900-01-01 15:51:43.474,0.212798,0.282564,0.33848,0,24
1900-01-01 15:51:44.474,0.212735,0.282931,0.338379,0,24
1900-01-01 15:51:45.474,0.212404,0.282065,0.338792,0,24
1900-01-01 15:51:46.474,0.212871,0.284805,0.338939,0,24
1900-01-01 15:51:47.474,0.213517,0.282574,0.338535,0,24
1900-01-01 15:51:48.474,0.21389,0.284149,0.338746,0,24
1900-01-01 15:51:49.474,0.213045,0.283073,0.338627,0,24
1900-01-01 15:51:50.474,0.213181,0.283314,0.338939,0,24
1900-01-01 15:51:51.474,0.212987,0.282564,0.338774,0,24
1900-01-01 15:51:52.474,0.212504,0.282726,0.338682,0,24
1900-01-01 15:51:53.474,0.212961,0.282506,0.338985,0,24
1900-01-01 15:51:54.474,0.212824,0.282926,0.338305,0,24
1900-01-01 15:51:55.474,0.213092,0.284889,0.338397,0,24
1900-01-01 15:51:56.474,0.214074,0.284322,0.338617,0,24
1900-01-01 15:51:57.474,0.213496,0.283162,0.338544,0,24
1900-01-01 15:51:58.474,0.213244,0.283792,0.33825,0,24
1900-01-01 15:51:59.474,0.213134,0.283871,0.338976,0,24
1900-01-01 15:52:00.474,0.213008,0.283871,0.339123,0,24
1900-01-01 15:52:01.474,0.213748,0.284133,0.339012,0,24
1900-01-01 15:52:02.474,0.213108,0.283829,0.338663,0,24
1900-01-01 15:52:03.474,0.213622,0.284485,0.33893,0,24
1900-01-01 15:52:04.474,0.214242,0.283698,0.338673,0,24
1900-01-01 15:52:05.474,0.21306,0.282343,0.339187,0,24
1900-01-01 15:52:06.474,0.213234,0.284632,0.338902,0,24
1900-01-01 15:52:07.474,0.213559,0.283325,0.338581,0,24
1900-01-01 15:52:08.474,0.213239,0.28302,0.33847,0,24
1900-01-01 15:52:09.474,0.212882,0.283309,0.338627,0,24
1900-01-01 15:52:10.474,0.21243,0.281897,0.338829,0,24
1900-01-01 15:52:11.474,0.212698,0.284118,0.338379,0,24
1900-01-01 15:52:12.474,0.213081,0.282427,0.33882,0,24
1900-01-01 15:52:13.474,0.212525,0.283194,0.338645,0,24
1900-01-01 15:52:14.474,0.212997,0.284102,0.339169,0,24
1900-01-01 15:52:15.474,0.213244,0.284585,0.339159,0,24
1900-01-01 15:52:16.474,0.213218,0.283299,0.338728,0,24
1900-01-01 15:52:17.474,0.213785,0.284837,0.339049,0,24
1900-01-01 15:52:18.474,0.213743,0.283881,0.339159,0,24
1900-01-01 15:52:19.474,0.213732,0.282674,0.338792,0,24
1900-01-01 15:52:20.474,0.212824,0.283236,0.338415,0,24
1900-01-01 15:52:21.474,0.212971,0.28344,0.338342,0,24
1900-01-01 15:52:22.474,0.212541,0.282312,0.338691,0,24
1900-01-01 15:52:23.474,0.21305,0.284385,0.33893,0,24
1900-01-01 15:52:24.474,0.213417,0.283472,0.338737,0,24
1900-01-01 15:52:25.474,0.213853,0.283545,0.338856,0,24
1900-01-01 15:52:26.474,0.212551,0.282453,0.338737,0,24
1900-01-01 15:52:27.474,0.213654,0.284921,0.3387,0,24
1900-01-01 15:52:28.474,0.212945,0.284732,0.339003,0,24
1900-01-01 15:52:29.474,0.214053,0.284007,0.338526,0,24
1900-01-01 15:52:30.474,0.214363,0.284291,0.338691,0,24
1900-01-01 15:52:31.474,0.213601,0.284396,0.338673,0,24
1900-01-01 15:52:32.474,0.213596,0.284343,0.339068,0,24
1900-01-01 15:52:33.474,0.213349,0.283031,0.33915,0,24
1900-01-01 15:52:34.474,0.213543,0.282705,0.338599,0,24
1900-01-01 15:52:35.474,0.212772,0.282868,0.338746,0,24
1900-01-01 15:52:36.474,0.21316,0.282747,0.33904,0,24
1900-01-01 15:52:37.474,0.212824,0.282957,0.338599,0,24
1900-01-01 15:52:38.474,0.212908,0.283866,0.338691,0,24
1900-01-01 15:52:39.474,0.213428,0.283813,0.338728,0,24
1900-01-01 15:52:40.474,0.21305,0.282553,0.33881,0,24
1900-01-01 15:52:41.474,0.212908,0.283194,0.33881,0,24
1900-01-01 15:52:42.474,0.213417,0.282952,0.33847,0,24
1900-01-01 15:52:43.474,0.212462,0.282254,0.338755,0,24
1900-01-01 15:52:44.474,0.213465,0.284034,0.338388,0,24
1900-01-01 15:52:45.474,0.21306,0.28291,0.338232,0,24
1900-01-01 15:52:46.474,0.212499,0.282936,0.338121,0,24
1900-01-01 15:52:47.474,0.212798,0.282968,0.338222,0,24
1900-01-01 15:52:48.474,0.212751,0.282422,0.338562,0,24
1900-01-01 15:52:49.474,0.213223,0.284448,0.338443,0,24
1900-01-01 15:52:50.474,0.213155,0.283871,0.338544,0,24
1900-01-01 15:52:51.474,0.213942,0.284475,0.338774,0,24
1900-01-01 15:52:52.474,0.213927,0.283929,0.33847,0,24
1900-01-01 15:52:53.474,0.213281,0.283257,0.338562,0,24
1900-01-01 15:52:54.474,0.213606,0.284118,0.338682,0,24
1900-01-01 15:52:55.474,0.212871,0.28238,0.33893,0,24
1900-01-01 15:52:56.474,0.213192,0.283498,0.338636,0,24
1900-01-01 15:52:57.474,0.212793,0.282931,0.338801,0,24
1900-01-01 15:52:58.474,0.213165,0.283776,0.33859,0,24
1900-01-01 15:52:59.474,0.213596,0.283698,0.338415,0,24
1900-01-01 15:53:00.474,0.213045,0.281597,0.338654,0,24
1900-01-01 15:53:01.474,0.21294,0.283136,0.338572,0,24
1900-01-01 15:53:02.474,0.21327,0.283981,0.33848,0,24
1900-01-01 15:53:03.474,0.213507,0.283104,0.338526,0,24
1900-01-01 15:53:04.474,0.212425,0.28196,0.338774,0,24
1900-01-01 15:53:05.474,0.212903,0.283146,0.338443,0,24
1900-01-01 15:53:06.474,0.212173,0.283036,0.338369,0,24
1900-01-01 15:53:07.474,0.213171,0.284443,0.338489,0,24
1900-01-01 15:53:08.474,0.21305,0.282784,0.338921,0,24
1900-01-01 15:53:09.474,0.213108,0.284501,0.33893,0,24
1900-01-01 15:53:10.474,0.213071,0.283787,0.339012,0,24
1900-01-01 15:53:11.474,0.212987,0.283288,0.338627,0,24
1900-01-01 15:53:12.474,0.212892,0.283152,0.33847,0,24
1900-01-01 15:53:13.474,0.213491,0.284774,0.339205,0,24
1900-01-01 15:53:14.474,0.213302,0.28333,0.338884,0,24
1900-01-01 15:53:15.474,0.212703,0.282459,0.338847,0,24
1900-01-01 15:53:16.474,0.212756,0.282291,0.339132,0,24
1900-01-01 15:53:17.474,0.212877,0.283414,0.338608,0,24
1900-01-01 15:53:18.474,0.21273,0.281986,0.338526,0,24
1900-01-01 15:53:19.474,0.212409,0.283094,0.338544,0,24
1900-01-01 15:53:20.474,0.212525,0.282942,0.338939,0,24
1900-01-01 15:53:21.474,0.213344,0.283818,0.339123,0,24
1900-01-01 15:53:22.474,0.213176,0.282516,0.338792,0,24
1900-01-01 15:53:23.474,0.213018,0.282805,0.339215,0,24
1900-01-01 15:53:24.474,0.212714,0.28354,0.338764,0,24
1900-01-01 15:53:25.474,0.21315,0.283052,0.338535,0,24
1900-01-01 15:53:26.474,0.213412,0.283288,0.339408,0,24
1900-01-01 15:53:27.474,0.213423,0.283582,0.338948,0,24
1900-01-01 15:53:28.474,0.212898,0.28248,0.338746,0,24
1900-01-01 15:53:29.474,0.212929,0.28238,0.338755,0,24
1900-01-01 15:53:30.474,0.212404,0.28312,0.3387,0,24
1900-01-01 15:53:31.474,0.21231,0.284144,0.338719,0,24
1900-01-01 15:53:32.474,0.212656,0.282915,0.339141,0,24
1900-01-01 15:53:33.474,0.213197,0.283062,0.338967,0,24
1900-01-01 15:53:34.474,0.213081,0.28354,0.338654,0,24
1900-01-01 15:53:35.474,0.213491,0.283535,0.338829,0,24
1900-01-01 15:53:36.474,0.212677,0.2829,0.338645,0,24
1900-01-01 15:53:37.474,0.213102,0.283624,0.338195,0,24
1900-01-01 15:53:38.474,0.212556,0.283897,0.338673,0,24
1900-01-01 15:53:39.474,0.212924,0.283409,0.338608,0,24
1900-01-01 15:53:40.474,0.212866,0.283146,0.338691,0,24
1900-01-01 15:53:41.474,0.212772,0.282858,0.338443,0,24
1900-01-01 15:53:42.474,0.21253,0.282957,0.338296,0,24
1900-01-01 15:53:43.474,0.213034,0.28386,0.338553,0,24
1900-01-01 15:53:44.474,0.212761,0.282291,0.338415,0,24
1900-01-01 15:53:45.474,0.212793,0.283813,0.338856,0,24
1900-01-01 15:53:46.474,0.212782,0.284002,0.338553,0,24
1900-01-01 15:53:47.474,0.212535,0.282611,0.338691,0,24
1900-01-01 15:53:48.474,0.212273,0.28113,0.338746,0,24
1900-01-01 15:53:49.474,0.212394,0.283209,0.338158,0,24
1900-01-01 15:53:50.474,0.21306,0.282968,0.33768,0,24
1900-01-01 15:53:51.474,0.213281,0.283367,0.338516,0,24
1900-01-01 15:53:52.474,0.213286,0.283409,0.33882,0,24
1900-01-01 15:53:53.474,0.212331,0.282705,0.338296,0,24
1900-01-01 15:53:54.474,0.212525,0.284448,0.338562,0,24
1900-01-01 15:53:55.474,0.213559,0.283929,0.338682,0,24
1900-01-01 15:53:56.474,0.213265,0.283892,0.338599,0,24
1900-01-01 15:53:57.474,0.213554,0.282726,0.338829,0,24
1900-01-01 15:53:58.474,0.212142,0.283194,0.338792,0,24
1900-01-01 15:53:59.474,0.212572,0.282774,0.338636,0,24
1900-01-01 15:54:00.474,0.212241,0.283068,0.338939,0,24
1900-01-01 15:54:01.474,0.213139,0.28395,0.33882,0,24
1900-01-01 15:54:02.474,0.212493,0.282915,0.338452,0,24
1900-01-01 15:54:03.474,0.212661,0.283309,0.338516,0,24
1900-01-01 15:54:04.474,0.213601,0.283771,0.338719,0,24
1900-01-01 15:54:05.474,0.213171,0.283199,0.338792,0,24
1900-01-01 15:54:06.474,0.21421,0.283887,0.338709,0,24
1900-01-01 15:54:07.474,0.213533,0.283719,0.3387,0,24
1900-01-01 15:54:08.474,0.213648,0.283787,0.3387,0,24
1900-01-01 15:54:09.474,0.21357,0.282469,0.33893,0,24
1900-01-01 15:54:10.474,0.212205,0.282233,0.338599,0,24
1900-01-01 15:54:11.474,0.212861,0.283099,0.338627,0,24
1900-01-01 15:54:12.474,0.212383,0.283992,0.338994,0,24
1900-01-01 15:54:13.474,0.212982,0.28406,0.339297,0,24
1900-01-01 15:54:14.474,0.212709,0.283467,0.339215,0,24
1900-01-01 15:54:15.474,0.213291,0.28281,0.338719,0,24
1900-01-01 15:54:16.474,0.212997,0.283498,0.338663,0,24
1900-01-01 15:54:17.474,0.213008,0.283215,0.338232,0,24
1900-01-01 15:54:18.474,0.213249,0.285467,0.339022,0,24
1900-01-01 15:54:19.474,0.213102,0.283404,0.338884,0,24
1900-01-01 15:54:20.474,0.212598,0.282422,0.339022,0,24
1900-01-01 15:54:21.474,0.212877,0.282726,0.338764,0,24
1900-01-01 15:54:22.474,0.213291,0.283929,0.338379,0,24
1900-01-01 15:54:23.474,0.212976,0.283577,0.338654,0,24
1900-01-01 15:54:24.474,0.213281,0.283467,0.338985,0,24
1900-01-01 15:54:25.474,0.213265,0.282847,0.339123,0,24
1900-01-01 15:54:26.474,0.212824,0.283314,0.338884,0,24
1900-01-01 15:54:27.474,0.212457,0.282537,0.338443,0,24
1900-01-01 15:54:28.474,0.212698,0.28259,0.338434,0,24
1900-01-01 15:54:29.474,0.213165,0.283813,0.338783,0,24
1900-01-01 15:54:30.474,0.213585,0.283183,0.338314,0,24
1900-01-01 15:54:31.474,0.213428,0.283262,0.339003,0,24
1900-01-01 15:54:32.474,0.213197,0.283467,0.338406,0,24
1900-01-01 15:54:33.474,0.212677,0.284128,0.338526,0,24
1900-01-01 15:54:34.474,0.213496,0.283614,0.338911,0,24
1900-01-01 15:54:35.474,0.213055,0.284112,0.338287,0,24
1900-01-01 15:54:36.474,0.212997,0.285005,0.338746,0,24
1900-01-01 15:54:37.474,0.213459,0.283262,0.338847,0,24
1900-01-01 15:54:38.474,0.213218,0.282984,0.339178,0,24
1900-01-01 15:54:39.474,0.213003,0.28291,0.338774,0,24
1900-01-01 15:54:40.474,0.213113,0.282049,0.338581,0,24
1900-01-01 15:54:41.474,0.212735,0.283855,0.338516,0,24
1900-01-01 15:54:42.474,0.213622,0.282322,0.338902,0,24
1900-01-01 15:54:43.474,0.214152,0.284007,0.33893,0,24
1900-01-01 15:54:44.474,0.213381,0.284506,0.338893,0,24
1900-01-01 15:54:45.474,0.213942,0.283309,0.338921,0,24
1900-01-01 15:54:46.474,0.213171,0.283824,0.338792,0,24
1900-01-01 15:54:47.474,0.213302,0.283976,0.338902,0,24
1900-01-01 15:54:48.474,0.213895,0.284832,0.338645,0,24
1900-01-01 15:54:49.474,0.213669,0.284454,0.338911,0,24
1900-01-01 15:54:50.474,0.213501,0.282154,0.339003,0,24
1900-01-01 15:54:51.474,0.213617,0.283377,0.338967,0,24
1900-01-01 15:54:52.474,0.212346,0.282432,0.3387,0,24
1900-01-01 15:54:53.474,0.212793,0.283362,0.338535,0,24
1900-01-01 15:54:54.474,0.21327,0.283283,0.338663,0,24
1900-01-01 15:54:55.474,0.212903,0.28322,0.338397,0,24
1900-01-01 15:54:56.474,0.212415,0.282096,0.339012,0,24
1900-01-01 15:54:57.474,0.213081,0.283173,0.338158,0,24
1900-01-01 15:54:58.474,0.212651,0.28374,0.338617,0,24
1900-01-01 15:54:59.474,0.213239,0.282327,0.338397,0,24
1900-01-01 15:55:00.474,0.213281,0.284585,0.338379,0,24
1900-01-01 15:55:01.474,0.212478,0.282873,0.338369,0,24
1900-01-01 15:55:02.474,0.213034,0.28385,0.338829,0,24
1900-01-01 15:55:03.474,0.212945,0.283692,0.338957,0,24
1900-01-01 15:55:04.474,0.214021,0.284958,0.338728,0,24
1900-01-01 15:55:05.474,0.214116,0.283834,0.33859,0,24
1900-01-01 15:55:06.474,0.214095,0.284727,0.338544,0,24
1900-01-01 15:55:07.474,0.213942,0.283902,0.339132,0,24
1900-01-01 15:55:08.474,0.213155,0.282543,0.338838,0,24
1900-01-01 15:55:09.474,0.213318,0.283094,0.338719,0,24
1900-01-01 15:55:10.474,0.212803,0.283414,0.338425,0,24
1900-01-01 15:55:11.474,0.213029,0.283624,0.338774,0,24
1900-01-01 15:55:12.474,0.213449,0.283288,0.338526,0,24
1900-01-01 15:55:13.474,0.21347,0.283965,0.338498,0,24
1900-01-01 15:55:14.474,0.213218,0.28416,0.338415,0,24
1900-01-01 15:55:15.474,0.213517,0.283283,0.33882,0,24
1900-01-01 15:55:16.474,0.213265,0.283194,0.338645,0,24
1900-01-01 15:55:17.474,0.21294,0.283855,0.338654,0,24
1900-01-01 15:55:18.474,0.213396,0.283792,0.338636,0,24
1900-01-01 15:55:19.474,0.213921,0.285336,0.338241,0,24
1900-01-01 15:55:20.474,0.21378,0.283509,0.338562,0,24
1900-01-01 15:55:21.474,0.213564,0.283173,0.338608,0,24
1900-01-01 15:55:22.474,0.21326,0.283367,0.338691,0,24
1900-01-01 15:55:23.474,0.213512,0.283792,0.3387,0,24
1900-01-01 15:55:24.474,0.213123,0.282931,0.338452,0,24
1900-01-01 15:55:25.474,0.212677,0.283183,0.338278,0,24
1900-01-01 15:55:26.474,0.212304,0.282947,0.338498,0,24
1900-01-01 15:55:27.474,0.212877,0.282889,0.338121,0,24
1900-01-01 15:55:28.474,0.212761,0.281923,0.338526,0,24
1900-01-01 15:55:29.474,0.21326,0.285441,0.338388,0,24
1900-01-01 15:55:30.474,0.214011,0.283645,0.33893,0,24
1900-01-01 15:55:31.474,0.213412,0.2826,0.338764,0,24
1900-01-01 15:55:32.474,0.212441,0.282858,0.338489,0,24
1900-01-01 15:55:33.474,0.212415,0.282763,0.338379,0,24
1900-01-01 15:55:34.474,0.212803,0.282973,0.338232,0,24
1900-01-01 15:55:35.474,0.213186,0.282648,0.338222,0,24
1900-01-01 15:55:36.474,0.212635,0.283089,0.338259,0,24
1900-01-01 15:55:37.474,0.212478,0.282942,0.338452,0,24
1900-01-01 15:55:38.474,0.213024,0.283556,0.338516,0,24
1900-01-01 15:55:39.474,0.21327,0.2827,0.338351,0,24
1900-01-01 15:55:40.474,0.21336,0.284028,0.338498,0,24
1900-01-01 15:55:41.474,0.213349,0.284354,0.338305,0,24
1900-01-01 15:55:42.474,0.213297,0.282269,0.33836,0,24
1900-01-01 15:55:43.474,0.212682,0.282038,0.33836,0,24
1900-01-01 15:55:44.474,0.212446,0.282254,0.337947,0,24
1900-01-01 15:55:45.474,0.21348,0.283734,0.338232,0,24
1900-01-01 15:55:46.474,0.213213,0.282957,0.338333,0,24
1900-01-01 15:55:47.474,0.212929,0.283582,0.338553,0,24
1900-01-01 15:55:48.474,0.212882,0.283236,0.338572,0,24
1900-01-01 15:55:49.474,0.21294,0.283073,0.33847,0,24
1900-01-01 15:55:50.474,0.212808,0.283125,0.338379,0,24
1900-01-01 15:55:51.474,0.213155,0.282663,0.338204,0,24
1900-01-01 15:55:52.474,0.213108,0.283755,0.338048,0,24
1900-01-01 15:55:53.474,0.213003,0.283666,0.338636,0,24
1900-01-01 15:55:54.474,0.212866,0.283083,0.338452,0,24
1900-01-01 15:55:55.474,0.213328,0.284543,0.338222,0,24
1900-01-01 15:55:56.474,0.213276,0.285315,0.338746,0,24
1900-01-01 15:55:57.474,0.213942,0.284622,0.338562,0,24
1900-01-01 15:55:58.474,0.213979,0.282968,0.338746,0,24
1900-01-01 15:55:59.474,0.213249,0.28312,0.338728,0,24
1900-01-01 15:56:00.474,0.21316,0.283656,0.338645,0,24
1900-01-01 15:56:01.474,0.212378,0.281907,0.338737,0,24
1900-01-01 15:56:02.474,0.212824,0.282091,0.338498,0,24
1900-01-01 15:56:03.474,0.212,0.282432,0.3387,0,24
1900-01-01 15:56:04.474,0.211995,0.282994,0.338461,0,24
1900-01-01 15:56:05.474,0.212782,0.281865,0.338415,0,24
1900-01-01 15:56:06.474,0.213249,0.284926,0.338755,0,24
1900-01-01 15:56:07.474,0.213496,0.284895,0.338397,0,24
1900-01-01 15:56:08.474,0.21357,0.283356,0.338737,0,24
1900-01-01 15:56:09.474,0.213507,0.284191,0.338544,0,24
1900-01-01 15:56:10.474,0.213554,0.282805,0.338526,0,24
1900-01-01 15:56:11.474,0.212336,0.283152,0.33882,0,24
1900-01-01 15:56:12.474,0.21274,0.283194,0.338599,0,24
1900-01-01 15:56:13.474,0.21263,0.282459,0.338425,0,24
1900-01-01 15:56:14.474,0.212688,0.281618,0.338333,0,24
1900-01-01 15:56:15.474,0.211932,0.282732,0.33847,0,24
1900-01-01 15:56:16.474,0.212688,0.28385,0.338866,0,24
1900-01-01 15:56:17.474,0.213391,0.28428,0.338884,0,24
1900-01-01 15:56:18.474,0.212992,0.283971,0.338323,0,24
1900-01-01 15:56:19.474,0.214268,0.284784,0.338838,0,24
1900-01-01 15:56:20.474,0.213706,0.28186,0.338719,0,24
1900-01-01 15:56:21.474,0.212824,0.282963,0.338608,0,24
1900-01-01 15:56:22.474,0.213228,0.283635,0.338333,0,24
1900-01-01 15:56:23.474,0.213486,0.283661,0.33814,0,24
1900-01-01 15:56:24.474,0.212509,0.282359,0.338737,0,24
1900-01-01 15:56:25.474,0.213066,0.282558,0.338489,0,24
1900-01-01 15:56:26.474,0.212383,0.282774,0.33848,0,24
1900-01-01 15:56:27.474,0.213055,0.283278,0.338369,0,24
1900-01-01 15:56:28.474,0.212593,0.282401,0.338314,0,24
1900-01-01 15:56:29.474,0.212609,0.284574,0.338268,0,24
1900-01-01 15:56:30.474,0.213039,0.282532,0.338425,0,24
1900-01-01 15:56:31.474,0.212173,0.283698,0.338535,0,24
1900-01-01 15:56:32.474,0.213438,0.284506,0.338507,0,24
1900-01-01 15:56:33.474,0.213612,0.284102,0.338728,0,24
1900-01-01 15:56:34.474,0.213155,0.283199,0.338388,0,24
1900-01-01 15:56:35.474,0.213412,0.282858,0.338553,0,24
1900-01-01 15:56:36.474,0.212892,0.283404,0.338452,0,24
1900-01-01 15:56:37.474,0.213024,0.283687,0.338287,0,24
1900-01-01 15:56:38.474,0.213512,0.284396,0.338691,0,24
1900-01-01 15:56:39.474,0.213029,0.283141,0.338709,0,24
1900-01-01 15:56:40.474,0.212982,0.28354,0.338673,0,24
1900-01-01 15:56:41.474,0.212966,0.282753,0.338516,0,24
1900-01-01 15:56:42.474,0.213123,0.284086,0.338801,0,24
1900-01-01 15:56:43.474,0.213333,0.283262,0.338461,0,24
1900-01-01 15:56:44.474,0.213622,0.283477,0.33882,0,24
1900-01-01 15:56:45.474,0.213386,0.283992,0.339095,0,24
1900-01-01 15:56:46.474,0.214063,0.284595,0.338921,0,24
1900-01-01 15:56:47.474,0.21369,0.284627,0.338654,0,24
1900-01-01 15:56:48.474,0.213533,0.282957,0.338902,0,24
1900-01-01 15:56:49.474,0.213601,0.283892,0.338994,0,24
1900-01-01 15:56:50.474,0.213465,0.283645,0.338728,0,24
1900-01-01 15:56:51.474,0.212719,0.282737,0.338948,0,24
1900-01-01 15:56:52.474,0.213711,0.284611,0.338875,0,24
1900-01-01 15:56:53.474,0.213087,0.283372,0.339049,0,24
1900-01-01 15:56:54.474,0.212698,0.283278,0.338654,0,24
1900-01-01 15:56:55.474,0.213008,0.283178,0.338526,0,24
1900-01-01 15:56:56.474,0.213244,0.283787,0.338608,0,24
1900-01-01 15:56:57.474,0.213087,0.283839,0.338902,0,24
1900-01-01 15:56:58.474,0.214247,0.285399,0.338553,0,24
1900-01-01 15:56:59.474,0.21347,0.283351,0.338581,0,24
1900-01-01 15:57:00.474,0.212829,0.283351,0.338452,0,24
1900-01-01 15:57:01.474,0.213759,0.284763,0.338388,0,24
1900-01-01 15:57:02.474,0.213528,0.2829,0.338719,0,24
1900-01-01 15:57:03.474,0.212509,0.281876,0.338663,0,24
1900-01-01 15:57:04.474,0.212593,0.282758,0.33881,0,24
1900-01-01 15:57:05.474,0.212945,0.283908,0.338572,0,24
1900-01-01 15:57:06.474,0.213465,0.28449,0.339012,0,24
1900-01-01 15:57:07.474,0.213381,0.282653,0.338544,0,24
1900-01-01 15:57:08.474,0.213102,0.284123,0.338535,0,24
1900-01-01 15:57:09.474,0.213596,0.28353,0.338967,0,24
1900-01-01 15:57:10.474,0.212866,0.282973,0.33825,0,24
1900-01-01 15:57:11.474,0.212971,0.283257,0.338884,0,24
1900-01-01 15:57:12.474,0.213685,0.283734,0.338884,0,24
1900-01-01 15:57:13.474,0.212777,0.283057,0.338673,0,24
1900-01-01 15:57:14.474,0.21273,0.283687,0.338801,0,24
1900-01-01 15:57:15.474,0.213276,0.283682,0.338875,0,24
1900-01-01 15:57:16.474,0.213144,0.283309,0.338875,0,24
1900-01-01 15:57:17.474,0.213092,0.283419,0.33881,0,24
1900-01-01 15:57:18.474,0.212856,0.2848,0.3387,0,24
1900-01-01 15:57:19.474,0.212845,0.282721,0.33881,0,24
1900-01-01 15:57:20.474,0.212672,0.282627,0.338222,0,24
1900-01-01 15:57:21.474,0.213165,0.284181,0.33859,0,24
1900-01-01 15:57:22.474,0.213024,0.284905,0.338645,0,24
1900-01-01 15:57:23.474,0.212551,0.281708,0.338856,0,24
1900-01-01 15:57:24.474,0.212793,0.283593,0.338415,0,24
1900-01-01 15:57:25.474,0.213202,0.284081,0.338856,0,24
1900-01-01 15:57:26.474,0.213412,0.283566,0.338397,0,24
1900-01-01 15:57:27.474,0.213228,0.28323,0.338241,0,24
1900-01-01 15:57:28.474,0.212698,0.283262,0.339003,0,24
1900-01-01 15:57:29.474,0.212588,0.283876,0.338645,0,24
1900-01-01 15:57:30.474,0.213696,0.284212,0.33825,0,24
1900-01-01 15:57:31.474,0.212955,0.282957,0.338425,0,24
1900-01-01 15:57:32.474,0.213543,0.283692,0.338755,0,24
1900-01-01 15:57:33.474,0.213081,0.283083,0.338406,0,24
1900-01-01 15:57:34.474,0.212761,0.283414,0.33848,0,24
1900-01-01 15:57:35.474,0.213291,0.283734,0.338397,0,24
1900-01-01 15:57:36.474,0.213024,0.283262,0.338562,0,24
1900-01-01 15:57:37.474,0.213018,0.282117,0.338507,0,24
1900-01-01 15:57:38.474,0.213034,0.283608,0.338406,0,24
1900-01-01 15:57:39.474,0.213444,0.284968,0.33893,0,24
1900-01-01 15:57:40.474,0.213575,0.282527,0.338866,0,24
1900-01-01 15:57:41.474,0.21357,0.282375,0.338617,0,24
1900-01-01 15:57:42.474,0.213165,0.283419,0.338856,0,24
1900-01-01 15:57:43.474,0.213375,0.283104,0.338305,0,24
1900-01-01 15:57:44.474,0.212325,0.282443,0.338425,0,24
1900-01-01 15:57:45.474,0.21273,0.282322,0.338222,0,24
1900-01-01 15:57:46.474,0.212756,0.282753,0.338039,0,24
1900-01-01 15:57:47.474,0.212688,0.283645,0.338112,0,24
1900-01-01 15:57:48.474,0.212572,0.282894,0.338397,0,24
1900-01-01 15:57:49.474,0.213533,0.283934,0.338259,0,24
1900-01-01 15:57:50.474,0.212635,0.281923,0.338434,0,24
1900-01-01 15:57:51.474,0.212499,0.282984,0.33825,0,24
1900-01-01 15:57:52.474,0.213239,0.284685,0.338553,0,24
1900-01-01 15:57:53.474,0.213333,0.282915,0.338572,0,24
1900-01-01 15:57:54.474,0.212924,0.283603,0.338599,0,24
1900-01-01 15:57:55.474,0.21315,0.283178,0.338415,0,24
1900-01-01 15:57:56.474,0.212997,0.283451,0.338866,0,24
1900-01-01 15:57:57.474,0.21337,0.283624,0.338847,0,24
1900-01-01 15:57:58.474,0.213244,0.28354,0.338866,0,24
1900-01-01 15:57:59.474,0.213444,0.283514,0.338323,0,24
1900-01-01 15:58:00.474,0.212777,0.283692,0.338847,0,24
1900-01-01 15:58:01.474,0.213591,0.283178,0.338957,0,24
1900-01-01 15:58:02.474,0.213501,0.283041,0.338719,0,24
1900-01-01 15:58:03.474,0.212724,0.283866,0.338866,0,24
1900-01-01 15:58:04.474,0.212976,0.283262,0.338627,0,24
1900-01-01 15:58:05.474,0.213129,0.283692,0.338728,0,24
1900-01-01 15:58:06.474,0.213958,0.285273,0.338875,0,24
1900-01-01 15:58:07.474,0.213591,0.282931,0.338939,0,24
1900-01-01 15:58:08.474,0.213339,0.282837,0.338875,0,24
1900-01-01 15:58:09.474,0.213144,0.284028,0.339169,0,24
1900-01-01 15:58:10.474,0.213575,0.282726,0.339196,0,24
1900-01-01 15:58:11.474,0.213286,0.283482,0.338673,0,24
1900-01-01 15:58:12.474,0.213129,0.282495,0.338415,0,24
1900-01-01 15:58:13.474,0.213517,0.283215,0.338351,0,24
1900-01-01 15:58:14.474,0.213276,0.283813,0.3387,0,24
1900-01-01 15:58:15.474,0.212462,0.281634,0.338544,0,24
1900-01-01 15:58:16.474,0.212866,0.283734,0.338636,0,24
1900-01-01 15:58:17.474,0.212756,0.283194,0.338232,0,24
1900-01-01 15:58:18.474,0.21274,0.282438,0.338562,0,24
1900-01-01 15:58:19.474,0.213113,0.282537,0.33859,0,24
1900-01-01 15:58:20.474,0.212541,0.283461,0.338268,0,24
1900-01-01 15:58:21.474,0.213008,0.283645,0.338434,0,24
1900-01-01 15:58:22.474,0.213444,0.283435,0.338562,0,24
1900-01-01 15:58:23.474,0.212588,0.282984,0.338691,0,24
1900-01-01 15:58:24.474,0.212845,0.282648,0.33836,0,24
1900-01-01 15:58:25.474,0.213024,0.284464,0.338755,0,24
1900-01-01 15:58:26.474,0.212609,0.281849,0.338323,0,24
1900-01-01 15:58:27.474,0.212814,0.283057,0.338719,0,24
1900-01-01 15:58:28.474,0.213654,0.28302,0.338287,0,24
1900-01-01 15:58:29.474,0.213433,0.282632,0.338434,0,24
1900-01-01 15:58:30.474,0.21315,0.284364,0.338204,0,24
1900-01-01 15:58:31.474,0.212945,0.282642,0.338526,0,24
1900-01-01 15:58:32.474,0.212745,0.284412,0.338654,0,24
1900-01-01 15:58:33.474,0.212919,0.282448,0.338204,0,24
1900-01-01 15:58:34.474,0.212252,0.282826,0.338314,0,24
1900-01-01 15:58:35.474,0.212934,0.284312,0.338682,0,24
1900-01-01 15:58:36.474,0.212672,0.28239,0.338792,0,24
1900-01-01 15:58:37.474,0.213239,0.282606,0.338158,0,24
1900-01-01 15:58:38.474,0.212299,0.283598,0.338388,0,24
1900-01-01 15:58:39.474,0.213171,0.284301,0.33847,0,24
1900-01-01 15:58:40.474,0.213213,0.283062,0.3387,0,24
1900-01-01 15:58:41.474,0.213102,0.283477,0.338673,0,24
1900-01-01 15:58:42.474,0.213255,0.284658,0.338305,0,24
1900-01-01 15:58:43.474,0.213601,0.283834,0.338397,0,24
1900-01-01 15:58:44.474,0.21327,0.28343,0.338939,0,24
1900-01-01 15:58:45.474,0.213617,0.284322,0.339141,0,24
1900-01-01 15:58:46.474,0.213879,0.284154,0.338829,0,24
1900-01-01 15:58:47.474,0.213585,0.283524,0.339077,0,24
1900-01-01 15:58:48.474,0.213648,0.283582,0.339049,0,24
1900-01-01 15:58:49.474,0.213129,0.28365,0.33836,0,24
1900-01-01 15:58:50.474,0.213454,0.283314,0.338544,0,24
1900-01-01 15:58:51.474,0.213822,0.283278,0.338617,0,24
1900-01-01 15:58:52.474,0.213307,0.283299,0.338792,0,24
1900-01-01 15:58:53.474,0.213249,0.283131,0.338774,0,24
1900-01-01 15:58:54.474,0.21337,0.283404,0.338728,0,24
1900-01-01 15:58:55.474,0.213486,0.283645,0.338535,0,24
1900-01-01 15:58:56.474,0.212756,0.282506,0.338783,0,24
1900-01-01 15:58:57.474,0.213396,0.282606,0.338709,0,24
1900-01-01 15:58:58.474,0.212819,0.283157,0.338838,0,24
1900-01-01 15:58:59.474,0.214242,0.285651,0.339086,0,24
1900-01-01 15:59:00.474,0.213024,0.282422,0.338866,0,24
1900-01-01 15:59:01.474,0.213344,0.283278,0.339242,0,24
1900-01-01 15:59:02.474,0.213192,0.283761,0.338838,0,24
1900-01-01 15:59:03.474,0.21316,0.282553,0.3387,0,24
1900-01-01 15:59:04.474,0.213696,0.284249,0.339316,0,24
1900-01-01 15:59:05.474,0.214005,0.282926,0.339049,0,24
1900-01-01 15:59:06.474,0.21305,0.284842,0.338737,0,24
1900-01-01 15:59:07.474,0.213911,0.284296,0.338829,0,24
1900-01-01 15:59:08.474,0.213045,0.281802,0.338911,0,24
1900-01-01 15:59:09.474,0.213486,0.283325,0.338663,0,24
1900-01-01 15:59:10.474,0.213617,0.284994,0.338893,0,24
1900-01-01 15:59:11.474,0.21294,0.284128,0.339086,0,24
1900-01-01 15:59:12.474,0.212556,0.281666,0.338856,0,24
1900-01-01 15:59:13.474,0.212488,0.283015,0.339187,0,24
1900-01-01 15:59:14.474,0.212509,0.284406,0.33882,0,24
1900-01-01 15:59:15.474,0.212966,0.284443,0.338866,0,24
1900-01-01 15:59:16.474,0.213249,0.283377,0.338792,0,24
1900-01-01 15:59:17.474,0.213144,0.282826,0.338829,0,24
1900-01-01 15:59:18.474,0.212934,0.282191,0.338544,0,24
1900-01-01 15:59:19.474,0.212877,0.282558,0.33825,0,24
1900-01-01 15:59:20.474,0.213213,0.284301,0.338461,0,24
1900-01-01 15:59:21.474,0.213407,0.282894,0.338489,0,24
1900-01-01 15:59:22.474,0.212987,0.282532,0.338544,0,24
1900-01-01 15:59:23.474,0.213213,0.284055,0.338434,0,24
1900-01-01 15:59:24.474,0.213155,0.283876,0.33847,0,24
1900-01-01 15:59:25.474,0.212803,0.283414,0.338663,0,24
1900-01-01 15:59:26.474,0.213165,0.28449,0.339114,0,24
1900-01-01 15:59:27.474,0.212992,0.283456,0.338268,0,24
1900-01-01 15:59:28.474,0.213528,0.282075,0.338333,0,24
1900-01-01 15:59:29.474,0.212567,0.282059,0.338434,0,24
1900-01-01 15:59:30.474,0.212541,0.283876,0.33847,0,24
1900-01-01 15:59:31.474,0.212299,0.283052,0.338719,0,24
1900-01-01 15:59:32.474,0.212315,0.283325,0.338792,0,24
1900-01-01 15:59:33.474,0.213318,0.285183,0.338507,0,24
1900-01-01 15:59:34.474,0.21294,0.283603,0.338967,0,24
1900-01-01 15:59:35.474,0.213627,0.28312,0.338663,0,24
1900-01-01 15:59:36.474,0.212877,0.282259,0.33836,0,24
1900-01-01 15:59:37.474,0.213528,0.283797,0.338342,0,24
1900-01-01 15:59:38.474,0.212677,0.281713,0.338516,0,24
1900-01-01 15:59:39.474,0.212546,0.283057,0.338691,0,24
1900-01-01 15:59:40.474,0.212682,0.283986,0.338112,0,24
1900-01-01 15:59:41.474,0.213417,0.28375,0.338856,0,24
1900-01-01 15:59:42.474,0.213654,0.284359,0.33882,0,24
1900-01-01 15:59:43.474,0.21368,0.283766,0.338847,0,24
1900-01-01 15:59:44.474,0.212992,0.282385,0.338278,0,24
1900-01-01 15:59:45.474,0.212882,0.283241,0.338792,0,24
1900-01-01 15:59:46.474,0.213738,0.28417,0.339003,0,24
1900-01-01 15:59:47.474,0.213549,0.283766,0.338902,0,24
1900-01-01 15:59:48.474,0.213396,0.283545,0.338507,0,24
1900-01-01 15:59:49.474,0.213412,0.283782,0.338902,0,24
1900-01-01 15:59:50.474,0.212793,0.28323,0.339003,0,24
1900-01-01 15:59:51.474,0.213543,0.283971,0.339003,0,24
1900-01-01 15:59:52.474,0.214026,0.283761,0.338911,0,24
1900-01-01 15:59:53.474,0.213165,0.28301,0.338526,0,24
1900-01-01 15:59:54.474,0.213428,0.282915,0.338728,0,24
1900-01-01 15:59:55.474,0.21285,0.283272,0.338103,0,24
1900-01-01 15:59:56.474,0.213045,0.283026,0.338755,0,24
1900-01-01 15:59:57.474,0.213092,0.282516,0.338287,0,24
1900-01-01 15:59:58.474,0.212446,0.281933,0.33825,0,24
1900-01-01 15:59:59.474,0.212719,0.284349,0.337984,0,24
1900-01-01 16:00:00.474,0.212824,0.283015,0.338663,0,24
1900-01-01 16:00:01.474,0.212583,0.283708,0.338654,0,24
1900-01-01 16:00:02.474,0.21273,0.282947,0.338507,0,24
1900-01-01 16:00:03.474,0.213055,0.282873,0.338507,0,24
1900-01-01 16:00:04.474,0.212824,0.283314,0.338764,0,24
1900-01-01 16:00:05.474,0.21264,0.283703,0.338232,0,24
1900-01-01 16:00:06.474,0.212698,0.283314,0.33825,0,24
1900-01-01 16:00:07.474,0.212698,0.283666,0.33847,0,24
1900-01-01 16:00:08.474,0.213087,0.282511,0.338691,0,24
1900-01-01 16:00:09.474,0.213055,0.282915,0.338617,0,24
1900-01-01 16:00:10.474,0.212037,0.282611,0.338461,0,24
1900-01-01 16:00:11.474,0.213249,0.28386,0.338719,0,24
1900-01-01 16:00:12.474,0.212472,0.282254,0.33859,0,24
1900-01-01 16:00:13.474,0.212761,0.284249,0.338617,0,24
1900-01-01 16:00:14.474,0.214026,0.284296,0.338755,0,24
1900-01-01 16:00:15.474,0.213496,0.283729,0.338572,0,24
1900-01-01 16:00:16.474,0.212567,0.282317,0.338232,0,24
1900-01-01 16:00:17.474,0.212409,0.282606,0.338176,0,24
1900-01-01 16:00:18.474,0.212756,0.283425,0.337984,0,24
1900-01-01 16:00:19.474,0.213297,0.284223,0.338526,0,24
1900-01-01 16:00:20.474,0.213186,0.282611,0.338415,0,24
1900-01-01 16:00:21.474,0.212546,0.282432,0.33882,0,24
1900-01-01 16:00:22.474,0.21273,0.282658,0.338599,0,24
1900-01-01 16:00:23.474,0.212504,0.282527,0.338599,0,24
1900-01-01 16:00:24.474,0.212,0.282464,0.337827,0,24
1900-01-01 16:00:25.474,0.212509,0.283692,0.338011,0,24
1900-01-01 16:00:26.474,0.212735,0.282737,0.338562,0,24
1900-01-01 16:00:27.474,0.212488,0.282737,0.338682,0,24
1900-01-01 16:00:28.474,0.212157,0.282637,0.338829,0,24
1900-01-01 16:00:29.474,0.212913,0.284417,0.338847,0,24
1900-01-01 16:00:30.474,0.213522,0.283834,0.33848,0,24
1900-01-01 16:00:31.474,0.213843,0.284007,0.338866,0,24
1900-01-01 16:00:32.474,0.213244,0.283719,0.338709,0,24
1900-01-01 16:00:33.474,0.213717,0.283902,0.33848,0,24
1900-01-01 16:00:34.474,0.21399,0.283698,0.338801,0,24
1900-01-01 16:00:35.474,0.212782,0.282947,0.338544,0,24
1900-01-01 16:00:36.474,0.213365,0.283645,0.338369,0,24
1900-01-01 16:00:37.474,0.213622,0.283887,0.338691,0,24
1900-01-01 16:00:38.474,0.213617,0.284412,0.338967,0,24
1900-01-01 16:00:39.474,0.21411,0.284212,0.339187,0,24
1900-01-01 16:00:40.474,0.213769,0.282417,0.338967,0,24
1900-01-01 16:00:41.474,0.212808,0.283204,0.338994,0,24
1900-01-01 16:00:42.474,0.212903,0.284217,0.338847,0,24
1900-01-01 16:00:43.474,0.21327,0.28291,0.338737,0,24
1900-01-01 16:00:44.474,0.213344,0.283918,0.338608,0,24
1900-01-01 16:00:45.474,0.213265,0.283461,0.338911,0,24
1900-01-01 16:00:46.474,0.212871,0.28322,0.338847,0,24
1900-01-01 16:00:47.474,0.213323,0.283661,0.338755,0,24
1900-01-01 16:00:48.474,0.213097,0.283052,0.338507,0,24
1900-01-01 16:00:49.474,0.213255,0.283015,0.338654,0,24
1900-01-01 16:00:50.474,0.213181,0.283551,0.338709,0,24
1900-01-01 16:00:51.474,0.213139,0.283241,0.338847,0,24
1900-01-01 16:00:52.474,0.212667,0.283383,0.338755,0,24
1900-01-01 16:00:53.474,0.212819,0.282112,0.33915,0,24
1900-01-01 16:00:54.474,0.21284,0.282432,0.33859,0,24
1900-01-01 16:00:55.474,0.212226,0.283619,0.338957,0,24
1900-01-01 16:00:56.474,0.212782,0.282789,0.338636,0,24
1900-01-01 16:00:57.474,0.212346,0.282485,0.33802,0,24
1900-01-01 16:00:58.474,0.213076,0.284265,0.338434,0,24
1900-01-01 16:00:59.474,0.213328,0.283073,0.338645,0,24
1900-01-01 16:01:00.474,0.213297,0.283435,0.338709,0,24
1900-01-01 16:01:01.474,0.213071,0.283204,0.338719,0,24
1900-01-01 16:01:02.474,0.213155,0.284238,0.338829,0,24
1900-01-01 16:01:03.474,0.213906,0.282942,0.338636,0,24
1900-01-01 16:01:04.474,0.212908,0.282317,0.338654,0,24
1900-01-01 16:01:05.474,0.213633,0.283209,0.338278,0,24
1900-01-01 16:01:06.474,0.213218,0.2827,0.338856,0,24
1900-01-01 16:01:07.474,0.213638,0.284816,0.339095,0,24
1900-01-01 16:01:08.474,0.213533,0.282784,0.33847,0,24
1900-01-01 16:01:09.474,0.212667,0.283608,0.338498,0,24
1900-01-01 16:01:10.474,0.213039,0.282348,0.338213,0,24
1900-01-01 16:01:11.474,0.213013,0.282789,0.338709,0,24
1900-01-01 16:01:12.474,0.213302,0.283325,0.338204,0,24
1900-01-01 16:01:13.474,0.212352,0.282417,0.338204,0,24
1900-01-01 16:01:14.474,0.212289,0.282884,0.3387,0,24
1900-01-01 16:01:15.474,0.212583,0.282695,0.338204,0,24
1900-01-01 16:01:16.474,0.212913,0.282653,0.338259,0,24
1900-01-01 16:01:17.474,0.213585,0.283472,0.338452,0,24
1900-01-01 16:01:18.474,0.213213,0.283236,0.338719,0,24
1900-01-01 16:01:19.474,0.212845,0.281865,0.338314,0,24
1900-01-01 16:01:20.474,0.212703,0.282227,0.337947,0,24
1900-01-01 16:01:21.474,0.213087,0.284091,0.338452,0,24
1900-01-01 16:01:22.474,0.213034,0.283162,0.338369,0,24
1900-01-01 16:01:23.474,0.212751,0.282275,0.338415,0,24
1900-01-01 16:01:24.474,0.212247,0.282926,0.338507,0,24
1900-01-01 16:01:25.474,0.212688,0.282511,0.338709,0,24
1900-01-01 16:01:26.474,0.21273,0.28375,0.338461,0,24
1900-01-01 16:01:27.474,0.213218,0.283041,0.338489,0,24
1900-01-01 16:01:28.474,0.212871,0.283162,0.338305,0,24
1900-01-01 16:01:29.474,0.212646,0.283278,0.33825,0,24
1900-01-01 16:01:30.474,0.212163,0.282753,0.338415,0,24
1900-01-01 16:01:31.474,0.212751,0.28323,0.338415,0,24
1900-01-01 16:01:32.474,0.213501,0.283818,0.338893,0,24
1900-01-01 16:01:33.474,0.213029,0.283136,0.338673,0,24
1900-01-01 16:01:34.474,0.212415,0.282143,0.338278,0,24
1900-01-01 16:01:35.474,0.213144,0.283425,0.338544,0,24
1900-01-01 16:01:36.474,0.212068,0.281949,0.338296,0,24
1900-01-01 16:01:37.474,0.212929,0.283241,0.338452,0,24
1900-01-01 16:01:38.474,0.212966,0.282411,0.338489,0,24
1900-01-01 16:01:39.474,0.213333,0.284086,0.338709,0,24
1900-01-01 16:01:40.474,0.213491,0.283892,0.338167,0,24
1900-01-01 16:01:41.474,0.213186,0.28301,0.337984,0,24
1900-01-01 16:01:42.474,0.213339,0.282716,0.338186,0,24
1900-01-01 16:01:43.474,0.212871,0.283015,0.338884,0,24
1900-01-01 16:01:44.474,0.212593,0.282185,0.338213,0,24
1900-01-01 16:01:45.474,0.213192,0.283278,0.338259,0,24
1900-01-01 16:01:46.474,0.212929,0.285378,0.33881,0,24
1900-01-01 16:01:47.474,0.213685,0.283503,0.339003,0,24
1900-01-01 16:01:48.474,0.213517,0.283866,0.338498,0,24
1900-01-01 16:01:49.474,0.213297,0.283257,0.338562,0,24
1900-01-01 16:01:50.474,0.21284,0.282831,0.33882,0,24
1900-01-01 16:01:51.474,0.213433,0.284527,0.338461,0,24
1900-01-01 16:01:52.474,0.213732,0.283918,0.339619,0,24
1900-01-01 16:01:53.474,0.21294,0.282879,0.338663,0,24
1900-01-01 16:01:54.474,0.212625,0.283577,0.33881,0,24
1900-01-01 16:01:55.474,0.213575,0.283272,0.338792,0,24
1900-01-01 16:01:56.474,0.212724,0.283582,0.338562,0,24
1900-01-01 16:01:57.474,0.213706,0.28459,0.338856,0,24
1900-01-01 16:01:58.474,0.213648,0.283514,0.338856,0,24
1900-01-01 16:01:59.474,0.21326,0.283099,0.338608,0,24
1900-01-01 16:02:00.474,0.213223,0.283236,0.338562,0,24
1900-01-01 16:02:01.474,0.212546,0.283708,0.33848,0,24
1900-01-01 16:02:02.474,0.213129,0.283341,0.338682,0,24
1900-01-01 16:02:03.474,0.213312,0.283619,0.338921,0,24
1900-01-01 16:02:04.474,0.212814,0.282968,0.339031,0,24
1900-01-01 16:02:05.474,0.212404,0.282863,0.338957,0,24
1900-01-01 16:02:06.474,0.213265,0.282543,0.33836,0,24
1900-01-01 16:02:07.474,0.213501,0.284669,0.338921,0,24
1900-01-01 16:02:08.474,0.213585,0.28365,0.338884,0,24
1900-01-01 16:02:09.474,0.212777,0.282774,0.338764,0,24
1900-01-01 16:02:10.474,0.212451,0.282669,0.339049,0,24
1900-01-01 16:02:11.474,0.212982,0.284091,0.338939,0,24
1900-01-01 16:02:12.474,0.213832,0.283199,0.338774,0,24
1900-01-01 16:02:13.474,0.213312,0.283776,0.338838,0,24
1900-01-01 16:02:14.474,0.213008,0.284233,0.33847,0,24
1900-01-01 16:02:15.474,0.213591,0.283519,0.338792,0,24
1900-01-01 16:02:16.474,0.213475,0.284081,0.338645,0,24
1900-01-01 16:02:17.474,0.213627,0.284742,0.339288,0,24
1900-01-01 16:02:18.474,0.21399,0.28344,0.339012,0,24
1900-01-01 16:02:19.474,0.213034,0.282522,0.338957,0,24
1900-01-01 16:02:20.474,0.213843,0.284548,0.339261,0,24
1900-01-01 16:02:21.474,0.214231,0.283566,0.339435,0,24
1900-01-01 16:02:22.474,0.213496,0.282338,0.338985,0,24
1900-01-01 16:02:23.474,0.214084,0.284706,0.338884,0,24
1900-01-01 16:02:24.474,0.213444,0.282779,0.339316,0,24
1900-01-01 16:02:25.474,0.213769,0.283635,0.338581,0,24
1900-01-01 16:02:26.474,0.213234,0.2829,0.338617,0,24
1900-01-01 16:02:27.474,0.213423,0.284459,0.338866,0,24
1900-01-01 16:02:28.474,0.213402,0.28417,0.339334,0,24
1900-01-01 16:02:29.474,0.21389,0.284291,0.338875,0,24
1900-01-01 16:02:30.474,0.213675,0.283897,0.338948,0,24
1900-01-01 16:02:31.474,0.213186,0.281513,0.338774,0,24
1900-01-01 16:02:32.474,0.213045,0.283356,0.338627,0,24
1900-01-01 16:02:33.474,0.212987,0.283503,0.338976,0,24
1900-01-01 16:02:34.474,0.213407,0.283729,0.339104,0,24
1900-01-01 16:02:35.474,0.212357,0.281792,0.338516,0,24
1900-01-01 16:02:36.474,0.21285,0.284406,0.338544,0,24
1900-01-01 16:02:37.474,0.21243,0.282921,0.338572,0,24
1900-01-01 16:02:38.474,0.213522,0.282469,0.338783,0,24
1900-01-01 16:02:39.474,0.213181,0.282863,0.339159,0,24
1900-01-01 16:02:40.474,0.213339,0.284354,0.338535,0,24
1900-01-01 16:02:41.474,0.212887,0.284622,0.339288,0,24
1900-01-01 16:02:42.474,0.213727,0.284233,0.338994,0,24
1900-01-01 16:02:43.474,0.213533,0.283692,0.33915,0,24
1900-01-01 16:02:44.474,0.213307,0.283556,0.338351,0,24
1900-01-01 16:02:45.474,0.213675,0.282653,0.338985,0,24
1900-01-01 16:02:46.474,0.212971,0.28365,0.338746,0,24
1900-01-01 16:02:47.474,0.212409,0.283299,0.339104,0,24
1900-01-01 16:02:48.474,0.212903,0.282301,0.338939,0,24
1900-01-01 16:02:49.474,0.213234,0.28417,0.338994,0,24
1900-01-01 16:02:50.474,0.213249,0.283598,0.338994,0,24
1900-01-01 16:02:51.474,0.213155,0.282726,0.338884,0,24
1900-01-01 16:02:52.474,0.213323,0.284322,0.33881,0,24
1900-01-01 16:02:53.474,0.213969,0.28344,0.33881,0,24
1900-01-01 16:02:54.474,0.213764,0.284254,0.33893,0,24
1900-01-01 16:02:55.474,0.213207,0.282674,0.338838,0,24
1900-01-01 16:02:56.474,0.213192,0.282905,0.338259,0,24
1900-01-01 16:02:57.474,0.21348,0.283572,0.338434,0,24
1900-01-01 16:02:58.474,0.212934,0.282306,0.33836,0,24
1900-01-01 16:02:59.474,0.212357,0.28281,0.338783,0,24
1900-01-01 16:03:00.474,0.212362,0.283566,0.339003,0,24
1900-01-01 16:03:01.474,0.213192,0.284459,0.338801,0,24
1900-01-01 16:03:02.474,0.21358,0.284475,0.338957,0,24
1900-01-01 16:03:03.474,0.213102,0.2828,0.338764,0,24
1900-01-01 16:03:04.474,0.212829,0.283293,0.338443,0,24
1900-01-01 16:03:05.474,0.212572,0.28406,0.338746,0,24
1900-01-01 16:03:06.474,0.213659,0.283824,0.33882,0,24
1900-01-01 16:03:07.474,0.213444,0.283015,0.338838,0,24
1900-01-01 16:03:08.474,0.213092,0.282621,0.338333,0,24
1900-01-01 16:03:09.474,0.21284,0.282611,0.338415,0,24
1900-01-01 16:03:10.474,0.212593,0.28333,0.338333,0,24
1900-01-01 16:03:11.474,0.213549,0.283687,0.338516,0,24
1900-01-01 16:03:12.474,0.213286,0.283183,0.338856,0,24
1900-01-01 16:03:13.474,0.213627,0.28332,0.338544,0,24
1900-01-01 16:03:14.474,0.212908,0.283671,0.338866,0,24
1900-01-01 16:03:15.474,0.212808,0.282873,0.338627,0,24
1900-01-01 16:03:16.474,0.212824,0.283818,0.338351,0,24
1900-01-01 16:03:17.474,0.213743,0.282989,0.338461,0,24
1900-01-01 16:03:18.474,0.213654,0.283493,0.338774,0,24
1900-01-01 16:03:19.474,0.213302,0.283372,0.338875,0,24
1900-01-01 16:03:20.474,0.213213,0.283976,0.338921,0,24
1900-01-01 16:03:21.474,0.213501,0.284275,0.338728,0,24
1900-01-01 16:03:22.474,0.213328,0.2827,0.338783,0,24
1900-01-01 16:03:23.474,0.212493,0.28102,0.337965,0,24
1900-01-01 16:03:24.474,0.213087,0.28311,0.338222,0,24
1900-01-01 16:03:25.474,0.212367,0.283535,0.338158,0,24
1900-01-01 16:03:26.474,0.212535,0.283083,0.338434,0,24
1900-01-01 16:03:27.474,0.212892,0.281855,0.338287,0,24
1900-01-01 16:03:28.474,0.212577,0.283708,0.338939,0,24
1900-01-01 16:03:29.474,0.212814,0.282753,0.338553,0,24
1900-01-01 16:03:30.474,0.213339,0.284128,0.33848,0,24
1900-01-01 16:03:31.474,0.212961,0.283204,0.33881,0,24
1900-01-01 16:03:32.474,0.213134,0.282873,0.338728,0,24
1900-01-01 16:03:33.474,0.213249,0.282852,0.338562,0,24
1900-01-01 16:03:34.474,0.213013,0.283461,0.338994,0,24
1900-01-01 16:03:35.474,0.213071,0.283199,0.338709,0,24
1900-01-01 16:03:36.474,0.212667,0.282233,0.338213,0,24
1900-01-01 16:03:37.474,0.212614,0.283545,0.338893,0,24
1900-01-01 16:03:38.474,0.212992,0.280857,0.338553,0,24
1900-01-01 16:03:39.474,0.212829,0.281891,0.338406,0,24
1900-01-01 16:03:40.474,0.211942,0.283041,0.339114,0,24
1900-01-01 16:03:41.474,0.213092,0.283493,0.338296,0,24
1900-01-01 16:03:42.474,0.212829,0.283866,0.338709,0,24
1900-01-01 16:03:43.474,0.212976,0.282994,0.338452,0,24
1900-01-01 16:03:44.474,0.21294,0.282291,0.338526,0,24
1900-01-01 16:03:45.474,0.212572,0.283099,0.338305,0,24
1900-01-01 16:03:46.474,0.212992,0.283293,0.338719,0,24
1900-01-01 16:03:47.474,0.212856,0.282637,0.33836,0,24
1900-01-01 16:03:48.474,0.212924,0.282516,0.338195,0,24
1900-01-01 16:03:49.474,0.212966,0.283766,0.33847,0,24
1900-01-01 16:03:50.474,0.213123,0.282217,0.338296,0,24
1900-01-01 16:03:51.474,0.212856,0.282879,0.338535,0,24
1900-01-01 16:03:52.474,0.212577,0.282354,0.338434,0,24
1900-01-01 16:03:53.474,0.213081,0.284622,0.338654,0,24
1900-01-01 16:03:54.474,0.213244,0.282632,0.338342,0,24
1900-01-01 16:03:55.474,0.212982,0.282884,0.338415,0,24
1900-01-01 16:03:56.474,0.212766,0.281965,0.338213,0,24
1900-01-01 16:03:57.474,0.212682,0.283818,0.338434,0,24
1900-01-01 16:03:58.474,0.212556,0.28291,0.338461,0,24
1900-01-01 16:03:59.474,0.212126,0.282758,0.338121,0,24
1900-01-01 16:04:00.474,0.213055,0.283152,0.338397,0,24
1900-01-01 16:04:01.474,0.212646,0.283131,0.338608,0,24
1900-01-01 16:04:02.474,0.21221,0.282695,0.337864,0,24
1900-01-01 16:04:03.474,0.212698,0.283136,0.338434,0,24
1900-01-01 16:04:04.474,0.21253,0.282978,0.338489,0,24
1900-01-01 16:04:05.474,0.212698,0.283425,0.338443,0,24
1900-01-01 16:04:06.474,0.212247,0.282438,0.338397,0,24
1900-01-01 16:04:07.474,0.213486,0.284196,0.338388,0,24
1900-01-01 16:04:08.474,0.213444,0.283545,0.338048,0,24
1900-01-01 16:04:09.474,0.212955,0.283304,0.338305,0,24
1900-01-01 16:04:10.474,0.212877,0.282453,0.338379,0,24
1900-01-01 16:04:11.474,0.212992,0.284049,0.338278,0,24
1900-01-01 16:04:12.474,0.213255,0.284217,0.338535,0,24
1900-01-01 16:04:13.474,0.213407,0.28386,0.338443,0,24
1900-01-01 16:04:14.474,0.213753,0.283934,0.338406,0,24
1900-01-01 16:04:15.474,0.213601,0.284028,0.338526,0,24
1900-01-01 16:04:16.474,0.212268,0.282942,0.33847,0,24
1900-01-01 16:04:17.474,0.213328,0.284191,0.338792,0,24
1900-01-01 16:04:18.474,0.212709,0.281907,0.338544,0,24
1900-01-01 16:04:19.474,0.212073,0.283141,0.338553,0,24
1900-01-01 16:04:20.474,0.212756,0.28344,0.338406,0,24
1900-01-01 16:04:21.474,0.212882,0.282863,0.338305,0,24
1900-01-01 16:04:22.474,0.212609,0.283404,0.338746,0,24
1900-01-01 16:04:23.474,0.212672,0.283152,0.338976,0,24
1900-01-01 16:04:24.474,0.212262,0.283666,0.338737,0,24
1900-01-01 16:04:25.474,0.213669,0.283829,0.338562,0,24
1900-01-01 16:04:26.474,0.21253,0.282936,0.338085,0,24
1900-01-01 16:04:27.474,0.213265,0.282826,0.33859,0,24
1900-01-01 16:04:28.474,0.212703,0.282795,0.338866,0,24
1900-01-01 16:04:29.474,0.212861,0.282758,0.338544,0,24
1900-01-01 16:04:30.474,0.213018,0.283881,0.33814,0,24
1900-01-01 16:04:31.474,0.213612,0.283661,0.33848,0,24
1900-01-01 16:04:32.474,0.213564,0.282963,0.338654,0,24
1900-01-01 16:04:33.474,0.213092,0.283099,0.338673,0,24
1900-01-01 16:04:34.474,0.212751,0.282726,0.338397,0,24
1900-01-01 16:04:35.474,0.212688,0.282779,0.338415,0,24
1900-01-01 16:04:36.474,0.212577,0.282711,0.338663,0,24
1900-01-01 16:04:37.474,0.212824,0.28175,0.338434,0,24
1900-01-01 16:04:38.474,0.213218,0.283939,0.338682,0,24
1900-01-01 16:04:39.474,0.212777,0.28248,0.338342,0,24
1900-01-01 16:04:40.474,0.212924,0.283304,0.338415,0,24
1900-01-01 16:04:41.474,0.21357,0.284175,0.338801,0,24
1900-01-01 16:04:42.474,0.213454,0.282821,0.338562,0,24
1900-01-01 16:04:43.474,0.213239,0.282663,0.338608,0,24
1900-01-01 16:04:44.474,0.21264,0.283645,0.3387,0,24
1900-01-01 16:04:45.474,0.213228,0.28301,0.338323,0,24
1900-01-01 16:04:46.474,0.212698,0.283409,0.337763,0,24
1900-01-01 16:04:47.474,0.213066,0.282658,0.33825,0,24
1900-01-01 16:04:48.474,0.212887,0.283855,0.338204,0,24
1900-01-01 16:04:49.474,0.212871,0.283047,0.337882,0,24
1900-01-01 16:04:50.474,0.213375,0.282558,0.337892,0,24
1900-01-01 16:04:51.474,0.213144,0.282989,0.338342,0,24
1900-01-01 16:04:52.474,0.213218,0.283241,0.337956,0,24
1900-01-01 16:04:53.474,0.212577,0.283141,0.338737,0,24
1900-01-01 16:04:54.474,0.212661,0.282621,0.338259,0,24
1900-01-01 16:04:55.474,0.212866,0.284464,0.338526,0,24
1900-01-01 16:04:56.474,0.212425,0.281886,0.338461,0,24
1900-01-01 16:04:57.474,0.212304,0.282616,0.338645,0,24
1900-01-01 16:04:58.474,0.21316,0.283419,0.337873,0,24
1900-01-01 16:04:59.474,0.212304,0.282695,0.338195,0,24
1900-01-01 16:05:00.474,0.212572,0.282632,0.337984,0,24
1900-01-01 16:05:01.474,0.212992,0.284149,0.338599,0,24
1900-01-01 16:05:02.474,0.212966,0.282212,0.338764,0,24
1900-01-01 16:05:03.474,0.212845,0.283708,0.338195,0,24
1900-01-01 16:05:04.474,0.213029,0.282669,0.338131,0,24
1900-01-01 16:05:05.474,0.213081,0.284559,0.338186,0,24
1900-01-01 16:05:06.474,0.213853,0.283992,0.338746,0,24
1900-01-01 16:05:07.474,0.213969,0.283792,0.338673,0,24
1900-01-01 16:05:08.474,0.213696,0.285194,0.338406,0,24
1900-01-01 16:05:09.474,0.213344,0.283393,0.338461,0,24
1900-01-01 16:05:10.474,0.21316,0.283839,0.338866,0,24
1900-01-01 16:05:11.474,0.213391,0.28217,0.338452,0,24
1900-01-01 16:05:12.474,0.212367,0.282448,0.338323,0,24
1900-01-01 16:05:13.474,0.212541,0.282028,0.338011,0,24
1900-01-01 16:05:14.474,0.212997,0.283871,0.338158,0,24
1900-01-01 16:05:15.474,0.212457,0.282569,0.338608,0,24
1900-01-01 16:05:16.474,0.212667,0.282931,0.33847,0,24
1900-01-01 16:05:17.474,0.21347,0.282816,0.338581,0,24
1900-01-01 16:05:18.474,0.213018,0.283661,0.338452,0,24
1900-01-01 16:05:19.474,0.213465,0.283976,0.338691,0,24
1900-01-01 16:05:20.474,0.213417,0.284359,0.338856,0,24
1900-01-01 16:05:21.474,0.213512,0.282453,0.338296,0,24
1900-01-01 16:05:22.474,0.213055,0.283608,0.33848,0,24
1900-01-01 16:05:23.474,0.212661,0.282401,0.33848,0,24
1900-01-01 16:05:24.474,0.213228,0.283876,0.338673,0,24
1900-01-01 16:05:25.474,0.213423,0.283813,0.33893,0,24
1900-01-01 16:05:26.474,0.21369,0.28353,0.339141,0,24
1900-01-01 16:05:27.474,0.21326,0.283167,0.339003,0,24
1900-01-01 16:05:28.474,0.21295,0.282653,0.339472,0,24
1900-01-01 16:05:29.474,0.213549,0.284695,0.338829,0,24
1900-01-01 16:05:30.474,0.213386,0.283918,0.339049,0,24
1900-01-01 16:05:31.474,0.213417,0.282994,0.339123,0,24
1900-01-01 16:05:32.474,0.213759,0.284391,0.3387,0,24
1900-01-01 16:05:33.474,0.213213,0.283267,0.339068,0,24
1900-01-01 16:05:34.474,0.21327,0.282564,0.338746,0,24
1900-01-01 16:05:35.474,0.211942,0.283703,0.338746,0,24
1900-01-01 16:05:36.474,0.212898,0.284207,0.338489,0,24
1900-01-01 16:05:37.474,0.214215,0.283671,0.338957,0,24
1900-01-01 16:05:38.474,0.2141,0.28281,0.338406,0,24
1900-01-01 16:05:39.474,0.213281,0.282753,0.33881,0,24
1900-01-01 16:05:40.474,0.213008,0.283509,0.338866,0,24
1900-01-01 16:05:41.474,0.213753,0.283094,0.338838,0,24
1900-01-01 16:05:42.474,0.21336,0.283136,0.338737,0,24
1900-01-01 16:05:43.474,0.213732,0.284858,0.338682,0,24
1900-01-01 16:05:44.474,0.212677,0.281807,0.33848,0,24
1900-01-01 16:05:45.474,0.212163,0.282616,0.338673,0,24
1900-01-01 16:05:46.474,0.212604,0.282784,0.338195,0,24
1900-01-01 16:05:47.474,0.212667,0.283976,0.338369,0,24
1900-01-01 16:05:48.474,0.21315,0.283887,0.338746,0,24
1900-01-01 16:05:49.474,0.212955,0.282217,0.338406,0,24
1900-01-01 16:05:50.474,0.212877,0.282191,0.338232,0,24
1900-01-01 16:05:51.474,0.21348,0.282999,0.338627,0,24
1900-01-01 16:05:52.474,0.212971,0.282663,0.338278,0,24
1900-01-01 16:05:53.474,0.212577,0.284291,0.338866,0,24
1900-01-01 16:05:54.474,0.213701,0.284259,0.338875,0,24
1900-01-01 16:05:55.474,0.213239,0.283745,0.338213,0,24
1900-01-01 16:05:56.474,0.213496,0.283267,0.338691,0,24
1900-01-01 16:05:57.474,0.213039,0.282663,0.338737,0,24
1900-01-01 16:05:58.474,0.212934,0.282737,0.33836,0,24
1900-01-01 16:05:59.474,0.21368,0.28239,0.338627,0,24
1900-01-01 16:06:00.474,0.212383,0.283225,0.33848,0,24
1900-01-01 16:06:01.474,0.213045,0.283587,0.338379,0,24
1900-01-01 16:06:02.474,0.212677,0.282254,0.338158,0,24
1900-01-01 16:06:03.474,0.213207,0.282779,0.338158,0,24
1900-01-01 16:06:04.474,0.212341,0.283283,0.338829,0,24
1900-01-01 16:06:05.474,0.21294,0.283461,0.33881,0,24
1900-01-01 16:06:06.474,0.212121,0.281844,0.338498,0,24
1900-01-01 16:06:07.474,0.21263,0.282201,0.33848,0,24
1900-01-01 16:06:08.474,0.213528,0.284013,0.338287,0,24
1900-01-01 16:06:09.474,0.213202,0.284317,0.338709,0,24
1900-01-01 16:06:10.474,0.212782,0.283073,0.3387,0,24
1900-01-01 16:06:11.474,0.21348,0.283325,0.338911,0,24
1900-01-01 16:06:12.474,0.212903,0.282585,0.33847,0,24
1900-01-01 16:06:13.474,0.21326,0.283493,0.338746,0,24
1900-01-01 16:06:14.474,0.213024,0.281928,0.338801,0,24
1900-01-01 16:06:15.474,0.212073,0.281765,0.338131,0,24
1900-01-01 16:06:16.474,0.212593,0.282611,0.338158,0,24
1900-01-01 16:06:17.474,0.212835,0.283467,0.338379,0,24
1900-01-01 16:06:18.474,0.213596,0.284564,0.338682,0,24
1900-01-01 16:06:19.474,0.212504,0.280416,0.338296,0,24
1900-01-01 16:06:20.474,0.212562,0.282789,0.338305,0,24
1900-01-01 16:06:21.474,0.212908,0.283629,0.338222,0,24
1900-01-01 16:06:22.474,0.21295,0.282537,0.337938,0,24
1900-01-01 16:06:23.474,0.212803,0.283451,0.338645,0,24
1900-01-01 16:06:24.474,0.213291,0.28291,0.338516,0,24
1900-01-01 16:06:25.474,0.213097,0.283435,0.338397,0,24
1900-01-01 16:06:26.474,0.212682,0.283587,0.3387,0,24
1900-01-01 16:06:27.474,0.212667,0.283257,0.338314,0,24
1900-01-01 16:06:28.474,0.212945,0.282721,0.338443,0,24
1900-01-01 16:06:29.474,0.213081,0.283514,0.338112,0,24
1900-01-01 16:06:30.474,0.212562,0.282957,0.338526,0,24
1900-01-01 16:06:31.474,0.213013,0.283246,0.338342,0,24
1900-01-01 16:06:32.474,0.213255,0.282128,0.338617,0,24
1900-01-01 16:06:33.474,0.212598,0.283661,0.33847,0,24
1900-01-01 16:06:34.474,0.213218,0.282894,0.338415,0,24
1900-01-01 16:06:35.474,0.21337,0.284296,0.338792,0,24
1900-01-01 16:06:36.474,0.213081,0.282028,0.33836,0,24
1900-01-01 16:06:37.474,0.212929,0.284107,0.33847,0,24
1900-01-01 16:06:38.474,0.212945,0.283194,0.338645,0,24
1900-01-01 16:06:39.474,0.212751,0.284485,0.338535,0,24
1900-01-01 16:06:40.474,0.212761,0.282763,0.338278,0,24
1900-01-01 16:06:41.474,0.213318,0.284322,0.338351,0,24
1900-01-01 16:06:42.474,0.213638,0.28332,0.338866,0,24
1900-01-01 16:06:43.474,0.213549,0.283566,0.338719,0,24
1900-01-01 16:06:44.474,0.213092,0.28322,0.33893,0,24
1900-01-01 16:06:45.474,0.213218,0.283383,0.338415,0,24
1900-01-01 16:06:46.474,0.21305,0.283477,0.338397,0,24
1900-01-01 16:06:47.474,0.212745,0.282453,0.337772,0,24
1900-01-01 16:06:48.474,0.213039,0.28217,0.338645,0,24
1900-01-01 16:06:49.474,0.213276,0.283272,0.338516,0,24
1900-01-01 16:06:50.474,0.213223,0.282889,0.338415,0,24
1900-01-01 16:06:51.474,0.213092,0.282143,0.338268,0,24
1900-01-01 16:06:52.474,0.212934,0.283708,0.338709,0,24
1900-01-01 16:06:53.474,0.21252,0.282317,0.338544,0,24
1900-01-01 16:06:54.474,0.213759,0.284375,0.338553,0,24
1900-01-01 16:06:55.474,0.212919,0.283965,0.338792,0,24
1900-01-01 16:06:56.474,0.213501,0.283304,0.338544,0,24
1900-01-01 16:06:57.474,0.213517,0.282354,0.338406,0,24
1900-01-01 16:06:58.474,0.211979,0.281513,0.338526,0,24
1900-01-01 16:06:59.474,0.212499,0.283551,0.338158,0,24
1900-01-01 16:07:00.474,0.212525,0.283356,0.338222,0,24
1900-01-01 16:07:01.474,0.212777,0.282994,0.338443,0,24
1900-01-01 16:07:02.474,0.213428,0.283734,0.338397,0,24
1900-01-01 16:07:03.474,0.212593,0.282648,0.338314,0,24
1900-01-01 16:07:04.474,0.213144,0.282884,0.338553,0,24
1900-01-01 16:07:05.474,0.212766,0.282884,0.338268,0,24
1900-01-01 16:07:06.474,0.213039,0.282842,0.33836,0,24
1900-01-01 16:07:07.474,0.212415,0.281366,0.338434,0,24
1900-01-01 16:07:08.474,0.21305,0.284086,0.338342,0,24
1900-01-01 16:07:09.474,0.212163,0.282112,0.33859,0,24
1900-01-01 16:07:10.474,0.212971,0.283073,0.338654,0,24
1900-01-01 16:07:11.474,0.212955,0.28365,0.338066,0,24
1900-01-01 16:07:12.474,0.212997,0.283099,0.338213,0,24
1900-01-01 16:07:13.474,0.213034,0.28332,0.338774,0,24
1900-01-01 16:07:14.474,0.212929,0.283325,0.338654,0,24
1900-01-01 16:07:15.474,0.212341,0.281975,0.338581,0,24
1900-01-01 16:07:16.474,0.213454,0.283682,0.338369,0,24
1900-01-01 16:07:17.474,0.212782,0.282842,0.338572,0,24
1900-01-01 16:07:18.474,0.213297,0.28269,0.338323,0,24
1900-01-01 16:07:19.474,0.212677,0.28332,0.338167,0,24
1900-01-01 16:07:20.474,0.212719,0.284433,0.338176,0,24
1900-01-01 16:07:21.474,0.213134,0.283241,0.338544,0,24
1900-01-01 16:07:22.474,0.21253,0.283125,0.33825,0,24
1900-01-01 16:07:23.474,0.213255,0.284585,0.338764,0,24
1900-01-01 16:07:24.474,0.213601,0.283939,0.338663,0,24
1900-01-01 16:07:25.474,0.213076,0.283309,0.338627,0,24
1900-01-01 16:07:26.474,0.212157,0.28365,0.338866,0,24
1900-01-01 16:07:27.474,0.213003,0.282816,0.338645,0,24
1900-01-01 16:07:28.474,0.212651,0.284149,0.338783,0,24
1900-01-01 16:07:29.474,0.213701,0.284727,0.339095,0,24
1900-01-01 16:07:30.474,0.213307,0.283073,0.339022,0,24
1900-01-01 16:07:31.474,0.213711,0.284023,0.338847,0,24
1900-01-01 16:07:32.474,0.212866,0.283167,0.338838,0,24
1900-01-01 16:07:33.474,0.213066,0.284055,0.338507,0,24
1900-01-01 16:07:34.474,0.212661,0.282443,0.33847,0,24
1900-01-01 16:07:35.474,0.213291,0.284286,0.338967,0,24
1900-01-01 16:07:36.474,0.21274,0.282333,0.339224,0,24
1900-01-01 16:07:37.474,0.213202,0.284123,0.338425,0,24
1900-01-01 16:07:38.474,0.213591,0.284307,0.338801,0,24
1900-01-01 16:07:39.474,0.213381,0.282763,0.339169,0,24
1900-01-01 16:07:40.474,0.212604,0.283582,0.3387,0,24
1900-01-01 16:07:41.474,0.213433,0.283734,0.338645,0,24
1900-01-01 16:07:42.474,0.212892,0.283209,0.338645,0,24
1900-01-01 16:07:43.474,0.212283,0.282774,0.338755,0,24
1900-01-01 16:07:44.474,0.212462,0.282506,0.33848,0,24
1900-01-01 16:07:45.474,0.212719,0.282921,0.338572,0,24
1900-01-01 16:07:46.474,0.21305,0.282747,0.338599,0,24
1900-01-01 16:07:47.474,0.213753,0.284837,0.338948,0,24
1900-01-01 16:07:48.474,0.212341,0.283299,0.338709,0,24
1900-01-01 16:07:49.474,0.212945,0.283923,0.339058,0,24
1900-01-01 16:07:50.474,0.213255,0.28396,0.338415,0,24
1900-01-01 16:07:51.474,0.213806,0.284123,0.33859,0,24
1900-01-01 16:07:52.474,0.213202,0.284202,0.338617,0,24
1900-01-01 16:07:53.474,0.213732,0.282873,0.338709,0,24
1900-01-01 16:07:54.474,0.213186,0.28176,0.338342,0,24
1900-01-01 16:07:55.474,0.212598,0.283246,0.338627,0,24
1900-01-01 16:07:56.474,0.212719,0.283813,0.338489,0,24
1900-01-01 16:07:57.474,0.212898,0.282873,0.338489,0,24
1900-01-01 16:07:58.474,0.213454,0.284349,0.338213,0,24
1900-01-01 16:07:59.474,0.213118,0.283356,0.338333,0,24
1900-01-01 16:08:00.474,0.212399,0.283598,0.338673,0,24
1900-01-01 16:08:01.474,0.21252,0.28344,0.338572,0,24
1900-01-01 16:08:02.474,0.212787,0.284154,0.338039,0,24
1900-01-01 16:08:03.474,0.213365,0.284296,0.338241,0,24
1900-01-01 16:08:04.474,0.212646,0.283713,0.338287,0,24
1900-01-01 16:08:05.474,0.213958,0.284244,0.339251,0,24
1900-01-01 16:08:06.474,0.213165,0.283136,0.339031,0,24
1900-01-01 16:08:07.474,0.212955,0.284091,0.338967,0,24
1900-01-01 16:08:08.474,0.212635,0.283419,0.338728,0,24
1900-01-01 16:08:09.474,0.213701,0.283818,0.338866,0,24
1900-01-01 16:08:10.474,0.21378,0.283488,0.338755,0,24
1900-01-01 16:08:11.474,0.213428,0.282852,0.338902,0,24
1900-01-01 16:08:12.474,0.21306,0.283477,0.3387,0,24
1900-01-01 16:08:13.474,0.212882,0.283608,0.339022,0,24
1900-01-01 16:08:14.474,0.212714,0.283771,0.338764,0,24
1900-01-01 16:08:15.474,0.213244,0.283498,0.338572,0,24
1900-01-01 16:08:16.474,0.212835,0.283283,0.338682,0,24
1900-01-01 16:08:17.474,0.213102,0.283167,0.338921,0,24
1900-01-01 16:08:18.474,0.212808,0.283887,0.338746,0,24
1900-01-01 16:08:19.474,0.213344,0.284112,0.338957,0,24
1900-01-01 16:08:20.474,0.213328,0.282684,0.33927,0,24
1900-01-01 16:08:21.474,0.213144,0.282516,0.338838,0,24
1900-01-01 16:08:22.474,0.212598,0.282317,0.338572,0,24
1900-01-01 16:08:23.474,0.212252,0.282742,0.338305,0,24
1900-01-01 16:08:24.474,0.212231,0.283304,0.338921,0,24
1900-01-01 16:08:25.474,0.213318,0.284527,0.339141,0,24
1900-01-01 16:08:26.474,0.213454,0.284427,0.338737,0,24
1900-01-01 16:08:27.474,0.213155,0.283141,0.338801,0,24
1900-01-01 16:08:28.474,0.213207,0.284307,0.338985,0,24
1900-01-01 16:08:29.474,0.213291,0.283881,0.338764,0,24
1900-01-01 16:08:30.474,0.213118,0.283965,0.338755,0,24
1900-01-01 16:08:31.474,0.212766,0.282963,0.33859,0,24
1900-01-01 16:08:32.474,0.213307,0.282957,0.338645,0,24
1900-01-01 16:08:33.474,0.212341,0.281744,0.338572,0,24
1900-01-01 16:08:34.474,0.213055,0.283393,0.33893,0,24
1900-01-01 16:08:35.474,0.212887,0.283792,0.338489,0,24
1900-01-01 16:08:36.474,0.213323,0.284312,0.338746,0,24
1900-01-01 16:08:37.474,0.213349,0.283341,0.338544,0,24
1900-01-01 16:08:38.474,0.213139,0.283099,0.33882,0,24
1900-01-01 16:08:39.474,0.213538,0.283897,0.3387,0,24
1900-01-01 16:08:40.474,0.212955,0.284233,0.338976,0,24
1900-01-01 16:08:41.474,0.213459,0.283939,0.338801,0,24
1900-01-01 16:08:42.474,0.213386,0.28302,0.338884,0,24
1900-01-01 16:08:43.474,0.212787,0.282658,0.338967,0,24
1900-01-01 16:08:44.474,0.212945,0.283866,0.338434,0,24
1900-01-01 16:08:45.474,0.213213,0.284139,0.339123,0,24
1900-01-01 16:08:46.474,0.213234,0.28406,0.338792,0,24
1900-01-01 16:08:47.474,0.212982,0.283089,0.338645,0,24
1900-01-01 16:08:48.474,0.212877,0.283288,0.338434,0,24
1900-01-01 16:08:49.474,0.213113,0.283162,0.338663,0,24
1900-01-01 16:08:50.474,0.213722,0.284438,0.338452,0,24
1900-01-01 16:08:51.474,0.213228,0.283477,0.338553,0,24
1900-01-01 16:08:52.474,0.213213,0.283194,0.338957,0,24
1900-01-01 16:08:53.474,0.213155,0.282994,0.338388,0,24
1900-01-01 16:08:54.474,0.212803,0.28354,0.338562,0,24
1900-01-01 16:08:55.474,0.213344,0.284543,0.338737,0,24
1900-01-01 16:08:56.474,0.212845,0.282312,0.338535,0,24
1900-01-01 16:08:57.474,0.213076,0.283104,0.338176,0,24
1900-01-01 16:08:58.474,0.213039,0.283572,0.338682,0,24
1900-01-01 16:08:59.474,0.212667,0.283335,0.3387,0,24
1900-01-01 16:09:00.474,0.213176,0.283797,0.338691,0,24
1900-01-01 16:09:01.474,0.212724,0.283677,0.338682,0,24
1900-01-01 16:09:02.474,0.213066,0.283608,0.339058,0,24
1900-01-01 16:09:03.474,0.21252,0.281844,0.338323,0,24
1900-01-01 16:09:04.474,0.212682,0.283593,0.338608,0,24
1900-01-01 16:09:05.474,0.213144,0.283246,0.338737,0,24
1900-01-01 16:09:06.474,0.212724,0.284317,0.33791,0,24
1900-01-01 16:09:07.474,0.212777,0.283146,0.338673,0,24
1900-01-01 16:09:08.474,0.213307,0.283036,0.338544,0,24
1900-01-01 16:09:09.474,0.212467,0.284359,0.338333,0,24
1900-01-01 16:09:10.474,0.213228,0.283677,0.338737,0,24
1900-01-01 16:09:11.474,0.213113,0.283467,0.3387,0,24
1900-01-01 16:09:12.474,0.212997,0.283362,0.338801,0,24
1900-01-01 16:09:13.474,0.212656,0.283803,0.338673,0,24
1900-01-01 16:09:14.474,0.213291,0.284086,0.338425,0,24
1900-01-01 16:09:15.474,0.213066,0.282837,0.338581,0,24
1900-01-01 16:09:16.474,0.212982,0.28311,0.338774,0,24
1900-01-01 16:09:17.474,0.213176,0.282212,0.338278,0,24
1900-01-01 16:09:18.474,0.212887,0.284165,0.33836,0,24
1900-01-01 16:09:19.474,0.213811,0.283845,0.338259,0,24
1900-01-01 16:09:20.474,0.213244,0.283351,0.338278,0,24
1900-01-01 16:09:21.474,0.21399,0.283293,0.338608,0,24
1900-01-01 16:09:22.474,0.21452,0.284427,0.338323,0,24
1900-01-01 16:09:23.474,0.213638,0.282632,0.338783,0,24
1900-01-01 16:09:24.474,0.213281,0.282369,0.33847,0,24
1900-01-01 16:09:25.474,0.212604,0.282453,0.338397,0,24
1900-01-01 16:09:26.474,0.213024,0.283089,0.338369,0,24
1900-01-01 16:09:27.474,0.212499,0.283388,0.337947,0,24
1900-01-01 16:09:28.474,0.213412,0.283199,0.338553,0,24
1900-01-01 16:09:29.474,0.213244,0.284952,0.338755,0,24
1900-01-01 16:09:30.474,0.213249,0.28354,0.338673,0,24
1900-01-01 16:09:31.474,0.213438,0.283104,0.338673,0,24
1900-01-01 16:09:32.474,0.213454,0.283808,0.338066,0,24
1900-01-01 16:09:33.474,0.213465,0.284763,0.338535,0,24
1900-01-01 16:09:34.474,0.213753,0.282758,0.339031,0,24
1900-01-01 16:09:35.474,0.212462,0.282537,0.338654,0,24
1900-01-01 16:09:36.474,0.213218,0.283692,0.338608,0,24
1900-01-01 16:09:37.474,0.212514,0.282369,0.33859,0,24
1900-01-01 16:09:38.474,0.213365,0.284002,0.338691,0,24
1900-01-01 16:09:39.474,0.213045,0.284301,0.338241,0,24
1900-01-01 16:09:40.474,0.212856,0.283015,0.338535,0,24
1900-01-01 16:09:41.474,0.212278,0.283545,0.338627,0,24
1900-01-01 16:09:42.474,0.212362,0.282348,0.338691,0,24
1900-01-01 16:09:43.474,0.213255,0.283608,0.338746,0,24
1900-01-01 16:09:44.474,0.212871,0.282821,0.338461,0,24
1900-01-01 16:09:45.474,0.213134,0.283813,0.33825,0,24
1900-01-01 16:09:46.474,0.213585,0.284097,0.338572,0,24
1900-01-01 16:09:47.474,0.213176,0.283089,0.338608,0,24
1900-01-01 16:09:48.474,0.213024,0.283503,0.338636,0,24
1900-01-01 16:09:49.474,0.213029,0.283813,0.338498,0,24
1900-01-01 16:09:50.474,0.213223,0.283797,0.338461,0,24
1900-01-01 16:09:51.474,0.213564,0.28437,0.3387,0,24
1900-01-01 16:09:52.474,0.21327,0.283104,0.338397,0,24
1900-01-01 16:09:53.474,0.212987,0.28311,0.338856,0,24
1900-01-01 16:09:54.474,0.212761,0.283766,0.338535,0,24
1900-01-01 16:09:55.474,0.213118,0.282516,0.338636,0,24
1900-01-01 16:09:56.474,0.212808,0.283047,0.338608,0,24
1900-01-01 16:09:57.474,0.212693,0.282038,0.338406,0,24
1900-01-01 16:09:58.474,0.213102,0.283845,0.33802,0,24
1900-01-01 16:09:59.474,0.212562,0.282758,0.338048,0,24
1900-01-01 16:10:00.474,0.21285,0.28239,0.338516,0,24
1900-01-01 16:10:01.474,0.212714,0.283892,0.338213,0,24
1900-01-01 16:10:02.474,0.213417,0.284002,0.338645,0,24
1900-01-01 16:10:03.474,0.212934,0.283173,0.338314,0,24
1900-01-01 16:10:04.474,0.212572,0.283708,0.33802,0,24
1900-01-01 16:10:05.474,0.212814,0.282942,0.337864,0,24
1900-01-01 16:10:06.474,0.213018,0.282789,0.338268,0,24
1900-01-01 16:10:07.474,0.213528,0.283241,0.338617,0,24
1900-01-01 16:10:08.474,0.212787,0.282963,0.338287,0,24
1900-01-01 16:10:09.474,0.21274,0.282989,0.3378,0,24
1900-01-01 16:10:10.474,0.212945,0.283183,0.337984,0,24
1900-01-01 16:10:11.474,0.212724,0.283598,0.337892,0,24
1900-01-01 16:10:12.474,0.212514,0.282464,0.338461,0,24
1900-01-01 16:10:13.474,0.212194,0.2828,0.338452,0,24
1900-01-01 16:10:14.474,0.212572,0.283509,0.338397,0,24
1900-01-01 16:10:15.474,0.212325,0.281781,0.337947,0,24
1900-01-01 16:10:16.474,0.212457,0.284244,0.338167,0,24
1900-01-01 16:10:17.474,0.213213,0.284947,0.338369,0,24
1900-01-01 16:10:18.474,0.213459,0.285593,0.338498,0,24
1900-01-01 16:10:19.474,0.213344,0.283335,0.338369,0,24
1900-01-01 16:10:20.474,0.213286,0.283582,0.339095,0,24
1900-01-01 16:10:21.474,0.212992,0.283467,0.338158,0,24
1900-01-01 16:10:22.474,0.213066,0.284485,0.338241,0,24
1900-01-01 16:10:23.474,0.213302,0.283057,0.338039,0,24
1900-01-01 16:10:24.474,0.213228,0.284648,0.338452,0,24
1900-01-01 16:10:25.474,0.21326,0.283456,0.338682,0,24
1900-01-01 16:10:26.474,0.212625,0.282663,0.338939,0,24
1900-01-01 16:10:27.474,0.212919,0.284018,0.338856,0,24
1900-01-01 16:10:28.474,0.212966,0.283892,0.338774,0,24
1900-01-01 16:10:29.474,0.21378,0.284086,0.338645,0,24
1900-01-01 16:10:30.474,0.213585,0.284595,0.338847,0,24
1900-01-01 16:10:31.474,0.213155,0.282285,0.338939,0,24
1900-01-01 16:10:32.474,0.213386,0.284002,0.338498,0,24
1900-01-01 16:10:33.474,0.213475,0.283173,0.338948,0,24
1900-01-01 16:10:34.474,0.213239,0.284595,0.338884,0,24
1900-01-01 16:10:35.474,0.213286,0.283635,0.338856,0,24
1900-01-01 16:10:36.474,0.213312,0.283404,0.338535,0,24
1900-01-01 16:10:37.474,0.213339,0.284228,0.338884,0,24
1900-01-01 16:10:38.474,0.214226,0.283656,0.33882,0,24
1900-01-01 16:10:39.474,0.21305,0.283671,0.338976,0,24
1900-01-01 16:10:40.474,0.213517,0.283976,0.339196,0,24
1900-01-01 16:10:41.474,0.214116,0.283083,0.33859,0,24
1900-01-01 16:10:42.474,0.212971,0.283209,0.338902,0,24
1900-01-01 16:10:43.474,0.212577,0.282017,0.338801,0,24
1900-01-01 16:10:44.474,0.21252,0.282984,0.338553,0,24
1900-01-01 16:10:45.474,0.213717,0.283183,0.338572,0,24
1900-01-01 16:10:46.474,0.213328,0.283498,0.33848,0,24
1900-01-01 16:10:47.474,0.213444,0.284543,0.338627,0,24
1900-01-01 16:10:48.474,0.213711,0.283136,0.338866,0,24
1900-01-01 16:10:49.474,0.21336,0.284112,0.338516,0,24
1900-01-01 16:10:50.474,0.213979,0.283167,0.338939,0,24
1900-01-01 16:10:51.474,0.212871,0.282343,0.338636,0,24
1900-01-01 16:10:52.474,0.212541,0.281697,0.338976,0,24
1900-01-01 16:10:53.474,0.212388,0.282627,0.338232,0,24
1900-01-01 16:10:54.474,0.213291,0.282317,0.338443,0,24
1900-01-01 16:10:55.474,0.213433,0.283918,0.338314,0,24
1900-01-01 16:10:56.474,0.213055,0.282658,0.338305,0,24
1900-01-01 16:10:57.474,0.213407,0.284375,0.338195,0,24
1900-01-01 16:10:58.474,0.21263,0.283293,0.338296,0,24
1900-01-01 16:10:59.474,0.212257,0.283713,0.338498,0,24
1900-01-01 16:11:00.474,0.213402,0.28386,0.338342,0,24
1900-01-01 16:11:01.474,0.213396,0.282942,0.338011,0,24
1900-01-01 16:11:02.474,0.21326,0.284333,0.338186,0,24
1900-01-01 16:11:03.474,0.212719,0.283792,0.338544,0,24
1900-01-01 16:11:04.474,0.213885,0.28459,0.338875,0,24
1900-01-01 16:11:05.474,0.213675,0.283771,0.338654,0,24
1900-01-01 16:11:06.474,0.213538,0.283419,0.338544,0,24
1900-01-01 16:11:07.474,0.212509,0.282821,0.33848,0,24
1900-01-01 16:11:08.474,0.212714,0.282716,0.338507,0,24
1900-01-01 16:11:09.474,0.212698,0.283876,0.338425,0,24
1900-01-01 16:11:10.474,0.213507,0.283808,0.338691,0,24
1900-01-01 16:11:11.474,0.213249,0.283976,0.338829,0,24
1900-01-01 16:11:12.474,0.212688,0.283194,0.33825,0,24
1900-01-01 16:11:13.474,0.213297,0.284595,0.338213,0,24
1900-01-01 16:11:14.474,0.213318,0.282973,0.33848,0,24
1900-01-01 16:11:15.474,0.212808,0.284207,0.338673,0,24
1900-01-01 16:11:16.474,0.213281,0.283241,0.339251,0,24
1900-01-01 16:11:17.474,0.213244,0.28176,0.338939,0,24
1900-01-01 16:11:18.474,0.213454,0.28332,0.338516,0,24
1900-01-01 16:11:19.474,0.212572,0.283635,0.338801,0,24
1900-01-01 16:11:20.474,0.212577,0.282122,0.338544,0,24
1900-01-01 16:11:21.474,0.212861,0.28281,0.338213,0,24
1900-01-01 16:11:22.474,0.213738,0.284254,0.338507,0,24
1900-01-01 16:11:23.474,0.213081,0.282994,0.33848,0,24
1900-01-01 16:11:24.474,0.212514,0.282354,0.338783,0,24
1900-01-01 16:11:25.474,0.213412,0.283855,0.338948,0,24
1900-01-01 16:11:26.474,0.212913,0.285157,0.338893,0,24
1900-01-01 16:11:27.474,0.213234,0.282464,0.338351,0,24
1900-01-01 16:11:28.474,0.21347,0.283918,0.338774,0,24
1900-01-01 16:11:29.474,0.212667,0.281498,0.338287,0,24
1900-01-01 16:11:30.474,0.212772,0.282327,0.338755,0,24
1900-01-01 16:11:31.474,0.212824,0.283482,0.338443,0,24
1900-01-01 16:11:32.474,0.212604,0.282143,0.33848,0,24
1900-01-01 16:11:33.474,0.212178,0.282343,0.337965,0,24
1900-01-01 16:11:34.474,0.212735,0.28354,0.337956,0,24
1900-01-01 16:11:35.474,0.213344,0.283467,0.33814,0,24
1900-01-01 16:11:36.474,0.211848,0.282537,0.33848,0,24
1900-01-01 16:11:37.474,0.212987,0.282879,0.338149,0,24
1900-01-01 16:11:38.474,0.213407,0.284795,0.338801,0,24
1900-01-01 16:11:39.474,0.213591,0.283986,0.338259,0,24
1900-01-01 16:11:40.474,0.213071,0.283094,0.338369,0,24
1900-01-01 16:11:41.474,0.213297,0.283078,0.338452,0,24
1900-01-01 16:11:42.474,0.21284,0.283388,0.338544,0,24
1900-01-01 16:11:43.474,0.212567,0.283251,0.338526,0,24
1900-01-01 16:11:44.474,0.213459,0.283682,0.338902,0,24
1900-01-01 16:11:45.474,0.212189,0.282679,0.338434,0,24
1900-01-01 16:11:46.474,0.21274,0.283535,0.33836,0,24
1900-01-01 16:11:47.474,0.213192,0.283157,0.338369,0,24
1900-01-01 16:11:48.474,0.212483,0.284438,0.338526,0,24
1900-01-01 16:11:49.474,0.213249,0.284049,0.338544,0,24
1900-01-01 16:11:50.474,0.213549,0.283976,0.33893,0,24
1900-01-01 16:11:51.474,0.213333,0.283608,0.338654,0,24
1900-01-01 16:11:52.474,0.213202,0.283173,0.338425,0,24
1900-01-01 16:11:53.474,0.213008,0.283183,0.338599,0,24
1900-01-01 16:11:54.474,0.21284,0.282648,0.338434,0,24
1900-01-01 16:11:55.474,0.212131,0.282632,0.338369,0,24
1900-01-01 16:11:56.474,0.212199,0.283477,0.338278,0,24
1900-01-01 16:11:57.474,0.212777,0.283477,0.338259,0,24
1900-01-01 16:11:58.474,0.212262,0.283131,0.338186,0,24
1900-01-01 16:11:59.474,0.21273,0.283587,0.338627,0,24
1900-01-01 16:12:00.474,0.212598,0.28354,0.338489,0,24
1900-01-01 16:12:01.474,0.212982,0.283818,0.338572,0,24
1900-01-01 16:12:02.474,0.212898,0.283545,0.338507,0,24
1900-01-01 16:12:03.474,0.213743,0.283351,0.338682,0,24
1900-01-01 16:12:04.474,0.21221,0.282574,0.337892,0,24
1900-01-01 16:12:05.474,0.213328,0.285378,0.338461,0,24
1900-01-01 16:12:06.474,0.213612,0.283456,0.337965,0,24
1900-01-01 16:12:07.474,0.21273,0.283251,0.338388,0,24
1900-01-01 16:12:08.474,0.212672,0.282632,0.338498,0,24
1900-01-01 16:12:09.474,0.212798,0.283797,0.338314,0,24
1900-01-01 16:12:10.474,0.213312,0.284202,0.338645,0,24
1900-01-01 16:12:11.474,0.212777,0.282075,0.338636,0,24
1900-01-01 16:12:12.474,0.212966,0.284952,0.337882,0,24
1900-01-01 16:12:13.474,0.212703,0.282495,0.338682,0,24
1900-01-01 16:12:14.474,0.211942,0.282742,0.338002,0,24
1900-01-01 16:12:15.474,0.212425,0.282159,0.338379,0,24
1900-01-01 16:12:16.474,0.213024,0.283514,0.338158,0,24
1900-01-01 16:12:17.474,0.212625,0.283194,0.338241,0,24
1900-01-01 16:12:18.474,0.212719,0.283377,0.337818,0,24
1900-01-01 16:12:19.474,0.212913,0.283614,0.337928,0,24
1900-01-01 16:12:20.474,0.212966,0.284102,0.338103,0,24
1900-01-01 16:12:21.474,0.212667,0.284139,0.338213,0,24
1900-01-01 16:12:22.474,0.213197,0.283472,0.338682,0,24
1900-01-01 16:12:23.474,0.213407,0.284249,0.338636,0,24
1900-01-01 16:12:24.474,0.213213,0.281597,0.338406,0,24
1900-01-01 16:12:25.474,0.212693,0.283299,0.338452,0,24
1900-01-01 16:12:26.474,0.21306,0.284307,0.338764,0,24
1900-01-01 16:12:27.474,0.21358,0.283215,0.338608,0,24
1900-01-01 16:12:28.474,0.212856,0.282616,0.338369,0,24
1900-01-01 16:12:29.474,0.21263,0.283461,0.338516,0,24
1900-01-01 16:12:30.474,0.212677,0.282742,0.338663,0,24
1900-01-01 16:12:31.474,0.212352,0.282973,0.338323,0,24
1900-01-01 16:12:32.474,0.213108,0.283871,0.338599,0,24
1900-01-01 16:12:33.474,0.212079,0.282264,0.338268,0,24
1900-01-01 16:12:34.474,0.212588,0.282059,0.338425,0,24
1900-01-01 16:12:35.474,0.213234,0.284469,0.338415,0,24
1900-01-01 16:12:36.474,0.21264,0.283041,0.338379,0,24
1900-01-01 16:12:37.474,0.212163,0.281792,0.33802,0,24
1900-01-01 16:12:38.474,0.212845,0.283761,0.33825,0,24
1900-01-01 16:12:39.474,0.212955,0.282606,0.33848,0,24
1900-01-01 16:12:40.474,0.212661,0.282501,0.338204,0,24
1900-01-01 16:12:41.474,0.212756,0.283099,0.33802,0,24
1900-01-01 16:12:42.474,0.213108,0.283845,0.338268,0,24
1900-01-01 16:12:43.474,0.212934,0.28395,0.33802,0,24
1900-01-01 16:12:44.474,0.213318,0.283887,0.336982,0,24
1900-01-01 16:12:45.474,0.213013,0.284128,0.336982,0,24
1900-01-01 16:12:46.474,0.213297,0.28332,0.338507,0,24
1900-01-01 16:12:47.474,0.213879,0.283908,0.338654,0,24
1900-01-01 16:12:48.474,0.213139,0.283876,0.33859,0,24
1900-01-01 16:12:49.474,0.212493,0.28248,0.338232,0,24
1900-01-01 16:12:50.474,0.212656,0.28166,0.338039,0,24
1900-01-01 16:12:51.474,0.212934,0.28354,0.33847,0,24
1900-01-01 16:12:52.474,0.212598,0.283199,0.337882,0,24
1900-01-01 16:12:53.474,0.212808,0.283498,0.338213,0,24
1900-01-01 16:12:54.474,0.212467,0.282905,0.338516,0,24
1900-01-01 16:12:55.474,0.213202,0.283619,0.338443,0,24
1900-01-01 16:12:56.474,0.212924,0.282742,0.338526,0,24
1900-01-01 16:12:57.474,0.213213,0.283005,0.338213,0,24
1900-01-01 16:12:58.474,0.212898,0.282406,0.338222,0,24
1900-01-01 16:12:59.474,0.212383,0.28395,0.338627,0,24
1900-01-01 16:13:00.474,0.21284,0.283089,0.338691,0,24
1900-01-01 16:13:01.474,0.213433,0.283813,0.33814,0,24
1900-01-01 16:13:02.474,0.212787,0.283493,0.33847,0,24
1900-01-01 16:13:03.474,0.213381,0.284023,0.338241,0,24
1900-01-01 16:13:04.474,0.212961,0.282826,0.338526,0,24
1900-01-01 16:13:05.474,0.213307,0.283068,0.338498,0,24
1900-01-01 16:13:06.474,0.212997,0.282427,0.33859,0,24
1900-01-01 16:13:07.474,0.213139,0.283083,0.33848,0,24
1900-01-01 16:13:08.474,0.213076,0.283561,0.338452,0,24
1900-01-01 16:13:09.474,0.212682,0.283199,0.338167,0,24
1900-01-01 16:13:10.474,0.213349,0.283094,0.338434,0,24
1900-01-01 16:13:11.474,0.21263,0.283566,0.338149,0,24
1900-01-01 16:13:12.474,0.213207,0.284469,0.338535,0,24
1900-01-01 16:13:13.474,0.213003,0.283713,0.338572,0,24
1900-01-01 16:13:14.474,0.213234,0.28365,0.338856,0,24
1900-01-01 16:13:15.474,0.213218,0.28269,0.338663,0,24
1900-01-01 16:13:16.474,0.213255,0.283425,0.338379,0,24
1900-01-01 16:13:17.474,0.212929,0.282894,0.338222,0,24
1900-01-01 16:13:18.474,0.213291,0.284349,0.338406,0,24
1900-01-01 16:13:19.474,0.212966,0.283346,0.338838,0,24
1900-01-01 16:13:20.474,0.213543,0.283897,0.338682,0,24
1900-01-01 16:13:21.474,0.213412,0.283041,0.338792,0,24
1900-01-01 16:13:22.474,0.212614,0.283215,0.33881,0,24
1900-01-01 16:13:23.474,0.213302,0.28374,0.338434,0,24
1900-01-01 16:13:24.474,0.213165,0.283225,0.33893,0,24
1900-01-01 16:13:25.474,0.213606,0.283692,0.338608,0,24
1900-01-01 16:13:26.474,0.213591,0.283561,0.338498,0,24
1900-01-01 16:13:27.474,0.213654,0.284459,0.338957,0,24
1900-01-01 16:13:28.474,0.214084,0.283456,0.338737,0,24
1900-01-01 16:13:29.474,0.213076,0.283629,0.33904,0,24
1900-01-01 16:13:30.474,0.213601,0.283409,0.338847,0,24
1900-01-01 16:13:31.474,0.213822,0.284144,0.338783,0,24
1900-01-01 16:13:32.474,0.212924,0.283078,0.339031,0,24
1900-01-01 16:13:33.474,0.212913,0.282595,0.338921,0,24
1900-01-01 16:13:34.474,0.212803,0.281891,0.338241,0,24
1900-01-01 16:13:35.474,0.213496,0.282506,0.33848,0,24
1900-01-01 16:13:36.474,0.213144,0.28469,0.338911,0,24
1900-01-01 16:13:37.474,0.212441,0.283845,0.338443,0,24
1900-01-01 16:13:38.474,0.21274,0.283619,0.338627,0,24
1900-01-01 16:13:39.474,0.21273,0.2826,0.338553,0,24
1900-01-01 16:13:40.474,0.212152,0.282821,0.338526,0,24
1900-01-01 16:13:41.474,0.212199,0.282721,0.338351,0,24
1900-01-01 16:13:42.474,0.212845,0.283141,0.338103,0,24
1900-01-01 16:13:43.474,0.213391,0.283383,0.338489,0,24
1900-01-01 16:13:44.474,0.213354,0.283556,0.338544,0,24
1900-01-01 16:13:45.474,0.213197,0.283047,0.338029,0,24
1900-01-01 16:13:46.474,0.212829,0.283183,0.337947,0,24
1900-01-01 16:13:47.474,0.213087,0.282558,0.337956,0,24
1900-01-01 16:13:48.474,0.212835,0.283335,0.33814,0,24
1900-01-01 16:13:49.474,0.212609,0.283104,0.338259,0,24
1900-01-01 16:13:50.474,0.212934,0.28365,0.338498,0,24
1900-01-01 16:13:51.474,0.212378,0.282543,0.338498,0,24
1900-01-01 16:13:52.474,0.212777,0.283225,0.33847,0,24
1900-01-01 16:13:53.474,0.212772,0.282763,0.338278,0,24
1900-01-01 16:13:54.474,0.213024,0.283509,0.338507,0,24
1900-01-01 16:13:55.474,0.213081,0.284112,0.338103,0,24
1900-01-01 16:13:56.474,0.212509,0.282007,0.338323,0,24
1900-01-01 16:13:57.474,0.212992,0.284212,0.338287,0,24
1900-01-01 16:13:58.474,0.213753,0.284007,0.338342,0,24
1900-01-01 16:13:59.474,0.212703,0.281975,0.338305,0,24
1900-01-01 16:14:00.474,0.212824,0.282873,0.338232,0,24
1900-01-01 16:14:01.474,0.213113,0.283818,0.338572,0,24
1900-01-01 16:14:02.474,0.213102,0.283645,0.33848,0,24
1900-01-01 16:14:03.474,0.213407,0.283094,0.338957,0,24
1900-01-01 16:14:04.474,0.21252,0.282375,0.338728,0,24
1900-01-01 16:14:05.474,0.212693,0.282973,0.338333,0,24
1900-01-01 16:14:06.474,0.212766,0.282427,0.338094,0,24
1900-01-01 16:14:07.474,0.212514,0.283745,0.338342,0,24
1900-01-01 16:14:08.474,0.212583,0.28312,0.338121,0,24
1900-01-01 16:14:09.474,0.212829,0.282343,0.338167,0,24
1900-01-01 16:14:10.474,0.212131,0.281933,0.338259,0,24
1900-01-01 16:14:11.474,0.211748,0.282795,0.338057,0,24
1900-01-01 16:14:12.474,0.212541,0.283398,0.337956,0,24
1900-01-01 16:14:13.474,0.212934,0.285141,0.338498,0,24
1900-01-01 16:14:14.474,0.213512,0.283619,0.338498,0,24
1900-01-01 16:14:15.474,0.21326,0.282931,0.338673,0,24
1900-01-01 16:14:16.474,0.21253,0.283162,0.338498,0,24
1900-01-01 16:14:17.474,0.213339,0.283829,0.338526,0,24
1900-01-01 16:14:18.474,0.212934,0.28291,0.338443,0,24
1900-01-01 16:14:19.474,0.212892,0.283325,0.338305,0,24
1900-01-01 16:14:20.474,0.213165,0.28312,0.338379,0,24
1900-01-01 16:14:21.474,0.212609,0.282842,0.338333,0,24
1900-01-01 16:14:22.474,0.213249,0.284438,0.33848,0,24
1900-01-01 16:14:23.474,0.212808,0.282711,0.338287,0,24
1900-01-01 16:14:24.474,0.213601,0.284422,0.338222,0,24
1900-01-01 16:14:25.474,0.213339,0.283671,0.338709,0,24
1900-01-01 16:14:26.474,0.213302,0.284207,0.338516,0,24
1900-01-01 16:14:27.474,0.213365,0.282994,0.338388,0,24
1900-01-01 16:14:28.474,0.213454,0.285414,0.338645,0,24
1900-01-01 16:14:29.474,0.213617,0.282747,0.338967,0,24
1900-01-01 16:14:30.474,0.212719,0.282816,0.338728,0,24
1900-01-01 16:14:31.474,0.21294,0.284013,0.338415,0,24
1900-01-01 16:14:32.474,0.213328,0.283808,0.338663,0,24
1900-01-01 16:14:33.474,0.213139,0.282747,0.338425,0,24
1900-01-01 16:14:34.474,0.213622,0.283871,0.338774,0,24
1900-01-01 16:14:35.474,0.21295,0.283661,0.338774,0,24
1900-01-01 16:14:36.474,0.213827,0.283808,0.338461,0,24
1900-01-01 16:14:37.474,0.212583,0.283209,0.337974,0,24
1900-01-01 16:14:38.474,0.213659,0.283729,0.338572,0,24
1900-01-01 16:14:39.474,0.212971,0.283283,0.338627,0,24
1900-01-01 16:14:40.474,0.212976,0.282837,0.338305,0,24
1900-01-01 16:14:41.474,0.212441,0.283393,0.338792,0,24
1900-01-01 16:14:42.474,0.212598,0.283304,0.338232,0,24
1900-01-01 16:14:43.474,0.212819,0.283824,0.338314,0,24
1900-01-01 16:14:44.474,0.213265,0.283582,0.338682,0,24
1900-01-01 16:14:45.474,0.212877,0.282285,0.338388,0,24
1900-01-01 16:14:46.474,0.211921,0.282322,0.338149,0,24
1900-01-01 16:14:47.474,0.212719,0.282537,0.338369,0,24
1900-01-01 16:14:48.474,0.212709,0.282333,0.338323,0,24
1900-01-01 16:14:49.474,0.212556,0.283435,0.337809,0,24
1900-01-01 16:14:50.474,0.212562,0.282259,0.337901,0,24
1900-01-01 16:14:51.474,0.213045,0.284018,0.33802,0,24
1900-01-01 16:14:52.474,0.212929,0.283582,0.338425,0,24
1900-01-01 16:14:53.474,0.212215,0.281414,0.33825,0,24
1900-01-01 16:14:54.474,0.212614,0.283257,0.338498,0,24
1900-01-01 16:14:55.474,0.212273,0.281372,0.338039,0,24
1900-01-01 16:14:56.474,0.212751,0.281918,0.337938,0,24
1900-01-01 16:14:57.474,0.212168,0.283745,0.337864,0,24
1900-01-01 16:14:58.474,0.212614,0.282653,0.33791,0,24
1900-01-01 16:14:59.474,0.212913,0.283215,0.338268,0,24
1900-01-01 16:15:00.474,0.212656,0.283115,0.338213,0,24
1900-01-01 16:15:01.474,0.21285,0.283918,0.33814,0,24
1900-01-01 16:15:02.474,0.213181,0.283052,0.338351,0,24
1900-01-01 16:15:03.474,0.212677,0.281991,0.338323,0,24
1900-01-01 16:15:04.474,0.212761,0.283262,0.337717,0,24
1900-01-01 16:15:05.474,0.212887,0.283887,0.338241,0,24
1900-01-01 16:15:06.474,0.213748,0.285236,0.338186,0,24
1900-01-01 16:15:07.474,0.212677,0.282128,0.338131,0,24
1900-01-01 16:15:08.474,0.212598,0.282516,0.338663,0,24
1900-01-01 16:15:09.474,0.212898,0.283671,0.338167,0,24
1900-01-01 16:15:10.474,0.212126,0.282621,0.338296,0,24
1900-01-01 16:15:11.474,0.212934,0.283761,0.338461,0,24
1900-01-01 16:15:12.474,0.213118,0.283834,0.338572,0,24
1900-01-01 16:15:13.474,0.212709,0.281582,0.338213,0,24
1900-01-01 16:15:14.474,0.212241,0.282101,0.338516,0,24
1900-01-01 16:15:15.474,0.212142,0.283178,0.338066,0,24
1900-01-01 16:15:16.474,0.213076,0.283414,0.338048,0,24
1900-01-01 16:15:17.474,0.212997,0.282984,0.338011,0,24
1900-01-01 16:15:18.474,0.212913,0.284301,0.338425,0,24
1900-01-01 16:15:19.474,0.213685,0.283992,0.338406,0,24
1900-01-01 16:15:20.474,0.213223,0.284102,0.338994,0,24
1900-01-01 16:15:21.474,0.212992,0.283477,0.338645,0,24
1900-01-01 16:15:22.474,0.213176,0.283887,0.338562,0,24
1900-01-01 16:15:23.474,0.21347,0.282868,0.338287,0,24
1900-01-01 16:15:24.474,0.213102,0.284044,0.338379,0,24
1900-01-01 16:15:25.474,0.212688,0.282065,0.338645,0,24
1900-01-01 16:15:26.474,0.212583,0.283073,0.338342,0,24
1900-01-01 16:15:27.474,0.212462,0.283776,0.338011,0,24
1900-01-01 16:15:28.474,0.212787,0.283971,0.338167,0,24
1900-01-01 16:15:29.474,0.212861,0.282721,0.338645,0,24
1900-01-01 16:15:30.474,0.212877,0.283687,0.338397,0,24
1900-01-01 16:15:31.474,0.213165,0.282921,0.338654,0,24
1900-01-01 16:15:32.474,0.212661,0.283341,0.338746,0,24
1900-01-01 16:15:33.474,0.212772,0.283041,0.33893,0,24
1900-01-01 16:15:34.474,0.213564,0.284711,0.338801,0,24
1900-01-01 16:15:35.474,0.212562,0.282291,0.338755,0,24
1900-01-01 16:15:36.474,0.212556,0.283824,0.337873,0,24
1900-01-01 16:15:37.474,0.213606,0.284968,0.338544,0,24
1900-01-01 16:15:38.474,0.213501,0.282852,0.338415,0,24
1900-01-01 16:15:39.474,0.213066,0.282511,0.338856,0,24
1900-01-01 16:15:40.474,0.213218,0.282774,0.339012,0,24
1900-01-01 16:15:41.474,0.212525,0.282459,0.338489,0,24
1900-01-01 16:15:42.474,0.213155,0.283824,0.338351,0,24
1900-01-01 16:15:43.474,0.212546,0.283629,0.338627,0,24
1900-01-01 16:15:44.474,0.212866,0.283005,0.338167,0,24
1900-01-01 16:15:45.474,0.212546,0.283115,0.338241,0,24
1900-01-01 16:15:46.474,0.21284,0.283146,0.338268,0,24
1900-01-01 16:15:47.474,0.212856,0.284742,0.33859,0,24
1900-01-01 16:15:48.474,0.212798,0.28354,0.338425,0,24
1900-01-01 16:15:49.474,0.213612,0.284097,0.338663,0,24
1900-01-01 16:15:50.474,0.213365,0.283167,0.338838,0,24
1900-01-01 16:15:51.474,0.212861,0.284049,0.338801,0,24
1900-01-01 16:15:52.474,0.213302,0.283551,0.338728,0,24
1900-01-01 16:15:53.474,0.212656,0.282663,0.338149,0,24
1900-01-01 16:15:54.474,0.213197,0.284254,0.338847,0,24
1900-01-01 16:15:55.474,0.213018,0.284165,0.338783,0,24
1900-01-01 16:15:56.474,0.213076,0.282989,0.338911,0,24
1900-01-01 16:15:57.474,0.212682,0.283215,0.338617,0,24
1900-01-01 16:15:58.474,0.213213,0.28458,0.338884,0,24
1900-01-01 16:15:59.474,0.21348,0.283813,0.338673,0,24
1900-01-01 16:16:00.474,0.213633,0.283556,0.338939,0,24
1900-01-01 16:16:01.474,0.213328,0.283346,0.33848,0,24
1900-01-01 16:16:02.474,0.212793,0.283839,0.338617,0,24
1900-01-01 16:16:03.474,0.213202,0.283992,0.338535,0,24
1900-01-01 16:16:04.474,0.212829,0.28217,0.338461,0,24
1900-01-01 16:16:05.474,0.212677,0.283729,0.33882,0,24
1900-01-01 16:16:06.474,0.213333,0.284674,0.338829,0,24
1900-01-01 16:16:07.474,0.212887,0.283524,0.33847,0,24
1900-01-01 16:16:08.474,0.213318,0.283183,0.338976,0,24
1900-01-01 16:16:09.474,0.212803,0.282532,0.338516,0,24
1900-01-01 16:16:10.474,0.213323,0.283829,0.338452,0,24
1900-01-01 16:16:11.474,0.212761,0.283299,0.338572,0,24
1900-01-01 16:16:12.474,0.213066,0.28333,0.338599,0,24
1900-01-01 16:16:13.474,0.21274,0.283052,0.338719,0,24
1900-01-01 16:16:14.474,0.213255,0.284559,0.338526,0,24
1900-01-01 16:16:15.474,0.213186,0.283209,0.338957,0,24
1900-01-01 16:16:16.474,0.213071,0.282553,0.338572,0,24
1900-01-01 16:16:17.474,0.212929,0.282889,0.338682,0,24
1900-01-01 16:16:18.474,0.212609,0.282417,0.338397,0,24
1900-01-01 16:16:19.474,0.213496,0.283561,0.33825,0,24
1900-01-01 16:16:20.474,0.213276,0.283629,0.338121,0,24
1900-01-01 16:16:21.474,0.213113,0.282438,0.338397,0,24
1900-01-01 16:16:22.474,0.212289,0.283125,0.338425,0,24
1900-01-01 16:16:23.474,0.212205,0.282821,0.338994,0,24
1900-01-01 16:16:24.474,0.212562,0.283992,0.338066,0,24
1900-01-01 16:16:25.474,0.212861,0.282921,0.33802,0,24
1900-01-01 16:16:26.474,0.212336,0.283141,0.338066,0,24
1900-01-01 16:16:27.474,0.212693,0.284847,0.338241,0,24
1900-01-01 16:16:28.474,0.212609,0.284574,0.338406,0,24
1900-01-01 16:16:29.474,0.213045,0.282438,0.338498,0,24
1900-01-01 16:16:30.474,0.213202,0.283577,0.338287,0,24
1900-01-01 16:16:31.474,0.213465,0.284139,0.338443,0,24
1900-01-01 16:16:32.474,0.212877,0.283934,0.338305,0,24
1900-01-01 16:16:33.474,0.212835,0.283409,0.338287,0,24
1900-01-01 16:16:34.474,0.21201,0.282128,0.33836,0,24
1900-01-01 16:16:35.474,0.21284,0.283435,0.338425,0,24
1900-01-01 16:16:36.474,0.212598,0.283031,0.338866,0,24
1900-01-01 16:16:37.474,0.212903,0.283797,0.3387,0,24
1900-01-01 16:16:38.474,0.212945,0.282264,0.338259,0,24
1900-01-01 16:16:39.474,0.212541,0.283955,0.337882,0,24
1900-01-01 16:16:40.474,0.21252,0.281855,0.338204,0,24
1900-01-01 16:16:41.474,0.21264,0.284658,0.338103,0,24
1900-01-01 16:16:42.474,0.213606,0.2828,0.338204,0,24
1900-01-01 16:16:43.474,0.212541,0.283603,0.33859,0,24
1900-01-01 16:16:44.474,0.212777,0.282858,0.338636,0,24
1900-01-01 16:16:45.474,0.212751,0.283692,0.338241,0,24
1900-01-01 16:16:46.474,0.212709,0.283372,0.338553,0,24
1900-01-01 16:16:47.474,0.212756,0.2829,0.338222,0,24
1900-01-01 16:16:48.474,0.21284,0.283073,0.338259,0,24
1900-01-01 16:16:49.474,0.212793,0.282921,0.338287,0,24
1900-01-01 16:16:50.474,0.212714,0.284732,0.33825,0,24
1900-01-01 16:16:51.474,0.213066,0.284191,0.338434,0,24
1900-01-01 16:16:52.474,0.213076,0.281886,0.338029,0,24
1900-01-01 16:16:53.474,0.212472,0.28186,0.338002,0,24
1900-01-01 16:16:54.474,0.212966,0.283446,0.33791,0,24
1900-01-01 16:16:55.474,0.212882,0.283209,0.338673,0,24
1900-01-01 16:16:56.474,0.212609,0.281949,0.338507,0,24
1900-01-01 16:16:57.474,0.212436,0.282753,0.338259,0,24
1900-01-01 16:16:58.474,0.212331,0.283918,0.338195,0,24
1900-01-01 16:16:59.474,0.212892,0.28332,0.338305,0,24
1900-01-01 16:17:00.474,0.212451,0.282989,0.338241,0,24
1900-01-01 16:17:01.474,0.212913,0.284375,0.338489,0,24
1900-01-01 16:17:02.474,0.212882,0.282217,0.338434,0,24
1900-01-01 16:17:03.474,0.212457,0.282459,0.338323,0,24
1900-01-01 16:17:04.474,0.21316,0.282301,0.33802,0,24
1900-01-01 16:17:05.474,0.212803,0.284191,0.338241,0,24
1900-01-01 16:17:06.474,0.212756,0.281592,0.338415,0,24
1900-01-01 16:17:07.474,0.212567,0.283278,0.337892,0,24
1900-01-01 16:17:08.474,0.213711,0.283666,0.338654,0,24
1900-01-01 16:17:09.474,0.213181,0.283692,0.338241,0,24
1900-01-01 16:17:10.474,0.212934,0.282212,0.338002,0,24
1900-01-01 16:17:11.474,0.213102,0.284265,0.337965,0,24
1900-01-01 16:17:12.474,0.213501,0.28395,0.338792,0,24
1900-01-01 16:17:13.474,0.213675,0.283787,0.338976,0,24
1900-01-01 16:17:14.474,0.213822,0.285189,0.3387,0,24
1900-01-01 16:17:15.474,0.213339,0.28186,0.338627,0,24
1900-01-01 16:17:16.474,0.212488,0.283913,0.338728,0,24
1900-01-01 16:17:17.474,0.212651,0.283131,0.338314,0,24
1900-01-01 16:17:18.474,0.213375,0.282931,0.338195,0,24
1900-01-01 16:17:19.474,0.212562,0.282747,0.338645,0,24
1900-01-01 16:17:20.474,0.212609,0.282947,0.338296,0,24
1900-01-01 16:17:21.474,0.212404,0.282858,0.338434,0,24
1900-01-01 16:17:22.474,0.212751,0.283309,0.337984,0,24
1900-01-01 16:17:23.474,0.212766,0.282143,0.337846,0,24
1900-01-01 16:17:24.474,0.213538,0.284149,0.338011,0,24
1900-01-01 16:17:25.474,0.213055,0.28364,0.338425,0,24
1900-01-01 16:17:26.474,0.212735,0.282417,0.338425,0,24
1900-01-01 16:17:27.474,0.212105,0.282306,0.338397,0,24
1900-01-01 16:17:28.474,0.212215,0.283083,0.338645,0,24
1900-01-01 16:17:29.474,0.212814,0.282747,0.338296,0,24
1900-01-01 16:17:30.474,0.212934,0.284979,0.337791,0,24
1900-01-01 16:17:31.474,0.213066,0.283755,0.338094,0,24
1900-01-01 16:17:32.474,0.212525,0.28291,0.338259,0,24
1900-01-01 16:17:33.474,0.212509,0.282537,0.338259,0,24
1900-01-01 16:17:34.474,0.212593,0.284249,0.338268,0,24
1900-01-01 16:17:35.474,0.213139,0.283041,0.337956,0,24
1900-01-01 16:17:36.474,0.212525,0.282233,0.33769,0,24
1900-01-01 16:17:37.474,0.213066,0.284322,0.338342,0,24
1900-01-01 16:17:38.474,0.212042,0.282443,0.338351,0,24
1900-01-01 16:17:39.474,0.212856,0.284296,0.338296,0,24
1900-01-01 16:17:40.474,0.212604,0.282574,0.337882,0,24
1900-01-01 16:17:41.474,0.21315,0.283435,0.338259,0,24
1900-01-01 16:17:42.474,0.212268,0.283629,0.338149,0,24
1900-01-01 16:17:43.474,0.212724,0.283062,0.338241,0,24
1900-01-01 16:17:44.474,0.212877,0.28249,0.338002,0,24
1900-01-01 16:17:45.474,0.212656,0.282994,0.338452,0,24
1900-01-01 16:17:46.474,0.212588,0.282758,0.338388,0,24
1900-01-01 16:17:47.474,0.212688,0.283078,0.338443,0,24
1900-01-01 16:17:48.474,0.212845,0.282291,0.338351,0,24
1900-01-01 16:17:49.474,0.212525,0.28365,0.337809,0,24
1900-01-01 16:17:50.474,0.212152,0.283041,0.338673,0,24
1900-01-01 16:17:51.474,0.212378,0.283104,0.338195,0,24
1900-01-01 16:17:52.474,0.212236,0.282926,0.338415,0,24
1900-01-01 16:17:53.474,0.212961,0.283456,0.338323,0,24
1900-01-01 16:17:54.474,0.212997,0.283624,0.338415,0,24
1900-01-01 16:17:55.474,0.212577,0.28364,0.338351,0,24
1900-01-01 16:17:56.474,0.212714,0.283797,0.338627,0,24
1900-01-01 16:17:57.474,0.212756,0.283708,0.338287,0,24
1900-01-01 16:17:58.474,0.212971,0.283866,0.338709,0,24
1900-01-01 16:17:59.474,0.213601,0.284795,0.338654,0,24
1900-01-01 16:18:00.474,0.213234,0.283141,0.338682,0,24
1900-01-01 16:18:01.474,0.213008,0.284401,0.338829,0,24
1900-01-01 16:18:02.474,0.212898,0.282312,0.338737,0,24
1900-01-01 16:18:03.474,0.212572,0.283362,0.338829,0,24
1900-01-01 16:18:04.474,0.213071,0.283519,0.33881,0,24
1900-01-01 16:18:05.474,0.213239,0.282889,0.339104,0,24
1900-01-01 16:18:06.474,0.211905,0.28248,0.33847,0,24
1900-01-01 16:18:07.474,0.212572,0.282868,0.338847,0,24
1900-01-01 16:18:08.474,0.213496,0.284769,0.338746,0,24
1900-01-01 16:18:09.474,0.213428,0.283225,0.338682,0,24
1900-01-01 16:18:10.474,0.213008,0.283797,0.338691,0,24
1900-01-01 16:18:11.474,0.213223,0.283918,0.339012,0,24
1900-01-01 16:18:12.474,0.213102,0.28469,0.33881,0,24
1900-01-01 16:18:13.474,0.212929,0.282884,0.338902,0,24
1900-01-01 16:18:14.474,0.212378,0.281781,0.338535,0,24
1900-01-01 16:18:15.474,0.212651,0.283188,0.338893,0,24
1900-01-01 16:18:16.474,0.213239,0.283188,0.33881,0,24
1900-01-01 16:18:17.474,0.212961,0.283136,0.33847,0,24
1900-01-01 16:18:18.474,0.212808,0.28322,0.338783,0,24
1900-01-01 16:18:19.474,0.21316,0.284921,0.338627,0,24
1900-01-01 16:18:20.474,0.213391,0.283803,0.338875,0,24
1900-01-01 16:18:21.474,0.212724,0.282585,0.338379,0,24
1900-01-01 16:18:22.474,0.212824,0.283461,0.338957,0,24
1900-01-01 16:18:23.474,0.21336,0.283467,0.339003,0,24
1900-01-01 16:18:24.474,0.213281,0.283824,0.338911,0,24
1900-01-01 16:18:25.474,0.213186,0.283787,0.338902,0,24
1900-01-01 16:18:26.474,0.213171,0.283309,0.338948,0,24
1900-01-01 16:18:27.474,0.21273,0.283204,0.338617,0,24
1900-01-01 16:18:28.474,0.212777,0.28301,0.338526,0,24
1900-01-01 16:18:29.474,0.212798,0.282831,0.338443,0,24
1900-01-01 16:18:30.474,0.213129,0.284475,0.33814,0,24
1900-01-01 16:18:31.474,0.213066,0.283073,0.338801,0,24
1900-01-01 16:18:32.474,0.213354,0.283351,0.33848,0,24
1900-01-01 16:18:33.474,0.213501,0.28491,0.338875,0,24
1900-01-01 16:18:34.474,0.212714,0.282674,0.33825,0,24
1900-01-01 16:18:35.474,0.212887,0.283792,0.33882,0,24
1900-01-01 16:18:36.474,0.213197,0.284837,0.339306,0,24
1900-01-01 16:18:37.474,0.213717,0.284553,0.33904,0,24
1900-01-01 16:18:38.474,0.213381,0.282842,0.338847,0,24
1900-01-01 16:18:39.474,0.212625,0.282779,0.338994,0,24
1900-01-01 16:18:40.474,0.213496,0.283451,0.338608,0,24
1900-01-01 16:18:41.474,0.21263,0.283377,0.338691,0,24
1900-01-01 16:18:42.474,0.212604,0.283099,0.338728,0,24
1900-01-01 16:18:43.474,0.213438,0.283813,0.339334,0,24
1900-01-01 16:18:44.474,0.212409,0.283073,0.338654,0,24
1900-01-01 16:18:45.474,0.21294,0.282994,0.339012,0,24
1900-01-01 16:18:46.474,0.212504,0.282947,0.338893,0,24
1900-01-01 16:18:47.474,0.212882,0.28145,0.338755,0,24
1900-01-01 16:18:48.474,0.213176,0.284249,0.338572,0,24
1900-01-01 16:18:49.474,0.212362,0.282443,0.338636,0,24
1900-01-01 16:18:50.474,0.213092,0.283005,0.338572,0,24
1900-01-01 16:18:51.474,0.212541,0.282968,0.339086,0,24
1900-01-01 16:18:52.474,0.212929,0.282459,0.33825,0,24
1900-01-01 16:18:53.474,0.212399,0.283498,0.338489,0,24
1900-01-01 16:18:54.474,0.212541,0.282227,0.338452,0,24
1900-01-01 16:18:55.474,0.213045,0.283698,0.338691,0,24
1900-01-01 16:18:56.474,0.212441,0.283304,0.338452,0,24
1900-01-01 16:18:57.474,0.212892,0.283325,0.338425,0,24
1900-01-01 16:18:58.474,0.212609,0.283372,0.33848,0,24
1900-01-01 16:18:59.474,0.212614,0.282873,0.338581,0,24
1900-01-01 16:19:00.474,0.212525,0.282637,0.338434,0,24
1900-01-01 16:19:01.474,0.212625,0.282894,0.338425,0,24
1900-01-01 16:19:02.474,0.212714,0.283913,0.338103,0,24
1900-01-01 16:19:03.474,0.213108,0.28428,0.338967,0,24
1900-01-01 16:19:04.474,0.213291,0.282028,0.338654,0,24
1900-01-01 16:19:05.474,0.212961,0.283083,0.338388,0,24
1900-01-01 16:19:06.474,0.212425,0.283566,0.338976,0,24
1900-01-01 16:19:07.474,0.212845,0.283157,0.338663,0,24
1900-01-01 16:19:08.474,0.212766,0.283766,0.338783,0,24
1900-01-01 16:19:09.474,0.212682,0.283309,0.338259,0,24
1900-01-01 16:19:10.474,0.211921,0.282658,0.338709,0,24
1900-01-01 16:19:11.474,0.212541,0.283992,0.338893,0,24
1900-01-01 16:19:12.474,0.21273,0.282957,0.338783,0,24
1900-01-01 16:19:13.474,0.212845,0.282816,0.338461,0,24
1900-01-01 16:19:14.474,0.21274,0.28395,0.33836,0,24
1900-01-01 16:19:15.474,0.213255,0.283971,0.33859,0,24
1900-01-01 16:19:16.474,0.212861,0.282805,0.338397,0,24
1900-01-01 16:19:17.474,0.212861,0.284396,0.338461,0,24
1900-01-01 16:19:18.474,0.213218,0.283383,0.338572,0,24
1900-01-01 16:19:19.474,0.21232,0.283167,0.338719,0,24
1900-01-01 16:19:20.474,0.21316,0.282574,0.338709,0,24
1900-01-01 16:19:21.474,0.213748,0.284832,0.338581,0,24
1900-01-01 16:19:22.474,0.213465,0.28302,0.338902,0,24
1900-01-01 16:19:23.474,0.213171,0.283624,0.338415,0,24
1900-01-01 16:19:24.474,0.21294,0.282826,0.338673,0,24
1900-01-01 16:19:25.474,0.212609,0.282065,0.338333,0,24
1900-01-01 16:19:26.474,0.21231,0.283493,0.338599,0,24
1900-01-01 16:19:27.474,0.21221,0.282558,0.338562,0,24
1900-01-01 16:19:28.474,0.212205,0.283283,0.338608,0,24
1900-01-01 16:19:29.474,0.212719,0.282432,0.338434,0,24
1900-01-01 16:19:30.474,0.212782,0.284207,0.338636,0,24
1900-01-01 16:19:31.474,0.212856,0.282873,0.338645,0,24
1900-01-01 16:19:32.474,0.212142,0.282994,0.338737,0,24
1900-01-01 16:19:33.474,0.2118,0.282968,0.33848,0,24
1900-01-01 16:19:34.474,0.212205,0.283131,0.338057,0,24
1900-01-01 16:19:35.474,0.213549,0.28522,0.338829,0,24
1900-01-01 16:19:36.474,0.214173,0.284233,0.338617,0,24
1900-01-01 16:19:37.474,0.212945,0.283388,0.338728,0,24
1900-01-01 16:19:38.474,0.213108,0.282616,0.33859,0,24
1900-01-01 16:19:39.474,0.213312,0.283803,0.338764,0,24
1900-01-01 16:19:40.474,0.212598,0.281781,0.338599,0,24
1900-01-01 16:19:41.474,0.212457,0.28407,0.338461,0,24
1900-01-01 16:19:42.474,0.212373,0.283367,0.339012,0,24
1900-01-01 16:19:43.474,0.213864,0.284748,0.339049,0,24
1900-01-01 16:19:44.474,0.21221,0.28259,0.338599,0,24
1900-01-01 16:19:45.474,0.212609,0.282569,0.338673,0,24
1900-01-01 16:19:46.474,0.212677,0.2827,0.338259,0,24
1900-01-01 16:19:47.474,0.212425,0.282968,0.338149,0,24
1900-01-01 16:19:48.474,0.212913,0.283619,0.338452,0,24
1900-01-01 16:19:49.474,0.212021,0.283383,0.338673,0,24
1900-01-01 16:19:50.474,0.213097,0.283776,0.338654,0,24
1900-01-01 16:19:51.474,0.212829,0.283866,0.338608,0,24
1900-01-01 16:19:52.474,0.213071,0.283992,0.338397,0,24
1900-01-01 16:19:53.474,0.213255,0.283593,0.338516,0,24
1900-01-01 16:19:54.474,0.213428,0.283115,0.338562,0,24
1900-01-01 16:19:55.474,0.212987,0.28343,0.338195,0,24
1900-01-01 16:19:56.474,0.212898,0.283283,0.338158,0,24
1900-01-01 16:19:57.474,0.212299,0.284034,0.338434,0,24
1900-01-01 16:19:58.474,0.213108,0.283551,0.338572,0,24
1900-01-01 16:19:59.474,0.212919,0.282805,0.33881,0,24
1900-01-01 16:20:00.474,0.213228,0.283367,0.338562,0,24
1900-01-01 16:20:01.474,0.212929,0.283514,0.338425,0,24
1900-01-01 16:20:02.474,0.213239,0.284994,0.338544,0,24
1900-01-01 16:20:03.474,0.21306,0.283099,0.338663,0,24
1900-01-01 16:20:04.474,0.213045,0.282637,0.338866,0,24
1900-01-01 16:20:05.474,0.212793,0.284884,0.338544,0,24
1900-01-01 16:20:06.474,0.212976,0.283419,0.338764,0,24
1900-01-01 16:20:07.474,0.212987,0.28249,0.33893,0,24
1900-01-01 16:20:08.474,0.212619,0.284133,0.33836,0,24
1900-01-01 16:20:09.474,0.21263,0.282616,0.338673,0,24
1900-01-01 16:20:10.474,0.212352,0.284186,0.338544,0,24
1900-01-01 16:20:11.474,0.213386,0.283535,0.338654,0,24
1900-01-01 16:20:12.474,0.21285,0.283787,0.33825,0,24
1900-01-01 16:20:13.474,0.211722,0.282511,0.338838,0,24
1900-01-01 16:20:14.474,0.212525,0.283488,0.338728,0,24
1900-01-01 16:20:15.474,0.212278,0.283398,0.338369,0,24
1900-01-01 16:20:16.474,0.212955,0.283299,0.338369,0,24
1900-01-01 16:20:17.474,0.21273,0.283703,0.338333,0,24
1900-01-01 16:20:18.474,0.213066,0.284039,0.338847,0,24
1900-01-01 16:20:19.474,0.212808,0.283446,0.338902,0,24
1900-01-01 16:20:20.474,0.212887,0.284506,0.339003,0,24
1900-01-01 16:20:21.474,0.213318,0.285105,0.338673,0,24
1900-01-01 16:20:22.474,0.21284,0.283393,0.339077,0,24
1900-01-01 16:20:23.474,0.212913,0.284259,0.33881,0,24
1900-01-01 16:20:24.474,0.212766,0.28281,0.339343,0,24
1900-01-01 16:20:25.474,0.212777,0.282417,0.338948,0,24
1900-01-01 16:20:26.474,0.212661,0.283745,0.338516,0,24
1900-01-01 16:20:27.474,0.213428,0.284805,0.33893,0,24
1900-01-01 16:20:28.474,0.212766,0.283524,0.338801,0,24
1900-01-01 16:20:29.474,0.212856,0.283824,0.338728,0,24
1900-01-01 16:20:30.474,0.213412,0.283824,0.338645,0,24
1900-01-01 16:20:31.474,0.21274,0.283215,0.338562,0,24
1900-01-01 16:20:32.474,0.212583,0.283178,0.338682,0,24
1900-01-01 16:20:33.474,0.212126,0.2826,0.338985,0,24
1900-01-01 16:20:34.474,0.212819,0.282795,0.338581,0,24
1900-01-01 16:20:35.474,0.213008,0.283645,0.338755,0,24
1900-01-01 16:20:36.474,0.212929,0.283036,0.338498,0,24
1900-01-01 16:20:37.474,0.212619,0.28395,0.338663,0,24
1900-01-01 16:20:38.474,0.212719,0.283325,0.338921,0,24
1900-01-01 16:20:39.474,0.212714,0.282422,0.338241,0,24
1900-01-01 16:20:40.474,0.21221,0.282149,0.338682,0,24
1900-01-01 16:20:41.474,0.212152,0.283425,0.338103,0,24
1900-01-01 16:20:42.474,0.212451,0.283498,0.338599,0,24
1900-01-01 16:20:43.474,0.213213,0.283818,0.33847,0,24
1900-01-01 16:20:44.474,0.213034,0.282742,0.338856,0,24
1900-01-01 16:20:45.474,0.212583,0.283383,0.338443,0,24
1900-01-01 16:20:46.474,0.21306,0.284732,0.33893,0,24
1900-01-01 16:20:47.474,0.213585,0.284317,0.338682,0,24
1900-01-01 16:20:48.474,0.21285,0.283682,0.339003,0,24
1900-01-01 16:20:49.474,0.213433,0.284448,0.338957,0,24
1900-01-01 16:20:50.474,0.212929,0.282254,0.338838,0,24
1900-01-01 16:20:51.474,0.213118,0.282826,0.338709,0,24
1900-01-01 16:20:52.474,0.212598,0.283813,0.338911,0,24
1900-01-01 16:20:53.474,0.212362,0.28332,0.338801,0,24
1900-01-01 16:20:54.474,0.212367,0.282128,0.338562,0,24
1900-01-01 16:20:55.474,0.212268,0.283472,0.338663,0,24
1900-01-01 16:20:56.474,0.212903,0.283162,0.338728,0,24
1900-01-01 16:20:57.474,0.213333,0.282411,0.338627,0,24
1900-01-01 16:20:58.474,0.212331,0.283902,0.338663,0,24
1900-01-01 16:20:59.474,0.21284,0.28491,0.338627,0,24
1900-01-01 16:21:00.474,0.21347,0.283377,0.338682,0,24
1900-01-01 16:21:01.474,0.213202,0.28344,0.338902,0,24
1900-01-01 16:21:02.474,0.212866,0.283335,0.3387,0,24
1900-01-01 16:21:03.474,0.212415,0.284165,0.338985,0,24
1900-01-01 16:21:04.474,0.21285,0.283855,0.338856,0,24
1900-01-01 16:21:05.474,0.213412,0.28428,0.338838,0,24
1900-01-01 16:21:06.474,0.212971,0.282417,0.338985,0,24
1900-01-01 16:21:07.474,0.212866,0.283435,0.338948,0,24
1900-01-01 16:21:08.474,0.213008,0.283052,0.33893,0,24
1900-01-01 16:21:09.474,0.213003,0.284511,0.338572,0,24
1900-01-01 16:21:10.474,0.213412,0.282852,0.338856,0,24
1900-01-01 16:21:11.474,0.213281,0.283703,0.339196,0,24
1900-01-01 16:21:12.474,0.21306,0.284517,0.338682,0,24
1900-01-01 16:21:13.474,0.213449,0.286512,0.339104,0,24
1900-01-01 16:21:14.474,0.213486,0.283204,0.338921,0,24
1900-01-01 16:21:15.474,0.212467,0.282364,0.338719,0,24
1900-01-01 16:21:16.474,0.21211,0.282033,0.338783,0,24
1900-01-01 16:21:17.474,0.212835,0.282474,0.338627,0,24
1900-01-01 16:21:18.474,0.212425,0.282968,0.338838,0,24
1900-01-01 16:21:19.474,0.212719,0.283446,0.338682,0,24
1900-01-01 16:21:20.474,0.212546,0.283099,0.338572,0,24
1900-01-01 16:21:21.474,0.212226,0.283178,0.338636,0,24
1900-01-01 16:21:22.474,0.213192,0.284574,0.338599,0,24
1900-01-01 16:21:23.474,0.213612,0.284328,0.339132,0,24
1900-01-01 16:21:24.474,0.212808,0.282564,0.338902,0,24
1900-01-01 16:21:25.474,0.212226,0.282695,0.338801,0,24
1900-01-01 16:21:26.474,0.212845,0.283041,0.3387,0,24
1900-01-01 16:21:27.474,0.212819,0.283136,0.338461,0,24
1900-01-01 16:21:28.474,0.212672,0.282642,0.338599,0,24
1900-01-01 16:21:29.474,0.212735,0.283472,0.338388,0,24
1900-01-01 16:21:30.474,0.21232,0.283593,0.338838,0,24
1900-01-01 16:21:31.474,0.212919,0.283141,0.338746,0,24
1900-01-01 16:21:32.474,0.211648,0.281162,0.33825,0,24
1900-01-01 16:21:33.474,0.212325,0.282852,0.338544,0,24
1900-01-01 16:21:34.474,0.212026,0.282784,0.338342,0,24
1900-01-01 16:21:35.474,0.212698,0.282984,0.338287,0,24
1900-01-01 16:21:36.474,0.212131,0.282852,0.338379,0,24
1900-01-01 16:21:37.474,0.21231,0.283467,0.338489,0,24
1900-01-01 16:21:38.474,0.212667,0.282942,0.338507,0,24
1900-01-01 16:21:39.474,0.211743,0.283062,0.338755,0,24
1900-01-01 16:21:40.474,0.212667,0.283608,0.33847,0,24
1900-01-01 16:21:41.474,0.212325,0.283278,0.338627,0,24
1900-01-01 16:21:42.474,0.212189,0.282585,0.338617,0,24
1900-01-01 16:21:43.474,0.211926,0.282532,0.338553,0,24
1900-01-01 16:21:44.474,0.212362,0.282915,0.33848,0,24
1900-01-01 16:21:45.474,0.212567,0.28354,0.338131,0,24
1900-01-01 16:21:46.474,0.212478,0.283262,0.33848,0,24
1900-01-01 16:21:47.474,0.212782,0.28291,0.338553,0,24
1900-01-01 16:21:48.474,0.212441,0.282978,0.338287,0,24
1900-01-01 16:21:49.474,0.212604,0.283818,0.337919,0,24
1900-01-01 16:21:50.474,0.212236,0.283855,0.338342,0,24
1900-01-01 16:21:51.474,0.213475,0.283362,0.338121,0,24
1900-01-01 16:21:52.474,0.21306,0.283241,0.338425,0,24
1900-01-01 16:21:53.474,0.212373,0.281865,0.338388,0,24
1900-01-01 16:21:54.474,0.212331,0.283094,0.338259,0,24
1900-01-01 16:21:55.474,0.213013,0.28332,0.33848,0,24
1900-01-01 16:21:56.474,0.212425,0.28323,0.338691,0,24
1900-01-01 16:21:57.474,0.212887,0.283566,0.338314,0,24
1900-01-01 16:21:58.474,0.213071,0.283635,0.338268,0,24
1900-01-01 16:21:59.474,0.212383,0.28311,0.338121,0,24
1900-01-01 16:22:00.474,0.212656,0.28406,0.338553,0,24
1900-01-01 16:22:01.474,0.212777,0.283545,0.33904,0,24
1900-01-01 16:22:02.474,0.212735,0.283598,0.338489,0,24
1900-01-01 16:22:03.474,0.212782,0.284007,0.338507,0,24
1900-01-01 16:22:04.474,0.212761,0.283052,0.338323,0,24
1900-01-01 16:22:05.474,0.212814,0.282779,0.338443,0,24
1900-01-01 16:22:06.474,0.212604,0.28332,0.338085,0,24
1900-01-01 16:22:07.474,0.212588,0.285262,0.338351,0,24
1900-01-01 16:22:08.474,0.212898,0.284364,0.338838,0,24
1900-01-01 16:22:09.474,0.213024,0.28386,0.33881,0,24
1900-01-01 16:22:10.474,0.213155,0.28344,0.33915,0,24
1900-01-01 16:22:11.474,0.213633,0.284223,0.338682,0,24
1900-01-01 16:22:12.474,0.213375,0.284438,0.338425,0,24
1900-01-01 16:22:13.474,0.212908,0.283236,0.338801,0,24
1900-01-01 16:22:14.474,0.212567,0.281393,0.339058,0,24
1900-01-01 16:22:15.474,0.212399,0.283645,0.338535,0,24
1900-01-01 16:22:16.474,0.212651,0.283204,0.338507,0,24
1900-01-01 16:22:17.474,0.21274,0.283225,0.338645,0,24
1900-01-01 16:22:18.474,0.213018,0.282038,0.338719,0,24
1900-01-01 16:22:19.474,0.212105,0.282989,0.338719,0,24
1900-01-01 16:22:20.474,0.212955,0.2829,0.338425,0,24
1900-01-01 16:22:21.474,0.212273,0.283173,0.338526,0,24
1900-01-01 16:22:22.474,0.213144,0.282905,0.338507,0,24
1900-01-01 16:22:23.474,0.213927,0.284564,0.338829,0,24
1900-01-01 16:22:24.474,0.212688,0.282973,0.338994,0,24
1900-01-01 16:22:25.474,0.212934,0.282128,0.339187,0,24
1900-01-01 16:22:26.474,0.212598,0.283152,0.338856,0,24
1900-01-01 16:22:27.474,0.21284,0.282889,0.338627,0,24
1900-01-01 16:22:28.474,0.212472,0.282795,0.338323,0,24
1900-01-01 16:22:29.474,0.212546,0.282469,0.338397,0,24
1900-01-01 16:22:30.474,0.212583,0.28343,0.338875,0,24
1900-01-01 16:22:31.474,0.212688,0.282894,0.338581,0,24
1900-01-01 16:22:32.474,0.21264,0.283309,0.33882,0,24
1900-01-01 16:22:33.474,0.212546,0.28343,0.339022,0,24
1900-01-01 16:22:34.474,0.212373,0.283346,0.338976,0,24
1900-01-01 16:22:35.474,0.212378,0.283257,0.338783,0,24
1900-01-01 16:22:36.474,0.212667,0.283482,0.338636,0,24
1900-01-01 16:22:37.474,0.213218,0.283451,0.338682,0,24
1900-01-01 16:22:38.474,0.21252,0.283566,0.338994,0,24
1900-01-01 16:22:39.474,0.21327,0.284727,0.339003,0,24
1900-01-01 16:22:40.474,0.212325,0.282679,0.338985,0,24
1900-01-01 16:22:41.474,0.213108,0.284963,0.338783,0,24
1900-01-01 16:22:42.474,0.213029,0.28269,0.338866,0,24
1900-01-01 16:22:43.474,0.212835,0.282007,0.338572,0,24
1900-01-01 16:22:44.474,0.211968,0.282716,0.33859,0,24
1900-01-01 16:22:45.474,0.212761,0.283944,0.339003,0,24
1900-01-01 16:22:46.474,0.212504,0.284937,0.338948,0,24
1900-01-01 16:22:47.474,0.212551,0.283304,0.339178,0,24
1900-01-01 16:22:48.474,0.212168,0.282023,0.338498,0,24
1900-01-01 16:22:49.474,0.212084,0.283288,0.338764,0,24
1900-01-01 16:22:50.474,0.212593,0.283346,0.339012,0,24
1900-01-01 16:22:51.474,0.212577,0.283157,0.338902,0,24
1900-01-01 16:22:52.474,0.212478,0.283461,0.339022,0,24
1900-01-01 16:22:53.474,0.212226,0.282558,0.338838,0,24
1900-01-01 16:22:54.474,0.212635,0.282999,0.338792,0,24
1900-01-01 16:22:55.474,0.211879,0.283215,0.338884,0,24
1900-01-01 16:22:56.474,0.212383,0.283125,0.338902,0,24
1900-01-01 16:22:57.474,0.212488,0.283656,0.338856,0,24
1900-01-01 16:22:58.474,0.212173,0.282984,0.33848,0,24
1900-01-01 16:22:59.474,0.21253,0.28248,0.338645,0,24
1900-01-01 16:23:00.474,0.21221,0.283047,0.338617,0,24
1900-01-01 16:23:01.474,0.212614,0.282947,0.338599,0,24
1900-01-01 16:23:02.474,0.212247,0.284034,0.338985,0,24
1900-01-01 16:23:03.474,0.212409,0.282779,0.339141,0,24
1900-01-01 16:23:04.474,0.212446,0.281996,0.33882,0,24
1900-01-01 16:23:05.474,0.211585,0.282474,0.338737,0,24
1900-01-01 16:23:06.474,0.212241,0.283178,0.338728,0,24
1900-01-01 16:23:07.474,0.212436,0.282973,0.338636,0,24
1900-01-01 16:23:08.474,0.211443,0.283509,0.338397,0,24
1900-01-01 16:23:09.474,0.212373,0.283278,0.338617,0,24
1900-01-01 16:23:10.474,0.212367,0.283535,0.338516,0,24
1900-01-01 16:23:11.474,0.213449,0.284254,0.339224,0,24
1900-01-01 16:23:12.474,0.213276,0.281372,0.339022,0,24
1900-01-01 16:23:13.474,0.21306,0.281897,0.33893,0,24
1900-01-01 16:23:14.474,0.212252,0.282044,0.338489,0,24
1900-01-01 16:23:15.474,0.212892,0.282558,0.338195,0,24
1900-01-01 16:23:16.474,0.212934,0.283435,0.338737,0,24
1900-01-01 16:23:17.474,0.212047,0.282674,0.338875,0,24
1900-01-01 16:23:18.474,0.212226,0.283719,0.338645,0,24
1900-01-01 16:23:19.474,0.212509,0.283314,0.338452,0,24
1900-01-01 16:23:20.474,0.212761,0.282543,0.338801,0,24
1900-01-01 16:23:21.474,0.212619,0.2829,0.338066,0,24
1900-01-01 16:23:22.474,0.212551,0.282852,0.33848,0,24
1900-01-01 16:23:23.474,0.212331,0.283435,0.339159,0,24
1900-01-01 16:23:24.474,0.212976,0.282175,0.338911,0,24
1900-01-01 16:23:25.474,0.212829,0.283031,0.339058,0,24
1900-01-01 16:23:26.474,0.212982,0.283078,0.338663,0,24
1900-01-01 16:23:27.474,0.212672,0.28354,0.338764,0,24
1900-01-01 16:23:28.474,0.211974,0.282191,0.338599,0,24
1900-01-01 16:23:29.474,0.21253,0.283052,0.33882,0,24
1900-01-01 16:23:30.474,0.21232,0.282805,0.338948,0,24
1900-01-01 16:23:31.474,0.212467,0.282369,0.338461,0,24
1900-01-01 16:23:32.474,0.212598,0.28437,0.338489,0,24
1900-01-01 16:23:33.474,0.213003,0.282564,0.338673,0,24
1900-01-01 16:23:34.474,0.21242,0.283052,0.338581,0,24
1900-01-01 16:23:35.474,0.212399,0.281597,0.338599,0,24
1900-01-01 16:23:36.474,0.212378,0.281508,0.338893,0,24
1900-01-01 16:23:37.474,0.21263,0.282989,0.338581,0,24
1900-01-01 16:23:38.474,0.212777,0.284154,0.338581,0,24
1900-01-01 16:23:39.474,0.21306,0.282333,0.338682,0,24
1900-01-01 16:23:40.474,0.212089,0.282306,0.338709,0,24
1900-01-01 16:23:41.474,0.212667,0.282679,0.33848,0,24
1900-01-01 16:23:42.474,0.212514,0.283782,0.338535,0,24
1900-01-01 16:23:43.474,0.212294,0.283897,0.339003,0,24
1900-01-01 16:23:44.474,0.212955,0.28375,0.339187,0,24
1900-01-01 16:23:45.474,0.212714,0.283104,0.339077,0,24
1900-01-01 16:23:46.474,0.212688,0.283493,0.338801,0,24
1900-01-01 16:23:47.474,0.212987,0.281918,0.338838,0,24
1900-01-01 16:23:48.474,0.21189,0.282049,0.338691,0,24
1900-01-01 16:23:49.474,0.21169,0.282301,0.338581,0,24
1900-01-01 16:23:50.474,0.21221,0.281261,0.338085,0,24
1900-01-01 16:23:51.474,0.211874,0.282984,0.338406,0,24
1900-01-01 16:23:52.474,0.212184,0.281944,0.338728,0,24
1900-01-01 16:23:53.474,0.212121,0.281676,0.338066,0,24
1900-01-01 16:23:54.474,0.212052,0.284175,0.338755,0,24
1900-01-01 16:23:55.474,0.212357,0.284049,0.339141,0,24
1900-01-01 16:23:56.474,0.21273,0.282516,0.338553,0,24
1900-01-01 16:23:57.474,0.213008,0.282322,0.338617,0,24
1900-01-01 16:23:58.474,0.212325,0.283682,0.338415,0,24
1900-01-01 16:23:59.474,0.212409,0.282705,0.338599,0,24
1900-01-01 16:24:00.474,0.211979,0.281729,0.338333,0,24
1900-01-01 16:24:01.474,0.212194,0.282942,0.338369,0,24
1900-01-01 16:24:02.474,0.212451,0.282732,0.338746,0,24
1900-01-01 16:24:03.474,0.212635,0.283482,0.338204,0,24
1900-01-01 16:24:04.474,0.212808,0.281755,0.33848,0,24
1900-01-01 16:24:05.474,0.212982,0.284401,0.338663,0,24
1900-01-01 16:24:06.474,0.212651,0.283635,0.338434,0,24
1900-01-01 16:24:07.474,0.21264,0.281802,0.338627,0,24
1900-01-01 16:24:08.474,0.212131,0.282779,0.338287,0,24
1900-01-01 16:24:09.474,0.21252,0.284259,0.339141,0,24
1900-01-01 16:24:10.474,0.212079,0.283803,0.338829,0,24
1900-01-01 16:24:11.474,0.212934,0.283152,0.339123,0,24
1900-01-01 16:24:12.474,0.212625,0.282569,0.338792,0,24
1900-01-01 16:24:13.474,0.213333,0.283671,0.338976,0,24
1900-01-01 16:24:14.474,0.212283,0.282747,0.338737,0,24
1900-01-01 16:24:15.474,0.212383,0.282543,0.338719,0,24
1900-01-01 16:24:16.474,0.212661,0.28187,0.3387,0,24
1900-01-01 16:24:17.474,0.21211,0.282753,0.338728,0,24
1900-01-01 16:24:18.474,0.213113,0.284343,0.33904,0,24
1900-01-01 16:24:19.474,0.212919,0.283383,0.338866,0,24
1900-01-01 16:24:20.474,0.213496,0.283918,0.33881,0,24
1900-01-01 16:24:21.474,0.21316,0.281314,0.338489,0,24
1900-01-01 16:24:22.474,0.212178,0.281718,0.338663,0,24
1900-01-01 16:24:23.474,0.212152,0.282112,0.338737,0,24
1900-01-01 16:24:24.474,0.212677,0.282999,0.338911,0,24
1900-01-01 16:24:25.474,0.212152,0.282705,0.338645,0,24
1900-01-01 16:24:26.474,0.213029,0.283005,0.338572,0,24
1900-01-01 16:24:27.474,0.212908,0.283776,0.338719,0,24
1900-01-01 16:24:28.474,0.212241,0.282417,0.338415,0,24
1900-01-01 16:24:29.474,0.212373,0.282138,0.338774,0,24
1900-01-01 16:24:30.474,0.211984,0.282091,0.338728,0,24
1900-01-01 16:24:31.474,0.212609,0.282915,0.3387,0,24
1900-01-01 16:24:32.474,0.212514,0.282774,0.3387,0,24
1900-01-01 16:24:33.474,0.212362,0.28302,0.338572,0,24
1900-01-01 16:24:34.474,0.211968,0.282537,0.338774,0,24
1900-01-01 16:24:35.474,0.212535,0.283057,0.338856,0,24
1900-01-01 16:24:36.474,0.212373,0.282931,0.338498,0,24
1900-01-01 16:24:37.474,0.212173,0.281629,0.338755,0,24
1900-01-01 16:24:38.474,0.212341,0.283545,0.338489,0,24
1900-01-01 16:24:39.474,0.212373,0.283624,0.338783,0,24
1900-01-01 16:24:40.474,0.211968,0.282196,0.338994,0,24
1900-01-01 16:24:41.474,0.212509,0.283666,0.338709,0,24
1900-01-01 16:24:42.474,0.21263,0.283414,0.338425,0,24
1900-01-01 16:24:43.474,0.212315,0.281902,0.338287,0,24
1900-01-01 16:24:44.474,0.212241,0.282747,0.338075,0,24
1900-01-01 16:24:45.474,0.212037,0.282548,0.338875,0,24
1900-01-01 16:24:46.474,0.211953,0.283356,0.33882,0,24
1900-01-01 16:24:47.474,0.212446,0.282658,0.338719,0,24
1900-01-01 16:24:48.474,0.212609,0.283482,0.33881,0,24
1900-01-01 16:24:49.474,0.212688,0.283104,0.338746,0,24
1900-01-01 16:24:50.474,0.213008,0.282149,0.339049,0,24
1900-01-01 16:24:51.474,0.211611,0.282732,0.338535,0,24
1900-01-01 16:24:52.474,0.213055,0.282185,0.338562,0,24
1900-01-01 16:24:53.474,0.212436,0.283535,0.338755,0,24
1900-01-01 16:24:54.474,0.212719,0.283414,0.338755,0,24
1900-01-01 16:24:55.474,0.2121,0.282459,0.338774,0,24
1900-01-01 16:24:56.474,0.212283,0.282653,0.338342,0,24
1900-01-01 16:24:57.474,0.212919,0.282107,0.338801,0,24
1900-01-01 16:24:58.474,0.211858,0.282028,0.33848,0,24
1900-01-01 16:24:59.474,0.211947,0.283398,0.338278,0,24
1900-01-01 16:25:00.474,0.213186,0.284133,0.338691,0,24
1900-01-01 16:25:01.474,0.212677,0.281981,0.338893,0,24
1900-01-01 16:25:02.474,0.212383,0.282879,0.338654,0,24
1900-01-01 16:25:03.474,0.211669,0.282012,0.338884,0,24
1900-01-01 16:25:04.474,0.212887,0.283698,0.338847,0,24
1900-01-01 16:25:05.474,0.212226,0.282369,0.338902,0,24
1900-01-01 16:25:06.474,0.212488,0.28207,0.338847,0,24
1900-01-01 16:25:07.474,0.212598,0.28354,0.338948,0,24
1900-01-01 16:25:08.474,0.212173,0.281671,0.338562,0,24
1900-01-01 16:25:09.474,0.212593,0.283645,0.338783,0,24
1900-01-01 16:25:10.474,0.212803,0.284076,0.339334,0,24
1900-01-01 16:25:11.474,0.212945,0.282385,0.339362,0,24
1900-01-01 16:25:12.474,0.212457,0.282364,0.339251,0,24
1900-01-01 16:25:13.474,0.212856,0.281981,0.33881,0,24
1900-01-01 16:25:14.474,0.212808,0.282101,0.338627,0,24
1900-01-01 16:25:15.474,0.212593,0.282758,0.33881,0,24
1900-01-01 16:25:16.474,0.212388,0.283052,0.338645,0,24
1900-01-01 16:25:17.474,0.212247,0.282459,0.338682,0,24
1900-01-01 16:25:18.474,0.212509,0.283031,0.338976,0,24
1900-01-01 16:25:19.474,0.212478,0.283183,0.338746,0,24
1900-01-01 16:25:20.474,0.213339,0.283257,0.339104,0,24
1900-01-01 16:25:21.474,0.213244,0.284989,0.338994,0,24
1900-01-01 16:25:22.474,0.212929,0.282884,0.338884,0,24
1900-01-01 16:25:23.474,0.212583,0.282432,0.339077,0,24
1900-01-01 16:25:24.474,0.212709,0.283272,0.339022,0,24
1900-01-01 16:25:25.474,0.212315,0.283041,0.338884,0,24
1900-01-01 16:25:26.474,0.212808,0.282438,0.338875,0,24
1900-01-01 16:25:27.474,0.21252,0.282611,0.338599,0,24
1900-01-01 16:25:28.474,0.212409,0.281834,0.339169,0,24
1900-01-01 16:25:29.474,0.212341,0.281891,0.338957,0,24
1900-01-01 16:25:30.474,0.212583,0.283199,0.338452,0,24
1900-01-01 16:25:31.474,0.212168,0.282816,0.339141,0,24
1900-01-01 16:25:32.474,0.212252,0.282852,0.339408,0,24
1900-01-01 16:25:33.474,0.212352,0.283351,0.338728,0,24
1900-01-01 16:25:34.474,0.21274,0.283236,0.338636,0,24
1900-01-01 16:25:35.474,0.212819,0.282879,0.338498,0,24
1900-01-01 16:25:36.474,0.212509,0.282768,0.339022,0,24
1900-01-01 16:25:37.474,0.213239,0.284034,0.339261,0,24
1900-01-01 16:25:38.474,0.212761,0.282149,0.33859,0,24
1900-01-01 16:25:39.474,0.212226,0.282616,0.338388,0,24
1900-01-01 16:25:40.474,0.211837,0.282721,0.338443,0,24
1900-01-01 16:25:41.474,0.212682,0.283813,0.338838,0,24
1900-01-01 16:25:42.474,0.212625,0.282359,0.339104,0,24
1900-01-01 16:25:43.474,0.212588,0.283745,0.338911,0,24
1900-01-01 16:25:44.474,0.21264,0.283425,0.339049,0,24
1900-01-01 16:25:45.474,0.212541,0.282858,0.339224,0,24
1900-01-01 16:25:46.474,0.212829,0.28449,0.339077,0,24
1900-01-01 16:25:47.474,0.213428,0.284107,0.338948,0,24
1900-01-01 16:25:48.474,0.213753,0.282054,0.339095,0,24
1900-01-01 16:25:49.474,0.212992,0.282753,0.339711,0,24
1900-01-01 16:25:50.474,0.212535,0.283677,0.339205,0,24
1900-01-01 16:25:51.474,0.212115,0.282175,0.33915,0,24
1900-01-01 16:25:52.474,0.211895,0.283167,0.339068,0,24
1900-01-01 16:25:53.474,0.21242,0.282795,0.339169,0,24
1900-01-01 16:25:54.474,0.213055,0.283026,0.339242,0,24
1900-01-01 16:25:55.474,0.212593,0.282763,0.338967,0,24
1900-01-01 16:25:56.474,0.212698,0.281671,0.339343,0,24
1900-01-01 16:25:57.474,0.212719,0.28302,0.338893,0,24
1900-01-01 16:25:58.474,0.2121,0.282789,0.339031,0,24
1900-01-01 16:25:59.474,0.212651,0.281802,0.339068,0,24
1900-01-01 16:26:00.474,0.212457,0.282317,0.338801,0,24
1900-01-01 16:26:01.474,0.212241,0.283346,0.339233,0,24
1900-01-01 16:26:02.474,0.211716,0.28196,0.338838,0,24
1900-01-01 16:26:03.474,0.212105,0.2826,0.338875,0,24
1900-01-01 16:26:04.474,0.212824,0.283209,0.338608,0,24
1900-01-01 16:26:05.474,0.212441,0.283104,0.338691,0,24
1900-01-01 16:26:06.474,0.212026,0.282768,0.338663,0,24
1900-01-01 16:26:07.474,0.212252,0.283524,0.338553,0,24
1900-01-01 16:26:08.474,0.212341,0.283068,0.338948,0,24
1900-01-01 16:26:09.474,0.212399,0.282627,0.338902,0,24
1900-01-01 16:26:10.474,0.21211,0.283482,0.339297,0,24
1900-01-01 16:26:11.474,0.211974,0.281776,0.33881,0,24
1900-01-01 16:26:12.474,0.211905,0.283015,0.338673,0,24
1900-01-01 16:26:13.474,0.212425,0.282201,0.338875,0,24
1900-01-01 16:26:14.474,0.21231,0.281954,0.338553,0,24
1900-01-01 16:26:15.474,0.212357,0.282653,0.338516,0,24
1900-01-01 16:26:16.474,0.212651,0.282637,0.338829,0,24
1900-01-01 16:26:17.474,0.212262,0.281618,0.338544,0,24
1900-01-01 16:26:18.474,0.212688,0.282963,0.33859,0,24
1900-01-01 16:26:19.474,0.211942,0.282101,0.338737,0,24
1900-01-01 16:26:20.474,0.212084,0.282054,0.338553,0,24
1900-01-01 16:26:21.474,0.212415,0.28354,0.338112,0,24
1900-01-01 16:26:22.474,0.212168,0.284375,0.337745,0,24
1900-01-01 16:26:23.474,0.211911,0.282511,0.338829,0,24
1900-01-01 16:26:24.474,0.212425,0.281891,0.338746,0,24
1900-01-01 16:26:25.474,0.212315,0.28354,0.338875,0,24
1900-01-01 16:26:26.474,0.211905,0.283372,0.33881,0,24
1900-01-01 16:26:27.474,0.212808,0.282564,0.338967,0,24
1900-01-01 16:26:28.474,0.212567,0.282348,0.338774,0,24
1900-01-01 16:26:29.474,0.213087,0.282495,0.338801,0,24
1900-01-01 16:26:30.474,0.212121,0.282816,0.338342,0,24
1900-01-01 16:26:31.474,0.212163,0.283041,0.338342,0,24
1900-01-01 16:26:32.474,0.212756,0.283125,0.338553,0,24
1900-01-01 16:26:33.474,0.212908,0.282291,0.339159,0,24
1900-01-01 16:26:34.474,0.212415,0.282038,0.339141,0,24
1900-01-01 16:26:35.474,0.21295,0.282585,0.338645,0,24
1900-01-01 16:26:36.474,0.212388,0.283619,0.338985,0,24
1900-01-01 16:26:37.474,0.212399,0.282868,0.338967,0,24
1900-01-01 16:26:38.474,0.212121,0.281666,0.338323,0,24
1900-01-01 16:26:39.474,0.212147,0.282128,0.338617,0,24
1900-01-01 16:26:40.474,0.212446,0.282858,0.338342,0,24
1900-01-01 16:26:41.474,0.212415,0.282511,0.338562,0,24
1900-01-01 16:26:42.474,0.212331,0.283162,0.338333,0,24
1900-01-01 16:26:43.474,0.212719,0.282894,0.338195,0,24
1900-01-01 16:26:44.474,0.212777,0.282495,0.338617,0,24
1900-01-01 16:26:45.474,0.212562,0.2829,0.338654,0,24
1900-01-01 16:26:46.474,0.212152,0.282826,0.338636,0,24
1900-01-01 16:26:47.474,0.212903,0.282248,0.338856,0,24
1900-01-01 16:26:48.474,0.211963,0.282107,0.338921,0,24
1900-01-01 16:26:49.474,0.212315,0.28238,0.338581,0,24
1900-01-01 16:26:50.474,0.212924,0.283666,0.338489,0,24
1900-01-01 16:26:51.474,0.21264,0.284133,0.33847,0,24
1900-01-01 16:26:52.474,0.212415,0.283514,0.338617,0,24
1900-01-01 16:26:53.474,0.212761,0.2829,0.338654,0,24
1900-01-01 16:26:54.474,0.212892,0.282789,0.338847,0,24
1900-01-01 16:26:55.474,0.213066,0.281949,0.33893,0,24
1900-01-01 16:26:56.474,0.2119,0.282763,0.338866,0,24
1900-01-01 16:26:57.474,0.212955,0.282873,0.338645,0,24
1900-01-01 16:26:58.474,0.213113,0.283057,0.33859,0,24
1900-01-01 16:26:59.474,0.212357,0.282532,0.338562,0,24
1900-01-01 16:27:00.474,0.212499,0.282427,0.339022,0,24
1900-01-01 16:27:01.474,0.212388,0.282611,0.338222,0,24
1900-01-01 16:27:02.474,0.212247,0.281471,0.338866,0,24
1900-01-01 16:27:03.474,0.212336,0.283356,0.339132,0,24
1900-01-01 16:27:04.474,0.212126,0.283855,0.338719,0,24
1900-01-01 16:27:05.474,0.212877,0.282621,0.338893,0,24
1900-01-01 16:27:06.474,0.212698,0.281414,0.338829,0,24
1900-01-01 16:27:07.474,0.211968,0.281429,0.33848,0,24
1900-01-01 16:27:08.474,0.212724,0.282632,0.338415,0,24
1900-01-01 16:27:09.474,0.212625,0.283619,0.338562,0,24
1900-01-01 16:27:10.474,0.212357,0.281587,0.338268,0,24
1900-01-01 16:27:11.474,0.212388,0.282175,0.338654,0,24
1900-01-01 16:27:12.474,0.211622,0.281713,0.33859,0,24
1900-01-01 16:27:13.474,0.212247,0.282621,0.338526,0,24
1900-01-01 16:27:14.474,0.212031,0.28269,0.338516,0,24
1900-01-01 16:27:15.474,0.21273,0.2829,0.3387,0,24
1900-01-01 16:27:16.474,0.212451,0.281949,0.338121,0,24
1900-01-01 16:27:17.474,0.211354,0.28091,0.338278,0,24
1900-01-01 16:27:18.474,0.212289,0.282915,0.338103,0,24
1900-01-01 16:27:19.474,0.212598,0.283267,0.338516,0,24
1900-01-01 16:27:20.474,0.212766,0.28353,0.338461,0,24
1900-01-01 16:27:21.474,0.212509,0.283236,0.338406,0,24
1900-01-01 16:27:22.474,0.212766,0.282852,0.338176,0,24
1900-01-01 16:27:23.474,0.212583,0.282044,0.338682,0,24
1900-01-01 16:27:24.474,0.21243,0.282868,0.338489,0,24
1900-01-01 16:27:25.474,0.213024,0.282695,0.338296,0,24
1900-01-01 16:27:26.474,0.212457,0.28175,0.338406,0,24
1900-01-01 16:27:27.474,0.212373,0.282884,0.338719,0,24
1900-01-01 16:27:28.474,0.212388,0.283477,0.338489,0,24
1900-01-01 16:27:29.474,0.212047,0.281734,0.338617,0,24
1900-01-01 16:27:30.474,0.212126,0.282117,0.338186,0,24
1900-01-01 16:27:31.474,0.211785,0.28124,0.338176,0,24
1900-01-01 16:27:32.474,0.212042,0.283262,0.338627,0,24
1900-01-01 16:27:33.474,0.212672,0.283062,0.338268,0,24
1900-01-01 16:27:34.474,0.212383,0.282312,0.338498,0,24
1900-01-01 16:27:35.474,0.212614,0.28248,0.338452,0,24
1900-01-01 16:27:36.474,0.2118,0.282411,0.338314,0,24
1900-01-01 16:27:37.474,0.21221,0.28291,0.338599,0,24
1900-01-01 16:27:38.474,0.212577,0.282637,0.338388,0,24
1900-01-01 16:27:39.474,0.212289,0.28217,0.338719,0,24
1900-01-01 16:27:40.474,0.212236,0.282831,0.338204,0,24
1900-01-01 16:27:41.474,0.211501,0.282695,0.338305,0,24
1900-01-01 16:27:42.474,0.212115,0.282852,0.338764,0,24
1900-01-01 16:27:43.474,0.212163,0.283068,0.338553,0,24
1900-01-01 16:27:44.474,0.212168,0.282758,0.33848,0,24
1900-01-01 16:27:45.474,0.212688,0.282191,0.338617,0,24
1900-01-01 16:27:46.474,0.212646,0.281823,0.338388,0,24
1900-01-01 16:27:47.474,0.211764,0.282606,0.338029,0,24
1900-01-01 16:27:48.474,0.212315,0.282868,0.338425,0,24
1900-01-01 16:27:49.474,0.2119,0.282269,0.3387,0,24
1900-01-01 16:27:50.474,0.212073,0.281765,0.339049,0,24
1900-01-01 16:27:51.474,0.212625,0.282889,0.338397,0,24
1900-01-01 16:27:52.474,0.211953,0.282957,0.338801,0,24
1900-01-01 16:27:53.474,0.212247,0.281561,0.338369,0,24
1900-01-01 16:27:54.474,0.212136,0.281513,0.338369,0,24
1900-01-01 16:27:55.474,0.212373,0.283104,0.338572,0,24
1900-01-01 16:27:56.474,0.21284,0.283257,0.338783,0,24
1900-01-01 16:27:57.474,0.212436,0.283162,0.339012,0,24
1900-01-01 16:27:58.474,0.212756,0.282422,0.338755,0,24
1900-01-01 16:27:59.474,0.212367,0.282259,0.33881,0,24
1900-01-01 16:28:00.474,0.212546,0.282931,0.33847,0,24
1900-01-01 16:28:01.474,0.212735,0.282417,0.338608,0,24
1900-01-01 16:28:02.474,0.212472,0.283152,0.339012,0,24
1900-01-01 16:28:03.474,0.212383,0.282616,0.33893,0,24
1900-01-01 16:28:04.474,0.212126,0.282306,0.338866,0,24
1900-01-01 16:28:05.474,0.21305,0.284128,0.33893,0,24
1900-01-01 16:28:06.474,0.212184,0.281965,0.33881,0,24
1900-01-01 16:28:07.474,0.211932,0.282154,0.338764,0,24
1900-01-01 16:28:08.474,0.212903,0.283398,0.338847,0,24
1900-01-01 16:28:09.474,0.212262,0.282632,0.338452,0,24
1900-01-01 16:28:10.474,0.212646,0.282317,0.338213,0,24
1900-01-01 16:28:11.474,0.212199,0.281487,0.338737,0,24
1900-01-01 16:28:12.474,0.211848,0.281986,0.338296,0,24
1900-01-01 16:28:13.474,0.211753,0.282464,0.338369,0,24
1900-01-01 16:28:14.474,0.212415,0.283645,0.338498,0,24
1900-01-01 16:28:15.474,0.212525,0.283062,0.338627,0,24
1900-01-01 16:28:16.474,0.212609,0.282385,0.338737,0,24
1900-01-01 16:28:17.474,0.212178,0.282269,0.338636,0,24
1900-01-01 16:28:18.474,0.212215,0.281618,0.338627,0,24
1900-01-01 16:28:19.474,0.212194,0.28228,0.338856,0,24
1900-01-01 16:28:20.474,0.212289,0.281114,0.338112,0,24
1900-01-01 16:28:21.474,0.212457,0.282653,0.338507,0,24
1900-01-01 16:28:22.474,0.21179,0.281267,0.338039,0,24
1900-01-01 16:28:23.474,0.212446,0.281482,0.337846,0,24
1900-01-01 16:28:24.474,0.212766,0.282784,0.338158,0,24
1900-01-01 16:28:25.474,0.211932,0.28311,0.33825,0,24
1900-01-01 16:28:26.474,0.212178,0.28259,0.338498,0,24
1900-01-01 16:28:27.474,0.213144,0.282831,0.338663,0,24
1900-01-01 16:28:28.474,0.212425,0.282595,0.338415,0,24
1900-01-01 16:28:29.474,0.21274,0.283141,0.338627,0,24
1900-01-01 16:28:30.474,0.212735,0.281986,0.338617,0,24
1900-01-01 16:28:31.474,0.212504,0.284349,0.338526,0,24
1900-01-01 16:28:32.474,0.21221,0.282742,0.338287,0,24
1900-01-01 16:28:33.474,0.213165,0.283146,0.338673,0,24
1900-01-01 16:28:34.474,0.212478,0.282474,0.339132,0,24
1900-01-01 16:28:35.474,0.212824,0.281792,0.338636,0,24
1900-01-01 16:28:36.474,0.212121,0.282873,0.338379,0,24
1900-01-01 16:28:37.474,0.212147,0.283262,0.338783,0,24
1900-01-01 16:28:38.474,0.212247,0.282936,0.338838,0,24
1900-01-01 16:28:39.474,0.213034,0.28312,0.338985,0,24
1900-01-01 16:28:40.474,0.212703,0.281062,0.338755,0,24
1900-01-01 16:28:41.474,0.212877,0.283577,0.338682,0,24
1900-01-01 16:28:42.474,0.21306,0.282606,0.33881,0,24
1900-01-01 16:28:43.474,0.212651,0.28281,0.338663,0,24
1900-01-01 16:28:44.474,0.212782,0.283976,0.338746,0,24
1900-01-01 16:28:45.474,0.212898,0.281681,0.338406,0,24
1900-01-01 16:28:46.474,0.212604,0.283188,0.338783,0,24
1900-01-01 16:28:47.474,0.21263,0.284049,0.338608,0,24
1900-01-01 16:28:48.474,0.212908,0.283787,0.338608,0,24
1900-01-01 16:28:49.474,0.212735,0.282737,0.339095,0,24
1900-01-01 16:28:50.474,0.212756,0.282206,0.338764,0,24
1900-01-01 16:28:51.474,0.212399,0.282443,0.338654,0,24
1900-01-01 16:28:52.474,0.212735,0.283656,0.338967,0,24
1900-01-01 16:28:53.474,0.212866,0.282936,0.339196,0,24
1900-01-01 16:28:54.474,0.212499,0.2829,0.338967,0,24
1900-01-01 16:28:55.474,0.212189,0.282621,0.339012,0,24
1900-01-01 16:28:56.474,0.212635,0.282411,0.339031,0,24
1900-01-01 16:28:57.474,0.212136,0.282884,0.338911,0,24
1900-01-01 16:28:58.474,0.212635,0.284002,0.338801,0,24
1900-01-01 16:28:59.474,0.212656,0.283157,0.339049,0,24
1900-01-01 16:29:00.474,0.212751,0.282863,0.338792,0,24
1900-01-01 16:29:01.474,0.212887,0.282522,0.338893,0,24
1900-01-01 16:29:02.474,0.212688,0.283262,0.338856,0,24
1900-01-01 16:29:03.474,0.212719,0.282653,0.33881,0,24
1900-01-01 16:29:04.474,0.212913,0.283146,0.339132,0,24
1900-01-01 16:29:05.474,0.212283,0.282112,0.338847,0,24
1900-01-01 16:29:06.474,0.212373,0.282826,0.338737,0,24
1900-01-01 16:29:07.474,0.212415,0.283771,0.338654,0,24
1900-01-01 16:35:51.474,0.250154,0.285929,0.343744,0,24
1900-01-01 16:35:52.474,0.249125,0.284837,0.343836,0,24
1900-01-01 16:35:53.474,0.248847,0.284937,0.343367,0,24
1900-01-01 16:35:54.474,0.248364,0.284448,0.342908,0,24
1900-01-01 16:35:55.474,0.247986,0.285189,0.343239,0,24
1900-01-01 16:35:56.474,0.247608,0.28564,0.342908,0,24
1900-01-01 16:35:57.474,0.248238,0.284443,0.342586,0,24
1900-01-01 16:35:58.474,0.248553,0.285819,0.34266,0,24
1900-01-01 16:35:59.474,0.24838,0.284816,0.342099,0,24
1900-01-01 16:36:00.474,0.247167,0.283986,0.342118,0,24
1900-01-01 16:36:01.474,0.247503,0.28385,0.342017,0,24
1900-01-01 16:36:02.474,0.247587,0.285457,0.341943,0,24
1900-01-01 16:36:03.474,0.247676,0.284695,0.341916,0,24
1900-01-01 16:36:04.474,0.247613,0.284464,0.341631,0,24
1900-01-01 16:36:05.474,0.247839,0.285005,0.341842,0,24
1900-01-01 16:36:06.474,0.247928,0.284606,0.341741,0,24
1900-01-01 16:36:07.474,0.248584,0.286144,0.341567,0,24
1900-01-01 16:36:08.474,0.248563,0.284664,0.341162,0,24
1900-01-01 16:36:09.474,0.247387,0.285609,0.341511,0,24
1900-01-01 16:36:10.474,0.248327,0.28573,0.341282,0,24
1900-01-01 16:36:11.474,0.248453,0.285136,0.34119,0,24
1900-01-01 16:36:12.474,0.247629,0.285084,0.340896,0,24
1900-01-01 16:36:13.474,0.248731,0.285808,0.341015,0,24
1900-01-01 16:36:14.474,0.248038,0.285031,0.341263,0,24
1900-01-01 16:36:15.474,0.2485,0.285341,0.341181,0,24
1900-01-01 16:36:16.474,0.248621,0.285735,0.340942,0,24
1900-01-01 16:36:17.474,0.248926,0.285099,0.341034,0,24
1900-01-01 16:36:18.474,0.2487,0.284952,0.341172,0,24
1900-01-01 16:36:19.474,0.247876,0.284711,0.340749,0,24
1900-01-01 16:36:20.474,0.248012,0.28533,0.340868,0,24
1900-01-01 16:36:21.474,0.247613,0.284643,0.34062,0,24
1900-01-01 16:36:22.474,0.248658,0.285026,0.34096,0,24
1900-01-01 16:36:23.474,0.248453,0.285525,0.341034,0,24
1900-01-01 16:36:24.474,0.247702,0.285288,0.340629,0,24
1900-01-01 16:36:25.474,0.247891,0.283834,0.340464,0,24
1900-01-01 16:36:26.474,0.248385,0.283131,0.340703,0,24
1900-01-01 16:36:27.474,0.247435,0.285225,0.340657,0,24
1900-01-01 16:36:28.474,0.247566,0.284259,0.34017,0,24
1900-01-01 16:36:29.474,0.24797,0.285351,0.340106,0,24
1900-01-01 16:36:30.474,0.247151,0.285625,0.340363,0,24
1900-01-01 16:36:31.474,0.247792,0.285661,0.339885,0,24
1900-01-01 16:36:32.474,0.24817,0.284018,0.34062,0,24
1900-01-01 16:36:33.474,0.247566,0.284417,0.340308,0,24
1900-01-01 16:36:34.474,0.248101,0.285367,0.340501,0,24
1900-01-01 16:36:35.474,0.249162,0.287163,0.34051,0,24
1900-01-01 16:36:36.474,0.248936,0.284249,0.340014,0,24
1900-01-01 16:36:37.474,0.247314,0.283467,0.340354,0,24
1900-01-01 16:36:38.474,0.247508,0.285703,0.340253,0,24
1900-01-01 16:36:39.474,0.248128,0.284517,0.340207,0,24
1900-01-01 16:36:40.474,0.24775,0.283719,0.340317,0,24
1900-01-01 16:36:41.474,0.247839,0.284763,0.340234,0,24
1900-01-01 16:36:42.474,0.247844,0.284532,0.339894,0,24
1900-01-01 16:36:43.474,0.248044,0.285793,0.340446,0,24
1900-01-01 16:36:44.474,0.24808,0.284679,0.340124,0,24
1900-01-01 16:36:45.474,0.247702,0.284994,0.340244,0,24
1900-01-01 16:36:46.474,0.24817,0.284832,0.340648,0,24
1900-01-01 16:36:47.474,0.248185,0.284947,0.340538,0,24
1900-01-01 16:36:48.474,0.248395,0.285667,0.340501,0,24
1900-01-01 16:36:49.474,0.248275,0.285362,0.340198,0,24
1900-01-01 16:36:50.474,0.248805,0.285598,0.33994,0,24
1900-01-01 16:36:51.474,0.248159,0.284333,0.340032,0,24
1900-01-01 16:36:52.474,0.24702,0.28416,0.339977,0,24
1900-01-01 16:36:53.474,0.247886,0.285052,0.340427,0,24
1900-01-01 16:36:54.474,0.248364,0.285299,0.340014,0,24
1900-01-01 16:36:55.474,0.248238,0.28469,0.340014,0,24
1900-01-01 16:36:56.474,0.247456,0.283976,0.340455,0,24
1900-01-01 16:36:57.474,0.248002,0.285882,0.340492,0,24
1900-01-01 16:36:58.474,0.247807,0.28375,0.340152,0,24
1900-01-01 16:36:59.474,0.247991,0.284858,0.340648,0,24
1900-01-01 16:37:00.474,0.24797,0.284742,0.33994,0,24
1900-01-01 16:37:01.474,0.247445,0.284202,0.340069,0,24
1900-01-01 16:37:02.474,0.247944,0.284706,0.340207,0,24
1900-01-01 16:37:03.474,0.247944,0.285414,0.340308,0,24
1900-01-01 16:37:04.474,0.248773,0.285031,0.33972,0,24
1900-01-01 16:37:05.474,0.248359,0.284018,0.339784,0,24
1900-01-01 16:37:06.474,0.247104,0.284574,0.339821,0,24
1900-01-01 16:37:07.474,0.247897,0.285042,0.339986,0,24
1900-01-01 16:37:08.474,0.248296,0.284223,0.339977,0,24
1900-01-01 16:37:09.474,0.247414,0.284375,0.339646,0,24
1900-01-01 16:37:10.474,0.247498,0.283493,0.339711,0,24
1900-01-01 16:37:11.474,0.247928,0.284947,0.340097,0,24
1900-01-01 16:37:12.474,0.248075,0.284275,0.339793,0,24
1900-01-01 16:37:13.474,0.248002,0.284853,0.339931,0,24
1900-01-01 16:37:14.474,0.247445,0.284028,0.340078,0,24
1900-01-01 16:37:15.474,0.247608,0.285819,0.340225,0,24
1900-01-01 16:37:16.474,0.247508,0.283435,0.340234,0,24
1900-01-01 16:37:17.474,0.248086,0.285362,0.340124,0,24
1900-01-01 16:37:18.474,0.248416,0.285157,0.340152,0,24
1900-01-01 16:37:19.474,0.248558,0.285325,0.339711,0,24
1900-01-01 16:37:20.474,0.248815,0.285042,0.339986,0,24
1900-01-01 16:37:21.474,0.248175,0.284291,0.340501,0,24
1900-01-01 16:37:22.474,0.248227,0.285241,0.339986,0,24
1900-01-01 16:37:23.474,0.24891,0.285541,0.340051,0,24
1900-01-01 16:37:24.474,0.248521,0.284475,0.3404,0,24
1900-01-01 16:37:25.474,0.247692,0.283902,0.340427,0,24
1900-01-01 16:37:26.474,0.248563,0.285887,0.340143,0,24
1900-01-01 16:37:27.474,0.249062,0.28606,0.340106,0,24
1900-01-01 16:37:28.474,0.248978,0.284994,0.339858,0,24
1900-01-01 16:37:29.474,0.248658,0.284144,0.340198,0,24
1900-01-01 16:37:30.474,0.248784,0.285099,0.34029,0,24
1900-01-01 16:37:31.474,0.247865,0.284648,0.340271,0,24
1900-01-01 16:37:32.474,0.247807,0.284601,0.34006,0,24
1900-01-01 16:37:33.474,0.247492,0.284874,0.340051,0,24
1900-01-01 16:37:34.474,0.24754,0.28574,0.340005,0,24
1900-01-01 16:37:35.474,0.248647,0.28605,0.340363,0,24
1900-01-01 16:37:36.474,0.248206,0.285036,0.3404,0,24
1900-01-01 16:37:37.474,0.248028,0.284364,0.340345,0,24
1900-01-01 16:37:38.474,0.247498,0.283288,0.339793,0,24
1900-01-01 16:37:39.474,0.247965,0.284748,0.339738,0,24
1900-01-01 16:37:40.474,0.247545,0.284406,0.339922,0,24
1900-01-01 16:37:41.474,0.247524,0.284706,0.340198,0,24
1900-01-01 16:37:42.474,0.247923,0.285351,0.340041,0,24
1900-01-01 16:37:43.474,0.248343,0.286092,0.339839,0,24
1900-01-01 16:37:44.474,0.248758,0.284133,0.339968,0,24
1900-01-01 16:37:45.474,0.248122,0.284548,0.339711,0,24
1900-01-01 16:37:46.474,0.247954,0.284973,0.339867,0,24
1900-01-01 16:37:47.474,0.247377,0.284574,0.339913,0,24
1900-01-01 16:37:48.474,0.247834,0.284832,0.340097,0,24
1900-01-01 16:37:49.474,0.248616,0.284727,0.339573,0,24
1900-01-01 16:37:50.474,0.247771,0.284506,0.339766,0,24
1900-01-01 16:37:51.474,0.247986,0.285057,0.339711,0,24
1900-01-01 16:37:52.474,0.248674,0.286029,0.340271,0,24
1900-01-01 16:37:53.474,0.247986,0.284569,0.33961,0,24
1900-01-01 16:37:54.474,0.247933,0.283782,0.339986,0,24
1900-01-01 16:37:55.474,0.248149,0.285131,0.339775,0,24
1900-01-01 16:37:56.474,0.247471,0.283965,0.340051,0,24
1900-01-01 16:37:57.474,0.24755,0.285063,0.339996,0,24
1900-01-01 16:37:58.474,0.248516,0.284385,0.339702,0,24
1900-01-01 16:37:59.474,0.247949,0.284805,0.339527,0,24
1900-01-01 16:38:00.474,0.247902,0.284721,0.340069,0,24
1900-01-01 16:38:01.474,0.247618,0.284007,0.340005,0,24
1900-01-01 16:38:02.474,0.247566,0.285084,0.339839,0,24
1900-01-01 16:38:03.474,0.246952,0.283036,0.339426,0,24
1900-01-01 16:38:04.474,0.247928,0.284559,0.339692,0,24
1900-01-01 16:38:05.474,0.247676,0.28615,0.339803,0,24
1900-01-01 16:38:06.474,0.248044,0.28542,0.339913,0,24
1900-01-01 16:38:07.474,0.247981,0.283262,0.339738,0,24
1900-01-01 16:38:08.474,0.247681,0.285409,0.340087,0,24
1900-01-01 16:38:09.474,0.24871,0.284328,0.339674,0,24
1900-01-01 16:38:10.474,0.247629,0.284475,0.33995,0,24
1900-01-01 16:38:11.474,0.247482,0.283887,0.339986,0,24
1900-01-01 16:38:12.474,0.247466,0.284244,0.339839,0,24
1900-01-01 16:38:13.474,0.247881,0.285015,0.339747,0,24
1900-01-01 16:38:14.474,0.247965,0.284553,0.339977,0,24
1900-01-01 16:38:15.474,0.24765,0.283986,0.340014,0,24
1900-01-01 16:38:16.474,0.247529,0.284391,0.33983,0,24
1900-01-01 16:38:17.474,0.248332,0.285572,0.340005,0,24
1900-01-01 16:38:18.474,0.248747,0.285141,0.339545,0,24
1900-01-01 16:38:19.474,0.247025,0.282921,0.339922,0,24
1900-01-01 16:38:20.474,0.247786,0.284643,0.339775,0,24
1900-01-01 16:38:21.474,0.247744,0.284275,0.339674,0,24
1900-01-01 16:38:22.474,0.248595,0.285341,0.339803,0,24
1900-01-01 16:38:23.474,0.248007,0.284847,0.339757,0,24
1900-01-01 16:38:24.474,0.248128,0.285982,0.339968,0,24
1900-01-01 16:38:25.474,0.248332,0.28564,0.340143,0,24
1900-01-01 16:38:26.474,0.248668,0.285604,0.339913,0,24
1900-01-01 16:38:27.474,0.248905,0.284496,0.339968,0,24
1900-01-01 16:38:28.474,0.248469,0.285583,0.340014,0,24
1900-01-01 16:38:29.474,0.248159,0.285141,0.340106,0,24
1900-01-01 16:38:30.474,0.247466,0.284548,0.339931,0,24
1900-01-01 16:38:31.474,0.249393,0.284963,0.339986,0,24
1900-01-01 16:38:32.474,0.248443,0.284238,0.339683,0,24
1900-01-01 16:38:33.474,0.247692,0.284144,0.339839,0,24
1900-01-01 16:38:34.474,0.24797,0.285005,0.340234,0,24
1900-01-01 16:38:35.474,0.247545,0.285052,0.34006,0,24
1900-01-01 16:38:36.474,0.2485,0.286606,0.339793,0,24
1900-01-01 16:38:37.474,0.249172,0.285089,0.339968,0,24
1900-01-01 16:38:38.474,0.247991,0.28459,0.340078,0,24
1900-01-01 16:38:39.474,0.248506,0.285856,0.340133,0,24
1900-01-01 16:38:40.474,0.248616,0.284905,0.340308,0,24
1900-01-01 16:38:41.474,0.248448,0.28542,0.340593,0,24
1900-01-01 16:38:42.474,0.247524,0.283503,0.340464,0,24
1900-01-01 16:38:43.474,0.24775,0.284595,0.340124,0,24
1900-01-01 16:38:44.474,0.248138,0.284448,0.340069,0,24
1900-01-01 16:38:45.474,0.247592,0.285651,0.340629,0,24
1900-01-01 16:38:46.474,0.248033,0.28532,0.340014,0,24
1900-01-01 16:38:47.474,0.248427,0.285588,0.340198,0,24
1900-01-01 16:38:48.474,0.248353,0.285141,0.339977,0,24
1900-01-01 16:38:49.474,0.248385,0.285105,0.340115,0,24
1900-01-01 16:38:50.474,0.248432,0.286291,0.34029,0,24
1900-01-01 16:38:51.474,0.249445,0.285341,0.340308,0,24
1900-01-01 16:38:52.474,0.248868,0.285057,0.340133,0,24
1900-01-01 16:38:53.474,0.248332,0.284238,0.340418,0,24
1900-01-01 16:38:54.474,0.248663,0.285357,0.340391,0,24
1900-01-01 16:38:55.474,0.248311,0.285283,0.34029,0,24
1900-01-01 16:38:56.474,0.248642,0.28479,0.340097,0,24
1900-01-01 16:38:57.474,0.248668,0.285225,0.340335,0,24
1900-01-01 16:38:58.474,0.248626,0.285787,0.340244,0,24
1900-01-01 16:38:59.474,0.248044,0.283482,0.339986,0,24
1900-01-01 16:39:00.474,0.247807,0.284091,0.340152,0,24
1900-01-01 16:39:01.474,0.248443,0.284595,0.340133,0,24
1900-01-01 16:39:02.474,0.247692,0.284196,0.340271,0,24
1900-01-01 16:39:03.474,0.247193,0.284858,0.339839,0,24
1900-01-01 16:39:04.474,0.24818,0.284889,0.340262,0,24
1900-01-01 16:39:05.474,0.24849,0.284758,0.340005,0,24
1900-01-01 16:39:06.474,0.24818,0.285478,0.340161,0,24
1900-01-01 16:39:07.474,0.2485,0.284238,0.340675,0,24
1900-01-01 16:39:08.474,0.248054,0.285693,0.340198,0,24
1900-01-01 16:39:09.474,0.248327,0.285173,0.340326,0,24
1900-01-01 16:39:10.474,0.248007,0.284753,0.340124,0,24
1900-01-01 16:39:11.474,0.248401,0.284643,0.339996,0,24
1900-01-01 16:39:12.474,0.248002,0.285472,0.340014,0,24
1900-01-01 16:39:13.474,0.249356,0.284989,0.340308,0,24
1900-01-01 16:39:14.474,0.248527,0.285955,0.340372,0,24
1900-01-01 16:39:15.474,0.247902,0.285094,0.340271,0,24
1900-01-01 16:39:16.474,0.248836,0.28438,0.340354,0,24
1900-01-01 16:39:17.474,0.247624,0.284144,0.340528,0,24
1900-01-01 16:39:18.474,0.248427,0.284632,0.3396,0,24
1900-01-01 16:39:19.474,0.247214,0.283866,0.340482,0,24
1900-01-01 16:39:20.474,0.248185,0.284779,0.339904,0,24
1900-01-01 16:39:21.474,0.248138,0.28448,0.33994,0,24
1900-01-01 16:39:22.474,0.24796,0.284884,0.339812,0,24
1900-01-01 16:39:23.474,0.24787,0.283425,0.340207,0,24
1900-01-01 16:39:24.474,0.247813,0.284973,0.339986,0,24
1900-01-01 16:39:25.474,0.248028,0.284721,0.3404,0,24
1900-01-01 16:39:26.474,0.247692,0.285714,0.340097,0,24
1900-01-01 16:39:27.474,0.248448,0.285068,0.340069,0,24
1900-01-01 16:39:28.474,0.248317,0.28386,0.33994,0,24
1900-01-01 16:39:29.474,0.248122,0.284942,0.340161,0,24
1900-01-01 16:39:30.474,0.248558,0.284585,0.339885,0,24
1900-01-01 16:39:31.474,0.247865,0.285315,0.340593,0,24
1900-01-01 16:39:32.474,0.247765,0.284275,0.340023,0,24
1900-01-01 16:39:33.474,0.247603,0.28522,0.340519,0,24
1900-01-01 16:39:34.474,0.248968,0.285577,0.34017,0,24
1900-01-01 16:39:35.474,0.248453,0.285719,0.340087,0,24
1900-01-01 16:39:36.474,0.248537,0.284753,0.340345,0,24
1900-01-01 16:39:37.474,0.247939,0.285871,0.340133,0,24
1900-01-01 16:39:38.474,0.247849,0.284044,0.340381,0,24
1900-01-01 16:39:39.474,0.248915,0.285309,0.340372,0,24
1900-01-01 16:39:40.474,0.248133,0.284217,0.33995,0,24
1900-01-01 16:39:41.474,0.247597,0.284748,0.340198,0,24
1900-01-01 16:39:42.474,0.248086,0.285283,0.340106,0,24
1900-01-01 16:39:43.474,0.248579,0.285493,0.340455,0,24
1900-01-01 16:39:44.474,0.248548,0.284711,0.340391,0,24
1900-01-01 16:39:45.474,0.248233,0.285367,0.340391,0,24
1900-01-01 16:39:46.474,0.248159,0.285341,0.340198,0,24
1900-01-01 16:39:47.474,0.248516,0.285178,0.339876,0,24
1900-01-01 16:39:48.474,0.248222,0.284947,0.340179,0,24
1900-01-01 16:39:49.474,0.248448,0.284065,0.340179,0,24
1900-01-01 16:39:50.474,0.248217,0.284732,0.340087,0,24
1900-01-01 16:39:51.474,0.248191,0.284737,0.340547,0,24
1900-01-01 16:39:52.474,0.24817,0.284711,0.340115,0,24
1900-01-01 16:39:53.474,0.247403,0.2849,0.339803,0,24
1900-01-01 16:39:54.474,0.248049,0.285572,0.34029,0,24
1900-01-01 16:39:55.474,0.24818,0.285414,0.340519,0,24
1900-01-01 16:39:56.474,0.249183,0.286543,0.34074,0,24
1900-01-01 16:39:57.474,0.248527,0.284889,0.340528,0,24
1900-01-01 16:39:58.474,0.248805,0.285278,0.340179,0,24
1900-01-01 16:39:59.474,0.247849,0.284674,0.340455,0,24
1900-01-01 16:40:00.474,0.2488,0.285451,0.340335,0,24
1900-01-01 16:40:01.474,0.248668,0.284837,0.340602,0,24
1900-01-01 16:40:02.474,0.248999,0.285047,0.340087,0,24
1900-01-01 16:40:03.474,0.247797,0.285005,0.340455,0,24
1900-01-01 16:40:04.474,0.248353,0.285393,0.340271,0,24
1900-01-01 16:40:05.474,0.248206,0.285089,0.339793,0,24
1900-01-01 16:40:06.474,0.248658,0.285351,0.340345,0,24
1900-01-01 16:40:07.474,0.24838,0.284128,0.340418,0,24
1900-01-01 16:40:08.474,0.248831,0.285267,0.340179,0,24
1900-01-01 16:40:09.474,0.248091,0.283876,0.340133,0,24
1900-01-01 16:40:10.474,0.247456,0.284385,0.340308,0,24
1900-01-01 16:40:11.474,0.247807,0.284632,0.340482,0,24
1900-01-01 16:40:12.474,0.248248,0.286344,0.34029,0,24
1900-01-01 16:40:13.474,0.248338,0.285383,0.339784,0,24
1900-01-01 16:40:14.474,0.248511,0.285126,0.340216,0,24
1900-01-01 16:40:15.474,0.24881,0.285693,0.340188,0,24
1900-01-01 16:40:16.474,0.248243,0.28375,0.340207,0,24
1900-01-01 16:40:17.474,0.248511,0.284748,0.33983,0,24
1900-01-01 16:40:18.474,0.247744,0.284364,0.340161,0,24
1900-01-01 16:40:19.474,0.248149,0.284742,0.339674,0,24
1900-01-01 16:40:20.474,0.248002,0.284343,0.339931,0,24
1900-01-01 16:40:21.474,0.248038,0.285593,0.340051,0,24
1900-01-01 16:40:22.474,0.24808,0.284427,0.339977,0,24
1900-01-01 16:40:23.474,0.248647,0.286139,0.340464,0,24
1900-01-01 16:40:24.474,0.248049,0.28438,0.340032,0,24
1900-01-01 16:40:25.474,0.247445,0.28407,0.339922,0,24
1900-01-01 16:40:26.474,0.248233,0.285021,0.339885,0,24
1900-01-01 16:40:27.474,0.247676,0.286286,0.340538,0,24
1900-01-01 16:40:28.474,0.24828,0.286354,0.34028,0,24
1900-01-01 16:40:29.474,0.248821,0.285709,0.340326,0,24
1900-01-01 16:40:30.474,0.248983,0.2847,0.339858,0,24
1900-01-01 16:40:31.474,0.249377,0.285562,0.33995,0,24
1900-01-01 16:40:32.474,0.248563,0.285551,0.3404,0,24
1900-01-01 16:40:33.474,0.248154,0.285036,0.33995,0,24
1900-01-01 16:40:34.474,0.247923,0.284585,0.340188,0,24
1900-01-01 16:40:35.474,0.248254,0.285267,0.339729,0,24
1900-01-01 16:40:36.474,0.248054,0.284727,0.340087,0,24
1900-01-01 16:40:37.474,0.248175,0.284837,0.340308,0,24
1900-01-01 16:40:38.474,0.248947,0.285562,0.340547,0,24
1900-01-01 16:40:39.474,0.248511,0.285829,0.339793,0,24
1900-01-01 16:40:40.474,0.248369,0.285288,0.340198,0,24
1900-01-01 16:40:41.474,0.247744,0.284821,0.340179,0,24
1900-01-01 16:40:42.474,0.24829,0.284863,0.340188,0,24
1900-01-01 16:40:43.474,0.248983,0.285672,0.339729,0,24
1900-01-01 16:40:44.474,0.248637,0.285892,0.340244,0,24
1900-01-01 16:40:45.474,0.247944,0.283645,0.340409,0,24
1900-01-01 16:40:46.474,0.247918,0.284312,0.340767,0,24
1900-01-01 16:40:47.474,0.247713,0.285183,0.340391,0,24
1900-01-01 16:40:48.474,0.248584,0.285892,0.340455,0,24
1900-01-01 16:40:49.474,0.248663,0.285273,0.340271,0,24
1900-01-01 16:40:50.474,0.249325,0.286633,0.340437,0,24
1900-01-01 16:40:51.474,0.248658,0.284942,0.340345,0,24
1900-01-01 16:40:52.474,0.249319,0.285499,0.34029,0,24
1900-01-01 16:40:53.474,0.247813,0.283955,0.340308,0,24
1900-01-01 16:40:54.474,0.248369,0.284968,0.34006,0,24
1900-01-01 16:40:55.474,0.248569,0.285246,0.34006,0,24
1900-01-01 16:40:56.474,0.248054,0.2848,0.340427,0,24
1900-01-01 16:40:57.474,0.248448,0.285262,0.340492,0,24
1900-01-01 16:40:58.474,0.24881,0.285404,0.34051,0,24
1900-01-01 16:40:59.474,0.24922,0.286249,0.34029,0,24
1900-01-01 16:41:00.474,0.24849,0.285105,0.340345,0,24
1900-01-01 16:41:01.474,0.248999,0.285987,0.340381,0,24
1900-01-01 16:41:02.474,0.248737,0.284874,0.340097,0,24
1900-01-01 16:41:03.474,0.248542,0.284564,0.340143,0,24
1900-01-01 16:41:04.474,0.248416,0.286244,0.340097,0,24
1900-01-01 16:41:05.474,0.248385,0.284721,0.340216,0,24
1900-01-01 16:41:06.474,0.249125,0.286081,0.340694,0,24
1900-01-01 16:41:07.474,0.249046,0.285399,0.340161,0,24
1900-01-01 16:41:08.474,0.248553,0.284716,0.34051,0,24
1900-01-01 16:41:09.474,0.248511,0.284695,0.340427,0,24
1900-01-01 16:41:10.474,0.248359,0.284044,0.340078,0,24
1900-01-01 16:41:11.474,0.248437,0.285336,0.34006,0,24
1900-01-01 16:41:12.474,0.248107,0.284685,0.340188,0,24
1900-01-01 16:41:13.474,0.248863,0.286339,0.340648,0,24
1900-01-01 16:41:14.474,0.248558,0.283845,0.340685,0,24
1900-01-01 16:41:15.474,0.248831,0.284895,0.339766,0,24
1900-01-01 16:41:16.474,0.248086,0.287,0.340198,0,24
1900-01-01 16:41:17.474,0.249162,0.285399,0.34029,0,24
1900-01-01 16:41:18.474,0.249193,0.28512,0.340317,0,24
1900-01-01 16:41:19.474,0.249493,0.28543,0.340482,0,24
1900-01-01 16:41:20.474,0.248931,0.28616,0.340657,0,24
1900-01-01 16:41:21.474,0.249414,0.285199,0.340648,0,24
1900-01-01 16:41:22.474,0.24901,0.285577,0.340262,0,24
1900-01-01 16:41:23.474,0.248411,0.285383,0.340648,0,24
1900-01-01 16:41:24.474,0.248674,0.284674,0.340528,0,24
1900-01-01 16:41:25.474,0.248059,0.285068,0.340519,0,24
1900-01-01 16:41:26.474,0.24817,0.284774,0.34096,0,24
1900-01-01 16:41:27.474,0.249157,0.286438,0.340721,0,24
1900-01-01 16:41:28.474,0.248847,0.284102,0.340473,0,24
1900-01-01 16:41:29.474,0.249277,0.285551,0.340308,0,24
1900-01-01 16:41:30.474,0.248269,0.284732,0.340152,0,24
1900-01-01 16:41:31.474,0.247708,0.284375,0.340492,0,24
1900-01-01 16:41:32.474,0.248096,0.284721,0.340528,0,24
1900-01-01 16:41:33.474,0.247996,0.284574,0.340381,0,24
1900-01-01 16:41:34.474,0.248495,0.285777,0.340188,0,24
1900-01-01 16:41:35.474,0.248805,0.285231,0.340418,0,24
1900-01-01 16:41:36.474,0.24818,0.284779,0.340675,0,24
1900-01-01 16:41:37.474,0.248779,0.285646,0.34029,0,24
1900-01-01 16:41:38.474,0.248626,0.285824,0.340574,0,24
1900-01-01 16:41:39.474,0.248495,0.285609,0.34062,0,24
1900-01-01 16:41:40.474,0.249918,0.286444,0.340813,0,24
1900-01-01 16:41:41.474,0.249298,0.284711,0.340758,0,24
1900-01-01 16:41:42.474,0.249409,0.284916,0.340354,0,24
1900-01-01 16:41:43.474,0.248973,0.287026,0.340878,0,24
1900-01-01 16:41:44.474,0.248994,0.284648,0.340611,0,24
1900-01-01 16:41:45.474,0.248936,0.284989,0.340482,0,24
1900-01-01 16:41:46.474,0.248962,0.285583,0.340675,0,24
1900-01-01 16:41:47.474,0.248747,0.284868,0.340409,0,24
1900-01-01 16:41:48.474,0.248668,0.285572,0.34062,0,24
1900-01-01 16:41:49.474,0.248427,0.285919,0.340473,0,24
1900-01-01 16:41:50.474,0.248784,0.284858,0.340813,0,24
1900-01-01 16:41:51.474,0.248542,0.285367,0.340492,0,24
1900-01-01 16:41:52.474,0.248915,0.285084,0.340648,0,24
1900-01-01 16:41:53.474,0.248437,0.285252,0.340473,0,24
1900-01-01 16:41:54.474,0.248784,0.28449,0.340317,0,24
1900-01-01 16:41:55.474,0.24838,0.28386,0.340482,0,24
1900-01-01 16:41:56.474,0.248007,0.284664,0.340115,0,24
1900-01-01 16:41:57.474,0.248054,0.284837,0.340418,0,24
1900-01-01 16:41:58.474,0.248752,0.286123,0.340501,0,24
1900-01-01 16:41:59.474,0.248248,0.286081,0.340666,0,24
1900-01-01 16:42:00.474,0.248668,0.284711,0.340492,0,24
1900-01-01 16:42:01.474,0.248842,0.285068,0.340143,0,24
1900-01-01 16:42:02.474,0.248248,0.284606,0.340391,0,24
1900-01-01 16:42:03.474,0.248663,0.286344,0.340418,0,24
1900-01-01 16:42:04.474,0.248553,0.285499,0.340528,0,24
1900-01-01 16:42:05.474,0.249508,0.286013,0.340721,0,24
1900-01-01 16:42:06.474,0.24859,0.284716,0.340198,0,24
1900-01-01 16:42:07.474,0.2485,0.285262,0.340418,0,24
1900-01-01 16:42:08.474,0.249487,0.285887,0.340354,0,24
1900-01-01 16:42:09.474,0.24839,0.284958,0.340455,0,24
1900-01-01 16:42:10.474,0.248411,0.28437,0.340391,0,24
1900-01-01 16:42:11.474,0.248023,0.284858,0.340115,0,24
1900-01-01 16:42:12.474,0.24901,0.284952,0.340363,0,24
1900-01-01 16:42:13.474,0.248705,0.284742,0.340464,0,24
1900-01-01 16:42:14.474,0.249267,0.285866,0.340188,0,24
1900-01-01 16:42:15.474,0.248663,0.285388,0.340335,0,24
1900-01-01 16:42:16.474,0.249288,0.285772,0.340519,0,24
1900-01-01 16:42:17.474,0.248941,0.285824,0.340234,0,24
1900-01-01 16:42:18.474,0.24829,0.284196,0.340225,0,24
1900-01-01 16:42:19.474,0.248773,0.287194,0.340473,0,24
1900-01-01 16:42:20.474,0.249193,0.285682,0.340124,0,24
1900-01-01 16:42:21.474,0.248779,0.286748,0.340446,0,24
1900-01-01 16:42:22.474,0.248695,0.285451,0.340427,0,24
1900-01-01 16:42:23.474,0.249624,0.287037,0.340923,0,24
1900-01-01 16:42:24.474,0.248805,0.285115,0.34029,0,24
1900-01-01 16:42:25.474,0.249214,0.285745,0.34028,0,24
1900-01-01 16:42:26.474,0.248821,0.284559,0.340317,0,24
1900-01-01 16:42:27.474,0.247645,0.284763,0.340372,0,24
1900-01-01 16:42:28.474,0.248595,0.284438,0.340776,0,24
1900-01-01 16:42:29.474,0.247902,0.284674,0.340712,0,24
1900-01-01 16:42:30.474,0.248054,0.286475,0.340942,0,24
1900-01-01 16:42:31.474,0.248716,0.285908,0.340262,0,24
1900-01-01 16:42:32.474,0.248474,0.286239,0.340519,0,24
1900-01-01 16:42:33.474,0.248495,0.285393,0.340262,0,24
1900-01-01 16:42:34.474,0.249115,0.284916,0.340335,0,24
1900-01-01 16:42:35.474,0.248968,0.285383,0.340666,0,24
1900-01-01 16:42:36.474,0.248238,0.284784,0.34074,0,24
1900-01-01 16:42:37.474,0.248322,0.284396,0.340262,0,24
1900-01-01 16:42:38.474,0.248217,0.284401,0.340547,0,24
1900-01-01 16:42:39.474,0.247949,0.286087,0.340234,0,24
1900-01-01 16:42:40.474,0.248857,0.285246,0.340308,0,24
1900-01-01 16:42:41.474,0.248532,0.28501,0.340841,0,24
1900-01-01 16:42:42.474,0.248695,0.284081,0.340602,0,24
1900-01-01 16:42:43.474,0.247823,0.283971,0.340685,0,24
1900-01-01 16:42:44.474,0.2485,0.28647,0.340133,0,24
1900-01-01 16:42:45.474,0.248233,0.28564,0.340005,0,24
1900-01-01 16:42:46.474,0.24892,0.28594,0.340271,0,24
1900-01-01 16:42:47.474,0.24828,0.286055,0.340014,0,24
1900-01-01 16:42:48.474,0.249619,0.285924,0.340271,0,24
1900-01-01 16:42:49.474,0.248931,0.284133,0.340437,0,24
1900-01-01 16:42:50.474,0.248191,0.284763,0.340565,0,24
1900-01-01 16:42:51.474,0.248831,0.285987,0.340335,0,24
1900-01-01 16:42:52.474,0.2486,0.285462,0.340574,0,24
1900-01-01 16:42:53.474,0.248584,0.28584,0.340464,0,24
1900-01-01 16:42:54.474,0.2487,0.285693,0.340923,0,24
1900-01-01 16:42:55.474,0.249624,0.28657,0.340758,0,24
1900-01-01 16:42:56.474,0.249104,0.285325,0.340409,0,24
1900-01-01 16:42:57.474,0.249304,0.28543,0.340648,0,24
1900-01-01 16:42:58.474,0.248327,0.284406,0.340335,0,24
1900-01-01 16:42:59.474,0.247739,0.285178,0.340409,0,24
1900-01-01 16:43:00.474,0.247933,0.285278,0.340841,0,24
1900-01-01 16:43:01.474,0.248653,0.285472,0.340767,0,24
1900-01-01 16:43:02.474,0.249503,0.286176,0.340942,0,24
1900-01-01 16:43:03.474,0.249461,0.285903,0.340712,0,24
1900-01-01 16:43:04.474,0.248773,0.285604,0.340841,0,24
1900-01-01 16:43:05.474,0.248537,0.285052,0.340528,0,24
1900-01-01 16:43:06.474,0.249183,0.285099,0.340721,0,24
1900-01-01 16:43:07.474,0.248863,0.284653,0.340657,0,24
1900-01-01 16:43:08.474,0.248385,0.285761,0.340455,0,24
1900-01-01 16:43:09.474,0.248012,0.285367,0.340519,0,24
1900-01-01 16:43:10.474,0.248936,0.286155,0.340786,0,24
1900-01-01 16:43:11.474,0.248611,0.283818,0.340473,0,24
1900-01-01 16:43:12.474,0.248275,0.285183,0.340786,0,24
1900-01-01 16:43:13.474,0.248254,0.285189,0.340473,0,24
1900-01-01 16:43:14.474,0.248317,0.284811,0.340721,0,24
1900-01-01 16:43:15.474,0.248868,0.285252,0.340446,0,24
1900-01-01 16:43:16.474,0.249277,0.284391,0.340106,0,24
1900-01-01 16:43:17.474,0.24859,0.284879,0.339913,0,24
1900-01-01 16:43:18.474,0.248238,0.285052,0.340685,0,24
1900-01-01 16:43:19.474,0.24828,0.285288,0.340629,0,24
1900-01-01 16:43:20.474,0.249209,0.285656,0.34107,0,24
1900-01-01 16:43:21.474,0.248868,0.285262,0.340565,0,24
1900-01-01 16:43:22.474,0.248747,0.284538,0.340593,0,24
1900-01-01 16:43:23.474,0.248059,0.284328,0.340179,0,24
1900-01-01 16:43:24.474,0.248101,0.283986,0.339977,0,24
1900-01-01 16:43:25.474,0.248275,0.285262,0.33994,0,24
1900-01-01 16:43:26.474,0.248584,0.287562,0.34074,0,24
1900-01-01 16:43:27.474,0.2488,0.284868,0.340731,0,24
1900-01-01 16:43:28.474,0.248653,0.284086,0.34028,0,24
1900-01-01 16:43:29.474,0.248553,0.285971,0.340464,0,24
1900-01-01 16:43:30.474,0.248842,0.285435,0.340437,0,24
1900-01-01 16:43:31.474,0.248821,0.285745,0.340804,0,24
1900-01-01 16:43:32.474,0.24807,0.284679,0.340446,0,24
1900-01-01 16:43:33.474,0.248096,0.284622,0.340188,0,24
1900-01-01 16:43:34.474,0.248485,0.285761,0.340501,0,24
1900-01-01 16:43:35.474,0.249592,0.285761,0.340813,0,24
1900-01-01 16:43:36.474,0.249792,0.286454,0.34028,0,24
1900-01-01 16:43:37.474,0.2488,0.28416,0.340767,0,24
1900-01-01 16:43:38.474,0.247592,0.283981,0.340639,0,24
1900-01-01 16:43:39.474,0.248269,0.285514,0.340657,0,24
1900-01-01 16:43:40.474,0.248128,0.284338,0.340703,0,24
1900-01-01 16:43:41.474,0.248112,0.284548,0.340005,0,24
1900-01-01 16:43:42.474,0.247713,0.28448,0.340262,0,24
1900-01-01 16:43:43.474,0.247256,0.283776,0.339711,0,24
1900-01-01 16:43:44.474,0.247891,0.285005,0.340354,0,24
1900-01-01 16:43:45.474,0.248275,0.284874,0.339977,0,24
1900-01-01 16:43:46.474,0.247975,0.283577,0.3404,0,24
1900-01-01 16:43:47.474,0.248154,0.285388,0.340023,0,24
1900-01-01 16:43:48.474,0.248563,0.285168,0.340354,0,24
1900-01-01 16:43:49.474,0.248212,0.285961,0.339977,0,24
1900-01-01 16:43:50.474,0.248133,0.285231,0.340133,0,24
1900-01-01 16:43:51.474,0.248432,0.285656,0.340097,0,24
1900-01-01 16:43:52.474,0.24808,0.284391,0.340345,0,24
1900-01-01 16:43:53.474,0.247807,0.285782,0.340143,0,24
1900-01-01 16:43:54.474,0.249288,0.286134,0.340446,0,24
1900-01-01 16:43:55.474,0.248185,0.284196,0.340354,0,24
1900-01-01 16:43:56.474,0.24871,0.28564,0.340225,0,24
1900-01-01 16:43:57.474,0.248747,0.285351,0.340014,0,24
1900-01-01 16:43:58.474,0.248542,0.284496,0.340234,0,24
1900-01-01 16:43:59.474,0.248306,0.286333,0.340666,0,24
1900-01-01 16:44:00.474,0.248537,0.285089,0.339968,0,24
1900-01-01 16:44:01.474,0.249046,0.286963,0.340326,0,24
1900-01-01 16:44:02.474,0.249052,0.285141,0.340005,0,24
1900-01-01 16:44:03.474,0.247876,0.283467,0.340097,0,24
1900-01-01 16:44:04.474,0.249141,0.286186,0.3404,0,24
1900-01-01 16:44:05.474,0.248674,0.285782,0.340492,0,24
1900-01-01 16:44:06.474,0.248789,0.284853,0.340519,0,24
1900-01-01 16:44:07.474,0.248175,0.285577,0.339986,0,24
1900-01-01 16:44:08.474,0.247587,0.284627,0.34062,0,24
1900-01-01 16:44:09.474,0.248233,0.285288,0.340455,0,24
1900-01-01 16:44:10.474,0.248112,0.285504,0.340179,0,24
1900-01-01 16:44:11.474,0.248269,0.285357,0.340161,0,24
1900-01-01 16:44:12.474,0.248884,0.286318,0.340492,0,24
1900-01-01 16:44:13.474,0.248311,0.285042,0.340087,0,24
1900-01-01 16:44:14.474,0.249272,0.285803,0.340124,0,24
1900-01-01 16:44:15.474,0.248133,0.28563,0.34028,0,24
1900-01-01 16:44:16.474,0.248647,0.285404,0.340253,0,24
1900-01-01 16:44:17.474,0.248338,0.285073,0.340556,0,24
1900-01-01 16:44:18.474,0.248479,0.285598,0.340657,0,24
1900-01-01 16:44:19.474,0.248128,0.285241,0.339729,0,24
1900-01-01 16:44:20.474,0.249246,0.285756,0.340179,0,24
1900-01-01 16:44:21.474,0.248374,0.285635,0.340262,0,24
1900-01-01 16:44:22.474,0.249109,0.286869,0.340198,0,24
1900-01-01 16:44:23.474,0.248999,0.285273,0.340372,0,24
1900-01-01 16:44:24.474,0.248479,0.285309,0.340455,0,24
1900-01-01 16:44:25.474,0.248264,0.285131,0.340124,0,24
1900-01-01 16:44:26.474,0.247912,0.285336,0.340666,0,24
1900-01-01 16:44:27.474,0.248044,0.284779,0.34006,0,24
1900-01-01 16:44:28.474,0.247529,0.284664,0.339922,0,24
1900-01-01 16:44:29.474,0.247807,0.284317,0.340161,0,24
1900-01-01 16:44:30.474,0.248479,0.285929,0.340464,0,24
1900-01-01 16:44:31.474,0.248133,0.285751,0.340262,0,24
1900-01-01 16:44:32.474,0.24775,0.284622,0.340087,0,24
1900-01-01 16:44:33.474,0.248684,0.285409,0.340005,0,24
1900-01-01 16:44:34.474,0.248233,0.285698,0.340078,0,24
1900-01-01 16:44:35.474,0.248579,0.285945,0.340198,0,24
1900-01-01 16:44:36.474,0.248941,0.285236,0.340115,0,24
1900-01-01 16:44:37.474,0.248527,0.285131,0.340446,0,24
1900-01-01 16:44:38.474,0.248668,0.285677,0.340538,0,24
1900-01-01 16:44:39.474,0.24954,0.285761,0.339839,0,24
1900-01-01 16:44:40.474,0.248128,0.285441,0.339867,0,24
1900-01-01 16:44:41.474,0.248815,0.285966,0.340345,0,24
1900-01-01 16:44:42.474,0.248238,0.285971,0.340464,0,24
1900-01-01 16:44:43.474,0.248275,0.284679,0.340666,0,24
1900-01-01 16:44:44.474,0.24829,0.285178,0.340896,0,24
1900-01-01 16:44:45.474,0.248149,0.285288,0.340519,0,24
1900-01-01 16:44:46.474,0.247802,0.284958,0.340492,0,24
1900-01-01 16:44:47.474,0.247529,0.284784,0.340143,0,24
1900-01-01 16:44:48.474,0.247403,0.284795,0.340427,0,24
1900-01-01 16:44:49.474,0.248521,0.285819,0.340326,0,24
1900-01-01 16:44:50.474,0.248332,0.285388,0.340482,0,24
1900-01-01 16:44:51.474,0.247718,0.285052,0.34028,0,24
1900-01-01 16:44:52.474,0.246904,0.284669,0.340234,0,24
1900-01-01 16:44:53.474,0.247592,0.285798,0.340326,0,24
1900-01-01 16:44:54.474,0.248989,0.286596,0.340179,0,24
1900-01-01 16:44:55.474,0.248264,0.284758,0.340317,0,24
1900-01-01 16:44:56.474,0.249214,0.285667,0.340473,0,24
1900-01-01 16:44:57.474,0.248941,0.286423,0.3404,0,24
1900-01-01 16:44:58.474,0.248002,0.285446,0.340363,0,24
1900-01-01 16:44:59.474,0.248768,0.28678,0.340538,0,24
1900-01-01 16:45:00.474,0.248642,0.286339,0.340832,0,24
1900-01-01 16:45:01.474,0.249125,0.287084,0.340666,0,24
1900-01-01 16:45:02.474,0.247571,0.284438,0.340519,0,24
1900-01-01 16:45:03.474,0.247881,0.285908,0.340143,0,24
1900-01-01 16:45:04.474,0.249398,0.287289,0.340685,0,24
1900-01-01 16:45:05.474,0.247939,0.285698,0.3404,0,24
1900-01-01 16:45:06.474,0.249267,0.287189,0.34062,0,24
1900-01-01 16:45:07.474,0.247629,0.285047,0.340528,0,24
1900-01-01 16:45:08.474,0.247461,0.284658,0.340822,0,24
1900-01-01 16:45:09.474,0.248002,0.285267,0.340731,0,24
1900-01-01 16:45:10.474,0.249193,0.286559,0.3404,0,24
1900-01-01 16:45:11.474,0.249351,0.286879,0.34062,0,24
1900-01-01 16:45:12.474,0.247508,0.284522,0.340639,0,24
1900-01-01 16:45:13.474,0.248086,0.28521,0.340712,0,24
1900-01-01 16:45:14.474,0.247555,0.284412,0.340611,0,24
1900-01-01 16:45:15.474,0.248569,0.28594,0.340051,0,24
1900-01-01 16:45:16.474,0.24734,0.285147,0.340069,0,24
1900-01-01 16:45:17.474,0.248731,0.28669,0.340418,0,24
1900-01-01 16:45:18.474,0.247823,0.284679,0.340326,0,24
1900-01-01 16:45:19.474,0.248248,0.28615,0.340547,0,24
1900-01-01 16:45:20.474,0.24808,0.285651,0.340878,0,24
1900-01-01 16:45:21.474,0.24839,0.286039,0.340712,0,24
1900-01-01 16:45:22.474,0.248096,0.284958,0.340207,0,24
1900-01-01 16:45:23.474,0.248647,0.285735,0.340244,0,24
1900-01-01 16:45:24.474,0.248107,0.285094,0.340253,0,24
1900-01-01 16:45:25.474,0.24838,0.285288,0.340225,0,24
1900-01-01 16:45:26.474,0.248227,0.285693,0.340547,0,24
1900-01-01 16:45:27.474,0.248311,0.285682,0.340648,0,24
1900-01-01 16:45:28.474,0.247907,0.284763,0.340593,0,24
1900-01-01 16:45:29.474,0.247902,0.285073,0.340372,0,24
1900-01-01 16:45:30.474,0.248206,0.285189,0.340326,0,24
1900-01-01 16:45:31.474,0.247939,0.285089,0.339996,0,24
1900-01-01 16:45:32.474,0.248448,0.286349,0.340427,0,24
1900-01-01 16:45:33.474,0.248516,0.285351,0.340501,0,24
1900-01-01 16:45:34.474,0.248773,0.286265,0.340538,0,24
1900-01-01 16:45:35.474,0.248668,0.286102,0.340097,0,24
1900-01-01 16:45:36.474,0.248952,0.286239,0.340593,0,24
1900-01-01 16:45:37.474,0.247881,0.285577,0.340244,0,24
1900-01-01 16:45:38.474,0.248999,0.285252,0.340161,0,24
1900-01-01 16:45:39.474,0.248684,0.286475,0.340437,0,24
1900-01-01 16:45:40.474,0.24765,0.285,0.34051,0,24
1900-01-01 16:45:41.474,0.248038,0.285808,0.340602,0,24
1900-01-01 16:45:42.474,0.248758,0.286113,0.340409,0,24
1900-01-01 16:45:43.474,0.247944,0.28533,0.340685,0,24
1900-01-01 16:45:44.474,0.249697,0.287467,0.340574,0,24
1900-01-01 16:45:45.474,0.248779,0.286491,0.340326,0,24
1900-01-01 16:45:46.474,0.248752,0.286428,0.340409,0,24
1900-01-01 16:45:47.474,0.248611,0.285987,0.340409,0,24
1900-01-01 16:45:48.474,0.248931,0.28626,0.340914,0,24
1900-01-01 16:45:49.474,0.248647,0.286864,0.34085,0,24
1900-01-01 16:45:50.474,0.248983,0.287347,0.340878,0,24
1900-01-01 16:45:51.474,0.247135,0.284196,0.340556,0,24
1900-01-01 16:45:52.474,0.247345,0.285031,0.340868,0,24
1900-01-01 16:45:53.474,0.248642,0.286134,0.340629,0,24
1900-01-01 16:45:54.474,0.248506,0.285887,0.340611,0,24
1900-01-01 16:45:55.474,0.247865,0.285194,0.341061,0,24
1900-01-01 16:45:56.474,0.248479,0.285961,0.340675,0,24
1900-01-01 16:45:57.474,0.249944,0.287137,0.340501,0,24
1900-01-01 16:45:58.474,0.247897,0.285304,0.340629,0,24
1900-01-01 16:45:59.474,0.247671,0.285383,0.340593,0,24
1900-01-01 16:46:00.474,0.248548,0.285845,0.34085,0,24
1900-01-01 16:46:01.474,0.249057,0.286885,0.340584,0,24
1900-01-01 16:46:02.474,0.248122,0.285772,0.340629,0,24
1900-01-01 16:46:03.474,0.248479,0.28594,0.340887,0,24
1900-01-01 16:46:04.474,0.247571,0.284942,0.340372,0,24
1900-01-01 16:46:05.474,0.246826,0.284475,0.340097,0,24
1900-01-01 16:46:06.474,0.247382,0.284774,0.340666,0,24
1900-01-01 16:46:07.474,0.247067,0.284653,0.340308,0,24
1900-01-01 16:46:08.474,0.249078,0.286606,0.339986,0,24
1900-01-01 16:46:09.474,0.248684,0.286654,0.340611,0,24
1900-01-01 16:46:10.474,0.248831,0.287105,0.340473,0,24
1900-01-01 16:46:11.474,0.247713,0.285504,0.340326,0,24
1900-01-01 16:46:12.474,0.248233,0.286522,0.340813,0,24
1900-01-01 16:46:13.474,0.248091,0.28521,0.340437,0,24
1900-01-01 16:46:14.474,0.247492,0.284884,0.340115,0,24
1900-01-01 16:46:15.474,0.248201,0.285493,0.340326,0,24
1900-01-01 16:46:16.474,0.249246,0.28689,0.340409,0,24
1900-01-01 16:46:17.474,0.247214,0.285462,0.340335,0,24
1900-01-01 16:46:18.474,0.247445,0.285157,0.340731,0,24
1900-01-01 16:46:19.474,0.248285,0.286186,0.340712,0,24
1900-01-01 16:46:20.474,0.249645,0.287882,0.340878,0,24
1900-01-01 16:46:21.474,0.2467,0.284212,0.34062,0,24
1900-01-01 16:46:22.474,0.24733,0.284679,0.339968,0,24
1900-01-01 16:46:23.474,0.248905,0.28648,0.340556,0,24
1900-01-01 16:46:24.474,0.249104,0.286118,0.340501,0,24
1900-01-01 16:46:25.474,0.247351,0.285252,0.340832,0,24
1900-01-01 16:46:26.474,0.248012,0.285724,0.340446,0,24
1900-01-01 16:46:27.474,0.247099,0.285115,0.340446,0,24
1900-01-01 16:46:28.474,0.248143,0.28615,0.340528,0,24
1900-01-01 16:46:29.474,0.247713,0.285882,0.340409,0,24
1900-01-01 16:46:30.474,0.247461,0.285288,0.340097,0,24
1900-01-01 16:46:31.474,0.247372,0.285,0.340473,0,24
1900-01-01 16:46:32.474,0.247645,0.285693,0.340482,0,24
1900-01-01 16:46:33.474,0.248821,0.285929,0.340473,0,24
1900-01-01 16:46:34.474,0.248191,0.285084,0.340565,0,24
1900-01-01 16:46:35.474,0.248012,0.285493,0.340657,0,24
1900-01-01 16:46:36.474,0.24754,0.284774,0.340758,0,24
1900-01-01 16:46:37.474,0.246999,0.284658,0.340482,0,24
1900-01-01 16:46:38.474,0.24902,0.286081,0.340988,0,24
1900-01-01 16:46:39.474,0.248553,0.28563,0.340363,0,24
1900-01-01 16:46:40.474,0.246868,0.284128,0.340427,0,24
1900-01-01 16:46:41.474,0.247445,0.284958,0.340528,0,24
1900-01-01 16:46:42.474,0.247046,0.284737,0.340694,0,24
1900-01-01 16:46:43.474,0.249204,0.287084,0.340979,0,24
1900-01-01 16:46:44.474,0.248411,0.28626,0.340923,0,24
1900-01-01 16:46:45.474,0.248091,0.285735,0.340758,0,24
1900-01-01 16:46:46.474,0.248364,0.285646,0.340758,0,24
1900-01-01 16:46:47.474,0.248847,0.286654,0.340262,0,24
1900-01-01 16:46:48.474,0.249036,0.287341,0.340648,0,24
1900-01-01 16:46:49.474,0.247624,0.284475,0.340786,0,24
1900-01-01 16:46:50.474,0.247004,0.28437,0.34074,0,24
1900-01-01 16:46:51.474,0.246574,0.284354,0.340832,0,24
1900-01-01 16:46:52.474,0.247823,0.285672,0.34029,0,24
1900-01-01 16:46:53.474,0.24901,0.286764,0.340271,0,24
1900-01-01 16:46:54.474,0.248196,0.285393,0.340207,0,24
1900-01-01 16:46:55.474,0.247902,0.285262,0.340455,0,24
1900-01-01 16:46:56.474,0.248017,0.285231,0.340887,0,24
1900-01-01 16:46:57.474,0.248117,0.284952,0.340372,0,24
1900-01-01 16:46:58.474,0.246894,0.283692,0.340584,0,24
1900-01-01 16:46:59.474,0.248464,0.285446,0.340611,0,24
1900-01-01 16:47:00.474,0.248107,0.285709,0.340446,0,24
1900-01-01 16:47:01.474,0.247419,0.285141,0.340427,0,24
1900-01-01 16:47:02.474,0.247272,0.284811,0.340437,0,24
1900-01-01 16:47:03.474,0.247219,0.284748,0.34051,0,24
1900-01-01 16:47:04.474,0.246826,0.28396,0.340115,0,24
1900-01-01 16:47:05.474,0.248254,0.286638,0.339894,0,24
1900-01-01 16:47:06.474,0.24776,0.285667,0.340675,0,24
1900-01-01 16:47:07.474,0.24818,0.285462,0.340299,0,24
1900-01-01 16:47:08.474,0.248028,0.285856,0.340097,0,24
1900-01-01 16:47:09.474,0.248086,0.285194,0.340666,0,24
1900-01-01 16:47:10.474,0.247807,0.285021,0.340602,0,24
1900-01-01 16:47:11.474,0.247524,0.284847,0.340271,0,24
1900-01-01 16:47:12.474,0.249115,0.286617,0.340335,0,24
1900-01-01 16:47:13.474,0.247608,0.285425,0.341025,0,24
1900-01-01 16:47:14.474,0.248353,0.285593,0.340464,0,24
1900-01-01 16:47:15.474,0.248574,0.286449,0.340822,0,24
1900-01-01 16:47:16.474,0.247177,0.284727,0.340776,0,24
1900-01-01 16:47:17.474,0.247692,0.285724,0.340611,0,24
1900-01-01 16:47:18.474,0.248857,0.286764,0.340611,0,24
1900-01-01 16:47:19.474,0.248831,0.286302,0.340253,0,24
1900-01-01 16:47:20.474,0.247534,0.284695,0.340639,0,24
1900-01-01 16:47:21.474,0.248306,0.285756,0.3404,0,24
1900-01-01 16:47:22.474,0.248201,0.285682,0.340437,0,24
1900-01-01 16:47:23.474,0.247282,0.284532,0.341034,0,24
1900-01-01 16:47:24.474,0.248632,0.286407,0.340547,0,24
1900-01-01 16:47:25.474,0.248075,0.285982,0.34062,0,24
1900-01-01 16:47:26.474,0.247445,0.285682,0.340611,0,24
1900-01-01 16:47:27.474,0.24702,0.285483,0.340648,0,24
1900-01-01 16:47:28.474,0.247324,0.284349,0.340602,0,24
1900-01-01 16:47:29.474,0.248674,0.285908,0.340703,0,24
1900-01-01 16:47:30.474,0.246915,0.284711,0.340602,0,24
1900-01-01 16:47:31.474,0.247524,0.285131,0.340335,0,24
1900-01-01 16:47:32.474,0.246841,0.284328,0.340345,0,24
1900-01-01 16:47:33.474,0.24912,0.286538,0.340584,0,24
1900-01-01 16:47:34.474,0.247209,0.285252,0.340501,0,24
1900-01-01 16:47:35.474,0.249136,0.2872,0.340547,0,24
1900-01-01 16:47:36.474,0.248506,0.285961,0.34028,0,24
1900-01-01 16:47:37.474,0.247576,0.284947,0.340299,0,24
1900-01-01 16:47:38.474,0.247897,0.285598,0.340455,0,24
1900-01-01 16:47:39.474,0.248611,0.286438,0.340685,0,24
1900-01-01 16:47:40.474,0.24724,0.285115,0.34062,0,24
1900-01-01 16:47:41.474,0.248752,0.286165,0.340822,0,24
1900-01-01 16:47:42.474,0.247823,0.284874,0.340547,0,24
1900-01-01 16:47:43.474,0.248952,0.286979,0.340317,0,24
1900-01-01 16:47:44.474,0.247403,0.284669,0.340538,0,24
1900-01-01 16:47:45.474,0.248086,0.285719,0.340731,0,24
1900-01-01 16:47:46.474,0.24902,0.286832,0.340675,0,24
1900-01-01 16:47:47.474,0.247834,0.285982,0.340758,0,24
1900-01-01 16:47:48.474,0.248138,0.285378,0.340538,0,24
1900-01-01 16:47:49.474,0.247865,0.285042,0.340308,0,24
1900-01-01 16:47:50.474,0.24766,0.285346,0.340335,0,24
1900-01-01 16:47:51.474,0.248537,0.286354,0.340372,0,24
1900-01-01 16:47:52.474,0.248227,0.284727,0.340161,0,24
1900-01-01 16:47:53.474,0.248317,0.28615,0.340749,0,24
1900-01-01 16:47:54.474,0.248794,0.286307,0.340933,0,24
1900-01-01 16:47:55.474,0.248238,0.28553,0.340482,0,24
1900-01-01 16:47:56.474,0.247729,0.285388,0.340473,0,24
1900-01-01 16:47:57.474,0.247639,0.284963,0.340584,0,24
1900-01-01 16:47:58.474,0.247876,0.285997,0.341429,0,24
1900-01-01 16:47:59.474,0.24796,0.28521,0.340786,0,24
1900-01-01 16:48:00.474,0.247582,0.285499,0.340381,0,24
1900-01-01 16:48:01.474,0.248784,0.28636,0.340859,0,24
1900-01-01 16:48:02.474,0.248201,0.285945,0.340813,0,24
1900-01-01 16:48:03.474,0.247876,0.285178,0.340712,0,24
1900-01-01 16:48:04.474,0.24901,0.287546,0.340675,0,24
1900-01-01 16:48:05.474,0.24838,0.286911,0.340758,0,24
1900-01-01 16:48:06.474,0.248721,0.286769,0.340767,0,24
1900-01-01 16:48:07.474,0.247246,0.284853,0.34108,0,24
1900-01-01 16:48:08.474,0.248322,0.285719,0.341126,0,24
1900-01-01 16:48:09.474,0.247597,0.284889,0.340859,0,24
1900-01-01 16:48:10.474,0.247781,0.285162,0.340629,0,24
1900-01-01 16:48:11.474,0.24702,0.285094,0.341282,0,24
1900-01-01 16:48:12.474,0.247781,0.285351,0.341254,0,24
1900-01-01 16:48:13.474,0.246705,0.284805,0.340547,0,24
1900-01-01 16:48:14.474,0.247918,0.285267,0.341144,0,24
1900-01-01 16:48:15.474,0.249382,0.286659,0.341006,0,24
1900-01-01 16:48:16.474,0.247162,0.284322,0.340832,0,24
1900-01-01 16:48:17.474,0.248164,0.285241,0.340565,0,24
1900-01-01 16:48:18.474,0.247256,0.284317,0.340538,0,24
1900-01-01 16:48:19.474,0.247634,0.285556,0.34074,0,24
1900-01-01 16:48:20.474,0.24891,0.286407,0.341116,0,24
1900-01-01 16:48:21.474,0.247561,0.285078,0.340703,0,24
1900-01-01 16:48:22.474,0.247093,0.284643,0.340804,0,24
1900-01-01 16:48:23.474,0.248842,0.28699,0.340565,0,24
1900-01-01 16:48:24.474,0.24923,0.286822,0.340832,0,24
1900-01-01 16:48:25.474,0.248999,0.287389,0.341061,0,24
1900-01-01 16:48:26.474,0.248338,0.286097,0.340942,0,24
1900-01-01 16:48:27.474,0.247009,0.283713,0.340878,0,24
1900-01-01 16:48:28.474,0.247939,0.285241,0.340703,0,24
1900-01-01 16:48:29.474,0.248443,0.285913,0.340703,0,24
1900-01-01 16:48:30.474,0.24745,0.285414,0.341162,0,24
1900-01-01 16:48:31.474,0.246999,0.2849,0.340969,0,24
1900-01-01 16:48:32.474,0.24881,0.286517,0.340822,0,24
1900-01-01 16:48:33.474,0.248385,0.284748,0.340804,0,24
1900-01-01 16:48:34.474,0.248626,0.28605,0.340841,0,24
1900-01-01 16:48:35.474,0.247487,0.284433,0.341061,0,24
1900-01-01 16:48:36.474,0.248605,0.285814,0.340482,0,24
1900-01-01 16:48:37.474,0.24881,0.28574,0.340391,0,24
1900-01-01 16:48:38.474,0.248243,0.285598,0.340758,0,24
1900-01-01 16:48:39.474,0.24808,0.285546,0.340657,0,24
1900-01-01 16:48:40.474,0.249088,0.286533,0.340923,0,24
1900-01-01 16:48:41.474,0.2488,0.286249,0.340584,0,24
1900-01-01 16:48:42.474,0.248002,0.286066,0.340602,0,24
1900-01-01 16:48:43.474,0.247125,0.284286,0.340767,0,24
1900-01-01 16:48:44.474,0.247403,0.285357,0.340703,0,24
1900-01-01 16:48:45.474,0.248868,0.286711,0.340795,0,24
1900-01-01 16:48:46.474,0.248679,0.286223,0.34062,0,24
1900-01-01 16:48:47.474,0.247697,0.285068,0.340859,0,24
1900-01-01 16:48:48.474,0.247524,0.284937,0.340887,0,24
1900-01-01 16:48:49.474,0.247975,0.284942,0.340492,0,24
1900-01-01 16:48:50.474,0.246742,0.285015,0.340345,0,24
1900-01-01 16:48:51.474,0.248196,0.285871,0.340629,0,24
1900-01-01 16:48:52.474,0.24713,0.285682,0.34062,0,24
1900-01-01 16:48:53.474,0.248936,0.285777,0.340611,0,24
1900-01-01 16:48:54.474,0.248233,0.285745,0.340786,0,24
1900-01-01 16:48:55.474,0.24871,0.286092,0.340519,0,24
1900-01-01 16:48:56.474,0.246962,0.284385,0.340427,0,24
1900-01-01 16:48:57.474,0.248506,0.285992,0.340841,0,24
1900-01-01 16:48:58.474,0.248075,0.285583,0.340629,0,24
1900-01-01 16:48:59.474,0.248369,0.286454,0.340446,0,24
1900-01-01 16:49:00.474,0.247618,0.285073,0.3404,0,24
1900-01-01 16:49:01.474,0.249388,0.286533,0.340528,0,24
1900-01-01 16:49:02.474,0.247303,0.285556,0.340951,0,24
1900-01-01 16:49:03.474,0.248348,0.286218,0.340923,0,24
1900-01-01 16:49:04.474,0.248527,0.286066,0.341126,0,24
1900-01-01 16:49:05.474,0.248884,0.286617,0.340832,0,24
1900-01-01 16:49:06.474,0.248285,0.285409,0.340253,0,24
1900-01-01 16:49:07.474,0.2488,0.286108,0.340528,0,24
1900-01-01 16:49:08.474,0.248742,0.286496,0.340776,0,24
1900-01-01 16:49:09.474,0.248721,0.286596,0.340979,0,24
1900-01-01 16:49:10.474,0.250107,0.287137,0.340841,0,24
1900-01-01 16:49:11.474,0.248768,0.287499,0.34085,0,24
1900-01-01 16:49:12.474,0.248632,0.286627,0.341043,0,24
1900-01-01 16:49:13.474,0.249046,0.287152,0.341401,0,24
1900-01-01 16:49:14.474,0.248175,0.285362,0.341364,0,24
1900-01-01 16:49:15.474,0.246983,0.285105,0.341015,0,24
1900-01-01 16:49:16.474,0.247949,0.285136,0.341273,0,24
1900-01-01 16:49:17.474,0.248626,0.285992,0.341089,0,24
1900-01-01 16:49:18.474,0.246621,0.284223,0.34096,0,24
1900-01-01 16:49:19.474,0.248716,0.28585,0.341116,0,24
1900-01-01 16:49:20.474,0.247351,0.284842,0.340666,0,24
1900-01-01 16:49:21.474,0.24922,0.286029,0.341135,0,24
1900-01-01 16:49:22.474,0.248642,0.285829,0.341199,0,24
1900-01-01 16:49:23.474,0.248054,0.285,0.341043,0,24
1900-01-01 16:49:24.474,0.249592,0.287005,0.34085,0,24
1900-01-01 16:49:25.474,0.248353,0.285409,0.341309,0,24
1900-01-01 16:49:26.474,0.248359,0.28552,0.34107,0,24
1900-01-01 16:49:27.474,0.24902,0.286612,0.341263,0,24
1900-01-01 16:49:28.474,0.247702,0.285047,0.341052,0,24
1900-01-01 16:49:29.474,0.247051,0.284753,0.341089,0,24
1900-01-01 16:49:30.474,0.247771,0.285084,0.340767,0,24
1900-01-01 16:49:31.474,0.249451,0.287278,0.340574,0,24
1900-01-01 16:49:32.474,0.247099,0.284632,0.341162,0,24
1900-01-01 16:49:33.474,0.247912,0.284884,0.340758,0,24
1900-01-01 16:49:34.474,0.24671,0.283866,0.340832,0,24
1900-01-01 16:49:35.474,0.247797,0.285672,0.341015,0,24
1900-01-01 16:49:36.474,0.248737,0.285971,0.340574,0,24
1900-01-01 16:49:37.474,0.248542,0.286454,0.340712,0,24
1900-01-01 16:49:38.474,0.247891,0.284968,0.340657,0,24
1900-01-01 16:49:39.474,0.248217,0.284921,0.340841,0,24
1900-01-01 16:49:40.474,0.247849,0.285215,0.340896,0,24
1900-01-01 16:49:41.474,0.248674,0.286139,0.340933,0,24
1900-01-01 16:49:42.474,0.248044,0.285199,0.340639,0,24
1900-01-01 16:49:43.474,0.247739,0.285084,0.340565,0,24
1900-01-01 16:49:44.474,0.2486,0.286575,0.340942,0,24
1900-01-01 16:49:45.474,0.247996,0.285204,0.340731,0,24
1900-01-01 16:49:46.474,0.248133,0.285362,0.3413,0,24
1900-01-01 16:49:47.474,0.249235,0.28647,0.341116,0,24
1900-01-01 16:49:48.474,0.24817,0.285252,0.340914,0,24
1900-01-01 16:49:49.474,0.247608,0.284994,0.340749,0,24
1900-01-01 16:49:50.474,0.248537,0.285598,0.340455,0,24
1900-01-01 16:49:51.474,0.248994,0.285924,0.340795,0,24
1900-01-01 16:49:52.474,0.249188,0.28616,0.340813,0,24
1900-01-01 16:49:53.474,0.249409,0.286643,0.340795,0,24
1900-01-01 16:49:54.474,0.249057,0.286155,0.341052,0,24
1900-01-01 16:49:55.474,0.246584,0.284784,0.340841,0,24
1900-01-01 16:49:56.474,0.248311,0.284847,0.340694,0,24
1900-01-01 16:49:57.474,0.247345,0.285514,0.340942,0,24
1900-01-01 16:49:58.474,0.247419,0.285499,0.340547,0,24
1900-01-01 16:49:59.474,0.247865,0.284727,0.340648,0,24
1900-01-01 16:50:00.474,0.249351,0.286832,0.340648,0,24
1900-01-01 16:50:01.474,0.247246,0.285677,0.340721,0,24
1900-01-01 16:50:02.474,0.24808,0.285105,0.340593,0,24
1900-01-01 16:50:03.474,0.247765,0.285435,0.340391,0,24
1900-01-01 16:50:04.474,0.248994,0.286816,0.340244,0,24
1900-01-01 16:50:05.474,0.248086,0.284931,0.340776,0,24
1900-01-01 16:50:06.474,0.247933,0.285703,0.340795,0,24
1900-01-01 16:50:07.474,0.248621,0.286417,0.34074,0,24
1900-01-01 16:50:08.474,0.2487,0.285672,0.340804,0,24
1900-01-01 16:50:09.474,0.249272,0.28679,0.340997,0,24
1900-01-01 16:50:10.474,0.247886,0.284532,0.340712,0,24
1900-01-01 16:50:11.474,0.248411,0.285992,0.340427,0,24
1900-01-01 16:50:12.474,0.250034,0.287184,0.340951,0,24
1900-01-01 16:50:13.474,0.248107,0.285425,0.340731,0,24
1900-01-01 16:50:14.474,0.247776,0.285467,0.340335,0,24
1900-01-01 16:50:15.474,0.247629,0.284916,0.340786,0,24
1900-01-01 16:50:16.474,0.24923,0.28678,0.340593,0,24
1900-01-01 16:50:17.474,0.248374,0.285903,0.341034,0,24
1900-01-01 16:50:18.474,0.248401,0.286171,0.340703,0,24
1900-01-01 16:50:19.474,0.247897,0.285063,0.340951,0,24
1900-01-01 16:50:20.474,0.24849,0.285414,0.340767,0,24
1900-01-01 16:50:21.474,0.249115,0.286165,0.340859,0,24
1900-01-01 16:50:22.474,0.247571,0.285073,0.340795,0,24
1900-01-01 16:50:23.474,0.248091,0.285183,0.340685,0,24
1900-01-01 16:50:24.474,0.248285,0.285787,0.340969,0,24
1900-01-01 16:50:25.474,0.247702,0.284942,0.340988,0,24
1900-01-01 16:50:26.474,0.248978,0.286428,0.341116,0,24
1900-01-01 16:50:27.474,0.248737,0.285955,0.341208,0,24
1900-01-01 16:50:28.474,0.248542,0.285551,0.34085,0,24
1900-01-01 16:50:29.474,0.248584,0.285609,0.340317,0,24
1900-01-01 16:50:30.474,0.248359,0.285546,0.340639,0,24
1900-01-01 16:50:31.474,0.248794,0.286234,0.340657,0,24
1900-01-01 16:50:32.474,0.248296,0.285609,0.340629,0,24
1900-01-01 16:50:33.474,0.247771,0.285036,0.340905,0,24
1900-01-01 16:50:34.474,0.24808,0.285388,0.340896,0,24
1900-01-01 16:50:35.474,0.24766,0.285204,0.340703,0,24
1900-01-01 16:50:36.474,0.247939,0.285483,0.34074,0,24
1900-01-01 16:50:37.474,0.249104,0.286711,0.340786,0,24
1900-01-01 16:50:38.474,0.247771,0.285604,0.340501,0,24
1900-01-01 16:50:39.474,0.248332,0.286034,0.340997,0,24
1900-01-01 16:50:40.474,0.248926,0.286066,0.340308,0,24
1900-01-01 16:50:41.474,0.248532,0.286234,0.340758,0,24
1900-01-01 16:50:42.474,0.249356,0.286685,0.340758,0,24
1900-01-01 16:50:43.474,0.247986,0.284527,0.340455,0,24
1900-01-01 16:50:44.474,0.248002,0.285162,0.340584,0,24
1900-01-01 16:50:45.474,0.24754,0.285493,0.340786,0,24
1900-01-01 16:50:46.474,0.248206,0.284868,0.3404,0,24
1900-01-01 16:50:47.474,0.250312,0.287698,0.340455,0,24
1900-01-01 16:50:48.474,0.247183,0.284763,0.340951,0,24
1900-01-01 16:50:49.474,0.249167,0.286123,0.340804,0,24
1900-01-01 16:50:50.474,0.247771,0.284653,0.340556,0,24
1900-01-01 16:50:51.474,0.24808,0.284979,0.340841,0,24
1900-01-01 16:50:52.474,0.248905,0.286081,0.340694,0,24
1900-01-01 16:50:53.474,0.249393,0.286895,0.340354,0,24
1900-01-01 16:50:54.474,0.246637,0.284679,0.340602,0,24
1900-01-01 16:50:55.474,0.248143,0.285435,0.34074,0,24
1900-01-01 16:50:56.474,0.249235,0.286192,0.340822,0,24
1900-01-01 16:50:57.474,0.247802,0.285173,0.34085,0,24
1900-01-01 16:50:58.474,0.247162,0.284091,0.340556,0,24
1900-01-01 16:50:59.474,0.248873,0.286318,0.340685,0,24
1900-01-01 16:51:00.474,0.246967,0.284664,0.34051,0,24
1900-01-01 16:51:01.474,0.249493,0.287278,0.340593,0,24
1900-01-01 16:51:02.474,0.247786,0.285724,0.34051,0,24
1900-01-01 16:51:03.474,0.247907,0.285483,0.340602,0,24
1900-01-01 16:51:04.474,0.246936,0.284112,0.34062,0,24
1900-01-01 16:51:05.474,0.246694,0.28407,0.340482,0,24
1900-01-01 16:51:06.474,0.24808,0.285619,0.340271,0,24
1900-01-01 16:51:07.474,0.248605,0.286533,0.340225,0,24
1900-01-01 16:51:08.474,0.248495,0.285845,0.340969,0,24
1900-01-01 16:51:09.474,0.248443,0.285535,0.340675,0,24
1900-01-01 16:51:10.474,0.248737,0.285478,0.340767,0,24
1900-01-01 16:51:11.474,0.248768,0.286575,0.340629,0,24
1900-01-01 16:51:12.474,0.248437,0.286102,0.340694,0,24
1900-01-01 16:51:13.474,0.248243,0.285745,0.340216,0,24
1900-01-01 16:51:14.474,0.2485,0.28584,0.340776,0,24
1900-01-01 16:51:15.474,0.248989,0.28657,0.340685,0,24
1900-01-01 16:51:16.474,0.248926,0.28636,0.340556,0,24
1900-01-01 16:51:17.474,0.248474,0.286538,0.340749,0,24
1900-01-01 16:51:18.474,0.248406,0.286339,0.340997,0,24
1900-01-01 16:51:19.474,0.24796,0.284931,0.340703,0,24
1900-01-01 16:51:20.474,0.248012,0.285315,0.340639,0,24
1900-01-01 16:51:21.474,0.247713,0.285514,0.340951,0,24
1900-01-01 16:51:22.474,0.24817,0.285499,0.340749,0,24
1900-01-01 16:51:23.474,0.248206,0.285346,0.340694,0,24
1900-01-01 16:51:24.474,0.24986,0.28711,0.34107,0,24
1900-01-01 16:51:25.474,0.248275,0.286018,0.341162,0,24
1900-01-01 16:51:26.474,0.24828,0.28533,0.34096,0,24
1900-01-01 16:51:27.474,0.24839,0.28626,0.340923,0,24
1900-01-01 16:51:28.474,0.24818,0.285682,0.340381,0,24
1900-01-01 16:51:29.474,0.248128,0.285525,0.340455,0,24
1900-01-01 16:51:30.474,0.248637,0.286475,0.34062,0,24
1900-01-01 16:51:31.474,0.248989,0.28699,0.340786,0,24
1900-01-01 16:51:32.474,0.247424,0.285189,0.340593,0,24
1900-01-01 16:51:33.474,0.248196,0.285966,0.34062,0,24
1900-01-01 16:51:34.474,0.247335,0.284448,0.341015,0,24
1900-01-01 16:51:35.474,0.247907,0.285446,0.340988,0,24
1900-01-01 16:51:36.474,0.248238,0.285997,0.340666,0,24
1900-01-01 16:51:37.474,0.248679,0.286176,0.340666,0,24
1900-01-01 16:51:38.474,0.247377,0.284926,0.340666,0,24
1900-01-01 16:51:39.474,0.248978,0.286885,0.340822,0,24
1900-01-01 16:51:40.474,0.248338,0.286186,0.340795,0,24
1900-01-01 16:51:41.474,0.248443,0.28606,0.340887,0,24
1900-01-01 16:51:42.474,0.247314,0.284438,0.340969,0,24
1900-01-01 16:51:43.474,0.248254,0.285472,0.340666,0,24
1900-01-01 16:51:44.474,0.248107,0.285336,0.340501,0,24
1900-01-01 16:51:45.474,0.247697,0.285583,0.340097,0,24
1900-01-01 16:51:46.474,0.247718,0.285031,0.341043,0,24
1900-01-01 16:51:47.474,0.247261,0.284916,0.340749,0,24
1900-01-01 16:51:48.474,0.247734,0.284889,0.340685,0,24
1900-01-01 16:51:49.474,0.24775,0.285787,0.340354,0,24
1900-01-01 16:51:50.474,0.248779,0.286906,0.340501,0,24
1900-01-01 16:51:51.474,0.247414,0.285068,0.340749,0,24
1900-01-01 16:51:52.474,0.248212,0.285325,0.34062,0,24
1900-01-01 16:51:53.474,0.248658,0.285414,0.340354,0,24
1900-01-01 16:51:54.474,0.248579,0.285346,0.340712,0,24
1900-01-01 16:51:55.474,0.24828,0.285735,0.340593,0,24
1900-01-01 16:51:56.474,0.248821,0.286202,0.340629,0,24
1900-01-01 16:51:57.474,0.24818,0.285866,0.340574,0,24
1900-01-01 16:51:58.474,0.247729,0.28564,0.340437,0,24
1900-01-01 16:51:59.474,0.248537,0.285908,0.340813,0,24
1900-01-01 16:52:00.474,0.247723,0.285173,0.340749,0,24
1900-01-01 16:52:01.474,0.248516,0.286113,0.340776,0,24
1900-01-01 16:52:02.474,0.247639,0.284942,0.341061,0,24
1900-01-01 16:52:03.474,0.247356,0.285036,0.340685,0,24
1900-01-01 16:52:04.474,0.247776,0.285514,0.340822,0,24
1900-01-01 16:52:05.474,0.249151,0.286801,0.340896,0,24
1900-01-01 16:52:06.474,0.24787,0.28511,0.340437,0,24
1900-01-01 16:52:07.474,0.248143,0.285478,0.340694,0,24
1900-01-01 16:52:08.474,0.248348,0.28627,0.341025,0,24
1900-01-01 16:52:09.474,0.247561,0.284522,0.34074,0,24
1900-01-01 16:52:10.474,0.248007,0.285393,0.340326,0,24
1900-01-01 16:52:11.474,0.248443,0.286213,0.340547,0,24
1900-01-01 16:52:12.474,0.247771,0.285183,0.340446,0,24
1900-01-01 16:52:13.474,0.248905,0.286512,0.340914,0,24
1900-01-01 16:52:14.474,0.248726,0.286465,0.340381,0,24
1900-01-01 16:52:15.474,0.247771,0.285556,0.340841,0,24
1900-01-01 16:52:16.474,0.247671,0.285273,0.34074,0,24
1900-01-01 16:52:17.474,0.248395,0.286606,0.340492,0,24
1900-01-01 16:52:18.474,0.248044,0.285714,0.340749,0,24
1900-01-01 16:52:19.474,0.24901,0.287116,0.341254,0,24
1900-01-01 16:52:20.474,0.247771,0.285756,0.341043,0,24
1900-01-01 16:52:21.474,0.246379,0.283461,0.340685,0,24
1900-01-01 16:52:22.474,0.248038,0.285604,0.340538,0,24
1900-01-01 16:52:23.474,0.247597,0.285362,0.340519,0,24
1900-01-01 16:52:24.474,0.247251,0.285299,0.340887,0,24
1900-01-01 16:52:25.474,0.248437,0.286024,0.340694,0,24
1900-01-01 16:52:26.474,0.247939,0.285782,0.340685,0,24
1900-01-01 16:52:27.474,0.248317,0.285761,0.340776,0,24
1900-01-01 16:52:28.474,0.248605,0.285698,0.340813,0,24
1900-01-01 16:52:29.474,0.247849,0.284868,0.340519,0,24
1900-01-01 16:52:30.474,0.248369,0.28533,0.340473,0,24
1900-01-01 16:52:31.474,0.248038,0.284958,0.340795,0,24
1900-01-01 16:52:32.474,0.248238,0.285992,0.340703,0,24
1900-01-01 16:52:33.474,0.248185,0.285577,0.340629,0,24
1900-01-01 16:52:34.474,0.249088,0.286591,0.340666,0,24
1900-01-01 16:52:35.474,0.247324,0.284532,0.340611,0,24
1900-01-01 16:52:36.474,0.24818,0.285635,0.34051,0,24
1900-01-01 16:52:37.474,0.247771,0.285099,0.340905,0,24
1900-01-01 16:52:38.474,0.24797,0.286328,0.340914,0,24
1900-01-01 16:52:39.474,0.248516,0.286591,0.340657,0,24
1900-01-01 16:52:40.474,0.248028,0.285299,0.341098,0,24
1900-01-01 16:52:41.474,0.248663,0.286753,0.340933,0,24
1900-01-01 16:52:42.474,0.247398,0.285929,0.341025,0,24
1900-01-01 16:52:43.474,0.24712,0.284039,0.340501,0,24
1900-01-01 16:52:44.474,0.247792,0.285435,0.34029,0,24
1900-01-01 16:52:45.474,0.2486,0.286108,0.340832,0,24
1900-01-01 16:52:46.474,0.24754,0.28512,0.340804,0,24
1900-01-01 16:52:47.474,0.248905,0.286423,0.340979,0,24
1900-01-01 16:52:48.474,0.248968,0.285646,0.340731,0,24
1900-01-01 16:52:49.474,0.248842,0.286066,0.340923,0,24
1900-01-01 16:52:50.474,0.247781,0.285367,0.341282,0,24
1900-01-01 16:52:51.474,0.247949,0.285021,0.340896,0,24
1900-01-01 16:52:52.474,0.248149,0.28626,0.340887,0,24
1900-01-01 16:52:53.474,0.247739,0.285845,0.340841,0,24
1900-01-01 16:52:54.474,0.248196,0.285393,0.341328,0,24
1900-01-01 16:52:55.474,0.247776,0.285541,0.340979,0,24
1900-01-01 16:52:56.474,0.248999,0.286722,0.340841,0,24
1900-01-01 16:52:57.474,0.248511,0.286512,0.340979,0,24
1900-01-01 16:52:58.474,0.249188,0.287226,0.340988,0,24
1900-01-01 16:52:59.474,0.248238,0.285908,0.34107,0,24
1900-01-01 16:53:00.474,0.248584,0.286029,0.34142,0,24
1900-01-01 16:53:01.474,0.249508,0.286932,0.341162,0,24
1900-01-01 16:53:02.474,0.247372,0.284695,0.340979,0,24
1900-01-01 16:53:03.474,0.247534,0.285157,0.3413,0,24
1900-01-01 16:53:04.474,0.24807,0.285798,0.34119,0,24
1900-01-01 16:53:05.474,0.248957,0.286643,0.341015,0,24
1900-01-01 16:53:06.474,0.248348,0.285982,0.341061,0,24
1900-01-01 16:53:07.474,0.247781,0.28564,0.341116,0,24
1900-01-01 16:53:08.474,0.247933,0.285782,0.341116,0,24
1900-01-01 16:53:09.474,0.248458,0.286318,0.34108,0,24
1900-01-01 16:53:10.474,0.248474,0.286102,0.341126,0,24
1900-01-01 16:53:11.474,0.248831,0.286606,0.341567,0,24
1900-01-01 16:53:12.474,0.249235,0.286234,0.341475,0,24
1900-01-01 16:53:13.474,0.248338,0.285315,0.341337,0,24
1900-01-01 16:53:14.474,0.248044,0.285667,0.341034,0,24
1900-01-01 16:53:15.474,0.247256,0.284937,0.341052,0,24
1900-01-01 16:53:16.474,0.248143,0.286055,0.341438,0,24
1900-01-01 16:53:17.474,0.247828,0.285982,0.341401,0,24
1900-01-01 16:53:18.474,0.247855,0.285509,0.341337,0,24
1900-01-01 16:53:19.474,0.248527,0.286286,0.340868,0,24
1900-01-01 16:53:20.474,0.248322,0.285929,0.341135,0,24
1900-01-01 16:53:21.474,0.249109,0.286412,0.340896,0,24
1900-01-01 16:53:22.474,0.248395,0.285446,0.340776,0,24
1900-01-01 16:53:23.474,0.248096,0.285971,0.340675,0,24
1900-01-01 16:53:24.474,0.248364,0.285787,0.34108,0,24
1900-01-01 16:53:25.474,0.249913,0.28732,0.34107,0,24
1900-01-01 16:53:26.474,0.249309,0.286806,0.341263,0,24
1900-01-01 16:53:27.474,0.248275,0.28584,0.341025,0,24
1900-01-01 16:53:28.474,0.247681,0.284553,0.341126,0,24
1900-01-01 16:53:29.474,0.248406,0.285472,0.340942,0,24
1900-01-01 16:53:30.474,0.248563,0.286318,0.340905,0,24
1900-01-01 16:53:31.474,0.248726,0.286837,0.341181,0,24
1900-01-01 16:53:32.474,0.248448,0.285887,0.341181,0,24
1900-01-01 16:53:33.474,0.248826,0.285724,0.34141,0,24
1900-01-01 16:53:34.474,0.248668,0.285598,0.341511,0,24
1900-01-01 16:53:35.474,0.249713,0.286738,0.341603,0,24
1900-01-01 16:53:36.474,0.247603,0.284359,0.341429,0,24
1900-01-01 16:53:37.474,0.247823,0.285457,0.341263,0,24
1900-01-01 16:53:38.474,0.24829,0.285362,0.340896,0,24
1900-01-01 16:53:39.474,0.248653,0.285509,0.340951,0,24
1900-01-01 16:53:40.474,0.248548,0.286459,0.341061,0,24
1900-01-01 16:53:41.474,0.248448,0.285367,0.341227,0,24
1900-01-01 16:53:42.474,0.249073,0.286517,0.341337,0,24
1900-01-01 16:53:43.474,0.248842,0.286969,0.341061,0,24
1900-01-01 16:53:44.474,0.248574,0.285945,0.341631,0,24
1900-01-01 16:53:45.474,0.248248,0.285593,0.341236,0,24
1900-01-01 16:53:46.474,0.247739,0.284391,0.34096,0,24
1900-01-01 16:53:47.474,0.248642,0.285698,0.340694,0,24
1900-01-01 16:53:48.474,0.248479,0.286402,0.34119,0,24
1900-01-01 16:53:49.474,0.248647,0.286622,0.341061,0,24
1900-01-01 16:53:50.474,0.249004,0.286328,0.340896,0,24
1900-01-01 16:53:51.474,0.249057,0.287079,0.341319,0,24
1900-01-01 16:53:52.474,0.247246,0.284926,0.34141,0,24
1900-01-01 16:53:53.474,0.249073,0.285782,0.341162,0,24
1900-01-01 16:53:54.474,0.248826,0.286003,0.341089,0,24
1900-01-01 16:53:55.474,0.248821,0.285667,0.341374,0,24
1900-01-01 16:53:56.474,0.248569,0.285525,0.341328,0,24
1900-01-01 16:53:57.474,0.248852,0.286297,0.341162,0,24
1900-01-01 16:53:58.474,0.248317,0.286297,0.341291,0,24
1900-01-01 16:53:59.474,0.249267,0.287058,0.341199,0,24
1900-01-01 16:54:00.474,0.247918,0.285667,0.341153,0,24
1900-01-01 16:54:01.474,0.24954,0.287016,0.341135,0,24
1900-01-01 16:54:02.474,0.248296,0.285924,0.341273,0,24
1900-01-01 16:54:03.474,0.248306,0.286496,0.341126,0,24
1900-01-01 16:54:04.474,0.24859,0.286428,0.341245,0,24
1900-01-01 16:54:05.474,0.24913,0.286585,0.340969,0,24
1900-01-01 16:54:06.474,0.24766,0.284711,0.341337,0,24
1900-01-01 16:54:07.474,0.248007,0.285063,0.341034,0,24
1900-01-01 16:54:08.474,0.247261,0.284396,0.340694,0,24
1900-01-01 16:54:09.474,0.247592,0.284585,0.34074,0,24
1900-01-01 16:54:10.474,0.248264,0.285924,0.341107,0,24
1900-01-01 16:54:11.474,0.247624,0.284937,0.341089,0,24
1900-01-01 16:54:12.474,0.2487,0.285971,0.340648,0,24
1900-01-01 16:54:13.474,0.247996,0.284989,0.340804,0,24
1900-01-01 16:54:14.474,0.247482,0.285,0.340758,0,24
1900-01-01 16:54:15.474,0.249724,0.287221,0.340859,0,24
1900-01-01 16:54:16.474,0.248437,0.286407,0.340813,0,24
1900-01-01 16:54:17.474,0.246364,0.284044,0.340345,0,24
1900-01-01 16:54:18.474,0.247639,0.28532,0.340501,0,24
1900-01-01 16:54:19.474,0.248117,0.285682,0.340464,0,24
1900-01-01 16:54:20.474,0.248663,0.286811,0.340703,0,24
1900-01-01 16:54:21.474,0.247708,0.285635,0.341025,0,24
1900-01-01 16:54:22.474,0.248458,0.285845,0.340786,0,24
1900-01-01 16:54:23.474,0.248836,0.286186,0.340923,0,24
1900-01-01 16:54:24.474,0.248154,0.28542,0.341236,0,24
1900-01-01 16:54:25.474,0.249188,0.286869,0.340721,0,24
1900-01-01 16:54:26.474,0.248201,0.285934,0.340868,0,24
1900-01-01 16:54:27.474,0.248758,0.285997,0.340786,0,24
1900-01-01 16:54:28.474,0.246616,0.28438,0.341025,0,24
1900-01-01 16:54:29.474,0.249157,0.286181,0.340988,0,24
1900-01-01 16:54:30.474,0.247991,0.28553,0.340675,0,24
1900-01-01 16:54:31.474,0.248485,0.285441,0.340703,0,24
1900-01-01 16:54:32.474,0.247912,0.285598,0.341034,0,24
1900-01-01 16:54:33.474,0.248605,0.286533,0.341254,0,24
1900-01-01 16:54:34.474,0.247818,0.285572,0.340721,0,24
1900-01-01 16:54:35.474,0.247828,0.286113,0.340942,0,24
1900-01-01 16:54:36.474,0.246805,0.284217,0.340629,0,24
1900-01-01 16:54:37.474,0.248401,0.285919,0.34028,0,24
1900-01-01 16:54:38.474,0.249225,0.286129,0.340685,0,24
1900-01-01 16:54:39.474,0.249367,0.286832,0.340464,0,24
1900-01-01 16:54:40.474,0.246731,0.283965,0.341034,0,24
1900-01-01 16:54:41.474,0.248096,0.285787,0.340565,0,24
1900-01-01 16:54:42.474,0.248747,0.285462,0.340685,0,24
1900-01-01 16:54:43.474,0.247944,0.28552,0.340574,0,24
1900-01-01 16:54:44.474,0.248873,0.286155,0.340731,0,24
1900-01-01 16:54:45.474,0.248878,0.286711,0.341273,0,24
1900-01-01 16:54:46.474,0.248637,0.285509,0.341144,0,24
1900-01-01 16:54:47.474,0.248506,0.285682,0.340482,0,24
1900-01-01 16:54:48.474,0.248584,0.286612,0.340914,0,24
1900-01-01 16:54:49.474,0.248485,0.28647,0.340979,0,24
1900-01-01 16:54:50.474,0.249388,0.287226,0.341061,0,24
1900-01-01 16:54:51.474,0.247949,0.285546,0.340887,0,24
1900-01-01 16:54:52.474,0.248185,0.286407,0.341245,0,24
1900-01-01 16:54:53.474,0.24766,0.285761,0.340795,0,24
1900-01-01 16:54:54.474,0.247015,0.285614,0.340767,0,24
1900-01-01 16:54:55.474,0.248248,0.285451,0.341181,0,24
1900-01-01 16:54:56.474,0.24902,0.28753,0.340914,0,24
1900-01-01 16:54:57.474,0.249314,0.286265,0.341217,0,24
1900-01-01 16:54:58.474,0.248752,0.286018,0.341364,0,24
1900-01-01 16:54:59.474,0.247886,0.285425,0.341089,0,24
1900-01-01 16:55:00.474,0.248385,0.285504,0.341172,0,24
1900-01-01 16:55:01.474,0.248164,0.285703,0.341208,0,24
1900-01-01 16:55:02.474,0.248495,0.286559,0.341429,0,24
1900-01-01 16:55:03.474,0.248642,0.286165,0.340813,0,24
1900-01-01 16:55:04.474,0.248264,0.28563,0.341006,0,24
1900-01-01 16:55:05.474,0.248327,0.28594,0.34108,0,24
1900-01-01 16:55:06.474,0.247834,0.285157,0.340887,0,24
1900-01-01 16:55:07.474,0.247975,0.285252,0.340666,0,24
1900-01-01 16:55:08.474,0.248296,0.286255,0.340767,0,24
1900-01-01 16:55:09.474,0.249036,0.28605,0.340749,0,24
1900-01-01 16:55:10.474,0.249761,0.287546,0.341172,0,24
1900-01-01 16:55:11.474,0.247781,0.284769,0.341263,0,24
1900-01-01 16:55:12.474,0.247834,0.284522,0.340776,0,24
1900-01-01 16:55:13.474,0.24808,0.285572,0.341484,0,24
1900-01-01 16:55:14.474,0.248805,0.285945,0.340979,0,24
1900-01-01 16:55:15.474,0.247823,0.285619,0.341153,0,24
1900-01-01 16:55:16.474,0.2487,0.285861,0.340345,0,24
1900-01-01 16:55:17.474,0.248915,0.286732,0.340914,0,24
1900-01-01 16:55:18.474,0.248044,0.285231,0.341061,0,24
1900-01-01 16:55:19.474,0.248264,0.286228,0.341217,0,24
1900-01-01 16:55:20.474,0.248175,0.285756,0.340896,0,24
1900-01-01 16:55:21.474,0.247855,0.284863,0.340501,0,24
1900-01-01 16:55:22.474,0.24901,0.286659,0.340804,0,24
1900-01-01 16:55:23.474,0.2485,0.28573,0.341034,0,24
1900-01-01 16:55:24.474,0.24902,0.286738,0.341015,0,24
1900-01-01 16:55:25.474,0.248752,0.286543,0.341227,0,24
1900-01-01 16:55:26.474,0.248521,0.286092,0.341098,0,24
1900-01-01 16:55:27.474,0.248091,0.285309,0.340914,0,24
1900-01-01 16:55:28.474,0.249587,0.287347,0.34142,0,24
1900-01-01 16:55:29.474,0.248443,0.285814,0.341043,0,24
1900-01-01 16:55:30.474,0.249619,0.287761,0.341282,0,24
1900-01-01 16:55:31.474,0.248028,0.285635,0.341135,0,24
1900-01-01 16:55:32.474,0.248017,0.285336,0.341254,0,24
1900-01-01 16:55:33.474,0.248422,0.286139,0.340822,0,24
1900-01-01 16:55:34.474,0.248957,0.286512,0.340887,0,24
1900-01-01 16:55:35.474,0.247429,0.284874,0.340933,0,24
1900-01-01 16:55:36.474,0.247566,0.285026,0.340455,0,24
1900-01-01 16:55:37.474,0.248175,0.286066,0.34096,0,24
1900-01-01 16:55:38.474,0.249057,0.286685,0.341061,0,24
1900-01-01 16:55:39.474,0.248259,0.286071,0.340666,0,24
1900-01-01 16:55:40.474,0.247786,0.284706,0.341319,0,24
1900-01-01 16:55:41.474,0.248002,0.285141,0.341144,0,24
1900-01-01 16:55:42.474,0.24807,0.285131,0.340685,0,24
1900-01-01 16:55:43.474,0.248422,0.285141,0.340721,0,24
1900-01-01 16:55:44.474,0.248311,0.285399,0.340492,0,24
1900-01-01 16:55:45.474,0.247734,0.284732,0.340657,0,24
1900-01-01 16:55:46.474,0.24807,0.285404,0.34062,0,24
1900-01-01 16:55:47.474,0.248322,0.285829,0.340482,0,24
1900-01-01 16:55:48.474,0.25016,0.28742,0.340933,0,24
1900-01-01 16:55:49.474,0.248611,0.285782,0.340905,0,24
1900-01-01 16:55:50.474,0.248521,0.285583,0.341282,0,24
1900-01-01 16:55:51.474,0.2485,0.286465,0.341328,0,24
1900-01-01 16:55:52.474,0.249655,0.287719,0.340528,0,24
1900-01-01 16:55:53.474,0.249377,0.287247,0.340923,0,24
1900-01-01 16:55:54.474,0.250207,0.286748,0.341144,0,24
1900-01-01 16:55:55.474,0.24839,0.286165,0.34107,0,24
1900-01-01 16:55:56.474,0.248716,0.286811,0.341208,0,24
1900-01-01 16:55:57.474,0.249403,0.286627,0.340997,0,24
1900-01-01 16:55:58.474,0.249041,0.287389,0.340813,0,24
1900-01-01 16:55:59.474,0.248847,0.285877,0.341291,0,24
1900-01-01 16:56:00.474,0.247666,0.285761,0.341043,0,24
1900-01-01 16:56:01.474,0.248899,0.286564,0.341392,0,24
1900-01-01 16:56:02.474,0.247975,0.286186,0.341263,0,24
1900-01-01 16:56:03.474,0.248779,0.285866,0.340997,0,24
1900-01-01 16:56:04.474,0.247802,0.285231,0.340988,0,24
1900-01-01 16:56:05.474,0.249797,0.287383,0.341328,0,24
1900-01-01 16:56:06.474,0.248311,0.285835,0.341217,0,24
1900-01-01 16:56:07.474,0.250527,0.288644,0.341181,0,24
1900-01-01 16:56:08.474,0.247398,0.285819,0.341466,0,24
1900-01-01 16:56:09.474,0.248348,0.285772,0.341392,0,24
1900-01-01 16:56:10.474,0.248626,0.286029,0.341576,0,24
1900-01-01 16:56:11.474,0.249608,0.286213,0.341374,0,24
1900-01-01 16:56:12.474,0.248196,0.286281,0.340648,0,24
1900-01-01 16:56:13.474,0.247503,0.284296,0.341025,0,24
1900-01-01 16:56:14.474,0.248905,0.286255,0.341052,0,24
1900-01-01 16:56:15.474,0.248836,0.285656,0.340822,0,24
1900-01-01 16:56:16.474,0.246868,0.284742,0.340795,0,24
1900-01-01 16:56:17.474,0.248416,0.285824,0.341015,0,24
1900-01-01 16:56:18.474,0.248689,0.286297,0.341456,0,24
1900-01-01 16:56:19.474,0.249603,0.286795,0.341089,0,24
1900-01-01 16:56:20.474,0.249824,0.287289,0.3413,0,24
1900-01-01 16:56:21.474,0.248647,0.285698,0.341034,0,24
1900-01-01 16:56:22.474,0.249099,0.286591,0.340988,0,24
1900-01-01 16:56:23.474,0.247508,0.285152,0.341199,0,24
1900-01-01 16:56:24.474,0.2486,0.286139,0.34096,0,24
1900-01-01 16:56:25.474,0.247456,0.2848,0.341227,0,24
1900-01-01 16:56:26.474,0.247881,0.28532,0.341126,0,24
1900-01-01 16:56:27.474,0.247666,0.285351,0.341144,0,24
1900-01-01 16:56:28.474,0.249361,0.286685,0.341061,0,24
1900-01-01 16:56:29.474,0.249876,0.287861,0.341098,0,24
1900-01-01 16:56:30.474,0.248469,0.286596,0.341172,0,24
1900-01-01 16:56:31.474,0.249088,0.286879,0.341208,0,24
1900-01-01 16:56:32.474,0.248941,0.285987,0.341291,0,24
1900-01-01 16:56:33.474,0.249361,0.287268,0.34107,0,24
1900-01-01 16:56:34.474,0.248086,0.286522,0.341006,0,24
1900-01-01 16:56:35.474,0.248773,0.286239,0.341484,0,24
1900-01-01 16:56:36.474,0.249335,0.286706,0.341392,0,24
1900-01-01 16:56:37.474,0.247666,0.285793,0.341116,0,24
1900-01-01 16:56:38.474,0.24765,0.284963,0.341364,0,24
1900-01-01 16:56:39.474,0.248254,0.28584,0.341098,0,24
1900-01-01 16:56:40.474,0.248059,0.285688,0.341236,0,24
1900-01-01 16:56:41.474,0.249577,0.287625,0.340969,0,24
1900-01-01 16:56:42.474,0.24818,0.285551,0.341328,0,24
1900-01-01 16:56:43.474,0.248973,0.285919,0.341263,0,24
1900-01-01 16:56:44.474,0.247645,0.28511,0.34096,0,24
1900-01-01 16:56:45.474,0.248584,0.286585,0.341447,0,24
1900-01-01 16:56:46.474,0.249109,0.287368,0.341401,0,24
1900-01-01 16:56:47.474,0.247214,0.284685,0.341208,0,24
1900-01-01 16:56:48.474,0.248773,0.287494,0.341392,0,24
1900-01-01 16:56:49.474,0.247792,0.285362,0.341328,0,24
1900-01-01 16:56:50.474,0.249582,0.287205,0.341181,0,24
1900-01-01 16:56:51.474,0.250648,0.289048,0.341328,0,24
1900-01-01 16:56:52.474,0.24786,0.284653,0.341034,0,24
1900-01-01 16:56:53.474,0.248936,0.286307,0.341291,0,24
1900-01-01 16:56:54.474,0.248663,0.286029,0.341199,0,24
1900-01-01 16:56:55.474,0.248569,0.285609,0.341089,0,24
1900-01-01 16:56:56.474,0.24871,0.286354,0.341319,0,24
1900-01-01 16:56:57.474,0.249267,0.287074,0.341429,0,24
1900-01-01 16:56:58.474,0.249036,0.286669,0.341392,0,24
1900-01-01 16:56:59.474,0.248674,0.285572,0.341273,0,24
1900-01-01 16:57:00.474,0.249209,0.286701,0.341208,0,24
1900-01-01 16:57:01.474,0.250333,0.288355,0.341309,0,24
1900-01-01 16:57:02.474,0.248663,0.286071,0.341227,0,24
1900-01-01 16:57:03.474,0.247734,0.285341,0.341052,0,24
1900-01-01 16:57:04.474,0.247246,0.284648,0.341052,0,24
1900-01-01 16:57:05.474,0.247366,0.284821,0.341374,0,24
1900-01-01 16:57:06.474,0.247561,0.285005,0.341006,0,24
1900-01-01 16:57:07.474,0.248238,0.285756,0.340841,0,24
1900-01-01 16:57:08.474,0.249115,0.286675,0.341392,0,24
1900-01-01 16:57:09.474,0.24859,0.286417,0.341548,0,24
1900-01-01 16:57:10.474,0.247655,0.285341,0.341236,0,24
1900-01-01 16:57:11.474,0.249524,0.287173,0.341585,0,24
1900-01-01 16:57:12.474,0.249235,0.286827,0.34153,0,24
1900-01-01 16:57:13.474,0.248301,0.284616,0.34142,0,24
1900-01-01 16:57:14.474,0.248059,0.285877,0.341337,0,24
1900-01-01 16:57:15.474,0.248826,0.286701,0.341015,0,24
1900-01-01 16:57:16.474,0.248789,0.286045,0.341438,0,24
1900-01-01 16:57:17.474,0.249162,0.286402,0.341254,0,24
1900-01-01 16:57:18.474,0.249162,0.286522,0.341006,0,24
1900-01-01 16:57:19.474,0.248532,0.286265,0.341236,0,24
1900-01-01 16:57:20.474,0.248595,0.286391,0.341328,0,24
1900-01-01 16:57:21.474,0.247566,0.285047,0.341466,0,24
1900-01-01 16:57:22.474,0.248926,0.28637,0.341511,0,24
1900-01-01 16:57:23.474,0.24734,0.284748,0.340776,0,24
1900-01-01 16:57:24.474,0.24829,0.284931,0.340887,0,24
1900-01-01 16:57:25.474,0.249351,0.286591,0.341052,0,24
1900-01-01 16:57:26.474,0.248978,0.286596,0.341346,0,24
1900-01-01 16:57:27.474,0.248017,0.285908,0.341116,0,24
1900-01-01 16:57:28.474,0.248054,0.285341,0.341098,0,24
1900-01-01 16:57:29.474,0.249052,0.28657,0.340988,0,24
1900-01-01 16:57:30.474,0.248899,0.285824,0.341254,0,24
1900-01-01 16:57:31.474,0.248768,0.285913,0.34062,0,24
1900-01-01 16:57:32.474,0.24964,0.286638,0.340969,0,24
1900-01-01 16:57:33.474,0.247807,0.284931,0.340942,0,24
1900-01-01 16:57:34.474,0.248747,0.286312,0.340923,0,24
1900-01-01 16:57:35.474,0.248059,0.285388,0.341153,0,24
1900-01-01 16:57:36.474,0.247981,0.285761,0.340997,0,24
1900-01-01 16:57:37.474,0.249351,0.286444,0.340657,0,24
1900-01-01 16:57:38.474,0.249062,0.286186,0.341291,0,24
1900-01-01 16:57:39.474,0.248962,0.286459,0.341153,0,24
1900-01-01 16:57:40.474,0.248401,0.285887,0.340868,0,24
1900-01-01 16:57:41.474,0.249514,0.287609,0.340896,0,24
1900-01-01 16:57:42.474,0.248731,0.28648,0.341374,0,24
1900-01-01 16:57:43.474,0.247482,0.28469,0.340979,0,24
1900-01-01 16:57:44.474,0.249057,0.286181,0.341328,0,24
1900-01-01 16:57:45.474,0.248149,0.285882,0.3413,0,24
1900-01-01 16:57:46.474,0.248049,0.285514,0.341319,0,24
1900-01-01 16:57:47.474,0.249151,0.286932,0.341273,0,24
1900-01-01 16:57:48.474,0.249524,0.287672,0.340841,0,24
1900-01-01 16:57:49.474,0.24891,0.286365,0.341438,0,24
1900-01-01 16:57:50.474,0.248406,0.285688,0.341456,0,24
1900-01-01 16:57:51.474,0.249031,0.286129,0.341144,0,24
1900-01-01 16:57:52.474,0.249298,0.28752,0.341181,0,24
1900-01-01 16:57:53.474,0.248553,0.285861,0.341034,0,24
1900-01-01 16:57:54.474,0.248737,0.286774,0.340896,0,24
1900-01-01 16:57:55.474,0.248248,0.285304,0.341282,0,24
1900-01-01 16:57:56.474,0.248852,0.285793,0.34141,0,24
1900-01-01 16:57:57.474,0.249435,0.286633,0.341392,0,24
1900-01-01 16:57:58.474,0.248075,0.285892,0.34175,0,24
1900-01-01 16:57:59.474,0.248889,0.287058,0.341649,0,24
1900-01-01 16:58:00.474,0.248359,0.285661,0.341309,0,24
1900-01-01 16:58:01.474,0.247792,0.284391,0.341034,0,24
1900-01-01 16:58:02.474,0.248878,0.286648,0.341144,0,24
1900-01-01 16:58:03.474,0.248385,0.286811,0.34096,0,24
1900-01-01 16:58:04.474,0.248075,0.285829,0.341355,0,24
1900-01-01 16:58:05.474,0.249025,0.28679,0.341263,0,24
1900-01-01 16:58:06.474,0.247676,0.285162,0.340951,0,24
1900-01-01 16:58:07.474,0.248983,0.28636,0.341043,0,24
1900-01-01 16:58:08.474,0.248962,0.286381,0.34119,0,24
1900-01-01 16:58:09.474,0.247755,0.285267,0.341162,0,24
1900-01-01 16:58:10.474,0.24817,0.285588,0.341153,0,24
1900-01-01 16:58:11.474,0.248679,0.286958,0.341383,0,24
1900-01-01 16:58:12.474,0.247655,0.285651,0.341319,0,24
1900-01-01 16:58:13.474,0.248101,0.285073,0.341438,0,24
1900-01-01 16:58:14.474,0.247923,0.285866,0.341208,0,24
1900-01-01 16:58:15.474,0.248385,0.285772,0.34119,0,24
1900-01-01 16:58:16.474,0.248768,0.286538,0.341172,0,24
1900-01-01 16:58:17.474,0.248432,0.285698,0.341576,0,24
1900-01-01 16:58:18.474,0.248863,0.286654,0.341374,0,24
1900-01-01 16:58:19.474,0.249141,0.286895,0.341493,0,24
1900-01-01 16:58:20.474,0.248831,0.28648,0.341364,0,24
1900-01-01 16:58:21.474,0.248847,0.286496,0.341704,0,24
1900-01-01 16:58:22.474,0.248689,0.285913,0.340933,0,24
1900-01-01 16:58:23.474,0.248217,0.285404,0.341328,0,24
1900-01-01 16:58:24.474,0.248479,0.28615,0.341217,0,24
1900-01-01 16:58:25.474,0.248264,0.286396,0.341181,0,24
1900-01-01 16:58:26.474,0.248784,0.286102,0.341061,0,24
1900-01-01 16:58:27.474,0.247755,0.285651,0.341429,0,24
1900-01-01 16:58:28.474,0.249782,0.287005,0.341052,0,24
1900-01-01 16:58:29.474,0.248868,0.286307,0.341098,0,24
1900-01-01 16:58:30.474,0.248558,0.287047,0.341484,0,24
1900-01-01 16:58:31.474,0.24818,0.285525,0.341126,0,24
1900-01-01 16:58:32.474,0.247954,0.285084,0.341328,0,24
1900-01-01 16:58:33.474,0.247928,0.28585,0.340859,0,24
1900-01-01 16:58:34.474,0.248343,0.285987,0.341025,0,24
1900-01-01 16:58:35.474,0.24787,0.284774,0.341337,0,24
1900-01-01 16:58:36.474,0.248532,0.286433,0.341153,0,24
1900-01-01 16:58:37.474,0.248511,0.28626,0.340933,0,24
1900-01-01 16:58:38.474,0.24892,0.286927,0.340979,0,24
1900-01-01 16:58:39.474,0.247954,0.285194,0.340997,0,24
1900-01-01 16:58:40.474,0.247393,0.285231,0.340694,0,24
1900-01-01 16:58:41.474,0.248983,0.286496,0.340942,0,24
1900-01-01 16:58:42.474,0.248695,0.286738,0.341364,0,24
1900-01-01 16:58:43.474,0.248878,0.286827,0.341612,0,24
1900-01-01 16:58:44.474,0.247324,0.284396,0.341135,0,24
1900-01-01 16:58:45.474,0.248091,0.285882,0.340694,0,24
1900-01-01 16:58:46.474,0.248978,0.285913,0.341346,0,24
1900-01-01 16:58:47.474,0.248989,0.286753,0.34153,0,24
1900-01-01 16:58:48.474,0.247718,0.285478,0.340914,0,24
1900-01-01 16:58:49.474,0.247282,0.28512,0.340914,0,24
1900-01-01 16:58:50.474,0.248117,0.285583,0.340933,0,24
1900-01-01 16:58:51.474,0.24796,0.285761,0.341217,0,24
1900-01-01 16:58:52.474,0.248096,0.285903,0.340666,0,24
1900-01-01 16:58:53.474,0.247729,0.284805,0.34108,0,24
1900-01-01 16:58:54.474,0.248185,0.28574,0.340795,0,24
1900-01-01 16:58:55.474,0.248642,0.286029,0.340822,0,24
1900-01-01 16:58:56.474,0.24797,0.285861,0.34096,0,24
1900-01-01 16:58:57.474,0.24901,0.286696,0.341107,0,24
1900-01-01 16:58:58.474,0.248059,0.286092,0.340767,0,24
1900-01-01 16:58:59.474,0.248348,0.285425,0.340979,0,24
1900-01-01 16:59:00.474,0.249414,0.287189,0.340832,0,24
1900-01-01 16:59:01.474,0.248516,0.285178,0.34074,0,24
1900-01-01 16:59:02.474,0.248107,0.285777,0.341089,0,24
1900-01-01 16:59:03.474,0.248889,0.286454,0.341098,0,24
1900-01-01 16:59:04.474,0.249062,0.286701,0.341227,0,24
1900-01-01 16:59:05.474,0.248275,0.28606,0.340923,0,24
1900-01-01 16:59:06.474,0.248684,0.286092,0.340795,0,24
1900-01-01 16:59:07.474,0.250039,0.287635,0.341429,0,24
1900-01-01 16:59:08.474,0.248726,0.285856,0.341006,0,24
1900-01-01 16:59:09.474,0.249162,0.286412,0.340951,0,24
1900-01-01 16:59:10.474,0.248983,0.286223,0.340584,0,24
1900-01-01 16:59:11.474,0.248406,0.286192,0.340997,0,24
1900-01-01 16:59:12.474,0.248815,0.285919,0.340547,0,24
1900-01-01 16:59:13.474,0.249209,0.286638,0.341107,0,24
1900-01-01 16:59:14.474,0.249304,0.286722,0.340923,0,24
1900-01-01 16:59:15.474,0.249965,0.28794,0.341227,0,24
1900-01-01 16:59:16.474,0.247792,0.285215,0.341328,0,24
1900-01-01 16:59:17.474,0.247855,0.284727,0.341392,0,24
1900-01-01 16:59:18.474,0.247986,0.285829,0.340804,0,24
1900-01-01 16:59:19.474,0.248159,0.285955,0.340767,0,24
1900-01-01 16:59:20.474,0.248826,0.286333,0.340758,0,24
1900-01-01 16:59:21.474,0.250259,0.288402,0.340813,0,24
1900-01-01 16:59:22.474,0.248133,0.285588,0.340639,0,24
1900-01-01 16:59:23.474,0.248836,0.28595,0.340685,0,24
1900-01-01 16:59:24.474,0.247219,0.284958,0.340776,0,24
1900-01-01 16:59:25.474,0.248401,0.286475,0.340951,0,24
1900-01-01 16:59:26.474,0.249041,0.286354,0.341015,0,24
1900-01-01 16:59:27.474,0.249461,0.287751,0.341199,0,24
1900-01-01 16:59:28.474,0.249293,0.286921,0.340951,0,24
1900-01-01 16:59:29.474,0.249041,0.286591,0.340859,0,24
1900-01-01 16:59:30.474,0.248469,0.28584,0.341208,0,24
1900-01-01 16:59:31.474,0.248217,0.286181,0.34108,0,24
1900-01-01 16:59:32.474,0.24849,0.286144,0.341181,0,24
1900-01-01 16:59:33.474,0.248259,0.286444,0.3413,0,24
1900-01-01 16:59:34.474,0.249162,0.286822,0.341438,0,24
1900-01-01 16:59:35.474,0.249309,0.287851,0.341401,0,24
1900-01-01 16:59:36.474,0.248684,0.286302,0.340887,0,24
1900-01-01 16:59:37.474,0.248894,0.285682,0.340969,0,24
1900-01-01 16:59:38.474,0.248873,0.286596,0.341282,0,24
1900-01-01 16:59:39.474,0.249136,0.286318,0.341025,0,24
1900-01-01 16:59:40.474,0.248406,0.285288,0.340951,0,24
1900-01-01 16:59:41.474,0.249393,0.287478,0.34119,0,24
1900-01-01 16:59:42.474,0.247844,0.285903,0.341025,0,24
1900-01-01 16:59:43.474,0.248889,0.286675,0.340969,0,24
1900-01-01 16:59:44.474,0.248747,0.286381,0.34119,0,24
1900-01-01 16:59:45.474,0.249246,0.286659,0.341383,0,24
1900-01-01 16:59:46.474,0.248206,0.285472,0.341291,0,24
1900-01-01 16:59:47.474,0.249587,0.287032,0.340997,0,24
1900-01-01 16:59:48.474,0.250081,0.287467,0.340804,0,24
1900-01-01 16:59:49.474,0.249577,0.287478,0.3413,0,24
1900-01-01 16:59:50.474,0.247954,0.285924,0.341263,0,24
1900-01-01 16:59:51.474,0.249419,0.286816,0.341208,0,24
1900-01-01 16:59:52.474,0.248406,0.286391,0.341135,0,24
1900-01-01 16:59:53.474,0.248238,0.286249,0.34107,0,24
1900-01-01 16:59:54.474,0.24912,0.286512,0.34153,0,24
1900-01-01 16:59:55.474,0.249556,0.287646,0.341245,0,24
1900-01-01 16:59:56.474,0.248133,0.286013,0.341089,0,24
1900-01-01 16:59:57.474,0.248469,0.28542,0.341576,0,24
1900-01-01 16:59:58.474,0.249855,0.287137,0.34141,0,24
1900-01-01 16:59:59.474,0.248521,0.285567,0.341796,0,24
1900-01-01 17:00:00.474,0.248695,0.286344,0.341815,0,24
1900-01-01 17:00:01.474,0.24871,0.286223,0.34142,0,24
1900-01-01 17:00:02.474,0.248626,0.28552,0.341355,0,24
1900-01-01 17:00:03.474,0.248206,0.285583,0.341585,0,24
1900-01-01 17:00:04.474,0.248107,0.285446,0.341576,0,24
1900-01-01 17:00:05.474,0.250165,0.287819,0.341668,0,24
1900-01-01 17:00:06.474,0.249351,0.287299,0.341695,0,24
1900-01-01 17:00:07.474,0.24808,0.286171,0.341934,0,24
1900-01-01 17:00:08.474,0.249414,0.287037,0.34164,0,24
1900-01-01 17:00:09.474,0.248637,0.28657,0.341649,0,24
1900-01-01 17:00:10.474,0.249293,0.286612,0.341622,0,24
1900-01-01 17:00:11.474,0.248164,0.285808,0.341429,0,24
1900-01-01 17:00:12.474,0.24787,0.285651,0.341217,0,24
1900-01-01 17:00:13.474,0.248978,0.286743,0.341199,0,24
1900-01-01 17:00:14.474,0.248154,0.285882,0.341199,0,24
1900-01-01 17:00:15.474,0.248154,0.285929,0.341107,0,24
1900-01-01 17:00:16.474,0.248364,0.285714,0.341107,0,24
1900-01-01 17:00:17.474,0.248327,0.285383,0.341796,0,24
1900-01-01 17:00:18.474,0.248884,0.285982,0.341521,0,24
1900-01-01 17:00:19.474,0.246904,0.284364,0.340997,0,24
1900-01-01 17:00:20.474,0.248301,0.285887,0.341153,0,24
1900-01-01 17:00:21.474,0.248401,0.285467,0.341043,0,24
1900-01-01 17:00:22.474,0.248159,0.284889,0.340942,0,24
1900-01-01 17:00:23.474,0.248852,0.286207,0.341557,0,24
1900-01-01 17:00:24.474,0.24723,0.284443,0.340703,0,24
1900-01-01 17:00:25.474,0.249367,0.286643,0.341061,0,24
1900-01-01 17:00:26.474,0.249309,0.286276,0.341126,0,24
1900-01-01 17:00:27.474,0.248285,0.285183,0.340997,0,24
1900-01-01 17:00:28.474,0.24839,0.286108,0.341319,0,24
1900-01-01 17:00:29.474,0.248805,0.285913,0.341383,0,24
1900-01-01 17:00:30.474,0.248511,0.285168,0.340933,0,24
1900-01-01 17:00:31.474,0.248668,0.285766,0.341043,0,24
1900-01-01 17:00:32.474,0.247886,0.285299,0.340969,0,24
1900-01-01 17:00:33.474,0.248899,0.286192,0.341043,0,24
1900-01-01 17:00:34.474,0.247765,0.285015,0.341208,0,24
1900-01-01 17:00:35.474,0.248695,0.285204,0.340694,0,24
1900-01-01 17:00:36.474,0.24922,0.286423,0.341263,0,24
1900-01-01 17:00:37.474,0.248479,0.285042,0.341227,0,24
1900-01-01 17:00:38.474,0.248007,0.285399,0.34085,0,24
1900-01-01 17:00:39.474,0.247949,0.284921,0.340887,0,24
1900-01-01 17:00:40.474,0.249403,0.286491,0.340767,0,24
1900-01-01 17:00:41.474,0.248248,0.285168,0.340675,0,24
1900-01-01 17:00:42.474,0.248548,0.28595,0.340731,0,24
1900-01-01 17:00:43.474,0.24891,0.286969,0.341254,0,24
1900-01-01 17:00:44.474,0.248411,0.285136,0.340859,0,24
1900-01-01 17:00:45.474,0.249356,0.286858,0.34108,0,24
1900-01-01 17:00:46.474,0.249004,0.285971,0.340675,0,24
1900-01-01 17:00:47.474,0.249372,0.285997,0.340979,0,24
1900-01-01 17:00:48.474,0.248695,0.286102,0.340813,0,24
1900-01-01 17:00:49.474,0.249251,0.286801,0.341162,0,24
1900-01-01 17:00:50.474,0.249256,0.286664,0.341061,0,24
1900-01-01 17:00:51.474,0.249283,0.286932,0.340951,0,24
1900-01-01 17:00:52.474,0.248884,0.286543,0.340887,0,24
1900-01-01 17:00:53.474,0.249676,0.286622,0.340758,0,24
1900-01-01 17:00:54.474,0.248716,0.286181,0.341061,0,24
1900-01-01 17:00:55.474,0.247534,0.285236,0.341025,0,24
1900-01-01 17:00:56.474,0.247865,0.285215,0.341273,0,24
1900-01-01 17:00:57.474,0.248096,0.285667,0.340832,0,24
1900-01-01 17:00:58.474,0.248175,0.28564,0.341181,0,24
1900-01-01 17:00:59.474,0.248763,0.28594,0.340979,0,24
1900-01-01 17:01:00.474,0.248269,0.285409,0.341263,0,24
1900-01-01 17:01:01.474,0.2486,0.285246,0.340767,0,24
1900-01-01 17:01:02.474,0.249876,0.286984,0.341034,0,24
1900-01-01 17:01:03.474,0.248936,0.286186,0.341319,0,24
1900-01-01 17:01:04.474,0.249382,0.286381,0.341126,0,24
1900-01-01 17:01:05.474,0.248758,0.286811,0.34119,0,24
1900-01-01 17:01:06.474,0.249834,0.28774,0.341346,0,24
1900-01-01 17:01:07.474,0.250322,0.287814,0.341162,0,24
1900-01-01 17:01:08.474,0.249041,0.286339,0.341622,0,24
1900-01-01 17:01:09.474,0.24829,0.285567,0.341116,0,24
1900-01-01 17:01:10.474,0.249598,0.286554,0.341328,0,24
1900-01-01 17:01:11.474,0.249382,0.286622,0.341126,0,24
1900-01-01 17:01:12.474,0.248663,0.286265,0.341089,0,24
1900-01-01 17:01:13.474,0.249351,0.286333,0.34108,0,24
1900-01-01 17:01:14.474,0.247639,0.285336,0.341511,0,24
1900-01-01 17:01:15.474,0.247996,0.285152,0.341355,0,24
1900-01-01 17:01:16.474,0.249346,0.286381,0.341319,0,24
1900-01-01 17:01:17.474,0.247445,0.284695,0.341199,0,24
1900-01-01 17:01:18.474,0.248065,0.28522,0.341006,0,24
1900-01-01 17:01:19.474,0.249073,0.28678,0.340795,0,24
1900-01-01 17:01:20.474,0.249167,0.287116,0.341015,0,24
1900-01-01 17:01:21.474,0.249041,0.286365,0.34142,0,24
1900-01-01 17:01:22.474,0.248842,0.286218,0.341217,0,24
1900-01-01 17:01:23.474,0.249209,0.286302,0.340923,0,24
1900-01-01 17:01:24.474,0.248773,0.285619,0.341172,0,24
1900-01-01 17:01:25.474,0.248915,0.28585,0.341043,0,24
1900-01-01 17:01:26.474,0.248926,0.286244,0.340841,0,24
1900-01-01 17:01:27.474,0.249703,0.287719,0.341346,0,24
1900-01-01 17:01:28.474,0.248663,0.285777,0.341199,0,24
1900-01-01 17:01:29.474,0.248233,0.28543,0.341107,0,24
1900-01-01 17:01:30.474,0.248096,0.284826,0.340786,0,24
1900-01-01 17:01:31.474,0.248574,0.286354,0.341447,0,24
1900-01-01 17:01:32.474,0.247933,0.286102,0.34153,0,24
1900-01-01 17:01:33.474,0.247891,0.285183,0.341153,0,24
1900-01-01 17:01:34.474,0.248915,0.286171,0.341227,0,24
1900-01-01 17:01:35.474,0.249887,0.287347,0.341374,0,24
1900-01-01 17:01:36.474,0.248658,0.28606,0.341649,0,24
1900-01-01 17:01:37.474,0.247844,0.284296,0.341098,0,24
1900-01-01 17:01:38.474,0.250485,0.288197,0.341429,0,24
1900-01-01 17:01:39.474,0.249629,0.287357,0.34119,0,24
1900-01-01 17:01:40.474,0.248322,0.285856,0.341309,0,24
1900-01-01 17:01:41.474,0.249115,0.286417,0.341282,0,24
1900-01-01 17:01:42.474,0.249025,0.287105,0.341364,0,24
1900-01-01 17:01:43.474,0.249251,0.287074,0.341089,0,24
1900-01-01 17:01:44.474,0.249445,0.287005,0.341328,0,24
1900-01-01 17:01:45.474,0.249188,0.285945,0.34141,0,24
1900-01-01 17:01:46.474,0.248327,0.284973,0.341603,0,24
1900-01-01 17:01:47.474,0.248668,0.286024,0.341392,0,24
1900-01-01 17:01:48.474,0.249992,0.287662,0.341162,0,24
1900-01-01 17:01:49.474,0.2488,0.286738,0.341181,0,24
1900-01-01 17:01:50.474,0.249041,0.285908,0.341392,0,24
1900-01-01 17:01:51.474,0.248301,0.285719,0.341677,0,24
1900-01-01 17:01:52.474,0.248558,0.285656,0.341796,0,24
1900-01-01 17:01:53.474,0.248747,0.286291,0.341557,0,24
1900-01-01 17:01:54.474,0.248059,0.285782,0.341484,0,24
1900-01-01 17:01:55.474,0.248794,0.28648,0.341429,0,24
1900-01-01 17:01:56.474,0.248222,0.285,0.34119,0,24
1900-01-01 17:01:57.474,0.247986,0.284858,0.341107,0,24
1900-01-01 17:01:58.474,0.248401,0.286465,0.3413,0,24
1900-01-01 17:01:59.474,0.24922,0.2869,0.341098,0,24
1900-01-01 17:02:00.474,0.247797,0.284805,0.341006,0,24
1900-01-01 17:02:01.474,0.249256,0.286244,0.34062,0,24
1900-01-01 17:02:02.474,0.250034,0.28752,0.340933,0,24
1900-01-01 17:02:03.474,0.249398,0.286654,0.341254,0,24
1900-01-01 17:02:04.474,0.249283,0.286843,0.341557,0,24
1900-01-01 17:02:05.474,0.248028,0.284973,0.341144,0,24
1900-01-01 17:02:06.474,0.249976,0.287383,0.341328,0,24
1900-01-01 17:02:07.474,0.250028,0.287221,0.341291,0,24
1900-01-01 17:02:08.474,0.248983,0.286312,0.341098,0,24
1900-01-01 17:02:09.474,0.249351,0.286181,0.341392,0,24
1900-01-01 17:02:10.474,0.249577,0.287189,0.340951,0,24
1900-01-01 17:02:11.474,0.249094,0.286895,0.34141,0,24
1900-01-01 17:02:12.474,0.248563,0.286302,0.341401,0,24
1900-01-01 17:02:13.474,0.249088,0.286822,0.341374,0,24
1900-01-01 17:02:14.474,0.24985,0.287945,0.34175,0,24
1900-01-01 17:02:15.474,0.249094,0.286087,0.340997,0,24
1900-01-01 17:02:16.474,0.24933,0.286097,0.34141,0,24
1900-01-01 17:02:17.474,0.248931,0.286265,0.341319,0,24
1900-01-01 17:02:18.474,0.248311,0.285861,0.341355,0,24
1900-01-01 17:02:19.474,0.248605,0.285635,0.341319,0,24
1900-01-01 17:02:20.474,0.248941,0.286559,0.341153,0,24
1900-01-01 17:02:21.474,0.248548,0.285814,0.341328,0,24
1900-01-01 17:02:22.474,0.248548,0.286428,0.341447,0,24
1900-01-01 17:02:23.474,0.249031,0.286711,0.341254,0,24
1900-01-01 17:02:24.474,0.248779,0.286181,0.341466,0,24
1900-01-01 17:02:25.474,0.247891,0.285367,0.341484,0,24
1900-01-01 17:02:26.474,0.249482,0.286265,0.341309,0,24
1900-01-01 17:02:27.474,0.248227,0.285567,0.341346,0,24
1900-01-01 17:02:28.474,0.248642,0.285751,0.341098,0,24
1900-01-01 17:02:29.474,0.24817,0.285472,0.341346,0,24
1900-01-01 17:02:30.474,0.248448,0.285499,0.340786,0,24
1900-01-01 17:02:31.474,0.248758,0.286491,0.341429,0,24
1900-01-01 17:02:32.474,0.248721,0.28669,0.341383,0,24
1900-01-01 17:02:33.474,0.250847,0.288733,0.341484,0,24
1900-01-01 17:02:34.474,0.249393,0.287278,0.341208,0,24
1900-01-01 17:02:35.474,0.24922,0.28731,0.341475,0,24
1900-01-01 17:02:36.474,0.247545,0.285435,0.341346,0,24
1900-01-01 17:02:37.474,0.248411,0.28543,0.341631,0,24
1900-01-01 17:02:38.474,0.248705,0.286664,0.341107,0,24
1900-01-01 17:02:39.474,0.24786,0.285278,0.341273,0,24
1900-01-01 17:02:40.474,0.248017,0.28543,0.34096,0,24
1900-01-01 17:02:41.474,0.248038,0.285478,0.341374,0,24
1900-01-01 17:02:42.474,0.248878,0.286365,0.341162,0,24
1900-01-01 17:02:43.474,0.248674,0.28573,0.341456,0,24
1900-01-01 17:02:44.474,0.249178,0.286827,0.341015,0,24
1900-01-01 17:02:45.474,0.248621,0.28658,0.34108,0,24
1900-01-01 17:02:46.474,0.249136,0.286176,0.340795,0,24
1900-01-01 17:02:47.474,0.249414,0.286753,0.34108,0,24
1900-01-01 17:02:48.474,0.248033,0.286013,0.340822,0,24
1900-01-01 17:02:49.474,0.248301,0.286197,0.341273,0,24
1900-01-01 17:02:50.474,0.247597,0.285782,0.341006,0,24
1900-01-01 17:02:51.474,0.247907,0.285351,0.340528,0,24
1900-01-01 17:02:52.474,0.248217,0.286491,0.341548,0,24
1900-01-01 17:02:53.474,0.249193,0.286449,0.340758,0,24
1900-01-01 17:02:54.474,0.248931,0.28637,0.340896,0,24
1900-01-01 17:02:55.474,0.248348,0.286276,0.341364,0,24
1900-01-01 17:02:56.474,0.249461,0.287158,0.340878,0,24
1900-01-01 17:02:57.474,0.248815,0.286218,0.340878,0,24
1900-01-01 17:02:58.474,0.247666,0.285005,0.341466,0,24
1900-01-01 17:02:59.474,0.24985,0.286885,0.341172,0,24
1900-01-01 17:03:00.474,0.2486,0.285829,0.341263,0,24
1900-01-01 17:03:01.474,0.248968,0.286638,0.341254,0,24
1900-01-01 17:03:02.474,0.248962,0.286559,0.341291,0,24
1900-01-01 17:03:03.474,0.248107,0.285467,0.341098,0,24
1900-01-01 17:03:04.474,0.247351,0.284616,0.341328,0,24
1900-01-01 17:03:05.474,0.247781,0.284905,0.340988,0,24
1900-01-01 17:03:06.474,0.24891,0.286727,0.34096,0,24
1900-01-01 17:03:07.474,0.246742,0.28479,0.341025,0,24
1900-01-01 17:03:08.474,0.247786,0.285094,0.341153,0,24
1900-01-01 17:03:09.474,0.248936,0.286129,0.34085,0,24
1900-01-01 17:03:10.474,0.249183,0.287252,0.341126,0,24
1900-01-01 17:03:11.474,0.249319,0.286528,0.340979,0,24
1900-01-01 17:03:12.474,0.249309,0.287158,0.341227,0,24
1900-01-01 17:03:13.474,0.248054,0.285362,0.341254,0,24
1900-01-01 17:03:14.474,0.249393,0.287357,0.341484,0,24
1900-01-01 17:03:15.474,0.249351,0.287336,0.341438,0,24
1900-01-01 17:03:16.474,0.249104,0.286937,0.341052,0,24
1900-01-01 17:03:17.474,0.250233,0.287793,0.341319,0,24
1900-01-01 17:03:18.474,0.247739,0.285157,0.341043,0,24
1900-01-01 17:03:19.474,0.248154,0.285945,0.341107,0,24
1900-01-01 17:03:20.474,0.247734,0.285094,0.341521,0,24
1900-01-01 17:03:21.474,0.248185,0.28522,0.341208,0,24
1900-01-01 17:03:22.474,0.248017,0.285462,0.340822,0,24
1900-01-01 17:03:23.474,0.248584,0.286444,0.341089,0,24
1900-01-01 17:03:24.474,0.249403,0.286402,0.341006,0,24
1900-01-01 17:03:25.474,0.248511,0.286396,0.341208,0,24
1900-01-01 17:03:26.474,0.249745,0.287898,0.341484,0,24
1900-01-01 17:03:27.474,0.247834,0.285556,0.34119,0,24
1900-01-01 17:03:28.474,0.249151,0.286848,0.341291,0,24
1900-01-01 17:03:29.474,0.250149,0.287362,0.34119,0,24
1900-01-01 17:03:30.474,0.24818,0.284947,0.340859,0,24
1900-01-01 17:03:31.474,0.248474,0.286029,0.341144,0,24
1900-01-01 17:03:32.474,0.249267,0.28669,0.341337,0,24
1900-01-01 17:03:33.474,0.248689,0.28606,0.341364,0,24
1900-01-01 17:03:34.474,0.248836,0.286428,0.341401,0,24
1900-01-01 17:03:35.474,0.248275,0.285688,0.340933,0,24
1900-01-01 17:03:36.474,0.248212,0.285635,0.341126,0,24
1900-01-01 17:03:37.474,0.249435,0.287357,0.341355,0,24
1900-01-01 17:03:38.474,0.248863,0.285861,0.341245,0,24
1900-01-01 17:03:39.474,0.248086,0.284769,0.341337,0,24
1900-01-01 17:03:40.474,0.248474,0.285667,0.341704,0,24
1900-01-01 17:03:41.474,0.248128,0.285887,0.341089,0,24
1900-01-01 17:03:42.474,0.249088,0.285892,0.340896,0,24
1900-01-01 17:03:43.474,0.248411,0.285372,0.340951,0,24
1900-01-01 17:03:44.474,0.249067,0.287074,0.341364,0,24
1900-01-01 17:03:45.474,0.24776,0.284648,0.340703,0,24
1900-01-01 17:03:46.474,0.248737,0.285756,0.341126,0,24
1900-01-01 17:03:47.474,0.249755,0.287121,0.340951,0,24
1900-01-01 17:03:48.474,0.248096,0.285273,0.340868,0,24
1900-01-01 17:03:49.474,0.24807,0.284616,0.340951,0,24
1900-01-01 17:03:50.474,0.24787,0.28552,0.341126,0,24
1900-01-01 17:03:51.474,0.248044,0.284711,0.341107,0,24
1900-01-01 17:03:52.474,0.249456,0.287273,0.340859,0,24
1900-01-01 17:03:53.474,0.248553,0.286433,0.340905,0,24
1900-01-01 17:03:54.474,0.249466,0.286937,0.340933,0,24
1900-01-01 17:03:55.474,0.248495,0.285556,0.341098,0,24
1900-01-01 17:03:56.474,0.249629,0.287263,0.340712,0,24
1900-01-01 17:03:57.474,0.249887,0.286648,0.341034,0,24
1900-01-01 17:03:58.474,0.249524,0.286895,0.341475,0,24
1900-01-01 17:03:59.474,0.247597,0.285336,0.34107,0,24
1900-01-01 17:04:00.474,0.248044,0.286013,0.341172,0,24
1900-01-01 17:04:01.474,0.248217,0.285367,0.34074,0,24
1900-01-01 17:04:02.474,0.249309,0.286591,0.340997,0,24
1900-01-01 17:04:03.474,0.24818,0.285488,0.340878,0,24
1900-01-01 17:04:04.474,0.24934,0.287163,0.341135,0,24
1900-01-01 17:04:05.474,0.248868,0.286003,0.341227,0,24
1900-01-01 17:04:06.474,0.249992,0.287273,0.341162,0,24
1900-01-01 17:04:07.474,0.24881,0.285903,0.341291,0,24
1900-01-01 17:04:08.474,0.247991,0.285672,0.341704,0,24
1900-01-01 17:04:09.474,0.249099,0.287037,0.341181,0,24
1900-01-01 17:04:10.474,0.248836,0.28668,0.340832,0,24
1900-01-01 17:04:11.474,0.249062,0.287,0.341025,0,24
1900-01-01 17:04:12.474,0.248983,0.286522,0.341273,0,24
1900-01-01 17:04:13.474,0.249004,0.286633,0.341098,0,24
1900-01-01 17:04:14.474,0.248511,0.286045,0.340887,0,24
1900-01-01 17:04:15.474,0.248485,0.286302,0.341025,0,24
1900-01-01 17:04:16.474,0.248569,0.285971,0.34108,0,24
1900-01-01 17:04:17.474,0.248395,0.285724,0.341227,0,24
1900-01-01 17:04:18.474,0.250097,0.287935,0.340887,0,24
1900-01-01 17:04:19.474,0.24871,0.285835,0.341438,0,24
1900-01-01 17:04:20.474,0.248558,0.286307,0.341135,0,24
1900-01-01 17:04:21.474,0.248296,0.286879,0.341328,0,24
1900-01-01 17:04:22.474,0.248947,0.285703,0.341236,0,24
1900-01-01 17:04:23.474,0.249167,0.286685,0.340997,0,24
1900-01-01 17:04:24.474,0.250002,0.287809,0.341227,0,24
1900-01-01 17:04:25.474,0.248695,0.286244,0.341172,0,24
1900-01-01 17:04:26.474,0.248842,0.286701,0.341043,0,24
1900-01-01 17:04:27.474,0.248726,0.285782,0.341208,0,24
1900-01-01 17:04:28.474,0.249346,0.287221,0.341319,0,24
1900-01-01 17:04:29.474,0.248915,0.286197,0.341631,0,24
1900-01-01 17:04:30.474,0.248201,0.285976,0.341116,0,24
1900-01-01 17:04:31.474,0.247508,0.284931,0.341098,0,24
1900-01-01 17:04:32.474,0.249367,0.287,0.341438,0,24
1900-01-01 17:04:33.474,0.247881,0.28479,0.341254,0,24
1900-01-01 17:04:34.474,0.248338,0.285898,0.341631,0,24
1900-01-01 17:04:35.474,0.247828,0.285441,0.341217,0,24
1900-01-01 17:04:36.474,0.247167,0.285556,0.341401,0,24
1900-01-01 17:04:37.474,0.247881,0.285031,0.341245,0,24
1900-01-01 17:04:38.474,0.250333,0.287914,0.341181,0,24
1900-01-01 17:04:39.474,0.247361,0.285357,0.341282,0,24
1900-01-01 17:04:40.474,0.247891,0.286218,0.340988,0,24
1900-01-01 17:04:41.474,0.249824,0.287116,0.341282,0,24
1900-01-01 17:04:42.474,0.248542,0.285688,0.341291,0,24
1900-01-01 17:04:43.474,0.24922,0.287105,0.341548,0,24
1900-01-01 17:04:44.474,0.248726,0.286491,0.341217,0,24
1900-01-01 17:04:45.474,0.248642,0.286102,0.341162,0,24
1900-01-01 17:04:46.474,0.248632,0.286496,0.341309,0,24
1900-01-01 17:04:47.474,0.249466,0.287194,0.340914,0,24
1900-01-01 17:04:48.474,0.248537,0.285756,0.340988,0,24
1900-01-01 17:04:49.474,0.248075,0.285688,0.341181,0,24
1900-01-01 17:04:50.474,0.249876,0.286606,0.341521,0,24
1900-01-01 17:04:51.474,0.248726,0.286365,0.341364,0,24
1900-01-01 17:04:52.474,0.248931,0.286375,0.341355,0,24
1900-01-01 17:04:53.474,0.248259,0.285929,0.341475,0,24
1900-01-01 17:04:54.474,0.248668,0.286811,0.340878,0,24
1900-01-01 17:04:55.474,0.249314,0.286391,0.341217,0,24
1900-01-01 17:04:56.474,0.248495,0.285798,0.341098,0,24
1900-01-01 17:04:57.474,0.24891,0.286071,0.341337,0,24
1900-01-01 17:04:58.474,0.247991,0.284564,0.341236,0,24
1900-01-01 17:04:59.474,0.249535,0.287252,0.341585,0,24
1900-01-01 17:05:00.474,0.248049,0.285945,0.341337,0,24
1900-01-01 17:05:01.474,0.248416,0.286297,0.34141,0,24
1900-01-01 17:05:02.474,0.247314,0.284611,0.341199,0,24
1900-01-01 17:05:03.474,0.248605,0.28605,0.341328,0,24
1900-01-01 17:05:04.474,0.24881,0.286685,0.34119,0,24
1900-01-01 17:05:05.474,0.24996,0.287756,0.341208,0,24
1900-01-01 17:05:06.474,0.249356,0.286092,0.341116,0,24
1900-01-01 17:05:07.474,0.248941,0.286255,0.341126,0,24
1900-01-01 17:05:08.474,0.248485,0.284937,0.341291,0,24
1900-01-01 17:05:09.474,0.248926,0.286055,0.341328,0,24
1900-01-01 17:05:10.474,0.248784,0.286365,0.341126,0,24
1900-01-01 17:05:11.474,0.248695,0.285971,0.341208,0,24
1900-01-01 17:05:12.474,0.248296,0.285724,0.341015,0,24
1900-01-01 17:05:13.474,0.248821,0.285871,0.341493,0,24
1900-01-01 17:05:14.474,0.248983,0.286633,0.341392,0,24
1900-01-01 17:05:15.474,0.249015,0.286123,0.341548,0,24
1900-01-01 17:05:16.474,0.249419,0.286627,0.341227,0,24
1900-01-01 17:05:17.474,0.248836,0.286423,0.34119,0,24
1900-01-01 17:05:18.474,0.248364,0.285693,0.340933,0,24
1900-01-01 17:05:19.474,0.248989,0.287257,0.341612,0,24
1900-01-01 17:05:20.474,0.247151,0.285057,0.34153,0,24
1900-01-01 17:05:21.474,0.248679,0.285404,0.340786,0,24
1900-01-01 17:05:22.474,0.249577,0.286596,0.340997,0,24
1900-01-01 17:05:23.474,0.248012,0.285798,0.341254,0,24
1900-01-01 17:05:24.474,0.248779,0.286528,0.341153,0,24
1900-01-01 17:05:25.474,0.249629,0.287714,0.341227,0,24
1900-01-01 17:05:26.474,0.247912,0.285472,0.340933,0,24
1900-01-01 17:05:27.474,0.249057,0.285724,0.340657,0,24
1900-01-01 17:05:28.474,0.249277,0.287515,0.34119,0,24
1900-01-01 17:05:29.474,0.249288,0.286202,0.341208,0,24
1900-01-01 17:05:30.474,0.250118,0.287641,0.341732,0,24
1900-01-01 17:05:31.474,0.248059,0.285593,0.341098,0,24
1900-01-01 17:05:32.474,0.247907,0.285782,0.341429,0,24
1900-01-01 17:05:33.474,0.247461,0.283918,0.3413,0,24
1900-01-01 17:05:34.474,0.248836,0.286906,0.341888,0,24
1900-01-01 17:05:35.474,0.248175,0.285357,0.341328,0,24
1900-01-01 17:05:36.474,0.249146,0.286029,0.341337,0,24
1900-01-01 17:05:37.474,0.248401,0.285651,0.341245,0,24
1900-01-01 17:05:38.474,0.248185,0.285824,0.341594,0,24
1900-01-01 17:05:39.474,0.249167,0.286696,0.341557,0,24
1900-01-01 17:05:40.474,0.248805,0.286454,0.341181,0,24
1900-01-01 17:05:41.474,0.24776,0.285351,0.341447,0,24
1900-01-01 17:05:42.474,0.24849,0.286144,0.341741,0,24
1900-01-01 17:05:43.474,0.249277,0.286648,0.341401,0,24
1900-01-01 17:05:44.474,0.249241,0.287053,0.341328,0,24
1900-01-01 17:05:45.474,0.248338,0.285273,0.340969,0,24
1900-01-01 17:05:46.474,0.248495,0.28542,0.3413,0,24
1900-01-01 17:05:47.474,0.249493,0.287441,0.341456,0,24
1900-01-01 17:05:48.474,0.249083,0.287236,0.341778,0,24
1900-01-01 17:05:49.474,0.248947,0.286748,0.341245,0,24
1900-01-01 17:05:50.474,0.248401,0.28595,0.341658,0,24
1900-01-01 17:05:51.474,0.248374,0.28615,0.341337,0,24
1900-01-01 17:05:52.474,0.249346,0.287247,0.341153,0,24
1900-01-01 17:05:53.474,0.249109,0.286759,0.341319,0,24
1900-01-01 17:05:54.474,0.249645,0.287168,0.341686,0,24
1900-01-01 17:05:55.474,0.248894,0.286024,0.34141,0,24
1900-01-01 17:05:56.474,0.247424,0.285131,0.341456,0,24
1900-01-01 17:05:57.474,0.248563,0.286139,0.341346,0,24
1900-01-01 17:05:58.474,0.249036,0.286218,0.3413,0,24
1900-01-01 17:05:59.474,0.247561,0.285267,0.341107,0,24
1900-01-01 17:06:00.474,0.249109,0.286795,0.341217,0,24
1900-01-01 17:06:01.474,0.248878,0.285808,0.341594,0,24
1900-01-01 17:06:02.474,0.248432,0.286265,0.341236,0,24
1900-01-01 17:06:03.474,0.249099,0.286848,0.341429,0,24
1900-01-01 17:06:04.474,0.248175,0.285688,0.341346,0,24
1900-01-01 17:06:05.474,0.248479,0.285976,0.341236,0,24
1900-01-01 17:06:06.474,0.248527,0.286449,0.341576,0,24
1900-01-01 17:06:07.474,0.247624,0.285383,0.341309,0,24
1900-01-01 17:06:08.474,0.249262,0.28668,0.341438,0,24
1900-01-01 17:06:09.474,0.25006,0.287462,0.341447,0,24
1900-01-01 17:06:10.474,0.248327,0.285997,0.34107,0,24
1900-01-01 17:06:11.474,0.24745,0.285299,0.341364,0,24
1900-01-01 17:06:12.474,0.248679,0.286192,0.341392,0,24
1900-01-01 17:06:13.474,0.24796,0.285714,0.341567,0,24
1900-01-01 17:06:14.474,0.248926,0.286743,0.341557,0,24
1900-01-01 17:06:15.474,0.248847,0.285945,0.341227,0,24
1900-01-01 17:06:16.474,0.24913,0.286444,0.341438,0,24
1900-01-01 17:06:17.474,0.247965,0.285288,0.341484,0,24
1900-01-01 17:06:18.474,0.248789,0.286076,0.341282,0,24
1900-01-01 17:06:19.474,0.249792,0.286958,0.341328,0,24
1900-01-01 17:06:20.474,0.248653,0.286648,0.341796,0,24
1900-01-01 17:06:21.474,0.247708,0.284937,0.341162,0,24
1900-01-01 17:06:22.474,0.249829,0.287651,0.340988,0,24
1900-01-01 17:06:23.474,0.249288,0.286774,0.341548,0,24
1900-01-01 17:06:24.474,0.247981,0.28564,0.341199,0,24
1900-01-01 17:06:25.474,0.248695,0.28626,0.341475,0,24
1900-01-01 17:06:26.474,0.248742,0.284832,0.341466,0,24
1900-01-01 17:06:27.474,0.248836,0.286643,0.341521,0,24
1900-01-01 17:06:28.474,0.249298,0.286969,0.341364,0,24
1900-01-01 17:06:29.474,0.248495,0.285199,0.341521,0,24
1900-01-01 17:06:30.474,0.24776,0.285162,0.341539,0,24
1900-01-01 17:06:31.474,0.250086,0.287273,0.341456,0,24
1900-01-01 17:06:32.474,0.248815,0.286806,0.341557,0,24
1900-01-01 17:06:33.474,0.249251,0.2869,0.341704,0,24
1900-01-01 17:06:34.474,0.248779,0.286333,0.341631,0,24
1900-01-01 17:06:35.474,0.249083,0.286517,0.341172,0,24
1900-01-01 17:06:36.474,0.24849,0.286018,0.341401,0,24
1900-01-01 17:06:37.474,0.248338,0.285651,0.341511,0,24
1900-01-01 17:06:38.474,0.249346,0.2869,0.341567,0,24
1900-01-01 17:06:39.474,0.248821,0.286297,0.341319,0,24
1900-01-01 17:06:40.474,0.248747,0.28615,0.341172,0,24
1900-01-01 17:06:41.474,0.248884,0.286333,0.341466,0,24
1900-01-01 17:06:42.474,0.248894,0.286407,0.341254,0,24
1900-01-01 17:06:43.474,0.248742,0.285766,0.341144,0,24
1900-01-01 17:06:44.474,0.249094,0.286339,0.341521,0,24
1900-01-01 17:06:45.474,0.248086,0.286155,0.341622,0,24
1900-01-01 17:06:46.474,0.247792,0.284973,0.341364,0,24
1900-01-01 17:06:47.474,0.247639,0.285126,0.341612,0,24
1900-01-01 17:06:48.474,0.24755,0.2849,0.341061,0,24
1900-01-01 17:06:49.474,0.249104,0.286801,0.341447,0,24
1900-01-01 17:06:50.474,0.248836,0.286281,0.341006,0,24
1900-01-01 17:06:51.474,0.248458,0.28584,0.3413,0,24
1900-01-01 17:06:52.474,0.249645,0.287089,0.341447,0,24
1900-01-01 17:06:53.474,0.24933,0.286071,0.341162,0,24
1900-01-01 17:06:54.474,0.248999,0.287173,0.341162,0,24
1900-01-01 17:06:55.474,0.247555,0.285189,0.341466,0,24
1900-01-01 17:06:56.474,0.248721,0.285693,0.341181,0,24
1900-01-01 17:06:57.474,0.248548,0.285955,0.341273,0,24
1900-01-01 17:06:58.474,0.248595,0.28522,0.341364,0,24
1900-01-01 17:06:59.474,0.249776,0.287394,0.341098,0,24
1900-01-01 17:07:00.474,0.249052,0.286648,0.341006,0,24
1900-01-01 17:07:01.474,0.248731,0.28648,0.341144,0,24
1900-01-01 17:07:02.474,0.248784,0.286066,0.341429,0,24
1900-01-01 17:07:03.474,0.248301,0.28647,0.341456,0,24
1900-01-01 17:07:04.474,0.248968,0.287593,0.341714,0,24
1900-01-01 17:07:05.474,0.248642,0.286265,0.341732,0,24
1900-01-01 17:07:06.474,0.249729,0.28689,0.341273,0,24
1900-01-01 17:07:07.474,0.247188,0.284664,0.341273,0,24
1900-01-01 17:07:08.474,0.248521,0.286013,0.34096,0,24
1900-01-01 17:07:09.474,0.248873,0.286349,0.340749,0,24
1900-01-01 17:07:10.474,0.248941,0.286858,0.340832,0,24
1900-01-01 17:07:11.474,0.248448,0.286197,0.341328,0,24
1900-01-01 17:07:12.474,0.248369,0.285814,0.340914,0,24
1900-01-01 17:07:13.474,0.249172,0.2869,0.341273,0,24
1900-01-01 17:07:14.474,0.249088,0.286711,0.341098,0,24
1900-01-01 17:07:15.474,0.249052,0.285493,0.341401,0,24
1900-01-01 17:07:16.474,0.248301,0.285861,0.341548,0,24
1900-01-01 17:07:17.474,0.248852,0.286228,0.341475,0,24
1900-01-01 17:07:18.474,0.248432,0.28564,0.341208,0,24
1900-01-01 17:07:19.474,0.247529,0.285955,0.341089,0,24
1900-01-01 17:07:20.474,0.248185,0.285913,0.341107,0,24
1900-01-01 17:07:21.474,0.248857,0.286071,0.340905,0,24
1900-01-01 17:07:22.474,0.248264,0.28552,0.341208,0,24
1900-01-01 17:07:23.474,0.249052,0.286486,0.341217,0,24
1900-01-01 17:07:24.474,0.249178,0.285598,0.341061,0,24
1900-01-01 17:07:25.474,0.250128,0.287488,0.341263,0,24
1900-01-01 17:07:26.474,0.249214,0.286696,0.341273,0,24
1900-01-01 17:07:27.474,0.248805,0.28657,0.341612,0,24
1900-01-01 17:07:28.474,0.248458,0.285614,0.341162,0,24
1900-01-01 17:07:29.474,0.248831,0.286381,0.341631,0,24
1900-01-01 17:07:30.474,0.24859,0.28637,0.341282,0,24
1900-01-01 17:07:31.474,0.248474,0.285997,0.341383,0,24
1900-01-01 17:07:32.474,0.249598,0.287,0.341355,0,24
1900-01-01 17:07:33.474,0.248369,0.285913,0.341493,0,24
1900-01-01 17:07:34.474,0.247671,0.284916,0.341576,0,24
1900-01-01 17:07:35.474,0.249866,0.287431,0.341098,0,24
1900-01-01 17:07:36.474,0.248164,0.285572,0.341493,0,24
1900-01-01 17:07:37.474,0.248663,0.286055,0.341273,0,24
1900-01-01 17:07:38.474,0.2488,0.286008,0.341447,0,24
1900-01-01 17:07:39.474,0.249225,0.286785,0.341557,0,24
1900-01-01 17:07:40.474,0.248989,0.28606,0.341346,0,24
1900-01-01 17:07:41.474,0.249288,0.286512,0.341346,0,24
1900-01-01 17:07:42.474,0.249141,0.286963,0.341511,0,24
1900-01-01 17:07:43.474,0.248185,0.284637,0.3413,0,24
1900-01-01 17:07:44.474,0.248842,0.285898,0.341475,0,24
1900-01-01 17:07:45.474,0.248616,0.286181,0.341383,0,24
1900-01-01 17:07:46.474,0.24913,0.28679,0.34141,0,24
1900-01-01 17:07:47.474,0.249965,0.286659,0.341199,0,24
1900-01-01 17:07:48.474,0.249178,0.286822,0.341217,0,24
1900-01-01 17:07:49.474,0.249283,0.287179,0.341484,0,24
1900-01-01 17:07:50.474,0.249193,0.286958,0.341511,0,24
1900-01-01 17:07:51.474,0.24901,0.286501,0.341438,0,24
1900-01-01 17:07:52.474,0.249535,0.287163,0.341135,0,24
1900-01-01 17:07:53.474,0.249078,0.286197,0.341576,0,24
1900-01-01 17:07:54.474,0.248338,0.285525,0.341612,0,24
1900-01-01 17:07:55.474,0.248054,0.285562,0.341585,0,24
1900-01-01 17:07:56.474,0.248364,0.28648,0.341557,0,24
1900-01-01 17:07:57.474,0.249183,0.28626,0.341741,0,24
1900-01-01 17:07:58.474,0.249088,0.286549,0.34119,0,24
1900-01-01 17:07:59.474,0.249498,0.287189,0.341236,0,24
1900-01-01 17:08:00.474,0.249319,0.286596,0.341172,0,24
1900-01-01 17:08:01.474,0.248763,0.286228,0.341759,0,24
1900-01-01 17:08:02.474,0.249461,0.287079,0.341576,0,24
1900-01-01 17:08:03.474,0.249078,0.286843,0.341144,0,24
1900-01-01 17:08:04.474,0.249209,0.28648,0.341539,0,24
1900-01-01 17:08:05.474,0.249172,0.286365,0.34141,0,24
1900-01-01 17:08:06.474,0.248448,0.286045,0.341401,0,24
1900-01-01 17:08:07.474,0.24859,0.286213,0.341548,0,24
1900-01-01 17:08:08.474,0.248831,0.286144,0.34153,0,24
1900-01-01 17:08:09.474,0.248112,0.285357,0.340813,0,24
1900-01-01 17:08:10.474,0.248962,0.286895,0.341273,0,24
1900-01-01 17:08:11.474,0.247897,0.285388,0.341043,0,24
1900-01-01 17:08:12.474,0.249582,0.286979,0.341208,0,24
1900-01-01 17:08:13.474,0.248254,0.284879,0.341116,0,24
1900-01-01 17:08:14.474,0.248495,0.285215,0.341135,0,24
1900-01-01 17:08:15.474,0.248437,0.285562,0.341346,0,24
1900-01-01 17:08:16.474,0.249619,0.286832,0.341144,0,24
1900-01-01 17:08:17.474,0.247634,0.284454,0.340804,0,24
1900-01-01 17:08:18.474,0.248621,0.285351,0.341098,0,24
1900-01-01 17:08:19.474,0.248899,0.286648,0.340675,0,24
1900-01-01 17:08:20.474,0.248968,0.286402,0.341273,0,24
1900-01-01 17:08:21.474,0.247912,0.285257,0.341181,0,24
1900-01-01 17:08:22.474,0.248075,0.285562,0.341144,0,24
1900-01-01 17:08:23.474,0.24754,0.285309,0.340887,0,24
1900-01-01 17:08:24.474,0.249556,0.287698,0.340804,0,24
1900-01-01 17:08:25.474,0.2487,0.286239,0.340896,0,24
1900-01-01 17:08:26.474,0.248222,0.286202,0.340639,0,24
1900-01-01 17:08:27.474,0.249729,0.287583,0.341116,0,24
1900-01-01 17:08:28.474,0.248742,0.286879,0.340979,0,24
1900-01-01 17:08:29.474,0.249451,0.287263,0.341319,0,24
1900-01-01 17:08:30.474,0.247424,0.285099,0.340712,0,24
1900-01-01 17:08:31.474,0.249172,0.286612,0.341383,0,24
1900-01-01 17:08:32.474,0.249062,0.286706,0.340887,0,24
1900-01-01 17:08:33.474,0.249435,0.287011,0.341236,0,24
1900-01-01 17:08:34.474,0.249403,0.287546,0.341309,0,24
1900-01-01 17:08:35.474,0.247844,0.285047,0.341273,0,24
1900-01-01 17:08:36.474,0.248689,0.285997,0.341309,0,24
1900-01-01 17:08:37.474,0.249088,0.287126,0.341548,0,24
1900-01-01 17:08:38.474,0.247755,0.28553,0.340933,0,24
1900-01-01 17:08:39.474,0.247335,0.28512,0.341309,0,24
1900-01-01 17:08:40.474,0.249288,0.286564,0.341172,0,24
1900-01-01 17:08:41.474,0.248254,0.286228,0.34119,0,24
1900-01-01 17:08:42.474,0.248548,0.28594,0.340786,0,24
1900-01-01 17:08:43.474,0.248863,0.286218,0.341263,0,24
1900-01-01 17:08:44.474,0.24682,0.28386,0.341199,0,24
1900-01-01 17:08:45.474,0.248679,0.286034,0.341282,0,24
1900-01-01 17:08:46.474,0.249955,0.28783,0.341291,0,24
1900-01-01 17:08:47.474,0.249062,0.285982,0.341475,0,24
1900-01-01 17:08:48.474,0.248222,0.28491,0.341107,0,24
1900-01-01 17:08:49.474,0.24934,0.286711,0.340923,0,24
1900-01-01 17:08:50.474,0.248794,0.286864,0.341227,0,24
1900-01-01 17:08:51.474,0.249283,0.286129,0.341576,0,24
1900-01-01 17:08:52.474,0.248506,0.285903,0.341208,0,24
1900-01-01 17:08:53.474,0.248212,0.28616,0.341429,0,24
1900-01-01 17:08:54.474,0.248007,0.285278,0.341466,0,24
1900-01-01 17:08:55.474,0.249241,0.287095,0.34096,0,24
1900-01-01 17:08:56.474,0.249241,0.286654,0.341181,0,24
1900-01-01 17:08:57.474,0.248359,0.285562,0.340859,0,24
1900-01-01 17:08:58.474,0.24859,0.285724,0.341227,0,24
1900-01-01 17:08:59.474,0.248758,0.286255,0.341447,0,24
1900-01-01 17:09:00.474,0.249435,0.286375,0.341263,0,24
1900-01-01 17:09:01.474,0.248758,0.286365,0.340951,0,24
1900-01-01 17:09:02.474,0.249666,0.286738,0.34119,0,24
1900-01-01 17:09:03.474,0.249088,0.286533,0.341309,0,24
1900-01-01 17:09:04.474,0.249325,0.286428,0.341162,0,24
1900-01-01 17:09:05.474,0.248941,0.286874,0.340997,0,24
1900-01-01 17:09:06.474,0.248747,0.286181,0.341199,0,24
1900-01-01 17:09:07.474,0.24818,0.284937,0.341116,0,24
1900-01-01 17:09:08.474,0.248863,0.287336,0.340997,0,24
1900-01-01 17:09:09.474,0.249162,0.28636,0.341328,0,24
1900-01-01 17:09:10.474,0.248689,0.286438,0.341557,0,24
1900-01-01 17:09:11.474,0.247377,0.284979,0.341181,0,24
1900-01-01 17:09:12.474,0.248931,0.287378,0.341217,0,24
1900-01-01 17:09:13.474,0.248122,0.286181,0.341135,0,24
1900-01-01 17:09:14.474,0.248632,0.28594,0.340657,0,24
1900-01-01 17:09:15.474,0.248411,0.285472,0.341025,0,24
1900-01-01 17:09:16.474,0.249015,0.286276,0.341199,0,24
1900-01-01 17:09:17.474,0.249004,0.286339,0.341116,0,24
1900-01-01 17:09:18.474,0.24818,0.285393,0.340923,0,24
1900-01-01 17:09:19.474,0.24796,0.284947,0.34096,0,24
1900-01-01 17:09:20.474,0.248632,0.285724,0.340868,0,24
1900-01-01 17:09:21.474,0.248553,0.286202,0.340933,0,24
1900-01-01 17:09:22.474,0.249529,0.286769,0.341126,0,24
1900-01-01 17:09:23.474,0.248201,0.285829,0.341236,0,24
1900-01-01 17:09:24.474,0.247996,0.284947,0.340887,0,24
1900-01-01 17:09:25.474,0.248322,0.28532,0.3413,0,24
1900-01-01 17:09:26.474,0.247765,0.284816,0.341429,0,24
1900-01-01 17:09:27.474,0.248831,0.285845,0.340731,0,24
1900-01-01 17:09:28.474,0.249172,0.28679,0.340749,0,24
1900-01-01 17:09:29.474,0.249687,0.287194,0.341364,0,24
1900-01-01 17:09:30.474,0.2487,0.286638,0.341135,0,24
1900-01-01 17:09:31.474,0.248506,0.286123,0.340942,0,24
1900-01-01 17:09:32.474,0.249692,0.287368,0.340813,0,24
1900-01-01 17:09:33.474,0.249193,0.285945,0.340657,0,24
1900-01-01 17:09:34.474,0.248742,0.286223,0.341089,0,24
1900-01-01 17:09:35.474,0.248978,0.28637,0.341227,0,24
1900-01-01 17:09:36.474,0.249782,0.287604,0.341778,0,24
1900-01-01 17:09:37.474,0.2488,0.286648,0.341245,0,24
1900-01-01 17:09:38.474,0.248254,0.285441,0.340969,0,24
1900-01-01 17:09:39.474,0.24881,0.286701,0.340896,0,24
1900-01-01 17:09:40.474,0.24933,0.286816,0.341061,0,24
1900-01-01 17:09:41.474,0.247729,0.285441,0.341438,0,24
1900-01-01 17:09:42.474,0.248852,0.286412,0.341236,0,24
1900-01-01 17:09:43.474,0.247965,0.285577,0.340859,0,24
1900-01-01 17:09:44.474,0.248831,0.28669,0.341135,0,24
1900-01-01 17:09:45.474,0.248527,0.286066,0.341346,0,24
1900-01-01 17:09:46.474,0.248432,0.286591,0.340712,0,24
1900-01-01 17:09:47.474,0.248254,0.285294,0.340969,0,24
1900-01-01 17:09:48.474,0.24818,0.284942,0.341374,0,24
1900-01-01 17:09:49.474,0.248133,0.285861,0.340804,0,24
1900-01-01 17:09:50.474,0.248784,0.286753,0.34107,0,24
1900-01-01 17:09:51.474,0.248595,0.286202,0.340878,0,24
1900-01-01 17:09:52.474,0.248196,0.286018,0.340602,0,24
1900-01-01 17:09:53.474,0.247692,0.285572,0.340795,0,24
1900-01-01 17:09:54.474,0.249067,0.285777,0.340942,0,24
1900-01-01 17:09:55.474,0.248269,0.285472,0.341511,0,24
1900-01-01 17:09:56.474,0.249508,0.28648,0.341273,0,24
1900-01-01 17:09:57.474,0.24796,0.28533,0.340896,0,24
1900-01-01 17:09:58.474,0.247818,0.285541,0.340933,0,24
1900-01-01 17:09:59.474,0.249031,0.28636,0.340602,0,24
1900-01-01 17:10:00.474,0.249193,0.28699,0.341153,0,24
1900-01-01 17:10:01.474,0.24892,0.286207,0.341126,0,24
1900-01-01 17:10:02.474,0.248962,0.286459,0.340749,0,24
1900-01-01 17:10:03.474,0.248695,0.285845,0.340923,0,24
1900-01-01 17:10:04.474,0.249288,0.286265,0.341144,0,24
1900-01-01 17:10:05.474,0.248017,0.285336,0.341107,0,24
1900-01-01 17:10:06.474,0.248479,0.285325,0.34074,0,24
1900-01-01 17:10:07.474,0.248579,0.28543,0.340923,0,24
1900-01-01 17:10:08.474,0.248432,0.285656,0.340905,0,24
1900-01-01 17:10:09.474,0.24871,0.286795,0.341392,0,24
1900-01-01 17:10:10.474,0.249262,0.286412,0.341126,0,24
1900-01-01 17:10:11.474,0.248794,0.286585,0.340896,0,24
1900-01-01 17:10:12.474,0.248847,0.28594,0.340942,0,24
1900-01-01 17:10:13.474,0.249004,0.286659,0.340675,0,24
1900-01-01 17:10:14.474,0.249057,0.286953,0.341199,0,24
1900-01-01 17:10:15.474,0.248485,0.285682,0.340832,0,24
1900-01-01 17:10:16.474,0.248611,0.285598,0.341254,0,24
1900-01-01 17:10:17.474,0.24891,0.286087,0.341061,0,24
1900-01-01 17:10:18.474,0.248584,0.285913,0.340574,0,24
1900-01-01 17:10:19.474,0.248128,0.284742,0.340951,0,24
1900-01-01 17:10:20.474,0.248642,0.285982,0.340979,0,24
1900-01-01 17:10:21.474,0.248789,0.284669,0.340997,0,24
1900-01-01 17:10:22.474,0.24838,0.28533,0.341273,0,24
1900-01-01 17:10:23.474,0.248537,0.286265,0.341282,0,24
1900-01-01 17:10:24.474,0.24934,0.286711,0.340951,0,24
1900-01-01 17:10:25.474,0.248269,0.285877,0.341098,0,24
1900-01-01 17:10:26.474,0.249125,0.286984,0.341015,0,24
1900-01-01 17:10:27.474,0.248012,0.286165,0.341107,0,24
1900-01-01 17:10:28.474,0.248542,0.286039,0.341355,0,24
1900-01-01 17:10:29.474,0.248936,0.286018,0.341061,0,24
1900-01-01 17:10:30.474,0.249377,0.286045,0.341346,0,24
1900-01-01 17:10:31.474,0.250522,0.288271,0.341015,0,24
1900-01-01 17:10:32.474,0.248521,0.285877,0.341208,0,24
1900-01-01 17:10:33.474,0.249067,0.286643,0.341355,0,24
1900-01-01 17:10:34.474,0.247471,0.284732,0.340887,0,24
1900-01-01 17:10:35.474,0.249235,0.286344,0.34096,0,24
1900-01-01 17:10:36.474,0.248705,0.285908,0.340951,0,24
1900-01-01 17:10:37.474,0.248679,0.285966,0.340887,0,24
1900-01-01 17:10:38.474,0.249057,0.285546,0.341548,0,24
1900-01-01 17:10:39.474,0.250559,0.288402,0.341364,0,24
1900-01-01 17:10:40.474,0.248658,0.286333,0.341493,0,24
1900-01-01 17:10:41.474,0.248537,0.286071,0.341576,0,24
1900-01-01 17:10:42.474,0.249325,0.287042,0.341217,0,24
1900-01-01 17:10:43.474,0.248537,0.285745,0.341025,0,24
1900-01-01 17:10:44.474,0.249309,0.286549,0.341236,0,24
1900-01-01 17:10:45.474,0.248595,0.285982,0.341658,0,24
1900-01-01 17:10:46.474,0.248941,0.286108,0.341695,0,24
1900-01-01 17:10:47.474,0.250002,0.287536,0.341475,0,24
1900-01-01 17:10:48.474,0.2487,0.285625,0.341162,0,24
1900-01-01 17:10:49.474,0.247797,0.285409,0.341263,0,24
1900-01-01 17:10:50.474,0.249829,0.286795,0.341126,0,24
1900-01-01 17:10:51.474,0.250123,0.288097,0.341704,0,24
1900-01-01 17:10:52.474,0.248695,0.285835,0.341236,0,24
1900-01-01 17:10:53.474,0.248884,0.286087,0.340712,0,24
1900-01-01 17:10:54.474,0.2486,0.286911,0.340951,0,24
1900-01-01 17:10:55.474,0.247865,0.285457,0.341236,0,24
1900-01-01 17:10:56.474,0.249094,0.286654,0.341447,0,24
1900-01-01 17:10:57.474,0.24682,0.284175,0.341557,0,24
1900-01-01 17:10:58.474,0.246957,0.28396,0.340942,0,24
1900-01-01 17:10:59.474,0.24954,0.286843,0.341254,0,24
1900-01-01 17:11:00.474,0.249193,0.285882,0.341355,0,24
1900-01-01 17:11:01.474,0.247645,0.285288,0.340905,0,24
1900-01-01 17:11:02.474,0.247902,0.28469,0.341061,0,24
1900-01-01 17:11:03.474,0.248658,0.285819,0.341328,0,24
1900-01-01 17:11:04.474,0.247813,0.285598,0.341181,0,24
1900-01-01 17:11:05.474,0.249498,0.286312,0.341098,0,24
1900-01-01 17:11:06.474,0.248826,0.285787,0.341061,0,24
1900-01-01 17:11:07.474,0.248705,0.285556,0.341172,0,24
1900-01-01 17:11:08.474,0.249262,0.286522,0.341227,0,24
1900-01-01 17:11:09.474,0.24817,0.286627,0.341162,0,24
1900-01-01 17:11:10.474,0.249325,0.286396,0.341199,0,24
1900-01-01 17:11:11.474,0.249046,0.286491,0.34141,0,24
1900-01-01 17:11:12.474,0.249887,0.287362,0.341429,0,24
1900-01-01 17:11:13.474,0.248962,0.285971,0.341355,0,24
1900-01-01 17:11:14.474,0.247708,0.284553,0.341144,0,24
1900-01-01 17:11:15.474,0.248338,0.286486,0.340565,0,24
1900-01-01 17:11:16.474,0.248343,0.285903,0.340979,0,24
1900-01-01 17:11:17.474,0.24859,0.286349,0.340969,0,24
1900-01-01 17:11:18.474,0.248926,0.28616,0.341273,0,24
1900-01-01 17:11:19.474,0.248401,0.285793,0.340997,0,24
1900-01-01 17:11:20.474,0.249204,0.286501,0.341364,0,24
1900-01-01 17:11:21.474,0.250774,0.288019,0.341181,0,24
1900-01-01 17:11:22.474,0.248574,0.286092,0.341309,0,24
1900-01-01 17:11:23.474,0.248653,0.285793,0.341043,0,24
1900-01-01 17:11:24.474,0.250359,0.287977,0.34153,0,24
1900-01-01 17:11:25.474,0.247786,0.285078,0.341603,0,24
1900-01-01 17:11:26.474,0.249256,0.286538,0.3413,0,24
1900-01-01 17:11:27.474,0.249393,0.286554,0.341364,0,24
1900-01-01 17:11:28.474,0.249445,0.287347,0.341328,0,24
1900-01-01 17:11:29.474,0.250286,0.288691,0.341208,0,24
1900-01-01 17:11:30.474,0.249361,0.287515,0.34142,0,24
1900-01-01 17:11:31.474,0.24913,0.286822,0.341585,0,24
1900-01-01 17:11:32.474,0.249046,0.286218,0.341043,0,24
1900-01-01 17:11:33.474,0.248369,0.285378,0.341493,0,24
1900-01-01 17:11:34.474,0.249136,0.287142,0.341273,0,24
1900-01-01 17:11:35.474,0.249372,0.286858,0.341282,0,24
1900-01-01 17:11:36.474,0.248621,0.285787,0.341815,0,24
1900-01-01 17:11:37.474,0.249419,0.287352,0.341328,0,24
1900-01-01 17:11:38.474,0.248432,0.286433,0.341208,0,24
1900-01-01 17:11:39.474,0.249262,0.287116,0.341291,0,24
1900-01-01 17:11:40.474,0.248217,0.286034,0.341273,0,24
1900-01-01 17:11:41.474,0.24776,0.285451,0.341126,0,24
1900-01-01 17:11:42.474,0.248674,0.286748,0.341438,0,24
1900-01-01 17:11:43.474,0.249241,0.286822,0.341677,0,24
1900-01-01 17:11:44.474,0.24923,0.28615,0.341594,0,24
1900-01-01 17:11:45.474,0.248973,0.286979,0.34108,0,24
1900-01-01 17:11:46.474,0.248458,0.286202,0.3413,0,24
1900-01-01 17:11:47.474,0.248983,0.286648,0.341364,0,24
1900-01-01 17:11:48.474,0.249466,0.287042,0.341383,0,24
1900-01-01 17:11:49.474,0.249666,0.287131,0.341429,0,24
1900-01-01 17:11:50.474,0.249514,0.287121,0.341392,0,24
1900-01-01 17:11:51.474,0.248642,0.286192,0.341805,0,24
1900-01-01 17:11:52.474,0.248894,0.286454,0.341282,0,24
1900-01-01 17:11:53.474,0.248726,0.286743,0.341622,0,24
1900-01-01 17:11:54.474,0.249697,0.287651,0.341594,0,24
1900-01-01 17:11:55.474,0.24944,0.287263,0.341576,0,24
1900-01-01 17:11:56.474,0.249409,0.287383,0.341364,0,24
1900-01-01 17:11:57.474,0.247503,0.285304,0.341319,0,24
1900-01-01 17:11:58.474,0.249162,0.287142,0.341603,0,24
1900-01-01 17:11:59.474,0.247886,0.285393,0.341493,0,24
1900-01-01 17:12:00.474,0.249592,0.287452,0.341466,0,24
1900-01-01 17:12:01.474,0.248448,0.285966,0.341291,0,24
1900-01-01 17:12:02.474,0.249188,0.2871,0.341144,0,24
1900-01-01 17:12:03.474,0.248327,0.286092,0.34153,0,24
1900-01-01 17:12:04.474,0.24934,0.286564,0.341383,0,24
1900-01-01 17:12:05.474,0.248994,0.28615,0.341511,0,24
1900-01-01 17:12:06.474,0.249498,0.287,0.341686,0,24
1900-01-01 17:12:07.474,0.250422,0.287746,0.341511,0,24
1900-01-01 17:12:08.474,0.249193,0.285803,0.341208,0,24
1900-01-01 17:12:09.474,0.248406,0.286186,0.341364,0,24
1900-01-01 17:12:10.474,0.248674,0.286213,0.341319,0,24
1900-01-01 17:12:11.474,0.24944,0.287116,0.341254,0,24
1900-01-01 17:12:12.474,0.249724,0.287777,0.341392,0,24
1900-01-01 17:12:13.474,0.249288,0.286643,0.341631,0,24
1900-01-01 17:12:14.474,0.248332,0.285903,0.341126,0,24
1900-01-01 17:12:15.474,0.24943,0.286932,0.341447,0,24
1900-01-01 17:12:16.474,0.248815,0.286522,0.341704,0,24
1900-01-01 17:12:17.474,0.24859,0.286386,0.341034,0,24
1900-01-01 17:12:18.474,0.249603,0.286675,0.341355,0,24
1900-01-01 17:12:19.474,0.248731,0.286176,0.341227,0,24
1900-01-01 17:12:20.474,0.249713,0.287683,0.342008,0,24
1900-01-01 17:12:21.474,0.248458,0.286207,0.341374,0,24
1900-01-01 17:12:22.474,0.248742,0.286475,0.341631,0,24
1900-01-01 17:12:23.474,0.249655,0.286974,0.341934,0,24
1900-01-01 17:12:24.474,0.248138,0.286081,0.341631,0,24
1900-01-01 17:12:25.474,0.248973,0.286559,0.341172,0,24
1900-01-01 17:12:26.474,0.248238,0.285861,0.341346,0,24
1900-01-01 17:12:27.474,0.249031,0.286449,0.3422,0,24
1900-01-01 17:12:28.474,0.248154,0.285367,0.341649,0,24
1900-01-01 17:12:29.474,0.249293,0.286255,0.341686,0,24
1900-01-01 17:12:30.474,0.249246,0.286554,0.341456,0,24
1900-01-01 17:12:31.474,0.249062,0.28636,0.341557,0,24
1900-01-01 17:12:32.474,0.249409,0.286827,0.341383,0,24
1900-01-01 17:12:33.474,0.248768,0.285756,0.341576,0,24
1900-01-01 17:12:34.474,0.24818,0.285425,0.341704,0,24
1900-01-01 17:12:35.474,0.248248,0.285777,0.341493,0,24
1900-01-01 17:12:36.474,0.248758,0.286024,0.341732,0,24
1900-01-01 17:12:37.474,0.248794,0.286675,0.341208,0,24
1900-01-01 17:12:38.474,0.248763,0.286202,0.341622,0,24
1900-01-01 17:12:39.474,0.248878,0.286459,0.341346,0,24
1900-01-01 17:12:40.474,0.248626,0.285488,0.341337,0,24
1900-01-01 17:12:41.474,0.248716,0.286202,0.341741,0,24
1900-01-01 17:12:42.474,0.249036,0.286591,0.341511,0,24
1900-01-01 17:12:43.474,0.248978,0.28595,0.341557,0,24
1900-01-01 17:12:44.474,0.249361,0.28669,0.34141,0,24
1900-01-01 17:12:45.474,0.248768,0.286911,0.341319,0,24
1900-01-01 17:12:46.474,0.247792,0.285194,0.341585,0,24
1900-01-01 17:12:47.474,0.248101,0.285493,0.341447,0,24
1900-01-01 17:12:48.474,0.247603,0.284853,0.341346,0,24
1900-01-01 17:12:49.474,0.249241,0.286375,0.34175,0,24
1900-01-01 17:12:50.474,0.248642,0.285572,0.341273,0,24
1900-01-01 17:12:51.474,0.248689,0.285756,0.34142,0,24
1900-01-01 17:12:52.474,0.248616,0.286444,0.341208,0,24
1900-01-01 17:12:53.474,0.248185,0.285861,0.341227,0,24
1900-01-01 17:12:54.474,0.248569,0.286454,0.341934,0,24
1900-01-01 17:12:55.474,0.249015,0.286228,0.341282,0,24
1900-01-01 17:12:56.474,0.249041,0.286381,0.341392,0,24
1900-01-01 17:12:57.474,0.248275,0.285903,0.341741,0,24
1900-01-01 17:12:58.474,0.249472,0.287016,0.341511,0,24
1900-01-01 17:12:59.474,0.248668,0.285509,0.341622,0,24
1900-01-01 17:13:00.474,0.248359,0.285604,0.341254,0,24
1900-01-01 17:13:01.474,0.247492,0.285152,0.341309,0,24
1900-01-01 17:13:02.474,0.249797,0.287089,0.3413,0,24
1900-01-01 17:13:03.474,0.247981,0.285724,0.341236,0,24
1900-01-01 17:13:04.474,0.248049,0.285614,0.341273,0,24
1900-01-01 17:13:05.474,0.249172,0.286354,0.341392,0,24
1900-01-01 17:13:06.474,0.248563,0.286743,0.341153,0,24
1900-01-01 17:13:07.474,0.248705,0.286832,0.341236,0,24
1900-01-01 17:13:08.474,0.248852,0.286328,0.341337,0,24
1900-01-01 17:13:09.474,0.247876,0.285829,0.341548,0,24
1900-01-01 17:13:10.474,0.248768,0.286822,0.341714,0,24
1900-01-01 17:13:11.474,0.248385,0.28627,0.341438,0,24
1900-01-01 17:13:12.474,0.24828,0.285877,0.340923,0,24
1900-01-01 17:13:13.474,0.248301,0.285399,0.341135,0,24
1900-01-01 17:13:14.474,0.247503,0.285714,0.341309,0,24
1900-01-01 17:13:15.474,0.248044,0.286129,0.341668,0,24
1900-01-01 17:13:16.474,0.248017,0.28606,0.34141,0,24
1900-01-01 17:13:17.474,0.248915,0.28637,0.341447,0,24
1900-01-01 17:13:18.474,0.24807,0.285294,0.341319,0,24
1900-01-01 17:13:19.474,0.24965,0.286743,0.34164,0,24
1900-01-01 17:13:20.474,0.2486,0.28647,0.341098,0,24
1900-01-01 17:13:21.474,0.248784,0.286176,0.341181,0,24
1900-01-01 17:13:22.474,0.24797,0.286249,0.340914,0,24
1900-01-01 17:13:23.474,0.248479,0.286622,0.341263,0,24
1900-01-01 17:13:24.474,0.247765,0.285231,0.341116,0,24
1900-01-01 17:13:25.474,0.249445,0.286785,0.341346,0,24
1900-01-01 17:13:26.474,0.249162,0.286643,0.341539,0,24
1900-01-01 17:13:27.474,0.248044,0.285535,0.341557,0,24
1900-01-01 17:13:28.474,0.248873,0.285304,0.34164,0,24
1900-01-01 17:13:29.474,0.248532,0.286307,0.341273,0,24
1900-01-01 17:13:30.474,0.24955,0.286858,0.341475,0,24
1900-01-01 17:13:31.474,0.247387,0.285131,0.341631,0,24
1900-01-01 17:13:32.474,0.247834,0.286045,0.341355,0,24
1900-01-01 17:13:33.474,0.248206,0.285866,0.341236,0,24
1900-01-01 17:13:34.474,0.24817,0.285919,0.341576,0,24
1900-01-01 17:13:35.474,0.248558,0.286386,0.341594,0,24
1900-01-01 17:13:36.474,0.24912,0.286507,0.341254,0,24
1900-01-01 17:13:37.474,0.249503,0.286948,0.341732,0,24
1900-01-01 17:13:38.474,0.248311,0.285824,0.341383,0,24
1900-01-01 17:13:39.474,0.248616,0.286654,0.341539,0,24
1900-01-01 17:13:40.474,0.247839,0.285483,0.341383,0,24
1900-01-01 17:13:41.474,0.250112,0.287929,0.341567,0,24
1900-01-01 17:13:42.474,0.247928,0.285934,0.341668,0,24
1900-01-01 17:13:43.474,0.247576,0.284805,0.341741,0,24
1900-01-01 17:13:44.474,0.247975,0.285551,0.341603,0,24
1900-01-01 17:13:45.474,0.248852,0.286276,0.341576,0,24
1900-01-01 17:13:46.474,0.248411,0.286202,0.341576,0,24
1900-01-01 17:13:47.474,0.248201,0.285803,0.341227,0,24
1900-01-01 17:13:48.474,0.247435,0.284952,0.341401,0,24
1900-01-01 17:13:49.474,0.248605,0.285105,0.341374,0,24
1900-01-01 17:13:50.474,0.247881,0.285446,0.341181,0,24
1900-01-01 17:13:51.474,0.249897,0.287263,0.341594,0,24
1900-01-01 17:13:52.474,0.249335,0.287242,0.342026,0,24
1900-01-01 17:13:53.474,0.248705,0.285745,0.341364,0,24
1900-01-01 17:13:54.474,0.248521,0.285593,0.341052,0,24
1900-01-01 17:13:55.474,0.249472,0.286879,0.341622,0,24
1900-01-01 17:13:56.474,0.248674,0.286559,0.341567,0,24
1900-01-01 17:13:57.474,0.248689,0.285845,0.341769,0,24
1900-01-01 17:13:58.474,0.248185,0.285457,0.34164,0,24
1900-01-01 17:13:59.474,0.250128,0.287352,0.341438,0,24
1900-01-01 17:14:00.474,0.248889,0.286554,0.341539,0,24
1900-01-01 17:14:01.474,0.248773,0.286223,0.341254,0,24
1900-01-01 17:14:02.474,0.24892,0.286528,0.341291,0,24
1900-01-01 17:14:03.474,0.249782,0.287452,0.341438,0,24
1900-01-01 17:14:04.474,0.249529,0.286444,0.341557,0,24
1900-01-01 17:14:05.474,0.248521,0.285903,0.341576,0,24
1900-01-01 17:14:06.474,0.248353,0.285378,0.341585,0,24
1900-01-01 17:14:07.474,0.248196,0.286239,0.341162,0,24
1900-01-01 17:14:08.474,0.248968,0.286265,0.341337,0,24
1900-01-01 17:14:09.474,0.248999,0.287908,0.341576,0,24
1900-01-01 17:14:10.474,0.248243,0.286223,0.34153,0,24
1900-01-01 17:14:11.474,0.248957,0.286197,0.342099,0,24
1900-01-01 17:14:12.474,0.249361,0.286958,0.341484,0,24
1900-01-01 17:14:13.474,0.248716,0.286533,0.341824,0,24
1900-01-01 17:14:14.474,0.248989,0.286423,0.341879,0,24
1900-01-01 17:14:15.474,0.248663,0.286722,0.341319,0,24
1900-01-01 17:14:16.474,0.249057,0.286417,0.341677,0,24
1900-01-01 17:14:17.474,0.248579,0.286328,0.341438,0,24
1900-01-01 17:14:18.474,0.249955,0.287347,0.341842,0,24
1900-01-01 17:14:19.474,0.248521,0.28647,0.341466,0,24
1900-01-01 17:14:20.474,0.247534,0.284989,0.341576,0,24
1900-01-01 17:14:21.474,0.248553,0.285567,0.341805,0,24
1900-01-01 17:14:22.474,0.24933,0.287614,0.341714,0,24
1900-01-01 17:14:23.474,0.249193,0.286171,0.341511,0,24
1900-01-01 17:14:24.474,0.249178,0.287121,0.341695,0,24
1900-01-01 17:14:25.474,0.249073,0.286402,0.341539,0,24
1900-01-01 17:14:26.474,0.249682,0.287252,0.341576,0,24
1900-01-01 17:14:27.474,0.249136,0.286843,0.34164,0,24
1900-01-01 17:14:28.474,0.24744,0.285173,0.341466,0,24
1900-01-01 17:14:29.474,0.249157,0.286748,0.3413,0,24
1900-01-01 17:14:30.474,0.250144,0.287814,0.341677,0,24
1900-01-01 17:14:31.474,0.248091,0.286097,0.341364,0,24
1900-01-01 17:14:32.474,0.248889,0.286617,0.341236,0,24
1900-01-01 17:14:33.474,0.247928,0.285315,0.341355,0,24
1900-01-01 17:14:34.474,0.248915,0.286349,0.341144,0,24
1900-01-01 17:14:35.474,0.249598,0.287137,0.34187,0,24
1900-01-01 17:14:36.474,0.248779,0.285961,0.341392,0,24
1900-01-01 17:14:37.474,0.248926,0.286491,0.340933,0,24
1900-01-01 17:14:38.474,0.249141,0.28689,0.341043,0,24
1900-01-01 17:14:39.474,0.249062,0.286811,0.341254,0,24
1900-01-01 17:14:40.474,0.2487,0.286307,0.341759,0,24
1900-01-01 17:14:41.474,0.248716,0.285372,0.34141,0,24
1900-01-01 17:14:42.474,0.248705,0.285688,0.341263,0,24
1900-01-01 17:14:43.474,0.248516,0.286596,0.341521,0,24
1900-01-01 17:14:44.474,0.249319,0.287084,0.341493,0,24
1900-01-01 17:14:45.474,0.249566,0.287032,0.341438,0,24
1900-01-01 17:14:46.474,0.247618,0.285835,0.341603,0,24
1900-01-01 17:14:47.474,0.248695,0.28721,0.341282,0,24
1900-01-01 17:14:48.474,0.247965,0.286076,0.341548,0,24
1900-01-01 17:14:49.474,0.249057,0.287698,0.341622,0,24
1900-01-01 17:14:50.474,0.248626,0.285745,0.341622,0,24
1900-01-01 17:14:51.474,0.24817,0.285099,0.341328,0,24
1900-01-01 17:14:52.474,0.248406,0.286601,0.341227,0,24
1900-01-01 17:14:53.474,0.249288,0.286895,0.341658,0,24
1900-01-01 17:14:54.474,0.249141,0.285724,0.341502,0,24
1900-01-01 17:14:55.474,0.247855,0.284538,0.341328,0,24
1900-01-01 17:14:56.474,0.248579,0.286108,0.340942,0,24
1900-01-01 17:14:57.474,0.248941,0.285814,0.341539,0,24
1900-01-01 17:14:58.474,0.248558,0.285535,0.34107,0,24
1900-01-01 17:14:59.474,0.248884,0.286438,0.341162,0,24
1900-01-01 17:15:00.474,0.249708,0.287394,0.341383,0,24
1900-01-01 17:15:01.474,0.24766,0.28469,0.340749,0,24
1900-01-01 17:15:02.474,0.248579,0.28521,0.341061,0,24
1900-01-01 17:15:03.474,0.248374,0.286286,0.340813,0,24
1900-01-01 17:15:04.474,0.248059,0.286507,0.341429,0,24
1900-01-01 17:15:05.474,0.248983,0.285856,0.341162,0,24
1900-01-01 17:15:06.474,0.248789,0.286381,0.341466,0,24
1900-01-01 17:15:07.474,0.249356,0.287026,0.341254,0,24
1900-01-01 17:15:08.474,0.24817,0.285619,0.341245,0,24
1900-01-01 17:15:09.474,0.248511,0.285772,0.34107,0,24
1900-01-01 17:15:10.474,0.248616,0.285651,0.341273,0,24
1900-01-01 17:15:11.474,0.249472,0.287467,0.341484,0,24
1900-01-01 17:15:12.474,0.249634,0.287357,0.341502,0,24
1900-01-01 17:15:13.474,0.248112,0.285672,0.341199,0,24
1900-01-01 17:15:14.474,0.248542,0.286176,0.341034,0,24
1900-01-01 17:15:15.474,0.247708,0.284931,0.341052,0,24
1900-01-01 17:15:16.474,0.248343,0.286575,0.341098,0,24
1900-01-01 17:15:17.474,0.24871,0.28678,0.341447,0,24
1900-01-01 17:15:18.474,0.248527,0.287168,0.341309,0,24
1900-01-01 17:15:19.474,0.248779,0.285315,0.341153,0,24
1900-01-01 17:15:20.474,0.248301,0.28615,0.340905,0,24
1900-01-01 17:15:21.474,0.248747,0.286559,0.341309,0,24
1900-01-01 17:15:22.474,0.249845,0.287095,0.341162,0,24
1900-01-01 17:15:23.474,0.248474,0.286328,0.340988,0,24
1900-01-01 17:15:24.474,0.248689,0.285982,0.341493,0,24
1900-01-01 17:15:25.474,0.248569,0.286759,0.341521,0,24
1900-01-01 17:15:26.474,0.248353,0.286076,0.341291,0,24
1900-01-01 17:15:27.474,0.248479,0.286255,0.341631,0,24
1900-01-01 17:15:28.474,0.248128,0.285635,0.341172,0,24
1900-01-01 17:15:29.474,0.24859,0.284606,0.340933,0,24
1900-01-01 17:15:30.474,0.248663,0.285598,0.340703,0,24
1900-01-01 17:15:31.474,0.24902,0.286297,0.341208,0,24
1900-01-01 17:15:32.474,0.248852,0.284994,0.341227,0,24
1900-01-01 17:15:33.474,0.247828,0.284522,0.341116,0,24
1900-01-01 17:15:34.474,0.248579,0.285446,0.340666,0,24
1900-01-01 17:15:35.474,0.249204,0.285793,0.341539,0,24
1900-01-01 17:15:36.474,0.24871,0.286013,0.341135,0,24
1900-01-01 17:15:37.474,0.248863,0.28647,0.340887,0,24
1900-01-01 17:15:38.474,0.249782,0.287399,0.341061,0,24
1900-01-01 17:15:39.474,0.248453,0.28563,0.341475,0,24
1900-01-01 17:15:40.474,0.248296,0.286517,0.341521,0,24
1900-01-01 17:15:41.474,0.249792,0.287914,0.341291,0,24
1900-01-01 17:15:42.474,0.249188,0.286869,0.341208,0,24
1900-01-01 17:15:43.474,0.249682,0.287089,0.341245,0,24
1900-01-01 17:15:44.474,0.248773,0.286575,0.341401,0,24
1900-01-01 17:15:45.474,0.248542,0.286029,0.340951,0,24
1900-01-01 17:15:46.474,0.248044,0.286134,0.341116,0,24
1900-01-01 17:15:47.474,0.248742,0.286113,0.34119,0,24
1900-01-01 17:15:48.474,0.248537,0.286113,0.341291,0,24
1900-01-01 17:15:49.474,0.24996,0.28753,0.341043,0,24
1900-01-01 17:15:50.474,0.249246,0.287005,0.341098,0,24
1900-01-01 17:15:51.474,0.249162,0.28627,0.341686,0,24
1900-01-01 17:15:52.474,0.249367,0.287441,0.341273,0,24
1900-01-01 17:15:53.474,0.249057,0.287404,0.341254,0,24
1900-01-01 17:15:54.474,0.248684,0.285845,0.341217,0,24
1900-01-01 17:15:55.474,0.249031,0.286885,0.341493,0,24
1900-01-01 17:15:56.474,0.248521,0.286916,0.341539,0,24
1900-01-01 17:15:57.474,0.248742,0.28626,0.341769,0,24
1900-01-01 17:15:58.474,0.248642,0.286155,0.341429,0,24
1900-01-01 17:15:59.474,0.249393,0.287572,0.341603,0,24
1900-01-01 17:16:00.474,0.249524,0.287236,0.341374,0,24
1900-01-01 17:16:01.474,0.249209,0.28647,0.341429,0,24
1900-01-01 17:16:02.474,0.248679,0.28637,0.34187,0,24
1900-01-01 17:16:03.474,0.24995,0.28732,0.341971,0,24
1900-01-01 17:16:04.474,0.249031,0.286638,0.34141,0,24
1900-01-01 17:16:05.474,0.248789,0.286486,0.341245,0,24
1900-01-01 17:16:06.474,0.248296,0.285488,0.341521,0,24
1900-01-01 17:16:07.474,0.249556,0.287499,0.341309,0,24
1900-01-01 17:16:08.474,0.249346,0.286344,0.341686,0,24
1900-01-01 17:16:09.474,0.248007,0.285619,0.341539,0,24
1900-01-01 17:16:10.474,0.248863,0.286664,0.341429,0,24
1900-01-01 17:16:11.474,0.24913,0.286444,0.341383,0,24
1900-01-01 17:16:12.474,0.248595,0.286612,0.341208,0,24
1900-01-01 17:16:13.474,0.249661,0.287908,0.341567,0,24
1900-01-01 17:16:14.474,0.249235,0.287746,0.341144,0,24
1900-01-01 17:16:15.474,0.24786,0.285236,0.341539,0,24
1900-01-01 17:16:16.474,0.247382,0.285,0.341291,0,24
1900-01-01 17:16:17.474,0.24796,0.285997,0.341539,0,24
1900-01-01 17:16:18.474,0.248779,0.286648,0.341567,0,24
1900-01-01 17:16:19.474,0.249246,0.286958,0.34141,0,24
1900-01-01 17:16:20.474,0.248679,0.286801,0.341162,0,24
1900-01-01 17:16:21.474,0.248044,0.285162,0.341291,0,24
1900-01-01 17:16:22.474,0.248994,0.286333,0.3413,0,24
1900-01-01 17:16:23.474,0.249104,0.286753,0.341135,0,24
1900-01-01 17:16:24.474,0.249708,0.287357,0.341429,0,24
1900-01-01 17:16:25.474,0.249514,0.287599,0.341263,0,24
1900-01-01 17:16:26.474,0.248453,0.285225,0.3413,0,24
1900-01-01 17:16:27.474,0.248322,0.285351,0.341319,0,24
1900-01-01 17:16:28.474,0.248485,0.285525,0.340979,0,24
1900-01-01 17:16:29.474,0.248159,0.285225,0.341291,0,24
1900-01-01 17:16:30.474,0.250044,0.287992,0.341236,0,24
1900-01-01 17:16:31.474,0.249577,0.287546,0.341447,0,24
1900-01-01 17:16:32.474,0.24796,0.285189,0.341052,0,24
1900-01-01 17:16:33.474,0.247513,0.284711,0.341227,0,24
1900-01-01 17:16:34.474,0.249419,0.287005,0.341328,0,24
1900-01-01 17:16:35.474,0.24839,0.285215,0.34164,0,24
1900-01-01 17:16:36.474,0.248233,0.285646,0.340979,0,24
1900-01-01 17:16:37.474,0.248873,0.286108,0.34141,0,24
1900-01-01 17:16:38.474,0.250018,0.287446,0.341245,0,24
1900-01-01 17:16:39.474,0.247897,0.285031,0.34107,0,24
1900-01-01 17:16:40.474,0.248038,0.28564,0.341208,0,24
1900-01-01 17:16:41.474,0.248611,0.286412,0.341658,0,24
1900-01-01 17:16:42.474,0.248584,0.285189,0.341319,0,24
1900-01-01 17:16:43.474,0.248983,0.286916,0.341291,0,24
1900-01-01 17:16:44.474,0.249094,0.287257,0.341557,0,24
1900-01-01 17:16:45.474,0.248768,0.286139,0.341603,0,24
1900-01-01 17:16:46.474,0.248516,0.286297,0.34108,0,24
1900-01-01 17:16:47.474,0.24902,0.287394,0.341374,0,24
1900-01-01 17:16:48.474,0.247907,0.285814,0.341153,0,24
1900-01-01 17:16:49.474,0.248926,0.287158,0.341548,0,24
1900-01-01 17:16:50.474,0.248569,0.286717,0.340657,0,24
1900-01-01 17:16:51.474,0.247403,0.285257,0.341144,0,24
1900-01-01 17:16:52.474,0.248763,0.286932,0.341309,0,24
1900-01-01 17:16:53.474,0.2485,0.285546,0.341603,0,24
1900-01-01 17:16:54.474,0.247445,0.284732,0.341089,0,24
1900-01-01 17:16:55.474,0.249598,0.288103,0.342008,0,24
1900-01-01 17:16:56.474,0.248611,0.286932,0.341484,0,24
1900-01-01 17:16:57.474,0.248642,0.285756,0.341172,0,24
1900-01-01 17:16:58.474,0.24912,0.286071,0.34108,0,24
1900-01-01 17:16:59.474,0.248621,0.286102,0.34074,0,24
1900-01-01 17:17:00.474,0.249561,0.28679,0.341374,0,24
1900-01-01 17:17:01.474,0.248784,0.286669,0.341906,0,24
1900-01-01 17:17:02.474,0.248616,0.286165,0.341429,0,24
1900-01-01 17:17:03.474,0.247907,0.285031,0.341089,0,24
1900-01-01 17:17:04.474,0.246647,0.285236,0.34107,0,24
1900-01-01 17:17:05.474,0.249167,0.286423,0.341475,0,24
1900-01-01 17:17:06.474,0.248343,0.286155,0.341346,0,24
1900-01-01 17:17:07.474,0.248905,0.286969,0.341447,0,24
1900-01-01 17:17:08.474,0.248999,0.286669,0.341116,0,24
1900-01-01 17:17:09.474,0.249078,0.28669,0.341521,0,24
1900-01-01 17:17:10.474,0.249514,0.28732,0.340859,0,24
1900-01-01 17:17:11.474,0.248054,0.285845,0.341217,0,24
1900-01-01 17:17:12.474,0.24817,0.285625,0.341043,0,24
1900-01-01 17:17:13.474,0.249545,0.287499,0.341392,0,24
1900-01-01 17:17:14.474,0.248458,0.287415,0.341695,0,24
1900-01-01 17:17:15.474,0.249183,0.287032,0.341778,0,24
1900-01-01 17:17:16.474,0.248117,0.286087,0.341511,0,24
1900-01-01 17:17:17.474,0.248768,0.286375,0.341355,0,24
1900-01-01 17:17:18.474,0.249839,0.287746,0.34142,0,24
1900-01-01 17:17:19.474,0.248432,0.286459,0.341392,0,24
1900-01-01 17:17:20.474,0.248464,0.286286,0.34142,0,24
1900-01-01 17:17:21.474,0.248175,0.285782,0.341612,0,24
1900-01-01 17:17:22.474,0.250454,0.288428,0.341576,0,24
1900-01-01 17:17:23.474,0.248947,0.286822,0.341374,0,24
1900-01-01 17:17:24.474,0.249162,0.28679,0.341263,0,24
1900-01-01 17:17:25.474,0.249372,0.287809,0.341438,0,24
1900-01-01 17:17:26.474,0.248773,0.286186,0.341631,0,24
1900-01-01 17:17:27.474,0.24964,0.287677,0.341346,0,24
1900-01-01 17:17:28.474,0.248542,0.28616,0.341815,0,24
1900-01-01 17:17:29.474,0.247996,0.285882,0.341456,0,24
1900-01-01 17:17:30.474,0.2485,0.285871,0.341585,0,24
1900-01-01 17:17:31.474,0.248128,0.285877,0.341429,0,24
1900-01-01 17:17:32.474,0.248952,0.286512,0.341346,0,24
1900-01-01 17:17:33.474,0.247891,0.286822,0.341686,0,24
1900-01-01 17:17:34.474,0.248301,0.286323,0.341861,0,24
1900-01-01 17:17:35.474,0.249619,0.287483,0.341438,0,24
1900-01-01 17:17:36.474,0.247718,0.285036,0.34074,0,24
1900-01-01 17:17:37.474,0.248149,0.285577,0.341282,0,24
1900-01-01 17:17:38.474,0.249015,0.286984,0.341521,0,24
1900-01-01 17:17:39.474,0.248926,0.286921,0.341401,0,24
1900-01-01 17:17:40.474,0.249025,0.28669,0.341916,0,24
1900-01-01 17:17:41.474,0.247954,0.285288,0.341668,0,24
1900-01-01 17:17:42.474,0.248962,0.286276,0.341943,0,24
1900-01-01 17:17:43.474,0.248647,0.286155,0.341521,0,24
1900-01-01 17:17:44.474,0.247886,0.286055,0.341291,0,24
1900-01-01 17:17:45.474,0.248731,0.286816,0.341511,0,24
1900-01-01 17:17:46.474,0.24871,0.286071,0.341484,0,24
1900-01-01 17:17:47.474,0.248705,0.286428,0.340721,0,24
1900-01-01 17:17:48.474,0.248726,0.287121,0.3413,0,24
1900-01-01 17:17:49.474,0.248931,0.286764,0.341401,0,24
1900-01-01 17:17:50.474,0.248989,0.286769,0.341447,0,24
1900-01-01 17:17:51.474,0.249125,0.286438,0.341346,0,24
1900-01-01 17:17:52.474,0.24891,0.286596,0.341723,0,24
1900-01-01 17:17:53.474,0.249036,0.286911,0.341466,0,24
1900-01-01 17:17:54.474,0.249608,0.287683,0.341392,0,24
1900-01-01 17:17:55.474,0.248637,0.286459,0.34119,0,24
1900-01-01 17:17:56.474,0.24891,0.287431,0.341429,0,24
1900-01-01 17:17:57.474,0.248647,0.28657,0.3413,0,24
1900-01-01 17:17:58.474,0.248563,0.286123,0.341383,0,24
1900-01-01 17:17:59.474,0.248353,0.286255,0.341043,0,24
1900-01-01 17:18:00.474,0.248632,0.286318,0.341052,0,24
1900-01-01 17:18:01.474,0.248779,0.286869,0.341245,0,24
1900-01-01 17:18:02.474,0.248931,0.287662,0.341576,0,24
1900-01-01 17:18:03.474,0.248726,0.28668,0.341328,0,24
1900-01-01 17:18:04.474,0.248301,0.285414,0.341649,0,24
1900-01-01 17:18:05.474,0.247823,0.28543,0.341723,0,24
1900-01-01 17:18:06.474,0.248432,0.28637,0.341383,0,24
1900-01-01 17:18:07.474,0.248884,0.287179,0.340988,0,24
1900-01-01 17:18:08.474,0.248427,0.285588,0.341815,0,24
1900-01-01 17:18:09.474,0.248332,0.286024,0.341162,0,24
1900-01-01 17:18:10.474,0.248947,0.287137,0.341015,0,24
1900-01-01 17:18:11.474,0.248212,0.286606,0.341291,0,24
1900-01-01 17:18:12.474,0.248233,0.286533,0.341089,0,24
1900-01-01 17:18:13.474,0.248464,0.286538,0.340988,0,24
1900-01-01 17:18:14.474,0.248821,0.28689,0.341309,0,24
1900-01-01 17:18:15.474,0.248427,0.285483,0.341025,0,24
1900-01-01 17:18:16.474,0.248164,0.285824,0.341052,0,24
1900-01-01 17:18:17.474,0.249666,0.287252,0.34142,0,24
1900-01-01 17:18:18.474,0.249619,0.287247,0.341061,0,24
1900-01-01 17:18:19.474,0.249146,0.286811,0.341282,0,24
1900-01-01 17:18:20.474,0.2488,0.287005,0.341319,0,24
1900-01-01 17:18:21.474,0.248584,0.287467,0.340979,0,24
1900-01-01 17:18:22.474,0.248889,0.286984,0.341484,0,24
1900-01-01 17:18:23.474,0.249136,0.28711,0.341309,0,24
1900-01-01 17:18:24.474,0.248758,0.286764,0.341144,0,24
1900-01-01 17:18:25.474,0.248668,0.286953,0.341438,0,24
1900-01-01 17:18:26.474,0.249687,0.287357,0.341447,0,24
1900-01-01 17:18:27.474,0.248537,0.28615,0.341631,0,24
1900-01-01 17:18:28.474,0.249141,0.286396,0.341741,0,24
1900-01-01 17:18:29.474,0.248332,0.285309,0.341309,0,24
1900-01-01 17:18:30.474,0.248495,0.285835,0.341282,0,24
1900-01-01 17:18:31.474,0.250144,0.287977,0.341475,0,24
1900-01-01 17:18:32.474,0.249004,0.287562,0.341714,0,24
1900-01-01 17:18:33.474,0.24891,0.286753,0.341658,0,24
1900-01-01 17:18:34.474,0.248401,0.286234,0.340969,0,24
1900-01-01 17:18:35.474,0.249199,0.2871,0.341493,0,24
1900-01-01 17:18:36.474,0.248658,0.286843,0.341374,0,24
1900-01-01 17:18:37.474,0.248033,0.286386,0.341658,0,24
1900-01-01 17:18:38.474,0.248117,0.286171,0.340997,0,24
1900-01-01 17:18:39.474,0.248311,0.286055,0.341263,0,24
1900-01-01 17:18:40.474,0.24733,0.285304,0.341364,0,24
1900-01-01 17:18:41.474,0.248978,0.286811,0.341585,0,24
1900-01-01 17:18:42.474,0.247513,0.286276,0.341392,0,24
1900-01-01 17:18:43.474,0.248117,0.285493,0.341089,0,24
1900-01-01 17:18:44.474,0.248416,0.286129,0.3413,0,24
1900-01-01 17:18:45.474,0.247702,0.285078,0.341374,0,24
1900-01-01 17:18:46.474,0.249766,0.287803,0.341135,0,24
1900-01-01 17:18:47.474,0.249377,0.288024,0.341291,0,24
1900-01-01 17:18:48.474,0.249015,0.286685,0.341778,0,24
1900-01-01 17:18:49.474,0.24808,0.285829,0.341502,0,24
1900-01-01 17:18:50.474,0.248616,0.286218,0.341475,0,24
1900-01-01 17:18:51.474,0.249818,0.28773,0.341622,0,24
1900-01-01 17:18:52.474,0.248122,0.285955,0.341392,0,24
1900-01-01 17:18:53.474,0.248763,0.286543,0.341888,0,24
1900-01-01 17:18:54.474,0.249025,0.287058,0.341576,0,24
1900-01-01 17:18:55.474,0.247608,0.285126,0.341557,0,24
1900-01-01 17:18:56.474,0.249361,0.287425,0.341548,0,24
1900-01-01 17:18:57.474,0.248789,0.28606,0.341319,0,24
1900-01-01 17:18:58.474,0.248878,0.286612,0.341548,0,24
1900-01-01 17:18:59.474,0.248437,0.286013,0.340933,0,24
1900-01-01 17:19:00.474,0.248422,0.286302,0.34107,0,24
1900-01-01 17:19:01.474,0.249393,0.287919,0.341273,0,24
1900-01-01 17:19:02.474,0.248605,0.286323,0.341199,0,24
1900-01-01 17:19:03.474,0.249913,0.287793,0.341521,0,24
1900-01-01 17:19:04.474,0.248737,0.286748,0.341668,0,24
1900-01-01 17:19:05.474,0.248542,0.28627,0.341447,0,24
1900-01-01 17:19:06.474,0.249393,0.287919,0.341466,0,24
1900-01-01 17:19:07.474,0.247865,0.285992,0.340988,0,24
1900-01-01 17:19:08.474,0.249367,0.287378,0.341475,0,24
1900-01-01 17:19:09.474,0.249083,0.286643,0.341732,0,24
1900-01-01 17:19:10.474,0.248653,0.286948,0.341668,0,24
1900-01-01 17:19:11.474,0.248737,0.286906,0.341355,0,24
1900-01-01 17:19:12.474,0.24912,0.286197,0.34153,0,24
1900-01-01 17:19:13.474,0.249734,0.287845,0.341539,0,24
1900-01-01 17:19:14.474,0.249125,0.286963,0.341833,0,24
1900-01-01 17:19:15.474,0.248511,0.286354,0.341484,0,24
1900-01-01 17:19:16.474,0.249824,0.287777,0.341732,0,24
1900-01-01 17:19:17.474,0.24933,0.287084,0.341842,0,24
1900-01-01 17:19:18.474,0.24933,0.286785,0.341337,0,24
1900-01-01 17:19:19.474,0.248737,0.286596,0.341916,0,24
1900-01-01 17:19:20.474,0.249204,0.286701,0.341236,0,24
1900-01-01 17:19:21.474,0.247655,0.285525,0.341851,0,24
1900-01-01 17:19:22.474,0.248264,0.286444,0.34119,0,24
1900-01-01 17:19:23.474,0.249524,0.287305,0.341199,0,24
1900-01-01 17:19:24.474,0.249288,0.287352,0.341126,0,24
1900-01-01 17:19:25.474,0.248931,0.286522,0.341714,0,24
1900-01-01 17:19:26.474,0.2486,0.286559,0.341364,0,24
1900-01-01 17:19:27.474,0.248348,0.286627,0.341466,0,24
1900-01-01 17:19:28.474,0.249398,0.287147,0.341511,0,24
1900-01-01 17:19:29.474,0.248374,0.286013,0.341456,0,24
1900-01-01 17:19:30.474,0.24985,0.287278,0.341208,0,24
1900-01-01 17:19:31.474,0.249025,0.286391,0.341374,0,24
1900-01-01 17:19:32.474,0.24829,0.285793,0.341126,0,24
1900-01-01 17:19:33.474,0.248269,0.286013,0.341291,0,24
1900-01-01 17:19:34.474,0.248233,0.286192,0.341704,0,24
1900-01-01 17:19:35.474,0.247776,0.285871,0.34164,0,24
1900-01-01 17:19:36.474,0.248285,0.286344,0.341401,0,24
1900-01-01 17:19:37.474,0.248259,0.286139,0.341089,0,24
1900-01-01 17:19:38.474,0.248763,0.2872,0.341199,0,24
1900-01-01 17:19:39.474,0.24923,0.287599,0.341484,0,24
1900-01-01 17:19:40.474,0.248794,0.287105,0.341511,0,24
1900-01-01 17:19:41.474,0.248899,0.286171,0.341603,0,24
1900-01-01 17:19:42.474,0.248889,0.28678,0.341089,0,24
1900-01-01 17:19:43.474,0.249073,0.286711,0.341576,0,24
1900-01-01 17:19:44.474,0.24797,0.285478,0.341861,0,24
1900-01-01 17:19:45.474,0.249057,0.286328,0.341585,0,24
1900-01-01 17:19:46.474,0.248999,0.286339,0.341677,0,24
1900-01-01 17:19:47.474,0.24818,0.285141,0.34142,0,24
1900-01-01 17:19:48.474,0.248122,0.285892,0.341585,0,24
1900-01-01 17:19:49.474,0.247534,0.284942,0.341631,0,24
1900-01-01 17:19:50.474,0.249099,0.286118,0.341567,0,24
1900-01-01 17:19:51.474,0.249277,0.286822,0.341401,0,24
1900-01-01 17:19:52.474,0.247135,0.285556,0.341374,0,24
1900-01-01 17:19:53.474,0.247865,0.285204,0.34164,0,24
1900-01-01 17:19:54.474,0.248852,0.28669,0.341153,0,24
1900-01-01 17:19:55.474,0.247718,0.286281,0.341172,0,24
1900-01-01 17:19:56.474,0.249314,0.286963,0.34164,0,24
1900-01-01 17:19:57.474,0.247597,0.285483,0.341181,0,24
1900-01-01 17:19:58.474,0.249109,0.286265,0.341199,0,24
1900-01-01 17:19:59.474,0.24933,0.287641,0.34119,0,24
1900-01-01 17:20:00.474,0.24775,0.286029,0.341162,0,24
1900-01-01 17:20:01.474,0.248915,0.286281,0.34175,0,24
1900-01-01 17:20:02.474,0.248815,0.28699,0.341006,0,24
1900-01-01 17:20:03.474,0.247603,0.285399,0.341034,0,24
1900-01-01 17:20:04.474,0.249319,0.287079,0.341631,0,24
1900-01-01 17:20:05.474,0.248343,0.286549,0.341364,0,24
1900-01-01 17:20:06.474,0.249335,0.286228,0.34108,0,24
1900-01-01 17:20:07.474,0.249346,0.286811,0.341263,0,24
1900-01-01 17:20:08.474,0.249246,0.286417,0.340611,0,24
1900-01-01 17:20:09.474,0.249477,0.28742,0.341622,0,24
1900-01-01 17:20:10.474,0.248479,0.286706,0.341511,0,24
1900-01-01 17:20:11.474,0.249062,0.287693,0.341364,0,24
1900-01-01 17:20:12.474,0.248448,0.286759,0.341346,0,24
1900-01-01 17:20:13.474,0.248033,0.286087,0.341456,0,24
1900-01-01 17:20:14.474,0.248453,0.286858,0.341447,0,24
1900-01-01 17:20:15.474,0.247834,0.285856,0.340997,0,24
1900-01-01 17:20:16.474,0.24829,0.28648,0.341622,0,24
1900-01-01 17:20:17.474,0.248117,0.286706,0.341622,0,24
1900-01-01 17:20:18.474,0.248201,0.28616,0.341438,0,24
1900-01-01 17:20:19.474,0.248595,0.286375,0.34153,0,24
1900-01-01 17:20:20.474,0.248448,0.28626,0.341291,0,24
1900-01-01 17:20:21.474,0.249298,0.28689,0.341383,0,24
1900-01-01 17:20:22.474,0.249346,0.287368,0.341897,0,24
1900-01-01 17:20:23.474,0.24828,0.285414,0.341851,0,24
1900-01-01 17:20:24.474,0.248422,0.286312,0.341861,0,24
1900-01-01 17:20:25.474,0.249088,0.286827,0.341383,0,24
1900-01-01 17:20:26.474,0.248915,0.286753,0.341787,0,24
1900-01-01 17:20:27.474,0.248322,0.286291,0.341741,0,24
1900-01-01 17:20:28.474,0.249398,0.286654,0.341447,0,24
1900-01-01 17:20:29.474,0.249582,0.287074,0.341824,0,24
1900-01-01 17:20:30.474,0.24786,0.286029,0.341759,0,24
1900-01-01 17:20:31.474,0.24808,0.286633,0.341521,0,24
1900-01-01 17:20:32.474,0.249235,0.286648,0.341236,0,24
1900-01-01 17:20:33.474,0.248259,0.286318,0.341429,0,24
1900-01-01 17:20:34.474,0.248453,0.285987,0.34142,0,24
1900-01-01 17:20:35.474,0.248873,0.286018,0.341521,0,24
1900-01-01 17:20:36.474,0.248663,0.286092,0.341567,0,24
1900-01-01 17:20:37.474,0.248889,0.287431,0.341631,0,24
1900-01-01 17:20:38.474,0.249193,0.287436,0.341493,0,24
1900-01-01 17:20:39.474,0.248852,0.286795,0.341438,0,24
1900-01-01 17:20:40.474,0.249771,0.288428,0.341622,0,24
1900-01-01 17:20:41.474,0.247844,0.285803,0.341319,0,24
1900-01-01 17:20:42.474,0.248978,0.28669,0.341208,0,24
1900-01-01 17:20:43.474,0.248952,0.287263,0.341346,0,24
1900-01-01 17:20:44.474,0.248075,0.285709,0.341631,0,24
1900-01-01 17:20:45.474,0.248941,0.286402,0.341493,0,24
1900-01-01 17:20:46.474,0.248684,0.286375,0.341805,0,24
1900-01-01 17:20:47.474,0.248605,0.286874,0.341429,0,24
1900-01-01 17:20:48.474,0.247681,0.286097,0.341668,0,24
1900-01-01 17:20:49.474,0.247933,0.285351,0.341337,0,24
1900-01-01 17:20:50.474,0.248506,0.286045,0.341493,0,24
1900-01-01 17:20:51.474,0.24986,0.288008,0.341769,0,24
1900-01-01 17:20:52.474,0.248012,0.286197,0.341805,0,24
1900-01-01 17:20:53.474,0.248978,0.285971,0.341291,0,24
1900-01-01 17:20:54.474,0.249172,0.286958,0.341484,0,24
1900-01-01 17:20:55.474,0.249577,0.287047,0.341383,0,24
1900-01-01 17:20:56.474,0.249508,0.287383,0.341778,0,24
1900-01-01 17:20:57.474,0.248521,0.286108,0.341741,0,24
1900-01-01 17:20:58.474,0.24808,0.284858,0.34107,0,24
1900-01-01 17:20:59.474,0.249109,0.286344,0.34142,0,24
1900-01-01 17:21:00.474,0.248637,0.285414,0.34153,0,24
1900-01-01 17:21:01.474,0.249225,0.287578,0.341622,0,24
1900-01-01 17:21:02.474,0.248401,0.285441,0.341319,0,24
1900-01-01 17:21:03.474,0.248369,0.286412,0.341594,0,24
1900-01-01 17:21:04.474,0.248936,0.286528,0.341291,0,24
1900-01-01 17:21:05.474,0.249188,0.286428,0.341291,0,24
1900-01-01 17:21:06.474,0.24892,0.286108,0.341172,0,24
1900-01-01 17:21:07.474,0.248558,0.286134,0.341539,0,24
1900-01-01 17:21:08.474,0.249015,0.286391,0.341392,0,24
1900-01-01 17:21:09.474,0.248957,0.286843,0.34153,0,24
1900-01-01 17:21:10.474,0.248716,0.286948,0.341309,0,24
1900-01-01 17:21:11.474,0.249671,0.287063,0.341447,0,24
1900-01-01 17:21:12.474,0.249209,0.28647,0.341493,0,24
1900-01-01 17:21:13.474,0.248506,0.286291,0.341548,0,24
1900-01-01 17:21:14.474,0.248385,0.285619,0.341594,0,24
1900-01-01 17:21:15.474,0.249913,0.287394,0.341576,0,24
1900-01-01 17:21:16.474,0.249603,0.287289,0.342053,0,24
1900-01-01 17:21:17.474,0.248868,0.286601,0.341603,0,24
1900-01-01 17:21:18.474,0.24995,0.287436,0.341227,0,24
1900-01-01 17:21:19.474,0.248401,0.286171,0.341585,0,24
1900-01-01 17:21:20.474,0.249083,0.286176,0.341364,0,24
1900-01-01 17:21:21.474,0.247671,0.285099,0.341759,0,24
1900-01-01 17:21:22.474,0.247975,0.285919,0.341851,0,24
1900-01-01 17:21:23.474,0.249267,0.287042,0.341622,0,24
1900-01-01 17:21:24.474,0.250191,0.287872,0.341355,0,24
1900-01-01 17:21:25.474,0.248705,0.286018,0.341493,0,24
1900-01-01 17:21:26.474,0.248369,0.285929,0.341043,0,24
1900-01-01 17:21:27.474,0.249162,0.286134,0.341291,0,24
1900-01-01 17:21:28.474,0.249004,0.286659,0.342127,0,24
1900-01-01 17:21:29.474,0.249162,0.286538,0.341851,0,24
1900-01-01 17:21:30.474,0.247713,0.28491,0.341521,0,24
1900-01-01 17:21:31.474,0.248521,0.286417,0.341714,0,24
1900-01-01 17:21:32.474,0.248553,0.28552,0.341052,0,24
1900-01-01 17:21:33.474,0.248348,0.285367,0.3413,0,24
1900-01-01 17:21:34.474,0.248453,0.286654,0.341576,0,24
1900-01-01 17:21:35.474,0.248553,0.285614,0.341144,0,24
1900-01-01 17:21:36.474,0.249682,0.287431,0.341548,0,24
1900-01-01 17:21:37.474,0.248332,0.285625,0.341245,0,24
1900-01-01 17:21:38.474,0.249367,0.28699,0.341521,0,24
1900-01-01 17:21:39.474,0.248936,0.286213,0.341511,0,24
1900-01-01 17:21:40.474,0.248369,0.285992,0.341456,0,24
1900-01-01 17:21:41.474,0.248485,0.287084,0.341677,0,24
1900-01-01 17:21:42.474,0.248353,0.28637,0.341162,0,24
1900-01-01 17:21:43.474,0.248642,0.287058,0.341686,0,24
1900-01-01 17:21:44.474,0.248175,0.286024,0.341658,0,24
1900-01-01 17:21:45.474,0.249766,0.2872,0.341502,0,24
1900-01-01 17:21:46.474,0.249524,0.287593,0.341842,0,24
1900-01-01 17:21:47.474,0.248684,0.286354,0.341695,0,24
1900-01-01 17:21:48.474,0.248474,0.286081,0.341061,0,24
1900-01-01 17:21:49.474,0.248432,0.285698,0.341034,0,24
1900-01-01 17:21:50.474,0.248164,0.286123,0.341842,0,24
1900-01-01 17:21:51.474,0.250223,0.287746,0.341714,0,24
1900-01-01 17:21:52.474,0.248348,0.286197,0.341686,0,24
1900-01-01 17:21:53.474,0.247991,0.284874,0.341456,0,24
1900-01-01 17:21:54.474,0.248532,0.286979,0.341337,0,24
1900-01-01 17:21:55.474,0.248632,0.286365,0.341576,0,24
1900-01-01 17:21:56.474,0.248731,0.287184,0.34141,0,24
1900-01-01 17:21:57.474,0.249346,0.287121,0.341879,0,24
1900-01-01 17:21:58.474,0.248847,0.287667,0.341493,0,24
1900-01-01 17:21:59.474,0.248857,0.286507,0.341925,0,24
1900-01-01 17:22:00.474,0.249414,0.287588,0.341897,0,24
1900-01-01 17:22:01.474,0.248164,0.285435,0.34164,0,24
1900-01-01 17:22:02.474,0.248474,0.285992,0.341539,0,24
1900-01-01 17:22:03.474,0.249052,0.287047,0.341962,0,24
1900-01-01 17:22:04.474,0.248999,0.286533,0.342035,0,24
1900-01-01 17:22:05.474,0.249099,0.286349,0.341943,0,24
1900-01-01 17:22:06.474,0.247933,0.285677,0.341456,0,24
1900-01-01 17:22:07.474,0.248443,0.286517,0.341695,0,24
1900-01-01 17:22:08.474,0.249897,0.287326,0.341383,0,24
1900-01-01 17:22:09.474,0.249372,0.28763,0.341309,0,24
1900-01-01 17:22:10.474,0.248752,0.286732,0.341493,0,24
1900-01-01 17:22:11.474,0.248689,0.287142,0.34142,0,24
1900-01-01 17:22:12.474,0.248385,0.286349,0.34142,0,24
1900-01-01 17:22:13.474,0.248416,0.285619,0.341539,0,24
1900-01-01 17:22:14.474,0.249204,0.287683,0.34164,0,24
1900-01-01 17:22:15.474,0.248968,0.286302,0.341594,0,24
1900-01-01 17:22:16.474,0.248275,0.285924,0.341364,0,24
1900-01-01 17:22:17.474,0.248143,0.285924,0.3413,0,24
1900-01-01 17:22:18.474,0.248537,0.286375,0.341658,0,24
1900-01-01 17:22:19.474,0.248506,0.286428,0.341677,0,24
1900-01-01 17:22:20.474,0.249661,0.287898,0.341631,0,24
1900-01-01 17:22:21.474,0.249472,0.287541,0.341548,0,24
1900-01-01 17:22:22.474,0.24797,0.285882,0.341484,0,24
1900-01-01 17:22:23.474,0.24892,0.286113,0.341227,0,24
1900-01-01 17:22:24.474,0.248479,0.286066,0.341741,0,24
1900-01-01 17:22:25.474,0.248301,0.286764,0.341539,0,24
1900-01-01 17:22:26.474,0.249424,0.287709,0.341346,0,24
1900-01-01 17:22:27.474,0.247734,0.285504,0.34141,0,24
1900-01-01 17:22:28.474,0.249052,0.287683,0.340933,0,24
1900-01-01 17:22:29.474,0.249398,0.287095,0.341557,0,24
1900-01-01 17:22:30.474,0.249041,0.286858,0.341374,0,24
1900-01-01 17:22:31.474,0.248611,0.287252,0.341567,0,24
1900-01-01 17:22:32.474,0.247986,0.286853,0.341704,0,24
1900-01-01 17:22:33.474,0.248348,0.286108,0.341355,0,24
1900-01-01 17:22:34.474,0.248952,0.287383,0.341328,0,24
1900-01-01 17:22:35.474,0.248952,0.287074,0.341695,0,24
1900-01-01 17:22:36.474,0.247597,0.285425,0.341594,0,24
1900-01-01 17:22:37.474,0.249172,0.286633,0.341227,0,24
1900-01-01 17:22:38.474,0.248653,0.286449,0.341227,0,24
1900-01-01 17:22:39.474,0.249062,0.28689,0.341502,0,24
1900-01-01 17:22:40.474,0.248915,0.28627,0.341511,0,24
1900-01-01 17:22:41.474,0.248264,0.28595,0.341769,0,24
1900-01-01 17:22:42.474,0.247781,0.285378,0.341668,0,24
1900-01-01 17:22:43.474,0.247744,0.285782,0.34164,0,24
1900-01-01 17:22:44.474,0.249598,0.287137,0.341815,0,24
1900-01-01 17:22:45.474,0.24881,0.287557,0.341208,0,24
1900-01-01 17:22:46.474,0.248359,0.286333,0.341346,0,24
1900-01-01 17:22:47.474,0.248269,0.286218,0.341383,0,24
1900-01-01 17:22:48.474,0.24891,0.286785,0.341181,0,24
1900-01-01 17:22:49.474,0.249335,0.287326,0.341181,0,24
1900-01-01 17:22:50.474,0.250013,0.286669,0.341824,0,24
1900-01-01 17:22:51.474,0.247718,0.285372,0.341714,0,24
1900-01-01 17:22:52.474,0.248369,0.286643,0.3413,0,24
1900-01-01 17:22:53.474,0.248458,0.285961,0.341291,0,24
1900-01-01 17:22:54.474,0.247802,0.285908,0.340979,0,24
1900-01-01 17:22:55.474,0.248259,0.286417,0.341227,0,24
1900-01-01 17:22:56.474,0.249178,0.287121,0.341144,0,24
1900-01-01 17:22:57.474,0.24817,0.285635,0.341456,0,24
1900-01-01 17:22:58.474,0.249398,0.287394,0.341695,0,24
1900-01-01 17:22:59.474,0.248737,0.286286,0.341567,0,24
1900-01-01 17:23:00.474,0.248553,0.286239,0.341456,0,24
1900-01-01 17:23:01.474,0.248327,0.286743,0.341208,0,24
1900-01-01 17:23:02.474,0.249031,0.285929,0.341199,0,24
1900-01-01 17:23:03.474,0.248049,0.286081,0.341319,0,24
1900-01-01 17:23:04.474,0.247944,0.286438,0.341557,0,24
1900-01-01 17:23:05.474,0.249146,0.286748,0.341153,0,24
1900-01-01 17:23:06.474,0.248663,0.287446,0.341493,0,24
1900-01-01 17:23:07.474,0.250291,0.28857,0.341686,0,24
1900-01-01 17:23:08.474,0.249004,0.287499,0.341622,0,24
1900-01-01 17:23:09.474,0.248138,0.286349,0.341805,0,24
1900-01-01 17:23:10.474,0.248369,0.286134,0.341585,0,24
1900-01-01 17:23:11.474,0.248343,0.285793,0.342118,0,24
1900-01-01 17:23:12.474,0.248674,0.287011,0.341576,0,24
1900-01-01 17:23:13.474,0.248542,0.286601,0.341511,0,24
1900-01-01 17:23:14.474,0.248332,0.286008,0.341603,0,24
1900-01-01 17:23:15.474,0.249971,0.287798,0.3413,0,24
1900-01-01 17:23:16.474,0.248227,0.285745,0.341603,0,24
1900-01-01 17:23:17.474,0.249193,0.287252,0.341392,0,24
1900-01-01 17:23:18.474,0.249319,0.287641,0.341309,0,24
1900-01-01 17:23:19.474,0.248416,0.286213,0.341833,0,24
1900-01-01 17:23:20.474,0.249361,0.286816,0.341695,0,24
1900-01-01 17:23:21.474,0.249256,0.287032,0.341851,0,24
1900-01-01 17:23:22.474,0.249031,0.286769,0.34187,0,24
1900-01-01 17:23:23.474,0.248458,0.285782,0.341695,0,24
1900-01-01 17:23:24.474,0.248763,0.287347,0.341511,0,24
1900-01-01 17:23:25.474,0.24818,0.285971,0.341172,0,24
1900-01-01 17:23:26.474,0.248243,0.286302,0.341695,0,24
1900-01-01 17:23:27.474,0.249162,0.287137,0.341346,0,24
1900-01-01 17:23:28.474,0.248726,0.286963,0.341493,0,24
1900-01-01 17:23:29.474,0.248416,0.286601,0.341778,0,24
1900-01-01 17:23:30.474,0.248485,0.286176,0.341116,0,24
1900-01-01 17:23:31.474,0.248464,0.286071,0.341631,0,24
1900-01-01 17:23:32.474,0.248196,0.286512,0.341732,0,24
1900-01-01 17:23:33.474,0.247739,0.285383,0.341162,0,24
1900-01-01 17:23:34.474,0.248059,0.285499,0.341217,0,24
1900-01-01 17:23:35.474,0.248243,0.285677,0.341429,0,24
1900-01-01 17:23:36.474,0.249498,0.286953,0.341135,0,24
1900-01-01 17:23:37.474,0.248632,0.286522,0.341778,0,24
1900-01-01 17:23:38.474,0.247813,0.285183,0.341429,0,24
1900-01-01 17:23:39.474,0.248311,0.286533,0.341309,0,24
1900-01-01 17:23:40.474,0.248737,0.286885,0.341815,0,24
1900-01-01 17:23:41.474,0.247104,0.284648,0.341337,0,24
1900-01-01 17:23:42.474,0.248401,0.286318,0.341181,0,24
1900-01-01 17:23:43.474,0.248868,0.286386,0.341227,0,24
1900-01-01 17:23:44.474,0.24787,0.285598,0.341475,0,24
1900-01-01 17:23:45.474,0.247865,0.285934,0.341631,0,24
1900-01-01 17:23:46.474,0.248884,0.28626,0.341328,0,24
1900-01-01 17:23:47.474,0.248138,0.285646,0.341658,0,24
1900-01-01 17:23:48.474,0.248091,0.285273,0.341539,0,24
1900-01-01 17:23:49.474,0.249004,0.28627,0.341475,0,24
1900-01-01 17:23:50.474,0.247991,0.285992,0.34107,0,24
1900-01-01 17:23:51.474,0.248474,0.285793,0.341447,0,24
1900-01-01 17:23:52.474,0.249514,0.286669,0.341282,0,24
1900-01-01 17:23:53.474,0.248248,0.285467,0.341236,0,24
1900-01-01 17:23:54.474,0.248716,0.287326,0.341263,0,24
1900-01-01 17:23:55.474,0.248605,0.286144,0.341337,0,24
1900-01-01 17:23:56.474,0.250049,0.288433,0.341631,0,24
1900-01-01 17:23:57.474,0.248915,0.286381,0.341493,0,24
1900-01-01 17:23:58.474,0.248453,0.286024,0.341576,0,24
1900-01-01 17:23:59.474,0.248836,0.286895,0.341493,0,24
1900-01-01 17:24:00.474,0.248474,0.286459,0.341493,0,24
1900-01-01 17:24:01.474,0.248857,0.285924,0.341521,0,24
1900-01-01 17:24:02.474,0.249503,0.287347,0.341585,0,24
1900-01-01 17:24:03.474,0.248002,0.286554,0.341466,0,24
1900-01-01 17:24:04.474,0.24902,0.287194,0.341364,0,24
1900-01-01 17:24:05.474,0.248695,0.286895,0.341585,0,24
1900-01-01 17:24:06.474,0.248038,0.285819,0.341576,0,24
1900-01-01 17:24:07.474,0.247839,0.285094,0.341346,0,24
1900-01-01 17:24:08.474,0.24922,0.287042,0.34142,0,24
1900-01-01 17:24:09.474,0.248521,0.286097,0.341355,0,24
1900-01-01 17:24:10.474,0.248217,0.28574,0.341263,0,24
1900-01-01 17:24:11.474,0.249629,0.287425,0.341263,0,24
1900-01-01 17:24:12.474,0.247723,0.284858,0.341612,0,24
1900-01-01 17:24:13.474,0.24829,0.286507,0.341521,0,24
1900-01-01 17:24:14.474,0.249645,0.287194,0.341631,0,24
1900-01-01 17:24:15.474,0.24933,0.287179,0.341374,0,24
1900-01-01 17:24:16.474,0.248784,0.286554,0.341291,0,24
1900-01-01 17:24:17.474,0.248868,0.28647,0.341567,0,24
1900-01-01 17:24:18.474,0.249887,0.287394,0.341484,0,24
1900-01-01 17:24:19.474,0.248143,0.286076,0.341585,0,24
1900-01-01 17:24:20.474,0.248327,0.286029,0.341649,0,24
1900-01-01 17:24:21.474,0.249136,0.286764,0.341337,0,24
1900-01-01 17:24:22.474,0.249136,0.287084,0.341603,0,24
1900-01-01 17:24:23.474,0.248558,0.286354,0.341686,0,24
1900-01-01 17:24:24.474,0.249304,0.286706,0.341576,0,24
1900-01-01 17:24:25.474,0.249288,0.286911,0.341631,0,24
1900-01-01 17:24:26.474,0.249193,0.286659,0.341447,0,24
1900-01-01 17:24:27.474,0.250091,0.288953,0.341723,0,24
1900-01-01 17:24:28.474,0.249388,0.287142,0.341815,0,24
1900-01-01 17:24:29.474,0.248269,0.286055,0.341888,0,24
1900-01-01 17:24:30.474,0.249088,0.286753,0.341916,0,24
1900-01-01 17:24:31.474,0.249361,0.287399,0.341658,0,24
1900-01-01 17:24:32.474,0.248721,0.286087,0.341833,0,24
1900-01-01 17:24:33.474,0.248122,0.285982,0.341769,0,24
1900-01-01 17:24:34.474,0.248212,0.286123,0.341695,0,24
1900-01-01 17:24:35.474,0.248338,0.286155,0.341704,0,24
1900-01-01 17:24:36.474,0.248689,0.286984,0.341466,0,24
1900-01-01 17:24:37.474,0.248815,0.28669,0.34187,0,24
1900-01-01 17:24:38.474,0.247933,0.284842,0.341337,0,24
1900-01-01 17:24:39.474,0.248448,0.285682,0.341364,0,24
1900-01-01 17:24:40.474,0.24723,0.285089,0.341447,0,24
1900-01-01 17:24:41.474,0.249062,0.28669,0.341539,0,24
1900-01-01 17:24:42.474,0.248931,0.286942,0.341273,0,24
1900-01-01 17:24:43.474,0.248679,0.286575,0.341622,0,24
1900-01-01 17:24:44.474,0.248495,0.286496,0.341824,0,24
1900-01-01 17:24:45.474,0.248117,0.285483,0.341484,0,24
1900-01-01 17:24:46.474,0.248238,0.285577,0.341438,0,24
1900-01-01 17:24:47.474,0.249445,0.287788,0.341631,0,24
1900-01-01 17:24:48.474,0.247587,0.28626,0.341916,0,24
1900-01-01 17:24:49.474,0.250028,0.288302,0.341732,0,24
1900-01-01 17:24:50.474,0.249445,0.287919,0.341741,0,24
1900-01-01 17:24:51.474,0.248574,0.286843,0.341989,0,24
1900-01-01 17:24:52.474,0.248952,0.287184,0.341493,0,24
1900-01-01 17:24:53.474,0.249167,0.287252,0.341567,0,24
1900-01-01 17:24:54.474,0.249036,0.287483,0.341612,0,24
1900-01-01 17:24:55.474,0.249398,0.287378,0.341585,0,24
1900-01-01 17:24:56.474,0.248747,0.286549,0.342072,0,24
1900-01-01 17:24:57.474,0.249556,0.287893,0.342182,0,24
1900-01-01 17:24:58.474,0.247981,0.286349,0.341861,0,24
1900-01-01 17:24:59.474,0.248763,0.286822,0.341723,0,24
1900-01-01 17:25:00.474,0.247807,0.285446,0.341879,0,24
1900-01-01 17:25:01.474,0.249419,0.287509,0.342008,0,24
1900-01-01 17:25:02.474,0.248626,0.286601,0.341741,0,24
1900-01-01 17:25:03.474,0.248742,0.287263,0.341989,0,24
1900-01-01 17:25:04.474,0.249183,0.286517,0.341861,0,24
1900-01-01 17:25:05.474,0.248479,0.285761,0.341769,0,24
1900-01-01 17:25:06.474,0.248548,0.286045,0.341842,0,24
1900-01-01 17:25:07.474,0.248894,0.287032,0.341447,0,24
1900-01-01 17:25:08.474,0.249172,0.28732,0.341677,0,24
1900-01-01 17:25:09.474,0.248962,0.286937,0.341962,0,24
1900-01-01 17:25:10.474,0.248553,0.287389,0.341952,0,24
1900-01-01 17:25:11.474,0.249314,0.28637,0.341603,0,24
1900-01-01 17:25:12.474,0.249482,0.287179,0.341952,0,24
1900-01-01 17:25:13.474,0.248327,0.28564,0.341521,0,24
1900-01-01 17:25:14.474,0.248915,0.286816,0.342044,0,24
1900-01-01 17:25:15.474,0.248605,0.28668,0.342164,0,24
1900-01-01 17:25:16.474,0.248532,0.286465,0.342118,0,24
1900-01-01 17:25:17.474,0.249151,0.287378,0.342026,0,24
1900-01-01 17:25:18.474,0.24933,0.287074,0.341998,0,24
1900-01-01 17:25:19.474,0.248448,0.286102,0.342026,0,24
1900-01-01 17:25:20.474,0.248164,0.285777,0.341778,0,24
1900-01-01 17:25:21.474,0.249214,0.286507,0.341824,0,24
1900-01-01 17:25:22.474,0.248469,0.286407,0.341998,0,24
1900-01-01 17:25:23.474,0.249592,0.28741,0.341952,0,24
1900-01-01 17:25:24.474,0.249582,0.286979,0.34187,0,24
1900-01-01 17:25:25.474,0.248353,0.286097,0.341594,0,24
1900-01-01 17:25:26.474,0.247188,0.284727,0.341952,0,24
1900-01-01 17:25:27.474,0.248689,0.286596,0.341833,0,24
1900-01-01 17:25:28.474,0.248443,0.286097,0.341769,0,24
1900-01-01 17:25:29.474,0.248296,0.286459,0.34175,0,24
1900-01-01 17:25:30.474,0.248117,0.285346,0.341998,0,24
1900-01-01 17:25:31.474,0.249356,0.287026,0.34187,0,24
1900-01-01 17:25:32.474,0.248227,0.285966,0.341916,0,24
1900-01-01 17:25:33.474,0.247786,0.285346,0.341962,0,24
1900-01-01 17:25:34.474,0.248894,0.286748,0.341962,0,24
1900-01-01 17:25:35.474,0.248674,0.285488,0.341704,0,24
1900-01-01 17:25:36.474,0.249782,0.287205,0.34175,0,24
1900-01-01 17:25:37.474,0.249529,0.287462,0.341658,0,24
1900-01-01 17:25:38.474,0.249151,0.286622,0.341934,0,24
1900-01-01 17:25:39.474,0.249004,0.286963,0.341769,0,24
1900-01-01 17:25:40.474,0.248647,0.285997,0.341429,0,24
1900-01-01 17:25:41.474,0.248264,0.286239,0.341695,0,24
1900-01-01 17:25:42.474,0.24796,0.286202,0.342008,0,24
1900-01-01 17:25:43.474,0.2487,0.286916,0.341576,0,24
1900-01-01 17:25:44.474,0.2486,0.286444,0.341815,0,24
1900-01-01 17:25:45.474,0.247786,0.285236,0.341714,0,24
1900-01-01 17:25:46.474,0.247324,0.285194,0.34164,0,24
1900-01-01 17:25:47.474,0.249031,0.286738,0.341668,0,24
1900-01-01 17:25:48.474,0.248159,0.285478,0.341502,0,24
1900-01-01 17:25:49.474,0.249209,0.287546,0.34175,0,24
1900-01-01 17:25:50.474,0.248285,0.285808,0.341576,0,24
1900-01-01 17:25:51.474,0.248978,0.286969,0.341456,0,24
1900-01-01 17:25:52.474,0.248926,0.28669,0.341861,0,24
1900-01-01 17:25:53.474,0.248647,0.286858,0.341511,0,24
1900-01-01 17:25:54.474,0.249041,0.287032,0.341677,0,24
1900-01-01 17:25:55.474,0.247655,0.28553,0.341612,0,24
1900-01-01 17:25:56.474,0.247781,0.285131,0.341466,0,24
1900-01-01 17:25:57.474,0.24871,0.286323,0.341603,0,24
1900-01-01 17:25:58.474,0.248254,0.285924,0.341952,0,24
1900-01-01 17:25:59.474,0.248311,0.286134,0.341172,0,24
1900-01-01 17:26:00.474,0.248957,0.286281,0.341374,0,24
1900-01-01 17:26:01.474,0.247849,0.28532,0.341594,0,24
1900-01-01 17:26:02.474,0.248595,0.286291,0.341686,0,24
1900-01-01 17:26:03.474,0.248852,0.286979,0.341447,0,24
1900-01-01 17:26:04.474,0.24796,0.285383,0.34119,0,24
1900-01-01 17:26:05.474,0.248506,0.286134,0.341612,0,24
1900-01-01 17:26:06.474,0.248705,0.286522,0.341401,0,24
1900-01-01 17:26:07.474,0.248836,0.28637,0.341622,0,24
1900-01-01 17:26:08.474,0.248395,0.285761,0.341686,0,24
1900-01-01 17:26:09.474,0.248632,0.286344,0.341263,0,24
1900-01-01 17:26:10.474,0.249004,0.287305,0.341585,0,24
1900-01-01 17:26:11.474,0.24901,0.28669,0.341337,0,24
1900-01-01 17:26:12.474,0.248521,0.285903,0.341484,0,24
1900-01-01 17:26:13.474,0.24881,0.287656,0.341769,0,24
1900-01-01 17:26:14.474,0.247928,0.285856,0.341392,0,24
1900-01-01 17:26:15.474,0.248826,0.286517,0.341815,0,24
1900-01-01 17:26:16.474,0.24818,0.286013,0.341576,0,24
1900-01-01 17:26:17.474,0.249109,0.286486,0.341557,0,24
1900-01-01 17:26:18.474,0.24745,0.285131,0.340923,0,24
1900-01-01 17:26:19.474,0.248558,0.286801,0.34141,0,24
1900-01-01 17:26:20.474,0.248752,0.28689,0.34198,0,24
1900-01-01 17:26:21.474,0.2487,0.285735,0.341612,0,24
1900-01-01 17:26:22.474,0.24755,0.285052,0.341594,0,24
1900-01-01 17:26:23.474,0.247057,0.285231,0.341236,0,24
1900-01-01 17:26:24.474,0.249025,0.286071,0.341511,0,24
1900-01-01 17:26:25.474,0.248206,0.285919,0.341273,0,24
1900-01-01 17:26:26.474,0.248395,0.28627,0.341732,0,24
1900-01-01 17:26:27.474,0.248605,0.286123,0.341254,0,24
1900-01-01 17:26:28.474,0.249015,0.286969,0.341466,0,24
1900-01-01 17:26:29.474,0.248542,0.28595,0.341309,0,24
1900-01-01 17:26:30.474,0.24829,0.285514,0.341291,0,24
1900-01-01 17:26:31.474,0.248222,0.286071,0.3413,0,24
1900-01-01 17:26:32.474,0.249687,0.286801,0.341493,0,24
1900-01-01 17:26:33.474,0.247718,0.285388,0.341658,0,24
1900-01-01 17:26:34.474,0.250391,0.28794,0.341787,0,24
1900-01-01 17:26:35.474,0.24828,0.285966,0.341521,0,24
1900-01-01 17:26:36.474,0.249246,0.287572,0.341475,0,24
1900-01-01 17:26:37.474,0.24796,0.286412,0.341116,0,24
1900-01-01 17:26:38.474,0.248028,0.285409,0.341309,0,24
1900-01-01 17:26:39.474,0.248873,0.287541,0.341447,0,24
1900-01-01 17:26:40.474,0.247529,0.284737,0.341603,0,24
1900-01-01 17:26:41.474,0.248122,0.285756,0.34119,0,24
1900-01-01 17:26:42.474,0.248243,0.286459,0.340923,0,24
1900-01-01 17:26:43.474,0.249136,0.286407,0.341576,0,24
1900-01-01 17:26:44.474,0.24817,0.28521,0.34153,0,24
1900-01-01 17:26:45.474,0.248506,0.286291,0.341686,0,24
1900-01-01 17:26:46.474,0.248695,0.286454,0.341557,0,24
1900-01-01 17:26:47.474,0.248852,0.286874,0.341337,0,24
1900-01-01 17:26:48.474,0.248952,0.287168,0.341548,0,24
1900-01-01 17:26:49.474,0.248112,0.285619,0.341484,0,24
1900-01-01 17:26:50.474,0.247755,0.285856,0.341741,0,24
1900-01-01 17:26:51.474,0.248721,0.286249,0.341732,0,24
1900-01-01 17:26:52.474,0.247676,0.285157,0.341815,0,24
1900-01-01 17:26:53.474,0.247996,0.285593,0.341521,0,24
1900-01-01 17:26:54.474,0.248065,0.284931,0.34119,0,24
1900-01-01 17:26:55.474,0.247482,0.285625,0.341355,0,24
1900-01-01 17:26:56.474,0.248353,0.285887,0.341677,0,24
1900-01-01 17:26:57.474,0.248206,0.285793,0.341401,0,24
1900-01-01 17:26:58.474,0.248175,0.285567,0.341612,0,24
1900-01-01 17:26:59.474,0.24955,0.287016,0.341557,0,24
1900-01-01 17:27:00.474,0.248259,0.286202,0.341309,0,24
1900-01-01 17:27:01.474,0.247802,0.285089,0.341438,0,24
1900-01-01 17:27:02.474,0.249277,0.286853,0.341842,0,24
1900-01-01 17:27:03.474,0.248821,0.286507,0.341695,0,24
1900-01-01 17:27:04.474,0.249214,0.286039,0.341401,0,24
1900-01-01 17:27:05.474,0.248065,0.285509,0.341622,0,24
1900-01-01 17:27:06.474,0.248416,0.286538,0.341401,0,24
1900-01-01 17:27:07.474,0.248721,0.286528,0.34142,0,24
1900-01-01 17:27:08.474,0.249025,0.287446,0.341374,0,24
1900-01-01 17:27:09.474,0.249372,0.287058,0.341576,0,24
1900-01-01 17:27:10.474,0.247692,0.284884,0.341594,0,24
1900-01-01 17:27:11.474,0.249052,0.286564,0.341704,0,24
1900-01-01 17:27:12.474,0.249246,0.286764,0.342017,0,24
1900-01-01 17:27:13.474,0.249251,0.286706,0.341787,0,24
1900-01-01 17:27:14.474,0.248233,0.286213,0.341668,0,24
1900-01-01 17:27:15.474,0.248773,0.286444,0.342017,0,24
1900-01-01 17:27:16.474,0.249235,0.287026,0.34209,0,24
1900-01-01 17:27:17.474,0.248012,0.286281,0.341805,0,24
1900-01-01 17:27:18.474,0.247965,0.285966,0.341346,0,24
1900-01-01 17:27:19.474,0.248737,0.286202,0.341557,0,24
1900-01-01 17:27:20.474,0.248705,0.286916,0.341227,0,24
1900-01-01 17:27:21.474,0.247482,0.284989,0.341704,0,24
1900-01-01 17:27:22.474,0.249204,0.286291,0.341824,0,24
1900-01-01 17:27:23.474,0.248264,0.286108,0.341539,0,24
1900-01-01 17:27:24.474,0.248227,0.285372,0.341861,0,24
1900-01-01 17:27:25.474,0.248458,0.285672,0.341732,0,24
1900-01-01 17:27:26.474,0.249078,0.28678,0.341585,0,24
1900-01-01 17:27:27.474,0.248737,0.286533,0.341759,0,24
1900-01-01 17:27:28.474,0.24922,0.286675,0.341236,0,24
1900-01-01 17:27:29.474,0.248128,0.285204,0.341493,0,24
1900-01-01 17:27:30.474,0.249419,0.287231,0.34164,0,24
1900-01-01 17:27:31.474,0.249025,0.286013,0.34119,0,24
1900-01-01 17:27:32.474,0.248133,0.285829,0.341612,0,24
1900-01-01 17:27:33.474,0.248868,0.285987,0.341842,0,24
1900-01-01 17:27:34.474,0.248432,0.285393,0.341236,0,24
1900-01-01 17:27:35.474,0.249125,0.28658,0.341769,0,24
1900-01-01 17:27:36.474,0.24859,0.287362,0.342053,0,24
1900-01-01 17:27:37.474,0.248637,0.285961,0.341658,0,24
1900-01-01 17:27:38.474,0.247744,0.284958,0.341346,0,24
1900-01-01 17:27:39.474,0.247555,0.285367,0.34142,0,24
1900-01-01 17:27:40.474,0.247361,0.285829,0.341291,0,24
1900-01-01 17:27:41.474,0.249782,0.28794,0.341815,0,24
1900-01-01 17:27:42.474,0.249939,0.287016,0.341971,0,24
1900-01-01 17:27:43.474,0.24944,0.287011,0.341971,0,24
1900-01-01 17:27:44.474,0.247639,0.285404,0.3413,0,24
1900-01-01 17:27:45.474,0.248763,0.285525,0.341392,0,24
1900-01-01 17:27:46.474,0.248385,0.285246,0.341658,0,24
1900-01-01 17:27:47.474,0.248894,0.286354,0.341539,0,24
1900-01-01 17:27:48.474,0.248695,0.286134,0.341603,0,24
1900-01-01 17:27:49.474,0.248122,0.285351,0.34187,0,24
1900-01-01 17:27:50.474,0.249188,0.285625,0.341337,0,24
1900-01-01 17:27:51.474,0.2488,0.285709,0.341594,0,24
1900-01-01 17:27:52.474,0.247928,0.285283,0.34142,0,24
1900-01-01 17:27:53.474,0.247813,0.285819,0.341714,0,24
1900-01-01 17:27:54.474,0.24775,0.285966,0.341677,0,24
1900-01-01 17:27:55.474,0.249524,0.286664,0.341989,0,24
1900-01-01 17:27:56.474,0.249293,0.287032,0.341824,0,24
1900-01-01 17:27:57.474,0.248075,0.285278,0.341612,0,24
1900-01-01 17:27:58.474,0.248773,0.286459,0.341346,0,24
1900-01-01 17:27:59.474,0.249031,0.286937,0.341631,0,24
1900-01-01 17:28:00.474,0.248931,0.287142,0.341704,0,24
1900-01-01 17:28:01.474,0.249314,0.286675,0.341741,0,24
1900-01-01 17:28:02.474,0.248474,0.285966,0.341906,0,24
1900-01-01 17:28:03.474,0.24838,0.285845,0.341594,0,24
1900-01-01 17:28:04.474,0.248054,0.284585,0.341732,0,24
1900-01-01 17:28:05.474,0.248721,0.28679,0.341466,0,24
1900-01-01 17:28:06.474,0.249314,0.287326,0.342017,0,24
1900-01-01 17:28:07.474,0.248332,0.286034,0.341484,0,24
1900-01-01 17:28:08.474,0.248768,0.286501,0.341824,0,24
1900-01-01 17:28:09.474,0.248374,0.28637,0.341778,0,24
1900-01-01 17:28:10.474,0.248096,0.285304,0.341309,0,24
1900-01-01 17:28:11.474,0.249377,0.286486,0.341952,0,24
1900-01-01 17:28:12.474,0.248437,0.285908,0.341824,0,24
1900-01-01 17:28:13.474,0.249188,0.286396,0.341851,0,24
1900-01-01 17:28:14.474,0.248149,0.285525,0.342164,0,24
1900-01-01 17:28:15.474,0.249041,0.287278,0.341962,0,24
1900-01-01 17:28:16.474,0.248458,0.287074,0.341888,0,24
1900-01-01 17:28:17.474,0.249624,0.287756,0.342164,0,24
1900-01-01 17:28:18.474,0.248931,0.286517,0.341971,0,24
1900-01-01 17:28:19.474,0.248427,0.286249,0.341778,0,24
1900-01-01 17:28:20.474,0.249388,0.28731,0.341631,0,24
1900-01-01 17:28:21.474,0.248952,0.28668,0.342237,0,24
1900-01-01 17:28:22.474,0.248915,0.286874,0.341383,0,24
1900-01-01 17:28:23.474,0.249535,0.287383,0.341686,0,24
1900-01-01 17:28:24.474,0.248957,0.286759,0.341998,0,24
1900-01-01 17:28:25.474,0.247461,0.284958,0.342072,0,24
1900-01-01 17:28:26.474,0.249151,0.286906,0.341842,0,24
1900-01-01 17:28:27.474,0.248437,0.286155,0.342127,0,24
1900-01-01 17:28:28.474,0.248516,0.285435,0.341897,0,24
1900-01-01 17:28:29.474,0.249094,0.286801,0.341888,0,24
1900-01-01 17:28:30.474,0.247702,0.285514,0.341833,0,24
1900-01-01 17:28:31.474,0.248605,0.285709,0.342302,0,24
1900-01-01 17:28:32.474,0.248101,0.285068,0.341897,0,24
1900-01-01 17:28:33.474,0.249036,0.287278,0.342145,0,24
1900-01-01 17:28:34.474,0.247933,0.285204,0.34175,0,24
1900-01-01 17:28:35.474,0.248285,0.286333,0.341796,0,24
1900-01-01 17:28:36.474,0.248689,0.285756,0.341998,0,24
1900-01-01 17:28:37.474,0.247933,0.285698,0.341686,0,24
1900-01-01 17:28:38.474,0.249094,0.287016,0.342081,0,24
1900-01-01 17:28:39.474,0.247198,0.285,0.341649,0,24
1900-01-01 17:28:40.474,0.248322,0.286108,0.341383,0,24
1900-01-01 17:28:41.474,0.249424,0.287436,0.341466,0,24
1900-01-01 17:28:42.474,0.249188,0.287032,0.341741,0,24
1900-01-01 17:28:43.474,0.249356,0.28753,0.341585,0,24
1900-01-01 17:28:44.474,0.249682,0.287572,0.341925,0,24
1900-01-01 17:28:45.474,0.249445,0.287042,0.341548,0,24
1900-01-01 17:28:46.474,0.247592,0.285341,0.341714,0,24
1900-01-01 17:28:47.474,0.248327,0.286433,0.341815,0,24
1900-01-01 17:28:48.474,0.249498,0.287121,0.341603,0,24
1900-01-01 17:28:49.474,0.247692,0.285682,0.341217,0,24
1900-01-01 17:28:50.474,0.248133,0.285892,0.341557,0,24
1900-01-01 17:28:51.474,0.248868,0.286349,0.341888,0,24
1900-01-01 17:28:52.474,0.248364,0.286354,0.341548,0,24
1900-01-01 17:28:53.474,0.248432,0.286858,0.341548,0,24
1900-01-01 17:28:54.474,0.248338,0.285609,0.341741,0,24
1900-01-01 17:28:55.474,0.248653,0.285882,0.34198,0,24
1900-01-01 17:28:56.474,0.24797,0.285898,0.341319,0,24
1900-01-01 17:28:57.474,0.24775,0.28616,0.341943,0,24
1900-01-01 17:28:58.474,0.24829,0.285819,0.341695,0,24
1900-01-01 17:28:59.474,0.248952,0.286685,0.341741,0,24
1900-01-01 17:29:00.474,0.248605,0.28543,0.341714,0,24
1900-01-01 17:29:01.474,0.248978,0.286685,0.341824,0,24
1900-01-01 17:29:02.474,0.249199,0.286444,0.341364,0,24
1900-01-01 17:29:03.474,0.247603,0.285551,0.341622,0,24
1900-01-01 17:29:04.474,0.248453,0.28574,0.341254,0,24
1900-01-01 17:29:05.474,0.249482,0.287609,0.341612,0,24
1900-01-01 17:29:06.474,0.247487,0.285084,0.341135,0,24
1900-01-01 17:29:07.474,0.248416,0.286139,0.341502,0,24
1900-01-01 17:29:08.474,0.248653,0.285782,0.341658,0,24
1900-01-01 17:29:09.474,0.248012,0.285714,0.341135,0,24
1900-01-01 17:29:10.474,0.248401,0.28679,0.341328,0,24
1900-01-01 17:29:11.474,0.248563,0.285814,0.341475,0,24
1900-01-01 17:29:12.474,0.248464,0.285703,0.341447,0,24
1900-01-01 17:29:13.474,0.248537,0.285856,0.341456,0,24
1900-01-01 17:29:14.474,0.248285,0.286244,0.341383,0,24
1900-01-01 17:29:15.474,0.248962,0.286596,0.341888,0,24
1900-01-01 17:29:16.474,0.247734,0.286255,0.341254,0,24
1900-01-01 17:29:17.474,0.248012,0.285435,0.341383,0,24
1900-01-01 17:29:18.474,0.2488,0.286528,0.341962,0,24
1900-01-01 17:29:19.474,0.248763,0.2871,0.34164,0,24
1900-01-01 17:29:20.474,0.248385,0.286738,0.341438,0,24
1900-01-01 17:29:21.474,0.247765,0.285667,0.341612,0,24
1900-01-01 17:29:22.474,0.247928,0.285735,0.341438,0,24
1900-01-01 17:29:23.474,0.248327,0.285435,0.341805,0,24
1900-01-01 17:29:24.474,0.248149,0.285598,0.341475,0,24
1900-01-01 17:29:25.474,0.248569,0.286675,0.341668,0,24
1900-01-01 17:29:26.474,0.248196,0.286144,0.341392,0,24
1900-01-01 17:29:27.474,0.24682,0.284695,0.34153,0,24
1900-01-01 17:29:28.474,0.248926,0.286291,0.341548,0,24
1900-01-01 17:29:29.474,0.248805,0.28699,0.341952,0,24
1900-01-01 17:29:30.474,0.248091,0.285231,0.341677,0,24
1900-01-01 17:29:31.474,0.248259,0.286575,0.34164,0,24
1900-01-01 17:29:32.474,0.248973,0.286654,0.341897,0,24
1900-01-01 17:29:33.474,0.247886,0.285756,0.341861,0,24
1900-01-01 17:29:34.474,0.248322,0.286717,0.341383,0,24
1900-01-01 17:29:35.474,0.248086,0.286076,0.341612,0,24
1900-01-01 17:29:36.474,0.248595,0.286123,0.341511,0,24
1900-01-01 17:29:37.474,0.247492,0.285614,0.341539,0,24
1900-01-01 17:29:38.474,0.249162,0.287163,0.341567,0,24
1900-01-01 17:29:39.474,0.247335,0.285483,0.341603,0,24
1900-01-01 17:29:40.474,0.247608,0.285619,0.341585,0,24
1900-01-01 17:29:41.474,0.2486,0.286234,0.341714,0,24
1900-01-01 17:29:42.474,0.247849,0.285273,0.341704,0,24
1900-01-01 17:29:43.474,0.247802,0.286428,0.341364,0,24
1900-01-01 17:29:44.474,0.247261,0.285283,0.341557,0,24
1900-01-01 17:29:45.474,0.248359,0.286218,0.341162,0,24
1900-01-01 17:29:46.474,0.24723,0.285,0.341374,0,24
1900-01-01 17:29:47.474,0.247755,0.285777,0.341732,0,24
1900-01-01 17:29:48.474,0.248947,0.287247,0.341364,0,24
1900-01-01 17:29:49.474,0.249267,0.287714,0.341475,0,24
1900-01-01 17:29:50.474,0.247697,0.285677,0.341539,0,24
1900-01-01 17:29:51.474,0.250175,0.288055,0.341346,0,24
1900-01-01 17:29:52.474,0.247986,0.285304,0.341383,0,24
1900-01-01 17:29:53.474,0.247944,0.285971,0.341769,0,24
1900-01-01 17:29:54.474,0.249372,0.287483,0.34175,0,24
1900-01-01 17:29:55.474,0.248695,0.286375,0.341668,0,24
1900-01-01 17:29:56.474,0.248248,0.285462,0.341934,0,24
1900-01-01 17:29:57.474,0.248217,0.286018,0.341346,0,24
1900-01-01 17:29:58.474,0.248705,0.286018,0.341364,0,24
1900-01-01 17:29:59.474,0.248112,0.285761,0.341603,0,24
1900-01-01 17:30:00.474,0.249241,0.286832,0.3413,0,24
1900-01-01 17:30:01.474,0.247256,0.28459,0.341511,0,24
1900-01-01 17:30:02.474,0.249094,0.28689,0.34164,0,24
1900-01-01 17:30:03.474,0.248826,0.286496,0.341245,0,24
1900-01-01 17:30:04.474,0.248973,0.286659,0.341364,0,24
1900-01-01 17:30:05.474,0.249094,0.286916,0.341273,0,24
1900-01-01 17:30:06.474,0.248884,0.286302,0.341447,0,24
1900-01-01 17:30:07.474,0.248017,0.285257,0.341769,0,24
1900-01-01 17:30:08.474,0.248254,0.285714,0.341677,0,24
1900-01-01 17:30:09.474,0.248238,0.285535,0.341585,0,24
1900-01-01 17:30:10.474,0.247939,0.285472,0.341603,0,24
1900-01-01 17:30:11.474,0.24766,0.285504,0.341263,0,24
1900-01-01 17:30:12.474,0.249104,0.286622,0.341337,0,24
1900-01-01 17:30:13.474,0.248033,0.286549,0.341236,0,24
1900-01-01 17:30:14.474,0.248427,0.286291,0.341392,0,24
1900-01-01 17:30:15.474,0.249319,0.28658,0.341548,0,24
1900-01-01 17:30:16.474,0.248091,0.286008,0.341245,0,24
1900-01-01 17:30:17.474,0.24859,0.285887,0.341263,0,24
1900-01-01 17:30:18.474,0.249923,0.287898,0.341282,0,24
1900-01-01 17:30:19.474,0.248411,0.285714,0.341567,0,24
1900-01-01 17:30:20.474,0.248731,0.286066,0.3413,0,24
1900-01-01 17:30:21.474,0.247193,0.284706,0.341603,0,24
1900-01-01 17:30:22.474,0.247634,0.285288,0.341374,0,24
1900-01-01 17:30:23.474,0.247172,0.284742,0.341236,0,24
1900-01-01 17:30:24.474,0.247618,0.284874,0.341539,0,24
1900-01-01 17:30:25.474,0.249745,0.287336,0.341502,0,24
1900-01-01 17:30:26.474,0.250028,0.287982,0.341603,0,24
1900-01-01 17:30:27.474,0.248196,0.285546,0.341456,0,24
1900-01-01 17:30:28.474,0.24797,0.285551,0.341704,0,24
1900-01-01 17:30:29.474,0.248658,0.28616,0.341291,0,24
1900-01-01 17:30:30.474,0.249866,0.2872,0.341557,0,24
1900-01-01 17:30:31.474,0.24839,0.286491,0.341686,0,24
1900-01-01 17:30:32.474,0.247445,0.285236,0.341769,0,24
1900-01-01 17:30:33.474,0.248143,0.285829,0.341374,0,24
1900-01-01 17:30:34.474,0.248815,0.286066,0.341098,0,24
1900-01-01 17:30:35.474,0.248584,0.286522,0.341466,0,24
1900-01-01 17:30:36.474,0.248149,0.286171,0.341888,0,24
1900-01-01 17:30:37.474,0.248259,0.285588,0.341429,0,24
1900-01-01 17:30:38.474,0.249372,0.288139,0.341438,0,24
1900-01-01 17:30:39.474,0.248422,0.286858,0.342099,0,24
1900-01-01 17:30:40.474,0.249251,0.287184,0.341309,0,24
1900-01-01 17:30:41.474,0.248826,0.286617,0.341502,0,24
1900-01-01 17:30:42.474,0.249598,0.287021,0.341723,0,24
1900-01-01 17:30:43.474,0.248028,0.285646,0.341594,0,24
1900-01-01 17:30:44.474,0.249204,0.287425,0.341557,0,24
1900-01-01 17:30:45.474,0.249073,0.286942,0.341502,0,24
1900-01-01 17:30:46.474,0.24797,0.286843,0.341897,0,24
1900-01-01 17:30:47.474,0.249004,0.286549,0.341989,0,24
1900-01-01 17:30:48.474,0.249304,0.286963,0.341925,0,24
1900-01-01 17:30:49.474,0.249871,0.288633,0.341567,0,24
1900-01-01 17:30:50.474,0.248138,0.285572,0.341805,0,24
1900-01-01 17:30:51.474,0.249172,0.286722,0.341741,0,24
1900-01-01 17:30:52.474,0.248443,0.286139,0.341906,0,24
1900-01-01 17:30:53.474,0.247965,0.285467,0.342026,0,24
1900-01-01 17:30:54.474,0.249393,0.286528,0.341456,0,24
1900-01-01 17:30:55.474,0.24807,0.286081,0.341585,0,24
1900-01-01 17:30:56.474,0.248038,0.285399,0.341714,0,24
1900-01-01 17:30:57.474,0.249487,0.286444,0.341466,0,24
1900-01-01 17:30:58.474,0.247781,0.284706,0.341732,0,24
1900-01-01 17:30:59.474,0.248936,0.286617,0.341723,0,24
1900-01-01 17:31:00.474,0.248353,0.286354,0.341649,0,24
1900-01-01 17:31:01.474,0.249073,0.2871,0.341741,0,24
1900-01-01 17:31:02.474,0.248411,0.286024,0.341511,0,24
1900-01-01 17:31:03.474,0.247624,0.285,0.341695,0,24
1900-01-01 17:31:04.474,0.247802,0.285782,0.341916,0,24
1900-01-01 17:31:05.474,0.248495,0.286265,0.341704,0,24
1900-01-01 17:31:06.474,0.247303,0.284763,0.341668,0,24
1900-01-01 17:31:07.474,0.248075,0.285782,0.341649,0,24
1900-01-01 17:31:08.474,0.249151,0.286837,0.341631,0,24
1900-01-01 17:31:09.474,0.248348,0.285856,0.341815,0,24
1900-01-01 17:31:10.474,0.247687,0.285499,0.341466,0,24
1900-01-01 17:31:11.474,0.247881,0.285997,0.341704,0,24
1900-01-01 17:31:12.474,0.247729,0.285824,0.341925,0,24
1900-01-01 17:31:13.474,0.249309,0.286874,0.341263,0,24
1900-01-01 17:31:14.474,0.247582,0.285625,0.341447,0,24
1900-01-01 17:31:15.474,0.248023,0.286071,0.341282,0,24
1900-01-01 17:31:16.474,0.247907,0.286108,0.341456,0,24
1900-01-01 17:31:17.474,0.247387,0.284769,0.341631,0,24
1900-01-01 17:31:18.474,0.248206,0.285871,0.341493,0,24
1900-01-01 17:31:19.474,0.24849,0.286701,0.341502,0,24
1900-01-01 17:31:20.474,0.247629,0.285241,0.341043,0,24
1900-01-01 17:31:21.474,0.248269,0.285467,0.341337,0,24
1900-01-01 17:31:22.474,0.247083,0.285183,0.341263,0,24
1900-01-01 17:31:23.474,0.248143,0.285661,0.341612,0,24
1900-01-01 17:31:24.474,0.248164,0.285745,0.34164,0,24
1900-01-01 17:31:25.474,0.247949,0.286297,0.34119,0,24
1900-01-01 17:31:26.474,0.248196,0.286349,0.341383,0,24
1900-01-01 17:31:27.474,0.249088,0.28626,0.341208,0,24
1900-01-01 17:31:28.474,0.248243,0.285577,0.341098,0,24
1900-01-01 17:31:29.474,0.248847,0.286717,0.340979,0,24
1900-01-01 17:31:30.474,0.248212,0.284853,0.34119,0,24
1900-01-01 17:31:31.474,0.248668,0.28668,0.34187,0,24
1900-01-01 17:31:32.474,0.248752,0.286144,0.341401,0,24
1900-01-01 17:31:33.474,0.247996,0.284737,0.341162,0,24
1900-01-01 17:31:34.474,0.248238,0.285966,0.341658,0,24
1900-01-01 17:31:35.474,0.248479,0.286312,0.341089,0,24
1900-01-01 17:31:36.474,0.249398,0.288292,0.341447,0,24
1900-01-01 17:31:37.474,0.248999,0.287242,0.341677,0,24
1900-01-01 17:31:38.474,0.247823,0.285178,0.341401,0,24
1900-01-01 17:31:39.474,0.247807,0.285829,0.341576,0,24
1900-01-01 17:31:40.474,0.248532,0.286585,0.341153,0,24
1900-01-01 17:31:41.474,0.249556,0.28731,0.341337,0,24
1900-01-01 17:31:42.474,0.248936,0.287226,0.341787,0,24
1900-01-01 17:31:43.474,0.248101,0.28585,0.341466,0,24
1900-01-01 17:31:44.474,0.246988,0.285252,0.341612,0,24
1900-01-01 17:31:45.474,0.24859,0.286281,0.341309,0,24
1900-01-01 17:31:46.474,0.248364,0.286381,0.341273,0,24
1900-01-01 17:31:47.474,0.247771,0.285462,0.341612,0,24
1900-01-01 17:31:48.474,0.249309,0.287147,0.341603,0,24
1900-01-01 17:31:49.474,0.249508,0.287483,0.341649,0,24
1900-01-01 17:31:50.474,0.248989,0.287,0.341916,0,24
1900-01-01 17:31:51.474,0.250737,0.289347,0.341677,0,24
1900-01-01 17:31:52.474,0.248626,0.287068,0.341475,0,24
1900-01-01 17:31:53.474,0.248301,0.286239,0.341695,0,24
1900-01-01 17:31:54.474,0.247939,0.285898,0.341475,0,24
1900-01-01 17:31:55.474,0.247524,0.285157,0.341732,0,24
1900-01-01 17:31:56.474,0.248857,0.286664,0.341576,0,24
1900-01-01 17:31:57.474,0.248143,0.285672,0.341842,0,24
1900-01-01 17:31:58.474,0.247634,0.285115,0.341089,0,24
1900-01-01 17:31:59.474,0.248878,0.285735,0.341971,0,24
1900-01-01 17:32:00.474,0.248474,0.287194,0.341484,0,24
1900-01-01 17:32:01.474,0.247041,0.285913,0.342072,0,24
1900-01-01 17:32:02.474,0.248684,0.286375,0.342265,0,24
1900-01-01 17:32:03.474,0.24871,0.286407,0.342099,0,24
1900-01-01 17:32:04.474,0.247734,0.285724,0.341815,0,24
1900-01-01 17:32:05.474,0.249346,0.286685,0.341631,0,24
1900-01-01 17:32:06.474,0.24808,0.286496,0.341392,0,24
1900-01-01 17:32:07.474,0.24786,0.285441,0.341677,0,24
1900-01-01 17:32:08.474,0.248873,0.287037,0.342145,0,24
1900-01-01 17:32:09.474,0.2486,0.28595,0.341658,0,24
1900-01-01 17:32:10.474,0.248411,0.286302,0.341778,0,24
1900-01-01 17:32:11.474,0.248684,0.285982,0.341557,0,24
1900-01-01 17:32:12.474,0.247393,0.284443,0.341273,0,24
1900-01-01 17:32:13.474,0.248185,0.286622,0.341328,0,24
1900-01-01 17:32:14.474,0.248385,0.286732,0.341576,0,24
1900-01-01 17:32:15.474,0.249587,0.28815,0.341925,0,24
1900-01-01 17:32:16.474,0.247786,0.285015,0.341401,0,24
1900-01-01 17:32:17.474,0.248285,0.286276,0.341704,0,24
1900-01-01 17:32:18.474,0.248269,0.286213,0.341539,0,24
1900-01-01 17:32:19.474,0.248206,0.285598,0.341658,0,24
1900-01-01 17:32:20.474,0.248065,0.285288,0.341484,0,24
1900-01-01 17:32:21.474,0.248133,0.28574,0.340923,0,24
1900-01-01 17:32:22.474,0.249571,0.287158,0.341622,0,24
1900-01-01 17:32:23.474,0.248994,0.286937,0.341769,0,24
1900-01-01 17:32:24.474,0.249094,0.287021,0.341943,0,24
1900-01-01 17:32:25.474,0.247671,0.285005,0.341704,0,24
1900-01-01 17:32:26.474,0.247597,0.285204,0.341741,0,24
1900-01-01 17:32:27.474,0.247529,0.285562,0.341364,0,24
1900-01-01 17:32:28.474,0.248495,0.286465,0.34164,0,24
1900-01-01 17:32:29.474,0.249262,0.28627,0.341603,0,24
1900-01-01 17:32:30.474,0.247776,0.28542,0.341401,0,24
1900-01-01 17:32:31.474,0.248175,0.285814,0.341677,0,24
1900-01-01 17:32:32.474,0.248065,0.285288,0.341879,0,24
1900-01-01 17:32:33.474,0.246836,0.284853,0.341557,0,24
1900-01-01 17:32:34.474,0.248674,0.287,0.341695,0,24
1900-01-01 17:32:35.474,0.248474,0.286244,0.341649,0,24
1900-01-01 17:32:36.474,0.248584,0.286543,0.341263,0,24
1900-01-01 17:32:37.474,0.249162,0.286407,0.341612,0,24
1900-01-01 17:32:38.474,0.247954,0.285772,0.341456,0,24
1900-01-01 17:32:39.474,0.248117,0.285945,0.341916,0,24
1900-01-01 17:32:40.474,0.248159,0.286381,0.341576,0,24
1900-01-01 17:32:41.474,0.249382,0.287095,0.341925,0,24
1900-01-01 17:32:42.474,0.246773,0.284448,0.341971,0,24
1900-01-01 17:32:43.474,0.248369,0.285651,0.341622,0,24
1900-01-01 17:32:44.474,0.247314,0.285231,0.341245,0,24
1900-01-01 17:32:45.474,0.248548,0.286496,0.341677,0,24
1900-01-01 17:32:46.474,0.248317,0.28542,0.341888,0,24
1900-01-01 17:32:47.474,0.248931,0.286785,0.341622,0,24
1900-01-01 17:32:48.474,0.24786,0.285304,0.341374,0,24
1900-01-01 17:32:49.474,0.248553,0.285588,0.341704,0,24
1900-01-01 17:32:50.474,0.24817,0.285614,0.34142,0,24
1900-01-01 17:32:51.474,0.248868,0.286134,0.341576,0,24
1900-01-01 17:32:52.474,0.2486,0.286706,0.341686,0,24
1900-01-01 17:32:53.474,0.248695,0.287032,0.341787,0,24
1900-01-01 17:32:54.474,0.24745,0.28511,0.341916,0,24
1900-01-01 17:32:55.474,0.247723,0.285367,0.341429,0,24
1900-01-01 17:32:56.474,0.248731,0.286223,0.341484,0,24
1900-01-01 17:32:57.474,0.247099,0.285556,0.341346,0,24
1900-01-01 17:32:58.474,0.247571,0.284706,0.341383,0,24
1900-01-01 17:32:59.474,0.249031,0.286759,0.341649,0,24
1900-01-01 17:33:00.474,0.249414,0.288097,0.341466,0,24
1900-01-01 17:33:01.474,0.248626,0.286438,0.341603,0,24
1900-01-01 17:33:02.474,0.248527,0.286349,0.34164,0,24
1900-01-01 17:33:03.474,0.248737,0.28679,0.341842,0,24
1900-01-01 17:33:04.474,0.248663,0.286459,0.341567,0,24
1900-01-01 17:33:05.474,0.24775,0.285126,0.341401,0,24
1900-01-01 17:33:06.474,0.249634,0.286979,0.341741,0,24
1900-01-01 17:33:07.474,0.24859,0.286438,0.341493,0,24
1900-01-01 17:33:08.474,0.249503,0.286318,0.341787,0,24
1900-01-01 17:33:09.474,0.248343,0.286617,0.341778,0,24
1900-01-01 17:33:10.474,0.248842,0.286055,0.34119,0,24
1900-01-01 17:33:11.474,0.248842,0.286759,0.341805,0,24
1900-01-01 17:33:12.474,0.246878,0.28479,0.341383,0,24
1900-01-01 17:33:13.474,0.247944,0.285735,0.341466,0,24
1900-01-01 17:33:14.474,0.247613,0.285073,0.341282,0,24
1900-01-01 17:33:15.474,0.248196,0.286176,0.341631,0,24
1900-01-01 17:33:16.474,0.24713,0.284874,0.341319,0,24
1900-01-01 17:33:17.474,0.248296,0.285913,0.341796,0,24
1900-01-01 17:33:18.474,0.24838,0.284979,0.3413,0,24
1900-01-01 17:33:19.474,0.248684,0.286029,0.341603,0,24
1900-01-01 17:33:20.474,0.248663,0.286575,0.341043,0,24
1900-01-01 17:33:21.474,0.247834,0.285404,0.341585,0,24
1900-01-01 17:33:22.474,0.248474,0.28585,0.34096,0,24
1900-01-01 17:33:23.474,0.249146,0.287515,0.341245,0,24
1900-01-01 17:33:24.474,0.248259,0.286129,0.341741,0,24
1900-01-01 17:33:25.474,0.249293,0.286039,0.341227,0,24
1900-01-01 17:33:26.474,0.248107,0.286076,0.341576,0,24
1900-01-01 17:33:27.474,0.247776,0.285646,0.341309,0,24
1900-01-01 17:33:28.474,0.248049,0.285745,0.340887,0,24
1900-01-01 17:33:29.474,0.247781,0.285105,0.341309,0,24
1900-01-01 17:33:30.474,0.247928,0.285325,0.341254,0,24
1900-01-01 17:33:31.474,0.247986,0.285908,0.341025,0,24
1900-01-01 17:33:32.474,0.248873,0.286003,0.34119,0,24
1900-01-01 17:33:33.474,0.248973,0.286774,0.341438,0,24
1900-01-01 17:33:34.474,0.248075,0.285667,0.340859,0,24
1900-01-01 17:33:35.474,0.24818,0.286171,0.341126,0,24
1900-01-01 17:33:36.474,0.248317,0.286234,0.341438,0,24
1900-01-01 17:33:37.474,0.24733,0.285845,0.341061,0,24
1900-01-01 17:33:38.474,0.248222,0.286118,0.341796,0,24
1900-01-01 17:33:39.474,0.248542,0.286543,0.341245,0,24
1900-01-01 17:33:40.474,0.248243,0.28521,0.34141,0,24
1900-01-01 17:33:41.474,0.248527,0.285714,0.341245,0,24
1900-01-01 17:33:42.474,0.248563,0.285882,0.34141,0,24
1900-01-01 17:33:43.474,0.248275,0.285625,0.341282,0,24
1900-01-01 17:33:44.474,0.250196,0.287798,0.341759,0,24
1900-01-01 17:33:45.474,0.248033,0.286003,0.34175,0,24
1900-01-01 17:33:46.474,0.250196,0.288134,0.341466,0,24
1900-01-01 17:33:47.474,0.249902,0.287893,0.341401,0,24
1900-01-01 17:33:48.474,0.248905,0.286391,0.341631,0,24
1900-01-01 17:33:49.474,0.249277,0.286711,0.341897,0,24
1900-01-01 17:33:50.474,0.249167,0.287236,0.342081,0,24
1900-01-01 17:33:51.474,0.248642,0.286528,0.341612,0,24
1900-01-01 17:33:52.474,0.247723,0.284942,0.341328,0,24
1900-01-01 17:33:53.474,0.247881,0.285383,0.341447,0,24
1900-01-01 17:33:54.474,0.247849,0.285625,0.341576,0,24
1900-01-01 17:33:55.474,0.247713,0.285583,0.341732,0,24
1900-01-01 17:33:56.474,0.248847,0.286538,0.341392,0,24
1900-01-01 17:33:57.474,0.249529,0.286055,0.341631,0,24
1900-01-01 17:33:58.474,0.24913,0.286801,0.341723,0,24
1900-01-01 17:33:59.474,0.247655,0.284779,0.341291,0,24
1900-01-01 17:34:00.474,0.247907,0.285688,0.341484,0,24
1900-01-01 17:34:01.474,0.248327,0.285787,0.341796,0,24
1900-01-01 17:34:02.474,0.248159,0.285257,0.341732,0,24
1900-01-01 17:34:03.474,0.247802,0.285777,0.34153,0,24
1900-01-01 17:34:04.474,0.247225,0.28407,0.341107,0,24
1900-01-01 17:34:05.474,0.248222,0.286465,0.34142,0,24
1900-01-01 17:34:06.474,0.248548,0.286344,0.341521,0,24
1900-01-01 17:34:07.474,0.24902,0.287614,0.341759,0,24
1900-01-01 17:34:08.474,0.247876,0.286575,0.341824,0,24
1900-01-01 17:34:09.474,0.248327,0.286202,0.34142,0,24
1900-01-01 17:34:10.474,0.247928,0.285052,0.34153,0,24
1900-01-01 17:34:11.474,0.247975,0.285094,0.341658,0,24
1900-01-01 17:34:12.474,0.247618,0.285105,0.341567,0,24
1900-01-01 17:34:13.474,0.249414,0.287882,0.341576,0,24
1900-01-01 17:34:14.474,0.248836,0.28648,0.341502,0,24
1900-01-01 17:34:15.474,0.248227,0.28616,0.341438,0,24
1900-01-01 17:34:16.474,0.248653,0.287105,0.341842,0,24
1900-01-01 17:34:17.474,0.248863,0.286291,0.341346,0,24
1900-01-01 17:34:18.474,0.248122,0.286176,0.341466,0,24
1900-01-01 17:34:19.474,0.248101,0.28553,0.34142,0,24
1900-01-01 17:34:20.474,0.248222,0.285866,0.341658,0,24
1900-01-01 17:34:21.474,0.248254,0.286249,0.341282,0,24
1900-01-01 17:34:22.474,0.248474,0.285714,0.341493,0,24
1900-01-01 17:34:23.474,0.248611,0.286459,0.341658,0,24
1900-01-01 17:34:24.474,0.248674,0.286837,0.341456,0,24
1900-01-01 17:34:25.474,0.247923,0.28532,0.341236,0,24
1900-01-01 17:34:26.474,0.249172,0.28678,0.341181,0,24
1900-01-01 17:34:27.474,0.247739,0.28573,0.341723,0,24
1900-01-01 17:34:28.474,0.248968,0.287063,0.34164,0,24
1900-01-01 17:34:29.474,0.249419,0.287436,0.341511,0,24
1900-01-01 17:34:30.474,0.249225,0.287184,0.341833,0,24
1900-01-01 17:34:31.474,0.248999,0.286517,0.341805,0,24
1900-01-01 17:34:32.474,0.248857,0.286837,0.342173,0,24
1900-01-01 17:34:33.474,0.248054,0.286139,0.341631,0,24
1900-01-01 17:34:34.474,0.247387,0.285499,0.341612,0,24
1900-01-01 17:34:35.474,0.247839,0.285667,0.341355,0,24
1900-01-01 17:34:36.474,0.249036,0.286969,0.341585,0,24
1900-01-01 17:34:37.474,0.248338,0.286638,0.341475,0,24
1900-01-01 17:34:38.474,0.247261,0.285651,0.341704,0,24
1900-01-01 17:34:39.474,0.247739,0.285283,0.341429,0,24
1900-01-01 17:34:40.474,0.249403,0.287326,0.341539,0,24
1900-01-01 17:34:41.474,0.246952,0.284879,0.341493,0,24
1900-01-01 17:34:42.474,0.247382,0.285336,0.341447,0,24
1900-01-01 17:34:43.474,0.248075,0.286307,0.341107,0,24
1900-01-01 17:34:44.474,0.249057,0.286664,0.34175,0,24
1900-01-01 17:34:45.474,0.247954,0.28522,0.341447,0,24
1900-01-01 17:34:46.474,0.247629,0.285183,0.341567,0,24
1900-01-01 17:34:47.474,0.247849,0.285021,0.341383,0,24
1900-01-01 17:34:48.474,0.248474,0.285877,0.341438,0,24
1900-01-01 17:34:49.474,0.248464,0.286276,0.341401,0,24
1900-01-01 17:34:50.474,0.248233,0.285871,0.341548,0,24
1900-01-01 17:34:51.474,0.247225,0.285341,0.341144,0,24
1900-01-01 17:34:52.474,0.248878,0.287116,0.341263,0,24
1900-01-01 17:34:53.474,0.248931,0.287058,0.341842,0,24
1900-01-01 17:34:54.474,0.248364,0.286318,0.341557,0,24
1900-01-01 17:34:55.474,0.249288,0.287693,0.341328,0,24
1900-01-01 17:34:56.474,0.247372,0.286433,0.341741,0,24
1900-01-01 17:34:57.474,0.249094,0.286407,0.341704,0,24
1900-01-01 17:34:58.474,0.248453,0.286328,0.341401,0,24
1900-01-01 17:34:59.474,0.248348,0.286339,0.34141,0,24
1900-01-01 17:35:00.474,0.249099,0.286722,0.341879,0,24
1900-01-01 17:35:01.474,0.249283,0.287436,0.341723,0,24
1900-01-01 17:35:02.474,0.247949,0.285908,0.341392,0,24
1900-01-01 17:35:03.474,0.248595,0.286365,0.341236,0,24
1900-01-01 17:35:04.474,0.248626,0.286412,0.341061,0,24
1900-01-01 17:35:05.474,0.249309,0.286984,0.341925,0,24
1900-01-01 17:35:06.474,0.247897,0.286118,0.341759,0,24
1900-01-01 17:35:07.474,0.24838,0.286543,0.341548,0,24
1900-01-01 17:35:08.474,0.248668,0.287089,0.341585,0,24
1900-01-01 17:35:09.474,0.248222,0.286675,0.341668,0,24
1900-01-01 17:35:10.474,0.24724,0.284727,0.341456,0,24
1900-01-01 17:35:11.474,0.247687,0.285472,0.342026,0,24
1900-01-01 17:35:12.474,0.248726,0.286255,0.341695,0,24
1900-01-01 17:35:13.474,0.248542,0.286071,0.341668,0,24
1900-01-01 17:35:14.474,0.248469,0.285961,0.341355,0,24
1900-01-01 17:35:15.474,0.248206,0.28637,0.341567,0,24
1900-01-01 17:35:16.474,0.248175,0.286276,0.341502,0,24
1900-01-01 17:35:17.474,0.24723,0.284364,0.341594,0,24
1900-01-01 17:35:18.474,0.248595,0.286528,0.341383,0,24
1900-01-01 17:35:19.474,0.248679,0.286785,0.342081,0,24
1900-01-01 17:35:20.474,0.248931,0.28679,0.341511,0,24
1900-01-01 17:35:21.474,0.248364,0.285845,0.341548,0,24
1900-01-01 17:35:22.474,0.248947,0.286827,0.34153,0,24
1900-01-01 17:35:23.474,0.247907,0.285441,0.341392,0,24
1900-01-01 17:35:24.474,0.249241,0.287357,0.341475,0,24
1900-01-01 17:35:25.474,0.247393,0.28585,0.341355,0,24
1900-01-01 17:35:26.474,0.248269,0.285793,0.341511,0,24
1900-01-01 17:35:27.474,0.2488,0.286969,0.341649,0,24
1900-01-01 17:35:28.474,0.248779,0.286843,0.341658,0,24
1900-01-01 17:35:29.474,0.248821,0.286486,0.341576,0,24
1900-01-01 17:35:30.474,0.248128,0.286486,0.341732,0,24
1900-01-01 17:35:31.474,0.248206,0.285882,0.341796,0,24
1900-01-01 17:35:32.474,0.248605,0.28637,0.341741,0,24
1900-01-01 17:35:33.474,0.249146,0.287095,0.341612,0,24
1900-01-01 17:35:34.474,0.248516,0.286365,0.341695,0,24
1900-01-01 17:35:35.474,0.24838,0.286344,0.342044,0,24
1900-01-01 17:35:36.474,0.247807,0.284889,0.341539,0,24
1900-01-01 17:35:37.474,0.247881,0.285782,0.341539,0,24
1900-01-01 17:35:38.474,0.248894,0.287011,0.341962,0,24
1900-01-01 17:35:39.474,0.248611,0.28732,0.341548,0,24
1900-01-01 17:35:40.474,0.248721,0.286454,0.34164,0,24
1900-01-01 17:35:41.474,0.248327,0.285798,0.341594,0,24
1900-01-01 17:35:42.474,0.249944,0.288528,0.341916,0,24
1900-01-01 17:35:43.474,0.248863,0.286706,0.34209,0,24
1900-01-01 17:35:44.474,0.249178,0.286953,0.342384,0,24
1900-01-01 17:35:45.474,0.248448,0.286811,0.341879,0,24
1900-01-01 17:35:46.474,0.247519,0.285325,0.341769,0,24
1900-01-01 17:35:47.474,0.248831,0.287095,0.341502,0,24
1900-01-01 17:35:48.474,0.24838,0.285898,0.342274,0,24
1900-01-01 17:35:49.474,0.249057,0.286963,0.34209,0,24
1900-01-01 17:35:50.474,0.247561,0.28501,0.341787,0,24
1900-01-01 17:35:51.474,0.248821,0.285992,0.341658,0,24
1900-01-01 17:35:52.474,0.248138,0.286055,0.342017,0,24
1900-01-01 17:35:53.474,0.249992,0.287488,0.341741,0,24
1900-01-01 17:35:54.474,0.247734,0.284679,0.341916,0,24
1900-01-01 17:35:55.474,0.24797,0.285346,0.341962,0,24
1900-01-01 17:35:56.474,0.248842,0.287105,0.342008,0,24
1900-01-01 17:35:57.474,0.247529,0.284979,0.341732,0,24
1900-01-01 17:35:58.474,0.248542,0.28648,0.341851,0,24
1900-01-01 17:35:59.474,0.249298,0.287425,0.341456,0,24
1900-01-01 17:36:00.474,0.248448,0.286207,0.341952,0,24
1900-01-01 17:36:01.474,0.247498,0.285688,0.34175,0,24
1900-01-01 17:36:02.474,0.248159,0.285562,0.341612,0,24
1900-01-01 17:36:03.474,0.248212,0.285441,0.341842,0,24
1900-01-01 17:36:04.474,0.248521,0.286039,0.34187,0,24
1900-01-01 17:36:05.474,0.247555,0.285667,0.341438,0,24
1900-01-01 17:36:06.474,0.248296,0.286538,0.341346,0,24
1900-01-01 17:36:07.474,0.248495,0.286039,0.341741,0,24
1900-01-01 17:36:08.474,0.248416,0.286386,0.34164,0,24
1900-01-01 17:36:09.474,0.24807,0.284826,0.341539,0,24
1900-01-01 17:36:10.474,0.247629,0.285372,0.341594,0,24
1900-01-01 17:36:11.474,0.248269,0.285309,0.341254,0,24
1900-01-01 17:36:12.474,0.2486,0.286764,0.341466,0,24
1900-01-01 17:36:13.474,0.248243,0.285745,0.341631,0,24
1900-01-01 17:36:14.474,0.248359,0.286024,0.341438,0,24
1900-01-01 17:36:15.474,0.249934,0.288418,0.341594,0,24
1900-01-01 17:36:16.474,0.249025,0.286517,0.341815,0,24
1900-01-01 17:36:17.474,0.248348,0.285583,0.341447,0,24
1900-01-01 17:36:18.474,0.248668,0.286538,0.341383,0,24
1900-01-01 17:36:19.474,0.248196,0.286144,0.341879,0,24
1900-01-01 17:36:20.474,0.248941,0.287415,0.34187,0,24
1900-01-01 17:36:21.474,0.249892,0.288255,0.342035,0,24
1900-01-01 17:36:22.474,0.246694,0.28491,0.341594,0,24
1900-01-01 17:36:23.474,0.248044,0.286454,0.342044,0,24
1900-01-01 17:36:24.474,0.248847,0.286591,0.341741,0,24
1900-01-01 17:36:25.474,0.248915,0.286822,0.341686,0,24
1900-01-01 17:36:26.474,0.249078,0.286234,0.341888,0,24
1900-01-01 17:36:27.474,0.249293,0.287599,0.341897,0,24
1900-01-01 17:36:28.474,0.248731,0.286507,0.341447,0,24
1900-01-01 17:36:29.474,0.249241,0.28657,0.341805,0,24
1900-01-01 17:36:30.474,0.247834,0.285367,0.34153,0,24
1900-01-01 17:36:31.474,0.247986,0.285336,0.341548,0,24
1900-01-01 17:36:32.474,0.250118,0.287152,0.341668,0,24
1900-01-01 17:36:33.474,0.248742,0.286391,0.341658,0,24
1900-01-01 17:36:34.474,0.248049,0.285861,0.341548,0,24
1900-01-01 17:36:35.474,0.247666,0.285267,0.341704,0,24
1900-01-01 17:36:36.474,0.248584,0.286795,0.341759,0,24
1900-01-01 17:36:37.474,0.248369,0.28595,0.341759,0,24
1900-01-01 17:36:38.474,0.248395,0.286008,0.341796,0,24
1900-01-01 17:36:39.474,0.248821,0.285709,0.341815,0,24
1900-01-01 17:36:40.474,0.249545,0.286879,0.342109,0,24
1900-01-01 17:36:41.474,0.248159,0.285614,0.341842,0,24
1900-01-01 17:36:42.474,0.248133,0.284627,0.342017,0,24
1900-01-01 17:36:43.474,0.2485,0.285913,0.341805,0,24
1900-01-01 17:36:44.474,0.2487,0.285288,0.341484,0,24
1900-01-01 17:36:45.474,0.247697,0.285005,0.341475,0,24
1900-01-01 17:36:46.474,0.248868,0.28732,0.341971,0,24
1900-01-01 17:36:47.474,0.248569,0.285525,0.341309,0,24
1900-01-01 17:36:48.474,0.24913,0.286034,0.341658,0,24
1900-01-01 17:36:49.474,0.248742,0.286816,0.341585,0,24
1900-01-01 17:36:50.474,0.249083,0.286071,0.341612,0,24
1900-01-01 17:36:51.474,0.249845,0.286701,0.341548,0,24
1900-01-01 17:36:52.474,0.2488,0.286759,0.341952,0,24
1900-01-01 17:36:53.474,0.24808,0.285388,0.34198,0,24
1900-01-01 17:36:54.474,0.249603,0.287079,0.34198,0,24
1900-01-01 17:36:55.474,0.248653,0.285667,0.341769,0,24
1900-01-01 17:36:56.474,0.247865,0.285099,0.341805,0,24
1900-01-01 17:36:57.474,0.24829,0.285919,0.341649,0,24
1900-01-01 17:36:58.474,0.248721,0.285393,0.341714,0,24
1900-01-01 17:36:59.474,0.24964,0.287105,0.342145,0,24
1900-01-01 17:37:00.474,0.24923,0.286785,0.341833,0,24
1900-01-01 17:37:01.474,0.24922,0.286942,0.341576,0,24
1900-01-01 17:37:02.474,0.24745,0.284994,0.341906,0,24
1900-01-01 17:37:03.474,0.247561,0.285015,0.341842,0,24
1900-01-01 17:37:04.474,0.247928,0.286034,0.341704,0,24
1900-01-01 17:37:05.474,0.249214,0.287704,0.341649,0,24
1900-01-01 17:37:06.474,0.249466,0.286785,0.341842,0,24
1900-01-01 17:37:07.474,0.248705,0.286491,0.341612,0,24
1900-01-01 17:37:08.474,0.247744,0.285194,0.341824,0,24
1900-01-01 17:37:09.474,0.247897,0.285283,0.341824,0,24
1900-01-01 17:37:10.474,0.248537,0.28584,0.34164,0,24
1900-01-01 17:37:11.474,0.248369,0.285871,0.341723,0,24
1900-01-01 17:37:12.474,0.248794,0.286963,0.341714,0,24
1900-01-01 17:37:13.474,0.247676,0.285304,0.34164,0,24
1900-01-01 17:37:14.474,0.248285,0.285346,0.341998,0,24
1900-01-01 17:37:15.474,0.248658,0.286433,0.341833,0,24
1900-01-01 17:37:16.474,0.248301,0.286486,0.341484,0,24
1900-01-01 17:37:17.474,0.248374,0.285604,0.341668,0,24
1900-01-01 17:37:18.474,0.24807,0.286312,0.34164,0,24
1900-01-01 17:37:19.474,0.248023,0.286186,0.341943,0,24
1900-01-01 17:37:20.474,0.248248,0.286108,0.341429,0,24
1900-01-01 17:37:21.474,0.248086,0.285409,0.341392,0,24
1900-01-01 17:37:22.474,0.248983,0.286785,0.341686,0,24
1900-01-01 17:37:23.474,0.24765,0.285299,0.341236,0,24
1900-01-01 17:37:24.474,0.249041,0.286633,0.342008,0,24
1900-01-01 17:37:25.474,0.248401,0.28605,0.34142,0,24
1900-01-01 17:37:26.474,0.248264,0.28615,0.341392,0,24
1900-01-01 17:37:27.474,0.248994,0.286444,0.341658,0,24
1900-01-01 17:37:28.474,0.248794,0.286711,0.34141,0,24
1900-01-01 17:37:29.474,0.249293,0.287268,0.341888,0,24
1900-01-01 17:37:30.474,0.248521,0.285955,0.341723,0,24
1900-01-01 17:37:31.474,0.248532,0.286396,0.341778,0,24
1900-01-01 17:37:32.474,0.248962,0.287462,0.342072,0,24
1900-01-01 17:37:33.474,0.248296,0.287152,0.341778,0,24
1900-01-01 17:37:34.474,0.248196,0.286223,0.341521,0,24
1900-01-01 17:37:35.474,0.247015,0.284595,0.341631,0,24
1900-01-01 17:37:36.474,0.247797,0.285315,0.341429,0,24
1900-01-01 17:37:37.474,0.248348,0.286391,0.34187,0,24
1900-01-01 17:37:38.474,0.248227,0.285467,0.341861,0,24
1900-01-01 17:37:39.474,0.248731,0.28657,0.341429,0,24
1900-01-01 17:37:40.474,0.248495,0.285882,0.341778,0,24
1900-01-01 17:37:41.474,0.248716,0.286853,0.341548,0,24
1900-01-01 17:37:42.474,0.248269,0.286349,0.341704,0,24
1900-01-01 17:37:43.474,0.2486,0.286622,0.341833,0,24
1900-01-01 17:37:44.474,0.248784,0.28636,0.341466,0,24
1900-01-01 17:37:45.474,0.248359,0.285583,0.341603,0,24
1900-01-01 17:37:46.474,0.248448,0.286496,0.341943,0,24
1900-01-01 17:37:47.474,0.249309,0.286885,0.341603,0,24
1900-01-01 17:37:48.474,0.247471,0.285136,0.341704,0,24
1900-01-01 17:37:49.474,0.248994,0.286307,0.341787,0,24
1900-01-01 17:37:50.474,0.249346,0.286795,0.342164,0,24
1900-01-01 17:37:51.474,0.248668,0.287425,0.342081,0,24
1900-01-01 17:37:52.474,0.248679,0.286858,0.342109,0,24
1900-01-01 17:37:53.474,0.248217,0.286339,0.34209,0,24
1900-01-01 17:37:54.474,0.247923,0.285798,0.341511,0,24
1900-01-01 17:37:55.474,0.248049,0.286129,0.34187,0,24
1900-01-01 17:37:56.474,0.248338,0.285982,0.341658,0,24
1900-01-01 17:37:57.474,0.248905,0.287604,0.341658,0,24
1900-01-01 17:37:58.474,0.248149,0.286286,0.342127,0,24
1900-01-01 17:37:59.474,0.248206,0.28552,0.341668,0,24
1900-01-01 17:38:00.474,0.248374,0.286486,0.34175,0,24
1900-01-01 17:38:01.474,0.248395,0.285845,0.341392,0,24
1900-01-01 17:38:02.474,0.248789,0.286244,0.341833,0,24
1900-01-01 17:38:03.474,0.248579,0.286444,0.341612,0,24
1900-01-01 17:38:04.474,0.248485,0.286575,0.341962,0,24
1900-01-01 17:38:05.474,0.247781,0.285635,0.341934,0,24
1900-01-01 17:38:06.474,0.248096,0.285908,0.341677,0,24
1900-01-01 17:38:07.474,0.248852,0.286638,0.341769,0,24
1900-01-01 17:38:08.474,0.24913,0.286192,0.341328,0,24
1900-01-01 17:38:09.474,0.249556,0.287625,0.341668,0,24
1900-01-01 17:38:10.474,0.248574,0.285667,0.341897,0,24
1900-01-01 17:38:11.474,0.248332,0.286669,0.341879,0,24
1900-01-01 17:38:12.474,0.249734,0.28699,0.342063,0,24
1900-01-01 17:38:13.474,0.249241,0.286648,0.341631,0,24
1900-01-01 17:38:14.474,0.248296,0.286312,0.341952,0,24
1900-01-01 17:38:15.474,0.248889,0.285913,0.342127,0,24
1900-01-01 17:38:16.474,0.248957,0.287011,0.342145,0,24
1900-01-01 17:38:17.474,0.247844,0.28574,0.342063,0,24
1900-01-01 17:38:18.474,0.24849,0.285976,0.341962,0,24
1900-01-01 17:38:19.474,0.248128,0.285982,0.341879,0,24
1900-01-01 17:38:20.474,0.247172,0.284496,0.341585,0,24
1900-01-01 17:38:21.474,0.248989,0.286916,0.341888,0,24
1900-01-01 17:38:22.474,0.250039,0.28826,0.34221,0,24
1900-01-01 17:38:23.474,0.247965,0.286391,0.342109,0,24
1900-01-01 17:38:24.474,0.248852,0.286559,0.342256,0,24
1900-01-01 17:38:25.474,0.249545,0.286459,0.341906,0,24
1900-01-01 17:38:26.474,0.248327,0.28573,0.342053,0,24
1900-01-01 17:38:27.474,0.248826,0.286512,0.341861,0,24
1900-01-01 17:38:28.474,0.248269,0.285856,0.342017,0,24
1900-01-01 17:38:29.474,0.24796,0.28564,0.341952,0,24
1900-01-01 17:38:30.474,0.249319,0.28752,0.342053,0,24
1900-01-01 17:38:31.474,0.249503,0.287347,0.341888,0,24
1900-01-01 17:38:32.474,0.247624,0.284863,0.342228,0,24
1900-01-01 17:38:33.474,0.248731,0.285987,0.34209,0,24
1900-01-01 17:38:34.474,0.24817,0.285577,0.34209,0,24
1900-01-01 17:38:35.474,0.248059,0.285556,0.342237,0,24
1900-01-01 17:38:36.474,0.248259,0.286092,0.341658,0,24
1900-01-01 17:38:37.474,0.24839,0.285399,0.341989,0,24
1900-01-01 17:38:38.474,0.248191,0.284868,0.341861,0,24
1900-01-01 17:38:39.474,0.248973,0.28636,0.341438,0,24
1900-01-01 17:38:40.474,0.248831,0.287089,0.342182,0,24
1900-01-01 17:38:41.474,0.247582,0.284958,0.341557,0,24
1900-01-01 17:38:42.474,0.247382,0.285236,0.342145,0,24
1900-01-01 17:38:43.474,0.249094,0.286554,0.341962,0,24
1900-01-01 17:38:44.474,0.248784,0.28636,0.341594,0,24
1900-01-01 17:38:45.474,0.249162,0.287037,0.341778,0,24
1900-01-01 17:38:46.474,0.250081,0.287845,0.341906,0,24
1900-01-01 17:38:47.474,0.249619,0.287567,0.34221,0,24
1900-01-01 17:38:48.474,0.247755,0.285457,0.341567,0,24
1900-01-01 17:38:49.474,0.248842,0.286323,0.34243,0,24
1900-01-01 17:38:50.474,0.248915,0.28648,0.341952,0,24
1900-01-01 17:38:51.474,0.247986,0.286003,0.341787,0,24
1900-01-01 17:38:52.474,0.248647,0.286554,0.34243,0,24
1900-01-01 17:38:53.474,0.248621,0.286039,0.342053,0,24
1900-01-01 17:38:54.474,0.247629,0.28553,0.342449,0,24
1900-01-01 17:38:55.474,0.248957,0.286207,0.341952,0,24
1900-01-01 17:38:56.474,0.248259,0.285735,0.342246,0,24
1900-01-01 17:38:57.474,0.248737,0.286081,0.341934,0,24
1900-01-01 17:38:58.474,0.248521,0.285819,0.341925,0,24
1900-01-01 17:38:59.474,0.247498,0.284863,0.34153,0,24
1900-01-01 17:39:00.474,0.249262,0.286533,0.342072,0,24
1900-01-01 17:39:01.474,0.247597,0.285021,0.34209,0,24
1900-01-01 17:39:02.474,0.248616,0.286129,0.342127,0,24
1900-01-01 17:39:03.474,0.248947,0.285693,0.341925,0,24
1900-01-01 17:39:04.474,0.24829,0.285015,0.341934,0,24
1900-01-01 17:39:05.474,0.248794,0.286381,0.342164,0,24
1900-01-01 17:39:06.474,0.247776,0.286013,0.341943,0,24
1900-01-01 17:39:07.474,0.247634,0.285856,0.341521,0,24
1900-01-01 17:39:08.474,0.249419,0.287756,0.341998,0,24
1900-01-01 17:39:09.474,0.24892,0.287578,0.341796,0,24
1900-01-01 17:39:10.474,0.248086,0.286281,0.341925,0,24
1900-01-01 17:39:11.474,0.248674,0.285997,0.341842,0,24
1900-01-01 17:39:12.474,0.248437,0.286144,0.341714,0,24
1900-01-01 17:39:13.474,0.248584,0.285803,0.341677,0,24
1900-01-01 17:39:14.474,0.248432,0.286265,0.341686,0,24
1900-01-01 17:39:15.474,0.249445,0.286669,0.342412,0,24
1900-01-01 17:39:16.474,0.248637,0.286769,0.342072,0,24
1900-01-01 17:39:17.474,0.249088,0.28732,0.341603,0,24
1900-01-01 17:39:18.474,0.248747,0.286606,0.341741,0,24
1900-01-01 17:39:19.474,0.24902,0.286223,0.341695,0,24
1900-01-01 17:39:20.474,0.249083,0.286759,0.342338,0,24
1900-01-01 17:39:21.474,0.248884,0.285672,0.341934,0,24
1900-01-01 17:39:22.474,0.2487,0.287336,0.342053,0,24
1900-01-01 17:39:23.474,0.249346,0.287378,0.342274,0,24
1900-01-01 17:39:24.474,0.248401,0.286774,0.342044,0,24
1900-01-01 17:39:25.474,0.2487,0.28689,0.342035,0,24
1900-01-01 17:39:26.474,0.24797,0.285625,0.342109,0,24
1900-01-01 17:39:27.474,0.248479,0.285535,0.341952,0,24
1900-01-01 17:39:28.474,0.248894,0.286575,0.342421,0,24
1900-01-01 17:39:29.474,0.248317,0.286144,0.341888,0,24
1900-01-01 17:39:30.474,0.249293,0.286291,0.342302,0,24
1900-01-01 17:39:31.474,0.248653,0.287089,0.342145,0,24
1900-01-01 17:39:32.474,0.248647,0.286113,0.341741,0,24
1900-01-01 17:39:33.474,0.247487,0.285199,0.341971,0,24
1900-01-01 17:39:34.474,0.250081,0.288197,0.342053,0,24
1900-01-01 17:39:35.474,0.248327,0.28605,0.341668,0,24
1900-01-01 17:39:36.474,0.249146,0.287557,0.341511,0,24
1900-01-01 17:39:37.474,0.247891,0.28616,0.342099,0,24
1900-01-01 17:39:38.474,0.249792,0.28742,0.342017,0,24
1900-01-01 17:39:39.474,0.249813,0.288234,0.341787,0,24
1900-01-01 17:39:40.474,0.249734,0.287352,0.342145,0,24
1900-01-01 17:39:41.474,0.248742,0.286549,0.342357,0,24
1900-01-01 17:39:42.474,0.248884,0.285976,0.341861,0,24
1900-01-01 17:39:43.474,0.248427,0.285246,0.342109,0,24
1900-01-01 17:39:44.474,0.249262,0.286664,0.342081,0,24
1900-01-01 17:39:45.474,0.249109,0.287404,0.342265,0,24
1900-01-01 17:39:46.474,0.249503,0.287058,0.342494,0,24
1900-01-01 17:39:47.474,0.248689,0.286281,0.34221,0,24
1900-01-01 17:39:48.474,0.248852,0.286223,0.342228,0,24
1900-01-01 17:39:49.474,0.24943,0.287788,0.342302,0,24
1900-01-01 17:39:50.474,0.249057,0.287677,0.342522,0,24
1900-01-01 17:39:51.474,0.248128,0.285882,0.342283,0,24
1900-01-01 17:39:52.474,0.247293,0.286123,0.342109,0,24
1900-01-01 17:39:53.474,0.249214,0.286774,0.342577,0,24
1900-01-01 17:39:54.474,0.24839,0.285887,0.341962,0,24
1900-01-01 17:39:55.474,0.248075,0.285635,0.341815,0,24
1900-01-01 17:39:56.474,0.248521,0.286354,0.341989,0,24
1900-01-01 17:39:57.474,0.248637,0.286396,0.342265,0,24
1900-01-01 17:39:58.474,0.247897,0.285913,0.34232,0,24
1900-01-01 17:39:59.474,0.247267,0.284963,0.342393,0,24
1900-01-01 17:40:00.474,0.249146,0.28648,0.341649,0,24
1900-01-01 17:40:01.474,0.248395,0.285288,0.341916,0,24
1900-01-01 17:40:02.474,0.248049,0.285966,0.341741,0,24
1900-01-01 17:40:03.474,0.247513,0.285183,0.342026,0,24
1900-01-01 17:40:04.474,0.248511,0.285404,0.341796,0,24
1900-01-01 17:40:05.474,0.248553,0.286643,0.342008,0,24
1900-01-01 17:40:06.474,0.249487,0.287126,0.342017,0,24
1900-01-01 17:40:07.474,0.24818,0.285966,0.341778,0,24
1900-01-01 17:40:08.474,0.24828,0.285525,0.341851,0,24
1900-01-01 17:40:09.474,0.248296,0.285866,0.341649,0,24
1900-01-01 17:40:10.474,0.248658,0.286402,0.341952,0,24
1900-01-01 17:40:11.474,0.248469,0.285856,0.342017,0,24
1900-01-01 17:40:12.474,0.249445,0.287399,0.342246,0,24
1900-01-01 17:40:13.474,0.248826,0.286307,0.341594,0,24
1900-01-01 17:40:14.474,0.248899,0.286606,0.341879,0,24
1900-01-01 17:40:15.474,0.249487,0.286858,0.341567,0,24
1900-01-01 17:40:16.474,0.248395,0.285808,0.341337,0,24
1900-01-01 17:40:17.474,0.247225,0.284391,0.34142,0,24
1900-01-01 17:40:18.474,0.247419,0.285225,0.341631,0,24
1900-01-01 17:40:19.474,0.249025,0.286743,0.341557,0,24
1900-01-01 17:40:20.474,0.248768,0.286386,0.341897,0,24
1900-01-01 17:40:21.474,0.248206,0.285945,0.34141,0,24
1900-01-01 17:40:22.474,0.24849,0.286659,0.341952,0,24
1900-01-01 17:40:23.474,0.247561,0.285567,0.341686,0,24
1900-01-01 17:40:24.474,0.248584,0.286066,0.341952,0,24
1900-01-01 17:40:25.474,0.248889,0.286438,0.341585,0,24
1900-01-01 17:40:26.474,0.247618,0.28605,0.342053,0,24
1900-01-01 17:40:27.474,0.248332,0.286239,0.342338,0,24
1900-01-01 17:40:28.474,0.249214,0.287525,0.34141,0,24
1900-01-01 17:40:29.474,0.249466,0.286927,0.341567,0,24
1900-01-01 17:40:30.474,0.249204,0.287735,0.342099,0,24
1900-01-01 17:40:31.474,0.250748,0.289295,0.342044,0,24
1900-01-01 17:40:32.474,0.249382,0.287152,0.341787,0,24
1900-01-01 17:40:33.474,0.248233,0.28584,0.342026,0,24
1900-01-01 17:40:34.474,0.247865,0.28595,0.342494,0,24
1900-01-01 17:40:35.474,0.249031,0.287215,0.342632,0,24
1900-01-01 17:40:36.474,0.247345,0.285372,0.342302,0,24
1900-01-01 17:40:37.474,0.249204,0.28594,0.341677,0,24
1900-01-01 17:40:38.474,0.247939,0.285152,0.341732,0,24
1900-01-01 17:40:39.474,0.247834,0.285661,0.34187,0,24
1900-01-01 17:40:40.474,0.249004,0.28669,0.342182,0,24
1900-01-01 17:40:41.474,0.248201,0.285404,0.341879,0,24
1900-01-01 17:40:42.474,0.247645,0.285887,0.34221,0,24
1900-01-01 17:40:43.474,0.248584,0.286659,0.341787,0,24
1900-01-01 17:40:44.474,0.248941,0.286386,0.341723,0,24
1900-01-01 17:40:45.474,0.248464,0.28657,0.342118,0,24
1900-01-01 17:40:46.474,0.249141,0.287063,0.341567,0,24
1900-01-01 17:40:47.474,0.248831,0.285934,0.342017,0,24
1900-01-01 17:40:48.474,0.248558,0.286685,0.34209,0,24
1900-01-01 17:40:49.474,0.248243,0.286885,0.341952,0,24
1900-01-01 17:40:50.474,0.248558,0.286969,0.341888,0,24
1900-01-01 17:40:51.474,0.249288,0.287567,0.342182,0,24
1900-01-01 17:40:52.474,0.247834,0.284994,0.341971,0,24
1900-01-01 17:40:53.474,0.247807,0.284517,0.341962,0,24
1900-01-01 17:40:54.474,0.24744,0.28449,0.341622,0,24
1900-01-01 17:40:55.474,0.247582,0.285787,0.341539,0,24
1900-01-01 17:40:56.474,0.247876,0.284716,0.34142,0,24
1900-01-01 17:40:57.474,0.248012,0.285189,0.341557,0,24
1900-01-01 17:40:58.474,0.249298,0.286937,0.341962,0,24
1900-01-01 17:40:59.474,0.249073,0.287357,0.342017,0,24
1900-01-01 17:41:00.474,0.248763,0.286816,0.342182,0,24
1900-01-01 17:41:01.474,0.248747,0.287173,0.34209,0,24
1900-01-01 17:41:02.474,0.248852,0.287305,0.341833,0,24
1900-01-01 17:41:03.474,0.249104,0.287152,0.341759,0,24
1900-01-01 17:41:04.474,0.249787,0.287425,0.34164,0,24
1900-01-01 17:41:05.474,0.248563,0.286759,0.342063,0,24
1900-01-01 17:41:06.474,0.247734,0.285288,0.341833,0,24
1900-01-01 17:41:07.474,0.248957,0.286764,0.341971,0,24
1900-01-01 17:41:08.474,0.248212,0.285351,0.341842,0,24
1900-01-01 17:41:09.474,0.249451,0.287221,0.342145,0,24
1900-01-01 17:41:10.474,0.248826,0.287074,0.341741,0,24
1900-01-01 17:41:11.474,0.248495,0.286034,0.341962,0,24
1900-01-01 17:41:12.474,0.248983,0.286228,0.342008,0,24
1900-01-01 17:41:13.474,0.249283,0.287431,0.341943,0,24
1900-01-01 17:41:14.474,0.2488,0.286927,0.342008,0,24
1900-01-01 17:41:15.474,0.248458,0.286879,0.341943,0,24
1900-01-01 17:41:16.474,0.249025,0.287168,0.341714,0,24
1900-01-01 17:41:17.474,0.248164,0.28658,0.34187,0,24
1900-01-01 17:41:18.474,0.248563,0.285231,0.34175,0,24
1900-01-01 17:41:19.474,0.24796,0.286228,0.342191,0,24
1900-01-01 17:41:20.474,0.248658,0.285724,0.341796,0,24
1900-01-01 17:41:21.474,0.247414,0.285583,0.341759,0,24
1900-01-01 17:41:22.474,0.248637,0.285856,0.34187,0,24
1900-01-01 17:41:23.474,0.247897,0.286559,0.341971,0,24
1900-01-01 17:41:24.474,0.248616,0.286486,0.341971,0,24
1900-01-01 17:41:25.474,0.247744,0.28552,0.3422,0,24
1900-01-01 17:41:26.474,0.248143,0.285861,0.342182,0,24
1900-01-01 17:41:27.474,0.249524,0.28783,0.341796,0,24
1900-01-01 17:41:28.474,0.248233,0.285724,0.341714,0,24
1900-01-01 17:41:29.474,0.248322,0.286008,0.341603,0,24
1900-01-01 17:41:30.474,0.24818,0.286312,0.341567,0,24
1900-01-01 17:41:31.474,0.24839,0.285777,0.341925,0,24
1900-01-01 17:41:32.474,0.247965,0.285094,0.342191,0,24
1900-01-01 17:41:33.474,0.248343,0.285903,0.34198,0,24
1900-01-01 17:41:34.474,0.249172,0.28595,0.341686,0,24
1900-01-01 17:41:35.474,0.250259,0.288465,0.341328,0,24
1900-01-01 17:41:36.474,0.247356,0.28563,0.341989,0,24
1900-01-01 17:41:37.474,0.248805,0.286522,0.34187,0,24
1900-01-01 17:41:38.474,0.248164,0.284958,0.341815,0,24
1900-01-01 17:41:39.474,0.247597,0.285315,0.34175,0,24
1900-01-01 17:41:40.474,0.248406,0.286386,0.342017,0,24
1900-01-01 17:41:41.474,0.24859,0.285577,0.341934,0,24
1900-01-01 17:41:42.474,0.248353,0.287147,0.341484,0,24
1900-01-01 17:41:43.474,0.248427,0.286554,0.341824,0,24
1900-01-01 17:41:44.474,0.249382,0.287378,0.341888,0,24
1900-01-01 17:41:45.474,0.248668,0.286811,0.341815,0,24
1900-01-01 17:41:46.474,0.248611,0.287294,0.342099,0,24
1900-01-01 17:41:47.474,0.248206,0.28627,0.341769,0,24
1900-01-01 17:41:48.474,0.24923,0.287814,0.342155,0,24
1900-01-01 17:41:49.474,0.247823,0.286496,0.341925,0,24
1900-01-01 17:41:50.474,0.248674,0.286239,0.341824,0,24
1900-01-01 17:41:51.474,0.248469,0.286953,0.342311,0,24
1900-01-01 17:41:52.474,0.247524,0.285393,0.34198,0,24
1900-01-01 17:41:53.474,0.248117,0.286738,0.341906,0,24
1900-01-01 17:41:54.474,0.248432,0.286008,0.342017,0,24
1900-01-01 17:41:55.474,0.248779,0.286722,0.341861,0,24
1900-01-01 17:41:56.474,0.249046,0.287184,0.34221,0,24
1900-01-01 17:41:57.474,0.248374,0.286228,0.341677,0,24
1900-01-01 17:41:58.474,0.248191,0.286213,0.341861,0,24
1900-01-01 17:41:59.474,0.248238,0.286123,0.341952,0,24
1900-01-01 17:42:00.474,0.249367,0.288197,0.342274,0,24
1900-01-01 17:42:01.474,0.248317,0.286339,0.342357,0,24
1900-01-01 17:42:02.474,0.249487,0.286643,0.341842,0,24
1900-01-01 17:42:03.474,0.248054,0.285903,0.34198,0,24
1900-01-01 17:42:04.474,0.248768,0.287452,0.341603,0,24
1900-01-01 17:42:05.474,0.248653,0.286228,0.341815,0,24
1900-01-01 17:42:06.474,0.247671,0.285798,0.341456,0,24
1900-01-01 17:42:07.474,0.248595,0.286181,0.341879,0,24
1900-01-01 17:42:08.474,0.248196,0.285877,0.341714,0,24
1900-01-01 17:42:09.474,0.248243,0.286102,0.342274,0,24
1900-01-01 17:42:10.474,0.248663,0.286402,0.342081,0,24
1900-01-01 17:42:11.474,0.248768,0.287147,0.342375,0,24
1900-01-01 17:42:12.474,0.248427,0.286223,0.341714,0,24
1900-01-01 17:42:13.474,0.24776,0.285341,0.341971,0,24
1900-01-01 17:42:14.474,0.248684,0.28648,0.341796,0,24
1900-01-01 17:42:15.474,0.247792,0.286396,0.341447,0,24
1900-01-01 17:42:16.474,0.24985,0.288013,0.341943,0,24
1900-01-01 17:42:17.474,0.249062,0.28689,0.34209,0,24
1900-01-01 17:42:18.474,0.247797,0.285472,0.342311,0,24
1900-01-01 17:42:19.474,0.248941,0.28731,0.341943,0,24
1900-01-01 17:42:20.474,0.247471,0.285835,0.341861,0,24
1900-01-01 17:42:21.474,0.248873,0.286874,0.341989,0,24
1900-01-01 17:42:22.474,0.248899,0.286774,0.342155,0,24
1900-01-01 17:42:23.474,0.248532,0.285735,0.342063,0,24
1900-01-01 17:42:24.474,0.247907,0.285798,0.341971,0,24
1900-01-01 17:42:25.474,0.247965,0.286255,0.341971,0,24
1900-01-01 17:42:26.474,0.249083,0.286417,0.342302,0,24
1900-01-01 17:42:27.474,0.249729,0.287431,0.34198,0,24
1900-01-01 17:42:28.474,0.248054,0.285924,0.342008,0,24
1900-01-01 17:42:29.474,0.248385,0.286969,0.342283,0,24
1900-01-01 17:42:30.474,0.248716,0.28615,0.341714,0,24
1900-01-01 17:42:31.474,0.248427,0.286218,0.342099,0,24
1900-01-01 17:42:32.474,0.249062,0.287856,0.34209,0,24
1900-01-01 17:42:33.474,0.248117,0.286554,0.34221,0,24
1900-01-01 17:42:34.474,0.248364,0.286234,0.341658,0,24
1900-01-01 17:42:35.474,0.247881,0.285619,0.342256,0,24
1900-01-01 17:42:36.474,0.248038,0.285441,0.341971,0,24
1900-01-01 17:42:37.474,0.248506,0.286365,0.341741,0,24
1900-01-01 17:42:38.474,0.248878,0.287189,0.341952,0,24
1900-01-01 17:42:39.474,0.248448,0.286895,0.342035,0,24
1900-01-01 17:42:40.474,0.248443,0.286029,0.341962,0,24
1900-01-01 17:42:41.474,0.248338,0.286375,0.341989,0,24
1900-01-01 17:42:42.474,0.248117,0.28574,0.341732,0,24
1900-01-01 17:42:43.474,0.248364,0.286228,0.341723,0,24
1900-01-01 17:42:44.474,0.248821,0.287326,0.341962,0,24
1900-01-01 17:42:45.474,0.248049,0.28564,0.341309,0,24
1900-01-01 17:42:46.474,0.248574,0.286743,0.341769,0,24
1900-01-01 17:42:47.474,0.248821,0.286312,0.342412,0,24
1900-01-01 17:42:48.474,0.248521,0.286501,0.342145,0,24
1900-01-01 17:42:49.474,0.248075,0.285819,0.341934,0,24
1900-01-01 17:42:50.474,0.248353,0.286155,0.342053,0,24
1900-01-01 17:42:51.474,0.247513,0.284968,0.34187,0,24
1900-01-01 17:42:52.474,0.248364,0.285955,0.341952,0,24
1900-01-01 17:42:53.474,0.24829,0.286176,0.341594,0,24
1900-01-01 17:42:54.474,0.248584,0.2871,0.341851,0,24
1900-01-01 17:42:55.474,0.248689,0.286948,0.342035,0,24
1900-01-01 17:42:56.474,0.248311,0.286391,0.341723,0,24
1900-01-01 17:42:57.474,0.248794,0.287095,0.341649,0,24
1900-01-01 17:42:58.474,0.248821,0.287247,0.341714,0,24
1900-01-01 17:42:59.474,0.248663,0.286512,0.341971,0,24
1900-01-01 17:43:00.474,0.249246,0.286465,0.341787,0,24
1900-01-01 17:43:01.474,0.248406,0.286087,0.342099,0,24
1900-01-01 17:43:02.474,0.249766,0.287284,0.342072,0,24
1900-01-01 17:43:03.474,0.247797,0.285304,0.341934,0,24
1900-01-01 17:43:04.474,0.247377,0.285667,0.34153,0,24
1900-01-01 17:43:05.474,0.248122,0.285551,0.341401,0,24
1900-01-01 17:43:06.474,0.24913,0.286927,0.341916,0,24
1900-01-01 17:43:07.474,0.248516,0.287247,0.342136,0,24
1900-01-01 17:43:08.474,0.248558,0.286307,0.341998,0,24
1900-01-01 17:43:09.474,0.247645,0.284984,0.342274,0,24
1900-01-01 17:43:10.474,0.248684,0.286549,0.341631,0,24
1900-01-01 17:43:11.474,0.247555,0.285042,0.341815,0,24
1900-01-01 17:43:12.474,0.248605,0.286948,0.341502,0,24
1900-01-01 17:43:13.474,0.248768,0.286517,0.341943,0,24
1900-01-01 17:43:14.474,0.247277,0.284464,0.342182,0,24
1900-01-01 17:43:15.474,0.248275,0.285777,0.341888,0,24
1900-01-01 17:43:16.474,0.248458,0.286449,0.342164,0,24
1900-01-01 17:43:17.474,0.247419,0.28595,0.341695,0,24
1900-01-01 17:43:18.474,0.249004,0.286942,0.341796,0,24
1900-01-01 17:43:19.474,0.249225,0.286706,0.342311,0,24
1900-01-01 17:43:20.474,0.247708,0.285504,0.341842,0,24
1900-01-01 17:43:21.474,0.248532,0.285667,0.342026,0,24
1900-01-01 17:43:22.474,0.249031,0.286811,0.341934,0,24
1900-01-01 17:43:23.474,0.247891,0.285798,0.341934,0,24
1900-01-01 17:43:24.474,0.248847,0.286202,0.34209,0,24
1900-01-01 17:43:25.474,0.247944,0.286018,0.342063,0,24
1900-01-01 17:43:26.474,0.249004,0.286575,0.341769,0,24
1900-01-01 17:43:27.474,0.247897,0.28606,0.341787,0,24
1900-01-01 17:43:28.474,0.248443,0.286748,0.341897,0,24
1900-01-01 17:43:29.474,0.247923,0.286134,0.341695,0,24
1900-01-01 17:43:30.474,0.248931,0.286659,0.341998,0,24
1900-01-01 17:43:31.474,0.248212,0.285173,0.341778,0,24
1900-01-01 17:43:32.474,0.247219,0.285131,0.341658,0,24
1900-01-01 17:43:33.474,0.249146,0.286858,0.341851,0,24
1900-01-01 17:43:34.474,0.248542,0.286412,0.34187,0,24
1900-01-01 17:43:35.474,0.248658,0.286465,0.341567,0,24
1900-01-01 17:43:36.474,0.248773,0.286643,0.341622,0,24
1900-01-01 17:43:37.474,0.247141,0.284947,0.341732,0,24
1900-01-01 17:43:38.474,0.248364,0.286281,0.341668,0,24
1900-01-01 17:43:39.474,0.248185,0.286402,0.341723,0,24
1900-01-01 17:43:40.474,0.249697,0.288071,0.342053,0,24
1900-01-01 17:43:41.474,0.247324,0.285651,0.341612,0,24
1900-01-01 17:43:42.474,0.247093,0.284118,0.341824,0,24
1900-01-01 17:43:43.474,0.246516,0.284422,0.341383,0,24
1900-01-01 17:43:44.474,0.247324,0.286176,0.341824,0,24
1900-01-01 17:43:45.474,0.247508,0.285735,0.341502,0,24
1900-01-01 17:43:46.474,0.248479,0.285835,0.341539,0,24
1900-01-01 17:43:47.474,0.248495,0.285735,0.341704,0,24
1900-01-01 17:43:48.474,0.248516,0.286281,0.34153,0,24
1900-01-01 17:43:49.474,0.248422,0.286008,0.341732,0,24
1900-01-01 17:43:50.474,0.248101,0.286192,0.341906,0,24
1900-01-01 17:43:51.474,0.249167,0.287488,0.341741,0,24
1900-01-01 17:43:52.474,0.248212,0.285625,0.342219,0,24
1900-01-01 17:43:53.474,0.249267,0.28699,0.342145,0,24
1900-01-01 17:43:54.474,0.2488,0.286428,0.342256,0,24
1900-01-01 17:43:55.474,0.248752,0.286664,0.341631,0,24
1900-01-01 17:43:56.474,0.248086,0.285924,0.342053,0,24
1900-01-01 17:43:57.474,0.248033,0.286039,0.341741,0,24
1900-01-01 17:43:58.474,0.248926,0.286512,0.341962,0,24
1900-01-01 17:43:59.474,0.248742,0.287105,0.341631,0,24
1900-01-01 17:44:00.474,0.248196,0.28511,0.341925,0,24
1900-01-01 17:44:01.474,0.249708,0.287599,0.342099,0,24
1900-01-01 17:44:02.474,0.248968,0.286696,0.342035,0,24
1900-01-01 17:44:03.474,0.248012,0.285992,0.341815,0,24
1900-01-01 17:44:04.474,0.248569,0.286517,0.341998,0,24
1900-01-01 17:44:05.474,0.24829,0.286643,0.341787,0,24
1900-01-01 17:44:06.474,0.248689,0.286375,0.342182,0,24
1900-01-01 17:44:07.474,0.247345,0.285383,0.341897,0,24
1900-01-01 17:44:08.474,0.247267,0.284884,0.341456,0,24
1900-01-01 17:44:09.474,0.249136,0.287236,0.341805,0,24
1900-01-01 17:44:10.474,0.248747,0.285945,0.341824,0,24
1900-01-01 17:44:11.474,0.24787,0.284711,0.342256,0,24
1900-01-01 17:44:12.474,0.247771,0.285273,0.34187,0,24
1900-01-01 17:44:13.474,0.24807,0.285856,0.341594,0,24
1900-01-01 17:44:14.474,0.247666,0.285714,0.341759,0,24
1900-01-01 17:44:15.474,0.248038,0.284742,0.341686,0,24
1900-01-01 17:44:16.474,0.248611,0.285441,0.341861,0,24
1900-01-01 17:44:17.474,0.248133,0.285719,0.341787,0,24
1900-01-01 17:44:18.474,0.248154,0.286123,0.341879,0,24
1900-01-01 17:44:19.474,0.248994,0.286785,0.341916,0,24
1900-01-01 17:44:20.474,0.248007,0.286307,0.341833,0,24
1900-01-01 17:44:21.474,0.248385,0.286512,0.342237,0,24
1900-01-01 17:44:22.474,0.247991,0.285294,0.341833,0,24
1900-01-01 17:44:23.474,0.249561,0.286958,0.342109,0,24
1900-01-01 17:44:24.474,0.248616,0.285866,0.341686,0,24
1900-01-01 17:44:25.474,0.247618,0.284522,0.341861,0,24
1900-01-01 17:44:26.474,0.247571,0.285493,0.341787,0,24
1900-01-01 17:44:27.474,0.247513,0.285257,0.342044,0,24
1900-01-01 17:44:28.474,0.248033,0.285378,0.342219,0,24
1900-01-01 17:44:29.474,0.247503,0.285346,0.34232,0,24
1900-01-01 17:44:30.474,0.247498,0.284721,0.341851,0,24
1900-01-01 17:44:31.474,0.248243,0.286081,0.342044,0,24
1900-01-01 17:44:32.474,0.248931,0.286617,0.341346,0,24
1900-01-01 17:44:33.474,0.247582,0.285336,0.341787,0,24
1900-01-01 17:44:34.474,0.248884,0.286811,0.341778,0,24
1900-01-01 17:44:35.474,0.248784,0.28658,0.34164,0,24
1900-01-01 17:44:36.474,0.248511,0.286034,0.341952,0,24
1900-01-01 17:44:37.474,0.246799,0.284811,0.341906,0,24
1900-01-01 17:44:38.474,0.24818,0.286176,0.341567,0,24
1900-01-01 17:44:39.474,0.248831,0.286701,0.341906,0,24
1900-01-01 17:44:40.474,0.247981,0.286039,0.342228,0,24
1900-01-01 17:44:41.474,0.247508,0.285367,0.341622,0,24
1900-01-01 17:44:42.474,0.247996,0.286024,0.341603,0,24
1900-01-01 17:44:43.474,0.248595,0.286302,0.341612,0,24
1900-01-01 17:44:44.474,0.249041,0.286853,0.342145,0,24
1900-01-01 17:44:45.474,0.247855,0.286118,0.341952,0,24
1900-01-01 17:44:46.474,0.24807,0.285047,0.341925,0,24
1900-01-01 17:44:47.474,0.247503,0.285299,0.341548,0,24
1900-01-01 17:44:48.474,0.247146,0.284727,0.341906,0,24
1900-01-01 17:44:49.474,0.247272,0.284385,0.341778,0,24
1900-01-01 17:44:50.474,0.248107,0.285378,0.342008,0,24
1900-01-01 17:44:51.474,0.247823,0.285409,0.341879,0,24
1900-01-01 17:44:52.474,0.249073,0.286664,0.341815,0,24
1900-01-01 17:44:53.474,0.247256,0.284443,0.342053,0,24
1900-01-01 17:44:54.474,0.248931,0.286591,0.342008,0,24
1900-01-01 17:44:55.474,0.248222,0.285751,0.341888,0,24
1900-01-01 17:44:56.474,0.247235,0.285756,0.341456,0,24
1900-01-01 17:44:57.474,0.248537,0.286097,0.342274,0,24
1900-01-01 17:44:58.474,0.248007,0.28542,0.341511,0,24
1900-01-01 17:44:59.474,0.248458,0.286459,0.341612,0,24
1900-01-01 17:45:00.474,0.248978,0.286916,0.34198,0,24
1900-01-01 17:45:01.474,0.247561,0.285625,0.342191,0,24
1900-01-01 17:45:02.474,0.247697,0.285315,0.342044,0,24
1900-01-01 17:45:03.474,0.248815,0.286412,0.341769,0,24
1900-01-01 17:45:04.474,0.248532,0.285903,0.341658,0,24
1900-01-01 17:45:05.474,0.248254,0.286533,0.341962,0,24
1900-01-01 17:45:06.474,0.249592,0.287677,0.34209,0,24
1900-01-01 17:45:07.474,0.248416,0.286438,0.342063,0,24
1900-01-01 17:45:08.474,0.248275,0.286045,0.341998,0,24
1900-01-01 17:45:09.474,0.248574,0.285546,0.342026,0,24
1900-01-01 17:45:10.474,0.248301,0.286564,0.341998,0,24
1900-01-01 17:45:11.474,0.248353,0.286171,0.342292,0,24
1900-01-01 17:45:12.474,0.247624,0.285761,0.341897,0,24
1900-01-01 17:45:13.474,0.248238,0.286323,0.341714,0,24
1900-01-01 17:45:14.474,0.248201,0.286176,0.3422,0,24
1900-01-01 17:45:15.474,0.249172,0.286895,0.34209,0,24
1900-01-01 17:45:16.474,0.249335,0.286071,0.342219,0,24
1900-01-01 17:45:17.474,0.248595,0.285819,0.342145,0,24
1900-01-01 17:45:18.474,0.247918,0.285887,0.342026,0,24
1900-01-01 17:45:19.474,0.248133,0.286024,0.342191,0,24
1900-01-01 17:45:20.474,0.248128,0.285388,0.341925,0,24
1900-01-01 17:45:21.474,0.248485,0.286024,0.341658,0,24
1900-01-01 17:45:22.474,0.24943,0.287924,0.342164,0,24
1900-01-01 17:45:23.474,0.247592,0.286113,0.341447,0,24
1900-01-01 17:45:24.474,0.248159,0.286375,0.342081,0,24
1900-01-01 17:45:25.474,0.248621,0.286491,0.342026,0,24
1900-01-01 17:45:26.474,0.2486,0.286024,0.34198,0,24
1900-01-01 17:45:27.474,0.248238,0.286139,0.342504,0,24
1900-01-01 17:45:28.474,0.247981,0.286732,0.342072,0,24
1900-01-01 17:45:29.474,0.249172,0.287189,0.341943,0,24
1900-01-01 17:45:30.474,0.247414,0.285562,0.341879,0,24
1900-01-01 17:45:31.474,0.248259,0.285751,0.341962,0,24
1900-01-01 17:45:32.474,0.247891,0.285546,0.342338,0,24
1900-01-01 17:45:33.474,0.248348,0.285682,0.342586,0,24
1900-01-01 17:45:34.474,0.247818,0.285546,0.342017,0,24
1900-01-01 17:45:35.474,0.247555,0.285136,0.342292,0,24
1900-01-01 17:45:36.474,0.247933,0.286129,0.34209,0,24
1900-01-01 17:45:37.474,0.249272,0.28678,0.341989,0,24
1900-01-01 17:45:38.474,0.247576,0.285225,0.342237,0,24
1900-01-01 17:45:39.474,0.247435,0.284396,0.342246,0,24
1900-01-01 17:45:40.474,0.248017,0.285551,0.342109,0,24
1900-01-01 17:45:41.474,0.248285,0.286092,0.342302,0,24
1900-01-01 17:45:42.474,0.248416,0.285992,0.341989,0,24
1900-01-01 17:45:43.474,0.249761,0.287473,0.342219,0,24
1900-01-01 17:45:44.474,0.24943,0.286638,0.341952,0,24
1900-01-01 17:45:45.474,0.248427,0.285541,0.342164,0,24
1900-01-01 17:45:46.474,0.24849,0.285819,0.34232,0,24
1900-01-01 17:45:47.474,0.249624,0.287929,0.342017,0,24
1900-01-01 17:45:48.474,0.24817,0.286475,0.341962,0,24
1900-01-01 17:45:49.474,0.247876,0.285955,0.341824,0,24
1900-01-01 17:45:50.474,0.247414,0.285908,0.341943,0,24
1900-01-01 17:45:51.474,0.24985,0.287835,0.342283,0,24
1900-01-01 17:45:52.474,0.24755,0.285367,0.342412,0,24
1900-01-01 17:45:53.474,0.247886,0.286008,0.342081,0,24
1900-01-01 17:45:54.474,0.247949,0.285814,0.342311,0,24
1900-01-01 17:45:55.474,0.248107,0.285551,0.341815,0,24
1900-01-01 17:45:56.474,0.247865,0.285015,0.342219,0,24
1900-01-01 17:45:57.474,0.247765,0.285425,0.342237,0,24
1900-01-01 17:45:58.474,0.247666,0.28511,0.342118,0,24
1900-01-01 17:45:59.474,0.246994,0.284753,0.341998,0,24
1900-01-01 17:46:00.474,0.248238,0.286717,0.342219,0,24
1900-01-01 17:46:01.474,0.248275,0.285919,0.341989,0,24
1900-01-01 17:46:02.474,0.24818,0.286512,0.341906,0,24
1900-01-01 17:46:03.474,0.246647,0.284543,0.342035,0,24
1900-01-01 17:46:04.474,0.247634,0.285735,0.341952,0,24
1900-01-01 17:46:05.474,0.247198,0.284706,0.341925,0,24
1900-01-01 17:46:06.474,0.247765,0.285982,0.341824,0,24
1900-01-01 17:46:07.474,0.248395,0.285052,0.341943,0,24
1900-01-01 17:46:08.474,0.248248,0.285955,0.341879,0,24
1900-01-01 17:46:09.474,0.248017,0.286276,0.341805,0,24
1900-01-01 17:46:10.474,0.248479,0.286003,0.341815,0,24
1900-01-01 17:46:11.474,0.24775,0.285976,0.341833,0,24
1900-01-01 17:46:12.474,0.247671,0.286144,0.34141,0,24
1900-01-01 17:46:13.474,0.248143,0.285882,0.341934,0,24
1900-01-01 17:46:14.474,0.248427,0.28648,0.341805,0,24
1900-01-01 17:46:15.474,0.24871,0.286192,0.341934,0,24
1900-01-01 17:46:16.474,0.248385,0.285908,0.341925,0,24
1900-01-01 17:46:17.474,0.24828,0.286564,0.341989,0,24
1900-01-01 17:46:18.474,0.247923,0.28615,0.342164,0,24
1900-01-01 17:46:19.474,0.249209,0.287026,0.342274,0,24
1900-01-01 17:46:20.474,0.247125,0.285252,0.342237,0,24
1900-01-01 17:46:21.474,0.247965,0.285908,0.342283,0,24
1900-01-01 17:46:22.474,0.246983,0.28542,0.341861,0,24
1900-01-01 17:46:23.474,0.247251,0.285241,0.341723,0,24
1900-01-01 17:46:24.474,0.248737,0.287126,0.341796,0,24
1900-01-01 17:46:25.474,0.248779,0.286192,0.341796,0,24
1900-01-01 17:46:26.474,0.24786,0.285787,0.341677,0,24
1900-01-01 17:46:27.474,0.247261,0.285257,0.341833,0,24
1900-01-01 17:46:28.474,0.247471,0.284527,0.341282,0,24
1900-01-01 17:46:29.474,0.24829,0.286339,0.34187,0,24
1900-01-01 17:46:30.474,0.247288,0.284826,0.341888,0,24
1900-01-01 17:46:31.474,0.248857,0.286843,0.342044,0,24
1900-01-01 17:46:32.474,0.247267,0.285015,0.341833,0,24
1900-01-01 17:46:33.474,0.24745,0.285404,0.341925,0,24
1900-01-01 17:46:34.474,0.248684,0.287063,0.341833,0,24
1900-01-01 17:46:35.474,0.247135,0.285099,0.341594,0,24
1900-01-01 17:46:36.474,0.247907,0.285478,0.342053,0,24
1900-01-01 17:46:37.474,0.24817,0.286344,0.342302,0,24
1900-01-01 17:46:38.474,0.249193,0.286984,0.341851,0,24
1900-01-01 17:46:39.474,0.248206,0.286312,0.342081,0,24
1900-01-01 17:46:40.474,0.247624,0.285257,0.341842,0,24
1900-01-01 17:46:41.474,0.248789,0.285871,0.341815,0,24
1900-01-01 17:46:42.474,0.248684,0.286402,0.34187,0,24
1900-01-01 17:46:43.474,0.247634,0.285724,0.342072,0,24
1900-01-01 17:46:44.474,0.24765,0.285057,0.341833,0,24
1900-01-01 17:46:45.474,0.247151,0.285976,0.342375,0,24
1900-01-01 17:46:46.474,0.248238,0.286029,0.341879,0,24
1900-01-01 17:46:47.474,0.248296,0.285819,0.341851,0,24
1900-01-01 17:46:48.474,0.248374,0.286407,0.342053,0,24
1900-01-01 17:46:49.474,0.24754,0.285572,0.34198,0,24
1900-01-01 17:46:50.474,0.249004,0.286669,0.341677,0,24
1900-01-01 17:46:51.474,0.248269,0.285766,0.342017,0,24
1900-01-01 17:46:52.474,0.249246,0.287824,0.342347,0,24
1900-01-01 17:46:53.474,0.247986,0.286076,0.341934,0,24
1900-01-01 17:46:54.474,0.247928,0.286549,0.342044,0,24
1900-01-01 17:46:55.474,0.249172,0.28657,0.341567,0,24
1900-01-01 17:46:56.474,0.24754,0.286186,0.342173,0,24
1900-01-01 17:46:57.474,0.247918,0.285824,0.342228,0,24
1900-01-01 17:46:58.474,0.248201,0.286202,0.342182,0,24
1900-01-01 17:46:59.474,0.247309,0.284942,0.341971,0,24
1900-01-01 17:47:00.474,0.24744,0.284968,0.341925,0,24
1900-01-01 17:47:01.474,0.248338,0.285703,0.341704,0,24
1900-01-01 17:47:02.474,0.247576,0.285646,0.342081,0,24
1900-01-01 17:47:03.474,0.247702,0.286171,0.342026,0,24
1900-01-01 17:47:04.474,0.24786,0.286186,0.341989,0,24
1900-01-01 17:47:05.474,0.249172,0.286349,0.341962,0,24
1900-01-01 17:47:06.474,0.247461,0.28479,0.341805,0,24
1900-01-01 17:47:07.474,0.24796,0.285152,0.34187,0,24
1900-01-01 17:47:08.474,0.247057,0.284475,0.341686,0,24
1900-01-01 17:47:09.474,0.248941,0.286029,0.342246,0,24
1900-01-01 17:47:10.474,0.248416,0.286864,0.341842,0,24
1900-01-01 17:47:11.474,0.247571,0.285945,0.342155,0,24
1900-01-01 17:47:12.474,0.248264,0.284958,0.341805,0,24
1900-01-01 17:47:13.474,0.248259,0.285924,0.34232,0,24
1900-01-01 17:47:14.474,0.248128,0.285829,0.342274,0,24
1900-01-01 17:47:15.474,0.247104,0.285094,0.34209,0,24
1900-01-01 17:47:16.474,0.248101,0.286512,0.3422,0,24
1900-01-01 17:47:17.474,0.24996,0.28773,0.342439,0,24
1900-01-01 17:47:18.474,0.247456,0.285971,0.342302,0,24
1900-01-01 17:47:19.474,0.248044,0.285808,0.341668,0,24
1900-01-01 17:47:20.474,0.247939,0.285877,0.342035,0,24
1900-01-01 17:47:21.474,0.248469,0.286097,0.342109,0,24
1900-01-01 17:47:22.474,0.248159,0.286344,0.342329,0,24
1900-01-01 17:47:23.474,0.249251,0.287509,0.3422,0,24
1900-01-01 17:47:24.474,0.248306,0.286302,0.342302,0,24
1900-01-01 17:47:25.474,0.248873,0.28657,0.34221,0,24
1900-01-01 17:47:26.474,0.247282,0.28574,0.34187,0,24
1900-01-01 17:47:27.474,0.248254,0.285882,0.342246,0,24
1900-01-01 17:47:28.474,0.247482,0.285677,0.342265,0,24
1900-01-01 17:47:29.474,0.247933,0.285903,0.342008,0,24
1900-01-01 17:47:30.474,0.248695,0.285583,0.342338,0,24
1900-01-01 17:47:31.474,0.248726,0.285871,0.341879,0,24
1900-01-01 17:47:32.474,0.247498,0.285525,0.341603,0,24
1900-01-01 17:47:33.474,0.247865,0.285619,0.342228,0,24
1900-01-01 17:47:34.474,0.248107,0.285509,0.342136,0,24
1900-01-01 17:47:35.474,0.248243,0.285934,0.34187,0,24
1900-01-01 17:47:36.474,0.247702,0.286129,0.341622,0,24
1900-01-01 17:47:37.474,0.248007,0.285199,0.342329,0,24
1900-01-01 17:47:38.474,0.248348,0.286202,0.341769,0,24
1900-01-01 17:47:39.474,0.247744,0.286171,0.342008,0,24
1900-01-01 17:47:40.474,0.247991,0.285745,0.341631,0,24
1900-01-01 17:47:41.474,0.247965,0.285787,0.342035,0,24
1900-01-01 17:47:42.474,0.248059,0.285525,0.34198,0,24
1900-01-01 17:47:43.474,0.248012,0.286711,0.341585,0,24
1900-01-01 17:47:44.474,0.249031,0.286848,0.342182,0,24
1900-01-01 17:47:45.474,0.249094,0.286948,0.342155,0,24
1900-01-01 17:47:46.474,0.248411,0.285656,0.342375,0,24
1900-01-01 17:47:47.474,0.247198,0.284958,0.342008,0,24
1900-01-01 17:47:48.474,0.248805,0.286811,0.341989,0,24
1900-01-01 17:47:49.474,0.248411,0.286538,0.342127,0,24
1900-01-01 17:47:50.474,0.246668,0.28438,0.342109,0,24
1900-01-01 17:47:51.474,0.246637,0.283955,0.341989,0,24
1900-01-01 17:47:52.474,0.248159,0.285462,0.342228,0,24
1900-01-01 17:47:53.474,0.247566,0.285194,0.342375,0,24
1900-01-01 17:47:54.474,0.248059,0.28606,0.3422,0,24
1900-01-01 17:47:55.474,0.248411,0.286438,0.341723,0,24
1900-01-01 17:47:56.474,0.248306,0.286974,0.34221,0,24
1900-01-01 17:47:57.474,0.247676,0.285068,0.341704,0,24
1900-01-01 17:47:58.474,0.247744,0.285714,0.342109,0,24
1900-01-01 17:47:59.474,0.248332,0.286108,0.341916,0,24
1900-01-01 17:48:00.474,0.247786,0.285709,0.342246,0,24
1900-01-01 17:48:01.474,0.247855,0.285478,0.341971,0,24
1900-01-01 17:48:02.474,0.248101,0.285777,0.341456,0,24
1900-01-01 17:48:03.474,0.249613,0.286701,0.342063,0,24
1900-01-01 17:48:04.474,0.247377,0.285341,0.341824,0,24
1900-01-01 17:48:05.474,0.247351,0.285031,0.342053,0,24
1900-01-01 17:48:06.474,0.247681,0.285194,0.342081,0,24
1900-01-01 17:48:07.474,0.249193,0.286743,0.342311,0,24
1900-01-01 17:48:08.474,0.248159,0.285393,0.342265,0,24
1900-01-01 17:48:09.474,0.249529,0.287373,0.342118,0,24
1900-01-01 17:48:10.474,0.248763,0.28606,0.342191,0,24
1900-01-01 17:48:11.474,0.24775,0.28552,0.342118,0,24
1900-01-01 17:48:12.474,0.248217,0.286066,0.342366,0,24
1900-01-01 17:48:13.474,0.248731,0.28699,0.342292,0,24
1900-01-01 17:48:14.474,0.247366,0.285509,0.342605,0,24
1900-01-01 17:48:15.474,0.247771,0.28512,0.342053,0,24
1900-01-01 17:48:16.474,0.247697,0.285751,0.342127,0,24
1900-01-01 17:48:17.474,0.248768,0.28564,0.342099,0,24
1900-01-01 17:48:18.474,0.249519,0.287494,0.34198,0,24
1900-01-01 17:48:19.474,0.247288,0.284627,0.342347,0,24
1900-01-01 17:48:20.474,0.246973,0.284186,0.342155,0,24
1900-01-01 17:48:21.474,0.248269,0.285541,0.34232,0,24
1900-01-01 17:48:22.474,0.248269,0.285808,0.34221,0,24
1900-01-01 17:48:23.474,0.247209,0.284921,0.34198,0,24
1900-01-01 17:48:24.474,0.247792,0.285147,0.341934,0,24
1900-01-01 17:48:25.474,0.247975,0.285194,0.342063,0,24
1900-01-01 17:48:26.474,0.247555,0.28512,0.342384,0,24
1900-01-01 17:48:27.474,0.248852,0.287042,0.34187,0,24
1900-01-01 17:48:28.474,0.246978,0.284485,0.341401,0,24
1900-01-01 17:48:29.474,0.248584,0.286097,0.341658,0,24
1900-01-01 17:48:30.474,0.247744,0.285425,0.341723,0,24
1900-01-01 17:48:31.474,0.247744,0.285262,0.342311,0,24
1900-01-01 17:48:32.474,0.246994,0.284527,0.342246,0,24
1900-01-01 17:48:33.474,0.248595,0.286244,0.34198,0,24
1900-01-01 17:48:34.474,0.248054,0.285703,0.342081,0,24
1900-01-01 17:48:35.474,0.2464,0.284905,0.342035,0,24
1900-01-01 17:48:36.474,0.247508,0.285047,0.341493,0,24
1900-01-01 17:48:37.474,0.246941,0.28448,0.341998,0,24
1900-01-01 17:48:38.474,0.248437,0.286517,0.341906,0,24
1900-01-01 17:48:39.474,0.248679,0.287131,0.341861,0,24
1900-01-01 17:48:40.474,0.248632,0.286234,0.342173,0,24
1900-01-01 17:48:41.474,0.248322,0.285961,0.341998,0,24
1900-01-01 17:48:42.474,0.248338,0.285572,0.341934,0,24
1900-01-01 17:48:43.474,0.247708,0.285414,0.341787,0,24
1900-01-01 17:48:44.474,0.248689,0.286491,0.341769,0,24
1900-01-01 17:48:45.474,0.248653,0.285499,0.342311,0,24
1900-01-01 17:48:46.474,0.24754,0.285336,0.342476,0,24
1900-01-01 17:48:47.474,0.247624,0.285189,0.342237,0,24
1900-01-01 17:48:48.474,0.248107,0.286008,0.342311,0,24
1900-01-01 17:48:49.474,0.247687,0.285168,0.34209,0,24
1900-01-01 17:48:50.474,0.24796,0.28552,0.342292,0,24
1900-01-01 17:48:51.474,0.247398,0.284748,0.342219,0,24
1900-01-01 17:48:52.474,0.248212,0.285015,0.341815,0,24
1900-01-01 17:48:53.474,0.246616,0.283635,0.341612,0,24
1900-01-01 17:48:54.474,0.248689,0.286312,0.341778,0,24
1900-01-01 17:48:55.474,0.247839,0.28521,0.341851,0,24
1900-01-01 17:48:56.474,0.248532,0.286092,0.341778,0,24
1900-01-01 17:48:57.474,0.247834,0.28552,0.341842,0,24
1900-01-01 17:48:58.474,0.248159,0.285551,0.342265,0,24
1900-01-01 17:48:59.474,0.247755,0.285031,0.341493,0,24
1900-01-01 17:49:00.474,0.248422,0.286108,0.341622,0,24
1900-01-01 17:49:01.474,0.248826,0.286249,0.3422,0,24
1900-01-01 17:49:02.474,0.248989,0.286612,0.341796,0,24
1900-01-01 17:49:03.474,0.248731,0.285315,0.341934,0,24
1900-01-01 17:49:04.474,0.2487,0.286176,0.342063,0,24
1900-01-01 17:49:05.474,0.248128,0.285063,0.342311,0,24
1900-01-01 17:49:06.474,0.248117,0.285756,0.341704,0,24
1900-01-01 17:49:07.474,0.248616,0.286822,0.341759,0,24
1900-01-01 17:49:08.474,0.24818,0.285724,0.341612,0,24
1900-01-01 17:49:09.474,0.247067,0.284632,0.341704,0,24
1900-01-01 17:49:10.474,0.24766,0.285646,0.341466,0,24
1900-01-01 17:49:11.474,0.247214,0.284874,0.341998,0,24
1900-01-01 17:49:12.474,0.248705,0.286449,0.341851,0,24
1900-01-01 17:49:13.474,0.247356,0.285157,0.341612,0,24
1900-01-01 17:49:14.474,0.24912,0.286801,0.34232,0,24
1900-01-01 17:49:15.474,0.247681,0.284616,0.342109,0,24
1900-01-01 17:49:16.474,0.248374,0.28563,0.341649,0,24
1900-01-01 17:49:17.474,0.248548,0.285709,0.341971,0,24
1900-01-01 17:49:18.474,0.248989,0.286764,0.341796,0,24
1900-01-01 17:49:19.474,0.24817,0.285178,0.341759,0,24
1900-01-01 17:49:20.474,0.247403,0.284312,0.341934,0,24
1900-01-01 17:49:21.474,0.248049,0.28594,0.341962,0,24
1900-01-01 17:49:22.474,0.248563,0.286375,0.341805,0,24
1900-01-01 17:49:23.474,0.247981,0.28564,0.342044,0,24
1900-01-01 17:49:24.474,0.247272,0.284396,0.341714,0,24
1900-01-01 17:49:25.474,0.247792,0.285372,0.341962,0,24
1900-01-01 17:49:26.474,0.2487,0.285808,0.341851,0,24
1900-01-01 17:49:27.474,0.247823,0.284779,0.342219,0,24
1900-01-01 17:49:28.474,0.249052,0.286627,0.342164,0,24
1900-01-01 17:49:29.474,0.248563,0.286323,0.341934,0,24
1900-01-01 17:49:30.474,0.248117,0.285908,0.341962,0,24
1900-01-01 17:49:31.474,0.249088,0.286801,0.342053,0,24
1900-01-01 17:49:32.474,0.246894,0.284611,0.341916,0,24
1900-01-01 17:49:33.474,0.248395,0.286748,0.342182,0,24
1900-01-01 17:49:34.474,0.24724,0.2848,0.342237,0,24
1900-01-01 17:49:35.474,0.247193,0.284569,0.342081,0,24
1900-01-01 17:49:36.474,0.247219,0.284627,0.341704,0,24
1900-01-01 17:49:37.474,0.248348,0.285688,0.341842,0,24
1900-01-01 17:49:38.474,0.248112,0.286029,0.341649,0,24
1900-01-01 17:49:39.474,0.248931,0.286228,0.341769,0,24
1900-01-01 17:49:40.474,0.248542,0.286118,0.34221,0,24
1900-01-01 17:49:41.474,0.247582,0.285147,0.341778,0,24
1900-01-01 17:49:42.474,0.247482,0.285341,0.342155,0,24
1900-01-01 17:49:43.474,0.247823,0.284853,0.342008,0,24
1900-01-01 17:49:44.474,0.249172,0.286806,0.342072,0,24
1900-01-01 17:49:45.474,0.247188,0.284244,0.341456,0,24
1900-01-01 17:49:46.474,0.247739,0.285068,0.342182,0,24
1900-01-01 17:49:47.474,0.248752,0.285499,0.342173,0,24
1900-01-01 17:49:48.474,0.248663,0.285919,0.342302,0,24
1900-01-01 17:49:49.474,0.247918,0.285651,0.341962,0,24
1900-01-01 17:49:50.474,0.248007,0.285898,0.342127,0,24
1900-01-01 17:49:51.474,0.247366,0.284317,0.341539,0,24
1900-01-01 17:49:52.474,0.24839,0.285824,0.341668,0,24
1900-01-01 17:49:53.474,0.249214,0.286979,0.341952,0,24
1900-01-01 17:49:54.474,0.248395,0.285703,0.341925,0,24
1900-01-01 17:49:55.474,0.248873,0.287,0.342302,0,24
1900-01-01 17:49:56.474,0.247949,0.285304,0.342053,0,24
1900-01-01 17:49:57.474,0.247639,0.285357,0.342008,0,24
1900-01-01 17:49:58.474,0.249561,0.286764,0.342191,0,24
1900-01-01 17:49:59.474,0.247461,0.285367,0.342283,0,24
1900-01-01 17:50:00.474,0.247156,0.284322,0.342109,0,24
1900-01-01 17:50:01.474,0.247666,0.285583,0.341879,0,24
1900-01-01 17:50:02.474,0.247844,0.284238,0.341585,0,24
1900-01-01 17:50:03.474,0.247655,0.284606,0.341612,0,24
1900-01-01 17:50:04.474,0.246521,0.283824,0.341925,0,24
1900-01-01 17:50:05.474,0.247776,0.284816,0.341897,0,24
1900-01-01 17:50:06.474,0.248731,0.286963,0.342338,0,24
1900-01-01 17:50:07.474,0.247981,0.285262,0.341879,0,24
1900-01-01 17:50:08.474,0.247708,0.285147,0.341934,0,24
1900-01-01 17:50:09.474,0.248133,0.286176,0.341668,0,24
1900-01-01 17:50:10.474,0.248884,0.285756,0.341962,0,24
1900-01-01 17:50:11.474,0.248532,0.286948,0.341714,0,24
1900-01-01 17:50:12.474,0.248668,0.286438,0.342283,0,24
1900-01-01 17:50:13.474,0.247918,0.285577,0.342485,0,24
1900-01-01 17:50:14.474,0.248873,0.286601,0.341842,0,24
1900-01-01 17:50:15.474,0.249078,0.286202,0.341998,0,24
1900-01-01 17:50:16.474,0.248002,0.285225,0.342136,0,24
1900-01-01 17:50:17.474,0.248983,0.286239,0.342164,0,24
1900-01-01 17:50:18.474,0.248311,0.28606,0.342228,0,24
1900-01-01 17:50:19.474,0.247414,0.28533,0.341998,0,24
1900-01-01 17:50:20.474,0.247687,0.284837,0.342044,0,24
1900-01-01 17:50:21.474,0.248395,0.285966,0.341732,0,24
1900-01-01 17:50:22.474,0.24859,0.286223,0.341622,0,24
1900-01-01 17:50:23.474,0.248332,0.286522,0.342256,0,24
1900-01-01 17:50:24.474,0.247534,0.285168,0.342099,0,24
1900-01-01 17:50:25.474,0.248038,0.285672,0.342412,0,24
1900-01-01 17:50:26.474,0.24649,0.284091,0.342191,0,24
1900-01-01 17:50:27.474,0.247939,0.285147,0.342127,0,24
1900-01-01 17:50:28.474,0.247907,0.285362,0.341989,0,24
1900-01-01 17:50:29.474,0.247723,0.285556,0.341695,0,24
1900-01-01 17:50:30.474,0.248164,0.284763,0.342026,0,24
1900-01-01 17:50:31.474,0.247981,0.285887,0.342219,0,24
1900-01-01 17:50:32.474,0.248017,0.285672,0.341759,0,24
1900-01-01 17:50:33.474,0.247508,0.285141,0.342283,0,24
1900-01-01 17:50:34.474,0.248684,0.28594,0.342072,0,24
1900-01-01 17:50:35.474,0.247062,0.284364,0.342017,0,24
1900-01-01 17:50:36.474,0.247718,0.285252,0.34187,0,24
1900-01-01 17:50:37.474,0.247377,0.284821,0.341704,0,24
1900-01-01 17:50:38.474,0.247918,0.28512,0.342008,0,24
1900-01-01 17:50:39.474,0.248721,0.286444,0.341916,0,24
1900-01-01 17:50:40.474,0.247681,0.285551,0.341833,0,24
1900-01-01 17:50:41.474,0.248563,0.286454,0.34198,0,24
1900-01-01 17:50:42.474,0.247419,0.284485,0.341842,0,24
1900-01-01 17:50:43.474,0.247261,0.283845,0.341695,0,24
1900-01-01 17:50:44.474,0.249419,0.286612,0.341879,0,24
1900-01-01 17:50:45.474,0.248343,0.286039,0.341989,0,24
1900-01-01 17:50:46.474,0.247933,0.285766,0.34187,0,24
1900-01-01 17:50:47.474,0.248905,0.286087,0.341548,0,24
1900-01-01 17:50:48.474,0.248101,0.285472,0.34198,0,24
1900-01-01 17:50:49.474,0.248007,0.285619,0.34153,0,24
1900-01-01 17:50:50.474,0.248563,0.286134,0.342357,0,24
1900-01-01 17:50:51.474,0.247225,0.28491,0.342145,0,24
1900-01-01 17:50:52.474,0.248091,0.285593,0.341934,0,24
1900-01-01 17:50:53.474,0.248742,0.285719,0.341521,0,24
1900-01-01 17:50:54.474,0.247261,0.28469,0.341796,0,24
1900-01-01 17:50:55.474,0.247109,0.284674,0.341603,0,24
1900-01-01 17:50:56.474,0.249025,0.286543,0.342283,0,24
1900-01-01 17:50:57.474,0.247466,0.284532,0.3422,0,24
1900-01-01 17:50:58.474,0.247765,0.285525,0.341925,0,24
1900-01-01 17:50:59.474,0.248028,0.285688,0.3422,0,24
1900-01-01 17:51:00.474,0.248212,0.28573,0.341714,0,24
1900-01-01 17:51:01.474,0.24755,0.285183,0.34187,0,24
1900-01-01 17:51:02.474,0.247235,0.283629,0.341925,0,24
1900-01-01 17:51:03.474,0.249036,0.286622,0.341962,0,24
1900-01-01 17:51:04.474,0.248238,0.285934,0.342053,0,24
1900-01-01 17:51:05.474,0.247429,0.284868,0.341695,0,24
1900-01-01 17:51:06.474,0.249004,0.286517,0.341484,0,24
1900-01-01 17:51:07.474,0.2467,0.284622,0.341649,0,24
1900-01-01 17:51:08.474,0.247965,0.284648,0.341309,0,24
1900-01-01 17:51:09.474,0.248836,0.285667,0.341594,0,24
1900-01-01 17:51:10.474,0.248359,0.286013,0.342228,0,24
1900-01-01 17:51:11.474,0.247324,0.285052,0.341796,0,24
1900-01-01 17:51:12.474,0.247025,0.285425,0.341539,0,24
1900-01-01 17:51:13.474,0.248915,0.286585,0.341934,0,24
1900-01-01 17:51:14.474,0.248007,0.285604,0.341897,0,24
1900-01-01 17:51:15.474,0.24901,0.286186,0.341861,0,24
1900-01-01 17:51:16.474,0.248758,0.285934,0.341502,0,24
1900-01-01 17:51:17.474,0.249025,0.28678,0.341805,0,24
1900-01-01 17:51:18.474,0.246862,0.284973,0.342145,0,24
1900-01-01 17:51:19.474,0.247351,0.284637,0.342044,0,24
1900-01-01 17:51:20.474,0.247482,0.28469,0.341649,0,24
1900-01-01 17:51:21.474,0.249209,0.286995,0.341861,0,24
1900-01-01 17:51:22.474,0.247897,0.285325,0.341952,0,24
1900-01-01 17:51:23.474,0.247545,0.285325,0.342329,0,24
1900-01-01 17:51:24.474,0.24829,0.285698,0.34175,0,24
1900-01-01 17:51:25.474,0.247193,0.285183,0.341282,0,24
1900-01-01 17:51:26.474,0.248731,0.28636,0.341952,0,24
1900-01-01 17:51:27.474,0.248317,0.285598,0.342246,0,24
1900-01-01 17:51:28.474,0.246647,0.283808,0.341943,0,24
1900-01-01 17:51:29.474,0.247823,0.285073,0.342393,0,24
1900-01-01 17:51:30.474,0.247996,0.285089,0.34209,0,24
1900-01-01 17:51:31.474,0.248905,0.285709,0.341796,0,24
1900-01-01 17:51:32.474,0.248338,0.285898,0.341998,0,24
1900-01-01 17:51:33.474,0.248254,0.286102,0.341861,0,24
1900-01-01 17:51:34.474,0.248248,0.286276,0.342063,0,24
1900-01-01 17:51:35.474,0.248101,0.285614,0.342191,0,24
1900-01-01 17:51:36.474,0.247645,0.285383,0.341998,0,24
1900-01-01 17:51:37.474,0.247781,0.284921,0.34175,0,24
1900-01-01 17:51:38.474,0.248374,0.285273,0.341686,0,24
1900-01-01 17:51:39.474,0.248128,0.285619,0.34198,0,24
1900-01-01 17:51:40.474,0.248831,0.285819,0.34187,0,24
1900-01-01 17:51:41.474,0.248574,0.28574,0.342173,0,24
1900-01-01 17:51:42.474,0.247624,0.286092,0.342366,0,24
1900-01-01 17:51:43.474,0.248443,0.285588,0.342118,0,24
1900-01-01 17:51:44.474,0.247545,0.285325,0.342109,0,24
1900-01-01 17:51:45.474,0.247655,0.285178,0.342449,0,24
1900-01-01 17:51:46.474,0.247876,0.285782,0.342164,0,24
1900-01-01 17:51:47.474,0.248259,0.28605,0.341989,0,24
1900-01-01 17:51:48.474,0.249193,0.286192,0.34232,0,24
1900-01-01 17:51:49.474,0.249004,0.287168,0.342164,0,24
1900-01-01 17:51:50.474,0.248779,0.286522,0.342164,0,24
1900-01-01 17:51:51.474,0.2467,0.284359,0.342026,0,24
1900-01-01 17:51:52.474,0.247156,0.285047,0.342182,0,24
1900-01-01 17:51:53.474,0.24838,0.285493,0.342347,0,24
1900-01-01 17:51:54.474,0.248952,0.28658,0.342357,0,24
1900-01-01 17:51:55.474,0.247897,0.285441,0.34243,0,24
1900-01-01 17:51:56.474,0.248374,0.285877,0.34209,0,24
1900-01-01 17:51:57.474,0.247886,0.285084,0.341824,0,24
1900-01-01 17:51:58.474,0.247949,0.285924,0.342191,0,24
1900-01-01 17:51:59.474,0.248201,0.286055,0.341897,0,24
1900-01-01 17:52:00.474,0.246364,0.283792,0.342145,0,24
1900-01-01 17:52:01.474,0.247907,0.285488,0.341934,0,24
1900-01-01 17:52:02.474,0.247996,0.285483,0.341851,0,24
1900-01-01 17:52:03.474,0.248726,0.286092,0.342072,0,24
1900-01-01 17:52:04.474,0.24765,0.285309,0.341668,0,24
1900-01-01 17:52:05.474,0.248149,0.286491,0.342283,0,24
1900-01-01 17:52:06.474,0.247855,0.285598,0.341962,0,24
1900-01-01 17:52:07.474,0.248931,0.286071,0.342219,0,24
1900-01-01 17:52:08.474,0.249283,0.286517,0.341943,0,24
1900-01-01 17:52:09.474,0.24796,0.285304,0.342017,0,24
1900-01-01 17:52:10.474,0.247587,0.285,0.341934,0,24
1900-01-01 17:52:11.474,0.248521,0.285157,0.342026,0,24
1900-01-01 17:52:12.474,0.247188,0.285183,0.342173,0,24
1900-01-01 17:52:13.474,0.247876,0.285598,0.34198,0,24
1900-01-01 17:52:14.474,0.247697,0.284868,0.342265,0,24
1900-01-01 17:52:15.474,0.247545,0.284858,0.342017,0,24
1900-01-01 17:52:16.474,0.247519,0.285057,0.342099,0,24
1900-01-01 17:52:17.474,0.248065,0.285693,0.342155,0,24
1900-01-01 17:52:18.474,0.248212,0.285246,0.342283,0,24
1900-01-01 17:52:19.474,0.24734,0.284448,0.342274,0,24
1900-01-01 17:52:20.474,0.248842,0.286328,0.34198,0,24
1900-01-01 17:52:21.474,0.248296,0.285157,0.341934,0,24
1900-01-01 17:52:22.474,0.24766,0.285577,0.341962,0,24
1900-01-01 17:52:23.474,0.247828,0.286081,0.341557,0,24
1900-01-01 17:52:24.474,0.248752,0.285719,0.34232,0,24
1900-01-01 17:52:25.474,0.248605,0.285787,0.342155,0,24
1900-01-01 17:52:26.474,0.247419,0.284317,0.341971,0,24
1900-01-01 17:52:27.474,0.247865,0.285236,0.342256,0,24
1900-01-01 17:52:28.474,0.247319,0.284622,0.341897,0,24
1900-01-01 17:52:29.474,0.247954,0.284742,0.3422,0,24
1900-01-01 17:52:30.474,0.248474,0.285898,0.341833,0,24
1900-01-01 17:52:31.474,0.248495,0.285604,0.341879,0,24
1900-01-01 17:52:32.474,0.248542,0.286302,0.342256,0,24
1900-01-01 17:52:33.474,0.249083,0.286633,0.342338,0,24
1900-01-01 17:52:34.474,0.248385,0.285462,0.341971,0,24
1900-01-01 17:52:35.474,0.24944,0.286213,0.342026,0,24
1900-01-01 17:52:36.474,0.247965,0.284921,0.34243,0,24
1900-01-01 17:52:37.474,0.248952,0.286822,0.34255,0,24
1900-01-01 17:52:38.474,0.247865,0.284496,0.342246,0,24
1900-01-01 17:52:39.474,0.248149,0.285288,0.341998,0,24
1900-01-01 17:52:40.474,0.247897,0.284511,0.34198,0,24
1900-01-01 17:52:41.474,0.247881,0.286029,0.341116,0,24
1900-01-01 17:52:42.474,0.248159,0.285467,0.342081,0,24
1900-01-01 17:52:43.474,0.247786,0.284265,0.34209,0,24
1900-01-01 17:52:44.474,0.247792,0.285257,0.34221,0,24
1900-01-01 17:52:45.474,0.24755,0.28512,0.34232,0,24
1900-01-01 17:52:46.474,0.247188,0.284412,0.341879,0,24
1900-01-01 17:52:47.474,0.247251,0.284643,0.341916,0,24
1900-01-01 17:52:48.474,0.248065,0.285682,0.342127,0,24
1900-01-01 17:52:49.474,0.247881,0.285866,0.341805,0,24
1900-01-01 17:52:50.474,0.248096,0.284921,0.342256,0,24
1900-01-01 17:52:51.474,0.24692,0.283451,0.341962,0,24
1900-01-01 17:52:52.474,0.247041,0.28416,0.342072,0,24
1900-01-01 17:52:53.474,0.247708,0.285136,0.342347,0,24
1900-01-01 17:52:54.474,0.24807,0.285204,0.34187,0,24
1900-01-01 17:52:55.474,0.248485,0.285966,0.341704,0,24
1900-01-01 17:52:56.474,0.246967,0.284742,0.34232,0,24
1900-01-01 17:52:57.474,0.248784,0.286475,0.342081,0,24
1900-01-01 17:52:58.474,0.247576,0.285267,0.342081,0,24
1900-01-01 17:52:59.474,0.248012,0.28594,0.342136,0,24
1900-01-01 17:53:00.474,0.248017,0.284847,0.342044,0,24
1900-01-01 17:53:01.474,0.247981,0.285457,0.342035,0,24
1900-01-01 17:53:02.474,0.248222,0.286202,0.342127,0,24
1900-01-01 17:53:03.474,0.24787,0.28522,0.341695,0,24
1900-01-01 17:53:04.474,0.248611,0.285866,0.342017,0,24
1900-01-01 17:53:05.474,0.247949,0.286423,0.342053,0,24
1900-01-01 17:53:06.474,0.248842,0.286612,0.341998,0,24
1900-01-01 17:53:07.474,0.247482,0.285157,0.342017,0,24
1900-01-01 17:53:08.474,0.247655,0.284049,0.342173,0,24
1900-01-01 17:53:09.474,0.248233,0.285709,0.342063,0,24
1900-01-01 17:53:10.474,0.248737,0.286454,0.342513,0,24
1900-01-01 17:53:11.474,0.248978,0.285955,0.342127,0,24
1900-01-01 17:53:12.474,0.2488,0.28595,0.342155,0,24
1900-01-01 17:53:13.474,0.247912,0.284522,0.342063,0,24
1900-01-01 17:53:14.474,0.247361,0.284532,0.342274,0,24
1900-01-01 17:53:15.474,0.248075,0.285661,0.342302,0,24
1900-01-01 17:53:16.474,0.247723,0.284585,0.34187,0,24
1900-01-01 17:53:17.474,0.247261,0.284774,0.34187,0,24
1900-01-01 17:53:18.474,0.248411,0.285908,0.341704,0,24
1900-01-01 17:53:19.474,0.247954,0.285005,0.34164,0,24
1900-01-01 17:53:20.474,0.248422,0.28616,0.341631,0,24
1900-01-01 17:53:21.474,0.24776,0.285084,0.341622,0,24
1900-01-01 17:53:22.474,0.248164,0.286475,0.342081,0,24
1900-01-01 17:53:23.474,0.249519,0.287704,0.342467,0,24
1900-01-01 17:53:24.474,0.248978,0.285987,0.342311,0,24
1900-01-01 17:53:25.474,0.247025,0.284249,0.342347,0,24
1900-01-01 17:53:26.474,0.248096,0.286108,0.341934,0,24
1900-01-01 17:53:27.474,0.247949,0.285877,0.34209,0,24
1900-01-01 17:53:28.474,0.247162,0.284868,0.342008,0,24
1900-01-01 17:53:29.474,0.247729,0.28458,0.342072,0,24
1900-01-01 17:53:30.474,0.247393,0.284832,0.342072,0,24
1900-01-01 17:53:31.474,0.247744,0.284527,0.341916,0,24
1900-01-01 17:53:32.474,0.248983,0.286323,0.341851,0,24
1900-01-01 17:53:33.474,0.249052,0.286165,0.341906,0,24
1900-01-01 17:53:34.474,0.248579,0.285745,0.341759,0,24
1900-01-01 17:53:35.474,0.247744,0.284611,0.34232,0,24
1900-01-01 17:53:36.474,0.24754,0.284443,0.342008,0,24
1900-01-01 17:53:37.474,0.249209,0.286512,0.341888,0,24
1900-01-01 17:53:38.474,0.248359,0.285908,0.341998,0,24
1900-01-01 17:53:39.474,0.248054,0.285073,0.341612,0,24
1900-01-01 17:53:40.474,0.24839,0.285961,0.341897,0,24
1900-01-01 17:53:41.474,0.247592,0.284889,0.341769,0,24
1900-01-01 17:53:42.474,0.248616,0.286071,0.342449,0,24
1900-01-01 17:53:43.474,0.247834,0.285168,0.342017,0,24
1900-01-01 17:53:44.474,0.248002,0.285273,0.341622,0,24
1900-01-01 17:53:45.474,0.248185,0.285861,0.342393,0,24
1900-01-01 17:53:46.474,0.24692,0.284868,0.342228,0,24
1900-01-01 17:53:47.474,0.247855,0.285698,0.341622,0,24
1900-01-01 17:53:48.474,0.247839,0.28532,0.342237,0,24
1900-01-01 17:53:49.474,0.247839,0.284543,0.341851,0,24
1900-01-01 17:53:50.474,0.24703,0.284616,0.341668,0,24
1900-01-01 17:53:51.474,0.249293,0.286963,0.342191,0,24
1900-01-01 17:53:52.474,0.24839,0.28552,0.341447,0,24
1900-01-01 17:53:53.474,0.246988,0.283734,0.341879,0,24
1900-01-01 17:53:54.474,0.248941,0.286759,0.341778,0,24
1900-01-01 17:53:55.474,0.248427,0.286428,0.342053,0,24
1900-01-01 17:53:56.474,0.248674,0.28657,0.342063,0,24
1900-01-01 17:53:57.474,0.248348,0.285945,0.342044,0,24
1900-01-01 17:53:58.474,0.249235,0.286549,0.342145,0,24
1900-01-01 17:53:59.474,0.247813,0.285409,0.342127,0,24
1900-01-01 17:54:00.474,0.24745,0.285073,0.342375,0,24
1900-01-01 17:54:01.474,0.247886,0.286113,0.342246,0,24
1900-01-01 17:54:02.474,0.247933,0.285824,0.341787,0,24
1900-01-01 17:54:03.474,0.247881,0.285105,0.342136,0,24
1900-01-01 17:54:04.474,0.247372,0.284742,0.341962,0,24
1900-01-01 17:54:05.474,0.246064,0.284002,0.342155,0,24
1900-01-01 17:54:06.474,0.248584,0.286522,0.342219,0,24
1900-01-01 17:54:07.474,0.248401,0.285514,0.342164,0,24
1900-01-01 17:54:08.474,0.247939,0.285457,0.342347,0,24
1900-01-01 17:54:09.474,0.249067,0.286024,0.342118,0,24
1900-01-01 17:54:10.474,0.247414,0.283782,0.341906,0,24
1900-01-01 17:54:11.474,0.248254,0.285814,0.341861,0,24
1900-01-01 17:54:12.474,0.248884,0.286318,0.342366,0,24
1900-01-01 17:54:13.474,0.248227,0.285976,0.342035,0,24
1900-01-01 17:54:14.474,0.248364,0.285882,0.34254,0,24
1900-01-01 17:54:15.474,0.248679,0.286822,0.342338,0,24
1900-01-01 17:54:16.474,0.249099,0.285882,0.342127,0,24
1900-01-01 17:54:17.474,0.247172,0.284496,0.342219,0,24
1900-01-01 17:54:18.474,0.246973,0.285236,0.342053,0,24
1900-01-01 17:54:19.474,0.248143,0.285656,0.342393,0,24
1900-01-01 17:54:20.474,0.248422,0.285661,0.342283,0,24
1900-01-01 17:54:21.474,0.246962,0.284448,0.342329,0,24
1900-01-01 17:54:22.474,0.24754,0.285383,0.342136,0,24
1900-01-01 17:54:23.474,0.248527,0.286265,0.341778,0,24
1900-01-01 17:54:24.474,0.24682,0.284895,0.342118,0,24
1900-01-01 17:54:25.474,0.248296,0.286097,0.342384,0,24
1900-01-01 17:54:26.474,0.247555,0.285315,0.342155,0,24
1900-01-01 17:54:27.474,0.249036,0.286685,0.342522,0,24
1900-01-01 17:54:28.474,0.247393,0.284816,0.342531,0,24
1900-01-01 17:54:29.474,0.247335,0.285057,0.342191,0,24
1900-01-01 17:54:30.474,0.248359,0.285404,0.342228,0,24
1900-01-01 17:54:31.474,0.247571,0.284858,0.342127,0,24
1900-01-01 17:54:32.474,0.247503,0.285052,0.3422,0,24
1900-01-01 17:54:33.474,0.248327,0.285677,0.342081,0,24
1900-01-01 17:54:34.474,0.247277,0.285052,0.342265,0,24
1900-01-01 17:54:35.474,0.247214,0.284049,0.341778,0,24
1900-01-01 17:54:36.474,0.247555,0.285131,0.34221,0,24
1900-01-01 17:54:37.474,0.248626,0.28522,0.342008,0,24
1900-01-01 17:54:38.474,0.248983,0.285719,0.342357,0,24
1900-01-01 17:54:39.474,0.248663,0.287221,0.342375,0,24
1900-01-01 17:54:40.474,0.247524,0.28522,0.342329,0,24
1900-01-01 17:54:41.474,0.247797,0.285199,0.342182,0,24
1900-01-01 17:54:42.474,0.247928,0.285162,0.342063,0,24
1900-01-01 17:54:43.474,0.248107,0.28606,0.342191,0,24
1900-01-01 17:54:44.474,0.248647,0.286102,0.341897,0,24
1900-01-01 17:54:45.474,0.248112,0.285367,0.342292,0,24
1900-01-01 17:54:46.474,0.247235,0.285031,0.342026,0,24
1900-01-01 17:54:47.474,0.24734,0.284044,0.341796,0,24
1900-01-01 17:54:48.474,0.248212,0.286381,0.341888,0,24
1900-01-01 17:54:49.474,0.24838,0.285199,0.341916,0,24
1900-01-01 17:54:50.474,0.248899,0.286202,0.34221,0,24
1900-01-01 17:54:51.474,0.248978,0.286375,0.341906,0,24
1900-01-01 17:54:52.474,0.247466,0.285357,0.341952,0,24
1900-01-01 17:54:53.474,0.248621,0.287074,0.341971,0,24
1900-01-01 17:54:54.474,0.247193,0.284018,0.34232,0,24
1900-01-01 17:54:55.474,0.247114,0.285478,0.341805,0,24
1900-01-01 17:54:56.474,0.247345,0.284674,0.342099,0,24
1900-01-01 17:54:57.474,0.248374,0.285562,0.341879,0,24
1900-01-01 17:54:58.474,0.249514,0.287588,0.34232,0,24
1900-01-01 17:54:59.474,0.247382,0.284496,0.34175,0,24
1900-01-01 17:55:00.474,0.247613,0.285672,0.341833,0,24
1900-01-01 17:55:01.474,0.24682,0.284868,0.341695,0,24
1900-01-01 17:55:02.474,0.247303,0.284112,0.342173,0,24
1900-01-01 17:55:03.474,0.247813,0.285073,0.342081,0,24
1900-01-01 17:55:04.474,0.248847,0.286087,0.341759,0,24
1900-01-01 17:55:05.474,0.247167,0.283981,0.342173,0,24
1900-01-01 17:55:06.474,0.24712,0.284118,0.341787,0,24
1900-01-01 17:55:07.474,0.248915,0.285877,0.342118,0,24
1900-01-01 17:55:08.474,0.247676,0.28594,0.341612,0,24
1900-01-01 17:55:09.474,0.248479,0.286433,0.341787,0,24
1900-01-01 17:55:10.474,0.248112,0.285892,0.34187,0,24
1900-01-01 17:55:11.474,0.247487,0.284742,0.341631,0,24
1900-01-01 17:55:12.474,0.24817,0.284884,0.342118,0,24
1900-01-01 17:55:13.474,0.248737,0.286538,0.341805,0,24
1900-01-01 17:55:14.474,0.249519,0.286953,0.34175,0,24
1900-01-01 17:55:15.474,0.248905,0.285435,0.342145,0,24
1900-01-01 17:55:16.474,0.247225,0.284816,0.342274,0,24
1900-01-01 17:55:17.474,0.247435,0.285735,0.341971,0,24
1900-01-01 17:55:18.474,0.248632,0.285735,0.342421,0,24
1900-01-01 17:55:19.474,0.247083,0.284364,0.342026,0,24
1900-01-01 17:55:20.474,0.248947,0.286003,0.342063,0,24
1900-01-01 17:55:21.474,0.249608,0.287163,0.342173,0,24
1900-01-01 17:55:22.474,0.248159,0.285262,0.342127,0,24
1900-01-01 17:55:23.474,0.248311,0.285541,0.342173,0,24
1900-01-01 17:55:24.474,0.247576,0.28491,0.342109,0,24
1900-01-01 17:55:25.474,0.247844,0.284564,0.342311,0,24
1900-01-01 17:55:26.474,0.247398,0.285084,0.34164,0,24
1900-01-01 17:55:27.474,0.247445,0.284989,0.341842,0,24
1900-01-01 17:55:28.474,0.248768,0.286349,0.34175,0,24
1900-01-01 17:55:29.474,0.247786,0.285325,0.342118,0,24
1900-01-01 17:55:30.474,0.247015,0.284265,0.341925,0,24
1900-01-01 17:55:31.474,0.248779,0.285709,0.341962,0,24
1900-01-01 17:55:32.474,0.248584,0.285635,0.342063,0,24
1900-01-01 17:55:33.474,0.248684,0.286202,0.341741,0,24
1900-01-01 17:55:34.474,0.248275,0.285535,0.341824,0,24
1900-01-01 17:55:35.474,0.248002,0.285614,0.341704,0,24
1900-01-01 17:55:36.474,0.247246,0.284989,0.341998,0,24
1900-01-01 17:55:37.474,0.247986,0.28543,0.342191,0,24
1900-01-01 17:55:38.474,0.247498,0.284207,0.341851,0,24
1900-01-01 17:55:39.474,0.24818,0.285425,0.34141,0,24
1900-01-01 17:55:40.474,0.24713,0.283414,0.341971,0,24
1900-01-01 17:55:41.474,0.246673,0.28353,0.341567,0,24
1900-01-01 17:55:42.474,0.248254,0.284905,0.341787,0,24
1900-01-01 17:55:43.474,0.248201,0.285551,0.341714,0,24
1900-01-01 17:55:44.474,0.247293,0.284422,0.341364,0,24
1900-01-01 17:55:45.474,0.247057,0.284847,0.34187,0,24
1900-01-01 17:55:46.474,0.24712,0.284842,0.34175,0,24
1900-01-01 17:55:47.474,0.247104,0.284475,0.341254,0,24
1900-01-01 17:55:48.474,0.248096,0.285493,0.341677,0,24
1900-01-01 17:55:49.474,0.24797,0.285225,0.341778,0,24
1900-01-01 17:55:50.474,0.248474,0.28573,0.341622,0,24
1900-01-01 17:55:51.474,0.248122,0.285341,0.341759,0,24
1900-01-01 17:55:52.474,0.247225,0.284475,0.341824,0,24
1900-01-01 17:55:53.474,0.247319,0.284727,0.341631,0,24
1900-01-01 17:55:54.474,0.248243,0.28458,0.341631,0,24
1900-01-01 17:55:55.474,0.249015,0.287137,0.341649,0,24
1900-01-01 17:55:56.474,0.247776,0.285751,0.34175,0,24
1900-01-01 17:55:57.474,0.24702,0.28501,0.341704,0,24
1900-01-01 17:55:58.474,0.247382,0.284118,0.341612,0,24
1900-01-01 17:55:59.474,0.245655,0.283755,0.341291,0,24
1900-01-01 17:56:00.474,0.248443,0.286281,0.341805,0,24
1900-01-01 17:56:01.474,0.247062,0.284286,0.341181,0,24
1900-01-01 17:56:02.474,0.246742,0.28416,0.341631,0,24
1900-01-01 17:56:03.474,0.248243,0.285052,0.341502,0,24
1900-01-01 17:56:04.474,0.247361,0.284874,0.341438,0,24
1900-01-01 17:56:05.474,0.247781,0.285204,0.341511,0,24
1900-01-01 17:56:06.474,0.24766,0.284732,0.341888,0,24
1900-01-01 17:56:07.474,0.248296,0.284947,0.34175,0,24
1900-01-01 17:56:08.474,0.247571,0.284994,0.341346,0,24
1900-01-01 17:56:09.474,0.247025,0.283997,0.341511,0,24
1900-01-01 17:56:10.474,0.249256,0.286937,0.341741,0,24
1900-01-01 17:56:11.474,0.248626,0.28533,0.341842,0,24
1900-01-01 17:56:12.474,0.247503,0.284895,0.341493,0,24
1900-01-01 17:56:13.474,0.247834,0.285404,0.341686,0,24
1900-01-01 17:56:14.474,0.248149,0.286459,0.342228,0,24
1900-01-01 17:56:15.474,0.248548,0.286391,0.341952,0,24
1900-01-01 17:56:16.474,0.248075,0.285283,0.341879,0,24
1900-01-01 17:56:17.474,0.247393,0.285099,0.341557,0,24
1900-01-01 17:56:18.474,0.249183,0.286879,0.341658,0,24
1900-01-01 17:56:19.474,0.248527,0.285819,0.341796,0,24
1900-01-01 17:56:20.474,0.248096,0.285961,0.341778,0,24
1900-01-01 17:56:21.474,0.248133,0.284816,0.342063,0,24
1900-01-01 17:56:22.474,0.248495,0.285682,0.341888,0,24
1900-01-01 17:56:23.474,0.248437,0.285089,0.341888,0,24
1900-01-01 17:56:24.474,0.2485,0.286202,0.341759,0,24
1900-01-01 17:56:25.474,0.248149,0.285924,0.34187,0,24
1900-01-01 17:56:26.474,0.247361,0.284769,0.341741,0,24
1900-01-01 17:56:27.474,0.247162,0.284532,0.342283,0,24
1900-01-01 17:56:28.474,0.247571,0.284627,0.341998,0,24
1900-01-01 17:56:29.474,0.248768,0.285966,0.341962,0,24
1900-01-01 17:56:30.474,0.247729,0.284842,0.341952,0,24
1900-01-01 17:56:31.474,0.248017,0.285262,0.341658,0,24
1900-01-01 17:56:32.474,0.248122,0.286517,0.342008,0,24
1900-01-01 17:56:33.474,0.246778,0.284443,0.341897,0,24
1900-01-01 17:56:34.474,0.2486,0.286155,0.341842,0,24
1900-01-01 17:56:35.474,0.247603,0.285315,0.341906,0,24
1900-01-01 17:56:36.474,0.247923,0.284706,0.341989,0,24
1900-01-01 17:56:37.474,0.247786,0.285651,0.341319,0,24
1900-01-01 17:56:38.474,0.247634,0.284931,0.34187,0,24
1900-01-01 17:56:39.474,0.247424,0.285126,0.341677,0,24
1900-01-01 17:56:40.474,0.247939,0.285178,0.341631,0,24
1900-01-01 17:56:41.474,0.247849,0.285126,0.342044,0,24
1900-01-01 17:56:42.474,0.248931,0.286354,0.341971,0,24
1900-01-01 17:56:43.474,0.248117,0.285267,0.342403,0,24
1900-01-01 17:56:44.474,0.249335,0.287137,0.341989,0,24
1900-01-01 17:56:45.474,0.248285,0.28564,0.34198,0,24
1900-01-01 17:56:46.474,0.248185,0.284921,0.342081,0,24
1900-01-01 17:56:47.474,0.247902,0.284706,0.341998,0,24
1900-01-01 17:56:48.474,0.248926,0.286181,0.342338,0,24
1900-01-01 17:56:49.474,0.24943,0.287126,0.341971,0,24
1900-01-01 17:56:50.474,0.247886,0.285562,0.3422,0,24
1900-01-01 17:56:51.474,0.24808,0.28533,0.341897,0,24
1900-01-01 17:56:52.474,0.249409,0.286974,0.34198,0,24
1900-01-01 17:56:53.474,0.24871,0.286512,0.342008,0,24
1900-01-01 17:56:54.474,0.24734,0.285052,0.342421,0,24
1900-01-01 17:56:55.474,0.249776,0.286963,0.342329,0,24
1900-01-01 17:56:56.474,0.247487,0.285262,0.342283,0,24
1900-01-01 17:56:57.474,0.248149,0.285824,0.342081,0,24
1900-01-01 17:56:58.474,0.248054,0.285861,0.342329,0,24
1900-01-01 17:56:59.474,0.248338,0.285661,0.342467,0,24
1900-01-01 17:57:00.474,0.249398,0.286843,0.342449,0,24
1900-01-01 17:57:01.474,0.247723,0.285204,0.3422,0,24
1900-01-01 17:57:02.474,0.248343,0.28647,0.341943,0,24
1900-01-01 17:57:03.474,0.247939,0.285026,0.342099,0,24
1900-01-01 17:57:04.474,0.247135,0.285021,0.34198,0,24
1900-01-01 17:57:05.474,0.247519,0.284254,0.341805,0,24
1900-01-01 17:57:06.474,0.248579,0.286029,0.342182,0,24
1900-01-01 17:57:07.474,0.248238,0.28564,0.342246,0,24
1900-01-01 17:57:08.474,0.248285,0.285299,0.342063,0,24
1900-01-01 17:57:09.474,0.247776,0.285698,0.342274,0,24
1900-01-01 17:57:10.474,0.248075,0.285372,0.342053,0,24
1900-01-01 17:57:11.474,0.247718,0.284858,0.342136,0,24
1900-01-01 17:57:12.474,0.249288,0.286507,0.341833,0,24
1900-01-01 17:57:13.474,0.248112,0.285714,0.34221,0,24
1900-01-01 17:57:14.474,0.247545,0.284758,0.3422,0,24
1900-01-01 17:57:15.474,0.247582,0.28448,0.341897,0,24
1900-01-01 17:57:16.474,0.247519,0.284973,0.34209,0,24
1900-01-01 17:57:17.474,0.247109,0.284811,0.342017,0,24
1900-01-01 17:57:18.474,0.247487,0.284616,0.341879,0,24
1900-01-01 17:57:19.474,0.247912,0.285315,0.341897,0,24
1900-01-01 17:57:20.474,0.248143,0.28532,0.341704,0,24
1900-01-01 17:57:21.474,0.248416,0.285567,0.341833,0,24
1900-01-01 17:57:22.474,0.248779,0.286675,0.342127,0,24
1900-01-01 17:57:23.474,0.248059,0.285462,0.3422,0,24
1900-01-01 17:57:24.474,0.247834,0.285467,0.341943,0,24
1900-01-01 17:57:25.474,0.248049,0.285194,0.341603,0,24
1900-01-01 17:57:26.474,0.248306,0.285913,0.341906,0,24
1900-01-01 17:57:27.474,0.248532,0.286291,0.341842,0,24
1900-01-01 17:57:28.474,0.24787,0.284412,0.341925,0,24
1900-01-01 17:57:29.474,0.247624,0.285152,0.342127,0,24
1900-01-01 17:57:30.474,0.248217,0.286087,0.34221,0,24
1900-01-01 17:57:31.474,0.24796,0.285504,0.341686,0,24
1900-01-01 17:57:32.474,0.248101,0.284931,0.342026,0,24
1900-01-01 17:57:33.474,0.247986,0.285336,0.342118,0,24
1900-01-01 17:57:34.474,0.246784,0.284175,0.34175,0,24
1900-01-01 17:57:35.474,0.24745,0.285246,0.342099,0,24
1900-01-01 17:57:36.474,0.248264,0.285583,0.341815,0,24
1900-01-01 17:57:37.474,0.248038,0.285982,0.341897,0,24
1900-01-01 17:57:38.474,0.248117,0.285709,0.342219,0,24
1900-01-01 17:57:39.474,0.249309,0.285598,0.34232,0,24
1900-01-01 17:57:40.474,0.248002,0.285325,0.341962,0,24
1900-01-01 17:57:41.474,0.248516,0.286202,0.342219,0,24
1900-01-01 17:57:42.474,0.248175,0.28574,0.342127,0,24
1900-01-01 17:57:43.474,0.246815,0.283876,0.341815,0,24
1900-01-01 17:57:44.474,0.248647,0.285567,0.342081,0,24
1900-01-01 17:57:45.474,0.24724,0.284112,0.342449,0,24
1900-01-01 17:57:46.474,0.248611,0.285961,0.341952,0,24
1900-01-01 17:57:47.474,0.248322,0.285924,0.342109,0,24
1900-01-01 17:57:48.474,0.24797,0.285451,0.342081,0,24
1900-01-01 17:57:49.474,0.247445,0.284779,0.342403,0,24
1900-01-01 17:57:50.474,0.248317,0.285252,0.34232,0,24
1900-01-01 17:57:51.474,0.248264,0.286181,0.342155,0,24
1900-01-01 17:57:52.474,0.249934,0.287079,0.342237,0,24
1900-01-01 17:57:53.474,0.248238,0.285908,0.342274,0,24
1900-01-01 17:57:54.474,0.247167,0.283908,0.342109,0,24
1900-01-01 17:57:55.474,0.247114,0.284511,0.341824,0,24
1900-01-01 17:57:56.474,0.249157,0.286528,0.342366,0,24
1900-01-01 17:57:57.474,0.248343,0.285336,0.342403,0,24
1900-01-01 17:57:58.474,0.249309,0.285882,0.342053,0,24
1900-01-01 17:57:59.474,0.248159,0.285378,0.342017,0,24
1900-01-01 17:58:00.474,0.247477,0.284511,0.342008,0,24
1900-01-01 17:58:01.474,0.246274,0.28364,0.342366,0,24
1900-01-01 17:58:02.474,0.247828,0.285026,0.342494,0,24
1900-01-01 17:58:03.474,0.247739,0.285709,0.342219,0,24
1900-01-01 17:58:04.474,0.247792,0.28532,0.342191,0,24
1900-01-01 17:58:05.474,0.24943,0.286365,0.342329,0,24
1900-01-01 17:58:06.474,0.247403,0.284611,0.341851,0,24
1900-01-01 17:58:07.474,0.248285,0.285588,0.342099,0,24
1900-01-01 17:58:08.474,0.249125,0.286171,0.342311,0,24
1900-01-01 17:58:09.474,0.24733,0.284333,0.342053,0,24
1900-01-01 17:58:10.474,0.248201,0.286459,0.341677,0,24
1900-01-01 17:58:11.474,0.247839,0.285015,0.34164,0,24
1900-01-01 17:58:12.474,0.247949,0.285168,0.342072,0,24
1900-01-01 17:58:13.474,0.249036,0.286234,0.341686,0,24
1900-01-01 17:58:14.474,0.247088,0.284375,0.342191,0,24
1900-01-01 17:58:15.474,0.247298,0.284637,0.34187,0,24
1900-01-01 17:58:16.474,0.247918,0.285183,0.341557,0,24
1900-01-01 17:58:17.474,0.247802,0.285372,0.34209,0,24
1900-01-01 17:58:18.474,0.249094,0.287016,0.341723,0,24
1900-01-01 17:58:19.474,0.248453,0.286491,0.341906,0,24
1900-01-01 17:58:20.474,0.248731,0.286549,0.342017,0,24
1900-01-01 17:58:21.474,0.247156,0.284517,0.342384,0,24
1900-01-01 17:58:22.474,0.247907,0.284433,0.342292,0,24
1900-01-01 17:58:23.474,0.248527,0.285682,0.342035,0,24
1900-01-01 17:58:24.474,0.249204,0.286239,0.34209,0,24
1900-01-01 17:58:25.474,0.248191,0.285787,0.342338,0,24
1900-01-01 17:58:26.474,0.248553,0.285971,0.342246,0,24
1900-01-01 17:58:27.474,0.248343,0.285225,0.342072,0,24
1900-01-01 17:58:28.474,0.247671,0.285336,0.342403,0,24
1900-01-01 17:58:29.474,0.248926,0.285987,0.342632,0,24
1900-01-01 17:58:30.474,0.24849,0.28564,0.342191,0,24
1900-01-01 17:58:31.474,0.248343,0.285887,0.342375,0,24
1900-01-01 17:58:32.474,0.248989,0.285262,0.342329,0,24
1900-01-01 17:58:33.474,0.247372,0.284643,0.342109,0,24
1900-01-01 17:58:34.474,0.247718,0.285131,0.342274,0,24
1900-01-01 17:58:35.474,0.247666,0.283913,0.342283,0,24
1900-01-01 17:58:36.474,0.248416,0.287058,0.342044,0,24
1900-01-01 17:58:37.474,0.248374,0.285194,0.342191,0,24
1900-01-01 17:58:38.474,0.248117,0.285399,0.342577,0,24
1900-01-01 17:58:39.474,0.247408,0.284133,0.341576,0,24
1900-01-01 17:58:40.474,0.247986,0.285483,0.341998,0,24
1900-01-01 17:58:41.474,0.24974,0.287578,0.342458,0,24
1900-01-01 17:58:42.474,0.249235,0.286139,0.342219,0,24
1900-01-01 17:58:43.474,0.249052,0.28678,0.34221,0,24
1900-01-01 17:58:44.474,0.249787,0.286916,0.342026,0,24
1900-01-01 17:58:45.474,0.246862,0.284191,0.342072,0,24
1900-01-01 17:58:46.474,0.246516,0.284133,0.341934,0,24
1900-01-01 17:58:47.474,0.247261,0.284832,0.3422,0,24
1900-01-01 17:58:48.474,0.246306,0.282973,0.341888,0,24
1900-01-01 17:58:49.474,0.248863,0.286081,0.342044,0,24
1900-01-01 17:58:50.474,0.247828,0.28491,0.34164,0,24
1900-01-01 17:58:51.474,0.247576,0.284643,0.34209,0,24
1900-01-01 17:58:52.474,0.24786,0.285278,0.342109,0,24
1900-01-01 17:58:53.474,0.247592,0.285073,0.34187,0,24
1900-01-01 17:58:54.474,0.247482,0.284459,0.34153,0,24
1900-01-01 17:58:55.474,0.246327,0.283047,0.341861,0,24
1900-01-01 17:58:56.474,0.247681,0.28428,0.341484,0,24
1900-01-01 17:58:57.474,0.247335,0.284175,0.342081,0,24
1900-01-01 17:58:58.474,0.247387,0.283755,0.342044,0,24
1900-01-01 17:58:59.474,0.245439,0.282931,0.341429,0,24
1900-01-01 17:59:00.474,0.246878,0.283078,0.341778,0,24
1900-01-01 17:59:01.474,0.247015,0.283755,0.341227,0,24
1900-01-01 17:59:02.474,0.246374,0.282774,0.341153,0,24
1900-01-01 17:59:03.474,0.247057,0.284664,0.341309,0,24
1900-01-01 17:59:04.474,0.246978,0.284202,0.341567,0,24
1900-01-01 17:59:05.474,0.247519,0.284706,0.341695,0,24
1900-01-01 17:59:06.474,0.247356,0.284055,0.341401,0,24
1900-01-01 17:59:07.474,0.245634,0.281067,0.341732,0,24
1900-01-01 17:59:08.474,0.246589,0.28311,0.341309,0,24
1900-01-01 17:59:09.474,0.245886,0.282663,0.341245,0,24
1900-01-01 17:59:10.474,0.246474,0.282721,0.341319,0,24
1900-01-01 17:59:11.474,0.246642,0.283808,0.341319,0,24
1900-01-01 17:59:12.474,0.247083,0.282695,0.341245,0,24
1900-01-01 17:59:13.474,0.245644,0.282595,0.341199,0,24
1900-01-01 17:59:14.474,0.246553,0.283241,0.340776,0,24
1900-01-01 17:59:15.474,0.246516,0.282716,0.340905,0,24
1900-01-01 17:59:16.474,0.247167,0.284406,0.34096,0,24
1900-01-01 17:59:17.474,0.246521,0.283671,0.340786,0,24
1900-01-01 17:59:18.474,0.245849,0.282548,0.340593,0,24
1900-01-01 17:59:19.474,0.246621,0.283918,0.340712,0,24
1900-01-01 17:59:20.474,0.244689,0.280883,0.340528,0,24
1900-01-01 17:59:21.474,0.244631,0.280626,0.34029,0,24
1900-01-01 17:59:22.474,0.245282,0.281771,0.340391,0,24
1900-01-01 17:59:23.474,0.243597,0.280122,0.339582,0,24
1900-01-01 17:59:24.474,0.243765,0.279518,0.339509,0,24
1900-01-01 17:59:25.474,0.243486,0.27934,0.339509,0,24
1900-01-01 17:59:26.474,0.244242,0.280332,0.33949,0,24
1900-01-01 17:59:27.474,0.244248,0.279587,0.339334,0,24
1900-01-01 17:59:28.474,0.244227,0.2804,0.339297,0,24
1900-01-01 17:59:29.474,0.243502,0.278862,0.339398,0,24
1900-01-01 17:59:30.474,0.245303,0.281183,0.339656,0,24
1900-01-01 17:59:31.474,0.243969,0.28092,0.338967,0,24
1900-01-01 17:59:32.474,0.24534,0.281198,0.338856,0,24
1900-01-01 17:59:33.474,0.245397,0.281613,0.33893,0,24
1900-01-01 17:59:34.474,0.24398,0.280469,0.338783,0,24
1900-01-01 17:59:35.474,0.243255,0.280364,0.338921,0,24
1900-01-01 17:59:36.474,0.243938,0.27976,0.338636,0,24
1900-01-01 17:59:37.474,0.245256,0.281834,0.338691,0,24
1900-01-01 17:59:38.474,0.24514,0.281277,0.339095,0,24
1900-01-01 17:59:39.474,0.244342,0.279896,0.338186,0,24
1900-01-01 17:59:40.474,0.243885,0.27987,0.338636,0,24
1900-01-01 17:59:41.474,0.244972,0.281844,0.3387,0,24
1900-01-01 17:59:42.474,0.245061,0.281792,0.338792,0,24
1900-01-01 17:59:43.474,0.244006,0.280222,0.338627,0,24
1900-01-01 17:59:44.474,0.244956,0.281288,0.338663,0,24
1900-01-01 17:59:45.474,0.245534,0.281513,0.338489,0,24
1900-01-01 17:59:46.474,0.245392,0.281708,0.338425,0,24
1900-01-01 17:59:47.474,0.244206,0.28049,0.338213,0,24
1900-01-01 17:59:48.474,0.245119,0.28175,0.338682,0,24
1900-01-01 17:59:49.474,0.244773,0.281897,0.338379,0,24
1900-01-01 17:59:50.474,0.244011,0.281398,0.338654,0,24
1900-01-01 17:59:51.474,0.244993,0.281744,0.338048,0,24
1900-01-01 17:59:52.474,0.244741,0.28165,0.338691,0,24
1900-01-01 17:59:53.474,0.244983,0.281104,0.338002,0,24
1900-01-01 17:59:54.474,0.24471,0.28082,0.338268,0,24
1900-01-01 17:59:55.474,0.245781,0.282816,0.338452,0,24
1900-01-01 17:59:56.474,0.246516,0.282957,0.338296,0,24
1900-01-01 17:59:57.474,0.245639,0.282091,0.33825,0,24
1900-01-01 17:59:58.474,0.245975,0.282501,0.338158,0,24
1900-01-01 17:59:59.474,0.244815,0.280358,0.338278,0,24
1900-01-01 18:00:00.474,0.246364,0.282243,0.338397,0,24
1900-01-01 18:00:01.474,0.24483,0.281949,0.338682,0,24
1900-01-01 18:00:02.474,0.24409,0.280831,0.338682,0,24
1900-01-01 18:00:03.474,0.245345,0.281445,0.338434,0,24
1900-01-01 18:00:04.474,0.245996,0.282054,0.338535,0,24
1900-01-01 18:00:05.474,0.244888,0.281419,0.338305,0,24
1900-01-01 18:00:06.474,0.245623,0.281639,0.338673,0,24
1900-01-01 18:00:07.474,0.245088,0.281734,0.338627,0,24
1900-01-01 18:00:08.474,0.24482,0.281634,0.338737,0,24
1900-01-01 18:00:09.474,0.244106,0.280463,0.338572,0,24
1900-01-01 18:00:10.474,0.24534,0.282343,0.3387,0,24
1900-01-01 18:00:11.474,0.24513,0.280889,0.338645,0,24
1900-01-01 18:00:12.474,0.245214,0.281613,0.338498,0,24
1900-01-01 18:00:13.474,0.245397,0.281765,0.338526,0,24
1900-01-01 18:00:14.474,0.245329,0.281555,0.338774,0,24
1900-01-01 18:00:15.474,0.244216,0.279965,0.338774,0,24
1900-01-01 18:00:16.474,0.244678,0.280458,0.33848,0,24
1900-01-01 18:00:17.474,0.244505,0.280694,0.33802,0,24
1900-01-01 18:00:18.474,0.245697,0.282191,0.338406,0,24
1900-01-01 18:00:19.474,0.244851,0.281592,0.338425,0,24
1900-01-01 18:00:20.474,0.24377,0.279524,0.338425,0,24
1900-01-01 18:00:21.474,0.244064,0.280133,0.338434,0,24
1900-01-01 18:00:22.474,0.245046,0.28102,0.338131,0,24
1900-01-01 18:00:23.474,0.245781,0.281718,0.33802,0,24
1900-01-01 18:00:24.474,0.244153,0.280295,0.337901,0,24
1900-01-01 18:00:25.474,0.245193,0.281891,0.337993,0,24
1900-01-01 18:00:26.474,0.245098,0.281545,0.338112,0,24
1900-01-01 18:00:27.474,0.244641,0.281251,0.338131,0,24
1900-01-01 18:00:28.474,0.244741,0.280521,0.338158,0,24
1900-01-01 18:00:29.474,0.245571,0.281718,0.337864,0,24
1900-01-01 18:00:30.474,0.245476,0.28145,0.337956,0,24
1900-01-01 18:00:31.474,0.244647,0.280658,0.337754,0,24
1900-01-01 18:00:32.474,0.244395,0.280238,0.337781,0,24
